variant,entry_time,exit_time,entry_index,reason,net_pnl,net_pips,stopped,won,holding_seconds,atr_pips,atr_fast_slow_ratio,ema_slope_atr,distance_from_ema_atr,zscore20,completed_bar_body_fraction,current_quote_spread_pips,current_quote_hour_utc
rsi2_m5_usd100000,2017-01-05T07:15:00+00:00,2017-01-05T07:40:00+00:00,660,signal_exit,-0.07113999999982906,-0.9385224274383781,False,False,1500,7.550270108076774,1.207423483172644,2.256390598309979,7.78941754194299,-0.38179968386234125,-0.8064516129036995,0.40000000000040004,7.25
rsi2_m5_usd100000,2017-01-05T08:25:00+00:00,2017-01-05T09:05:00+00:00,674,signal_exit,-0.6331999999999691,-8.331578947368016,False,False,2400,10.069430017391449,1.4772706057062022,1.793349312147393,2.1326844092879274,-3.342904543792173,-0.9749103942652284,0.5000000000010552,8.416666666666666
rsi2_m5_usd100000,2017-01-05T09:25:00+00:00,2017-01-05T10:45:00+00:00,686,holding_bars,-1.470869999999877,-19.32812089355949,False,False,4800,8.742006835034008,1.25792234450407,0.8593692247111507,-0.3115794825165084,-1.151962734979955,-0.39772727272735875,0.40000000000040004,9.416666666666666
rsi2_m5_usd100000,2017-01-05T13:00:00+00:00,2017-01-05T13:15:00+00:00,729,target,0.6801877343234066,8.93807798059667,False,True,900,6.08309943707843,0.9056735878242339,-0.313117901249624,-0.9050597293536111,-0.007639733742614378,-0.4794520547946872,0.20000000000131024,13.0
rsi2_m5_usd100000,2017-01-06T07:45:00+00:00,2017-01-06T08:05:00+00:00,951,target,0.48755606064367485,6.44915424131845,False,True,1200,4.847328443409487,0.9743960813154218,0.21465836021300774,0.4458315776144154,-0.6719900129658839,-0.7761194029849905,0.1999999999990898,7.75
rsi2_m5_usd100000,2017-01-06T08:45:00+00:00,2017-01-06T09:00:00+00:00,963,signal_exit,0.4191000000002001,5.550993377486094,False,True,900,5.2639542951030505,1.0391617158138946,0.33517066130208495,1.022600514038539,-0.3840625697932717,-0.903846153846392,0.40000000000040004,8.75
rsi2_m5_usd100000,2017-01-06T10:05:00+00:00,2017-01-06T10:50:00+00:00,979,signal_exit,0.0035800000001617316,0.04748010610294074,False,True,2700,5.56785460168749,1.077568385696695,0.6845784582833118,2.9951790278597756,0.4090831502873606,-0.6037735849055181,0.2999999999997449,10.083333333333334
rsi2_m5_usd100000,2017-01-06T11:50:00+00:00,2017-01-06T13:00:00+00:00,1000,signal_exit,-0.7284999999999417,-9.649006622515785,False,False,4200,5.0577445654745405,0.9819463961795446,0.5891622493902604,0.3682391315571888,-1.9857849102864946,-0.8157894736841952,0.20000000000131024,11.833333333333334
rsi2_m5_usd100000,2017-01-06T13:50:00+00:00,2017-01-06T14:45:00+00:00,1024,signal_exit,0.37608000000023956,4.961477572562527,False,True,3300,13.75553573394016,2.0823093904088186,-0.18860906555693796,-4.746869666672149,-2.8617963444348136,-0.5880000000000455,0.700000000000145,13.833333333333334
rsi2_m5_usd100000,2017-01-09T07:45:00+00:00,2017-01-09T08:00:00+00:00,1234,target,0.4801447261220724,6.326017471964063,False,True,900,4.830531792634484,1.1399931176215876,-0.6164566167287,-2.178365150094069,-0.11884224655578406,-0.7594936708859266,0.2999999999997449,7.75
rsi2_m5_usd100000,2017-01-09T09:10:00+00:00,2017-01-09T10:00:00+00:00,1251,stop,-2.0013894871071085,-26.36876794607521,True,False,3000,5.758430458192474,1.2758295460876916,0.09578782315844524,-0.40298901607511245,-0.6292417501246073,-0.9042553191490116,0.2999999999997449,9.166666666666666
rsi2_m5_usd100000,2017-01-09T10:10:00+00:00,2017-01-09T10:45:00+00:00,1263,signal_exit,-0.5951999999998889,-7.8315789473669595,False,False,2100,7.11186384408594,1.4457265956692573,-0.012875852561695312,-3.8065704571675303,-1.9068557158142212,-0.320754716981053,0.4999999999988347,10.166666666666666
rsi2_m5_usd100000,2017-01-09T12:55:00+00:00,2017-01-09T13:30:00+00:00,1296,signal_exit,-0.025199999999867384,-0.3315789473666761,False,False,2100,5.601131549450558,1.072678010948759,-0.5518661866206999,-2.095756703047153,-0.3134790238728867,-0.19354838709730562,0.2999999999997449,12.916666666666666
rsi2_m5_usd100000,2017-01-10T07:00:00+00:00,2017-01-10T07:40:00+00:00,1513,signal_exit,-0.0036999999998875155,-0.049006622515066434,False,False,2400,5.077019330478956,0.9965239938395783,1.1928497492038452,2.1151769590130294,-2.5038572460120934,-0.17142857142839016,0.2999999999997449,7.0
rsi2_m5_usd100000,2017-01-10T08:45:00+00:00,2017-01-10T09:50:00+00:00,1534,signal_exit,-0.011499999999769639,-0.15251989389614903,False,False,3900,7.643146903109535,1.3408725700954773,0.5776883413955967,1.701547526661467,-0.33815277438424163,-0.9700000000000222,0.09999999999843467,8.75
rsi2_m5_usd100000,2017-01-10T10:15:00+00:00,2017-01-10T10:55:00+00:00,1552,signal_exit,-0.11694999999979122,-1.549006622513791,False,False,2400,6.349984170926531,1.0965606424114323,0.5123338315946433,0.20228297106247548,-1.8532994573847856,-0.9400000000000444,0.09999999999843467,10.25
rsi2_m5_usd100000,2017-01-10T11:25:00+00:00,2017-01-10T12:25:00+00:00,1566,signal_exit,-0.26794999999994223,-3.549006622515791,False,False,3600,5.192089080517472,0.9202355006295787,0.0921728778607928,-0.9514567230874511,-1.233531666621846,-0.6842105263156459,0.2999999999997449,11.416666666666666
rsi2_m5_usd100000,2017-01-10T12:35:00+00:00,2017-01-10T13:35:00+00:00,1580,signal_exit,-0.6309199999998014,-8.34550264550002,False,False,3600,5.517986186016653,0.9790429097860984,-0.214964033962315,-2.1073785818523443,-1.5591049084914157,-0.6913580246915205,0.2999999999997449,12.583333333333334
rsi2_m5_usd100000,2017-01-10T15:20:00+00:00,2017-01-10T15:50:00+00:00,1613,signal_exit,-0.3736499999997964,-4.949006622513859,False,False,1800,6.870661973331031,1.154797310694149,-0.17731111707593605,0.32139349059337546,0.3825867177911823,-0.7374999999999896,0.1999999999990898,15.333333333333334
rsi2_m5_usd100000,2017-01-11T07:50:00+00:00,2017-01-11T08:30:00+00:00,1809,signal_exit,-0.0031799999997191297,-0.04200792602006776,False,False,2400,4.53459794807496,1.0749196168841173,-0.16983964204096344,-1.2473407272808374,-0.989151694980226,-0.8461538461535308,0.3999999999981796,7.833333333333333
rsi2_m5_usd100000,2017-01-11T09:15:00+00:00,2017-01-11T10:25:00+00:00,1826,stop,-1.7609108714982304,-23.231014135860562,True,False,4200,4.948122927105156,1.134145841968539,-0.16765328301515814,-3.084525044569039,-2.5911451516770407,-0.8888888888887975,0.40000000000040004,9.25
rsi2_m5_usd100000,2017-01-11T10:30:00+00:00,2017-01-11T11:50:00+00:00,1841,holding_bars,-0.29119999999992247,-3.8315789473674005,False,False,4800,5.257408717910947,1.164169281232363,-0.8239905398059747,-7.693885126538198,-1.7581229458213172,-0.8271604938271199,0.2999999999997449,10.5
rsi2_m5_usd100000,2017-01-11T12:05:00+00:00,2017-01-11T12:35:00+00:00,1860,target,0.5953656756618404,7.8234648575800305,False,True,1800,5.675792875570097,1.2046683724056657,-1.6020590688989849,-9.21730663319436,-3.5791349586566934,-0.8789808917199308,0.5000000000010552,12.083333333333334
rsi2_m5_usd100000,2017-01-11T13:00:00+00:00,2017-01-11T13:20:00+00:00,1871,signal_exit,0.3859700000001214,5.07187910644049,False,True,1200,5.863379393269857,1.2117094006343292,-1.7296614559997376,-8.87170715531288,-1.6773573218875908,-0.9586776859505073,0.40000000000040004,13.0
rsi2_m5_usd100000,2017-01-11T14:20:00+00:00,2017-01-11T14:50:00+00:00,1887,stop,-2.0848931985542847,-27.396756879819772,True,False,1800,6.092158996565175,1.2022198170337333,-1.6370533954586983,-6.14680276793559,-0.10046781822881973,-0.5454545454548513,0.0,14.333333333333334
rsi2_m5_usd100000,2017-01-11T14:55:00+00:00,2017-01-11T15:45:00+00:00,1894,signal_exit,-1.1613799999998604,-15.221231979028314,False,False,3000,7.0722377605688065,1.3303330838194758,-1.7079602482246958,-10.173034850554359,-2.2089925821162724,-0.7228915662648862,0.40000000000040004,14.916666666666666
rsi2_m5_usd100000,2017-01-12T09:05:00+00:00,2017-01-12T09:35:00+00:00,2111,signal_exit,0.17600000000012558,2.3404255319165634,False,True,1800,8.957005406442876,1.2423400857084161,1.7033413387493517,5.426930929821754,-0.9488242800590703,-0.8196721311474515,0.700000000000145,9.083333333333334
rsi2_m5_usd100000,2017-01-12T10:15:00+00:00,2017-01-12T10:50:00+00:00,2125,signal_exit,-0.09471999999981123,-1.259574468082596,False,False,2100,7.760494264661943,1.0780140096678401,1.484761369631328,3.9078842466714363,-1.3276734793649994,-0.3666666666663829,0.09999999999843467,10.25
rsi2_m5_usd100000,2017-01-12T13:25:00+00:00,2017-01-12T14:35:00+00:00,2163,stop,-2.5880615292031472,-34.55355846733173,True,False,4200,7.795832874510224,1.0848215968808363,1.829957052595474,6.7699402467311405,-0.26959867456220743,-0.5436893203884164,0.2999999999997449,13.416666666666666
rsi2_m5_usd100000,2017-01-12T15:35:00+00:00,2017-01-12T16:05:00+00:00,2189,signal_exit,-0.22999999999986348,-3.066666666664846,False,False,1800,9.244020911327638,1.2060722085628188,0.9634709663232333,3.984037918781127,0.3025629734157623,-0.44705882352945786,0.20000000000131024,15.583333333333334
rsi2_m5_usd100000,2017-01-13T12:05:00+00:00,2017-01-13T12:45:00+00:00,2434,target,0.4787059035718828,6.3742463857774005,False,True,2400,4.718681115657218,0.9608598883530735,1.0265180488441477,2.685879996700884,-1.3597322893691923,-0.6341463414632033,0.0,12.083333333333334
rsi2_m5_usd100000,2017-01-13T13:35:00+00:00,2017-01-13T13:35:00+00:00,2452,target,1.1555758741400513,15.346293149270268,False,True,0,9.301167822974667,1.6681979949451469,0.7829846790865688,-1.9961849250431951,-3.1194747512367966,-0.6606498194945722,0.20000000000131024,13.583333333333334
rsi2_m5_usd100000,2017-01-13T14:20:00+00:00,2017-01-13T15:15:00+00:00,2461,signal_exit,-1.3355199999999252,-17.75957446808411,False,False,3300,11.465868077819401,1.8124803139799812,0.5885291319315152,-0.905204120505783,-1.9723690449078672,-0.7307692307693183,0.20000000000131024,14.333333333333334
rsi2_m5_usd100000,2017-01-16T07:00:00+00:00,2017-01-16T07:55:00+00:00,2661,signal_exit,-0.4334299999998572,-5.756042496678051,False,False,3300,4.556138420022576,0.9352430160639529,-0.22281160296923413,-1.3943785740691486,-1.113756150000707,-0.6326530612244251,0.1999999999990898,7.0
rsi2_m5_usd100000,2017-01-16T08:10:00+00:00,2017-01-16T08:35:00+00:00,2675,signal_exit,0.026200000000142498,0.34748010610268565,False,True,1500,6.664862010566156,1.2810225790852907,-0.4183271123166766,-5.008027607716633,-2.1420992233269525,-0.6222222222222288,0.0,8.166666666666666
rsi2_m5_usd100000,2017-01-16T09:00:00+00:00,2017-01-16T09:40:00+00:00,2685,signal_exit,0.5172500000001725,6.850993377485729,False,True,2400,8.004049244472451,1.4352349048009936,-0.8391099611676184,-6.672851012068862,-2.2558840167252177,-0.7187499999999133,0.5999999999994898,9.0
rsi2_m5_usd100000,2017-01-16T10:05:00+00:00,2017-01-16T11:15:00+00:00,2698,signal_exit,0.40400000000010117,5.350993377484784,False,True,4200,7.151579472294851,1.2491340240208793,-1.1619517439642046,-5.251321913446398,-0.8996931273165825,-0.4868421052632156,0.20000000000131024,10.083333333333334
rsi2_m5_usd100000,2017-01-16T12:20:00+00:00,2017-01-16T13:05:00+00:00,2725,signal_exit,-0.1093999999999094,-1.4490066225153564,False,False,2700,5.153644282058425,0.9242343968379886,-0.930589380956344,-3.259201100718777,0.3289694042661121,-0.8148148148152412,0.20000000000131024,12.333333333333334
rsi2_m5_usd100000,2017-01-16T15:10:00+00:00,2017-01-16T15:25:00+00:00,2759,target,0.43812113739812486,5.8106251644313645,False,True,900,4.531572529163912,0.8704619935531922,-0.4000342181622439,-1.787921184617962,-0.32147971367837247,-0.7857142857144274,0.1999999999990898,15.166666666666666
rsi2_m5_usd100000,2017-01-16T15:50:00+00:00,2017-01-16T16:30:00+00:00,2767,signal_exit,-0.2904799999999231,-3.852519893898184,False,False,2400,4.495282947794267,0.874874080908888,-0.26150358459477274,-1.0345436482997334,-0.5316418262078941,-0.3050847457625205,0.10000000000065512,15.833333333333334
rsi2_m5_usd100000,2017-01-17T10:20:00+00:00,2017-01-17T10:45:00+00:00,2986,signal_exit,0.17500000000012525,2.3333333333350033,False,True,1500,6.921845719475207,1.3183214361318707,1.7436779964498947,5.061774686721933,-1.0932986034897232,-0.6075949367088537,0.2999999999997449,10.333333333333334
rsi2_m5_usd100000,2017-01-17T13:00:00+00:00,2017-01-17T14:00:00+00:00,3018,signal_exit,0.3759600000002854,5.0262032085599655,False,True,3600,11.204636747562738,1.662525152892217,2.0222146355267703,5.083542795146556,-2.4749476780326245,-0.6486486486485297,0.09999999999843467,13.0
rsi2_m5_usd100000,2017-01-17T15:20:00+00:00,2017-01-17T15:50:00+00:00,3046,signal_exit,0.08386000000003507,1.1226238286483945,False,True,1800,10.206409417568068,1.3379893325814791,1.2642142969816779,5.008623185820673,-0.005182468363829892,-0.4020618556701621,0.20000000000131024,15.333333333333334
rsi2_m5_usd100000,2017-01-18T07:05:00+00:00,2017-01-18T07:20:00+00:00,3235,signal_exit,0.03936000000007328,0.5262032085571294,False,True,900,3.826943650615032,0.9009953065716382,-0.3418107402881759,-2.7572672286765867,-2.014016512722996,-0.1666666666658957,0.2999999999997449,7.083333333333333
rsi2_m5_usd100000,2017-01-18T08:45:00+00:00,2017-01-18T09:20:00+00:00,3255,signal_exit,-0.11771999999979316,-1.5737967914410849,False,False,2100,5.020690985646586,1.127052580636112,-0.2656597212094511,0.11612032412356105,0.6074635476912431,-0.7027027027025405,0.2999999999997449,8.75
rsi2_m5_usd100000,2017-01-18T10:25:00+00:00,2017-01-18T11:40:00+00:00,3275,signal_exit,-0.20747999999988292,-2.773796791442285,False,False,4500,4.95046269237539,1.0891292895322673,0.0030299764775568684,-1.0672182528700747,-1.5304659501795004,-0.5106382978724108,0.10000000000065512,10.416666666666666
rsi2_m5_usd100000,2017-01-18T12:10:00+00:00,2017-01-18T12:30:00+00:00,3296,signal_exit,0.0019600000001604445,0.02620320855829471,False,True,1200,4.13403420954519,0.9360622633513477,-0.2703056883374159,-1.5682845858409653,-0.9737761734469026,-0.6617647058821032,0.1999999999990898,12.166666666666666
rsi2_m5_usd100000,2017-01-18T12:45:00+00:00,2017-01-18T12:55:00+00:00,3303,stop,-1.4038394545693196,-18.767907146648657,True,False,600,3.8735275888016116,0.8912245399288797,-0.28139090936164557,-1.9234221266134692,-1.9636228280569255,-0.7358490566036787,0.1999999999990898,12.75
rsi2_m5_usd100000,2017-01-18T13:00:00+00:00,2017-01-18T13:35:00+00:00,3306,signal_exit,-0.13258999999989102,-1.7702269692909347,False,False,2100,4.459927154736577,1.0099391247763663,-0.3310998561774277,-5.143417388530725,-3.5839141616508594,-0.9057971014492975,0.0,13.0
rsi2_m5_usd100000,2017-01-19T07:35:00+00:00,2017-01-19T07:50:00+00:00,3529,signal_exit,0.2280700000001363,3.0368841544625336,False,True,900,3.92602896159493,0.9639882918813275,-0.5569880460729282,-2.654776737417186,-0.968506779155962,-0.10810810810822165,0.10000000000065512,7.583333333333333
rsi2_m5_usd100000,2017-01-19T10:20:00+00:00,2017-01-19T11:10:00+00:00,3562,signal_exit,-0.1474999999998226,-1.9666666666643013,False,False,3000,4.82372529421128,1.0933572587875109,0.5464922723330682,1.9599005031505279,-0.28365496901720216,-0.34285714285741475,0.0,10.333333333333334
rsi2_m5_usd100000,2017-01-19T11:35:00+00:00,2017-01-19T11:55:00+00:00,3577,signal_exit,0.06250000000005435,0.8333333333340579,False,True,1200,3.9210955122962172,0.9194141986272091,0.4930765340964592,1.1171718866913027,-1.0541111537804082,-0.5471698113206519,0.10000000000065512,11.583333333333334
rsi2_m5_usd100000,2017-01-19T13:35:00+00:00,2017-01-19T14:05:00+00:00,3601,stop,-2.546332111270531,-33.86079935200174,True,False,1800,7.400306220979869,1.548423433395672,0.548975018048906,-4.490075251275602,-3.847754845083779,-0.9258312020460058,1.1999999999989797,13.583333333333334
rsi2_m5_usd100000,2017-01-19T14:10:00+00:00,2017-01-19T14:30:00+00:00,3608,signal_exit,0.6897200000001364,9.147480106102606,False,True,1200,11.841734045880578,2.0452135931537216,-0.07195691227641195,-8.50881095419059,-1.8529969173922802,-0.6046511627906936,0.10000000000065512,14.166666666666666
rsi2_m5_usd100000,2017-01-19T14:55:00+00:00,2017-01-19T15:25:00+00:00,3617,signal_exit,0.538920000000153,7.147480106102826,False,True,1800,12.038061304419426,1.8869548948264474,-0.8170496814139149,-8.044473858201346,-1.1339287095640347,-0.6984126984127115,0.40000000000040004,14.916666666666666
rsi2_m5_usd100000,2017-01-20T07:40:00+00:00,2017-01-20T08:05:00+00:00,3816,signal_exit,0.08462000000020148,1.1297730307103,False,True,1500,4.746879642622596,0.9956778878346817,0.849076324310816,1.9632868336983438,-1.7197190525768218,-0.9545454545455004,0.40000000000040004,7.666666666666667
rsi2_m5_usd100000,2017-01-20T09:30:00+00:00,2017-01-20T10:15:00+00:00,3838,stop,-1.7835048929240815,-23.780065238987753,True,False,2700,5.103349643080567,1.0502888228289509,0.15243591033731202,-1.6316832314667318,-1.676850758334215,-0.5000000000001983,0.2999999999997449,9.5
rsi2_m5_usd100000,2017-01-20T10:20:00+00:00,2017-01-20T11:40:00+00:00,3848,holding_bars,-0.4406399999997397,-5.859574468081645,False,False,4800,5.515684853467953,1.1086733566126854,-0.4210157860398134,-5.762355351478623,-2.079383347928033,-0.8051948051946666,0.09999999999843467,10.333333333333334
rsi2_m5_usd100000,2017-01-20T12:50:00+00:00,2017-01-20T13:20:00+00:00,3878,signal_exit,-0.41027999999987674,-5.463115845537639,False,False,1800,4.508008372676496,0.9236975505667753,-1.094209878172366,-4.020942275711318,-0.05180619290608131,-0.8108108108107621,0.1999999999990898,12.833333333333334
rsi2_m5_usd100000,2017-01-20T15:40:00+00:00,2017-01-20T16:00:00+00:00,3912,signal_exit,0.44414000000006215,5.929773030708439,False,True,1200,6.565634378687274,1.237378853685507,0.28601663779103054,2.4002215243300853,0.6415970241946687,-0.5148514851486128,0.20000000000131024,15.666666666666666
rsi2_m5_usd100000,2017-01-23T07:00:00+00:00,2017-01-23T07:10:00+00:00,4096,signal_exit,0.10504000000018116,1.411827956991682,False,True,600,3.78965873615142,0.81797831044742,1.7469746548379568,5.940285927572076,-0.6437144222836979,-0.3750000000002602,0.40000000000040004,7.0
rsi2_m5_usd100000,2017-01-23T08:30:00+00:00,2017-01-23T09:25:00+00:00,4114,signal_exit,-0.43839999999990753,-5.88456375838802,False,False,3300,5.4285380669317975,1.118465760048746,1.4185023872750706,3.1686530502358954,-2.414760055157171,-0.5818181818181378,0.1999999999990898,8.5
rsi2_m5_usd100000,2017-01-23T11:00:00+00:00,2017-01-23T11:50:00+00:00,4144,signal_exit,-0.7728799999999534,-10.388172043010124,False,False,3000,4.4182449927374305,0.9330362458272409,0.5979854489604415,3.11183526213985,0.5891366767970799,-0.45454545454556466,0.20000000000131024,11.0
rsi2_m5_usd100000,2017-01-23T13:05:00+00:00,2017-01-23T13:25:00+00:00,4169,signal_exit,-0.0807999999998808,-1.0845637583876617,False,False,1200,5.601402848906662,1.1571195057137362,0.39991226577452094,-0.2483355551240562,-1.8089604591012711,-0.7499999999999604,0.0,13.083333333333334
rsi2_m5_usd100000,2017-01-23T14:15:00+00:00,2017-01-23T15:00:00+00:00,4183,signal_exit,0.3595000000001869,4.819034852549422,False,True,2700,6.577339857145486,1.2747603906043792,0.21696010144411237,-1.4624136387435311,-1.3576272028101912,-0.3749999999999615,0.2999999999997449,14.25
rsi2_m5_usd100000,2017-01-24T08:00:00+00:00,2017-01-24T08:05:00+00:00,4396,target,0.461903171502587,6.2083759610562765,False,True,300,4.748274002032892,1.0765841254847783,-0.21808407994476103,-2.39405347778101,-1.6166341980253647,-0.31428571428565993,0.20000000000131024,8.0
rsi2_m5_usd100000,2017-01-24T09:25:00+00:00,2017-01-24T09:55:00+00:00,4413,signal_exit,0.05296000000000517,0.7118279569893168,False,True,1800,5.061063837020657,1.114661596267605,-0.15519473773793266,-2.0737620467595774,-1.8960287549637094,-0.4615384615385053,0.10000000000065512,9.416666666666666
rsi2_m5_usd100000,2017-01-24T10:55:00+00:00,2017-01-24T11:15:00+00:00,4431,signal_exit,-0.043549999999967615,-0.584563758388827,False,False,1200,4.219425792502574,0.9492516859070431,-0.4399771014049994,-3.413795233251909,-2.7091756682148143,-0.6964285714285077,0.10000000000065512,10.916666666666666
rsi2_m5_usd100000,2017-01-24T15:25:00+00:00,2017-01-24T15:45:00+00:00,4485,signal_exit,0.37288000000011867,5.011827956990842,False,True,1200,6.86064713487092,1.3947992683407069,0.4227190847696884,0.6713073717583327,-0.6702310337213512,-0.7727272727271657,0.1999999999990898,15.416666666666666
rsi2_m5_usd100000,2017-01-25T08:00:00+00:00,2017-01-25T08:05:00+00:00,4683,target,0.3645446755442372,4.886657849118461,False,True,300,4.133811498286012,1.1525433072971987,-0.8159556188275072,-5.188700879654112,-1.8964448617594423,-0.9322033898306264,0.30000000000196536,8.0
rsi2_m5_usd100000,2017-01-25T10:15:00+00:00,2017-01-25T10:30:00+00:00,4710,signal_exit,0.2910400000000781,3.911827956990297,False,True,900,5.288110735734049,1.2909453372092794,0.3404714797353426,2.407707953588397,0.35395817218869413,-0.9791666666665317,0.10000000000065512,10.25
rsi2_m5_usd100000,2017-01-25T11:35:00+00:00,2017-01-25T12:00:00+00:00,4726,signal_exit,-0.1331299999998919,-1.7917900403753955,False,False,1500,3.7242386378406427,0.9397987332977933,0.9975682623108677,3.8331587143051875,0.18079996264798714,-0.3749999999993061,0.09999999999843467,11.583333333333334
rsi2_m5_usd100000,2017-01-25T12:50:00+00:00,2017-01-25T13:50:00+00:00,4741,signal_exit,-1.2476299999997693,-16.791790040373744,False,False,3600,5.282303432349904,1.2591397499921317,1.0155664032631622,3.9214793513625086,0.16056859153931954,-0.3857142857141951,0.1999999999990898,12.833333333333334
rsi2_m5_usd100000,2017-01-25T14:10:00+00:00,2017-01-25T14:45:00+00:00,4757,signal_exit,-0.2819499999998752,-3.7845637583875864,False,False,2100,5.342063414122661,1.224381375986929,0.4752266203908095,-1.3213796025202154,-1.5188486905123235,-0.677419354838779,0.10000000000065512,14.166666666666666
rsi2_m5_usd100000,2017-01-26T07:45:00+00:00,2017-01-26T08:20:00+00:00,4966,signal_exit,-0.1031499999998618,-1.3845637583874064,False,False,2100,4.5515232884713255,1.2079717254083036,-0.27752647609569353,-3.965403210235332,-2.158961034575032,-0.6612903225806105,0.20000000000131024,7.75
rsi2_m5_usd100000,2017-01-26T09:35:00+00:00,2017-01-26T10:15:00+00:00,4988,signal_exit,-0.44584999999995634,-5.984563758388675,False,False,2400,4.72107623477713,1.1958500811956356,-0.668388120437558,-4.4740881011553775,-1.8325470142526423,-0.9036144578312157,0.1999999999990898,9.583333333333334
rsi2_m5_usd100000,2017-01-26T10:30:00+00:00,2017-01-26T10:50:00+00:00,4999,signal_exit,-0.13285999999989145,-1.7809651474516281,False,False,1200,5.129240270408423,1.2428324140511386,-0.8354151842124191,-6.345789825335006,-1.536681919524856,-0.35416666666681124,0.1999999999990898,10.5
rsi2_m5_usd100000,2017-01-26T12:35:00+00:00,2017-01-26T13:00:00+00:00,5024,stop,-1.5857990294478086,-21.28589301272226,True,False,1500,4.500332313583665,1.0843334492609458,-0.9219492160659783,-3.610694881708437,-0.8482081199095741,-0.8095238095240864,0.1999999999990898,12.583333333333334
rsi2_m5_usd100000,2017-01-26T13:05:00+00:00,2017-01-26T14:10:00+00:00,5030,signal_exit,-0.15517999999987225,-2.0773761713503647,False,False,3900,6.0412817090188,1.3685982381906423,-0.7923662033828338,-7.985304561319246,-3.3732044649983464,-0.6880733944954166,0.2999999999997449,13.083333333333334
rsi2_m5_usd100000,2017-01-26T14:30:00+00:00,2017-01-26T14:45:00+00:00,5047,signal_exit,0.06180000000022029,0.8262032085590947,False,True,900,7.556278066006863,1.493526211175554,-1.538744681268249,-9.576538179273422,-1.8136322042598507,-0.49056603773578583,0.1999999999990898,14.5
rsi2_m5_usd100000,2017-01-26T15:30:00+00:00,2017-01-26T16:50:00+00:00,5059,holding_bars,-1.7633199999997782,-23.57379679144088,False,False,4800,7.220132784537516,1.355833197649295,-1.8504793145289018,-8.32965890010872,-0.9035212348464715,-0.23999999999982236,0.09999999999843467,15.5
rsi2_m5_usd100000,2017-01-27T08:40:00+00:00,2017-01-27T08:50:00+00:00,5265,signal_exit,0.1894800000000569,2.5297730307083697,False,True,600,4.638229673320526,1.104795794712759,-0.8317705475396677,-2.1107118497591544,0.5979904174866782,-0.46511627906979147,0.20000000000131024,8.666666666666666
rsi2_m5_usd100000,2017-01-27T10:10:00+00:00,2017-01-27T10:50:00+00:00,5283,signal_exit,-0.8357999999998469,-11.173796791441802,False,False,2400,4.562987697114347,1.0680985224670345,0.19033459167284197,1.5635911803598477,0.33710836984854015,-0.18604651162812313,0.1999999999990898,10.166666666666666
rsi2_m5_usd100000,2017-01-27T12:10:00+00:00,2017-01-27T12:50:00+00:00,5307,stop,-1.3309563335092953,-17.793533870445124,True,False,2400,3.6299342697501853,0.8775573317645041,0.18689804779223562,1.7422557382467494,0.5828767585772108,-0.5151515151516171,0.20000000000131024,12.166666666666666
rsi2_m5_usd100000,2017-01-27T12:55:00+00:00,2017-01-27T13:10:00+00:00,5316,target,0.36047361021087077,4.812731778516298,False,True,900,4.091479373903714,0.9811838471950479,0.24135108781705378,-2.3096756421834765,-2.504359862668681,-0.7878787878790428,0.2999999999997449,12.916666666666666
rsi2_m5_usd100000,2017-01-27T15:45:00+00:00,2017-01-27T17:05:00+00:00,5350,holding_bars,-1.4997799999997243,-20.077376171348384,False,False,4800,7.035499418333935,1.3104838364206322,0.9147127112717728,3.0141897728201936,-0.7818574597761194,-0.5624999999999422,0.2999999999997449,15.75
rsi2_m5_usd100000,2017-01-30T07:45:00+00:00,2017-01-30T08:25:00+00:00,5542,signal_exit,-0.6631399999998826,-8.877376171350502,False,False,2400,3.4659686350762224,0.9815893659470402,0.36117398483172436,-2.518789539352375,-2.6821038613881476,-0.6666666666667352,0.2999999999997449,7.75
rsi2_m5_usd100000,2017-01-30T09:05:00+00:00,2017-01-30T09:45:00+00:00,5558,signal_exit,-0.020479999999820475,-0.2737967914414502,False,False,2400,4.330638665622506,1.1646102558825717,-0.6843448234662793,-5.926690774277416,-1.7274510332769035,-0.7804878048779761,0.2999999999997449,9.083333333333334
rsi2_m5_usd100000,2017-01-30T11:30:00+00:00,2017-01-30T11:45:00+00:00,5587,stop,-1.4724911254652486,-19.685710233492628,True,False,900,4.127978360512271,1.0875962692278858,-1.0102264947485857,-6.3786714926914865,-3.3772954533308783,-0.929292929292918,0.10000000000065512,11.5
rsi2_m5_usd100000,2017-01-30T11:50:00+00:00,2017-01-30T12:05:00+00:00,5591,stop,-1.6596397977505595,-22.158074736322554,True,False,900,4.721961941758282,1.2094128920640217,-1.1278203628652692,-8.740461077665577,-2.178864102058581,-0.155844155844036,0.1999999999990898,11.833333333333334
rsi2_m5_usd100000,2017-01-30T12:10:00+00:00,2017-01-30T12:45:00+00:00,5595,signal_exit,-0.6130499999998711,-8.163115845537565,False,False,2100,6.7830657803664955,1.5922357051447837,-1.3283153823489249,-13.97356527077492,-2.529376657046019,-0.8711111111111598,0.40000000000040004,12.166666666666666
rsi2_m5_usd100000,2017-01-30T13:00:00+00:00,2017-01-30T13:30:00+00:00,5605,signal_exit,0.16096000000019403,2.1404255319174736,False,True,1800,7.040034691277361,1.5376455414533463,-2.322233798878046,-14.960087178476755,-1.254088268948026,-0.609195402298654,0.2999999999997449,13.0
rsi2_m5_usd100000,2017-01-30T14:30:00+00:00,2017-01-30T14:40:00+00:00,5623,target,0.7018419459372669,9.345432036448294,False,True,600,6.304273940992865,1.2842637690436534,-2.745993919316663,-9.48364354777906,0.4758801719195229,-0.6458333333333526,0.1999999999990898,14.5
rsi2_m5_usd100000,2017-01-31T07:00:00+00:00,2017-01-31T07:20:00+00:00,5820,signal_exit,-0.14770999999998918,-1.97737617135193,False,False,1200,3.1607994656297445,0.8346504379159183,0.24870341483284306,-0.8057516072432532,-2.7553381105054586,-0.6097560975611473,0.20000000000131024,7.0
rsi2_m5_usd100000,2017-01-31T08:50:00+00:00,2017-01-31T09:45:00+00:00,5842,signal_exit,-0.6177599999999208,-8.28096514745202,False,False,3300,6.312014942351329,1.4346655097120538,0.28545161368550415,2.5584439988337904,0.49957603928959643,-0.7954545454547175,0.20000000000131024,8.833333333333334
rsi2_m5_usd100000,2017-01-31T10:50:00+00:00,2017-01-31T11:35:00+00:00,5866,signal_exit,-0.03565999999991859,-0.4773761713509851,False,False,2700,6.628901821251272,1.3422096206394007,0.3038621946263223,1.1451216720124429,0.04513176397944702,-0.8703703703703399,0.20000000000131024,10.833333333333334
rsi2_m5_usd100000,2017-01-31T13:00:00+00:00,2017-01-31T13:55:00+00:00,5892,signal_exit,0.2910400000002433,3.9118279569925174,False,True,3300,8.388020790449772,1.444564561617247,1.4788859925629663,7.0593705976670185,0.2073297623331339,-0.8932038834948861,0.09999999999843467,13.0
rsi2_m5_usd100000,2017-02-01T09:15:00+00:00,2017-02-01T10:35:00+00:00,6135,holding_bars,-0.6149599999999213,-8.299055330633216,False,False,4800,4.634505166311506,1.148652966083851,0.3684075754667665,1.9393891456649015,0.3085798672456252,-0.43396226415133865,0.10000000000065512,9.25
rsi2_m5_usd100000,2017-02-01T11:50:00+00:00,2017-02-01T11:55:00+00:00,6166,target,0.38069994793309214,5.144593890987731,False,True,300,4.173648296843068,1.0159060817300314,0.39048567593074424,2.07782404828952,0.3920441117034774,-0.34782608695564027,0.09999999999843467,11.833333333333334
rsi2_m5_usd100000,2017-02-01T12:50:00+00:00,2017-02-01T13:15:00+00:00,6178,stop,-1.6234097650442303,-21.937969797895004,True,False,1500,4.683816773798337,1.107459216720965,0.6989946081815641,1.9579340734245434,-0.8536076055818641,-0.4285714285717307,0.10000000000065512,12.833333333333334
rsi2_m5_usd100000,2017-02-01T13:20:00+00:00,2017-02-01T14:40:00+00:00,6184,holding_bars,-1.7136799999998664,-23.09541778975561,False,False,4800,6.271596956057098,1.3935056335012366,0.5182106963419841,-2.5928256684699815,-3.0562630178370847,-0.6874999999999933,0.2999999999997449,13.333333333333334
rsi2_m5_usd100000,2017-02-01T15:05:00+00:00,2017-02-01T15:45:00+00:00,6205,signal_exit,0.7151200000002131,9.611827956992112,False,True,2400,6.751219434753258,1.3709201164683325,-1.0589286179646902,-8.514211007001736,-2.4682305764165027,-0.8465116279069076,0.09999999999843467,15.083333333333334
rsi2_m5_usd100000,2017-02-02T07:10:00+00:00,2017-02-02T07:10:00+00:00,6397,target,0.2258477790496531,3.047878259779394,False,True,0,3.1734667952060445,0.7913253413767838,0.745553447300949,0.17708701157666648,-2.465149494355736,-0.5517241379311797,0.20000000000131024,7.166666666666667
rsi2_m5_usd100000,2017-02-02T10:50:00+00:00,2017-02-02T11:40:00+00:00,6441,signal_exit,-0.5473299999999781,-7.406359945872504,False,False,3000,4.92846879200351,1.0796701136612377,1.4072602762373576,4.811741833982207,-0.7708183597828926,-0.6538461538463509,0.0,10.833333333333334
rsi2_m5_usd100000,2017-02-02T12:10:00+00:00,2017-02-02T12:20:00+00:00,6457,target,0.6585053240119045,8.898720594755467,False,True,600,6.100711648728272,1.2609795694488537,0.9939032771044358,1.8826765527737632,-1.3842731456352353,-0.7499999999999339,0.1999999999990898,12.166666666666666
rsi2_m5_usd100000,2017-02-02T14:15:00+00:00,2017-02-02T14:25:00+00:00,6482,signal_exit,0.2958000000001262,3.9972972972990024,False,True,600,7.831576425027108,1.4186783112570618,0.7162956097057904,2.1138540070645324,-0.7367575797372231,-0.5245901639342233,0.0,14.25
rsi2_m5_usd100000,2017-02-02T15:10:00+00:00,2017-02-02T16:30:00+00:00,6493,holding_bars,-0.813369999999916,-11.006359945871665,False,False,4800,7.384174223549356,1.297504243524698,0.7694930615422066,2.013677623725393,-1.18514822368791,-0.9175257731958055,0.20000000000131024,15.166666666666666
rsi2_m5_usd100000,2017-02-03T08:30:00+00:00,2017-02-03T09:50:00+00:00,6701,holding_bars,-0.7423899999999237,-9.991790040375824,False,False,4800,3.9542722225269227,1.0211190111470339,-0.6275201215742953,-3.250541706096534,-1.675430249136258,-0.5121951219511667,0.0,8.5
rsi2_m5_usd100000,2017-02-03T11:00:00+00:00,2017-02-03T11:20:00+00:00,6731,signal_exit,-0.021439999999821435,-0.2881720430083526,False,False,1200,3.7646548211381665,0.9602446634273969,-1.1760400578760506,-5.61685930658131,-2.3631901585871127,-0.4929577464789834,0.1999999999990898,11.0
rsi2_m5_usd100000,2017-02-03T11:35:00+00:00,2017-02-03T12:30:00+00:00,6738,signal_exit,0.015760000000091867,0.2118279569904821,False,True,3300,3.36479531923456,0.876785701879307,-1.2449806778267656,-5.980755479664475,-2.132534599332309,-0.6153846153845497,0.10000000000065512,11.583333333333334
rsi2_m5_usd100000,2017-02-03T13:00:00+00:00,2017-02-03T13:15:00+00:00,6755,signal_exit,0.15712000000019197,2.1118279569918275,False,True,900,3.825670149501776,0.9874189241876136,-1.3672988572761318,-5.32299940412696,-0.05085640315961463,-0.6829268292683983,0.10000000000065512,13.0
rsi2_m5_usd100000,2017-02-03T13:30:00+00:00,2017-02-03T13:30:00+00:00,6761,stop,-1.668821383651376,-22.430394941550748,True,False,0,4.485555724635161,1.1294967784505854,-1.2816502634032945,-4.883281091731612,-0.31863772662019546,-0.2738095238094829,1.40000000000029,13.5
rsi2_m5_usd100000,2017-02-06T07:15:00+00:00,2017-02-06T07:50:00+00:00,6973,signal_exit,-0.5343499999998806,-7.191790040375245,False,False,2100,3.143859695734439,0.8855399181129369,-0.1622015136216203,-4.422811405930037,-2.4428817962238822,-0.46551724137927736,0.2999999999997449,7.25
rsi2_m5_usd100000,2017-02-06T08:30:00+00:00,2017-02-06T08:55:00+00:00,6988,signal_exit,0.12736000000016218,1.711827956991427,False,True,1500,4.530096072296028,1.2020589700661435,-0.9485657634815703,-6.838387875471971,-1.826035149447841,-0.6730769230767506,0.10000000000065512,8.5
rsi2_m5_usd100000,2017-02-06T09:15:00+00:00,2017-02-06T09:30:00+00:00,6997,signal_exit,0.1496800000001432,2.011827956991172,False,True,900,4.316746815096549,1.1403554025559741,-1.3063776034338286,-6.566404774349199,-1.8194258300467565,-0.5576923076927018,0.10000000000065512,9.25
rsi2_m5_usd100000,2017-02-06T10:20:00+00:00,2017-02-06T10:55:00+00:00,7010,signal_exit,-0.021439999999821435,-0.2881720430083526,False,False,2100,4.074789314362889,1.0717404898632161,-1.4762489162571824,-7.945431357909095,-2.355523579020418,-0.6071428571427439,0.20000000000131024,10.333333333333334
rsi2_m5_usd100000,2017-02-06T11:35:00+00:00,2017-02-06T12:10:00+00:00,7025,signal_exit,0.179440000000173,2.4118279569915724,False,True,2100,3.850705935335962,1.0171234957362825,-1.6268002432229454,-6.902820897420396,-0.9171930363890878,-0.21276595744679846,0.1999999999990898,11.583333333333334
rsi2_m5_usd100000,2017-02-06T12:30:00+00:00,2017-02-06T13:05:00+00:00,7036,stop,-1.4120389750901738,-18.97901848239481,True,False,2100,3.9727116098463338,1.0394242879342026,-1.5124319826348671,-6.345458131970905,-1.3416254383154318,-0.9016393442620146,0.0,12.5
rsi2_m5_usd100000,2017-02-06T13:10:00+00:00,2017-02-06T13:35:00+00:00,7044,signal_exit,0.1506200000001436,2.0190348525488417,False,True,1500,4.973572797198547,1.2493128827783249,-1.515405691221774,-10.266322726742265,-2.897532592688979,-0.48412698412696875,0.1999999999990898,13.166666666666666
rsi2_m5_usd100000,2017-02-06T14:10:00+00:00,2017-02-06T14:25:00+00:00,7056,signal_exit,0.29236000000007833,3.919034852547967,False,True,900,6.593331836111928,1.4907786852147873,-1.7815074068797667,-9.966554920335502,-1.5915736961935674,-0.5274725274725864,0.0,14.166666666666666
rsi2_m5_usd100000,2017-02-06T15:15:00+00:00,2017-02-06T15:30:00+00:00,7069,signal_exit,0.7847200000001566,10.519034852549016,False,True,900,6.97980607353225,1.4801359057340508,-1.7071743748144377,-7.180736084580813,-0.6785418246561867,-0.6610169491525679,0.10000000000065512,15.25
rsi2_m5_usd100000,2017-02-07T07:20:00+00:00,2017-02-07T07:45:00+00:00,7262,signal_exit,0.3535200000001384,4.726203208557999,False,True,1500,4.461256398094016,1.175332756428834,-1.816606312379794,-11.641797937118131,-2.168115635398758,-0.9936305732483662,0.2999999999997449,7.333333333333333
rsi2_m5_usd100000,2017-02-07T08:00:00+00:00,2017-02-07T08:15:00+00:00,7270,stop,-1.654825876204355,-22.123340590967313,True,False,900,4.687385949881386,1.2086334805548438,-2.1334788277665266,-10.871954082812493,-1.6375597064011884,-0.7534246575341924,0.2999999999997449,8.0
rsi2_m5_usd100000,2017-02-07T08:20:00+00:00,2017-02-07T08:30:00+00:00,7274,target,0.5622542355050713,7.5067321162225795,False,True,600,5.538479542757378,1.3678198919065858,-2.299756255903719,-14.607477723155744,-2.4150910590140753,-0.6197183098591593,0.5000000000010552,8.333333333333334
rsi2_m5_usd100000,2017-02-07T09:15:00+00:00,2017-02-07T10:10:00+00:00,7285,signal_exit,-0.3572899999998662,-4.770226969290603,False,False,3300,5.148914516621932,1.242473146144228,-2.6891631819775097,-12.56953376459322,-1.1306717265164654,-0.7906976744183405,0.1999999999990898,9.25
rsi2_m5_usd100000,2017-02-07T13:30:00+00:00,2017-02-07T13:40:00+00:00,7336,target,0.469928177013909,6.274074459464739,False,True,600,4.722150714377929,1.1040352018842252,-1.4622711150806544,-7.362794029678919,-2.3979519048160616,-0.4852941176469628,0.10000000000065512,13.5
rsi2_m5_usd100000,2017-02-07T15:05:00+00:00,2017-02-07T15:15:00+00:00,7355,target,0.44216338398986954,5.903382963816682,False,True,600,4.636804966554511,1.070164886197063,-1.253226462161714,-5.739949692213864,-1.5127509255157225,-0.6274509803923362,0.30000000000196536,15.083333333333334
rsi2_m5_usd100000,2017-02-08T07:50:00+00:00,2017-02-08T08:05:00+00:00,7554,stop,-1.3705549547326723,-18.274066063102296,True,False,900,3.701849849109411,1.0705676535685142,-0.9352920350641547,-6.627563486601482,-1.523185741392904,-0.13636363636352167,0.40000000000040004,7.833333333333333
rsi2_m5_usd100000,2017-02-08T08:10:00+00:00,2017-02-08T08:30:00+00:00,7558,signal_exit,0.01779000000009273,0.2368841544619538,False,True,1200,4.819669761047885,1.3237152792824438,-1.1145853221216324,-9.307937248944516,-2.2000893172229494,0.0,0.2999999999997449,8.166666666666666
rsi2_m5_usd100000,2017-02-08T09:15:00+00:00,2017-02-08T10:10:00+00:00,7571,signal_exit,-0.09499999999997827,-1.2666666666663768,False,False,3300,5.133732480430287,1.33045221998742,-1.5428200457314043,-6.92051262232958,-0.5631829624416506,-0.5624999999999422,0.2999999999997449,9.25
rsi2_m5_usd100000,2017-02-08T11:20:00+00:00,2017-02-08T11:40:00+00:00,7596,signal_exit,0.16048000000002702,2.136884154461079,False,True,1200,4.206677729641648,1.0687578218774427,-1.683994844034095,-7.311381905466648,-1.5943751018979775,-0.7872340425532015,0.20000000000131024,11.333333333333334
rsi2_m5_usd100000,2017-02-08T12:55:00+00:00,2017-02-08T12:55:00+00:00,7615,target,0.3002230875905123,4.002974501206831,False,True,0,3.634820583934855,0.9448556579250283,-1.2855073374920276,-4.551724330520286,0.14398964169990602,-0.19999999999985196,0.1999999999990898,12.916666666666666
rsi2_m5_usd100000,2017-02-08T15:20:00+00:00,2017-02-08T15:30:00+00:00,7644,signal_exit,0.12164000000011405,1.6262032085576745,False,True,600,5.840753495190066,1.3090837929769177,0.8235043426841419,4.649559664909034,0.4867609640397772,-0.0888888888890095,0.0,15.333333333333334
rsi2_m5_usd100000,2017-02-09T10:00:00+00:00,2017-02-09T11:15:00+00:00,7867,stop,-1.5928284471339405,-21.3230046470407,True,False,4500,4.5364071189229005,1.2034043159088228,0.8528102530744434,4.073253953056622,0.40088312168571694,-0.3799999999998668,0.09999999999843467,10.0
rsi2_m5_usd100000,2017-02-09T11:20:00+00:00,2017-02-09T11:55:00+00:00,7883,signal_exit,-0.22991999999986384,-3.07379679144203,False,False,2100,3.8061698500284322,1.0318050191272832,0.6392728986901576,-1.2191804065470457,-2.0503294319085996,-0.39999999999986335,0.1999999999990898,11.333333333333334
rsi2_m5_usd100000,2017-02-09T12:25:00+00:00,2017-02-09T12:35:00+00:00,7896,signal_exit,0.13660000000004596,1.826203208556764,False,True,600,3.9102599899124826,1.0482357641724738,-0.12845148505980195,-2.362917141414894,-1.0800777775623125,-0.7234042553192093,0.10000000000065512,12.416666666666666
rsi2_m5_usd100000,2017-02-09T13:35:00+00:00,2017-02-09T13:50:00+00:00,7910,signal_exit,0.05432000000017129,0.7262032085584396,False,True,900,4.9792545391856695,1.269049706960782,-0.23360532884625063,-1.502651343555791,-0.8432027290057311,-0.15957446808517925,0.0,13.583333333333334
rsi2_m5_usd100000,2017-02-09T15:00:00+00:00,2017-02-09T15:10:00+00:00,7927,target,0.7487649878987872,9.996862321746157,False,True,600,6.633544645518754,1.5268562010210391,-0.11042602854157327,-4.69098629478717,-3.1865951384789124,-0.8636363636363942,0.20000000000131024,15.0
rsi2_m5_usd100000,2017-02-10T08:00:00+00:00,2017-02-10T08:40:00+00:00,8129,signal_exit,0.02530000000014193,0.33688415446260894,False,True,2400,4.083554873137497,1.252051323967085,-0.576388760799361,-6.80081772472721,-3.29507543923408,-0.9249999999998844,0.1999999999990898,8.0
rsi2_m5_usd100000,2017-02-10T12:05:00+00:00,2017-02-10T12:45:00+00:00,8178,signal_exit,-0.3877499999998959,-5.163115845537894,False,False,2400,3.8449070209735345,1.1117751539271372,-0.8265187556433807,-5.020127351181339,-2.9293955258009357,-0.33823529411789677,0.20000000000131024,12.083333333333334
rsi2_m5_usd100000,2017-02-10T12:55:00+00:00,2017-02-10T13:55:00+00:00,8188,stop,-1.3411951137003628,-17.83504140558993,True,False,3600,3.6188667343767467,1.0463645727366646,-1.0530855778899626,-6.319224487755263,-1.434808786616374,-0.7749999999991812,0.2999999999997449,12.916666666666666
rsi2_m5_usd100000,2017-02-10T14:00:00+00:00,2017-02-10T14:40:00+00:00,8201,signal_exit,0.02590000000014231,0.343957503321943,False,True,2400,4.686714856917857,1.272264274060421,-1.5219185967405253,-8.206144948220613,-1.7734606811060025,-0.49275362318835914,0.40000000000040004,14.0
rsi2_m5_usd100000,2017-02-10T15:45:00+00:00,2017-02-10T16:20:00+00:00,8222,signal_exit,-0.09471999999981123,-1.259574468082596,False,False,2100,5.918863379493419,1.4066527953020331,-1.332420977229082,-4.4374819149854305,0.22862215009278097,-0.2162162162164433,0.40000000000040004,15.75
rsi2_m5_usd100000,2017-02-13T09:00:00+00:00,2017-02-13T10:00:00+00:00,8427,stop,-1.3834334238554624,-18.445778984739498,True,False,3600,3.7697780795184137,1.0923197540824106,1.0127189252426567,4.836168356831053,0.29695112244556876,-0.4827586206899192,0.30000000000196536,9.0
rsi2_m5_usd100000,2017-02-13T10:50:00+00:00,2017-02-13T11:00:00+00:00,8449,target,0.2715535452537414,3.615892746388035,False,True,600,3.4895042959627354,1.000121499830531,0.5608030398606251,0.9701641672109693,-1.0023336909860807,-0.2799999999999645,0.2999999999997449,10.833333333333334
rsi2_m5_usd100000,2017-02-13T12:35:00+00:00,2017-02-13T13:40:00+00:00,8470,stop,-1.3652247032824507,-18.178757700165786,True,False,3900,3.7289104636566734,1.0348163872781866,0.3986472186626341,0.5471795887754612,-1.4544898820119767,-0.5555555555554642,0.20000000000131024,12.583333333333334
rsi2_m5_usd100000,2017-02-13T14:15:00+00:00,2017-02-13T15:00:00+00:00,8490,stop,-1.5195643725426091,-20.18013774956984,True,False,2700,4.231023813222857,1.1355391692625523,-0.36582467193409884,-4.789339671006864,-1.94286538947635,-0.7288135593220786,0.20000000000131024,14.25
rsi2_m5_usd100000,2017-02-13T15:15:00+00:00,2017-02-13T15:50:00+00:00,8502,signal_exit,-0.14721999999982166,-1.9525198938968389,False,False,2100,4.565037851587809,1.1923637131018021,-1.0695952376481992,-8.326971764557769,-1.8502665558319837,-0.3968253968252346,0.2999999999997449,15.25
rsi2_m5_usd100000,2017-02-14T07:15:00+00:00,2017-02-14T07:45:00+00:00,8692,signal_exit,-0.019279999999819275,-0.2560424966775468,False,False,1800,3.095671728054772,1.0788746072852666,0.8417614317564448,1.025434367954402,-2.794549793865393,-0.7741935483870737,0.1999999999990898,7.25
rsi2_m5_usd100000,2017-02-14T09:25:00+00:00,2017-02-14T10:30:00+00:00,8718,signal_exit,-0.5007999999997998,-6.659574468082445,False,False,3900,4.393112078777175,1.3372604905991736,0.7684822492111689,2.694398335048536,-0.2549806177011389,-0.7894736842103418,0.2999999999997449,9.416666666666666
rsi2_m5_usd100000,2017-02-14T12:45:00+00:00,2017-02-14T14:05:00+00:00,8758,holding_bars,-1.0121599999998103,-13.459574468082584,False,False,4800,3.500955493426159,1.005323932831671,0.7504960594324048,2.1330434479339972,-0.9012535197297092,-0.7142857142857143,0.2999999999997449,12.75
rsi2_m5_usd100000,2017-02-14T14:10:00+00:00,2017-02-14T14:30:00+00:00,8775,signal_exit,0.09367000000008469,1.2439575033211776,False,True,1200,4.369399878540876,1.198241324694068,0.35273639071708635,-2.113899865412401,-2.2156097041056957,-0.6764705882351405,0.1999999999990898,14.166666666666666
rsi2_m5_usd100000,2017-02-14T15:05:00+00:00,2017-02-14T15:45:00+00:00,8786,stop,-2.2968017235099483,-30.461561319760584,True,False,2400,6.75226035646582,1.646408497207922,-0.16209036949082412,-5.705508855993687,-3.367208697788744,-0.6391752577319076,0.40000000000040004,15.083333333333334
rsi2_m5_usd100000,2017-02-14T15:50:00+00:00,2017-02-14T16:10:00+00:00,8795,signal_exit,0.7992400000001589,10.557992073978319,False,True,1200,8.407515078635363,1.7926158324323345,-0.8735397104002709,-10.544089631527266,-1.9376814631449741,-0.880597014925576,0.20000000000131024,15.833333333333334
rsi2_m5_usd100000,2017-02-15T08:10:00+00:00,2017-02-15T08:40:00+00:00,8989,stop,-1.2935074952785275,-17.109887503684227,True,False,1800,3.491096214545848,1.120079026232408,-0.4003695409942587,-4.5305556656182295,-2.1202696471080773,-0.73333333333359,0.10000000000065512,8.166666666666666
rsi2_m5_usd100000,2017-02-15T08:45:00+00:00,2017-02-15T09:00:00+00:00,8996,signal_exit,0.36018000000014005,4.7579920739780714,False,True,900,4.4634522145006095,1.3505651248812254,-0.7477032614455117,-7.661413553935081,-2.324557377387064,-0.4565217391304033,0.10000000000065512,8.75
rsi2_m5_usd100000,2017-02-15T10:30:00+00:00,2017-02-15T11:00:00+00:00,9017,signal_exit,0.23206000000013757,3.0614775725611816,False,True,1800,4.370828628998115,1.2312758082262913,-1.6002801429114704,-8.003099645479535,-1.8769451161141686,-0.37931034482790305,0.1999999999990898,10.5
rsi2_m5_usd100000,2017-02-15T13:00:00+00:00,2017-02-15T13:30:00+00:00,9047,stop,-1.3846824989798208,-18.29171068665549,True,False,1800,3.762425690158682,1.0486196699916963,-1.0701382663362313,-4.507256398545303,-1.029027328480659,-0.7671232876711954,0.1999999999990898,13.0
rsi2_m5_usd100000,2017-02-15T13:35:00+00:00,2017-02-15T13:50:00+00:00,9054,target,0.6333683177467666,8.344773619851997,False,True,900,5.789909866578113,1.4854832427489728,-0.9860453336957077,-11.457573074990492,-4.066457021313896,-0.9753521126760508,0.1999999999990898,13.583333333333334
rsi2_m5_usd100000,2017-02-15T15:50:00+00:00,2017-02-15T16:00:00+00:00,9081,signal_exit,0.15532000000014554,2.0544973544992793,False,True,600,7.294126563847854,1.516441990176193,-0.4103859461220089,0.7576666865681205,0.6334049086504152,-0.07594936708855779,0.09999999999843467,15.833333333333334
rsi2_m5_usd100000,2017-02-16T07:25:00+00:00,2017-02-16T07:45:00+00:00,9266,target,0.24458921015918264,3.2438887289016263,False,True,1200,3.248204311399094,0.9520381290236698,1.0012886530800067,0.7762727529365604,-1.7009453559402916,-0.782608695652153,0.1999999999990898,7.416666666666667
rsi2_m5_usd100000,2017-02-16T09:50:00+00:00,2017-02-16T10:00:00+00:00,9295,signal_exit,0.1304400000001637,1.7368841544628988,False,True,600,4.695425631082314,1.1945943231207357,1.5426667922091215,6.664042554713661,0.3626829331803349,-0.1153846153845497,0.1999999999990898,9.833333333333334
rsi2_m5_usd100000,2017-02-16T10:10:00+00:00,2017-02-16T11:30:00+00:00,9299,holding_bars,-0.29775999999980557,-3.9595744680825207,False,False,4800,4.86798863622819,1.2222828850299248,1.647259256713759,4.700953362625068,-1.5644074623400364,-0.9907407407406799,0.1999999999990898,10.166666666666666
rsi2_m5_usd100000,2017-02-16T12:45:00+00:00,2017-02-16T13:00:00+00:00,9330,signal_exit,0.31819000000022646,4.236884154463734,False,True,900,4.719218912727066,1.1594315063365879,1.1881601262236046,4.244949693825775,-0.14873349600609087,-0.7980769230770811,0.40000000000040004,12.75
rsi2_m5_usd100000,2017-02-16T13:40:00+00:00,2017-02-16T14:25:00+00:00,9341,signal_exit,0.37076000000023734,4.936884154463879,False,True,2700,6.005725655568294,1.3786404582699865,1.3162018117784757,4.548320790289164,-0.4008939682423067,-0.6421052631578898,0.0,13.666666666666666
rsi2_m5_usd100000,2017-02-17T07:45:00+00:00,2017-02-17T08:20:00+00:00,9552,stop,-1.2036269588419857,-16.048359451226474,True,False,2100,3.1954231961401898,1.0493005734280885,0.3683789529669697,-1.4737656041134872,-2.470260540222673,-0.6716417910449196,0.20000000000131024,7.75
rsi2_m5_usd100000,2017-02-17T09:35:00+00:00,2017-02-17T09:40:00+00:00,9574,target,0.48786278911685477,6.496175620730423,False,True,300,4.9296457331344,1.3946835046235835,-0.8535444129095193,-5.323531434937005,-1.47572335587459,-0.1219512195124461,0.30000000000196536,9.583333333333334
rsi2_m5_usd100000,2017-02-17T10:10:00+00:00,2017-02-17T10:25:00+00:00,9581,signal_exit,0.1304400000001637,1.7368841544628988,False,True,900,5.213421494740923,1.4127105648335576,-0.9531737074658324,-4.664714027862598,-1.40114789703334,-0.2884615384618012,0.700000000000145,10.166666666666666
rsi2_m5_usd100000,2017-02-17T11:00:00+00:00,2017-02-17T11:25:00+00:00,9591,signal_exit,-0.09485999999981148,-1.2631158455367706,False,False,1500,4.712903179608175,1.2572736245300433,-0.8291513179330688,-3.5299645463315934,-0.5080178801784085,-0.7301587301586854,0.2999999999997449,11.0
rsi2_m5_usd100000,2017-02-17T12:55:00+00:00,2017-02-17T13:10:00+00:00,9614,signal_exit,-0.07249999999983087,-0.9666666666644115,False,False,900,4.781876966132552,1.2142069483304576,-0.5123867791226882,-2.170286024509263,-0.4885787574381042,-0.396551724137832,0.1999999999990898,12.916666666666666
rsi2_m5_usd100000,2017-02-17T14:45:00+00:00,2017-02-17T15:25:00+00:00,9636,stop,-1.9805971638035769,-26.40796218404769,True,False,2400,5.735323879345859,1.346006802146664,-0.09667589113342429,-1.4514910361735418,-1.0576135317395636,-0.7325581395349647,0.40000000000040004,14.75
rsi2_m5_usd100000,2017-02-17T15:30:00+00:00,2017-02-17T16:50:00+00:00,9645,holding_bars,-0.809119999999816,-10.75957446808266,False,False,4800,6.161180452282298,1.380234358558086,-0.27746608979348647,-5.751648518447845,-1.927654774857342,-0.3584905660376252,0.1999999999990898,15.5
rsi2_m5_usd100000,2017-02-20T08:00:00+00:00,2017-02-20T08:20:00+00:00,9841,signal_exit,0.04096000000007377,0.5439575033210328,False,True,1200,3.213056294776149,1.0039859773889883,-0.4024562919175886,-1.2131286202338196,0.04373526745602715,-0.8070175438599293,0.30000000000196536,8.0
rsi2_m5_usd100000,2017-02-20T08:45:00+00:00,2017-02-20T09:00:00+00:00,9850,signal_exit,0.16897000000007642,2.243957503321068,False,True,900,3.7245465864808125,1.1279286846163226,-0.0798475077303082,-1.1489616306173032,-1.6428466156640593,-0.6000000000004441,0.30000000000196536,8.75
rsi2_m5_usd100000,2017-02-20T09:40:00+00:00,2017-02-20T10:40:00+00:00,9861,signal_exit,-0.10975999999974279,-1.4595744680816858,False,False,3600,3.7459443473327423,1.1188504448859116,0.07381064065931937,-0.09849294719975589,-0.4118786756925282,-0.6857142857146301,0.2999999999997449,9.666666666666666
rsi2_m5_usd100000,2017-02-20T12:25:00+00:00,2017-02-20T13:10:00+00:00,9894,signal_exit,-0.5158399999998984,-6.859574468083755,False,False,2700,3.84544166776885,1.1072492717289046,0.06894377060782339,-0.6953717793782713,-1.4812883028616852,-0.39682539682544715,0.2999999999997449,12.416666666666666
rsi2_m5_usd100000,2017-02-20T13:35:00+00:00,2017-02-20T13:55:00+00:00,9908,signal_exit,0.1915600000002244,2.5439575033230333,False,True,1200,3.920055798663204,1.1020186363640678,-0.19855187047587483,-2.432406183689528,-1.1546956984235053,-0.796610169491653,0.1999999999990898,13.583333333333334
rsi2_m5_usd100000,2017-02-20T14:25:00+00:00,2017-02-20T14:35:00+00:00,9918,signal_exit,0.06355000000022176,0.8439575033229981,False,True,600,3.7897567816215427,1.0602383246835978,-0.31932329505278567,-1.335483195007332,-0.114378545853993,-0.6111111111111797,0.2999999999997449,14.416666666666666
rsi2_m5_usd100000,2017-02-21T07:25:00+00:00,2017-02-21T07:55:00+00:00,10119,signal_exit,-0.056359999999898325,-0.7455026455013006,False,False,1800,3.0388810267033244,1.102974932019838,-1.2183467050647208,-7.625645281984805,-3.4334896367389405,-0.6202531645570367,0.20000000000131024,7.416666666666667
rsi2_m5_usd100000,2017-02-21T08:05:00+00:00,2017-02-21T08:45:00+00:00,10127,stop,-1.2762980396638195,-16.882249201902376,True,False,2400,3.384186639100458,1.1952335635587499,-1.3276038776850168,-8.751322701768792,-2.002102834632536,-0.9558823529412149,0.2999999999997449,8.083333333333334
rsi2_m5_usd100000,2017-02-21T08:50:00+00:00,2017-02-21T09:00:00+00:00,10136,signal_exit,0.12551000000011542,1.6579920739777465,False,True,600,3.9065530957298154,1.3161323642793947,-1.7196109645301236,-11.17788195343854,-1.8313498588246768,-0.16666666666666666,0.20000000000131024,8.833333333333334
rsi2_m5_usd100000,2017-02-21T09:15:00+00:00,2017-02-21T09:45:00+00:00,10141,signal_exit,-0.15457999999987054,-2.042007926022068,False,False,1800,4.542739294960321,1.4597345707495508,-1.9568570749479122,-13.076771421930697,-2.3158108342065957,-0.8877551020407586,0.2999999999997449,9.25
rsi2_m5_usd100000,2017-02-21T10:20:00+00:00,2017-02-21T10:45:00+00:00,10154,signal_exit,-0.29095999999992267,-3.838522427439613,False,False,1500,5.013694492350286,1.4771574904586535,-2.681351917092093,-14.25767020228943,-1.5014991274073046,-0.32876712328733787,0.2999999999997449,10.333333333333334
rsi2_m5_usd100000,2017-02-21T11:20:00+00:00,2017-02-21T11:25:00+00:00,10166,signal_exit,0.04256000000024257,0.5614775725625668,False,True,300,3.9143747816958063,1.1625195383611624,-3.2391281495530286,-13.539867974779158,-0.973952580458082,-0.33333333333292214,0.1999999999990898,11.333333333333334
rsi2_m5_usd100000,2017-02-21T12:10:00+00:00,2017-02-21T12:40:00+00:00,10176,signal_exit,0.23263000000013775,3.064953886694832,False,True,1800,4.383531779235095,1.2533487029229458,-2.9953777239854844,-12.314653804299713,-1.6364981232912426,-0.552631578947576,0.1999999999990898,12.166666666666666
rsi2_m5_usd100000,2017-02-21T13:00:00+00:00,2017-02-21T13:15:00+00:00,10186,signal_exit,0.1567300000001461,2.064953886694942,False,True,900,4.484476155460829,1.245369475260271,-2.664841307749861,-11.38705325137652,-1.9090196208805479,-0.7142857142858653,0.20000000000131024,13.0
rsi2_m5_usd100000,2017-02-21T14:40:00+00:00,2017-02-21T14:45:00+00:00,10206,target,0.4189426980692528,5.519666641228627,False,True,300,4.377356377267702,1.1778102519393154,-2.221636164314865,-10.70155386639752,-3.043470185086696,-0.8902439024391234,0.20000000000131024,14.666666666666666
rsi2_m5_usd100000,2017-02-22T07:30:00+00:00,2017-02-22T08:25:00+00:00,10402,stop,-1.464954023897529,-19.275710840756958,True,False,3300,3.9610329733477405,1.2429178168064743,-1.068718299700194,-9.112167014147767,-1.7058668882301395,-0.6111111111110598,0.40000000000040004,7.5
rsi2_m5_usd100000,2017-02-22T09:00:00+00:00,2017-02-22T09:10:00+00:00,10420,target,0.47376202610116613,6.225519396861578,False,True,600,4.8768201452103535,1.3710783754325182,-2.1372683456221027,-10.38041702547204,-1.3920254920343769,-0.9249999999995421,0.4999999999988347,9.0
rsi2_m5_usd100000,2017-02-22T09:45:00+00:00,2017-02-22T09:45:00+00:00,10429,target,0.5729283947632766,7.528625423958956,False,True,0,5.4283731587584905,1.4344381641399504,-2.0054282848275045,-8.604844758621393,-1.0209484897997898,-0.8695652173913883,0.2999999999997449,9.75
rsi2_m5_usd100000,2017-02-22T10:10:00+00:00,2017-02-22T11:00:00+00:00,10434,signal_exit,0.035910000000193676,0.47187910644144115,False,True,3000,5.862397095025352,1.4845915858922365,-1.8069223873024287,-8.367336555720899,-1.6132808165817678,-0.8888888888889802,0.2999999999997449,10.166666666666666
rsi2_m5_usd100000,2017-02-22T11:35:00+00:00,2017-02-22T12:20:00+00:00,10451,signal_exit,-0.13911999999977015,-1.8281208935580833,False,False,2700,5.060678526007318,1.2295907896125615,-1.6628593430640486,-7.3467231225877585,-1.3600956247410712,-0.5250000000001666,0.2999999999997449,11.583333333333334
rsi2_m5_usd100000,2017-02-22T14:55:00+00:00,2017-02-22T15:10:00+00:00,10491,signal_exit,0.09640000000008547,1.2684210526327035,False,True,900,4.508406126927741,1.0733625315328046,-0.6498518209707522,-3.180110316740083,-1.1977095918969551,-0.5600000000001777,0.40000000000040004,14.916666666666666
rsi2_m5_usd100000,2017-02-22T15:30:00+00:00,2017-02-22T15:35:00+00:00,10498,target,0.5691729382002326,7.47927645466797,False,True,300,5.403698674113316,1.2350243626863495,-0.613676359192048,-4.722700846438524,-2.6391672450823855,-0.6373626373626883,0.2999999999997449,15.5
rsi2_m5_usd100000,2017-02-23T07:10:00+00:00,2017-02-23T07:40:00+00:00,10684,signal_exit,0.07288000000010458,0.9614775725607464,False,True,1800,3.3436707200063496,0.8826740794516641,0.6221324460264803,-1.2494953029477616,-2.006347248587673,-0.6635514018692074,0.2999999999997449,7.166666666666667
rsi2_m5_usd100000,2017-02-23T08:55:00+00:00,2017-02-23T09:10:00+00:00,10705,signal_exit,-0.010749999999768722,-0.14200792602072287,False,False,900,4.738714537639488,1.145568984325244,0.1241554276209259,0.6004093054279488,0.08017320236784047,-0.2857142857145123,0.2999999999997449,8.916666666666666
rsi2_m5_usd100000,2017-02-23T09:30:00+00:00,2017-02-23T10:35:00+00:00,10712,signal_exit,-0.12419999999984005,-1.638522427438523,False,False,3900,5.228373258735549,1.225309231762032,0.1615182952565193,-1.6977117937779374,-2.0706957477019947,-0.49999999999965306,0.2999999999997449,9.5
rsi2_m5_usd100000,2017-02-23T14:30:00+00:00,2017-02-23T14:40:00+00:00,10772,signal_exit,0.3896800000001701,5.154497354499604,False,True,600,6.210120811366805,1.2014024363473226,0.8574900268778239,2.9863302635009927,-0.4552683896084762,-0.5000000000002922,0.2999999999997449,14.5
rsi2_m5_usd100000,2017-02-24T08:40:00+00:00,2017-02-24T09:00:00+00:00,10981,stop,-1.6954667140358977,-22.486295942120655,True,False,1200,4.858444012055741,1.43077946962822,1.1041810479999963,3.996001979061053,-0.2914606057566098,-0.43421052631565876,0.0,8.666666666666666
rsi2_m5_usd100000,2017-02-24T09:05:00+00:00,2017-02-24T09:20:00+00:00,10986,signal_exit,0.35944000000013987,4.754497354499204,False,True,900,5.383149232031732,1.5141211333061497,0.9253671485196614,-1.2246448775291294,-2.380754672843323,-0.25000000000009254,0.2999999999997449,9.083333333333334
rsi2_m5_usd100000,2017-02-24T10:50:00+00:00,2017-02-24T11:00:00+00:00,11007,target,0.4527113803184315,5.996177222760682,False,True,600,4.6225919226373815,1.2326867181601193,0.4680013809882228,1.2602359391011528,-0.9705008071642419,-0.6666666666667616,0.1999999999990898,10.833333333333334
rsi2_m5_usd100000,2017-02-24T14:10:00+00:00,2017-02-24T14:45:00+00:00,11047,stop,-2.03888112842373,-27.040863772198005,True,False,2100,5.947085969575213,1.3839654888320316,1.2963105248355948,1.432491727531801,-3.4689572250335194,-0.9837837837836787,0.1999999999990898,14.166666666666666
rsi2_m5_usd100000,2017-02-24T14:55:00+00:00,2017-02-24T15:10:00+00:00,11056,target,0.8150800480313303,10.78148211681654,False,True,900,7.013492381158156,1.5064002860340941,0.540139503771341,-4.628571236610264,-1.8240042077864913,-0.8690476190475467,0.1999999999990898,14.916666666666666
rsi2_m5_usd100000,2017-02-24T15:50:00+00:00,2017-02-24T16:30:00+00:00,11067,signal_exit,-0.12449999999984068,-1.6490066225144462,False,False,2400,6.525553534218854,1.354374314992768,-0.14572390323717324,-2.2971341038787836,-0.6338921129615223,-0.9166666666666247,0.2999999999997449,15.833333333333334
rsi2_m5_usd100000,2017-02-27T08:35:00+00:00,2017-02-27T08:50:00+00:00,11262,signal_exit,0.2082400000001565,2.7544973544994247,False,True,900,4.6441739714942525,1.33508407978271,0.15070652256538092,-0.4704838204529995,-0.7676699697017798,-0.7788461538461846,0.2999999999997449,8.583333333333334
rsi2_m5_usd100000,2017-02-27T11:40:00+00:00,2017-02-27T11:55:00+00:00,11299,signal_exit,0.10955000000018383,1.4509933774858783,False,True,900,3.9495720083729533,1.0666383194981364,0.7190623613873508,0.9763366012933776,-2.038855233193939,-0.8333333333323053,0.1999999999990898,11.666666666666666
rsi2_m5_usd100000,2017-02-27T13:00:00+00:00,2017-02-27T13:10:00+00:00,11315,target,0.2562366378282823,3.3938627526924807,False,True,600,3.2714346876041875,0.9142843023014446,0.5412080408666894,1.4359609579461516,-0.8226888752530243,-0.6451612903236204,0.10000000000065512,13.0
rsi2_m5_usd100000,2017-02-27T15:00:00+00:00,2017-02-27T15:20:00+00:00,11339,signal_exit,0.25994000000016704,3.447480106103011,False,True,1200,5.205728299252665,1.3125860294957006,1.0554087023233865,4.551755601130407,0.15376630252339463,-0.3023255813952608,1.100000000000545,15.0
rsi2_m5_usd100000,2017-02-28T07:35:00+00:00,2017-02-28T07:55:00+00:00,11535,signal_exit,0.04915000000012343,0.6509933774850785,False,True,1200,4.233864528503421,1.2921079856431383,0.574839483122054,0.09003539333042418,-2.773248098341984,-0.8536585365854583,0.40000000000040004,7.583333333333333
rsi2_m5_usd100000,2017-02-28T09:35:00+00:00,2017-02-28T10:00:00+00:00,11559,signal_exit,0.10955000000018383,1.4509933774858783,False,True,1500,4.733353306089699,1.2794399779610326,-0.1689649554369139,-1.1838965628568139,-0.3502704749193543,-0.9230769230769669,0.1999999999990898,9.583333333333334
rsi2_m5_usd100000,2017-02-28T11:00:00+00:00,2017-02-28T11:10:00+00:00,11576,signal_exit,0.1920800000000573,2.5474801061015553,False,True,600,4.208727252910168,1.1189531418205256,0.19486046752443958,1.6993558593442142,0.612017540806416,-0.40740740740720943,0.2999999999997449,11.0
rsi2_m5_usd100000,2017-02-28T12:35:00+00:00,2017-02-28T13:15:00+00:00,11595,signal_exit,-0.0039599999998876645,-0.05251989389771438,False,False,2400,4.370125592463854,1.1249535118540166,0.5442658865603822,0.6209568963555261,-1.9031736478779113,-0.7407407407406799,0.2999999999997449,12.583333333333334
rsi2_m5_usd100000,2017-02-28T14:15:00+00:00,2017-02-28T14:25:00+00:00,11615,signal_exit,0.25994000000016704,3.447480106103011,False,True,600,5.19685535610414,1.247083489832066,0.23281123468803372,0.3135568714617922,-0.41047516434701037,-0.11940298507438449,0.1999999999990898,14.25
rsi2_m5_usd100000,2017-02-28T15:50:00+00:00,2017-02-28T15:55:00+00:00,11634,target,0.8206928604954014,10.898975570988066,False,True,300,7.07750903383221,1.5082322521702811,0.7137718919396551,2.1987330738868605,-0.3805366567988953,-0.6508620689655086,0.1999999999990898,15.833333333333334
rsi2_m5_usd100000,2017-03-01T07:05:00+00:00,2017-03-01T08:00:00+00:00,11813,stop,-1.3020276438353338,-17.177145697036064,True,False,3300,3.4596558173991556,0.8323883161564452,-1.2450117890055317,-7.156816388656426,-3.7965013624387485,-0.985294117647126,0.2999999999997449,7.083333333333333
rsi2_m5_usd100000,2017-03-01T08:05:00+00:00,2017-03-01T08:15:00+00:00,11825,target,0.42480863958996595,5.596951773253833,False,True,600,4.415998943280437,1.0390560860299973,-1.4368161527622543,-9.403913659467,-2.022284185802084,-0.9174311926608102,0.20000000000131024,8.083333333333334
rsi2_m5_usd100000,2017-03-01T10:15:00+00:00,2017-03-01T10:55:00+00:00,11851,signal_exit,0.14868000000009624,1.9614775725606362,False,True,2400,5.256949373908018,1.1538056039131652,-1.353587992531585,-5.935710367879101,-1.6299482885665437,-0.6571428571430021,0.1999999999990898,10.25
rsi2_m5_usd100000,2017-03-01T11:20:00+00:00,2017-03-01T11:35:00+00:00,11864,signal_exit,0.00466000000016259,0.061477572561511734,False,True,900,4.80637119378249,1.0592658739929361,-1.228742288148565,-5.174936321959912,-0.7983702478075615,-0.18181818181823425,0.0,11.333333333333334
rsi2_m5_usd100000,2017-03-01T12:30:00+00:00,2017-03-01T12:50:00+00:00,11878,target,0.5133846591441138,6.763961253545636,False,True,1200,4.999503683424988,1.0764484995833414,-1.2805983605122233,-7.000991109474378,-1.7544136532705428,-0.2499999999998458,0.1999999999990898,12.5
rsi2_m5_usd100000,2017-03-01T13:45:00+00:00,2017-03-01T13:55:00+00:00,11893,signal_exit,0.027700000000143443,0.364953886694907,False,True,600,5.647432025937136,1.1785556493375473,-1.4014631977497858,-6.498639393250982,-1.4953999442976502,-0.05660377358486614,0.1999999999990898,13.75
rsi2_m5_usd100000,2017-03-02T09:15:00+00:00,2017-03-02T09:55:00+00:00,12123,signal_exit,-0.7684999999998532,-10.138522427438696,False,False,2400,4.091256084212103,1.2090592758390972,-0.1595766799772588,-0.2266797975034421,0.03632297736604283,-0.5555555555555098,0.1999999999990898,9.25
rsi2_m5_usd100000,2017-03-02T11:05:00+00:00,2017-03-02T11:30:00+00:00,12145,signal_exit,-0.07096999999982884,-0.9350461133047278,False,False,1500,4.3072878513787565,1.1779300146801177,-0.5476974909627624,-3.103830655960159,-0.9737667516026556,-0.5,0.2999999999997449,11.083333333333334
rsi2_m5_usd100000,2017-03-02T12:05:00+00:00,2017-03-02T12:40:00+00:00,12157,signal_exit,-0.5267999999999471,-6.931578947367725,False,False,2100,4.242626116987567,1.1410037467845051,-0.676586774185947,-4.462250770509246,-2.0266966384936347,-0.5517241379307969,0.2999999999997449,12.083333333333334
rsi2_m5_usd100000,2017-03-02T13:10:00+00:00,2017-03-02T13:30:00+00:00,12170,signal_exit,0.050800000000124246,0.6684210526332136,False,True,1200,4.268254930449346,1.1231801506691703,-1.0248617402282059,-5.375092456162431,-0.9270855737159106,-0.700000000000222,0.10000000000065512,13.166666666666666
rsi2_m5_usd100000,2017-03-02T13:40:00+00:00,2017-03-02T13:50:00+00:00,12176,signal_exit,0.13440000000016566,1.7684210526337587,False,True,600,4.281571336213435,1.117968006653073,-1.1441576689773203,-5.563759300427824,-1.2310179546267161,-0.11764705882364467,0.20000000000131024,13.666666666666666
rsi2_m5_usd100000,2017-03-02T14:05:00+00:00,2017-03-02T14:35:00+00:00,12181,signal_exit,-0.10879999999974005,-1.4315789473650007,False,False,1800,4.459296658640224,1.1496739123231563,-1.190024610177936,-6.28457891572483,-2.519714360560046,-0.8333333333332893,0.2999999999997449,14.083333333333334
rsi2_m5_usd100000,2017-03-03T07:45:00+00:00,2017-03-03T09:05:00+00:00,12386,holding_bars,-0.4887999999998669,-6.43157894736667,False,False,4800,3.3106822815088437,1.096836216520394,0.3572552039518615,1.014634026106822,-0.5310189673523785,-0.7903225806452422,0.20000000000131024,7.75
rsi2_m5_usd100000,2017-03-03T10:00:00+00:00,2017-03-03T10:10:00+00:00,12413,signal_exit,0.21040000000015732,2.7684210526336486,False,True,600,4.08436494115848,1.2129681118791051,0.119783460165526,-0.25943810803784756,-0.8223200994744897,-0.7555555555554678,0.10000000000065512,10.0
rsi2_m5_usd100000,2017-03-03T12:00:00+00:00,2017-03-03T12:10:00+00:00,12437,signal_exit,0.14868000000009624,1.9614775725606362,False,True,600,4.298680177390356,1.1746718150176554,0.9962298755382838,4.80416967268013,0.2686575814528557,-0.9375000000009541,0.10000000000065512,12.0
rsi2_m5_usd100000,2017-03-03T14:35:00+00:00,2017-03-03T15:45:00+00:00,12468,signal_exit,-0.10915999999990916,-1.442007926022578,False,False,4200,5.62616271584523,1.318719475309928,2.023296251413111,6.358170018918312,-1.6816297627659846,-0.770833333333237,0.20000000000131024,14.583333333333334
rsi2_m5_usd100000,2017-03-06T07:35:00+00:00,2017-03-06T07:45:00+00:00,12670,target,0.2572241209346078,3.4114604898489094,False,True,600,3.4319901918735862,0.9497392595423761,0.7207425595826358,1.548705642397212,-1.33805830271586,-0.5571428571430792,0.40000000000040004,7.583333333333333
rsi2_m5_usd100000,2017-03-06T09:30:00+00:00,2017-03-06T09:35:00+00:00,12693,stop,-1.9039980223985973,-25.319122638279218,True,False,300,5.489887042549146,1.331944478025182,1.361783113422225,6.123624323688398,0.1394858859314262,-0.7681159420290274,0.2999999999997449,9.5
rsi2_m5_usd100000,2017-03-06T09:40:00+00:00,2017-03-06T11:00:00+00:00,12695,holding_bars,-0.8258199999997469,-10.952519893895847,False,False,4800,6.822402603014439,1.5688998523507012,1.306472535435104,0.24570665445104495,-2.145411151698158,-0.8232044198894574,0.4999999999988347,9.666666666666666
rsi2_m5_usd100000,2017-03-06T11:30:00+00:00,2017-03-06T11:50:00+00:00,12717,signal_exit,-0.0036999999998875155,-0.049006622515066434,False,False,1200,4.992522138208905,1.1123798384464592,-0.20809800193298267,-2.7463975571128834,-1.6043273003367844,-0.3777777777777339,0.1999999999990898,11.5
rsi2_m5_usd100000,2017-03-06T12:00:00+00:00,2017-03-06T12:25:00+00:00,12723,signal_exit,0.011400000000211408,0.1509933774862438,False,True,1500,4.721449554050128,1.0574872741487158,-0.39565834339543576,-3.4431124075682424,-2.442335615379477,-0.899999999999889,0.09999999999843467,12.0
rsi2_m5_usd100000,2017-03-06T14:05:00+00:00,2017-03-06T14:15:00+00:00,12748,signal_exit,0.32026000000005994,4.247480106101591,False,True,600,4.111902255745552,0.9507038059931718,-0.17960104458951595,-0.219636282013145,0.030158332191260347,-0.6428571428568597,0.2999999999997449,14.083333333333334
rsi2_m5_usd100000,2017-03-07T08:50:00+00:00,2017-03-07T09:30:00+00:00,12967,stop,-1.3433117844396136,-17.792209065425347,True,False,2400,3.5858006107275795,1.2067062825590147,0.46149181924901594,-0.025155109233928555,-1.7358169744213352,-0.9411764705882865,0.40000000000040004,8.833333333333334
rsi2_m5_usd100000,2017-03-07T09:35:00+00:00,2017-03-07T10:00:00+00:00,12976,stop,-1.444820096101017,-19.111376932553135,True,False,1500,3.941468571763315,1.2757837236589928,0.22053690548135518,-3.966989018245742,-1.9040944995654236,-0.5967741935482946,0.2999999999997449,9.583333333333334
rsi2_m5_usd100000,2017-03-07T12:15:00+00:00,2017-03-07T13:10:00+00:00,13008,signal_exit,0.01924000000009335,0.2544973544985893,False,True,3300,3.385661683556472,1.044702383376088,-0.8391343742738335,-3.208164407307692,-0.6118623467398909,-0.559999999999929,0.10000000000065512,12.25
rsi2_m5_usd100000,2017-03-07T13:40:00+00:00,2017-03-07T15:00:00+00:00,13025,holding_bars,-0.7140799999998426,-9.445502645500563,False,False,4800,3.7163956319765625,1.1291555502014023,-0.6546538879907988,-3.53650180916478,-1.4162686845101824,-0.8620689655171093,0.1999999999990898,13.666666666666666
rsi2_m5_usd100000,2017-03-08T08:25:00+00:00,2017-03-08T09:45:00+00:00,13246,holding_bars,-0.3741099999997959,-4.942007926021081,False,False,4800,3.6100767060965158,1.4036506399664896,-0.4006342056050206,-5.187142033190707,-2.349822357988561,-0.636363636363667,0.10000000000065512,8.416666666666666
rsi2_m5_usd100000,2017-03-08T11:05:00+00:00,2017-03-08T11:20:00+00:00,13278,signal_exit,0.027100000000143065,0.35799207397811184,False,True,900,3.5977557205791464,1.2453801802865723,-0.8773513563052429,-3.2829316241558186,-0.24855123777930463,-0.3584905660378939,0.2999999999997449,11.083333333333334
rsi2_m5_usd100000,2017-03-08T12:20:00+00:00,2017-03-08T12:45:00+00:00,13293,signal_exit,-0.16971999999996973,-2.242007926023378,False,False,1500,3.104032102022691,1.0768410049952475,-0.4868883570201548,-3.1528526752274737,-2.1946160127722645,-0.9200000000003553,0.30000000000196536,12.333333333333334
rsi2_m5_usd100000,2017-03-08T13:20:00+00:00,2017-03-08T13:40:00+00:00,13305,signal_exit,0.3685000000001899,4.8614775725618715,False,True,1200,5.279096897485791,1.6173901681957616,-0.557751735300816,-6.574635286697082,-3.0517168716881695,-0.6635944700460287,0.1999999999990898,13.333333333333334
rsi2_m5_usd100000,2017-03-09T07:25:00+00:00,2017-03-09T08:00:00+00:00,13520,target,0.25995181751862395,3.4249251319976803,False,True,2100,3.3299856226505944,1.2462128089502102,-0.7065852242324773,-3.687276440485229,-0.972068229820557,-0.8624999999999549,0.1999999999990898,7.416666666666667
rsi2_m5_usd100000,2017-03-09T12:50:00+00:00,2017-03-09T13:30:00+00:00,13585,signal_exit,-0.12429999999984026,-1.6420079260216678,False,False,2400,5.345908609324282,1.3646512283957368,0.8217458752480298,1.4364889698792191,-2.0760535397842337,-0.3882978723403495,0.1999999999990898,12.833333333333334
rsi2_m5_usd100000,2017-03-09T14:40:00+00:00,2017-03-09T14:55:00+00:00,13607,signal_exit,0.5248000000000543,6.9509933774841635,False,True,900,11.59677546415314,2.017725791922079,0.9185949209081192,5.712934373890883,0.5172554917983714,-0.7604166666667341,0.30000000000196536,14.666666666666666
rsi2_m5_usd100000,2017-03-09T15:20:00+00:00,2017-03-09T15:45:00+00:00,13615,signal_exit,0.3813500000001204,5.050993377485039,False,True,1500,9.41870825219664,1.6159538585661202,1.2904019540999756,3.878476657114985,-0.6632916812157711,-0.5081967213111651,0.1999999999990898,15.333333333333334
rsi2_m5_usd100000,2017-03-10T09:20:00+00:00,2017-03-10T09:40:00+00:00,13827,target,0.4535440557457402,6.023161430886324,False,True,1200,4.689601963782222,1.2879208772026378,1.1441260348293565,4.979017463708247,0.1355836284943595,-0.8730158730157276,0.2999999999997449,9.333333333333334
rsi2_m5_usd100000,2017-03-10T10:10:00+00:00,2017-03-10T10:20:00+00:00,13837,signal_exit,0.0484900000001231,0.6439575033216879,False,True,600,4.193208597884925,1.145281071695249,1.5210566941814805,5.163632705126104,-0.9552167105690744,-0.5555555555552815,0.20000000000131024,10.166666666666666
rsi2_m5_usd100000,2017-03-10T11:10:00+00:00,2017-03-10T11:25:00+00:00,13849,signal_exit,-0.0042199999998878135,-0.05604249667845702,False,False,900,3.7893182982999485,1.0384325594731927,1.388794819982954,3.5854017910033984,-2.356252364641252,-0.8235294117642065,0.2999999999997449,11.166666666666666
rsi2_m5_usd100000,2017-03-10T12:45:00+00:00,2017-03-10T13:15:00+00:00,13868,signal_exit,-0.2903599999999232,-3.8560424966789264,False,False,1800,3.684303770471731,1.0113268465581158,0.9451077659507504,2.90393043748269,-0.8268211445794565,-0.4545454545451793,0.20000000000131024,12.75
rsi2_m5_usd100000,2017-03-10T14:30:00+00:00,2017-03-10T15:00:00+00:00,13889,signal_exit,-0.10236999999986068,-1.3631158455374257,False,False,1800,8.05325925183288,1.7042697754808682,1.1585775898368837,6.532425156953674,0.5362708254872983,-0.37500000000004335,0.20000000000131024,14.5
rsi2_m5_usd100000,2017-03-13T08:00:00+00:00,2017-03-13T08:15:00+00:00,14105,stop,-1.6352690163459063,-21.89115149057438,True,False,900,4.653443829805518,1.2817754030452624,1.6264461222481152,3.948714221766138,-1.7694399748935703,-0.24000000000015986,0.20000000000131024,8.0
rsi2_m5_usd100000,2017-03-13T08:25:00+00:00,2017-03-13T08:35:00+00:00,14110,target,0.6124960772317007,8.177517720049408,False,True,600,5.773872344670265,1.493575868247801,1.2496150806351582,-2.3823768438039585,-2.441018112681814,-0.8607594936710711,0.2999999999997449,8.416666666666666
rsi2_m5_usd100000,2017-03-13T09:25:00+00:00,2017-03-13T09:45:00+00:00,14122,signal_exit,-0.03521999999975206,-0.4702269692890796,False,False,1200,5.4662135320429535,1.3555350184187018,0.19596810340302667,-2.3929142300232282,-1.1296792906585877,-0.4594594594594919,0.1999999999990898,9.416666666666666
rsi2_m5_usd100000,2017-03-13T11:50:00+00:00,2017-03-13T12:30:00+00:00,14151,signal_exit,0.21944000000008687,2.9297730307087697,False,True,2400,4.627951697831705,1.1020083939985923,-0.48844871567059955,-2.2229186563097527,-0.6302613189341459,-0.436363636363629,0.30000000000196536,11.833333333333334
rsi2_m5_usd100000,2017-03-13T12:50:00+00:00,2017-03-13T13:30:00+00:00,14163,signal_exit,-0.4471699999997898,-5.970226969289583,False,False,2400,4.236595618210956,1.0116620798491558,-0.3396095851316146,-2.557967329179232,-2.2275818672510357,-0.6739130434784707,0.1999999999990898,12.833333333333334
rsi2_m5_usd100000,2017-03-13T14:20:00+00:00,2017-03-13T14:40:00+00:00,14181,signal_exit,0.27187000000009776,3.629773030708915,False,True,1200,4.3295710617532865,1.0256078134935975,-0.6093314755949957,-3.1123715338450877,-0.6411059949753513,-0.6041666666671581,0.10000000000065512,14.333333333333334
rsi2_m5_usd100000,2017-03-14T08:00:00+00:00,2017-03-14T08:30:00+00:00,14390,target,0.3209594781194647,4.273761359779822,False,True,1800,3.818438602658662,1.365249075673724,-1.088249111284493,-6.4027963073797345,-1.8830683829366102,-0.903846153845965,0.2999999999997449,8.0
rsi2_m5_usd100000,2017-03-14T09:35:00+00:00,2017-03-14T10:25:00+00:00,14409,signal_exit,-0.13991999999993993,-1.8631158455384809,False,False,3000,3.956699623412023,1.2888834747899003,-0.952030004441333,-4.382946488225856,-0.8937992789771433,-0.5283018867924212,0.10000000000065512,9.583333333333334
rsi2_m5_usd100000,2017-03-14T10:50:00+00:00,2017-03-14T12:10:00+00:00,14424,holding_bars,-0.44782999999978923,-5.963115845536474,False,False,4800,3.9951508426939224,1.2394298768697496,-0.8247696168867064,-4.211720070796236,-1.5972292634405387,-0.4250000000000555,0.1999999999990898,10.833333333333334
rsi2_m5_usd100000,2017-03-14T12:30:00+00:00,2017-03-14T12:45:00+00:00,14444,signal_exit,-0.0044799999998879625,-0.059574468083616515,False,False,900,4.209737340278672,1.2374728037972258,-1.0730545024994695,-5.3406627078691224,-1.4919460289484723,-0.22641509433946455,0.700000000000145,12.5
rsi2_m5_usd100000,2017-03-14T14:00:00+00:00,2017-03-14T14:15:00+00:00,14462,target,0.39137350836563134,5.204434951670629,False,True,900,4.232004709878088,1.1927588350444682,-1.0778468729056854,-4.6462996710508495,-0.8959928436442495,-0.43859649122824784,0.20000000000131024,14.0
rsi2_m5_usd100000,2017-03-15T08:15:00+00:00,2017-03-15T08:45:00+00:00,14678,signal_exit,-0.33517999999988507,-4.46311584553775,False,False,1800,3.399061343170118,1.2771502918317872,0.8542201696648724,4.423963747527819,0.5483967390571682,-0.42424242424258735,0.30000000000196536,8.25
rsi2_m5_usd100000,2017-03-15T09:45:00+00:00,2017-03-15T10:55:00+00:00,14696,signal_exit,-0.4857599999998683,-6.459574468083355,False,False,4200,3.716017796117899,1.298553063767142,0.8615424636064811,1.3250714913889026,-2.2522146089654465,-0.8461538461545031,0.2999999999997449,9.75
rsi2_m5_usd100000,2017-03-15T11:45:00+00:00,2017-03-15T12:05:00+00:00,14720,signal_exit,0.12336000000011466,1.6404255319164183,False,True,1200,3.4950602830073176,1.1489220191498517,-0.046289200070447,-0.7124449832228252,-0.6689327523603512,-0.6052631578951213,0.20000000000131024,11.75
rsi2_m5_usd100000,2017-03-15T12:35:00+00:00,2017-03-15T13:20:00+00:00,14730,stop,-1.386728831733067,-18.440542975173763,True,False,2700,3.770242126772615,1.2069477309884102,0.07977167181597798,0.07217786364133195,-0.4154629935953344,-0.6184210526316443,0.2999999999997449,12.583333333333334
rsi2_m5_usd100000,2017-03-15T13:25:00+00:00,2017-03-15T14:15:00+00:00,14740,signal_exit,0.18403000000017508,2.443957503322378,False,True,3000,4.689438115004479,1.4045826108792616,0.020307375868277952,-3.639305121296309,-2.7425850015369218,-0.6341463414634982,0.09999999999843467,13.416666666666666
rsi2_m5_usd100000,2017-03-16T07:00:00+00:00,2017-03-16T07:00:00+00:00,14950,target,0.19622574015424574,2.633902552405983,False,True,0,3.059233155395918,0.8180920524861628,1.8194780948652522,6.040377131469522,-0.8073346575807706,-0.14999999999988897,0.3999999999981796,7.0
rsi2_m5_usd100000,2017-03-16T07:55:00+00:00,2017-03-16T09:10:00+00:00,14961,signal_exit,-1.0492999999999395,-14.08456375838845,False,False,4500,5.427888999920937,1.3171499938705031,1.5203550201733642,3.745955283492842,-1.974033869228273,-0.312500000000318,0.10000000000065512,7.916666666666667
rsi2_m5_usd100000,2017-03-16T09:50:00+00:00,2017-03-16T10:05:00+00:00,14984,signal_exit,0.3371200000002059,4.5190348525496775,False,True,900,4.913609316560947,1.1407671471018637,0.3644750268257292,-0.575285109866369,-1.4304591316076343,-0.8095238095239438,0.09999999999843467,9.833333333333334
rsi2_m5_usd100000,2017-03-16T11:45:00+00:00,2017-03-16T12:35:00+00:00,15007,signal_exit,-0.050999999999851,-0.6845637583872617,False,False,3000,4.094068003730086,0.9708672892546348,0.6237287309591278,2.6007063870264924,-0.1645040458708698,-0.625,0.0,11.75
rsi2_m5_usd100000,2017-03-17T07:20:00+00:00,2017-03-17T07:30:00+00:00,15242,stop,-1.1862927009711703,-15.987772250285314,True,False,600,3.148088615132639,1.114729892347416,1.384804924360463,3.931834128289995,-1.0500329790574063,-0.6454545454544757,0.2999999999997449,7.333333333333333
rsi2_m5_usd100000,2017-03-17T07:35:00+00:00,2017-03-17T08:15:00+00:00,15245,signal_exit,0.08977000000008356,1.208209959624274,False,True,2400,3.9691511251628118,1.3394581591430605,1.219676367262153,-0.42871317610971466,-2.5797425939875778,-0.6875000000002891,0.20000000000131024,7.583333333333333
rsi2_m5_usd100000,2017-03-17T10:10:00+00:00,2017-03-17T10:25:00+00:00,15276,signal_exit,0.05970000000021852,0.8045822102455327,False,True,900,4.421638354010208,1.2967447262604925,0.6810750725159633,2.2230945726232254,-0.3596416189998854,-0.39705882352939253,0.1999999999990898,10.166666666666666
rsi2_m5_usd100000,2017-03-17T10:55:00+00:00,2017-03-17T11:00:00+00:00,15285,stop,-1.4846078963817337,-20.00819267360827,True,False,300,4.17819372096325,1.2060057874028565,0.7597574028437778,1.0752906177050445,-1.9866098877855936,-0.8571428571427439,0.1999999999990898,10.916666666666666
rsi2_m5_usd100000,2017-03-17T11:05:00+00:00,2017-03-17T12:25:00+00:00,15287,holding_bars,-1.1225599999997664,-15.088172043007614,False,False,4800,5.550585402259147,1.5088036099045168,0.6208004414230561,-4.767975735359647,-3.848664536196062,-0.9012345679012245,0.2999999999997449,11.083333333333334
rsi2_m5_usd100000,2017-03-17T15:00:00+00:00,2017-03-17T16:00:00+00:00,15334,signal_exit,-0.4306399999998589,-5.7881720430088555,False,False,3600,5.3515413883819525,1.19279926213685,-0.565143585760716,-2.4877594527445273,-0.49085475838180137,-0.5806451612901262,0.1999999999990898,15.0
rsi2_m5_usd100000,2017-03-20T09:10:00+00:00,2017-03-20T09:20:00+00:00,15545,signal_exit,0.23094000000018353,3.1082099596256194,False,True,600,4.503922644228317,1.4214986980877014,0.8388654921099192,0.057628460530990064,-1.9609154632376065,-0.9019607843135206,0.09999999999843467,9.166666666666666
rsi2_m5_usd100000,2017-03-20T09:55:00+00:00,2017-03-20T10:40:00+00:00,15554,signal_exit,0.06748000000010251,0.908209959624529,False,True,2700,4.614136897525721,1.3987348987592139,0.4216007103602055,-1.6212452436742883,-2.6016344939690166,-0.757575757576145,0.20000000000131024,9.916666666666666
rsi2_m5_usd100000,2017-03-20T11:20:00+00:00,2017-03-20T12:30:00+00:00,15571,signal_exit,-0.3560299999998673,-4.791790040375064,False,False,4200,3.822012638774718,1.1503723667151609,-0.028016682560783754,-1.142408352230151,-0.8917395348489123,-0.8181818181814512,0.1999999999990898,11.333333333333334
rsi2_m5_usd100000,2017-03-20T13:05:00+00:00,2017-03-20T13:25:00+00:00,15592,signal_exit,0.13435000000004566,1.8082099596237637,False,True,1200,3.8570607202107965,1.1370266004127978,-0.34319829124294965,-2.347143237734612,-1.0205838252294939,-0.5000000000001914,0.20000000000131024,13.083333333333334
rsi2_m5_usd100000,2017-03-20T14:00:00+00:00,2017-03-20T14:15:00+00:00,15603,signal_exit,0.10463000000001593,1.408209959623364,False,True,900,3.848452329703167,1.120210557243377,-0.30694954583455875,-1.0547635946119869,-0.20246067867056608,-0.5555555555555098,0.20000000000131024,14.0
rsi2_m5_usd100000,2017-03-20T14:45:00+00:00,2017-03-20T15:55:00+00:00,15612,signal_exit,-0.0513999999998514,-0.6917900403748506,False,False,4200,3.6065250442085937,1.0509277163261657,-0.15396989439786704,-1.2002280851313882,-1.1832122620348429,-0.5,0.2999999999997449,14.75
rsi2_m5_usd100000,2017-03-21T09:30:00+00:00,2017-03-21T10:30:00+00:00,15834,signal_exit,0.10340000000001587,1.3972972972975117,False,True,3600,5.267474893692341,1.4343384684486233,2.205376591879139,7.4273927385528316,-0.7910399489333315,-0.5555555555555098,0.0,9.5
rsi2_m5_usd100000,2017-03-21T11:50:00+00:00,2017-03-21T13:10:00+00:00,15862,holding_bars,-0.8281499999998487,-11.206359945870755,False,False,4800,4.164146641826365,1.1059688520103628,2.0935986936606477,9.390919819936471,0.7737626974823963,-0.6749999999996809,0.1999999999990898,11.833333333333334
rsi2_m5_usd100000,2017-03-21T14:35:00+00:00,2017-03-21T14:50:00+00:00,15895,signal_exit,0.1325500000002095,1.7936400541300337,False,True,900,4.589362751526347,1.1664276883339244,1.773306688683118,6.748510126392057,-0.05210556818619965,-0.43999999999990524,0.1999999999990898,14.583333333333334
rsi2_m5_usd100000,2017-03-21T15:10:00+00:00,2017-03-21T15:45:00+00:00,15902,signal_exit,0.20700000000020166,2.797297297300022,False,True,2100,5.282722316424569,1.2942633116401818,1.788986882616379,4.089402194796372,-3.2755419122118172,-0.7375886524823074,0.2999999999997449,15.166666666666666
rsi2_m5_usd100000,2017-03-22T07:15:00+00:00,2017-03-22T08:10:00+00:00,16094,signal_exit,-0.015249999999774222,-0.20635994586974588,False,False,3300,3.737866014222031,1.233254504864791,0.41486495176509514,1.6995210306452153,0.0404918909601037,-0.7236842105262927,0.2999999999997449,7.25
rsi2_m5_usd100000,2017-03-22T08:30:00+00:00,2017-03-22T09:25:00+00:00,16109,stop,-1.6754809758851241,-22.641634809258434,True,False,3300,4.834733026638922,1.433497165935957,0.3587495650183014,-1.0722943141293442,-1.4900560242584433,-0.5957446808512247,0.20000000000131024,8.5
rsi2_m5_usd100000,2017-03-22T09:30:00+00:00,2017-03-22T09:55:00+00:00,16121,signal_exit,0.3409300000002531,4.600944669369137,False,True,1500,4.825596202275044,1.3605509336089017,-0.38302418332641747,-6.449507756476995,-1.9110641593959923,-0.8541666666666474,0.40000000000040004,9.5
rsi2_m5_usd100000,2017-03-22T11:20:00+00:00,2017-03-22T12:05:00+00:00,16143,signal_exit,-0.17035999999997037,-2.299055330633878,False,False,2700,4.5897593649185575,1.228522711887763,-0.6680471045248436,-2.194906617709865,-0.05809427690454733,-0.895833333333584,0.20000000000131024,11.333333333333334
rsi2_m5_usd100000,2017-03-22T13:40:00+00:00,2017-03-22T14:05:00+00:00,16171,signal_exit,0.3772000000000022,5.0972972972973265,False,True,1500,5.021097296060854,1.2859937285500296,-0.11664122389403277,0.16585329588107886,0.2099868762915738,-0.750000000000347,0.30000000000196536,13.666666666666666
rsi2_m5_usd100000,2017-03-22T15:50:00+00:00,2017-03-22T16:45:00+00:00,16197,signal_exit,-0.4586499999998894,-6.206359945871304,False,False,3300,5.559955119485515,1.2804258579714822,0.8264613742548981,2.2513144356076853,-1.6414259377693103,-0.41304347826056526,0.2999999999997449,15.833333333333334
rsi2_m5_usd100000,2017-03-23T08:10:00+00:00,2017-03-23T08:55:00+00:00,16391,stop,-1.1810154046681465,-15.959667630650628,True,False,2700,3.1892412319874883,1.137729288325201,0.2511549376710253,-1.5539449548725595,-2.2340780159786413,-0.5178571428572561,0.10000000000065512,8.166666666666666
rsi2_m5_usd100000,2017-03-23T09:00:00+00:00,2017-03-23T09:25:00+00:00,16401,signal_exit,0.17050000000012375,2.3009446693673916,False,True,1500,4.540309182116441,1.4791385897358966,-0.2123893254983563,-6.069906476288133,-2.4370592897564056,-0.49612403100772656,0.20000000000131024,9.0
rsi2_m5_usd100000,2017-03-23T09:45:00+00:00,2017-03-23T10:10:00+00:00,16410,signal_exit,-0.17773999999985418,-2.3954177897554474,False,False,1500,4.679803297558888,1.453559104371531,-0.7191642744851892,-5.565087578280196,-1.5949461627560793,-0.5681818181820132,0.2999999999997449,9.75
rsi2_m5_usd100000,2017-03-23T12:05:00+00:00,2017-03-23T12:40:00+00:00,16438,signal_exit,-0.22963999999986512,-3.0990553306324573,False,False,2100,4.191456709283962,1.189188714485562,-0.3518338890341324,-2.1043088554525338,-1.1897289579419985,-0.5454545454545914,0.1999999999990898,12.083333333333334
rsi2_m5_usd100000,2017-03-23T15:30:00+00:00,2017-03-23T15:55:00+00:00,16479,signal_exit,-0.20740999999971949,-2.799055330630492,False,False,1500,5.393345977173659,1.2748930642788834,-0.18427919013791966,-1.8688288183752388,-1.342335344322723,-0.5555555555556241,0.2999999999997449,15.5
rsi2_m5_usd100000,2017-03-24T09:05:00+00:00,2017-03-24T09:40:00+00:00,16685,signal_exit,0.03680000000023681,0.4972972973004974,False,True,2100,4.58157735012913,1.4714474368144215,0.5778552095649072,5.950340277085645,0.7988683261156407,-0.9555555555557639,0.2999999999997449,9.083333333333334
rsi2_m5_usd100000,2017-03-24T11:00:00+00:00,2017-03-24T11:45:00+00:00,16708,signal_exit,-0.3404099999999353,-4.606359945871926,False,False,2700,4.517070676145889,1.3330820064728706,1.7083246060646504,6.500021216925681,-0.07805395101201686,-0.4218750000003524,0.20000000000131024,11.0
rsi2_m5_usd100000,2017-03-24T12:40:00+00:00,2017-03-24T12:55:00+00:00,16728,signal_exit,0.25140000000016394,3.3972972972995126,False,True,900,3.8118501568252348,1.1173578350135522,1.3731609250880914,3.9638244444846658,-1.4905404911307112,-0.35135135135127027,0.09999999999843467,12.666666666666666
rsi2_m5_usd100000,2017-03-24T13:20:00+00:00,2017-03-24T14:25:00+00:00,16736,signal_exit,-0.18519999999990305,-2.5027027027013924,False,False,3900,4.11956709256893,1.177984782063471,1.2421067138109496,4.114627918859692,-0.9207338755341001,-0.5217391304346007,0.1999999999990898,13.333333333333334
rsi2_m5_usd100000,2017-03-27T08:05:00+00:00,2017-03-27T08:10:00+00:00,16958,signal_exit,0.07195000000014956,0.9789115646278851,False,True,300,4.640242872244421,1.3615432829646787,2.209385055713774,8.506917147551178,-0.17305333743645634,-0.20000000000008075,0.2999999999997449,8.083333333333334
rsi2_m5_usd100000,2017-03-27T08:55:00+00:00,2017-03-27T09:35:00+00:00,16968,signal_exit,-0.2883199999997615,-3.917391304344585,False,False,2400,4.098238710882784,1.1961733594509039,2.233461667511873,6.290326212590003,-2.5674070137852807,-0.7384615384615489,0.2999999999997449,8.916666666666666
rsi2_m5_usd100000,2017-03-27T10:30:00+00:00,2017-03-27T11:30:00+00:00,16987,signal_exit,-0.11914999999995995,-1.6210884353736048,False,False,3600,3.4035143398698233,0.9996829918230278,1.6433045356175606,6.863578736170651,0.6247046905726584,-0.2777777777782575,0.20000000000131024,10.5
rsi2_m5_usd100000,2017-03-27T13:35:00+00:00,2017-03-27T14:10:00+00:00,17024,signal_exit,-0.6178099999998075,-8.428512960433935,False,False,2100,4.724836690762683,1.288315018392428,2.5968451796215053,10.056881484400714,-0.06598850145504898,-0.6875000000000216,0.2999999999997449,13.583333333333334
rsi2_m5_usd100000,2017-03-27T15:40:00+00:00,2017-03-27T15:50:00+00:00,17049,signal_exit,0.1523200000001894,2.0752043596756047,False,True,600,4.214679132682393,1.095487156539116,1.5792252646463125,4.9456507079691265,-1.0374519743453252,-0.925925925926261,0.20000000000131024,15.666666666666666
rsi2_m5_usd100000,2017-03-28T08:20:00+00:00,2017-03-28T08:45:00+00:00,17245,signal_exit,0.22009000000013376,2.9862957937602954,False,True,1500,4.4613079292593865,1.4632053399769374,-0.6042618495641663,-5.292840878999576,-2.128844435529251,-0.5573770491803398,0.2999999999997449,8.333333333333334
rsi2_m5_usd100000,2017-03-28T11:00:00+00:00,2017-03-28T11:45:00+00:00,17277,signal_exit,-0.16319999999992235,-2.217391304346771,False,False,2700,3.243100824928717,1.0338249853551549,-0.15944807425820387,-2.2115323396091475,-3.124704434543038,-0.6428571428568597,0.1999999999990898,11.0
rsi2_m5_usd100000,2017-03-28T12:50:00+00:00,2017-03-28T13:15:00+00:00,17299,signal_exit,0.1606400000000747,2.1826086956531885,False,True,1500,4.154904516556938,1.2362515977567576,-0.31158101768774005,-0.9206904616331748,0.10248110690775103,-0.48571428571419506,0.20000000000131024,12.833333333333334
rsi2_m5_usd100000,2017-03-28T14:10:00+00:00,2017-03-28T14:20:00+00:00,17315,target,0.40806292900178254,5.54433327448074,False,True,600,4.4308622894134935,1.267839483763666,0.11340718918971679,-0.42240684146357127,-0.8728541769391728,-0.7971014492753437,0.20000000000131024,14.166666666666666
rsi2_m5_usd100000,2017-03-28T15:10:00+00:00,2017-03-28T16:30:00+00:00,17327,holding_bars,-1.4070399999999,-19.117391304346466,False,False,4800,4.842338002027767,1.3168820757711313,0.29394650464451494,-0.3095642583545341,-1.5504406840136464,-0.6190476190476694,0.10000000000065512,15.166666666666666
rsi2_m5_usd100000,2017-03-29T07:25:00+00:00,2017-03-29T07:55:00+00:00,17513,signal_exit,-0.3405999999997709,-4.602702702699607,False,False,1800,4.934043457094427,1.4324623324144239,-1.5940342891353596,-8.95895357335319,-1.4785436767797773,-0.7343749999999838,0.2999999999997449,7.416666666666667
rsi2_m5_usd100000,2017-03-29T09:05:00+00:00,2017-03-29T09:30:00+00:00,17533,signal_exit,0.08158000000003479,1.1009446693661915,False,True,1500,4.545465351671632,1.2385903391814554,-1.928697660418577,-7.91733853176447,-0.6343922461674117,-0.6666666666664904,0.2999999999997449,9.083333333333334
rsi2_m5_usd100000,2017-03-29T10:40:00+00:00,2017-03-29T11:15:00+00:00,17552,signal_exit,-0.0073399999998896015,-0.09905533063278814,False,False,2100,3.2290116814070955,0.9157459470905098,-1.577419614938962,-6.239287975199066,-0.6710106896289544,-0.48484848484905574,0.20000000000131024,10.666666666666666
rsi2_m5_usd100000,2017-03-29T11:40:00+00:00,2017-03-29T11:50:00+00:00,17564,stop,-1.4139683486924055,-19.081894044431923,True,False,600,3.89570967844949,1.0878383191229088,-1.4013797639650596,-7.50035781541798,-2.9278968493889352,-0.7433628318585114,0.40000000000040004,11.666666666666666
rsi2_m5_usd100000,2017-03-29T11:55:00+00:00,2017-03-29T12:25:00+00:00,17567,signal_exit,-0.0513999999998514,-0.6917900403748506,False,False,1800,6.3757558905077145,1.6127404346895589,-1.3627494132008144,-13.66428809597615,-4.002995235765752,-0.8461538461538326,0.4999999999988347,11.916666666666666
rsi2_m5_usd100000,2017-03-29T13:15:00+00:00,2017-03-29T13:40:00+00:00,17583,signal_exit,0.149210000000143,2.008209959625074,False,True,1500,6.501405999976981,1.4766095672089328,-2.1683724271130314,-10.481987771860105,-0.6074336117189493,-0.684210526315769,0.2999999999997449,13.25
rsi2_m5_usd100000,2017-03-29T14:15:00+00:00,2017-03-29T14:30:00+00:00,17595,signal_exit,0.17150000000012408,2.3082099596248193,False,True,900,5.676977725537173,1.2635825199466177,-2.2831291105413754,-10.069241253033892,-1.496685801586619,-0.6769230769230297,0.2999999999997449,14.25
rsi2_m5_usd100000,2017-03-29T15:00:00+00:00,2017-03-29T15:30:00+00:00,17604,signal_exit,0.4984200000001211,6.708209959624779,False,True,1800,5.312918100509873,1.1735630504228907,-2.1814776566411416,-9.1455113329763,-1.1354551816935001,-0.7457627118642856,0.1999999999990898,15.0
rsi2_m5_usd100000,2017-03-29T15:45:00+00:00,2017-03-29T16:00:00+00:00,17613,signal_exit,0.2012200000001538,2.7082099596252194,False,True,900,5.103629436714416,1.1218966917686917,-1.9555302188904158,-8.349603009651062,-1.2507707810700004,-0.5846153846154214,0.20000000000131024,15.75
rsi2_m5_usd100000,2017-03-30T07:45:00+00:00,2017-03-30T08:30:00+00:00,17801,signal_exit,-0.7059199999998451,-9.48817204300867,False,False,2700,4.491061750491807,1.4436151076023307,-0.42090174228539484,-5.092362264583835,-2.19418282202902,-0.37037037037033993,0.2999999999997449,7.75
rsi2_m5_usd100000,2017-03-30T09:00:00+00:00,2017-03-30T09:05:00+00:00,17816,target,0.38279191069001794,5.145052563037876,False,True,300,4.166612303023998,1.27537600839636,-1.2441369065287817,-7.437292728181255,-1.2386212178409375,-0.8163265306124391,0.10000000000065512,9.0
rsi2_m5_usd100000,2017-03-30T11:50:00+00:00,2017-03-30T12:20:00+00:00,17850,signal_exit,-0.11071999999991072,-1.4881720430095529,False,False,1800,3.711237088263259,1.06881747361333,-0.9304695111929681,-3.624386601419717,-0.4082446109045463,-0.5588235294121489,0.10000000000065512,11.833333333333334
rsi2_m5_usd100000,2017-03-30T12:40:00+00:00,2017-03-30T13:25:00+00:00,17860,target,0.34041805723151985,4.57551152192903,False,True,2700,3.981841782469156,1.1270118704379257,-0.8714205315271936,-5.222824703282174,-2.106759643312523,-0.3333333333333333,0.2999999999997449,12.666666666666666
rsi2_m5_usd100000,2017-03-30T14:00:00+00:00,2017-03-30T14:40:00+00:00,17876,signal_exit,-0.1999999999998348,-2.688172043008532,False,False,2400,6.231334985697128,1.5355918239726831,-0.9252499092586522,-3.510495455658565,0.03769461820944297,-0.5416666666664739,0.1999999999990898,14.0
rsi2_m5_usd100000,2017-03-30T15:30:00+00:00,2017-03-30T16:50:00+00:00,17894,holding_bars,-0.6395499999997365,-8.584563758385725,False,False,4800,4.774301095348007,1.1650070551834792,-0.7070199412803735,-4.307116156989841,-2.0274160922042945,-0.8000000000012435,0.0,15.5
rsi2_m5_usd100000,2017-03-31T09:05:00+00:00,2017-03-31T09:55:00+00:00,18102,stop,-1.3934359426301728,-18.653760945517707,True,False,3000,3.8440961935421982,1.1874713630471974,-0.09329319540047946,-0.3467830397293816,-0.45247273302094815,-0.6800000000000889,0.1999999999990898,9.083333333333334
rsi2_m5_usd100000,2017-03-31T10:00:00+00:00,2017-03-31T10:20:00+00:00,18113,target,0.37071513462314787,4.9494677519779415,False,True,1200,4.159847360634207,1.2471349591046377,-0.19579665278474684,-6.167892828741594,-2.83584919567067,-0.826530612244891,0.2999999999997449,10.0
rsi2_m5_usd100000,2017-03-31T12:45:00+00:00,2017-03-31T13:10:00+00:00,18146,signal_exit,-0.26731999999994277,-3.573796791443085,False,False,1500,4.329436059936319,1.2249441801211451,-0.33429764368959125,-1.8263000197815513,-1.0765621720980902,-0.07407407407456142,0.20000000000131024,12.75
rsi2_m5_usd100000,2017-03-31T13:50:00+00:00,2017-03-31T14:50:00+00:00,18159,signal_exit,-0.5739999999997927,-7.673796791441077,False,False,3600,4.917902974074262,1.3027810553785533,-0.1915967026739238,-0.5323878922485992,0.1270787581534226,-0.5925925925927906,0.2999999999997449,13.833333333333334
rsi2_m5_usd100000,2017-04-03T07:25:00+00:00,2017-04-03T08:00:00+00:00,18365,signal_exit,-0.2224699999998146,-2.9702269692899144,False,False,2100,3.5581597284741924,1.228995207808417,-0.44337203469095327,-3.612571644553106,-1.268872815270588,-0.3658536585367967,0.0,7.416666666666667
rsi2_m5_usd100000,2017-04-03T09:30:00+00:00,2017-04-03T10:50:00+00:00,18390,holding_bars,-0.9415099999998684,-12.570226969290632,False,False,4800,3.9263394266807508,1.2282296919932105,-0.5906611370774779,-2.92729404682179,-1.086591082623312,-0.25,0.2999999999997449,9.5
rsi2_m5_usd100000,2017-04-03T13:10:00+00:00,2017-04-03T13:30:00+00:00,18434,signal_exit,0.04717000000012245,0.629773030709245,False,True,1200,3.402452107260948,1.066794789109258,-0.8786864051662483,-2.9670334681450763,-0.0390859438295703,-0.5641025641026809,0.20000000000131024,13.166666666666666
rsi2_m5_usd100000,2017-04-03T14:40:00+00:00,2017-04-03T14:55:00+00:00,18452,stop,-1.4349587094598075,-19.158327229102902,True,False,900,3.972025064953538,1.1959474761704394,-0.21428854143912074,-0.4553846147090948,0.21223266897092743,-0.5714285714282316,0.1999999999990898,14.666666666666666
rsi2_m5_usd100000,2017-04-03T15:00:00+00:00,2017-04-03T15:30:00+00:00,18456,signal_exit,-0.2674999999997761,-3.566666666663681,False,False,1800,4.836948351732004,1.3933511609194156,-0.18955554135660804,-4.342315421479882,-2.5853959722224396,-0.8245614035088016,0.2999999999997449,15.0
rsi2_m5_usd100000,2017-04-04T07:15:00+00:00,2017-04-04T07:30:00+00:00,18643,signal_exit,0.017500000000092608,0.23333333333456807,False,True,900,3.3122880993004955,1.2495282903032827,-0.5022469073528409,-4.631545194368617,-1.2489907233677657,-0.7241379310341132,0.2999999999997449,7.25
rsi2_m5_usd100000,2017-04-04T07:40:00+00:00,2017-04-04T08:05:00+00:00,18648,target,0.32410341075909144,4.321378810121219,False,True,1500,3.844022738393157,1.3886197187277058,-0.7149031440184264,-6.44882366528173,-2.810531754868915,-0.7538461538459226,0.2999999999997449,7.666666666666667
rsi2_m5_usd100000,2017-04-04T09:25:00+00:00,2017-04-04T09:40:00+00:00,18669,target,0.23552670042396048,3.1403560056528064,False,True,900,3.303511336157764,1.159609525379388,-0.7786304842134167,-4.046987593584067,-1.1653289113223027,-0.861111111111094,0.3999999999981796,9.416666666666666
rsi2_m5_usd100000,2017-04-04T10:25:00+00:00,2017-04-04T10:40:00+00:00,18681,stop,-1.2574501192850418,-16.766001590467223,True,False,900,3.3498337309505444,1.145045855210896,-0.593711285808908,-3.396711494192253,-1.2120791232993817,-0.9259259259254385,0.2999999999997449,10.416666666666666
rsi2_m5_usd100000,2017-04-04T10:45:00+00:00,2017-04-04T11:10:00+00:00,18685,signal_exit,0.04783000000028953,0.6368841544645742,False,True,1500,4.415543033883703,1.4235900108863282,-0.6491267678730506,-6.7867214640074955,-2.9449248805269685,-0.3701298701300181,0.2999999999997449,10.75
rsi2_m5_usd100000,2017-04-04T13:20:00+00:00,2017-04-04T13:25:00+00:00,18716,target,0.31571992861559894,4.209599048207986,False,True,300,3.7381328574355757,1.142748074291491,-0.5960279881612782,-2.194901234895879,-0.3598393915201165,-0.645161290322442,0.1999999999990898,13.333333333333334
rsi2_m5_usd100000,2017-04-05T07:45:00+00:00,2017-04-05T08:35:00+00:00,18936,signal_exit,-0.3720399999997983,-4.973796791441154,False,False,3000,3.6706154168056884,1.4996566722978673,0.43529926750238007,2.536632784143589,0.29177944384643045,-0.7400000000000444,0.2999999999997449,7.75
rsi2_m5_usd100000,2017-04-05T09:00:00+00:00,2017-04-05T10:00:00+00:00,18951,signal_exit,-0.6562799999998334,-8.773796791441622,False,False,3600,3.7822447535028965,1.4395542575238869,0.5590596753040867,0.25772791016369606,-0.9745863330063551,-0.06818181818226549,0.20000000000131024,9.0
rsi2_m5_usd100000,2017-04-05T11:20:00+00:00,2017-04-05T11:30:00+00:00,18979,signal_exit,0.10709000000001606,1.4297730307078247,False,True,600,3.0408447001781607,1.0985116175990735,-0.4631813555339336,-2.3557140473468157,-1.219035810997651,-0.5405405405405082,0.10000000000065512,11.333333333333334
rsi2_m5_usd100000,2017-04-05T12:20:00+00:00,2017-04-05T12:25:00+00:00,18991,target,0.5982611237873916,7.976814983831888,False,True,300,5.671740825248732,1.7433369933932257,-0.034457275192688694,-4.372508188949043,-2.1951161220058126,-0.8423076923077656,0.2999999999997449,12.333333333333334
rsi2_m5_usd100000,2017-04-05T13:15:00+00:00,2017-04-05T14:00:00+00:00,19002,signal_exit,-0.2224699999998146,-2.9702269692899144,False,False,2700,5.49435475728567,1.5651031841713723,-0.06006075718362587,-2.442833622650929,-1.1785885009512393,-0.5172413793102656,0.2999999999997449,13.25
rsi2_m5_usd100000,2017-04-05T14:20:00+00:00,2017-04-05T14:35:00+00:00,19015,signal_exit,0.2650000000002153,3.5333333333362034,False,True,900,5.237711101879534,1.4226611369151554,-0.49895745590839197,-3.4464256445965016,-1.556552265460726,-0.7142857142857143,0.2999999999997449,14.333333333333334
rsi2_m5_usd100000,2017-04-05T15:00:00+00:00,2017-04-05T15:15:00+00:00,19023,signal_exit,0.062150000000220584,0.8297730307105552,False,True,900,4.936102099828786,1.3154829294675106,-0.5117836917777094,-2.2257837214726677,-0.35135658902721323,-0.34545454545449406,0.09999999999843467,15.0
rsi2_m5_usd100000,2017-04-05T15:40:00+00:00,2017-04-05T16:00:00+00:00,19031,signal_exit,-0.042499999999800864,-0.5666666666640114,False,False,1200,4.448402822363238,1.184687331415312,-0.4683450799665092,-3.283712001135054,-2.1968163495837003,-0.8627450980391901,0.2999999999997449,15.666666666666666
rsi2_m5_usd100000,2017-04-06T07:05:00+00:00,2017-04-06T07:05:00+00:00,19214,stop,-1.2149321054667255,-16.22072236938218,True,False,0,3.2376238500231875,1.0717366685360583,0.26463274969137895,-0.652791861300807,-1.865393661366038,-0.7083333333334586,0.1999999999990898,7.083333333333333
rsi2_m5_usd100000,2017-04-06T07:10:00+00:00,2017-04-06T07:15:00+00:00,19215,stop,-1.604409501077786,-21.392126681037144,True,False,300,4.556365003592964,1.4170060240498419,0.1700215009217891,-6.6728253346776345,-3.9207117001978062,-0.9078341013824989,0.10000000000065512,7.166666666666667
rsi2_m5_usd100000,2017-04-06T07:20:00+00:00,2017-04-06T07:25:00+00:00,19217,target,0.6682727709966116,8.886605997295367,False,True,300,6.073090232689988,1.7509282019177554,-0.04505544615644264,-11.997051910854406,-3.302634517917881,-0.9798994974874187,0.20000000000131024,7.333333333333333
rsi2_m5_usd100000,2017-04-06T10:15:00+00:00,2017-04-06T10:55:00+00:00,19252,signal_exit,0.1445400000000951,1.9297730307088798,False,True,2400,3.564293877535073,0.9744065523942418,-0.38470503822875607,-1.051529894094859,-0.11712826710698056,-0.7931034482759677,0.2999999999997449,10.25
rsi2_m5_usd100000,2017-04-06T12:30:00+00:00,2017-04-06T12:55:00+00:00,19279,signal_exit,-0.03521999999991837,-0.47022696929130003,False,False,1500,5.2204809577298255,1.3130042727944686,-0.04674964283962981,-1.9802379999262942,-1.8109807831264157,-0.5263157894740071,0.8000000000008001,12.5
rsi2_m5_usd100000,2017-04-06T15:20:00+00:00,2017-04-06T16:15:00+00:00,19313,signal_exit,0.06250000000005435,0.8333333333340579,False,True,3300,4.062734045030718,1.0347292749229284,-0.4274793193882914,-3.1509288398067734,-2.088181243238471,-0.6428571428569918,0.1999999999990898,15.333333333333334
rsi2_m5_usd100000,2017-04-07T07:20:00+00:00,2017-04-07T08:05:00+00:00,19496,signal_exit,-0.13991999999993993,-1.8631158455384809,False,False,2700,3.435122547574677,1.176998697774819,-0.12921715932870148,-3.9308082504376,-3.2623366269780076,-0.7073170731707251,0.40000000000040004,7.333333333333333
rsi2_m5_usd100000,2017-04-07T08:30:00+00:00,2017-04-07T09:25:00+00:00,19510,signal_exit,-0.33517999999988507,-4.46311584553775,False,False,3300,3.348872186800052,1.1169480399250284,-0.5890307595239688,-3.939502387704894,-1.0604979463097877,-0.6176470588236447,0.30000000000196536,8.5
rsi2_m5_usd100000,2017-04-07T10:25:00+00:00,2017-04-07T11:30:00+00:00,19533,signal_exit,-0.5003999999998001,-6.663115845536619,False,False,3900,3.0734678046323496,1.0154411569783612,-0.9011347916810514,-3.8003925351196504,-0.6042308558752879,-0.6060606060606468,0.2999999999997449,10.416666666666666
rsi2_m5_usd100000,2017-04-07T12:55:00+00:00,2017-04-07T13:45:00+00:00,19563,signal_exit,0.5981800000002131,7.943957503322883,False,True,3000,9.123446847632941,2.239577804428155,-0.7343281523633135,-6.890942364825435,-2.4056925332009245,-0.8571428571429296,0.2999999999997449,12.916666666666666
rsi2_m5_usd100000,2017-04-07T14:35:00+00:00,2017-04-07T15:15:00+00:00,19583,signal_exit,-0.18495999999990148,-2.459574468083796,False,False,2400,7.190619113594391,1.5652622717003692,-0.7871013811762714,-4.191253387527733,-1.0479871493034492,-0.8095238095238296,0.20000000000131024,14.583333333333334
rsi2_m5_usd100000,2017-04-07T15:35:00+00:00,2017-04-07T16:05:00+00:00,19595,signal_exit,-0.2075199999998823,-2.759574468083541,False,False,1800,5.451515864852365,1.192186479986762,-0.8306839185858588,-4.318345128609216,-0.9792860211959278,-0.2083333333328322,0.2999999999997449,15.583333333333334
rsi2_m5_usd100000,2017-04-10T09:35:00+00:00,2017-04-10T10:30:00+00:00,19802,signal_exit,-0.29814999999997244,-3.949006622516191,False,False,3300,3.1395244064729075,1.05930731106757,-0.6440927214246789,-3.9072868841703103,-1.4508215547978984,-0.7391304347825387,0.20000000000131024,9.583333333333334
rsi2_m5_usd100000,2017-04-10T12:20:00+00:00,2017-04-10T12:35:00+00:00,19835,target,0.21619000908651118,2.8634438289604125,False,True,900,3.156225225737256,1.0693458296693132,-0.9132348239600071,-4.6098501499999385,-1.1634589939378344,-0.700000000000222,0.40000000000040004,12.333333333333334
rsi2_m5_usd100000,2017-04-11T09:20:00+00:00,2017-04-11T09:25:00+00:00,20084,target,0.2841643910450429,3.7687585019236454,False,True,300,3.5106391979103475,1.2807851023938235,0.44063201550302944,3.1481923138537096,0.6495072912101951,-0.11111111111056285,0.1999999999990898,9.333333333333334
rsi2_m5_usd100000,2017-04-11T10:50:00+00:00,2017-04-11T11:35:00+00:00,20102,signal_exit,-0.36565999999991483,-4.856042496678816,False,False,2700,3.5386552278303056,1.2170114859130552,1.3153766587073843,6.627587705803067,0.6995594259034256,-0.5263157894732536,0.2999999999997449,10.833333333333334
rsi2_m5_usd100000,2017-04-11T12:55:00+00:00,2017-04-11T13:20:00+00:00,20127,target,0.2156198880716564,2.863477929238465,False,True,1500,3.109760212959114,1.0666610870664057,1.3500950560348997,3.1669525400180403,-2.129339796406234,-0.9767441860468719,0.30000000000196536,12.916666666666666
rsi2_m5_usd100000,2017-04-11T15:25:00+00:00,2017-04-11T16:45:00+00:00,20157,holding_bars,-1.0422399999998404,-13.859574468082984,False,False,4800,4.70279175972374,1.4217633100409848,1.174096335466856,5.1488722186294575,0.3314298665739797,-0.5806451612897681,0.09999999999843467,15.416666666666666
rsi2_m5_usd100000,2017-04-12T09:25:00+00:00,2017-04-12T10:05:00+00:00,20369,stop,-1.2059006518463062,-16.014616890389192,True,False,2400,3.1896435984274585,1.254157947689076,0.9590392334889356,2.089407014932091,-1.62450417569566,-0.5714285714283902,0.20000000000131024,9.416666666666666
rsi2_m5_usd100000,2017-04-12T10:35:00+00:00,2017-04-12T11:55:00+00:00,20383,holding_bars,-0.4033099999998271,-5.3560424966776505,False,False,4800,3.1024445315621088,1.1784275729516172,0.24063111776794519,-2.665486544138649,-1.3008941210629623,-0.714285714284959,0.2999999999997449,10.583333333333334
rsi2_m5_usd100000,2017-04-13T07:00:00+00:00,2017-04-13T07:20:00+00:00,20623,signal_exit,0.18250000000017438,2.4333333333356584,False,True,1200,3.7263125706295805,1.1337366182387578,1.270496200009117,0.09474449278444541,-2.525426812519152,-0.5476190476191105,0.1999999999990898,7.0
rsi2_m5_usd100000,2017-04-13T07:40:00+00:00,2017-04-13T08:15:00+00:00,20631,signal_exit,-0.09499999999997827,-1.2666666666663768,False,False,2100,4.191888685960913,1.2309770018017456,0.7362954262289229,-1.630585431193594,-1.633433591787056,-0.9571428571425853,0.20000000000131024,7.666666666666667
rsi2_m5_usd100000,2017-04-13T08:40:00+00:00,2017-04-13T09:05:00+00:00,20643,signal_exit,0.07036000000010362,0.9368841544620987,False,True,1500,3.8905308037845967,1.1330020934250398,-0.11415154348599928,-2.789533481848711,-1.6758116823937121,-0.6842105263159125,0.2999999999997449,8.666666666666666
rsi2_m5_usd100000,2017-04-13T09:40:00+00:00,2017-04-13T10:20:00+00:00,20655,signal_exit,0.047830000000122774,0.6368841544623538,False,True,2400,3.737512608128643,1.0778957077566202,-0.46376827341073784,-2.925698063957187,-1.4456050756721053,-0.43749999999995665,0.10000000000065512,9.666666666666666
rsi2_m5_usd100000,2017-04-13T11:35:00+00:00,2017-04-13T12:15:00+00:00,20678,signal_exit,-0.5905199999998902,-7.863115845537819,False,False,2400,3.1316167395534666,0.9283930454280467,-0.6689893414036324,-4.117790876293907,-2.035437132655848,-0.9000000000002221,0.1999999999990898,11.583333333333334
rsi2_m5_usd100000,2017-04-13T13:40:00+00:00,2017-04-13T14:20:00+00:00,20703,signal_exit,-0.3804799999998465,-5.059574468083065,False,False,2400,4.015573820246855,1.1403589651163304,-1.2202355157094438,-6.457509780004124,-2.1234206600379495,-0.6704545454546544,0.10000000000065512,13.666666666666666
rsi2_m5_usd100000,2017-04-13T15:55:00+00:00,2017-04-13T16:50:00+00:00,20730,signal_exit,-0.10975999999990976,-1.4595744680839062,False,False,3300,3.507394586103885,0.975527276911928,-1.0379586801422047,-3.273840216602338,0.0964682961814699,-0.6000000000002961,0.10000000000065512,15.916666666666666
rsi2_m5_usd100000,2017-04-14T13:45:00+00:00,2017-04-14T14:35:00+00:00,20984,signal_exit,-0.36543999999991494,-4.859574468083975,False,False,3000,3.068533646739616,1.1313586843127097,0.17354684777261067,0.9358742770915017,0.018828418915920086,-0.5714285714290246,0.6000000000017103,13.75
rsi2_m5_usd100000,2017-04-17T07:50:00+00:00,2017-04-17T08:15:00+00:00,21187,signal_exit,-0.012249999999937311,-0.1631158455384462,False,False,1500,3.18119791682833,1.3881212672941068,1.0104696925993286,7.399025152020081,0.7460642084592669,-0.6071428571427439,0.20000000000131024,7.833333333333333
rsi2_m5_usd100000,2017-04-17T08:30:00+00:00,2017-04-17T09:55:00+00:00,21195,holding_bars,-0.7632499999998545,-10.163115845537343,False,False,5100,3.4669950186557315,1.4555821825313604,1.5287961571096065,4.474890607213727,-0.7331221464126034,-0.5766423357662719,0.1999999999990898,8.5
rsi2_m5_usd100000,2017-04-17T15:30:00+00:00,2017-04-17T16:00:00+00:00,21276,signal_exit,-0.08764999999992923,-1.1702269692914449,False,False,1800,3.468409900140393,1.2548297940623603,2.430059050530913,8.558894410149941,-0.8691900561502103,-0.7906976744187487,0.2999999999997449,15.5
rsi2_m5_usd100000,2017-04-18T07:20:00+00:00,2017-04-18T07:35:00+00:00,21457,signal_exit,0.17500000000012525,2.3333333333350033,False,True,900,3.4687701106784474,1.3400035206245264,0.22541725024594753,-0.3452491809451342,-1.5166402753497812,-0.6329113924052199,0.20000000000131024,7.333333333333333
rsi2_m5_usd100000,2017-04-18T10:10:00+00:00,2017-04-18T10:40:00+00:00,21491,signal_exit,-0.10999999999991,-1.4666666666654666,False,False,1800,3.5204724453538794,1.2599982182884373,0.622757525694169,2.4317820848128227,-0.11696269696443456,-0.41791044776117425,0.20000000000131024,10.166666666666666
rsi2_m5_usd100000,2017-04-18T13:45:00+00:00,2017-04-18T14:05:00+00:00,21534,target,0.45084193554289187,6.0272986035145975,False,True,1200,4.700547697477852,1.3454523846041688,2.3185018445944676,7.354247591691009,-1.1439422727655657,-0.9166666666668517,0.2999999999997449,13.75
rsi2_m5_usd100000,2017-04-19T08:05:00+00:00,2017-04-19T09:20:00+00:00,21751,stop,-1.453807980246824,-19.514201077138576,True,False,4500,4.057409329687284,1.4385251376635078,0.9377737920754525,3.7812031596258873,-0.06992034713024992,-0.8275862068965781,0.20000000000131024,8.083333333333334
rsi2_m5_usd100000,2017-04-19T09:25:00+00:00,2017-04-19T09:35:00+00:00,21767,target,0.31603579995487974,4.236404825132436,False,True,600,3.7586849862913883,1.2716772276256956,0.4951742190162432,-1.814563394961508,-1.3604869282910508,-0.13793103448294344,0.1999999999990898,9.416666666666666
rsi2_m5_usd100000,2017-04-19T11:25:00+00:00,2017-04-19T12:10:00+00:00,21791,signal_exit,-0.2521499999998454,-3.3845637583871864,False,False,2700,3.3275206547809044,1.093489746700609,0.5695601844904936,2.1371876361781283,-0.3895436359983329,-0.6538461538460717,0.10000000000065512,11.416666666666666
rsi2_m5_usd100000,2017-04-19T13:00:00+00:00,2017-04-19T13:25:00+00:00,21810,signal_exit,-0.04354999999980219,-0.5845637583866066,False,False,1500,3.5597072345349035,1.1357259140990028,0.48129674515733056,0.44502093353559696,-1.4477790258629757,-0.8444444444444335,0.1999999999990898,13.0
rsi2_m5_usd100000,2017-04-19T13:40:00+00:00,2017-04-19T14:30:00+00:00,21818,signal_exit,-0.45364000000000515,-6.080965147453152,False,False,3000,3.493255432147596,1.1108953919793099,0.25503965114624366,-1.632049211497483,-2.587293756133075,-0.642857142857511,0.20000000000131024,13.666666666666666
rsi2_m5_usd100000,2017-04-19T15:00:00+00:00,2017-04-19T16:10:00+00:00,21834,signal_exit,-0.4760199999998205,-6.380965147450676,False,False,4200,4.272473443727147,1.269325621160372,-0.2590090511915819,-1.4656713929101883,-0.19822453388639083,-0.5394736842106455,0.0,15.0
rsi2_m5_usd100000,2017-04-20T09:55:00+00:00,2017-04-20T11:15:00+00:00,22056,holding_bars,-1.2758999999997993,-17.195417789754707,False,False,4800,4.636568943537226,1.4403826935745996,2.94746250628096,10.19011448191248,-0.8874099336104198,-0.8695652173913883,0.1999999999990898,9.916666666666666
rsi2_m5_usd100000,2017-04-20T11:20:00+00:00,2017-04-20T12:20:00+00:00,22073,signal_exit,0.02290000000014042,0.3082099596250393,False,True,3600,3.9618330444003167,1.207501739768873,2.125363997841456,2.939311204643592,-2.280701746099779,-0.8524590163935679,0.1999999999990898,11.333333333333334
rsi2_m5_usd100000,2017-04-20T14:20:00+00:00,2017-04-20T14:40:00+00:00,22109,signal_exit,0.2012200000001538,2.7082099596252194,False,True,1200,4.4519222627306165,1.263381018104508,1.365215354737946,4.679265397226993,-0.3374796407701839,-0.7215189873418612,0.2999999999997449,14.333333333333334
rsi2_m5_usd100000,2017-04-21T07:40:00+00:00,2017-04-21T08:25:00+00:00,22314,signal_exit,-0.334099999999886,-4.484563758387731,False,False,2700,4.173243865497523,1.547759113898771,-0.11582006163904714,0.9541157497016957,0.4355218047483479,-0.9056603773578977,0.1999999999990898,7.666666666666667
rsi2_m5_usd100000,2017-04-21T08:40:00+00:00,2017-04-21T09:10:00+00:00,22326,stop,-1.5235405052778461,-20.450208124534843,True,False,1800,4.316411091536522,1.4878310476802241,0.15332488977230788,-1.847522165960907,-1.5800457521277143,-0.6206896551728627,0.10000000000065512,8.666666666666666
rsi2_m5_usd100000,2017-04-21T09:15:00+00:00,2017-04-21T10:35:00+00:00,22333,holding_bars,-1.2369399999998363,-16.580965147450886,False,False,4800,5.148512212024295,1.6462939804936807,-0.13199457777452409,-5.989073815587524,-2.6014593288192582,-0.011494252873636559,0.2999999999997449,9.25
rsi2_m5_usd100000,2017-04-21T11:20:00+00:00,2017-04-21T11:25:00+00:00,22358,target,0.41703501773201945,5.5827980954754945,False,True,300,4.480087133413085,1.301717025825082,-1.4141422183139725,-6.893940061281968,-1.117383724220309,-0.5636363636359673,0.2999999999997449,11.333333333333334
rsi2_m5_usd100000,2017-04-21T12:00:00+00:00,2017-04-21T12:10:00+00:00,22366,target,0.42637728998939695,5.707861981116425,False,True,600,4.542619076233141,1.285752213206365,-1.3813809856779535,-7.054847330399433,-1.6724822379953765,-0.842696629213671,0.2999999999997449,12.0
rsi2_m5_usd100000,2017-04-21T13:25:00+00:00,2017-04-21T13:45:00+00:00,22383,signal_exit,0.14362000000009484,1.9226238286491946,False,True,1200,4.452828065551716,1.2202899013120636,-0.9719738515861089,-3.859884282783216,-0.17287559769352964,-0.7192982456141239,0.10000000000065512,13.416666666666666
rsi2_m5_usd100000,2017-04-21T14:00:00+00:00,2017-04-21T14:25:00+00:00,22390,signal_exit,0.1510900000001438,2.02262382864985,False,True,1500,4.184839397515404,1.1457356945153678,-0.8407024403828431,-4.09425015533031,-1.901785060653779,-0.766233766233946,0.8999999999992347,14.0
rsi2_m5_usd100000,2017-04-21T14:40:00+00:00,2017-04-21T15:15:00+00:00,22398,signal_exit,0.05398000000017106,0.722623828650215,False,True,2100,5.243791337076112,1.3466480168442443,-0.7458965921636551,-4.723292006302815,-1.7296454718035978,-0.7763157894739341,0.0,14.666666666666666
rsi2_m5_usd100000,2017-04-21T15:50:00+00:00,2017-04-21T16:20:00+00:00,22412,signal_exit,0.09133000000024988,1.22262382865127,False,True,1800,5.260234281926716,1.2865882220203384,-0.9117419461307713,-4.835381377425443,-1.3207765998112688,-0.946428571428628,0.0,15.833333333333334
rsi2_m5_usd100000,2017-04-24T08:40:00+00:00,2017-04-24T09:10:00+00:00,22612,signal_exit,0.30784000000022194,4.182608695655189,False,True,1800,7.728437652677745,1.1664288548146589,1.4509361344006024,5.839946560188427,0.12793886504999807,-0.8651685393259324,0.2999999999997449,8.666666666666666
rsi2_m5_usd100000,2017-04-24T10:30:00+00:00,2017-04-24T11:10:00+00:00,22634,signal_exit,-0.42049999999981247,-5.721088435371598,False,False,2400,5.734517520989385,0.8958595570404204,1.652712544569422,5.791740601524121,-0.6275024805218435,-0.13793103448283783,0.1999999999990898,10.5
rsi2_m5_usd100000,2017-04-24T11:50:00+00:00,2017-04-24T12:25:00+00:00,22650,signal_exit,-0.16319999999975893,-2.2173913043445506,False,False,2100,5.001273681281252,0.8119969716198325,1.2502496660606122,2.8259119179925176,-1.7239418841390546,-0.6385542168675569,0.10000000000065512,11.833333333333334
rsi2_m5_usd100000,2017-04-24T14:45:00+00:00,2017-04-24T15:05:00+00:00,22685,signal_exit,0.3520000000001844,4.7826086956546785,False,True,1200,5.302871023148887,0.8945206937735941,1.13932987577726,2.7359701176711715,-2.496894993035376,-0.8219178082189531,0.1999999999990898,14.75
rsi2_m5_usd100000,2017-04-24T15:30:00+00:00,2017-04-24T16:25:00+00:00,22694,signal_exit,-0.7961599999998199,-10.817391304345378,False,False,3300,4.76085103587074,0.8252144901099561,1.048417387047563,3.1255971797711233,-0.9819315128776207,-0.8936170212763646,0.1999999999990898,15.5
rsi2_m5_usd100000,2017-04-25T09:50:00+00:00,2017-04-25T10:30:00+00:00,22910,stop,-1.3523202411494093,-18.4491165231843,True,False,2400,3.755150890687683,1.0519044246163454,1.725166372138099,6.480823325872405,-0.07817729937400242,-0.32352941176441774,0.2999999999997449,9.833333333333334
rsi2_m5_usd100000,2017-04-25T10:35:00+00:00,2017-04-25T11:00:00+00:00,22919,signal_exit,-0.009159999999890645,-0.12479564032548561,False,False,1500,3.725205400281362,1.035196504204582,1.419738797035463,1.7675159439472945,-1.7535161415442748,-0.9310344827589111,0.1999999999990898,10.583333333333334
rsi2_m5_usd100000,2017-04-25T13:05:00+00:00,2017-04-25T13:20:00+00:00,22949,target,0.361409510863685,4.923835297870368,False,True,900,4.124315469097298,1.1280355768943626,1.0333125746453202,2.942554884898327,-0.7868977627359455,-0.5052631578945376,0.1999999999990898,13.083333333333334
rsi2_m5_usd100000,2017-04-26T07:25:00+00:00,2017-04-26T08:25:00+00:00,23165,stop,-1.5532570917737565,-21.24838702836876,True,False,3600,4.453102229049065,1.342549634443055,0.6753747553066586,-2.242424093194532,-1.5776928285046923,-0.3285714285713969,0.2999999999997449,7.416666666666667
rsi2_m5_usd100000,2017-04-26T08:30:00+00:00,2017-04-26T09:30:00+00:00,23178,signal_exit,-0.23659999999975218,-3.232240437155084,False,False,3600,5.352915133597774,1.4716368460750455,-0.5056789271459615,-6.005185304031205,-1.8519701052226114,-0.7222222222221674,0.1999999999990898,8.5
rsi2_m5_usd100000,2017-04-26T09:45:00+00:00,2017-04-26T10:55:00+00:00,23193,signal_exit,-0.7277599999998767,-9.92851296043488,False,False,4200,5.498361861950618,1.3969006327684408,-1.187771150453722,-6.780399024001856,-1.8672909092103886,-0.5384615384614259,0.1999999999990898,9.75
rsi2_m5_usd100000,2017-04-26T12:35:00+00:00,2017-04-26T13:40:00+00:00,23227,signal_exit,-0.2954199999998102,-4.02479564032439,False,False,3900,4.895217483192704,1.20666996481409,-1.4291539639809434,-7.474703094073965,-3.651188624092667,-0.805755395683459,0.1999999999990898,12.583333333333334
rsi2_m5_usd100000,2017-04-26T14:40:00+00:00,2017-04-26T15:20:00+00:00,23252,signal_exit,-0.7424199999999728,-10.12851296043619,False,False,2400,4.710817374248328,1.091851123279215,-1.339546093896001,-4.16800036746997,0.6736199145375031,-0.6037735849056841,0.20000000000131024,14.666666666666666
rsi2_m5_usd100000,2017-04-26T15:35:00+00:00,2017-04-26T16:20:00+00:00,23263,signal_exit,0.10870000000022711,1.4789115646289401,False,True,2700,5.314974853494705,1.1876905098433905,-1.2493132515207463,-7.515945122726379,-1.8172058907349553,-0.41772151898751253,0.10000000000065512,15.583333333333334
rsi2_m5_usd100000,2017-04-27T07:45:00+00:00,2017-04-27T08:00:00+00:00,23452,target,0.4204802552218265,5.7442657817189415,False,True,900,4.538253109437945,1.3319791393833451,0.02237584339060298,-0.385263950450578,-0.3242235474754241,-0.6790123456790935,0.20000000000131024,7.75
rsi2_m5_usd100000,2017-04-27T08:50:00+00:00,2017-04-27T10:05:00+00:00,23465,signal_exit,-0.8441599999998315,-11.532240437156167,False,False,4500,4.890829095810927,1.3567064502809256,0.3704118637488113,0.12316289471409692,-1.013973813839436,-0.7142857142854877,0.1999999999990898,8.833333333333334
rsi2_m5_usd100000,2017-04-27T11:50:00+00:00,2017-04-27T12:25:00+00:00,23501,signal_exit,0.21838000000013322,2.9752043596748394,False,True,2100,4.669887613007982,1.2354855836855545,-0.37431748044596086,-5.169395411580059,-3.6255198983709365,-0.8136645962733253,0.5000000000010552,11.833333333333334
rsi2_m5_usd100000,2017-04-27T13:05:00+00:00,2017-04-27T13:30:00+00:00,23516,signal_exit,0.579100000000208,7.87891156462868,False,True,1500,12.768431211700607,2.3645671222841314,-0.37466226809512204,-5.97254646987917,-1.8795694981045357,-0.9365671641791036,0.2999999999997449,13.083333333333334
rsi2_m5_usd100000,2017-04-27T13:45:00+00:00,2017-04-27T14:25:00+00:00,23524,signal_exit,0.2268800000001818,3.0826086956546437,False,True,2400,12.516889454125,2.101302890772029,-0.70583086786156,-7.6100857439081135,-1.6056168829967579,-0.3777777777778271,0.40000000000040004,13.75
rsi2_m5_usd100000,2017-04-27T15:35:00+00:00,2017-04-27T15:40:00+00:00,23546,signal_exit,0.07195000000014956,0.9789115646278851,False,True,300,6.406768662225999,1.099380951370551,-1.3958568861717615,-5.1098575924398615,-0.16066703704699245,-0.29787234042561234,0.2999999999997449,15.583333333333334
rsi2_m5_usd100000,2017-04-28T10:30:00+00:00,2017-04-28T10:40:00+00:00,23771,signal_exit,0.2891000000001245,3.960273972604445,False,True,600,5.130722012158022,1.285446318045279,2.760213451432929,12.031714635872428,0.1441491809946521,-0.9444444444441018,0.1999999999990898,10.5
rsi2_m5_usd100000,2017-04-28T11:10:00+00:00,2017-04-28T11:40:00+00:00,23779,signal_exit,0.23129000000006614,3.1640218878258017,False,True,1800,5.199019398899958,1.2745834500144206,3.1435909038305425,9.486420694277495,-2.2656785965356474,-0.6800000000000889,0.20000000000131024,11.166666666666666
rsi2_m5_usd100000,2017-04-28T12:40:00+00:00,2017-04-28T13:25:00+00:00,23797,signal_exit,-0.6904399999999622,-9.432240437157953,False,False,2700,6.265464049877469,1.4366696971690256,2.1636989283766837,4.735228428676617,-2.7025788524640877,-0.43654822335028987,0.30000000000196536,12.666666666666666
rsi2_m5_usd100000,2017-04-28T14:15:00+00:00,2017-04-28T14:35:00+00:00,23816,target,0.7870676048795262,10.73762080326775,False,True,1200,6.933066881851018,1.4360248422602444,0.780509538762544,-0.7566265099861836,-2.74353317801165,-0.8425196850392255,0.0,14.25
rsi2_m5_usd100000,2017-04-28T14:55:00+00:00,2017-04-28T15:35:00+00:00,23824,signal_exit,0.1078600000002265,1.4714870395665278,False,True,2400,7.097025256550976,1.4190497464397125,0.46426117535308814,-1.6046880074734204,-2.459146258253232,-0.8679245283018578,0.1999999999990898,14.916666666666666
rsi2_m5_usd100000,2017-05-01T13:10:00+00:00,2017-05-01T14:00:00+00:00,24081,target,0.23922526386346485,3.268104697588317,False,True,3000,3.3501725673719536,1.339904862577657,0.9974939750805524,5.5917030016834435,0.47956276809922166,-0.5000000000002524,0.2999999999997449,13.166666666666666
rsi2_m5_usd100000,2017-05-01T14:45:00+00:00,2017-05-01T16:05:00+00:00,24100,holding_bars,-0.9539599999999007,-13.032240437157112,False,False,4800,4.000863051433745,1.4313887704564443,1.296011743710265,5.439503092536364,0.5249346055022426,-0.846153846153452,0.1999999999990898,14.75
rsi2_m5_usd100000,2017-05-02T07:10:00+00:00,2017-05-02T07:25:00+00:00,24291,target,0.3620764379165158,4.946399425089013,False,True,900,4.139319931122337,1.5192677968947619,0.7427333472531422,-0.1937079952632845,-1.8988611679259075,-0.7747747747748883,0.1999999999990898,7.166666666666667
rsi2_m5_usd100000,2017-05-02T07:50:00+00:00,2017-05-02T08:35:00+00:00,24299,signal_exit,-0.024319999999986852,-0.33224043715829027,False,False,2700,4.365309807639549,1.5139186472743382,0.5224186235357382,0.5461949262900395,-1.0154663755729583,-0.5769230769231755,0.2999999999997449,7.833333333333333
rsi2_m5_usd100000,2017-05-02T10:15:00+00:00,2017-05-02T10:40:00+00:00,24328,signal_exit,-0.09751999999981625,-1.3322404371559597,False,False,1500,3.5232257594061265,1.1460703000783024,0.39866001435081366,1.1336551615174755,-0.7132384629766793,-0.6,0.10000000000065512,10.25
rsi2_m5_usd100000,2017-05-02T11:15:00+00:00,2017-05-02T11:30:00+00:00,24340,signal_exit,0.15136000000018887,2.06775956284411,False,True,900,3.348091519697244,1.0828815834179026,0.42650240669013373,0.2815996791216778,-1.3844627797970324,-0.729166666666763,0.0,11.25
rsi2_m5_usd100000,2017-05-02T11:45:00+00:00,2017-05-02T12:15:00+00:00,24346,signal_exit,0.16600000000012224,2.2677595628432,False,True,1800,3.227742264609246,1.046393801898849,0.3052924754464501,-0.5373091122099918,-1.9134382496076354,-0.8108108108107621,0.1999999999990898,11.75
rsi2_m5_usd100000,2017-05-02T14:10:00+00:00,2017-05-02T14:35:00+00:00,24375,signal_exit,-0.12669999999984533,-1.728512960434452,False,False,1500,4.292962717183517,1.2492503665400918,-0.1326984140541866,-3.861833643666222,-3.1867269026270266,-0.9019607843137383,0.1999999999990898,14.166666666666666
rsi2_m5_usd100000,2017-05-03T07:30:00+00:00,2017-05-03T07:30:00+00:00,24575,target,0.21397584094663388,2.923167226046911,False,True,0,3.1277038316013677,1.2714114165767574,-0.41133283209182586,-5.2936160891661945,-2.0563930673806867,-0.733333333333103,0.1999999999990898,7.5
rsi2_m5_usd100000,2017-05-03T08:20:00+00:00,2017-05-03T09:30:00+00:00,24585,signal_exit,-0.24391999999980013,-3.3322404371557393,False,False,4200,3.679208434364984,1.4036088005653669,-0.6002145424892936,-4.030200573168882,-1.5841576861226432,-0.6382978723403954,0.2999999999997449,8.333333333333334
rsi2_m5_usd100000,2017-05-03T13:05:00+00:00,2017-05-03T13:05:00+00:00,24642,target,0.39374726251137315,5.379060963270125,False,True,0,4.405650700212805,1.4143414652698465,-0.39668112320297666,-2.0948335307168837,-1.0544478066745748,-0.5777777777775366,0.2999999999997449,13.083333333333334
rsi2_m5_usd100000,2017-05-03T13:50:00+00:00,2017-05-03T14:25:00+00:00,24651,signal_exit,-0.3463999999999839,-4.732240437158249,False,False,2100,4.236724932932831,1.3150405036838293,-0.23056695924016815,-1.9583021054394132,-1.5925465072424805,-0.2903225806456003,0.20000000000131024,13.833333333333334
rsi2_m5_usd100000,2017-05-03T14:50:00+00:00,2017-05-03T15:15:00+00:00,24663,signal_exit,-0.0023599999998429877,-0.032240437156324964,False,False,1500,4.465191714335861,1.3220917777326984,-0.4011746066458752,-2.728352396215727,-1.4893671549847451,-0.35555555555536916,0.2999999999997449,14.833333333333334
rsi2_m5_usd100000,2017-05-04T10:45:00+00:00,2017-05-04T11:25:00+00:00,24900,signal_exit,0.11433000000011145,1.5640218878264218,False,True,2400,5.02087474284842,1.3445591526984133,1.7504378996103982,6.541127149161554,-0.2233807625200969,-0.7307692307695264,0.20000000000131024,10.75
rsi2_m5_usd100000,2017-05-04T12:05:00+00:00,2017-05-04T12:45:00+00:00,24916,signal_exit,0.25322000000020983,3.4640218878277675,False,True,2400,4.074012717588567,1.092762242268173,1.5585450967175263,3.9375789187721706,-1.9179417601618183,-0.28947368421063396,0.1999999999990898,12.083333333333334
rsi2_m5_usd100000,2017-05-04T13:25:00+00:00,2017-05-04T13:40:00+00:00,24932,signal_exit,0.08509000000008221,1.164021887826022,False,True,900,4.689575630902509,1.2000031766227963,1.1170454306341295,3.6935414833020968,-0.4474933249219689,-0.6666666666666666,0.20000000000131024,13.416666666666666
rsi2_m5_usd100000,2017-05-04T14:55:00+00:00,2017-05-04T15:05:00+00:00,24950,target,0.6819375975139177,9.341610924848187,False,True,600,6.290668476121661,1.4688197932169256,1.3163271487590555,5.397770612253702,0.305779070057602,-0.3656387665198725,0.10000000000065512,14.916666666666666
rsi2_m5_usd100000,2017-05-05T07:00:00+00:00,2017-05-05T07:00:00+00:00,25140,target,0.22953414565032768,3.1529415611308744,False,True,0,3.300097154190818,1.1355074246059036,1.0039181006883793,0.25670751404073816,-2.2144337151604687,-0.7704918032786408,0.2999999999997449,7.0
rsi2_m5_usd100000,2017-05-05T07:25:00+00:00,2017-05-05T07:50:00+00:00,25145,signal_exit,0.025680000000185277,0.35274725274979774,False,True,1500,4.467393185635001,1.4302802479564727,0.7283611798150165,0.01594064972236424,-1.9685003955118678,-0.3906250000001464,0.2999999999997449,7.416666666666667
rsi2_m5_usd100000,2017-05-05T08:35:00+00:00,2017-05-05T09:15:00+00:00,25159,signal_exit,-0.600399999999875,-8.24725274725103,False,False,2400,4.268479989599282,1.308335075200725,0.2567229576815247,-0.4999050009789796,-1.2675217384865676,-0.684210526315769,0.10000000000065512,8.583333333333334
rsi2_m5_usd100000,2017-05-05T09:55:00+00:00,2017-05-05T10:50:00+00:00,25175,signal_exit,0.15721000000007399,2.156515775035308,False,True,3300,4.109477305429062,1.2148925207884675,-0.27664743669086755,-3.80100218324283,-1.7058430713592494,-0.8624999999996773,0.2999999999997449,9.916666666666666
rsi2_m5_usd100000,2017-05-05T12:00:00+00:00,2017-05-05T12:15:00+00:00,25200,signal_exit,0.047860000000166936,0.6565157750365834,False,True,900,3.641926303841755,1.072856262707375,-0.6212812365426883,-2.836625089427248,-0.8334430794293707,-0.8490566037734742,0.1999999999990898,12.0
rsi2_m5_usd100000,2017-05-05T13:05:00+00:00,2017-05-05T13:50:00+00:00,25213,signal_exit,0.38968000000014524,5.352747252749248,False,True,2700,7.908256695675126,1.861007017720284,-0.07107032947449943,0.5026259789516614,0.2204103013061763,-0.7187499999998808,0.1999999999990898,13.083333333333334
rsi2_m5_usd100000,2017-05-08T07:10:00+00:00,2017-05-08T08:15:00+00:00,25428,signal_exit,-1.066319999999856,-14.647252747250768,False,False,3900,6.083089382582739,1.356707191657468,0.2437698054286915,-1.6756318978384792,-2.764895075866708,-0.740506329113933,0.2999999999997449,7.166666666666667
rsi2_m5_usd100000,2017-05-08T09:05:00+00:00,2017-05-08T10:05:00+00:00,25451,signal_exit,-1.060219999999808,-14.543484224963072,False,False,3600,5.804072170789151,1.1969015379069279,-0.8177246685539187,-4.541573555432133,-1.330719443848533,-0.40625000000024936,0.20000000000131024,9.083333333333334
rsi2_m5_usd100000,2017-05-08T11:10:00+00:00,2017-05-08T11:25:00+00:00,25476,signal_exit,0.13580000000009268,1.8602739726040094,False,True,900,4.8076595188952735,1.0049549501634356,-1.3348874198726772,-4.998388580675905,-0.07436831427182777,-0.6976744186046872,0.1999999999990898,11.166666666666666
rsi2_m5_usd100000,2017-05-08T11:55:00+00:00,2017-05-08T12:35:00+00:00,25485,signal_exit,-0.3094999999997448,-4.239726027393765,False,False,2400,4.704061864962629,0.9897597662403883,-1.0731974810248912,-4.752822026997624,-1.4278963664408975,-0.8285714285712926,0.40000000000040004,11.916666666666666
rsi2_m5_usd100000,2017-05-08T14:20:00+00:00,2017-05-08T15:15:00+00:00,25514,stop,-1.5683234123632506,-21.483882361140417,True,False,3300,4.536039083436475,0.9481823342395916,-0.955988437941385,-4.202245571181037,-1.4379373796725314,-0.8285714285721355,0.1999999999990898,14.333333333333334
rsi2_m5_usd100000,2017-05-08T15:30:00+00:00,2017-05-08T15:55:00+00:00,25528,signal_exit,0.12164000000015934,1.664021887827077,False,True,1500,4.652920301249688,0.9735784017164719,-1.2280951000569849,-7.1805356410724945,-1.6113951267817248,-0.6874999999994362,0.1999999999990898,15.5
rsi2_m5_usd100000,2017-05-09T08:20:00+00:00,2017-05-09T09:05:00+00:00,25727,stop,-1.4066478947500263,-19.242789257866296,True,False,2700,4.001702786422951,1.2575125267638834,-1.1553752359589078,-2.853077031818702,0.6003012672948064,-0.43181818181798687,0.10000000000065512,8.333333333333334
rsi2_m5_usd100000,2017-05-09T09:25:00+00:00,2017-05-09T09:55:00+00:00,25740,signal_exit,-0.30994999999974376,-4.228512960433066,False,False,1800,3.977978626953121,1.211960782158791,-0.9827287723863084,-7.314747651115131,-1.7912027513101563,-0.7551020408164745,0.09999999999843467,9.416666666666666
rsi2_m5_usd100000,2017-05-09T10:25:00+00:00,2017-05-09T11:00:00+00:00,25752,signal_exit,-0.06072999999990142,-0.828512960435217,False,False,2100,4.7202878821413705,1.3438788932881085,-1.4825398328569017,-8.450971404354057,-1.7364534845081678,-0.6595744680852169,0.20000000000131024,10.416666666666666
rsi2_m5_usd100000,2017-05-09T11:50:00+00:00,2017-05-09T12:55:00+00:00,25769,signal_exit,-0.26605999999978086,-3.6247956403239896,False,False,3900,5.12904590472343,1.363633034784831,-1.6332533223551264,-8.943863128557725,-2.3073906119186565,-0.6117647058824298,0.2999999999997449,11.833333333333334
rsi2_m5_usd100000,2017-05-09T14:25:00+00:00,2017-05-09T14:35:00+00:00,25800,signal_exit,0.23980000000011434,3.2714870395649975,False,True,600,4.882215555499033,1.1847791557414147,-1.378901840379935,-4.389161176065778,0.3390333427880296,-0.7142857142857709,0.10000000000065512,14.416666666666666
rsi2_m5_usd100000,2017-05-09T15:00:00+00:00,2017-05-09T16:20:00+00:00,25807,holding_bars,-1.1528999999998952,-15.728512960435133,False,False,4800,5.574544370348237,1.2986736010850892,-1.0061425787878375,-4.6456899043583775,-1.313924061506623,-0.7922077922078559,0.2999999999997449,15.0
rsi2_m5_usd100000,2017-05-10T08:40:00+00:00,2017-05-10T09:00:00+00:00,26016,stop,-1.465228139828108,-19.96223623744016,True,False,1200,4.1593601492784416,1.217860811013497,-0.05192882346895054,-2.448187560562114,-2.5287188020625107,-0.5740740740741502,0.20000000000131024,8.666666666666666
rsi2_m5_usd100000,2017-05-10T09:05:00+00:00,2017-05-10T09:25:00+00:00,26021,signal_exit,0.32185000000015473,4.3789115646279555,False,True,1200,4.484916827635288,1.2819487714454303,-0.2616206306463964,-7.1033169785712,-2.6777813527098715,-0.7361111111112525,0.20000000000131024,9.083333333333334
rsi2_m5_usd100000,2017-05-10T09:50:00+00:00,2017-05-10T10:05:00+00:00,26030,signal_exit,0.36595000000011724,4.978911564627445,False,True,900,4.696357484251825,1.3012033429801366,-0.8211614240514218,-7.738219937296306,-1.599446750466763,-0.73404255319162,0.20000000000131024,9.833333333333334
rsi2_m5_usd100000,2017-05-10T13:40:00+00:00,2017-05-10T14:00:00+00:00,26076,signal_exit,0.12340000000016021,1.67891156462803,False,True,1200,4.897362099070725,1.189898200866383,-0.4238978289021188,-3.949963516663489,-3.6332063052378873,-0.7706422018347933,0.2999999999997449,13.666666666666666
rsi2_m5_usd100000,2017-05-11T07:10:00+00:00,2017-05-11T07:25:00+00:00,26282,target,0.30256749375626435,4.122172939458642,False,True,900,3.7234842898909455,1.3144343895756072,0.14751195821047386,0.8166490479431426,-0.06979440936906697,-0.476190476190493,0.1999999999990898,7.166666666666667
rsi2_m5_usd100000,2017-05-11T09:05:00+00:00,2017-05-11T10:10:00+00:00,26305,signal_exit,-0.46423999999993826,-6.324795640326133,False,False,3900,3.94176924173124,1.2504727443574675,0.683562547730825,0.24804190005150245,-2.217904499890307,-0.7111111111107383,0.10000000000065512,9.083333333333334
rsi2_m5_usd100000,2017-05-11T11:05:00+00:00,2017-05-11T11:15:00+00:00,26329,signal_exit,0.04255000000012016,0.5789115646274852,False,True,600,3.186386099877409,1.0424457239268925,-0.20040728569154084,-1.8011720099316433,-1.6294225002334861,-0.2093023255814554,0.20000000000131024,11.083333333333334
rsi2_m5_usd100000,2017-05-11T11:50:00+00:00,2017-05-11T12:15:00+00:00,26338,stop,-1.2595659788466362,-17.13695209315151,True,False,1500,3.4789659144449865,1.1132706606966816,-0.31778300799727255,-2.860701215676244,-2.4977367192833513,-0.2941176470587851,0.09999999999843467,11.833333333333334
rsi2_m5_usd100000,2017-05-11T12:20:00+00:00,2017-05-11T12:45:00+00:00,26344,target,0.4553998526042762,6.187497997340708,False,True,1500,4.852444650843724,1.4400900032749921,-0.5042599977245021,-8.018109422296748,-3.0935660503141404,-0.8536585365853427,0.40000000000040004,12.333333333333334
rsi2_m5_usd100000,2017-05-12T07:35:00+00:00,2017-05-12T07:55:00+00:00,26569,signal_exit,0.13075000000020837,1.778911564628685,False,True,1200,3.4951584109606593,1.4048598166162665,-0.11005619222035117,-3.632165179567752,-1.988022963427468,-0.7777777777773391,0.1999999999990898,7.583333333333333
rsi2_m5_usd100000,2017-05-12T10:25:00+00:00,2017-05-12T10:40:00+00:00,26603,signal_exit,-0.06034999999990115,-0.8210884353728047,False,False,900,3.040490373072161,1.1218399089675548,0.219420981163104,1.066868104228397,-0.12957667141936496,-0.8148148148152412,0.20000000000131024,10.416666666666666
rsi2_m5_usd100000,2017-05-15T11:55:00+00:00,2017-05-15T12:05:00+00:00,26896,signal_exit,0.1931200000001507,2.6527472527493225,False,True,600,3.5942273061754473,1.1046834634061165,2.4531093645836344,9.244495689139352,-0.24175193525048166,-0.8378378378373674,0.1999999999990898,11.916666666666666
rsi2_m5_usd100000,2017-05-16T09:10:00+00:00,2017-05-16T09:25:00+00:00,27148,signal_exit,0.07512000000003399,1.03756906077395,False,True,900,5.68346118104687,1.723956205837717,3.388025540676315,12.057631363404129,-0.412906935530895,-0.3442622950820388,0.10000000000065512,9.166666666666666
rsi2_m5_usd100000,2017-05-16T11:50:00+00:00,2017-05-16T12:10:00+00:00,27180,signal_exit,-0.005059999999845133,-0.07008310249092982,False,False,1200,4.634555942907832,1.2853696234149885,3.4385808542160494,12.560701332259342,-0.46048161475640476,-0.12121212121226393,0.0,11.833333333333334
rsi2_m5_usd100000,2017-05-16T13:20:00+00:00,2017-05-16T14:35:00+00:00,27198,signal_exit,0.13166000000009154,1.826074895979078,False,True,4500,5.803695132071889,1.4524953133768985,3.174061636619524,13.19148406092939,0.5809736052731558,-0.38709677419317867,0.2999999999997449,13.333333333333334
rsi2_m5_usd100000,2017-05-16T15:15:00+00:00,2017-05-16T15:35:00+00:00,27221,signal_exit,-0.3009399999998608,-4.1739251040202605,False,False,1200,5.129033401646869,1.2230566608253826,2.854605453294305,10.77052023192636,0.1845681603083846,-0.9599999999997513,0.0,15.25
rsi2_m5_usd100000,2017-05-17T07:10:00+00:00,2017-05-17T07:40:00+00:00,27411,stop,-1.890558302597835,-26.2942740277863,True,False,1800,5.703158214874624,1.5628380607356542,1.4550852021485026,4.6394760257198415,-0.789576375495093,-0.13934426229508495,0.2999999999997449,7.166666666666667
rsi2_m5_usd100000,2017-05-17T07:45:00+00:00,2017-05-17T08:05:00+00:00,27418,signal_exit,0.5210000000002408,7.2260748959811485,False,True,1200,6.7287409115986465,1.6881254283429818,1.0717558347052727,-1.5539489123995467,-1.9146606084743263,-0.24561403508778765,0.1999999999990898,7.75
rsi2_m5_usd100000,2017-05-17T08:55:00+00:00,2017-05-17T09:05:00+00:00,27432,target,0.5987918561014418,8.31655355696447,False,True,600,5.847165667369673,1.402761343721341,0.24109926559318434,-0.6044331181857481,-1.0892946989708907,-0.7608695652174647,0.1999999999990898,8.916666666666666
rsi2_m5_usd100000,2017-05-17T11:30:00+00:00,2017-05-17T11:45:00+00:00,27463,signal_exit,0.13074000000025093,1.8183588317141992,False,True,900,4.3001131080832415,1.010052931640772,0.5761905002175052,2.400019699632654,-0.12315748990150852,-0.23333333333340736,0.1999999999990898,11.5
rsi2_m5_usd100000,2017-05-17T13:10:00+00:00,2017-05-17T13:50:00+00:00,27483,signal_exit,0.08041000000008086,1.1183588317118338,False,True,2400,5.668503085782563,1.2738917850963964,0.9918338872204018,2.0875043527142045,-1.5327408896632522,-0.806451612903376,0.2999999999997449,13.166666666666666
rsi2_m5_usd100000,2017-05-17T15:20:00+00:00,2017-05-17T15:30:00+00:00,27509,target,0.6359828019810503,8.870053026235011,False,True,600,6.029726652586741,1.2375269326295282,1.5033203518570184,6.922803279241772,0.28409535935180963,-0.5111111111114292,0.0,15.333333333333334
rsi2_m5_usd100000,2017-05-17T15:50:00+00:00,2017-05-17T16:10:00+00:00,27515,signal_exit,0.19490000000019567,2.7144846796684634,False,True,1200,6.159816365078298,1.2403199715045552,1.7365157494481225,5.002193965276448,-2.3853961895715114,-0.6341463414632033,0.1999999999990898,15.833333333333334
rsi2_m5_usd100000,2017-05-18T08:00:00+00:00,2017-05-18T08:20:00+00:00,27708,signal_exit,0.058120000000098926,0.8105997210613518,False,True,1200,5.351422971688539,1.290693420509367,-0.5270146373780724,-2.415158762905237,-0.18515658187383768,-0.40350877192976986,0.20000000000131024,8.0
rsi2_m5_usd100000,2017-05-18T09:00:00+00:00,2017-05-18T09:05:00+00:00,27720,target,0.5946831750766217,8.282495474604758,False,True,300,5.834005397469385,1.3367574992797124,-0.3590821752787093,-3.4414695266346493,-2.156241946728412,-0.9113924050635366,0.20000000000131024,9.0
rsi2_m5_usd100000,2017-05-18T09:25:00+00:00,2017-05-18T10:05:00+00:00,27725,signal_exit,-0.14973999999983018,-2.0855153203318966,False,False,2400,6.803044241317958,1.4767909186516395,-0.41337132411310545,-4.397417893456766,-2.2484434262742035,-0.5454545454545914,0.1999999999990898,9.416666666666666
rsi2_m5_usd100000,2017-05-18T11:30:00+00:00,2017-05-18T11:40:00+00:00,27750,stop,-1.632450292461555,-22.767786505739956,True,False,600,4.844596556700766,1.034779672790397,-0.5901504459817932,-1.0085222458396854,0.6254305160452419,-0.44999999999966694,0.1999999999990898,11.5
rsi2_m5_usd100000,2017-05-18T11:45:00+00:00,2017-05-18T12:05:00+00:00,27753,target,0.5593142375086217,7.779057545321582,False,True,1200,5.580349356804539,1.1625729891924863,-0.5518778929975847,-4.789780321339207,-2.425972060479818,-0.6288659793814976,0.1999999999990898,11.75
rsi2_m5_usd100000,2017-05-18T12:40:00+00:00,2017-05-18T13:15:00+00:00,27764,signal_exit,-0.16404999999992415,-2.281641168288236,False,False,2100,6.754154016887853,1.3327377333959254,-0.4453033626888836,-4.779293836219788,-2.056380764617444,-0.8924050632911312,0.2999999999997449,12.666666666666666
rsi2_m5_usd100000,2017-05-18T13:40:00+00:00,2017-05-18T14:10:00+00:00,27776,target,0.7364515116092576,10.242719215705947,False,True,1800,6.812180191996499,1.2952058021083745,-0.8610041063447302,-5.284407315779746,-1.2495651494476296,-0.35064935064936936,0.1999999999990898,13.666666666666666
rsi2_m5_usd100000,2017-05-19T10:05:00+00:00,2017-05-19T10:25:00+00:00,28018,signal_exit,0.30836000000015074,4.306703910616631,False,True,1200,4.796981512285703,1.242121091142656,1.970105245508223,8.499659610931042,0.40739117074079667,-0.6071428571427439,0.10000000000065512,10.083333333333334
rsi2_m5_usd100000,2017-05-19T10:45:00+00:00,2017-05-19T11:00:00+00:00,28026,signal_exit,0.15084000000007267,2.10670391061554,False,True,900,4.555205031578934,1.1711078237791617,2.2052372946725387,7.9452618708470855,-0.4606424707831006,-0.6724137931036133,0.10000000000065512,10.75
rsi2_m5_usd100000,2017-05-19T12:45:00+00:00,2017-05-19T13:05:00+00:00,28050,signal_exit,0.10745000000010901,1.5027972027987273,False,True,1200,4.748604893011527,1.1691891995124517,2.4661908312104117,9.944231552116255,0.23762038278292374,-0.6734693877552963,0.20000000000131024,12.75
rsi2_m5_usd100000,2017-05-19T15:40:00+00:00,2017-05-19T16:40:00+00:00,28085,signal_exit,-0.2856799999997686,-4.001120448176031,False,False,3600,4.529247935942085,1.0549277114356315,2.475782321979044,8.916535939761724,-0.3184486943292922,-0.48275862068954956,0.2999999999997449,15.666666666666666
rsi2_m5_usd100000,2017-05-22T07:00:00+00:00,2017-05-22T07:20:00+00:00,28263,signal_exit,0.04276000000000496,0.5988795518207978,False,True,1200,4.010394015065622,1.2119706726821926,0.21206431339340623,-0.9216760627581533,-1.8532869773482519,-0.4444444444446272,0.20000000000131024,7.0
rsi2_m5_usd100000,2017-05-22T07:40:00+00:00,2017-05-22T09:00:00+00:00,28271,holding_bars,-0.37159999999985405,-5.197202797200755,False,False,4800,5.756980206122142,1.5865860089676525,0.09249091467265629,-4.894048158781143,-3.2819417254542564,-0.6502463054187209,0.2999999999997449,7.666666666666667
rsi2_m5_usd100000,2017-05-22T14:30:00+00:00,2017-05-22T15:10:00+00:00,28353,stop,-1.6246686469829918,-22.882656999760446,True,False,2400,4.841438897828133,0.9987685585584274,2.3134804452286053,8.979054342682588,0.3117626934627796,-0.9473684210522932,0.2999999999997449,14.5
rsi2_m5_usd100000,2017-05-22T15:15:00+00:00,2017-05-22T16:00:00+00:00,28362,signal_exit,-0.19288999999979556,-2.7129395217974057,False,False,2700,5.831306984350778,1.1650760441490413,2.0560384179492637,4.608843244399108,-2.4644435746659936,-0.6479999999999957,0.1999999999990898,15.25
rsi2_m5_usd100000,2017-05-23T08:05:00+00:00,2017-05-23T08:30:00+00:00,28563,signal_exit,0.6946000000000276,9.783098591549685,False,True,1500,7.719274501627709,1.8124740359517784,0.1595925284383158,0.6578506640357874,-0.09047237795786993,-0.6010638297871939,0.2999999999997449,8.083333333333334
rsi2_m5_usd100000,2017-05-23T10:10:00+00:00,2017-05-23T11:20:00+00:00,28588,stop,-1.6953991476884722,-23.878861235048902,True,False,4200,5.09048995665034,1.1536595679889496,0.6991905495038434,2.6321084360058746,0.013272688165755168,-0.7567567567569514,0.2999999999997449,10.166666666666666
rsi2_m5_usd100000,2017-05-23T12:00:00+00:00,2017-05-23T12:25:00+00:00,28610,signal_exit,0.12040000000020185,1.6910112359578908,False,True,1500,5.032685391936993,1.122881444406086,-0.10165645990506791,-5.20742879363835,-2.4318404876926505,-0.8124999999998374,0.1999999999990898,12.0
rsi2_m5_usd100000,2017-05-23T13:10:00+00:00,2017-05-23T13:25:00+00:00,28624,signal_exit,0.07729000000023784,1.0870604782030637,False,True,900,5.058531683555848,1.098582304381954,-0.6252766458174276,-1.8113287879830726,0.5507527180475914,-0.7352941176466362,0.09999999999843467,13.166666666666666
rsi2_m5_usd100000,2017-05-23T13:55:00+00:00,2017-05-23T14:45:00+00:00,28633,signal_exit,-0.49150999999985734,-6.912939521798274,False,False,3000,5.297304927426433,1.1355633807177077,-0.5154977222269983,-2.7158465180302525,-1.0671442161237648,-0.7986111111110404,0.2999999999997449,13.916666666666666
rsi2_m5_usd100000,2017-05-23T15:45:00+00:00,2017-05-23T16:20:00+00:00,28655,stop,-2.5654898844160874,-36.03216129797875,True,False,2100,8.130793133483923,1.5245125940254247,-0.5056458586924252,-2.4211230280891645,-0.36957617186558084,-0.8278145695364608,0.2999999999997449,15.75
rsi2_m5_usd100000,2017-05-24T08:55:00+00:00,2017-05-24T10:15:00+00:00,28860,holding_bars,-0.5355799999999789,-7.501120448178976,False,False,4800,4.89568244425013,1.297733210407629,-0.4787166211705883,-0.8466811855500406,0.45381056473708153,-0.4146341463414502,0.20000000000131024,8.916666666666666
rsi2_m5_usd100000,2017-05-24T12:00:00+00:00,2017-05-24T12:10:00+00:00,28897,signal_exit,0.0427600000001635,0.5988795518230182,False,True,600,4.150978052770591,1.069078418308401,-0.1517710208559536,-0.22509722822159756,0.1797075390922348,-0.5384615384618012,0.20000000000131024,12.0
rsi2_m5_usd100000,2017-05-24T15:00:00+00:00,2017-05-24T16:05:00+00:00,28933,signal_exit,-0.8283199999998356,-11.60112044817697,False,False,3900,5.517719982657154,1.210352512896651,0.06223348681868902,-1.2043577329585904,-1.568388919642862,-0.39682539682544715,0.1999999999990898,15.0
rsi2_m5_usd100000,2017-05-25T09:05:00+00:00,2017-05-25T10:10:00+00:00,29149,stop,-1.6551714157682575,-23.279485453843286,True,False,3900,4.966636483011536,1.2837551586176084,1.1104825259935402,2.757502838079848,-1.843083559074842,-0.8607594936708292,0.1999999999990898,9.083333333333334
rsi2_m5_usd100000,2017-05-25T10:35:00+00:00,2017-05-25T10:50:00+00:00,29167,signal_exit,0.1132800000001552,1.5910112359572357,False,True,900,4.752439375490167,1.1848106959303972,0.16507138975321997,-3.1260569490209,-1.6210861884754058,-0.5735294117647203,0.10000000000065512,10.583333333333334
rsi2_m5_usd100000,2017-05-25T11:15:00+00:00,2017-05-25T12:10:00+00:00,29175,signal_exit,0.0349600000001164,0.49101123595669094,False,True,3300,4.48335845206142,1.1175139444831683,-0.325709231370415,-3.3236761314666734,-1.753208214593644,-0.8157894736841952,0.10000000000065512,11.25
rsi2_m5_usd100000,2017-05-25T12:25:00+00:00,2017-05-25T13:10:00+00:00,29189,signal_exit,-0.2284799999998704,-3.2089887640431236,False,False,2700,4.073420637288919,1.0206236705097456,-0.6040000142026937,-3.5184523325597956,-1.8799429791361706,-0.8611111111114024,0.1999999999990898,12.416666666666666
rsi2_m5_usd100000,2017-05-25T14:30:00+00:00,2017-05-25T15:10:00+00:00,29214,signal_exit,0.19872000000008258,2.791011235956216,False,True,2400,4.278561730744383,1.0375909128914942,-0.5792593686448119,-1.624634836741476,0.1550907887141741,-0.47058823529392557,0.1999999999990898,14.5
rsi2_m5_usd100000,2017-05-26T09:10:00+00:00,2017-05-26T10:00:00+00:00,29432,signal_exit,-0.44919999999989346,-6.308988764043447,False,False,3000,4.489152381477394,1.2265160801133608,0.9017923155664116,2.879855261012187,-0.7587420747384613,-0.43999999999982237,0.10000000000065512,9.166666666666666
rsi2_m5_usd100000,2017-05-26T10:45:00+00:00,2017-05-26T11:20:00+00:00,29451,stop,-1.3018305060336006,-18.28413632069664,True,False,2100,3.7187868891634763,1.0216786508416715,0.6233123946985418,1.5571667162860092,-0.5505016737118603,-0.4615384615381988,0.1999999999990898,10.75
rsi2_m5_usd100000,2017-05-26T11:25:00+00:00,2017-05-26T11:40:00+00:00,29459,signal_exit,0.13511000000013723,1.8949509116428784,False,True,900,4.314953474450324,1.1528640202389417,0.4333608636972256,-1.91568849451098,-2.4330506566796566,-0.06818181818176083,0.1999999999990898,11.416666666666666
rsi2_m5_usd100000,2017-05-26T11:55:00+00:00,2017-05-26T12:20:00+00:00,29465,signal_exit,-0.014619999999893774,-0.2050490883575564,False,False,1500,4.928594532924327,1.2715462768797616,0.2213593121256255,-4.41308324940083,-2.2196764089347534,-0.8160919540230442,0.20000000000131024,11.916666666666666
rsi2_m5_usd100000,2017-05-26T12:35:00+00:00,2017-05-26T13:10:00+00:00,29473,stop,-1.806117024349526,-25.29575664355078,True,False,2100,5.448659048843475,1.3516115639343635,-0.3415662538926478,-5.165314440481652,-1.3820255670415167,-0.32800000000002416,0.2999999999997449,12.583333333333334
rsi2_m5_usd100000,2017-05-26T13:15:00+00:00,2017-05-26T13:30:00+00:00,29481,target,0.66312459321096,9.274469835118321,False,True,900,6.3858363161598035,1.4869508491901446,-1.0388009502363722,-10.350401267044045,-2.3509726959955963,-0.6000000000000859,0.2999999999997449,13.25
rsi2_m5_usd100000,2017-05-26T15:20:00+00:00,2017-05-26T16:35:00+00:00,29506,signal_exit,-0.6575999999998225,-9.197202797200314,False,False,4500,5.581479665224899,1.2172649455881102,-1.4011164003514052,-5.289238633985889,-0.23087191306616928,-0.9710144927534367,0.09999999999843467,15.333333333333334
rsi2_m5_usd100000,2017-05-29T09:10:00+00:00,2017-05-29T09:55:00+00:00,29708,signal_exit,0.014200000000134938,0.19887955182261818,False,True,2700,3.290238997387504,1.111761946075367,0.3394720308230862,1.230129591018068,-0.29111482436212,-0.8787878787884089,0.10000000000065512,9.166666666666666
rsi2_m5_usd100000,2017-05-29T14:35:00+00:00,2017-05-29T14:55:00+00:00,29773,target,0.21611009308751503,3.022518784440769,False,True,1200,3.2098607908219736,1.0835373399074584,-0.0545440465277042,-3.2707937963295333,-1.693327433711077,-0.7343750000003307,0.20000000000131024,14.583333333333334
rsi2_m5_usd100000,2017-05-30T08:55:00+00:00,2017-05-30T09:10:00+00:00,29988,signal_exit,0.23737000000015882,3.3105997210621867,False,True,900,4.885597866769045,1.440240477778599,-0.2696464661926821,-0.7917579621150134,-0.0615538198810094,-0.3787878787880725,0.2999999999997449,8.916666666666666
rsi2_m5_usd100000,2017-05-30T11:00:00+00:00,2017-05-30T11:40:00+00:00,30013,target,0.38659435758237426,5.39936253606668,False,True,2400,4.396329312724784,1.2014325416151037,0.868618425960707,2.1491959723040583,-1.3537592242421461,-0.8431372549018071,0.1999999999990898,11.0
rsi2_m5_usd100000,2017-05-30T14:30:00+00:00,2017-05-30T15:25:00+00:00,30055,signal_exit,-0.5355799999998203,-7.5011204481767555,False,False,3300,7.691570843927316,1.447910761901542,1.1694106055837399,5.864047730376832,0.5514985351669893,-0.6400000000000237,0.2999999999997449,14.5
rsi2_m5_usd100000,2017-05-31T07:45:00+00:00,2017-05-31T09:05:00+00:00,30260,holding_bars,-0.9354199999999031,-13.101120448177914,False,False,4800,4.340442854281044,1.330035577485624,0.47174133224426945,3.5502579948755786,0.5048679040335473,-0.22857142857175483,0.20000000000131024,7.75
rsi2_m5_usd100000,2017-05-31T12:30:00+00:00,2017-05-31T12:55:00+00:00,30317,signal_exit,0.22008000000006442,3.091011235955961,False,True,1500,4.856285646788673,1.1500046897487521,2.014852423960073,6.868140723703919,-1.061669310326838,-0.590909090909435,0.10000000000065512,12.5
rsi2_m5_usd100000,2017-05-31T13:25:00+00:00,2017-05-31T13:40:00+00:00,30328,target,0.43615372187307533,6.125754520689259,False,True,900,4.717371642366668,1.1054879638192119,1.9553508696763635,6.6880077934755064,-0.5996547039318084,-0.9000000000002855,0.10000000000065512,13.416666666666666
rsi2_m5_usd100000,2017-05-31T14:35:00+00:00,2017-05-31T14:50:00+00:00,30342,signal_exit,0.1697200000002119,2.3870604782026987,False,True,900,6.178811894580197,1.332155253597543,1.8699186474047174,6.717964724394164,-0.33316020238109967,-0.4077669902910968,0.09999999999843467,14.583333333333334
rsi2_m5_usd100000,2017-05-31T15:25:00+00:00,2017-05-31T16:45:00+00:00,30352,holding_bars,-0.42040999999986517,-5.912939521798385,False,False,4800,7.572890473162673,1.5043482393569265,1.8648706295894486,7.419845317011999,0.1470159080605424,-0.3577235772357503,0.1999999999990898,15.416666666666666
rsi2_m5_usd100000,2017-06-01T07:10:00+00:00,2017-06-01T08:30:00+00:00,30540,holding_bars,-0.7403599999999089,-10.412939521799,False,False,4800,4.375311035950527,1.2428329169541725,0.2878807839251019,0.5430763287000964,-0.25601773751928947,-0.782608695652062,0.10000000000065512,7.166666666666667
rsi2_m5_usd100000,2017-06-01T08:35:00+00:00,2017-06-01T08:50:00+00:00,30557,signal_exit,0.31192000000019626,4.3870604782024785,False,True,900,4.8563024432474355,1.2912129292475205,0.06824882838057428,-2.5289091311705256,-2.309920915900775,-0.6617647058821032,0.1999999999990898,8.583333333333334
rsi2_m5_usd100000,2017-06-01T09:35:00+00:00,2017-06-01T09:45:00+00:00,30569,signal_exit,0.09862000000006182,1.3870604782005882,False,True,600,5.164376508778167,1.3062339259585876,-0.24028269337293098,-2.2605266118891025,-1.6112505185154424,-0.43999999999982237,0.2999999999997449,9.583333333333334
rsi2_m5_usd100000,2017-06-01T10:45:00+00:00,2017-06-01T12:05:00+00:00,30583,holding_bars,-0.5483899999999142,-7.712939521799074,False,False,4800,4.4689238542027505,1.1232790652521587,-0.23530464353893887,-1.7417518002722756,-1.2991013930301964,-0.5116279069768163,0.20000000000131024,10.75
rsi2_m5_usd100000,2017-06-01T12:20:00+00:00,2017-06-01T12:50:00+00:00,30602,signal_exit,0.3133600000000385,4.3949509116414935,False,True,1800,4.97462251784777,1.2202606798778435,-0.5330192704252348,-5.976677430245837,-3.1015711667370858,-0.6184971098266593,0.30000000000196536,12.333333333333334
rsi2_m5_usd100000,2017-06-01T13:30:00+00:00,2017-06-01T13:45:00+00:00,30616,signal_exit,0.19872000000024068,2.7910112359584365,False,True,900,4.365934401303338,1.0640103576175601,-0.8466531932913524,-3.5725090386091045,-0.21812028682847887,-0.700000000000222,0.2999999999997449,13.5
rsi2_m5_usd100000,2017-06-01T15:15:00+00:00,2017-06-01T16:20:00+00:00,30637,signal_exit,-0.28543999999992736,-4.008988764043924,False,False,3900,4.807878931730455,1.1242616713505165,-0.4241610055942418,-2.5319920693515683,-1.642674386652464,-0.4000000000004441,0.10000000000065512,15.25
rsi2_m5_usd100000,2017-06-02T07:55:00+00:00,2017-06-02T08:15:00+00:00,30828,signal_exit,0.14888000000007223,2.0910112359560706,False,True,1200,3.5726847528525107,1.3772748898181693,0.14160047056237693,-0.6964712802137918,-1.1980254065436389,-0.7356321839078905,0.1999999999990898,7.916666666666667
rsi2_m5_usd100000,2017-06-02T08:45:00+00:00,2017-06-02T10:05:00+00:00,30838,holding_bars,-0.32815999999989104,-4.6089887640434135,False,False,4800,3.574623371721905,1.32833719131575,0.22911177261951182,1.0517052131196727,0.10212710587604173,-0.35849056603804413,0.10000000000065512,8.75
rsi2_m5_usd100000,2017-06-02T10:50:00+00:00,2017-06-02T12:10:00+00:00,30863,holding_bars,-0.7411199999997506,-10.40898876404144,False,False,4800,3.169366266922752,1.1422104431730524,0.12953605149264844,-0.6261791027232291,-2.01816879762063,-0.5853658536585498,0.09999999999843467,10.833333333333334
rsi2_m5_usd100000,2017-06-02T14:30:00+00:00,2017-06-02T14:45:00+00:00,30907,signal_exit,0.23249000000015704,3.279125528916178,False,True,900,7.465112416834725,1.617564002944594,2.2912073501972237,7.450410014535875,-0.8608245079860082,-0.40816326530599295,0.2999999999997449,14.5
rsi2_m5_usd100000,2017-06-02T15:50:00+00:00,2017-06-02T16:45:00+00:00,30923,signal_exit,-0.29203999999981695,-4.124858757059561,False,False,3300,5.658319300701742,1.2087650110778767,2.1307277676669507,7.978032865930883,0.23253585397922916,-0.6229508196722088,0.2999999999997449,15.833333333333334
rsi2_m5_usd100000,2017-06-05T08:00:00+00:00,2017-06-05T08:45:00+00:00,31102,signal_exit,-0.01565999999989437,-0.2208744710845468,False,False,2700,4.206276349478157,1.2534311716875213,0.27112175970710756,0.045835820889392635,-0.9651259331919522,-0.5844155844155432,0.10000000000065512,8.0
rsi2_m5_usd100000,2017-06-05T09:15:00+00:00,2017-06-05T10:05:00+00:00,31117,signal_exit,-0.001479999999958903,-0.020874471085457025,False,False,3000,4.15051845469093,1.1985985536885477,0.21979928484231856,-0.810533773338901,-1.9410657143229462,-0.7878787878781762,0.10000000000065512,9.25
rsi2_m5_usd100000,2017-06-05T10:20:00+00:00,2017-06-05T10:25:00+00:00,31130,stop,-1.247898968627776,-17.60083171548344,True,False,300,3.54498931110007,1.0351498535648909,0.0048827447492198525,-1.3587437889718765,-1.7599585911080395,-0.7631578947364884,0.1999999999990898,10.333333333333334
rsi2_m5_usd100000,2017-06-05T10:30:00+00:00,2017-06-05T11:20:00+00:00,31132,signal_exit,-0.2212999999999819,-3.116901408450449,False,False,3000,4.456648946815838,1.251700318333541,-0.0753941818921137,-5.806311221524466,-3.6254458631865027,-0.8726114649680312,0.10000000000065512,10.5
rsi2_m5_usd100000,2017-06-05T11:50:00+00:00,2017-06-05T12:00:00+00:00,31148,signal_exit,0.24730000000009264,3.4830985915506005,False,True,600,4.406691366855347,1.1875655547421213,-0.9883813788856667,-5.890033843675756,-0.8119479559002272,-0.5306122448979407,0.20000000000131024,11.833333333333334
rsi2_m5_usd100000,2017-06-05T12:35:00+00:00,2017-06-05T13:15:00+00:00,31157,signal_exit,0.03430000000011607,0.48309859155093055,False,True,2400,4.364036749379566,1.1605345671088816,-1.1778664613485823,-4.617947975358974,-0.49178844975381825,-0.4722222222221965,0.0,12.583333333333334
rsi2_m5_usd100000,2017-06-05T14:00:00+00:00,2017-06-05T14:30:00+00:00,31174,signal_exit,-0.18579999999974933,-2.616901408447174,False,False,1800,4.258845020572459,1.1051715077433053,-0.7497909872168049,-2.6030954622108626,0.19738305476594276,-0.29999999999977794,1.7999999999984695,14.0
rsi2_m5_usd100000,2017-06-06T07:10:00+00:00,2017-06-06T07:20:00+00:00,31373,stop,-1.2479057998811243,-17.60092806602432,True,False,600,3.54501339873487,1.340288838445136,0.7257321066798615,0.009131724615916131,-2.4372632302284414,-0.8305084745763158,0.20000000000131024,7.166666666666667
rsi2_m5_usd100000,2017-06-06T07:25:00+00:00,2017-06-06T08:00:00+00:00,31376,signal_exit,-0.10059999999997943,-1.4169014084504143,False,False,2100,4.293438205911057,1.5394667825266368,0.4975105420998654,-5.616617790763805,-2.935183857936824,-0.7590361445785744,0.30000000000196536,7.416666666666667
rsi2_m5_usd100000,2017-06-06T09:15:00+00:00,2017-06-06T09:35:00+00:00,31398,signal_exit,-0.029599999999829596,-0.41690140844830414,False,False,1200,3.7379180954488254,1.2568118597917786,-0.976780080783768,-4.711403628981717,-1.6301518650320923,-0.500000000000347,0.20000000000131024,9.25
rsi2_m5_usd100000,2017-06-06T11:05:00+00:00,2017-06-06T11:25:00+00:00,31420,target,0.29732924567422514,4.187735854566551,False,True,1200,3.7523186315064203,1.2142693952607222,-0.9239422468935152,-5.476740568723315,-3.275622127635146,-0.9354838709675648,0.09999999999843467,11.083333333333334
rsi2_m5_usd100000,2017-06-06T12:40:00+00:00,2017-06-06T13:05:00+00:00,31439,signal_exit,0.31830000000008485,4.48309859155049,False,True,1500,4.7188625546704115,1.3695520182558276,-0.4827907339508159,-2.5055577899969985,-0.5554799232245408,-0.600000000000111,0.20000000000131024,12.666666666666666
rsi2_m5_usd100000,2017-06-06T15:50:00+00:00,2017-06-06T16:10:00+00:00,31477,signal_exit,-0.001479999999958903,-0.020874471085457025,False,False,1200,4.825864438989662,1.2119171483645785,0.5758438024665586,1.1327722313507287,-1.655124370109495,-0.9599999999997335,0.2999999999997449,15.833333333333334
rsi2_m5_usd100000,2017-06-07T07:15:00+00:00,2017-06-07T07:20:00+00:00,31657,stop,-1.226859515460708,-17.30408343386048,True,False,300,3.4708022406939554,1.3271329336049764,-0.013063733181114145,-2.3701326089296866,-1.7693755043539827,-0.9387755102041325,0.20000000000131024,7.25
rsi2_m5_usd100000,2017-06-07T07:25:00+00:00,2017-06-07T08:10:00+00:00,31659,signal_exit,0.21890000000006424,3.0830985915502005,False,True,2700,4.2125794830471746,1.535418304993518,-0.08805657156750055,-5.261347159167116,-2.506180509044316,-0.27184466019426684,0.10000000000065512,7.416666666666667
rsi2_m5_usd100000,2017-06-07T10:05:00+00:00,2017-06-07T10:10:00+00:00,31691,stop,-1.4681970088242928,-20.70799730358664,True,False,300,4.32178070812607,1.3574773249241083,-0.11723973642162208,-0.4366404603957898,-0.16630897718314827,-0.7666666666665927,0.1999999999990898,10.083333333333334
rsi2_m5_usd100000,2017-06-07T10:15:00+00:00,2017-06-07T11:35:00+00:00,31693,holding_bars,-1.188289999999844,-16.712939521798084,False,False,4800,6.755004794251667,1.8968603842956397,-0.18281303980351774,-11.115630588138464,-3.8777849479336686,-0.9849246231155353,0.1999999999990898,10.25
rsi2_m5_usd100000,2017-06-07T15:05:00+00:00,2017-06-07T16:05:00+00:00,31751,stop,-2.328006799712967,-32.83507474912506,True,False,3600,7.353550069510477,1.3984648622806979,0.007108748272067568,0.7572087865065344,0.02950609788949322,-0.6896551724135995,0.1999999999990898,15.083333333333334
rsi2_m5_usd100000,2017-06-08T07:00:00+00:00,2017-06-08T07:10:00+00:00,31941,target,0.2862515776549215,4.031712361336922,False,True,600,3.7243068848930214,1.0825619357377891,0.22680659976163225,-1.090857270113466,-2.0703924023879576,-0.4594594594594919,0.20000000000131024,7.0
rsi2_m5_usd100000,2017-06-08T08:25:00+00:00,2017-06-08T09:05:00+00:00,31958,signal_exit,-0.5899499999998783,-8.32087447108432,False,False,2400,4.0217479729737065,1.1202068974755406,0.13014107062603095,-0.04720336967391804,-0.465508192154268,-0.7567567567563512,0.09999999999843467,8.416666666666666
rsi2_m5_usd100000,2017-06-08T09:15:00+00:00,2017-06-08T10:35:00+00:00,31968,holding_bars,-0.5123999999998394,-7.216901408448442,False,False,4800,4.9513202573236725,1.303172720750703,-0.12099457506682812,-3.7596065253961175,-2.085349118503826,-0.8918918918917783,0.09999999999843467,9.25
rsi2_m5_usd100000,2017-06-08T10:50:00+00:00,2017-06-08T11:10:00+00:00,31987,signal_exit,0.10573000000026628,1.4870604782034638,False,True,1200,4.474436413581781,1.145425863040378,-0.9189682066117935,-5.483279705626572,-1.6144612587132328,-0.8139534883723932,0.1999999999990898,10.833333333333334
rsi2_m5_usd100000,2017-06-08T11:55:00+00:00,2017-06-08T12:20:00+00:00,32000,signal_exit,-0.07912999999983966,-1.1129395217980262,False,False,1500,7.324380863180447,1.662384519396022,-0.9179684093162929,-4.777367881120266,-2.332218281268156,-0.3191489361701977,0.1999999999990898,11.916666666666666
rsi2_m5_usd100000,2017-06-08T12:40:00+00:00,2017-06-08T12:50:00+00:00,32009,target,1.2841394595794045,18.035666567126466,False,True,600,10.82232766558433,2.075625287791247,-0.8481889301305243,-6.5582342270496765,-2.7368258909381527,-0.47338935574227864,0.3999999999981796,12.666666666666666
rsi2_m5_usd100000,2017-06-08T14:05:00+00:00,2017-06-08T14:30:00+00:00,32026,signal_exit,0.04208000000016304,0.5910112359573461,False,True,1500,10.911190742623653,1.7152659749053187,-0.9499206181349178,-5.247952311683648,-1.759150651399874,-0.4909090909090322,0.09999999999843467,14.083333333333334
rsi2_m5_usd100000,2017-06-09T08:05:00+00:00,2017-06-09T09:05:00+00:00,32241,signal_exit,-0.378499999999901,-5.301120448177886,False,False,3600,7.169896176559928,1.2958884468760028,-0.5155655285798684,-3.8116440664993956,-1.843211629221761,-0.6385542168672894,0.10000000000065512,8.083333333333334
rsi2_m5_usd100000,2017-06-09T10:00:00+00:00,2017-06-09T10:30:00+00:00,32264,signal_exit,0.25760000000014016,3.602797202799163,False,True,1800,6.04336763010019,1.0593390156408269,-0.9493962462460073,-4.852867138555632,-1.5611728488297616,-0.9629629629629934,0.2999999999997449,10.0
rsi2_m5_usd100000,2017-06-09T12:05:00+00:00,2017-06-09T13:20:00+00:00,32289,signal_exit,-0.4855999999999685,-6.801120448178831,False,False,4500,4.375760068951492,0.813189577899211,-0.8500706865131206,-3.771223066451014,-1.6912328771169445,-0.7307692307692143,0.20000000000131024,12.083333333333334
rsi2_m5_usd100000,2017-06-12T07:10:00+00:00,2017-06-12T07:30:00+00:00,32510,signal_exit,-0.029119999999829116,-0.40898876404254375,False,False,1200,3.0543899752422883,1.058598012048077,0.8004215428142161,1.7193104970683404,-1.9801847856168147,-0.048780487804653494,0.1999999999990898,7.166666666666667
rsi2_m5_usd100000,2017-06-12T08:35:00+00:00,2017-06-12T08:50:00+00:00,32527,signal_exit,0.1844799999999893,2.591011235954906,False,True,900,4.091177614988722,1.3114240564202664,0.9006215537085844,3.5521118288956792,0.107504540921747,-0.6739130434784707,0.20000000000131024,8.583333333333334
rsi2_m5_usd100000,2017-06-12T10:35:00+00:00,2017-06-12T11:00:00+00:00,32551,signal_exit,-0.17863999999986008,-2.5089887640429787,False,False,1500,4.522927228784544,1.3515996829373402,0.9340715246889968,2.3773944676750047,-1.3920709860653215,-0.0955056179775358,0.10000000000065512,10.583333333333334
rsi2_m5_usd100000,2017-06-12T12:00:00+00:00,2017-06-12T12:30:00+00:00,32568,signal_exit,0.156000000000277,2.1910112359589466,False,True,1800,4.232578561209449,1.2200284211169465,0.8071224651769388,2.589669848971386,-0.252472163380098,-0.8333333333335576,0.1999999999990898,12.0
rsi2_m5_usd100000,2017-06-12T13:00:00+00:00,2017-06-12T14:15:00+00:00,32580,stop,-1.407691634820467,-19.77094992725375,True,False,4500,4.090490290802306,1.162708069911104,0.846824174253171,1.0292758578017838,-2.1460100572200176,-0.6323529411766818,0.20000000000131024,13.0
rsi2_m5_usd100000,2017-06-12T14:20:00+00:00,2017-06-12T14:45:00+00:00,32596,signal_exit,0.06381000000014508,0.8949509116429886,False,True,1500,4.772846028394113,1.2911365423402248,0.19750118898816874,-4.101363068926893,-2.644295106063071,-0.5641025641025155,0.2999999999997449,14.333333333333334
rsi2_m5_usd100000,2017-06-13T08:35:00+00:00,2017-06-13T09:10:00+00:00,32813,signal_exit,-0.19287999999979527,-2.7089887640420685,False,False,2100,4.137965749765709,1.4007945318839579,0.6447544441761026,4.644027500042042,0.5092527935939973,-0.5576923076920367,0.09999999999843467,8.583333333333334
rsi2_m5_usd100000,2017-06-13T09:25:00+00:00,2017-06-13T10:05:00+00:00,32823,signal_exit,-0.1359199999998964,-1.9089887640434888,False,False,2400,3.9969687725808423,1.3115926987490738,1.1194824169542448,2.377504722865244,-1.8728434892217376,-0.8771929824561062,0.10000000000065512,9.416666666666666
rsi2_m5_usd100000,2017-06-13T10:30:00+00:00,2017-06-13T11:15:00+00:00,32836,signal_exit,-0.021999999999940567,-0.3089887640441091,False,False,2700,3.250187095502871,1.078940044067762,0.7177725821541614,1.5582926462064588,-1.0830092649909344,-0.7142857142862581,0.10000000000065512,10.5
rsi2_m5_usd100000,2017-06-13T12:40:00+00:00,2017-06-13T13:40:00+00:00,32862,signal_exit,-0.5275199999997742,-7.408988764041772,False,False,3600,3.403939647699796,1.1032700118255316,0.6977441994824566,2.5463784294963503,-0.33469045968580613,-0.47916666666653174,0.2999999999997449,12.666666666666666
rsi2_m5_usd100000,2017-06-13T15:40:00+00:00,2017-06-13T16:15:00+00:00,32898,signal_exit,-0.5208499999998855,-7.305049088357439,False,False,2100,3.9351023134494088,1.156686812896022,0.27985615807750963,-0.5103064891465009,-1.7660881161039848,-0.7567567567569514,0.2999999999997449,15.666666666666666
rsi2_m5_usd100000,2017-06-14T07:20:00+00:00,2017-06-14T08:25:00+00:00,33083,signal_exit,-0.5844799999999892,-8.208988764044793,False,False,3900,3.523244368845198,1.4405389423552561,0.6892011292371544,1.251621128741463,-1.4848574625243893,-0.6999999999996669,0.2999999999997449,7.333333333333333
rsi2_m5_usd100000,2017-06-14T09:00:00+00:00,2017-06-14T09:30:00+00:00,33103,signal_exit,-0.08607999999988608,-1.2089887640433437,False,False,1800,3.5653811534973374,1.3250297255463876,0.06616484158698788,-1.5265550905251501,-1.2287020330320535,-0.318181818181887,0.1999999999990898,9.0
rsi2_m5_usd100000,2017-06-14T09:45:00+00:00,2017-06-14T11:05:00+00:00,33112,holding_bars,-0.49945999999990365,-7.005049088357694,False,False,4800,3.7197489638222967,1.342555192864371,-0.19095906045907968,-2.4613747223215046,-2.4703410589633865,-0.2790697674417924,0.1999999999990898,9.75
rsi2_m5_usd100000,2017-06-14T11:50:00+00:00,2017-06-14T12:20:00+00:00,33137,signal_exit,0.04955000000020998,0.6949509116438988,False,True,1800,3.0162721567036637,1.0803878730468406,-0.5606571616062993,-3.9774431349605597,-2.4624693847185593,-0.5882352941175703,0.2999999999997449,11.833333333333334
rsi2_m5_usd100000,2017-06-15T07:00:00+00:00,2017-06-15T07:10:00+00:00,33366,stop,-1.1981220095747327,-16.827556314251865,True,False,600,3.354641887552448,0.9101428962977107,-0.5395238479840269,-2.8557436551466235,-0.8139082053389123,-0.7213114754098301,0.1999999999990898,7.0
rsi2_m5_usd100000,2017-06-15T07:15:00+00:00,2017-06-15T08:00:00+00:00,33369,signal_exit,-0.10017999999982102,-1.405049088356536,False,False,2700,4.8343105783354465,1.2408355964794617,-0.63704321369153,-7.845519539027775,-3.1562083815514113,-0.5307262569832562,0.1999999999990898,7.25
rsi2_m5_usd100000,2017-06-15T09:25:00+00:00,2017-06-15T10:35:00+00:00,33395,signal_exit,-0.9925399999999602,-13.901120448178714,False,False,4200,5.59186983334979,1.2769024971723892,-1.7792672643217058,-8.766051276042091,-1.994510253318686,-0.8666666666672259,0.20000000000131024,9.416666666666666
rsi2_m5_usd100000,2017-06-15T11:05:00+00:00,2017-06-15T11:45:00+00:00,33415,signal_exit,-0.221449999999823,-3.0972027972003215,False,False,2400,4.607006240065379,1.0479690420121102,-2.303466359622836,-9.335183212865246,-0.3680135332462878,-0.26666666666665023,0.1999999999990898,11.083333333333334
rsi2_m5_usd100000,2017-06-15T12:05:00+00:00,2017-06-15T12:15:00+00:00,33427,signal_exit,0.22900000000011153,3.202797202798762,False,True,600,4.63420003447323,1.0438021066564875,-2.2572254358815673,-9.087746975056152,-1.1432302251464606,-0.5,0.20000000000131024,12.083333333333334
rsi2_m5_usd100000,2017-06-15T14:00:00+00:00,2017-06-15T14:25:00+00:00,33450,signal_exit,-0.4792399999999215,-6.693296089384378,False,False,1500,5.635226794009354,1.166575795469587,-2.093037471939343,-8.806843747393515,-0.8623761021080957,-0.405405405405081,0.2999999999997449,14.0
rsi2_m5_usd100000,2017-06-16T09:45:00+00:00,2017-06-16T10:35:00+00:00,33686,signal_exit,-0.04291999999992219,-0.6011204481781819,False,False,3000,3.7349575561780095,1.1629827170266986,1.307397040245247,5.337258063483168,0.15181581652415121,-0.24999999999947958,0.1999999999990898,9.75
rsi2_m5_usd100000,2017-06-16T11:25:00+00:00,2017-06-16T12:15:00+00:00,33706,signal_exit,-0.49314999999985654,-6.89720279720079,False,False,3000,3.842037824568444,1.1529591859287327,1.161203493365967,2.562955400015798,-1.7389182822379017,-0.8823529411763553,0.1999999999990898,11.416666666666666
rsi2_m5_usd100000,2017-06-16T12:55:00+00:00,2017-06-16T13:25:00+00:00,33724,signal_exit,-0.10704999999986736,-1.497202797200942,False,False,1800,4.46921539063734,1.2669260408746719,0.6477984230441024,2.2992479648860367,0.15788060406270876,-0.7272727272726661,0.1999999999990898,12.916666666666666
rsi2_m5_usd100000,2017-06-16T15:50:00+00:00,2017-06-16T16:45:00+00:00,33759,signal_exit,-0.0214999999999404,-0.301120448178437,False,False,3300,4.638844374301289,1.183818527150382,1.478305995266812,4.81569446632358,-1.389140429701218,-0.8095238095236584,0.10000000000065512,15.833333333333334
rsi2_m5_usd100000,2017-06-19T07:10:00+00:00,2017-06-19T08:00:00+00:00,33935,signal_exit,-0.17147999999981317,-2.4050490883564257,False,False,3000,3.432905605747584,1.3337003219591441,0.5673340001157823,0.22952258287901334,-1.1264098760195327,-0.6542056074766219,0.1999999999990898,7.166666666666667
rsi2_m5_usd100000,2017-06-19T09:35:00+00:00,2017-06-19T10:05:00+00:00,33964,signal_exit,-0.14295999999978465,-2.0050490883560257,False,False,1800,3.270546120535329,1.1646723812146562,0.07676265283287988,-0.2890442969997204,-1.2909512942078751,-0.75,0.09999999999843467,9.583333333333334
rsi2_m5_usd100000,2017-06-19T11:30:00+00:00,2017-06-19T12:20:00+00:00,33987,signal_exit,-0.5493699999997557,-7.705049088355619,False,False,3000,3.6998371908792294,1.2366000907350692,0.5047403332568642,2.931210577785623,0.3210523498999392,-0.6857142857141951,0.1999999999990898,11.5
rsi2_m5_usd100000,2017-06-19T12:30:00+00:00,2017-06-19T13:45:00+00:00,33999,signal_exit,-0.5284399999999321,-7.401120448178321,False,False,4500,4.830329353447875,1.483930784311486,0.49707663851676775,-3.4662467664477403,-2.4053133451865767,-0.5526315789472198,0.2999999999997449,12.5
rsi2_m5_usd100000,2017-06-19T14:05:00+00:00,2017-06-19T14:20:00+00:00,34018,signal_exit,0.0784600000000803,1.0988795518218528,False,True,900,4.496047767574737,1.2946623231867542,-0.8216122034966449,-4.8670563075599835,-1.533110711176451,-0.709677419355116,0.20000000000131024,14.083333333333334
rsi2_m5_usd100000,2017-06-19T14:45:00+00:00,2017-06-19T15:25:00+00:00,34026,signal_exit,-0.32154999999984374,-4.497202797200611,False,False,2400,4.137003442580123,1.1839189616502634,-1.0405188489813628,-5.5424858425921615,-2.516768043982293,-0.6888888888892069,0.0,14.75
rsi2_m5_usd100000,2017-06-19T15:55:00+00:00,2017-06-19T16:20:00+00:00,34040,signal_exit,-0.25719999999989845,-3.5972027972013767,False,False,1500,3.987573399365678,1.116484125745813,-1.3303150130248391,-7.299407139742068,-1.4745596702794042,-0.13333333333274122,0.1999999999990898,15.916666666666666
rsi2_m5_usd100000,2017-06-20T07:20:00+00:00,2017-06-20T07:45:00+00:00,34223,signal_exit,0.03628000000011705,0.5067039106161599,False,True,1500,3.0129824508223653,1.2246847599499195,-0.14846882329896202,-5.5346377007589105,-2.4621690202445317,-0.6428571428573014,0.10000000000065512,7.333333333333333
rsi2_m5_usd100000,2017-06-20T08:30:00+00:00,2017-06-20T08:40:00+00:00,34237,signal_exit,0.04344000000016396,0.6067039106168151,False,True,600,4.127762885563782,1.479696237345537,-0.4645783592313621,-2.678450938501907,-0.2919722292090358,-0.3913043478258351,0.1999999999990898,8.5
rsi2_m5_usd100000,2017-06-20T09:35:00+00:00,2017-06-20T09:50:00+00:00,34250,signal_exit,-0.00667999999984642,-0.09329608938332988,False,False,900,3.615198320783142,1.2714016881570636,-0.25035254192742423,-1.5603314837792441,-0.8987266108958251,-0.7540983606555826,0.2999999999997449,9.583333333333334
rsi2_m5_usd100000,2017-06-20T10:35:00+00:00,2017-06-20T11:45:00+00:00,34262,stop,-1.2004827568556369,-16.766518950497723,True,False,4200,3.3433057152788304,1.165769875148898,-0.00487963111984138,-0.3429240438144446,-0.4426252069152487,-1.0,0.1999999999990898,10.583333333333334
rsi2_m5_usd100000,2017-06-20T11:55:00+00:00,2017-06-20T12:00:00+00:00,34278,signal_exit,0.11503999999999709,1.6067039106144845,False,True,300,3.2683728847246782,1.1074697457557923,-0.3529114413338283,-4.537948378364992,-1.4142845566567432,-0.5769230769236025,0.30000000000196536,11.916666666666666
rsi2_m5_usd100000,2017-06-20T13:15:00+00:00,2017-06-20T13:35:00+00:00,34294,signal_exit,0.11504000000015607,1.606703910616705,False,True,1200,4.599406859407442,1.3747957797261021,-0.40347846760637773,-2.5221189015752796,-0.8423709451358845,-0.38181818181838,0.2999999999997449,13.25
rsi2_m5_usd100000,2017-06-20T13:50:00+00:00,2017-06-20T14:30:00+00:00,34301,signal_exit,-0.3073999999999087,-4.293296089384199,False,False,2400,4.325405013644439,1.2807984535138577,-0.32635492317598735,-3.2645859303070357,-1.8954820775786876,-0.7321428571430342,0.20000000000131024,13.833333333333334
rsi2_m5_usd100000,2017-06-20T14:55:00+00:00,2017-06-20T16:15:00+00:00,34314,holding_bars,-1.2826699999999287,-17.889400278939032,False,False,4800,4.610987836772762,1.2902079771166877,-0.7466268354745776,-4.763679092650785,-1.2975493616089855,-1.0,0.2999999999997449,14.916666666666666
rsi2_m5_usd100000,2017-06-21T09:35:00+00:00,2017-06-21T10:05:00+00:00,34533,signal_exit,0.0007600000000415608,0.010599721060551752,False,True,1800,4.071283378549749,1.5844998033596889,0.0988906662217142,2.520517466560229,0.7030807383405594,-0.7317073170730518,0.10000000000065512,9.583333333333334
rsi2_m5_usd100000,2017-06-21T12:00:00+00:00,2017-06-21T12:35:00+00:00,34562,signal_exit,0.2445400000002058,3.410599721062842,False,True,2100,4.354950102788384,1.4614409189167423,0.6887618186200615,1.022760634505629,-1.9812750160532455,-0.27659574468066006,0.2999999999997449,12.0
rsi2_m5_usd100000,2017-06-21T13:10:00+00:00,2017-06-21T13:45:00+00:00,34576,signal_exit,-0.7083599999998327,-9.893296089383137,False,False,2100,4.139621629481128,1.319917591980334,0.60185497259645,1.6605855940678282,-0.6686328257815225,-0.4516129032258527,0.20000000000131024,13.166666666666666
rsi2_m5_usd100000,2017-06-21T15:35:00+00:00,2017-06-21T16:15:00+00:00,34605,signal_exit,0.036610000000117215,0.5105997210616069,False,True,2400,3.8439464855044188,1.1402888473668946,0.12768943156144688,0.06744790425852121,-0.8722403848017725,-0.8064516129034106,0.20000000000131024,15.583333333333334
rsi2_m5_usd100000,2017-06-22T07:05:00+00:00,2017-06-22T07:40:00+00:00,34789,stop,-1.1342307362404314,-15.863366940425612,True,False,2100,3.1165410358065233,1.2737417863124316,1.1058839507929354,2.4277995798960235,-2.023794607006604,-0.6181818181817741,0.1999999999990898,7.083333333333333
rsi2_m5_usd100000,2017-06-22T07:45:00+00:00,2017-06-22T07:55:00+00:00,34797,target,0.2654713042379593,3.7076997798597664,False,True,600,3.550497934621173,1.3792537473123636,0.7251106391179106,-2.3119059147149095,-2.0973962881965464,-0.4339622641509197,0.1999999999990898,7.75
rsi2_m5_usd100000,2017-06-22T10:00:00+00:00,2017-06-22T11:00:00+00:00,34824,signal_exit,-0.22859999999986985,-3.1972027972009767,False,False,3600,3.1674760940881774,1.1511876685287397,0.45555834996479894,0.6034483359013264,-0.8796950651812647,-0.8360655737705097,0.10000000000065512,10.0
rsi2_m5_usd100000,2017-06-22T11:35:00+00:00,2017-06-22T12:00:00+00:00,34843,signal_exit,0.16465000000000748,2.3027972027973074,False,True,1500,3.0549316930297166,1.0996054976762797,0.11389004570392472,-1.36878862335515,-2.5456908011297994,-0.6190476190478876,0.20000000000131024,11.583333333333334
rsi2_m5_usd100000,2017-06-22T12:35:00+00:00,2017-06-22T13:55:00+00:00,34855,holding_bars,-0.6790499999999631,-9.497202797202279,False,False,4800,3.284657201231291,1.1525311796051143,0.02423152198929242,0.6247847293551247,0.35097317587153465,-0.6851851851848882,0.20000000000131024,12.583333333333334
rsi2_m5_usd100000,2017-06-22T14:20:00+00:00,2017-06-22T14:30:00+00:00,34876,signal_exit,0.24392000000004652,3.4067039106151746,False,True,600,4.3272055132686,1.365441173045517,-0.25424687748899133,-3.0209414208848853,-1.741435486344416,-0.2608695652170975,0.0,14.333333333333334
rsi2_m5_usd100000,2017-06-22T14:55:00+00:00,2017-06-22T15:15:00+00:00,34883,signal_exit,0.19380000000019512,2.70670391061725,False,True,1200,4.217505762941375,1.3042881546106155,-0.3828105409337226,-2.61880512999317,-1.2872067012164317,-0.900000000000074,0.10000000000065512,14.916666666666666
rsi2_m5_usd100000,2017-06-22T15:30:00+00:00,2017-06-22T16:25:00+00:00,34890,signal_exit,-0.3002399999998618,-4.193296089383544,False,False,3300,4.284358311090274,1.2934909638840608,-0.3895647009721736,-3.0886461442521127,-2.1881688619553845,-0.8860759493671954,0.20000000000131024,15.5
rsi2_m5_usd100000,2017-06-23T08:45:00+00:00,2017-06-23T09:55:00+00:00,35093,signal_exit,-0.5217499999998851,-7.29720279720119,False,False,4200,3.9838139467032088,1.5831501375159005,1.5967962565894822,4.497313379006057,-0.9096750256939511,-0.8571428571433103,0.10000000000065512,8.75
rsi2_m5_usd100000,2017-06-23T10:35:00+00:00,2017-06-23T11:10:00+00:00,35115,signal_exit,-0.14994999999998965,-2.0972027972026526,False,False,2100,3.5025595599303303,1.32221458362062,0.6199812931531083,1.1164634644849365,-0.5507438571984151,-0.22222222222249635,0.20000000000131024,10.583333333333334
rsi2_m5_usd100000,2017-06-23T12:55:00+00:00,2017-06-23T13:05:00+00:00,35143,target,0.21901356648259382,3.0674168975153195,False,True,600,3.284268672846672,1.1905733142129094,0.6316778785559222,3.329132597560071,0.5264945799309696,-0.6585365853658008,0.2999999999997449,12.916666666666666
rsi2_m5_usd100000,2017-06-26T08:05:00+00:00,2017-06-26T09:25:00+00:00,35365,holding_bars,-1.0698599999999991,-15.005049088359034,False,False,4800,3.8132204237556078,1.4786251814958704,0.4235374759553951,1.4113369454084845,-0.2527832248971182,-0.7857142857144443,0.30000000000196536,8.083333333333334
rsi2_m5_usd100000,2017-06-26T10:00:00+00:00,2017-06-26T10:10:00+00:00,35388,signal_exit,0.09988000000022063,1.3988795518238184,False,True,600,4.074067001846397,1.373996836184623,-0.44054146322624954,-4.423923989088866,-1.8082383017327304,-0.10869565217362971,0.09999999999843467,10.0
rsi2_m5_usd100000,2017-06-26T10:55:00+00:00,2017-06-26T11:40:00+00:00,35399,signal_exit,-0.11431999999991432,-1.6011204481780716,False,False,2700,4.1285198559184355,1.3315143689366449,-0.6514469788954931,-3.4864205587166524,-1.0946619246923244,-0.5517241379307969,0.1999999999990898,10.916666666666666
rsi2_m5_usd100000,2017-06-26T15:05:00+00:00,2017-06-26T15:40:00+00:00,35449,signal_exit,-0.14295999999994297,-2.005049088358246,False,False,2100,5.391480041173301,1.3835130835821845,1.0732921280032843,2.203853638441962,-1.7550681662290697,-0.09090909090927442,0.30000000000196536,15.083333333333334
rsi2_m5_usd100000,2017-06-26T15:45:00+00:00,2017-06-26T16:50:00+00:00,35457,signal_exit,-0.3354699999999376,-4.70504908835817,False,False,3900,4.970035839148678,1.2688584690989617,0.772736529677274,-1.023284283916474,-2.5786440244245514,-0.99270072992696,0.10000000000065512,15.75
rsi2_m5_usd100000,2017-06-27T07:40:00+00:00,2017-06-27T08:05:00+00:00,35645,target,0.1952627841172749,2.7347728867965673,False,True,1500,3.0179466674877706,1.254350157520694,0.5503600346291316,-0.42943668993243045,-1.7492103120875009,-0.24444444444453217,0.10000000000065512,7.666666666666667
rsi2_m5_usd100000,2017-06-27T10:05:00+00:00,2017-06-27T10:20:00+00:00,35674,signal_exit,0.23310000000015726,3.2830985915515107,False,True,900,6.529652587461081,1.687722541936016,3.2103809298549413,12.302815664655586,-0.19425635726519114,-0.7500000000001542,0.09999999999843467,10.083333333333334
rsi2_m5_usd100000,2017-06-28T07:00:00+00:00,2017-06-28T07:25:00+00:00,35922,signal_exit,0.36943000000014026,5.255049786630728,False,True,1500,4.969818205197661,1.3370868299546381,2.2487921647572913,6.414564061492948,-1.0639380543988501,-0.7234042553192093,0.2999999999997449,7.0
rsi2_m5_usd100000,2017-06-28T08:45:00+00:00,2017-06-28T09:40:00+00:00,35943,signal_exit,-0.6492799999999816,-9.249002849002586,False,False,3300,6.963452641572037,1.5495922913385902,2.0429435187624443,6.399691956196067,-0.8083352447464649,-0.6956521739130644,0.20000000000131024,8.75
rsi2_m5_usd100000,2017-06-28T10:50:00+00:00,2017-06-28T11:05:00+00:00,35968,signal_exit,0.12338000000008925,1.7550497866300034,False,True,900,4.607852278187152,1.0353596807526968,1.1386495205261142,3.28251559718086,-1.009745366007361,-0.5441176470587851,0.20000000000131024,10.833333333333334
rsi2_m5_usd100000,2017-06-28T11:50:00+00:00,2017-06-28T12:00:00+00:00,35980,signal_exit,0.17206000000009933,2.4509971509985657,False,True,600,4.441689519394171,1.0005587068450548,1.2467488453468172,5.183468546183614,0.3873177864612579,-0.17647058823514045,0.2999999999997449,11.833333333333334
rsi2_m5_usd100000,2017-06-28T12:20:00+00:00,2017-06-28T12:20:00+00:00,35986,target,1.221884466254716,17.282665717888484,False,True,0,10.405760015944907,1.9575500496732046,0.9436328923180558,-10.318980778175328,-4.086434297415267,-0.9675925925925858,0.2999999999997449,12.333333333333334
rsi2_m5_usd100000,2017-06-28T15:00:00+00:00,2017-06-28T15:45:00+00:00,36018,signal_exit,-0.31950999999984636,-4.544950213369081,False,False,2700,10.726749491678708,1.4882854371001404,0.4842423809379389,1.9935146751440536,-0.14664026038576955,-0.8645161290322247,0.1999999999990898,15.0
rsi2_m5_usd100000,2017-06-29T09:20:00+00:00,2017-06-29T09:55:00+00:00,36237,signal_exit,-0.556489999999852,-7.9612303290393704,False,False,2100,5.413173057190976,1.1683779134503562,1.6677530081662495,5.011361382170702,-1.6563277513618149,-0.8596491228072567,0.10000000000065512,9.333333333333334
rsi2_m5_usd100000,2017-06-29T10:15:00+00:00,2017-06-29T10:30:00+00:00,36248,signal_exit,0.14300000000007101,2.042857142858157,False,True,900,5.2374602430249375,1.1122224424739127,1.1661522936938433,2.0454736819465347,-1.3929563811111219,-0.6129032258064632,0.20000000000131024,10.25
rsi2_m5_usd100000,2017-06-29T10:50:00+00:00,2017-06-29T11:55:00+00:00,36255,signal_exit,-0.2839999999999286,-4.057142857141836,False,False,3900,5.168574772889378,1.0934811173316716,0.8510851087090106,0.5522560698396857,-2.0732561547493975,-0.7976190476190319,0.0,10.833333333333334
rsi2_m5_usd100000,2017-06-29T12:35:00+00:00,2017-06-29T13:00:00+00:00,36276,signal_exit,-0.06699999999990586,-0.9571428571415123,False,False,1500,6.3812044127577146,1.2759071277163134,0.23448009180029322,-0.16885311216964602,-0.7555595313737902,-0.27631578947374763,0.20000000000131024,12.583333333333334
rsi2_m5_usd100000,2017-06-30T07:00:00+00:00,2017-06-30T07:35:00+00:00,36496,stop,-1.6170863861135099,-23.13428306314034,True,False,2100,4.893263183525175,1.4150169658623344,0.15070685579134277,-2.5196943805261047,-1.9155005698896388,-0.8656716417911486,0.2999999999997449,7.0
rsi2_m5_usd100000,2017-06-30T07:40:00+00:00,2017-06-30T08:00:00+00:00,36504,signal_exit,0.18500000000003533,2.6428571428576477,False,True,1200,6.016048612058549,1.5963652378365967,-0.2762107562518616,-6.657177745736719,-2.3534122030567017,-0.7226890756303069,0.20000000000131024,7.666666666666667
rsi2_m5_usd100000,2017-06-30T09:15:00+00:00,2017-06-30T09:45:00+00:00,36523,signal_exit,0.3397700000001118,4.846932952925989,False,True,1800,6.785117499330381,1.5800176766836318,-1.231151413756656,-7.47886812198701,-1.8918315246539246,-0.5692307692307061,0.10000000000065512,9.25
rsi2_m5_usd100000,2017-06-30T10:30:00+00:00,2017-06-30T11:05:00+00:00,36538,signal_exit,0.08000000000012458,1.1428571428589225,False,True,2100,5.358049633864824,1.2275392901966833,-1.299321709849615,-4.622964095333523,0.10876077395300092,-0.6111111111114309,0.10000000000065512,10.5
rsi2_m5_usd100000,2017-06-30T12:00:00+00:00,2017-06-30T12:05:00+00:00,36556,target,0.36480223925168276,5.211460560738325,False,True,300,4.284301708938624,0.996219256032769,-0.8965527361006107,-3.822820813809458,-0.5907783306518268,-0.6851851851851699,0.09999999999843467,12.0
rsi2_m5_usd100000,2017-06-30T14:35:00+00:00,2017-06-30T15:10:00+00:00,36587,signal_exit,-0.3397999999999846,-4.861230329041268,False,False,2100,5.005669040316656,1.0938381070695202,-0.11393451420423245,-1.1531000425128612,-1.3706434111668644,-0.882352941176573,0.10000000000065512,14.583333333333334
rsi2_m5_usd100000,2017-06-30T15:35:00+00:00,2017-06-30T15:55:00+00:00,36599,signal_exit,0.1640000000000532,2.342857142857903,False,True,1200,5.474610560185547,1.1503712893286455,-0.20646879904514862,-2.185113308771871,-0.9842902720531174,-0.23529411764728933,0.20000000000131024,15.583333333333334
rsi2_m5_usd100000,2017-07-03T07:10:00+00:00,2017-07-03T08:10:00+00:00,36781,stop,-1.4126380365791835,-20.18054337970262,True,False,3600,4.205850130640048,1.378617788627332,-0.513372429785244,-3.8617235125504243,-1.730868690362179,-0.5540540540541108,0.10000000000065512,7.166666666666667
rsi2_m5_usd100000,2017-07-03T08:15:00+00:00,2017-07-03T08:35:00+00:00,36794,signal_exit,0.02432000000022433,0.3469329529275938,False,True,1200,5.100781751766029,1.5057922584676087,-0.9411103998571642,-8.635069500195673,-2.2096978032869816,-0.7499999999998739,0.09999999999843467,8.25
rsi2_m5_usd100000,2017-07-03T08:55:00+00:00,2017-07-03T09:15:00+00:00,36802,signal_exit,-0.11587999999991588,-1.6530670470744064,False,False,1200,4.644310586100213,1.3486621422587843,-1.3782345626074481,-8.556005994142067,-1.4444681673859843,-0.8085106382975507,0.1999999999990898,8.916666666666666
rsi2_m5_usd100000,2017-07-03T09:45:00+00:00,2017-07-03T11:05:00+00:00,36812,holding_bars,-0.2912599999998185,-4.149002849000263,False,False,4800,4.372584840365948,1.245430411337192,-1.785356345096539,-8.659996097625621,-1.8313618557708535,-0.8367346938769684,0.1999999999990898,9.75
rsi2_m5_usd100000,2017-07-03T11:20:00+00:00,2017-07-03T12:15:00+00:00,36831,target,0.3981698222522254,5.67193478991774,False,True,3300,4.560468819460091,1.238107471419348,-1.8882655772017225,-10.189404609997954,-3.2897929983035326,-0.7169811320755192,0.20000000000131024,11.333333333333334
rsi2_m5_usd100000,2017-07-03T13:10:00+00:00,2017-07-03T13:35:00+00:00,36853,signal_exit,-0.1367299999997416,-1.9449502133675904,False,False,1500,5.050632383632672,1.2734194744739298,-1.805054846584372,-8.233192747374506,-2.0005828716566425,-0.31481481481483004,0.1999999999990898,13.166666666666666
rsi2_m5_usd100000,2017-07-03T14:45:00+00:00,2017-07-03T15:00:00+00:00,36872,signal_exit,-0.010459999999849423,-0.149002849000704,False,False,900,4.775256278640967,1.1638511375920202,-1.558829517600902,-6.207165037204862,-0.3527566943899929,-0.48837209302291956,0.1999999999990898,14.75
rsi2_m5_usd100000,2017-07-03T15:20:00+00:00,2017-07-03T15:45:00+00:00,36879,signal_exit,-0.1718799999998158,-2.444950213368646,False,False,1500,4.408114498116509,1.0793586826502055,-1.4684492200497998,-6.291328504042788,-1.569670135698591,-0.5161290322578104,0.10000000000065512,15.333333333333334
rsi2_m5_usd100000,2017-07-04T07:25:00+00:00,2017-07-04T07:35:00+00:00,37068,signal_exit,0.24289000000009173,3.4550497866300387,False,True,600,5.754364938681776,1.6894403187045308,-0.9335884920624522,-2.8957466479583873,0.20021605605584866,-0.5614035087721417,0.20000000000131024,7.416666666666667
rsi2_m5_usd100000,2017-07-04T08:10:00+00:00,2017-07-04T09:30:00+00:00,37077,holding_bars,-1.001419999999943,-14.244950213370453,False,False,4800,5.424754057720715,1.5216537021577634,-0.5429464175597293,-3.0976788935586663,-1.2206565018785802,-0.2619047619043087,0.1999999999990898,8.166666666666666
rsi2_m5_usd100000,2017-07-04T11:10:00+00:00,2017-07-04T11:45:00+00:00,37113,signal_exit,-0.10143999999982328,-1.4409090909065807,False,False,2100,3.4123560428228457,0.9727099376092384,-1.094687089359894,-5.351772978459895,-2.12720025534044,-0.7142857142851705,0.2999999999997449,11.166666666666666
rsi2_m5_usd100000,2017-07-04T12:30:00+00:00,2017-07-04T13:05:00+00:00,37129,signal_exit,-0.3055999999999102,-4.340909090907815,False,False,2100,3.2284339918789247,0.9419833862862014,-0.9653961787066948,-3.7951458677051333,-0.13069277511129157,-0.7906976744187487,0.20000000000131024,12.5
rsi2_m5_usd100000,2017-07-04T13:25:00+00:00,2017-07-04T13:50:00+00:00,37140,signal_exit,0.03232000000011509,0.4590909090925439,False,True,1500,3.5083816998062476,1.0132981590605286,-0.9765444578869857,-5.269687729921383,-1.544612810374473,-0.350000000000111,0.1999999999990898,13.416666666666666
rsi2_m5_usd100000,2017-07-04T14:45:00+00:00,2017-07-04T14:55:00+00:00,37156,signal_exit,0.05344000000009713,0.7590909090922888,False,True,600,3.0575005867632883,0.906153769711985,-1.0045984129412586,-4.032577315975266,-0.6502489771641804,-0.5384615384618012,0.20000000000131024,14.75
rsi2_m5_usd100000,2017-07-04T15:40:00+00:00,2017-07-04T16:05:00+00:00,37167,signal_exit,-0.0591999999998592,-0.8409090909070909,False,False,1500,3.323215117751424,0.9761120084446777,-0.7104665142656407,-2.80493641129088,-0.3540735902644075,-0.7352941176466362,0.2999999999997449,15.666666666666666
rsi2_m5_usd100000,2017-07-05T07:35:00+00:00,2017-07-05T07:55:00+00:00,37351,signal_exit,0.07417000000007906,1.0550497866298587,False,True,1200,3.5021946231719125,1.3094575019305095,0.3275396829068212,1.313866976026641,-0.25441974492573743,-0.7246376811592571,0.10000000000065512,7.583333333333333
rsi2_m5_usd100000,2017-07-05T08:05:00+00:00,2017-07-05T08:35:00+00:00,37357,stop,-1.3315626354022683,-18.94114701852444,True,False,1800,3.8990492012890865,1.3992013691674363,0.47669824168541997,0.5727053497603454,-1.646575758500853,-0.680555555555547,0.09999999999843467,8.083333333333334
rsi2_m5_usd100000,2017-07-05T08:40:00+00:00,2017-07-05T09:00:00+00:00,37364,stop,-1.4423016957947796,-20.487239997084934,True,False,1200,4.261582726544176,1.4598078646835495,0.22742484552118805,-4.16702670029261,-2.4287072237734293,-0.623655913978605,0.20000000000131024,8.666666666666666
rsi2_m5_usd100000,2017-07-05T09:10:00+00:00,2017-07-05T10:05:00+00:00,37370,stop,-1.8140726103783011,-25.7680768519645,True,False,3300,5.581791940263952,1.7441474311966116,-0.15689172632105705,-5.306505680414509,-1.5645122490167154,-0.3387096774193895,0.20000000000131024,9.166666666666666
rsi2_m5_usd100000,2017-07-05T10:10:00+00:00,2017-07-05T11:05:00+00:00,37382,signal_exit,0.31465000000008425,4.463120567377081,False,True,3300,5.685818961053868,1.6218200675144494,-1.21676108696308,-10.189714606705229,-1.9844545319912705,-0.6048387096771999,0.1999999999990898,10.166666666666666
rsi2_m5_usd100000,2017-07-05T12:10:00+00:00,2017-07-05T12:40:00+00:00,37406,signal_exit,-0.2704999999998357,-3.8368794326217825,False,False,1800,4.390970606751418,1.207966626299522,-1.4914822996377632,-5.420016518790564,-0.11970637370034026,-0.3714285714286258,0.2999999999997449,12.166666666666666
rsi2_m5_usd100000,2017-07-05T14:50:00+00:00,2017-07-05T15:25:00+00:00,37438,signal_exit,0.21595000000006379,3.063120567376791,False,True,2100,4.624227884476614,1.193110159653696,-0.9761071802134471,-3.2135869855236106,0.13363454229646463,-0.880597014925576,0.10000000000065512,14.833333333333334
rsi2_m5_usd100000,2017-07-06T07:45:00+00:00,2017-07-06T07:55:00+00:00,37639,signal_exit,0.1590400000001637,2.259090909093234,False,True,600,3.594761577505863,1.2324760826729484,0.1184786241001276,1.7994011324715742,0.4425454288911131,-0.7727272727272957,0.1999999999990898,7.75
rsi2_m5_usd100000,2017-07-07T09:25:00+00:00,2017-07-07T10:45:00+00:00,37946,holding_bars,-0.6823099999999003,-9.76123032904006,False,False,4800,3.624369212259149,1.0993937420771578,0.6282245748407912,1.888648744239316,-0.3418491203841682,-0.6153846153845497,0.2999999999997449,9.416666666666666
rsi2_m5_usd100000,2017-07-07T12:00:00+00:00,2017-07-07T12:30:00+00:00,37977,stop,-1.3185086552587544,-18.83583793226792,True,False,1800,3.869673768781813,1.1310355010700281,0.08815431687519355,-1.1139895302726759,-1.7668598514806952,-0.8117647058824298,0.10000000000065512,12.0
rsi2_m5_usd100000,2017-07-07T13:00:00+00:00,2017-07-07T13:55:00+00:00,37989,signal_exit,-0.4659999999998774,-6.657142857141105,False,False,3300,9.891921013416018,2.1578838706498815,0.16252511287228513,-2.2464532981066623,-1.8678144310079132,-0.7632653061224449,0.20000000000131024,13.0
rsi2_m5_usd100000,2017-07-07T14:20:00+00:00,2017-07-07T14:55:00+00:00,38005,signal_exit,-0.0597999999998598,-0.8530670470736061,False,False,2100,7.599918581944662,1.5352288691436324,-0.42083861610544626,-4.590506206327051,-1.2102893502655852,-0.602150537634614,0.10000000000065512,14.333333333333334
rsi2_m5_usd100000,2017-07-07T15:30:00+00:00,2017-07-07T15:40:00+00:00,38019,signal_exit,0.1715300000000992,2.4469329529258084,False,True,600,5.182676634536736,1.0742737674866436,-0.9305142231085356,-4.171943985454483,-0.5943087126936275,-0.3589743589743298,0.20000000000131024,15.5
rsi2_m5_usd100000,2017-07-10T07:35:00+00:00,2017-07-10T07:45:00+00:00,38207,target,0.23076167501487907,3.2965953573554154,False,True,600,3.376869107249102,1.273603014022218,-0.01661611093195951,-1.1016969205172529,-0.7636503947551819,-0.791044776119675,0.20000000000131024,7.583333333333333
rsi2_m5_usd100000,2017-07-10T08:40:00+00:00,2017-07-10T10:00:00+00:00,38220,holding_bars,-1.15899999999991,-16.557142857141574,False,False,4800,4.59562890261535,1.5339729229358465,0.09833339720620021,-1.8712742179375246,-1.8597296839878068,-0.8780487804878246,0.20000000000131024,8.666666666666666
rsi2_m5_usd100000,2017-07-10T10:05:00+00:00,2017-07-10T10:25:00+00:00,38237,signal_exit,0.157510000000163,2.246932952926719,False,True,1200,4.235090115778872,1.3274577458461403,-0.5393472001185785,-5.845553158125598,-1.5498221067075177,-0.5454545454548513,0.0,10.083333333333334
rsi2_m5_usd100000,2017-07-10T11:25:00+00:00,2017-07-10T11:50:00+00:00,38253,signal_exit,-0.045779999999923604,-0.6530670470745163,False,False,1500,3.447920371325055,1.09359034468167,-0.9859666508543767,-4.501940077718619,-1.0650018776860535,-0.6086956521738711,0.20000000000131024,11.416666666666666
rsi2_m5_usd100000,2017-07-10T12:10:00+00:00,2017-07-10T12:35:00+00:00,38262,signal_exit,0.06638000000018857,0.9469329529270837,False,True,1500,3.6762139429056053,1.1409589005869756,-0.8807213741216041,-4.173174530921898,-1.251772084515419,-0.4285714285709754,0.09999999999843467,12.166666666666666
rsi2_m5_usd100000,2017-07-10T13:30:00+00:00,2017-07-10T13:45:00+00:00,38278,signal_exit,-0.052789999999813875,-0.753067047072951,False,False,900,3.3571186970475044,1.0387837696453555,-0.7302239839024252,-3.277996468915183,-0.8483212404782835,-0.2702702702702541,0.10000000000065512,13.5
rsi2_m5_usd100000,2017-07-10T15:10:00+00:00,2017-07-10T15:25:00+00:00,38298,signal_exit,0.017310000000178405,0.24693295292693873,False,True,900,3.642665926612358,1.0922862649573057,-0.5317002312535498,-3.2218885003369104,-1.8206225254013373,-0.5813953488374975,0.1999999999990898,15.166666666666666
rsi2_m5_usd100000,2017-07-11T08:00:00+00:00,2017-07-11T08:00:00+00:00,38495,target,0.2939495229156177,4.193288486670723,False,True,0,3.8231777668728726,1.5475463802949219,-0.41513670458977997,-1.498131922560502,-0.14146663380599184,-0.31372549019638574,0.20000000000131024,8.0
rsi2_m5_usd100000,2017-07-11T09:05:00+00:00,2017-07-11T10:00:00+00:00,38508,signal_exit,-0.17896999999986224,-2.553067047073641,False,False,3300,3.5494503654074916,1.3648849313466636,0.04774692874644445,-0.03953986312945108,-0.633346740843701,-0.8750000000001157,0.1999999999990898,9.083333333333334
rsi2_m5_usd100000,2017-07-11T12:55:00+00:00,2017-07-11T13:25:00+00:00,38554,signal_exit,-0.30499999999991073,-4.357142857141581,False,False,1800,3.489777714921891,1.2519705764419427,0.5498602886019419,3.1385104324894977,0.4083366136057957,-0.6666666666669956,0.20000000000131024,12.916666666666666
rsi2_m5_usd100000,2017-07-12T07:00:00+00:00,2017-07-12T07:10:00+00:00,38770,signal_exit,-0.05362999999981494,-0.7694404591078183,False,False,600,4.030918736994945,1.2600358396100255,1.1391741646340856,-0.5205232325202377,-1.5418996776947884,-0.3396226415096158,0.40000000000040004,7.0
rsi2_m5_usd100000,2017-07-12T07:50:00+00:00,2017-07-12T08:20:00+00:00,38780,signal_exit,-0.4021299999997765,-5.769440459107266,False,False,1800,4.171643220846964,1.2556752094906942,0.2630932049346392,-1.5420189714760522,-1.4748773204333068,-0.48387096774182,0.1999999999990898,7.833333333333333
rsi2_m5_usd100000,2017-07-12T09:15:00+00:00,2017-07-12T10:00:00+00:00,38797,signal_exit,-0.23484999999976403,-3.3694404591070874,False,False,2700,4.695972327448996,1.3149783787111697,-0.2972388328223019,-1.3815754064213377,-0.0746069792610755,-0.3939393939393532,0.1999999999990898,9.25
rsi2_m5_usd100000,2017-07-12T10:55:00+00:00,2017-07-12T11:00:00+00:00,38817,target,0.31646486773038096,4.540385476762998,False,True,300,4.104912967936155,1.1164589882934097,-0.3209358198853996,-2.334208142440543,-0.8873860017110858,-0.8833333333332963,0.40000000000040004,10.916666666666666
rsi2_m5_usd100000,2017-07-12T12:15:00+00:00,2017-07-12T12:30:00+00:00,38833,stop,-1.3072999372338934,-18.75609666045758,True,False,900,3.8216640503376755,1.0311203082535498,-0.1903495920467108,-2.267835029175812,-1.9940824164622468,-0.5952380952379568,0.1999999999990898,12.25
rsi2_m5_usd100000,2017-07-12T13:05:00+00:00,2017-07-12T13:10:00+00:00,38843,stop,-2.5506915319685897,-36.595287402705736,True,False,300,8.256461735899496,1.814507031023043,-0.021125618697003905,-0.5389056553141652,-0.25755371613578854,-0.6882352941177008,0.2999999999997449,13.083333333333334
rsi2_m5_usd100000,2017-07-12T13:15:00+00:00,2017-07-12T14:35:00+00:00,38845,holding_bars,-1.3393699999998592,-19.161230329039473,False,False,4800,11.057867517178702,2.189488002506198,-0.1356830130161778,-7.577174284231751,-2.9654662022850027,-0.7286821705426684,0.40000000000040004,13.25
rsi2_m5_usd100000,2017-07-13T07:30:00+00:00,2017-07-13T07:45:00+00:00,39062,stop,-1.4715100016034852,-21.08180518056569,True,False,900,4.40411891691884,1.3351795712278838,1.0712970720505421,0.890694389805551,-2.533668215731088,-0.4615384615381988,0.1999999999990898,7.5
rsi2_m5_usd100000,2017-07-13T07:50:00+00:00,2017-07-13T08:50:00+00:00,39066,stop,-1.7861989840680068,-25.55363353459237,True,False,3600,5.548100801388122,1.578867901092569,0.822350898341473,-3.910478410138239,-2.917026682123562,-0.7660818713450688,0.10000000000065512,7.833333333333333
rsi2_m5_usd100000,2017-07-13T09:55:00+00:00,2017-07-13T10:10:00+00:00,39091,signal_exit,0.585120000000007,8.346932952924492,False,True,900,6.804634887216231,1.5778463111305707,-1.3749014736563647,-8.086561621347002,-2.350964101265224,-0.49677419354836583,0.2999999999997449,9.916666666666666
rsi2_m5_usd100000,2017-07-13T10:35:00+00:00,2017-07-13T11:10:00+00:00,39099,stop,-1.8215656278894432,-26.02236611270633,True,False,2100,5.641305813891349,1.3074631451464473,-1.499426783174535,-6.838838089758513,-1.4327160127937186,-0.40000000000029606,0.1999999999990898,10.583333333333334
rsi2_m5_usd100000,2017-07-13T13:35:00+00:00,2017-07-13T14:35:00+00:00,39135,signal_exit,-0.7109999999997727,-10.15714285713961,False,False,3600,5.881488458803103,1.120002003958507,-0.38209772380558366,-2.0791754633672843,-1.8187648344907579,-0.40350877192976986,0.1999999999990898,13.583333333333334
rsi2_m5_usd100000,2017-07-13T15:15:00+00:00,2017-07-13T16:20:00+00:00,39155,signal_exit,-1.0889999999999176,-15.55714285714168,False,False,3900,6.3222293435134755,1.154436050220931,-0.5863934639484614,-3.398724641316309,-1.1774817341001536,-0.6376811594202105,0.10000000000065512,15.25
rsi2_m5_usd100000,2017-07-14T08:25:00+00:00,2017-07-14T08:50:00+00:00,39354,signal_exit,0.00271000000008631,0.03876967095974693,False,True,1500,4.315143910420522,1.329295873644287,0.6744989939114703,0.9342949743383935,-1.5499111371072238,-0.6428571428569918,0.10000000000065512,8.416666666666666
rsi2_m5_usd100000,2017-07-14T09:00:00+00:00,2017-07-14T09:15:00+00:00,39361,target,0.31594339189100507,4.513477027014358,False,True,900,3.9353099420779376,1.209624823123082,0.598700943902726,0.012786094539369904,-1.8965600169866241,-0.9148936170211861,0.10000000000065512,9.0
rsi2_m5_usd100000,2017-07-14T10:50:00+00:00,2017-07-14T11:20:00+00:00,39383,signal_exit,0.058630000000142235,0.8387696709605469,False,True,1800,3.247701657581053,0.9919600321577541,0.4198717316676411,0.919658111757567,-1.4811321107299684,-0.5769230769236025,0.20000000000131024,10.833333333333334
rsi2_m5_usd100000,2017-07-14T14:45:00+00:00,2017-07-14T15:05:00+00:00,39430,signal_exit,0.3933000000001672,5.634670487108412,False,True,1200,7.191688184641649,1.5329035658278154,1.9269656360752192,4.317491291221499,-1.9812039115034115,-0.7962962962961897,0.09999999999843467,14.75
rsi2_m5_usd100000,2017-07-17T07:25:00+00:00,2017-07-17T08:05:00+00:00,39622,signal_exit,-0.4439499999998957,-6.369440459108977,False,False,2400,3.9635567241402123,1.326276003677569,-0.04579242247591133,-2.7635070537411575,-1.5068901910150785,-0.8666666666666865,0.0,7.416666666666667
rsi2_m5_usd100000,2017-07-17T10:20:00+00:00,2017-07-17T10:25:00+00:00,39657,target,0.20453648224082885,2.9345262875298253,False,True,300,3.201983373319073,1.0076315110961525,-0.14075545801531023,0.5638337135759174,0.6372078705102487,-0.3684210526313944,0.1999999999990898,10.333333333333334
rsi2_m5_usd100000,2017-07-17T10:55:00+00:00,2017-07-17T11:00:00+00:00,39664,target,0.23297263246450248,3.3425054872955875,False,True,300,3.4059729732011217,1.058071919376611,0.1277483764507402,0.8505860972929469,0.06535097935948092,-0.8666666666665186,0.1999999999990898,10.916666666666666
rsi2_m5_usd100000,2017-07-17T11:35:00+00:00,2017-07-17T11:40:00+00:00,39672,target,0.19794535118749154,2.844042402119131,False,True,300,3.1588028102545906,0.9874845554428714,0.4724557355028672,2.2531485734793892,0.3685290820672576,-0.6086956521741649,0.20000000000131024,11.583333333333334
rsi2_m5_usd100000,2017-07-17T13:05:00+00:00,2017-07-17T13:55:00+00:00,39690,signal_exit,-0.10951999999987089,-1.5735632183889496,False,False,3000,3.3717791141753466,1.0399394819040229,0.7127432572616825,2.4317844352133546,-0.22422621448352306,-0.7499999999995837,0.20000000000131024,13.083333333333334
rsi2_m5_usd100000,2017-07-17T14:55:00+00:00,2017-07-17T16:05:00+00:00,39712,signal_exit,-0.16519999999992657,-2.3735632183897497,False,False,4200,4.696562481479159,1.3462399375436391,0.8212290023761257,3.0983268809223175,-0.06272121249320707,-0.5233644859812561,0.1999999999990898,14.916666666666666
rsi2_m5_usd100000,2017-07-18T07:15:00+00:00,2017-07-18T07:45:00+00:00,39906,signal_exit,0.16036000000005265,2.313997113997874,False,True,1800,5.661572289173029,1.4637004341488278,1.6077010751598877,3.839162310070514,-1.6402179250911835,-0.5285714285712926,0.2999999999997449,7.25
rsi2_m5_usd100000,2017-07-18T08:20:00+00:00,2017-07-18T08:35:00+00:00,39919,signal_exit,0.36133000000013826,5.21399711399911,False,True,900,6.031080668951452,1.446194621898263,1.178827216275877,3.67500850882148,-0.5681442859586631,-0.7733333333333373,0.2999999999997449,8.333333333333334
rsi2_m5_usd100000,2017-07-18T11:10:00+00:00,2017-07-18T11:50:00+00:00,39953,signal_exit,-0.3036499999999119,-4.3943560057874365,False,False,2400,5.562325984050672,1.1821719367741796,2.1528292775885576,8.320175834146925,-0.09917402368333676,-0.37500000000004335,0.10000000000065512,11.166666666666666
rsi2_m5_usd100000,2017-07-18T14:30:00+00:00,2017-07-18T15:00:00+00:00,39993,signal_exit,0.06182000000018534,0.8972423802639381,False,True,1800,5.124924861852255,1.0254978534892878,2.1668875363951194,8.928096675039782,0.37164596813819045,-0.6507936507935501,0.10000000000065512,14.5
rsi2_m5_usd100000,2017-07-18T15:20:00+00:00,2017-07-18T16:00:00+00:00,40003,signal_exit,0.31060000000012766,4.501449275364169,False,True,2400,5.059245129689392,1.0129624653395226,2.22260463422581,6.804998494379245,-2.166064815752193,-0.44736842105258545,0.30000000000196536,15.333333333333334
rsi2_m5_usd100000,2017-07-19T07:55:00+00:00,2017-07-19T08:30:00+00:00,40200,signal_exit,-0.24157999999981078,-3.486002886000155,False,False,2100,4.701658904901326,1.5223515623695547,-0.8011039419016033,-5.661545311552207,-1.6797097853201464,-0.586206896551711,0.10000000000065512,7.916666666666667
rsi2_m5_usd100000,2017-07-19T09:40:00+00:00,2017-07-19T10:05:00+00:00,40221,signal_exit,-0.165399999999927,-2.3901734104035692,False,False,1500,3.9982576936690526,1.2258502290042115,-1.0125377975993908,-2.220217790044811,0.782454895300675,-0.7380952380950241,0.1999999999990898,9.666666666666666
rsi2_m5_usd100000,2017-07-19T10:45:00+00:00,2017-07-19T11:25:00+00:00,40234,signal_exit,-0.3660800000000124,-5.290173410404804,False,False,2400,3.3192958982475056,1.0323164776722151,-0.4927160613391467,-2.3652002685249567,-1.1242157900512981,-0.8717948717951346,0.10000000000065512,10.75
rsi2_m5_usd100000,2017-07-19T13:55:00+00:00,2017-07-19T14:35:00+00:00,40272,stop,-1.5241532276440086,-22.0253356595955,True,False,2400,4.658790562297846,1.2739594324558738,-0.2815441947386826,-1.863013852787776,-1.001038956358199,-0.5802469135805007,0.10000000000065512,13.916666666666666
rsi2_m5_usd100000,2017-07-19T15:35:00+00:00,2017-07-19T16:20:00+00:00,40292,signal_exit,-0.10990999999987144,-1.586002886001031,False,False,2700,5.1194202022188104,1.2812991793977284,-0.7529582105779635,-3.640728213154095,-0.3304905677002999,-0.9230769230768574,0.1999999999990898,15.583333333333334
rsi2_m5_usd100000,2017-07-20T07:20:00+00:00,2017-07-20T07:55:00+00:00,40479,stop,-1.2519123647381003,-18.065113488284275,True,False,2100,3.619777650570931,1.2265631160548711,-0.44472653352768177,-1.6048998525142635,-0.08790023214875645,-0.5454545454545149,0.2999999999997449,7.333333333333333
rsi2_m5_usd100000,2017-07-20T08:00:00+00:00,2017-07-20T08:35:00+00:00,40487,signal_exit,0.029020000000113455,0.4181556195981766,False,True,2100,4.077231564020964,1.3183458344981165,-0.42765791261455893,-6.072027302006483,-2.213520515820449,-0.90697674418547,0.10000000000065512,8.0
rsi2_m5_usd100000,2017-07-20T09:15:00+00:00,2017-07-20T09:40:00+00:00,40502,signal_exit,0.08454000000001488,1.2181556195967562,False,True,1500,4.170571525652445,1.2741582570380283,-1.0249126298080276,-5.049853550798944,-0.8181166951025103,-0.9454545454549785,0.20000000000131024,9.25
rsi2_m5_usd100000,2017-07-20T11:25:00+00:00,2017-07-20T12:25:00+00:00,40528,signal_exit,-0.5955799999999718,-8.581844380403052,False,False,3600,5.189822995324645,1.44792795043914,-0.6295452260136108,-5.334261463819049,-3.018477841413956,-0.8644067796610105,0.30000000000196536,11.416666666666666
rsi2_m5_usd100000,2017-07-20T15:55:00+00:00,2017-07-20T16:10:00+00:00,40582,signal_exit,0.23218000000024183,3.384548104959793,False,True,900,9.373938125445493,1.3663881375966187,3.1727163631738993,13.627227036133746,0.30701720970129,-0.7169811320756693,0.1999999999990898,15.916666666666666
rsi2_m5_usd100000,2017-07-21T07:25:00+00:00,2017-07-21T08:05:00+00:00,40767,signal_exit,-0.7753999999998149,-11.319708029194379,False,False,2400,6.925315001372457,1.6513948115396624,1.9833757870564785,8.208876874097491,0.10996460807312868,-0.5277777777778034,0.2999999999997449,7.416666666666667
rsi2_m5_usd100000,2017-07-21T08:25:00+00:00,2017-07-21T08:35:00+00:00,40779,signal_exit,0.21846000000015195,3.1845481049584827,False,True,600,5.816472954137028,1.346775230659345,1.808508048053203,3.7675328128053156,-1.1630627728987644,-0.7560975609751078,0.09999999999843467,8.416666666666666
rsi2_m5_usd100000,2017-07-21T09:30:00+00:00,2017-07-21T10:25:00+00:00,40792,signal_exit,0.23155000000008938,3.3802919708042243,False,True,3300,5.114650465244596,1.1726629356361147,1.2926752450378036,4.447020348764259,-0.3051480669599396,-0.934426229508131,0.2999999999997449,9.5
rsi2_m5_usd100000,2017-07-21T10:50:00+00:00,2017-07-21T11:10:00+00:00,40808,signal_exit,-0.05614999999981812,-0.8197080291944251,False,False,1200,4.776193456839907,1.0764628008738861,1.169041582202244,3.4054612128305783,-0.7603047705667798,-0.23809523809569125,0.20000000000131024,10.833333333333334
rsi2_m5_usd100000,2017-07-21T12:05:00+00:00,2017-07-21T12:55:00+00:00,40823,signal_exit,0.27334000000005454,3.984548104957063,False,True,3000,4.638930982096254,1.047368534926904,0.8845564102806507,2.1166571139462396,-2.004586758480679,-0.23913043478253523,0.2999999999997449,12.083333333333334
rsi2_m5_usd100000,2017-07-21T15:30:00+00:00,2017-07-21T15:50:00+00:00,40864,signal_exit,0.026050000000111984,0.38029197080455446,False,True,1200,5.023843004298407,1.0811342214762016,0.9229073809252079,3.047256708767092,-0.6438208676676084,-0.4444444444443759,0.2999999999997449,15.5
rsi2_m5_usd100000,2017-07-24T07:00:00+00:00,2017-07-24T07:05:00+00:00,41044,target,0.36280492064114567,5.296422199140813,False,True,300,4.4580651141676295,1.3736330519683189,0.005873389200687954,-5.433386800570224,-1.8833898068957673,-0.35616438356159386,0.2999999999997449,7.0
rsi2_m5_usd100000,2017-07-24T07:35:00+00:00,2017-07-24T08:05:00+00:00,41051,signal_exit,0.08126000000001471,1.1845481049564826,False,True,1800,6.184726402828297,1.7081668780970944,-0.3502205574638694,-6.144208215725079,-2.0837006731759815,-0.8489208633094812,0.30000000000196536,7.583333333333333
rsi2_m5_usd100000,2017-07-24T10:30:00+00:00,2017-07-24T11:50:00+00:00,41086,holding_bars,-0.48084999999986255,-7.0197080291950735,False,False,4800,4.445354532372929,1.108454310633482,-0.42784252173400256,-2.1058933515733345,-1.1786003079359617,-0.36170212765960463,0.09999999999843467,10.5
rsi2_m5_usd100000,2017-07-24T13:10:00+00:00,2017-07-24T14:30:00+00:00,41118,holding_bars,-1.1521499999998497,-16.819708029194885,False,False,4800,4.079326251981252,1.0174578218260302,-0.47475979145853325,-1.823863233118254,-0.1015280764984852,-0.6666666666659938,0.09999999999843467,13.166666666666666
rsi2_m5_usd100000,2017-07-25T07:05:00+00:00,2017-07-25T08:00:00+00:00,41331,target,0.31376201762072364,4.580467410521513,False,True,3300,4.100087719858317,1.2952138652199205,0.9378876330427872,2.918469259291529,-0.5129089545218126,-0.44827586206937475,0.2999999999997449,7.083333333333333
rsi2_m5_usd100000,2017-07-25T08:35:00+00:00,2017-07-25T09:00:00+00:00,41349,signal_exit,-0.16574999999992773,-2.419708029196025,False,False,1500,5.543920204195686,1.5016082419363939,0.4040389017782992,0.7084361171660644,-0.20200083026896348,-0.6571428571427937,0.10000000000065512,8.583333333333334
rsi2_m5_usd100000,2017-07-25T10:20:00+00:00,2017-07-25T11:05:00+00:00,41370,signal_exit,-0.12464999999996268,-1.8197080291965355,False,False,2700,4.263525348263787,1.1395617151335504,0.18069479785993725,0.19703984353613122,-0.5713052215737258,-0.10256410256417556,0.10000000000065512,10.333333333333334
rsi2_m5_usd100000,2017-07-25T14:10:00+00:00,2017-07-25T15:15:00+00:00,41416,stop,-2.385997598802729,-34.93407904542795,True,False,3900,7.87645533968891,1.6141879246762398,1.788221990659679,5.61963517886245,-0.8837627343400856,-0.4787234042551784,0.09999999999843467,14.166666666666666
rsi2_m5_usd100000,2017-07-25T15:20:00+00:00,2017-07-25T16:10:00+00:00,41430,signal_exit,0.012350000000174333,0.18029197080546472,False,True,3000,7.322277447992268,1.4281356185879193,0.9916941047458512,-1.8021065642215355,-2.013709346303899,-0.9838709677420077,0.1999999999990898,15.333333333333334
rsi2_m5_usd100000,2017-07-26T07:55:00+00:00,2017-07-26T09:15:00+00:00,41627,holding_bars,-0.4469599999999423,-6.51545189504289,False,False,4800,5.73186460833037,1.6063519870479845,-0.8601246166918262,-5.314791248604402,-1.3985272190438316,-0.677083333333249,0.1999999999990898,7.916666666666667
rsi2_m5_usd100000,2017-07-26T13:50:00+00:00,2017-07-26T14:45:00+00:00,41698,signal_exit,-0.2617399999997952,-3.815451895040746,False,False,3300,5.701968218642171,1.2521535710049767,-0.00965978551009364,-1.827031042514366,-1.974700726350289,-0.2558139534885402,0.1999999999990898,13.833333333333334
rsi2_m5_usd100000,2017-07-26T15:40:00+00:00,2017-07-26T16:05:00+00:00,41720,signal_exit,-0.021639999999745474,-0.31545189504002147,False,False,1500,5.329923986621451,1.1219009320029072,-0.40995763599591795,-1.5006315069731364,0.1813392717958011,-0.48837209302318374,0.09999999999843467,15.666666666666666
rsi2_m5_usd100000,2017-07-27T07:05:00+00:00,2017-07-27T08:25:00+00:00,41904,holding_bars,-0.6290299999999376,-9.236857562407307,False,False,4800,6.134452840715792,1.2168930698366967,1.1290367779878043,1.5090807934536183,-2.2745664511368995,-0.44642857142851833,0.2999999999997449,7.083333333333333
rsi2_m5_usd100000,2017-07-27T10:05:00+00:00,2017-07-27T11:25:00+00:00,41940,holding_bars,-1.0240099999998034,-15.036857562405334,False,False,4800,5.011489673271235,0.9588095087214744,0.27071095575177057,-0.08318057450571587,-1.9846146099858093,-0.4871794871793996,0.09999999999843467,10.083333333333334
rsi2_m5_usd100000,2017-07-27T11:50:00+00:00,2017-07-27T12:30:00+00:00,41961,signal_exit,0.00460000000012889,0.06744868035379603,False,True,2400,5.6018057728849335,1.0509238649792707,-0.3523328504907846,-4.073356144885557,-2.781702797747637,-0.7500000000001343,0.10000000000065512,11.833333333333334
rsi2_m5_usd100000,2017-07-27T13:05:00+00:00,2017-07-27T13:20:00+00:00,41976,signal_exit,0.17565000000018613,2.5717423133262973,False,True,900,6.289823006018637,1.1409614043561278,-0.70334318671203,-4.040905930534235,-1.300952971139541,-0.7083333333335132,0.2999999999997449,13.083333333333334
rsi2_m5_usd100000,2017-07-27T14:25:00+00:00,2017-07-27T14:50:00+00:00,41992,stop,-1.8847023186239134,-27.594470258036797,True,False,1500,6.041553142840695,1.0903062288426948,-0.6646101173517529,-3.679453539417748,-1.8141884931031247,-0.4038461538460512,0.09999999999843467,14.416666666666666
rsi2_m5_usd100000,2017-07-27T14:55:00+00:00,2017-07-27T15:15:00+00:00,41998,signal_exit,0.22408000000004444,3.2760233918135153,False,True,1200,6.576608383815343,1.1617929966053269,-0.8313086471150504,-6.937149479970773,-2.189925545862499,-0.3544303797469778,0.10000000000065512,14.916666666666666
rsi2_m5_usd100000,2017-07-27T15:35:00+00:00,2017-07-27T16:40:00+00:00,42006,signal_exit,-0.3709999999999052,-5.423976608185748,False,False,3900,6.463135559303427,1.1270252548134836,-1.1184921041602023,-7.772404708745362,-1.4166258899407385,-0.6363636363633061,0.2999999999997449,15.583333333333334
rsi2_m5_usd100000,2017-07-28T07:30:00+00:00,2017-07-28T08:05:00+00:00,42196,signal_exit,0.20920000000010638,3.0674486803534657,False,True,2100,5.53804277091365,1.3506473672649257,0.5446906348891914,2.0723707159394062,-0.015689870195930416,-0.6046511627903134,0.2999999999997449,7.5
rsi2_m5_usd100000,2017-07-28T10:25:00+00:00,2017-07-28T11:10:00+00:00,42231,signal_exit,-0.19318999999980419,-2.8368575624053474,False,False,2700,5.066869206015226,1.143318486213981,0.9407419143180856,3.8141556953272957,0.22214947345408553,-0.4761904761903251,0.2999999999997449,10.416666666666666
rsi2_m5_usd100000,2017-07-28T11:50:00+00:00,2017-07-28T11:50:00+00:00,42248,target,0.38221506172000774,5.612555972393652,False,True,0,4.5747067674004915,1.0334061431703938,0.8862720161480417,3.3103375835734568,0.21763535804397582,-0.5588235294121489,0.20000000000131024,11.833333333333334
rsi2_m5_usd100000,2017-07-28T13:00:00+00:00,2017-07-28T14:00:00+00:00,42262,target,0.9840051987084731,14.449415546379928,False,True,3600,9.043136554393568,1.704582874514234,1.0746207712296159,2.9418446953210133,-0.7732114906221678,-0.6568047337277897,0.2999999999997449,13.0
rsi2_m5_usd100000,2017-07-31T07:45:00+00:00,2017-07-31T08:40:00+00:00,42485,signal_exit,0.05197000000013857,0.7631424375938115,False,True,3300,4.973919069985877,1.3099175724299115,-0.17661633098052146,-2.897776002331127,-1.9521277354869742,-0.945054945055071,0.10000000000065512,7.75
rsi2_m5_usd100000,2017-07-31T09:40:00+00:00,2017-07-31T09:55:00+00:00,42508,signal_exit,-0.02999999999994324,-0.44117647058740056,False,False,900,4.596342689098259,1.1770953749727566,-0.3308457493075912,-1.106813997680103,-0.04148348166840768,-0.8571428571428571,0.20000000000131024,9.666666666666666
rsi2_m5_usd100000,2017-07-31T11:40:00+00:00,2017-07-31T12:20:00+00:00,42532,signal_exit,-0.07079999999975756,-1.04117647058467,False,False,2400,3.6651743052486445,0.9609211285898138,-0.17143648943099146,-1.748192509164698,-2.613395262840449,-0.8846153846154503,0.1999999999990898,11.666666666666666
rsi2_m5_usd100000,2017-08-01T07:05:00+00:00,2017-08-01T07:50:00+00:00,42764,signal_exit,0.11096000000008582,1.641420118344465,False,True,2700,4.666991070904837,1.2179715271299525,0.7193588978727783,0.24368541629215534,-1.6293190516959022,-0.9178082191781405,0.1999999999990898,7.083333333333333
rsi2_m5_usd100000,2017-08-01T10:20:00+00:00,2017-08-01T10:45:00+00:00,42803,signal_exit,-0.09183999999989184,-1.3585798816552046,False,False,1500,4.863134588824585,1.1288487185673928,0.07639065160936427,-0.7571570153685171,-1.1783013609213677,-0.8285714285709754,0.0,10.333333333333334
rsi2_m5_usd100000,2017-08-01T11:55:00+00:00,2017-08-01T12:30:00+00:00,42822,signal_exit,0.08392000000020888,1.2414201183462854,False,True,2100,4.4687895434355225,1.0338915684234078,-0.006869123712908801,-0.22464117439987902,-0.13845386501139045,-0.7413793103446757,0.09999999999843467,11.916666666666666
rsi2_m5_usd100000,2017-08-01T14:40:00+00:00,2017-08-01T14:45:00+00:00,42855,stop,-2.1803647283838266,-32.30169967976039,True,False,300,7.18468417919959,1.4268986466357547,0.20617652126844035,0.8103590401945163,-0.06833286428431685,-0.6515151515154981,0.20000000000131024,14.666666666666666
rsi2_m5_usd100000,2017-08-01T14:50:00+00:00,2017-08-01T15:55:00+00:00,42857,signal_exit,-0.08507999999984756,-1.2585798816545495,False,False,3900,9.099038909616045,1.6950325985720534,0.1574011320367311,-3.397997502862755,-2.265775327382015,-0.43203883495149453,0.2999999999997449,14.833333333333334
rsi2_m5_usd100000,2017-08-02T07:35:00+00:00,2017-08-02T07:50:00+00:00,43054,signal_exit,0.31300000000006345,4.6370370370379765,False,True,900,5.186857272363023,1.2284630310393343,0.8492029652037426,2.5693508305076085,-0.3826134398286633,-0.8688524590166262,0.20000000000131024,7.583333333333333
rsi2_m5_usd100000,2017-08-02T09:10:00+00:00,2017-08-02T10:30:00+00:00,43073,holding_bars,-1.1031599999999306,-16.367359050444076,False,False,4800,6.9901874960926325,1.4693040830342263,1.310155568464989,5.69068053976921,0.25971645201768384,-0.7888888888887683,0.0,9.166666666666666
rsi2_m5_usd100000,2017-08-02T11:00:00+00:00,2017-08-02T12:05:00+00:00,43095,signal_exit,-0.5572199999999456,-8.267359050444297,False,False,3900,4.726415009391411,0.9987288871088373,0.905457892858882,1.9242905756212123,-1.0801287592093423,-0.2432432432430486,0.20000000000131024,11.0
rsi2_m5_usd100000,2017-08-02T12:55:00+00:00,2017-08-02T13:40:00+00:00,43118,signal_exit,0.2050000000001053,3.0370370370385964,False,True,2700,6.326758955120879,1.25913876262857,0.2380892544581572,-0.5369954136905486,-2.11095502268037,-0.5789473684208783,0.1999999999990898,12.916666666666666
rsi2_m5_usd100000,2017-08-03T07:25:00+00:00,2017-08-03T08:40:00+00:00,43338,signal_exit,-0.5167799999998304,-7.667359050442586,False,False,4500,4.440240613960491,1.1623512698987306,0.0605758398775586,-0.7734937439075503,-0.7105413158524081,-0.35999999999957366,0.09999999999843467,7.416666666666667
rsi2_m5_usd100000,2017-08-03T10:10:00+00:00,2017-08-03T11:05:00+00:00,43371,signal_exit,-0.2067399999998945,-3.067359050443539,False,False,3300,3.9704453177322705,1.0143961139869777,-0.18047626347654613,-0.549109349050587,-0.1312982817679652,-0.5999999999992894,0.1999999999990898,10.166666666666666
rsi2_m5_usd100000,2017-08-03T11:25:00+00:00,2017-08-03T11:30:00+00:00,43386,target,0.4244389985506347,6.297314518555411,False,True,300,4.932336784500285,1.214306669355111,-0.1596191171079459,-2.497579568719022,-2.0908192783985973,-0.3731343283583623,0.20000000000131024,11.416666666666666
rsi2_m5_usd100000,2017-08-03T13:15:00+00:00,2017-08-03T13:50:00+00:00,43408,signal_exit,0.08266000000005852,1.2282317979206316,False,True,2100,7.003340239119822,1.4472280508432465,0.4130458371802612,0.6151079544657857,-1.0674941799469524,-0.3902439024393942,0.10000000000065512,13.25
rsi2_m5_usd100000,2017-08-04T07:20:00+00:00,2017-08-04T07:35:00+00:00,43622,signal_exit,-0.0655999999998656,-0.9761904761884761,False,False,900,4.013438691238699,1.184355538583237,0.5656444396734953,1.5592776076654522,-0.6732325494656619,-0.5217391304349295,0.1999999999990898,7.333333333333333
rsi2_m5_usd100000,2017-08-04T08:40:00+00:00,2017-08-04T08:45:00+00:00,43638,target,0.1873967867466206,2.7886426599199496,False,True,300,3.182416568053915,0.9580351868898815,0.600087123433979,1.8314368520186362,-0.6716712477288369,-0.4999999999996299,0.1999999999990898,8.666666666666666
rsi2_m5_usd100000,2017-08-04T10:35:00+00:00,2017-08-04T11:30:00+00:00,43661,signal_exit,-0.4553599999998823,-6.776190476188725,False,False,3300,3.177561107904766,0.9688368581895903,0.398701733005318,-0.3850303957837681,-2.6872932048788534,-0.5777777777775366,0.10000000000065512,10.583333333333334
rsi2_m5_usd100000,2017-08-04T12:35:00+00:00,2017-08-04T12:40:00+00:00,43685,target,0.6711091317250892,9.957108779303995,False,True,300,6.812233914874585,1.7799185707795422,-0.3588848419830088,-8.697906419357704,-4.065538102214347,-0.6074766355140468,0.30000000000196536,12.583333333333334
rsi2_m5_usd100000,2017-08-04T13:50:00+00:00,2017-08-04T14:05:00+00:00,43700,stop,-3.0766996931509913,-45.51330907028093,True,False,900,10.48868229715653,2.0444556129333415,-1.174738906283946,-12.35254857081858,-2.403608855537582,-0.9764309764309709,0.1999999999990898,13.833333333333334
rsi2_m5_usd100000,2017-08-04T14:10:00+00:00,2017-08-04T14:50:00+00:00,43704,signal_exit,-0.6067999999998046,-8.949852507371748,False,False,2400,12.120401788033433,2.1624746067602145,-1.6666189584069266,-17.784427389268007,-2.4756676061628875,-0.5722222222222627,0.1999999999990898,14.166666666666666
rsi2_m5_usd100000,2017-08-04T15:35:00+00:00,2017-08-04T15:50:00+00:00,43721,signal_exit,0.553690000000113,8.154491899854388,False,True,900,10.623302524312995,1.6302815496553478,-3.394153859182765,-15.818987770010468,-1.057021257721035,-0.9619047619049351,0.20000000000131024,15.583333333333334
rsi2_m5_usd100000,2017-08-07T08:45:00+00:00,2017-08-07T08:50:00+00:00,43920,signal_exit,0.09744000000014735,1.4414201183453752,False,True,300,5.2914859824598635,1.2724241375367227,-0.01351371854645677,1.0093892861652844,0.27595886643512696,-0.32653061224470376,0.1999999999990898,8.75
rsi2_m5_usd100000,2017-08-07T09:35:00+00:00,2017-08-07T09:55:00+00:00,43930,signal_exit,0.1588100000000958,2.3457902511092437,False,True,1200,5.541076644883786,1.2803336920855137,0.31693574767091437,-1.1880705653772237,-2.669654234643641,-0.826666666666722,0.20000000000131024,9.583333333333334
rsi2_m5_usd100000,2017-08-07T11:00:00+00:00,2017-08-07T11:20:00+00:00,43947,signal_exit,0.20560000000010545,3.0414201183447553,False,True,1200,4.361820208877502,1.0178935779944165,0.12421321244594054,0.1436242808087504,-0.22619082248564867,-0.5555555555556241,0.10000000000065512,11.0
rsi2_m5_usd100000,2017-08-07T11:35:00+00:00,2017-08-07T12:00:00+00:00,43954,signal_exit,0.2739000000000982,4.0457902511092785,False,True,1500,4.592724453289106,1.0632882326882662,0.13722945264032715,-0.656236178622094,-2.056694244978824,-0.8219178082192031,0.1999999999990898,11.583333333333334
rsi2_m5_usd100000,2017-08-07T12:20:00+00:00,2017-08-07T13:15:00+00:00,43963,signal_exit,-0.25415999999990385,-3.754209748890751,False,False,3300,4.701443647249646,1.080627893916703,0.1450715627905535,-1.1810583097762386,-2.09530028565455,-0.5897435897437503,0.20000000000131024,12.333333333333334
rsi2_m5_usd100000,2017-08-07T15:45:00+00:00,2017-08-07T16:45:00+00:00,44004,signal_exit,-0.2609299999999482,-3.854209748891406,False,False,3600,4.202159458881804,0.9639712638604985,-0.33270545957341696,-1.7074059091343516,-0.7542425490778758,-0.34146341463419916,0.10000000000065512,15.75
rsi2_m5_usd100000,2017-08-08T07:55:00+00:00,2017-08-08T08:15:00+00:00,44196,signal_exit,-0.14591999999994593,-2.1585798816560047,False,False,1200,4.006012874426988,1.2759298425061159,0.4160751654500738,2.0271023277980746,0.3507515558199945,-0.700000000000222,0.10000000000065512,7.916666666666667
rsi2_m5_usd100000,2017-08-08T11:15:00+00:00,2017-08-08T12:05:00+00:00,44236,signal_exit,-0.22027999999983267,-3.258579881654329,False,False,3000,3.3208187486574055,1.0371898362808205,0.49603116288739785,1.5708270280812022,-0.4412032224983106,-0.6999999999996669,0.1999999999990898,11.25
rsi2_m5_usd100000,2017-08-08T12:45:00+00:00,2017-08-08T13:00:00+00:00,44254,signal_exit,0.11772000000013011,1.74142011834512,False,True,900,3.4555258610137516,1.0690714467037132,0.44576605254117474,0.7169924180147332,-0.9239810875262863,-0.5909090909088309,0.1999999999990898,12.75
rsi2_m5_usd100000,2017-08-08T13:45:00+00:00,2017-08-08T14:00:00+00:00,44266,stop,-1.2218986705279073,-18.075424120235315,True,False,900,3.6792110596448873,1.11242485975523,0.3367162758269549,0.7167242385423677,-0.914908551520457,-0.1636363636366132,0.0,13.75
rsi2_m5_usd100000,2017-08-08T14:05:00+00:00,2017-08-08T14:15:00+00:00,44270,stop,-1.4922646144256306,-22.042313359315074,True,False,600,4.59702590260615,1.3302019509973866,0.2681328793245,-3.4301023681666267,-3.5162845240261222,-0.839080459770068,0.2999999999997449,14.083333333333334
rsi2_m5_usd100000,2017-08-08T14:20:00+00:00,2017-08-08T14:30:00+00:00,44273,stop,-1.9660186130672064,-28.997324676507468,True,False,600,6.336868042283576,1.6875240601187127,-0.0022173248295587703,-9.621245481078168,-3.2283363242256353,-0.836363636363656,0.2999999999997449,14.333333333333334
rsi2_m5_usd100000,2017-08-08T15:00:00+00:00,2017-08-08T15:10:00+00:00,44281,signal_exit,0.46640000000013804,6.858823529413794,False,True,600,8.191370074988239,1.896841799038653,-1.1784726185947092,-14.703981631456445,-1.4093501944657227,-0.30693069306935267,0.0,15.0
rsi2_m5_usd100000,2017-08-08T15:30:00+00:00,2017-08-08T16:20:00+00:00,44287,signal_exit,-0.30879999999995783,-4.541176470587615,False,False,3000,8.004604626405088,1.765280339153193,-1.9231128782741425,-13.915808013555973,-1.0158702892268283,-0.8382352941175703,0.0,15.5
rsi2_m5_usd100000,2017-08-09T07:30:00+00:00,2017-08-09T08:15:00+00:00,44478,stop,-1.6947185390841102,-24.959035921710015,True,False,2700,5.328381955391219,1.2074728253993101,-0.3674106521167923,-0.6381722729905164,0.45583828007887056,-0.7209302325579594,0.2999999999997449,7.5
rsi2_m5_usd100000,2017-08-09T08:20:00+00:00,2017-08-09T09:00:00+00:00,44488,signal_exit,-0.05039999999992589,-0.7411764705871454,False,False,2400,5.998848424422006,1.298088214985786,-0.3109659099181129,-4.742106461997504,-2.1110856047992836,-0.5000000000001914,0.10000000000065512,8.333333333333334
rsi2_m5_usd100000,2017-08-09T09:55:00+00:00,2017-08-09T10:15:00+00:00,44507,signal_exit,0.14680000000015808,2.1588235294140894,False,True,1200,5.822655340452566,1.2042649697615924,-0.7259179278226159,-1.7588079707526023,0.6018532936861231,-0.9591836734695635,0.3999999999981796,9.916666666666666
rsi2_m5_usd100000,2017-08-09T11:00:00+00:00,2017-08-09T11:40:00+00:00,44520,signal_exit,-0.0911999999998912,-1.3411764705866354,False,False,2400,5.375710806339084,1.1076595062033243,-0.30181841569188056,-2.37131744993832,-1.7880363476635093,-0.5421686746987984,0.20000000000131024,11.0
rsi2_m5_usd100000,2017-08-09T12:20:00+00:00,2017-08-09T12:20:00+00:00,44536,target,0.4500187676485503,6.617923053655151,False,True,0,5.179549762120963,1.0680735698907828,-0.45080158192659814,-3.793057996793841,-2.3520259772514907,-0.5964912280702301,0.40000000000040004,12.333333333333334
rsi2_m5_usd100000,2017-08-09T13:15:00+00:00,2017-08-09T14:15:00+00:00,44547,target,0.9783787573109041,14.34572957933877,False,True,3600,8.889140449492249,1.6049312015776809,-0.4206807035295533,-7.0054923457417235,-3.746972663290125,-0.8155080213904052,0.09999999999843467,13.25
rsi2_m5_usd100000,2017-08-09T15:20:00+00:00,2017-08-09T15:30:00+00:00,44572,signal_exit,0.4324000000002173,6.358823529414959,False,True,600,8.645744281765419,1.3353109219411445,-0.5790170883289882,-1.3096053218618076,0.2812268972751782,-0.24390243902448272,0.1999999999990898,15.333333333333334
rsi2_m5_usd100000,2017-08-10T07:05:00+00:00,2017-08-10T07:10:00+00:00,44760,target,0.29408174079284,4.324731482247647,False,True,300,3.9829539764165176,1.0923875109775547,-0.8511622138618945,-5.049826268057271,-2.1223342656140414,-0.5882352941175703,0.2999999999997449,7.083333333333333
rsi2_m5_usd100000,2017-08-10T07:50:00+00:00,2017-08-10T08:00:00+00:00,44769,target,0.4013409929738019,5.893406651597678,False,True,600,4.715132107001299,1.2384612385857896,-0.9079390133800269,-6.999815950513952,-2.398740457291428,-0.842696629213671,0.1999999999990898,7.833333333333333
rsi2_m5_usd100000,2017-08-10T09:05:00+00:00,2017-08-10T10:25:00+00:00,44784,holding_bars,-0.47920999999986336,-7.036857562406216,False,False,4800,5.701515349461737,1.3955112010256439,-1.014692183632197,-6.796177261453194,-2.526110943240364,-0.7759999999999488,0.2999999999997449,9.083333333333334
rsi2_m5_usd100000,2017-08-10T11:35:00+00:00,2017-08-10T11:45:00+00:00,44814,target,0.3611700388070842,5.303524798929283,False,True,600,4.3701911806675495,1.053426966383777,-1.2402454584756741,-4.9581270941433715,-0.29421397483424566,-0.9047619047617789,0.09999999999843467,11.583333333333334
rsi2_m5_usd100000,2017-08-10T14:15:00+00:00,2017-08-10T14:30:00+00:00,44846,target,0.8849524019732558,12.99489577053239,False,True,900,8.315876666469308,1.5930613218113516,0.14770707574270966,-2.7416633872181686,-2.839995156488644,-0.7777777777777778,0.2999999999997449,14.25
rsi2_m5_usd100000,2017-08-10T15:45:00+00:00,2017-08-10T16:00:00+00:00,44864,signal_exit,0.32360000000010847,4.75882352941336,False,True,900,7.448349936837938,1.325795250522989,0.32072780628534703,1.1458722888872668,-0.024182462849308455,-1.0,0.1999999999990898,15.75
rsi2_m5_usd100000,2017-08-11T07:20:00+00:00,2017-08-11T07:35:00+00:00,45049,signal_exit,-0.00308999999991616,-0.04550810014604065,False,False,900,4.241001497170553,1.1429193886330464,-0.03853171964689712,-2.664664562272765,-1.9651483584345883,-0.4901960784310908,0.2999999999997449,7.333333333333333
rsi2_m5_usd100000,2017-08-11T07:55:00+00:00,2017-08-11T08:10:00+00:00,45056,signal_exit,0.02407000000026177,0.3544918998565798,False,True,900,4.4209792347120205,1.1686101058942653,-0.26857991223197003,-2.553523335115761,-1.336215479003891,-0.8048780487803029,0.09999999999843467,7.916666666666667
rsi2_m5_usd100000,2017-08-11T09:00:00+00:00,2017-08-11T09:45:00+00:00,45069,signal_exit,-0.32900999999994057,-4.8455081001464,False,False,2700,3.7580398169167104,1.0058834073614487,-0.37737257085411285,-1.6284648744921195,-0.3642529907312058,-0.8214285714282316,0.2999999999997449,9.0
rsi2_m5_usd100000,2017-08-11T12:00:00+00:00,2017-08-11T12:15:00+00:00,45105,signal_exit,0.1259200000000244,1.854491899853084,False,True,900,4.212239312402904,1.1119138784378884,0.1527605329385931,-0.6743935767913357,-1.902331974613426,-0.791044776119675,0.30000000000196536,12.0
rsi2_m5_usd100000,2017-08-11T13:35:00+00:00,2017-08-11T14:05:00+00:00,45124,signal_exit,0.7545700000000903,11.145790251109162,False,True,1800,12.269395007205752,2.138239191230952,1.069733876306475,3.9786574912074952,-0.13388023749255867,-0.7918552036198563,0.2999999999997449,13.583333333333334
rsi2_m5_usd100000,2017-08-11T14:35:00+00:00,2017-08-11T15:20:00+00:00,45136,signal_exit,-0.4027999999998275,-5.958579881654253,False,False,2700,9.678722924077446,1.6013352897428645,1.5075892852624826,4.357163522720975,-0.5929119810692653,-0.7297297297297459,0.2999999999997449,14.583333333333334
rsi2_m5_usd100000,2017-08-14T07:35:00+00:00,2017-08-14T08:10:00+00:00,45336,stop,-1.606611508579292,-23.801651978952474,True,False,2100,5.0596722539982615,1.2114473559028385,0.3506146063770153,0.31778104575401056,-0.9384604047420381,-0.742857142857016,0.1999999999990898,7.583333333333333
rsi2_m5_usd100000,2017-08-14T10:00:00+00:00,2017-08-14T10:10:00+00:00,45365,signal_exit,0.11096000000023593,1.6414201183466854,False,True,600,4.7986688655742515,1.0704784477388367,-0.6606683909094376,-3.2077941994996917,-1.6535347890608063,-0.6808510638295661,0.1999999999990898,10.0
rsi2_m5_usd100000,2017-08-14T12:00:00+00:00,2017-08-14T13:00:00+00:00,45389,target,0.31831009246515096,4.701773891656587,False,True,3600,4.077991820273739,0.9281766593925868,-0.8085929499975094,-3.784430480984054,-1.0948993970777954,-0.7272727272729567,0.10000000000065512,12.0
rsi2_m5_usd100000,2017-08-14T13:30:00+00:00,2017-08-14T13:45:00+00:00,45407,signal_exit,-0.0645999999998646,-0.9542097488901713,False,False,900,4.512342361370664,1.012673567422282,-0.6957460932051109,-3.81984494642565,-2.121262934975195,-0.5142857142861312,0.10000000000065512,13.5
rsi2_m5_usd100000,2017-08-14T14:05:00+00:00,2017-08-14T14:45:00+00:00,45414,signal_exit,0.2949400000002316,4.350147492628784,False,True,2400,5.369763705723221,1.1718371145533326,-0.7451473643413163,-6.5906962482024385,-3.567659826526106,-0.8586956521739576,0.0,14.083333333333334
rsi2_m5_usd100000,2017-08-15T07:10:00+00:00,2017-08-15T07:25:00+00:00,45617,signal_exit,0.2896000000000367,4.258823529412305,False,True,900,6.1938135548257485,1.6655878807440847,-1.5677494121171651,-13.1432789012415,-2.104017082662917,-0.7017543859647483,0.0,7.166666666666667
rsi2_m5_usd100000,2017-08-15T10:00:00+00:00,2017-08-15T10:40:00+00:00,45651,signal_exit,-0.2407399999998146,-3.545508100144545,False,False,2400,5.331083851280533,1.2490667998783256,-0.9629854233239163,-5.252652968462219,-1.9745941531504065,-0.9516129032254945,0.1999999999990898,10.0
rsi2_m5_usd100000,2017-08-15T11:40:00+00:00,2017-08-15T12:15:00+00:00,45671,signal_exit,-0.1047999999999803,-1.5411764705879456,False,False,2100,5.382153445712864,1.2019382474050182,-1.1191152365742534,-6.1138210044420696,-2.0880518325560793,-0.8358208955226255,0.20000000000131024,11.666666666666666
rsi2_m5_usd100000,2017-08-15T12:35:00+00:00,2017-08-15T13:25:00+00:00,45682,signal_exit,-0.029499999999791637,-0.4325513196450386,False,False,3000,8.04580037341034,1.6229899084836066,-1.1892665211714715,-12.400691771531713,-3.6462219584822146,-0.9032258064516395,0.10000000000065512,12.583333333333334
rsi2_m5_usd100000,2017-08-15T14:00:00+00:00,2017-08-15T14:35:00+00:00,45699,signal_exit,0.14100000000011387,2.0674486803535754,False,True,2100,7.940863145862299,1.4505292033577153,-2.055791869328464,-8.801676051989334,-0.17259334719154434,-0.6666666666667653,0.2999999999997449,14.0
rsi2_m5_usd100000,2017-08-16T08:00:00+00:00,2017-08-16T08:35:00+00:00,45914,signal_exit,0.08602000000005922,1.2631424375926463,False,True,2100,7.562213311163388,1.9973341063276902,-0.11379509448868802,-6.464269033238017,-2.014911339129676,-0.9501385041551071,0.20000000000131024,8.0
rsi2_m5_usd100000,2017-08-16T09:45:00+00:00,2017-08-16T10:25:00+00:00,45935,stop,-2.2123470353693397,-32.5345152260197,True,False,2400,7.248334688858774,1.5519193614953324,-0.6239063457101026,-1.6921159627278912,0.4159062338604184,-0.5833333333334104,0.1999999999990898,9.75
rsi2_m5_usd100000,2017-08-16T10:30:00+00:00,2017-08-16T11:30:00+00:00,45944,target,0.8280722798169078,12.141822284705391,False,True,3600,7.8371868021756494,1.5658458015121435,-0.635674422267029,-7.17931983829789,-1.9734174106985485,-0.2549019607842369,0.1999999999990898,10.5
rsi2_m5_usd100000,2017-08-16T13:05:00+00:00,2017-08-16T13:45:00+00:00,45975,signal_exit,-0.2340999999997691,-3.4325513196447077,False,False,2400,7.341350554105936,1.3413381609028157,-0.9693020513677657,-5.1225213859369125,-1.9414124857351132,-0.41975308641949927,0.09999999999843467,13.083333333333334
rsi2_m5_usd100000,2017-08-16T15:00:00+00:00,2017-08-16T16:00:00+00:00,45998,signal_exit,-0.3091199999999577,-4.532551319647474,False,False,3600,6.093839981230758,1.0913631028354152,-0.9989876554675123,-3.5173973475867375,-0.018778238501510607,-0.8439716312057441,0.20000000000131024,15.0
rsi2_m5_usd100000,2017-08-17T07:00:00+00:00,2017-08-17T07:35:00+00:00,46188,signal_exit,-0.32881999999994066,-4.849852507373756,False,False,2100,4.453994717480141,1.0965560252261564,0.9153893387173081,-0.07926798647644985,-2.56559350216367,-0.47169811320735744,0.2999999999997449,7.0
rsi2_m5_usd100000,2017-08-17T08:05:00+00:00,2017-08-17T09:20:00+00:00,46201,stop,-1.8210884818340993,-26.820154371636217,True,False,4500,5.818661567872123,1.3240257611224242,0.06218948748956711,-3.7144959824885393,-1.94476285397179,-0.8434782608696961,0.20000000000131024,8.083333333333334
rsi2_m5_usd100000,2017-08-17T09:25:00+00:00,2017-08-17T10:00:00+00:00,46217,stop,-1.7869608500275214,-26.240247430653763,True,False,2100,5.6758474670619785,1.2336819877434897,-0.9445494980347817,-7.2317930066500855,-1.7600568413871949,-0.6818181818182828,0.1999999999990898,9.416666666666666
rsi2_m5_usd100000,2017-08-17T10:05:00+00:00,2017-08-17T11:25:00+00:00,46225,holding_bars,-0.8274399999998703,-12.132551319646192,False,False,4800,6.1967407896217575,1.3025667091021158,-1.4808829475967915,-11.073215294158276,-2.304646470369283,-0.42352941176485953,0.20000000000131024,10.083333333333334
rsi2_m5_usd100000,2017-08-17T14:35:00+00:00,2017-08-17T14:50:00+00:00,46279,target,1.000798285332159,14.696010063614672,False,True,900,9.116433813009953,1.3903561116850305,-0.8550926913341775,-2.7679114218985763,-0.0731395744991604,-0.8323699421964613,0.1999999999990898,14.583333333333334
rsi2_m5_usd100000,2017-08-18T07:55:00+00:00,2017-08-18T08:25:00+00:00,46485,signal_exit,-0.2543999999999034,-3.741176470586815,False,False,1800,6.468692353264368,1.4276970721535545,0.3893278972018635,0.2641511618736818,-0.8783424724507044,-0.8296296296296601,0.30000000000196536,7.916666666666667
rsi2_m5_usd100000,2017-08-18T11:30:00+00:00,2017-08-18T12:50:00+00:00,46528,holding_bars,-0.5666599999999897,-8.345508100147123,False,False,4800,4.936285662327607,0.9704761511304333,0.391336601719141,1.2766286007538599,-0.15913998476131913,-0.5319148936172323,0.20000000000131024,11.5
rsi2_m5_usd100000,2017-08-18T15:20:00+00:00,2017-08-18T15:50:00+00:00,46574,signal_exit,-0.08439999999984665,-1.2411764705859802,False,False,1800,7.682508811349397,1.3022437719662219,0.27219180375880647,0.3761996367831195,-0.8569915801701395,-0.7027027027027406,0.2999999999997449,15.333333333333334
rsi2_m5_usd100000,2017-08-21T09:05:00+00:00,2017-08-21T09:15:00+00:00,46779,signal_exit,0.1604000000002472,2.3588235294154,False,True,600,3.7364054501237556,1.05242598468181,-0.6045713389633883,-2.9516353460315754,-0.9194872577781261,-0.8999999999994078,0.09999999999843467,9.083333333333334
rsi2_m5_usd100000,2017-08-21T13:50:00+00:00,2017-08-21T13:55:00+00:00,46836,target,0.3874036056210197,5.7139174870356895,False,True,300,4.681884997204545,1.1932999560803774,1.4052542981500742,5.639774236603242,-0.007601797387725813,-0.827586206896895,0.2999999999997449,13.833333333333334
rsi2_m5_usd100000,2017-08-22T09:40:00+00:00,2017-08-22T11:00:00+00:00,47072,holding_bars,-0.4783900000000145,-7.045508100147489,False,False,4800,5.599803346008932,1.4363118338957812,-1.4343784384062115,-9.73664640333883,-2.4960348813160063,-0.9292035398231253,0.30000000000196536,9.666666666666666
rsi2_m5_usd100000,2017-08-22T11:05:00+00:00,2017-08-22T11:15:00+00:00,47089,target,0.42733466766489103,6.293588625403403,False,True,600,4.869548362774615,1.2171618486156275,-2.097230486310618,-10.17682939380328,-1.5871920445709224,-0.8769230769229613,0.10000000000065512,11.083333333333334
rsi2_m5_usd100000,2017-08-22T12:25:00+00:00,2017-08-22T12:55:00+00:00,47105,signal_exit,-0.30169999999991354,-4.449852507373356,False,False,1800,4.908428551170158,1.1762869359983474,-1.6258789813340995,-4.77732785112793,0.6044067827467318,-0.5172413793102656,0.20000000000131024,12.416666666666666
rsi2_m5_usd100000,2017-08-22T14:00:00+00:00,2017-08-22T14:35:00+00:00,47124,signal_exit,0.0376500000000492,0.5544918998534492,False,True,2100,5.837650551762621,1.294785615101806,-1.0993102637577905,-5.968151317834976,-2.1494095265344524,-0.641975308642087,0.40000000000040004,14.0
rsi2_m5_usd100000,2017-08-23T07:20:00+00:00,2017-08-23T07:25:00+00:00,47329,target,0.3753971116866308,5.5286761662243125,False,True,300,4.537092133184204,1.4359814525024335,-0.4688803477909856,-5.587070858621076,-3.3353639447532886,-0.714285714285601,0.1999999999990898,7.333333333333333
rsi2_m5_usd100000,2017-08-23T09:20:00+00:00,2017-08-23T10:05:00+00:00,47353,signal_exit,-0.3421699999998791,-5.054209748890385,False,False,2700,5.871714098600037,1.4612909637495974,0.9370266701365842,4.5996310416769655,0.13692362123098292,-0.3809523809528845,0.2999999999997449,9.333333333333334
rsi2_m5_usd100000,2017-08-23T13:20:00+00:00,2017-08-23T13:55:00+00:00,47401,signal_exit,-0.03751999999983752,-0.5542097488897713,False,False,2100,4.316099593247436,1.0569515859105618,1.5162302892211934,4.320698352530821,-1.811408115159919,-0.6279069767442701,0.1999999999990898,13.333333333333334
rsi2_m5_usd100000,2017-08-23T14:50:00+00:00,2017-08-23T15:00:00+00:00,47419,signal_exit,0.4286800000000659,6.341420118344169,False,True,600,5.539413734948076,1.2594818584824803,1.3758110836026916,5.951367791692211,0.3684631657898738,-0.7924528301889638,0.20000000000131024,14.833333333333334
rsi2_m5_usd100000,2017-08-24T08:35:00+00:00,2017-08-24T09:15:00+00:00,47631,signal_exit,-0.030749999999793165,-0.45420974888911614,False,False,2400,4.100542661206933,1.3062570549960157,-0.5851412709003682,-4.059604548972396,-2.484675030262523,-0.7857142857141913,0.1999999999990898,8.583333333333334
rsi2_m5_usd100000,2017-08-24T09:40:00+00:00,2017-08-24T10:30:00+00:00,47644,signal_exit,-0.0781399999999533,-1.1542097488914815,False,False,3000,3.716645981581722,1.1679988432237358,-0.6433770012625853,-3.284285942115867,-0.7698543647058447,-0.9729729729727946,0.2999999999997449,9.666666666666666
rsi2_m5_usd100000,2017-08-24T12:35:00+00:00,2017-08-24T13:10:00+00:00,47679,signal_exit,0.05688000000018184,0.8414201183458851,False,True,2100,4.569201403171131,1.3224053340671071,0.044042716727748114,0.39341208420632456,-0.11752512392881591,-0.20430107526894042,0.2999999999997449,12.583333333333334
rsi2_m5_usd100000,2017-08-24T13:25:00+00:00,2017-08-24T13:50:00+00:00,47689,signal_exit,0.15881000000024612,2.345790251111464,False,True,1500,4.557481086157607,1.2809742122169139,0.27144378093713706,-0.9873037840885588,-2.121110434166081,-0.6849315068493359,0.2999999999997449,13.416666666666666
rsi2_m5_usd100000,2017-08-24T14:25:00+00:00,2017-08-24T15:00:00+00:00,47701,signal_exit,0.2258800000002383,3.3414201183467207,False,True,2100,4.313652503598366,1.189907509738864,0.0956607470605141,-0.14920780451924553,-0.6138241081677605,-0.6410256410260352,0.1999999999990898,14.416666666666666
rsi2_m5_usd100000,2017-08-25T07:10:00+00:00,2017-08-25T07:35:00+00:00,47902,signal_exit,0.09111000000010322,1.3457902511093534,False,True,1500,3.348862539657702,1.3192978968104252,-0.4184514653015407,-7.059702027441765,-3.0165120809066863,-0.5000000000001321,0.10000000000065512,7.166666666666667
rsi2_m5_usd100000,2017-08-25T12:00:00+00:00,2017-08-25T13:20:00+00:00,47960,holding_bars,-0.4699999999999702,-6.962962962962521,False,False,4800,4.044693071042655,1.2319205559215711,1.228105878393207,4.644665124233211,-0.2816665089917323,-0.2807017543862656,0.20000000000131024,12.0
rsi2_m5_usd100000,2017-08-25T13:45:00+00:00,2017-08-25T13:55:00+00:00,47981,stop,-1.5322895109046142,-22.667004599180682,True,False,600,4.777106179381009,1.324286120085664,0.5772489088944102,0.9064989039547224,-0.9436343354932635,-0.7524752475248787,0.20000000000131024,13.75
rsi2_m5_usd100000,2017-08-25T14:00:00+00:00,2017-08-25T14:00:00+00:00,47984,target,0.48954474771467127,7.241786208796912,False,True,0,5.800183045225922,1.52914654805413,0.4186256808603831,-1.0646542300390551,-2.4543091758459203,-0.3544973544973371,0.9999999999998899,14.0
rsi2_m5_usd100000,2017-08-28T07:45:00+00:00,2017-08-28T08:20:00+00:00,48195,signal_exit,0.10105000000018965,1.5104633781792174,False,True,2100,4.405341082345487,1.0636509061200172,1.4955474089562102,3.941294341131293,-1.9296324680022046,-0.35087719298244247,0.0,7.75
rsi2_m5_usd100000,2017-08-28T09:05:00+00:00,2017-08-28T09:20:00+00:00,48211,signal_exit,-0.0661999999998662,-0.9895366218216173,False,False,900,4.181157828892295,1.0063200754714097,1.2053939049153777,4.368560619568522,0.16271612399505758,-0.14285714285646312,0.09999999999843467,9.083333333333334
rsi2_m5_usd100000,2017-08-28T11:10:00+00:00,2017-08-28T12:30:00+00:00,48236,holding_bars,-0.7285099999998972,-10.88953662182208,False,False,4800,3.0502541490111255,0.7914251061433146,1.2591220701375203,4.106622639024276,-1.0919909408618556,-0.4999999999995374,0.0,11.166666666666666
rsi2_m5_usd100000,2017-08-28T13:15:00+00:00,2017-08-28T13:35:00+00:00,48261,signal_exit,0.020770000000109368,0.31046337817801745,False,True,1200,3.602148356640261,0.9372283450929351,0.6246115190581482,3.0210502890668702,0.5750003524627815,-0.5277777777776579,0.1999999999990898,13.25
rsi2_m5_usd100000,2017-08-29T09:35:00+00:00,2017-08-29T10:15:00+00:00,48505,signal_exit,-0.5111399999998334,-7.721148036251259,False,False,2400,6.743844444355143,1.4143085511688724,3.768874857576438,13.429144627627338,-1.1548085869384688,-0.9532710280372901,0.10000000000065512,9.583333333333334
rsi2_m5_usd100000,2017-08-29T10:50:00+00:00,2017-08-29T11:20:00+00:00,48520,signal_exit,0.16465000000018068,2.483408748117356,False,True,1800,6.296954873734038,1.2718281300353864,2.9481937897054538,8.3437872027877,-1.361160045582976,-0.5060240963857162,0.2999999999997449,10.833333333333334
rsi2_m5_usd100000,2017-08-29T12:55:00+00:00,2017-08-29T14:15:00+00:00,48545,holding_bars,-1.360249999999946,-20.516591251884552,False,False,4800,6.6085809337479535,1.2597331933394038,1.8878223436772696,4.866966879069306,-2.009531392397599,-0.6619718309861974,0.20000000000131024,12.916666666666666
rsi2_m5_usd100000,2017-08-29T15:55:00+00:00,2017-08-29T17:15:00+00:00,48581,holding_bars,-1.2690399999999267,-19.11204819276998,False,False,4800,7.045453103079899,1.209337887993804,0.4762198772039628,2.0221085278369664,0.15483500476476,-0.6346153846156063,0.20000000000131024,15.916666666666666
rsi2_m5_usd100000,2017-08-30T07:20:00+00:00,2017-08-30T07:50:00+00:00,48766,signal_exit,0.44796000000009184,6.705988023953471,False,True,1800,6.804835818294979,1.5139354334101032,-1.1916665518232334,-7.974310095500373,-1.9030306370194257,-0.8881578947368537,0.10000000000065512,7.333333333333333
rsi2_m5_usd100000,2017-08-30T10:20:00+00:00,2017-08-30T10:35:00+00:00,48802,signal_exit,0.23420000000017469,3.5059880239547105,False,True,900,5.022576478616176,1.0373155923439863,-1.2811842638435127,-5.592456217468853,-1.384715847207264,-0.7551020408164745,0.0,10.333333333333334
rsi2_m5_usd100000,2017-08-30T11:15:00+00:00,2017-08-30T11:30:00+00:00,48813,stop,-1.3785400313822969,-20.63682681710025,True,False,900,4.285703710263662,0.9072856731411456,-1.1464067189728138,-4.945745168360026,-1.4730623512990686,-0.903225806450989,0.09999999999843467,11.25
rsi2_m5_usd100000,2017-08-30T11:35:00+00:00,2017-08-30T12:30:00+00:00,48817,stop,-1.6078722133949301,-24.03396432578371,True,False,3300,5.16110692599021,1.0670195424131137,-1.1643390267699971,-8.109881129853948,-3.566899833729217,-0.9207920792078381,0.0,11.583333333333334
rsi2_m5_usd100000,2017-08-30T12:35:00+00:00,2017-08-30T12:45:00+00:00,48829,target,0.7901601941585759,11.793435733710087,False,True,600,7.639255180287152,1.453859977507758,-1.4951914788190688,-10.79656802210111,-2.110171625603719,-0.4295302013422669,0.10000000000065512,12.583333333333334
rsi2_m5_usd100000,2017-08-30T13:55:00+00:00,2017-08-30T15:00:00+00:00,48845,signal_exit,-0.3674999999999071,-5.485074626864285,False,False,3900,7.685343327423512,1.3641165977637004,-1.6685761789888092,-7.3528823000748655,-0.764503427273592,-0.802325581395571,0.20000000000131024,13.916666666666666
rsi2_m5_usd100000,2017-08-31T07:40:00+00:00,2017-08-31T08:00:00+00:00,49058,signal_exit,-0.07921999999995372,-1.1806259314449137,False,False,1200,5.596142426017522,1.3640034221040904,-0.6495500290739754,-1.3308709113818629,0.29991780336173773,-0.5777777777777833,0.10000000000065512,7.666666666666667
rsi2_m5_usd100000,2017-08-31T08:35:00+00:00,2017-08-31T08:55:00+00:00,49069,target,0.4378036453164236,6.524644490557728,False,True,1200,5.002635211000269,1.2080195662101452,-0.1800812711472804,-1.726016610442555,-1.2733760690542686,-0.7142857142856319,0.09999999999843467,8.583333333333334
rsi2_m5_usd100000,2017-08-31T09:50:00+00:00,2017-08-31T10:05:00+00:00,49084,stop,-1.919002549685537,-28.599143810514708,True,False,900,6.27962946976807,1.379609483365875,-0.1750868620428696,-1.9802418937811153,-1.4077550469450066,-0.5,0.09999999999843467,9.833333333333334
rsi2_m5_usd100000,2017-08-31T10:10:00+00:00,2017-08-31T11:30:00+00:00,49088,holding_bars,-1.041249999999982,-15.471768202079971,False,False,4800,8.302970045971579,1.6843049937596595,-0.2972479756233505,-6.278726045729119,-2.7254666055012073,-0.45084745762713546,0.10000000000065512,10.166666666666666
rsi2_m5_usd100000,2017-08-31T12:00:00+00:00,2017-08-31T12:35:00+00:00,49110,signal_exit,-0.01801999999985543,-0.2673590504429589,False,False,2100,7.5510919180809815,1.384167242864979,-1.6061674027777362,-8.575300002585275,-2.26622398249349,-0.7384615384615489,0.2999999999997449,12.0
rsi2_m5_usd100000,2017-09-01T07:05:00+00:00,2017-09-01T07:20:00+00:00,49336,signal_exit,0.18304000000012197,2.723809523811339,False,True,900,4.203309236117048,1.1114000934000394,-0.3446462655032411,-4.088266692651832,-2.0535639960239123,-0.7346938775511499,0.10000000000065512,7.083333333333333
rsi2_m5_usd100000,2017-09-01T07:45:00+00:00,2017-09-01T08:10:00+00:00,49344,target,0.3140597494470261,4.680473166125575,False,True,1500,4.1305495487854715,1.085530928426683,-0.4732310364521487,-3.8319339787839395,-1.238853470572902,-0.3928571428575677,0.20000000000131024,7.75
rsi2_m5_usd100000,2017-09-01T09:40:00+00:00,2017-09-01T10:00:00+00:00,49367,target,0.4115549996101171,6.133457520270001,False,True,1200,4.757041725856361,1.1653272034227193,-0.1175198477648351,0.33127511955091565,0.2887556349908832,-0.4250000000000555,0.0,9.666666666666666
rsi2_m5_usd100000,2017-09-01T13:45:00+00:00,2017-09-01T14:20:00+00:00,49416,signal_exit,-0.7636399999999677,-11.380625931445122,False,False,2100,14.604471286881607,2.0336890025691443,0.40896841112542154,-2.5482949724997312,-1.3571156281544101,-0.47468354430377435,0.30000000000196536,13.75
rsi2_m5_usd100000,2017-09-01T15:20:00+00:00,2017-09-01T15:35:00+00:00,49435,signal_exit,0.3241600000001512,4.823809523811774,False,True,900,10.518209512540862,1.3914482069543024,-0.6869185063557814,-3.895537580012387,-1.0142615083332236,-0.2815533980583487,0.0,15.333333333333334
rsi2_m5_usd100000,2017-09-04T09:20:00+00:00,2017-09-04T09:45:00+00:00,49650,signal_exit,-0.08609999999984891,-1.2850746268634166,False,False,1500,5.75218655943424,1.258572489000183,0.9758406816774184,5.195200721833299,0.468253137041274,-0.9213483146067107,0.09999999999843467,9.333333333333334
rsi2_m5_usd100000,2017-09-04T10:10:00+00:00,2017-09-04T10:45:00+00:00,49660,signal_exit,-0.32059999999989747,-4.785074626864141,False,False,2100,4.936966312883195,1.0896362446361292,1.305794243920789,3.7880498801398295,-1.5768910068809263,-0.8275862068965781,0.20000000000131024,10.166666666666666
rsi2_m5_usd100000,2017-09-04T11:15:00+00:00,2017-09-04T11:30:00+00:00,49673,signal_exit,0.11490000000012895,1.7149253731362528,False,True,900,4.305997267310986,0.9683720043095395,0.9963825621883842,2.2831326594598664,-1.3731290036552126,-0.819999999999769,0.10000000000065512,11.25
rsi2_m5_usd100000,2017-09-04T12:15:00+00:00,2017-09-04T13:05:00+00:00,49685,signal_exit,-0.5148999999999802,-7.685074626865375,False,False,3000,3.932564110895136,0.9050246230309618,0.8226622712071441,2.2648765069373518,-1.303699072533907,-0.9629629629631304,0.10000000000065512,12.25
rsi2_m5_usd100000,2017-09-04T14:15:00+00:00,2017-09-04T14:30:00+00:00,49709,signal_exit,0.021430000000109695,0.31937406855603123,False,True,900,4.113751368708254,0.9452612277252906,0.3105130706132503,0.5032487110210419,-0.8844289064541624,-0.9827586206899258,0.30000000000196536,14.25
rsi2_m5_usd100000,2017-09-05T07:35:00+00:00,2017-09-05T07:35:00+00:00,49909,stop,-1.6609665444297617,-24.75359976795472,True,False,0,5.318243459127408,1.375908825155929,0.031604325464676356,-1.7924117497649672,-1.5285310312485683,-0.47916666666653174,0.10000000000065512,7.583333333333333
rsi2_m5_usd100000,2017-09-05T07:40:00+00:00,2017-09-05T08:15:00+00:00,49910,signal_exit,-0.18655999999991196,-2.776190476189166,False,False,2100,6.631226069189881,1.6285454165219342,-0.0282124676243676,-4.942658390626503,-3.1187206907615534,-0.565400843881764,0.2999999999997449,7.666666666666667
rsi2_m5_usd100000,2017-09-05T09:35:00+00:00,2017-09-05T10:00:00+00:00,49933,signal_exit,-0.03199999999994391,-0.4761904761896414,False,False,1500,4.622277947249475,1.1121387306895143,-1.0306610698405834,-4.245336713958599,-1.0768504133746795,-0.3250000000004996,0.20000000000131024,9.583333333333334
rsi2_m5_usd100000,2017-09-05T11:05:00+00:00,2017-09-05T11:50:00+00:00,49951,signal_exit,-0.5891799999998677,-8.78062593144363,False,False,2700,4.834045135360563,1.13604812761752,-0.41083634508176947,-0.172037081741557,0.4995745543945967,-0.5416666666664739,0.10000000000065512,11.083333333333334
rsi2_m5_usd100000,2017-09-05T13:30:00+00:00,2017-09-05T13:35:00+00:00,49980,target,0.4238368624456499,6.3164957145402365,False,True,300,4.948560822991792,1.1134192962061764,-0.0354520076607986,-1.1782821013420457,-1.3262276878832067,-0.8400000000002664,0.1999999999990898,13.5
rsi2_m5_usd100000,2017-09-05T14:00:00+00:00,2017-09-05T14:00:00+00:00,49986,target,0.4583602351491327,6.831002014145048,False,True,0,5.505813972795137,1.2067080200256646,0.04698965468079677,-1.530312252195498,-2.102784176587127,-0.7529411764705422,0.8000000000008001,14.0
rsi2_m5_usd100000,2017-09-05T15:05:00+00:00,2017-09-05T16:10:00+00:00,49999,signal_exit,-0.3138999999998536,-4.685074626863486,False,False,3900,8.308598540580366,1.584382176152771,0.5017574991147292,3.4764782128686975,0.45976796750231796,-0.23711340206182735,0.2999999999997449,15.083333333333334
rsi2_m5_usd100000,2017-09-06T08:45:00+00:00,2017-09-06T09:00:00+00:00,50210,signal_exit,0.16072000000013828,2.405988023954166,False,True,900,5.392013519773147,1.3460304077652507,1.0730821055041255,5.319157267941595,0.49836928086396154,-0.8222222222224744,0.10000000000065512,8.75
rsi2_m5_usd100000,2017-09-06T09:25:00+00:00,2017-09-06T09:35:00+00:00,50218,signal_exit,0.28764000000007983,4.30598802395329,False,True,600,5.03769690363263,1.2414653740270778,1.3032392877691026,4.286684220599811,-0.760081030811778,-0.8214285714285573,0.10000000000065512,9.416666666666666
rsi2_m5_usd100000,2017-09-06T09:55:00+00:00,2017-09-06T10:10:00+00:00,50224,signal_exit,0.27499000000014084,4.110463378178488,False,True,900,5.29199525093274,1.2726285542569509,1.3694437021928247,2.983271771834627,-2.373398806226419,-0.5961538461538215,0.10000000000065512,9.916666666666666
rsi2_m5_usd100000,2017-09-06T10:45:00+00:00,2017-09-06T11:55:00+00:00,50234,signal_exit,-0.5880199999998681,-8.789536621821645,False,False,4200,5.642934317018383,1.3050692172703466,1.1540925150976975,2.594368871615974,-1.719192614339838,-0.6164383561645544,0.10000000000065512,10.75
rsi2_m5_usd100000,2017-09-06T13:50:00+00:00,2017-09-06T14:00:00+00:00,50271,target,0.43777696037815406,6.54375127620559,False,True,600,4.966643949014195,1.0985917387577644,0.44537731966222255,-0.2507353485856643,-2.3128152527569235,-0.8409090909093089,0.0,13.833333333333334
rsi2_m5_usd100000,2017-09-06T14:20:00+00:00,2017-09-06T14:40:00+00:00,50277,signal_exit,0.3159000000001069,4.714925373135923,False,True,1200,6.554120056388101,1.362273358506902,0.28939490190150186,-1.830877558839699,-2.4704374795648993,-0.7428571428573332,0.20000000000131024,14.333333333333334
rsi2_m5_usd100000,2017-09-07T11:50:00+00:00,2017-09-07T12:30:00+00:00,50534,stop,-2.237683283498729,-33.59884810058151,True,False,2400,7.423961274395302,1.5620024654363303,2.108979103164732,6.53039896410585,-1.8161125120923929,-0.05944055944056351,0.4999999999988347,11.833333333333334
rsi2_m5_usd100000,2017-09-07T13:35:00+00:00,2017-09-07T14:05:00+00:00,50555,signal_exit,-0.25319999999990556,-3.807518796991061,False,False,1800,17.888432810726613,2.266864831880145,1.5565508768996952,6.511463090963532,0.10195028354941718,-0.7536945812808125,0.40000000000040004,13.583333333333334
rsi2_m5_usd100000,2017-09-07T14:45:00+00:00,2017-09-07T15:15:00+00:00,50569,target,1.5195324079902972,22.850111398350332,False,True,1800,13.228815097669962,1.5756297571540892,1.7244595930686348,4.316554612752807,-0.9378529848837047,-0.9166666666665896,0.1999999999990898,14.75
rsi2_m5_usd100000,2017-09-08T07:15:00+00:00,2017-09-08T08:35:00+00:00,50767,holding_bars,-0.5508599999999466,-8.32114803625297,False,False,4800,8.794905530092981,1.3323570769759516,1.5004456585573624,2.974549426071706,-1.5739499275425413,-0.5405405405405082,0.10000000000065512,7.25
rsi2_m5_usd100000,2017-09-08T09:35:00+00:00,2017-09-08T09:45:00+00:00,50795,signal_exit,0.38918000000018504,5.878851963749019,False,True,600,7.1640544630292995,1.066344986118243,0.5965714756411175,2.25622872332737,0.02214833394517447,-0.2631578947366371,0.09999999999843467,9.583333333333334
rsi2_m5_usd100000,2017-09-08T11:15:00+00:00,2017-09-08T11:35:00+00:00,50815,signal_exit,-0.014639999999961628,-0.2211480362531968,False,False,1200,6.017260973942673,0.9240159867826003,0.8469766593132707,2.5582188470395217,-1.302842814990856,-0.4485981308411952,0.10000000000065512,11.25
rsi2_m5_usd100000,2017-09-08T12:05:00+00:00,2017-09-08T12:45:00+00:00,50825,stop,-1.6849246845204284,-25.490539856587418,True,False,2400,5.49120531210536,0.862007455814949,0.8407831988336409,2.556000841667967,-0.687953558775999,-0.694444444444316,0.09999999999843467,12.083333333333334
rsi2_m5_usd100000,2017-09-08T12:50:00+00:00,2017-09-08T13:15:00+00:00,50834,signal_exit,0.18454000000016377,2.783408748117101,False,True,1500,6.666874469714875,1.027443377201521,0.6222417590436351,-0.7624212968920405,-2.76799932792918,-0.8333333333333334,0.0,12.833333333333334
rsi2_m5_usd100000,2017-09-08T13:50:00+00:00,2017-09-08T14:15:00+00:00,50846,signal_exit,-0.05413999999978053,-0.8165912518820592,False,False,1500,6.488187445436647,1.0040979968157238,0.21855906977322714,-1.8889549370126095,-1.890269970977479,-0.7987012987014054,0.0,13.833333333333334
rsi2_m5_usd100000,2017-09-08T14:35:00+00:00,2017-09-08T15:20:00+00:00,50855,signal_exit,0.42416000000010823,6.387951807230545,False,True,2700,7.172179758137655,1.090872304116123,-0.2260165395669505,-3.127955573502703,-1.7585548969102336,-0.4062499999999024,0.2999999999997449,14.583333333333334
rsi2_m5_usd100000,2017-09-11T07:05:00+00:00,2017-09-11T07:35:00+00:00,51044,signal_exit,0.3652500000000116,5.492481203007693,False,True,1800,5.575336914097069,1.2844711843440175,-0.5751978881470323,-5.481132921165347,-2.9184502807698993,-0.5317073170732177,0.10000000000065512,7.083333333333333
rsi2_m5_usd100000,2017-09-11T09:25:00+00:00,2017-09-11T10:10:00+00:00,51072,signal_exit,-0.2464799999998622,-3.712048192769009,False,False,2700,4.725722211972521,1.0445436690095595,-0.10041146224816622,-0.278187361665434,-0.32872512339767157,-0.499999999999815,0.09999999999843467,9.416666666666666
rsi2_m5_usd100000,2017-09-11T10:45:00+00:00,2017-09-11T11:35:00+00:00,51088,stop,-1.30824038417322,-19.70241542429548,True,False,3000,4.047591807881663,0.9172425277859355,-0.12095649362496581,-1.5334649517944552,-1.1275897159090862,-0.716981132075369,0.10000000000065512,10.75
rsi2_m5_usd100000,2017-09-11T11:40:00+00:00,2017-09-11T13:00:00+00:00,51099,holding_bars,-1.1176999999998105,-16.807518796989633,False,False,4800,4.7442839408245545,1.0617000774870522,-0.32699444494693747,-4.504406105232183,-2.9098969650822326,-0.387755102040767,0.1999999999990898,11.666666666666666
rsi2_m5_usd100000,2017-09-11T13:10:00+00:00,2017-09-11T13:50:00+00:00,51117,signal_exit,0.31948000000014987,4.796996996999247,False,True,2400,5.485260303449293,1.1741934415110822,-1.0498939959847111,-7.935589107789087,-2.2462828363363485,-0.7339449541283357,0.09999999999843467,13.166666666666666
rsi2_m5_usd100000,2017-09-11T15:30:00+00:00,2017-09-11T16:10:00+00:00,51145,stop,-1.589292328892392,-23.863248181567446,True,False,2400,5.090061294641812,1.0555047463026603,-1.244456790956499,-5.514308389447946,-1.9505058319075539,-0.4761904761903251,0.09999999999843467,15.5
rsi2_m5_usd100000,2017-09-12T08:20:00+00:00,2017-09-12T08:30:00+00:00,51345,target,0.3714562592933046,5.569059359719709,False,True,600,4.483780054671667,1.2709871197040632,0.33142842548131746,-1.5087624474019414,-3.052204486615398,-0.954545454545661,0.0,8.333333333333334
rsi2_m5_usd100000,2017-09-12T09:25:00+00:00,2017-09-12T09:40:00+00:00,51358,signal_exit,0.10682000000008468,1.601499250376082,False,True,900,5.6486078145504575,1.445012172264331,-0.04145866866088234,-3.108470801154777,-1.6737469922329182,-0.5166666666667777,0.10000000000065512,9.416666666666666
rsi2_m5_usd100000,2017-09-12T10:45:00+00:00,2017-09-12T12:05:00+00:00,51374,holding_bars,-0.8813599999998656,-13.194011976045891,False,False,4800,5.622916425901066,1.370643415813575,-0.4155764029591083,-5.205162108438127,-3.399987135867914,-0.8827160493826297,0.09999999999843467,10.75
rsi2_m5_usd100000,2017-09-12T12:40:00+00:00,2017-09-12T13:15:00+00:00,51397,signal_exit,0.2014000000002529,3.010463378180163,False,True,2100,5.9190653689922215,1.3072009882726638,-1.4172687406011932,-5.996134023846253,-0.7318265716871111,-0.5445544554456185,0.1999999999990898,12.666666666666666
rsi2_m5_usd100000,2017-09-13T08:40:00+00:00,2017-09-13T09:50:00+00:00,51634,stop,-1.488029912593467,-22.342791480382388,True,False,4200,4.6849471193457095,1.1852032050313828,0.6727534569828959,2.740975257278082,0.009833986800228126,-0.7692307692309006,0.1999999999990898,8.666666666666666
rsi2_m5_usd100000,2017-09-13T09:55:00+00:00,2017-09-13T10:05:00+00:00,51649,target,0.33850507858247103,5.075038659407362,False,True,600,4.33676970451485,1.0860144625328247,0.4039348978296359,-2.028446417216624,-1.8889809493138847,-0.5084745762710525,0.1999999999990898,9.916666666666666
rsi2_m5_usd100000,2017-09-13T12:15:00+00:00,2017-09-13T12:30:00+00:00,51677,target,0.2560372814226548,3.844403624964787,False,True,900,3.67370331398223,0.9446205156996883,0.33996271237847187,0.7173456656418211,-0.9264647941433051,-0.6349206349206573,0.09999999999843467,12.25
rsi2_m5_usd100000,2017-09-13T12:50:00+00:00,2017-09-13T13:20:00+00:00,51684,stop,-1.5951842399193832,-23.951715314104852,True,False,1800,5.087178077776362,1.235749689017235,0.39184422050328654,-0.6106309110447636,-2.843931460083385,-0.6705882352940562,0.1999999999990898,12.833333333333334
rsi2_m5_usd100000,2017-09-13T13:25:00+00:00,2017-09-13T14:05:00+00:00,51691,stop,-1.9018039575060737,-28.470119124342418,True,False,2400,6.194026787074388,1.416175116709445,0.00669803345493618,-5.83921912193719,-2.292339293409842,-0.7964601769913626,0.2999999999997449,13.416666666666666
rsi2_m5_usd100000,2017-09-13T14:10:00+00:00,2017-09-13T15:00:00+00:00,51700,signal_exit,-0.5813299999999728,-8.68953662182321,False,False,3000,7.657711162093571,1.6002033281721217,-0.6927699654569069,-10.75485111027187,-2.24910459791005,-0.9791666666666827,0.2999999999997449,14.166666666666666
rsi2_m5_usd100000,2017-09-13T15:15:00+00:00,2017-09-13T16:00:00+00:00,51713,signal_exit,-0.8766999999998213,-13.085074626863005,False,False,2700,7.21544196000919,1.4160996796943648,-2.0408389793896773,-11.258671391501048,-0.969326672539836,-0.19999999999977797,0.09999999999843467,15.25
rsi2_m5_usd100000,2017-09-14T08:20:00+00:00,2017-09-14T08:30:00+00:00,51913,signal_exit,0.14892000000005096,2.2193740685551555,False,True,600,5.023756545720572,1.3281399388859574,-0.2748290939303395,0.1762009236157929,0.4233828019579433,-0.6000000000001776,0.0,8.333333333333334
rsi2_m5_usd100000,2017-09-14T09:40:00+00:00,2017-09-14T10:05:00+00:00,51929,signal_exit,0.008010000000021777,0.11937406855472096,False,True,1500,4.452168707097565,1.166188264783005,0.3407391678988738,-0.41725654587300665,-1.8710005227960478,-0.4912280701755753,0.20000000000131024,9.666666666666666
rsi2_m5_usd100000,2017-09-14T11:25:00+00:00,2017-09-14T11:50:00+00:00,51950,target,0.4466603845336574,6.65663762345242,False,True,1500,5.168631777448225,1.2922610439481645,0.08238765972002782,-3.6645802724173375,-3.209870961126195,-0.8433734939759262,0.2999999999997449,11.416666666666666
rsi2_m5_usd100000,2017-09-14T12:35:00+00:00,2017-09-14T12:45:00+00:00,51964,target,1.1962826529151651,17.775373743167385,False,True,600,10.723570972623271,2.1200988416958837,-0.24360870982397412,-6.95576205969294,-3.27046781540562,-0.5890652557319601,0.2999999999997449,12.583333333333334
rsi2_m5_usd100000,2017-09-14T14:40:00+00:00,2017-09-14T15:15:00+00:00,51989,signal_exit,-0.2670999999999926,-3.980625931445493,False,False,2100,10.443946412107595,1.544216458127721,-0.2490225422492932,-1.6628560286422032,-0.6306618394546623,-0.5479452054794687,0.2999999999997449,14.666666666666666
rsi2_m5_usd100000,2017-09-15T07:20:00+00:00,2017-09-15T07:35:00+00:00,52189,signal_exit,0.27570000000014105,4.114925373136433,False,True,900,5.578620520737387,1.2635472367786373,0.5189697321336382,1.4477088169595083,-0.5816470163500825,-0.950000000000037,0.10000000000065512,7.333333333333333
rsi2_m5_usd100000,2017-09-15T09:45:00+00:00,2017-09-15T10:10:00+00:00,52218,signal_exit,-0.0663999999998664,-0.9940119760459041,False,False,1500,7.692186203042782,1.504300266540705,0.8713522107564853,4.873309835389502,0.6459981785156571,-0.22000000000008438,0.20000000000131024,9.75
rsi2_m5_usd100000,2017-09-15T12:00:00+00:00,2017-09-15T12:10:00+00:00,52245,target,0.5223742325849756,7.819973541691252,False,True,600,5.656992758869182,1.0966927835010734,1.4733328457521409,5.132490265572724,-0.639576795657176,-0.661538461538656,0.10000000000065512,12.0
rsi2_m5_usd100000,2017-09-15T14:05:00+00:00,2017-09-15T14:30:00+00:00,52270,signal_exit,-0.13329999999985925,-1.998500749623077,False,False,1500,8.061979146811495,1.3416872945656735,1.720278545119076,5.677233217544575,-0.8671395813765681,-0.7175572519084422,0.2999999999997449,14.083333333333334
rsi2_m5_usd100000,2017-09-15T15:00:00+00:00,2017-09-15T16:20:00+00:00,52281,holding_bars,-0.8002999999997857,-11.998500749621975,False,False,4800,7.218989594378225,1.1901503579606552,1.5412228637573386,4.377715989841388,-1.5094102460392904,-0.5194805194805046,0.1999999999990898,15.0
rsi2_m5_usd100000,2017-09-18T07:10:00+00:00,2017-09-18T07:20:00+00:00,52468,stop,-1.5912739289250863,-23.821466001872547,True,False,600,5.081863506456245,1.2479551059116498,0.05576144964165282,-1.2690050507430533,-2.0482918471005704,-0.2980769230769744,0.10000000000065512,7.166666666666667
rsi2_m5_usd100000,2017-09-18T07:25:00+00:00,2017-09-18T08:05:00+00:00,52471,target,0.6100972746901849,9.119540727805454,False,True,2400,6.304538674812292,1.4704948915511016,-0.06447465425150165,-5.874422544926352,-3.1802917173567407,-0.5877862595418721,0.09999999999843467,7.416666666666667
rsi2_m5_usd100000,2017-09-18T10:15:00+00:00,2017-09-18T10:35:00+00:00,52505,signal_exit,-0.02631999999990048,-0.39401197604641436,False,False,1200,5.158732871261003,1.133419151940849,0.03486524211896948,0.6372792295535578,0.15543125838122304,-0.6046511627906256,0.0,10.25
rsi2_m5_usd100000,2017-09-18T11:45:00+00:00,2017-09-18T12:25:00+00:00,52523,signal_exit,-0.4201099999998128,-6.298500749622381,False,False,2400,5.343967720478658,1.1488269230705659,0.6160517521879261,2.373395248699613,-0.010057317186195774,-0.7407407407404768,0.1999999999990898,11.75
rsi2_m5_usd100000,2017-09-18T13:10:00+00:00,2017-09-18T13:45:00+00:00,52540,signal_exit,-0.4201099999999609,-6.298500749624601,False,False,2100,4.683281707486453,1.0145540561545836,0.6375173245752859,1.903559466897837,-0.12550054550881368,-0.75,0.2999999999997449,13.166666666666666
rsi2_m5_usd100000,2017-09-18T14:40:00+00:00,2017-09-18T15:00:00+00:00,52558,signal_exit,-0.14663999999979854,-2.1985007496221667,False,False,1200,4.5695396547000025,0.9927190478610716,0.5649161483966715,1.5781875625532231,-0.3219313458252692,-0.3333333333333333,0.1999999999990898,14.666666666666666
rsi2_m5_usd100000,2017-09-18T15:25:00+00:00,2017-09-18T16:05:00+00:00,52567,stop,-1.767514059539168,-26.499461162506268,True,False,2400,5.750240103220318,1.1938917781969192,0.43950815687459144,0.8004156548419812,-1.4139443548619246,-0.6999999999999111,0.10000000000065512,15.416666666666666
rsi2_m5_usd100000,2017-09-19T08:35:00+00:00,2017-09-19T09:05:00+00:00,52772,signal_exit,-0.16669999999992974,-2.503003003001948,False,False,1800,6.577438165084816,1.464691767653438,1.4690156938797772,3.254899466715297,-1.6156555920108495,-0.7205882352942065,0.20000000000131024,8.583333333333334
rsi2_m5_usd100000,2017-09-19T10:40:00+00:00,2017-09-19T10:45:00+00:00,52797,target,0.4627481441972858,6.9481703332925795,False,True,300,5.225586668147198,1.1142262975558632,0.786301778200778,2.109650735433192,-2.179975570386026,-0.766666666666679,0.10000000000065512,10.666666666666666
rsi2_m5_usd100000,2017-09-19T11:30:00+00:00,2017-09-19T12:20:00+00:00,52807,signal_exit,-0.07345999999991043,-1.103003003001658,False,False,3000,7.195703105029675,1.4330147193832616,0.7136460045451064,-0.37430387583391184,-3.7018848607259103,-0.4468664850136398,0.10000000000065512,11.5
rsi2_m5_usd100000,2017-09-19T13:05:00+00:00,2017-09-19T13:20:00+00:00,52826,signal_exit,0.1862800000001645,2.796996996999467,False,True,900,7.758112705847799,1.388314515379487,0.18609240466103807,0.5646723345968719,0.21457711648516348,-0.7325581395348957,0.1999999999990898,13.083333333333334
rsi2_m5_usd100000,2017-09-19T14:05:00+00:00,2017-09-19T14:25:00+00:00,52838,signal_exit,0.15964000000013787,2.396996996999067,False,True,1200,6.471968954592066,1.163642582922732,0.31859148289298256,0.4681067875669077,-1.6504426082597272,-0.6893203883495941,0.20000000000131024,14.083333333333334
rsi2_m5_usd100000,2017-09-20T10:20:00+00:00,2017-09-20T11:00:00+00:00,53079,signal_exit,-0.3261599999999419,-4.912048192770208,False,False,2400,4.955148747799508,1.1770997237049632,0.6120408060544263,1.4495617644450487,-1.527292441515234,-0.7741935483870737,0.10000000000065512,10.333333333333334
rsi2_m5_usd100000,2017-09-20T12:45:00+00:00,2017-09-20T13:15:00+00:00,53108,signal_exit,-0.25319999999990556,-3.807518796991061,False,False,1800,4.458712400905064,1.0645509087849494,0.11954439517601763,-1.4870506312655285,-2.4082216627936632,-0.42187500000000544,0.10000000000065512,12.75
rsi2_m5_usd100000,2017-09-20T15:00:00+00:00,2017-09-20T15:35:00+00:00,53135,signal_exit,-0.1534499999998427,-2.3075187969901156,False,False,2100,4.759915266977118,1.1069726339759236,-0.2099960740603805,-1.1995882534830207,-0.9758056905508663,-0.6800000000000889,0.09999999999843467,15.0
rsi2_m5_usd100000,2017-09-21T07:10:00+00:00,2017-09-21T07:40:00+00:00,53329,signal_exit,0.4249600000000655,6.323809523810499,False,True,1800,6.176071442923328,1.2026947117465498,-1.182938347062486,-5.621329490409902,-1.4388614431220803,-0.5421686746986759,0.0,7.166666666666667
rsi2_m5_usd100000,2017-09-21T10:15:00+00:00,2017-09-21T10:30:00+00:00,53366,signal_exit,0.10150000000018994,1.514925373137163,False,True,900,4.574584363815107,0.9157691561623112,0.22620911189762,0.028668576090713126,-1.6408090266719548,-0.7962962962966009,0.0,10.25
rsi2_m5_usd100000,2017-09-21T11:00:00+00:00,2017-09-21T11:50:00+00:00,53375,signal_exit,-0.6823999999998873,-10.18507462686399,False,False,3000,4.505460297611878,0.9119383481902177,0.19063913546102687,-1.0721777335729936,-2.4534478649974685,-0.89090909090879,0.2999999999997449,11.0
rsi2_m5_usd100000,2017-09-21T14:20:00+00:00,2017-09-21T14:30:00+00:00,53415,signal_exit,0.24823000000011405,3.7104633781780874,False,True,600,6.744117747603383,1.2322651195243497,0.40932554748834277,1.414873634777326,-0.18599729494461345,-0.5064935064932593,0.1999999999990898,14.333333333333334
rsi2_m5_usd100000,2017-09-22T08:55:00+00:00,2017-09-22T09:35:00+00:00,53633,signal_exit,-0.02044999999985736,-0.30751879699033624,False,False,2400,5.877517013954725,1.3826169142942477,2.126330974598881,8.283181259638598,-0.16499793164410628,-0.6956521739130155,0.0,8.916666666666666
rsi2_m5_usd100000,2017-09-22T10:15:00+00:00,2017-09-22T11:25:00+00:00,53649,signal_exit,-0.3931399999999343,-5.903003003002016,False,False,4200,6.97573522518533,1.496694577667962,1.7903120515161053,3.1302696742705542,-2.618745830669996,-0.9084967320261267,0.0,10.25
rsi2_m5_usd100000,2017-09-22T12:00:00+00:00,2017-09-22T12:45:00+00:00,53670,signal_exit,0.17352000000007736,2.6014992503759724,False,True,2700,6.003206011342465,1.2420332487248464,0.6966799932456393,0.3866563350812764,-2.333008216261178,-0.8595041322313943,0.10000000000065512,12.0
rsi2_m5_usd100000,2017-09-22T13:20:00+00:00,2017-09-22T13:50:00+00:00,53686,signal_exit,0.20687000000014774,3.1014992503770276,False,True,1800,5.46945825455826,1.1123469091795386,0.3617945536749325,0.3193813686567793,-1.041257039496599,-0.6285714285714921,0.0,13.333333333333334
rsi2_m5_usd100000,2017-09-22T15:00:00+00:00,2017-09-22T15:50:00+00:00,53706,signal_exit,-0.24001999999996598,-3.5985007496246775,False,False,3000,6.205109931989248,1.1979991695451448,0.4147932809510573,0.7821944979947891,-0.7394134993863347,-0.693430656934264,0.20000000000131024,15.0
rsi2_m5_usd100000,2017-09-25T07:45:00+00:00,2017-09-25T08:40:00+00:00,53902,signal_exit,0.03450000000004855,0.5149253731350529,False,True,3300,5.2814111702687905,1.3873615896154874,-1.2443843996401194,-7.418286836906376,-1.6774595587599541,-0.8444444444441868,0.0,7.75
rsi2_m5_usd100000,2017-09-25T09:00:00+00:00,2017-09-25T09:35:00+00:00,53917,stop,-1.5996005088517262,-23.874634460473523,True,False,2100,5.097389958402708,1.2632124732184267,-1.466518700661543,-6.217749731547632,-0.6649452634799043,-0.22641509433946455,0.09999999999843467,9.0
rsi2_m5_usd100000,2017-09-25T09:40:00+00:00,2017-09-25T10:40:00+00:00,53925,signal_exit,-0.26038999999994866,-3.880625931444838,False,False,3600,5.950033409982166,1.3929053727950824,-1.6008331561712257,-9.407451413969076,-2.284554012029755,-0.6728971962617928,0.20000000000131024,9.666666666666666
rsi2_m5_usd100000,2017-09-25T10:50:00+00:00,2017-09-25T12:10:00+00:00,53939,holding_bars,-1.2132099999999333,-18.080625931444608,False,False,4800,4.93067201720212,1.1507131007809164,-2.0426510107794984,-9.762810818988195,-1.600927460784423,-0.7924528301889638,0.20000000000131024,10.833333333333334
rsi2_m5_usd100000,2017-09-25T14:40:00+00:00,2017-09-25T15:20:00+00:00,53985,stop,-1.7893153935796393,-26.62671716636368,True,False,2400,5.762631672544167,1.2033823162483286,-1.4471974916701122,-5.9258772751046935,-0.9752645552287126,-0.7213114754098301,0.1999999999990898,14.666666666666666
rsi2_m5_usd100000,2017-09-26T07:00:00+00:00,2017-09-26T07:15:00+00:00,54180,stop,-1.3920937216947185,-20.6848992822395,True,False,900,4.303282770040078,1.3200917679835662,-1.014892940813561,-4.201831739628574,-0.21716351128336372,-0.5303030303030558,0.10000000000065512,7.0
rsi2_m5_usd100000,2017-09-26T07:20:00+00:00,2017-09-26T07:20:00+00:00,54184,target,0.5978081786585712,8.85641746160846,False,True,0,6.209690212284342,1.7261404343089481,-1.0262136889359035,-10.234055551497848,-2.8406571836723242,-0.9679487179486505,0.1999999999990898,7.333333333333333
rsi2_m5_usd100000,2017-09-26T07:55:00+00:00,2017-09-26T08:50:00+00:00,54191,signal_exit,0.009250000000021907,0.1370370370373616,False,True,3300,7.568061231986558,1.8848727197714708,-1.0633261307856139,-10.563699360209858,-2.115416478404639,-0.5538461538463325,0.20000000000131024,7.916666666666667
rsi2_m5_usd100000,2017-09-26T09:55:00+00:00,2017-09-26T10:20:00+00:00,54215,stop,-1.65071435445035,-24.455027473338518,True,False,1500,5.223016127594303,1.2602466546283058,-2.044454249599855,-7.658888762209003,-0.15298770543314155,-0.5555555555556241,0.1999999999990898,9.916666666666666
rsi2_m5_usd100000,2017-09-26T10:25:00+00:00,2017-09-26T11:15:00+00:00,54221,signal_exit,-0.362239999999862,-5.358579881654763,False,False,3000,5.677763125352761,1.3271208784380717,-1.9642961567676909,-11.712889717618788,-2.6115288504224425,-0.6323529411766818,0.10000000000065512,10.416666666666666
rsi2_m5_usd100000,2017-09-26T11:45:00+00:00,2017-09-26T12:30:00+00:00,54237,signal_exit,-0.05782999999982025,-0.8542097488895162,False,False,2700,4.819081244990904,1.1161233995869198,-2.512240339573831,-12.070291049439271,-1.7304350258926509,-0.9729729729730946,0.10000000000065512,11.75
rsi2_m5_usd100000,2017-09-26T14:00:00+00:00,2017-09-26T15:20:00+00:00,54264,holding_bars,-0.9176199999998909,-13.554209748890559,False,False,4800,5.712417532668564,1.2397588099164747,-2.163870452162253,-9.967338791039783,-2.3624787659694193,-0.8914728682170329,0.10000000000065512,14.0
rsi2_m5_usd100000,2017-09-27T07:00:00+00:00,2017-09-27T07:50:00+00:00,54465,signal_exit,-0.5118799999999355,-7.549852507373679,False,False,3000,4.555460629534909,1.2621808595189739,-1.2652616115252284,-8.552959544079371,-2.2731390279855272,-0.2857142857141951,0.0,7.0
rsi2_m5_usd100000,2017-09-27T08:15:00+00:00,2017-09-27T08:50:00+00:00,54480,signal_exit,-0.777149999999861,-11.44550810014523,False,False,2100,4.785776218230661,1.2463355998797125,-1.9032033983888506,-8.995055268231834,-0.8082958314389233,-0.636363636363774,0.10000000000065512,8.25
rsi2_m5_usd100000,2017-09-27T11:05:00+00:00,2017-09-27T11:35:00+00:00,54514,signal_exit,-0.17962999999986656,-2.6455081001453102,False,False,1800,4.764606595515563,1.1176173210065095,-1.6392574105008226,-6.830214663153658,-0.7488213118530997,-0.615384615384484,0.1999999999990898,11.083333333333334
rsi2_m5_usd100000,2017-09-27T12:20:00+00:00,2017-09-27T12:50:00+00:00,54529,stop,-1.511544891894237,-22.26133861405356,True,False,1800,4.728957628477288,1.0861706533520588,-1.5173499661733656,-6.72377264459125,-0.6381049221096285,-0.33333333333307363,0.0,12.333333333333334
rsi2_m5_usd100000,2017-09-27T12:55:00+00:00,2017-09-27T13:45:00+00:00,54536,signal_exit,0.04516000000009396,0.6631424375931564,False,True,3000,5.4912296307198885,1.2191741278412545,-1.7207731446528918,-10.086930211402905,-2.385791204766043,-0.5074626865670455,0.0,12.916666666666666
rsi2_m5_usd100000,2017-09-27T14:35:00+00:00,2017-09-27T14:45:00+00:00,54556,target,0.5583293706072514,8.210726038341932,False,True,600,5.875951254463168,1.2462884728215562,-1.8716757070851497,-7.245037892138802,-0.329695539142015,-0.5656565656566562,0.1999999999990898,14.583333333333334
rsi2_m5_usd100000,2017-09-28T07:10:00+00:00,2017-09-28T07:25:00+00:00,54755,target,0.49068206028666705,7.215912651274515,False,True,900,5.378544560929499,1.3606235337905008,-0.5957568135515191,-1.6842215580745885,0.2805454198877584,-0.5274725274725864,0.1999999999990898,7.166666666666667
rsi2_m5_usd100000,2017-09-28T08:45:00+00:00,2017-09-28T08:55:00+00:00,54774,signal_exit,0.2549300000001158,3.75449189985443,False,True,600,6.915646120248735,1.4924048706612638,0.3727335397814498,1.4177166402822237,-0.07240827181437251,-0.4897959183672822,0.10000000000065512,8.75
rsi2_m5_usd100000,2017-09-28T12:40:00+00:00,2017-09-28T13:15:00+00:00,54821,target,0.5362939551176809,7.9099403409687445,False,True,2100,5.729896424170462,1.1457939025872297,1.1937761933705755,3.503768846529337,-1.729792980088685,-0.5060240963857162,0.1999999999990898,12.666666666666666
rsi2_m5_usd100000,2017-09-28T14:30:00+00:00,2017-09-28T15:10:00+00:00,54843,signal_exit,-0.3895599999998889,-5.75420974889053,False,False,2400,6.03976021844488,1.1599005858894835,1.265422258482972,5.440347169051679,0.2940593145463831,-0.5256410256410512,0.0,14.5
rsi2_m5_usd100000,2017-09-28T15:40:00+00:00,2017-09-28T16:25:00+00:00,54857,signal_exit,-0.49110999999995286,-7.254209748891475,False,False,2700,5.839224990999292,1.1056009814711445,1.2446859005591662,3.5372458067330586,-0.9437273004710941,-0.3692307692309006,0.10000000000065512,15.666666666666666
rsi2_m5_usd100000,2017-09-29T12:15:00+00:00,2017-09-29T12:30:00+00:00,55102,target,0.2815308995454926,4.164658277300186,False,True,900,3.811619079478249,1.0037326720290023,1.4505316021552832,3.66821883394356,-2.8406375624669633,-1.0,0.10000000000065512,12.25
rsi2_m5_usd100000,2017-09-29T13:10:00+00:00,2017-09-29T13:50:00+00:00,55113,stop,-1.8190116932994937,-26.948321382214722,True,False,2400,5.871339604813173,1.3914876853005165,1.4409387881185711,6.869467395809617,0.7184364242363341,-0.7014925373134427,0.10000000000065512,13.166666666666666
rsi2_m5_usd100000,2017-09-29T13:55:00+00:00,2017-09-29T14:40:00+00:00,55122,signal_exit,0.08392000000005878,1.241420118344065,False,True,2700,7.513195848524307,1.6348709515461886,1.303163013498733,2.1322987608651998,-1.648188476765081,-0.13157894736834724,0.1999999999990898,13.916666666666666
rsi2_m5_usd100000,2017-09-29T15:50:00+00:00,2017-09-29T17:10:00+00:00,55145,holding_bars,-0.7332499999998963,-10.862962962961426,False,False,4800,6.67801368005967,1.300346066057086,0.6042380764317229,2.0629757621749425,-0.3488367620514736,-0.2608695652181888,0.0,15.833333333333334
rsi2_m5_usd100000,2017-10-02T07:15:00+00:00,2017-10-02T08:20:00+00:00,55325,stop,-1.456184080822881,-21.44601002684655,True,False,3900,4.500125481675113,1.207502706190236,-1.772726293677557,-9.473529095049432,-2.7101342511388076,-0.6166666666667037,0.10000000000065512,7.25
rsi2_m5_usd100000,2017-10-02T08:25:00+00:00,2017-10-02T08:35:00+00:00,55339,signal_exit,-0.009599999999960585,-0.14117647058765564,False,False,600,4.780771347057981,1.2260990917764005,-2.228709008580942,-11.04387851944856,-1.087861542463115,-0.08928571428591962,0.10000000000065512,8.416666666666666
rsi2_m5_usd100000,2017-10-02T09:55:00+00:00,2017-10-02T10:15:00+00:00,55357,signal_exit,-0.15239999999983916,-2.24117647058587,False,False,1200,4.674986077171976,1.1584479767380318,-2.208478086426765,-10.027239719247106,-2.0057604946167604,-0.4038461538463509,0.10000000000065512,9.916666666666666
rsi2_m5_usd100000,2017-10-02T12:00:00+00:00,2017-10-02T12:15:00+00:00,55382,target,0.31891737723408053,4.689961429912949,False,True,900,4.065568950249799,1.0158185450419475,-1.7902159104609867,-7.287169450842522,-0.812885620064082,-0.5972222222223893,0.10000000000065512,12.0
rsi2_m5_usd100000,2017-10-02T14:05:00+00:00,2017-10-02T14:20:00+00:00,55407,target,0.5458799517342563,8.02764634903318,False,True,900,5.734411409809188,1.3015947335326314,-0.6548224739337661,-5.928900684144791,-3.5910401685178397,-0.7670454545454403,0.09999999999843467,14.083333333333334
rsi2_m5_usd100000,2017-10-02T15:00:00+00:00,2017-10-02T15:45:00+00:00,55418,signal_exit,0.18760000000012342,2.7588235294135797,False,True,2700,6.634531816817163,1.4034371324041377,-0.6599276185775095,-5.810251622905245,-2.522007468413796,-0.8863636363637319,0.20000000000131024,15.0
rsi2_m5_usd100000,2017-10-03T08:40:00+00:00,2017-10-03T09:25:00+00:00,55629,signal_exit,0.05160000000013837,0.7588235294137995,False,True,2700,4.923974097681419,1.301751275231166,0.40029205084578806,2.479637131302612,0.23408433871609322,-0.3396226415091968,0.09999999999843467,8.666666666666666
rsi2_m5_usd100000,2017-10-03T10:00:00+00:00,2017-10-03T10:20:00+00:00,55645,target,0.3773939833673492,5.5499115201080755,False,True,1200,4.495543995347884,1.1663877999931875,0.7490263426932611,1.5882341024600668,-0.9144319000439771,-0.7872340425532015,0.10000000000065512,10.0
rsi2_m5_usd100000,2017-10-03T12:00:00+00:00,2017-10-03T12:15:00+00:00,55669,signal_exit,0.010490000000172806,0.15449189985526957,False,True,900,4.0585536820365276,1.0423867671633855,1.1952549252826112,3.8699413707722505,-0.7898271709763897,-0.6341463414632033,0.0,12.0
rsi2_m5_usd100000,2017-10-03T12:35:00+00:00,2017-10-03T13:00:00+00:00,55676,signal_exit,0.07839000000001456,1.154491899852939,False,True,1500,3.884487622313518,1.0031762243204687,1.208958507489277,2.2291962718450087,-2.060927517972542,-0.553191489362054,0.20000000000131024,12.583333333333334
rsi2_m5_usd100000,2017-10-03T15:00:00+00:00,2017-10-03T15:15:00+00:00,55705,target,0.4494242973558398,6.618914541323119,False,True,900,4.982211320733783,1.192556363605547,1.1687906979668674,2.9480575030192844,-1.5579736311250654,-0.8865979381442638,0.0,15.0
rsi2_m5_usd100000,2017-10-03T15:40:00+00:00,2017-10-03T15:55:00+00:00,55713,signal_exit,-0.07795999999995323,-1.1498525073739414,False,False,900,4.322477214410818,1.0452317891538918,1.2289450628218452,3.958249508971108,-0.9592151925517369,-0.8399999999998934,0.10000000000065512,15.666666666666666
rsi2_m5_usd100000,2017-10-04T07:00:00+00:00,2017-10-04T07:10:00+00:00,55894,stop,-1.1923099274080577,-17.585692144661618,True,False,600,3.5089599093223875,1.1185654499946114,0.9676733869314631,1.814561622815167,-2.1296600686069436,-0.50000000000037,0.1999999999990898,7.0
rsi2_m5_usd100000,2017-10-04T08:50:00+00:00,2017-10-04T09:45:00+00:00,55916,signal_exit,-0.17287999999982234,-2.5498525073720106,False,False,3300,4.178586319305569,1.2091623056042244,0.048315529261123195,-0.273336003577223,-0.3929279956782612,-0.7352941176466362,0.09999999999843467,8.833333333333334
rsi2_m5_usd100000,2017-10-04T11:05:00+00:00,2017-10-04T11:30:00+00:00,55943,signal_exit,-0.16609999999992847,-2.449852507373576,False,False,1500,4.0579196395197785,1.140222629872568,0.46373664561108674,3.071187815665294,0.4166793092464385,-0.8571428571424795,0.0,11.083333333333334
rsi2_m5_usd100000,2017-10-04T12:40:00+00:00,2017-10-04T13:00:00+00:00,55962,signal_exit,0.34918000000013527,5.150147492627364,False,True,1200,5.8214843158738745,1.4558627471642671,0.808328213457564,0.21327175926582356,-1.9776755337858913,-0.9382716049384138,0.10000000000065512,12.666666666666666
rsi2_m5_usd100000,2017-10-04T13:30:00+00:00,2017-10-04T13:55:00+00:00,55972,signal_exit,0.35596000000002914,5.250147492625799,False,True,1500,5.383804287431188,1.3165051890925588,0.5454004517634349,-1.0264567762308694,-1.5693744418872688,-0.27083333333336224,0.20000000000131024,13.5
rsi2_m5_usd100000,2017-10-04T14:20:00+00:00,2017-10-04T14:30:00+00:00,55982,signal_exit,0.14629000000015785,2.1544918998550493,False,True,600,5.770936373011319,1.350874589950803,-0.001381362167573938,-2.6920004148572625,-1.776703750066701,-0.20270270270284058,0.20000000000131024,14.333333333333334
rsi2_m5_usd100000,2017-10-05T09:10:00+00:00,2017-10-05T10:30:00+00:00,56203,holding_bars,-0.7830799999997551,-11.54985250737102,False,False,4800,3.806214612100905,1.2791338549707796,0.9675160271531383,2.9302378052884084,-0.9190185799834942,-0.34374999999937117,0.09999999999843467,9.166666666666666
rsi2_m5_usd100000,2017-10-05T10:40:00+00:00,2017-10-05T10:55:00+00:00,56221,stop,-1.2036925269405097,-17.75357709351784,True,False,900,3.550931146536517,1.1538218141694199,0.4008314253343548,-1.222252031489665,-2.05065338469234,-0.6,0.1999999999990898,10.666666666666666
rsi2_m5_usd100000,2017-10-05T11:00:00+00:00,2017-10-05T11:30:00+00:00,56225,signal_exit,-0.32900999999994057,-4.8455081001464,False,False,1800,4.138498138177663,1.299718522852664,0.08143564877769201,-4.758832771194398,-2.5727103802002405,-0.46078431372545176,0.0,11.0
rsi2_m5_usd100000,2017-10-05T11:55:00+00:00,2017-10-05T12:15:00+00:00,56236,signal_exit,-0.1524699999998394,-2.24550810014491,False,False,1200,4.424446085804163,1.321053067857252,-0.6821269312813997,-5.330753114639175,-0.9632637149272081,-0.3913043478268005,0.20000000000131024,11.916666666666666
rsi2_m5_usd100000,2017-10-05T12:50:00+00:00,2017-10-05T13:45:00+00:00,56247,signal_exit,-0.38359999999999483,-5.641176470588159,False,False,3300,5.091306744619875,1.4264641279038153,-1.2199104290154457,-7.468839409787947,-2.6108475980679713,-0.5038167938930702,0.10000000000065512,12.833333333333334
rsi2_m5_usd100000,2017-10-05T14:45:00+00:00,2017-10-05T16:05:00+00:00,56270,holding_bars,-1.444399999999848,-21.241176470585998,False,False,4800,6.135350998666546,1.4592191030210562,-1.577551812057743,-6.063121031014908,-0.0413543560623797,-0.39130434782612894,0.10000000000065512,14.75
rsi2_m5_usd100000,2017-10-06T07:25:00+00:00,2017-10-06T07:55:00+00:00,56468,signal_exit,-0.15907999999988337,-2.3325513196463836,False,False,1800,4.607422769159869,1.3952460231608814,-1.154501700485192,-6.256948783234019,-2.1311712138045205,-0.5161290322581685,0.10000000000065512,7.416666666666667
rsi2_m5_usd100000,2017-10-06T11:00:00+00:00,2017-10-06T11:25:00+00:00,56511,signal_exit,-0.0637999999998638,-0.9368575624062232,False,False,1500,3.8633159679571625,1.1127902239776102,-0.10437883654563378,0.27422312604271276,0.26643484220674213,-0.8055555555560867,0.0,11.0
rsi2_m5_usd100000,2017-10-06T12:35:00+00:00,2017-10-06T12:35:00+00:00,56530,target,0.7012616928590638,10.267374712431389,False,True,0,6.897816199554038,1.7485674468788355,0.044093127792015636,-6.3619695408957115,-3.620300565215352,-0.33236151603502223,0.20000000000131024,12.583333333333334
rsi2_m5_usd100000,2017-10-06T14:10:00+00:00,2017-10-06T14:20:00+00:00,56549,target,0.8299395639867544,12.151384538605482,False,True,600,7.839821112640722,1.6058103146994027,-0.543489021266639,-3.671003457495334,-1.0851865939768526,-0.5285714285712926,0.20000000000131024,14.166666666666666
rsi2_m5_usd100000,2017-10-10T07:15:00+00:00,2017-10-10T07:45:00+00:00,57029,signal_exit,-0.17287999999982234,-2.5498525073720106,False,False,1800,4.00880043899965,1.3789411574727943,1.5306247464794738,3.7100484538776453,-1.1880997384281942,-0.6111111111114309,0.10000000000065512,7.25
rsi2_m5_usd100000,2017-10-10T09:10:00+00:00,2017-10-10T09:25:00+00:00,57052,signal_exit,0.18589000000012287,2.7457902511096437,False,True,900,4.247023491977243,1.3196994709664176,1.0468841433506788,4.202705795525552,0.08004082313858615,-0.6585365853658008,0.0,9.166666666666666
rsi2_m5_usd100000,2017-10-10T10:30:00+00:00,2017-10-10T11:40:00+00:00,57068,signal_exit,-0.7881199999998001,-11.658579881653846,False,False,4200,4.711989807843619,1.3455372014420772,1.552029509953176,7.2121081898371,0.5130912578613706,-0.26315789473721113,0.0,10.5
rsi2_m5_usd100000,2017-10-10T13:00:00+00:00,2017-10-10T13:30:00+00:00,57098,signal_exit,0.07757000000001452,1.1457902511080431,False,True,1800,4.488281984848919,1.1972221097555464,1.227304925672731,4.28066628297883,-0.40177067961436996,-0.16000000000010658,0.20000000000131024,13.0
rsi2_m5_usd100000,2017-10-10T15:25:00+00:00,2017-10-10T15:55:00+00:00,57127,signal_exit,-0.26759999999984246,-3.958579881654474,False,False,1800,4.7808588908937315,1.18245649764168,1.7614956139149418,6.976009448237053,-0.017955009730687605,-0.700000000000222,0.20000000000131024,15.416666666666666
rsi2_m5_usd100000,2017-10-11T09:00:00+00:00,2017-10-11T09:30:00+00:00,57336,stop,-1.7183200550410591,-25.494362834437077,True,False,1800,5.5317509459982315,1.4678170106080308,1.2978044127027148,3.972694616006434,-0.7395862569166815,-0.7619047619045731,0.0,9.0
rsi2_m5_usd100000,2017-10-11T09:35:00+00:00,2017-10-11T10:10:00+00:00,57343,signal_exit,0.13124000000021868,1.9414201183464301,False,True,2100,5.865650339018377,1.4896777636380354,1.0929229778107723,-1.339416042944085,-2.197980515380891,-0.7364864864865474,0.0,9.583333333333334
rsi2_m5_usd100000,2017-10-11T10:50:00+00:00,2017-10-11T10:55:00+00:00,57358,signal_exit,0.2320000000001323,3.4370370370389964,False,True,300,4.591266369363487,1.156028807170693,0.1639146850363414,0.27385521259795004,0.10424851873591848,-0.32758620689651213,0.1999999999990898,10.833333333333334
rsi2_m5_usd100000,2017-10-11T14:10:00+00:00,2017-10-11T15:05:00+00:00,57398,signal_exit,-0.5028499999998919,-7.471768202078631,False,False,3300,4.763133854185265,1.123603371009382,1.4942911121424776,6.975033647762844,0.6749384669339316,-0.7346938775514829,0.10000000000065512,14.166666666666666
rsi2_m5_usd100000,2017-10-12T07:05:00+00:00,2017-10-12T07:25:00+00:00,57600,signal_exit,-0.03871999999983872,-0.5761904761880761,False,False,1200,3.5301954641316673,1.165022537600556,1.041302591652075,0.29220290110621994,-2.5331663784531133,-0.7027027027028405,0.10000000000065512,7.083333333333333
rsi2_m5_usd100000,2017-10-12T08:05:00+00:00,2017-10-12T09:05:00+00:00,57612,signal_exit,-0.025279999999899883,-0.3761904761889863,False,False,3600,4.18481968645787,1.2913965257500033,0.4947888419454709,0.03469425853653422,-1.2030886342115796,-1.0,0.20000000000131024,8.083333333333334
rsi2_m5_usd100000,2017-10-12T09:25:00+00:00,2017-10-12T09:50:00+00:00,57628,signal_exit,0.02209000000011002,0.32823179792139706,False,True,1500,3.9510056535249944,1.190773883080718,0.12270749184949724,-2.6718112549529063,-3.2976002353072142,-0.9285714285712398,0.09999999999843467,9.416666666666666
rsi2_m5_usd100000,2017-10-12T11:50:00+00:00,2017-10-12T12:10:00+00:00,57657,signal_exit,-0.19999999999985058,-2.9717682020780174,False,False,1200,3.1321782280146335,0.9669785916753996,-0.33740945123704896,-0.9942074835507114,0.18734004564691142,-0.5681818181820132,0.20000000000131024,11.833333333333334
rsi2_m5_usd100000,2017-10-12T12:35:00+00:00,2017-10-12T13:15:00+00:00,57666,signal_exit,0.08939000000010261,1.3282317979212868,False,True,2400,3.755559252491126,1.1278927096313747,-0.31190925074167497,-4.3081661948852235,-3.079443990558832,-0.7567567567567514,0.1999999999990898,12.583333333333334
rsi2_m5_usd100000,2017-10-12T13:55:00+00:00,2017-10-12T14:25:00+00:00,57682,signal_exit,-0.2876199999999754,-4.267359050444739,False,False,1800,3.909264327690408,1.136601626420661,-0.7280711162940964,-5.361755649907035,-2.1216421827956102,-0.8823529411763553,0.10000000000065512,13.916666666666666
rsi2_m5_usd100000,2017-10-12T15:15:00+00:00,2017-10-12T15:30:00+00:00,57698,signal_exit,0.04264000000009299,0.6326409495562758,False,True,900,4.602831961699721,1.2599719537818634,-0.9582788826601258,-4.084137999877698,-0.1805996470943445,-0.4339622641508288,0.10000000000065512,15.25
rsi2_m5_usd100000,2017-10-13T07:05:00+00:00,2017-10-13T07:15:00+00:00,57882,stop,-1.2408182208210317,-18.4097658875524,True,False,600,3.7356017092774034,1.2657661735313748,0.04702134446455853,-4.05751633333096,-2.748597454369023,-0.6874999999998266,0.09999999999843467,7.083333333333333
rsi2_m5_usd100000,2017-10-13T07:20:00+00:00,2017-10-13T07:40:00+00:00,57885,target,0.42921694204200467,6.358769511733402,False,True,1200,4.8608662373477465,1.5411098023065823,-0.20710247247891345,-7.750856295262605,-2.5456069166134307,-0.5256410256410512,0.0,7.333333333333333
rsi2_m5_usd100000,2017-10-13T08:30:00+00:00,2017-10-13T08:40:00+00:00,57899,signal_exit,-0.12585999999981362,-1.8673590504423385,False,False,600,4.227961036203672,1.2863151259529788,-0.9527599259106037,-4.019900972557526,0.046886321186410555,-0.1428571428569918,0.1999999999990898,8.5
rsi2_m5_usd100000,2017-10-13T10:40:00+00:00,2017-10-13T11:40:00+00:00,57925,stop,-1.2804832991223387,-18.998268532972386,True,False,3600,3.857727370632349,1.1395859267546582,-0.6803590887759845,-3.5915611520517974,-1.4490977758489463,-0.8529411764706074,0.1999999999990898,10.666666666666666
rsi2_m5_usd100000,2017-10-13T12:00:00+00:00,2017-10-13T12:20:00+00:00,57941,signal_exit,0.07040000000012031,1.041420118344975,False,True,1200,4.084224742819721,1.1704427076040393,-1.0495327987805216,-8.189401032542259,-2.000980630312815,-0.8307692307691572,0.20000000000131024,12.0
rsi2_m5_usd100000,2017-10-13T14:20:00+00:00,2017-10-13T15:25:00+00:00,57969,signal_exit,-1.014329999999955,-15.071768202079571,False,False,3900,7.599979361510973,1.5724817179828159,1.0987118701887535,2.7982645382235494,-1.9759517145202923,-0.8032786885247573,0.20000000000131024,14.333333333333334
rsi2_m5_usd100000,2017-10-16T07:00:00+00:00,2017-10-16T07:20:00+00:00,58162,target,0.32300751811846107,4.771159794955111,False,True,1200,4.112684771922725,1.2238505195353138,-1.29255761672103,-8.956887391426504,-1.963039012376467,-0.5400000000004885,0.10000000000065512,7.0
rsi2_m5_usd100000,2017-10-16T08:25:00+00:00,2017-10-16T08:45:00+00:00,58179,signal_exit,0.13173000000006868,1.9457902511088432,False,True,1200,4.451731527473531,1.247122340900901,-1.5262656678518867,-6.994177755765606,-1.4771854447031314,-0.8421052631580485,0.20000000000131024,8.416666666666666
rsi2_m5_usd100000,2017-10-16T09:15:00+00:00,2017-10-16T09:30:00+00:00,58189,signal_exit,-0.05105999999992622,-0.7542097488910815,False,False,900,3.9123887162294326,1.099560938477938,-1.3942668712550774,-6.145129283889769,-1.4277683522819993,-0.7741935483870737,0.10000000000065512,9.25
rsi2_m5_usd100000,2017-10-16T11:55:00+00:00,2017-10-16T12:25:00+00:00,58221,signal_exit,-0.3619999999998622,-5.362962962960921,False,False,1800,3.7921328177341254,1.0619016111348005,-0.23936779692974752,0.4031937331227558,0.5149147710344685,-0.6451612903231583,0.20000000000131024,11.916666666666666
rsi2_m5_usd100000,2017-10-16T12:50:00+00:00,2017-10-16T12:55:00+00:00,58232,target,0.35148197522017566,5.199437503257036,False,True,300,4.329008692455116,1.1773495686270603,-0.029901997099777585,-2.220643744918397,-1.9534026717268906,-0.8135593220334582,0.09999999999843467,12.833333333333334
rsi2_m5_usd100000,2017-10-16T13:35:00+00:00,2017-10-16T13:55:00+00:00,58241,signal_exit,0.03660000000004898,0.5414201183439198,False,True,1200,4.2518866464735385,1.1403708872126195,-0.02905076174510693,-1.0654808565048415,-1.0050806180157963,-0.07499999999990285,0.10000000000065512,13.583333333333334
rsi2_m5_usd100000,2017-10-16T14:10:00+00:00,2017-10-16T14:35:00+00:00,58248,signal_exit,-0.05803999999982051,-0.8585798816541496,False,False,1500,4.179913688461672,1.1143410030967973,-0.11238421771336737,-2.045192478068495,-2.0504298932168132,-0.9019607843135206,0.09999999999843467,14.166666666666666
rsi2_m5_usd100000,2017-10-16T15:00:00+00:00,2017-10-16T15:05:00+00:00,58258,signal_exit,0.19208000000001688,2.841420118343445,False,True,300,3.751079831820158,1.0104787641759845,-0.22566814338048496,-2.2973548611129635,-1.6403249619339284,-0.49999999999972244,0.20000000000131024,15.0
rsi2_m5_usd100000,2017-10-17T08:35:00+00:00,2017-10-17T09:25:00+00:00,58466,stop,-1.1725519786588294,-17.294276971369165,True,False,3000,3.461106115999176,1.1899936660739376,-1.566750716867419,-4.8233707248534134,0.3741349058502916,-0.6578947368420438,0.10000000000065512,8.583333333333334
rsi2_m5_usd100000,2017-10-17T09:30:00+00:00,2017-10-17T09:40:00+00:00,58477,signal_exit,0.2000200000002119,2.9501474926284934,False,True,600,3.907620078968266,1.28077138704398,-1.268295625136554,-8.389461521896589,-2.2868275377120173,-0.5806451612904843,0.1999999999990898,9.5
rsi2_m5_usd100000,2017-10-17T10:10:00+00:00,2017-10-17T10:25:00+00:00,58485,signal_exit,0.05764000000018238,0.8501474926280586,False,True,900,3.6734314401302846,1.1914471013230705,-1.3882762581590466,-7.958193335366211,-1.6925268343091384,-0.7333333333330373,0.09999999999843467,10.166666666666666
rsi2_m5_usd100000,2017-10-17T11:00:00+00:00,2017-10-17T11:50:00+00:00,58495,signal_exit,0.044080000000093544,0.6501474926267483,False,True,3000,3.943824681994666,1.2327249642981697,-1.405102490466267,-5.57596617533641,-0.2093574294761799,-0.5405405405401837,0.0,11.0
rsi2_m5_usd100000,2017-10-17T12:40:00+00:00,2017-10-17T14:00:00+00:00,58515,holding_bars,-0.9864799999998832,-14.54985250737291,False,False,4800,4.185539461184459,1.2418154257909941,-1.122694113764873,-5.216952368658056,-1.3224801757404911,-0.5,0.20000000000131024,12.666666666666666
rsi2_m5_usd100000,2017-10-17T14:10:00+00:00,2017-10-17T14:30:00+00:00,58533,signal_exit,0.18024000000007875,2.6544918998538845,False,True,1200,4.576881736701114,1.2793928196748698,-1.4706840612487977,-9.170229508787846,-2.117594830302264,-0.7288135593218042,0.10000000000065512,14.166666666666666
rsi2_m5_usd100000,2017-10-18T07:05:00+00:00,2017-10-18T07:15:00+00:00,58731,signal_exit,0.16666000000014056,2.4544918998547947,False,True,600,3.1624739042214878,1.2779473796818552,-0.500210031913768,-5.8340653312180555,-2.3435871223912024,-0.261538461538451,0.1999999999990898,7.083333333333333
rsi2_m5_usd100000,2017-10-18T08:25:00+00:00,2017-10-18T08:45:00+00:00,58747,stop,-1.250435200221919,-18.442997053420633,True,False,1200,3.748286136511599,1.3661730555546183,-0.46374898409228177,-2.283579611475236,-0.22874803529671436,-0.5555555555552815,0.10000000000065512,8.416666666666666
rsi2_m5_usd100000,2017-10-18T09:05:00+00:00,2017-10-18T09:40:00+00:00,58755,signal_exit,-0.19320999999995553,-2.8455081001466205,False,False,2100,4.510175078199742,1.5253118450295942,-0.6605301761946382,-7.908371679993366,-2.1109033650912004,-0.6212121212120549,0.20000000000131024,9.083333333333334
rsi2_m5_usd100000,2017-10-18T11:20:00+00:00,2017-10-18T11:35:00+00:00,58782,signal_exit,0.003700000000128323,0.05449189985461447,False,True,900,4.078394437125776,1.226058215297132,-1.0000998263192726,-3.758370494345448,-0.31027280656461964,-0.864864864865173,0.20000000000131024,11.333333333333334
rsi2_m5_usd100000,2017-10-18T12:00:00+00:00,2017-10-18T12:15:00+00:00,58790,signal_exit,0.04444000000009368,0.6544918998541044,False,True,900,4.14782949035435,1.2232153364599176,-0.7510378975700908,-4.254031443159181,-2.089421852571311,-0.4062499999999024,0.0,12.0
rsi2_m5_usd100000,2017-10-18T14:00:00+00:00,2017-10-18T14:20:00+00:00,58814,signal_exit,-0.03049999999979286,-0.44985250737157606,False,False,1200,5.037158337163022,1.3128028346803484,0.23745194549728388,1.0591262711498433,-0.4055652170586462,-0.7500000000000694,0.10000000000065512,14.0
rsi2_m5_usd100000,2017-10-18T15:35:00+00:00,2017-10-18T15:55:00+00:00,58833,signal_exit,0.07798000000016508,1.1501474926278035,False,True,1200,4.6157277345600365,1.1621641803395983,0.5975609001217042,1.2889849842842358,-0.7591094576632259,-0.5714285714286848,0.0,15.583333333333334
rsi2_m5_usd100000,2017-10-19T07:40:00+00:00,2017-10-19T07:50:00+00:00,59023,signal_exit,0.1780000000000783,2.6370370370381964,False,True,600,4.5777680491890225,1.3265848749113105,0.9410507687003217,3.5421654001255036,-0.22802907838512537,-0.2972972972974595,0.10000000000065512,7.666666666666667
rsi2_m5_usd100000,2017-10-19T08:10:00+00:00,2017-10-19T08:45:00+00:00,59029,signal_exit,-0.254079999999904,-3.7585798816553844,False,False,2100,6.259893865935231,1.6573892216378066,0.9536419798360796,-0.981391313405765,-3.1992831724320903,-0.707142857142856,0.20000000000131024,8.166666666666666
rsi2_m5_usd100000,2017-10-19T09:35:00+00:00,2017-10-19T09:55:00+00:00,59046,signal_exit,0.21912000000004392,3.241420118343845,False,True,1200,6.193752757399072,1.4355637276952258,0.2523998206436668,1.2184794238721197,0.3753134793664433,-0.5909090909092285,0.10000000000065512,9.583333333333334
rsi2_m5_usd100000,2017-10-19T15:25:00+00:00,2017-10-19T16:25:00+00:00,59116,signal_exit,-0.26729999999984316,-3.9717682020779073,False,False,3600,4.734728702966171,0.9978055725188633,1.7486446454577707,6.082312229181179,-0.7599385572961782,-0.777777777777723,0.09999999999843467,15.416666666666666
rsi2_m5_usd100000,2017-10-20T07:20:00+00:00,2017-10-20T07:55:00+00:00,59306,signal_exit,-0.3757599999999506,-5.558579881656073,False,False,2100,5.294862493322137,1.3580225459079003,-0.906082453558901,-4.92464915940354,-1.3177132001603253,-0.8842975206611267,0.0,7.333333333333333
rsi2_m5_usd100000,2017-10-20T10:30:00+00:00,2017-10-20T11:00:00+00:00,59344,signal_exit,-0.024239999999899287,-0.3585798816553149,False,False,1800,3.9875296362453225,0.9828108091133742,-0.9493066756543003,-3.5669708628791286,0.006614804153403141,-0.4,0.10000000000065512,10.5
rsi2_m5_usd100000,2017-10-20T12:25:00+00:00,2017-10-20T12:30:00+00:00,59367,signal_exit,0.1105000000000857,1.6370370370383065,False,True,300,3.945812429100671,0.9784902237566169,-0.36989767485889463,-0.4528111245681222,0.4491233049370326,-0.3030303030301195,0.10000000000065512,12.416666666666666
rsi2_m5_usd100000,2017-10-20T12:45:00+00:00,2017-10-20T13:30:00+00:00,59371,stop,-1.4047818662179634,-20.811583203229088,True,False,2700,4.362155060067139,1.064803659329902,-0.23291399761146153,-1.6983469418181985,-1.1943033288946947,-0.7608695652177061,0.0,12.75
rsi2_m5_usd100000,2017-10-20T13:35:00+00:00,2017-10-20T14:25:00+00:00,59381,signal_exit,-0.3419599999998793,-5.058579881655019,False,False,3000,4.752778208311558,1.130798991536174,-0.392600485290096,-5.79354557085229,-1.9714668581961998,-0.7108433734939921,0.10000000000065512,13.583333333333334
rsi2_m5_usd100000,2017-10-20T15:00:00+00:00,2017-10-20T15:35:00+00:00,59398,stop,-1.6306545938961698,-24.086478491819346,True,False,2100,5.158067185732544,1.187432706383044,-1.1410022223353031,-5.773521470293158,-1.2109854662639958,-0.535714285714222,0.09999999999843467,15.0
rsi2_m5_usd100000,2017-10-20T15:40:00+00:00,2017-10-20T16:05:00+00:00,59406,signal_exit,0.09154000000010337,1.3501474926268933,False,True,1500,5.3554838294478,1.211781759985724,-1.2909691776705339,-9.345754959083882,-2.9535882570358662,-0.7867647058822665,0.10000000000065512,15.666666666666666
rsi2_m5_usd100000,2017-10-23T07:00:00+00:00,2017-10-23T07:45:00+00:00,59588,signal_exit,-0.05761999999981998,-0.8498525073719762,False,False,2700,3.2131302962894672,1.055014784417137,-0.586533256070795,-5.102307017167694,-2.2704084588681743,-0.7547169811317909,0.0,7.0
rsi2_m5_usd100000,2017-10-23T08:20:00+00:00,2017-10-23T09:10:00+00:00,59604,signal_exit,-0.19320999999995553,-2.8455081001466205,False,False,3000,3.9639623656882557,1.2278412262636649,-1.1521515481057902,-7.710083399406926,-1.9675190273709051,-0.6800000000000889,0.20000000000131024,8.333333333333334
rsi2_m5_usd100000,2017-10-23T10:00:00+00:00,2017-10-23T10:05:00+00:00,59624,target,0.33654907456754946,4.949251096581609,False,True,300,4.1452137835843335,1.2299177616848025,-1.6774734835403038,-9.587541493003265,-3.019483921475758,-0.8777777777779505,0.0,10.0
rsi2_m5_usd100000,2017-10-23T11:40:00+00:00,2017-10-23T13:00:00+00:00,59644,holding_bars,-0.4444399999999429,-6.545508100146434,False,False,4800,3.960921979119816,1.1397914780728848,-1.5819990563062885,-7.0014406049105045,-2.1387403205031763,-0.565217391304033,0.10000000000065512,11.666666666666666
rsi2_m5_usd100000,2017-10-23T14:40:00+00:00,2017-10-23T15:05:00+00:00,59680,signal_exit,-0.030249999999792554,-0.4455081001442202,False,False,1500,3.4998846282599283,1.009362787783909,-1.01950220156131,-2.215355039601661,0.6091849434163947,-0.7333333333337774,0.10000000000065512,14.666666666666666
rsi2_m5_usd100000,2017-10-23T15:30:00+00:00,2017-10-23T15:50:00+00:00,59690,signal_exit,-0.009879999999809874,-0.1455081001444753,False,False,1200,4.313509777483195,1.1845965540243406,-0.5997316320650651,-3.6153290718151228,-1.895704780197238,-0.4800000000003197,0.0,15.5
rsi2_m5_usd100000,2017-10-24T07:05:00+00:00,2017-10-24T07:40:00+00:00,59875,signal_exit,-0.2611099999997973,-3.84550810014429,False,False,2100,3.8510941703292727,1.4424082626397243,0.1474235255257193,-1.5347748410896802,-2.005290661514715,-0.6265060240963952,0.0,7.083333333333333
rsi2_m5_usd100000,2017-10-24T09:15:00+00:00,2017-10-24T09:35:00+00:00,59901,signal_exit,-0.17287999999982234,-2.5498525073720106,False,False,1200,3.729332669741497,1.2399278931389082,0.1606367804992726,0.2967282270905778,-0.8078750485597532,-0.8148148148144189,0.09999999999843467,9.25
rsi2_m5_usd100000,2017-10-24T11:45:00+00:00,2017-10-24T12:15:00+00:00,59931,signal_exit,-0.05083999999992611,-0.7498525073735415,False,False,1800,3.5532777260688504,1.137648384429799,0.2377411710551301,0.32649560845913095,-0.4262751204425457,-0.7499999999998739,0.0,11.75
rsi2_m5_usd100000,2017-10-24T13:15:00+00:00,2017-10-24T13:45:00+00:00,59949,signal_exit,0.05764000000018238,0.8501474926280586,False,True,1800,3.8830756491261065,1.1888253728494187,0.265917261611464,0.39398211115872545,-0.3149936051018545,-0.3191489361704339,0.1999999999990898,13.25
rsi2_m5_usd100000,2017-10-24T14:50:00+00:00,2017-10-24T15:40:00+00:00,59968,signal_exit,-0.3898399999998887,-5.74985250737299,False,False,3000,5.0001539588081325,1.3750837380134358,0.3572631036597311,2.1561039801779893,0.4952417636569279,-0.3750000000002602,0.10000000000065512,14.833333333333334
rsi2_m5_usd100000,2017-10-25T07:30:00+00:00,2017-10-25T07:55:00+00:00,60166,signal_exit,0.10510000000004166,1.550147492625983,False,True,1500,4.212359493084,1.3577445454841834,0.13304331218566043,-1.2309588998189027,-2.061142188327524,-0.5384615384618012,0.10000000000065512,7.5
rsi2_m5_usd100000,2017-10-25T09:05:00+00:00,2017-10-25T09:10:00+00:00,60185,target,0.4140468299758575,6.106885397874005,False,True,300,4.828368952623969,1.4203055058550167,0.20953803931550702,-0.3080137895274257,-0.8351328070845428,-0.9600000000000355,0.20000000000131024,9.083333333333334
rsi2_m5_usd100000,2017-10-25T10:10:00+00:00,2017-10-25T10:25:00+00:00,60198,signal_exit,0.15934000000024648,2.350147492629004,False,True,900,4.449039749773261,1.2588339960974906,0.4208588781463645,0.6213767633067695,-1.4309053598031112,-0.6875000000006072,0.1999999999990898,10.166666666666666
rsi2_m5_usd100000,2017-10-25T11:25:00+00:00,2017-10-25T11:40:00+00:00,60213,signal_exit,0.1046500000000416,1.5457902511084431,False,True,900,3.7797173228279406,1.0663547893917549,0.6305849159197663,2.461278733382367,0.06031257620463263,-0.5151515151512704,0.0,11.416666666666666
rsi2_m5_usd100000,2017-10-25T12:35:00+00:00,2017-10-25T12:55:00+00:00,60227,signal_exit,0.043720000000093406,0.6457902511092083,False,True,1200,4.720492935141742,1.2624513976217162,0.8430850538060924,2.660834981726213,-0.4414847084616828,-0.3263157894737162,0.0,12.583333333333334
rsi2_m5_usd100000,2017-10-25T13:40:00+00:00,2017-10-25T13:55:00+00:00,60240,signal_exit,0.44896000000019876,6.641420118346135,False,True,900,5.523435666350182,1.3639343456277098,1.0013954772024523,5.129601749529093,0.6599718129329845,-0.6341463414637448,0.10000000000065512,13.666666666666666
rsi2_m5_usd100000,2017-10-25T15:50:00+00:00,2017-10-25T16:10:00+00:00,60266,signal_exit,0.08392000000020888,1.2414201183462854,False,True,1200,5.9088718626646415,1.2790315050030516,1.750142522533288,5.625176240719058,-1.6621954656501394,-0.19512195121915554,0.09999999999843467,15.833333333333334
rsi2_m5_usd100000,2017-10-26T07:35:00+00:00,2017-10-26T08:55:00+00:00,60453,holding_bars,-0.44974999999983756,-6.662962962960556,False,False,4800,3.991496211467024,1.3017424434609963,0.9751109016931971,1.0336427452759438,-2.1401616361436777,-0.21153846153853545,0.1999999999990898,7.583333333333333
rsi2_m5_usd100000,2017-10-26T09:05:00+00:00,2017-10-26T09:35:00+00:00,60471,signal_exit,-0.15274999999984035,-2.262962962960598,False,False,1800,4.130365954381071,1.2731800016852977,0.2302681931525994,-2.301629007604576,-3.0240135617912833,-0.9692307692309111,0.10000000000065512,9.083333333333334
rsi2_m5_usd100000,2017-10-26T11:50:00+00:00,2017-10-26T12:00:00+00:00,60504,stop,-2.2301132871035225,-32.89252635845904,True,False,600,7.310668462771291,1.9445188537320441,-0.31509325156717205,-11.69129306374358,-4.114719001117368,-0.8849902534113285,0.30000000000196536,11.833333333333334
rsi2_m5_usd100000,2017-10-26T13:35:00+00:00,2017-10-26T14:55:00+00:00,60525,holding_bars,-2.2127999999998993,-32.54117647058675,False,False,4800,12.998490304978317,2.2229381754588364,-1.9217862118876956,-11.751520316922662,-2.0724315067655787,-0.9433198380566677,0.20000000000131024,13.583333333333334
rsi2_m5_usd100000,2017-10-26T15:00:00+00:00,2017-10-26T15:40:00+00:00,60542,signal_exit,-0.363439999999861,-5.336857562406181,False,False,2400,9.18136115491658,1.471971262191743,-2.628905007129992,-13.730537396403308,-1.312781707355763,-0.19117647058817766,0.09999999999843467,15.0
rsi2_m5_usd100000,2017-10-27T09:05:00+00:00,2017-10-27T09:35:00+00:00,60757,signal_exit,0.03324000000015709,0.4845481049585581,False,True,1800,5.110338931335987,1.2408116141130914,-1.7468802605842977,-7.538664282368242,-1.4623035238986244,-0.5641025641024328,0.09999999999843467,9.083333333333334
rsi2_m5_usd100000,2017-10-27T10:35:00+00:00,2017-10-27T11:00:00+00:00,60775,signal_exit,-0.05593999999997018,-0.8154518950432971,False,False,1500,4.499460928814576,1.0893734361456506,-1.4444266388800757,-6.823242831648328,-1.5118134061356119,-0.7777777777779605,0.10000000000065512,10.583333333333334
rsi2_m5_usd100000,2017-10-27T11:10:00+00:00,2017-10-27T11:40:00+00:00,60782,signal_exit,-0.2961799999998674,-4.311208151380893,False,False,1800,4.21032991638879,1.0278178563663127,-1.4763691626294175,-8.157816933527233,-2.2459768322217593,-0.9710144927537584,0.10000000000065512,11.166666666666666
rsi2_m5_usd100000,2017-10-27T11:55:00+00:00,2017-10-27T12:25:00+00:00,60791,signal_exit,0.03358000000000477,0.48879184861724556,False,True,1800,4.018736109308418,0.9908064368378031,-1.7076112711319655,-9.788852139374004,-1.8215827657306038,-0.7590361445783713,0.20000000000131024,11.916666666666666
rsi2_m5_usd100000,2017-10-27T12:40:00+00:00,2017-10-27T12:45:00+00:00,60800,target,0.5251430054494499,7.632892521067586,False,True,300,5.519934632626358,1.2889295288500453,-1.9900601371380906,-11.17907405046677,-2.308036388413795,-0.3289473684211218,0.10000000000065512,12.666666666666666
rsi2_m5_usd100000,2017-10-27T13:35:00+00:00,2017-10-27T14:00:00+00:00,60811,target,0.7666002234993592,11.142445109002313,False,True,1500,7.224710926593693,1.5214540083507295,-2.0295722704782797,-9.257228110539076,-1.4041461878016719,-0.16197183098588466,0.0,13.583333333333334
rsi2_m5_usd100000,2017-10-30T11:35:00+00:00,2017-10-30T12:55:00+00:00,61070,holding_bars,-0.8233499999998248,-12.019708029194524,False,False,4800,3.5723381361836433,1.0243192811521704,1.2736792025452939,4.205387672940071,-0.8135136459559226,-0.39285714285725615,0.09999999999843467,11.583333333333334
rsi2_m5_usd100000,2017-10-30T13:00:00+00:00,2017-10-30T13:45:00+00:00,61087,signal_exit,-0.3854899999999948,-5.611208151382748,False,False,2700,4.616946396003348,1.2609468796425345,0.7740531141238827,-1.8071812634729674,-3.1411112233384437,-0.6937499999999454,0.10000000000065512,13.0
rsi2_m5_usd100000,2017-10-30T14:30:00+00:00,2017-10-30T14:45:00+00:00,61105,target,0.44389573919909764,6.461364471602585,False,True,900,4.986286311491203,1.2768447151713487,-0.3407029585321125,-4.055210934317908,-1.86168253437505,-0.9870129870129009,0.1999999999990898,14.5
rsi2_m5_usd100000,2017-10-31T07:35:00+00:00,2017-10-31T07:50:00+00:00,61310,signal_exit,0.026050000000111984,0.38029197080455446,False,True,900,3.9513597516651946,1.319762758846576,0.28652808847041566,-0.6668091818210732,-1.6247072363304544,-0.21052631578965822,0.10000000000065512,7.583333333333333
rsi2_m5_usd100000,2017-10-31T08:55:00+00:00,2017-10-31T10:15:00+00:00,61326,holding_bars,-0.7342999999998499,-10.719708029194889,False,False,4800,4.263893360954544,1.3106463653157039,0.29524967248558937,0.9567933164655479,-0.06847916765898797,-0.6382978723403954,0.0,8.916666666666666
rsi2_m5_usd100000,2017-10-31T10:40:00+00:00,2017-10-31T11:10:00+00:00,61347,target,0.28811395755363844,4.199911917691522,False,True,1800,3.8076819063661076,1.1444479633294522,-0.08309938638955998,-2.4484943098816605,-1.9030300712098247,-0.7906976744187487,0.09999999999843467,10.666666666666666
rsi2_m5_usd100000,2017-10-31T14:05:00+00:00,2017-10-31T14:20:00+00:00,61388,target,0.49203217495591045,7.172480684488491,False,True,900,5.293966289765482,1.3577512368775697,0.07452981959198066,-1.790624859460687,-2.4373062791994533,-0.9909090909092322,0.10000000000065512,14.083333333333334
rsi2_m5_usd100000,2017-10-31T15:10:00+00:00,2017-10-31T15:15:00+00:00,61401,signal_exit,0.259620000000117,3.784548104957973,False,True,300,4.653842570472246,1.178768244954383,0.07265127373532396,-0.7872382128085482,-1.3960263647821358,-0.2083333333332948,0.0,15.166666666666666
rsi2_m5_usd100000,2017-11-01T08:40:00+00:00,2017-11-01T09:05:00+00:00,61610,signal_exit,0.053450000000139386,0.7802919708049546,False,True,1500,3.793606169590662,1.216991305421681,0.3559598751868411,0.2330316004443157,-0.955722144271545,-0.3939393939393532,0.0,8.666666666666666
rsi2_m5_usd100000,2017-11-01T11:30:00+00:00,2017-11-01T11:50:00+00:00,61644,signal_exit,-0.01504999999985307,-0.2197080291949353,False,False,1200,3.481582602521004,1.0600724440731324,-0.22997217337183734,-1.7914945977060936,-1.2476079064451178,-0.7894736842103418,0.1999999999990898,11.5
rsi2_m5_usd100000,2017-11-01T12:20:00+00:00,2017-11-01T12:25:00+00:00,61654,stop,-1.2770715742200345,-18.616203705831406,True,False,300,3.8001879526974633,1.1408887600993645,-0.1699283022508047,-2.346553617237214,-2.2249938628416874,-0.6315789473683472,0.10000000000065512,12.333333333333334
rsi2_m5_usd100000,2017-11-01T12:30:00+00:00,2017-11-01T13:50:00+00:00,61656,holding_bars,-0.9957599999998819,-14.515451895042009,False,False,4800,4.6812845102341205,1.3474652533524694,-0.23955421656803422,-5.628805147659857,-2.911866386539989,-0.38636363636355037,0.0,12.5
rsi2_m5_usd100000,2017-11-01T14:55:00+00:00,2017-11-01T15:05:00+00:00,61685,signal_exit,0.2870600000001444,4.184548104958373,False,True,600,5.866203392198008,1.440268040821635,-0.8305024563515978,-1.2848557233653803,0.5811555015256201,-0.5714285714282316,0.10000000000065512,14.916666666666666
rsi2_m5_usd100000,2017-11-01T15:35:00+00:00,2017-11-01T16:35:00+00:00,61693,signal_exit,-0.7213599999999121,-10.51545189504245,False,False,3600,5.241054976796135,1.2729244775700703,-0.42555903387469,-1.5466679667669614,-0.5097456368731356,-0.3437500000003036,0.10000000000065512,15.583333333333334
rsi2_m5_usd100000,2017-11-02T07:35:00+00:00,2017-11-02T08:00:00+00:00,61882,stop,-1.3201965368020643,-19.301118959094506,True,False,1500,3.96928558772693,1.0651375004064698,0.9597840562592987,2.618093108350668,-1.178180029814625,-0.8961038961038137,0.10000000000065512,7.583333333333333
rsi2_m5_usd100000,2017-11-02T08:05:00+00:00,2017-11-02T09:25:00+00:00,61888,holding_bars,-0.15889999999988286,-2.31970802919537,False,False,4800,4.615913423936228,1.1973790098723371,0.6911422317120922,-1.4919432514077022,-2.2309861318022386,-0.5681818181817608,0.10000000000065512,8.083333333333334
rsi2_m5_usd100000,2017-11-02T12:05:00+00:00,2017-11-02T12:05:00+00:00,61936,target,0.34485264030677354,5.041705267642888,False,True,0,4.282840937914709,1.1064721616179152,0.47710251447172686,1.8089509144914158,-0.16328132255974107,-0.18181818181819712,0.20000000000131024,12.083333333333334
rsi2_m5_usd100000,2017-11-02T13:10:00+00:00,2017-11-02T13:40:00+00:00,61949,signal_exit,0.012350000000174333,0.18029197080546472,False,True,1800,6.382057828062112,1.4526566283868485,0.593128420552115,0.5576805838771043,-1.8591310811795738,-0.29999999999995064,0.10000000000065512,13.166666666666666
rsi2_m5_usd100000,2017-11-02T14:40:00+00:00,2017-11-02T15:20:00+00:00,61967,signal_exit,0.25828000000011664,3.7760233918145705,False,True,2400,8.02017084735644,1.588524232933226,0.5334256811851047,3.7296043706793185,0.6274767777331588,-0.3796296296294545,0.0,14.666666666666666
rsi2_m5_usd100000,2017-11-03T08:30:00+00:00,2017-11-03T08:45:00+00:00,62178,signal_exit,0.005500000000129457,0.08029197080480958,False,True,900,3.0186989589174438,1.0819609788412634,-0.3898109938347393,-4.9148717890727776,-1.4751171346415672,-0.08571428571419508,0.10000000000065512,8.5
rsi2_m5_usd100000,2017-11-03T13:05:00+00:00,2017-11-03T14:25:00+00:00,62233,holding_bars,-1.761799999999889,-25.71970802919546,False,False,4800,8.171184544013679,2.130402701911717,-0.06982207930449158,-1.0119591434979232,-0.3471973907412082,-0.7499999999999075,0.10000000000065512,13.083333333333334
rsi2_m5_usd100000,2017-11-03T14:30:00+00:00,2017-11-03T15:20:00+00:00,62250,signal_exit,-1.0369199999998469,-15.115451895041499,False,False,3000,7.639273818826841,1.7359640726983503,-0.20148855411400826,-6.381414001251152,-1.9338190058654905,-0.4137931034484695,0.0,14.5
rsi2_m5_usd100000,2017-11-06T07:15:00+00:00,2017-11-06T07:40:00+00:00,62438,target,0.24324252920428877,3.5406481689125,False,True,1500,3.425928160146253,0.9827022262564192,-0.5163062409621554,-4.904598660479812,-3.3993223891740727,-0.9146341463414502,0.0,7.25
rsi2_m5_usd100000,2017-11-06T08:25:00+00:00,2017-11-06T08:50:00+00:00,62452,signal_exit,-0.16564999999977498,-2.4112081513795482,False,False,1500,4.058338815377072,1.1198300011973827,-0.5633906543362478,-2.200544908943452,0.12328671584028797,-0.4339622641509197,0.1999999999990898,8.416666666666666
rsi2_m5_usd100000,2017-11-06T09:15:00+00:00,2017-11-06T09:25:00+00:00,62462,stop,-1.3483779606463462,-19.627044550892958,True,False,600,4.053959099878033,1.1116824174252693,-0.5388891709173319,-2.6416871152832058,-1.6903190450740202,-0.6119402985075418,0.10000000000065512,9.25
rsi2_m5_usd100000,2017-11-06T11:35:00+00:00,2017-11-06T12:05:00+00:00,62490,signal_exit,-0.2137599999999374,-3.106976744185136,False,False,1800,4.155702632411234,1.0934051833106857,-0.6115291723817843,-4.547293421198875,-2.075190300368646,-0.6206896551716217,0.0,11.583333333333334
rsi2_m5_usd100000,2017-11-06T12:25:00+00:00,2017-11-06T13:00:00+00:00,62500,signal_exit,-0.014240000000005193,-0.20697674418612197,False,False,2100,4.048786039400436,1.0625846892660793,-0.8085206278077391,-6.035590232115878,-1.6663931408202801,-0.8888888888890603,0.10000000000065512,12.416666666666666
rsi2_m5_usd100000,2017-11-06T13:55:00+00:00,2017-11-06T14:50:00+00:00,62518,signal_exit,-0.20687999999989232,-3.006976744184481,False,False,3300,3.587684701604075,0.9660882916453221,-1.168079424337018,-4.7220866982833,-0.23544080601865744,-0.32000000000021317,0.10000000000065512,13.916666666666666
rsi2_m5_usd100000,2017-11-07T07:40:00+00:00,2017-11-07T08:05:00+00:00,62726,signal_exit,0.13024000000002472,1.8930232558143127,False,True,1500,3.5337427997447506,1.265584041929931,-0.43305909572610396,-6.748776213712321,-2.1916574377297047,-0.852459016393204,0.0,7.666666666666667
rsi2_m5_usd100000,2017-11-07T08:25:00+00:00,2017-11-07T08:40:00+00:00,62735,stop,-1.2603022578347458,-18.31834677085386,True,False,900,3.7528425066673337,1.2992148394283904,-0.9439874196843124,-7.268256157756851,-1.707950341327886,-0.5820895522390187,0.0,8.416666666666666
rsi2_m5_usd100000,2017-11-07T08:50:00+00:00,2017-11-07T09:30:00+00:00,62740,target,0.4152018751482198,6.026152034081564,False,True,2400,4.714454826909971,1.5286043760283592,-1.3180097256008088,-11.572605190539225,-2.4147646464735777,0.022727272727421827,0.10000000000065512,8.833333333333334
rsi2_m5_usd100000,2017-11-07T10:15:00+00:00,2017-11-07T10:20:00+00:00,62757,target,0.43762778692102455,6.342431694507602,False,True,300,4.920491209571787,1.4633699786755885,-2.120179410483866,-12.149115927594686,-2.5937461835785927,-0.636363636363514,0.1999999999990898,10.25
rsi2_m5_usd100000,2017-11-07T11:10:00+00:00,2017-11-07T11:45:00+00:00,62768,target,0.3566761669161236,5.1692198103786025,False,True,2100,4.333885267506624,1.2599337459998627,-2.1548013861781454,-9.00062504828245,-0.7091416483229332,-0.7941176470587851,0.1999999999990898,11.166666666666666
rsi2_m5_usd100000,2017-11-07T12:15:00+00:00,2017-11-07T12:40:00+00:00,62781,signal_exit,0.1036000000001504,1.5014492753644986,False,True,1500,5.434681528140897,1.4503372207184044,-1.8903554027881906,-8.02392816044418,-0.9536220634927594,-0.8478260869567001,0.10000000000065512,12.25
rsi2_m5_usd100000,2017-11-07T13:20:00+00:00,2017-11-07T13:40:00+00:00,62794,signal_exit,0.20710000000021564,3.001449275365444,False,True,1200,4.206825604864116,1.1347692555972773,-1.7216595131117385,-7.643967770181507,-1.5282187852536555,-0.6666666666665022,0.1999999999990898,13.333333333333334
rsi2_m5_usd100000,2017-11-07T15:20:00+00:00,2017-11-07T15:25:00+00:00,62818,target,0.3455402018050704,5.015097268578669,False,True,300,4.208927444157499,1.12812192321052,-0.9712445863294105,-4.158268169890826,-0.5887663170930105,-0.8499999999998751,0.09999999999843467,15.333333333333334
rsi2_m5_usd100000,2017-11-08T08:05:00+00:00,2017-11-08T08:10:00+00:00,63017,target,0.23654133522006335,3.4381008026171993,False,True,300,3.4225387734013166,1.2724062434955303,0.10483090344500126,0.8390372529763307,0.11240866197897124,-0.3191489361704339,0.10000000000065512,8.083333333333334
rsi2_m5_usd100000,2017-11-08T09:05:00+00:00,2017-11-08T09:30:00+00:00,63029,signal_exit,0.17152000000014242,2.493023255816023,False,True,1500,4.448201285580972,1.483230966703785,0.6030238586384645,1.4289111657688613,-0.822285522433321,-0.41176470588242975,0.09999999999843467,9.083333333333334
rsi2_m5_usd100000,2017-11-08T09:55:00+00:00,2017-11-08T10:10:00+00:00,63039,signal_exit,0.033920000000157546,0.4930232558162434,False,True,900,3.7903373375206635,1.256591446129548,0.5791070942382825,0.18920968871851576,-1.4730888855505644,-0.2500000000001735,0.10000000000065512,9.916666666666666
rsi2_m5_usd100000,2017-11-08T11:30:00+00:00,2017-11-08T12:10:00+00:00,63058,stop,-1.1232097001069556,-16.325722385275515,True,False,2400,3.2296864102732856,1.0676983574307732,0.3723876367418059,1.2933406043038318,-0.0914368053608075,-0.4516129032258527,0.09999999999843467,11.5
rsi2_m5_usd100000,2017-11-08T12:15:00+00:00,2017-11-08T12:35:00+00:00,63067,signal_exit,0.006400000000130024,0.09302325581584336,False,True,1200,3.8644875130945753,1.2342183718265478,0.35146093011720103,-2.1135077165859792,-2.7565591221365406,-0.3636363636363136,0.10000000000065512,12.25
rsi2_m5_usd100000,2017-11-08T15:30:00+00:00,2017-11-08T15:55:00+00:00,63106,signal_exit,0.20592000000006225,2.9930232558148577,False,True,1500,4.123813808128634,1.22361398287255,0.12663336210241843,-0.4987094150339635,-0.9158493128605948,-0.7979797979796054,0.1999999999990898,15.5
rsi2_m5_usd100000,2017-11-09T08:00:00+00:00,2017-11-09T08:30:00+00:00,63304,stop,-1.1817346094371861,-17.20137713882367,True,False,1800,3.4475422468604986,1.2542460686740775,1.0672982708953374,2.96380227924015,-1.006935873145073,-0.5106382978724108,0.10000000000065512,8.0
rsi2_m5_usd100000,2017-11-09T08:35:00+00:00,2017-11-09T09:10:00+00:00,63311,signal_exit,-0.0004799999999150484,-0.00697674418481175,False,False,2100,3.8737140536125154,1.3489469400520973,0.8402991846277554,-1.3942703846904974,-2.1956703110214204,-0.5135135135139027,0.10000000000065512,8.583333333333334
rsi2_m5_usd100000,2017-11-09T12:45:00+00:00,2017-11-09T13:45:00+00:00,63361,stop,-1.58759800312286,-23.142828033860933,True,False,3600,4.956844034704937,1.448656396489554,1.8180114415824047,6.121911434375782,-0.5591003707560461,-0.9130434782610269,0.0,12.75
rsi2_m5_usd100000,2017-11-09T13:50:00+00:00,2017-11-09T14:35:00+00:00,63374,signal_exit,-0.13129999999985503,-1.9112081513807138,False,False,2700,5.709150991523694,1.5426467147264282,1.6016459261144105,0.03339836380695779,-3.0606474605465777,-0.7777777777777168,0.20000000000131024,13.833333333333334
rsi2_m5_usd100000,2017-11-09T15:50:00+00:00,2017-11-09T16:05:00+00:00,63398,signal_exit,0.25276000000022436,3.6845481049595388,False,True,900,5.110170391482302,1.2836712063894855,0.6906134345860929,3.334504451369196,0.10013202607180341,-0.06976744186038106,0.09999999999843467,15.833333333333334
rsi2_m5_usd100000,2017-11-10T08:00:00+00:00,2017-11-10T08:20:00+00:00,63592,target,0.20963496022820902,3.060364382893562,False,True,1200,3.240036206043788,1.1492662683870096,0.2642281842296001,-2.2474580908020894,-1.6343541725468664,-0.7499999999997687,0.09999999999843467,8.0
rsi2_m5_usd100000,2017-11-10T09:00:00+00:00,2017-11-10T09:20:00+00:00,63604,signal_exit,0.06715000000022914,0.9802919708062647,False,True,1200,3.779585003116293,1.2609226446963175,-0.2495897475444242,-1.6003093329744391,-0.3171883999759381,-0.559999999999929,0.09999999999843467,9.0
rsi2_m5_usd100000,2017-11-10T10:20:00+00:00,2017-11-10T10:35:00+00:00,63620,signal_exit,0.005200000000129268,0.07602339181475537,False,True,900,4.358628335745709,1.3364375132079842,0.36733928233663926,3.8931978930791793,0.8034077804929275,-0.6562500000003904,0.10000000000065512,10.333333333333334
rsi2_m5_usd100000,2017-11-10T11:05:00+00:00,2017-11-10T12:10:00+00:00,63629,signal_exit,-0.3164500000000024,-4.619708029197115,False,False,3900,4.11768751383558,1.2450662566123114,0.7450743796992908,1.613292147130114,-1.420018071727539,-0.7551020408164745,0.10000000000065512,11.083333333333334
rsi2_m5_usd100000,2017-11-10T13:30:00+00:00,2017-11-10T14:05:00+00:00,63658,signal_exit,0.06715000000007704,0.9802919708040443,False,True,2100,3.428758339433296,1.0484211271663186,0.2988289310968076,1.0445203795592746,-0.16945312776685942,-0.9350649350647927,0.1999999999990898,13.5
rsi2_m5_usd100000,2017-11-13T07:45:00+00:00,2017-11-13T08:35:00+00:00,63865,signal_exit,-0.21369999999993766,-3.11970802919617,False,False,3000,3.0385062303199524,1.1728958833655125,-0.21725845035591596,-3.378265219035708,-1.8929278197329018,-0.8409090909090565,0.0,7.75
rsi2_m5_usd100000,2017-11-13T09:45:00+00:00,2017-11-13T10:30:00+00:00,63889,signal_exit,-0.26849999999999247,-3.91970802919697,False,False,2700,3.434314389800652,1.2186639302494218,-0.6329210982390141,-3.0049013150582238,-0.6289329308295678,-0.6981132075469485,0.20000000000131024,9.75
rsi2_m5_usd100000,2017-11-13T14:15:00+00:00,2017-11-13T14:55:00+00:00,63943,signal_exit,-0.04267999999988065,-0.6239766081853896,False,False,2400,4.154788890419135,1.3456509898734623,0.8570178531177511,3.331686430563886,-0.03204859611961571,-0.5573770491803398,0.0,14.25
rsi2_m5_usd100000,2017-11-13T15:50:00+00:00,2017-11-13T16:35:00+00:00,63962,signal_exit,-0.47359999999981794,-6.923976608184472,False,False,2700,3.946774397815836,1.219631813949274,0.8846916095066897,2.9683549009827357,-0.06696991790549069,-0.5454545454545914,0.0,15.833333333333334
rsi2_m5_usd100000,2017-11-14T08:05:00+00:00,2017-11-14T08:20:00+00:00,64150,signal_exit,0.19556000000001703,2.8674486803521555,False,True,900,4.00176580073003,1.6292916940004447,1.0787177374949497,7.875285155665707,0.8618658845405481,-0.2424242424236919,0.0,8.083333333333334
rsi2_m5_usd100000,2017-11-14T10:50:00+00:00,2017-11-14T11:20:00+00:00,64183,signal_exit,0.06559000000007659,0.9631424375929013,False,True,1800,4.488813087520097,1.4464753949594265,2.9171374638945435,11.048142088067593,-0.02036969360418094,-0.7681159420293493,0.10000000000065512,10.833333333333334
rsi2_m5_usd100000,2017-11-14T14:35:00+00:00,2017-11-14T15:00:00+00:00,64228,signal_exit,-0.19320999999995553,-2.8455081001466205,False,False,1500,4.868320693868309,1.3794268796955942,3.705510020381451,13.967087411684032,0.009153514866545778,-0.8064516129030526,0.0,14.583333333333334
rsi2_m5_usd100000,2017-11-14T15:20:00+00:00,2017-11-14T15:25:00+00:00,64237,target,0.41901113841270554,6.171003511232777,False,True,300,4.808255805689337,1.326185526790102,3.4078240962780013,10.709281461289917,-1.8950931753274496,-0.5769230769231755,0.10000000000065512,15.333333333333334
rsi2_m5_usd100000,2017-11-15T10:15:00+00:00,2017-11-15T10:35:00+00:00,64463,signal_exit,-0.0584599999999707,-0.8673590504446691,False,False,1200,5.84186789352601,1.4303815535756639,2.828086575124739,10.238726719217235,-0.6095453631705215,-0.43478260869569413,0.10000000000065512,10.25
rsi2_m5_usd100000,2017-11-15T12:45:00+00:00,2017-11-15T13:30:00+00:00,64493,target,0.3632152480921993,5.396957623955413,False,True,2700,4.484362913017161,1.0550296324823585,2.267150266550254,7.664863150372664,-0.9113575423259062,-0.5500000000003331,0.20000000000131024,12.75
rsi2_m5_usd100000,2017-11-15T14:10:00+00:00,2017-11-15T14:40:00+00:00,64510,signal_exit,-0.3145799999998527,-4.6673590504429185,False,False,1800,8.516332501448305,1.6797831693077567,1.5673438697760598,3.0442156464247656,-1.9928845462818179,-0.813953488372081,0.10000000000065512,14.166666666666666
rsi2_m5_usd100000,2017-11-15T15:10:00+00:00,2017-11-15T15:50:00+00:00,64522,signal_exit,0.009250000000171787,0.13703703703958203,False,True,2400,7.868065604891664,1.4739633090733963,0.8937141754370591,-0.5917957722483541,-1.4533174775796462,-0.6666666666667616,0.10000000000065512,15.166666666666666
rsi2_m5_usd100000,2017-11-16T07:20:00+00:00,2017-11-16T07:50:00+00:00,64716,signal_exit,-0.03074999999994349,-0.4542097488913366,False,False,1800,4.232372938102636,1.3066294841483692,-0.17225652441100497,-2.7985302081409005,-1.216250136317716,-0.8888888888887061,0.0,7.333333333333333
rsi2_m5_usd100000,2017-11-16T08:00:00+00:00,2017-11-16T08:00:00+00:00,64724,target,0.4443505431168848,6.563523532007161,False,True,0,5.008866640449523,1.4539907619568424,-0.14172546671108785,-5.0592443671900185,-2.086726822171365,-0.9761904761904971,0.10000000000065512,8.0
rsi2_m5_usd100000,2017-11-16T09:10:00+00:00,2017-11-16T10:30:00+00:00,64738,holding_bars,-0.9176199999998909,-13.554209748890559,False,False,4800,6.071816125557957,1.554837596270666,-0.30333737091287916,-2.1743452487055728,-0.6975121387719676,-0.6153846153847139,0.0,9.166666666666666
rsi2_m5_usd100000,2017-11-16T11:05:00+00:00,2017-11-16T11:30:00+00:00,64761,signal_exit,-0.2542399999999037,-3.7498525073732107,False,False,1500,4.787942489737009,1.1811232432924708,-0.7645526033709326,-4.262040867411224,-1.8505173087580493,-0.3030303030302215,0.10000000000065512,11.083333333333334
rsi2_m5_usd100000,2017-11-16T15:20:00+00:00,2017-11-16T15:50:00+00:00,64812,signal_exit,0.14578000000000707,2.150147492625473,False,True,1800,6.001392317574466,1.3206051960775589,-0.21404067093713264,-2.8957619352662434,-2.748617289988658,-0.8487394957982645,0.10000000000065512,15.333333333333334
rsi2_m5_usd100000,2017-11-17T07:15:00+00:00,2017-11-17T07:50:00+00:00,65000,stop,-1.1899397487783405,-17.602659005596752,True,False,2100,3.5610197809856245,1.0276484755951942,1.2433184087224807,3.1586319809861014,-1.5730605290417472,-0.6451612903226731,0.0,7.25
rsi2_m5_usd100000,2017-11-17T07:55:00+00:00,2017-11-17T08:15:00+00:00,65008,signal_exit,-0.030999999999943573,-0.45857988165597,False,False,1200,4.7633515068826675,1.2923829143775567,0.8625015231534401,-1.1395180513532421,-2.1317909557646213,-0.8695652173909686,0.20000000000131024,7.916666666666667
rsi2_m5_usd100000,2017-11-17T11:45:00+00:00,2017-11-17T12:15:00+00:00,65054,signal_exit,-0.2473199999998597,-3.6585798816547292,False,False,1800,4.402063616176223,1.0752740132734449,0.3641830484713224,0.6131270661297634,-1.0949531431348485,-0.8611111111114024,0.1999999999990898,11.75
rsi2_m5_usd100000,2017-11-17T13:25:00+00:00,2017-11-17T14:05:00+00:00,65074,target,0.3031470513851027,4.484423837057731,False,True,2400,3.9715018593562266,0.9799339497463536,0.10843283530057012,-1.1914350270035545,-2.6114976868649467,-0.7384615384615489,0.10000000000065512,13.416666666666666
rsi2_m5_usd100000,2017-11-17T14:50:00+00:00,2017-11-17T15:05:00+00:00,65091,signal_exit,-0.017479999999855,-0.2585798816546598,False,False,900,5.547572204295573,1.2503713127360714,-0.08295619883286508,0.13668858689449348,0.41352733923686985,-0.34883720930225354,0.0,14.833333333333334
rsi2_m5_usd100000,2017-11-17T15:25:00+00:00,2017-11-17T16:20:00+00:00,65098,signal_exit,-0.17971999999986715,-2.6585798816548394,False,False,3300,5.1399867323447435,1.157236678449634,-0.07863399806809569,-0.760855334378752,-0.5758353818505437,-0.2424242424241099,0.0,15.416666666666666
rsi2_m5_usd100000,2017-11-20T11:20:00+00:00,2017-11-20T11:30:00+00:00,65335,signal_exit,0.31452000000006364,4.645790251108768,False,True,600,5.151148325776313,1.0776249732885035,1.314701417765658,2.5830734438842806,-1.8270850134707077,-0.5921052631579025,0.10000000000065512,11.333333333333334
rsi2_m5_usd100000,2017-11-20T11:50:00+00:00,2017-11-20T12:20:00+00:00,65341,signal_exit,-0.3218599999998964,-4.7542097488906405,False,False,1800,4.881756564972034,1.0260490351348166,1.0779727645708466,2.324720308502225,-2.0535055767716663,-0.7608695652173388,0.20000000000131024,11.833333333333334
rsi2_m5_usd100000,2017-11-20T13:25:00+00:00,2017-11-20T14:45:00+00:00,65360,holding_bars,-1.1477999999998958,-16.95420974889063,False,False,4800,4.862656467766033,1.0210729855671954,0.5792552616823311,1.1032369677276137,-1.2626934436027404,-0.27659574468079073,0.0,13.416666666666666
rsi2_m5_usd100000,2017-11-20T14:50:00+00:00,2017-11-20T15:50:00+00:00,65377,signal_exit,-0.932239999999829,-13.74985250737211,False,False,3600,5.32287082188003,1.0931916084843054,0.09593609398703717,-2.5245069115810437,-2.6785501316248483,-0.7884615384614646,0.1999999999990898,14.833333333333334
rsi2_m5_usd100000,2017-11-21T07:50:00+00:00,2017-11-21T08:00:00+00:00,65577,target,0.2902110755149814,4.267809934043844,False,True,600,3.8544932023149805,1.3267759463709483,0.009763280636775637,-3.7064787471866563,-3.2625617288554523,-0.7920792079207398,0.10000000000065512,7.833333333333333
rsi2_m5_usd100000,2017-11-21T08:40:00+00:00,2017-11-21T09:30:00+00:00,65587,stop,-1.6867437330977444,-24.841586643560298,True,False,3000,5.324019635853203,1.6229901995690483,-0.026534233768109337,-0.23430402179841017,-0.09726918380810132,-0.6233766233767207,0.20000000000131024,8.666666666666666
rsi2_m5_usd100000,2017-11-21T09:35:00+00:00,2017-11-21T09:55:00+00:00,65598,signal_exit,0.26920000000020505,3.95882352941478,False,True,1200,5.8260526340021395,1.6328100184850958,-0.22958459595818534,-5.661526352736689,-2.5371245245795664,-0.8571428571428382,0.1999999999990898,9.583333333333334
rsi2_m5_usd100000,2017-11-21T11:15:00+00:00,2017-11-21T12:25:00+00:00,65618,signal_exit,-0.17959999999986637,-2.64117647058627,False,False,4200,5.882965166741618,1.452570535162232,-0.5951541877430815,-3.433950207504601,-0.7165879224823384,-0.2750000000000139,0.10000000000065512,11.25
rsi2_m5_usd100000,2017-11-21T13:00:00+00:00,2017-11-21T13:25:00+00:00,65639,signal_exit,0.09283000000010383,1.3631424375933014,False,True,1500,5.125168074190082,1.225422061475204,-0.8126546136060441,-5.213818710857807,-3.086608784354678,-0.8584070796462507,0.20000000000131024,13.0
rsi2_m5_usd100000,2017-11-21T15:45:00+00:00,2017-11-21T16:20:00+00:00,65672,signal_exit,-0.09799999999978476,-1.44117647058507,False,False,2100,5.240065756524572,1.1882381730682627,-0.24027536317568177,-0.6368100174323691,-0.00758965799879285,-0.5172413793096847,0.09999999999843467,15.75
rsi2_m5_usd100000,2017-11-22T08:45:00+00:00,2017-11-22T08:55:00+00:00,65871,signal_exit,0.14578000000015762,2.1501474926276933,False,True,600,4.604974589625764,1.364699402038383,1.2183926861454113,4.748482800920785,-0.07806830809964271,-0.28787878787904275,0.10000000000065512,8.75
rsi2_m5_usd100000,2017-11-22T09:55:00+00:00,2017-11-22T11:15:00+00:00,65885,holding_bars,-0.8101999999999328,-11.94985250737364,False,False,4800,4.31297227442956,1.229483753334565,1.3679184636647377,3.210717952080706,-1.8897051741920758,-0.6764705882351405,0.10000000000065512,9.916666666666666
rsi2_m5_usd100000,2017-11-22T12:05:00+00:00,2017-11-22T12:25:00+00:00,65911,stop,-1.1091316268739508,-16.334780955433736,True,False,1200,3.247318213822328,0.954409837964236,0.2921741594248211,0.647335952157307,-0.7607536159112714,-0.5,0.0,12.083333333333334
rsi2_m5_usd100000,2017-11-22T12:30:00+00:00,2017-11-22T13:05:00+00:00,65916,signal_exit,0.14629000000015785,2.1544918998550493,False,True,2100,3.873718951859191,1.1101641924382246,0.17151917268369793,-2.5408914932929587,-3.1536903017953715,-0.6283185840708677,0.10000000000065512,12.5
rsi2_m5_usd100000,2017-11-23T12:05:00+00:00,2017-11-23T12:25:00+00:00,66196,signal_exit,-0.03847999999983848,-0.5717682020778376,False,False,1200,3.5091669170802438,0.9482683116971429,1.4931152432519683,5.458910355391906,-0.22210792958510012,-0.36363636363654717,0.10000000000065512,12.083333333333334
rsi2_m5_usd100000,2017-11-23T12:55:00+00:00,2017-11-23T13:15:00+00:00,66206,signal_exit,0.015360000000065932,0.22823179792074194,False,True,1200,3.9666193747389635,1.0495134101082138,1.446922307842037,4.819543402410749,-0.8392140525743115,-0.7368421052627888,0.10000000000065512,12.916666666666666
rsi2_m5_usd100000,2017-11-23T15:00:00+00:00,2017-11-23T15:40:00+00:00,66231,signal_exit,-0.03847999999998791,-0.5717682020800581,False,False,2400,3.088558094278099,0.8530777330986365,1.1965134879575767,4.064949474952092,-0.6671638394342309,-0.8709677419353683,0.10000000000065512,15.0
rsi2_m5_usd100000,2017-11-24T07:20:00+00:00,2017-11-24T07:50:00+00:00,66417,signal_exit,-0.018289999999855644,-0.27176820207809277,False,False,1800,3.2215079768639634,1.1652650915996738,0.2383225950225715,-2.7522142547347714,-2.7593462739212837,-0.8627450980391901,0.10000000000065512,7.333333333333333
rsi2_m5_usd100000,2017-11-24T11:15:00+00:00,2017-11-24T12:05:00+00:00,66464,signal_exit,0.015040000000065834,0.22380952381050348,False,True,3000,4.058019371628818,1.1910878348062606,1.1645559656385402,1.5060966884064124,-2.9086544585598304,-0.8518518518519737,0.20000000000131024,11.25
rsi2_m5_usd100000,2017-11-27T08:55:00+00:00,2017-11-27T09:50:00+00:00,66717,signal_exit,-0.974879999999885,-14.59401197604618,False,False,3300,5.952810361869555,1.6515353388423848,0.930074357368115,6.0856190450048215,0.733257650587982,-0.3333333333328848,0.09999999999843467,8.916666666666666
rsi2_m5_usd100000,2017-11-27T11:45:00+00:00,2017-11-27T12:45:00+00:00,66751,target,0.2596710387286134,3.8872909989313382,False,True,3600,3.6906514874878606,1.011039741535324,0.8472223238099433,3.0859377610095504,-0.17909673038940996,-0.9799999999998668,0.09999999999843467,11.75
rsi2_m5_usd100000,2017-11-27T14:25:00+00:00,2017-11-27T14:35:00+00:00,66783,signal_exit,0.04679000000013572,0.7014992503768473,False,True,600,4.5121592010241445,1.160493971783919,1.2798157517921587,5.165484132180973,-0.12177827589141958,-0.5666666666667407,0.10000000000065512,14.416666666666666
rsi2_m5_usd100000,2017-11-27T14:45:00+00:00,2017-11-27T16:05:00+00:00,66787,holding_bars,-1.1886399999999506,-17.794011976047166,False,False,4800,5.488845245221873,1.352977033508535,1.317675331708881,1.493882987043681,-3.0087468759912612,-0.8914285714286164,0.20000000000131024,14.75
rsi2_m5_usd100000,2017-11-28T07:20:00+00:00,2017-11-28T07:35:00+00:00,66985,target,0.20769326377500572,3.095279638971769,False,True,900,3.237952785207241,1.1748440138981733,-0.266442796465339,-6.361080986176777,-2.759633040916858,-0.6022727272726413,0.0,7.333333333333333
rsi2_m5_usd100000,2017-11-28T08:00:00+00:00,2017-11-28T08:05:00+00:00,66993,target,0.39566647015698386,5.89666870576727,False,True,300,4.788647318604987,1.568474428594576,-0.5599289269372191,-6.0127636682860395,-1.43088992395029,-0.42452830188661655,0.2999999999997449,8.0
rsi2_m5_usd100000,2017-11-28T09:10:00+00:00,2017-11-28T09:45:00+00:00,67007,signal_exit,-0.568499999999885,-8.485074626863954,False,False,2100,5.313571473614917,1.5376343612274856,-0.42691077541434946,-0.5663772644400581,0.2686068554167737,-0.1153846153845497,0.20000000000131024,9.166666666666666
rsi2_m5_usd100000,2017-11-28T10:10:00+00:00,2017-11-28T11:00:00+00:00,67019,signal_exit,-0.367749999999758,-5.480625931441996,False,False,3000,5.590414902921905,1.4919530713218694,-0.34376780427271486,-4.755239799688923,-1.5934152282758756,-0.5121951219512988,0.0,10.166666666666666
rsi2_m5_usd100000,2017-11-28T11:30:00+00:00,2017-11-28T11:50:00+00:00,67035,signal_exit,0.02814000000000466,0.4193740685544659,False,True,1200,4.262288227862767,1.1311305437298182,-1.066479351245936,-4.697899661899125,-0.39670454011610373,-0.7400000000000444,0.10000000000065512,11.5
rsi2_m5_usd100000,2017-11-28T12:10:00+00:00,2017-11-28T12:30:00+00:00,67043,signal_exit,-0.07921999999995372,-1.1806259314449137,False,False,1200,4.1214471099347065,1.089044170045464,-1.132009065994129,-4.923829685999445,-0.7977348279100924,-0.12500000000008674,0.20000000000131024,12.166666666666666
rsi2_m5_usd100000,2017-11-28T14:20:00+00:00,2017-11-28T15:20:00+00:00,67069,stop,-1.486473705865437,-22.153110370572833,True,False,3600,4.668121109782065,1.1882116125303142,-0.5966787773219941,-3.24096424442241,-0.8608608114650553,-0.8939393939396896,0.10000000000065512,14.333333333333334
rsi2_m5_usd100000,2017-11-28T15:25:00+00:00,2017-11-28T15:30:00+00:00,67082,target,0.5329252599950636,7.930435416593208,False,True,300,5.6533129463911065,1.3521509940439476,-0.6326964398355245,-5.6153475660141945,-1.8564717145102818,-0.21276595744679846,0.0,15.416666666666666
rsi2_m5_usd100000,2017-11-29T08:30:00+00:00,2017-11-29T09:00:00+00:00,67285,signal_exit,0.33088000000019524,4.923809523812429,False,True,1800,4.98183308396405,1.3409181537267962,0.29010176332942145,1.0893428570650217,-0.2168907705572746,-0.29629629629632676,0.0,8.5
rsi2_m5_usd100000,2017-11-29T10:15:00+00:00,2017-11-29T10:50:00+00:00,67306,stop,-1.4346395210436258,-21.348802396482526,True,False,2100,4.468152980073526,1.1417876773244944,0.4574658763983379,0.29305244326918833,-1.233504541074332,-0.916666666666127,0.10000000000065512,10.25
rsi2_m5_usd100000,2017-11-29T10:55:00+00:00,2017-11-29T11:40:00+00:00,67314,signal_exit,-0.7383999999999407,-10.971768202079357,False,False,2700,4.807217649182715,1.197255088329043,0.19887707748920214,-3.894622780206526,-2.088996148415221,-0.47169811320757876,0.20000000000131024,10.916666666666666
rsi2_m5_usd100000,2017-11-30T07:50:00+00:00,2017-11-30T08:20:00+00:00,67563,stop,-1.2882441168358953,-19.170299357677013,True,False,1800,3.9235272203721308,1.2100768445102357,0.600985700143535,1.9169847476225095,-0.25648787848417065,-0.6153846153845497,0.10000000000065512,7.833333333333333
rsi2_m5_usd100000,2017-11-30T08:25:00+00:00,2017-11-30T09:10:00+00:00,67570,stop,-1.6403979924316978,-24.374412963323888,True,False,2700,5.225661190311154,1.4887390566445624,0.4668980765086477,-2.721081034401905,-2.8600440299156,-0.766990291262138,0.10000000000065512,8.416666666666666
rsi2_m5_usd100000,2017-11-30T09:15:00+00:00,2017-11-30T09:35:00+00:00,67580,signal_exit,0.07634000000016411,1.1326409495573309,False,True,1200,5.524455868888155,1.4804310239867562,-0.15600072536518667,-7.448394941783017,-2.0163733697984503,-0.5890410958907026,0.10000000000065512,9.25
rsi2_m5_usd100000,2017-11-30T10:05:00+00:00,2017-11-30T10:30:00+00:00,67590,signal_exit,0.44125000000015424,6.537037037039322,False,True,1500,6.65790496314781,1.6356265395132892,-1.014885498845097,-9.437286131612868,-2.1574461602944384,-0.5983606557377124,0.0,10.083333333333334
rsi2_m5_usd100000,2017-12-01T07:30:00+00:00,2017-12-01T08:00:00+00:00,67845,target,0.37786414762908893,5.648193537056635,False,True,1800,4.518865079439547,1.1126687349651012,1.32697023556563,3.0314166587881908,-2.1509020355334014,-0.8775510204082373,0.0,7.5
rsi2_m5_usd100000,2017-12-01T09:10:00+00:00,2017-12-01T10:25:00+00:00,67865,signal_exit,-1.337299999999875,-19.98953662182175,False,False,4500,6.233778698272939,1.3514582163931654,1.0370863760225664,3.4379625174098205,-0.29769038228517974,-0.8863636363639001,0.1999999999990898,9.166666666666666
rsi2_m5_usd100000,2017-12-01T10:50:00+00:00,2017-12-01T11:10:00+00:00,67885,signal_exit,0.1618000000001387,2.4149253731363984,False,True,1200,6.235762883805132,1.2777085872171632,0.22998212161539244,-2.786764119406766,-1.8766688533973381,-0.5630252100839788,0.10000000000065512,10.833333333333334
rsi2_m5_usd100000,2017-12-01T13:00:00+00:00,2017-12-01T13:35:00+00:00,67911,stop,-1.6494709361411353,-24.618969196136344,True,False,2100,5.308473642317856,1.0730403100335015,-0.3513930676152732,-2.5494998059433724,-2.436049599717368,-0.5000000000001233,0.0,13.0
rsi2_m5_usd100000,2017-12-01T13:50:00+00:00,2017-12-01T14:50:00+00:00,67921,signal_exit,-0.2604799999999486,-3.876190476189711,False,False,3600,6.382185565161273,1.234636885048013,-0.6626402580854501,-6.151030426719489,-1.9047057540305095,-0.4473684210527161,0.10000000000065512,13.833333333333334
rsi2_m5_usd100000,2017-12-01T15:00:00+00:00,2017-12-01T15:30:00+00:00,67935,signal_exit,0.11584000000012934,1.7238095238114484,False,True,1800,6.078419838844066,1.1602751444828197,-1.2891038382641575,-7.054968969763739,-1.744110902481795,-0.945054945055071,0.5000000000010552,15.0
rsi2_m5_usd100000,2017-12-04T07:15:00+00:00,2017-12-04T07:45:00+00:00,68129,signal_exit,-0.2672999999999926,-3.9717682020801277,False,False,1800,3.125593397598426,0.832473808411242,-0.8876515155030701,-8.009843105670562,-3.2343768877183443,-0.5192307692306789,0.20000000000131024,7.25
rsi2_m5_usd100000,2017-12-04T09:15:00+00:00,2017-12-04T10:35:00+00:00,68153,holding_bars,-0.9190399999999357,-13.67619047618952,False,False,4800,5.776122438938233,1.350377533841678,-0.9880368607757541,-3.611386680304245,-0.2529877214261595,-0.7391304347827766,0.0,9.25
rsi2_m5_usd100000,2017-12-04T12:15:00+00:00,2017-12-04T12:30:00+00:00,68189,signal_exit,0.16341999999998988,2.428231797919612,False,True,900,4.587697923746636,1.0449138092175767,-0.9616284213056558,-4.142297513832856,-0.8362943281857331,-0.8979591836736821,0.10000000000065512,12.25
rsi2_m5_usd100000,2017-12-04T14:00:00+00:00,2017-12-04T15:20:00+00:00,68210,holding_bars,-0.940299999999769,-13.971768202076806,False,False,4800,5.6520532782984,1.2100744620504864,-0.5862675827101569,-4.176639744298247,-1.5764466878892363,-0.5254237288137316,0.0,14.0
rsi2_m5_usd100000,2017-12-04T15:25:00+00:00,2017-12-04T15:45:00+00:00,68227,signal_exit,0.40660000000023255,6.032640949558346,False,True,1200,5.828486064407642,1.1990886650695767,-0.9517870288024212,-5.746461437017079,-1.929327096162546,-0.23611111111109825,0.09999999999843467,15.416666666666666
rsi2_m5_usd100000,2017-12-05T07:30:00+00:00,2017-12-05T08:25:00+00:00,68415,stop,-1.0621657937305187,-15.806038597180338,True,False,3300,3.107462030248068,1.0782522756808768,0.1882822988745367,-0.29099774315719434,-1.0392945690067543,-0.6388888888885119,0.0,7.5
rsi2_m5_usd100000,2017-12-05T08:30:00+00:00,2017-12-05T09:30:00+00:00,68427,signal_exit,-0.5427199999998578,-8.076190476188359,False,False,3600,4.433391748059491,1.4064033463675678,-0.1322866532905538,-3.3178513307570245,-1.6854414090845886,-0.2549019607842369,0.1999999999990898,8.5
rsi2_m5_usd100000,2017-12-05T11:50:00+00:00,2017-12-05T12:45:00+00:00,68467,stop,-1.1874969157042772,-17.67108505512317,True,False,3300,3.54872364473418,1.0577408573184903,0.02106483536142325,1.2014359096162084,0.4401523754496678,-0.8214285714288829,0.09999999999843467,11.833333333333334
rsi2_m5_usd100000,2017-12-05T12:50:00+00:00,2017-12-05T13:25:00+00:00,68479,stop,-1.114891203468902,-16.565991136239255,True,False,2100,3.2985557335403577,0.9975440913755104,0.17274848457917455,-2.906904260615162,-2.4760487576754,-0.5862068965514865,0.0,12.833333333333334
rsi2_m5_usd100000,2017-12-05T14:10:00+00:00,2017-12-05T14:30:00+00:00,68495,target,0.5428796109060277,8.042660902311521,False,True,1200,5.702811932636047,1.5332158518447592,-0.9281832821286731,-11.218058575263953,-2.718614567579677,-0.8706467661691949,0.0,14.166666666666666
rsi2_m5_usd100000,2017-12-06T07:35:00+00:00,2017-12-06T08:00:00+00:00,68702,target,0.2903206225801369,4.307427634720132,False,True,1500,3.9373933425808105,1.2084789296743539,0.2327281321639684,-3.489229363996006,-2.9092188577372196,-0.9349593495934343,0.1999999999990898,7.583333333333333
rsi2_m5_usd100000,2017-12-06T08:30:00+00:00,2017-12-06T08:55:00+00:00,68713,signal_exit,0.380500000000056,5.637037037037866,False,True,1500,5.047120884143404,1.4296104386970734,-0.31576601978589974,-5.437266644163894,-2.2937230077517676,-0.9306930693067087,0.10000000000065512,8.5
rsi2_m5_usd100000,2017-12-06T09:20:00+00:00,2017-12-06T09:35:00+00:00,68723,signal_exit,0.13075000000021836,1.9370370370402719,False,True,900,5.004651372145,1.3659111963943005,-0.6506687131243175,-4.657826053797924,-1.7485897720892094,-0.42105263157931644,0.10000000000065512,9.333333333333334
rsi2_m5_usd100000,2017-12-06T10:55:00+00:00,2017-12-06T11:00:00+00:00,68742,signal_exit,0.10330000000019107,1.532640949557731,False,True,300,4.550336111481185,1.1964488218424079,-0.49051801192692984,-1.735102968732625,0.0223155870659434,-0.2413793103449596,0.0,10.916666666666666
rsi2_m5_usd100000,2017-12-06T11:15:00+00:00,2017-12-06T12:35:00+00:00,68746,holding_bars,-0.8277499999999158,-12.262962962961716,False,False,4800,5.124910185339901,1.3059404420421954,-0.4477704424780229,-3.486079628832148,-2.0408657029429587,-0.575000000000222,0.10000000000065512,11.25
rsi2_m5_usd100000,2017-12-06T13:55:00+00:00,2017-12-06T15:15:00+00:00,68778,holding_bars,-1.2597499999998985,-18.662962962961455,False,False,4800,5.458327669750479,1.3003377381682089,-0.8453134614273456,-4.726924919806992,-1.7989544495002912,-0.49193548387100383,0.0,13.916666666666666
rsi2_m5_usd100000,2017-12-07T08:40:00+00:00,2017-12-07T09:15:00+00:00,69001,signal_exit,0.016320000000066226,0.24142011834417493,False,True,2100,3.862826603269086,1.2703993819554253,-0.5477929077375217,-2.7100757158370197,-0.7781701674723426,-0.8684210526313175,0.0,8.666666666666666
rsi2_m5_usd100000,2017-12-07T09:50:00+00:00,2017-12-07T11:10:00+00:00,69015,holding_bars,-0.9773999999998393,-14.458579881654426,False,False,4800,3.7195979396865866,1.1972314103877943,-0.42608934029672374,-2.995895547438742,-1.3283442670307013,-0.3939393939393532,0.09999999999843467,9.833333333333334
rsi2_m5_usd100000,2017-12-07T11:15:00+00:00,2017-12-07T11:30:00+00:00,69032,signal_exit,0.030180000000004703,0.4457902511078981,False,True,900,3.415441212262945,1.0833548823946522,-0.8954182024347395,-6.094748578917281,-1.45137648818317,-0.48148148148135966,0.10000000000065512,11.25
rsi2_m5_usd100000,2017-12-07T12:15:00+00:00,2017-12-07T12:50:00+00:00,69044,signal_exit,-0.20676999999989404,-3.054209748890606,False,False,2100,3.49913988056903,1.0991196741574583,-1.0647163755092848,-3.9345612485049877,0.05008824361356709,-0.8979591836736821,0.20000000000131024,12.25
rsi2_m5_usd100000,2017-12-08T07:05:00+00:00,2017-12-08T08:05:00+00:00,69268,signal_exit,-0.18643999999991118,-2.749852507373321,False,False,3600,3.1266162046410706,1.1596122494141063,-1.3495820197881656,-8.280120649825935,-1.838262974389046,-0.25641025641015425,0.09999999999843467,7.083333333333333
rsi2_m5_usd100000,2017-12-08T09:00:00+00:00,2017-12-08T09:00:00+00:00,69291,target,0.39585801333853143,5.830014923984263,False,True,0,4.6377615120656115,1.458542779141935,-1.9099736268851617,-10.150743095016962,-2.1301128231643722,-0.8333333333333334,0.10000000000065512,9.0
rsi2_m5_usd100000,2017-12-08T09:30:00+00:00,2017-12-08T10:05:00+00:00,69297,signal_exit,-0.2271599999998764,-3.345508100145455,False,False,2100,4.785848438242434,1.449277020992533,-1.8177747220510336,-8.340124723525342,-1.1641681884829647,-0.5000000000002313,0.10000000000065512,9.5
rsi2_m5_usd100000,2017-12-08T11:15:00+00:00,2017-12-08T12:00:00+00:00,69318,signal_exit,0.0376500000000492,0.5544918998534492,False,True,2700,3.410880272856797,1.0506628008191659,-1.84948037928697,-8.257132622941848,-1.632804367296359,-0.9534883720932275,0.0,11.25
rsi2_m5_usd100000,2017-12-08T12:20:00+00:00,2017-12-08T12:25:00+00:00,69331,target,0.20616093035079583,3.0362434514108365,False,True,300,3.2408757757771918,1.0099447030741096,-1.727226538893254,-7.789771212924194,-1.4079457947557208,-0.18518518518516996,0.09999999999843467,12.333333333333334
rsi2_m5_usd100000,2017-12-08T13:00:00+00:00,2017-12-08T13:10:00+00:00,69339,signal_exit,0.12592000000017517,1.8544918998553044,False,True,600,3.654224375035472,1.1087369546126966,-1.578770223653805,-6.410236715389154,-0.5475625158724521,-0.6481481481483005,0.0,13.0
rsi2_m5_usd100000,2017-12-08T15:00:00+00:00,2017-12-08T15:35:00+00:00,69363,signal_exit,0.1390000000001132,2.050147492627038,False,True,2100,7.080550241877086,1.6197246575029132,-0.10894892851082703,0.05698859487570816,-0.029176047227366317,-0.17391304347814893,1.0999999999983245,15.0
rsi2_m5_usd100000,2017-12-11T08:05:00+00:00,2017-12-11T08:15:00+00:00,69562,target,0.2341140393323948,3.4581098867414295,False,True,600,3.4561598178156094,1.2593312710305147,1.0692964149242352,1.7441125918852378,-1.7818092220310926,-0.7285714285715237,0.09999999999843467,8.083333333333334
rsi2_m5_usd100000,2017-12-11T09:20:00+00:00,2017-12-11T09:25:00+00:00,69577,signal_exit,0.2258800000000882,3.3414201183445003,False,True,300,3.994669056498031,1.3313831074325824,1.137807540182678,4.473019872790025,0.19220372173687097,-0.4399999999995737,0.1999999999990898,9.333333333333334
rsi2_m5_usd100000,2017-12-11T10:20:00+00:00,2017-12-11T10:45:00+00:00,69589,signal_exit,-0.05127999999992633,-0.7585798816557149,False,False,1500,3.8726301397293237,1.2453732338995205,1.4258266497357797,5.335755966321722,-0.08783701655800444,-0.8205128205128351,0.10000000000065512,10.333333333333334
rsi2_m5_usd100000,2017-12-11T13:20:00+00:00,2017-12-11T14:10:00+00:00,69625,signal_exit,-0.5785599999999282,-8.558579881655742,False,False,3000,3.4605465851680752,1.0882145548229973,0.8980475541294755,2.4317145303171035,-1.53395808367019,-0.9107142857144769,0.0,13.333333333333334
rsi2_m5_usd100000,2017-12-11T15:30:00+00:00,2017-12-11T15:50:00+00:00,69651,signal_exit,-0.05803999999982051,-0.8585798816541496,False,False,1200,4.912877522613491,1.3867639496499076,0.49752284912517053,4.094778161190828,0.809146816518936,-0.9333333333334912,0.10000000000065512,15.5
rsi2_m5_usd100000,2017-12-12T07:55:00+00:00,2017-12-12T08:15:00+00:00,69841,signal_exit,-0.09844999999978571,-1.4542097488890058,False,False,1200,3.0992507882860907,1.224191713650651,-0.05745283412201537,-1.0785688656733516,-1.0489576918253436,-0.9833333333332223,0.09999999999843467,7.916666666666667
rsi2_m5_usd100000,2017-12-12T09:15:00+00:00,2017-12-12T10:35:00+00:00,69857,holding_bars,-0.870229999999881,-12.854209748890414,False,False,4800,3.9494566024960127,1.397091089285847,0.35948036168113573,1.8753141157548345,0.21681468491682895,-0.9166666666667694,0.0,9.25
rsi2_m5_usd100000,2017-12-12T12:35:00+00:00,2017-12-12T13:00:00+00:00,69897,signal_exit,0.023410000000110676,0.34579025110946343,False,True,1500,3.4545976501635915,1.1453243014915178,-0.24197827479717998,-2.3873594724960046,-2.0842706233042168,-0.6382978723403954,0.0,12.583333333333334
rsi2_m5_usd100000,2017-12-12T13:35:00+00:00,2017-12-12T14:10:00+00:00,69909,stop,-1.3292000196805156,-19.60472005428489,True,False,2100,4.013716886727619,1.2724866746442265,-0.4522975646666098,-6.070066851981086,-2.8084927341471584,-0.8761904761905104,0.20000000000131024,13.583333333333334
rsi2_m5_usd100000,2017-12-12T14:15:00+00:00,2017-12-12T14:55:00+00:00,69917,signal_exit,0.12592000000017517,1.8544918998553044,False,True,2400,4.491306894404859,1.35956471706843,-0.9692040176338225,-10.455940859220487,-2.1046736336303593,-1.0,0.09999999999843467,14.25
rsi2_m5_usd100000,2017-12-12T15:40:00+00:00,2017-12-12T17:00:00+00:00,69934,holding_bars,-0.6011999999999105,-8.841176470586918,False,False,4800,4.629822380924441,1.3250614681084345,-2.100196677040746,-11.468071899108692,-2.7262996228245546,-0.569892473118372,0.20000000000131024,15.666666666666666
rsi2_m5_usd100000,2017-12-13T11:35:00+00:00,2017-12-13T12:05:00+00:00,70170,signal_exit,-0.3222199999998961,-4.745508100145745,False,False,1800,3.1736772083417986,1.1753135928089413,-0.14429019065374546,-2.3909323942385545,-2.48095585401393,-0.8333333333331792,0.1999999999990898,11.583333333333334
rsi2_m5_usd100000,2017-12-13T12:30:00+00:00,2017-12-13T13:30:00+00:00,70181,target,0.19815247887013895,2.91829865788128,False,True,3600,3.1819033790135625,1.159821993177399,-0.4623515277465085,-4.632553925745899,-1.6217249385867039,-0.3333333333338816,0.10000000000065512,12.5
rsi2_m5_usd100000,2017-12-13T14:50:00+00:00,2017-12-13T15:10:00+00:00,70209,signal_exit,0.22714000000008847,3.350147492626673,False,True,1200,5.668079523005262,1.5929219049452554,0.21117601830723223,1.0233540601649975,-0.1268395761296906,-0.2537313432836068,0.20000000000131024,14.833333333333334
rsi2_m5_usd100000,2017-12-13T15:40:00+00:00,2017-12-13T15:45:00+00:00,70219,target,0.4495182301377858,6.63006239141277,False,True,300,5.039957449392255,1.3805827442072034,0.5651121869491975,0.5024940502853398,-1.4548138096786574,-0.9433962264151339,0.09999999999843467,15.666666666666666
rsi2_m5_usd100000,2017-12-14T07:45:00+00:00,2017-12-14T08:00:00+00:00,70411,target,0.18004308917961584,2.667305024883197,False,True,900,3.0651339939224744,0.9455389929124783,0.8860704525934966,1.1144324848187117,-3.1210380923412204,-0.6825396825396713,0.10000000000065512,7.75
rsi2_m5_usd100000,2017-12-14T09:05:00+00:00,2017-12-14T09:35:00+00:00,70427,signal_exit,-0.15281999999984058,-2.2673590504427383,False,False,1800,4.416194987180416,1.2539253413470848,0.7841337213042473,3.114205511896432,0.13525885229943485,-0.21999999999968914,0.09999999999843467,9.083333333333334
rsi2_m5_usd100000,2017-12-14T09:50:00+00:00,2017-12-14T10:15:00+00:00,70436,signal_exit,0.23875000000017652,3.5370370370396516,False,True,1500,5.246689283199756,1.401580517244496,0.7061353850399837,-0.17144589058537038,-2.26810543779776,-0.8169014084507527,0.09999999999843467,9.833333333333334
rsi2_m5_usd100000,2017-12-14T11:35:00+00:00,2017-12-14T11:50:00+00:00,70457,signal_exit,0.14374000000000703,2.1326409495550003,False,True,900,4.60822123231389,1.1790434813063873,0.4465185242095079,1.9570246319120088,0.18186339296623275,-0.30434782608708244,0.10000000000065512,11.583333333333334
rsi2_m5_usd100000,2017-12-14T12:55:00+00:00,2017-12-14T13:10:00+00:00,70473,target,0.5688613565851222,8.44007947455671,False,True,900,5.9537192625002,1.3984352567573615,0.7232761239325198,1.9925706591896393,-0.4562063454570968,-0.44615384615400905,0.10000000000065512,12.916666666666666
rsi2_m5_usd100000,2017-12-14T14:05:00+00:00,2017-12-14T14:20:00+00:00,70487,signal_exit,0.7787500000001171,11.53703703703877,False,True,900,11.119106790130235,2.053649616519672,0.644432431536886,-2.1883567842052325,-2.553135531843553,-0.4938775510205036,0.10000000000065512,14.083333333333334
rsi2_m5_usd100000,2017-12-14T15:25:00+00:00,2017-12-14T16:05:00+00:00,70503,signal_exit,-0.7002399999998248,-10.358579881654212,False,False,2400,9.580444500070458,1.5938461663109544,-0.22618165336938634,-4.916001100170591,-1.76203059435928,-0.8829787234044262,0.10000000000065512,15.416666666666666
rsi2_m5_usd100000,2017-12-15T08:10:00+00:00,2017-12-15T08:50:00+00:00,70703,signal_exit,-0.03775999999983776,-0.5585798816544046,False,False,2400,3.039936614529139,0.9607896694494295,-0.12555644162311372,-0.09531700871581587,0.16367364240601212,-0.7073170731708374,0.1999999999990898,8.166666666666666
rsi2_m5_usd100000,2017-12-15T09:05:00+00:00,2017-12-15T09:30:00+00:00,70714,signal_exit,0.1926600000000169,2.8457902511080784,False,True,1500,4.062785239924361,1.2176651853377458,-0.009300733073892488,-1.7709677997366853,-1.725550028545002,-0.15217391304346778,0.10000000000065512,9.083333333333334
rsi2_m5_usd100000,2017-12-15T11:30:00+00:00,2017-12-15T12:50:00+00:00,70743,holding_bars,-0.6393999999998765,-9.458579881654977,False,False,4800,4.057292770560823,1.155464547433219,0.7276304280214507,2.9531078869771945,-0.024025298756843366,-0.0344827586201352,0.09999999999843467,11.5
rsi2_m5_usd100000,2017-12-15T13:50:00+00:00,2017-12-15T14:45:00+00:00,70771,stop,-1.61451041153894,-23.88329011152278,True,False,3300,5.106177557467045,1.3462811951683247,0.4946504896409308,0.5847095823620039,-1.0846706581790762,-0.6701030927836042,0.10000000000065512,13.833333333333334
rsi2_m5_usd100000,2017-12-15T14:55:00+00:00,2017-12-15T15:10:00+00:00,70784,signal_exit,0.2332800000001327,3.445790251109788,False,True,900,5.4515879809682835,1.3556422612241408,0.09513609853288875,-4.672609915952778,-1.9106594081536183,-0.46969696969710223,0.10000000000065512,14.916666666666666
rsi2_m5_usd100000,2017-12-15T15:20:00+00:00,2017-12-15T15:35:00+00:00,70789,signal_exit,0.4431500000000044,6.545790251107893,False,True,900,5.6198761234487975,1.3647591302972848,-0.23087250209153462,-5.183874231873087,-1.7695120052470101,-0.8785046728972196,0.10000000000065512,15.333333333333334
rsi2_m5_usd100000,2017-12-15T15:55:00+00:00,2017-12-15T16:15:00+00:00,70796,signal_exit,0.16612000000014035,2.4501474926274383,False,True,1200,6.360981936148461,1.4666200556474347,-0.6214106422672375,-6.2976973119763064,-2.6777609820111477,-0.854838709677532,0.0,15.916666666666666
rsi2_m5_usd100000,2017-12-18T10:00:00+00:00,2017-12-18T10:35:00+00:00,71012,signal_exit,-0.09859999999993613,-1.4585798816558597,False,False,2100,4.232346046775425,1.242138145199735,1.3989086092566279,5.915639155333363,0.25872755068426095,-0.6923076923074734,0.10000000000065512,10.0
rsi2_m5_usd100000,2017-12-18T11:30:00+00:00,2017-12-18T11:45:00+00:00,71030,signal_exit,-0.058039999999970615,-0.85857988165637,False,False,900,3.6458643554527455,1.0666605476835518,1.420847209544039,4.9211478304231875,-0.19413038624611503,-0.549999999999778,0.0,11.5
rsi2_m5_usd100000,2017-12-18T12:55:00+00:00,2017-12-18T13:15:00+00:00,71047,target,0.23608226900440263,3.4923412574615775,False,True,1200,3.425460569558028,1.0039810789708175,1.2993852400013493,4.078578736090594,-1.2096220538812201,-1.0,0.0,12.916666666666666
rsi2_m5_usd100000,2017-12-19T09:20:00+00:00,2017-12-19T09:50:00+00:00,71292,signal_exit,0.016320000000066226,0.24142011834417493,False,True,1800,4.751623379366984,1.5958805006756878,1.2919405776549804,2.0234632791732747,-1.9294135039637006,-0.7236842105262927,0.10000000000065512,9.333333333333334
rsi2_m5_usd100000,2017-12-19T11:30:00+00:00,2017-12-19T12:05:00+00:00,71318,signal_exit,0.09025000000010291,1.3370370370385616,False,True,2100,3.7577223259447803,1.175093328228854,0.9026772403660915,4.153779265390832,0.5170108103027011,-0.5121951219515761,0.10000000000065512,11.5
rsi2_m5_usd100000,2017-12-19T14:20:00+00:00,2017-12-19T15:10:00+00:00,71352,signal_exit,-0.6987599999998253,-10.367359050442511,False,False,3000,4.961817466713868,1.3436060800522596,1.5249989501535754,6.021919789560939,0.055845071352439886,-0.5967741935482946,0.0,14.333333333333334
rsi2_m5_usd100000,2017-12-20T09:30:00+00:00,2017-12-20T10:20:00+00:00,71580,signal_exit,-0.19326999999980649,-2.8717682020773623,False,False,3000,4.646270432775983,1.5145419526356274,0.6476574706265974,1.784752242411704,-0.7030614048027113,-0.8181818181816347,0.1999999999990898,9.5
rsi2_m5_usd100000,2017-12-20T11:55:00+00:00,2017-12-20T12:30:00+00:00,71609,signal_exit,-0.13270000000000742,-1.971768202080348,False,False,2100,3.93417626001491,1.191873334371083,0.5594624023279818,0.8633858676202351,-1.6291670976290424,-0.8095238095236584,0.10000000000065512,11.916666666666666
rsi2_m5_usd100000,2017-12-21T07:30:00+00:00,2017-12-21T07:35:00+00:00,71841,target,0.17473978250167763,2.600294382465441,False,True,300,3.03824242932665,1.1296428111760701,0.06518943143087513,-0.4207431434987091,-0.7367847946793188,-0.7051282051282671,0.09999999999843467,7.5
rsi2_m5_usd100000,2017-12-21T08:10:00+00:00,2017-12-21T08:15:00+00:00,71849,target,0.26372046713538144,3.9244117133241287,False,True,300,3.700301094757109,1.304302548016659,0.16638837772617604,-0.522455349435239,-1.0144439333272266,-0.27500000000016656,0.10000000000065512,8.166666666666666
rsi2_m5_usd100000,2017-12-21T08:50:00+00:00,2017-12-21T09:00:00+00:00,71857,signal_exit,0.2160200000000436,3.219374068555046,False,True,600,4.184236351216866,1.3932684320097601,0.34981555235996636,1.1933844424356819,-0.1595394385863379,-0.5333333333327905,0.1999999999990898,8.833333333333334
rsi2_m5_usd100000,2017-12-21T10:45:00+00:00,2017-12-21T12:05:00+00:00,71880,holding_bars,-0.9313899999998747,-13.880625931443737,False,False,4800,4.272502641110776,1.2972083337970222,0.7446236205794369,2.358341813162756,-0.5460455709047678,-0.11111111111101973,0.10000000000065512,10.75
rsi2_m5_usd100000,2017-12-21T14:00:00+00:00,2017-12-21T14:25:00+00:00,71919,signal_exit,-0.12607999999981417,-1.8761904761877108,False,False,1500,5.037638037610573,1.3372224353065525,-0.545420613395809,-2.764669254709184,-0.3656403096963464,-0.7169811320756693,0.10000000000065512,14.0
rsi2_m5_usd100000,2017-12-21T15:50:00+00:00,2017-12-21T16:05:00+00:00,71941,target,0.3911282589420566,5.820360996161557,False,True,900,4.648275736174884,1.1788647930227831,-0.34513714452319644,-2.339964873427766,-1.1038273550169597,-0.9268292682927489,0.10000000000065512,15.833333333333334
rsi2_m5_usd100000,2017-12-22T08:05:00+00:00,2017-12-22T08:15:00+00:00,72133,target,0.21260479857327638,3.159060900048683,False,True,600,3.3154145510644213,1.0601722522490906,-0.21956170184628387,-3.331957732093616,-2.9337819462722865,-0.8472222222224193,0.10000000000065512,8.083333333333334
rsi2_m5_usd100000,2017-12-22T09:50:00+00:00,2017-12-22T10:15:00+00:00,72154,signal_exit,-0.11250999999987515,-1.6717682020783826,False,False,1500,4.246104439813563,1.2409216182298268,-0.2052533512208134,-1.9529488462279616,-1.5387735148128274,-0.9736842105261466,0.0,9.833333333333334
rsi2_m5_usd100000,2017-12-22T13:00:00+00:00,2017-12-22T13:35:00+00:00,72192,signal_exit,0.12304000000017362,1.828231797922342,False,True,2100,3.7281175695403883,1.05426987670396,-0.19197360852100295,-1.4899949608481118,-2.01396314991184,-0.6666666666667788,0.0,13.0
rsi2_m5_usd100000,2017-12-22T14:35:00+00:00,2017-12-22T15:00:00+00:00,72211,signal_exit,-0.09231999999989232,-1.371768202078638,False,False,1500,3.9159292069387104,1.0953195728303022,-0.14862940359178187,-1.5508171374788853,-2.0330433469963327,-0.42028985507259436,0.20000000000131024,14.583333333333334
rsi2_m5_usd100000,2017-12-22T15:30:00+00:00,2017-12-22T15:55:00+00:00,72222,signal_exit,0.20440000000010514,3.032640949556456,False,True,1500,5.250062451993018,1.3680041601453827,-0.33346933045124333,-5.986947985549744,-2.938150155176464,-0.8613861386138265,0.0,15.5
rsi2_m5_usd100000,2017-12-27T08:45:00+00:00,2017-12-27T09:05:00+00:00,72640,signal_exit,0.08896000000010246,1.3238095238110483,False,True,1200,3.9760719236731754,1.6191374745293794,0.7381052517180642,0.47313514275275254,-1.042764927538432,-0.5652173913043058,0.1999999999990898,8.75
rsi2_m5_usd100000,2017-12-27T11:15:00+00:00,2017-12-27T11:25:00+00:00,72670,target,0.2820678439066717,4.203693649875882,False,True,600,3.8921597906609926,1.3729451440411224,1.3548228009920842,3.6973621101271235,-1.8705019644639393,-0.9382716049384138,0.20000000000131024,11.25
rsi2_m5_usd100000,2017-12-27T12:55:00+00:00,2017-12-27T13:30:00+00:00,72690,signal_exit,-0.08609999999984891,-1.2850746268634166,False,False,2100,3.6280325513796345,1.2176419872568331,1.5558744943742142,5.755007124029482,-0.14931012911560324,-0.6285714285716099,0.10000000000065512,12.916666666666666
rsi2_m5_usd100000,2017-12-28T09:10:00+00:00,2017-12-28T10:30:00+00:00,72931,holding_bars,-0.634199999999878,-9.494011976046076,False,False,4800,3.5698690173820866,1.350600295152995,2.625593912888754,8.192610810385146,-1.131046426766486,-0.6153846153840241,0.1999999999990898,9.166666666666666
rsi2_m5_usd100000,2017-12-28T13:15:00+00:00,2017-12-28T13:25:00+00:00,72980,signal_exit,0.05384000000017969,0.8059880239547857,False,True,600,3.590030079879841,1.2577871103675686,1.4158931782070807,4.665499319439068,-1.032913848184252,-0.7142857142854877,0.1999999999990898,13.25
rsi2_m5_usd100000,2017-12-28T15:40:00+00:00,2017-12-28T16:15:00+00:00,73009,target,0.2013413544330602,3.01409213223144,False,True,2100,3.2540520541388003,1.0888499404063212,1.7636248288793737,5.07117667951687,-2.2724639822780874,-0.6923076923074734,0.10000000000065512,15.666666666666666
rsi2_m5_usd100000,2017-12-29T10:40:00+00:00,2017-12-29T11:00:00+00:00,73231,signal_exit,0.10636000000008455,1.5969969969982665,False,True,1200,3.7815054199023987,1.3567973653507885,2.5269856384990876,8.459769765553489,-0.9340659380748229,-0.6153846153854037,0.10000000000065512,10.666666666666666
rsi2_m5_usd100000,2017-12-29T13:45:00+00:00,2017-12-29T14:25:00+00:00,73268,signal_exit,-0.3063999999998111,-4.60751879698964,False,False,2400,3.0949212321895234,1.0710383793186264,2.6845466710953576,9.059255947717912,-1.2228164795221275,-0.8095238095236584,0.0,13.75
