variant,entry_time,exit_time,entry_index,reason,net_pnl,net_pips,stopped,won,holding_seconds,atr_pips,atr_fast_slow_ratio,ema_slope_atr,distance_from_ema_atr,zscore20,completed_bar_body_fraction,current_quote_spread_pips,current_quote_hour_utc
rsi2_m15_usd100000_smaller_stop_and_time,2017-01-11T09:45:00+00:00,2017-01-11T10:30:00+00:00,605,stop,-1.5035403718151341,-19.809491064758024,True,False,2700,8.28722247572636,0.9541746059943217,-0.32298087137351983,-3.355995939559059,-2.9306961286744757,-0.8313253012047839,0.1999999999990898,9.75
rsi2_m15_usd100000_smaller_stop_and_time,2017-01-11T10:45:00+00:00,2017-01-11T13:00:00+00:00,609,stop,-1.5851928282911887,-20.85780037225248,True,False,8100,8.713110712443608,0.9979577097975766,-0.3984267617773833,-4.997494455091006,-2.3452186422295593,-0.286956521739028,0.3999999999981796,10.75
rsi2_m15_usd100000_smaller_stop_and_time,2017-01-11T14:30:00+00:00,2017-01-11T15:00:00+00:00,624,stop,-1.8527539943115552,-24.314356880729072,True,False,1800,10.544842482360732,1.1637118385129706,-0.9984814346951202,-6.802429946413263,-2.1460262543672424,-0.9205607476636465,0.1999999999990898,14.5
rsi2_m15_usd100000_smaller_stop_and_time,2017-01-11T15:15:00+00:00,2017-01-11T16:15:00+00:00,627,target,1.4799023794788397,19.39583721466369,False,True,3600,11.208534596846524,1.2169916308909243,-1.1819253123968703,-8.720070038419065,-2.631883140713719,-0.7734374999999336,0.0,15.25
rsi2_m15_usd100000_smaller_stop_and_time,2017-01-12T13:45:00+00:00,2017-01-12T15:00:00+00:00,716,signal_exit,0.6936900000001851,9.236884154463183,False,True,4500,12.921487541819952,1.1020060561597074,1.469464710236845,5.260734045872608,-0.11656574360430673,-0.8944723618091316,0.20000000000131024,13.75
rsi2_m15_usd100000_smaller_stop_and_time,2017-01-13T14:15:00+00:00,2017-01-13T14:45:00+00:00,813,stop,-2.2412213740990676,-29.84316077362274,True,False,1800,13.290022464043311,1.2653810942468757,0.8129761054473532,2.4533388426934684,-1.51240841358579,-0.19696969696964345,0.1999999999990898,14.25
rsi2_m15_usd100000_smaller_stop_and_time,2017-01-13T15:00:00+00:00,2017-01-13T17:15:00+00:00,816,target,1.9600055271531462,25.994768264630586,False,True,8100,14.773644079264884,1.365617614549176,0.735464416298791,-0.8824352966644072,-3.25894335336891,-0.7536945812808125,0.5000000000010552,15.0
rsi2_m15_usd100000_smaller_stop_and_time,2017-01-17T13:00:00+00:00,2017-01-17T14:00:00+00:00,997,signal_exit,0.3759600000002854,5.0262032085599655,False,True,3600,13.946047407390708,1.4341043572807752,1.3487778430451602,5.755381228499842,0.1876569154488288,-0.5524193548386493,0.09999999999843467,13.0
rsi2_m15_usd100000_smaller_stop_and_time,2017-01-18T13:00:00+00:00,2017-01-18T14:30:00+00:00,1093,signal_exit,0.6025000000000948,8.033333333334598,False,True,5400,7.650981344580641,0.9016356057286139,0.5412209625987036,-0.3261596031838199,-3.1928091386498356,-0.9249999999999271,0.0,13.0
rsi2_m15_usd100000_smaller_stop_and_time,2017-01-19T10:45:00+00:00,2017-01-19T11:30:00+00:00,1180,signal_exit,0.010000000000043474,0.13333333333391298,False,True,2700,7.018677195630032,0.8740059672492172,-0.3232753859172972,-0.29847804582282284,0.6466283163393425,-0.36170212765960463,0.20000000000131024,10.75
rsi2_m15_usd100000_smaller_stop_and_time,2017-01-19T13:45:00+00:00,2017-01-19T13:45:00+00:00,1192,target,1.4746913044507246,19.58421387052755,False,True,0,11.470128183603135,1.3410935265590687,-0.013880721423265177,-4.958303990781857,-3.9740966336365053,-0.8116385911179117,0.2999999999997449,13.75
rsi2_m15_usd100000_smaller_stop_and_time,2017-01-19T14:15:00+00:00,2017-01-19T16:00:00+00:00,1194,signal_exit,0.7966000000001585,10.550993377485542,False,True,6300,14.130365627698566,1.5671672219887216,-0.0979609792407075,-6.7886782938430565,-3.0193989089791926,-0.9015151515150942,0.0,14.25
rsi2_m15_usd100000_smaller_stop_and_time,2017-01-20T08:00:00+00:00,2017-01-20T09:15:00+00:00,1263,stop,-1.3542500799275663,-18.080775432944808,True,False,4500,7.405274231827556,0.8364202830707715,0.6752512092935768,1.5320977967233058,-1.8251357960977599,-0.8039215686274765,0.1999999999990898,8.0
rsi2_m15_usd100000_smaller_stop_and_time,2017-01-20T09:45:00+00:00,2017-01-20T10:30:00+00:00,1270,stop,-1.5062345420429712,-20.056385380066192,True,False,2700,8.396634767263723,0.941338748210072,0.47612750429203343,-1.0238782280140637,-2.533572844158435,-0.611510791366918,0.20000000000131024,9.75
rsi2_m15_usd100000_smaller_stop_and_time,2017-01-20T10:45:00+00:00,2017-01-20T12:00:00+00:00,1274,signal_exit,0.22112000000008722,2.940425531916053,False,True,4500,8.748055122548385,0.9773844060403662,0.27128771348002845,-2.8828695885496987,-2.124866159439259,-0.5899280575539867,0.30000000000196536,10.75
rsi2_m15_usd100000_smaller_stop_and_time,2017-01-23T08:30:00+00:00,2017-01-23T10:15:00+00:00,1361,signal_exit,0.008600000000208607,0.11543624161353834,False,True,6300,8.102090718642218,0.9093469595761564,1.7048106483460497,5.2506413312407405,-1.9697011342552913,-0.6396396396396613,0.1999999999990898,8.5
rsi2_m15_usd100000_smaller_stop_and_time,2017-01-23T11:30:00+00:00,2017-01-23T12:45:00+00:00,1373,signal_exit,0.738700000000029,9.915436241611125,False,True,4500,8.085264162094852,0.9157339980859777,1.4051501763632301,4.14285202093327,-1.021605756327534,-0.6162790697672887,0.0,11.5
rsi2_m15_usd100000_smaller_stop_and_time,2017-01-24T07:00:00+00:00,2017-01-24T10:00:00+00:00,1451,holding_bars,-0.28183999999987536,-3.788172043009077,False,False,10800,7.02526033971932,0.8204833659226217,1.013499325338275,2.0998946027377943,-2.2721033667582438,-0.4374999999998612,0.1999999999990898,7.0
rsi2_m15_usd100000_smaller_stop_and_time,2017-01-24T11:00:00+00:00,2017-01-24T12:00:00+00:00,1467,signal_exit,0.7685000000000588,10.315436241611526,False,True,3600,7.717888125311286,0.9060654089379592,0.5820636833339613,0.46894694734587034,-2.3009590459615925,-0.7191011235954299,0.20000000000131024,11.0
rsi2_m15_usd100000_smaller_stop_and_time,2017-01-25T07:00:00+00:00,2017-01-25T07:00:00+00:00,1546,stop,-0.9395926586104284,-12.595075852686707,True,False,0,4.657055352618431,0.6531703237682658,-0.07505740512355391,-1.344899282303322,-2.0400324352987336,-0.36363636363611895,0.1999999999990898,7.0
rsi2_m15_usd100000_smaller_stop_and_time,2017-01-25T07:15:00+00:00,2017-01-25T07:30:00+00:00,1547,target,0.5048817544244193,6.767851935984173,False,True,900,5.074408541717111,0.7082187585602477,-0.0878337216376868,-2.3613287220740493,-2.9042609785986016,-0.7142857142857445,0.2999999999997449,7.25
rsi2_m15_usd100000_smaller_stop_and_time,2017-01-25T13:30:00+00:00,2017-01-25T14:15:00+00:00,1572,stop,-1.5146894723384081,-20.358729466914085,True,False,2700,8.48527871195242,1.1176730063549547,0.358209568806109,0.7359242677212959,-0.8853831913826814,-0.37254901960788156,0.2999999999997449,13.5
rsi2_m15_usd100000_smaller_stop_and_time,2017-01-26T07:00:00+00:00,2017-01-26T07:45:00+00:00,1640,stop,-1.0310056779895163,-13.857603198783819,True,False,2700,5.284715577887431,0.7410142442646094,0.5648996532095502,0.21338785963354262,-2.2857229435040787,0.0,0.1999999999990898,7.0
rsi2_m15_usd100000_smaller_stop_and_time,2017-01-26T08:00:00+00:00,2017-01-26T08:30:00+00:00,1644,signal_exit,0.44070000000022724,5.915436241613788,False,True,1800,6.068696939297264,0.8448207540682808,0.4000899077509377,-1.3500405936765454,-2.1571278943383057,-0.3802816901408407,0.40000000000040004,8.0
rsi2_m15_usd100000_smaller_stop_and_time,2017-01-26T09:45:00+00:00,2017-01-26T10:30:00+00:00,1651,stop,-1.2533010212355744,-16.822832499806367,True,False,2700,6.8691343707096735,0.9490355303178774,0.17629128158866322,-1.5974621805429627,-1.5703153754381107,-0.6605504587154206,0.0,9.75
rsi2_m15_usd100000_smaller_stop_and_time,2017-01-26T13:00:00+00:00,2017-01-26T13:00:00+00:00,1664,stop,-1.5152343136573316,-20.311451925701498,True,False,0,8.615243389125277,1.1499673944373183,-0.3246226842975774,-3.6768804671175506,-2.0809995203718397,-0.8558139534882602,0.0,13.0
rsi2_m15_usd100000_smaller_stop_and_time,2017-01-26T13:15:00+00:00,2017-01-26T14:15:00+00:00,1665,stop,-1.6523618364541552,-22.119971036869547,True,False,3600,9.421297432759141,1.2362315492241465,-0.3684284271544415,-4.916638643737608,-2.5383835170027127,-0.5175879396985524,0.20000000000131024,13.25
rsi2_m15_usd100000_smaller_stop_and_time,2017-01-26T14:30:00+00:00,2017-01-26T16:15:00+00:00,1670,stop,-1.9022031007913922,-25.430522737852833,True,False,6300,11.078362973205879,1.3879761264628718,-0.5827069293948671,-6.546548324514746,-2.2339236306770305,-0.8494623655913645,0.1999999999990898,14.5
rsi2_m15_usd100000_smaller_stop_and_time,2017-01-27T07:00:00+00:00,2017-01-27T07:30:00+00:00,1736,signal_exit,0.055000000000171745,0.7333333333356232,False,True,1800,5.81706035127665,0.7742155826986429,-1.1956326816831084,-5.768380721847639,-1.7796071054368656,-0.17105263157887818,0.1999999999990898,7.0
rsi2_m15_usd100000_smaller_stop_and_time,2017-01-27T10:45:00+00:00,2017-01-27T11:15:00+00:00,1751,target,0.8679621161598663,11.588279254470844,False,True,1800,7.379253111880136,0.9677346601429152,-0.9922853135440433,-3.5134114417393913,0.08853569804468243,-0.6,0.09999999999843467,10.75
rsi2_m15_usd100000_smaller_stop_and_time,2017-01-27T13:00:00+00:00,2017-01-27T13:30:00+00:00,1760,target,0.9296143714726767,12.411406828740676,False,True,1800,7.740816899015655,1.0119904210381927,-0.7162937422391216,-3.642475469089991,-1.5106526338795163,-0.40476190476190055,0.0,13.0
rsi2_m15_usd100000_smaller_stop_and_time,2017-01-30T07:00:00+00:00,2017-01-30T07:30:00+00:00,1832,stop,-0.9352541667446943,-12.536919125263998,True,False,1800,4.627976988907273,0.6481003162992397,0.8261812892979176,1.7596158746717674,-2.0024776258991905,-0.29545454545446515,0.1999999999990898,7.0
rsi2_m15_usd100000_smaller_stop_and_time,2017-01-30T07:45:00+00:00,2017-01-30T08:00:00+00:00,1835,stop,-1.0669482425026844,-14.28310900271331,True,False,900,5.452866415681334,0.75855999362563,0.7085663141757303,-0.36606422771852315,-2.7036990525882416,-0.6585365853658008,0.2999999999997449,7.75
rsi2_m15_usd100000_smaller_stop_and_time,2017-01-30T08:15:00+00:00,2017-01-30T10:00:00+00:00,1837,signal_exit,-0.3942199999997795,-5.277376171349123,False,False,6300,5.986910327806934,0.8275988905669828,0.5902424652783008,-1.4436642873362704,-2.3278715819388194,-0.30666666666659165,0.1999999999990898,8.25
rsi2_m15_usd100000_smaller_stop_and_time,2017-01-30T11:30:00+00:00,2017-01-30T11:45:00+00:00,1850,stop,-1.2013300830467042,-16.06056260757626,True,False,900,6.443382908066968,0.9004355240072593,-0.1351453836797982,-3.245866259306794,-1.5792748087983774,-0.8124999999999628,0.10000000000065512,11.5
rsi2_m15_usd100000_smaller_stop_and_time,2017-01-30T12:00:00+00:00,2017-01-30T12:00:00+00:00,1852,stop,-1.3884681465278992,-18.512908620371988,True,False,0,7.623120976853655,1.041885035299955,-0.2884804129816516,-6.034524254190437,-2.7979895060901354,-0.6573033707864145,0.1999999999990898,12.0
rsi2_m15_usd100000_smaller_stop_and_time,2017-01-30T12:15:00+00:00,2017-01-30T14:00:00+00:00,1853,signal_exit,0.37904000000011995,5.040425531916489,False,True,6300,9.421469478506928,1.2425914180610882,-0.38938985932234443,-9.042794410633679,-3.305999228453518,-0.7652439024390398,0.1999999999990898,12.25
rsi2_m15_usd100000_smaller_stop_and_time,2017-01-31T07:00:00+00:00,2017-01-31T08:00:00+00:00,1927,signal_exit,0.29368000000007854,3.9262032085571996,False,True,3600,5.847709577135822,0.784800488316945,0.05006431730095393,-0.5963364987843088,-1.6896803480536369,-0.6250000000002776,0.20000000000131024,7.0
rsi2_m15_usd100000_smaller_stop_and_time,2017-02-01T13:00:00+00:00,2017-02-01T13:15:00+00:00,2047,stop,-1.3966223480249835,-18.847804966598968,True,False,900,7.7743748179823235,0.9684728402898096,1.197916900972516,3.9444277611565055,-0.7866571310465007,-1.0,0.20000000000131024,13.0
rsi2_m15_usd100000_smaller_stop_and_time,2017-02-01T13:30:00+00:00,2017-02-01T15:00:00+00:00,2049,stop,-1.6103067892093965,-21.702247833010734,True,False,5400,9.253415021627783,1.123218496502215,1.1294774342333025,1.3744245449969785,-2.961902267359,-0.7562724014336929,0.10000000000065512,13.5
rsi2_m15_usd100000_smaller_stop_and_time,2017-02-01T15:30:00+00:00,2017-02-01T15:45:00+00:00,2057,target,1.2107111986188999,16.272999981436826,False,True,900,9.830586012222636,1.1668762961377883,0.7025495898361256,-1.9626985570095885,-1.8091082159943426,-0.7536231884057412,0.2999999999997449,15.5
rsi2_m15_usd100000_smaller_stop_and_time,2017-02-02T07:00:00+00:00,2017-02-02T07:15:00+00:00,2118,target,0.5820510016626423,7.854939293692878,False,True,900,5.576997312161693,0.7057882950702544,0.7303659837993611,2.1919672284183984,-0.9672785298843551,-0.8809523809523873,0.1999999999990898,7.0
rsi2_m15_usd100000_smaller_stop_and_time,2017-02-02T11:15:00+00:00,2017-02-02T11:45:00+00:00,2135,target,0.9770795750100848,13.203778040676822,False,True,1800,8.303240371688474,1.0206907816760187,0.988682948396579,3.0274168701055664,-0.5639212300496094,-0.8554216867469767,0.2999999999997449,11.25
rsi2_m15_usd100000_smaller_stop_and_time,2017-02-03T09:00:00+00:00,2017-02-03T11:30:00+00:00,2222,stop,-1.3165282099115485,-17.695271638596083,True,False,9000,7.253549797792974,0.9505134243316685,-0.5226832266777529,-3.5075589000884624,-2.7744156614833413,-0.5142857142858095,0.10000000000065512,9.0
rsi2_m15_usd100000_smaller_stop_and_time,2017-02-03T11:45:00+00:00,2017-02-03T12:30:00+00:00,2233,signal_exit,0.515200000000219,6.915436241613678,False,True,2700,6.623778956377109,0.8887681663523969,-0.6973769762799019,-5.122797811332655,-2.0409361506280543,-0.7850467289719878,0.1999999999990898,11.75
rsi2_m15_usd100000_smaller_stop_and_time,2017-02-06T07:00:00+00:00,2017-02-06T07:00:00+00:00,2309,stop,-0.9520693555731004,-12.831123390473051,True,False,0,4.6678528003589586,0.6410239934468346,0.23676698341694374,-0.524204624026211,-2.551354233356837,-0.7352941176472894,0.40000000000040004,7.0
rsi2_m15_usd100000_smaller_stop_and_time,2017-02-06T07:15:00+00:00,2017-02-06T07:15:00+00:00,2310,stop,-1.0224170028379742,-13.760659526756045,True,False,0,5.184434743190479,0.7072923189409612,0.19527066273690935,-1.6906798383306063,-3.2285918340107926,-0.731092436974713,0.2999999999997449,7.25
rsi2_m15_usd100000_smaller_stop_and_time,2017-02-06T07:30:00+00:00,2017-02-06T10:00:00+00:00,2311,stop,-1.1149265026352984,-15.005740277729453,True,False,9000,5.806975118676876,0.7848947613218705,0.14608113983333565,-2.782454842756856,-3.169864866376197,-0.6043165467625543,0.2999999999997449,7.5
rsi2_m15_usd100000_smaller_stop_and_time,2017-02-06T10:30:00+00:00,2017-02-06T13:00:00+00:00,2323,stop,-1.2707117484962216,-17.056533536862034,True,False,9000,6.9359848892373375,0.93132188848135,-0.37375632796253094,-4.505311889587583,-1.6425022254450585,-0.7538461538459226,0.10000000000065512,10.5
rsi2_m15_usd100000_smaller_stop_and_time,2017-02-07T09:45:00+00:00,2017-02-07T10:30:00+00:00,2416,signal_exit,0.3325000000001579,4.4333333333354386,False,True,2700,8.177713380234376,1.098066169201203,-1.7803345490912221,-10.972247023643739,-1.6792918163844972,-0.6379310344829434,0.1999999999990898,9.75
rsi2_m15_usd100000_smaller_stop_and_time,2017-02-07T13:30:00+00:00,2017-02-07T15:30:00+00:00,2431,signal_exit,0.7811900000001082,10.429773030709054,False,True,7200,7.643366755497473,1.0349007694126409,-2.17028669771995,-8.535809332973152,-0.36758513832173656,-0.586206896551666,0.10000000000065512,13.5
rsi2_m15_usd100000_smaller_stop_and_time,2017-02-08T07:00:00+00:00,2017-02-08T07:30:00+00:00,2500,stop,-1.0428771532669434,-13.923593501561326,True,False,1800,5.2766832661347625,0.7797348153885674,-1.0083389923557773,-5.930329652500473,-2.637891108249392,-0.8142857142858049,0.30000000000196536,7.0
rsi2_m15_usd100000_smaller_stop_and_time,2017-02-08T08:00:00+00:00,2017-02-08T08:00:00+00:00,2504,stop,-1.1450193308676027,-15.266924411568036,True,False,0,5.9501288724508985,0.873026979492878,-1.0863057778887075,-6.774867364909947,-1.9913932778548054,-0.20895522388065638,0.30000000000196536,8.0
rsi2_m15_usd100000_smaller_stop_and_time,2017-02-08T08:15:00+00:00,2017-02-08T08:45:00+00:00,2505,target,0.7575429740249715,10.087123489014267,False,True,1800,6.725119667275925,0.9719054468878964,-1.1118182107862653,-8.180525741072335,-2.528740776747101,-0.6547619047617836,0.2999999999997449,8.25
rsi2_m15_usd100000_smaller_stop_and_time,2017-02-09T07:00:00+00:00,2017-02-09T08:00:00+00:00,2595,signal_exit,0.25689000000016593,3.4297730307098253,False,True,3600,4.9054555542267,0.7504451759224152,-0.30245373641448525,-2.861585819853659,-2.3282309650757456,-0.5749999999997849,0.09999999999843467,7.0
rsi2_m15_usd100000_smaller_stop_and_time,2017-02-09T10:30:00+00:00,2017-02-09T11:15:00+00:00,2609,stop,-1.2569096214322766,-16.826099349829672,True,False,2700,6.774361589239781,1.0057732917983682,-0.1468297184698569,0.5881457711845751,0.6850144544293042,-0.4210526315787321,0.1999999999990898,10.5
rsi2_m15_usd100000_smaller_stop_and_time,2017-02-09T11:30:00+00:00,2017-02-09T13:00:00+00:00,2613,target,0.7759750810672772,10.36014794482346,False,True,5400,6.81518745705638,1.0118512952817051,-0.1372704915847718,-2.101748909010672,-1.0305387224326823,-0.8055555555555098,0.1999999999990898,11.5
rsi2_m15_usd100000_smaller_stop_and_time,2017-02-10T08:00:00+00:00,2017-02-10T09:45:00+00:00,2693,signal_exit,0.1454600000002621,1.936884154464209,False,True,6300,5.595211339625808,0.8461319538712077,-0.6988000740955552,-5.296168117663112,-3.050079101459076,-0.9226519337016452,0.1999999999990898,8.0
rsi2_m15_usd100000_smaller_stop_and_time,2017-02-10T12:15:00+00:00,2017-02-10T13:30:00+00:00,2710,stop,-1.2457388808359946,-16.56567660686163,True,False,4500,6.603051069388925,0.9920857260371729,-0.979161696521933,-5.3769758670407155,-1.880508081757987,-0.4516129032258527,0.2999999999997449,12.25
rsi2_m15_usd100000_smaller_stop_and_time,2017-02-10T14:00:00+00:00,2017-02-10T15:00:00+00:00,2717,target,0.7771537682247376,10.320767174299304,False,True,3600,6.888404835488756,1.0303099298390244,-1.179241299711307,-7.1701367170912995,-2.2134920444599926,-0.6105263157894958,0.40000000000040004,14.0
rsi2_m15_usd100000_smaller_stop_and_time,2017-02-13T09:30:00+00:00,2017-02-13T11:30:00+00:00,2793,signal_exit,-0.057309999999899,-0.763115845537936,False,False,7200,6.458287241072165,0.9727680715864334,-0.5577408933384957,-1.2474312465767599,0.3145869925804309,-0.6385542168672894,0.2999999999997449,9.5
rsi2_m15_usd100000_smaller_stop_and_time,2017-02-13T13:00:00+00:00,2017-02-13T14:00:00+00:00,2807,stop,-1.1794759458209798,-15.68452055613005,True,False,3600,6.212473044024181,0.9485462889186546,-0.19779492641954174,-2.143671479925735,-1.7530313201546195,-0.5125000000000832,0.1999999999990898,13.0
rsi2_m15_usd100000_smaller_stop_and_time,2017-02-13T14:15:00+00:00,2017-02-13T14:45:00+00:00,2812,stop,-1.2163874650863344,-16.153883998490496,True,False,1800,6.448920750905211,0.9818871127762115,-0.3262657389721884,-4.468192173193428,-2.6545914423538797,-0.8061224489796773,0.20000000000131024,14.25
rsi2_m15_usd100000_smaller_stop_and_time,2017-02-13T15:00:00+00:00,2017-02-13T16:15:00+00:00,2815,signal_exit,0.10914000000018359,1.4474801061032307,False,True,4500,6.954329041449957,1.047698037652587,-0.4935185768689921,-6.390745690047478,-2.5313225673311486,-0.8181818181819016,0.1999999999990898,15.0
rsi2_m15_usd100000_smaller_stop_and_time,2017-02-14T10:15:00+00:00,2017-02-14T11:15:00+00:00,2890,target,0.894606595476998,11.880565676985364,False,True,3600,7.618304086832155,1.2139982034255559,-0.3189365051172748,-2.476765750950773,-1.553111840017566,-0.8061224489794947,0.2999999999997449,10.25
rsi2_m15_usd100000_smaller_stop_and_time,2017-02-14T13:00:00+00:00,2017-02-14T14:00:00+00:00,2901,stop,-1.2837301604255993,-17.070879792893606,True,False,3600,6.905652662405327,1.0933619938198262,-0.16044105812273707,-0.3793880408718609,-0.0352347729639896,-0.12499999999972244,0.1999999999990898,13.0
rsi2_m15_usd100000_smaller_stop_and_time,2017-02-14T14:15:00+00:00,2017-02-14T15:00:00+00:00,2906,stop,-1.3344306261409498,-17.721522259507964,True,False,2700,7.282739881415767,1.1368074742149379,-0.12223268183072361,-2.1536930355958863,-1.6711026849995725,-0.34523809523790644,0.09999999999843467,14.25
rsi2_m15_usd100000_smaller_stop_and_time,2017-02-14T15:15:00+00:00,2017-02-14T15:15:00+00:00,2910,stop,-1.7094136862235234,-22.671269048057336,True,False,0,9.65937457708025,1.4217228631065342,-0.22512828761787237,-3.701471316218217,-2.543104515203919,-0.31967213114751214,0.2999999999997449,15.25
rsi2_m15_usd100000_smaller_stop_and_time,2017-02-14T15:30:00+00:00,2017-02-14T18:30:00+00:00,2911,holding_bars,-1.2041499999998728,-15.94900662251487,False,False,10800,10.383704964431725,1.4984542308248026,-0.276110323200585,-6.1646971169825315,-3.1617793095039755,-0.9090909090908785,0.2999999999997449,15.5
rsi2_m15_usd100000_smaller_stop_and_time,2017-02-15T07:15:00+00:00,2017-02-15T08:00:00+00:00,2972,stop,-0.945938642526621,-12.512415906436784,True,False,2700,4.583456630468054,0.7480843168622149,-1.0188887381181788,-4.478928841283266,-1.2917082342994286,-0.7804878048779761,0.2999999999997449,7.25
rsi2_m15_usd100000_smaller_stop_and_time,2017-02-15T08:15:00+00:00,2017-02-15T08:30:00+00:00,2976,stop,-1.0823249898273442,-14.316468119409313,True,False,900,5.48548273695313,0.8843876157682776,-0.9753051692884115,-5.440342146884643,-2.978986370573703,-0.716814159292305,0.30000000000196536,8.25
rsi2_m15_usd100000_smaller_stop_and_time,2017-02-15T08:45:00+00:00,2017-02-15T11:45:00+00:00,2978,holding_bars,-0.39681999999994466,-5.242007926023047,False,False,10800,6.522176441556498,1.0286020351904874,-0.9720769676657509,-7.040854582391631,-3.0778289896059223,-0.593023255813985,0.10000000000065512,8.75
rsi2_m15_usd100000_smaller_stop_and_time,2017-02-15T13:45:00+00:00,2017-02-15T14:15:00+00:00,2998,target,1.0722787021463016,14.127519132362341,False,True,1800,8.731282622833579,1.2852119357430374,-1.4558825740040562,-9.19294365440408,-3.627054498423503,-0.752475247524677,0.2999999999997449,13.75
rsi2_m15_usd100000_smaller_stop_and_time,2017-02-16T07:00:00+00:00,2017-02-16T08:00:00+00:00,3065,target,0.5463887525715259,7.256158732689586,False,True,3600,5.256100614684817,0.7624774389214111,0.7826142083372865,1.7355988388248682,-2.2566963079520432,-0.4615384615384287,0.20000000000131024,7.0
rsi2_m15_usd100000_smaller_stop_and_time,2017-02-17T07:45:00+00:00,2017-02-17T08:00:00+00:00,3159,stop,-0.9562359282255459,-12.74981237634061,True,False,900,4.741572854837177,0.7297362268551766,1.4811613891366762,3.5549051092733817,-2.8915897981368555,-0.5523809523809786,0.20000000000131024,7.75
rsi2_m15_usd100000_smaller_stop_and_time,2017-02-17T08:15:00+00:00,2017-02-17T09:00:00+00:00,3161,stop,-1.028801923635811,-13.699093523779107,True,False,2700,5.217988839119778,0.798938211749563,1.3836858816830537,1.9858956382550685,-2.849652217132261,-0.6111111111112253,0.20000000000131024,8.25
rsi2_m15_usd100000_smaller_stop_and_time,2017-02-17T15:15:00+00:00,2017-02-17T16:45:00+00:00,3189,stop,-1.6177417038355926,-21.541167827371403,True,False,5400,9.189025990917607,1.2664142786274435,0.38797350876131165,-0.48594694043832776,-2.3663598890421005,-0.5775401069519123,0.09999999999843467,15.25
rsi2_m15_usd100000_smaller_stop_and_time,2017-02-20T10:15:00+00:00,2017-02-20T12:15:00+00:00,3263,signal_exit,0.34969000000009,4.643957503321248,False,True,7200,6.503993840461311,0.99905933111023,-0.36831493134776777,-1.6149076162091847,-0.32193198375624976,-0.6082474226803297,0.2999999999997449,10.25
rsi2_m15_usd100000_smaller_stop_and_time,2017-02-20T13:00:00+00:00,2017-02-20T14:00:00+00:00,3274,signal_exit,0.5755900000002323,7.643957503323138,False,True,3600,6.900474048729086,1.0534541342872068,-0.2366452641963893,-2.5216218620913198,-2.7230869934231343,-0.5578947368420167,0.1999999999990898,13.0
rsi2_m15_usd100000_smaller_stop_and_time,2017-02-21T07:30:00+00:00,2017-02-21T08:15:00+00:00,3345,stop,-0.9206895153035182,-12.178432742110028,True,False,2700,4.466465048305611,0.8051642091832412,-1.4584920678398556,-6.6926400595102296,-2.2274069215592136,-0.8319999999998139,0.1999999999990898,7.5
rsi2_m15_usd100000_smaller_stop_and_time,2017-02-21T08:30:00+00:00,2017-02-21T09:00:00+00:00,3349,stop,-1.035889726327312,-13.702245057239574,True,False,1800,4.97837120586893,0.8926094106382526,-1.4689682303300666,-8.101179238609925,-2.8223303981259518,-0.6597938144328693,0.700000000000145,8.5
rsi2_m15_usd100000_smaller_stop_and_time,2017-02-21T09:30:00+00:00,2017-02-21T11:15:00+00:00,3353,stop,-1.231238952978893,-16.24325795486666,True,False,6300,6.552367763713458,1.129631735405165,-1.530295136555124,-10.86251339141787,-2.5190550607926014,-0.5100000000000666,0.10000000000065512,9.5
rsi2_m15_usd100000_smaller_stop_and_time,2017-02-21T14:45:00+00:00,2017-02-21T14:45:00+00:00,3374,target,0.8648001349168137,11.393941171499522,False,True,0,7.414493642402165,1.2063116102399076,-2.4696149307685897,-11.096430787460895,-2.734777614767934,-0.8173913043479789,0.40000000000040004,14.75
rsi2_m15_usd100000_smaller_stop_and_time,2017-02-22T07:30:00+00:00,2017-02-22T08:00:00+00:00,3437,stop,-1.1735602757085006,-15.44158257511185,True,False,1800,6.005001813872454,1.0045016164620604,-1.3227147125032042,-9.124338472463743,-2.4839122666959583,-0.6315789473683903,0.40000000000040004,7.5
rsi2_m15_usd100000_smaller_stop_and_time,2017-02-22T11:45:00+00:00,2017-02-22T12:30:00+00:00,3454,signal_exit,0.49251000000014344,6.47187910644078,False,True,2700,8.476786249433957,1.28055069826222,-1.965210315448736,-9.369262792842378,-1.434510953158854,-0.7125000000000278,0.09999999999843467,11.75
rsi2_m15_usd100000_smaller_stop_and_time,2017-02-23T07:30:00+00:00,2017-02-23T07:30:00+00:00,3531,target,0.7056605049326017,9.309505342118754,False,True,0,6.32401388477884,0.8637889358799636,0.12583725771732898,-1.7876201495316466,-2.640738387247421,-0.6567164179104923,0.2999999999997449,7.5
rsi2_m15_usd100000_smaller_stop_and_time,2017-02-23T11:15:00+00:00,2017-02-23T11:45:00+00:00,3546,signal_exit,0.5655800000001345,7.461477572561141,False,True,1800,8.442186574489169,1.0982327279875448,-0.0360059246348857,-1.6529505851356057,-1.4648764340976235,-0.3949579831932444,0.3999999999981796,11.25
rsi2_m15_usd100000_smaller_stop_and_time,2017-02-24T09:00:00+00:00,2017-02-24T09:30:00+00:00,3629,target,0.7965197666468209,10.535975749296574,False,True,1800,6.9907391973990025,1.0161164042082718,0.6538003908735847,1.149094806585544,-1.4013989392363992,-0.8764044943819692,0.40000000000040004,9.0
rsi2_m15_usd100000_smaller_stop_and_time,2017-02-24T14:30:00+00:00,2017-02-24T15:45:00+00:00,3651,signal_exit,0.4870500000001423,6.450993377485329,False,True,4500,10.494374508054609,1.3909348283362817,0.8328522025545251,0.5617575607103863,-2.174298852465546,-0.7966101694915031,0.2999999999997449,14.5
rsi2_m15_usd100000_smaller_stop_and_time,2017-02-28T07:45:00+00:00,2017-02-28T10:15:00+00:00,3809,signal_exit,0.3436000000002084,4.550993377486204,False,True,9000,5.591300543653838,0.8746283574141026,0.2960374713347738,0.4428649208655354,-1.055407602739723,-0.9459459459459892,0.2999999999997449,7.75
rsi2_m15_usd100000_smaller_stop_and_time,2017-02-28T13:00:00+00:00,2017-02-28T13:30:00+00:00,3830,target,0.9927732155571168,13.149314113339296,False,True,1800,8.299160367926811,1.1923044003254413,0.31801145346900284,-0.1122121885619183,-1.219117173325583,-0.8333333333333601,0.40000000000040004,13.0
rsi2_m15_usd100000_smaller_stop_and_time,2017-03-01T07:15:00+00:00,2017-03-01T08:00:00+00:00,3899,stop,-1.3446811111355048,-17.7398563474341,True,False,2700,7.200666959997308,0.9526854266947901,-0.7954993757843992,-5.240161512493088,-1.75414654619558,-0.75,0.2999999999997449,7.25
rsi2_m15_usd100000_smaller_stop_and_time,2017-03-01T08:15:00+00:00,2017-03-01T09:00:00+00:00,3903,signal_exit,0.4147900000001514,5.464953886695012,False,True,2700,7.662311251678573,1.007059304170757,-0.8860913431370232,-5.806970319777572,-2.2550432517020407,-0.2733333333333777,0.2999999999997449,8.25
rsi2_m15_usd100000_smaller_stop_and_time,2017-03-01T10:15:00+00:00,2017-03-01T11:00:00+00:00,3911,signal_exit,0.4451500000001818,5.864953886695412,False,True,2700,8.194135092541451,1.0607720446585687,-1.0759580878277626,-5.308723429106975,-1.2159394923841547,-0.4999999999998265,0.1999999999990898,10.25
rsi2_m15_usd100000_smaller_stop_and_time,2017-03-01T12:30:00+00:00,2017-03-01T13:15:00+00:00,3920,signal_exit,0.42997000000008234,5.664953886694102,False,True,2700,8.429175048110466,1.0808533123527158,-1.1890837522555215,-6.353632433360146,-2.4494844023984883,-0.5820895522386873,0.1999999999990898,12.5
rsi2_m15_usd100000_smaller_stop_and_time,2017-03-02T07:00:00+00:00,2017-03-02T07:30:00+00:00,3991,target,0.38192207685355717,5.031911420995483,False,True,1800,4.183478767151743,0.6136560023208065,-0.9790492375229017,-4.4848438260012875,-3.2713150708613297,-0.8571428571430082,0.30000000000196536,7.0
rsi2_m15_usd100000_smaller_stop_and_time,2017-03-02T09:45:00+00:00,2017-03-02T10:45:00+00:00,4002,signal_exit,0.2857600000001488,3.764953886694977,False,True,3600,6.214187767950312,0.8986346542314693,-0.8270752984601099,-4.115408518181767,-1.5383366080173628,-0.6936936936936721,0.1999999999990898,9.75
rsi2_m15_usd100000_smaller_stop_and_time,2017-03-02T12:15:00+00:00,2017-03-02T15:15:00+00:00,4012,holding_bars,0.11920000000023484,1.568421052634669,False,True,10800,7.117294708881608,1.014569168122382,-0.8341061268265569,-5.77771446119879,-2.4932473787366702,-0.9421487603303904,0.1999999999990898,12.25
rsi2_m15_usd100000_smaller_stop_and_time,2017-03-03T14:45:00+00:00,2017-03-03T17:45:00+00:00,4115,holding_bars,-0.05616999999989819,-0.7420079260224332,False,False,10800,8.456687569072331,1.249563123733293,0.4289592181645742,3.3137255246101,0.5321724105894324,-0.9104477611940991,0.30000000000196536,14.75
rsi2_m15_usd100000_smaller_stop_and_time,2017-03-06T09:45:00+00:00,2017-03-06T12:45:00+00:00,4189,holding_bars,-0.7956599999998841,-10.552519893897667,False,False,10800,10.20338634477812,1.311786210456526,1.3568307854068984,3.3967002450416075,-1.0628967957122553,-0.818991097922788,0.2999999999997449,9.75
rsi2_m15_usd100000_smaller_stop_and_time,2017-03-07T09:00:00+00:00,2017-03-07T09:30:00+00:00,4278,stop,-1.0198915935568185,-13.50849792790488,True,False,1800,5.179745652694412,0.8228457988202538,0.41060462058252195,0.8957075917624975,-0.8121798513189002,-0.8888888888889802,0.10000000000065512,9.0
rsi2_m15_usd100000_smaller_stop_and_time,2017-03-07T09:45:00+00:00,2017-03-07T09:45:00+00:00,4281,stop,-1.1024116987187025,-14.582165326966964,True,False,0,5.668331340732401,0.8943312038261713,0.3584740942515182,-0.49719784872791056,-1.827992316272034,-0.354838709677558,0.20000000000131024,9.75
rsi2_m15_usd100000_smaller_stop_and_time,2017-03-07T10:00:00+00:00,2017-03-07T10:45:00+00:00,4282,target,0.6628535532022177,8.756321706766416,False,True,2700,6.199164816394317,0.9673341453037025,0.31063710695224145,-2.464312120665782,-2.9094148635720534,-0.9770992366412395,0.5999999999994898,10.0
rsi2_m15_usd100000_smaller_stop_and_time,2017-03-07T14:15:00+00:00,2017-03-07T15:15:00+00:00,4299,signal_exit,-0.018559999999818555,-0.24550264550024542,False,False,3600,6.694431892083986,1.038928175364763,-0.15663726898027874,-1.77527328240312,-1.2637717030305875,-0.27835051546387035,0.1999999999990898,14.25
rsi2_m15_usd100000_smaller_stop_and_time,2017-03-08T08:00:00+00:00,2017-03-08T08:15:00+00:00,4366,stop,-0.9073490828830306,-11.986117343236865,True,False,900,4.322054708606549,0.8171868261488511,-0.43695545277648695,-2.440073282189899,-1.598112023059793,-0.13793103448290822,0.30000000000196536,8.0
rsi2_m15_usd100000_smaller_stop_and_time,2017-03-08T08:30:00+00:00,2017-03-08T09:00:00+00:00,4368,stop,-0.9696119643224956,-12.808612474537592,True,False,1800,4.733302274257655,0.8880902044439961,-0.44954987461313956,-2.799209165502138,-1.9839422881092996,-0.1704545454546544,0.2999999999997449,8.5
rsi2_m15_usd100000_smaller_stop_and_time,2017-03-08T09:15:00+00:00,2017-03-08T10:15:00+00:00,4371,signal_exit,0.004390000000162375,0.05799207397836691,False,True,3600,5.287596609527583,0.9799023223728028,-0.5009288603273515,-3.5599682141730997,-2.344287091033853,-0.34883720930260176,0.10000000000065512,9.25
rsi2_m15_usd100000_smaller_stop_and_time,2017-03-08T12:30:00+00:00,2017-03-08T13:15:00+00:00,4384,stop,-1.050516169012236,-13.877360224732312,True,False,2700,5.317676149355844,0.9873356864450767,-0.5857706359723136,-3.0006828477006873,-1.078030149681136,-0.6710526315788782,0.1999999999990898,12.5
rsi2_m15_usd100000_smaller_stop_and_time,2017-03-08T13:30:00+00:00,2017-03-08T14:00:00+00:00,4388,target,0.786329933175548,10.373745820257888,False,True,1800,6.856134123848275,1.2211601380846162,-0.6366616170151683,-4.751950726381306,-3.288649070441812,-0.5760368663594333,0.2999999999997449,13.5
rsi2_m15_usd100000_smaller_stop_and_time,2017-03-09T13:15:00+00:00,2017-03-09T13:30:00+00:00,4481,target,1.0197992485917564,13.471588488662567,False,True,900,8.406798207341808,1.3691034407948082,-0.027311740207043706,-0.7592500521416504,-1.7664805945767799,-0.6465517241379277,0.2999999999997449,13.25
rsi2_m15_usd100000_smaller_stop_and_time,2017-03-10T07:00:00+00:00,2017-03-10T08:00:00+00:00,4550,target,0.47744591761152333,6.323786988232097,False,True,3600,4.886396805373382,0.7371835978761115,0.9395874529949807,2.8169475625339055,-1.7193533589324772,-0.49152542372857116,0.40000000000040004,7.0
rsi2_m15_usd100000_smaller_stop_and_time,2017-03-13T08:00:00+00:00,2017-03-13T08:15:00+00:00,4649,stop,-1.1837118927887236,-15.846210077492954,True,False,900,6.284416953070218,0.8758512803627521,2.489810609451505,8.565097785747021,-1.2010784603673195,-0.4852941176472893,0.20000000000131024,8.0
rsi2_m15_usd100000_smaller_stop_and_time,2017-03-13T08:30:00+00:00,2017-03-13T11:30:00+00:00,4651,holding_bars,-0.41720999999992614,-5.5702269692914035,False,False,10800,7.3778901279022,1.007789706543917,2.3664578949571102,5.7275921914503805,-2.8948316831673315,-0.5270270270270554,0.20000000000131024,8.5
rsi2_m15_usd100000_smaller_stop_and_time,2017-03-13T13:00:00+00:00,2017-03-13T14:00:00+00:00,4669,signal_exit,0.6025000000000948,8.033333333334598,False,True,3600,7.761034120364394,1.0433983647710199,1.2926260985259161,2.4405283702128115,-2.4077951169006404,-0.9067796610170878,0.20000000000131024,13.0
rsi2_m15_usd100000_smaller_stop_and_time,2017-03-14T11:15:00+00:00,2017-03-14T12:30:00+00:00,4755,stop,-1.1566938490142646,-15.402048588738543,True,False,4500,6.119466371600833,1.0023893209142372,-0.16631072281458587,-1.697558643415379,-1.6437040068688495,-0.15957446808498074,0.09999999999843467,11.25
rsi2_m15_usd100000_smaller_stop_and_time,2017-03-15T10:15:00+00:00,2017-03-15T12:15:00+00:00,4844,signal_exit,0.40912000000015003,5.440425531916889,False,True,7200,5.5657162905330475,1.0183165954740918,-0.3077804428492262,-2.05530033626226,-1.1129994846568538,-0.5824175824175154,0.2999999999997449,10.25
rsi2_m15_usd100000_smaller_stop_and_time,2017-03-16T08:15:00+00:00,2017-03-16T08:30:00+00:00,4931,stop,-1.381482990620051,-18.543395847249005,True,False,900,7.6294160444310055,1.045647660995173,2.08273699254651,7.184072783510778,-0.8384739261234623,-0.15044247787609924,0.1999999999990898,8.25
rsi2_m15_usd100000_smaller_stop_and_time,2017-03-16T08:45:00+00:00,2017-03-16T10:15:00+00:00,4933,signal_exit,0.5609200000000156,7.519034852547127,False,True,5400,7.927404650555341,1.0790809763755635,2.000289150077238,5.0728238562892205,-2.743237505343075,-0.7950819672130461,0.20000000000131024,8.75
rsi2_m15_usd100000_smaller_stop_and_time,2017-03-16T15:30:00+00:00,2017-03-16T18:30:00+00:00,4960,holding_bars,-1.5186499999998715,-20.384563758387532,False,False,10800,8.836478994265834,1.1565292145406156,1.4979117267569513,5.459330072727039,-0.3699832007771413,-0.9122807017543894,0.09999999999843467,15.5
rsi2_m15_usd100000_smaller_stop_and_time,2017-03-17T07:30:00+00:00,2017-03-17T09:00:00+00:00,5024,target,0.4972330101566713,6.692234322431646,False,True,5400,4.992012181403384,0.7634735121842331,2.0771843430292614,6.1073038262024015,-2.5389574463565654,-0.804999999999944,0.1999999999990898,7.5
rsi2_m15_usd100000_smaller_stop_and_time,2017-03-17T11:15:00+00:00,2017-03-17T13:45:00+00:00,5039,signal_exit,0.22408000000013503,3.0118279569910618,False,True,9000,8.783048020363173,1.2543889510670623,1.565316822421616,1.025250446908769,-3.212503583586823,-0.9005681818181603,0.2999999999997449,11.25
rsi2_m15_usd100000_smaller_stop_and_time,2017-03-17T15:15:00+00:00,2017-03-17T16:15:00+00:00,5055,signal_exit,0.4696000000002567,6.311827956992698,False,True,3600,9.356784436851557,1.2644959814637768,0.7059873688677684,0.9187964272848188,-0.710574126406545,-0.5932203389831944,0.2999999999997449,15.25
rsi2_m15_usd100000_smaller_stop_and_time,2017-03-20T08:15:00+00:00,2017-03-20T09:00:00+00:00,5117,stop,-0.9599231225785851,-12.936969306989019,True,False,2700,4.820775758616997,0.7820605873973377,1.0142633463332815,4.09712549797501,0.4557004133352304,-0.5,0.1999999999990898,8.25
rsi2_m15_usd100000_smaller_stop_and_time,2017-03-20T12:00:00+00:00,2017-03-20T13:45:00+00:00,5132,signal_exit,0.31267000000022405,4.208209959626164,False,True,6300,5.892529373005364,0.9424131899830167,0.7616446720298634,0.9402716026818909,-1.7237459001202884,-0.8281250000002548,0.40000000000040004,12.0
rsi2_m15_usd100000_smaller_stop_and_time,2017-03-21T12:30:00+00:00,2017-03-21T13:45:00+00:00,5227,signal_exit,0.4142000000000803,5.597297297298382,False,True,4500,7.1879880489372985,1.1115606048141224,1.5780657592629836,6.991638846030699,0.5762695374962049,-0.3188405797102662,0.20000000000131024,12.5
rsi2_m15_usd100000_smaller_stop_and_time,2017-03-21T15:15:00+00:00,2017-03-21T16:30:00+00:00,5238,signal_exit,0.39200000000009916,5.297297297298637,False,True,4500,7.922518740733631,1.1888829825993024,1.71234120872831,6.299684994113927,-0.34563259329464663,-0.5246913580247168,0.5000000000010552,15.25
rsi2_m15_usd100000_smaller_stop_and_time,2017-03-22T09:00:00+00:00,2017-03-22T10:30:00+00:00,5308,signal_exit,-0.0295699999998707,-0.39905533063253307,False,False,5400,7.418329053183322,1.1661326527235498,0.7067508277403067,0.6745878116755476,-2.315892468220569,-0.546874999999962,0.1999999999990898,9.0
rsi2_m15_usd100000_smaller_stop_and_time,2017-03-22T12:15:00+00:00,2017-03-22T12:45:00+00:00,5321,signal_exit,0.21496000000008594,2.9009446693668814,False,True,1800,7.087102508103438,1.0975649611680136,0.402987177577377,0.4008270690234949,-0.6607010454261398,-0.1454545454546776,0.20000000000131024,12.25
rsi2_m15_usd100000_smaller_stop_and_time,2017-03-23T08:00:00+00:00,2017-03-23T08:00:00+00:00,5398,stop,-0.9029884154304966,-12.202546154466168,True,False,0,4.449921725883285,0.7707542875730277,0.06775229888341984,0.7472314453231421,0.40764418291565424,-0.13513513513482697,0.1999999999990898,8.0
rsi2_m15_usd100000_smaller_stop_and_time,2017-03-23T08:15:00+00:00,2017-03-23T08:45:00+00:00,5399,stop,-0.9595142283632072,-12.948909964415751,True,False,1800,4.82492731689172,0.8298287782031026,0.07105571868450507,-0.5765369376964313,-1.4072274539675338,-0.7938144329895137,0.1999999999990898,8.25
rsi2_m15_usd100000_smaller_stop_and_time,2017-03-23T09:00:00+00:00,2017-03-23T10:30:00+00:00,5402,target,0.6458348588839138,8.703973839405846,False,True,5400,5.999695814581296,1.0066245315116016,0.050398643784131975,-2.5486429526305368,-2.8692042434459757,-0.5209580838324054,0.20000000000131024,9.0
rsi2_m15_usd100000_smaller_stop_and_time,2017-03-23T12:15:00+00:00,2017-03-23T13:00:00+00:00,5415,signal_exit,0.5642600000000642,7.604582210243452,False,True,2700,7.6785707690896094,1.2157510363698654,-0.1174234661552107,-2.0594514377538364,-1.0527113233567693,-0.7913043478260685,0.2999999999997449,12.25
rsi2_m15_usd100000_smaller_stop_and_time,2017-03-23T15:45:00+00:00,2017-03-23T17:00:00+00:00,5429,signal_exit,0.5716800000001128,7.704582210244107,False,True,4500,8.118517088382827,1.230405132064192,-0.20120456498677827,-1.6812805327306777,-1.608823763488188,-0.5084745762710525,0.20000000000131024,15.75
rsi2_m15_usd100000_smaller_stop_and_time,2017-03-24T07:00:00+00:00,2017-03-24T07:15:00+00:00,5487,target,0.33181713552916814,4.471929050258331,False,True,900,3.9836734200057244,0.7057988538897062,-0.769957478629434,-3.2793738375851036,-1.0125550589981962,-0.18840579710137464,0.3999999999981796,7.0
rsi2_m15_usd100000_smaller_stop_and_time,2017-03-24T13:45:00+00:00,2017-03-24T15:30:00+00:00,5514,signal_exit,0.4142000000000803,5.597297297298382,False,True,6300,6.672452895435331,1.0945559606061055,0.6524235033819334,1.8181230118968645,-1.748214528213176,-0.536231884058055,0.2999999999997449,13.75
rsi2_m15_usd100000_smaller_stop_and_time,2017-03-27T09:15:00+00:00,2017-03-27T09:45:00+00:00,5589,signal_exit,0.3740800000001656,5.082608695654423,False,True,1800,6.453122309708652,1.034458307233539,1.8953777181964564,7.116194506504698,-0.03531214170744722,-0.3888888888890602,0.1999999999990898,9.25
rsi2_m15_usd100000_smaller_stop_and_time,2017-03-27T14:00:00+00:00,2017-03-27T15:15:00+00:00,5608,signal_exit,0.3292000000000397,4.47891156462639,False,True,4500,7.658063004503216,1.1865585783671413,2.178818691372815,8.594694712597981,0.18437601940149764,-0.8707482993199263,0.20000000000131024,14.0
rsi2_m15_usd100000_smaller_stop_and_time,2017-03-28T11:15:00+00:00,2017-03-28T12:15:00+00:00,5690,signal_exit,0.26368000000009606,3.582608695653479,False,True,3600,5.826064451418953,1.0018755512206883,0.5401865706959524,0.990412502267881,-1.2518642810636529,-0.4791666666669943,0.20000000000131024,11.25
rsi2_m15_usd100000_smaller_stop_and_time,2017-03-29T11:00:00+00:00,2017-03-29T11:45:00+00:00,5781,stop,-1.1288206991877416,-15.233747627364933,True,False,2700,5.967346148367057,0.9581906929748334,-1.486767448648052,-6.472638825741353,-0.6462046126304095,-0.6470588235297191,0.1999999999990898,11.0
rsi2_m15_usd100000_smaller_stop_and_time,2017-03-29T12:00:00+00:00,2017-03-29T15:00:00+00:00,5785,holding_bars,-0.4674799999997725,-6.291790040373789,False,False,10800,8.688933604318803,1.312451498437921,-1.531610666339509,-11.052551672356051,-3.9880985174953696,-0.75132275132276,0.1999999999990898,12.0
rsi2_m15_usd100000_smaller_stop_and_time,2017-03-30T07:45:00+00:00,2017-03-30T08:00:00+00:00,5861,stop,-1.1216073467602348,-15.07536756398165,True,False,900,5.843597760485938,0.9458433070423241,-1.5740190056529635,-7.111744249603877,-2.054377787175372,-0.7567567567566879,0.2999999999997449,7.75
rsi2_m15_usd100000_smaller_stop_and_time,2017-03-30T08:15:00+00:00,2017-03-30T10:30:00+00:00,5863,signal_exit,0.06784000000010265,0.911827956990627,False,True,8100,6.217693987357885,0.9983034943117556,-1.5813271705278888,-8.396931404963905,-2.6105664257965406,-0.22666666666666271,0.2999999999997449,8.25
rsi2_m15_usd100000_smaller_stop_and_time,2017-03-30T12:45:00+00:00,2017-03-30T13:15:00+00:00,5881,target,0.7849241414015264,10.535894515456729,False,True,1800,6.860229136922316,1.0819383615917915,-1.6805324032682414,-8.43118477415889,-3.00727756653423,-0.8581560283688233,0.10000000000065512,12.75
rsi2_m15_usd100000_smaller_stop_and_time,2017-03-31T09:30:00+00:00,2017-03-31T09:45:00+00:00,5961,stop,-1.0555313720943704,-14.111381979871261,True,False,900,5.418792594214517,0.9060526151001136,-2.1304986656655984,-7.438180762131904,0.20160362400149803,-0.6874999999998266,0.1999999999990898,9.5
rsi2_m15_usd100000_smaller_stop_and_time,2017-03-31T10:00:00+00:00,2017-03-31T11:00:00+00:00,5963,target,0.6534594748656413,8.724425565629389,False,True,3600,6.047326267460297,0.9978515201407365,-2.0563844845038832,-9.691262999710043,-2.047921196509869,-0.904761904762027,0.2999999999997449,10.0
rsi2_m15_usd100000_smaller_stop_and_time,2017-03-31T14:30:00+00:00,2017-03-31T14:45:00+00:00,5981,target,0.9205126423786495,12.289888416270353,False,True,900,7.83005769278059,1.2244093741467186,-1.6030042391729673,-7.216306696083511,-1.2317395408107639,-0.5555555555555098,0.2999999999997449,14.5
rsi2_m15_usd100000_smaller_stop_and_time,2017-04-03T09:30:00+00:00,2017-04-03T10:00:00+00:00,6053,stop,-1.08875580143315,-14.536125519801734,True,False,1800,5.582949275255958,0.9391733197205304,-1.160417495756237,-5.415756783121814,-1.1371926197027562,-0.2926829268290041,0.2999999999997449,9.5
rsi2_m15_usd100000_smaller_stop_and_time,2017-04-03T10:15:00+00:00,2017-04-03T12:15:00+00:00,6056,signal_exit,0.10750000000018262,1.433333333335768,False,True,7200,5.830735990429019,0.9772162772446147,-1.2091056425743678,-6.872798206437483,-2.4017717134244387,-0.6509433962264527,0.2999999999997449,10.25
rsi2_m15_usd100000_smaller_stop_and_time,2017-04-03T15:00:00+00:00,2017-04-03T16:15:00+00:00,6075,signal_exit,0.49750000000023964,6.6333333333365285,False,True,4500,7.659538778472725,1.2375375177088141,-1.2756531293950086,-5.967846082126704,-0.9941462098169204,-0.7746478873240273,0.2999999999997449,15.0
rsi2_m15_usd100000_smaller_stop_and_time,2017-04-04T10:45:00+00:00,2017-04-04T11:45:00+00:00,6148,signal_exit,0.3482300000002565,4.636884154464134,False,True,3600,7.116405463935023,1.2300825952013488,-0.8662605278902291,-6.028248620243466,-2.8648485627598372,-0.6417910447761754,0.2999999999997449,10.75
rsi2_m15_usd100000_smaller_stop_and_time,2017-04-05T09:30:00+00:00,2017-04-05T11:00:00+00:00,6238,signal_exit,0.13705000000004602,1.8297730307082247,False,True,5400,5.295173968570992,1.0286986857160858,0.10270513938506903,-1.5962525806978,-1.927502917948669,-0.6136363636363522,0.10000000000065512,9.5
rsi2_m15_usd100000_smaller_stop_and_time,2017-04-05T13:30:00+00:00,2017-04-05T14:45:00+00:00,6254,signal_exit,0.2725000000000979,3.633333333334638,False,True,4500,7.494332172022922,1.3444685409918822,-0.09148400536900607,-2.2316439435041904,-1.6474078553146119,-0.5,0.2999999999997449,13.5
rsi2_m15_usd100000_smaller_stop_and_time,2017-04-06T07:15:00+00:00,2017-04-06T07:15:00+00:00,6323,stop,-1.2928051888856595,-17.23740251847546,True,False,0,6.985367925905875,1.1679919444177318,0.12790043222326208,-3.7065960475007813,-4.113646103609198,-0.7258485639686696,0.1999999999990898,7.25
rsi2_m15_usd100000_smaller_stop_and_time,2017-04-06T07:30:00+00:00,2017-04-06T08:45:00+00:00,6324,signal_exit,0.6636500000001551,8.836884154462783,False,True,4500,7.907841645484139,1.2909375981308941,0.06044308742286067,-4.7788664350441366,-3.327913779943659,-0.3718592964823638,0.1999999999990898,7.5
rsi2_m15_usd100000_smaller_stop_and_time,2017-04-06T13:45:00+00:00,2017-04-06T14:30:00+00:00,6349,signal_exit,0.09250000000008435,1.2333333333344578,False,True,2700,7.140514908075563,1.1293004504469095,-0.3122593634954415,-1.8004458488859747,-1.7095515799266925,-0.6140350877190796,0.1999999999990898,13.75
rsi2_m15_usd100000_smaller_stop_and_time,2017-04-06T15:30:00+00:00,2017-04-06T17:15:00+00:00,6356,stop,-1.3051390610229419,-17.401854146972557,True,False,6300,7.017593740154358,1.104503501309603,-0.2697017181845206,-2.206896276869203,-1.6201791027324792,-0.10294117647060744,0.2999999999997449,15.5
rsi2_m15_usd100000_smaller_stop_and_time,2017-04-07T07:15:00+00:00,2017-04-07T07:30:00+00:00,6413,stop,-0.9566218003322617,-12.7379733732658,True,False,900,4.687428763864765,0.841061055544493,-0.5319986437585138,-2.690740466793643,-1.2624129947944644,-0.6440677966101503,0.2999999999997449,7.25
rsi2_m15_usd100000_smaller_stop_and_time,2017-04-07T08:00:00+00:00,2017-04-07T09:30:00+00:00,6416,signal_exit,-0.3126499999999042,-4.163115845538005,False,False,5400,5.3340674177154135,0.944567682887795,-0.5834035938486968,-3.7860792937087813,-2.2776876447982635,-0.2941176470587851,0.2999999999997449,8.0
rsi2_m15_usd100000_smaller_stop_and_time,2017-04-07T10:45:00+00:00,2017-04-07T12:30:00+00:00,6427,target,0.5235388128425591,6.961952298438286,False,True,6300,5.11076338326006,0.915365075313754,-0.7437168980119118,-4.241709276080193,-1.1854787092395118,-0.7111111111107383,0.1999999999990898,10.75
rsi2_m15_usd100000_smaller_stop_and_time,2017-04-07T15:00:00+00:00,2017-04-07T16:45:00+00:00,6444,stop,-1.725118226904218,-22.90993661227381,True,False,6300,9.826947057798526,1.5019009011159001,-0.9274262302231354,-5.1053245690866165,-1.7368883298244875,-0.10958904109571124,0.1999999999990898,15.0
rsi2_m15_usd100000_smaller_stop_and_time,2017-04-10T07:00:00+00:00,2017-04-10T10:00:00+00:00,6503,holding_bars,-0.5019999999999667,-6.649006622516114,False,False,10800,4.469097716994932,0.7657838941643498,-1.8530583319998721,-6.825871565932874,-0.03806483406250856,-0.6666666666665296,0.20000000000131024,7.0
rsi2_m15_usd100000_smaller_stop_and_time,2017-04-10T10:15:00+00:00,2017-04-10T11:45:00+00:00,6516,signal_exit,0.23848000000018674,3.1544973544998247,False,True,5400,4.856095620192563,0.8470583266735149,-1.567542759040601,-7.258728400060657,-2.1868081617114603,-0.6274509803919007,0.1999999999990898,10.25
rsi2_m15_usd100000_smaller_stop_and_time,2017-04-12T09:30:00+00:00,2017-04-12T10:00:00+00:00,6700,stop,-0.9483186473622911,-12.593873138941449,True,False,1800,4.668915321132279,0.9877042985091812,0.28257277900788663,1.0784147715626804,-0.23024961755035148,-0.7386363636364153,0.1999999999990898,9.5
rsi2_m15_usd100000_smaller_stop_and_time,2017-04-12T10:15:00+00:00,2017-04-12T12:15:00+00:00,6703,signal_exit,-0.2527799999998435,-3.352519893897129,False,False,7200,5.031817405440276,1.0524737472540502,0.2992052126855193,-0.45682603248192805,-1.7988616535030515,-0.06779661016917259,0.2999999999997449,10.25
rsi2_m15_usd100000_smaller_stop_and_time,2017-04-13T07:00:00+00:00,2017-04-13T08:45:00+00:00,6782,stop,-1.132456865397724,-15.099424871969655,True,False,6300,5.916379102652426,1.0410121553017073,1.9648310121943051,4.317252375733336,-3.6513161573564226,-0.9504132231405353,0.1999999999990898,7.0
rsi2_m15_usd100000_smaller_stop_and_time,2017-04-13T10:45:00+00:00,2017-04-13T11:45:00+00:00,6797,stop,-1.12799091159398,-15.01985235145113,True,False,3600,5.828368252956949,1.0207145092006362,1.06439032638223,1.376385366859253,-1.1846020835973186,-0.38709677419365623,0.2999999999997449,10.75
rsi2_m15_usd100000_smaller_stop_and_time,2017-04-13T12:00:00+00:00,2017-04-13T13:45:00+00:00,6802,stop,-1.130603393145642,-15.034619589702686,True,False,6300,5.887522560810088,1.029801263675173,0.7066104048829996,-1.0549021368668827,-2.625196285330527,-0.7352941176469627,0.1999999999990898,12.0
rsi2_m15_usd100000_smaller_stop_and_time,2017-04-14T11:00:00+00:00,2017-04-14T12:15:00+00:00,6887,stop,-0.8975787457663358,-11.935887576679997,True,False,4500,3.7881565542982734,0.7573445006578847,-0.24904624742535977,-0.38355663829382064,0.4911723322802801,-0.2592592592593202,1.2999999999996348,11.0
rsi2_m15_usd100000_smaller_stop_and_time,2017-04-17T08:45:00+00:00,2017-04-17T11:00:00+00:00,6965,signal_exit,0.10080000000013384,1.3404255319166734,False,True,8100,5.897761173066291,1.2216446358786286,0.19684918200886767,0.8289245350564587,0.0171083957393546,-0.5794392523364409,0.40000000000040004,8.75
rsi2_m15_usd100000_smaller_stop_and_time,2017-04-19T09:15:00+00:00,2017-04-19T09:45:00+00:00,7147,signal_exit,0.38934000000021673,5.2190348525498225,False,True,1800,6.062968340765153,1.1354478311564618,1.887992028535977,5.06666640261139,-1.8773439014509021,-0.6142857142856826,0.09999999999843467,9.25
rsi2_m15_usd100000_smaller_stop_and_time,2017-04-19T12:00:00+00:00,2017-04-19T13:45:00+00:00,7158,stop,-1.0954343544523957,-14.70381683828719,True,False,6300,5.709626539949196,1.066718112289747,1.7445785614125913,5.7785175277659055,-0.6216158373173785,-0.6071428571429845,0.20000000000131024,12.0
rsi2_m15_usd100000_smaller_stop_and_time,2017-04-19T14:00:00+00:00,2017-04-19T14:30:00+00:00,7166,target,0.7363493837612596,9.87063517106246,False,True,1800,6.575800159256234,1.190034880033645,1.4580262307344019,2.6386991603386605,-2.613081291059731,-0.7241379310345487,0.1999999999990898,14.0
rsi2_m15_usd100000_smaller_stop_and_time,2017-04-20T10:30:00+00:00,2017-04-20T11:15:00+00:00,7244,stop,-1.2840633765012663,-17.282145040393893,True,False,2700,7.045177500009488,1.281976693710334,1.7695896136331577,8.683861337907157,0.5415160777108331,-0.43209876543220027,0.10000000000065512,10.5
rsi2_m15_usd100000_smaller_stop_and_time,2017-04-20T11:30:00+00:00,2017-04-20T13:00:00+00:00,7248,signal_exit,0.33568000000020537,4.511827956992008,False,True,5400,6.719880117080676,1.2210161637619859,1.878177435259905,5.550227475383964,-0.90669878759005,-1.0,0.40000000000040004,11.5
rsi2_m15_usd100000_smaller_stop_and_time,2017-04-21T09:00:00+00:00,2017-04-21T09:00:00+00:00,7331,stop,-1.104027527352506,-14.799296613304367,True,False,0,5.659165732926102,1.0428855260663052,0.004130978079930017,-0.23664860595575676,-0.3139775247552616,-0.5,0.40000000000040004,9.0
rsi2_m15_usd100000_smaller_stop_and_time,2017-04-21T09:15:00+00:00,2017-04-21T10:15:00+00:00,7332,stop,-1.2977608347490874,-17.37296967535592,True,False,3600,6.997796752002806,1.244253885335165,-0.014630652610511052,-2.8138086817192836,-2.4048731638197083,-0.602459016393386,0.2999999999997449,9.25
rsi2_m15_usd100000_smaller_stop_and_time,2017-04-21T10:30:00+00:00,2017-04-21T13:00:00+00:00,7337,target,0.8556301117217571,11.45421836307573,False,True,9000,7.3657972672126375,1.2811908187054573,-0.15122647326060965,-4.945431129292671,-2.346657051436693,-0.844961240309924,0.1999999999990898,10.5
rsi2_m15_usd100000_smaller_stop_and_time,2017-04-24T10:45:00+00:00,2017-04-24T12:45:00+00:00,7432,signal_exit,0.32992000000020316,4.482608695654934,False,True,7200,12.301623869586786,1.2325374272826342,2.3294403602514993,8.132874297692965,-0.4134071164860328,-0.7132867132867068,0.2999999999997449,10.75
rsi2_m15_usd100000_smaller_stop_and_time,2017-04-24T14:45:00+00:00,2017-04-24T15:15:00+00:00,7448,signal_exit,0.4992000000001682,6.782608695654458,False,True,1800,10.021418016207484,1.0218274459679666,2.0990434067535313,7.225836562668771,-0.4961711114243038,-0.6373626373626883,0.1999999999990898,14.75
rsi2_m15_usd100000_smaller_stop_and_time,2017-04-25T10:15:00+00:00,2017-04-25T12:00:00+00:00,7523,signal_exit,0.3651800000001171,4.97520435967462,False,True,6300,7.0885748137359,0.9268773337378434,1.7885802322269284,6.6386290699810475,-0.18583357774646023,-0.493333333333586,0.30000000000196536,10.25
rsi2_m15_usd100000_smaller_stop_and_time,2017-04-26T07:00:00+00:00,2017-04-26T07:30:00+00:00,7604,stop,-1.0842000752180014,-14.83173837507526,True,False,1800,5.6978801314499865,0.8439573786501825,2.1724683537153093,5.9654176333176645,-2.698314027809292,-0.66265060240979,0.30000000000196536,7.0
rsi2_m15_usd100000_smaller_stop_and_time,2017-04-26T08:00:00+00:00,2017-04-26T08:30:00+00:00,7608,stop,-1.2532963028214228,-17.12153419154949,True,False,1800,6.894646877195565,0.9997396519957352,1.9462965272860335,4.034855181026166,-2.1755991629933797,-0.08849557522122328,0.20000000000131024,8.0
rsi2_m15_usd100000_smaller_stop_and_time,2017-04-26T08:45:00+00:00,2017-04-26T10:30:00+00:00,7611,stop,-1.4496014741750571,-19.776282048772945,True,False,6300,8.173884544168743,1.1530005768583733,1.7057769745778761,1.9814855595650567,-2.063709900360534,-0.2389937106918564,0.2999999999997449,8.75
rsi2_m15_usd100000_smaller_stop_and_time,2017-04-26T10:45:00+00:00,2017-04-26T13:45:00+00:00,7619,holding_bars,-0.11925999999979703,-1.62479564032421,False,False,10800,8.032897238658812,1.1228458199142748,1.1057397078739415,-0.4097967112232365,-1.6243839656762127,-0.7499999999996797,0.2999999999997449,10.75
rsi2_m15_usd100000_smaller_stop_and_time,2017-04-26T15:00:00+00:00,2017-04-26T15:30:00+00:00,7636,stop,-1.4912374801581396,-20.28894530827401,True,False,1800,8.483928436450078,1.1525529756027209,0.12838574703618183,-1.5566539408051365,-2.271708251474881,-0.9250000000000556,0.20000000000131024,15.0
rsi2_m15_usd100000_smaller_stop_and_time,2017-04-26T15:45:00+00:00,2017-04-26T17:30:00+00:00,7639,signal_exit,0.9481600000001676,12.88260869565445,False,True,6300,9.329260486472469,1.24073873507594,0.006774189618707558,-3.4833747006543265,-2.883182059147307,-0.7142857142857628,0.1999999999990898,15.75
rsi2_m15_usd100000_smaller_stop_and_time,2017-04-27T09:15:00+00:00,2017-04-27T10:30:00+00:00,7705,signal_exit,-0.0533999999998534,-0.7285129604345619,False,False,4500,6.849643600189728,0.9943727545026266,0.45355394923621994,1.1825711854113516,-0.5808416072702547,-0.4421052631579833,0.1999999999990898,9.25
rsi2_m15_usd100000_smaller_stop_and_time,2017-04-27T12:00:00+00:00,2017-04-27T12:30:00+00:00,7716,target,0.8566841802768244,11.671446597776898,False,True,1800,7.4981211190510955,1.0717739335120113,0.25975761164219,-1.2358538739414797,-2.117075572718702,-0.605714285714272,0.1999999999990898,12.0
rsi2_m15_usd100000_smaller_stop_and_time,2017-04-28T12:45:00+00:00,2017-04-28T14:00:00+00:00,7813,signal_exit,-0.03163999999987227,-0.43224043715672494,False,False,4500,9.418398338862138,1.2138474768884455,0.9796218656465602,3.1451507876969624,-0.4856054615972265,-0.5316455696201796,0.2999999999997449,12.75
rsi2_m15_usd100000_smaller_stop_and_time,2017-05-02T10:30:00+00:00,2017-05-02T13:30:00+00:00,7983,holding_bars,-0.4635199999999384,-6.332240437157628,False,False,10800,6.239294167474064,1.0868279002367796,0.5318738168416549,1.1049251932937845,-1.1436194793760797,-0.7999999999999192,0.30000000000196536,10.5
rsi2_m15_usd100000_smaller_stop_and_time,2017-05-02T14:15:00+00:00,2017-05-02T15:15:00+00:00,7998,signal_exit,0.3570800000000689,4.871487039564378,False,True,3600,7.6901307724864845,1.265092572974601,0.31133351848220137,-1.336979723611603,-2.7864337086637323,-0.6881720430107348,0.2999999999997449,14.25
rsi2_m15_usd100000_smaller_stop_and_time,2017-05-03T14:00:00+00:00,2017-05-03T15:30:00+00:00,8086,signal_exit,0.026920000000023758,0.3677595628418546,False,True,5400,6.033523818935543,1.0900029044857438,-0.0301809984504798,-0.5520408524577779,-0.7222611030708219,-0.5869565217392354,0.700000000000145,14.0
rsi2_m15_usd100000_smaller_stop_and_time,2017-05-04T12:00:00+00:00,2017-05-04T13:00:00+00:00,8172,signal_exit,0.5236900000001963,7.164021887827583,False,True,3600,7.301394594853081,1.2182193145413553,0.35461717592778286,2.740415742196484,0.28836878928338044,-0.48214285714293503,0.1999999999990898,12.0
rsi2_m15_usd100000_smaller_stop_and_time,2017-05-05T09:00:00+00:00,2017-05-05T11:45:00+00:00,8253,signal_exit,0.06244000000010058,0.8565157750356732,False,True,9900,6.952373363101786,1.1438321371897013,1.514606125554221,2.43216404176957,-2.3827894376544614,-0.5630252100841653,0.20000000000131024,9.0
rsi2_m15_usd100000_smaller_stop_and_time,2017-05-08T08:00:00+00:00,2017-05-08T09:45:00+00:00,8343,stop,-1.6999565306933706,-23.319019625423465,True,False,6300,9.937767700229799,1.32878459242723,0.3521653658025404,-1.1398701801351432,-1.8234686052050249,-0.33980582524283354,0.2999999999997449,8.0
rsi2_m15_usd100000_smaller_stop_and_time,2017-05-08T14:45:00+00:00,2017-05-08T15:30:00+00:00,8370,stop,-1.4973337819137689,-20.483362269682203,True,False,2700,8.47369207875549,1.0972433212429884,-0.5583516382105947,-3.3087119061018617,-1.8176878100966616,-0.5645161290319577,0.3999999999981796,14.75
rsi2_m15_usd100000_smaller_stop_and_time,2017-05-09T09:00:00+00:00,2017-05-09T09:15:00+00:00,8440,stop,-1.1714843114728328,-15.982050634008633,True,False,900,6.276768836786832,0.9775302580517441,-0.9154249816690723,-5.601456595205726,-1.5386589697902695,-0.7831325301206367,0.2999999999997449,9.0
rsi2_m15_usd100000_smaller_stop_and_time,2017-05-09T09:30:00+00:00,2017-05-09T11:45:00+00:00,8442,stop,-1.2527330542800992,-17.09049187285265,True,False,8100,6.930989456209058,1.0641200732225842,-0.9687505419808239,-7.041885155364799,-2.241574343445251,-0.8012820512820312,0.10000000000065512,9.5
rsi2_m15_usd100000_smaller_stop_and_time,2017-05-09T12:00:00+00:00,2017-05-09T14:00:00+00:00,8452,signal_exit,0.5046400000000528,6.875204359673744,False,True,7200,8.109905588955131,1.1982604081056292,-1.2844162946311115,-7.506712538244863,-1.7538166724790163,-0.3565217391304583,0.10000000000065512,12.0
rsi2_m15_usd100000_smaller_stop_and_time,2017-05-09T15:30:00+00:00,2017-05-09T17:00:00+00:00,8466,signal_exit,0.7248400000001916,9.875204359675633,False,True,5400,8.62504448131804,1.2221008846296946,-1.4829949803861062,-6.857893687046682,-1.436720035382091,-0.8219178082192572,0.10000000000065512,15.5
rsi2_m15_usd100000_smaller_stop_and_time,2017-05-10T08:45:00+00:00,2017-05-10T09:00:00+00:00,8532,stop,-1.1514169829156433,-15.686879876234922,True,False,900,6.131042117954008,0.9518572535673675,-0.7600085066015534,-4.6429166850033745,-2.9778128877750976,-0.7439024390243506,0.30000000000196536,8.75
rsi2_m15_usd100000_smaller_stop_and_time,2017-05-10T09:15:00+00:00,2017-05-10T11:45:00+00:00,8534,signal_exit,-0.06034999999990115,-0.8210884353728047,False,False,9000,6.517072030276689,1.003557026409488,-0.8117970186998587,-6.086455801994054,-2.719911717176039,-0.2500000000000771,0.20000000000131024,9.25
rsi2_m15_usd100000_smaller_stop_and_time,2017-05-10T13:45:00+00:00,2017-05-10T16:45:00+00:00,8552,holding_bars,0.16750000000012275,2.27891156462752,False,True,10800,7.800084767417477,1.151045375064188,-1.1382475612372271,-5.458929979757309,-1.1306115205114724,-0.8445945945947689,0.30000000000196536,13.75
rsi2_m15_usd100000_smaller_stop_and_time,2017-05-11T09:00:00+00:00,2017-05-11T11:00:00+00:00,8625,stop,-1.0756676639394358,-14.654872805714383,True,False,7200,5.665038582694061,0.9660086451433874,-0.452632700876187,-1.3854366722203884,0.2557055439784192,-0.7704918032790048,0.20000000000131024,9.0
rsi2_m15_usd100000_smaller_stop_and_time,2017-05-11T12:00:00+00:00,2017-05-11T12:15:00+00:00,8637,stop,-1.1153924304037703,-15.154788456572964,True,False,900,5.918698576113563,1.0123927120222493,-0.4427951433992704,-4.789595916157519,-2.3807537156059695,-0.8301886792452277,0.1999999999990898,12.0
rsi2_m15_usd100000_smaller_stop_and_time,2017-05-11T12:30:00+00:00,2017-05-11T13:00:00+00:00,8639,target,0.6345789833586679,8.62199705650364,False,True,1800,6.769694180424434,1.133687026059523,-0.5014546355811359,-5.894211485286445,-2.3912607933068677,-0.5729729729729146,1.7999999999984695,12.5
rsi2_m15_usd100000_smaller_stop_and_time,2017-05-17T07:15:00+00:00,2017-05-17T10:00:00+00:00,8983,signal_exit,-0.25759999999989774,-3.5777777777763573,False,False,9900,7.8815435431833265,1.2570430312914171,3.17156804324126,9.943176498231063,-1.940329861979969,-0.5633187772925091,0.2999999999997449,7.25
rsi2_m15_usd100000_smaller_stop_and_time,2017-05-18T09:45:00+00:00,2017-05-18T10:15:00+00:00,9088,target,1.1809612036328074,16.425051510887446,False,True,1800,9.953346339587481,1.3241559314159712,1.2521262041080707,0.8366417501416413,-2.955859010786759,-0.8172043010752624,0.2999999999997449,9.75
rsi2_m15_usd100000_smaller_stop_and_time,2017-05-18T11:45:00+00:00,2017-05-18T12:15:00+00:00,9096,target,1.1909927694154279,16.564572592704142,False,True,1800,9.97310688049571,1.2958948527945435,0.9274772573877528,1.351248115613544,-1.7983618298350927,-0.8318584070797181,0.1999999999990898,11.75
rsi2_m15_usd100000_smaller_stop_and_time,2017-05-22T15:15:00+00:00,2017-05-22T17:30:00+00:00,9293,signal_exit,-0.07201999999979308,-1.0129395217973711,False,False,8100,10.136061483573128,1.2738545279321154,2.0600572130744954,7.567224740090628,-0.7990526687905164,-0.600961538461502,0.1999999999990898,15.25
rsi2_m15_usd100000_smaller_stop_and_time,2017-05-23T07:00:00+00:00,2017-05-23T07:00:00+00:00,9355,target,0.6574765539364418,9.234221263152271,False,True,0,6.371605013597094,0.9539577480003817,1.613123260387857,2.9734399723480323,-2.4383139388366213,-0.712871287128578,0.2999999999997449,7.0
rsi2_m15_usd100000_smaller_stop_and_time,2017-05-23T10:45:00+00:00,2017-05-23T11:30:00+00:00,9370,stop,-1.529440305064822,-21.541412747391856,True,False,2700,9.112255669470784,1.2295214975898503,1.3136327244784147,4.793049856966797,-0.0015444210374465322,-0.20454545454553483,0.10000000000065512,10.75
rsi2_m15_usd100000_smaller_stop_and_time,2017-05-23T11:45:00+00:00,2017-05-23T12:00:00+00:00,9374,stop,-1.4960448922267553,-21.041419018660413,True,False,900,8.814239748431778,1.1852138030678019,1.1934670569834847,2.5803409780499877,-1.6940303271828625,-0.1594202898548113,0.1999999999990898,11.75
rsi2_m15_usd100000_smaller_stop_and_time,2017-05-23T12:15:00+00:00,2017-05-23T12:30:00+00:00,9376,target,1.1048537147441477,15.517608353148141,False,True,900,9.46329855859683,1.2510394360161847,1.0963978735096498,0.345132147577943,-2.4531810148617756,-0.22413793103460156,0.20000000000131024,12.25
rsi2_m15_usd100000_smaller_stop_and_time,2017-05-23T14:15:00+00:00,2017-05-23T15:00:00+00:00,9384,signal_exit,0.41944000000010573,5.89101123595654,False,True,2700,9.934636157677712,1.2756253178396981,0.8531085407734019,0.7741890711456098,-1.3377647137683861,-0.38620689655175794,0.0,14.25
rsi2_m15_usd100000_smaller_stop_and_time,2017-05-24T13:30:00+00:00,2017-05-24T16:30:00+00:00,9476,holding_bars,-0.7711999999997785,-10.80112044817617,False,False,10800,9.70903476123045,1.25321112388471,-0.3555037806336773,-1.7896321174149272,-0.6274073158460776,-0.4977973568282283,0.1999999999990898,13.5
rsi2_m15_usd100000_smaller_stop_and_time,2017-05-25T07:00:00+00:00,2017-05-25T07:30:00+00:00,9545,signal_exit,0.3980800000001239,5.591011235956795,False,True,1800,5.859864536878262,0.8102872981306646,1.0288666239548174,3.030938722766214,-1.5593456124743312,-0.1818181818179983,0.0,7.0
rsi2_m15_usd100000_smaller_stop_and_time,2017-05-25T09:15:00+00:00,2017-05-25T10:00:00+00:00,9554,stop,-1.260936373042408,-17.734688791032458,True,False,2700,7.110874634617394,0.9713238812753933,1.040007398735812,2.7411181202883896,-1.5195110878491476,-0.811188811188822,0.2999999999997449,9.25
rsi2_m15_usd100000_smaller_stop_and_time,2017-05-25T10:45:00+00:00,2017-05-25T12:30:00+00:00,9560,stop,-1.282010216618258,-18.00576146935756,True,False,6300,7.348386352657169,0.9998053846457396,0.819838346522629,0.47440049736130196,-1.8506935382119476,-0.14705882352944058,0.10000000000065512,10.75
rsi2_m15_usd100000_smaller_stop_and_time,2017-05-25T12:45:00+00:00,2017-05-25T13:00:00+00:00,9568,target,0.9001654524001031,12.60735927731237,False,True,900,8.004239862745834,1.0755300396690344,0.46923862367069447,-1.928558467630415,-1.8444818520454802,-0.5632183908046343,0.20000000000131024,12.75
rsi2_m15_usd100000_smaller_stop_and_time,2017-05-26T09:30:00+00:00,2017-05-26T10:15:00+00:00,9645,signal_exit,0.2628000000000281,3.691011235955451,False,True,2700,6.789410179923828,0.9951229978052554,0.001031913682659171,0.8386578162599012,0.4506404394829942,-0.6835443037973901,0.20000000000131024,9.5
rsi2_m15_usd100000_smaller_stop_and_time,2017-05-26T11:30:00+00:00,2017-05-26T12:30:00+00:00,9653,stop,-1.3047219534483847,-18.299045630412127,True,False,3600,7.396998271027857,1.0713703011929998,0.1783109104317619,-0.849934381294929,-2.029158661042986,-0.8028169014084067,0.2999999999997449,11.5
rsi2_m15_usd100000_smaller_stop_and_time,2017-05-26T12:45:00+00:00,2017-05-26T13:00:00+00:00,9658,stop,-1.4774652341718775,-20.663849428977308,True,False,900,8.583323315888801,1.205217064095128,0.12894155284070585,-4.036127182450323,-2.4897128311497325,-0.8985507246376555,0.2999999999997449,12.75
rsi2_m15_usd100000_smaller_stop_and_time,2017-05-26T13:15:00+00:00,2017-05-26T14:15:00+00:00,9660,signal_exit,0.9384400000001448,13.106703910616547,False,True,3600,9.406028777475452,1.2935788205607426,0.014873176295815686,-6.2979299290597375,-2.553545807058917,-0.8207547169812062,0.2999999999997449,13.25
rsi2_m15_usd100000_smaller_stop_and_time,2017-05-29T13:15:00+00:00,2017-05-29T14:30:00+00:00,9749,stop,-0.9423376475863063,-13.1795475186896,True,False,4500,4.941172360744738,0.8285351389661012,-0.27096348260478575,-1.7426494211415244,-2.2569692471557032,-0.567307692307604,0.09999999999843467,13.25
rsi2_m15_usd100000_smaller_stop_and_time,2017-05-30T11:30:00+00:00,2017-05-30T11:30:00+00:00,9833,target,0.9037864118714501,12.622715249601258,False,True,0,8.008005669491627,1.3000301616633887,-0.955490925122793,-2.293109846787596,0.32190166123826325,-0.3376623376622703,0.1999999999990898,11.5
rsi2_m15_usd100000_smaller_stop_and_time,2017-05-31T08:45:00+00:00,2017-05-31T09:30:00+00:00,9916,signal_exit,0.35055000000011405,4.902797202798798,False,True,2700,7.255951568874366,1.1162655637053363,0.2166863640901344,0.3269566846984068,-0.4313895126216168,-0.40909090909090146,0.10000000000065512,8.75
rsi2_m15_usd100000_smaller_stop_and_time,2017-06-01T09:00:00+00:00,2017-06-01T10:00:00+00:00,10012,signal_exit,0.41944000000010573,5.89101123595654,False,True,3600,7.190919887207172,1.0508598079662146,1.0697071981080446,2.212366678277631,-1.7883449993113598,-0.18518518518530702,0.2999999999997449,9.0
rsi2_m15_usd100000_smaller_stop_and_time,2017-06-01T11:30:00+00:00,2017-06-01T12:15:00+00:00,10022,stop,-1.2845783878256354,-18.04183128968589,True,False,2700,7.266421262821399,1.0525890602267345,0.7410971230537338,1.3730896988928778,-1.7776614933628045,-0.3452380952379977,0.2999999999997449,11.5
rsi2_m15_usd100000_smaller_stop_and_time,2017-06-01T12:30:00+00:00,2017-06-01T13:15:00+00:00,10026,signal_exit,0.5058700000001914,7.094950911643639,False,True,2700,7.730410706149666,1.1076325868887198,0.595081446047062,-0.6948781002018404,-2.848669108190263,-0.5491329479768794,0.4999999999988347,12.5
rsi2_m15_usd100000_smaller_stop_and_time,2017-06-02T11:00:00+00:00,2017-06-02T11:45:00+00:00,10109,stop,-0.9161323667097292,-12.867027622327656,True,False,2700,4.729019429142276,0.8584074535145871,0.23056747054390125,0.5116711981403342,-0.9362339381417736,-0.35416666666664737,0.1999999999990898,11.0
rsi2_m15_usd100000_smaller_stop_and_time,2017-06-02T12:00:00+00:00,2017-06-02T12:00:00+00:00,10113,target,0.4961376090792673,6.958451740242178,False,True,0,5.131750414299484,0.9265019037387114,0.17460218632294852,-1.719968183028688,-2.8859462834552705,-0.7209302325583317,0.10000000000065512,12.0
rsi2_m15_usd100000_smaller_stop_and_time,2017-06-05T10:30:00+00:00,2017-06-05T12:15:00+00:00,10195,signal_exit,0.09151000000001525,1.287060478199933,False,True,6300,6.822863568049407,1.091684737002319,0.8500221707791772,-0.21016736570099306,-3.5050626979277753,-0.9411764705881777,0.10000000000065512,10.5
rsi2_m15_usd100000_smaller_stop_and_time,2017-06-06T07:15:00+00:00,2017-06-06T07:15:00+00:00,10272,stop,-0.9640662847380341,-13.57839837659203,True,False,0,5.080748484072245,0.942622380084301,0.8359938786821605,0.8449701131315893,-3.2253973780716505,-0.8333333333333601,0.1999999999990898,7.25
rsi2_m15_usd100000_smaller_stop_and_time,2017-06-06T07:30:00+00:00,2017-06-06T08:45:00+00:00,10273,signal_exit,0.4683400000001159,6.587060478201349,False,True,4500,5.846409306638452,1.0632827672333423,0.7681020587178723,-1.6107420169426279,-3.642819301088912,-0.8544303797468576,0.1999999999990898,7.5
rsi2_m15_usd100000_smaller_stop_and_time,2017-06-07T07:30:00+00:00,2017-06-07T08:45:00+00:00,10365,target,0.49522123950670927,6.974947035305764,False,True,4500,5.245924221877595,0.973681069117005,0.21474653329613685,-1.0013029107065528,-2.5097290485136905,-0.366459627329136,0.2999999999997449,7.5
rsi2_m15_usd100000_smaller_stop_and_time,2017-06-07T10:15:00+00:00,2017-06-07T10:30:00+00:00,10376,stop,-1.5327331388356837,-21.52715082634387,True,False,900,9.059081031150418,1.5132581460101298,0.07056204225208917,-5.80276961492515,-3.4686438006225324,-0.9773755656108124,0.1999999999990898,10.25
rsi2_m15_usd100000_smaller_stop_and_time,2017-06-07T10:45:00+00:00,2017-06-07T12:30:00+00:00,10378,signal_exit,0.826720000000077,11.594950911642032,False,True,6300,10.755023950328656,1.7050871104674465,-0.08230240901404216,-7.6962416734195935,-2.6455845159108344,-0.48333333333328604,0.10000000000065512,10.75
rsi2_m15_usd100000_smaller_stop_and_time,2017-06-08T07:00:00+00:00,2017-06-08T07:45:00+00:00,10458,target,0.5721173656856784,8.05799106599547,False,True,2700,5.737446237222907,0.8539930722678917,-0.01070584078208458,-0.6503743211381011,-1.3926651053183765,-0.6136363636363522,0.20000000000131024,7.0
rsi2_m15_usd100000_smaller_stop_and_time,2017-06-08T08:30:00+00:00,2017-06-08T09:45:00+00:00,10464,stop,-1.21038960208794,-17.047740874478027,True,False,4500,6.815419733014701,0.9962483843652907,0.03258683610156483,-0.7376242603339503,-1.5136047535180464,-0.6759259259257108,0.1999999999990898,8.5
rsi2_m15_usd100000_smaller_stop_and_time,2017-06-08T10:00:00+00:00,2017-06-08T11:30:00+00:00,10470,signal_exit,0.13417000000013685,1.8870604782016434,False,True,5400,7.669872779158513,1.0985221092597404,-0.08944218371607404,-3.2854193933692297,-2.5247639551655987,-0.7931034482757564,0.10000000000065512,10.0
rsi2_m15_usd100000_smaller_stop_and_time,2017-06-08T12:00:00+00:00,2017-06-08T12:30:00+00:00,10478,stop,-1.5965915210247532,-22.42403821663979,True,False,1800,9.457524726298985,1.3027273162085091,-0.3122599183194295,-4.103567825301329,-1.842997596670811,-0.32516703786191153,0.2999999999997449,12.0
rsi2_m15_usd100000_smaller_stop_and_time,2017-06-08T14:15:00+00:00,2017-06-08T17:15:00+00:00,10487,holding_bars,0.2064100000001294,2.8949509116427685,False,True,10800,14.90911099070323,1.7516457585022087,-0.6459522893650129,-6.297236569399379,-2.774322762460561,-0.900862068965542,0.10000000000065512,14.25
rsi2_m15_usd100000_smaller_stop_and_time,2017-06-09T08:45:00+00:00,2017-06-09T11:45:00+00:00,10560,holding_bars,0.28620000000016876,4.002797202799563,False,True,10800,10.917977087536123,1.260382968876936,-0.8841271346080668,-6.2610292466147826,-2.508400117256517,-0.4388185654009111,0.2999999999997449,8.75
rsi2_m15_usd100000_smaller_stop_and_time,2017-06-09T13:00:00+00:00,2017-06-09T13:45:00+00:00,10577,signal_exit,0.26475000000002824,3.7027972027975977,False,True,2700,8.541897405624333,1.0058816259805172,-1.2073049799486113,-5.803798644528333,-2.3409205122261803,-0.615384615384411,0.2999999999997449,13.0
rsi2_m15_usd100000_smaller_stop_and_time,2017-06-12T07:15:00+00:00,2017-06-12T07:30:00+00:00,10642,target,0.42978128263225357,6.027787975206922,False,True,900,4.766418531782101,0.7135458008297046,-0.0950771500248533,-0.678491962871997,-0.6547862533453987,-0.6,0.2999999999997449,7.25
rsi2_m15_usd100000_smaller_stop_and_time,2017-06-12T10:45:00+00:00,2017-06-12T11:00:00+00:00,10656,target,0.7257660566194888,10.179047077412184,False,True,900,6.74204808288443,0.9885174006063834,0.1701643287581022,0.020985842823452446,-1.0038286662365978,-0.37078651685388914,0.09999999999843467,10.75
rsi2_m15_usd100000_smaller_stop_and_time,2017-06-12T14:00:00+00:00,2017-06-12T14:15:00+00:00,10669,stop,-1.2545970919576326,-17.59603214526834,True,False,900,7.095491528456091,1.0314436095992636,0.2796247417495139,-0.4715817624410312,-2.237886859325089,-0.542372881355929,0.1999999999990898,14.0
rsi2_m15_usd100000_smaller_stop_and_time,2017-06-12T14:30:00+00:00,2017-06-12T17:30:00+00:00,10671,holding_bars,-0.028879999999828876,-0.4050490883566462,False,False,10800,7.517541164842179,1.082266425895681,0.21585059003822785,-1.8175973646796384,-2.568281124833435,-0.3076923076922639,0.1999999999990898,14.5
rsi2_m15_usd100000_smaller_stop_and_time,2017-06-13T13:00:00+00:00,2017-06-13T14:30:00+00:00,10759,signal_exit,-0.08591999999988592,-1.2050490883574463,False,False,5400,5.8099105361824295,0.9795339167382882,0.21463517955608546,0.14684930981044733,-1.0296622792554775,-0.700000000000222,0.1999999999990898,13.0
rsi2_m15_usd100000_smaller_stop_and_time,2017-06-14T07:30:00+00:00,2017-06-14T09:30:00+00:00,10830,stop,-0.8926254330061352,-12.519290785499791,True,False,7200,4.607120848572087,0.9088564759684872,0.41119917622377394,0.9085159290432583,-1.2394989270447307,-0.5232558139532512,0.09999999999843467,7.5
rsi2_m15_usd100000_smaller_stop_and_time,2017-06-15T07:15:00+00:00,2017-06-15T08:45:00+00:00,10924,stop,-1.2546506110305744,-17.572137409391797,True,False,5400,7.085508480607937,1.000781973390805,-0.07600355102679374,-3.9552816176970937,-3.7674546693993514,-0.731448763250918,0.1999999999990898,7.25
rsi2_m15_usd100000_smaller_stop_and_time,2017-06-15T09:45:00+00:00,2017-06-15T12:45:00+00:00,10934,holding_bars,-1.286799999999817,-17.997202797200238,False,False,10800,9.209913036496717,1.2311112046263597,-0.5403596413483195,-6.693076078393175,-1.9324368901289524,-0.7785714285715396,0.10000000000065512,9.75
rsi2_m15_usd100000_smaller_stop_and_time,2017-06-15T13:15:00+00:00,2017-06-15T15:15:00+00:00,10948,signal_exit,0.40228000000012476,5.610599721061711,False,True,7200,9.657749408086463,1.2449034302428819,-1.3802326281367678,-8.017148068231798,-1.8415825739909715,-0.3951612903226211,0.700000000000145,13.25
rsi2_m15_usd100000_smaller_stop_and_time,2017-06-16T11:45:00+00:00,2017-06-16T12:30:00+00:00,11037,target,0.679801907846447,9.507718990859399,False,True,2700,6.452460894029203,1.00084123976073,-0.40516284410764236,-1.2903109852718126,-0.16909232424736226,-0.39189189189177837,0.1999999999990898,11.75
rsi2_m15_usd100000_smaller_stop_and_time,2017-06-19T07:30:00+00:00,2017-06-19T08:00:00+00:00,11109,target,0.5238899150080034,7.337393767619095,False,True,1800,5.319257107898323,0.9275229359315069,0.5006165465266514,0.028628821034861557,-2.336630937906686,-0.413333333333361,0.10000000000065512,7.5
rsi2_m15_usd100000_smaller_stop_and_time,2017-06-19T12:00:00+00:00,2017-06-19T12:30:00+00:00,11127,stop,-1.141795297965929,-15.99153078383654,True,False,1800,6.295205167828355,1.0774897226267588,0.4218086799975757,0.5808818382558327,-0.749662697895496,-0.8545454545455243,0.20000000000131024,12.0
rsi2_m15_usd100000_smaller_stop_and_time,2017-06-19T14:45:00+00:00,2017-06-19T16:45:00+00:00,11138,stop,-1.2449167742996414,-17.411423416778202,True,False,7200,7.107110309788064,1.1653986873440303,0.0981834197447641,-2.58413831816349,-1.4836537715444966,-0.8135593220341407,0.0,14.75
rsi2_m15_usd100000_smaller_stop_and_time,2017-06-20T07:15:00+00:00,2017-06-20T07:45:00+00:00,11202,target,0.3697787048904049,5.157304112836888,False,True,1800,4.273352195887717,0.8271649736122819,-0.7844590967124324,-4.110285673608683,-2.268211958615553,-0.4477611940298359,0.20000000000131024,7.25
rsi2_m15_usd100000_smaller_stop_and_time,2017-06-20T11:15:00+00:00,2017-06-20T12:00:00+00:00,11218,target,0.6119147914813823,8.534376450228484,False,True,2700,5.961888364582381,1.0947133572325787,-0.618199685157696,-3.500784725618495,-1.189429972935854,-0.6111111111110198,0.1999999999990898,11.25
rsi2_m15_usd100000_smaller_stop_and_time,2017-06-20T14:00:00+00:00,2017-06-20T15:15:00+00:00,11229,stop,-1.2992491932626138,-18.120630310496704,True,False,4500,7.315615015779385,1.272987417549909,-0.65884567497014,-5.2908167146444836,-2.575141367698305,-0.8561643835616157,0.2999999999997449,14.0
rsi2_m15_usd100000_smaller_stop_and_time,2017-06-20T15:30:00+00:00,2017-06-20T18:00:00+00:00,11235,signal_exit,-0.07075999999995047,-0.9855153203335719,False,False,9000,7.783678316791408,1.31463172749826,-0.8319132798945829,-7.051676174705998,-2.2386523423554303,-0.3625000000000937,0.20000000000131024,15.5
rsi2_m15_usd100000_smaller_stop_and_time,2017-06-21T08:15:00+00:00,2017-06-21T08:45:00+00:00,11297,target,0.3005127146391138,4.185413852912448,False,True,1800,3.785464586623558,0.803078511673872,-0.9194148243224579,-4.503178479727533,-1.9308914412839144,-0.5000000000001587,0.20000000000131024,8.25
rsi2_m15_usd100000_smaller_stop_and_time,2017-06-21T13:30:00+00:00,2017-06-21T14:15:00+00:00,11318,signal_exit,0.5251800000001274,7.314484679667513,False,True,2700,7.020959583799448,1.3249171439267131,-0.30400310847921963,-2.734271808823961,-2.3464068695631823,-0.6223776223774888,0.09999999999843467,13.5
rsi2_m15_usd100000_smaller_stop_and_time,2017-06-22T07:30:00+00:00,2017-06-22T07:30:00+00:00,11388,stop,-0.8517010056932663,-11.895265442643383,True,False,0,4.250984676629402,0.9047185552441527,0.7879508975032392,1.6157877411927777,-2.100255858585579,-0.3125000000001735,0.20000000000131024,7.5
rsi2_m15_usd100000_smaller_stop_and_time,2017-06-22T07:45:00+00:00,2017-06-22T08:00:00+00:00,11389,target,0.43379093385834566,6.05853259578695,False,True,900,4.72591434258447,0.9921556986792432,0.7569974473040446,0.18541770057061482,-3.0249127092282704,-0.6146788990825015,0.1999999999990898,7.75
rsi2_m15_usd100000_smaller_stop_and_time,2017-06-22T10:15:00+00:00,2017-06-22T12:15:00+00:00,11399,signal_exit,0.15084000000007267,2.10670391061554,False,True,7200,5.159559076614953,1.0620193018240032,0.6563177127740139,1.3579015200011681,-0.9468861172983648,-0.37735849056605353,0.10000000000065512,10.25
rsi2_m15_usd100000_smaller_stop_and_time,2017-06-22T13:30:00+00:00,2017-06-22T16:30:00+00:00,11412,holding_bars,-0.5293599999999319,-7.393296089384523,False,False,10800,5.709730947338916,1.1466255606450382,0.3804086452999957,-0.22134499324280973,-1.9637507634007003,-0.6086956521741649,0.20000000000131024,13.5
rsi2_m15_usd100000_smaller_stop_and_time,2017-06-23T09:15:00+00:00,2017-06-23T10:15:00+00:00,11488,signal_exit,0.1718000000002131,2.402797202800183,False,True,3600,5.486606294049348,1.1608699045221915,0.610317915500004,1.781607983835129,-0.4902951694790455,-0.7903225806455252,0.0,9.25
rsi2_m15_usd100000_smaller_stop_and_time,2017-06-26T08:30:00+00:00,2017-06-26T09:45:00+00:00,11575,stop,-1.1044558192041993,-15.468568896417358,True,False,4500,6.033724224120364,1.2761731846691082,0.927507247088841,2.485990614864157,-0.9244495743609236,-0.70422535211261,0.1999999999990898,8.5
rsi2_m15_usd100000_smaller_stop_and_time,2017-06-26T10:00:00+00:00,2017-06-26T11:45:00+00:00,11581,signal_exit,0.10745000000026778,1.5027972028009478,False,True,6300,6.1839413728153865,1.2784231524940783,0.7222753098089719,-0.21907120505621847,-1.9330418990763567,-0.7142857142854877,0.09999999999843467,10.0
rsi2_m15_usd100000_smaller_stop_and_time,2017-06-26T15:45:00+00:00,2017-06-26T17:30:00+00:00,11604,signal_exit,-0.10717999999986755,-1.5011204481774165,False,False,6300,8.789421899970865,1.5336269281003638,0.645765073154691,1.4532376921094263,-0.55138312797083,-0.7823129251700136,0.10000000000065512,15.75
rsi2_m15_usd100000_smaller_stop_and_time,2017-06-27T07:45:00+00:00,2017-06-27T08:00:00+00:00,11665,target,0.33528254429961657,4.695833953776142,False,True,900,4.048477200976465,0.850287990056263,0.36289003247446505,0.6745222447966769,-1.427719143946673,-0.599999999999795,0.1999999999990898,7.75
rsi2_m15_usd100000_smaller_stop_and_time,2017-06-28T09:15:00+00:00,2017-06-28T10:15:00+00:00,11764,signal_exit,0.36943000000014026,5.255049786630728,False,True,3600,10.17086060871971,1.3730052187905863,3.092098985951947,10.9156180648132,-0.48507204461283665,-0.3505154639174833,0.1999999999990898,9.25
rsi2_m15_usd100000_smaller_stop_and_time,2017-06-28T12:30:00+00:00,2017-06-28T13:30:00+00:00,11777,target,1.7367818582904337,24.635203663694092,False,True,3600,14.186041548159082,1.7245849691381816,2.58378233774601,5.316555237251227,-3.2155506096249558,-0.5143843498273928,0.5000000000010552,12.5
rsi2_m15_usd100000_smaller_stop_and_time,2017-06-28T15:30:00+00:00,2017-06-28T16:15:00+00:00,11789,signal_exit,1.0531200000000807,14.959090909092053,False,True,2700,16.129193325561534,1.722327565821755,1.8708105973565248,6.324428228033686,-0.2713068067578233,-0.6444444444444078,0.1999999999990898,15.5
rsi2_m15_usd100000_smaller_stop_and_time,2017-06-29T09:30:00+00:00,2017-06-29T11:15:00+00:00,11860,stop,-1.499239630504423,-21.417709007206042,True,False,6300,8.98028307503146,1.1092473260663618,2.2187895198734657,8.284867844393844,0.010433857748226728,-0.9553571428572473,0.20000000000131024,9.5
rsi2_m15_usd100000_smaller_stop_and_time,2017-06-29T11:30:00+00:00,2017-06-29T12:00:00+00:00,11868,signal_exit,0.4799700000000964,6.846932952925768,False,True,1800,9.338562050211763,1.1330680928664831,2.0608750214073788,5.464161552956967,-1.938560738112538,-0.5636363636361691,0.2999999999997449,11.5
rsi2_m15_usd100000_smaller_stop_and_time,2017-06-30T07:45:00+00:00,2017-06-30T09:00:00+00:00,11948,stop,-1.3393016045363915,-19.132880064805594,True,False,4500,7.887868603833141,1.0661466996827103,1.4292857015060845,1.7284513266241557,-2.693442519677585,-0.28834355828222613,0.09999999999843467,7.75
rsi2_m15_usd100000_smaller_stop_and_time,2017-06-30T15:00:00+00:00,2017-06-30T17:00:00+00:00,11977,signal_exit,0.35379000000020366,5.046932952927299,False,True,7200,9.166293218145167,1.1633781773177756,0.3636959902502757,0.6425715765269845,-1.0714156515870892,-0.4829545454545598,0.10000000000065512,15.0
rsi2_m15_usd100000_smaller_stop_and_time,2017-07-03T07:45:00+00:00,2017-07-03T08:00:00+00:00,12039,stop,-1.0575733783063372,-15.08663877755117,True,False,900,5.766785865239305,0.8892129381592327,0.1396651423469681,-1.6402989477205991,-2.6772940786937616,-0.7301587301586854,0.2999999999997449,7.75
rsi2_m15_usd100000_smaller_stop_and_time,2017-07-03T08:15:00+00:00,2017-07-03T11:15:00+00:00,12041,holding_bars,-1.0283599999998152,-14.649002849000215,False,False,10800,6.35758577155829,0.9696622209530856,0.051814332060604165,-3.4318363390849753,-3.0545854935825654,-0.8297872340425297,0.09999999999843467,8.25
rsi2_m15_usd100000_smaller_stop_and_time,2017-07-03T11:30:00+00:00,2017-07-03T12:30:00+00:00,12054,signal_exit,0.039020000000004884,0.5550497866288034,False,True,3600,7.01010592473962,1.05077723226542,-0.5660418721433105,-4.990029963444963,-1.334845017449895,-0.27358490566047816,0.30000000000196536,11.5
rsi2_m15_usd100000_smaller_stop_and_time,2017-07-03T13:15:00+00:00,2017-07-03T14:00:00+00:00,12061,signal_exit,0.46785000000016064,6.655049786631018,False,True,2700,7.525605608274948,1.1095045777301091,-0.9206010158620543,-5.626268627691008,-1.9283096302682627,-0.6813186813185338,0.1999999999990898,13.25
rsi2_m15_usd100000_smaller_stop_and_time,2017-07-03T15:30:00+00:00,2017-07-03T18:30:00+00:00,12070,holding_bars,-0.2773299999998822,-3.9449502133695904,False,False,10800,7.563739997826353,1.102331136556835,-1.1065025878199422,-5.713996048135513,-2.159792546602033,-0.7311827956986243,0.09999999999843467,15.5
rsi2_m15_usd100000_smaller_stop_and_time,2017-07-04T08:45:00+00:00,2017-07-04T10:15:00+00:00,12135,signal_exit,-0.2,-2.8409090909090913,False,False,5400,7.814733180086993,1.24005474249109,-0.8278396815505893,-4.843240588714833,-1.1558746125552322,-0.44117647058817766,0.10000000000065512,8.75
rsi2_m15_usd100000_smaller_stop_and_time,2017-07-05T08:15:00+00:00,2017-07-05T08:30:00+00:00,12223,stop,-1.0178209342976072,-14.478249421018594,True,False,900,5.466649603824401,1.0085269073716576,-0.30598934515704657,-1.5371389003017273,-0.359522962636818,-0.6262626262625787,0.2999999999997449,8.25
rsi2_m15_usd100000_smaller_stop_and_time,2017-07-05T08:45:00+00:00,2017-07-05T09:00:00+00:00,12225,stop,-1.0977894931269787,-15.593600754644582,True,False,900,6.076345831869011,1.1023135635974353,-0.3607268430786873,-4.3258649938280564,-2.8411524491893934,-0.8636363636362627,0.1999999999990898,8.75
rsi2_m15_usd100000_smaller_stop_and_time,2017-07-05T09:30:00+00:00,2017-07-05T10:00:00+00:00,12228,stop,-1.343499301296952,-19.05672767797095,True,False,1800,7.859924122673549,1.3550187617801386,-0.4527350852725202,-5.63064516289624,-2.5661733179097355,-0.7720588235293926,0.10000000000065512,9.5
rsi2_m15_usd100000_smaller_stop_and_time,2017-07-05T10:15:00+00:00,2017-07-05T11:15:00+00:00,12231,signal_exit,0.13888000000018214,1.96713881020088,False,True,3600,8.24389697431264,1.3926014918198775,-0.6031694112913211,-7.256157629868517,-2.0863810764712194,-0.2697368421052833,0.2999999999997449,10.25
rsi2_m15_usd100000_smaller_stop_and_time,2017-07-05T12:30:00+00:00,2017-07-05T14:00:00+00:00,12240,signal_exit,0.4424600000001331,6.267138810200185,False,True,5400,8.108552620151421,1.3314770733907402,-0.9397329478105004,-6.525313197678604,-1.0919417102032578,-0.7519379844962227,0.20000000000131024,12.5
rsi2_m15_usd100000_smaller_stop_and_time,2017-07-07T10:15:00+00:00,2017-07-07T11:30:00+00:00,12420,signal_exit,0.08000000000012458,1.1428571428589225,False,True,4500,6.245070931231484,1.0566011354996188,1.2763752311396201,3.9017151349464476,-1.1427765223896675,-0.5918367346935539,0.09999999999843467,10.25
rsi2_m15_usd100000_smaller_stop_and_time,2017-07-07T14:30:00+00:00,2017-07-07T16:00:00+00:00,12437,signal_exit,0.7687600000001116,10.95099715099874,False,True,5400,12.060809504580934,1.6836791689063604,0.6482115782026958,-1.298569614644215,-2.314283144573317,-0.823076923077111,0.20000000000131024,14.5
rsi2_m15_usd100000_smaller_stop_and_time,2017-07-10T09:30:00+00:00,2017-07-10T10:45:00+00:00,12508,signal_exit,-0.08783999999988784,-1.2530670470740064,False,False,4500,7.222026071670727,1.1848950849644417,0.26205524815602943,-1.188002002266588,-2.3396177256998456,-0.6504854368930992,0.2999999999997449,9.5
rsi2_m15_usd100000_smaller_stop_and_time,2017-07-10T11:30:00+00:00,2017-07-10T12:45:00+00:00,12516,signal_exit,0.2563000000001836,3.6509971509997663,False,True,4500,6.443997190019013,1.0655170075257119,0.06313132843277189,-1.6576893228227363,-1.2378065450323572,-0.4683544303796828,0.2999999999997449,11.5
rsi2_m15_usd100000_smaller_stop_and_time,2017-07-11T10:30:00+00:00,2017-07-11T11:15:00+00:00,12604,signal_exit,0.28369000000005573,4.0469329529251885,False,True,2700,4.684694395013224,0.9660410423744111,-0.20325660191309666,-1.0213055038431336,-0.4106272546828713,-0.799999999999778,0.0,10.5
rsi2_m15_usd100000_smaller_stop_and_time,2017-07-12T07:00:00+00:00,2017-07-12T08:00:00+00:00,12685,stop,-1.1870535227097683,-17.03089702596511,True,False,3600,6.680728283428257,1.1594158142128694,2.1653117960337904,4.995524585578409,-2.3852260500284994,-0.5116279069766901,0.40000000000040004,7.0
rsi2_m15_usd100000_smaller_stop_and_time,2017-07-12T09:45:00+00:00,2017-07-12T11:00:00+00:00,12696,target,0.8761194272012613,12.551854257897725,False,True,4500,7.958591885395008,1.302321537097003,1.474318533856907,2.1855078984707825,-1.4701401165423065,-0.4583333333333719,0.10000000000065512,9.75
rsi2_m15_usd100000_smaller_stop_and_time,2017-07-12T12:15:00+00:00,2017-07-12T12:30:00+00:00,12706,stop,-1.2550489085833658,-17.980643389446502,True,False,900,7.257656938277868,1.1760956862307483,0.9353734613552698,2.3856101955137428,-1.3844154504026358,-0.5970149253731145,0.1999999999990898,12.25
rsi2_m15_usd100000_smaller_stop_and_time,2017-07-12T14:30:00+00:00,2017-07-12T15:15:00+00:00,12715,signal_exit,1.3912700000001514,19.846932952926554,False,True,2700,14.873224480808615,1.9219718618318833,0.36011481929328065,-4.512119235927736,-2.1424142915024853,-0.4955752212388111,0.1999999999990898,14.5
rsi2_m15_usd100000_smaller_stop_and_time,2017-07-13T08:00:00+00:00,2017-07-13T08:15:00+00:00,12783,stop,-1.2917811503287553,-18.48041702902368,True,False,900,7.509593349991468,1.1029776121893398,0.3234947239398317,-1.4266025736072236,-2.5007404880781086,-0.568075117370915,0.20000000000131024,8.0
rsi2_m15_usd100000_smaller_stop_and_time,2017-07-13T08:30:00+00:00,2017-07-13T09:45:00+00:00,12785,stop,-1.392086625820288,-19.886951797432683,True,False,4500,8.264904470145751,1.1911574377618428,0.2388019831110215,-3.041662988234623,-2.402154477392063,-0.17647058823535813,0.10000000000065512,8.5
rsi2_m15_usd100000_smaller_stop_and_time,2017-07-13T14:00:00+00:00,2017-07-13T14:45:00+00:00,12807,signal_exit,0.4028600000002138,5.746932952927444,False,True,2700,11.195838299168411,1.3947924078855352,-0.6944171871045619,-3.331177431118796,-0.618319697774504,-0.7076023391812061,0.1999999999990898,14.0
rsi2_m15_usd100000_smaller_stop_and_time,2017-07-13T15:30:00+00:00,2017-07-13T17:00:00+00:00,12813,signal_exit,-0.15793999999988012,-2.253067047073896,False,False,5400,11.302440225396305,1.3738233008098195,-0.6765577811261282,-4.235057225282337,-1.5518506428845873,-0.6174496644295552,0.2999999999997449,15.5
rsi2_m15_usd100000_smaller_stop_and_time,2017-07-17T07:45:00+00:00,2017-07-17T08:30:00+00:00,12962,target,0.5990751008814861,8.58273783497831,False,True,2700,6.02403367393441,0.9615657545505143,0.8610707439533019,-0.1695307923446072,-2.8945026925598745,-0.7102803738317195,0.1999999999990898,7.75
rsi2_m15_usd100000_smaller_stop_and_time,2017-07-18T11:30:00+00:00,2017-07-18T12:30:00+00:00,13071,target,1.0595514542175488,15.31143719967556,False,True,3600,9.450805305039413,1.3516306213609144,2.094350557169756,9.198464408169272,0.6005178225203114,-0.8454545454545564,0.2999999999997449,11.5
rsi2_m15_usd100000_smaller_stop_and_time,2017-07-19T08:00:00+00:00,2017-07-19T09:00:00+00:00,13151,target,0.6241905285040064,9.007078333391146,False,True,3600,6.196540609696241,0.994346372348968,0.738032675312303,0.24114942387328242,-3.0054522818871803,-0.7454545454546666,0.10000000000065512,8.0
rsi2_m15_usd100000_smaller_stop_and_time,2017-07-19T14:15:00+00:00,2017-07-19T15:15:00+00:00,13176,signal_exit,0.4593000000001586,6.618155619598826,False,True,3600,7.855463278087654,1.2059586866138239,0.3321895645053899,-0.8213445478420264,-2.773810227654226,-0.5850340136054658,0.2999999999997449,14.25
rsi2_m15_usd100000_smaller_stop_and_time,2017-07-20T08:00:00+00:00,2017-07-20T10:45:00+00:00,13246,signal_exit,0.4602500000000045,6.622302158273445,False,True,9900,6.344531890527675,1.0887601917797822,-0.271394244789061,-3.2558886763008994,-2.21584742827027,-0.803571428571333,0.10000000000065512,8.0
rsi2_m15_usd100000_smaller_stop_and_time,2017-07-20T12:00:00+00:00,2017-07-20T12:30:00+00:00,13262,target,0.9054282693068788,13.009026857857455,False,True,1800,8.241295038123443,1.329202841452132,-0.491097938798053,-5.131906621136171,-2.783916921354253,-0.6010928961749191,0.20000000000131024,12.0
rsi2_m15_usd100000_smaller_stop_and_time,2017-07-21T08:00:00+00:00,2017-07-21T09:00:00+00:00,13341,signal_exit,0.4860000000000768,7.084548104957388,False,True,3600,8.613326287732171,1.1169758787091855,2.164003370320567,8.1210480771837,0.04668046321882982,-0.6557377049179611,0.20000000000131024,8.0
rsi2_m15_usd100000_smaller_stop_and_time,2017-07-21T12:30:00+00:00,2017-07-21T13:30:00+00:00,13359,signal_exit,0.2053300000002147,2.988791848620301,False,True,3600,8.059627265981305,1.035557765350018,2.053866222822955,6.336517377812408,-1.8941402670250946,-0.7073170731707251,0.2999999999997449,12.5
rsi2_m15_usd100000_smaller_stop_and_time,2017-07-24T11:30:00+00:00,2017-07-24T12:30:00+00:00,13447,signal_exit,0.23904000000013445,3.4845481049582276,False,True,3600,7.715961096023294,1.0810581304191238,0.8086450910105969,1.6973468901696682,-1.2319152138119127,-0.726315789473763,0.20000000000131024,11.5
rsi2_m15_usd100000_smaller_stop_and_time,2017-07-24T13:30:00+00:00,2017-07-24T15:00:00+00:00,13455,signal_exit,-0.035359999999835356,-0.5154518950413317,False,False,5400,7.525526815037446,1.0556544803139551,0.6345427096384172,1.134773993350406,-2.18558213323934,-0.7900000000001555,0.20000000000131024,13.5
rsi2_m15_usd100000_smaller_stop_and_time,2017-07-25T07:15:00+00:00,2017-07-25T08:00:00+00:00,13524,target,0.6886804867053795,10.03907415022419,False,True,2700,6.7272630226334345,1.0573703217731394,0.6805080444994485,1.0280367035543472,-2.470287103532971,-0.9349112426036482,0.10000000000065512,7.25
rsi2_m15_usd100000_smaller_stop_and_time,2017-07-25T15:00:00+00:00,2017-07-25T17:45:00+00:00,13555,signal_exit,-0.45344999999998725,-6.619708029196894,False,False,9900,11.77580357850444,1.5591215184410172,0.9155012357478448,1.8929137979930823,-0.7536127742494703,-0.7661691542288782,0.20000000000131024,15.0
rsi2_m15_usd100000_smaller_stop_and_time,2017-07-26T09:00:00+00:00,2017-07-26T10:00:00+00:00,13625,signal_exit,0.390820000000057,5.688791848618005,False,True,3600,8.05732176151409,1.1971171184540266,-0.33741279427920273,-3.2672819858916045,-1.7698952834731105,-0.15068493150694515,0.10000000000065512,9.0
rsi2_m15_usd100000_smaller_stop_and_time,2017-07-26T13:15:00+00:00,2017-07-26T15:30:00+00:00,13642,signal_exit,-0.4263799999999598,-6.215451895043145,False,False,8100,8.630290275163627,1.2290369178742313,-0.2924539685670745,-0.8929589384410862,0.12359892237601755,-0.16062176165804898,0.20000000000131024,13.25
rsi2_m15_usd100000_smaller_stop_and_time,2017-07-27T07:00:00+00:00,2017-07-27T08:45:00+00:00,13712,signal_exit,-0.4451599999997915,-6.536857562405161,False,False,6300,9.47607904574198,1.120609899584526,2.019933510957252,5.873607953329201,-1.892566426840545,-0.6440677966100834,0.1999999999990898,7.0
rsi2_m15_usd100000_smaller_stop_and_time,2017-07-27T10:15:00+00:00,2017-07-27T11:45:00+00:00,13725,stop,-1.6151610268843881,-23.682713004169916,True,False,5400,10.025080842262328,1.1523837432842148,1.4316645674411002,2.7602187166982293,-2.0411621084311395,-0.7106918238994273,0.2999999999997449,10.25
rsi2_m15_usd100000_smaller_stop_and_time,2017-07-27T12:00:00+00:00,2017-07-27T12:45:00+00:00,13732,signal_exit,0.4761700000001834,6.971742313326257,False,True,2700,10.049918009148621,1.1436386963105858,1.0100780881721727,0.7709579182798982,-2.4613159799722903,-0.645714285714359,0.2999999999997449,12.0
rsi2_m15_usd100000_smaller_stop_and_time,2017-07-27T14:45:00+00:00,2017-07-27T16:15:00+00:00,13743,stop,-1.7423211913035441,-25.47253203660152,True,False,5400,10.874277714209144,1.2027381246812172,0.5082657551422368,-1.5049613487136546,-2.622058243759556,-0.6770186335403033,0.3999999999981796,14.75
rsi2_m15_usd100000_smaller_stop_and_time,2017-07-31T07:45:00+00:00,2017-07-31T09:00:00+00:00,13904,signal_exit,0.24265000000017808,3.5631424375943914,False,True,4500,6.9039071484260734,0.8922031057363801,0.6310742570831488,1.0344476712149866,-2.438562532923498,-0.5887096774194949,0.10000000000065512,7.75
rsi2_m15_usd100000_smaller_stop_and_time,2017-07-31T11:45:00+00:00,2017-07-31T13:00:00+00:00,13920,signal_exit,0.22222000000019546,3.2631424375946465,False,True,4500,6.644160868999964,0.877309684147531,0.4515448681662938,0.9733893372555243,-1.0722119068037734,-0.5824175824177594,0.2999999999997449,11.75
rsi2_m15_usd100000_smaller_stop_and_time,2017-08-01T10:30:00+00:00,2017-08-01T11:15:00+00:00,14010,signal_exit,0.53116000000013,7.845790251109747,False,True,2700,8.244163153625452,1.0521547258444537,1.4950801528686364,3.908006639279958,-2.2535139167092275,-0.7500000000000603,0.20000000000131024,10.5
rsi2_m15_usd100000_smaller_stop_and_time,2017-08-01T15:45:00+00:00,2017-08-01T17:00:00+00:00,14031,target,1.4246679847803982,21.04384024786408,False,True,4500,12.29902499837658,1.4144437258558817,0.9196569436656975,1.2191028339882777,-2.243245551895144,-0.5894736842104107,0.1999999999990898,15.75
rsi2_m15_usd100000_smaller_stop_and_time,2017-08-02T10:30:00+00:00,2017-08-02T12:45:00+00:00,14104,signal_exit,-0.2674999999998427,-3.962962962960632,False,False,8100,9.657646481295536,1.1653265552853613,1.1106254403148401,3.8601274613222585,-0.28477100660634,-0.24242424242444632,0.0,10.5
rsi2_m15_usd100000_smaller_stop_and_time,2017-08-03T08:15:00+00:00,2017-08-03T09:00:00+00:00,14190,signal_exit,0.2117500000001495,3.1370370370392515,False,True,2700,7.215768706768108,0.9337767937896184,0.5475138688486345,0.9474968322570629,-2.1357215360447253,-0.40495867768598226,0.2999999999997449,8.25
rsi2_m15_usd100000_smaller_stop_and_time,2017-08-03T11:00:00+00:00,2017-08-03T11:30:00+00:00,14201,target,0.6366648923262277,9.432072478907076,False,True,1800,6.597517720932714,0.873970179485633,0.48734240554260944,0.9354744195292439,-1.334004766286168,-0.3947368421051709,0.3999999999981796,11.0
rsi2_m15_usd100000_smaller_stop_and_time,2017-08-04T09:45:00+00:00,2017-08-04T11:00:00+00:00,14289,stop,-0.9146946971717014,-13.611528231721747,True,False,4500,5.017668877767205,0.7143192133819992,0.9500753585334455,3.2478289762239947,-0.6405667095093569,-0.3103448275860485,0.1999999999990898,9.75
rsi2_m15_usd100000_smaller_stop_and_time,2017-08-04T11:15:00+00:00,2017-08-04T12:00:00+00:00,14295,signal_exit,0.3720500000001612,5.528231797922158,False,True,2700,5.262582581214326,0.7583667119462568,0.8566661926420303,1.446903335727454,-2.7162631460964963,-0.32467532467517113,0.1999999999990898,11.25
rsi2_m15_usd100000_smaller_stop_and_time,2017-08-04T12:45:00+00:00,2017-08-04T12:45:00+00:00,14301,stop,-1.3882790206899802,-20.59761158293739,True,False,0,8.565126266246681,1.1684598355439955,0.6798177197353903,0.05364054410138609,-2.4835864089483755,-0.20093457943926882,0.10000000000065512,12.75
rsi2_m15_usd100000_smaller_stop_and_time,2017-08-04T13:00:00+00:00,2017-08-04T13:45:00+00:00,14302,stop,-1.606378328375796,-23.7981974574192,True,False,2700,10.117617247229123,1.336622790858786,0.5793489883147424,-3.7154374445383667,-3.592873799935046,-0.9504950495049207,0.1999999999990898,13.0
rsi2_m15_usd100000_smaller_stop_and_time,2017-08-04T14:00:00+00:00,2017-08-04T14:00:00+00:00,14306,stop,-2.053522117430654,-30.33267529439666,True,False,0,13.439232772753853,1.6433178391204046,0.24084696320653945,-7.7392490912228356,-2.9405292605134252,-0.9496567505720572,0.09999999999843467,14.0
rsi2_m15_usd100000_smaller_stop_and_time,2017-08-04T14:15:00+00:00,2017-08-04T14:15:00+00:00,14307,stop,-2.365137252644102,-34.83265467811638,True,False,0,15.593573288985823,1.8244312750533658,0.08996977411450635,-10.551668590443002,-2.9355869613320635,-0.637614678899063,0.2999999999997449,14.25
rsi2_m15_usd100000_smaller_stop_and_time,2017-08-04T14:30:00+00:00,2017-08-04T17:15:00+00:00,14308,signal_exit,0.935600000000192,13.758823529414586,False,True,9900,17.258318054058385,1.9471742210602272,-0.07553851976562986,-13.000624779711378,-2.784985161170324,-0.6735218508997305,0.2999999999997449,14.5
rsi2_m15_usd100000_smaller_stop_and_time,2017-08-07T12:45:00+00:00,2017-08-07T15:00:00+00:00,14392,signal_exit,0.13222000000021933,1.9501474926286035,False,True,8100,8.297264175003745,1.0200301561002976,-0.610196514914972,-3.3653090077464674,-2.4343357188182635,-0.6168224299064877,0.1999999999990898,12.75
rsi2_m15_usd100000_smaller_stop_and_time,2017-08-08T11:45:00+00:00,2017-08-08T12:15:00+00:00,14482,signal_exit,0.1588100000000958,2.3457902511092437,False,True,1800,5.6213553825864455,0.8851860124903892,0.04670015740051961,-0.11914393314207748,-0.80263728743614,-0.2461538461540774,0.20000000000131024,11.75
rsi2_m15_usd100000_smaller_stop_and_time,2017-08-08T14:15:00+00:00,2017-08-08T14:15:00+00:00,14492,stop,-1.3032719966238506,-19.222300835160038,True,False,0,7.886224163894799,1.1899678276537846,0.04715094885143484,-3.663337991830891,-3.9295578196355403,-0.7841945288753169,0.09999999999843467,14.25
rsi2_m15_usd100000_smaller_stop_and_time,2017-08-08T14:30:00+00:00,2017-08-08T15:45:00+00:00,14493,stop,-1.6165460229832407,-23.772735632106478,True,False,4500,10.065779580759504,1.4466017563204365,-0.04477051297824333,-8.462800894758347,-3.914999906081814,-0.9166666666667004,0.30000000000196536,14.5
rsi2_m15_usd100000_smaller_stop_and_time,2017-08-09T08:15:00+00:00,2017-08-09T09:30:00+00:00,14563,signal_exit,0.5899600000001852,8.663142437594496,False,True,4500,9.09908754083303,1.171262313054611,-1.2673457082247284,-5.681807406002068,-1.3718266957759797,-0.9380530973451119,0.09999999999843467,8.25
rsi2_m15_usd100000_smaller_stop_and_time,2017-08-09T13:15:00+00:00,2017-08-09T14:15:00+00:00,14583,target,1.4922876035156203,21.881049904921117,False,True,3600,12.656800612283062,1.473929335765913,-0.980800098141248,-7.315273128069007,-3.1273862136483075,-0.8301075268817469,0.09999999999843467,13.25
rsi2_m15_usd100000_smaller_stop_and_time,2017-08-10T07:30:00+00:00,2017-08-10T09:00:00+00:00,14655,stop,-1.0806734397123263,-15.868919819564262,True,False,5400,6.116031128579181,0.8190397693823718,-0.6861321891510035,-4.242390976618532,-2.0515126412592,-0.7407407407406799,0.2999999999997449,7.5
rsi2_m15_usd100000_smaller_stop_and_time,2017-08-10T10:00:00+00:00,2017-08-10T10:45:00+00:00,14665,signal_exit,0.3251400000001088,4.767448680353501,False,True,2700,7.266408493190956,0.9628034944384211,-0.9278381469640375,-5.610712863863553,-2.048706390097189,-0.5500000000000556,0.1999999999990898,10.0
rsi2_m15_usd100000_smaller_stop_and_time,2017-08-10T14:15:00+00:00,2017-08-10T14:45:00+00:00,14682,target,1.2406539470946294,18.191406848894857,False,True,1800,10.911979084270085,1.339233483133651,-0.8110049814138467,-3.632696002232748,-0.4409327978316425,-0.604477611940361,0.2999999999997449,14.25
rsi2_m15_usd100000_smaller_stop_and_time,2017-08-11T07:15:00+00:00,2017-08-11T08:45:00+00:00,14748,signal_exit,0.13320000000006899,1.958823529412779,False,True,5400,5.663446019843164,0.7865186436783825,0.39818176578060593,-0.3088865908970537,-2.1977655943487764,-0.5121951219514375,0.20000000000131024,7.25
rsi2_m15_usd100000_smaller_stop_and_time,2017-08-14T07:45:00+00:00,2017-08-14T08:30:00+00:00,14842,stop,-1.2881751905832575,-19.055846014545228,True,False,2700,7.798633066445291,0.9726044684357522,1.09409237168875,2.532927577464957,-1.9015486749909938,-0.9055118110235353,0.10000000000065512,7.75
rsi2_m15_usd100000_smaller_stop_and_time,2017-08-14T10:30:00+00:00,2017-08-14T13:30:00+00:00,14853,holding_bars,-0.5858899999998222,-8.654209748889544,False,False,10800,8.00978577762899,0.9920719960678337,0.6259987043354155,0.3917661125446677,-1.349490318791107,-0.4512195121950757,0.1999999999990898,10.5
rsi2_m15_usd100000_smaller_stop_and_time,2017-08-14T14:15:00+00:00,2017-08-14T17:00:00+00:00,14868,signal_exit,0.613600000000061,9.050147492626268,False,True,9900,8.469123768644762,1.047160724607593,0.13205521912808488,-1.397983713294815,-3.10961671746971,-0.49295774647882773,0.2999999999997449,14.25
rsi2_m15_usd100000_smaller_stop_and_time,2017-08-15T07:00:00+00:00,2017-08-15T07:00:00+00:00,14933,stop,-1.176843638434657,-17.30652409462731,True,False,0,6.832673812019775,0.9786842399639332,-0.3850500061137199,-6.113224036918814,-2.558389960336972,-0.6487804878049404,0.30000000000196536,7.0
rsi2_m15_usd100000_smaller_stop_and_time,2017-08-15T07:15:00+00:00,2017-08-15T08:00:00+00:00,14934,target,0.8626008751117133,12.666679517058933,False,True,2700,8.101768539732582,1.1307398138160765,-0.4501948563005141,-7.541690522318125,-2.6635601727305094,-0.483739837398312,0.1999999999990898,7.25
rsi2_m15_usd100000_smaller_stop_and_time,2017-08-15T10:30:00+00:00,2017-08-15T11:15:00+00:00,14947,signal_exit,0.3984000000001455,5.858823529413904,False,True,2700,9.458709696844958,1.2466978773781197,-0.8765237497950461,-4.566943455840676,-0.659075707568126,-0.21212121212129367,0.0,10.5
rsi2_m15_usd100000_smaller_stop_and_time,2017-08-15T12:45:00+00:00,2017-08-15T13:45:00+00:00,14956,signal_exit,1.0772100000001776,15.771742313326172,False,True,3600,11.871853764269957,1.4660684692799495,-1.0496899273275857,-9.485133242136754,-3.6106278832367926,-0.8409586056644652,0.2999999999997449,12.75
rsi2_m15_usd100000_smaller_stop_and_time,2017-08-16T10:15:00+00:00,2017-08-16T12:00:00+00:00,15041,signal_exit,0.05916000000003202,0.8674486803523757,False,True,6300,12.346659971470032,1.5298585106380005,-0.6712412105978773,-5.599418904498523,-1.944379871861588,-0.766355140186945,0.10000000000065512,10.25
rsi2_m15_usd100000_smaller_stop_and_time,2017-08-17T07:00:00+00:00,2017-08-17T08:00:00+00:00,15122,stop,-1.2153074015136935,-17.898488976637605,True,False,3600,7.126490438246298,0.8844853361629444,0.8519329825834473,1.175329296079028,-3.021299983126738,-0.7448275862069008,0.2999999999997449,7.0
rsi2_m15_usd100000_smaller_stop_and_time,2017-08-17T08:15:00+00:00,2017-08-17T09:45:00+00:00,15127,stop,-1.4440881022154801,-21.20540531887636,True,False,5400,8.78427387823495,1.06224101062538,0.6126385005008689,-1.957208457493822,-2.784501240778395,-0.8051948051947815,0.2999999999997449,8.25
rsi2_m15_usd100000_smaller_stop_and_time,2017-08-17T10:00:00+00:00,2017-08-17T11:30:00+00:00,15134,stop,-1.5336690839102247,-22.487816479622065,True,False,5400,9.477632579987851,1.129088855337988,0.15432271177322246,-5.410849935437769,-2.151369475048807,-0.8482142857142839,0.1999999999990898,10.0
rsi2_m15_usd100000_smaller_stop_and_time,2017-08-18T12:00:00+00:00,2017-08-18T13:00:00+00:00,15236,signal_exit,0.712540000000081,10.463142437592966,False,True,3600,9.35253594058036,1.0491338262961405,0.06880147793464875,-0.5696828248650783,-1.2215905243178156,-0.6336633663366359,0.20000000000131024,12.0
rsi2_m15_usd100000_smaller_stop_and_time,2017-08-21T07:00:00+00:00,2017-08-21T08:15:00+00:00,15307,signal_exit,0.15412000000005174,2.2631424375925366,False,True,4500,5.287376813542951,0.7120772739470861,0.22151978397838665,-1.1155053203144871,-2.1221790550271877,-0.26744186046536245,0.20000000000131024,7.0
rsi2_m15_usd100000_smaller_stop_and_time,2017-08-22T07:00:00+00:00,2017-08-22T08:00:00+00:00,15401,stop,-1.0091843902057878,-14.906711819878696,True,False,3600,5.726251035494666,0.877507968016632,1.1529424652318523,1.8408222088422703,-3.011273805369074,-1.0,0.09999999999843467,7.0
rsi2_m15_usd100000_smaller_stop_and_time,2017-08-22T08:45:00+00:00,2017-08-22T09:30:00+00:00,15408,stop,-1.1818380404045288,-17.40556760536861,True,False,2700,6.930029752611122,1.0392695222821862,0.7505896794142684,-1.038140908985876,-2.173671635151893,-0.5873015873019957,0.20000000000131024,8.75
rsi2_m15_usd100000_smaller_stop_and_time,2017-08-22T11:15:00+00:00,2017-08-22T11:30:00+00:00,15418,signal_exit,0.25560000000011596,3.75882352941347,False,True,900,7.480701896846106,1.097546100452015,0.0016145897269269716,-3.6583111799724772,-1.2845953896106368,-0.24615384615373578,0.10000000000065512,11.25
rsi2_m15_usd100000_smaller_stop_and_time,2017-08-23T07:30:00+00:00,2017-08-23T07:30:00+00:00,15496,target,0.52339110764446,7.696928053594998,False,True,0,5.86905226209024,0.9506079774567762,-0.3938252539936542,-3.3847595641638475,-2.7310428739008294,-0.42285714285708775,0.700000000000145,7.5
rsi2_m15_usd100000_smaller_stop_and_time,2017-08-23T13:45:00+00:00,2017-08-23T14:00:00+00:00,15521,target,0.7659410565944398,11.297065731481412,False,True,900,7.423459119427922,1.1013276155466203,0.6823838606519568,2.605472671016095,-0.005928628636485693,-0.6635514018692074,0.20000000000131024,13.75
rsi2_m15_usd100000_smaller_stop_and_time,2017-08-25T07:15:00+00:00,2017-08-25T08:15:00+00:00,15686,target,0.3864375283786641,5.699668560157288,False,True,3600,4.5747605337641986,0.8636582998826857,-0.006936964847642262,-2.9432308300342362,-3.778527548587215,-0.8611111111111154,0.09999999999843467,7.25
rsi2_m15_usd100000_smaller_stop_and_time,2017-08-25T12:15:00+00:00,2017-08-25T13:30:00+00:00,15706,signal_exit,0.057260000000031785,0.8457902511082981,False,True,4500,6.722537995624225,1.179527626725444,0.229540537821753,2.035566763522826,0.4314424237212875,-0.863636363636226,0.10000000000065512,12.25
rsi2_m15_usd100000_smaller_stop_and_time,2017-08-28T11:15:00+00:00,2017-08-28T12:45:00+00:00,15796,signal_exit,0.17520000000022648,2.6149253731377087,False,True,5400,6.35756059080571,0.858195932950583,2.39345420544825,8.337114905954651,-0.9671193061704177,-0.8695652173911784,0.1999999999990898,11.25
rsi2_m15_usd100000_smaller_stop_and_time,2017-08-29T09:45:00+00:00,2017-08-29T12:30:00+00:00,15886,signal_exit,0.5624499999999897,8.483408748114474,False,True,9900,10.830812001442197,1.4378557600127857,2.799107552062274,14.634004880783413,0.7632145992467201,-0.9540229885057031,0.20000000000131024,9.75
rsi2_m15_usd100000_smaller_stop_and_time,2017-08-29T14:15:00+00:00,2017-08-29T15:30:00+00:00,15904,target,1.2262078744264082,18.439216156788092,False,True,4500,10.923367476888858,1.3487628566671213,3.006492347084933,7.722572167205466,-2.248195835749111,-0.5804597701150936,0.0,14.25
rsi2_m15_usd100000_smaller_stop_and_time,2017-08-30T11:30:00+00:00,2017-08-30T12:00:00+00:00,15989,stop,-1.3585264878609318,-20.30682343588837,True,False,1800,8.408643407032997,1.0262102465928076,-0.446355536821403,-3.254217385498522,-2.402312731834784,-0.538461538461634,0.10000000000065512,11.5
rsi2_m15_usd100000_smaller_stop_and_time,2017-08-30T12:15:00+00:00,2017-08-30T12:30:00+00:00,15992,stop,-1.5573501464078032,-23.24403203593736,True,False,900,9.179478704537843,1.104026386896666,-0.568393415524376,-5.488363311167506,-3.0198607016533203,-0.5652173913042902,1.4999999999987246,12.25
rsi2_m15_usd100000_smaller_stop_and_time,2017-08-30T12:45:00+00:00,2017-08-30T13:15:00+00:00,15994,signal_exit,0.7662400000000724,11.419374068555474,False,True,1800,10.680264801361746,1.2489194859376653,-0.6270473534782465,-5.891732793528438,-2.363702879142323,-0.22818791946309325,0.20000000000131024,12.75
rsi2_m15_usd100000_smaller_stop_and_time,2017-08-30T14:45:00+00:00,2017-08-30T15:45:00+00:00,16002,target,1.3840925017444787,20.59661460929284,False,True,3600,12.03640254273942,1.3426670391892486,-0.8443438630912211,-6.94079752445084,-2.0858757566912285,-0.858156028368801,0.09999999999843467,14.75
rsi2_m15_usd100000_smaller_stop_and_time,2017-08-31T10:15:00+00:00,2017-08-31T12:00:00+00:00,16080,stop,-1.7717538022416552,-26.2871484012115,True,False,6300,11.409894675384914,1.3400720192372892,-1.1687027797241187,-7.55714427819006,-2.752374445257726,-0.6626506024096345,0.09999999999843467,10.25
rsi2_m15_usd100000_smaller_stop_and_time,2017-08-31T12:15:00+00:00,2017-08-31T12:30:00+00:00,16088,target,1.3810293516223482,20.45969409810886,False,True,900,12.011328530536142,1.3573035219420286,-1.291608592087599,-10.073738173593576,-2.0834029947526647,-0.7735849056604274,0.20000000000131024,12.25
rsi2_m15_usd100000_smaller_stop_and_time,2017-09-04T12:30:00+00:00,2017-09-04T13:15:00+00:00,16277,signal_exit,0.49888000000025134,7.423809523813264,False,True,2700,8.147371816311992,0.9359600703880573,0.3352528485024162,0.09115592326522722,-1.6174241918470982,-0.7338709677418315,0.09999999999843467,12.5
rsi2_m15_usd100000_smaller_stop_and_time,2017-09-05T07:45:00+00:00,2017-09-05T09:00:00+00:00,16349,signal_exit,0.1628800000001391,2.423809523811594,False,True,4500,8.461406339525253,1.09934415087132,0.17308239126296332,-2.4737549999258137,-3.6604219821125032,-0.6641221374045071,0.09999999999843467,7.75
rsi2_m15_usd100000_smaller_stop_and_time,2017-09-05T13:30:00+00:00,2017-09-05T14:00:00+00:00,16372,target,0.8903248655745586,13.248881928192835,False,True,1800,8.412536202189763,1.0796193578584912,-0.2518724363999686,-0.7916540484501251,-0.028136397293658983,-0.6000000000001366,0.1999999999990898,13.5
rsi2_m15_usd100000_smaller_stop_and_time,2017-09-06T11:15:00+00:00,2017-09-06T12:00:00+00:00,16458,signal_exit,0.02110000000010953,0.31492537313596314,False,True,2700,8.827162979983685,1.116616123928082,0.7355283017390175,2.2728691511963204,-0.6694830303909666,-0.09836065573798539,0.0,11.25
rsi2_m15_usd100000_smaller_stop_and_time,2017-09-06T14:15:00+00:00,2017-09-06T14:45:00+00:00,16470,target,1.0230986631963335,15.270129301437812,False,True,1800,9.4776019641511,1.170182773129057,0.6994573417605509,1.023753566602745,-1.7608044067565745,-0.18357487922707438,0.2999999999997449,14.25
rsi2_m15_usd100000_smaller_stop_and_time,2017-09-07T12:00:00+00:00,2017-09-07T12:30:00+00:00,16556,stop,-1.6187294882067433,-24.26880791914158,True,False,1800,10.335153584759334,1.2962120982513659,1.1608195497522418,5.865865238757609,0.44395350598957545,-0.07342657342659216,0.1999999999990898,12.0
rsi2_m15_usd100000_smaller_stop_and_time,2017-09-08T07:15:00+00:00,2017-09-08T09:00:00+00:00,16633,signal_exit,0.4364800000000477,6.5834087481153505,False,True,6300,12.100016715150643,1.1609389957041871,2.0240326975776406,6.62108374734734,-1.4742390626359776,-0.7055214723926196,0.10000000000065512,7.25
rsi2_m15_usd100000_smaller_stop_and_time,2017-09-08T13:00:00+00:00,2017-09-08T14:45:00+00:00,16656,stop,-1.7170518055400728,-25.898217278130808,True,False,6300,11.19081301312342,1.061563670276529,1.5092141277431803,4.059325767036049,-2.1345836163571255,-0.5631578947369048,0.10000000000065512,13.0
rsi2_m15_usd100000_smaller_stop_and_time,2017-09-11T07:15:00+00:00,2017-09-11T07:30:00+00:00,16725,target,0.8252386490972803,12.39097070716637,False,True,900,7.896986855083872,0.8730745154512684,0.025722880948233575,-1.6084502284741826,-3.3482942320022926,-0.540425531914972,0.0,7.25
rsi2_m15_usd100000_smaller_stop_and_time,2017-09-11T11:45:00+00:00,2017-09-11T12:30:00+00:00,16743,stop,-1.3132550741722175,-19.718544657240503,True,False,2700,8.107770827120229,0.9116135072026006,0.07079132127877757,-1.3374786016164903,-1.8414846024236184,-0.4606060606060027,0.09999999999843467,11.75
rsi2_m15_usd100000_smaller_stop_and_time,2017-09-11T12:45:00+00:00,2017-09-11T14:00:00+00:00,16747,signal_exit,0.12683000000021577,1.9014992503780475,False,True,4500,8.874636677253882,0.9888561675662634,-0.025236737685756593,-3.007165736498948,-2.523192735115707,-0.5367231638417965,0.0,12.75
rsi2_m15_usd100000_smaller_stop_and_time,2017-09-11T15:45:00+00:00,2017-09-11T16:00:00+00:00,16759,stop,-1.360145848697159,-20.39199173459009,True,False,900,8.446745492483425,0.9499588912800478,-0.4271287842340697,-3.403627335125067,-1.1628849974216011,-0.3855421686748696,0.10000000000065512,15.75
rsi2_m15_usd100000_smaller_stop_and_time,2017-09-12T08:30:00+00:00,2017-09-12T10:00:00+00:00,16824,signal_exit,-0.2133599999999392,-3.1940119760469936,False,False,5400,6.858485364026168,0.9227212916669005,-0.7819639741741929,-3.078746904483273,-0.1863736338831679,-0.924731182795912,0.10000000000065512,8.5
rsi2_m15_usd100000_smaller_stop_and_time,2017-09-12T10:45:00+00:00,2017-09-12T12:30:00+00:00,16833,signal_exit,-0.47428999999986576,-7.089536621821611,False,False,6300,8.764577218361389,1.1325214149435807,-0.6946883463124319,-4.953539228009328,-2.4730352088171608,-0.8556701030927576,0.09999999999843467,10.75
rsi2_m15_usd100000_smaller_stop_and_time,2017-09-13T09:30:00+00:00,2017-09-13T11:00:00+00:00,16921,signal_exit,0.4870100000000577,7.301499250375677,False,True,5400,7.406421394203354,0.9970478074633533,0.26157191398859103,0.08766471400151994,-1.2768456221753683,-0.4843750000000705,0.10000000000065512,9.5
rsi2_m15_usd100000_smaller_stop_and_time,2017-09-13T13:15:00+00:00,2017-09-13T13:45:00+00:00,16936,stop,-1.3913243550204113,-20.828208907491184,True,False,1800,8.617098465721721,1.1343716437351734,0.16060238555411105,-2.3789968055365773,-3.048297686510184,-0.8208955223881075,0.20000000000131024,13.25
rsi2_m15_usd100000_smaller_stop_and_time,2017-09-13T14:00:00+00:00,2017-09-13T14:00:00+00:00,16939,stop,-1.533005189885304,-22.914875783038926,True,False,0,9.662669580608766,1.2409175083162798,0.007515579280438933,-4.720394730269173,-2.8095511386899066,-0.9156626506023919,0.1999999999990898,14.0
rsi2_m15_usd100000_smaller_stop_and_time,2017-09-13T14:15:00+00:00,2017-09-13T15:15:00+00:00,16940,stop,-1.7133836006728242,-25.572889562280956,True,False,3600,10.943907467708051,1.3691689526990454,-0.08810717920921318,-7.104332101061309,-3.0372204344175167,-0.7463768115942997,0.30000000000196536,14.25
rsi2_m15_usd100000_smaller_stop_and_time,2017-09-13T15:30:00+00:00,2017-09-13T17:45:00+00:00,16945,signal_exit,-0.361039999999863,-5.380625931443562,False,False,8100,11.658100485303233,1.414566435285922,-0.5138414170884118,-9.223358311227344,-1.8871964161543617,-0.586666666666639,0.1999999999990898,15.5
rsi2_m15_usd100000_smaller_stop_and_time,2017-09-14T11:15:00+00:00,2017-09-14T11:30:00+00:00,17020,stop,-1.1947489240673166,-17.77900184623983,True,False,900,7.1514056850250745,0.979304221571701,-1.253604870408574,-4.516685284906483,-0.28335631761153496,-0.7247706422018741,0.10000000000065512,11.25
rsi2_m15_usd100000_smaller_stop_and_time,2017-09-18T07:30:00+00:00,2017-09-18T08:45:00+00:00,17193,signal_exit,0.4968000000001018,7.414925373135848,False,True,4500,8.589088176859287,1.017612401051124,0.31179958585080114,-1.2167983494752603,-3.632277541104589,-0.5909090909090867,0.10000000000065512,7.5
rsi2_m15_usd100000_smaller_stop_and_time,2017-09-18T12:00:00+00:00,2017-09-18T12:45:00+00:00,17211,target,1.0296998260951025,15.391626697983595,False,True,2700,9.490581659902015,1.101510450358537,0.24588941074150703,0.9100869097213253,0.09147596754738108,-0.8345864661654776,0.1999999999990898,12.0
rsi2_m15_usd100000_smaller_stop_and_time,2017-09-19T07:30:00+00:00,2017-09-19T08:15:00+00:00,17288,signal_exit,0.7590400000002198,11.396996997000295,False,True,2700,8.705781183458523,1.096672116415404,0.9378247559896603,4.3563815598094475,0.5257850819360842,-0.1649484536081601,0.09999999999843467,7.5
rsi2_m15_usd100000_smaller_stop_and_time,2017-09-19T08:45:00+00:00,2017-09-19T11:00:00+00:00,17293,signal_exit,0.6871100000000356,10.301499250375345,False,True,8100,10.288196348526284,1.2514926835274596,1.0102883855028133,2.978777241896023,-0.8627974145416258,-0.7083333333332678,0.0,8.75
rsi2_m15_usd100000_smaller_stop_and_time,2017-09-19T11:30:00+00:00,2017-09-19T12:45:00+00:00,17304,signal_exit,0.800500000000038,12.00149925037538,False,True,4500,11.104053749749912,1.3048145277384093,1.0456832499870883,1.964313906946926,-2.6180303747497327,-0.3550913838120177,0.10000000000065512,11.5
rsi2_m15_usd100000_smaller_stop_and_time,2017-09-19T14:45:00+00:00,2017-09-19T16:15:00+00:00,17317,signal_exit,-0.0732699999999103,-1.0985007496238426,False,False,5400,11.042446780875876,1.240426871011033,0.7400716768420911,2.3027664529913756,-0.49407905659976364,-0.1232876712327892,0.10000000000065512,14.75
rsi2_m15_usd100000_smaller_stop_and_time,2017-09-20T07:00:00+00:00,2017-09-20T07:00:00+00:00,17380,target,0.6050247619595368,9.08445588527833,False,True,0,6.343729444140519,0.824280822190778,1.085366028462867,2.895367681775697,-2.447213869128075,-0.22916666666676305,0.20000000000131024,7.0
rsi2_m15_usd100000_smaller_stop_and_time,2017-09-20T10:45:00+00:00,2017-09-20T12:15:00+00:00,17395,signal_exit,0.11302000000012818,1.6969969969989216,False,True,5400,7.0949712887760965,0.9188738970177744,0.9128028809111034,2.629883725771326,-1.1220904997155137,-0.6279069767442701,0.0,10.75
rsi2_m15_usd100000_smaller_stop_and_time,2017-09-20T12:45:00+00:00,2017-09-20T13:45:00+00:00,17403,signal_exit,0.09304000000014517,1.3969969969991767,False,True,3600,7.129784578350422,0.9314034166350288,0.7925626920713492,1.6120362794362508,-2.289220933199113,-0.33644859813100014,0.10000000000065512,12.75
rsi2_m15_usd100000_smaller_stop_and_time,2017-09-21T11:15:00+00:00,2017-09-21T12:00:00+00:00,17493,signal_exit,0.142210000000156,2.119374068556721,False,True,2700,8.264960853061309,0.9250719615313528,-1.1743744979995763,-4.7085189252995185,-0.6308929320783957,-0.7402597402597477,0.1999999999990898,11.25
rsi2_m15_usd100000_smaller_stop_and_time,2017-09-22T09:15:00+00:00,2017-09-22T10:00:00+00:00,17578,signal_exit,0.5670500000001377,8.501499250376877,False,True,2700,8.395944945551829,1.0611622584642892,0.9303726388484552,4.851027193727905,0.6650993343572023,-0.5151515151515305,0.0,9.25
rsi2_m15_usd100000_smaller_stop_and_time,2017-09-22T11:00:00+00:00,2017-09-22T13:00:00+00:00,17585,signal_exit,0.15404000000009452,2.305988023953511,False,True,7200,9.91642247607139,1.210471149898133,1.0238363625199056,2.2500752939365136,-1.3525011393993065,-0.5312499999999711,0.0,11.0
rsi2_m15_usd100000_smaller_stop_and_time,2017-09-22T15:15:00+00:00,2017-09-22T16:45:00+00:00,17602,stop,-1.5704208348615998,-23.509293935053886,True,False,5400,10.007640979503968,1.1829479103400835,0.6736192949145824,1.2627425750044257,-1.4468039456501713,-0.4923076923076424,0.10000000000065512,15.25
rsi2_m15_usd100000_smaller_stop_and_time,2017-09-25T07:00:00+00:00,2017-09-25T09:00:00+00:00,17662,stop,-1.0977859052361087,-16.360445681611157,True,False,7200,6.43990987508485,0.8565172651252259,-0.5283021325576139,-4.460596164276338,-2.8340266389020665,-0.19580419580407527,0.09999999999843467,7.0
rsi2_m15_usd100000_smaller_stop_and_time,2017-09-25T09:15:00+00:00,2017-09-25T10:45:00+00:00,17671,stop,-1.3766931661023376,-20.517036752642888,True,False,5400,8.568205410599203,1.0958133976821276,-0.7076392601134337,-5.621171513108025,-1.805979181817165,-0.6066666666667693,0.0,9.25
rsi2_m15_usd100000_smaller_stop_and_time,2017-09-25T11:45:00+00:00,2017-09-25T13:15:00+00:00,17681,signal_exit,0.2711000000000976,4.0282317979212126,False,True,5400,8.318247670533589,1.0578987773616684,-1.2486340877536803,-7.72506338046945,-1.5314451139590883,-0.5000000000001682,0.10000000000065512,11.75
rsi2_m15_usd100000_smaller_stop_and_time,2017-09-25T15:00:00+00:00,2017-09-25T16:00:00+00:00,17694,stop,-1.5837011828266268,-23.53196408360515,True,False,3600,10.030097940763097,1.2216024048461223,-1.6010973895431055,-7.471785117394762,-1.8645125043694197,-0.5140186915888248,0.10000000000065512,15.0
rsi2_m15_usd100000_smaller_stop_and_time,2017-09-26T07:15:00+00:00,2017-09-26T07:15:00+00:00,17758,stop,-1.094690029072842,-16.2176300603384,True,False,0,6.377333548688751,0.9149166710799034,-1.4936879663038793,-7.807862419097648,-2.1581015303985027,-0.5769230769231536,0.10000000000065512,7.25
rsi2_m15_usd100000_smaller_stop_and_time,2017-09-26T08:00:00+00:00,2017-09-26T09:30:00+00:00,17761,signal_exit,0.39488000000014467,5.841420118345335,False,True,5400,8.854920483407302,1.2071556877888998,-1.49012401049014,-10.477406813352724,-3.0560732096587433,-0.8506787330317037,0.10000000000065512,8.0
rsi2_m15_usd100000_smaller_stop_and_time,2017-09-26T10:15:00+00:00,2017-09-26T10:45:00+00:00,17770,stop,-1.407021591703364,-20.783184515559288,True,False,1800,8.614487383334632,1.1649824037413241,-1.8586569686679595,-10.558563692535092,-1.5775807914153728,-0.7132352941175703,0.1999999999990898,10.25
rsi2_m15_usd100000_smaller_stop_and_time,2017-09-26T11:00:00+00:00,2017-09-26T13:00:00+00:00,17773,signal_exit,-0.09844999999993603,-1.4542097488912262,False,False,7200,8.917393870694717,1.192006944141383,-2.025769573545637,-12.1173786758046,-1.7318512980823209,-0.5760869565218729,0.10000000000065512,11.0
rsi2_m15_usd100000_smaller_stop_and_time,2017-09-26T14:00:00+00:00,2017-09-26T16:30:00+00:00,17785,signal_exit,-0.20677999999989388,-3.049852507373066,False,False,9000,8.694308171328084,1.1460250268694792,-2.5315976082764546,-11.83018656729414,-1.4148193782088878,-0.912751677852373,0.10000000000065512,14.0
rsi2_m15_usd100000_smaller_stop_and_time,2017-09-27T07:00:00+00:00,2017-09-27T07:15:00+00:00,17850,stop,-1.1267745191724547,-16.594617366310082,True,False,900,6.624554633082424,0.9173696510373506,-1.780373865765905,-9.780213124470913,-2.537303188022965,-0.7410714285713206,0.0,7.0
rsi2_m15_usd100000_smaller_stop_and_time,2017-09-27T07:30:00+00:00,2017-09-27T08:15:00+00:00,17852,stop,-1.2151773657486276,-17.87025537865629,True,False,2700,7.2145394540354,0.9886300047591133,-1.8329961408797468,-10.654945436478819,-2.195924331306268,0.0,0.09999999999843467,7.5
rsi2_m15_usd100000_smaller_stop_and_time,2017-09-27T08:30:00+00:00,2017-09-27T10:00:00+00:00,17856,signal_exit,0.54910000000022,8.063142437595006,False,True,5400,7.863626128350318,1.064197003430553,-1.956155077703414,-11.914811324574396,-2.110075853259409,-0.8627450980391901,0.1999999999990898,8.5
rsi2_m15_usd100000_smaller_stop_and_time,2017-09-27T11:15:00+00:00,2017-09-27T14:00:00+00:00,17867,signal_exit,-0.7652299999997714,-11.236857562404866,False,False,9900,8.867918984452286,1.163189285115115,-2.267928684872213,-10.835022473879137,-1.518969759292821,-0.9473684210526228,0.1999999999990898,11.25
rsi2_m15_usd100000_smaller_stop_and_time,2017-09-28T13:00:00+00:00,2017-09-28T13:15:00+00:00,17970,target,1.1148324224983432,16.418739653878397,False,True,900,9.882123877011422,1.1898332461739665,-0.21237377362620546,-0.8426795174626706,-0.5280750726960008,-0.852112676056305,0.0,13.0
rsi2_m15_usd100000_smaller_stop_and_time,2017-09-29T12:15:00+00:00,2017-09-29T12:30:00+00:00,18061,target,0.7306753155273333,10.792840702028556,False,True,900,7.1235252254593,0.9814918179231021,0.6961646255806684,2.9674386295477104,0.18650085613273618,-0.7628865979381726,0.10000000000065512,12.25
rsi2_m15_usd100000_smaller_stop_and_time,2017-09-29T14:00:00+00:00,2017-09-29T14:30:00+00:00,18068,target,1.1493271379588446,16.97676717812178,False,True,1800,10.265488463505303,1.3204831752483102,0.8241220010347161,1.2969879800503243,-1.4316741373894333,-0.8432601880877232,0.1999999999990898,14.0
rsi2_m15_usd100000_smaller_stop_and_time,2017-10-02T07:30:00+00:00,2017-10-02T09:00:00+00:00,18134,signal_exit,-0.32239999999989594,-4.741176470586705,False,False,5400,6.658271981000736,0.9025098358994879,-0.6760142944464562,-5.673906089746039,-2.5743828416380685,-0.6153846153847655,0.20000000000131024,7.5
rsi2_m15_usd100000_smaller_stop_and_time,2017-10-02T09:30:00+00:00,2017-10-02T11:00:00+00:00,18142,signal_exit,0.20800000000010607,3.0588235294133246,False,True,5400,7.356368120252074,0.9876807380256765,-0.9663159885315418,-6.15151461438425,-1.3013015453975352,-0.7837837837835567,0.09999999999843467,9.5
rsi2_m15_usd100000_smaller_stop_and_time,2017-10-03T12:45:00+00:00,2017-10-03T13:15:00+00:00,18250,target,0.7586615082778405,11.156786886438832,False,True,1800,7.34898167851347,1.0546092455573652,-0.3000285770240726,-1.781498097167432,-0.9712983183362519,-0.8000000000001691,0.20000000000131024,12.75
rsi2_m15_usd100000_smaller_stop_and_time,2017-10-04T07:15:00+00:00,2017-10-04T08:00:00+00:00,18321,target,0.6286364356782006,9.24465346585589,False,True,2700,6.392914968220352,1.0019629565360197,0.5819386819926998,-0.3483645565352428,-3.263734410253344,-0.7516339869280789,0.1999999999990898,7.25
rsi2_m15_usd100000_smaller_stop_and_time,2017-10-04T13:30:00+00:00,2017-10-04T16:30:00+00:00,18346,holding_bars,0.1259200000000244,1.854491899853084,False,True,10800,8.700911491483662,1.2724932649073812,0.3874122206213435,0.16227923720425994,-1.1033647055539948,-0.7477477477478829,0.20000000000131024,13.5
rsi2_m15_usd100000_smaller_stop_and_time,2017-10-05T10:45:00+00:00,2017-10-05T10:45:00+00:00,18426,stop,-1.0446650978193095,-15.38534753783961,True,False,0,5.969919718848023,1.0154293697923558,0.23724712088000702,-0.6729903602909494,-1.2795489826966517,-0.9315068493152185,0.09999999999843467,10.75
rsi2_m15_usd100000_smaller_stop_and_time,2017-10-05T11:00:00+00:00,2017-10-05T12:45:00+00:00,18427,stop,-1.1103155759229866,-16.32817023416157,True,False,6300,6.493496881787488,1.090151776048623,0.21095719208660416,-2.1369441117272485,-2.1830518017233698,-0.6691729323308434,0.0,11.0
rsi2_m15_usd100000_smaller_stop_and_time,2017-10-05T13:00:00+00:00,2017-10-05T13:30:00+00:00,18435,stop,-1.3213324156655157,-19.402825487011977,True,False,1800,7.982983962303801,1.273577516131972,-0.023198270355897548,-4.329919265521103,-1.7209943602269566,-0.5267175572518308,0.09999999999843467,13.0
rsi2_m15_usd100000_smaller_stop_and_time,2017-10-05T15:15:00+00:00,2017-10-05T16:30:00+00:00,18444,signal_exit,-0.022679999999898393,-0.33255131964660395,False,False,4500,9.886886844814583,1.4549458493149487,-0.6322599933645543,-6.841094192607056,-2.0322889693211663,-0.6627906976743075,0.1999999999990898,15.25
rsi2_m15_usd100000_smaller_stop_and_time,2017-10-09T07:00:00+00:00,2017-10-09T08:15:00+00:00,18596,signal_exit,-0.002509999999915913,-0.03685756240698844,False,False,4500,4.786978510760976,0.7789960676068692,0.3358884438387852,-0.25401239252865926,-1.8912901863920148,-0.07462686567178028,0.10000000000065512,7.0
rsi2_m15_usd100000_smaller_stop_and_time,2017-10-09T13:30:00+00:00,2017-10-09T15:00:00+00:00,18622,signal_exit,0.06559000000007659,0.9631424375929013,False,True,5400,4.8251441655118255,0.818511593739075,0.4038620241791749,0.4259077001439993,-2.198159686269668,-0.7567567567569514,0.10000000000065512,13.5
rsi2_m15_usd100000_smaller_stop_and_time,2017-10-10T11:30:00+00:00,2017-10-10T11:45:00+00:00,18707,signal_exit,0.294940000000081,4.350147492626563,False,True,900,8.072069539966193,1.3335972482238834,1.3265386520193543,5.0632226124419395,0.042944621162011705,-0.1279069767442371,0.20000000000131024,11.5
rsi2_m15_usd100000_smaller_stop_and_time,2017-10-11T09:45:00+00:00,2017-10-11T11:00:00+00:00,18794,signal_exit,0.6179600000001051,9.14142011834475,False,True,4500,8.957735881088333,1.3280775667342806,1.4029916517492724,3.530621506143085,-1.496399803003951,-0.4852071005917502,0.10000000000065512,9.75
rsi2_m15_usd100000_smaller_stop_and_time,2017-10-12T07:15:00+00:00,2017-10-12T10:15:00+00:00,18879,holding_bars,-0.7720499999998622,-11.471768202078191,False,False,10800,5.225022935192332,0.8593667708508219,1.9809286379112598,5.468600537929455,-3.033142308636981,-0.5533980582524607,0.09999999999843467,7.25
rsi2_m15_usd100000_smaller_stop_and_time,2017-10-12T12:45:00+00:00,2017-10-12T13:45:00+00:00,18901,stop,-1.0646512254504945,-15.796012247039977,True,False,3600,6.16432659829847,1.008742368301669,1.0701633839599816,1.9209712756076873,-2.1710501622642955,-0.5342465753424616,0.10000000000065512,12.75
rsi2_m15_usd100000_smaller_stop_and_time,2017-10-12T14:00:00+00:00,2017-10-12T14:45:00+00:00,18906,target,0.7113865792794107,10.539060433769047,False,True,2700,7.001011698365778,1.1224825449774862,0.8389577657894738,-0.2067278429684279,-3.11439970446939,-0.6723163841808704,0.10000000000065512,14.0
rsi2_m15_usd100000_smaller_stop_and_time,2017-10-13T07:00:00+00:00,2017-10-13T07:00:00+00:00,18970,stop,-0.8726483082068746,-12.92812308454629,True,False,0,4.7325800607927695,0.8272228349018939,0.3899433573189299,0.17941855369537166,-2.4672701680575333,-0.01923076923090062,0.10000000000065512,7.0
rsi2_m15_usd100000_smaller_stop_and_time,2017-10-13T07:15:00+00:00,2017-10-13T08:45:00+00:00,18971,signal_exit,0.3340400000001964,4.9414201183461,False,True,5400,5.894538627878993,1.0024381226461376,0.33923252549022664,-2.4537469796585887,-3.707046304780381,-0.7428571428571489,0.10000000000065512,7.25
rsi2_m15_usd100000_smaller_stop_and_time,2017-10-13T11:45:00+00:00,2017-10-13T12:30:00+00:00,18989,target,0.6705533999937707,9.91942899399069,False,True,2700,6.689004437821874,1.1089792856624296,-0.2702506210609293,-3.74184865602315,-2.4994167699825294,-0.42105263157889816,0.09999999999843467,11.75
rsi2_m15_usd100000_smaller_stop_and_time,2017-10-13T14:30:00+00:00,2017-10-13T16:30:00+00:00,19000,signal_exit,-0.23369999999992147,-3.467359050443939,False,False,7200,12.167678230106857,1.6909545446113685,0.006604331794793545,1.2534913308093387,0.37663636246311816,-0.8051948051948389,0.20000000000131024,14.5
rsi2_m15_usd100000_smaller_stop_and_time,2017-10-16T15:00:00+00:00,2017-10-16T15:15:00+00:00,19092,signal_exit,0.31452000000006364,4.645790251108768,False,True,900,6.472242859389637,0.9680853477904365,-0.7311078693527734,-3.3226539858545943,-1.4448682187442188,-0.375,0.20000000000131024,15.0
rsi2_m15_usd100000_smaller_stop_and_time,2017-10-17T07:00:00+00:00,2017-10-17T07:00:00+00:00,19154,target,0.4382157782492113,6.453840622226971,False,True,0,4.9496743611859895,0.8579411466437872,-1.3371757274804381,-8.095803801851861,-2.322232348086025,-0.3200000000003553,0.10000000000065512,7.0
rsi2_m15_usd100000_smaller_stop_and_time,2017-10-17T09:00:00+00:00,2017-10-17T10:30:00+00:00,19162,signal_exit,-0.1524699999998394,-2.24550810014491,False,False,5400,5.55692780334966,0.9540294358491233,-1.3786751266342032,-6.2831949588091645,-0.8670374016718903,-0.8000000000000683,0.5000000000010552,9.0
rsi2_m15_usd100000_smaller_stop_and_time,2017-10-17T13:15:00+00:00,2017-10-17T15:00:00+00:00,19179,signal_exit,-0.009599999999960585,-0.14117647058765564,False,False,6300,6.665268293614913,1.1007558411588572,-1.4709717101485271,-7.7800546046828885,-2.334637445060349,-0.6333333333332469,0.10000000000065512,13.25
rsi2_m15_usd100000_smaller_stop_and_time,2017-10-18T08:45:00+00:00,2017-10-18T09:00:00+00:00,19254,stop,-1.1007262125230133,-16.18715018416196,True,False,900,6.37298685678723,1.1563590018116752,-0.7291774830221635,-6.026182425376209,-3.1842879246816436,-0.8993288590603387,0.10000000000065512,8.75
rsi2_m15_usd100000_smaller_stop_and_time,2017-10-18T09:15:00+00:00,2017-10-18T09:45:00+00:00,19256,target,0.7358432493479186,10.805334057972372,False,True,1800,7.07109581018905,1.2558008382714387,-0.8187341210550384,-8.190887486504948,-3.179585999670573,-0.8536585365853625,0.0,9.25
rsi2_m15_usd100000_smaller_stop_and_time,2017-10-18T12:00:00+00:00,2017-10-18T12:15:00+00:00,19267,target,0.7153768053866518,10.520247138038998,False,True,900,6.930711804312465,1.1988661862236638,-1.0361611860706252,-5.059517961483129,-0.6764997133929386,-0.5694444444446072,0.0,12.0
rsi2_m15_usd100000_smaller_stop_and_time,2017-10-19T08:30:00+00:00,2017-10-19T08:45:00+00:00,19347,target,1.08823721399335,16.050696371583335,False,True,900,9.750274439477911,1.4964569763403928,0.7198020319534422,-0.7790959219106015,-2.707281473618059,-0.5570934256055294,0.10000000000065512,8.5
rsi2_m15_usd100000_smaller_stop_and_time,2017-10-20T07:30:00+00:00,2017-10-20T10:00:00+00:00,19438,signal_exit,0.6530200000001767,9.645790251110437,False,True,9000,7.847537228681174,1.1293679850548182,0.08995639830118675,-1.985773699253525,-3.003365521495012,-0.6842105263157938,0.0,7.5
rsi2_m15_usd100000_smaller_stop_and_time,2017-10-20T13:00:00+00:00,2017-10-20T13:30:00+00:00,19460,stop,-1.2523776251033818,-18.498930946874175,True,False,1800,7.472360598990797,1.0700325744235482,-0.1529538272069491,-1.464361232103127,-1.010678671089322,-0.8461538461537148,0.20000000000131024,13.0
rsi2_m15_usd100000_smaller_stop_and_time,2017-10-20T13:45:00+00:00,2017-10-20T14:45:00+00:00,19463,signal_exit,0.16558000000014014,2.445790251109899,False,True,3600,7.7638761792941064,1.1029505710540153,-0.18119957515600565,-2.5739343205695175,-1.9008366378468515,-0.32520325203246747,0.0,13.75
rsi2_m15_usd100000_smaller_stop_and_time,2017-10-20T15:45:00+00:00,2017-10-20T16:00:00+00:00,19471,target,0.9743161617887396,14.34928073326568,False,True,900,8.847394416706113,1.2166019109562316,-0.3317147695962887,-5.382968721577225,-2.2177267790161945,-0.7329842931937227,0.0,15.75
rsi2_m15_usd100000_smaller_stop_and_time,2017-10-23T07:00:00+00:00,2017-10-23T08:15:00+00:00,19530,stop,-0.8970536553280803,-13.211394040177915,True,False,4500,4.932942970016446,0.765147683403573,-0.9918305258415183,-4.920754883650739,-3.368653085290314,-0.8210526315789449,0.0,7.0
rsi2_m15_usd100000_smaller_stop_and_time,2017-10-23T08:30:00+00:00,2017-10-23T11:30:00+00:00,19536,holding_bars,-0.3291999999999405,-4.84117647058736,False,False,10800,6.303331470114543,0.9580455456927051,-1.0147214722366427,-7.029746962769987,-2.7395557901459537,-0.7417218543046913,0.10000000000065512,8.5
rsi2_m15_usd100000_smaller_stop_and_time,2017-10-23T12:00:00+00:00,2017-10-23T13:45:00+00:00,19550,signal_exit,0.09240000000010368,1.358823529413289,False,True,6300,6.3663688398512495,0.9695567441325812,-1.3997042523586998,-6.741200119263941,-1.177860315713809,-0.22222222222230054,0.10000000000065512,12.0
rsi2_m15_usd100000_smaller_stop_and_time,2017-10-24T07:15:00+00:00,2017-10-24T07:30:00+00:00,19625,target,0.4685757136141213,6.890819317854724,False,True,900,5.165997894221071,0.9030774803772242,-0.32043131945795417,-3.632122719282206,-2.8659163936037357,-0.7730496453900229,0.10000000000065512,7.25
rsi2_m15_usd100000_smaller_stop_and_time,2017-10-26T08:30:00+00:00,2017-10-26T09:00:00+00:00,19819,stop,-0.95493159939482,-14.126207091639348,True,False,1800,5.283813604992648,0.9061725770584258,1.4551248664308705,3.718600905817055,-1.971656110052996,-0.4230769230770709,0.1999999999990898,8.5
rsi2_m15_usd100000_smaller_stop_and_time,2017-10-26T09:15:00+00:00,2017-10-26T10:30:00+00:00,19822,signal_exit,0.39488000000014467,5.841420118345335,False,True,4500,5.690538808370528,0.9688013600932719,1.3285696479197258,2.133976363985507,-2.427628305158739,-0.722772277227873,0.10000000000065512,9.25
rsi2_m15_usd100000_smaller_stop_and_time,2017-10-26T12:15:00+00:00,2017-10-26T13:00:00+00:00,19834,target,1.2680792476660985,18.6482242303838,False,True,2700,11.144700350484515,1.6709648240277621,0.5917704467513247,-6.407520482763908,-3.3575654922212856,-0.5719178082191921,0.2999999999997449,12.25
rsi2_m15_usd100000_smaller_stop_and_time,2017-10-26T13:45:00+00:00,2017-10-26T15:00:00+00:00,19840,stop,-2.3353212973862227,-34.29253006440856,True,False,4500,15.477836251001598,2.027127926558887,-0.03810426723796514,-8.514391014576216,-2.144660480341193,-0.7272727272726875,0.0,13.75
rsi2_m15_usd100000_smaller_stop_and_time,2017-10-26T15:15:00+00:00,2017-10-26T17:45:00+00:00,19846,stop,-2.28837976059109,-33.50482811992811,True,False,9000,14.988285216626894,1.8663748499184125,-0.7811520269802167,-11.928268210579201,-1.6754943430900948,-0.6084656084656171,0.1999999999990898,15.25
rsi2_m15_usd100000_smaller_stop_and_time,2017-10-27T12:15:00+00:00,2017-10-27T12:30:00+00:00,19928,stop,-1.2656475889722616,-18.39604053738752,True,False,900,7.444531896601273,1.0021180065290611,-2.925434594243652,-13.425332512574066,-2.213717398518377,-0.4827586206899192,0.20000000000131024,12.25
rsi2_m15_usd100000_smaller_stop_and_time,2017-10-27T13:45:00+00:00,2017-10-27T14:00:00+00:00,19934,target,1.140538111396641,16.553528467295227,False,True,900,10.028143043515854,1.2760320541821564,-2.8018203171432408,-13.38362001529225,-1.6263928588409962,-0.18269230769221634,0.1999999999990898,13.75
rsi2_m15_usd100000_smaller_stop_and_time,2017-10-30T07:15:00+00:00,2017-10-30T07:45:00+00:00,20001,target,0.3631567499140893,5.278441132472229,False,True,1800,4.3427089383287045,0.6122004551220934,-1.4855917354639254,-6.186055651952858,-2.0008934572136092,-0.8461538461538954,0.10000000000065512,7.25
rsi2_m15_usd100000_smaller_stop_and_time,2017-10-30T12:30:00+00:00,2017-10-30T12:45:00+00:00,20022,stop,-1.1077208750790308,-16.124030204934947,True,False,900,6.006411026776935,0.8515319602943093,-0.7209607955020606,-2.5892551395348566,-0.38085624733553647,-0.1315789473683903,0.8000000000008001,12.5
rsi2_m15_usd100000_smaller_stop_and_time,2017-10-30T13:00:00+00:00,2017-10-30T14:00:00+00:00,20024,signal_exit,0.1508800000000072,2.193023255814058,False,True,3600,6.943282977169809,0.9684867817175575,-0.6858487976576829,-4.631679069364756,-3.2669150992751743,-0.6153846153846435,0.10000000000065512,13.0
rsi2_m15_usd100000_smaller_stop_and_time,2017-10-31T07:30:00+00:00,2017-10-31T08:00:00+00:00,20098,signal_exit,0.4036800000001468,5.884548104958409,False,True,1800,5.462561502433223,0.8700488034610354,-0.25965168919585363,-1.1317491807556777,-0.23975121138104027,-0.816091954022836,0.10000000000065512,7.5
rsi2_m15_usd100000_smaller_stop_and_time,2017-10-31T09:15:00+00:00,2017-10-31T11:15:00+00:00,20105,signal_exit,-0.23429999999992007,-3.4154518950425663,False,False,7200,6.472218594488284,1.009545465321433,-0.17936480821265874,-0.8116110968044506,-0.19056741958612855,-0.6376811594205324,0.20000000000131024,9.25
rsi2_m15_usd100000_smaller_stop_and_time,2017-11-01T09:15:00+00:00,2017-11-01T10:45:00+00:00,20200,signal_exit,-0.2205799999998302,-3.215451895041256,False,False,5400,5.9178037810222435,0.9775202596287712,-0.19478219279899495,-0.5321242861398153,0.08406677574122444,-0.20481927710846598,0.10000000000065512,9.25
rsi2_m15_usd100000_smaller_stop_and_time,2017-11-01T12:30:00+00:00,2017-11-01T14:00:00+00:00,20213,target,0.7360479039319574,10.713943288674779,False,True,5400,7.012575720028044,1.1337395794803502,-0.09385628070246468,-3.483760326236643,-2.9968667117257,-0.7387755102040083,0.0,12.5
rsi2_m15_usd100000_smaller_stop_and_time,2017-11-02T07:45:00+00:00,2017-11-02T08:45:00+00:00,20287,stop,-1.1903290846646617,-17.351735928056293,True,False,3600,6.918142016507411,1.007455596984199,0.6202398857379733,0.472809553293145,-3.468148357424263,-0.9333333333332675,0.1999999999990898,7.75
rsi2_m15_usd100000_smaller_stop_and_time,2017-11-02T09:00:00+00:00,2017-11-02T10:00:00+00:00,20292,target,0.7412062746422694,10.789028742973352,False,True,3600,7.100118447177902,1.0299002076831014,0.4484158466536633,-0.9122778658227721,-2.1798052509638106,-0.3706896551723379,0.10000000000065512,9.0
rsi2_m15_usd100000_smaller_stop_and_time,2017-11-02T13:15:00+00:00,2017-11-02T14:00:00+00:00,20309,target,0.9457825517599404,13.786917664139073,False,True,2700,8.551184779590768,1.2000013011834776,0.23874176964926003,0.4743097733459742,-0.340300329313072,-0.7297297297297459,0.0,13.25
rsi2_m15_usd100000_smaller_stop_and_time,2017-11-03T07:00:00+00:00,2017-11-03T07:15:00+00:00,20377,stop,-0.7467720959804522,-10.901782423072296,True,False,900,3.741037196938627,0.6016162013741163,0.47136272207947305,1.6657263496786672,-0.23666101234272957,-0.76595744680838,0.10000000000065512,7.0
rsi2_m15_usd100000_smaller_stop_and_time,2017-11-03T07:30:00+00:00,2017-11-03T07:45:00+00:00,20379,stop,-0.78954405214647,-11.526190542284235,True,False,900,4.10324125654398,0.6594740398180908,0.4425566390507474,0.7019876611268171,-1.7997296191565872,-0.03571428571452645,0.0,7.5
rsi2_m15_usd100000_smaller_stop_and_time,2017-11-03T08:00:00+00:00,2017-11-03T10:15:00+00:00,20381,signal_exit,0.026380000000112147,0.384548104957903,False,True,8100,4.392590675285396,0.7058269567970739,0.3993096463767586,-0.5746249024641317,-2.4974210778468815,-0.43243243243228646,0.0,8.0
rsi2_m15_usd100000_smaller_stop_and_time,2017-11-03T11:30:00+00:00,2017-11-03T12:00:00+00:00,20395,signal_exit,0.15672000000005212,2.284548104957028,False,True,1800,4.904218065207376,0.8088408473203763,0.049401523847071985,-1.238032531356499,-1.085166093815744,-0.24324324324334867,0.20000000000131024,11.5
rsi2_m15_usd100000_smaller_stop_and_time,2017-11-03T14:15:00+00:00,2017-11-03T14:30:00+00:00,20406,stop,-1.5615217492954288,-22.762707715676804,True,False,900,9.723627910317594,1.4220893326417028,-0.05457455306297619,-2.1325235778802827,-1.8902315115916595,-0.5614973262031946,0.0,14.25
rsi2_m15_usd100000_smaller_stop_and_time,2017-11-03T14:45:00+00:00,2017-11-03T16:30:00+00:00,20408,stop,-1.6474621135423482,-23.980525670194293,True,False,6300,10.28465875940635,1.4726812119722725,-0.11565019617971423,-4.015660945186152,-2.3899680798960725,-0.2612612612611856,0.10000000000065512,14.75
rsi2_m15_usd100000_smaller_stop_and_time,2017-11-06T07:15:00+00:00,2017-11-06T07:45:00+00:00,20469,target,0.5846761717608822,8.498200170943054,False,True,1800,5.902588457563748,0.9060601474697861,-0.836020450885721,-4.822537504582446,-3.1654615074983288,-0.8000000000000808,0.0,7.25
rsi2_m15_usd100000_smaller_stop_and_time,2017-11-06T09:30:00+00:00,2017-11-06T10:30:00+00:00,20478,signal_exit,0.6336900000001071,9.197242380262802,False,True,3600,7.087309842026543,1.064211303723075,-0.8309906986912369,-5.322030964477806,-3.037060598062505,-0.6724137931034857,0.0,9.5
rsi2_m15_usd100000_smaller_stop_and_time,2017-11-06T12:00:00+00:00,2017-11-06T13:30:00+00:00,20488,signal_exit,-0.041529999999879774,-0.6027576197370069,False,False,5400,6.869540761812898,1.031216333963133,-0.8961374837952478,-5.148494051633846,-2.00961277841439,-0.4482758620688203,0.0,12.0
rsi2_m15_usd100000_smaller_stop_and_time,2017-11-07T07:15:00+00:00,2017-11-07T07:30:00+00:00,20560,stop,-0.9009556101077327,-13.076278811432985,True,False,900,4.836760595847951,0.8478403861194218,-0.3696349423805629,-3.4029534049537724,-2.9140037536849523,-0.7241379310346939,0.10000000000065512,7.25
rsi2_m15_usd100000_smaller_stop_and_time,2017-11-07T08:30:00+00:00,2017-11-07T08:30:00+00:00,20565,stop,-1.003081535732383,-14.558512855332118,True,False,0,5.577877617797145,0.9648208944123028,-0.50599135053949,-5.219543411410699,-2.0217626345163096,-0.4269662921348567,0.10000000000065512,8.5
rsi2_m15_usd100000_smaller_stop_and_time,2017-11-07T09:00:00+00:00,2017-11-07T12:00:00+00:00,20567,holding_bars,0.02112000000022113,0.30564399421448807,False,True,10800,6.297761823508793,1.0692786581412828,-0.6185075540714282,-7.970028003840543,-2.3568170667051396,-0.318181818181887,0.0,9.0
rsi2_m15_usd100000_smaller_stop_and_time,2017-11-08T12:15:00+00:00,2017-11-08T14:30:00+00:00,20674,signal_exit,0.385650000000165,5.597242380263642,False,True,8100,6.5294345876067466,1.1036100789732701,-0.0012078303618345088,-1.5868054315580504,-2.3893833661507458,-0.6433566433566467,0.10000000000065512,12.25
rsi2_m15_usd100000_smaller_stop_and_time,2017-11-09T08:30:00+00:00,2017-11-09T09:30:00+00:00,20755,signal_exit,0.06182000000018534,0.8972423802639381,False,True,3600,5.689784071055068,1.0598781570329607,0.2102171588874212,-0.22504560465008594,-0.9282220050304153,-0.7078651685391772,0.09999999999843467,8.5
rsi2_m15_usd100000_smaller_stop_and_time,2017-11-09T13:45:00+00:00,2017-11-09T13:45:00+00:00,20776,stop,-1.316564840972529,-19.16397148431629,True,False,0,7.876381666467197,1.3459960290896062,0.6680205701925194,3.2830530532329703,0.18310648770534382,-0.5645161290324169,0.10000000000065512,13.75
rsi2_m15_usd100000_smaller_stop_and_time,2017-11-09T14:00:00+00:00,2017-11-09T14:45:00+00:00,20777,signal_exit,0.8526400000001744,12.393023255816487,False,True,2700,8.585211547433907,1.4365732863701761,0.6456016790796819,0.6480002489986038,-0.9105485329142262,-0.8595505617977149,0.10000000000065512,14.0
rsi2_m15_usd100000_smaller_stop_and_time,2017-11-10T08:15:00+00:00,2017-11-10T08:15:00+00:00,20850,target,0.4815635096721056,7.009658073829775,False,True,0,5.26043311260445,0.9354407237966855,1.0125230057353298,1.119027087810614,-2.764743104967434,-0.43269230769239597,0.1999999999990898,8.25
rsi2_m15_usd100000_smaller_stop_and_time,2017-11-10T11:30:00+00:00,2017-11-10T13:00:00+00:00,20863,signal_exit,0.25276000000007204,3.6845481049573183,False,True,5400,6.787668317927997,1.146856228578923,0.8698773333376396,3.1332843786074216,0.022847020031578794,-0.7468354430382345,0.0,11.5
rsi2_m15_usd100000_smaller_stop_and_time,2017-11-13T07:00:00+00:00,2017-11-13T07:45:00+00:00,20933,stop,-0.8321078077610331,-12.129851425087946,True,False,2700,4.30719976502193,0.7880001685071233,0.5535970993580741,1.3648037337471324,-1.491554078601609,-0.12048192771081437,0.20000000000131024,7.0
rsi2_m15_usd100000_smaller_stop_and_time,2017-11-13T08:00:00+00:00,2017-11-13T08:45:00+00:00,20937,signal_exit,0.06068000000018453,0.8845481049589581,False,True,2700,4.934205343835941,0.8945200339107241,0.509667648592495,-0.1325091324524846,-2.7022029619514876,-0.6285714285712927,0.1999999999990898,8.0
rsi2_m15_usd100000_smaller_stop_and_time,2017-11-14T07:00:00+00:00,2017-11-14T07:00:00+00:00,21024,target,0.19486707365709252,2.844774797913759,False,True,0,3.0822414135549576,0.6535907552185862,0.9801997302113417,2.180375623782585,-3.155573859376416,-0.954545454545661,0.0,7.0
rsi2_m15_usd100000_smaller_stop_and_time,2017-11-16T08:00:00+00:00,2017-11-16T08:15:00+00:00,21219,target,0.6925782487354641,10.2150184179272,False,True,900,6.832435462650411,1.0326401639681724,0.42066860303017106,-0.02362017392695143,-1.60176457236348,-0.582191780821923,0.10000000000065512,8.0
rsi2_m15_usd100000_smaller_stop_and_time,2017-11-16T15:30:00+00:00,2017-11-16T17:45:00+00:00,21249,signal_exit,0.6691200000001154,9.854491899854423,False,True,8100,9.05115122839624,1.2409234430268021,-0.042789092107531956,-1.1873645950798055,-1.1614748069178198,-0.9172413793104124,0.10000000000065512,15.5
rsi2_m15_usd100000_smaller_stop_and_time,2017-11-17T07:45:00+00:00,2017-11-17T09:45:00+00:00,21312,signal_exit,0.30098000000012526,4.4457902511096785,False,True,7200,7.201778333676767,1.0508770606865374,1.0967291439667979,1.80061979710276,-2.5936253386484465,-0.39370078740156794,0.10000000000065512,7.75
rsi2_m15_usd100000_smaller_stop_and_time,2017-11-17T15:30:00+00:00,2017-11-17T16:30:00+00:00,21343,signal_exit,0.27460000000024887,4.050147492629039,False,True,3600,8.54498187223348,1.1607413927089518,0.41287567150112026,0.29163106195582356,-1.6815147760776528,-0.7976190476190319,0.09999999999843467,15.5
rsi2_m15_usd100000_smaller_stop_and_time,2017-11-20T12:00:00+00:00,2017-11-20T14:45:00+00:00,21423,stop,-1.4438468933629092,-21.295676893258246,True,False,9900,8.87291219294293,1.1280889716371545,-0.01947127994237337,0.15306888122063309,-0.24941022921482842,-0.622047244094491,0.1999999999990898,12.0
rsi2_m15_usd100000_smaller_stop_and_time,2017-11-20T15:00:00+00:00,2017-11-20T16:30:00+00:00,21435,signal_exit,-0.566659999999839,-8.345508100144903,False,False,5400,8.499060273444492,1.0776870789044606,0.21059284472327444,-2.249246379761554,-2.412310989544862,-0.8333333333334876,0.20000000000131024,15.0
rsi2_m15_usd100000_smaller_stop_and_time,2017-11-21T08:00:00+00:00,2017-11-21T08:00:00+00:00,21500,target,0.4876915506632209,7.171934568576777,False,True,0,5.35655551958146,0.8241437791029824,-0.7797888454452478,-3.248314489261185,-0.9253023525764432,-0.4059405940592253,0.1999999999990898,8.0
rsi2_m15_usd100000_smaller_stop_and_time,2017-11-21T12:15:00+00:00,2017-11-21T13:45:00+00:00,21517,signal_exit,-0.02293999999989854,-0.3368575624067333,False,False,5400,8.575110569928762,1.2000043441198658,-0.695062242221823,-4.559666874318292,-1.648268460104388,-0.19117647058817766,0.1999999999990898,12.25
rsi2_m15_usd100000_smaller_stop_and_time,2017-11-22T10:00:00+00:00,2017-11-22T11:45:00+00:00,21600,signal_exit,-0.49875999999984644,-7.345508100145014,False,False,6300,6.720927091808264,1.0073756096164217,0.2306903902523074,1.3102846717341505,0.12693922702133906,-0.8809523809523873,0.1999999999990898,10.0
rsi2_m15_usd100000_smaller_stop_and_time,2017-11-22T12:30:00+00:00,2017-11-22T13:30:00+00:00,21610,target,0.6398605620659972,9.40971414802937,False,True,3600,6.425445309308172,0.9743288590170098,0.3101186297434433,-1.4131012243477543,-2.219178313472719,-0.5555555555557513,0.10000000000065512,12.5
rsi2_m15_usd100000_smaller_stop_and_time,2017-11-24T07:00:00+00:00,2017-11-24T07:15:00+00:00,21769,stop,-0.8815816040544295,-13.079845757484117,True,False,900,4.856243353520125,0.8443155328691211,1.4233138112857602,4.763300818130574,-1.5662150312402388,-0.2631578947367806,0.0,7.0
rsi2_m15_usd100000_smaller_stop_and_time,2017-11-24T07:30:00+00:00,2017-11-24T07:45:00+00:00,21771,target,0.46963108219688654,6.957497514027948,False,True,900,5.2602302384944,0.9078580673127249,1.3739786579983824,3.0176384188031267,-3.0792689501410937,-0.7866666666664613,0.1999999999990898,7.5
rsi2_m15_usd100000_smaller_stop_and_time,2017-11-27T07:15:00+00:00,2017-11-27T07:45:00+00:00,21860,target,0.4424451667209397,6.603659204790145,False,True,1800,5.0943669158270355,0.8586117766791364,2.21066877621653,7.207563661651332,-1.6117585392350602,-0.9272727272726612,0.1999999999990898,7.25
rsi2_m15_usd100000_smaller_stop_and_time,2017-11-27T14:45:00+00:00,2017-11-27T15:45:00+00:00,21890,stop,-1.444760900827159,-21.595828114008356,True,False,3600,9.0031457460929,1.3326702596274187,1.915408883346519,6.601823004498749,-0.5053539280599915,-0.6106194690266382,0.20000000000131024,14.75
rsi2_m15_usd100000_smaller_stop_and_time,2017-11-28T07:15:00+00:00,2017-11-28T07:15:00+00:00,21955,stop,-0.8839345217338019,-13.173390785898688,True,False,0,4.8463824272271285,0.8270342644513176,0.2744448072191388,-0.39463070657319516,-2.4284475823839307,-0.8611111111112696,0.10000000000065512,7.25
rsi2_m15_usd100000_smaller_stop_and_time,2017-11-28T07:30:00+00:00,2017-11-28T08:00:00+00:00,21956,target,0.48546852691805786,7.224234031518718,False,True,1800,5.400212253853631,0.9106347957139946,0.24752330495121747,-0.9871039254429064,-2.8063539766992367,-0.28571428571426055,0.1999999999990898,7.5
rsi2_m15_usd100000_smaller_stop_and_time,2017-11-28T14:45:00+00:00,2017-11-28T15:45:00+00:00,21985,stop,-1.3332681509974167,-19.840299866032986,True,False,3600,8.132054694923069,1.2062026027398127,-0.294329972232383,-2.078529186424729,-1.1510671127663845,-0.27160493827167265,0.1999999999990898,14.75
rsi2_m15_usd100000_smaller_stop_and_time,2017-11-29T10:15:00+00:00,2017-11-29T10:45:00+00:00,22061,stop,-1.1488071547774459,-17.069942864449416,True,False,1800,6.7990873311847695,0.9929354151162134,-0.5619743574894687,-1.8457700446947705,0.02050670757464955,-0.7692307692309006,0.10000000000065512,10.25
rsi2_m15_usd100000_smaller_stop_and_time,2017-11-29T11:00:00+00:00,2017-11-29T11:00:00+00:00,22064,stop,-1.2222494562753132,-18.13426492990079,True,False,0,7.3334529397279535,1.0581759148937588,-0.5397695025972854,-3.900393659018302,-2.165425643378227,-0.6039603960394972,0.10000000000065512,11.0
rsi2_m15_usd100000_smaller_stop_and_time,2017-11-29T11:15:00+00:00,2017-11-29T12:00:00+00:00,22065,target,0.8620149935161416,12.77059249653543,False,True,2700,8.116777729747383,1.1515263188915623,-0.5522407051601373,-6.001894695468079,-3.1633954725651585,-0.857923497267678,0.09999999999843467,11.25
rsi2_m15_usd100000_smaller_stop_and_time,2017-11-29T13:15:00+00:00,2017-11-29T14:00:00+00:00,22073,signal_exit,0.5087500000001468,7.5370370370392115,False,True,2700,8.393213704305891,1.173483137488477,-0.6965945661056453,-6.266991491157539,-1.695618022741554,-0.6394557823130002,0.20000000000131024,13.25
rsi2_m15_usd100000_smaller_stop_and_time,2017-11-30T08:30:00+00:00,2017-11-30T08:45:00+00:00,22148,stop,-1.0587999784962208,-15.70919849400921,True,False,900,6.170919721782782,0.9240070254548125,0.02323311395091842,-1.4986516299163744,-2.357790730707352,-0.5238095238093627,0.0,8.5
rsi2_m15_usd100000_smaller_stop_and_time,2017-11-30T09:15:00+00:00,2017-11-30T10:00:00+00:00,22151,stop,-1.2305612007586675,-18.23053630753581,True,False,2700,7.383786672287352,1.0782964324615847,-0.09383214537149175,-4.806243363579908,-3.0555640061956724,-0.8813559322034792,0.10000000000065512,9.25
rsi2_m15_usd100000_smaller_stop_and_time,2017-11-30T10:15:00+00:00,2017-11-30T11:15:00+00:00,22155,signal_exit,0.6517600000001764,9.641420118345804,False,True,3600,8.556547562140707,1.2152359855093067,-0.28621239126622033,-6.114184116111198,-2.159786143693378,-0.5286885245901699,0.0,10.25
rsi2_m15_usd100000_smaller_stop_and_time,2017-12-01T07:30:00+00:00,2017-12-01T08:00:00+00:00,22238,target,0.6910367260076791,10.31398098518924,False,True,1800,6.84952780602612,0.9078856555430302,1.1274217992809326,4.162284213115769,-0.134318930141137,-0.6956521739132394,0.0,7.5
rsi2_m15_usd100000_smaller_stop_and_time,2017-12-01T09:30:00+00:00,2017-12-01T09:45:00+00:00,22246,stop,-1.363277677977559,-20.347428029515804,True,False,900,8.48117670132599,1.0880236892435073,1.1731681996610497,4.072256353952327,-0.5141561987106918,-0.7108433734941821,0.0,9.5
rsi2_m15_usd100000_smaller_stop_and_time,2017-12-01T10:00:00+00:00,2017-12-01T10:45:00+00:00,22248,stop,-1.4243140375035346,-21.226736773525108,True,False,2700,8.823055421041383,1.1224613513246324,1.1288472065852013,2.0271132285773494,-2.458698789915851,-0.7699115044246623,0.1999999999990898,10.0
rsi2_m15_usd100000_smaller_stop_and_time,2017-12-01T11:00:00+00:00,2017-12-01T12:45:00+00:00,22252,signal_exit,0.5996800000001656,8.923809523811988,False,True,6300,9.550577516669327,1.1928873904542114,0.9973735747023079,0.24604193974832667,-2.334263458926209,-0.658385093167647,0.09999999999843467,11.0
rsi2_m15_usd100000_smaller_stop_and_time,2017-12-01T14:00:00+00:00,2017-12-01T16:00:00+00:00,22264,target,1.1645535894901284,17.30391663432583,False,True,7200,10.387842418202217,1.2506164942233995,0.46732243942431934,-2.2036956518661994,-2.1975599246293682,-0.4017857142857656,0.10000000000065512,14.0
rsi2_m15_usd100000_smaller_stop_and_time,2017-12-04T07:15:00+00:00,2017-12-04T07:15:00+00:00,22332,stop,-0.9729164632932148,-14.434962363400812,True,False,0,5.4338016564776135,0.6579572878519045,-0.46351996220089525,-4.2288249668974665,-3.903856546823874,-0.7723214285714259,0.20000000000131024,7.25
rsi2_m15_usd100000_smaller_stop_and_time,2017-12-04T07:30:00+00:00,2017-12-04T08:00:00+00:00,22333,target,0.5591110016294285,8.29541545444256,False,True,1800,5.88138725244358,0.7090757582696043,-0.4894343905047678,-4.681913366673171,-3.1277046936308253,-0.36752136752127185,0.10000000000065512,7.5
rsi2_m15_usd100000_smaller_stop_and_time,2017-12-04T10:30:00+00:00,2017-12-04T11:30:00+00:00,22345,signal_exit,0.5346600000001736,7.932640949557471,False,True,3600,8.690352199776397,1.0119337561161885,-0.5976563833476446,-3.918927781774503,-1.50164472226743,-0.6525423728813257,0.0,10.5
rsi2_m15_usd100000_smaller_stop_and_time,2017-12-04T14:00:00+00:00,2017-12-04T16:00:00+00:00,22359,signal_exit,0.035900000000198495,0.5326409495578411,False,True,7200,9.228947276944364,1.0661957177432546,-0.6319176440833083,-3.5229079955445672,-1.6862933136698293,-0.6279069767443342,0.0,14.0
rsi2_m15_usd100000_smaller_stop_and_time,2017-12-05T08:45:00+00:00,2017-12-05T09:45:00+00:00,22430,signal_exit,0.3863800000001001,5.732640949556381,False,True,3600,6.057651250245038,0.8670295756841415,-0.07326908529819927,-3.0894353365703155,-2.733920652902471,-0.7448979591838099,0.20000000000131024,8.75
rsi2_m15_usd100000_smaller_stop_and_time,2017-12-05T13:00:00+00:00,2017-12-05T13:45:00+00:00,22447,stop,-1.143981437306866,-16.973018357668636,True,False,2700,6.752829653613331,0.965098833139623,-0.32257254519385564,-2.8734594756264595,-1.2804197379456346,-0.7938144329896955,0.09999999999843467,13.0
rsi2_m15_usd100000_smaller_stop_and_time,2017-12-05T14:00:00+00:00,2017-12-05T14:00:00+00:00,22451,stop,-1.235206636413566,-18.299357576497272,True,False,0,7.418197306769184,1.0477213745243268,-0.43094757396777694,-4.461133766600298,-1.9771438247738682,-0.46385542168671073,0.09999999999843467,14.0
rsi2_m15_usd100000_smaller_stop_and_time,2017-12-05T14:15:00+00:00,2017-12-05T14:30:00+00:00,22452,target,0.9283073990270881,13.732357973773492,False,True,900,8.595468927714165,1.1846799305768907,-0.4757384279057945,-6.725337649747125,-2.8140455948421534,-0.7405857740586315,0.10000000000065512,14.25
rsi2_m15_usd100000_smaller_stop_and_time,2017-12-06T07:00:00+00:00,2017-12-06T07:30:00+00:00,22518,stop,-0.8900863562768033,-13.186464537434123,True,False,1800,4.811750787236281,0.7318821295460025,-0.5256242551162238,-2.063367802007576,-0.3605884013590902,-0.3409090909093088,0.20000000000131024,7.0
rsi2_m15_usd100000_smaller_stop_and_time,2017-12-06T07:45:00+00:00,2017-12-06T08:00:00+00:00,22521,target,0.5580717449112707,8.255499185077968,False,True,900,5.807039533366655,0.8707588763951237,-0.4921422828521506,-4.022296982749681,-2.6512624642093123,-0.9530201342281779,0.0,7.75
rsi2_m15_usd100000_smaller_stop_and_time,2017-12-06T12:15:00+00:00,2017-12-06T13:15:00+00:00,22539,signal_exit,0.3272800000001521,4.841420118345445,False,True,3600,7.611263612085016,1.090246340312185,-0.7525735046907205,-5.03569166701515,-1.9866222303218455,-0.9649122807015357,0.10000000000065512,12.25
rsi2_m15_usd100000_smaller_stop_and_time,2017-12-06T14:00:00+00:00,2017-12-06T14:45:00+00:00,22546,stop,-1.342987609459814,-19.86668061331086,True,False,2700,8.25405036582773,1.1603073745403376,-0.8671789766820153,-4.5580573693242625,-1.3170169915138137,-0.4904458598727601,0.0,14.0
rsi2_m15_usd100000_smaller_stop_and_time,2017-12-06T15:15:00+00:00,2017-12-06T17:30:00+00:00,22551,signal_exit,0.003100000000127945,0.04579025110971854,False,True,8100,8.744683246711398,1.2055652684796163,-0.967395991594831,-6.6007075385222045,-1.9270317037120348,-0.010526315789542573,0.0,15.25
rsi2_m15_usd100000_smaller_stop_and_time,2017-12-07T11:00:00+00:00,2017-12-07T11:45:00+00:00,22628,signal_exit,0.16612000000014035,2.4501474926274383,False,True,2700,5.871289017911134,0.9493727631887295,-1.0204415305180166,-5.755401342202856,-2.226699193565081,-0.5,0.10000000000065512,11.0
rsi2_m15_usd100000_smaller_stop_and_time,2017-12-08T07:00:00+00:00,2017-12-08T07:00:00+00:00,22706,stop,-0.8086567315447144,-11.892010758010505,True,False,0,4.175417143712608,0.7370405157584473,-1.4269261499945858,-7.3253346463217,-2.5715183777135127,-0.47058823529414323,0.1999999999990898,7.0
rsi2_m15_usd100000_smaller_stop_and_time,2017-12-08T07:15:00+00:00,2017-12-08T07:45:00+00:00,22707,target,0.413752679291828,6.084598224879823,False,True,1800,4.712887347733219,0.8227841294379691,-1.4382197784012194,-8.676599758817021,-3.053430420095582,-0.7435897435897971,0.0,7.25
rsi2_m15_usd100000_smaller_stop_and_time,2017-12-08T08:30:00+00:00,2017-12-08T10:30:00+00:00,22712,signal_exit,-0.19999999999984902,-2.941176470586015,False,False,7200,6.184797781433598,1.0459395393217001,-1.4750755239602036,-8.531919988467243,-1.9993971944510522,-0.3299999999999778,0.0,8.5
rsi2_m15_usd100000_smaller_stop_and_time,2017-12-11T11:45:00+00:00,2017-12-11T12:45:00+00:00,22816,signal_exit,0.08434000000005887,1.2457902511086982,False,True,3600,6.159736992129547,1.0406074196515944,0.4922606449112001,1.8505228999192043,-0.14061811114470857,-0.3999999999999408,0.10000000000065512,11.75
rsi2_m15_usd100000_smaller_stop_and_time,2017-12-11T13:30:00+00:00,2017-12-11T14:45:00+00:00,22823,signal_exit,0.30172000000012544,4.450147492627218,False,True,4500,6.116798664297778,1.0341049610698352,0.5669688463849599,0.6501016073014472,-2.910416582819206,-0.9365079365080512,0.10000000000065512,13.5
rsi2_m15_usd100000_smaller_stop_and_time,2017-12-12T10:30:00+00:00,2017-12-12T11:15:00+00:00,22902,signal_exit,0.4237600000001722,6.250147492627909,False,True,2700,5.671521436691231,1.016336825734758,-0.09239390233946478,-1.564423437463791,-1.4294661765507277,-0.849999999999741,0.1999999999990898,10.5
rsi2_m15_usd100000_smaller_stop_and_time,2017-12-12T14:00:00+00:00,2017-12-12T14:15:00+00:00,22916,stop,-1.1214810971198608,-16.49236907529207,True,False,900,6.525596302352157,1.1404040845353172,-0.18327808110223576,-4.885949643044356,-2.6877080148672428,-0.49411764705891575,0.10000000000065512,14.0
rsi2_m15_usd100000_smaller_stop_and_time,2017-12-12T14:30:00+00:00,2017-12-12T15:45:00+00:00,22918,stop,-1.1833117623124023,-17.401643563417682,True,False,4500,6.930233546415946,1.19460937789699,-0.3239102386199753,-6.822459506825914,-2.4274309152468048,-0.2777777777777264,0.1999999999990898,14.5
rsi2_m15_usd100000_smaller_stop_and_time,2017-12-13T07:15:00+00:00,2017-12-13T07:30:00+00:00,22983,stop,-0.7394342109267391,-10.874032513628515,True,False,900,3.7164280215204326,0.7238826521331491,-0.4418430436390534,-2.1180701549125454,-1.001135689564813,-0.8412698412698916,0.10000000000065512,7.25
rsi2_m15_usd100000_smaller_stop_and_time,2017-12-13T07:45:00+00:00,2017-12-13T09:30:00+00:00,22985,signal_exit,0.004000000000128512,0.05882352941365458,False,True,6300,3.850899671617117,0.7512641433961161,-0.4309016242797916,-3.210338492705473,-2.162613438646391,-0.43749999999926276,0.1999999999990898,7.75
rsi2_m15_usd100000_smaller_stop_and_time,2017-12-13T11:45:00+00:00,2017-12-13T13:30:00+00:00,23001,target,0.4634982581354532,6.816150854933134,False,True,6300,5.1786636627596945,0.9875005317563245,-0.577755800698614,-3.7267749555038225,-1.5250055950775252,-0.9433962264147386,0.1999999999990898,11.75
rsi2_m15_usd100000_smaller_stop_and_time,2017-12-14T07:45:00+00:00,2017-12-14T08:00:00+00:00,23080,target,0.44852597711799747,6.634999661508838,False,True,900,5.046789771582574,0.819199751870337,1.9456764680888923,4.883790128525167,-2.3243958611598603,-0.735849056603734,0.10000000000065512,7.75
rsi2_m15_usd100000_smaller_stop_and_time,2017-12-14T14:00:00+00:00,2017-12-14T14:45:00+00:00,23105,stop,-1.9211603060106528,-28.41953115400374,True,False,2700,12.480475636174864,1.6635742792508144,1.2065854807790057,3.4144514050395856,-0.944128120662621,-0.6749116607773081,0.09999999999843467,14.0
rsi2_m15_usd100000_smaller_stop_and_time,2017-12-14T15:30:00+00:00,2017-12-14T17:30:00+00:00,23111,signal_exit,-0.4101799999998714,-6.0498525073727345,False,False,7200,14.337769395746106,1.760992979335749,0.8705340815516857,-1.5045028915023901,-2.4234400288662754,-0.776470588235271,0.0,15.5
rsi2_m15_usd100000_smaller_stop_and_time,2017-12-15T12:45:00+00:00,2017-12-15T13:00:00+00:00,23195,signal_exit,0.18589000000012287,2.7457902511096437,False,True,900,6.326008464116988,0.9357740946327906,0.13815968494091743,0.6677926573400766,0.03047987316644933,-0.038961038961009,0.0,12.75
rsi2_m15_usd100000_smaller_stop_and_time,2017-12-15T14:15:00+00:00,2017-12-15T14:30:00+00:00,23201,stop,-1.2155337889434052,-17.954708847022232,True,False,900,7.300249549065844,1.0590188217063803,0.23227117632198843,0.2828185820918229,-1.3586125160945206,-0.5596330275230311,0.0,14.25
rsi2_m15_usd100000_smaller_stop_and_time,2017-12-15T14:45:00+00:00,2017-12-15T15:45:00+00:00,23203,stop,-1.3228110141130207,-19.510486933820363,True,False,3600,8.030317213224981,1.1449871287949982,0.2018493734025559,-1.619760615461566,-2.849550178281614,-0.3899999999999334,0.09999999999843467,14.75
rsi2_m15_usd100000_smaller_stop_and_time,2017-12-19T09:30:00+00:00,2017-12-19T10:45:00+00:00,23373,target,0.6585761141661939,9.727859884286467,False,True,4500,6.591034816587357,1.1226970680322246,0.5138958807450862,1.7555399675344379,-0.2766590680040271,-0.48550724637679643,0.09999999999843467,9.5
rsi2_m15_usd100000_smaller_stop_and_time,2017-12-19T14:45:00+00:00,2017-12-19T15:30:00+00:00,23394,signal_exit,0.48952000000016427,7.241420118345625,False,True,2700,8.508090245430116,1.3435407428881108,0.9147179320566311,2.903248859133578,-0.5695228574096503,-0.5375000000000364,0.0,14.75
rsi2_m15_usd100000_smaller_stop_and_time,2017-12-20T07:00:00+00:00,2017-12-20T07:15:00+00:00,23457,target,0.2813667788046317,4.16839672303158,False,True,900,3.8656798429966344,0.7049529528531209,1.4320294950020918,2.8686740658466245,-3.2382481796932368,-0.9305555555557226,0.20000000000131024,7.0
rsi2_m15_usd100000_smaller_stop_and_time,2017-12-20T12:00:00+00:00,2017-12-20T14:00:00+00:00,23477,target,0.7084374532338402,10.495369677538372,False,True,7200,7.029166320249656,1.1787378816963554,1.068395149247235,2.9948242937980107,-1.2576974979292637,-0.8888888888889099,0.1999999999990898,12.0
rsi2_m15_usd100000_smaller_stop_and_time,2017-12-21T11:00:00+00:00,2017-12-21T12:30:00+00:00,23566,stop,-1.1688020111268749,-17.367043255971392,True,False,5400,6.897637526946376,1.1431171208166186,1.0466251425661683,3.427522304199724,-0.6467337020005849,-0.7878787878787539,0.20000000000131024,11.0
rsi2_m15_usd100000_smaller_stop_and_time,2017-12-22T14:45:00+00:00,2017-12-22T15:15:00+00:00,23675,stop,-1.0747734278713705,-15.946193291860096,True,False,1800,6.18941712070896,1.015047857649575,-0.09903013918600682,-1.5703838769050147,-2.9208187732506126,-0.595041322314127,0.1999999999990898,14.75
rsi2_m15_usd100000_smaller_stop_and_time,2017-12-22T15:30:00+00:00,2017-12-22T16:45:00+00:00,23678,signal_exit,0.5155000000000411,7.637037037037646,False,True,4500,7.101730836077955,1.138531846737783,-0.16353468671710775,-3.750953996666791,-3.656028898777755,-0.867132867132777,0.0,15.5
rsi2_m15_usd100000_smaller_stop_and_time,2017-12-26T09:45:00+00:00,2017-12-26T11:30:00+00:00,23725,stop,-0.8282779373920492,-12.30725018413149,True,False,6300,4.3177409910267945,0.7598572277229764,0.6062755960047449,0.8476788749375355,-3.303888324194543,-0.5978260869567001,0.2999999999997449,9.75
rsi2_m15_usd100000_smaller_stop_and_time,2017-12-26T11:45:00+00:00,2017-12-26T13:30:00+00:00,23733,signal_exit,-0.05171999999992655,-0.767359050444014,False,False,6300,4.239119098469029,0.762096011308855,0.4480386345838938,-1.001031613750154,-2.019626586717965,-0.8863636363633955,0.1999999999990898,11.75
rsi2_m15_usd100000_smaller_stop_and_time,2017-12-27T07:45:00+00:00,2017-12-27T09:00:00+00:00,23810,target,0.33163540150069726,4.9277177043194245,False,True,4500,4.199742953198904,0.8912325335324207,0.560773364474877,1.7126967204927082,-0.43325788426361805,-0.7452830188679462,0.10000000000065512,7.75
rsi2_m15_usd100000_smaller_stop_and_time,2017-12-28T09:15:00+00:00,2017-12-28T10:45:00+00:00,23910,stop,-0.9127168655215054,-13.64300247416301,True,False,5400,5.076732926170618,1.025573819404294,2.072683261042059,8.898320460488716,0.39811056857320914,-0.6326530612247118,0.10000000000065512,9.25
