variant,entry_time,exit_time,entry_index,reason,net_pnl,net_pips,stopped,won,holding_seconds,atr_pips,atr_fast_slow_ratio,ema_slope_atr,distance_from_ema_atr,zscore20,completed_bar_body_fraction,current_quote_spread_pips,current_quote_hour_utc
rsi2_m5_usd100000_smaller_stop_and_time_confirmed_rebound_atr_not_compressed,2017-01-05T08:30:00+00:00,2017-01-05T08:40:00+00:00,675,stop,-1.7451352283084616,-22.99255900274653,True,False,600,9.828756444720595,1.44221794908177,1.7418014444097223,2.4604975745606747,-2.443856515740344,0.35820895522393503,0.2999999999997449,8.5
rsi2_m5_usd100000_smaller_stop_and_time_confirmed_rebound_atr_not_compressed,2017-01-05T08:50:00+00:00,2017-01-05T09:05:00+00:00,679,signal_exit,0.26360000000016837,3.468421052633794,False,True,900,9.735870804291539,1.4060805513510433,1.375590766259243,0.36544876323038994,-1.86687374764865,0.32432432432436487,0.2999999999997449,8.833333333333334
rsi2_m5_usd100000_smaller_stop_and_time_confirmed_rebound_atr_not_compressed,2017-01-05T09:30:00+00:00,2017-01-05T10:30:00+00:00,687,holding_bars,-0.12389999999983942,-1.6281208935589935,False,False,3600,8.62472063253157,1.2407657784424477,0.7962310597829841,-0.26568061369834234,-1.0285739720812923,0.04225352112672533,0.40000000000040004,9.5
rsi2_m5_usd100000_smaller_stop_and_time_confirmed_rebound_atr_not_compressed,2017-01-05T10:50:00+00:00,2017-01-05T11:30:00+00:00,703,signal_exit,-0.5733799999999081,-7.524671916009291,False,False,2400,7.546127856464267,1.0783710448314108,-0.05728059614262257,-1.8675760783853992,-2.0456474018012125,0.7413793103450587,0.1999999999990898,10.833333333333334
rsi2_m5_usd100000_smaller_stop_and_time_confirmed_rebound_atr_not_compressed,2017-01-06T08:50:00+00:00,2017-01-06T09:00:00+00:00,964,signal_exit,0.192600000000225,2.5509933774864235,False,True,600,5.245100416881365,1.0355794048565399,0.3475968006166948,1.638075297040499,0.14334220598474867,0.6400000000002665,0.1999999999990898,8.833333333333334
rsi2_m5_usd100000_smaller_stop_and_time_confirmed_rebound_atr_not_compressed,2017-01-06T14:00:00+00:00,2017-01-06T14:45:00+00:00,1026,signal_exit,0.9900600000002223,13.0614775725623,False,True,2700,13.661660913448388,2.026292315467738,-0.31033645810530386,-5.690026011845869,-2.1921896124999476,0.1938775510203226,0.40000000000040004,14.0
rsi2_m5_usd100000_smaller_stop_and_time_confirmed_rebound_atr_not_compressed,2017-01-09T07:50:00+00:00,2017-01-09T08:10:00+00:00,1235,signal_exit,0.08842000000003564,1.1649538866934865,False,True,1200,4.821208093160571,1.1365001222260083,-0.5767914274819019,-1.0806744105348043,0.5890908683988411,0.9787234042551785,0.30000000000196536,7.833333333333333
rsi2_m5_usd100000_smaller_stop_and_time_confirmed_rebound_atr_not_compressed,2017-01-09T09:15:00+00:00,2017-01-09T09:45:00+00:00,1252,stop,-1.1048310533574504,-14.575607564082457,True,False,1800,5.5685425683216065,1.2377961625732297,0.10974282464109791,0.10588041297543398,-0.2939579721640659,0.7419354838707367,0.40000000000040004,9.25
rsi2_m5_usd100000_smaller_stop_and_time_confirmed_rebound_atr_not_compressed,2017-01-09T09:55:00+00:00,2017-01-09T10:00:00+00:00,1260,stop,-1.3044955831244118,-17.187030080690537,True,False,300,6.87599198369204,1.427446934886362,0.0852038290373124,-2.0015080801796894,-1.696937144957326,0.5344827586207227,0.40000000000040004,9.916666666666666
rsi2_m5_usd100000_smaller_stop_and_time_confirmed_rebound_atr_not_compressed,2017-01-09T10:35:00+00:00,2017-01-09T10:45:00+00:00,1268,signal_exit,-0.05559999999989779,-0.7315789473670762,False,False,600,6.56395561050124,1.3266569778382313,-0.32155232422099794,-4.94446885796139,-1.4811579676494704,0.18181818181827358,0.2999999999997449,10.583333333333334
rsi2_m5_usd100000_smaller_stop_and_time_confirmed_rebound_atr_not_compressed,2017-01-09T13:10:00+00:00,2017-01-09T13:30:00+00:00,1299,signal_exit,0.16480000000002734,2.1684210526319387,False,True,1200,5.381336010985073,1.034658072081388,-0.5243134892577777,-2.490587152296926,-0.9572348984830179,0.1621621621620324,0.20000000000131024,13.166666666666666
rsi2_m5_usd100000_smaller_stop_and_time_confirmed_rebound_atr_not_compressed,2017-01-10T07:25:00+00:00,2017-01-10T07:40:00+00:00,1518,signal_exit,-0.01149999999993706,-0.15251989389836948,False,False,900,5.878562946747626,1.1249533391554218,1.0123164410979972,2.006089764728308,-1.3567863165095786,0.426829268292749,0.10000000000065512,7.416666666666667
rsi2_m5_usd100000_smaller_stop_and_time_confirmed_rebound_atr_not_compressed,2017-01-10T08:50:00+00:00,2017-01-10T09:50:00+00:00,1535,holding_bars,-0.29801999999980505,-3.9525198938966186,False,False,3600,7.754350695744591,1.3517361074157326,0.5634487524826751,2.2779588017359838,0.15278070538043434,0.3804347826085199,0.40000000000040004,8.833333333333334
rsi2_m5_usd100000_smaller_stop_and_time_confirmed_rebound_atr_not_compressed,2017-01-10T12:50:00+00:00,2017-01-10T13:10:00+00:00,1583,stop,-1.1129094338128525,-14.721024256783762,True,False,1200,5.687760805640736,1.004818409467738,-0.28992203038775205,-2.976744268477748,-1.723480906568011,0.8536585365849564,0.30000000000196536,12.833333333333334
rsi2_m5_usd100000_smaller_stop_and_time_confirmed_rebound_atr_not_compressed,2017-01-10T15:25:00+00:00,2017-01-10T15:30:00+00:00,1614,stop,-1.2442578181175135,-16.48023600155647,True,False,300,6.615614689521789,1.117112159435514,-0.14192092758807975,0.6874739305928,0.5032171578210927,0.6666666666666666,0.1999999999990898,15.416666666666666
rsi2_m5_usd100000_smaller_stop_and_time_confirmed_rebound_atr_not_compressed,2017-01-10T15:40:00+00:00,2017-01-10T15:50:00+00:00,1617,signal_exit,0.3972400000000518,5.254497354498039,False,True,600,6.9892877087754615,1.1645417450649849,-0.09397343425540207,-1.3701745806948047,-0.9306787634694244,0.08433734939759681,0.30000000000196536,15.666666666666666
rsi2_m5_usd100000_smaller_stop_and_time_confirmed_rebound_atr_not_compressed,2017-01-11T08:25:00+00:00,2017-01-11T08:30:00+00:00,1816,signal_exit,0.3381800000001596,4.4614775725614715,False,True,300,4.888833591310645,1.1377687176059603,-0.14481266979347618,-2.1833654677928336,-2.0039691108664632,0.14473684210531698,0.40000000000040004,8.416666666666666
rsi2_m5_usd100000_smaller_stop_and_time_confirmed_rebound_atr_not_compressed,2017-01-11T09:25:00+00:00,2017-01-11T09:30:00+00:00,1828,stop,-0.9909751461304934,-13.073550740507828,True,False,300,4.867514156534498,1.1157281862856334,-0.22899964223756564,-2.7254238875338572,-1.5853113996644121,0.5744680851064031,0.2999999999997449,9.416666666666666
rsi2_m5_usd100000_smaller_stop_and_time_confirmed_rebound_atr_not_compressed,2017-01-11T09:50:00+00:00,2017-01-11T10:25:00+00:00,1833,stop,-1.0523893382573926,-13.865472177304248,True,False,2100,5.365213031999718,1.1991611350221167,-0.44530181828815985,-4.932708767303399,-1.666928251091062,0.4583333333330635,0.10000000000065512,9.833333333333334
rsi2_m5_usd100000_smaller_stop_and_time_confirmed_rebound_atr_not_compressed,2017-01-11T10:35:00+00:00,2017-01-11T11:15:00+00:00,1842,stop,-1.0625093117089728,-13.99880516085603,True,False,2400,5.3318795237745436,1.175821216269712,-0.8804715778949871,-6.450784694452374,-1.173854364691392,0.8253968253964226,0.30000000000196536,10.583333333333334
rsi2_m5_usd100000_smaller_stop_and_time_confirmed_rebound_atr_not_compressed,2017-01-11T13:10:00+00:00,2017-01-11T13:20:00+00:00,1873,signal_exit,0.39358000000017124,5.171879106441145,False,True,600,5.950566925829762,1.2205975629886787,-1.7656941054601534,-8.605304599696074,-1.2780694285245493,0.7894736842103418,0.1999999999990898,13.166666666666666
rsi2_m5_usd100000_smaller_stop_and_time_confirmed_rebound_atr_not_compressed,2017-01-11T14:35:00+00:00,2017-01-11T14:55:00+00:00,1890,stop,-1.2659098882195692,-16.612990659049462,True,False,1200,6.694159371520987,1.288398777758069,-1.6243380183499792,-8.625120325377274,-1.958473887816936,0.13924050632917084,0.1999999999990898,14.583333333333334
rsi2_m5_usd100000_smaller_stop_and_time_confirmed_rebound_atr_not_compressed,2017-01-11T15:10:00+00:00,2017-01-11T15:15:00+00:00,1897,stop,-1.4019700475698211,-18.374443611662137,True,False,300,7.526605816315507,1.383674153003678,-1.7445372563001968,-10.416686234086264,-1.639224022130355,0.3146067415729076,0.30000000000196536,15.166666666666666
rsi2_m5_usd100000_smaller_stop_and_time_confirmed_rebound_atr_not_compressed,2017-01-11T15:35:00+00:00,2017-01-11T15:45:00+00:00,1902,signal_exit,0.28896000000014976,3.7821989528815414,False,True,600,8.12878814139441,1.4389408075858685,-1.9713588260889134,-12.02089488243834,-1.358571152524308,0.9855072463767183,0.40000000000040004,15.583333333333334
rsi2_m5_usd100000_smaller_stop_and_time_confirmed_rebound_atr_not_compressed,2017-01-12T09:15:00+00:00,2017-01-12T09:35:00+00:00,2113,signal_exit,0.2587200000001666,3.440425531917109,False,True,1200,8.903744457596265,1.2300520114513036,1.6575938004416328,5.209013661045666,-0.8750411085786551,0.5128205128204544,0.2999999999997449,9.25
rsi2_m5_usd100000_smaller_stop_and_time_confirmed_rebound_atr_not_compressed,2017-01-12T10:25:00+00:00,2017-01-12T10:50:00+00:00,2127,signal_exit,0.033120000000191385,0.4404255319174386,False,True,1500,7.733283320040128,1.073011204942645,1.4147321250034508,3.541078214808587,-1.305689819258037,0.06060606060611158,0.4999999999988347,10.416666666666666
rsi2_m5_usd100000_smaller_stop_and_time_confirmed_rebound_atr_not_compressed,2017-01-12T13:40:00+00:00,2017-01-12T14:10:00+00:00,2166,stop,-1.4841642579426995,-19.788856772569325,True,False,1800,8.261095052951536,1.135443129071387,1.8028079837206972,5.350618046478941,-1.4772475477013642,0.40243902439015145,0.20000000000131024,13.666666666666666
rsi2_m5_usd100000_smaller_stop_and_time_confirmed_rebound_atr_not_compressed,2017-01-12T14:25:00+00:00,2017-01-12T14:45:00+00:00,2175,signal_exit,0.3257000000001089,4.336884154462169,False,True,1200,8.126316694299163,1.1049687477645869,1.497488855645136,2.4171038931928774,-1.4227925630586702,0.10909090909085037,0.1999999999990898,14.416666666666666
rsi2_m5_usd100000_smaller_stop_and_time_confirmed_rebound_atr_not_compressed,2017-01-12T15:50:00+00:00,2017-01-12T16:05:00+00:00,2192,signal_exit,0.5735300000002317,7.636884154463804,False,True,900,9.379341815665628,1.2120789740033182,0.9045305036626128,2.462949241455678,-0.5632143252952195,0.5147058823530373,0.3999999999981796,15.833333333333334
rsi2_m5_usd100000_smaller_stop_and_time_confirmed_rebound_atr_not_compressed,2017-01-13T13:40:00+00:00,2017-01-13T14:40:00+00:00,2453,holding_bars,-1.484209999999742,-19.763115845535843,False,False,3600,10.14394154990509,1.7680717705713869,0.7356540009842666,1.409867721524793,-0.8394774203466779,0.9146919431279317,0.2999999999997449,13.666666666666666
rsi2_m5_usd100000_smaller_stop_and_time_confirmed_rebound_atr_not_compressed,2017-01-13T15:10:00+00:00,2017-01-13T15:15:00+00:00,2471,signal_exit,0.2901000000000298,3.8474801061011905,False,True,300,10.897640508635691,1.6209543089025884,0.06639323365281412,-3.8328057931558783,-1.4175425529186942,0.499999999999889,0.20000000000131024,15.166666666666666
rsi2_m5_usd100000_smaller_stop_and_time_confirmed_rebound_atr_not_compressed,2017-01-16T08:25:00+00:00,2017-01-16T08:35:00+00:00,2678,signal_exit,0.04128000000007387,0.5474801061017754,False,True,600,7.2534627686641135,1.3584000466669253,-0.570622437592004,-4.830103708163684,-1.4639222700210164,0.37623762376243935,0.40000000000040004,8.416666666666666
rsi2_m5_usd100000_smaller_stop_and_time_confirmed_rebound_atr_not_compressed,2017-01-16T09:05:00+00:00,2017-01-16T09:40:00+00:00,2686,signal_exit,0.06425000000005471,0.8509933774841683,False,True,2100,8.04661715558162,1.4347660110849494,-0.8766603704423743,-5.439550115582907,-1.340718280370669,0.7441860465115259,0.20000000000131024,9.083333333333334
rsi2_m5_usd100000_smaller_stop_and_time_confirmed_rebound_atr_not_compressed,2017-01-17T10:25:00+00:00,2017-01-17T10:45:00+00:00,2987,signal_exit,-0.02749999999986913,-0.3666666666649217,False,False,1200,6.834571025226949,1.3005394681909561,1.7321741558470571,5.534449573678918,-0.7508716066122092,0.4912280701755753,0.1999999999990898,10.416666666666666
rsi2_m5_usd100000_smaller_stop_and_time_confirmed_rebound_atr_not_compressed,2017-01-17T13:05:00+00:00,2017-01-17T14:00:00+00:00,3019,signal_exit,0.151560000000144,2.0262032085580746,False,True,3300,11.061448408451136,1.6350610979656623,1.9953906224149334,5.438294427956826,-1.837236678898836,0.31521739130422977,0.20000000000131024,13.083333333333334
rsi2_m5_usd100000_smaller_stop_and_time_confirmed_rebound_atr_not_compressed,2017-01-17T15:25:00+00:00,2017-01-17T15:50:00+00:00,3047,signal_exit,0.0091600000000433,0.12262382864850468,False,True,1500,9.89880874488454,1.3007346343637143,1.2749926854024594,5.100611746043514,-0.04618148812674839,0.16949152542374796,0.20000000000131024,15.416666666666666
rsi2_m5_usd100000_smaller_stop_and_time_confirmed_rebound_atr_not_compressed,2017-01-18T08:50:00+00:00,2017-01-18T09:20:00+00:00,3256,signal_exit,-0.19999999999983392,-2.67379679144163,False,False,1800,4.997784486671809,1.1212673609874764,-0.2501410754239802,0.38144361449252584,0.68700785657728,0.2553191489359692,0.20000000000131024,8.833333333333334
rsi2_m5_usd100000_smaller_stop_and_time_confirmed_rebound_atr_not_compressed,2017-01-18T10:50:00+00:00,2017-01-18T11:40:00+00:00,3280,signal_exit,-0.027959999999869478,-0.37379679144210526,False,False,3000,4.500184901455074,1.00182313925267,-0.10874915281766316,-1.5831059224584465,-1.3980069533002761,0.2666666666669627,0.2999999999997449,10.833333333333334
rsi2_m5_usd100000_smaller_stop_and_time_confirmed_rebound_atr_not_compressed,2017-01-18T13:05:00+00:00,2017-01-18T13:10:00+00:00,3307,stop,-0.9252358672238898,-12.352948828089316,True,False,300,4.5413609293981745,1.02551556838296,-0.36306802148686595,-4.6756315206219226,-2.5026706271978068,0.321428571428359,0.20000000000131024,13.083333333333334
rsi2_m5_usd100000_smaller_stop_and_time_confirmed_rebound_atr_not_compressed,2017-01-19T13:50:00+00:00,2017-01-19T14:00:00+00:00,3604,stop,-1.8497615394425226,-24.597892811735672,True,False,600,10.669159171826843,1.9838290167767996,0.28255825997404377,-4.512687173618518,-1.6373939886685518,0.640394088669997,0.1999999999990898,13.833333333333334
rsi2_m5_usd100000_smaller_stop_and_time_confirmed_rebound_atr_not_compressed,2017-01-19T14:20:00+00:00,2017-01-19T14:30:00+00:00,3610,signal_exit,0.47106000000021075,6.247480106103591,False,True,600,12.204862519151977,2.0448302383813544,-0.28481276659693977,-7.615810654570407,-1.3192572232871973,0.5515151515151547,0.1999999999990898,14.333333333333334
rsi2_m5_usd100000_smaller_stop_and_time_confirmed_rebound_atr_not_compressed,2017-01-20T07:45:00+00:00,2017-01-20T08:05:00+00:00,3817,signal_exit,0.009720000000209728,0.12977303071041024,False,True,1200,4.850673953863885,1.0142745426376385,0.8417499530977893,2.1861097084203878,-1.431334571681229,0.1935483870969475,0.1999999999990898,7.75
rsi2_m5_usd100000_smaller_stop_and_time_confirmed_rebound_atr_not_compressed,2017-01-20T09:50:00+00:00,2017-01-20T10:15:00+00:00,3842,stop,-1.0589271494532368,-14.11902865937649,True,False,1500,5.426180996356475,1.1020435445639818,-0.05180882331847727,-2.9841257375979646,-1.8380932825249572,0.21818181818201637,0.1999999999990898,9.833333333333334
rsi2_m5_usd100000_smaller_stop_and_time_confirmed_rebound_atr_not_compressed,2017-01-20T10:25:00+00:00,2017-01-20T10:40:00+00:00,3849,stop,-1.0594004460628472,-14.106530573406753,True,False,900,5.4217073639345905,1.0915548518361036,-0.4862168647734786,-5.036578969599266,-1.5216082753847786,0.8095238095236584,0.1999999999990898,10.416666666666666
rsi2_m5_usd100000_smaller_stop_and_time_confirmed_rebound_atr_not_compressed,2017-01-20T10:50:00+00:00,2017-01-20T11:45:00+00:00,3854,signal_exit,-0.22255999999981385,-2.959574468082631,False,False,3300,5.524680364352201,1.1040705427291324,-0.7508473212053614,-5.668348336020771,-1.2804394976894893,0.5263157894741455,0.1999999999990898,10.833333333333334
rsi2_m5_usd100000_smaller_stop_and_time_confirmed_rebound_atr_not_compressed,2017-01-23T09:05:00+00:00,2017-01-23T09:25:00+00:00,4121,signal_exit,-0.1552999999998726,-2.0845637583875516,False,False,1200,5.216679406445118,1.0740734788726187,1.16724599849381,2.2152217086534276,-1.4806657429107446,0.7619047619043088,0.0,9.083333333333334
rsi2_m5_usd100000_smaller_stop_and_time_confirmed_rebound_atr_not_compressed,2017-01-23T13:15:00+00:00,2017-01-23T13:25:00+00:00,4171,signal_exit,0.575840000000279,7.719034852550657,False,True,600,6.301719803393864,1.2692611203194486,0.3018351266537336,-2.0289585570238806,-2.1820228619362902,0.39062499999979944,0.2999999999997449,13.25
rsi2_m5_usd100000_smaller_stop_and_time_confirmed_rebound_atr_not_compressed,2017-01-23T14:45:00+00:00,2017-01-23T15:00:00+00:00,4189,signal_exit,0.8145600000001865,10.919034852549416,False,True,900,7.901521862506066,1.4418244817073573,0.0026911697388163594,-2.411333898852768,-1.5140170466521883,0.38805970149278957,0.2999999999997449,14.75
rsi2_m5_usd100000_smaller_stop_and_time_confirmed_rebound_atr_not_compressed,2017-01-24T09:40:00+00:00,2017-01-24T09:55:00+00:00,4416,signal_exit,0.11992000000011344,1.6118279569907719,False,True,900,4.5840223214047064,1.022849118985952,-0.20967899470205412,-2.253223302364094,-1.6718080310621217,0.3823529411763553,0.1999999999990898,9.666666666666666
rsi2_m5_usd100000_smaller_stop_and_time_confirmed_rebound_atr_not_compressed,2017-01-24T15:30:00+00:00,2017-01-24T15:45:00+00:00,4486,signal_exit,0.02290000000014042,0.3082099596250393,False,True,900,6.7920294823802045,1.3779854404174119,0.4293536802268517,1.6273965643380777,0.017732281937804448,0.8135593220338345,0.09999999999843467,15.5
rsi2_m5_usd100000_smaller_stop_and_time_confirmed_rebound_atr_not_compressed,2017-01-25T10:20:00+00:00,2017-01-25T10:30:00+00:00,4711,signal_exit,0.19432000000010527,2.6118279569906617,False,True,600,5.110388540324357,1.2516855003335143,0.37767974519708236,2.7068747852120025,0.4195932418352173,0.4642857142858559,0.10000000000065512,10.333333333333334
rsi2_m5_usd100000_smaller_stop_and_time_confirmed_rebound_atr_not_compressed,2017-01-25T13:15:00+00:00,2017-01-25T13:50:00+00:00,4746,signal_exit,-0.33391999999988614,-4.488172043009222,False,False,2100,5.302960240352596,1.2459194516187375,0.8454451484537056,0.9531823634987473,-1.442524999424764,0.700000000000222,0.0,13.25
rsi2_m5_usd100000_smaller_stop_and_time_confirmed_rebound_atr_not_compressed,2017-01-25T14:30:00+00:00,2017-01-25T14:45:00+00:00,4761,signal_exit,0.2470000000001162,3.3154362416122978,False,True,900,5.516221708942868,1.2436216141149217,0.1505592769868275,-2.776982940859588,-1.603396214026226,0.733333333333465,0.10000000000065512,14.5
rsi2_m5_usd100000_smaller_stop_and_time_confirmed_rebound_atr_not_compressed,2017-01-26T07:50:00+00:00,2017-01-26T08:20:00+00:00,4967,signal_exit,-0.14039999999977498,-1.8845637583862411,False,False,1800,4.483557339294742,1.1904862097344584,-0.32958236868467594,-3.796329347270571,-2.014022079843932,0.1388888888892144,0.1999999999990898,7.833333333333333
rsi2_m5_usd100000_smaller_stop_and_time_confirmed_rebound_atr_not_compressed,2017-01-26T09:40:00+00:00,2017-01-26T09:50:00+00:00,4989,stop,-0.9585589047685525,-12.8665624801148,True,False,600,4.79099936086445,1.2079771051492811,-0.6777592332171862,-4.009784563111901,-1.4475811305536805,0.2807017543858761,0.1999999999990898,9.666666666666666
rsi2_m5_usd100000_smaller_stop_and_time_confirmed_rebound_atr_not_compressed,2017-01-26T10:00:00+00:00,2017-01-26T10:15:00+00:00,4993,signal_exit,0.08348000000003503,1.1190348525473863,False,True,900,5.379558849064193,1.3143802417113915,-0.7165100760583466,-5.799687986045046,-2.045533441034613,0.23809523809507027,0.20000000000131024,10.0
rsi2_m5_usd100000_smaller_stop_and_time_confirmed_rebound_atr_not_compressed,2017-01-26T10:45:00+00:00,2017-01-26T10:50:00+00:00,5002,signal_exit,0.061100000000054056,0.8190348525476415,False,True,300,4.844657752947288,1.1773907433967523,-0.9966893162911805,-6.741491409036539,-1.3153336472939823,0.36363636363654717,0.0,10.75
rsi2_m5_usd100000_smaller_stop_and_time_confirmed_rebound_atr_not_compressed,2017-01-26T13:20:00+00:00,2017-01-26T13:25:00+00:00,5033,stop,-1.198007022469973,-16.037577275367777,True,False,300,6.3801005520096465,1.4124928682619358,-0.8999742924454799,-7.699381720274001,-1.821114160408436,0.4074074074076206,0.1999999999990898,13.333333333333334
rsi2_m5_usd100000_smaller_stop_and_time_confirmed_rebound_atr_not_compressed,2017-01-26T13:30:00+00:00,2017-01-26T14:10:00+00:00,5035,signal_exit,0.4498900000001109,6.02262382864941,False,True,2400,6.695086700457393,1.454064649341566,-1.0126917541922285,-9.059095569700636,-1.7794690759086516,0.35384615384640083,0.5999999999994898,13.5
rsi2_m5_usd100000_smaller_stop_and_time_confirmed_rebound_atr_not_compressed,2017-01-26T15:45:00+00:00,2017-01-26T16:05:00+00:00,5062,stop,-1.2844248953346922,-17.14852997776625,True,False,1200,6.9391515042379375,1.2990449979768617,-1.9238234159678262,-9.105581163593358,-1.198986363393009,0.6470588235297191,0.1999999999990898,15.75
rsi2_m5_usd100000_smaller_stop_and_time_confirmed_rebound_atr_not_compressed,2017-01-27T08:45:00+00:00,2017-01-27T08:50:00+00:00,5266,signal_exit,0.03968000000007338,0.5297730307085898,False,True,300,4.606927553797694,1.0973351221491217,-0.8014490017609678,-1.6416383488368207,0.8335063526645206,0.452380952381179,0.2999999999997449,8.75
rsi2_m5_usd100000_smaller_stop_and_time_confirmed_rebound_atr_not_compressed,2017-01-27T10:30:00+00:00,2017-01-27T10:50:00+00:00,5287,signal_exit,-0.11023999999991024,-1.4737967914426502,False,False,1200,4.634979998367457,1.0774298854907638,0.2084477933686808,-0.7013124882067179,-1.3664746114761426,0.354838709677558,0.2999999999997449,10.5
rsi2_m5_usd100000_smaller_stop_and_time_confirmed_rebound_atr_not_compressed,2017-01-30T07:50:00+00:00,2017-01-30T07:55:00+00:00,5543,stop,-0.7832745916459816,-10.485603636492389,True,False,300,3.5541137325707566,1.003093361913621,0.30215101066840755,-2.373385897993293,-2.1607369422342484,0.08510638297881387,0.2999999999997449,7.833333333333333
rsi2_m5_usd100000_smaller_stop_and_time_confirmed_rebound_atr_not_compressed,2017-01-30T08:15:00+00:00,2017-01-30T08:25:00+00:00,5548,signal_exit,-0.058069999999899535,-0.77737617135073,False,False,600,4.103693680660349,1.1287538621339652,-0.06319203032067301,-4.404207923047192,-1.5408292702331639,0.4199999999999467,0.1999999999990898,8.25
rsi2_m5_usd100000_smaller_stop_and_time_confirmed_rebound_atr_not_compressed,2017-01-30T09:10:00+00:00,2017-01-30T09:45:00+00:00,5559,signal_exit,-0.170079999999804,-2.27379679144123,False,False,2100,4.24273590379235,1.1429515124332563,-0.7398268030099319,-5.264470923290717,-1.2905356245278805,0.7419354838707367,0.0,9.166666666666666
rsi2_m5_usd100000_smaller_stop_and_time_confirmed_rebound_atr_not_compressed,2017-01-30T12:00:00+00:00,2017-01-30T12:05:00+00:00,5593,stop,-1.0635037511405263,-14.180050015207016,True,False,300,5.4566916742711395,1.3519462301051066,-1.2381435953375974,-10.835559395716611,-2.1495414268950834,0.2162162162164433,0.1999999999990898,12.0
rsi2_m5_usd100000_smaller_stop_and_time_confirmed_rebound_atr_not_compressed,2017-01-30T12:30:00+00:00,2017-01-30T12:45:00+00:00,5599,signal_exit,0.002770000000161088,0.03688415446286402,False,True,900,7.333593860710307,1.6445435118195917,-1.7338808329783177,-14.516379466489349,-1.5267615602049285,0.5060240963857162,0.09999999999843467,12.5
rsi2_m5_usd100000_smaller_stop_and_time_confirmed_rebound_atr_not_compressed,2017-01-31T08:55:00+00:00,2017-01-31T09:20:00+00:00,5843,stop,-1.167201727298763,-15.646135754675104,True,False,1500,6.182585303611993,1.4049134708323046,0.3130685662721058,2.622375587286322,0.47153756382355616,0.08888888888896565,0.1999999999990898,8.916666666666666
rsi2_m5_usd100000_smaller_stop_and_time_confirmed_rebound_atr_not_compressed,2017-01-31T09:30:00+00:00,2017-01-31T09:45:00+00:00,5850,signal_exit,0.4498900000001109,6.02262382864941,False,True,900,6.058325917404878,1.3410564292827978,0.38995817543689737,-0.7203093547314111,-1.521564672666603,0.3939393939390881,0.20000000000131024,9.5
rsi2_m5_usd100000_smaller_stop_and_time_confirmed_rebound_atr_not_compressed,2017-01-31T11:05:00+00:00,2017-01-31T11:35:00+00:00,5869,signal_exit,0.10627000000018189,1.4226238286503599,False,True,1800,6.125582106883802,1.246841787269952,0.28848413625016556,0.7211063378935486,-0.4880480109465685,0.2702702702702541,0.2999999999997449,11.083333333333334
rsi2_m5_usd100000_smaller_stop_and_time_confirmed_rebound_atr_not_compressed,2017-01-31T13:30:00+00:00,2017-01-31T13:55:00+00:00,5898,signal_exit,-0.021679999999821675,-0.2917900403744505,False,False,1500,8.19422190736975,1.3814066382414263,1.8462802499895528,7.145916362048662,-0.6862954718389608,0.6966292134830984,0.20000000000131024,13.5
rsi2_m5_usd100000_smaller_stop_and_time_confirmed_rebound_atr_not_compressed,2017-02-01T10:05:00+00:00,2017-02-01T10:35:00+00:00,6145,signal_exit,-0.27409999999999185,-3.6990553306341676,False,False,1800,4.633744807305442,1.133077853495507,0.5273216493638964,0.5938470639512278,-2.0530391570711006,0.29787234042561234,0.10000000000065512,10.083333333333334
rsi2_m5_usd100000_smaller_stop_and_time_confirmed_rebound_atr_not_compressed,2017-02-01T13:05:00+00:00,2017-02-01T13:15:00+00:00,6181,stop,-0.9744014635535789,-13.149817321910646,True,False,600,5.025380995639551,1.170139987914601,0.6291866907511762,1.2704574526436216,-1.1965737191331804,0.5466666666668364,0.0,13.083333333333334
rsi2_m5_usd100000_smaller_stop_and_time_confirmed_rebound_atr_not_compressed,2017-02-01T13:35:00+00:00,2017-02-01T14:00:00+00:00,6187,stop,-1.222337470571465,-16.47355081632702,True,False,1500,6.539066513286102,1.420981147038449,0.31697379508916496,-3.5949378125542,-1.8893774061138155,0.24137931034486718,0.2999999999997449,13.583333333333334
rsi2_m5_usd100000_smaller_stop_and_time_confirmed_rebound_atr_not_compressed,2017-02-01T14:10:00+00:00,2017-02-01T14:45:00+00:00,6194,signal_exit,-0.2817299999998755,-3.7917900403751754,False,False,2100,6.545177110069979,1.3790695313235595,-0.15885615886861998,-5.442374015485775,-1.4116481609517297,0.2500000000001262,0.09999999999843467,14.166666666666666
rsi2_m5_usd100000_smaller_stop_and_time_confirmed_rebound_atr_not_compressed,2017-02-01T15:15:00+00:00,2017-02-01T15:45:00+00:00,6207,signal_exit,0.2836000000001946,3.8118279569918623,False,True,1800,6.886000430986146,1.3821213637323317,-1.2097304275287564,-7.09715224998908,-1.295856973413563,0.6470588235291966,0.10000000000065512,15.25
rsi2_m5_usd100000_smaller_stop_and_time_confirmed_rebound_atr_not_compressed,2017-02-02T11:00:00+00:00,2017-02-02T11:10:00+00:00,6443,stop,-0.9925482611244127,-13.430964291264043,True,False,600,5.012302172696916,1.09294266489632,1.3587460723448412,4.595238475507206,-0.7836246452556355,0.8974358974358244,0.2999999999997449,11.0
rsi2_m5_usd100000_smaller_stop_and_time_confirmed_rebound_atr_not_compressed,2017-02-02T11:20:00+00:00,2017-02-02T11:40:00+00:00,6447,signal_exit,0.22920000000001847,3.0972972972975463,False,True,1200,5.404127508184164,1.1597933443716357,1.249025050192928,2.2096313896156956,-2.077295297738744,0.7999999999996448,0.20000000000131024,11.333333333333334
rsi2_m5_usd100000_smaller_stop_and_time_confirmed_rebound_atr_not_compressed,2017-02-02T15:15:00+00:00,2017-02-02T16:15:00+00:00,6494,holding_bars,-0.9611699999998997,-13.006359945871445,False,False,3600,7.163876064724352,1.2620079720460364,0.7711431284900134,2.487077697283782,-0.6352502409967835,0.6511627906979146,0.10000000000065512,15.25
rsi2_m5_usd100000_smaller_stop_and_time_confirmed_rebound_atr_not_compressed,2017-02-03T08:45:00+00:00,2017-02-03T08:55:00+00:00,6704,stop,-0.8420037756674179,-11.332486886506297,True,False,600,4.0703484230654805,1.0455725453423612,-0.6075135308669303,-3.7578151643730138,-1.7487768055989035,0.3199999999999112,0.10000000000065512,8.75
rsi2_m5_usd100000_smaller_stop_and_time_confirmed_rebound_atr_not_compressed,2017-02-06T07:35:00+00:00,2017-02-06T07:50:00+00:00,6977,signal_exit,0.015470000000091744,0.20820995962438416,False,True,900,3.822284380723599,1.0496232492710227,-0.3755585994154571,-6.130282023013399,-1.9584978038151835,0.2702702702700919,0.2999999999997449,7.583333333333333
rsi2_m5_usd100000_smaller_stop_and_time_confirmed_rebound_atr_not_compressed,2017-02-06T08:35:00+00:00,2017-02-06T08:55:00+00:00,6989,signal_exit,0.08272000000020013,1.1118279569919371,False,True,1200,4.413660638560686,1.1739814905887616,-1.018404942765303,-6.654967489462491,-1.6771756298951828,0.1724137931037387,0.1999999999990898,8.583333333333334
rsi2_m5_usd100000_smaller_stop_and_time_confirmed_rebound_atr_not_compressed,2017-02-06T09:20:00+00:00,2017-02-06T09:30:00+00:00,6998,signal_exit,0.07528000000015139,1.011827956991282,False,True,600,4.222693471161057,1.1179255518929767,-1.334376971559457,-6.279251701886658,-1.3877747119625847,0.30000000000051813,0.1999999999990898,9.333333333333334
rsi2_m5_usd100000_smaller_stop_and_time_confirmed_rebound_atr_not_compressed,2017-02-06T12:50:00+00:00,2017-02-06T13:00:00+00:00,7040,stop,-0.8094839891459669,-10.865556901288146,True,False,600,3.8904965714499484,1.0190852992639208,-1.4937673331074657,-7.088928994734145,-1.5478378666616521,0.40909090909035856,0.0,12.833333333333334
rsi2_m5_usd100000_smaller_stop_and_time_confirmed_rebound_atr_not_compressed,2017-02-06T13:20:00+00:00,2017-02-06T13:35:00+00:00,7046,signal_exit,0.18792000000005668,2.5190348525476765,False,True,900,5.6863969526863825,1.3836251565586113,-1.5761409046284427,-9.831715500112281,-1.8408655564951746,0.5454545454545914,0.10000000000065512,13.333333333333334
rsi2_m5_usd100000_smaller_stop_and_time_confirmed_rebound_atr_not_compressed,2017-02-06T14:15:00+00:00,2017-02-06T14:25:00+00:00,7057,signal_exit,0.08348000000003503,1.1190348525473863,False,True,600,6.4509509906752935,1.4579771259110714,-1.8323095699529368,-9.281489416656534,-1.1615629137931958,0.5652173913043058,0.20000000000131024,14.25
rsi2_m5_usd100000_smaller_stop_and_time_confirmed_rebound_atr_not_compressed,2017-02-06T15:20:00+00:00,2017-02-06T15:30:00+00:00,7070,signal_exit,0.36620000000023545,4.915436241613898,False,True,600,6.9955342111369685,1.475374628603388,-1.6713095116100452,-5.88030267991435,0.2661525464390063,0.7916666666667952,0.0,15.333333333333334
rsi2_m5_usd100000_smaller_stop_and_time_confirmed_rebound_atr_not_compressed,2017-02-07T07:30:00+00:00,2017-02-07T07:45:00+00:00,7264,signal_exit,0.3610000000001874,4.826203208558654,False,True,900,4.401287404479157,1.1579476974454024,-1.9136314298893242,-11.394109389485767,-1.6917171614706368,0.17647058823514045,0.1999999999990898,7.5
rsi2_m5_usd100000_smaller_stop_and_time_confirmed_rebound_atr_not_compressed,2017-02-07T08:25:00+00:00,2017-02-07T08:55:00+00:00,7275,signal_exit,0.27187000000009776,3.629773030708915,False,True,1800,5.4643024325603085,1.347937150065627,-2.3645620416792767,-13.66385128203254,-1.793524235583053,0.7111111111115826,0.10000000000065512,8.416666666666666
rsi2_m5_usd100000_smaller_stop_and_time_confirmed_rebound_atr_not_compressed,2017-02-07T09:25:00+00:00,2017-02-07T10:10:00+00:00,7287,signal_exit,0.017500000000092608,0.23333333333456807,False,True,2700,5.192686496474995,1.2443597972211335,-2.7310488218647246,-13.382996590741548,-1.4399003619660444,0.42424242424258735,0.10000000000065512,9.416666666666666
rsi2_m5_usd100000_smaller_stop_and_time_confirmed_rebound_atr_not_compressed,2017-02-07T15:15:00+00:00,2017-02-07T15:20:00+00:00,7357,signal_exit,0.3093200000001768,4.12977303070997,False,True,300,4.764898159937313,1.0931273329025641,-1.2505351797174775,-5.404260103156261,-1.1713586850813271,0.7872340425532015,0.10000000000065512,15.25
rsi2_m5_usd100000_smaller_stop_and_time_confirmed_rebound_atr_not_compressed,2017-02-08T08:15:00+00:00,2017-02-08T08:30:00+00:00,7559,signal_exit,-0.0047399999998881115,-0.0631158455377911,False,False,900,4.911121920973037,1.3394097881446003,-1.1790976315263464,-9.069939583439302,-1.9246346193358688,0.049180327868810686,0.2999999999997449,8.25
rsi2_m5_usd100000_smaller_stop_and_time_confirmed_rebound_atr_not_compressed,2017-02-08T09:30:00+00:00,2017-02-08T10:10:00+00:00,7574,signal_exit,0.40080000000010063,5.336884154462059,False,True,2400,5.1694643802862865,1.3237908576924564,-1.6280983024142872,-8.203973178670065,-1.194466587299549,0.6666666666659938,0.0,9.5
rsi2_m5_usd100000_smaller_stop_and_time_confirmed_rebound_atr_not_compressed,2017-02-08T11:25:00+00:00,2017-02-08T11:40:00+00:00,7597,signal_exit,-0.012249999999937311,-0.1631158455384462,False,False,900,4.1347721775243,1.0525396084955145,-1.6661867160161286,-6.698304349776278,-0.8165394425510563,0.6875000000006072,0.2999999999997449,11.416666666666666
rsi2_m5_usd100000_smaller_stop_and_time_confirmed_rebound_atr_not_compressed,2017-02-08T15:25:00+00:00,2017-02-08T15:30:00+00:00,7645,signal_exit,-0.028189999999869653,-0.37737617135032997,False,False,300,5.63069967410499,1.2666228114833886,0.878728028195699,5.043292047467119,0.590685663035258,0.6551724137930243,0.10000000000065512,15.416666666666666
rsi2_m5_usd100000_smaller_stop_and_time_confirmed_rebound_atr_not_compressed,2017-02-09T10:30:00+00:00,2017-02-09T11:05:00+00:00,7873,stop,-0.8350770357091231,-11.179076783254658,True,False,2100,3.950850305952828,1.0627518940514846,0.9078854254128804,2.1588655013741342,-1.1937134777662994,0.6451612903231583,0.1999999999990898,10.5
rsi2_m5_usd100000_smaller_stop_and_time_confirmed_rebound_atr_not_compressed,2017-02-09T11:40:00+00:00,2017-02-09T11:55:00+00:00,7887,signal_exit,0.12912000000016305,1.7262032085583294,False,True,900,3.9739696242884044,1.0677252949774316,0.315709750214659,-2.423954121561865,-1.6733206495502797,0.5,0.2999999999997449,11.666666666666666
rsi2_m5_usd100000_smaller_stop_and_time_confirmed_rebound_atr_not_compressed,2017-02-09T12:30:00+00:00,2017-02-09T12:35:00+00:00,7897,signal_exit,0.09920000000013313,1.3262032085579296,False,True,300,3.8309557049186167,1.0296513098512918,-0.1729684188043963,-2.2390599986880018,-0.9356143182104053,0.14285714285736945,0.1999999999990898,12.5
rsi2_m5_usd100000_smaller_stop_and_time_confirmed_rebound_atr_not_compressed,2017-02-10T08:10:00+00:00,2017-02-10T08:40:00+00:00,8131,signal_exit,-0.3276700000000026,-4.3631158455393155,False,False,1800,4.421024354899071,1.3281507351513555,-0.6224947218079661,-5.131562561193348,-1.5789576966606695,0.7297297297297459,0.20000000000131024,8.166666666666666
rsi2_m5_usd100000_smaller_stop_and_time_confirmed_rebound_atr_not_compressed,2017-02-10T12:15:00+00:00,2017-02-10T12:45:00+00:00,8180,signal_exit,-0.14735999999982213,-1.959574468082741,False,False,1800,4.011169829308829,1.1485979707214484,-0.8844840188483721,-5.791042637050967,-2.1416820672184,0.7631578947364884,0.2999999999997449,12.25
rsi2_m5_usd100000_smaller_stop_and_time_confirmed_rebound_atr_not_compressed,2017-02-10T13:10:00+00:00,2017-02-10T13:30:00+00:00,8191,stop,-0.8173443266761715,-10.868940514310792,True,False,1200,3.8046830231142748,1.089043783873897,-1.1591819031750887,-7.095004489642611,-1.435172691725445,0.1842105263159125,0.1999999999990898,13.166666666666666
rsi2_m5_usd100000_smaller_stop_and_time_confirmed_rebound_atr_not_compressed,2017-02-10T13:40:00+00:00,2017-02-10T14:05:00+00:00,8197,stop,-0.9148875608934233,-12.166057990604033,True,False,1500,4.4532417612604345,1.2330698210758437,-1.3753043588536664,-7.5127741637565,-1.5334599602426995,0.40579710144944325,0.1999999999990898,13.666666666666666
rsi2_m5_usd100000_smaller_stop_and_time_confirmed_rebound_atr_not_compressed,2017-02-10T14:15:00+00:00,2017-02-10T14:40:00+00:00,8204,signal_exit,0.3346300000001585,4.443957503322158,False,True,1500,5.234589118312123,1.3776190101719474,-1.5745038615390692,-8.748228113428391,-1.7079844729376594,0.46551724137927736,0.2999999999997449,14.25
rsi2_m5_usd100000_smaller_stop_and_time_confirmed_rebound_atr_not_compressed,2017-02-10T15:55:00+00:00,2017-02-10T16:20:00+00:00,8224,signal_exit,0.08576000000020229,1.1404255319175836,False,True,1500,5.731570975175315,1.3595536819368765,-1.303758827620617,-4.824006475578893,-0.1425470394230034,0.6857142857146301,0.09999999999843467,15.916666666666666
rsi2_m5_usd100000_smaller_stop_and_time_confirmed_rebound_atr_not_compressed,2017-02-13T09:05:00+00:00,2017-02-13T09:20:00+00:00,8428,stop,-0.8019491912903747,-10.678417993214042,True,False,900,3.7076510738384574,1.076108218646962,1.063516044646284,4.882231473521831,0.2740904116571786,0.10344827586278184,0.1999999999990898,9.083333333333334
rsi2_m5_usd100000_smaller_stop_and_time_confirmed_rebound_atr_not_compressed,2017-02-13T09:30:00+00:00,2017-02-13T10:20:00+00:00,8433,signal_exit,0.1229300000001145,1.6368841544622437,False,True,3000,3.9836654559090117,1.1362221834185218,1.082354503382853,1.7513056832747667,-1.7071907304152756,0.2592592592593202,0.2999999999997449,9.5
rsi2_m5_usd100000_smaller_stop_and_time_confirmed_rebound_atr_not_compressed,2017-02-13T13:15:00+00:00,2017-02-13T13:45:00+00:00,8478,stop,-0.8139344247732658,-10.823596074112578,True,False,1800,3.7320108030147403,1.0352989639342536,0.23512920130758652,-1.7408437926845006,-1.841479067221619,0.06249999999994218,0.2999999999997449,13.25
rsi2_m5_usd100000_smaller_stop_and_time_confirmed_rebound_atr_not_compressed,2017-02-13T14:20:00+00:00,2017-02-13T14:40:00+00:00,8491,stop,-0.8734327443946315,-11.599372435519674,True,False,1200,4.121664969421219,1.1093710859073027,-0.4178611540742244,-4.222368790123677,-1.4593843321271032,0.7407407407406799,0.2999999999997449,14.333333333333334
rsi2_m5_usd100000_smaller_stop_and_time_confirmed_rebound_atr_not_compressed,2017-02-13T15:05:00+00:00,2017-02-13T15:35:00+00:00,8500,stop,-0.9289684661051993,-12.320536685745349,True,False,1800,4.534008395924374,1.1900466847079114,-0.9464429670331268,-7.401485818363853,-1.8429400046607611,0.27118644067792147,0.1999999999990898,15.083333333333334
rsi2_m5_usd100000_smaller_stop_and_time_confirmed_rebound_atr_not_compressed,2017-02-14T07:25:00+00:00,2017-02-14T07:45:00+00:00,8694,signal_exit,-0.07951999999987952,-1.0560424966783468,False,False,1200,3.078921030822691,1.072053553709451,0.8295582592303865,1.2799895859310346,-1.7599913309526336,0.3478260869569415,0.1999999999990898,7.416666666666667
rsi2_m5_usd100000_smaller_stop_and_time_confirmed_rebound_atr_not_compressed,2017-02-14T10:20:00+00:00,2017-02-14T10:30:00+00:00,8729,signal_exit,0.09367000000025189,1.243957503323398,False,True,600,4.7203385428308335,1.3613897349592012,0.7346812220243469,0.15493975852676323,-1.3965883432266857,0.8837209302328103,0.1999999999990898,10.333333333333334
rsi2_m5_usd100000_smaller_stop_and_time_confirmed_rebound_atr_not_compressed,2017-02-14T13:40:00+00:00,2017-02-14T14:05:00+00:00,8769,stop,-0.8841228787715918,-11.741339691521803,True,False,1500,4.192648597420727,1.1698493741117362,0.6637705704691327,0.09211244679988459,-1.9081248513447797,0.3859649122805309,0.30000000000196536,13.666666666666666
rsi2_m5_usd100000_smaller_stop_and_time_confirmed_rebound_atr_not_compressed,2017-02-14T14:15:00+00:00,2017-02-14T14:30:00+00:00,8776,signal_exit,-0.07951999999987952,-1.0560424966783468,False,False,900,4.350157030073686,1.1914208491503744,0.2986315607965039,-1.4393868595516228,-1.5799051990599682,0.5853658536585498,0.09999999999843467,14.25
rsi2_m5_usd100000_smaller_stop_and_time_confirmed_rebound_atr_not_compressed,2017-02-14T15:40:00+00:00,2017-02-14T16:10:00+00:00,8793,signal_exit,-0.11683999999979094,-1.5455026454998801,False,False,1800,8.564928730251673,1.8491754223679904,-0.6860272524056668,-8.267354410504531,-1.7714686244087485,0.4430379746835977,0.1999999999990898,15.666666666666666
rsi2_m5_usd100000_smaller_stop_and_time_confirmed_rebound_atr_not_compressed,2017-02-15T08:30:00+00:00,2017-02-15T08:35:00+00:00,8993,stop,-0.8280865120345575,-10.9535252914624,True,False,300,3.804011322981046,1.195867043399886,-0.5739651995096194,-4.964038915251897,-1.6122904635858624,0.4250000000000555,0.2999999999997449,8.5
rsi2_m5_usd100000_smaller_stop_and_time_confirmed_rebound_atr_not_compressed,2017-02-15T08:50:00+00:00,2017-02-15T09:00:00+00:00,8997,signal_exit,0.1709300000002449,2.257992073979457,False,True,600,4.430348484893551,1.3376178269067445,-0.8143507952018472,-6.851196343479144,-1.6963145068242178,0.5999999999997779,0.1999999999990898,8.833333333333334
rsi2_m5_usd100000_smaller_stop_and_time_confirmed_rebound_atr_not_compressed,2017-02-15T13:40:00+00:00,2017-02-15T14:05:00+00:00,9055,signal_exit,0.4147900000001514,5.464953886695012,False,True,1500,5.926344876108202,1.5051919404736476,-1.0336367367795913,-10.123048258210938,-2.6326147322432627,0.5714285714286126,0.2999999999997449,13.666666666666666
rsi2_m5_usd100000_smaller_stop_and_time_confirmed_rebound_atr_not_compressed,2017-02-16T10:15:00+00:00,2017-02-16T11:15:00+00:00,9300,holding_bars,-0.19247999999995075,-2.559574468084451,False,False,3600,4.791703733640496,1.2037040220895225,1.6181506778532193,4.706144042774175,-1.5272152216725894,0.052631578947122386,0.10000000000065512,10.25
rsi2_m5_usd100000_smaller_stop_and_time_confirmed_rebound_atr_not_compressed,2017-02-16T12:50:00+00:00,2017-02-16T13:00:00+00:00,9331,signal_exit,0.2587200000001666,3.440425531917109,False,True,600,4.696417561817987,1.1528568223217104,1.1802309700889393,4.442201374460357,0.040112060100276375,0.22727272727270434,0.20000000000131024,12.833333333333334
rsi2_m5_usd100000_smaller_stop_and_time_confirmed_rebound_atr_not_compressed,2017-02-16T13:45:00+00:00,2017-02-16T14:25:00+00:00,9342,signal_exit,0.15297000000014457,2.036884154462644,False,True,2400,6.019602394456319,1.3757605828842487,1.3173975229853603,5.07160717286453,-0.00538537154967428,0.41935483870987383,0.2999999999997449,13.75
rsi2_m5_usd100000_smaller_stop_and_time_confirmed_rebound_atr_not_compressed,2017-02-17T07:50:00+00:00,2017-02-17T08:00:00+00:00,9553,stop,-0.7104339451766359,-9.472452602355146,True,False,600,3.1028929678443995,1.0229232184673211,0.33334515147312704,-1.1058138256628922,-1.8408811294223366,0.5789473684216062,0.20000000000131024,7.833333333333333
rsi2_m5_usd100000_smaller_stop_and_time_confirmed_rebound_atr_not_compressed,2017-02-17T10:20:00+00:00,2017-02-17T10:25:00+00:00,9583,signal_exit,0.10040000000013366,1.3368841544624988,False,True,300,5.0477971051592485,1.3651154447257288,-0.9788159183856111,-4.32229808943555,-0.9397380439163587,0.30000000000051813,0.1999999999990898,10.333333333333334
rsi2_m5_usd100000_smaller_stop_and_time_confirmed_rebound_atr_not_compressed,2017-02-17T11:10:00+00:00,2017-02-17T11:25:00+00:00,9593,signal_exit,-0.09485999999981148,-1.2631158455367706,False,False,900,4.6366359048662025,1.2338868581384685,-0.8112513537595236,-3.4489385130634673,-0.5409546159269493,0.322580645161221,0.2999999999997449,11.166666666666666
rsi2_m5_usd100000_smaller_stop_and_time_confirmed_rebound_atr_not_compressed,2017-02-17T13:05:00+00:00,2017-02-17T13:10:00+00:00,9616,signal_exit,-0.0497999999998498,-0.6631158455372809,False,False,300,4.6736592207980605,1.1863463588939518,-0.48774013868076205,-2.2259002661592926,-0.6342322407797386,0.025641025641186227,0.2999999999997449,13.083333333333334
rsi2_m5_usd100000_smaller_stop_and_time_confirmed_rebound_atr_not_compressed,2017-02-17T14:55:00+00:00,2017-02-17T15:10:00+00:00,9638,stop,-1.0985227568439335,-14.646970091252445,True,False,900,5.690151712293133,1.3277656796430235,-0.10177291299007173,-1.565981439843167,-1.0747079901281134,0.8837209302322939,0.20000000000131024,14.916666666666666
rsi2_m5_usd100000_smaller_stop_and_time_confirmed_rebound_atr_not_compressed,2017-02-20T08:05:00+00:00,2017-02-20T08:20:00+00:00,9842,signal_exit,-0.05692999999989873,-0.756042496678602,False,False,900,3.3906951308635382,1.0509421490535165,-0.37858203075342434,-0.761753679864611,0.18708224666679282,0.24561403508778765,0.20000000000131024,8.083333333333334
rsi2_m5_usd100000_smaller_stop_and_time_confirmed_rebound_atr_not_compressed,2017-02-20T09:45:00+00:00,2017-02-20T10:05:00+00:00,9862,stop,-0.8112393134218159,-10.787756827417764,True,False,1200,3.7640911796660865,1.1219946715712348,0.07441125164965676,0.8175333873863518,0.4807050384200261,0.7750000000001666,0.20000000000131024,9.75
rsi2_m5_usd100000_smaller_stop_and_time_confirmed_rebound_atr_not_compressed,2017-02-20T10:15:00+00:00,2017-02-20T10:40:00+00:00,9868,signal_exit,0.18403000000017508,2.443957503322378,False,True,1500,4.0470791537263775,1.1819377197880305,0.1029934138850489,-1.2403014570512203,-1.6759234382492703,0.4390243902440477,0.2999999999997449,10.25
rsi2_m5_usd100000_smaller_stop_and_time_confirmed_rebound_atr_not_compressed,2017-02-20T13:00:00+00:00,2017-02-20T13:10:00+00:00,9901,signal_exit,0.15391000000014496,2.043957503321978,False,True,600,4.185428286896691,1.1752514253919222,-0.08270032820638705,-3.0172007492725914,-2.03261483183171,0.14285714285741474,0.1999999999990898,13.0
rsi2_m5_usd100000_smaller_stop_and_time_confirmed_rebound_atr_not_compressed,2017-02-20T13:40:00+00:00,2017-02-20T13:55:00+00:00,9909,signal_exit,0.17650000000012575,2.343957503321723,False,True,900,3.8971946701872007,1.0954544142645688,-0.22032517861892018,-2.3522428490906178,-1.012533657183585,0.055555555555315696,0.20000000000131024,13.666666666666666
rsi2_m5_usd100000_smaller_stop_and_time_confirmed_rebound_atr_not_compressed,2017-02-20T14:30:00+00:00,2017-02-20T14:35:00+00:00,9919,signal_exit,0.0484900000001231,0.6439575033216879,False,True,300,3.761917011505724,1.052985039062244,-0.3182563411524525,-1.2397308762220636,-0.025431321082452055,0.08823529411757022,0.20000000000131024,14.5
rsi2_m5_usd100000_smaller_stop_and_time_confirmed_rebound_atr_not_compressed,2017-02-21T07:35:00+00:00,2017-02-21T07:55:00+00:00,10121,signal_exit,-0.09415999999981023,-1.2455026455001352,False,False,1200,3.0513821097595826,1.1042565388130083,-1.245532004552234,-7.306150065064153,-2.0076117037832457,0.5,0.2999999999997449,7.583333333333333
rsi2_m5_usd100000_smaller_stop_and_time_confirmed_rebound_atr_not_compressed,2017-02-21T08:10:00+00:00,2017-02-21T08:25:00+00:00,10128,stop,-0.7680198041296762,-10.158992118117409,True,False,900,3.3567447363075447,1.184806681029375,-1.3638017125139938,-8.239532923869797,-1.5621113406179858,0.3999999999997039,0.40000000000040004,8.166666666666666
rsi2_m5_usd100000_smaller_stop_and_time_confirmed_rebound_atr_not_compressed,2017-02-21T09:20:00+00:00,2017-02-21T09:20:00+00:00,10142,stop,-0.9089371057383522,-12.007095188089197,True,False,0,4.38254363103455,1.4120964775848697,-2.0375655907789114,-12.758637566173284,-1.897621747931904,0.30434782608708244,0.1999999999990898,9.333333333333334
rsi2_m5_usd100000_smaller_stop_and_time_confirmed_rebound_atr_not_compressed,2017-02-21T09:30:00+00:00,2017-02-21T09:45:00+00:00,10144,signal_exit,0.24722000000006858,3.2614775725602714,False,True,900,4.764540171657308,1.493947016817839,-2.138479265118803,-13.944377165731495,-1.8419966114758053,0.5744680851064031,0.10000000000065512,9.5
rsi2_m5_usd100000_smaller_stop_and_time_confirmed_rebound_atr_not_compressed,2017-02-21T10:40:00+00:00,2017-02-21T10:45:00+00:00,10158,signal_exit,-0.05578999999989792,-0.735046113305638,False,False,300,4.393425353915357,1.3062789572330489,-2.9579519049047955,-14.715537549795664,-1.3145505529005643,0.06250000000043368,0.2999999999997449,10.666666666666666
rsi2_m5_usd100000_smaller_stop_and_time_confirmed_rebound_atr_not_compressed,2017-02-21T12:15:00+00:00,2017-02-21T12:40:00+00:00,10177,signal_exit,0.08083000000015444,1.0649538866950519,False,True,1500,4.341850937861193,1.2403136016830094,-2.975978346837798,-11.615499146615846,-0.9480571175997556,0.5263157894735612,0.1999999999990898,12.25
rsi2_m5_usd100000_smaller_stop_and_time_confirmed_rebound_atr_not_compressed,2017-02-21T13:05:00+00:00,2017-02-21T13:15:00+00:00,10187,signal_exit,0.12637000000011572,1.664953886694542,False,True,600,4.435585001499375,1.2310830968062785,-2.6511675915096866,-11.157346377808773,-1.5668874728124527,0.10526315789482911,0.20000000000131024,13.083333333333334
rsi2_m5_usd100000_smaller_stop_and_time_confirmed_rebound_atr_not_compressed,2017-02-21T14:45:00+00:00,2017-02-21T14:45:00+00:00,10207,target,0.39750250535014553,5.2371871587634455,False,True,0,4.336116636034329,1.1664410036838178,-2.2249795708575912,-10.299630179478754,-2.2971451888444108,0.28947368421063396,0.40000000000040004,14.75
rsi2_m5_usd100000_smaller_stop_and_time_confirmed_rebound_atr_not_compressed,2017-02-22T10:15:00+00:00,2017-02-22T10:30:00+00:00,10435,stop,-1.1361513494438644,-14.929715498605315,True,False,900,5.80079730252366,1.4649299693329831,-1.795052668706416,-7.186057745631352,-0.6670855938926961,0.8599999999995737,0.2999999999997449,10.25
rsi2_m5_usd100000_smaller_stop_and_time_confirmed_rebound_atr_not_compressed,2017-02-22T11:40:00+00:00,2017-02-22T12:20:00+00:00,10452,signal_exit,-0.2837099999998725,-3.7281208935594288,False,False,2400,5.056344345578185,1.2257943910156825,-1.6568692937888947,-6.777349821135906,-0.6169942779699605,0.4,0.20000000000131024,11.666666666666666
rsi2_m5_usd100000_smaller_stop_and_time_confirmed_rebound_atr_not_compressed,2017-02-23T07:30:00+00:00,2017-02-23T07:35:00+00:00,10688,target,0.3922150427482112,5.174340933353709,False,True,300,4.256431680396008,1.0869881904165775,0.3607619473239112,-2.542239966989549,-1.9396469922078983,0.18181818181836532,0.2999999999997449,7.5
rsi2_m5_usd100000_smaller_stop_and_time_confirmed_rebound_atr_not_compressed,2017-02-24T10:55:00+00:00,2017-02-24T11:20:00+00:00,11008,signal_exit,0.24545000000023595,3.2509933774865685,False,True,1500,4.535263928163288,1.2105763278316344,0.4866369412737785,2.0152913613308203,-0.36379921100412654,0.8529411764702809,0.10000000000065512,10.916666666666666
rsi2_m5_usd100000_smaller_stop_and_time_confirmed_rebound_atr_not_compressed,2017-02-24T14:15:00+00:00,2017-02-24T14:15:00+00:00,11048,stop,-1.164173381053994,-15.43996526596809,True,False,0,6.093722686034223,1.4054741125825672,1.2517987619157893,1.9536562451135573,-2.374080505918629,0.2999999999996947,0.20000000000131024,14.25
rsi2_m5_usd100000_smaller_stop_and_time_confirmed_rebound_atr_not_compressed,2017-02-24T15:00:00+00:00,2017-02-24T15:15:00+00:00,11057,signal_exit,0.3896800000001701,5.154497354499604,False,True,900,7.05538578250407,1.5054814536348415,0.45143352170084866,-3.6018695493504356,-1.3800719370972656,0.5921052631576103,1.2999999999996348,15.0
rsi2_m5_usd100000_smaller_stop_and_time_confirmed_rebound_atr_not_compressed,2017-02-27T08:40:00+00:00,2017-02-27T08:50:00+00:00,11263,signal_exit,0.07216000000010431,0.9544973544987342,False,True,600,4.612447259244725,1.3231050506586028,0.15487930022867039,0.07480372419129537,-0.4475091673036392,0.452380952381179,0.1999999999990898,8.666666666666666
rsi2_m5_usd100000_smaller_stop_and_time_confirmed_rebound_atr_not_compressed,2017-02-27T11:45:00+00:00,2017-02-27T11:55:00+00:00,11300,signal_exit,-0.018799999999818795,-0.2490066225141562,False,False,600,3.88174543634629,1.0503975870957498,0.693123876664882,1.4239782631150482,-1.313935992465822,0.5666666666667407,0.1999999999990898,11.75
rsi2_m5_usd100000_smaller_stop_and_time_confirmed_rebound_atr_not_compressed,2017-02-28T07:50:00+00:00,2017-02-28T07:55:00+00:00,11538,signal_exit,0.2077000000001563,2.7509933774855133,False,True,300,4.157361650554765,1.2624422241331041,0.5098130954711433,-0.4678883504053445,-1.7934457970320787,0.30769230769257044,0.1999999999990898,7.833333333333333
rsi2_m5_usd100000_smaller_stop_and_time_confirmed_rebound_atr_not_compressed,2017-02-28T09:40:00+00:00,2017-02-28T10:00:00+00:00,11560,signal_exit,0.06425000000022235,0.8509933774863887,False,True,1200,4.545256641368878,1.2341552422008442,-0.17533525851459986,-1.016124808700558,-0.12552698836620677,0.2857142857142857,0.1999999999990898,9.666666666666666
rsi2_m5_usd100000_smaller_stop_and_time_confirmed_rebound_atr_not_compressed,2017-02-28T12:40:00+00:00,2017-02-28T12:55:00+00:00,11596,stop,-0.894882443676045,-11.868467422759217,True,False,900,4.257973764430762,1.0992808775199991,0.5296329917943579,0.8721726835983168,-1.4878449765764248,0.35714285714274385,0.2999999999997449,12.666666666666666
rsi2_m5_usd100000_smaller_stop_and_time_confirmed_rebound_atr_not_compressed,2017-02-28T13:05:00+00:00,2017-02-28T13:15:00+00:00,11601,signal_exit,0.36625000000018915,4.850993377485949,False,True,600,4.521750336386452,1.1500770854157434,0.4168531071614607,-0.6103712990777962,-1.6909948763575404,0.8431372549022425,0.1999999999990898,13.083333333333334
rsi2_m5_usd100000_smaller_stop_and_time_confirmed_rebound_atr_not_compressed,2017-02-28T15:55:00+00:00,2017-02-28T15:55:00+00:00,11635,target,0.8704176561742567,11.559331423296902,False,True,0,7.457686959986987,1.5625158550403075,0.7254284724114377,3.322604364290231,0.12553280475094514,0.45967741935484013,0.2999999999997449,15.916666666666666
rsi2_m5_usd100000_smaller_stop_and_time_confirmed_rebound_atr_not_compressed,2017-03-01T13:50:00+00:00,2017-03-01T13:55:00+00:00,11894,signal_exit,-0.04039999999996696,-0.5315789473679863,False,False,300,5.522615452655992,1.154746522202233,-1.4162202104840789,-6.280863119240374,-1.1595826696171518,0.20512820512835112,0.2999999999997449,13.833333333333334
rsi2_m5_usd100000_smaller_stop_and_time_confirmed_rebound_atr_not_compressed,2017-03-02T09:45:00+00:00,2017-03-02T09:55:00+00:00,12129,signal_exit,0.18709000000017648,2.464953886695342,False,True,600,4.397704784010484,1.2652848345955576,-0.17384291413202219,-3.6901082616510235,-1.9444053861350192,0.27777777777796053,0.1999999999990898,9.75
rsi2_m5_usd100000_smaller_stop_and_time_confirmed_rebound_atr_not_compressed,2017-03-02T12:25:00+00:00,2017-03-02T12:40:00+00:00,12161,signal_exit,-0.017599999999817595,-0.23157894736602097,False,False,900,4.48839141314254,1.1876828708153255,-0.8031163677461082,-5.892210623378528,-1.6554869389480742,0.7450980392157631,0.1999999999990898,12.416666666666666
rsi2_m5_usd100000_smaller_stop_and_time_confirmed_rebound_atr_not_compressed,2017-03-02T13:15:00+00:00,2017-03-02T13:30:00+00:00,12171,signal_exit,-0.07079999999982861,-0.931578947366166,False,False,900,4.234808149702998,1.1143791808780539,-1.037182627421294,-4.930817485106507,-0.5821530677042599,0.39473684210546306,0.1999999999990898,13.25
rsi2_m5_usd100000_smaller_stop_and_time_confirmed_rebound_atr_not_compressed,2017-03-02T14:15:00+00:00,2017-03-02T14:35:00+00:00,12183,signal_exit,0.18811000000017694,2.471879106441221,False,True,1200,4.524087425052105,1.159493012360082,-1.2150711893291395,-7.077392054923663,-2.3010879024819397,0.12903225806391538,0.20000000000131024,14.25
rsi2_m5_usd100000_smaller_stop_and_time_confirmed_rebound_atr_not_compressed,2017-03-03T07:50:00+00:00,2017-03-03T08:00:00+00:00,12387,stop,-0.778022013447228,-10.23713175588458,True,False,600,3.4527764042581546,1.134975539696228,0.3767763565875977,1.51739920945687,-0.045666851784093285,0.30188679245275907,0.30000000000196536,7.833333333333333
rsi2_m5_usd100000_smaller_stop_and_time_confirmed_rebound_atr_not_compressed,2017-03-03T08:10:00+00:00,2017-03-03T09:10:00+00:00,12391,holding_bars,-0.04039999999979821,-0.5315789473657658,False,False,3600,4.1076568846838954,1.2995214980953467,0.3436145049815853,-1.073324093104162,-1.9940718027619266,0.17647058823514045,0.2999999999997449,8.166666666666666
rsi2_m5_usd100000_smaller_stop_and_time_confirmed_rebound_atr_not_compressed,2017-03-03T10:05:00+00:00,2017-03-03T10:10:00+00:00,12414,signal_exit,0.13440000000016566,1.7684210526337587,False,True,300,4.056910302504448,1.20357574639687,0.13263909189225837,0.0077564217039422685,-0.7136211079246177,0.24324324324350274,0.1999999999990898,10.083333333333334
rsi2_m5_usd100000_smaller_stop_and_time_confirmed_rebound_atr_not_compressed,2017-03-03T12:05:00+00:00,2017-03-03T12:10:00+00:00,12438,signal_exit,0.027400000000143254,0.3614775725612566,False,True,300,4.348774450433862,1.1838434345383468,1.0440554067421735,5.142560496827305,0.3967304487104216,0.30000000000022203,0.1999999999990898,12.083333333333334
rsi2_m5_usd100000_smaller_stop_and_time_confirmed_rebound_atr_not_compressed,2017-03-03T14:40:00+00:00,2017-03-03T15:25:00+00:00,12469,stop,-1.0612509612375869,-14.01916725545029,True,False,2700,5.438579664713404,1.2787054854045137,2.017097143652655,6.570484486119598,-1.48610021901282,0.3666666666668887,0.10000000000065512,14.666666666666666
rsi2_m5_usd100000_smaller_stop_and_time_confirmed_rebound_atr_not_compressed,2017-03-06T09:50:00+00:00,2017-03-06T10:50:00+00:00,12697,holding_bars,-0.7881199999998347,-10.452519893897012,False,False,3600,7.190745101578872,1.6133387053489303,1.2289446902066015,-0.37903250432578295,-2.107855039999626,0.11764705882331812,0.2999999999997449,9.833333333333334
rsi2_m5_usd100000_smaller_stop_and_time_confirmed_rebound_atr_not_compressed,2017-03-06T11:35:00+00:00,2017-03-06T11:50:00+00:00,12718,signal_exit,-0.08674999999992866,-1.1490066225156113,False,False,900,4.850199128336817,1.0844143996659819,-0.2697001826284658,-2.4850017074022417,-1.2471617776041508,0.36666666666614856,0.20000000000131024,11.583333333333334
rsi2_m5_usd100000_smaller_stop_and_time_confirmed_rebound_atr_not_compressed,2017-03-06T12:05:00+00:00,2017-03-06T12:25:00+00:00,12724,signal_exit,-0.048999999999849,-0.6490066225145562,False,False,1200,4.555631728760846,1.0252873099976882,-0.4397491730391515,-3.2693795622692123,-1.9180657596076018,0.2916666666667052,0.1999999999990898,12.083333333333334
rsi2_m5_usd100000_smaller_stop_and_time_confirmed_rebound_atr_not_compressed,2017-03-07T09:05:00+00:00,2017-03-07T09:20:00+00:00,12970,stop,-0.7842502533551141,-10.387420574239922,True,False,900,3.6192069758632397,1.2076198132502416,0.4513523688155888,-0.5082603540039745,-1.7698772981019266,0.30000000000051813,0.09999999999843467,9.083333333333334
rsi2_m5_usd100000_smaller_stop_and_time_confirmed_rebound_atr_not_compressed,2017-03-07T09:40:00+00:00,2017-03-07T09:50:00+00:00,12977,stop,-0.8387021874754443,-11.093944278775718,True,False,600,3.9242208166373507,1.267591479321957,0.1545761218363192,-3.2798414258782427,-1.4563001088017826,0.5405405405405082,0.1999999999990898,9.666666666666666
rsi2_m5_usd100000_smaller_stop_and_time_confirmed_rebound_atr_not_compressed,2017-03-07T10:05:00+00:00,2017-03-07T10:25:00+00:00,12982,signal_exit,0.026800000000142876,0.35449735449924435,False,True,1200,4.458160884734898,1.3847151109212104,-0.29194203606496566,-6.82057322270162,-1.8462214684745977,0.08450704225345065,0.20000000000131024,10.083333333333334
rsi2_m5_usd100000_smaller_stop_and_time_confirmed_rebound_atr_not_compressed,2017-03-07T13:45:00+00:00,2017-03-07T14:30:00+00:00,13026,stop,-0.8027819467292658,-10.618808819170182,True,False,2700,3.686653086835338,1.1200880256680696,-0.6717023349303796,-3.290656841581692,-1.0104412913841283,0.21212121212129367,0.1999999999990898,13.75
rsi2_m5_usd100000_smaller_stop_and_time_confirmed_rebound_atr_not_compressed,2017-03-08T07:50:00+00:00,2017-03-08T08:20:00+00:00,13239,stop,-0.7324957335149971,-9.676297668626116,True,False,1800,3.2671448713028237,1.3294794263610707,-0.3376811477129143,-2.2590363558715394,-1.2882449286876207,0.22784810126595442,0.09999999999843467,7.833333333333333
rsi2_m5_usd100000_smaller_stop_and_time_confirmed_rebound_atr_not_compressed,2017-03-08T08:30:00+00:00,2017-03-08T09:10:00+00:00,13247,stop,-0.8383780694955096,-11.075007523058252,True,False,2400,3.8664997985180727,1.47569070778432,-0.4109960811391754,-3.869662001817554,-1.4102552419657535,0.4305555555557012,0.2999999999997449,8.5
rsi2_m5_usd100000_smaller_stop_and_time_confirmed_rebound_atr_not_compressed,2017-03-08T11:10:00+00:00,2017-03-08T11:20:00+00:00,13279,signal_exit,-0.0485999999998486,-0.642007926021778,False,False,600,3.612201740537812,1.2462863244902438,-0.8465520974781916,-2.8980343400255935,-0.003939359391312312,0.2631578947367806,0.2999999999997449,11.166666666666666
rsi2_m5_usd100000_smaller_stop_and_time_confirmed_rebound_atr_not_compressed,2017-03-08T12:30:00+00:00,2017-03-08T12:45:00+00:00,13295,signal_exit,-0.12429999999984026,-1.6420079260216678,False,False,900,3.1820480879685156,1.0974887326725418,-0.515433005726101,-3.2384333243398524,-1.6916812614829595,0.3103448275860485,0.1999999999990898,12.5
rsi2_m5_usd100000_smaller_stop_and_time_confirmed_rebound_atr_not_compressed,2017-03-08T13:25:00+00:00,2017-03-08T13:40:00+00:00,13306,signal_exit,0.2851200000001486,3.761477572561327,False,True,900,5.609161404808269,1.6828735591849269,-0.5935895080226934,-6.077183298956443,-2.3086879278458285,0.10101010101008515,0.2999999999997449,13.416666666666666
rsi2_m5_usd100000_smaller_stop_and_time_confirmed_rebound_atr_not_compressed,2017-03-09T07:35:00+00:00,2017-03-09T07:40:00+00:00,13522,target,0.30672355694196196,4.041153582898049,False,True,300,3.638099848101793,1.3313366241486375,-0.6830142985498151,-4.53235721039386,-1.4775917728509311,0.36170212765960463,0.20000000000131024,7.583333333333333
rsi2_m5_usd100000_smaller_stop_and_time_confirmed_rebound_atr_not_compressed,2017-03-09T14:45:00+00:00,2017-03-09T14:55:00+00:00,13608,signal_exit,0.048820000000123265,0.6474801061024306,False,True,600,11.325577216713633,1.963236622645503,0.9602436584345784,6.733497955091001,0.7243476461433297,0.8205128205130687,0.1999999999990898,14.75
rsi2_m5_usd100000_smaller_stop_and_time_confirmed_rebound_atr_not_compressed,2017-03-10T09:25:00+00:00,2017-03-10T09:45:00+00:00,13828,signal_exit,0.1463800000000956,1.9439575033213226,False,True,1200,4.683201823512153,1.2826450878865467,1.1786967670065343,6.027734452157998,0.5546104089830934,0.8913043478254049,0.30000000000196536,9.416666666666666
rsi2_m5_usd100000_smaller_stop_and_time_confirmed_rebound_atr_not_compressed,2017-03-10T10:15:00+00:00,2017-03-10T10:20:00+00:00,13838,signal_exit,-0.0493999999998494,-0.6560424966779469,False,False,300,4.179407983750257,1.1404127832604787,1.5392249294666018,5.431511110764866,-0.6659739680855871,0.30000000000033306,0.2999999999997449,10.25
rsi2_m5_usd100000_smaller_stop_and_time_confirmed_rebound_atr_not_compressed,2017-03-10T11:15:00+00:00,2017-03-10T11:25:00+00:00,13850,signal_exit,-0.09457999999981098,-1.2560424966774366,False,False,600,3.7686527055642896,1.0332090003591097,1.3627399834167138,3.8769543076808524,-1.6556717987571268,0.3428571428567803,0.2999999999997449,11.25
rsi2_m5_usd100000_smaller_stop_and_time_confirmed_rebound_atr_not_compressed,2017-03-10T13:05:00+00:00,2017-03-10T13:15:00+00:00,13872,signal_exit,-0.07935999999987936,-1.0525198938976041,False,False,600,3.7716316115276696,1.0316080006660449,0.8391034674758372,2.0642572385601166,-1.436844888395154,0.17777777777743786,0.10000000000065512,13.083333333333334
rsi2_m5_usd100000_smaller_stop_and_time_confirmed_rebound_atr_not_compressed,2017-03-10T14:45:00+00:00,2017-03-10T15:00:00+00:00,13892,signal_exit,0.3865600000001692,5.140425531917144,False,True,900,7.680470326631613,1.6089731062000907,1.2154430322923504,4.939158690576045,-0.04158521541411519,0.2916666666667052,0.2999999999997449,14.75
rsi2_m5_usd100000_smaller_stop_and_time_confirmed_rebound_atr_not_compressed,2017-03-13T08:30:00+00:00,2017-03-13T09:30:00+00:00,14111,holding_bars,-0.7086399999998443,-9.473796791441767,False,False,3600,5.8828814629080295,1.507821292070667,1.1659052192342665,-1.093639606068461,-1.7283511423155657,0.671232876712258,0.20000000000131024,8.5
rsi2_m5_usd100000_smaller_stop_and_time_confirmed_rebound_atr_not_compressed,2017-03-13T13:10:00+00:00,2017-03-13T13:30:00+00:00,14167,signal_exit,0.18250000000017438,2.4333333333356584,False,True,1200,4.314546216465177,1.025999276990733,-0.4409706181171444,-4.356651518961344,-2.0283466063167506,0.28571428571371926,0.10000000000065512,13.166666666666666
rsi2_m5_usd100000_smaller_stop_and_time_confirmed_rebound_atr_not_compressed,2017-03-13T14:25:00+00:00,2017-03-13T14:40:00+00:00,14182,signal_exit,0.18199000000017415,2.429773030709935,False,True,900,4.306030271628021,1.0205891029377963,-0.6260026330848928,-2.8484319497673507,-0.30075764268970345,0.25,0.2999999999997449,14.416666666666666
rsi2_m5_usd100000_smaller_stop_and_time_confirmed_rebound_atr_not_compressed,2017-03-14T08:05:00+00:00,2017-03-14T08:35:00+00:00,14391,signal_exit,0.1079100000000161,1.4368841544609334,False,True,1800,4.088550131040254,1.4361345252782869,-1.1266403200870434,-5.706038070156842,-1.2458371982539154,0.19736842105243937,0.30000000000196536,8.083333333333334
rsi2_m5_usd100000_smaller_stop_and_time_confirmed_rebound_atr_not_compressed,2017-03-14T10:55:00+00:00,2017-03-14T11:00:00+00:00,14425,stop,-0.8333822525316321,-11.096967410541039,True,False,300,3.916925782501588,1.216433044168202,-0.8331768426921279,-3.7744661713082754,-0.8226147871822853,0.44827586206864867,0.20000000000131024,10.916666666666666
rsi2_m5_usd100000_smaller_stop_and_time_confirmed_rebound_atr_not_compressed,2017-03-15T08:25:00+00:00,2017-03-15T08:45:00+00:00,14680,signal_exit,-0.16991999999980295,-2.259574468082486,False,False,1200,3.5190886071210845,1.3056321671687574,0.8830526368566527,3.5614766745696422,0.0525524916593115,0.5428571428567803,0.10000000000065512,8.416666666666666
rsi2_m5_usd100000_smaller_stop_and_time_confirmed_rebound_atr_not_compressed,2017-03-15T09:55:00+00:00,2017-03-15T10:55:00+00:00,14698,holding_bars,-0.24511999999996165,-3.259574468084596,False,False,3600,3.8551377935914592,1.3290254579016512,0.7382638253514824,0.23821986778120205,-2.1776783776817337,0.31707317073160163,0.20000000000131024,9.916666666666666
rsi2_m5_usd100000_smaller_stop_and_time_confirmed_rebound_atr_not_compressed,2017-03-15T11:50:00+00:00,2017-03-15T12:05:00+00:00,14721,signal_exit,0.06320000000022147,0.8404255319178386,False,True,900,3.4668416913639613,1.1394196337969158,-0.048762759480194574,-0.44490249966890316,-0.23070702347499605,0.2580645161292633,0.1999999999990898,11.833333333333334
rsi2_m5_usd100000_smaller_stop_and_time_confirmed_rebound_atr_not_compressed,2017-03-15T12:40:00+00:00,2017-03-15T12:55:00+00:00,14731,stop,-0.8414898147330809,-11.190024132088842,True,False,900,3.865224832003151,1.2292533140657074,0.09839701171060869,1.3304496911690717,0.8522531269367325,0.784313725490529,0.3999999999981796,12.666666666666666
rsi2_m5_usd100000_smaller_stop_and_time_confirmed_rebound_atr_not_compressed,2017-03-15T13:05:00+00:00,2017-03-15T13:20:00+00:00,14736,stop,-0.8471994865639842,-11.265950619201918,True,False,900,4.003188075558224,1.2489887846277403,0.09278920581302263,-0.8580649928006772,-1.174169885473461,0.26829268292694813,0.20000000000131024,13.083333333333334
rsi2_m5_usd100000_smaller_stop_and_time_confirmed_rebound_atr_not_compressed,2017-03-15T13:30:00+00:00,2017-03-15T14:15:00+00:00,14741,signal_exit,-0.05692999999989873,-0.756042496678602,False,False,2700,4.683049678218377,1.3971707806024296,-0.006987944625791154,-2.6732982991813987,-1.8174579210155468,0.6739130434779881,0.20000000000131024,13.5
rsi2_m5_usd100000_smaller_stop_and_time_confirmed_rebound_atr_not_compressed,2017-03-16T08:00:00+00:00,2017-03-16T08:05:00+00:00,14962,stop,-1.054222928060243,-14.150643329667693,True,False,300,5.433039785640907,1.3138200244192053,1.4985545257806272,4.19856876471567,-1.335865676848247,0.38181818181822585,0.1999999999990898,8.0
rsi2_m5_usd100000_smaller_stop_and_time_confirmed_rebound_atr_not_compressed,2017-03-16T09:00:00+00:00,2017-03-16T09:10:00+00:00,14974,signal_exit,0.008880000000043242,0.11903485254749654,False,True,600,5.271309337804671,1.2324397659655573,0.8571647138150691,-0.018325490677447792,-1.5817191726947493,0.22727272727270434,0.2999999999997449,9.0
rsi2_m5_usd100000_smaller_stop_and_time_confirmed_rebound_atr_not_compressed,2017-03-16T09:55:00+00:00,2017-03-16T10:05:00+00:00,14985,signal_exit,0.24760000000011637,3.3190348525484765,False,True,600,4.8269229368065805,1.1222898696258872,0.32551997178889663,-0.34020581546988266,-1.1577875203668122,0.2702702702702541,0.2999999999997449,9.916666666666666
rsi2_m5_usd100000_smaller_stop_and_time_confirmed_rebound_atr_not_compressed,2017-03-17T07:45:00+00:00,2017-03-17T08:15:00+00:00,15247,signal_exit,0.03776000000007279,0.5082099596241291,False,True,1800,3.9412578579209065,1.3223500497320009,1.1301536638572285,-0.21980911976528825,-1.824040193716912,0.06896551724108889,0.30000000000196536,7.75
rsi2_m5_usd100000_smaller_stop_and_time_confirmed_rebound_atr_not_compressed,2017-03-17T11:00:00+00:00,2017-03-17T11:00:00+00:00,15286,stop,-0.8541950947486991,-11.512063271545811,True,False,0,4.1083227408945175,1.186781801815013,0.7450355239264992,1.2084376001779407,-1.599372211232778,0.156249999999588,0.20000000000131024,11.0
rsi2_m5_usd100000_smaller_stop_and_time_confirmed_rebound_atr_not_compressed,2017-03-17T11:20:00+00:00,2017-03-17T12:00:00+00:00,15290,stop,-1.2604026005683133,-16.940895168928943,True,False,2400,6.776361562960335,1.7256481125615286,0.295281559471543,-5.151267063237334,-1.8235031161963096,0.5,0.2999999999997449,11.333333333333334
rsi2_m5_usd100000_smaller_stop_and_time_confirmed_rebound_atr_not_compressed,2017-03-17T15:05:00+00:00,2017-03-17T15:35:00+00:00,15335,stop,-1.0382758329773452,-13.955320335717003,True,False,1800,5.383574146354531,1.196290873528781,-0.5363719179714526,-2.3895173667076777,-0.4587073123328435,0.05172413793100808,0.09999999999843467,15.083333333333334
rsi2_m5_usd100000_smaller_stop_and_time_confirmed_rebound_atr_not_compressed,2017-03-17T15:45:00+00:00,2017-03-17T16:00:00+00:00,15343,signal_exit,0.2389600000000673,3.2118279569901516,False,True,900,5.384231752402272,1.1775591675854375,-0.5194198504723297,-4.109539363577563,-1.4264918482676037,0.6595744680847445,0.30000000000196536,15.75
rsi2_m5_usd100000_smaller_stop_and_time_confirmed_rebound_atr_not_compressed,2017-03-20T09:15:00+00:00,2017-03-20T09:20:00+00:00,15546,signal_exit,0.18636000000005645,2.508209959623909,False,True,300,4.325071026783422,1.370314623946158,0.7930534149714243,0.21411406127345173,-1.6794233315269123,0.2499999999994449,0.20000000000131024,9.25
rsi2_m5_usd100000_smaller_stop_and_time_confirmed_rebound_atr_not_compressed,2017-03-20T10:00:00+00:00,2017-03-20T10:40:00+00:00,15555,signal_exit,-0.14055999999994057,-1.8917900403760506,False,False,2400,4.534555690559649,1.3737377460541433,0.37373307106802817,-0.7942717136401565,-1.6859428280308173,0.7714285714283902,0.30000000000196536,10.0
rsi2_m5_usd100000_smaller_stop_and_time_confirmed_rebound_atr_not_compressed,2017-03-20T11:25:00+00:00,2017-03-20T12:00:00+00:00,15572,stop,-0.8154817153988814,-10.975527798100691,True,False,2100,3.8418688788622535,1.153536559205825,-0.053961349475742035,-0.385124361307537,0.10130959759549102,0.6097560975606058,0.20000000000131024,11.416666666666666
rsi2_m5_usd100000_smaller_stop_and_time_confirmed_rebound_atr_not_compressed,2017-03-20T12:15:00+00:00,2017-03-20T12:30:00+00:00,15582,signal_exit,0.201760000000154,2.711827956991317,False,True,900,3.595832486873572,1.0803102421272828,-0.21515748786925445,-3.2074469154330507,-1.9147679715113928,0.24000000000060395,0.1999999999990898,12.25
rsi2_m5_usd100000_smaller_stop_and_time_confirmed_rebound_atr_not_compressed,2017-03-20T13:10:00+00:00,2017-03-20T13:25:00+00:00,15593,signal_exit,0.02290000000014042,0.3082099596250393,False,True,900,3.8886992401958484,1.1431667594806185,-0.3613620554438918,-1.8807593779135279,-0.4246828647548981,0.3488372093024217,0.1999999999990898,13.166666666666666
rsi2_m5_usd100000_smaller_stop_and_time_confirmed_rebound_atr_not_compressed,2017-03-20T14:05:00+00:00,2017-03-20T14:15:00+00:00,15604,signal_exit,0.08234000000003489,1.1082099596236188,False,True,600,3.7378485918671926,1.0917747567525238,-0.2941917740933104,-0.9611220993364364,-0.17284583204587364,0.13043478260861172,0.20000000000131024,14.083333333333334
rsi2_m5_usd100000_smaller_stop_and_time_confirmed_rebound_atr_not_compressed,2017-03-21T11:55:00+00:00,2017-03-21T12:10:00+00:00,15863,stop,-0.8432879541144949,-11.411203709262448,True,False,900,4.0524218816960165,1.079776199010547,2.126927708852019,9.855146959553464,0.9864654111880624,0.7692307692302437,0.1999999999990898,11.916666666666666
rsi2_m5_usd100000_smaller_stop_and_time_confirmed_rebound_atr_not_compressed,2017-03-21T12:25:00+00:00,2017-03-21T12:55:00+00:00,15869,stop,-0.8533190937574184,-11.531339104829977,True,False,1800,4.114318201064294,1.0898079553097235,2.190343751836728,7.540485298483617,-0.9428949794686826,0.37499999999965306,0.20000000000131024,12.416666666666666
rsi2_m5_usd100000_smaller_stop_and_time_confirmed_rebound_atr_not_compressed,2017-03-21T14:40:00+00:00,2017-03-21T14:50:00+00:00,15896,signal_exit,0.006920000000206927,0.09364005412999901,False,True,600,4.5901225549886835,1.164569080309459,1.7755471147969053,7.096629080715766,0.13523118198171324,0.3695652173913883,0.1999999999990898,14.666666666666666
rsi2_m5_usd100000_smaller_stop_and_time_confirmed_rebound_atr_not_compressed,2017-03-21T15:15:00+00:00,2017-03-21T15:35:00+00:00,15903,stop,-1.056025552628501,-14.270615576060822,True,False,1200,5.33395643667991,1.3004489107688721,1.7644976512618917,4.946229638496381,-1.9393544907217253,0.6333333333334814,0.5000000000010552,15.25
rsi2_m5_usd100000_smaller_stop_and_time_confirmed_rebound_atr_not_compressed,2017-03-22T07:20:00+00:00,2017-03-22T07:25:00+00:00,16095,stop,-0.790062554265947,-10.690968257996577,True,False,300,3.692304156063338,1.2179327750015263,0.4195012486672545,1.8128408299373335,0.08232954961413831,0.12903225806463164,0.1999999999990898,7.333333333333333
rsi2_m5_usd100000_smaller_stop_and_time_confirmed_rebound_atr_not_compressed,2017-03-22T08:45:00+00:00,2017-03-22T08:55:00+00:00,16112,stop,-0.940194625367696,-12.705332775239134,True,False,600,4.701315036269991,1.3838640277775018,0.22900135822774714,-1.7988063480055654,-1.553424946393065,0.9428571428573785,0.1999999999990898,8.75
rsi2_m5_usd100000_smaller_stop_and_time_confirmed_rebound_atr_not_compressed,2017-03-22T09:10:00+00:00,2017-03-22T09:55:00+00:00,16117,signal_exit,-0.35560999999986764,-4.799055330632491,False,False,2700,4.938388141402705,1.4085399823387676,-0.13459747678321737,-4.000320167506115,-1.7585471804555681,0.22222222222187957,0.20000000000131024,9.166666666666666
rsi2_m5_usd100000_smaller_stop_and_time_confirmed_rebound_atr_not_compressed,2017-03-22T11:25:00+00:00,2017-03-22T12:05:00+00:00,16144,signal_exit,-0.2518699999998462,-3.399055330632202,False,False,2400,4.511919410281569,1.2084827920291874,-0.6362504288409898,-1.882802686423664,0.11207992406071693,0.31428571428580493,0.1999999999990898,11.416666666666666
rsi2_m5_usd100000_smaller_stop_and_time_confirmed_rebound_atr_not_compressed,2017-03-23T08:20:00+00:00,2017-03-23T08:40:00+00:00,16393,stop,-0.7366819288167417,-9.941726434773841,True,False,1200,3.371335552070815,1.1874025265100911,0.21725501452527188,-1.7371485293861513,-1.684492486872424,0.6857142857139957,0.10000000000065512,8.333333333333334
rsi2_m5_usd100000_smaller_stop_and_time_confirmed_rebound_atr_not_compressed,2017-03-23T09:05:00+00:00,2017-03-23T09:25:00+00:00,16402,signal_exit,-0.0073399999998896015,-0.09905533063278814,False,False,1200,4.573144240536656,1.4801391741785872,-0.28716528703496846,-5.23338878380345,-1.8142281411810532,0.4599999999999556,0.30000000000196536,9.083333333333334
rsi2_m5_usd100000_smaller_stop_and_time_confirmed_rebound_atr_not_compressed,2017-03-23T10:00:00+00:00,2017-03-23T10:10:00+00:00,16413,signal_exit,0.01518000000009162,0.20458221024382237,False,True,600,4.73215300464176,1.4452142936806884,-0.8839643684337077,-6.083750737059782,-1.5456019881385183,0.14705882352971908,0.2999999999997449,10.0
rsi2_m5_usd100000_smaller_stop_and_time_confirmed_rebound_atr_not_compressed,2017-03-23T12:20:00+00:00,2017-03-23T12:40:00+00:00,16441,signal_exit,0.14086000000009408,1.9009446693669916,False,True,1200,4.268341978971007,1.1994189776061914,-0.329116902376083,-3.384932922047119,-2.0073647002581136,0.44736842105284685,0.1999999999990898,12.333333333333334
rsi2_m5_usd100000_smaller_stop_and_time_confirmed_rebound_atr_not_compressed,2017-03-23T15:40:00+00:00,2017-03-23T15:55:00+00:00,16481,signal_exit,-0.03697999999975471,-0.49905533063096774,False,False,900,5.248854439501928,1.2397555881325648,-0.21006819232101392,-2.338550269007724,-1.5068896483176644,0.1724137931037387,0.1999999999990898,15.666666666666666
rsi2_m5_usd100000_smaller_stop_and_time_confirmed_rebound_atr_not_compressed,2017-03-24T09:10:00+00:00,2017-03-24T09:40:00+00:00,16686,signal_exit,-0.18519999999990305,-2.5027027027013924,False,False,1800,4.647178967977085,1.4806953585153226,0.6709283263566312,6.822375011134748,0.9556274691489904,0.5636363636363709,0.20000000000131024,9.166666666666666
rsi2_m5_usd100000_smaller_stop_and_time_confirmed_rebound_atr_not_compressed,2017-03-24T11:20:00+00:00,2017-03-24T11:45:00+00:00,16712,signal_exit,-0.18519999999990305,-2.5027027027013924,False,False,1500,4.281030184855354,1.2605251045587924,1.7033209997522163,5.633663232952665,-1.04179845717164,0.22857142857175483,0.1999999999990898,11.333333333333334
rsi2_m5_usd100000_smaller_stop_and_time_confirmed_rebound_atr_not_compressed,2017-03-24T13:25:00+00:00,2017-03-24T14:05:00+00:00,16737,stop,-0.8496605061499938,-11.48189873175667,True,False,2400,4.039598014528269,1.1568307302038587,1.2338507009687185,4.278193765270861,-0.5995926152079568,0.23333333333340736,0.2999999999997449,13.416666666666666
rsi2_m5_usd100000_smaller_stop_and_time_confirmed_rebound_atr_not_compressed,2017-03-24T14:15:00+00:00,2017-03-24T14:25:00+00:00,16747,signal_exit,0.2884000000000777,3.8972972972983473,False,True,600,4.175228721862536,1.168481884156098,0.9366687349051157,1.9239434081986717,-1.4455028206399998,0.3030303030303234,0.1999999999990898,14.25
rsi2_m5_usd100000_smaller_stop_and_time_confirmed_rebound_atr_not_compressed,2017-03-27T09:15:00+00:00,2017-03-27T09:35:00+00:00,16972,signal_exit,-0.0675199999997858,-0.9173913043449158,False,False,1200,4.03242908739896,1.1713366691672547,2.04642345379919,5.206705069338093,-1.6565941113669218,0.6750000000000556,0.1999999999990898,9.25
rsi2_m5_usd100000_smaller_stop_and_time_confirmed_rebound_atr_not_compressed,2017-03-27T13:40:00+00:00,2017-03-27T13:45:00+00:00,17025,stop,-0.9227681260895539,-12.588923957565537,True,False,300,4.680205498565364,1.2745795941788567,2.6361379303143004,10.295107106250015,0.013743175914573764,0.31707317073160163,0.10000000000065512,13.666666666666666
rsi2_m5_usd100000_smaller_stop_and_time_confirmed_rebound_atr_not_compressed,2017-03-27T14:05:00+00:00,2017-03-27T14:10:00+00:00,17030,signal_exit,0.08626000000024553,1.1752043596763695,False,True,300,5.0966454456826815,1.3428782300993611,2.496135401228381,6.720574223475532,-1.6984077805262945,0.5957446808509432,0.2999999999997449,14.083333333333334
rsi2_m5_usd100000_smaller_stop_and_time_confirmed_rebound_atr_not_compressed,2017-03-28T11:15:00+00:00,2017-03-28T11:45:00+00:00,17280,signal_exit,0.006080000000042662,0.08260869565275356,False,True,1800,3.3880074753529774,1.0709506644805231,-0.23403835319339228,-2.8271576406525507,-1.8506202565020857,0.656249999999241,0.20000000000131024,11.25
rsi2_m5_usd100000_smaller_stop_and_time_confirmed_rebound_atr_not_compressed,2017-03-28T12:55:00+00:00,2017-03-28T13:15:00+00:00,17300,signal_exit,0.028160000000187313,0.3826086956547189,False,True,1200,4.036697051088645,1.2042934322603809,-0.3057437808446077,-0.3527691708000742,0.5047876639505062,0.759999999999396,0.10000000000065512,12.916666666666666
rsi2_m5_usd100000_smaller_stop_and_time_confirmed_rebound_atr_not_compressed,2017-03-28T14:15:00+00:00,2017-03-28T14:25:00+00:00,17316,signal_exit,0.19008000000010414,2.5826086956535885,False,True,600,4.457229268741127,1.2704417518199735,0.1226208938978525,0.5710936129069423,0.16386359237802411,0.729166666666763,0.2999999999997449,14.25
rsi2_m5_usd100000_smaller_stop_and_time_confirmed_rebound_atr_not_compressed,2017-03-28T15:20:00+00:00,2017-03-28T16:10:00+00:00,17329,stop,-0.9868854796369078,-13.408770103762333,True,False,3000,5.045689399707427,1.3515302544416123,0.26154951347261324,-0.29068716034310005,-1.230005429023594,0.7380952380955528,0.20000000000131024,15.333333333333334
rsi2_m5_usd100000_smaller_stop_and_time_confirmed_rebound_atr_not_compressed,2017-03-29T07:35:00+00:00,2017-03-29T07:55:00+00:00,17515,signal_exit,0.06676000000010224,0.9009446693671017,False,True,1200,5.393129307392628,1.5201972228735556,-1.6439857207567095,-10.042108362592835,-1.803177626922701,0.3714285714290246,0.2999999999997449,7.583333333333333
rsi2_m5_usd100000_smaller_stop_and_time_confirmed_rebound_atr_not_compressed,2017-03-29T12:15:00+00:00,2017-03-29T12:25:00+00:00,17571,signal_exit,0.2606600000002133,3.50820995962602,False,True,600,7.419410245439293,1.7574885340905528,-1.631255981479796,-13.169487102201602,-1.6835483797827924,0.6222222222220194,0.1999999999990898,12.25
rsi2_m5_usd100000_smaller_stop_and_time_confirmed_rebound_atr_not_compressed,2017-03-29T15:05:00+00:00,2017-03-29T15:30:00+00:00,17605,signal_exit,0.14178000000009433,1.9082099596244189,False,True,1500,5.397709664759038,1.1869047851311643,-2.1561380940675297,-7.968623603800248,-0.14754219188471682,0.7384615384614597,0.20000000000131024,15.083333333333334
rsi2_m5_usd100000_smaller_stop_and_time_confirmed_rebound_atr_not_compressed,2017-03-30T07:55:00+00:00,2017-03-30T08:30:00+00:00,17803,signal_exit,-0.3115999999999051,-4.188172043009477,False,False,2100,4.810660386903758,1.5083990760977275,-0.4949230348914612,-6.431854678130523,-2.0133033530250093,0.3333333333334978,0.10000000000065512,7.916666666666667
rsi2_m5_usd100000_smaller_stop_and_time_confirmed_rebound_atr_not_compressed,2017-03-30T09:05:00+00:00,2017-03-30T09:15:00+00:00,17817,signal_exit,0.2017599999999888,2.7118279569890964,False,True,600,4.133282852807985,1.2634296191563812,-1.2893686026890412,-6.475508268322385,-0.6840617661985559,0.7837837837841568,0.10000000000065512,9.083333333333334
rsi2_m5_usd100000_smaller_stop_and_time_confirmed_rebound_atr_not_compressed,2017-03-30T12:15:00+00:00,2017-03-30T12:20:00+00:00,17855,signal_exit,0.08272000000003493,1.1118279569897167,False,True,300,3.573116581284089,1.0322433666603028,-0.8969920646991896,-4.228211025957813,-1.007847332419956,0.5483870967741473,0.30000000000196536,12.25
rsi2_m5_usd100000_smaller_stop_and_time_confirmed_rebound_atr_not_compressed,2017-03-30T12:50:00+00:00,2017-03-30T13:25:00+00:00,17862,target,0.37139315267548345,4.9851429889326635,False,True,2100,4.184853373659704,1.1710043162238908,-0.8923496612048579,-5.930343937393659,-1.8365356923768201,0.7209302325579594,0.2999999999997449,12.833333333333334
rsi2_m5_usd100000_smaller_stop_and_time_confirmed_rebound_atr_not_compressed,2017-03-30T14:05:00+00:00,2017-03-30T14:40:00+00:00,17877,signal_exit,-0.2892799999999241,-3.888172043009732,False,False,2100,6.071953915290159,1.4965380164979882,-0.9201035573993994,-3.183264275148472,0.22921811640753056,0.29999999999977794,0.20000000000131024,14.083333333333334
rsi2_m5_usd100000_smaller_stop_and_time_confirmed_rebound_atr_not_compressed,2017-03-30T15:40:00+00:00,2017-03-30T16:40:00+00:00,17896,holding_bars,-0.36389999999991574,-4.88456375838813,False,False,3600,4.619677985274647,1.129835289864901,-0.8042678528276457,-4.587629781266519,-1.787886980012058,0.3783783783782486,0.2999999999997449,15.666666666666666
rsi2_m5_usd100000_smaller_stop_and_time_confirmed_rebound_atr_not_compressed,2017-03-31T09:25:00+00:00,2017-03-31T09:45:00+00:00,18106,stop,-0.8123670984749125,-10.860522706883856,True,False,1200,3.7433629577196363,1.153240851714102,-0.04082146804529366,-1.4073728695484924,-1.9349687085770406,0.40624999999976147,0.30000000000196536,9.416666666666666
rsi2_m5_usd100000_smaller_stop_and_time_confirmed_rebound_atr_not_compressed,2017-03-31T10:05:00+00:00,2017-03-31T10:35:00+00:00,18114,signal_exit,0.2793600000001468,3.7297730307095702,False,True,1800,4.169858263446159,1.246382140455813,-0.259590003773362,-5.7034758973690405,-2.1654647688347444,0.3023255813951567,0.2999999999997449,10.083333333333334
rsi2_m5_usd100000_smaller_stop_and_time_confirmed_rebound_atr_not_compressed,2017-03-31T12:55:00+00:00,2017-03-31T13:10:00+00:00,18148,signal_exit,-0.08779999999992932,-1.1737967914429055,False,False,900,4.414666806781964,1.239087307724023,-0.3211466585356742,-2.434191659846103,-1.65348740414423,0.11290322580646317,0.20000000000131024,12.916666666666666
rsi2_m5_usd100000_smaller_stop_and_time_confirmed_rebound_atr_not_compressed,2017-03-31T14:15:00+00:00,2017-03-31T14:20:00+00:00,18164,stop,-0.9855252681234388,-13.175471498976453,True,False,300,4.900837353767861,1.280658145190167,-0.23184836631742303,-1.7000018186304946,-0.6120034798115098,0.7450980392153277,0.2999999999997449,14.25
rsi2_m5_usd100000_smaller_stop_and_time_confirmed_rebound_atr_not_compressed,2017-04-03T07:35:00+00:00,2017-04-03T07:45:00+00:00,18367,stop,-0.7900507312140455,-10.548073847984584,True,False,600,3.5889234393475125,1.2320427441032316,-0.5172141131471154,-3.17647137192765,-0.7876733560850282,0.41304347826076465,0.2999999999997449,7.583333333333333
rsi2_m5_usd100000_smaller_stop_and_time_confirmed_rebound_atr_not_compressed,2017-04-03T09:35:00+00:00,2017-04-03T10:10:00+00:00,18391,stop,-0.8231938142511706,-10.990571618840727,True,False,2100,3.8101723247749484,1.195383522677456,-0.5921168284049382,-2.875598900314869,-1.377070522126021,0.04347826086985904,0.2999999999997449,9.583333333333334
rsi2_m5_usd100000_smaller_stop_and_time_confirmed_rebound_atr_not_compressed,2017-04-03T10:25:00+00:00,2017-04-03T11:25:00+00:00,18401,holding_bars,-0.657499999999833,-8.76666666666444,False,False,3600,3.5536420508994766,1.1126141995380272,-0.700523175987529,-5.33014014991222,-1.6987723357941547,0.6666666666666666,0.09999999999843467,10.416666666666666
rsi2_m5_usd100000_smaller_stop_and_time_confirmed_rebound_atr_not_compressed,2017-04-03T13:15:00+00:00,2017-04-03T13:30:00+00:00,18435,signal_exit,-0.0052599999998884095,-0.0702269692909,False,False,900,3.4308483853136122,1.0735572135469091,-0.8423693207278361,-2.745784806444895,0.0050074290239647415,0.1578947368426281,0.2999999999997449,13.25
rsi2_m5_usd100000_smaller_stop_and_time_confirmed_rebound_atr_not_compressed,2017-04-03T14:45:00+00:00,2017-04-03T14:55:00+00:00,18453,stop,-0.8241986865348336,-11.003987804203385,True,False,600,3.916880417456927,1.1797924401183095,-0.20444459521932953,0.38396329151799097,0.6911517860146518,0.8749999999999133,0.09999999999843467,14.75
rsi2_m5_usd100000_smaller_stop_and_time_confirmed_rebound_atr_not_compressed,2017-04-03T15:15:00+00:00,2017-04-03T15:30:00+00:00,18459,signal_exit,0.09250000000008435,1.2333333333344578,False,True,900,5.255931315143862,1.4669308805877928,-0.28454682083905963,-5.34627318407733,-1.8256512935313236,0.29999999999977794,0.20000000000131024,15.25
rsi2_m5_usd100000_smaller_stop_and_time_confirmed_rebound_atr_not_compressed,2017-04-04T07:50:00+00:00,2017-04-04T08:10:00+00:00,18650,signal_exit,0.21250000000003785,2.833333333333838,False,True,1200,3.855815524430881,1.3806938474494372,-0.8608415466309839,-5.869859082087495,-1.693250286312105,0.8235294117648595,0.2999999999997449,7.833333333333333
rsi2_m5_usd100000_smaller_stop_and_time_confirmed_rebound_atr_not_compressed,2017-04-04T09:30:00+00:00,2017-04-04T09:40:00+00:00,18670,target,0.23977479325080228,3.1969972433440303,False,True,600,3.231831955003604,1.136729503335549,-0.7888820087658,-3.805838028769276,-1.162485230653976,0.26086956521722343,0.1999999999990898,9.5
rsi2_m5_usd100000_smaller_stop_and_time_confirmed_rebound_atr_not_compressed,2017-04-04T10:30:00+00:00,2017-04-04T10:35:00+00:00,18682,stop,-0.7490839839537575,-9.987786452716767,True,False,300,3.360559893025557,1.1463673009684447,-0.601538542047173,-2.9507727351124227,-0.755755632927739,0.3428571428567803,0.20000000000131024,10.5
rsi2_m5_usd100000_smaller_stop_and_time_confirmed_rebound_atr_not_compressed,2017-04-04T10:55:00+00:00,2017-04-04T11:10:00+00:00,18687,signal_exit,0.31068000000017726,4.136884154463079,False,True,900,4.508810064930548,1.434109801733781,-0.759086016690445,-7.6206937904664365,-2.260881999945296,0.19444444444441017,0.20000000000131024,10.916666666666666
rsi2_m5_usd100000_smaller_stop_and_time_confirmed_rebound_atr_not_compressed,2017-04-05T09:10:00+00:00,2017-04-05T09:15:00+00:00,18953,stop,-0.803555941982609,-10.728383738085567,True,False,300,3.729078384397912,1.41072680902884,0.4708952949397189,0.18364074305373812,-0.9610642164650244,0.5454545454548513,0.1999999999990898,9.166666666666666
rsi2_m5_usd100000_smaller_stop_and_time_confirmed_rebound_atr_not_compressed,2017-04-05T09:30:00+00:00,2017-04-05T10:00:00+00:00,18957,signal_exit,0.024700000000141553,0.3297730307095,False,True,1800,3.8115526795289933,1.4102004734727231,0.1551437132074992,-2.974534906126087,-2.087759988612323,0.031250000000195156,0.10000000000065512,9.5
rsi2_m5_usd100000_smaller_stop_and_time_confirmed_rebound_atr_not_compressed,2017-04-05T12:25:00+00:00,2017-04-05T13:25:00+00:00,18992,holding_bars,-0.6269299999999696,-8.370226969291982,False,False,3600,5.930902194873893,1.7883730868684518,-0.039467195293315015,-2.21674883268668,-1.1163460729959271,0.7311827956988631,0.20000000000131024,12.416666666666666
rsi2_m5_usd100000_smaller_stop_and_time_confirmed_rebound_atr_not_compressed,2017-04-05T13:30:00+00:00,2017-04-05T14:00:00+00:00,19005,signal_exit,0.002230000000160659,0.029773030709755125,False,True,1800,5.06260838256433,1.4440144396030692,-0.11755996357984491,-3.2088771206286766,-1.2184805301890684,0.20000000000022206,0.2999999999997449,13.5
rsi2_m5_usd100000_smaller_stop_and_time_confirmed_rebound_atr_not_compressed,2017-04-05T15:05:00+00:00,2017-04-05T15:15:00+00:00,19024,signal_exit,0.024700000000141553,0.3297730307095,False,True,600,4.80495194984104,1.2828541734765364,-0.5198307765519029,-2.128335556438752,-0.2864096859064336,0.09677419354829467,0.2999999999997449,15.083333333333334
rsi2_m5_usd100000_smaller_stop_and_time_confirmed_rebound_atr_not_compressed,2017-04-05T15:55:00+00:00,2017-04-05T16:00:00+00:00,19034,signal_exit,-0.05749999999989913,-0.7666666666653217,False,False,300,4.449832726214228,1.178175471061535,-0.47737756871064624,-3.08557573779732,-1.4014841718802653,0.5000000000003084,0.20000000000131024,15.916666666666666
rsi2_m5_usd100000_smaller_stop_and_time_confirmed_rebound_atr_not_compressed,2017-04-06T07:25:00+00:00,2017-04-06T08:25:00+00:00,19218,holding_bars,0.5735300000002317,7.636884154463804,False,True,3600,6.517869501783606,1.8306090207817585,-0.14601740576140337,-9.513102787013997,-2.209718864071724,0.6016260162601009,0.10000000000065512,7.416666666666667
rsi2_m5_usd100000_smaller_stop_and_time_confirmed_rebound_atr_not_compressed,2017-04-06T12:40:00+00:00,2017-04-06T12:55:00+00:00,19281,signal_exit,-0.0951399999999783,-1.2702269692921,False,False,900,5.148782050287524,1.290390165556356,-0.0769166476776643,-1.5818444780820373,-1.1168614389782605,0.566666666666531,0.20000000000131024,12.666666666666666
rsi2_m5_usd100000_smaller_stop_and_time_confirmed_rebound_atr_not_compressed,2017-04-06T15:25:00+00:00,2017-04-06T16:15:00+00:00,19314,signal_exit,0.025000000000141742,0.33333333333522325,False,True,3000,4.07968161324276,1.0380167028450134,-0.4420476049778935,-3.0157255535290366,-1.714805830990553,0.09302325581354519,0.2999999999997449,15.416666666666666
rsi2_m5_usd100000_smaller_stop_and_time_confirmed_rebound_atr_not_compressed,2017-04-07T07:25:00+00:00,2017-04-07T07:35:00+00:00,19497,stop,-0.772440020456655,-10.28548629103402,True,False,600,3.461185222747948,1.1822094553827396,-0.14588278911622907,-3.0678985589002163,-2.089075135820752,0.6315789473683903,0.2999999999997449,7.416666666666667
rsi2_m5_usd100000_smaller_stop_and_time_confirmed_rebound_atr_not_compressed,2017-04-07T08:50:00+00:00,2017-04-07T09:25:00+00:00,19514,signal_exit,-0.08734999999976228,-1.1631158455361155,False,False,2100,3.517556188233854,1.1573274487151386,-0.7340293434758298,-4.7718186479358184,-1.9823585159653827,0.2173913043483298,0.1999999999990898,8.833333333333334
rsi2_m5_usd100000_smaller_stop_and_time_confirmed_rebound_atr_not_compressed,2017-04-07T10:30:00+00:00,2017-04-07T11:00:00+00:00,19534,stop,-0.7005423739516532,-9.32812748271176,True,False,1800,3.0325058185872416,1.0037272843471192,-0.896752599139033,-3.3106364187014115,0.0024289379983607738,0.559999999999929,0.1999999999990898,10.5
rsi2_m5_usd100000_smaller_stop_and_time_confirmed_rebound_atr_not_compressed,2017-04-07T13:00:00+00:00,2017-04-07T13:45:00+00:00,19564,signal_exit,0.07824000000015302,1.0404255319169284,False,True,2700,9.243200644230566,2.230609514941792,-0.7385008473715974,-5.058450375444834,-1.3344341690867068,0.6388888888889802,0.2999999999997449,13.0
rsi2_m5_usd100000_smaller_stop_and_time_confirmed_rebound_atr_not_compressed,2017-04-07T14:45:00+00:00,2017-04-07T15:15:00+00:00,19585,signal_exit,-0.13983999999977287,-1.8595744680820858,False,False,1800,6.806707296925967,1.4826980672984913,-0.8567610210940828,-4.259652686349029,-1.1936516147557288,0.12499999999939285,0.2999999999997449,14.75
rsi2_m5_usd100000_smaller_stop_and_time_confirmed_rebound_atr_not_compressed,2017-04-07T15:50:00+00:00,2017-04-07T16:05:00+00:00,19598,signal_exit,-0.10963999999990964,-1.4560424966787469,False,False,900,4.942303336399601,1.0931969079892894,-0.8736821362540346,-4.514892473995329,-0.9054027337475715,0.5769230769227485,0.30000000000196536,15.833333333333334
rsi2_m5_usd100000_smaller_stop_and_time_confirmed_rebound_atr_not_compressed,2017-04-10T09:40:00+00:00,2017-04-10T10:30:00+00:00,19803,signal_exit,-0.35854999999986514,-4.74900662251477,False,False,3000,3.172415520296211,1.0680167928613262,-0.6469804594350389,-3.6264619021596074,-1.1015268570800578,0.1944444444445301,0.2999999999997449,9.666666666666666
rsi2_m5_usd100000_smaller_stop_and_time_confirmed_rebound_atr_not_compressed,2017-04-10T12:25:00+00:00,2017-04-10T12:35:00+00:00,19836,target,0.21505402169378326,2.844629916584435,False,True,600,3.0450662810416937,1.0366292200703688,-0.919659555253516,-4.417334237767501,-0.9025825596554284,0.31250000000078065,0.1999999999990898,12.416666666666666
rsi2_m5_usd100000_smaller_stop_and_time_confirmed_rebound_atr_not_compressed,2017-04-11T10:55:00+00:00,2017-04-11T11:35:00+00:00,20103,signal_exit,-0.44095999999990654,-5.856042496678706,False,False,2400,3.450179854413821,1.1891718567351912,1.3524572727384718,6.91719697437912,0.7928861487534732,0.43478260869569413,0.2999999999997449,10.916666666666666
rsi2_m5_usd100000_smaller_stop_and_time_confirmed_rebound_atr_not_compressed,2017-04-11T12:50:00+00:00,2017-04-11T13:25:00+00:00,20126,signal_exit,-0.04186999999980007,-0.5560424966772917,False,False,2100,3.018203306263715,1.0404580725675565,1.394420985304202,4.662708758121959,-0.643170520089397,0.3030303030303234,0.1999999999990898,12.833333333333334
rsi2_m5_usd100000_smaller_stop_and_time_confirmed_rebound_atr_not_compressed,2017-04-11T15:30:00+00:00,2017-04-11T16:00:00+00:00,20158,stop,-0.9405727463292102,-12.507616307569284,True,False,1800,4.574020919743403,1.3846107100238692,1.1922215804335827,5.493803202044306,0.4910484711964987,0.4482758620689919,0.2999999999997449,15.5
rsi2_m5_usd100000_smaller_stop_and_time_confirmed_rebound_atr_not_compressed,2017-04-12T09:40:00+00:00,2017-04-12T09:55:00+00:00,20372,stop,-0.7250554285907187,-9.628890153927207,True,False,900,3.186423828624271,1.242591802110727,0.8358245834117662,0.7277807683478565,-1.7517991057470343,1.0,0.20000000000131024,9.666666666666666
rsi2_m5_usd100000_smaller_stop_and_time_confirmed_rebound_atr_not_compressed,2017-04-12T10:10:00+00:00,2017-04-12T11:10:00+00:00,20378,holding_bars,-0.456019999999838,-6.0560424966777955,False,False,3600,3.487696853274647,1.3146952859782497,0.4935345017488634,-1.7285776972365465,-1.6041253840947427,0.4594594594594919,0.1999999999990898,10.166666666666666
rsi2_m5_usd100000_smaller_stop_and_time_confirmed_rebound_atr_not_compressed,2017-04-13T07:45:00+00:00,2017-04-13T08:15:00+00:00,20632,signal_exit,-0.10249999999986087,-1.3666666666648115,False,False,1800,4.192468065535195,1.228161697709207,0.6750251690450126,-1.5814430002965023,-1.4481443669486633,0.02380952380967486,0.1999999999990898,7.75
rsi2_m5_usd100000_smaller_stop_and_time_confirmed_rebound_atr_not_compressed,2017-04-13T08:45:00+00:00,2017-04-13T09:05:00+00:00,20644,signal_exit,-0.057309999999899,-0.763115845537936,False,False,1200,3.8769214606571123,1.1281278626456779,-0.1719902357416419,-2.2986045522179617,-1.1697605189455573,0.43243243243228646,0.40000000000040004,8.75
rsi2_m5_usd100000_smaller_stop_and_time_confirmed_rebound_atr_not_compressed,2017-04-13T09:45:00+00:00,2017-04-13T10:20:00+00:00,20656,signal_exit,-0.0047399999998881115,-0.0631158455377911,False,False,2100,3.620547421833771,1.0484700853826803,-0.4774720578188443,-2.736510300088909,-1.1177358542449911,0.285714285715041,0.1999999999990898,9.75
rsi2_m5_usd100000_smaller_stop_and_time_confirmed_rebound_atr_not_compressed,2017-04-13T11:55:00+00:00,2017-04-13T12:15:00+00:00,20682,signal_exit,-0.019519999999986493,-0.25957446808492673,False,False,1200,3.5823929013532334,1.0434885269412324,-0.7775271304837257,-6.003891984778543,-2.0027822852800266,0.4,0.10000000000065512,11.916666666666666
rsi2_m5_usd100000_smaller_stop_and_time_confirmed_rebound_atr_not_compressed,2017-04-13T13:55:00+00:00,2017-04-13T14:20:00+00:00,20706,signal_exit,-0.12479999999984132,-1.659574468082996,False,False,1500,4.4843716046218365,1.2418336066354716,-1.2487501499028282,-7.062293569898711,-1.568983688674128,0.8148148148148301,0.2999999999997449,13.916666666666666
rsi2_m5_usd100000_smaller_stop_and_time_confirmed_rebound_atr_not_compressed,2017-04-14T14:05:00+00:00,2017-04-14T14:35:00+00:00,20988,signal_exit,-0.23007999999986312,-3.059574468083286,False,False,1800,3.0211289432665036,1.1118422431534187,0.2341008601773359,0.2900372808045771,-0.7155908127447138,0.30769230769184786,0.5000000000010552,14.083333333333334
rsi2_m5_usd100000_smaller_stop_and_time_confirmed_rebound_atr_not_compressed,2017-04-17T07:55:00+00:00,2017-04-17T08:15:00+00:00,21188,signal_exit,-0.034779999999918154,-0.4631158455381911,False,False,1200,3.0111123513406493,1.3228737496876248,1.0955480543009708,7.505899006127596,0.6984625171922664,0.3749999999993061,0.20000000000131024,7.916666666666667
rsi2_m5_usd100000_smaller_stop_and_time_confirmed_rebound_atr_not_compressed,2017-04-17T08:35:00+00:00,2017-04-17T08:40:00+00:00,21196,stop,-0.7833224623874682,-10.430392308754568,True,False,300,3.4836382316088796,1.4541867784434892,1.546029273470652,4.611611083528185,-0.7532695439094047,0.13513513513482697,0.40000000000040004,8.583333333333334
rsi2_m5_usd100000_smaller_stop_and_time_confirmed_rebound_atr_not_compressed,2017-04-17T09:35:00+00:00,2017-04-17T09:55:00+00:00,21208,signal_exit,0.10080000000013384,1.3404255319166734,False,True,1200,3.043719127894088,1.2521599566079205,1.0311225366363392,-0.6109344134374611,-1.4853813817446655,0.3478260869569415,0.2999999999997449,9.583333333333334
rsi2_m5_usd100000_smaller_stop_and_time_confirmed_rebound_atr_not_compressed,2017-04-17T15:35:00+00:00,2017-04-17T16:00:00+00:00,21277,signal_exit,-0.22995999999986366,-3.0702269692905695,False,False,1500,3.456380621558895,1.247957115547518,2.4480931554496603,9.171583137381376,-0.32524091853253984,0.6060606060606468,0.1999999999990898,15.583333333333334
rsi2_m5_usd100000_smaller_stop_and_time_confirmed_rebound_atr_not_compressed,2017-04-18T07:25:00+00:00,2017-04-18T07:35:00+00:00,21458,signal_exit,0.09289000000008446,1.2368841544618436,False,True,600,3.435286531344249,1.3248754884389569,0.22395671145008242,0.11694604556803462,-1.0444214090761164,0.4000000000004441,0.10000000000065512,7.416666666666667
rsi2_m5_usd100000_smaller_stop_and_time_confirmed_rebound_atr_not_compressed,2017-04-18T10:25:00+00:00,2017-04-18T10:40:00+00:00,21494,signal_exit,0.025000000000141742,0.33333333333522325,False,True,900,3.303891385729707,1.1872221920061916,0.6401184942758025,1.7399250015640286,-0.827396655468673,0.03571428571451229,0.1999999999990898,10.416666666666666
rsi2_m5_usd100000_smaller_stop_and_time_confirmed_rebound_atr_not_compressed,2017-04-18T13:50:00+00:00,2017-04-18T14:10:00+00:00,21535,signal_exit,0.151560000000144,2.0262032085580746,False,True,1200,4.6933657190866676,1.338979812274712,2.3015110843909268,8.358699981427971,-0.4184260174350167,0.8478260869565323,0.1999999999990898,13.833333333333334
rsi2_m5_usd100000_smaller_stop_and_time_confirmed_rebound_atr_not_compressed,2017-04-19T08:35:00+00:00,2017-04-19T09:15:00+00:00,21757,stop,-0.8450910090891226,-11.343503477706344,True,False,2400,4.029469859659411,1.394490797962065,0.934608630934005,0.7973970018015442,-1.7663849670567784,0.5172413793104504,0.1999999999990898,8.583333333333334
rsi2_m5_usd100000_smaller_stop_and_time_confirmed_rebound_atr_not_compressed,2017-04-19T11:30:00+00:00,2017-04-19T11:50:00+00:00,21792,stop,-0.7285005363078842,-9.778530688696433,True,False,1200,3.246983465153775,1.0701117378499974,0.604220810329594,2.285191737369616,-0.39431151247829144,0.227272727272085,0.20000000000131024,11.5
rsi2_m5_usd100000_smaller_stop_and_time_confirmed_rebound_atr_not_compressed,2017-04-19T12:00:00+00:00,2017-04-19T12:10:00+00:00,21798,signal_exit,0.1054500000001814,1.4154362416131732,False,True,600,3.217733843420336,1.0573587408103875,0.6387183565203932,0.4182333938724184,-1.9797283194708788,0.45454545454563805,0.20000000000131024,12.0
rsi2_m5_usd100000_smaller_stop_and_time_confirmed_rebound_atr_not_compressed,2017-04-19T13:10:00+00:00,2017-04-19T13:25:00+00:00,21812,signal_exit,-0.04354999999980219,-0.5845637583866066,False,False,900,3.3285230746753895,1.0707237956151359,0.4246539211665929,0.5031851684119185,-1.109667409466522,0.07142857142743855,0.0,13.166666666666666
rsi2_m5_usd100000_smaller_stop_and_time_confirmed_rebound_atr_not_compressed,2017-04-19T13:45:00+00:00,2017-04-19T13:55:00+00:00,21819,stop,-0.7383170168708493,-9.897010950011383,True,False,600,3.358022901280025,1.0733818236006762,0.2251754059292338,-1.5924730440150918,-2.1244929349502417,0.06250000000034694,0.10000000000065512,13.75
rsi2_m5_usd100000_smaller_stop_and_time_confirmed_rebound_atr_not_compressed,2017-04-19T14:05:00+00:00,2017-04-19T14:30:00+00:00,21823,signal_exit,-0.19253999999995114,-2.580965147452428,False,False,1500,4.051780302047402,1.249013513625201,0.091976264947346,-2.5780486879908087,-1.5840418489195278,0.8103448275861211,0.2999999999997449,14.083333333333334
rsi2_m5_usd100000_smaller_stop_and_time_confirmed_rebound_atr_not_compressed,2017-04-19T15:05:00+00:00,2017-04-19T15:25:00+00:00,21835,stop,-0.8707835351035127,-11.672701542942528,True,False,1200,4.195868197746548,1.247207161372509,-0.2695773792497509,-0.5983955645176603,0.6267899516082809,0.9062500000007373,0.1999999999990898,15.083333333333334
rsi2_m5_usd100000_smaller_stop_and_time_confirmed_rebound_atr_not_compressed,2017-04-19T15:30:00+00:00,2017-04-19T15:40:00+00:00,21840,stop,-0.8606571058547485,-11.536958523522097,True,False,600,4.227996688035321,1.239811518940696,-0.3448062630628402,-1.9423190068718383,-0.5350240954181534,0.2702702702700919,0.0,15.5
rsi2_m5_usd100000_smaller_stop_and_time_confirmed_rebound_atr_not_compressed,2017-04-20T10:00:00+00:00,2017-04-20T10:20:00+00:00,22057,stop,-0.9109992004192564,-12.277617256324211,True,False,1200,4.491099733284514,1.397991894459419,2.970141438381385,10.293878892672554,-0.8702974021333835,0.2307692307690994,0.1999999999990898,10.0
rsi2_m5_usd100000_smaller_stop_and_time_confirmed_rebound_atr_not_compressed,2017-04-20T10:25:00+00:00,2017-04-20T11:10:00+00:00,22062,stop,-0.897755251420427,-12.082843222347604,True,False,2700,4.445526590985971,1.360183977949884,2.8674817551807377,7.978855869154995,-1.8718568973124095,0.11904761904731695,0.10000000000065512,10.416666666666666
rsi2_m5_usd100000_smaller_stop_and_time_confirmed_rebound_atr_not_compressed,2017-04-20T11:35:00+00:00,2017-04-20T12:20:00+00:00,22076,signal_exit,-0.0439699999999677,-0.5917900403764159,False,False,2700,3.7956075796456354,1.1587739204466105,1.7982489715110745,3.133452436993867,-1.4507699192075765,0.560975609756256,0.20000000000131024,11.583333333333334
rsi2_m5_usd100000_smaller_stop_and_time_confirmed_rebound_atr_not_compressed,2017-04-20T14:30:00+00:00,2017-04-20T14:40:00+00:00,22111,signal_exit,0.149210000000143,2.008209959625074,False,True,600,4.506504400007615,1.2689747652188612,1.3824818396664669,4.752925753733087,-0.45559163040933176,0.6458333333333526,0.2999999999997449,14.5
rsi2_m5_usd100000_smaller_stop_and_time_confirmed_rebound_atr_not_compressed,2017-04-21T08:00:00+00:00,2017-04-21T08:25:00+00:00,22318,signal_exit,-0.02864999999987,-0.3845637583875168,False,False,1500,4.364101365120538,1.5669717049882472,-0.03877953932320344,-0.5319923174311677,-0.38130208631163215,0.33333333333359305,0.1999999999990898,8.0
rsi2_m5_usd100000_smaller_stop_and_time_confirmed_rebound_atr_not_compressed,2017-04-21T10:25:00+00:00,2017-04-21T10:50:00+00:00,22347,signal_exit,-0.020719999999820715,-0.2773761713496749,False,False,1500,4.833945176724754,1.4493228354180618,-1.0194206409352697,-7.03279191018387,-1.318172665920121,0.6486486486487297,0.09999999999843467,10.416666666666666
rsi2_m5_usd100000_smaller_stop_and_time_confirmed_rebound_atr_not_compressed,2017-04-21T12:05:00+00:00,2017-04-21T12:20:00+00:00,22367,signal_exit,0.3079600000001763,4.122623828650285,False,True,900,4.418146285073672,1.2532297516197815,-1.3999515029335219,-6.634695813305731,-1.2356293047940476,0.4642857142854877,0.10000000000065512,12.083333333333334
rsi2_m5_usd100000_smaller_stop_and_time_confirmed_rebound_atr_not_compressed,2017-04-21T13:30:00+00:00,2017-04-21T13:45:00+00:00,22384,signal_exit,-0.08063999999988064,-1.080965147451483,False,False,900,4.406197489440913,1.206990564745706,-0.9654311970300512,-3.0604581518250225,0.5216955667121872,0.7368421052632194,0.2999999999997449,13.5
rsi2_m5_usd100000_smaller_stop_and_time_confirmed_rebound_atr_not_compressed,2017-04-21T14:55:00+00:00,2017-04-21T15:15:00+00:00,22401,signal_exit,0.031570000000024245,0.4226238286482496,False,True,1200,5.001752757855671,1.2833670401438522,-0.7969833366159469,-4.567847451290684,-1.1211852165663208,0.6739130434779881,0.30000000000196536,14.916666666666666
rsi2_m5_usd100000_smaller_stop_and_time_confirmed_rebound_atr_not_compressed,2017-04-24T08:50:00+00:00,2017-04-24T09:10:00+00:00,22614,signal_exit,0.2710400000001443,3.682608695654134,False,True,1200,7.835744710727157,1.1755707504839799,1.4672231310056132,5.787561810202081,0.06171565218527186,0.8378378378379676,0.20000000000131024,8.833333333333334
rsi2_m5_usd100000_smaller_stop_and_time_confirmed_rebound_atr_not_compressed,2017-04-25T10:05:00+00:00,2017-04-25T10:30:00+00:00,22913,stop,-0.8306336746370497,-11.316535076799042,True,False,1500,3.945869718236569,1.0935221975979308,1.643945059991378,4.338469688693233,-1.7120987773052698,0.5238095238086174,0.2999999999997449,10.083333333333334
rsi2_m5_usd100000_smaller_stop_and_time_confirmed_rebound_atr_not_compressed,2017-04-26T07:00:00+00:00,2017-04-26T07:05:00+00:00,23160,signal_exit,0.18743000000010343,2.564021887826312,False,True,300,3.9323971990750652,1.2300806880173836,1.0531413811741788,-1.009716774024848,-1.862494376712314,0.11363636363609984,0.30000000000196536,7.0
rsi2_m5_usd100000_smaller_stop_and_time_confirmed_rebound_atr_not_compressed,2017-04-26T07:30:00+00:00,2017-04-26T07:35:00+00:00,23166,stop,-0.9068804354663451,-12.40602510897873,True,False,300,4.485023498402777,1.3454841184251007,0.5960941530551409,-1.8824174422400726,-1.3145502464417214,0.22448979591843207,0.2999999999997449,7.5
rsi2_m5_usd100000_smaller_stop_and_time_confirmed_rebound_atr_not_compressed,2017-04-26T07:55:00+00:00,2017-04-26T08:35:00+00:00,23171,stop,-1.0014322954006267,-13.680769062850091,True,False,2400,5.124264312846726,1.4682566361490004,0.11760906772662469,-4.30735588783226,-1.45555892833371,0.3068181818181761,0.2999999999997449,7.916666666666667
rsi2_m5_usd100000_smaller_stop_and_time_confirmed_rebound_atr_not_compressed,2017-04-26T09:50:00+00:00,2017-04-26T10:15:00+00:00,23194,stop,-1.0353970026074384,-14.125470704057822,True,False,1500,5.3484788718111345,1.3607523458582294,-1.2059764503329413,-6.193507374355967,-1.3040269128241038,0.617647058824048,0.2999999999997449,9.833333333333334
rsi2_m5_usd100000_smaller_stop_and_time_confirmed_rebound_atr_not_compressed,2017-04-26T10:25:00+00:00,2017-04-26T10:55:00+00:00,23201,signal_exit,-0.24403999999996256,-3.324795640326465,False,False,1800,5.057590589266359,1.2741149913333956,-1.4060943175831921,-7.880412036269288,-2.034526637619739,0.8604651162791659,0.2999999999997449,10.416666666666666
rsi2_m5_usd100000_smaller_stop_and_time_confirmed_rebound_atr_not_compressed,2017-04-26T12:40:00+00:00,2017-04-26T13:10:00+00:00,23228,stop,-0.9962623603516156,-13.573056680539722,True,False,1800,5.124130520107495,1.2501185551928022,-1.3969964297173596,-6.333977330965509,-1.9055474382981301,0.5061728395062135,0.1999999999990898,12.666666666666666
rsi2_m5_usd100000_smaller_stop_and_time_confirmed_rebound_atr_not_compressed,2017-04-26T13:15:00+00:00,2017-04-26T13:40:00+00:00,23235,signal_exit,-0.17063999999980767,-2.324795640324355,False,False,1500,5.537527071969783,1.305245671583732,-1.3322705424834511,-7.117335764179753,-1.8407061890439136,0.27586206896578125,0.4999999999988347,13.25
rsi2_m5_usd100000_smaller_stop_and_time_confirmed_rebound_atr_not_compressed,2017-04-26T15:10:00+00:00,2017-04-26T15:20:00+00:00,23258,signal_exit,0.14498000000014127,1.9752043596749491,False,True,600,5.203379637122002,1.1763951753948725,-1.3180358394511797,-6.4137485421842335,-1.3779852468478606,0.43478260869569413,0.09999999999843467,15.166666666666666
rsi2_m5_usd100000_smaller_stop_and_time_confirmed_rebound_atr_not_compressed,2017-04-27T08:55:00+00:00,2017-04-27T09:25:00+00:00,23466,stop,-0.9516675667961365,-13.000923043663066,True,False,1800,4.78434130325301,1.3279532951204753,0.37633363105450124,0.20444981961949757,-0.8718724968467684,0.08823529411757022,0.2999999999997449,8.916666666666666
rsi2_m5_usd100000_smaller_stop_and_time_confirmed_rebound_atr_not_compressed,2017-04-27T11:55:00+00:00,2017-04-27T12:25:00+00:00,23502,signal_exit,-0.16329999999975958,-2.2247956403236997,False,False,1800,5.2220384977932195,1.3495058385446297,-0.3769074195707022,-3.617586581157374,-1.958800873304464,0.43548387096768415,0.2999999999997449,11.916666666666666
rsi2_m5_usd100000_smaller_stop_and_time_confirmed_rebound_atr_not_compressed,2017-04-27T13:15:00+00:00,2017-04-27T13:30:00+00:00,23518,signal_exit,0.5276500000001974,7.178911564628535,False,True,900,12.880943238660299,2.312268968432502,-0.46719451328446215,-5.540484365965443,-1.3537966486174613,0.5294117647059812,0.2999999999997449,13.25
rsi2_m5_usd100000_smaller_stop_and_time_confirmed_rebound_atr_not_compressed,2017-04-27T13:50:00+00:00,2017-04-27T14:25:00+00:00,23525,signal_exit,0.10912000000022742,1.482608695655264,False,True,2100,12.187111635973263,2.039011587109756,-0.7432208846583458,-7.227251661579908,-1.3644599024933655,0.2151898734177073,0.2999999999997449,13.833333333333334
rsi2_m5_usd100000_smaller_stop_and_time_confirmed_rebound_atr_not_compressed,2017-04-28T10:35:00+00:00,2017-04-28T10:40:00+00:00,23772,signal_exit,0.1942000000001511,2.6602739726048097,False,True,300,4.935670439861034,1.2417354417817605,2.851788480900057,12.285480000417667,0.12000613545415147,0.5416666666664739,0.1999999999990898,10.583333333333334
rsi2_m5_usd100000_smaller_stop_and_time_confirmed_rebound_atr_not_compressed,2017-04-28T11:15:00+00:00,2017-04-28T11:40:00+00:00,23780,signal_exit,0.09971000000017799,1.364021887827332,False,True,1500,5.113375156121358,1.2538399812265226,3.0868326599946143,9.830905938838711,-1.5675982193732174,0.45000000000022206,0.1999999999990898,11.25
rsi2_m5_usd100000_smaller_stop_and_time_confirmed_rebound_atr_not_compressed,2017-04-28T12:55:00+00:00,2017-04-28T13:25:00+00:00,23800,signal_exit,-0.24391999999996267,-3.3322404371579597,False,False,1800,6.486306311071683,1.454816603180546,1.8473805491159614,3.161696541637086,-2.044720878135077,0.11111111111083698,0.30000000000196536,12.916666666666666
rsi2_m5_usd100000_smaller_stop_and_time_confirmed_rebound_atr_not_compressed,2017-04-28T14:20:00+00:00,2017-04-28T14:40:00+00:00,23817,signal_exit,0.298440000000173,4.071487039565798,False,True,1200,7.073562104575829,1.4523651048334372,0.7245400859114506,0.7210421682159204,-1.3195504648446383,0.8089887640451541,0.2999999999997449,14.333333333333334
rsi2_m5_usd100000_smaller_stop_and_time_confirmed_rebound_atr_not_compressed,2017-04-28T15:05:00+00:00,2017-04-28T15:35:00+00:00,23826,signal_exit,-0.016749999999776055,-0.22851296043350688,False,False,1800,7.552537083454711,1.4763101247770811,0.38809464545676575,-1.1883760112193598,-1.589542672463529,0.34848484848505745,0.09999999999843467,15.083333333333334
rsi2_m5_usd100000_smaller_stop_and_time_confirmed_rebound_atr_not_compressed,2017-05-01T13:20:00+00:00,2017-05-01T14:00:00+00:00,24083,target,0.26532729384148035,3.6246898065776003,False,True,2400,3.5284651218665877,1.3860317534169642,1.044320669966639,4.544224587669857,0.009953328785380897,0.6562500000003904,0.2999999999997449,13.333333333333334
rsi2_m5_usd100000_smaller_stop_and_time_confirmed_rebound_atr_not_compressed,2017-05-01T14:55:00+00:00,2017-05-01T15:55:00+00:00,24102,holding_bars,-0.32443999999984,-4.432240437156284,False,False,3600,3.8277849780219957,1.3699326333202824,1.2342787746427992,5.055783720636433,0.2845287841404625,0.30769230769158507,0.2999999999997449,14.916666666666666
rsi2_m5_usd100000_smaller_stop_and_time_confirmed_rebound_atr_not_compressed,2017-05-02T07:15:00+00:00,2017-05-02T07:30:00+00:00,24292,signal_exit,0.12940000000004498,1.7677595628421443,False,True,900,4.350797078899305,1.5706129362511894,0.7236033764293764,1.5626462044774407,-0.6908744301507964,0.6901408450705767,0.2999999999997449,7.25
rsi2_m5_usd100000_smaller_stop_and_time_confirmed_rebound_atr_not_compressed,2017-05-02T08:05:00+00:00,2017-05-02T08:35:00+00:00,24302,signal_exit,0.09280000000013028,1.2677595628433096,False,True,1800,4.304732378784205,1.4751072854228795,0.4117063813086553,0.09885489099183492,-1.0005572361058426,0.4509803921567603,0.0,8.083333333333334
rsi2_m5_usd100000_smaller_stop_and_time_confirmed_rebound_atr_not_compressed,2017-05-02T11:20:00+00:00,2017-05-02T11:30:00+00:00,24341,signal_exit,0.12940000000020752,1.7677595628443648,False,True,600,3.201799268290272,1.0418554427670779,0.4086342975379551,0.31270688315287476,-1.210289630030611,0.07692307692360248,0.1999999999990898,11.333333333333334
rsi2_m5_usd100000_smaller_stop_and_time_confirmed_rebound_atr_not_compressed,2017-05-02T11:55:00+00:00,2017-05-02T12:15:00+00:00,24348,signal_exit,0.09280000000013028,1.2677595628433096,False,True,1200,3.2907573608110066,1.0624448073424537,0.23895863605312692,-0.23364761095694522,-1.1382908405098842,0.5757575757574126,0.2999999999997449,11.916666666666666
rsi2_m5_usd100000_smaller_stop_and_time_confirmed_rebound_atr_not_compressed,2017-05-03T08:30:00+00:00,2017-05-03T09:30:00+00:00,24587,holding_bars,-0.09751999999981625,-1.3322404371559597,False,False,3600,3.7029909459577204,1.398616456328797,-0.6647183447801043,-4.6500165471486135,-1.6826681615845338,0.15384615384621955,0.2999999999997449,8.5
rsi2_m5_usd100000_smaller_stop_and_time_confirmed_rebound_atr_not_compressed,2017-05-03T10:50:00+00:00,2017-05-03T11:30:00+00:00,24615,signal_exit,-0.17803999999985615,-2.432240437156505,False,False,2400,3.0356499556585894,1.0901560283866052,-0.9183815971880263,-3.506631682726228,-0.1841496090437873,0.33333333333364173,0.1999999999990898,10.833333333333334
rsi2_m5_usd100000_smaller_stop_and_time_confirmed_rebound_atr_not_compressed,2017-05-03T14:10:00+00:00,2017-05-03T14:25:00+00:00,24655,signal_exit,-0.17804000000001868,-2.4322404371587254,False,False,900,4.321251582921096,1.3203401822461294,-0.26420679585820467,-2.5026857764010817,-1.5481751433900712,0.18749999999991326,0.10000000000065512,14.166666666666666
rsi2_m5_usd100000_smaller_stop_and_time_confirmed_rebound_atr_not_compressed,2017-05-04T12:35:00+00:00,2017-05-04T12:45:00+00:00,24922,signal_exit,0.24591000000016192,3.364021887827112,False,True,600,3.9764181420171223,1.0655829549447209,1.3227008695040263,3.70388228296187,-1.3584847258817059,0.1749999999995004,0.20000000000131024,12.583333333333334
rsi2_m5_usd100000_smaller_stop_and_time_confirmed_rebound_atr_not_compressed,2017-05-04T13:30:00+00:00,2017-05-04T13:40:00+00:00,24933,signal_exit,0.03392000000023393,0.4640218878280975,False,True,600,4.5831773715522415,1.1749945234761874,1.1062358145816176,3.815995681547385,-0.24791887147405967,0.18749999999991326,0.2999999999997449,13.5
rsi2_m5_usd100000_smaller_stop_and_time_confirmed_rebound_atr_not_compressed,2017-05-05T07:45:00+00:00,2017-05-05T07:50:00+00:00,25149,signal_exit,0.09848000000017726,1.3527472527496875,False,True,300,4.311495646994085,1.3657762754862854,0.5055140742772276,-0.2873006308643504,-1.4244123540300722,0.29032258064488403,0.2999999999997449,7.75
rsi2_m5_usd100000_smaller_stop_and_time_confirmed_rebound_atr_not_compressed,2017-05-05T09:05:00+00:00,2017-05-05T09:15:00+00:00,25165,signal_exit,-0.032329999999872794,-0.44348422496396145,False,False,600,4.335645932248381,1.3007604925767506,0.008196877220871705,-2.7539101198570286,-1.6743708618866378,0.5000000000002524,0.2999999999997449,9.083333333333334
rsi2_m5_usd100000_smaller_stop_and_time_confirmed_rebound_atr_not_compressed,2017-05-05T10:00:00+00:00,2017-05-05T10:50:00+00:00,25176,signal_exit,0.09160000000012974,1.2565157750360734,False,True,3000,3.96594321218416,1.1771085143764386,-0.32548183227163313,-3.51363790256183,-1.480410341099668,0.4285714285709754,0.2999999999997449,10.0
rsi2_m5_usd100000_smaller_stop_and_time_confirmed_rebound_atr_not_compressed,2017-05-05T12:05:00+00:00,2017-05-05T12:15:00+00:00,25201,signal_exit,-0.025039999999825036,-0.34348422496330633,False,False,600,3.646074424995902,1.073072634301042,-0.6177447419757122,-2.543528084055377,-0.44464462949418554,0.2432432432430486,0.2999999999997449,12.083333333333334
rsi2_m5_usd100000_smaller_stop_and_time_confirmed_rebound_atr_not_compressed,2017-05-05T13:15:00+00:00,2017-05-05T13:50:00+00:00,25215,signal_exit,0.1931200000001507,2.6527472527493225,False,True,2100,7.884670314128261,1.8247028840303208,-0.016009634228353765,1.1303788584411958,0.39594826882396345,0.5402298850573451,0.10000000000065512,13.25
rsi2_m5_usd100000_smaller_stop_and_time_confirmed_rebound_atr_not_compressed,2017-05-08T09:30:00+00:00,2017-05-08T10:05:00+00:00,25456,signal_exit,-0.4627999999997765,-6.339726027394199,False,False,2100,5.528673819890765,1.1372103591541103,-1.007071977186653,-5.917219669006362,-1.5864234720386023,0.8750000000001157,0.1999999999990898,9.5
rsi2_m5_usd100000_smaller_stop_and_time_confirmed_rebound_atr_not_compressed,2017-05-08T12:15:00+00:00,2017-05-08T12:35:00+00:00,25489,signal_exit,0.23800000000027596,3.26027397260652,False,True,1200,4.940353262317617,1.0311417361177604,-1.0652535264918088,-5.949522276752283,-1.6364850591451978,0.30769230769227485,0.0,12.25
rsi2_m5_usd100000_smaller_stop_and_time_confirmed_rebound_atr_not_compressed,2017-05-09T08:25:00+00:00,2017-05-09T08:30:00+00:00,25728,stop,-0.8276600530799223,-11.306831326228446,True,False,300,3.93729544453562,1.2376060372592088,-1.111972161326295,-2.763208530976338,0.5742632876965981,0.06451612903195769,0.2999999999997449,8.416666666666666
rsi2_m5_usd100000_smaller_stop_and_time_confirmed_rebound_atr_not_compressed,2017-05-09T08:40:00+00:00,2017-05-09T09:05:00+00:00,25731,stop,-0.8134361722364118,-11.112516014158631,True,False,1500,3.8901377885001187,1.2153035222733868,-1.016077766535842,-4.849498676774022,-1.0993382226685953,0.2666666666656798,0.20000000000131024,8.666666666666666
rsi2_m5_usd100000_smaller_stop_and_time_confirmed_rebound_atr_not_compressed,2017-05-09T09:35:00+00:00,2017-05-09T09:55:00+00:00,25742,signal_exit,-0.03140999999970934,-0.4285129604325967,False,False,1200,4.312134632423912,1.287714981547312,-1.0550716954992767,-8.190043300341895,-1.6876889324093673,0.7435897435896998,0.2999999999997449,9.583333333333334
rsi2_m5_usd100000_smaller_stop_and_time_confirmed_rebound_atr_not_compressed,2017-05-09T10:30:00+00:00,2017-05-09T10:45:00+00:00,25753,stop,-0.9294789032701993,-12.680476170125502,True,False,900,4.675981604845574,1.3289490639237898,-1.5181173933289802,-8.042810571343528,-1.4186693504865318,0.26829268292694813,0.1999999999990898,10.5
rsi2_m5_usd100000_smaller_stop_and_time_confirmed_rebound_atr_not_compressed,2017-05-09T12:00:00+00:00,2017-05-09T12:45:00+00:00,25771,stop,-1.0306998247930739,-14.042231945409725,True,False,2700,5.408718152542066,1.4112928009849015,-1.6745077329196816,-8.308022011028761,-1.4108605606413067,0.934426229508131,0.10000000000065512,12.0
rsi2_m5_usd100000_smaller_stop_and_time_confirmed_rebound_atr_not_compressed,2017-05-09T12:50:00+00:00,2017-05-09T12:55:00+00:00,25781,signal_exit,0.19636000000015194,2.6752043596750945,False,True,300,5.543140116968563,1.3817763199797541,-1.752944634058706,-8.939236039907705,-1.3741713358616674,0.07575757575772359,0.1999999999990898,12.833333333333334
rsi2_m5_usd100000_smaller_stop_and_time_confirmed_rebound_atr_not_compressed,2017-05-09T14:30:00+00:00,2017-05-09T14:35:00+00:00,25801,signal_exit,0.1298500000002078,1.7714870395662727,False,True,300,4.840628730106195,1.174155244426153,-1.345013409954585,-4.007311570061209,0.5439987114433668,0.3255813953489573,0.1999999999990898,14.5
rsi2_m5_usd100000_smaller_stop_and_time_confirmed_rebound_atr_not_compressed,2017-05-09T15:15:00+00:00,2017-05-09T15:45:00+00:00,25810,stop,-1.0249568296305542,-13.963989504503463,True,False,1800,5.319596932089944,1.2389620660276819,-0.9675837222019855,-4.84760491078943,-1.646829152772394,0.31250000000008676,0.1999999999990898,15.25
rsi2_m5_usd100000_smaller_stop_and_time_confirmed_rebound_atr_not_compressed,2017-05-10T09:15:00+00:00,2017-05-10T09:25:00+00:00,26023,signal_exit,0.06460000000010141,0.87891156462723,False,True,600,4.399239509542635,1.2548327616802066,-0.40352031575158126,-5.9602788958546835,-1.6005495394020095,0.7857142857139836,0.20000000000131024,9.25
rsi2_m5_usd100000_smaller_stop_and_time_confirmed_rebound_atr_not_compressed,2017-05-10T09:55:00+00:00,2017-05-10T10:05:00+00:00,26031,signal_exit,0.2189500000001334,2.978911564627665,False,True,600,4.6966176639482615,1.2971918086004826,-0.8860156613276156,-7.090282932481647,-1.2929599776186418,0.42553191489339587,0.20000000000131024,9.916666666666666
rsi2_m5_usd100000_smaller_stop_and_time_confirmed_rebound_atr_not_compressed,2017-05-11T09:55:00+00:00,2017-05-11T10:10:00+00:00,26315,signal_exit,-0.11914999999979675,-1.6210884353713844,False,False,900,3.0673004948894094,1.0031534515229867,0.3631064084941917,-1.273398454316713,-1.413204912343215,0.6153846153845497,0.1999999999990898,9.916666666666666
rsi2_m5_usd100000_smaller_stop_and_time_confirmed_rebound_atr_not_compressed,2017-05-11T11:55:00+00:00,2017-05-11T11:55:00+00:00,26339,stop,-0.7767288473215725,-10.567739419341123,True,False,0,3.6233254919845073,1.1503587540676927,-0.325733815142773,-2.2756332152851084,-1.4872849449728724,0.30909090909101183,0.1999999999990898,11.916666666666666
rsi2_m5_usd100000_smaller_stop_and_time_confirmed_rebound_atr_not_compressed,2017-05-11T12:05:00+00:00,2017-05-11T12:15:00+00:00,26341,stop,-0.8695662428519142,-11.814758734401007,True,False,600,4.198683715027553,1.292741702140016,-0.38091751851746763,-3.9633180812696547,-2.0417999728824903,0.6730769230765371,0.2999999999997449,12.083333333333334
rsi2_m5_usd100000_smaller_stop_and_time_confirmed_rebound_atr_not_compressed,2017-05-11T12:25:00+00:00,2017-05-11T12:30:00+00:00,26345,stop,-1.0241284345609614,-13.91478851305654,True,False,300,5.198698604354826,1.51323576462257,-0.54179347952644,-6.1721282672932505,-1.9161772941893727,0.577319587628807,0.40000000000040004,12.416666666666666
rsi2_m5_usd100000_smaller_stop_and_time_confirmed_rebound_atr_not_compressed,2017-05-12T07:05:00+00:00,2017-05-12T07:35:00+00:00,26563,stop,-0.69661946598893,-9.477815863794966,True,False,1800,3.0783637142116476,1.2943211978829505,0.08931391856912681,-2.2063562326007706,-1.8312740275818815,0.3918918918920784,0.1999999999990898,7.083333333333333
rsi2_m5_usd100000_smaller_stop_and_time_confirmed_rebound_atr_not_compressed,2017-05-16T09:20:00+00:00,2017-05-16T09:25:00+00:00,27150,signal_exit,0.14028000000013935,1.9375690607754052,False,True,300,5.346963977535336,1.62237718878094,3.375402037247939,11.557164826863865,-0.5737656910317739,0.2666666666662226,0.10000000000065512,9.333333333333334
rsi2_m5_usd100000_smaller_stop_and_time_confirmed_rebound_atr_not_compressed,2017-05-16T13:25:00+00:00,2017-05-16T14:25:00+00:00,27199,holding_bars,-0.3153599999999553,-4.373925104021571,False,False,3600,5.810574051209676,1.447033025855923,3.1499999606586173,13.439509228465267,0.6826218343066993,0.3050847457624057,0.20000000000131024,13.416666666666666
rsi2_m5_usd100000_smaller_stop_and_time_confirmed_rebound_atr_not_compressed,2017-05-16T15:30:00+00:00,2017-05-16T15:35:00+00:00,27224,signal_exit,0.20432000000008374,2.829916897508085,False,True,300,5.236110198038611,1.2349159558151936,2.7091422962841523,8.687534673803722,-1.1130962725617473,0.05555555555550987,0.20000000000131024,15.5
rsi2_m5_usd100000_smaller_stop_and_time_confirmed_rebound_atr_not_compressed,2017-05-17T07:25:00+00:00,2017-05-17T08:05:00+00:00,27414,signal_exit,-0.22159999999982177,-3.077777777775302,False,False,2400,6.576471792303143,1.708382412026007,1.3034468788132179,1.038520192444915,-1.9476344042048424,0.09523809523808517,0.2999999999997449,7.416666666666667
rsi2_m5_usd100000_smaller_stop_and_time_confirmed_rebound_atr_not_compressed,2017-05-17T13:15:00+00:00,2017-05-17T13:50:00+00:00,27484,signal_exit,-0.4588399999999395,-6.381641168288449,False,False,2100,5.906467151083738,1.31337981278898,0.9857757540100678,3.718093876593076,-0.21170713621177537,0.8444444444446418,0.1999999999990898,13.25
rsi2_m5_usd100000_smaller_stop_and_time_confirmed_rebound_atr_not_compressed,2017-05-17T15:25:00+00:00,2017-05-17T15:30:00+00:00,27510,target,0.5988040304111115,8.351520647295837,False,True,300,5.870460463116292,1.2076081687236695,1.541930146268109,6.971500801885045,0.22947660237973494,0.13157894736868248,0.1999999999990898,15.416666666666666
rsi2_m5_usd100000_smaller_stop_and_time_confirmed_rebound_atr_not_compressed,2017-05-17T15:55:00+00:00,2017-05-17T16:10:00+00:00,27516,signal_exit,0.1374600000001382,1.914484679667663,False,True,900,5.898400910429908,1.1938580645074857,1.7636226705016613,5.1585237435774625,-1.9200820008737483,0.35999999999957366,0.10000000000065512,15.916666666666666
rsi2_m5_usd100000_smaller_stop_and_time_confirmed_rebound_atr_not_compressed,2017-05-18T09:30:00+00:00,2017-05-18T09:40:00+00:00,27726,stop,-1.203554499263645,-16.76259748278057,True,False,600,6.688541081223714,1.449989323795917,-0.44926300743711767,-3.725401913105768,-1.5307102474698036,0.5576923076922748,0.20000000000131024,9.5
rsi2_m5_usd100000_smaller_stop_and_time_confirmed_rebound_atr_not_compressed,2017-05-18T09:50:00+00:00,2017-05-18T10:05:00+00:00,27730,signal_exit,0.42553000000010677,5.918358831712194,False,True,900,7.189111875802582,1.505334106752856,-0.5705684536598539,-5.667773313024775,-1.8663575712156222,0.7457627118642856,0.10000000000065512,9.833333333333334
rsi2_m5_usd100000_smaller_stop_and_time_confirmed_rebound_atr_not_compressed,2017-05-18T11:50:00+00:00,2017-05-18T12:10:00+00:00,27754,signal_exit,0.09438000000017482,1.314484679668173,False,True,1200,5.810324402747066,1.200067211437858,-0.5258599521506284,-3.4743986841664,-1.4096685306681256,0.681818181818113,0.10000000000065512,11.833333333333334
rsi2_m5_usd100000_smaller_stop_and_time_confirmed_rebound_atr_not_compressed,2017-05-18T12:45:00+00:00,2017-05-18T13:15:00+00:00,27765,signal_exit,-0.35098999999987157,-4.881641168287505,False,False,1800,6.650285872824377,1.3116165650221787,-0.4750052666965539,-4.202267683209771,-1.5035351187919754,0.5094339622642142,0.1999999999990898,12.75
rsi2_m5_usd100000_smaller_stop_and_time_confirmed_rebound_atr_not_compressed,2017-05-22T07:05:00+00:00,2017-05-22T07:20:00+00:00,28264,signal_exit,-0.06433999999990397,-0.9011204481779268,False,False,900,4.095365871132419,1.230325788619504,0.20123867053213598,-0.431217613356561,-1.237389113114406,0.30769230769257044,0.09999999999843467,7.083333333333333
rsi2_m5_usd100000_smaller_stop_and_time_confirmed_rebound_atr_not_compressed,2017-05-22T07:50:00+00:00,2017-05-22T08:45:00+00:00,28273,stop,-1.0718109216393643,-14.99036254041069,True,False,3300,5.79657987160522,1.5760947642020846,0.010940019757120025,-3.116351318952107,-1.5253470041224437,0.9027777777780434,0.1999999999990898,7.833333333333333
rsi2_m5_usd100000_smaller_stop_and_time_confirmed_rebound_atr_not_compressed,2017-05-22T08:55:00+00:00,2017-05-22T09:05:00+00:00,28286,signal_exit,-0.014099999999893476,-0.19720279720130734,False,False,600,4.97843542178725,1.3126213244188663,-0.6846830354533743,-4.873422074906486,-0.91972660819351,0.8541666666670426,0.20000000000131024,8.916666666666666
rsi2_m5_usd100000_smaller_stop_and_time_confirmed_rebound_atr_not_compressed,2017-05-22T15:35:00+00:00,2017-05-22T16:00:00+00:00,28366,signal_exit,-0.08623999999972837,-1.212939521796461,False,False,1500,5.327430205644413,1.0743639905355191,1.8960175482706467,4.198922754994202,-1.5201560987160583,0.2702702702702541,0.09999999999843467,15.583333333333334
rsi2_m5_usd100000_smaller_stop_and_time_confirmed_rebound_atr_not_compressed,2017-05-23T08:10:00+00:00,2017-05-23T08:30:00+00:00,28564,signal_exit,0.16920000000005395,2.3830985915500555,False,True,1200,7.739326322939953,1.8007059398983272,0.18805756662534476,2.373058139133376,0.44707392099971704,0.9375000000001388,0.1999999999990898,8.166666666666666
rsi2_m5_usd100000_smaller_stop_and_time_confirmed_rebound_atr_not_compressed,2017-05-23T10:30:00+00:00,2017-05-23T10:55:00+00:00,28592,stop,-0.9141265743066216,-12.875022173332699,True,False,1500,4.729060382441901,1.0789233182939306,0.6590240123322988,1.5333572831977045,-0.9397568194199328,0.23255813953489574,0.1999999999990898,10.5
rsi2_m5_usd100000_smaller_stop_and_time_confirmed_rebound_atr_not_compressed,2017-05-23T11:05:00+00:00,2017-05-23T11:35:00+00:00,28599,stop,-0.9122083193434216,-12.829934167980614,True,False,1800,4.708497323091389,1.0673796610806494,0.5037764014000419,-0.5631286158504109,-1.7201212747892496,0.3030303030303234,0.1999999999990898,11.083333333333334
rsi2_m5_usd100000_smaller_stop_and_time_confirmed_rebound_atr_not_compressed,2017-05-23T12:05:00+00:00,2017-05-23T12:25:00+00:00,28611,signal_exit,-0.1359199999997383,-1.9089887640412684,False,False,1200,5.2232078639416075,1.1567388665460572,-0.18319371890992847,-4.3499375140484275,-1.7575497690123882,0.45454545454516615,0.2999999999997449,12.083333333333334
rsi2_m5_usd100000_smaller_stop_and_time_confirmed_rebound_atr_not_compressed,2017-05-23T14:25:00+00:00,2017-05-23T14:45:00+00:00,28639,signal_exit,0.006480000000246011,0.09101123595851138,False,True,1200,5.634604203957166,1.1818809564758483,-0.4376297447499785,-3.894903982630085,-1.693439296616058,0.11111111111124818,0.1999999999990898,14.416666666666666
rsi2_m5_usd100000_smaller_stop_and_time_confirmed_rebound_atr_not_compressed,2017-05-24T09:10:00+00:00,2017-05-24T09:30:00+00:00,28863,stop,-0.8969938069701195,-12.562938472970862,True,False,1200,4.530909012397049,1.208316715435732,-0.42177649058379585,-1.2665902518439502,0.02329473493075451,0.07692307692298933,0.2999999999997449,9.166666666666666
rsi2_m5_usd100000_smaller_stop_and_time_confirmed_rebound_atr_not_compressed,2017-05-24T09:35:00+00:00,2017-05-24T10:15:00+00:00,28868,signal_exit,0.13605000000013762,1.9027972027991273,False,True,2400,4.429406088125397,1.1737705537753778,-0.35874090364378985,-3.18195882702158,-1.5303646699526114,0.29629629629660087,0.1999999999990898,9.583333333333334
rsi2_m5_usd100000_smaller_stop_and_time_confirmed_rebound_atr_not_compressed,2017-05-24T15:05:00+00:00,2017-05-24T15:30:00+00:00,28934,stop,-1.0142696697002378,-14.205457558826858,True,False,1500,5.452168555324432,1.1958606660656204,0.04087512416737826,-1.040253781849521,-1.3704194089807407,0.15217391304354122,0.10000000000065512,15.083333333333334
rsi2_m5_usd100000_smaller_stop_and_time_confirmed_rebound_atr_not_compressed,2017-05-25T09:15:00+00:00,2017-05-25T09:35:00+00:00,29151,stop,-0.941951401185736,-13.248261620052546,True,False,1200,4.867661049127355,1.2553222869244771,1.0898307167976775,1.4851942779391358,-2.086062710713163,0.24137931034477478,0.2999999999997449,9.25
rsi2_m5_usd100000_smaller_stop_and_time_confirmed_rebound_atr_not_compressed,2017-05-25T10:15:00+00:00,2017-05-25T10:50:00+00:00,29163,signal_exit,-0.3067999999997511,-4.308988764041448,False,False,2100,4.8604009330500775,1.2165610938483022,0.47678688534635644,-1.808416577829948,-1.2596322242682751,0.4358974358973191,0.2999999999997449,10.25
rsi2_m5_usd100000_smaller_stop_and_time_confirmed_rebound_atr_not_compressed,2017-05-25T11:25:00+00:00,2017-05-25T12:10:00+00:00,29177,signal_exit,-0.09319999999993273,-1.308988764043999,False,False,2700,4.5269774408081105,1.1238111058905778,-0.39807345394928845,-2.8241411051254253,-1.0189160621753184,0.5833333333329478,0.20000000000131024,11.416666666666666
rsi2_m5_usd100000_smaller_stop_and_time_confirmed_rebound_atr_not_compressed,2017-05-25T12:35:00+00:00,2017-05-25T12:40:00+00:00,29191,stop,-0.8227895576848496,-11.539825493476151,True,False,300,4.067388202560276,1.019042992163148,-0.6244314171855854,-3.5192594125691845,-1.4717631393790536,0.25000000000034694,0.1999999999990898,12.583333333333334
rsi2_m5_usd100000_smaller_stop_and_time_confirmed_rebound_atr_not_compressed,2017-05-25T12:50:00+00:00,2017-05-25T13:05:00+00:00,29194,target,0.4360381917765148,6.115542661662199,False,True,900,4.760295875009129,1.160272317121508,-0.6981473461720109,-4.8489897654478336,-1.7405722075269452,0.8653846153846072,0.1999999999990898,12.833333333333334
rsi2_m5_usd100000_smaller_stop_and_time_confirmed_rebound_atr_not_compressed,2017-05-25T14:40:00+00:00,2017-05-25T15:05:00+00:00,29216,target,0.41621893149971334,5.837572671805236,False,True,1500,4.621310880080786,1.10586121581381,-0.5442986166521638,-2.6003531068696564,-0.9847409847422465,0.22033898305075178,0.1999999999990898,14.666666666666666
rsi2_m5_usd100000_smaller_stop_and_time_confirmed_rebound_atr_not_compressed,2017-05-26T09:15:00+00:00,2017-05-26T09:45:00+00:00,29433,stop,-0.8851370634707212,-12.43170032964496,True,False,1800,4.461355782800453,1.217397365221833,0.9158679859616253,2.9827151813087505,-0.7514448092587495,0.12195121951190452,0.30000000000196536,9.25
rsi2_m5_usd100000_smaller_stop_and_time_confirmed_rebound_atr_not_compressed,2017-05-26T09:55:00+00:00,2017-05-26T10:00:00+00:00,29441,signal_exit,-0.03623999999987576,-0.5089887640431989,False,False,300,4.085662236230386,1.114533917219304,0.8115290125531337,1.078238523549767,-1.433982249426326,0.4736842105272999,0.2999999999997449,9.916666666666666
rsi2_m5_usd100000_smaller_stop_and_time_confirmed_rebound_atr_not_compressed,2017-05-26T11:35:00+00:00,2017-05-26T11:40:00+00:00,29461,signal_exit,0.006770000000088039,0.09495091164218848,False,True,300,4.4904445774595745,1.1875494652409069,0.3668026058771184,-1.3609198235907098,-1.6184725038756,0.37735849056605353,0.10000000000065512,11.583333333333334
rsi2_m5_usd100000_smaller_stop_and_time_confirmed_rebound_atr_not_compressed,2017-05-26T12:05:00+00:00,2017-05-26T12:20:00+00:00,29467,signal_exit,0.1427200000001842,1.998879551823308,False,True,900,4.785879979919187,1.2342924305030598,0.08848896106288053,-4.878294590058762,-1.7922724527649279,0.3333333333339501,0.1999999999990898,12.083333333333334
rsi2_m5_usd100000_smaller_stop_and_time_confirmed_rebound_atr_not_compressed,2017-05-26T12:50:00+00:00,2017-05-26T13:05:00+00:00,29476,stop,-1.055837449434326,-14.787639347819688,True,False,900,5.743259449821144,1.3927782134376867,-0.5895439460597797,-6.186630616115239,-1.4648836613062026,0.48275862068935155,0.10000000000065512,12.833333333333334
rsi2_m5_usd100000_smaller_stop_and_time_confirmed_rebound_atr_not_compressed,2017-05-26T13:20:00+00:00,2017-05-26T14:05:00+00:00,29482,signal_exit,-0.14994999999983089,-2.097202797200432,False,False,2700,6.551133722148337,1.509312831873281,-1.0978263328269144,-8.565201061434559,-1.5966362836991959,0.7931034482760205,0.1999999999990898,13.333333333333334
rsi2_m5_usd100000_smaller_stop_and_time_confirmed_rebound_atr_not_compressed,2017-05-26T15:25:00+00:00,2017-05-26T15:50:00+00:00,29507,stop,-1.01468362126072,-14.191379318331748,True,False,1500,5.397088260565954,1.181305321186511,-1.3791213487033962,-5.0388360675312605,-0.12359379012292941,0.3333333333333333,0.1999999999990898,15.416666666666666
rsi2_m5_usd100000_smaller_stop_and_time_confirmed_rebound_atr_not_compressed,2017-05-26T15:55:00+00:00,2017-05-26T16:35:00+00:00,29513,signal_exit,-0.18569999999990633,-2.597202797201487,False,False,2400,5.129483900454972,1.1217300901061957,-1.2326000987116696,-6.3870122068459345,-2.0231626664700895,0.32558139534878916,0.1999999999990898,15.916666666666666
rsi2_m5_usd100000_smaller_stop_and_time_confirmed_rebound_atr_not_compressed,2017-05-29T07:10:00+00:00,2017-05-29T07:25:00+00:00,29684,target,0.1897799157278592,2.654264555634394,False,True,900,3.025733676417335,1.0858354540878867,-0.5104176893769542,-1.9575442445992575,-0.2411525718450829,0.42857142857160985,0.1999999999990898,7.166666666666667
rsi2_m5_usd100000_smaller_stop_and_time_confirmed_rebound_atr_not_compressed,2017-05-29T09:15:00+00:00,2017-05-29T09:55:00+00:00,29709,signal_exit,-0.04291999999976365,-0.6011204481759614,False,False,2400,3.2409362118599323,1.0964900587731332,0.36143149444063233,1.4539035049380422,-0.2635587702173948,0.2692307692306707,0.1999999999990898,9.25
rsi2_m5_usd100000_smaller_stop_and_time_confirmed_rebound_atr_not_compressed,2017-05-29T14:40:00+00:00,2017-05-29T14:55:00+00:00,29774,target,0.20988080072437706,2.9353958143269514,False,True,900,3.1662993057632094,1.0701962227690212,-0.1176336304436113,-3.141990439452886,-1.4948770299406864,0.1153846153854037,0.1999999999990898,14.666666666666666
rsi2_m5_usd100000_smaller_stop_and_time_confirmed_rebound_atr_not_compressed,2017-05-30T11:10:00+00:00,2017-05-30T11:40:00+00:00,30015,target,0.42429329811938676,5.925884051946742,False,True,1800,4.6095900706658215,1.2432852390645215,0.8773606243427129,1.3725249408384836,-1.6488418502330564,0.5999999999999013,0.10000000000065512,11.166666666666666
rsi2_m5_usd100000_smaller_stop_and_time_confirmed_rebound_atr_not_compressed,2017-05-30T14:55:00+00:00,2017-05-30T15:25:00+00:00,30060,signal_exit,-0.07147999999995075,-1.001120448178582,False,False,1800,6.924770581741254,1.3045188638333938,1.2999857218236783,4.416592450331413,-0.6402226133929656,0.08333333333311746,0.20000000000131024,14.916666666666666
rsi2_m5_usd100000_smaller_stop_and_time_confirmed_rebound_atr_not_compressed,2017-05-31T13:30:00+00:00,2017-05-31T13:40:00+00:00,30329,target,0.4207198845964204,5.908987143208151,False,True,600,4.658987953626273,1.0927857104356773,1.9446332333272773,7.2543966995257065,0.3192936462632452,0.6923076923074734,0.20000000000131024,13.5
rsi2_m5_usd100000_smaller_stop_and_time_confirmed_rebound_atr_not_compressed,2017-05-31T14:45:00+00:00,2017-05-31T14:50:00+00:00,30344,signal_exit,0.07729000000023784,1.0870604782030637,False,True,300,6.193975562163413,1.325590858917109,1.8518654667707168,6.79914268867015,-0.18650799746153826,0.8666666666668887,0.1999999999990898,14.75
rsi2_m5_usd100000_smaller_stop_and_time_confirmed_rebound_atr_not_compressed,2017-05-31T15:35:00+00:00,2017-05-31T16:35:00+00:00,30354,holding_bars,-0.9109999999999217,-12.81293952179918,False,False,3600,7.335808622267794,1.452115606649679,1.8842465777824777,7.602193517942549,0.4192786259517037,0.6304347826083074,0.20000000000131024,15.583333333333334
rsi2_m5_usd100000_smaller_stop_and_time_confirmed_rebound_atr_not_compressed,2017-06-01T08:40:00+00:00,2017-06-01T08:50:00+00:00,30558,signal_exit,0.21238000000017562,2.987060478202189,False,True,600,4.716566554444136,1.2570571714534515,0.039090351725878957,-2.166703058700537,-1.8675048594023924,0.44827586206864867,0.2999999999997449,8.666666666666666
rsi2_m5_usd100000_smaller_stop_and_time_confirmed_rebound_atr_not_compressed,2017-06-01T12:30:00+00:00,2017-06-01T12:50:00+00:00,30604,signal_exit,0.21354000000017612,2.9949509116434236,False,True,1200,5.1587306403890665,1.2509991325599759,-0.6283674436319043,-5.499631158654918,-1.877045140770802,0.5283018867926426,0.4999999999988347,12.5
rsi2_m5_usd100000_smaller_stop_and_time_confirmed_rebound_atr_not_compressed,2017-06-01T15:20:00+00:00,2017-06-01T16:20:00+00:00,30638,holding_bars,-0.38511999999994795,-5.408988764044213,False,False,3600,4.850173293749697,1.131056328807991,-0.41995458485852,-2.1998141276010412,-1.1513763418011567,0.24074074074067983,0.20000000000131024,15.333333333333334
rsi2_m5_usd100000_smaller_stop_and_time_confirmed_rebound_atr_not_compressed,2017-06-02T08:05:00+00:00,2017-06-02T08:15:00+00:00,30830,signal_exit,0.07768000000008007,1.0910112359561808,False,True,600,3.6075700164900932,1.3774114060425864,0.11817947005504562,-0.21613660466895676,-0.6200682472368496,0.6444444444441374,0.0,8.083333333333334
rsi2_m5_usd100000_smaller_stop_and_time_confirmed_rebound_atr_not_compressed,2017-06-02T08:55:00+00:00,2017-06-02T09:55:00+00:00,30840,holding_bars,-0.4563199999999401,-6.408988764044103,False,False,3600,3.4822007643928816,1.2919086227345942,0.23233845353771457,0.8528732524326836,-0.0791875636253265,0.50000000000037,0.2999999999997449,8.916666666666666
rsi2_m5_usd100000_smaller_stop_and_time_confirmed_rebound_atr_not_compressed,2017-06-02T10:55:00+00:00,2017-06-02T11:15:00+00:00,30864,stop,-0.7035036309518528,-9.880668974042875,True,False,1200,3.285840104999724,1.175251256396582,0.11731446980975575,-0.296569346367899,-1.2550390671133536,0.18749999999982653,0.10000000000065512,10.916666666666666
rsi2_m5_usd100000_smaller_stop_and_time_confirmed_rebound_atr_not_compressed,2017-06-02T11:25:00+00:00,2017-06-02T11:55:00+00:00,30870,stop,-0.7449303423597946,-10.46250480842408,True,False,1800,3.5267580221908337,1.2315755204847283,0.007534768123761679,-1.756314228912064,-1.7666004031550375,0.5454545454548513,0.1999999999990898,11.416666666666666
rsi2_m5_usd100000_smaller_stop_and_time_confirmed_rebound_atr_not_compressed,2017-06-02T12:05:00+00:00,2017-06-02T12:10:00+00:00,30878,target,0.2846608522215184,3.992438320077396,False,True,300,3.6987437042181552,1.2580036440178666,-0.23433990379723682,-3.4044882964141476,-1.5127282022299793,0.7714285714283902,0.20000000000131024,12.083333333333334
rsi2_m5_usd100000_smaller_stop_and_time_confirmed_rebound_atr_not_compressed,2017-06-02T14:40:00+00:00,2017-06-02T14:45:00+00:00,30909,signal_exit,0.23249000000015704,3.279125528916178,False,True,300,7.6148163185972,1.6213498058396774,2.196705260049188,7.202389308237297,-0.6838712680084887,0.3023255813953128,0.20000000000131024,14.666666666666666
rsi2_m5_usd100000_smaller_stop_and_time_confirmed_rebound_atr_not_compressed,2017-06-05T08:05:00+00:00,2017-06-05T08:45:00+00:00,31103,signal_exit,-0.2708999999998348,-3.820874471083706,False,False,2400,4.291542324515421,1.2707761700671534,0.27645460949776574,1.100488973723063,0.004232617054291146,0.6666666666665296,0.10000000000065512,8.083333333333334
rsi2_m5_usd100000_smaller_stop_and_time_confirmed_rebound_atr_not_compressed,2017-06-05T10:35:00+00:00,2017-06-05T10:45:00+00:00,31133,stop,-0.8728409968442417,-12.293535166820305,True,False,600,4.43831687918604,1.2442235870763125,-0.126666763975354,-4.988423515871001,-2.499538654870206,0.6428571428573316,0.1999999999990898,10.583333333333334
rsi2_m5_usd100000_smaller_stop_and_time_confirmed_rebound_atr_not_compressed,2017-06-05T10:55:00+00:00,2017-06-05T11:20:00+00:00,31137,signal_exit,0.027200000000069557,0.3830985915502754,False,True,1500,4.867648073366278,1.3256154981422936,-0.4056338920104401,-6.284643967194603,-1.6841266117783085,0.6862745098040496,0.10000000000065512,10.916666666666666
rsi2_m5_usd100000_smaller_stop_and_time_confirmed_rebound_atr_not_compressed,2017-06-05T12:40:00+00:00,2017-06-05T13:00:00+00:00,31158,stop,-0.8606294170965765,-12.121541085867275,True,False,1200,4.302319838709649,1.1449478936071893,-1.1653992905305997,-3.811219559128147,0.47488427071647393,0.8285714285709754,0.2999999999997449,12.666666666666666
rsi2_m5_usd100000_smaller_stop_and_time_confirmed_rebound_atr_not_compressed,2017-06-05T14:05:00+00:00,2017-06-05T14:30:00+00:00,31175,signal_exit,-0.10059999999982178,-1.416901408448194,False,False,1500,4.468927519103036,1.149291651016777,-0.7295340989783773,-2.477705590993795,0.25272646332802445,0.04166666666662812,0.2999999999997449,14.083333333333334
rsi2_m5_usd100000_smaller_stop_and_time_confirmed_rebound_atr_not_compressed,2017-06-06T07:35:00+00:00,2017-06-06T08:00:00+00:00,31378,signal_exit,-0.029599999999987248,-0.4169014084505246,False,False,1500,4.536178861219232,1.5875174807474088,0.28266075710665595,-5.673552107991099,-1.9821140404238373,0.5102040816322646,0.20000000000131024,7.583333333333333
rsi2_m5_usd100000_smaller_stop_and_time_confirmed_rebound_atr_not_compressed,2017-06-06T09:25:00+00:00,2017-06-06T09:35:00+00:00,31400,signal_exit,-0.07929999999983989,-1.116901408448449,False,False,600,3.70718448025939,1.2419091266299518,-0.9813235508678562,-4.299712017597989,-1.0707848126423878,0.4615384615387681,0.0,9.416666666666666
rsi2_m5_usd100000_smaller_stop_and_time_confirmed_rebound_atr_not_compressed,2017-06-06T11:10:00+00:00,2017-06-06T11:30:00+00:00,31421,target,0.28057001384021585,3.9516903357776876,False,True,1200,3.7342958721131563,1.2067700637089929,-0.93020751583573,-4.806873495056962,-1.9645168515442772,0.5428571428567803,0.2999999999997449,11.166666666666666
rsi2_m5_usd100000_smaller_stop_and_time_confirmed_rebound_atr_not_compressed,2017-06-06T12:45:00+00:00,2017-06-06T13:05:00+00:00,31440,signal_exit,0.14790000000007203,2.08309859155031,False,True,1200,4.710372372193886,1.3623331685047388,-0.4662520684007858,-1.7847783268350932,-0.19092218577660813,0.5217391304349295,0.20000000000131024,12.75
rsi2_m5_usd100000_smaller_stop_and_time_confirmed_rebound_atr_not_compressed,2017-06-07T07:30:00+00:00,2017-06-07T08:10:00+00:00,31660,signal_exit,0.01979000000002301,0.2791255289142879,False,True,2400,4.283109519972272,1.5467005093787434,-0.12374408106354572,-4.231304101574911,-1.7719939540280845,0.500000000000427,0.2999999999997449,7.5
rsi2_m5_usd100000_smaller_stop_and_time_confirmed_rebound_atr_not_compressed,2017-06-07T10:10:00+00:00,2017-06-07T10:10:00+00:00,31692,stop,-0.8399550398112652,-11.847038643318268,True,False,0,4.213082086117106,1.3249983079960865,-0.09775610951110633,-0.24601902417225674,-0.17391422795389008,0.2142857142854877,0.1999999999990898,10.166666666666666
rsi2_m5_usd100000_smaller_stop_and_time_confirmed_rebound_atr_not_compressed,2017-06-07T10:40:00+00:00,2017-06-07T11:40:00+00:00,31698,holding_bars,0.027840000000069753,0.3910112359560358,False,True,3600,8.807434021300784,2.1626350515062502,-0.5980560699267317,-12.434784268111933,-1.7727217699026758,0.590361445783068,0.10000000000065512,10.666666666666666
rsi2_m5_usd100000_smaller_stop_and_time_confirmed_rebound_atr_not_compressed,2017-06-07T15:25:00+00:00,2017-06-07T15:50:00+00:00,31755,stop,-1.229715659673143,-17.319938868635813,True,False,1500,6.951518730094005,1.3171207869830077,0.17264738233362167,0.13282758132963812,-0.7978851072553832,0.6000000000004845,0.1999999999990898,15.416666666666666
rsi2_m5_usd100000_smaller_stop_and_time_confirmed_rebound_atr_not_compressed,2017-06-08T07:05:00+00:00,2017-06-08T07:15:00+00:00,31942,signal_exit,0.2544000000001392,3.5830985915512557,False,True,600,3.822570678829242,1.1055687811953545,0.20961344753688518,-0.9027965565481922,-1.6604920085899268,0.11764705882342696,0.20000000000131024,7.083333333333333
rsi2_m5_usd100000_smaller_stop_and_time_confirmed_rebound_atr_not_compressed,2017-06-08T08:40:00+00:00,2017-06-08T09:05:00+00:00,31961,signal_exit,-0.07219999999995103,-1.0169014084500143,False,False,1500,4.285233344250605,1.1750684879700668,0.020672422924917715,-2.020980085019646,-2.1121867062569435,0.12903225806463164,0.1999999999990898,8.666666666666666
rsi2_m5_usd100000_smaller_stop_and_time_confirmed_rebound_atr_not_compressed,2017-06-08T09:20:00+00:00,2017-06-08T09:55:00+00:00,31969,stop,-0.9441526567869316,-13.29792474347791,True,False,2100,4.890511667514854,1.2861082776095518,-0.16339123382571638,-3.27651468886105,-1.5882267249241606,0.4146341463414502,0.2999999999997449,9.333333333333334
rsi2_m5_usd100000_smaller_stop_and_time_confirmed_rebound_atr_not_compressed,2017-06-08T10:05:00+00:00,2017-06-08T11:05:00+00:00,31978,holding_bars,-0.20710999999973084,-2.9129395217964955,False,False,3600,4.897558260014062,1.2583696208327522,-0.5671684665954416,-5.056977051716229,-1.7834206607560015,0.31111111111113304,0.1999999999990898,10.083333333333334
rsi2_m5_usd100000_smaller_stop_and_time_confirmed_rebound_atr_not_compressed,2017-06-08T12:10:00+00:00,2017-06-08T12:20:00+00:00,32003,signal_exit,0.24082000000020407,3.387060478202589,False,True,600,7.973055669244849,1.733918585047371,-0.9178962206072868,-5.366788794624713,-1.8647927503411026,0.13333333333336153,0.09999999999843467,12.166666666666666
rsi2_m5_usd100000_smaller_stop_and_time_confirmed_rebound_atr_not_compressed,2017-06-08T14:10:00+00:00,2017-06-08T14:30:00+00:00,32027,signal_exit,-0.17863999999986008,-2.5089887640429787,False,False,1200,10.631819975293336,1.6696017802371579,-0.9572992451401451,-4.708330328531936,-1.1443992124877271,0.4428571428569208,0.10000000000065512,14.166666666666666
rsi2_m5_usd100000_smaller_stop_and_time_confirmed_rebound_atr_not_compressed,2017-06-09T08:10:00+00:00,2017-06-09T08:30:00+00:00,32242,stop,-1.2690482330116803,-17.773784776073953,True,False,1200,7.1363321639484685,1.286993920610882,-0.5286965435463397,-2.8548406540480156,-0.7307080297266744,0.7611940298508205,0.2999999999997449,8.166666666666666
rsi2_m5_usd100000_smaller_stop_and_time_confirmed_rebound_atr_not_compressed,2017-06-09T08:40:00+00:00,2017-06-09T09:05:00+00:00,32248,signal_exit,-0.07861999999983899,-1.1011204481770167,False,False,1500,7.298384231901752,1.2911748261975162,-0.7280016918522407,-4.219238000860813,-1.4749435660739714,0.5,0.1999999999990898,8.666666666666666
rsi2_m5_usd100000_smaller_stop_and_time_confirmed_rebound_atr_not_compressed,2017-06-09T10:05:00+00:00,2017-06-09T10:30:00+00:00,32265,signal_exit,-0.1357399999998961,-1.9011204481778166,False,False,1500,6.033127085092939,1.0571672495850288,-0.950076017981895,-3.796664009338656,-0.1426273290694919,0.9830508474578886,0.0,10.083333333333334
rsi2_m5_usd100000_smaller_stop_and_time_confirmed_rebound_atr_not_compressed,2017-06-12T07:20:00+00:00,2017-06-12T07:30:00+00:00,32512,signal_exit,0.04242000000016327,0.5949509116432437,False,True,600,3.0392444174283626,1.052865589427935,0.763677556223997,1.4183017578813535,-1.705620094876684,0.5714285714282316,0.0,7.333333333333333
rsi2_m5_usd100000_smaller_stop_and_time_confirmed_rebound_atr_not_compressed,2017-06-12T08:40:00+00:00,2017-06-12T08:50:00+00:00,32528,signal_exit,0.17736000000010074,2.491011235956471,False,True,600,3.9775220710608576,1.2776353177514974,0.9043757783756496,3.5558605853717036,0.08627651300143777,0.04000000000028422,0.1999999999990898,8.666666666666666
rsi2_m5_usd100000_smaller_stop_and_time_confirmed_rebound_atr_not_compressed,2017-06-12T12:05:00+00:00,2017-06-12T12:30:00+00:00,32569,signal_exit,0.09192000000017336,1.291011235957491,False,True,1500,4.223108663980217,1.2149976839986878,0.8015886607242376,2.843894929712361,-0.09499440289935569,0.2439024390243506,0.10000000000065512,12.083333333333334
rsi2_m5_usd100000_smaller_stop_and_time_confirmed_rebound_atr_not_compressed,2017-06-12T13:05:00+00:00,2017-06-12T13:50:00+00:00,32581,stop,-0.8110625447380311,-11.391327875534143,True,False,2700,4.041169555745003,1.1490905377608531,0.8290716015312521,1.4135140935035266,-1.541094787707371,0.41176470588242975,0.10000000000065512,13.083333333333334
rsi2_m5_usd100000_smaller_stop_and_time_confirmed_rebound_atr_not_compressed,2017-06-12T14:00:00+00:00,2017-06-12T14:15:00+00:00,32592,stop,-0.8356165075105071,-11.736186903237458,True,False,900,4.1635990695980185,1.1623659792730243,0.4161605860794702,-0.8114138431599524,-1.7702323186788693,0.709677419355116,0.1999999999990898,14.0
rsi2_m5_usd100000_smaller_stop_and_time_confirmed_rebound_atr_not_compressed,2017-06-12T14:25:00+00:00,2017-06-12T14:45:00+00:00,32597,signal_exit,-0.16434999999992478,-2.305049088357991,False,False,1200,4.789071312080209,1.2907850074131109,0.13662405145611292,-3.1651049638414586,-1.8279289015067386,0.6599999999999556,0.20000000000131024,14.416666666666666
rsi2_m5_usd100000_smaller_stop_and_time_confirmed_rebound_atr_not_compressed,2017-06-13T08:40:00+00:00,2017-06-13T09:10:00+00:00,32814,signal_exit,-0.2284799999998704,-3.2089887640431236,False,False,1800,4.2138253390682125,1.4152658484071514,0.6938117443023628,4.694698056782783,0.47302840975646226,0.0769230769227156,0.20000000000131024,8.666666666666666
rsi2_m5_usd100000_smaller_stop_and_time_confirmed_rebound_atr_not_compressed,2017-06-13T09:35:00+00:00,2017-06-13T10:05:00+00:00,32825,signal_exit,-0.12879999999984976,-1.8089887640428337,False,False,1800,3.788202666153852,1.2477541877031442,1.0881184056777495,2.2801214550529965,-1.4959988899537453,0.850000000000111,0.1999999999990898,9.583333333333334
rsi2_m5_usd100000_smaller_stop_and_time_confirmed_rebound_atr_not_compressed,2017-06-13T10:55:00+00:00,2017-06-13T11:10:00+00:00,32841,target,0.21027334291519525,2.9491352442523877,False,True,900,3.1770921663045386,1.056703311069085,0.5633437785350195,0.6870146166476997,-1.3272554382263508,0.558139534883853,0.1999999999990898,10.916666666666666
rsi2_m5_usd100000_smaller_stop_and_time_confirmed_rebound_atr_not_compressed,2017-06-13T13:15:00+00:00,2017-06-13T13:40:00+00:00,32869,signal_exit,-0.028879999999828876,-0.4050490883566462,False,False,1500,3.6402776284780134,1.155389472878406,0.6754751838942891,0.2747732311860853,-1.6389098304864127,0.10000000000011103,0.10000000000065512,13.25
rsi2_m5_usd100000_smaller_stop_and_time_confirmed_rebound_atr_not_compressed,2017-06-13T15:55:00+00:00,2017-06-13T16:15:00+00:00,32901,signal_exit,0.049550000000051664,0.6949509116416783,False,True,1200,4.439329366854351,1.2676146798061683,0.16118621464613803,-2.665140235008273,-1.9249849716231329,0.29999999999977794,0.20000000000131024,15.916666666666666
rsi2_m5_usd100000_smaller_stop_and_time_confirmed_rebound_atr_not_compressed,2017-06-14T07:25:00+00:00,2017-06-14T07:55:00+00:00,33084,stop,-0.7309707125431106,-10.26644259189762,True,False,1800,3.5287269139276236,1.4357227742412573,0.6777909873175575,1.8373333829143914,-0.8222517905479236,0.41666666666640967,0.0,7.416666666666667
rsi2_m5_usd100000_smaller_stop_and_time_confirmed_rebound_atr_not_compressed,2017-06-14T08:15:00+00:00,2017-06-14T08:25:00+00:00,33094,signal_exit,-0.14303999999994305,-2.008988764044144,False,False,600,3.881684841813802,1.4682309455310745,0.42519518689677704,-1.18613115114605,-1.5474541066876364,0.5517241379313513,0.1999999999990898,8.25
rsi2_m5_usd100000_smaller_stop_and_time_confirmed_rebound_atr_not_compressed,2017-06-14T09:05:00+00:00,2017-06-14T09:30:00+00:00,33104,signal_exit,-0.1501599999999897,-2.108988764044799,False,False,1500,3.532139642533265,1.3105997680406114,0.03217453639761057,-1.1783530721432323,-0.8690576392899833,0.29032258064488403,0.20000000000131024,9.083333333333334
rsi2_m5_usd100000_smaller_stop_and_time_confirmed_rebound_atr_not_compressed,2017-06-14T09:50:00+00:00,2017-06-14T10:50:00+00:00,33113,holding_bars,-0.3497299999998727,-4.90504908835726,False,False,3600,3.7040526092636132,1.3332340988675704,-0.2136123674806042,-1.7887754523029424,-1.4539018171379603,0.5142857142851704,0.2999999999997449,9.833333333333334
rsi2_m5_usd100000_smaller_stop_and_time_confirmed_rebound_atr_not_compressed,2017-06-14T11:10:00+00:00,2017-06-14T11:25:00+00:00,33129,signal_exit,0.04242000000016327,0.5949509116432437,False,True,900,3.022467593421442,1.0897545533702069,-0.4699009673632861,-2.935550255197275,-1.3674335259773955,0.36363636363654717,0.1999999999990898,11.166666666666666
rsi2_m5_usd100000_smaller_stop_and_time_confirmed_rebound_atr_not_compressed,2017-06-14T11:55:00+00:00,2017-06-14T12:20:00+00:00,33138,signal_exit,-0.08591999999988592,-1.2050490883574463,False,False,1500,3.0651098597962463,1.0941733402308567,-0.5770024449769553,-3.217718700960742,-1.4466180196534713,0.5405405405405082,0.20000000000131024,11.916666666666666
rsi2_m5_usd100000_smaller_stop_and_time_confirmed_rebound_atr_not_compressed,2017-06-15T07:30:00+00:00,2017-06-15T08:00:00+00:00,33372,signal_exit,0.2212600000000646,3.098879551821633,False,True,1800,5.299701290307377,1.326158632241225,-0.8335980759828893,-8.492758521351073,-1.7359391340454247,0.8452380952379064,0.20000000000131024,7.5
rsi2_m5_usd100000_smaller_stop_and_time_confirmed_rebound_atr_not_compressed,2017-06-15T09:30:00+00:00,2017-06-15T09:40:00+00:00,33396,stop,-1.0118619399019193,-14.171735852968057,True,False,600,5.385307702396228,1.2346657304459543,-1.7916682120259164,-8.305060181181355,-1.4307561844855912,0.6666666666669407,0.1999999999990898,9.5
rsi2_m5_usd100000_smaller_stop_and_time_confirmed_rebound_atr_not_compressed,2017-06-15T10:00:00+00:00,2017-06-15T10:35:00+00:00,33402,signal_exit,0.10072000000006226,1.4067039106153947,False,True,2100,5.736171549707032,1.2802869292349175,-1.9601724963111828,-11.235803623652778,-1.9489632284284057,0.17142857142839016,0.0,10.0
rsi2_m5_usd100000_smaller_stop_and_time_confirmed_rebound_atr_not_compressed,2017-06-15T11:10:00+00:00,2017-06-15T11:15:00+00:00,33416,stop,-0.8852874714487189,-12.38164295732474,True,False,300,4.492220080060686,1.0252499711442356,-2.3319445416884075,-9.137397908362873,-0.1039693152667076,0.19999999999985196,0.20000000000131024,11.166666666666666
rsi2_m5_usd100000_smaller_stop_and_time_confirmed_rebound_atr_not_compressed,2017-06-15T12:10:00+00:00,2017-06-15T12:15:00+00:00,33428,signal_exit,0.15800000000011957,2.206703910616195,False,True,300,4.76032860343941,1.0673023655748273,-2.2312270375794707,-8.711955598646824,-0.754136004152632,0.17187500000009215,0.10000000000065512,12.166666666666666
rsi2_m5_usd100000_smaller_stop_and_time_confirmed_rebound_atr_not_compressed,2017-06-15T14:10:00+00:00,2017-06-15T14:25:00+00:00,33452,signal_exit,0.4381300000002004,6.1105997210627665,False,True,900,6.303843511161099,1.2733223094882313,-2.105396961563794,-10.93448815672205,-2.543416988982336,0.2380952380954227,0.1999999999990898,14.166666666666666
rsi2_m5_usd100000_smaller_stop_and_time_confirmed_rebound_atr_not_compressed,2017-06-16T11:30:00+00:00,2017-06-16T11:45:00+00:00,33707,stop,-0.7857534511336104,-10.989558757113432,True,False,900,3.7961779799564828,1.1396685031781737,1.1301106630505011,3.1329584197200164,-1.0363284827229897,0.6249999999997398,0.1999999999990898,11.5
rsi2_m5_usd100000_smaller_stop_and_time_confirmed_rebound_atr_not_compressed,2017-06-16T13:00:00+00:00,2017-06-16T13:25:00+00:00,33725,signal_exit,-0.22859999999986985,-3.1972027972009767,False,False,1500,4.42855714844904,1.2540213309759265,0.6254332386516523,2.7504634743033822,0.4752248522024592,0.4358974358973191,0.1999999999990898,13.0
rsi2_m5_usd100000_smaller_stop_and_time_confirmed_rebound_atr_not_compressed,2017-06-19T07:20:00+00:00,2017-06-19T07:30:00+00:00,33937,stop,-0.7637401916561857,-10.696641339722488,True,False,600,3.6477604457722728,1.3895606520508943,0.5071856547905786,-0.5179341938992925,-1.3327377976822927,0.6285714285709754,0.20000000000131024,7.333333333333333
rsi2_m5_usd100000_smaller_stop_and_time_confirmed_rebound_atr_not_compressed,2017-06-19T11:45:00+00:00,2017-06-19T11:55:00+00:00,33990,stop,-0.7415807846836351,-10.400852520107083,True,False,600,3.5979017158751945,1.1996149729214163,0.5733450972683302,1.9967653177919684,-0.330220910149471,0.4285714285720328,0.0,11.75
rsi2_m5_usd100000_smaller_stop_and_time_confirmed_rebound_atr_not_compressed,2017-06-19T12:05:00+00:00,2017-06-19T12:20:00+00:00,33994,signal_exit,0.1707600000002125,2.394950911643934,False,True,900,3.9410472435212043,1.2806389213327058,0.5840019812197339,-0.5054137799230793,-1.7917177308839203,0.47500000000038856,0.1999999999990898,12.083333333333334
rsi2_m5_usd100000_smaller_stop_and_time_confirmed_rebound_atr_not_compressed,2017-06-19T12:40:00+00:00,2017-06-19T13:15:00+00:00,34001,stop,-0.9371144099621309,-13.124851680141889,True,False,2100,4.911865615983105,1.4886206334734886,0.36298626649400256,-3.344604328630029,-1.6946029745585023,0.39999999999992597,0.09999999999843467,12.666666666666666
rsi2_m5_usd100000_smaller_stop_and_time_confirmed_rebound_atr_not_compressed,2017-06-19T13:20:00+00:00,2017-06-19T13:45:00+00:00,34009,signal_exit,-0.06433999999990397,-0.9011204481779268,False,False,1500,4.744479362558122,1.396481121141223,-0.31036921488589575,-4.819560458528642,-1.2290939492337543,0.2750000000000139,0.2999999999997449,13.333333333333334
rsi2_m5_usd100000_smaller_stop_and_time_confirmed_rebound_atr_not_compressed,2017-06-19T14:50:00+00:00,2017-06-19T15:25:00+00:00,34027,signal_exit,-0.3930499999998358,-5.4972027972005,False,False,2100,4.14864605382435,1.1844062094143768,-1.0492866503627134,-5.2480680599123035,-1.836457178214995,0.18604651162812313,0.1999999999990898,14.833333333333334
rsi2_m5_usd100000_smaller_stop_and_time_confirmed_rebound_atr_not_compressed,2017-06-20T07:25:00+00:00,2017-06-20T07:45:00+00:00,34224,signal_exit,0.014800000000135316,0.206703910616415,False,True,1200,3.026340847192108,1.226273470301754,-0.18765731787292766,-5.382222935762839,-2.0285321591587238,0.06250000000043368,0.1999999999990898,7.416666666666667
rsi2_m5_usd100000_smaller_stop_and_time_confirmed_rebound_atr_not_compressed,2017-06-20T09:40:00+00:00,2017-06-20T09:50:00+00:00,34251,signal_exit,-0.028159999999828156,-0.3932960893830748,False,False,600,3.4998270121557593,1.23464261079835,-0.22616461282650202,-1.4098890471880074,-0.7007548408022425,0.19999999999911183,0.20000000000131024,9.666666666666666
rsi2_m5_usd100000_smaller_stop_and_time_confirmed_rebound_atr_not_compressed,2017-06-20T10:50:00+00:00,2017-06-20T11:05:00+00:00,34265,stop,-0.7378372115180338,-10.304988987682036,True,False,900,3.5058464491501584,1.2052104312876248,-0.010056743817961856,-0.7125745664288459,-0.646996816689861,0.7837837837841568,0.09999999999843467,10.833333333333334
rsi2_m5_usd100000_smaller_stop_and_time_confirmed_rebound_atr_not_compressed,2017-06-20T11:50:00+00:00,2017-06-20T12:00:00+00:00,34277,signal_exit,0.015100000000135505,0.21059972106186198,False,True,600,3.31978618354971,1.1234834867291523,-0.31077622187612175,-4.070190698891276,-1.2969979202817314,0.06249999999969642,0.1999999999990898,11.833333333333334
rsi2_m5_usd100000_smaller_stop_and_time_confirmed_rebound_atr_not_compressed,2017-06-20T13:25:00+00:00,2017-06-20T13:35:00+00:00,34296,signal_exit,0.122200000000044,1.7067039106151396,False,True,600,4.367855914489088,1.3091755101829277,-0.40454345457641533,-2.506881832481665,-0.9868965442536165,0.14705882352906602,0.30000000000196536,13.416666666666666
rsi2_m5_usd100000_smaller_stop_and_time_confirmed_rebound_atr_not_compressed,2017-06-20T14:05:00+00:00,2017-06-20T14:30:00+00:00,34304,signal_exit,0.17284000000021368,2.4105997210629524,False,True,1500,4.668846506915819,1.3496332670140436,-0.3943307397438541,-4.957203661367466,-2.1558078229164064,0.47368421052643883,0.09999999999843467,14.083333333333334
rsi2_m5_usd100000_smaller_stop_and_time_confirmed_rebound_atr_not_compressed,2017-06-20T15:15:00+00:00,2017-06-20T16:15:00+00:00,34318,holding_bars,-0.49437999999985593,-6.885515320332256,False,False,3600,4.773079539932981,1.307534029563877,-0.9594634980382295,-7.351251782942738,-1.7431147393679234,0.2222222222223593,0.1999999999990898,15.25
rsi2_m5_usd100000_smaller_stop_and_time_confirmed_rebound_atr_not_compressed,2017-06-21T09:40:00+00:00,2017-06-21T10:05:00+00:00,34534,signal_exit,-0.10678999999986699,-1.4894002789381728,False,False,1500,3.987620280081998,1.5498620646503456,0.1410899424014524,3.1077797612578384,0.8343867695055246,0.5517241379305856,0.0,9.666666666666666
rsi2_m5_usd100000_smaller_stop_and_time_confirmed_rebound_atr_not_compressed,2017-06-21T13:30:00+00:00,2017-06-21T13:45:00+00:00,34580,signal_exit,0.07963000000023984,1.1105997210633172,False,True,900,4.404111134933617,1.368155774083301,0.46538955446045127,-1.7349484398080104,-2.0827539642770017,0.272727272727548,0.09999999999843467,13.5
rsi2_m5_usd100000_smaller_stop_and_time_confirmed_rebound_atr_not_compressed,2017-06-22T07:25:00+00:00,2017-06-22T07:40:00+00:00,34793,stop,-0.712488491224462,-9.964874003139329,True,False,900,3.283835602969301,1.312438045793553,0.9621003354560141,0.5442092581510495,-1.843722947950532,0.2812499999998699,0.1999999999990898,7.416666666666667
rsi2_m5_usd100000_smaller_stop_and_time_confirmed_rebound_atr_not_compressed,2017-06-22T07:50:00+00:00,2017-06-22T08:00:00+00:00,34798,signal_exit,0.029120000000070145,0.40670391061550476,False,True,600,3.4826052250053228,1.3527384871292194,0.6644844472747543,-1.5195386483446072,-1.5802418520148005,0.7692307692309006,0.10000000000065512,7.833333333333333
rsi2_m5_usd100000_smaller_stop_and_time_confirmed_rebound_atr_not_compressed,2017-06-22T10:05:00+00:00,2017-06-22T11:00:00+00:00,34825,signal_exit,-0.30724999999975006,-4.297202797199301,False,False,3300,3.2055135159390087,1.1608434965350691,0.46382514832155614,0.9896960605748792,-0.5986362019107324,0.2972972972974595,0.09999999999843467,10.083333333333334
rsi2_m5_usd100000_smaller_stop_and_time_confirmed_rebound_atr_not_compressed,2017-06-22T12:40:00+00:00,2017-06-22T12:45:00+00:00,34856,stop,-0.7188912669347522,-10.054423313772759,True,False,300,3.3786102582862894,1.177962906600616,0.040490021126706736,1.1669306987799883,0.7253105418348645,0.3478260869567736,0.09999999999843467,12.666666666666666
rsi2_m5_usd100000_smaller_stop_and_time_confirmed_rebound_atr_not_compressed,2017-06-22T12:55:00+00:00,2017-06-22T13:25:00+00:00,34859,stop,-0.7495237111718676,-10.482849107298847,True,False,1800,3.592823155049275,1.2314479037399078,0.03275958960376356,-0.6875373333892256,-0.5429595670673049,0.2222222222223593,0.09999999999843467,12.916666666666666
rsi2_m5_usd100000_smaller_stop_and_time_confirmed_rebound_atr_not_compressed,2017-06-22T13:40:00+00:00,2017-06-22T13:55:00+00:00,34868,signal_exit,-0.00667999999984642,-0.09329608938332988,False,False,900,3.812847064570042,1.2629994266723081,-0.09998524629410542,-2.39962634339347,-1.3804112774596058,0.8333333333329221,0.2999999999997449,13.666666666666666
rsi2_m5_usd100000_smaller_stop_and_time_confirmed_rebound_atr_not_compressed,2017-06-22T14:25:00+00:00,2017-06-22T14:30:00+00:00,34877,signal_exit,0.0649200000001457,0.90670391061656,False,True,300,4.282405119463846,1.3489504701614616,-0.2976663706382672,-2.268384817894871,-0.9033827564404754,0.6216216216211513,0.1999999999990898,14.416666666666666
rsi2_m5_usd100000_smaller_stop_and_time_confirmed_rebound_atr_not_compressed,2017-06-22T15:00:00+00:00,2017-06-22T15:15:00+00:00,34884,signal_exit,-0.013839999999734343,-0.19329608938176457,False,False,900,4.3805410655884485,1.340601253776622,-0.3881490122657204,-1.717376047160116,-0.17561841836628117,0.43076923076929385,0.1999999999990898,15.0
rsi2_m5_usd100000_smaller_stop_and_time_confirmed_rebound_atr_not_compressed,2017-06-22T15:35:00+00:00,2017-06-22T16:25:00+00:00,34891,signal_exit,-0.3217199999998435,-4.493296089383289,False,False,3000,4.29261843172668,1.2915664852892719,-0.38676861111101785,-2.958122169545989,-1.7890914421326543,0.06818181818226549,0.1999999999990898,15.583333333333334
rsi2_m5_usd100000_smaller_stop_and_time_confirmed_rebound_atr_not_compressed,2017-06-23T08:55:00+00:00,2017-06-23T09:15:00+00:00,35095,stop,-0.767377712499788,-10.732555419577455,True,False,1200,3.6676763111879778,1.4674038018620956,1.582122853254373,4.478557407885824,-0.8443121890611589,0.2142857142854877,0.20000000000131024,8.916666666666666
rsi2_m5_usd100000_smaller_stop_and_time_confirmed_rebound_atr_not_compressed,2017-06-23T09:25:00+00:00,2017-06-23T09:55:00+00:00,35101,signal_exit,0.10745000000010901,1.5027972027987273,False,True,1800,3.573469471150372,1.3994606080030627,1.3160339785189104,0.8068910178607387,-1.7015943484446558,0.29166666666697505,0.0,9.416666666666666
rsi2_m5_usd100000_smaller_stop_and_time_confirmed_rebound_atr_not_compressed,2017-06-23T10:40:00+00:00,2017-06-23T11:10:00+00:00,35116,signal_exit,-0.2357499999999167,-3.297202797201632,False,False,1800,3.373805305649595,1.2783805471989924,0.5738843354405375,1.5596666844939435,-0.18423334737512814,0.705882352941868,0.1999999999990898,10.666666666666666
rsi2_m5_usd100000_smaller_stop_and_time_confirmed_rebound_atr_not_compressed,2017-06-26T08:45:00+00:00,2017-06-26T09:45:00+00:00,35373,holding_bars,-0.4284799999999114,-6.001120448178031,False,False,3600,4.674414212421133,1.6486131296312232,0.438382361338571,-2.743585070851243,-2.0164596947701847,0.21621621621584317,0.20000000000131024,8.75
rsi2_m5_usd100000_smaller_stop_and_time_confirmed_rebound_atr_not_compressed,2017-06-26T11:00:00+00:00,2017-06-26T11:40:00+00:00,35400,signal_exit,-0.19285999999995324,-2.701120448178617,False,False,2400,4.083625580495583,1.3152704951966552,-0.6633296029665934,-3.0963375944189995,-0.5957221756226051,0.3142857142853699,0.20000000000131024,11.0
rsi2_m5_usd100000_smaller_stop_and_time_confirmed_rebound_atr_not_compressed,2017-06-26T14:05:00+00:00,2017-06-26T14:45:00+00:00,35437,signal_exit,0.29840000000010325,4.191011235956506,False,True,2400,5.0669900737583715,1.363346286822854,1.0344295704368585,4.273353686673009,-0.3144432301818431,0.6811594202902748,0.1999999999990898,14.083333333333334
rsi2_m5_usd100000_smaller_stop_and_time_confirmed_rebound_atr_not_compressed,2017-06-26T15:10:00+00:00,2017-06-26T15:40:00+00:00,35450,signal_exit,-0.2142599999999351,-3.005049088358136,False,False,1800,5.270660038232338,1.3532217468462666,1.0409465251864287,2.4372655039870224,-1.3274399008010875,0.2702702702702541,0.30000000000196536,15.166666666666666
rsi2_m5_usd100000_smaller_stop_and_time_confirmed_rebound_atr_not_compressed,2017-06-26T15:50:00+00:00,2017-06-26T16:20:00+00:00,35458,stop,-0.9609794599008152,-13.477972789632751,True,False,1800,4.986461850637954,1.2687229538474332,0.7204201782710539,-0.32952229473487066,-1.8222544233531914,0.5192307692309006,0.2999999999997449,15.833333333333334
rsi2_m5_usd100000_smaller_stop_and_time_confirmed_rebound_atr_not_compressed,2017-06-27T07:55:00+00:00,2017-06-27T08:00:00+00:00,35648,target,0.2376439492369695,3.3283466279687604,False,True,300,3.3647335380722247,1.357805949757884,0.4106793593017781,-1.8214655324629718,-1.7308022006985995,0.2599999999999556,0.1999999999990898,7.916666666666667
rsi2_m5_usd100000_smaller_stop_and_time_confirmed_rebound_atr_not_compressed,2017-06-27T10:10:00+00:00,2017-06-27T10:20:00+00:00,35675,signal_exit,0.05560000000009796,0.7830985915506755,False,True,600,6.391820259785381,1.6488513891819854,3.2738377818758244,12.794960895077617,0.12330135787939572,0.543478260869114,0.10000000000065512,10.166666666666666
rsi2_m5_usd100000_smaller_stop_and_time_confirmed_rebound_atr_not_compressed,2017-06-28T07:05:00+00:00,2017-06-28T07:25:00+00:00,35923,signal_exit,0.09526000000006113,1.3550497866296034,False,True,1200,5.393402619112139,1.422414316716265,2.209510435883693,7.295958405167259,-0.6629285179388111,0.37614678899083315,0.10000000000065512,7.083333333333333
rsi2_m5_usd100000_smaller_stop_and_time_confirmed_rebound_atr_not_compressed,2017-06-28T09:05:00+00:00,2017-06-28T09:40:00+00:00,35947,signal_exit,-0.36168999999996654,-5.14495021337079,False,False,2100,6.545566193667892,1.447302560118862,1.9909559776652772,5.209389597859202,-1.6629065476850944,0.1785714285715041,0.2999999999997449,9.083333333333334
rsi2_m5_usd100000_smaller_stop_and_time_confirmed_rebound_atr_not_compressed,2017-06-28T10:55:00+00:00,2017-06-28T11:05:00+00:00,35969,signal_exit,-0.0031599999998031536,-0.04495021336846591,False,False,600,4.471577115459493,1.0088728663283395,1.1225285967321534,3.6652969082199207,-0.5886637913613697,0.6666666666669407,0.1999999999990898,10.916666666666666
rsi2_m5_usd100000_smaller_stop_and_time_confirmed_rebound_atr_not_compressed,2017-06-28T12:25:00+00:00,2017-06-28T13:00:00+00:00,35987,target,1.4961637918050226,21.192121696954995,False,True,2100,12.412491443377348,2.1924868835475797,0.7896740329123797,-5.203085191589906,-2.213897450231822,0.6519480519480705,0.40000000000040004,12.416666666666666
rsi2_m5_usd100000_smaller_stop_and_time_confirmed_rebound_atr_not_compressed,2017-06-28T15:15:00+00:00,2017-06-28T15:45:00+00:00,36021,signal_exit,-0.30544999999991035,-4.344950213369991,False,False,1800,10.107422971289584,1.3999820072518854,0.5721294479436005,1.8820528939365662,-0.645493338541959,0.37037037037033993,0.40000000000040004,15.25
rsi2_m5_usd100000_smaller_stop_and_time_confirmed_rebound_atr_not_compressed,2017-06-29T09:40:00+00:00,2017-06-29T09:55:00+00:00,36241,signal_exit,0.2550000000001831,3.6428571428597585,False,True,900,6.041444598251641,1.2678426527155433,1.436106063610803,2.3140834738581626,-2.217168944386355,0.34210526315775636,0.10000000000065512,9.666666666666666
rsi2_m5_usd100000_smaller_stop_and_time_confirmed_rebound_atr_not_compressed,2017-06-29T10:20:00+00:00,2017-06-29T10:30:00+00:00,36249,signal_exit,0.08000000000012458,1.1428571428589225,False,True,600,5.16335593995179,1.0977217034431817,1.1302537881208812,2.216838254135335,-1.141989320850447,0.2142857142860164,0.1999999999990898,10.333333333333334
rsi2_m5_usd100000_smaller_stop_and_time_confirmed_rebound_atr_not_compressed,2017-06-29T11:30:00+00:00,2017-06-29T11:55:00+00:00,36263,signal_exit,0.03834000000000487,0.5469329529244632,False,True,1500,5.200367170585593,1.0922913890149337,0.44407713302773855,-0.5204016492784899,-1.7124491992996638,0.3095238095241872,0.2999999999997449,11.5
rsi2_m5_usd100000_smaller_stop_and_time_confirmed_rebound_atr_not_compressed,2017-06-29T12:50:00+00:00,2017-06-29T13:00:00+00:00,36279,signal_exit,0.05236000000009672,0.7469329529257734,False,True,600,6.423216506861876,1.2715221717357434,0.1698491018119308,-0.4647345823860338,-0.7321440318035827,0.3442622950820388,0.10000000000065512,12.833333333333334
rsi2_m5_usd100000_smaller_stop_and_time_confirmed_rebound_atr_not_compressed,2017-06-30T07:35:00+00:00,2017-06-30T07:40:00+00:00,36503,stop,-1.0138811753564345,-14.484016790806207,True,False,300,5.563436966832264,1.5105729736442464,-0.19896675693640567,-4.54529908858088,-1.8053185234902538,0.2203389830508347,0.10000000000065512,7.583333333333333
rsi2_m5_usd100000_smaller_stop_and_time_confirmed_rebound_atr_not_compressed,2017-06-30T07:45:00+00:00,2017-06-30T08:00:00+00:00,36505,signal_exit,0.010000000000132292,0.14285714285903273,False,True,900,6.150616568339972,1.6136459349355026,-0.34529616138873076,-5.841185533275173,-1.7800035596272774,0.3291139240508855,0.09999999999843467,7.75
rsi2_m5_usd100000_smaller_stop_and_time_confirmed_rebound_atr_not_compressed,2017-06-30T10:40:00+00:00,2017-06-30T11:05:00+00:00,36540,signal_exit,0.07300000000007872,1.0428571428582674,False,True,1500,5.170461163893744,1.1866211159000568,-1.2624675561169598,-4.561115161314049,0.07759197378257687,0.07692307692355868,0.2999999999997449,10.666666666666666
rsi2_m5_usd100000_smaller_stop_and_time_confirmed_rebound_atr_not_compressed,2017-06-30T15:00:00+00:00,2017-06-30T15:10:00+00:00,36592,signal_exit,0.3600000000000938,5.142857142858483,False,True,600,6.090883588285927,1.277764792506511,-0.1333942436574807,-3.0882126483570747,-2.0485067756199644,0.16239316239310236,0.10000000000065512,15.0
rsi2_m5_usd100000_smaller_stop_and_time_confirmed_rebound_atr_not_compressed,2017-07-03T07:15:00+00:00,2017-07-03T07:30:00+00:00,36782,stop,-0.8567605169832013,-12.239435956902875,True,False,900,4.341146549880045,1.408303634394162,-0.5252998405898603,-2.724007804674209,-0.5840622638192792,0.5409836065572816,0.30000000000196536,7.25
rsi2_m5_usd100000_smaller_stop_and_time_confirmed_rebound_atr_not_compressed,2017-07-03T08:00:00+00:00,2017-07-03T08:10:00+00:00,36791,stop,-0.9186539129646434,-13.104906033732428,True,False,600,4.825919493329933,1.4626219793505904,-0.8324147794086099,-5.545151501726122,-1.3893031663514663,0.1836734693875609,0.1999999999990898,8.0
rsi2_m5_usd100000_smaller_stop_and_time_confirmed_rebound_atr_not_compressed,2017-07-03T08:25:00+00:00,2017-07-03T08:35:00+00:00,36796,signal_exit,-0.052789999999813875,-0.753067047072951,False,False,600,4.916490388002362,1.4481594227459649,-1.0528162505268865,-8.122150391258732,-1.5430593956539975,0.4634146341461037,0.10000000000065512,8.416666666666666
rsi2_m5_usd100000_smaller_stop_and_time_confirmed_rebound_atr_not_compressed,2017-07-03T09:10:00+00:00,2017-07-03T09:15:00+00:00,36805,signal_exit,0.0035800000000866805,0.05099715099838576,False,True,300,4.541818643462973,1.3107850729329025,-1.5766616748321802,-8.692211891198015,-1.2633176400419424,0.7297297297297459,0.10000000000065512,9.166666666666666
rsi2_m5_usd100000_smaller_stop_and_time_confirmed_rebound_atr_not_compressed,2017-07-03T09:55:00+00:00,2017-07-03T10:55:00+00:00,36814,holding_bars,-0.49483999999990513,-7.049002849001497,False,False,3600,4.335545091948065,1.2305973615135763,-1.8414329590282257,-8.4278959641191,-1.4434683743559475,0.28571428571413465,0.20000000000131024,9.916666666666666
rsi2_m5_usd100000_smaller_stop_and_time_confirmed_rebound_atr_not_compressed,2017-07-03T11:25:00+00:00,2017-07-03T12:20:00+00:00,36832,signal_exit,0.2703400000001197,3.850997150998856,False,True,3300,4.691863903784352,1.264068360190501,-1.898652609191023,-9.157551315540255,-1.947244961388451,0.5000000000001735,0.1999999999990898,11.416666666666666
rsi2_m5_usd100000_smaller_stop_and_time_confirmed_rebound_atr_not_compressed,2017-07-03T13:20:00+00:00,2017-07-03T13:35:00+00:00,36855,signal_exit,-0.08048999999984147,-1.1449502133690108,False,False,900,4.876820779764927,1.2309514885969726,-1.8024039003452197,-8.27673793040781,-1.6629697116706448,0.020833333333005664,0.20000000000131024,13.333333333333334
rsi2_m5_usd100000_smaller_stop_and_time_confirmed_rebound_atr_not_compressed,2017-07-04T07:30:00+00:00,2017-07-04T07:35:00+00:00,37069,signal_exit,0.02496000000006887,0.35504978662971365,False,True,300,5.614767443061682,1.6464719623581119,-0.911807430151547,-1.9344539361542568,0.5090719673810404,0.8421052631580485,0.10000000000065512,7.5
rsi2_m5_usd100000_smaller_stop_and_time_confirmed_rebound_atr_not_compressed,2017-07-04T08:20:00+00:00,2017-07-04T09:15:00+00:00,37079,stop,-0.9805333217709105,-13.947842414948939,True,False,3300,5.2514461007899245,1.4676631789234016,-0.506758948239537,-3.406299592838614,-1.4256434712871344,0.2727272727275786,0.1999999999990898,8.333333333333334
rsi2_m5_usd100000_smaller_stop_and_time_confirmed_rebound_atr_not_compressed,2017-07-04T12:45:00+00:00,2017-07-04T13:05:00+00:00,37132,signal_exit,0.06048000000014325,0.8590909090929439,False,True,1200,3.482678381981791,1.0061621895635335,-0.9783963520762126,-5.08362412434899,-1.2458376786325216,0.10000000000011103,0.10000000000065512,12.75
rsi2_m5_usd100000_smaller_stop_and_time_confirmed_rebound_atr_not_compressed,2017-07-04T13:30:00+00:00,2017-07-04T13:50:00+00:00,37141,signal_exit,-0.06623999999990532,-0.940909090907746,False,False,1200,3.464925864105731,1.0024431193133443,-0.9759507572563652,-4.853732008985535,-1.1235378244750251,0.4482758620689919,0.2999999999997449,13.5
rsi2_m5_usd100000_smaller_stop_and_time_confirmed_rebound_atr_not_compressed,2017-07-05T08:15:00+00:00,2017-07-05T08:20:00+00:00,37359,stop,-0.7947088147523997,-11.304535060489327,True,False,300,3.8797924235603576,1.3823729687712902,0.46040274945275883,0.10966495232619428,-1.5482366640686869,0.45000000000022206,0.2999999999997449,8.25
rsi2_m5_usd100000_smaller_stop_and_time_confirmed_rebound_atr_not_compressed,2017-07-05T08:50:00+00:00,2017-07-05T09:00:00+00:00,37366,stop,-0.8276429249726334,-11.756291547906724,True,False,600,4.157691228499774,1.4183616970495974,0.10357224493016938,-4.124844403031765,-1.6887825463133872,0.7837837837835567,0.1999999999990898,8.833333333333334
rsi2_m5_usd100000_smaller_stop_and_time_confirmed_rebound_atr_not_compressed,2017-07-05T09:55:00+00:00,2017-07-05T10:05:00+00:00,37379,stop,-1.0197534134307693,-14.464587424549919,True,False,600,5.463853995963477,1.6001914611203323,-0.9552763289937658,-8.628146559233763,-1.6722336416439612,0.26086956521722343,0.2999999999997449,9.916666666666666
rsi2_m5_usd100000_smaller_stop_and_time_confirmed_rebound_atr_not_compressed,2017-07-05T10:15:00+00:00,2017-07-05T11:05:00+00:00,37383,signal_exit,0.07495000000007929,1.0631205673770112,False,True,3000,5.665403320978581,1.6069527037676816,-1.3023379243272477,-9.105155874645764,-1.4849831131147195,0.6111111111110198,0.2999999999997449,10.25
rsi2_m5_usd100000_smaller_stop_and_time_confirmed_rebound_atr_not_compressed,2017-07-05T12:15:00+00:00,2017-07-05T12:20:00+00:00,37407,stop,-0.8524535087266336,-12.091539130874235,True,False,300,4.2773298491262,1.1795262039877468,-1.4532932796898026,-4.6964110970356625,0.2915900245747833,0.8928571428579642,0.2999999999997449,12.25
rsi2_m5_usd100000_smaller_stop_and_time_confirmed_rebound_atr_not_compressed,2017-07-05T12:35:00+00:00,2017-07-05T12:40:00+00:00,37411,signal_exit,0.03970000000016144,0.5631205673781764,False,True,300,4.5894501723473935,1.2384604329274875,-1.3534901844341038,-6.17182286168059,-1.0887129277599246,0.5800000000003108,0.1999999999990898,12.583333333333334
rsi2_m5_usd100000_smaller_stop_and_time_confirmed_rebound_atr_not_compressed,2017-07-07T09:30:00+00:00,2017-07-07T10:10:00+00:00,37947,stop,-0.7393963290254308,-10.577916008947508,True,False,2400,3.558342839954919,1.081404594219208,0.616798178714213,2.29462430727962,0.16161550843644568,0.5185185185186404,0.1999999999990898,9.5
rsi2_m5_usd100000_smaller_stop_and_time_confirmed_rebound_atr_not_compressed,2017-07-07T12:05:00+00:00,2017-07-07T12:25:00+00:00,37978,stop,-0.7970575899414409,-11.386536999163441,True,False,1200,3.964697071011738,1.1525676271300864,0.08015406581825325,0.3996733073017881,0.07793348050465929,1.0,0.1999999999990898,12.083333333333334
rsi2_m5_usd100000_smaller_stop_and_time_confirmed_rebound_atr_not_compressed,2017-07-07T14:35:00+00:00,2017-07-07T14:55:00+00:00,38008,signal_exit,0.2346200000002012,3.3469329529272636,False,True,1200,7.322857552672244,1.4680484520006105,-0.616833685566247,-5.282548840297548,-2.0044062148749027,0.10769230769232346,0.2999999999997449,14.583333333333334
rsi2_m5_usd100000_smaller_stop_and_time_confirmed_rebound_atr_not_compressed,2017-07-10T08:45:00+00:00,2017-07-10T09:20:00+00:00,38221,stop,-0.8844317573398761,-12.634739390569658,True,False,2100,4.5887982667142975,1.5237242786857927,0.10411728733330082,-1.218393017439109,-1.321448058700403,0.4222222222224635,0.1999999999990898,8.75
rsi2_m5_usd100000_smaller_stop_and_time_confirmed_rebound_atr_not_compressed,2017-07-10T10:10:00+00:00,2017-07-10T10:25:00+00:00,38238,signal_exit,-0.0037199999998037137,-0.053067047072806184,False,False,900,4.296869393223246,1.3384766393550012,-0.6004107379367749,-5.134725996535265,-1.1897590507342426,0.3921568627450468,0.2999999999997449,10.166666666666666
rsi2_m5_usd100000_smaller_stop_and_time_confirmed_rebound_atr_not_compressed,2017-07-10T11:30:00+00:00,2017-07-10T11:50:00+00:00,38254,signal_exit,-0.0597999999998598,-0.8530670470736061,False,False,1200,3.408783201944624,1.0820809960851303,-0.9877114049246726,-4.429443092130709,-0.9573769924411885,0.03448275862092728,0.2999999999997449,11.5
rsi2_m5_usd100000_smaller_stop_and_time_confirmed_rebound_atr_not_compressed,2017-07-10T12:15:00+00:00,2017-07-10T12:35:00+00:00,38263,signal_exit,-0.010729999999849638,-0.15306704707346128,False,False,1200,3.7350558041266777,1.1544515041025094,-0.8686777884177852,-3.7780394205071217,-0.7347193620171347,0.24444444444403873,0.10000000000065512,12.25
rsi2_m5_usd100000_smaller_stop_and_time_confirmed_rebound_atr_not_compressed,2017-07-10T13:40:00+00:00,2017-07-10T13:45:00+00:00,38280,signal_exit,-0.0597999999998598,-0.8530670470736061,False,False,300,3.354352345923578,1.0371536698013366,-0.7059947579222836,-3.2067310850762403,-0.7353776533400583,0.4333333333332593,0.20000000000131024,13.666666666666666
rsi2_m5_usd100000_smaller_stop_and_time_confirmed_rebound_atr_not_compressed,2017-07-10T15:15:00+00:00,2017-07-10T15:25:00+00:00,38299,signal_exit,-0.10886999999986996,-1.5530670470737513,False,False,600,3.661046931854254,1.095863659417126,-0.5382893330341472,-2.6211401401708665,-1.0897394138060195,0.4871794871793996,0.10000000000065512,15.25
rsi2_m5_usd100000_smaller_stop_and_time_confirmed_rebound_atr_not_compressed,2017-07-11T09:15:00+00:00,2017-07-11T10:00:00+00:00,38510,signal_exit,-0.16494999999992604,-2.353067047074551,False,False,2700,3.3834546518052666,1.3036651314708931,0.06791694140019955,-0.11171294025101458,-0.7137028973905072,0.3181818181810383,0.20000000000131024,9.25
rsi2_m5_usd100000_smaller_stop_and_time_confirmed_rebound_atr_not_compressed,2017-07-11T13:05:00+00:00,2017-07-11T13:05:00+00:00,38556,stop,-0.7203374527298354,-10.290535038997648,True,False,0,3.466696090927511,1.2385455502916534,0.5774192769698628,2.401082822608531,0.02233884959724836,0.30769230769270184,0.10000000000065512,13.083333333333334
rsi2_m5_usd100000_smaller_stop_and_time_confirmed_rebound_atr_not_compressed,2017-07-11T13:15:00+00:00,2017-07-11T13:25:00+00:00,38558,signal_exit,0.1360000000001806,1.9428571428597226,False,True,600,4.064651221258868,1.3994556170341665,0.5410485907077434,0.7612975154146615,-0.7264897035642122,0.6481481481478892,0.2999999999997449,13.25
rsi2_m5_usd100000_smaller_stop_and_time_confirmed_rebound_atr_not_compressed,2017-07-12T08:10:00+00:00,2017-07-12T08:20:00+00:00,38784,signal_exit,0.05789000000014183,0.8305595408915613,False,True,600,4.390397283178998,1.2936355398116057,-0.04420326282227339,-3.2834064543570496,-1.641739938437559,0.9117647058824297,0.10000000000065512,8.166666666666666
rsi2_m5_usd100000_smaller_stop_and_time_confirmed_rebound_atr_not_compressed,2017-07-12T09:30:00+00:00,2017-07-12T09:35:00+00:00,38800,stop,-0.8617157061786649,-12.363209557800069,True,False,300,4.446884549346006,1.2470047822987596,-0.3455981381438925,-1.8602309636168675,-0.39674071146512646,0.2439024390250243,0.1999999999990898,9.5
rsi2_m5_usd100000_smaller_stop_and_time_confirmed_rebound_atr_not_compressed,2017-07-12T09:45:00+00:00,2017-07-12T10:00:00+00:00,38803,signal_exit,0.36538000000013926,5.234670487108012,False,True,900,4.943187082694433,1.3452240262908943,-0.41665479465931493,-3.49515930348528,-1.7622613916920413,0.33333333333317916,0.10000000000065512,9.75
rsi2_m5_usd100000_smaller_stop_and_time_confirmed_rebound_atr_not_compressed,2017-07-12T11:00:00+00:00,2017-07-12T11:05:00+00:00,38818,signal_exit,0.25305000000002753,3.630559540889921,False,True,300,4.225990613083591,1.1425169832606004,-0.3274098899881454,-1.3871034413206882,-0.06917735053089938,0.586206896551711,0.0,11.0
rsi2_m5_usd100000_smaller_stop_and_time_confirmed_rebound_atr_not_compressed,2017-07-12T13:20:00+00:00,2017-07-12T14:00:00+00:00,38846,stop,-1.7922448875512593,-25.64012714665607,True,False,2400,11.089448408808783,2.1669158997891897,-0.19362085001133314,-6.242543293237999,-2.0678013038767276,0.5217391304349254,0.1999999999990898,13.333333333333334
rsi2_m5_usd100000_smaller_stop_and_time_confirmed_rebound_atr_not_compressed,2017-07-12T14:35:00+00:00,2017-07-12T14:45:00+00:00,38861,signal_exit,0.3460000000000021,4.942857142857172,False,True,600,10.602063852004404,1.8103065718306675,-1.0853063327384695,-8.101957691877699,-1.0782259757648198,0.41284403669708697,0.20000000000131024,14.583333333333334
rsi2_m5_usd100000_smaller_stop_and_time_confirmed_rebound_atr_not_compressed,2017-07-13T07:35:00+00:00,2017-07-13T07:40:00+00:00,39063,stop,-0.8377082150301842,-12.001550358598628,True,False,300,4.3181104228532785,1.3095121395781901,1.042258893088738,1.2123734425202204,-1.9411000304461623,0.34374999999937117,0.10000000000065512,7.583333333333333
rsi2_m5_usd100000_smaller_stop_and_time_confirmed_rebound_atr_not_compressed,2017-07-13T07:45:00+00:00,2017-07-13T07:45:00+00:00,39065,stop,-0.8923452466330974,-12.78431585434237,True,False,0,4.659493170725592,1.3822438431516137,0.9365136456371297,-0.23121678865886286,-1.9631453011120927,0.1296296296296601,0.1999999999990898,7.75
rsi2_m5_usd100000_smaller_stop_and_time_confirmed_rebound_atr_not_compressed,2017-07-13T08:00:00+00:00,2017-07-13T08:05:00+00:00,39068,stop,-1.0448834650701515,-14.948261302863397,True,False,300,5.7435154869113,1.6023895189245567,0.6438636110220368,-3.4813024649156947,-1.8966962831782712,0.12643678160898125,0.20000000000131024,8.0
rsi2_m5_usd100000_smaller_stop_and_time_confirmed_rebound_atr_not_compressed,2017-07-13T08:10:00+00:00,2017-07-13T08:50:00+00:00,39070,stop,-1.121895798062833,-16.027082829469045,True,False,2400,6.23496998616338,1.683029066477402,0.39734290238642384,-5.467225537795063,-1.8438991062979835,0.21428571428555568,0.30000000000196536,8.166666666666666
rsi2_m5_usd100000_smaller_stop_and_time_confirmed_rebound_atr_not_compressed,2017-07-13T10:00:00+00:00,2017-07-13T10:10:00+00:00,39092,signal_exit,0.39585000000001225,5.646932952924568,False,True,600,6.7900181095580034,1.5658059874428567,-1.4124824411927412,-7.3685032387199385,-1.6188183312683027,0.3939393939392206,0.40000000000040004,10.0
rsi2_m5_usd100000_smaller_stop_and_time_confirmed_rebound_atr_not_compressed,2017-07-13T10:55:00+00:00,2017-07-13T11:10:00+00:00,39103,stop,-1.1430473124776692,-16.305953102391857,True,False,900,6.476443027659111,1.4380387942363226,-1.5121848504177748,-8.1456804352829,-1.845964023369194,0.5087719298244248,0.10000000000065512,10.916666666666666
rsi2_m5_usd100000_smaller_stop_and_time_confirmed_rebound_atr_not_compressed,2017-07-13T14:05:00+00:00,2017-07-13T14:35:00+00:00,39141,signal_exit,-0.22799999999987258,-3.257142857141037,False,False,1800,6.120183132977453,1.1491005436094814,-0.3732304536863195,-3.155504291329999,-1.9052972367310341,0.603448275862168,0.0,14.083333333333334
rsi2_m5_usd100000_smaller_stop_and_time_confirmed_rebound_atr_not_compressed,2017-07-13T15:20:00+00:00,2017-07-13T15:50:00+00:00,39156,stop,-1.131889814656617,-16.16985449509453,True,False,1800,6.306355818976798,1.1501734336287446,-0.6110848129669303,-3.3428635509128295,-1.0452557296196892,0.01639344262305823,0.2999999999997449,15.333333333333334
rsi2_m5_usd100000_smaller_stop_and_time_confirmed_rebound_atr_not_compressed,2017-07-14T08:35:00+00:00,2017-07-14T08:50:00+00:00,39356,signal_exit,-0.10199999999982429,-1.4571428571403469,False,False,900,4.162037351331813,1.282504734383513,0.6467618008229801,1.4044889908142053,-1.019182677045286,0.5151515151516171,0.0,8.583333333333334
rsi2_m5_usd100000_smaller_stop_and_time_confirmed_rebound_atr_not_compressed,2017-07-14T14:55:00+00:00,2017-07-14T15:05:00+00:00,39432,signal_exit,0.3095400000000834,4.434670487107212,False,True,600,6.9464046081858895,1.47599205525232,1.8069423322383291,4.473511173308216,-1.3486171920964682,0.40350877192976986,0.10000000000065512,14.916666666666666
rsi2_m5_usd100000_smaller_stop_and_time_confirmed_rebound_atr_not_compressed,2017-07-17T07:50:00+00:00,2017-07-17T08:05:00+00:00,39627,signal_exit,0.05826000000014203,0.8346704871080519,False,True,900,4.483613722660424,1.4357265759112203,-0.3412008628111166,-4.756208905432254,-1.640662804179817,0.700000000000222,0.09999999999843467,7.833333333333333
rsi2_m5_usd100000_smaller_stop_and_time_confirmed_rebound_atr_not_compressed,2017-07-17T11:00:00+00:00,2017-07-17T11:05:00+00:00,39665,signal_exit,0.14850000000011637,2.130559540891196,False,True,300,3.4555463322582,1.0704204675370408,0.1594063055932843,1.3304271408708692,0.3144137608565562,0.39024390243885265,0.2999999999997449,11.0
rsi2_m5_usd100000_smaller_stop_and_time_confirmed_rebound_atr_not_compressed,2017-07-17T15:00:00+00:00,2017-07-17T16:00:00+00:00,39713,holding_bars,-0.36007999999981233,-5.173563218388107,False,False,3600,4.675379447087788,1.3365310285273075,0.8190999705394978,3.1440796374529816,-0.0664582841456703,0.06818181818176083,0.2999999999997449,15.0
rsi2_m5_usd100000_smaller_stop_and_time_confirmed_rebound_atr_not_compressed,2017-07-18T07:20:00+00:00,2017-07-18T07:45:00+00:00,39907,signal_exit,0.007900000000130969,0.11399711399900386,False,True,1500,5.61431712566079,1.4470719418746358,1.5717349792741098,4.350810031914176,-1.1126014321240478,0.43999999999962697,0.2999999999997449,7.333333333333333
rsi2_m5_usd100000_smaller_stop_and_time_confirmed_rebound_atr_not_compressed,2017-07-18T08:25:00+00:00,2017-07-18T08:35:00+00:00,39920,signal_exit,0.07720000000012334,1.1139971139988938,False,True,600,6.193146335454997,1.4698941400926562,1.1547093367232577,4.588211090790034,0.1962464539979327,0.5060240963853133,0.20000000000131024,8.416666666666666
rsi2_m5_usd100000_smaller_stop_and_time_confirmed_rebound_atr_not_compressed,2017-07-18T11:15:00+00:00,2017-07-18T11:50:00+00:00,39954,signal_exit,-0.317469999999849,-4.594356005786526,False,False,2100,5.429302699475611,1.1564737773971763,2.1880885822310336,8.297937114342497,-0.19073597493401004,0.05405405405441088,0.09999999999843467,11.25
rsi2_m5_usd100000_smaller_stop_and_time_confirmed_rebound_atr_not_compressed,2017-07-19T08:05:00+00:00,2017-07-19T08:30:00+00:00,40202,signal_exit,-0.005959999999805954,-0.08600288600008592,False,False,1500,4.9366344639200825,1.562793954044107,-0.8407314017485631,-6.509264665663806,-2.074893238713229,0.20000000000011103,0.1999999999990898,8.083333333333334
rsi2_m5_usd100000_smaller_stop_and_time_confirmed_rebound_atr_not_compressed,2017-07-19T09:50:00+00:00,2017-07-19T10:05:00+00:00,40223,signal_exit,-0.13079999999985398,-1.890173410402514,False,False,900,3.939314031786064,1.2055472172794304,-0.9727614225789423,-2.32041008085977,0.5592976307650684,0.14634146341450205,0.1999999999990898,9.833333333333334
rsi2_m5_usd100000_smaller_stop_and_time_confirmed_rebound_atr_not_compressed,2017-07-19T14:05:00+00:00,2017-07-19T14:10:00+00:00,40274,stop,-0.9281079986524163,-13.411965298445322,True,False,300,4.960895944022143,1.3327754985727815,-0.30225056699551106,-1.8345844542625793,-0.7183249391870248,0.5609756097559523,0.1999999999990898,14.083333333333334
rsi2_m5_usd100000_smaller_stop_and_time_confirmed_rebound_atr_not_compressed,2017-07-19T15:40:00+00:00,2017-07-19T16:20:00+00:00,40293,signal_exit,-0.23464999999991926,-3.3860028860017204,False,False,2400,4.982318759203251,1.2495766789694807,-0.780954753797443,-3.189871710809738,0.08286432915741807,0.5312499999998482,0.2999999999997449,15.666666666666666
rsi2_m5_usd100000_smaller_stop_and_time_confirmed_rebound_atr_not_compressed,2017-07-20T07:35:00+00:00,2017-07-20T07:55:00+00:00,40482,stop,-0.8178042375964367,-11.783922731937126,True,False,1200,4.151039175766766,1.3597104501689352,-0.42438096782698176,-3.4191853432488792,-1.5712057233731451,0.18309859154924732,0.20000000000131024,7.583333333333333
rsi2_m5_usd100000_smaller_stop_and_time_confirmed_rebound_atr_not_compressed,2017-07-20T08:10:00+00:00,2017-07-20T08:35:00+00:00,40489,signal_exit,-0.0820199999998435,-1.181844380401203,False,False,1500,4.41914354244679,1.396140738411775,-0.4886956380767928,-5.305230114329151,-1.4034134147927781,0.8545454545453224,0.10000000000065512,8.166666666666666
rsi2_m5_usd100000_smaller_stop_and_time_confirmed_rebound_atr_not_compressed,2017-07-20T09:25:00+00:00,2017-07-20T09:40:00+00:00,40504,signal_exit,0.16088000000005273,2.3181556195973014,False,True,900,4.0659519787513965,1.2408498783093656,-1.0944331699172245,-5.302859746749939,-0.9736655822343558,0.08333333333387302,0.2999999999997449,9.416666666666666
rsi2_m5_usd100000_smaller_stop_and_time_confirmed_rebound_atr_not_compressed,2017-07-20T11:30:00+00:00,2017-07-20T11:45:00+00:00,40529,stop,-0.9531654723401453,-13.734372800290275,True,False,900,5.176264209944274,1.438227897597808,-0.6364859521908991,-4.929442072136235,-2.246496303825543,0.24000000000026644,0.10000000000065512,11.5
rsi2_m5_usd100000_smaller_stop_and_time_confirmed_rebound_atr_not_compressed,2017-07-20T12:05:00+00:00,2017-07-20T12:25:00+00:00,40536,signal_exit,0.07800000000012369,1.1223021582751609,False,True,1200,6.998501933624966,1.7428513498463978,-0.754130631247569,-6.7432910679879745,-1.747450854916827,0.06896551724144531,0.2999999999997449,12.083333333333334
rsi2_m5_usd100000_smaller_stop_and_time_confirmed_rebound_atr_not_compressed,2017-07-21T07:40:00+00:00,2017-07-21T08:05:00+00:00,40770,signal_exit,-0.09709999999978286,-1.4154518950405666,False,False,1500,6.978686974495212,1.6266927966184512,1.9681861087650456,5.562116877631599,-1.0368047704344636,0.2941176470587851,0.1999999999990898,7.666666666666667
rsi2_m5_usd100000_smaller_stop_and_time_confirmed_rebound_atr_not_compressed,2017-07-21T08:30:00+00:00,2017-07-21T08:35:00+00:00,40780,signal_exit,0.06068000000018453,0.8845481049589581,False,True,300,5.779582028841469,1.3350738066074788,1.7545664405442745,4.224378088754852,-0.9044603186136856,0.4150943396224913,0.1999999999990898,8.5
rsi2_m5_usd100000_smaller_stop_and_time_confirmed_rebound_atr_not_compressed,2017-07-21T09:40:00+00:00,2017-07-21T10:25:00+00:00,40794,signal_exit,0.33508000000015437,4.884548104958519,False,True,2700,5.35191800319566,1.212733410418493,1.2431139400593418,4.005364731670963,-0.6299375634741888,0.5692307692307061,0.1999999999990898,9.666666666666666
rsi2_m5_usd100000_smaller_stop_and_time_confirmed_rebound_atr_not_compressed,2017-07-21T10:55:00+00:00,2017-07-21T11:10:00+00:00,40809,signal_exit,-0.11081999999987274,-1.6154518950418768,False,False,900,4.656465352779779,1.0527827856546685,1.1543046033734596,3.5388804739289226,-0.5259338526233389,0.22580645161308807,0.30000000000196536,10.916666666666666
rsi2_m5_usd100000_smaller_stop_and_time_confirmed_rebound_atr_not_compressed,2017-07-21T15:35:00+00:00,2017-07-21T15:50:00+00:00,40865,signal_exit,0.012350000000174333,0.18029197080546472,False,True,900,4.900711361134194,1.057829954993641,0.9336735174521789,3.0688128041679184,-0.6899556144110646,0.06060606060579554,0.2999999999997449,15.583333333333334
rsi2_m5_usd100000_smaller_stop_and_time_confirmed_rebound_atr_not_compressed,2017-07-24T07:05:00+00:00,2017-07-24T07:05:00+00:00,41045,target,0.39844385488089795,5.81669861139997,False,True,0,4.6682033202984865,1.4194538011531919,-0.06142895206726908,-4.586033433751967,-1.4373343247733665,0.3243243243240648,0.20000000000131024,7.083333333333333
rsi2_m5_usd100000_smaller_stop_and_time_confirmed_rebound_atr_not_compressed,2017-07-24T07:40:00+00:00,2017-07-24T07:45:00+00:00,41052,stop,-1.1025941437201237,-16.072800928864776,True,False,300,6.2786745169120115,1.7149740885101938,-0.4198234605665912,-5.231697325259942,-1.5725258348642452,0.38666666666681665,0.1999999999990898,7.666666666666667
rsi2_m5_usd100000_smaller_stop_and_time_confirmed_rebound_atr_not_compressed,2017-07-24T11:00:00+00:00,2017-07-24T11:55:00+00:00,41092,signal_exit,-0.32329999999989517,-4.71970802919555,False,False,3300,4.511705949084881,1.1149464359447097,-0.35977348540355814,-2.3761009973530833,-1.532634003495683,0.41304347826076465,0.10000000000065512,11.0
rsi2_m5_usd100000_smaller_stop_and_time_confirmed_rebound_atr_not_compressed,2017-07-25T07:20:00+00:00,2017-07-25T08:00:00+00:00,41334,target,0.4489572531751975,6.554120484309453,False,True,2400,4.986914256752698,1.4952522175737546,0.7831009468305373,0.11473786838911197,-1.5714790574679103,0.5443037974682192,0.10000000000065512,7.333333333333333
rsi2_m5_usd100000_smaller_stop_and_time_confirmed_rebound_atr_not_compressed,2017-07-25T14:15:00+00:00,2017-07-25T14:40:00+00:00,41417,stop,-1.3112792423012158,-19.198817603238883,True,False,1500,7.7852799582824765,1.589663998983871,1.7631373294562895,6.271122600097026,-0.2783990457604377,0.5454545454545149,0.2999999999997449,14.25
rsi2_m5_usd100000_smaller_stop_and_time_confirmed_rebound_atr_not_compressed,2017-07-25T15:25:00+00:00,2017-07-25T16:10:00+00:00,41431,signal_exit,-0.19314999999980303,-2.8197080291942047,False,False,2700,7.056400487421333,1.380562460970303,0.9159678605336918,-1.227997791083801,-1.587575278810306,0.8055555555554699,0.2999999999997449,15.416666666666666
rsi2_m5_usd100000_smaller_stop_and_time_confirmed_rebound_atr_not_compressed,2017-07-26T08:00:00+00:00,2017-07-26T08:30:00+00:00,41628,stop,-1.025299551101167,-14.946057596226925,True,False,1800,5.715302850592523,1.592728700713658,-0.8728562589928922,-4.404685705855992,-0.7291129715195168,0.5454545454544354,0.1999999999990898,8.0
rsi2_m5_usd100000_smaller_stop_and_time_confirmed_rebound_atr_not_compressed,2017-07-26T14:20:00+00:00,2017-07-26T14:45:00+00:00,41704,signal_exit,0.1435000000001147,2.0887918486188455,False,True,1500,5.659006280793004,1.2233076056979229,-0.17565194702855622,-2.9131331622155936,-1.5999404397988617,0.21052631578965822,0.10000000000065512,14.333333333333334
rsi2_m5_usd100000_smaller_stop_and_time_confirmed_rebound_atr_not_compressed,2017-07-26T15:45:00+00:00,2017-07-26T16:05:00+00:00,41721,signal_exit,-0.028499999999790415,-0.4154518950406766,False,False,1200,5.299215130434119,1.1150722056996576,-0.4090957225919701,-1.4643811324987044,0.16987706951892015,0.020408163264991692,0.10000000000065512,15.75
rsi2_m5_usd100000_smaller_stop_and_time_confirmed_rebound_atr_not_compressed,2017-07-27T08:25:00+00:00,2017-07-27T08:35:00+00:00,41920,signal_exit,0.22222000000004424,3.263142437592426,False,True,600,6.850884274760876,1.2727423749734397,0.3725541083820762,0.26198107437559204,-0.7505540503487208,0.6338028169015053,0.10000000000065512,8.416666666666666
rsi2_m5_usd100000_smaller_stop_and_time_confirmed_rebound_atr_not_compressed,2017-07-27T10:20:00+00:00,2017-07-27T11:20:00+00:00,41943,holding_bars,-0.46597999999992523,-6.8325513196469965,False,False,3600,5.516305689569001,1.041518505596239,0.22213076018494063,-1.1049259482042557,-1.8650852340561346,0.5588235294118223,0.40000000000040004,10.333333333333334
rsi2_m5_usd100000_smaller_stop_and_time_confirmed_rebound_atr_not_compressed,2017-07-27T12:05:00+00:00,2017-07-27T12:30:00+00:00,41964,signal_exit,-0.015589999999853499,-0.22825768667428256,False,False,1500,5.962305861161941,1.1047298732017763,-0.47907816557055116,-3.86304845689875,-1.6115513033896565,0.42307692307664385,0.20000000000131024,12.083333333333334
rsi2_m5_usd100000_smaller_stop_and_time_confirmed_rebound_atr_not_compressed,2017-07-27T13:10:00+00:00,2017-07-27T13:20:00+00:00,41977,signal_exit,0.06637000000022847,0.9717423133269175,False,True,600,6.140549934160067,1.1166534282913925,-0.7291987594629451,-3.7045789320720757,-0.8700105384347836,0.4047619047620432,0.1999999999990898,13.166666666666666
rsi2_m5_usd100000_smaller_stop_and_time_confirmed_rebound_atr_not_compressed,2017-07-27T14:40:00+00:00,2017-07-27T14:40:00+00:00,41995,stop,-1.0742097456296689,-15.727814723714037,True,False,0,6.099778518520689,1.0957951243194493,-0.7064210488429935,-4.384194476086377,-1.6423724458607418,0.3230769230769704,0.1999999999990898,14.666666666666666
rsi2_m5_usd100000_smaller_stop_and_time_confirmed_rebound_atr_not_compressed,2017-07-27T15:40:00+00:00,2017-07-27T16:15:00+00:00,42007,stop,-1.1402143056187901,-16.669799789748392,True,False,2100,6.522911590781839,1.1342239239458762,-1.1621842308146018,-7.294513726535405,-1.1617815151175712,0.30136986301349444,0.2999999999997449,15.666666666666666
rsi2_m5_usd100000_smaller_stop_and_time_confirmed_rebound_atr_not_compressed,2017-07-28T07:35:00+00:00,2017-07-28T08:05:00+00:00,42197,signal_exit,0.03188000000015617,0.46744868035419607,False,True,1800,5.5067540015626815,1.3396142220040779,0.5492813774018646,2.648669692185677,0.44561989497340593,0.4901960784310908,0.40000000000040004,7.583333333333333
rsi2_m5_usd100000_smaller_stop_and_time_confirmed_rebound_atr_not_compressed,2017-07-28T10:40:00+00:00,2017-07-28T11:10:00+00:00,42234,signal_exit,0.03188000000015617,0.46744868035419607,False,True,1800,4.8619211536499085,1.1001257580818395,0.9457937922396872,3.0099605003998686,-1.2296668946142109,0.2500000000001262,0.1999999999990898,10.666666666666666
rsi2_m5_usd100000_smaller_stop_and_time_confirmed_rebound_atr_not_compressed,2017-07-28T13:05:00+00:00,2017-07-28T14:05:00+00:00,42263,holding_bars,0.440140000000111,6.463142437593406,False,True,3600,8.940055371936952,1.6775936767446358,1.0912707317351056,4.014199818306229,-0.16851592560247886,0.7894736842103418,0.2999999999997449,13.083333333333334
rsi2_m5_usd100000_smaller_stop_and_time_confirmed_rebound_atr_not_compressed,2017-07-31T07:55:00+00:00,2017-07-31T08:40:00+00:00,42487,signal_exit,0.02473000000011133,0.3631424375934116,False,True,2700,4.699960830753081,1.2431916865486408,-0.23945895526154862,-2.774015946226853,-1.554528157655552,0.1538461538454969,0.20000000000131024,7.916666666666667
rsi2_m5_usd100000_smaller_stop_and_time_confirmed_rebound_atr_not_compressed,2017-07-31T09:50:00+00:00,2017-07-31T09:55:00+00:00,42510,signal_exit,0.058780000000183186,0.8631424375944666,False,True,300,4.319805686008241,1.1140000275412356,-0.3058712622340994,-1.4200642648726058,-0.34030581714053376,0.17391304347847075,0.1999999999990898,9.833333333333334
rsi2_m5_usd100000_smaller_stop_and_time_confirmed_rebound_atr_not_compressed,2017-08-01T07:10:00+00:00,2017-08-01T07:50:00+00:00,42765,signal_exit,0.07040000000012031,1.041420118344975,False,True,2400,4.540777422982993,1.1880421641610883,0.6707937912472206,0.39729443203098547,-1.3746985606688895,0.20689655172403232,0.1999999999990898,7.166666666666667
rsi2_m5_usd100000_smaller_stop_and_time_confirmed_rebound_atr_not_compressed,2017-08-01T10:30:00+00:00,2017-08-01T10:45:00+00:00,42805,signal_exit,0.16504000000013994,2.4414201183452655,False,True,900,4.879437477098872,1.1286570520678094,0.024255197235093173,-1.6451060498556498,-1.917973524285828,0.18749999999978317,0.20000000000131024,10.5
rsi2_m5_usd100000_smaller_stop_and_time_confirmed_rebound_atr_not_compressed,2017-08-01T12:05:00+00:00,2017-08-01T12:30:00+00:00,42824,signal_exit,0.11096000000008582,1.641420118344465,False,True,1500,4.517476698166278,1.042537496525823,-0.01994341526261128,-0.3270621700571079,-0.3274523921533732,0.609756097560936,0.20000000000131024,12.083333333333334
rsi2_m5_usd100000_smaller_stop_and_time_confirmed_rebound_atr_not_compressed,2017-08-01T14:55:00+00:00,2017-08-01T15:55:00+00:00,42858,holding_bars,-0.3689999999999063,-5.458579881655418,False,False,3600,9.177678987500629,1.6938005950668005,0.1317998495822967,-2.528967239087673,-1.6343841616875396,0.43137254901959504,0.10000000000065512,14.916666666666666
rsi2_m5_usd100000_smaller_stop_and_time_confirmed_rebound_atr_not_compressed,2017-08-02T07:40:00+00:00,2017-08-02T07:50:00+00:00,43055,signal_exit,0.13075000000006848,1.9370370370380514,False,True,600,5.087796038622841,1.206257767982216,0.8425735382926356,3.1802070739379302,-0.010670793716621186,0.7105263157893661,0.20000000000131024,7.666666666666667
rsi2_m5_usd100000_smaller_stop_and_time_confirmed_rebound_atr_not_compressed,2017-08-02T09:15:00+00:00,2017-08-02T10:00:00+00:00,43074,stop,-1.1558517548678449,-17.149135828899777,True,False,2700,6.840888389228946,1.437473561430336,1.3159503071759222,5.861142004341947,0.27126799091807935,0.22448979591843207,0.09999999999843467,9.25
rsi2_m5_usd100000_smaller_stop_and_time_confirmed_rebound_atr_not_compressed,2017-08-02T10:10:00+00:00,2017-08-02T10:40:00+00:00,43085,signal_exit,-0.1865199999999117,-2.767359050443794,False,False,1800,6.219206286522573,1.276138677122778,1.3610517097270387,2.836712364842359,-1.436069258775854,0.3658536585362551,0.10000000000065512,10.166666666666666
rsi2_m5_usd100000_smaller_stop_and_time_confirmed_rebound_atr_not_compressed,2017-08-02T11:15:00+00:00,2017-08-02T12:05:00+00:00,43098,signal_exit,-0.33499999999983526,-4.962962962960522,False,False,3000,5.109050209778766,1.0661245381435878,0.7448294697145877,1.1943708450235802,-1.2501492146737687,0.9318181818182392,0.09999999999843467,11.25
rsi2_m5_usd100000_smaller_stop_and_time_confirmed_rebound_atr_not_compressed,2017-08-02T13:00:00+00:00,2017-08-02T13:40:00+00:00,43119,signal_exit,0.02275000000011035,0.3370370370386718,False,True,2400,6.1819904583264815,1.23217835535577,0.22040713003260143,0.020083549864526012,-1.1516646269520052,0.6511627906973982,0.10000000000065512,13.0
rsi2_m5_usd100000_smaller_stop_and_time_confirmed_rebound_atr_not_compressed,2017-08-03T07:35:00+00:00,2017-08-03T08:05:00+00:00,43340,stop,-0.8180859667077647,-12.137773986762086,True,False,1800,4.235207468159869,1.11393486633409,0.021358475489925803,-1.070884556817441,-0.8264425340537721,0.03333333333355538,0.2999999999997449,7.583333333333333
rsi2_m5_usd100000_smaller_stop_and_time_confirmed_rebound_atr_not_compressed,2017-08-03T08:15:00+00:00,2017-08-03T08:40:00+00:00,43348,signal_exit,-0.03823999999983824,-0.5673590504427037,False,False,1500,5.053326097091368,1.2743003601106186,-0.14309265350865477,-2.4356145932764526,-1.4206497550561752,0.7999999999997267,0.2999999999997449,8.25
rsi2_m5_usd100000_smaller_stop_and_time_confirmed_rebound_atr_not_compressed,2017-08-03T13:20:00+00:00,2017-08-03T13:50:00+00:00,43409,signal_exit,0.06960000000011995,1.0326409495566757,False,True,1800,6.774530222039869,1.403083332419813,0.43643716850197467,0.6308578106977658,-1.0486472949954821,0.02631578947385336,0.1999999999990898,13.333333333333334
rsi2_m5_usd100000_smaller_stop_and_time_confirmed_rebound_atr_not_compressed,2017-08-04T14:20:00+00:00,2017-08-04T14:20:00+00:00,43706,stop,-1.8872845690575804,-27.836055590819768,True,False,0,12.19310154172278,2.119231478771505,-1.9419456532268435,-16.87754285328881,-1.7594590574022202,0.137931034482653,0.10000000000065512,14.333333333333334
rsi2_m5_usd100000_smaller_stop_and_time_confirmed_rebound_atr_not_compressed,2017-08-04T15:40:00+00:00,2017-08-04T15:50:00+00:00,43722,signal_exit,0.4111000000000835,6.0544918998539545,False,True,600,10.121638058290737,1.5605698091798024,-3.5131191474873833,-15.414378692692605,-0.9110650509990116,0.5833333333332306,0.20000000000131024,15.666666666666666
rsi2_m5_usd100000_smaller_stop_and_time_confirmed_rebound_atr_not_compressed,2017-08-07T07:10:00+00:00,2017-08-07T07:30:00+00:00,43901,signal_exit,-0.030749999999793165,-0.45420974888911614,False,False,1200,4.436456684595373,1.1655074631029978,-0.5275034417534502,-3.03687260679444,-1.0217623260193163,0.5466666666668364,0.09999999999843467,7.166666666666667
rsi2_m5_usd100000_smaller_stop_and_time_confirmed_rebound_atr_not_compressed,2017-08-07T09:45:00+00:00,2017-08-07T09:55:00+00:00,43932,signal_exit,-0.03751999999983752,-0.5542097488897713,False,False,600,5.3333773111498886,1.2342520479122003,0.32649151705008816,-0.5232244675325622,-1.4244201724727303,0.7142857142857143,0.2999999999997449,9.75
rsi2_m5_usd100000_smaller_stop_and_time_confirmed_rebound_atr_not_compressed,2017-08-07T11:05:00+00:00,2017-08-07T11:20:00+00:00,43948,signal_exit,0.09068000000010307,1.34142011834472,False,True,900,4.307404479672065,1.0068718302434285,0.12620610057564394,0.5358596895843705,0.2561992311471075,0.4722222222220509,0.10000000000065512,11.083333333333334
rsi2_m5_usd100000_smaller_stop_and_time_confirmed_rebound_atr_not_compressed,2017-08-07T12:25:00+00:00,2017-08-07T13:00:00+00:00,43964,stop,-0.8646086505633472,-12.771176522353725,True,False,2100,4.7084833867318405,1.0810829022983384,0.12405453220974581,-0.6452170621574425,-1.2750759745453437,0.4791666666669943,0.0,12.416666666666666
rsi2_m5_usd100000_smaller_stop_and_time_confirmed_rebound_atr_not_compressed,2017-08-08T08:10:00+00:00,2017-08-08T08:15:00+00:00,44199,signal_exit,-0.010719999999960816,-0.1585798816562251,False,False,300,3.8228536024473727,1.217748443452115,0.41336033405763667,1.3548131710034939,-0.1612671677727209,0.4615384615381988,0.10000000000065512,8.166666666666666
rsi2_m5_usd100000_smaller_stop_and_time_confirmed_rebound_atr_not_compressed,2017-08-08T11:20:00+00:00,2017-08-08T12:05:00+00:00,44237,signal_exit,-0.28111999999978093,-4.158579881653564,False,False,2700,3.2979031237532817,1.030709134015002,0.4926619997588068,1.8347007643772122,-0.11796456098291098,0.29999999999977794,0.1999999999990898,11.333333333333334
rsi2_m5_usd100000_smaller_stop_and_time_confirmed_rebound_atr_not_compressed,2017-08-08T13:55:00+00:00,2017-08-08T14:00:00+00:00,44268,stop,-0.724373661528652,-10.715586709003727,True,False,300,3.62850341367352,1.096838041107292,0.3299989682902789,0.31837213807177667,-1.1520950449629972,0.17391304347830283,0.10000000000065512,13.916666666666666
rsi2_m5_usd100000_smaller_stop_and_time_confirmed_rebound_atr_not_compressed,2017-08-08T14:35:00+00:00,2017-08-08T14:55:00+00:00,44276,stop,-1.3141637304197225,-19.354399564355262,True,False,1200,7.854445732105139,1.9306933492713378,-0.4451074640926554,-12.655645029619965,-2.0763204617531916,0.29801324503317295,0.2999999999997449,14.583333333333334
rsi2_m5_usd100000_smaller_stop_and_time_confirmed_rebound_atr_not_compressed,2017-08-08T15:35:00+00:00,2017-08-08T15:55:00+00:00,44288,stop,-1.3313243556773058,-19.57829934819567,True,False,1200,8.018561438804756,1.75359209244126,-2.050846275816417,-13.185964124267239,-0.8599735824780962,0.26829268292667735,0.1999999999990898,15.583333333333334
rsi2_m5_usd100000_smaller_stop_and_time_confirmed_rebound_atr_not_compressed,2017-08-09T08:00:00+00:00,2017-08-09T08:15:00+00:00,44484,stop,-1.0361933932940868,-15.238138136677746,True,False,900,5.848480833044893,1.2873176194428884,-0.22989977930365763,-2.007865817049308,-1.068465304519925,0.4269662921346072,0.20000000000131024,8.0
rsi2_m5_usd100000_smaller_stop_and_time_confirmed_rebound_atr_not_compressed,2017-08-09T08:25:00+00:00,2017-08-09T09:00:00+00:00,44489,signal_exit,-0.19999999999984902,-2.941176470586015,False,False,2100,6.020359251248941,1.2978320684335825,-0.34381989152236714,-4.2290226116313265,-1.645807517842257,0.33333333333345083,0.1999999999990898,8.416666666666666
rsi2_m5_usd100000_smaller_stop_and_time_confirmed_rebound_atr_not_compressed,2017-08-09T10:00:00+00:00,2017-08-09T10:15:00+00:00,44508,signal_exit,0.14000000000011353,2.0588235294134343,False,True,900,5.785322816134626,1.195346277776081,-0.7231153644329513,-1.678196452890993,0.5740361908018332,0.05660377358484242,0.1999999999990898,10.0
rsi2_m5_usd100000_smaller_stop_and_time_confirmed_rebound_atr_not_compressed,2017-08-09T11:10:00+00:00,2017-08-09T11:40:00+00:00,44522,signal_exit,-0.05719999999981945,-0.8411764705855801,False,False,1800,5.186709827914912,1.0726217678323877,-0.2959045126290234,-2.4321726380606883,-1.734252210194904,0.2439024390243506,0.1999999999990898,11.166666666666666
rsi2_m5_usd100000_smaller_stop_and_time_confirmed_rebound_atr_not_compressed,2017-08-09T13:25:00+00:00,2017-08-09T14:15:00+00:00,44549,target,1.1330070917628663,16.61300721059921,False,True,3000,10.022779265123322,1.7332193752758684,-0.5109157475591556,-6.476478113727058,-1.993505833753428,0.8288288288288991,0.10000000000065512,13.416666666666666
rsi2_m5_usd100000_smaller_stop_and_time_confirmed_rebound_atr_not_compressed,2017-08-10T07:55:00+00:00,2017-08-10T08:05:00+00:00,44770,signal_exit,0.3107500000001706,4.563142437594282,False,True,600,4.642622670786907,1.2197740744222008,-0.9289712889953098,-6.151841497950893,-1.6439629395137996,0.8108108108107621,0.10000000000065512,7.916666666666667
rsi2_m5_usd100000_smaller_stop_and_time_confirmed_rebound_atr_not_compressed,2017-08-10T09:10:00+00:00,2017-08-10T10:00:00+00:00,44785,stop,-1.0232287912682894,-15.025386068550503,True,False,3000,5.744264253071549,1.3980811926657446,-1.0352823037781738,-5.606433695887148,-1.411353592618769,0.7142857142855632,0.20000000000131024,9.166666666666666
rsi2_m5_usd100000_smaller_stop_and_time_confirmed_rebound_atr_not_compressed,2017-08-10T10:15:00+00:00,2017-08-10T10:25:00+00:00,44798,signal_exit,-0.03631999999983632,-0.5325513196456937,False,False,600,4.957171103016009,1.1909698324277695,-1.2342294128388704,-7.323345527095386,-1.3354972291488083,0.6249999999997398,0.10000000000065512,10.25
rsi2_m5_usd100000_smaller_stop_and_time_confirmed_rebound_atr_not_compressed,2017-08-10T14:20:00+00:00,2017-08-10T14:35:00+00:00,44847,signal_exit,0.5354800000001307,7.863142437593696,False,True,900,8.400456904578647,1.5956364744398495,0.1442429628634008,-1.2621684114858456,-1.4964291752883137,0.8000000000000935,0.1999999999990898,14.333333333333334
rsi2_m5_usd100000_smaller_stop_and_time_confirmed_rebound_atr_not_compressed,2017-08-10T15:50:00+00:00,2017-08-10T16:00:00+00:00,44865,signal_exit,0.17400000000003432,2.5588235294122694,False,True,600,7.209182084206673,1.2868457432234162,0.3189655991367898,1.5618122565608414,0.1458210629043972,0.5853658536585498,0.0,15.833333333333334
rsi2_m5_usd100000_smaller_stop_and_time_confirmed_rebound_atr_not_compressed,2017-08-11T08:00:00+00:00,2017-08-11T08:10:00+00:00,45057,signal_exit,-0.04382999999973075,-0.64550810014331,False,False,600,4.355195003661056,1.152119284316813,-0.2953326693741066,-2.32056194308565,-1.048739769407682,0.22857142857112042,0.2999999999997449,8.0
rsi2_m5_usd100000_smaller_stop_and_time_confirmed_rebound_atr_not_compressed,2017-08-11T13:45:00+00:00,2017-08-11T14:05:00+00:00,45126,signal_exit,1.045680000000043,15.445790251108464,False,True,1200,11.97667222560095,2.053865737645131,1.0981922516793963,3.1351003755584483,-0.47803612628173436,0.28378378378385677,0.20000000000131024,13.75
rsi2_m5_usd100000_smaller_stop_and_time_confirmed_rebound_atr_not_compressed,2017-08-11T15:00:00+00:00,2017-08-11T15:20:00+00:00,45141,signal_exit,-0.08490999999984733,-1.254209748889916,False,False,1200,8.489141188659184,1.4075612728962967,1.2390337676529377,3.4107436236681954,-0.7040701184476882,0.3030303030302215,0.2999999999997449,15.0
rsi2_m5_usd100000_smaller_stop_and_time_confirmed_rebound_atr_not_compressed,2017-08-14T07:55:00+00:00,2017-08-14T08:10:00+00:00,45340,stop,-1.0218408032621704,-15.115988213937431,True,False,900,5.8287041661403585,1.3455085717195596,0.2983372694487331,-1.2966559443426202,-1.4373152013275277,0.8045977011494048,0.10000000000065512,7.916666666666667
rsi2_m5_usd100000_smaller_stop_and_time_confirmed_rebound_atr_not_compressed,2017-08-14T10:05:00+00:00,2017-08-14T10:10:00+00:00,45366,signal_exit,0.07080000000012049,1.0457902511096084,False,True,300,4.584478232318997,1.0291126221814808,-0.666462097172938,-3.062451908027664,-1.3361448892949128,0.33333333333292214,0.20000000000131024,10.083333333333334
rsi2_m5_usd100000_smaller_stop_and_time_confirmed_rebound_atr_not_compressed,2017-08-14T14:10:00+00:00,2017-08-14T14:45:00+00:00,45415,signal_exit,-0.09151999999989152,-1.3498525073730312,False,False,2100,5.800494869600235,1.2465165433293202,-0.7561963186193538,-5.234078125120095,-2.024333005483679,0.4912280701754796,0.10000000000065512,14.166666666666666
rsi2_m5_usd100000_smaller_stop_and_time_confirmed_rebound_atr_not_compressed,2017-08-15T07:20:00+00:00,2017-08-15T07:25:00+00:00,45619,signal_exit,0.06520000000007647,0.9588235294128893,False,True,300,6.6482371977833274,1.7315914702639916,-1.7207265533412581,-11.67867771111904,-1.4696709625398001,0.3874999999998057,0.20000000000131024,7.333333333333333
rsi2_m5_usd100000_smaller_stop_and_time_confirmed_rebound_atr_not_compressed,2017-08-15T10:15:00+00:00,2017-08-15T10:40:00+00:00,45654,signal_exit,-0.1660499999997776,-2.445508100144,False,False,1500,5.397044905708231,1.2518386845470537,-0.9729840603681035,-5.2863542453750485,-1.5671293258700834,0.7045454545455349,0.1999999999990898,10.25
rsi2_m5_usd100000_smaller_stop_and_time_confirmed_rebound_atr_not_compressed,2017-08-15T12:00:00+00:00,2017-08-15T12:15:00+00:00,45675,signal_exit,-0.043599999999881345,-0.6411764705864903,False,False,900,5.236299577337857,1.1663637097051056,-1.2206106225819877,-6.067320724818957,-1.4172983536438986,0.38709677419353683,0.2999999999997449,12.0
rsi2_m5_usd100000_smaller_stop_and_time_confirmed_rebound_atr_not_compressed,2017-08-15T12:50:00+00:00,2017-08-15T12:55:00+00:00,45685,stop,-1.3853191525290693,-20.31259754441451,True,False,300,8.39002311238436,1.6431224979410892,-1.388163559200099,-11.247645736114396,-1.751235203697364,0.4230769230769477,0.1999999999990898,12.833333333333334
rsi2_m5_usd100000_smaller_stop_and_time_confirmed_rebound_atr_not_compressed,2017-08-15T14:15:00+00:00,2017-08-15T14:35:00+00:00,45702,signal_exit,0.16828000000014118,2.467448680353976,False,True,1200,7.436288750531979,1.358263359874668,-2.1808163132452463,-8.56868627337051,0.14348229179155367,0.5238095238096748,0.09999999999843467,14.25
rsi2_m5_usd100000_smaller_stop_and_time_confirmed_rebound_atr_not_compressed,2017-08-16T08:15:00+00:00,2017-08-16T08:35:00+00:00,45917,signal_exit,0.28351000000014337,4.163142437593882,False,True,1200,9.154949943376844,2.2034429883418563,-0.3271607457061007,-6.311541750647724,-1.428690526134688,0.7652173913043512,0.0,8.25
rsi2_m5_usd100000_smaller_stop_and_time_confirmed_rebound_atr_not_compressed,2017-08-16T10:20:00+00:00,2017-08-16T11:20:00+00:00,45942,holding_bars,-0.7114999999998679,-10.432551319646157,False,False,3600,7.490465167020275,1.5288690681190387,-0.6055830893334048,-5.415586847810388,-1.7582435092478153,0.43750000000005784,0.10000000000065512,10.333333333333334
rsi2_m5_usd100000_smaller_stop_and_time_confirmed_rebound_atr_not_compressed,2017-08-16T13:15:00+00:00,2017-08-16T13:45:00+00:00,45977,signal_exit,0.29176000000018854,4.271742313326333,False,True,1800,8.191266549203714,1.4515541944954264,-0.9711076356635941,-6.200020651303939,-2.0644089584806697,0.4883720930230517,0.10000000000065512,13.25
rsi2_m5_usd100000_smaller_stop_and_time_confirmed_rebound_atr_not_compressed,2017-08-16T15:10:00+00:00,2017-08-16T16:00:00+00:00,46000,signal_exit,-0.10451999999998024,-1.5325513196478042,False,False,3000,6.092647738918355,1.0890710067922673,-0.9563495839463987,-3.966287995653663,-0.5858282627105348,0.052631578947327416,0.20000000000131024,15.166666666666666
rsi2_m5_usd100000_smaller_stop_and_time_confirmed_rebound_atr_not_compressed,2017-08-17T07:25:00+00:00,2017-08-17T07:35:00+00:00,46193,signal_exit,0.18024000000007875,2.6544918998538845,False,True,600,5.306802709877825,1.2564383600167706,0.5151181423058906,-1.7560980007720797,-1.6643999013190163,0.6769230769232608,0.1999999999990898,7.416666666666667
rsi2_m5_usd100000_smaller_stop_and_time_confirmed_rebound_atr_not_compressed,2017-08-17T08:20:00+00:00,2017-08-17T09:20:00+00:00,46204,holding_bars,-0.8459999999998533,-12.441176470586077,False,False,3600,6.049489600807185,1.3520599447280293,-0.17334464331982552,-4.468114724606503,-1.6124479773759979,1.0,0.10000000000065512,8.333333333333334
rsi2_m5_usd100000_smaller_stop_and_time_confirmed_rebound_atr_not_compressed,2017-08-17T09:30:00+00:00,2017-08-17T09:50:00+00:00,46218,stop,-0.9878782517983189,-14.506288572662537,True,False,1200,5.484715505128956,1.1964745818024596,-1.001283418111394,-7.034694976265058,-1.5709722512588304,0.23333333333340736,0.1999999999990898,9.5
rsi2_m5_usd100000_smaller_stop_and_time_confirmed_rebound_atr_not_compressed,2017-08-17T10:15:00+00:00,2017-08-17T10:40:00+00:00,46227,stop,-1.156017295847024,-16.950400232361055,True,False,1500,6.658924456357545,1.3713415807285525,-1.5739371823146682,-10.224903241216444,-1.580942771411737,0.23853211009187208,0.2999999999997449,10.25
rsi2_m5_usd100000_smaller_stop_and_time_confirmed_rebound_atr_not_compressed,2017-08-17T10:50:00+00:00,2017-08-17T11:30:00+00:00,46234,stop,-1.148744099733709,-16.84375512806025,True,False,2400,6.655601904206323,1.34195657295257,-1.9565611421955875,-11.095411182315514,-1.2888862722596885,0.5897435897434656,0.20000000000131024,10.833333333333334
rsi2_m5_usd100000_smaller_stop_and_time_confirmed_rebound_atr_not_compressed,2017-08-17T14:40:00+00:00,2017-08-17T14:55:00+00:00,46280,signal_exit,0.7534000000000463,11.063142437592456,False,True,900,9.108117112080599,1.3837171903081977,-0.7955429201039147,-1.5415387448681934,0.4317522439667157,0.8777777777779505,0.2999999999997449,14.666666666666666
rsi2_m5_usd100000_smaller_stop_and_time_confirmed_rebound_atr_not_compressed,2017-08-18T08:05:00+00:00,2017-08-18T08:25:00+00:00,46487,signal_exit,-0.063999999999864,-0.9411764705862352,False,False,1200,7.345964325008468,1.5613061588713684,0.36170422738788477,-0.3216359882441128,-1.2391506287325806,0.5959595959597931,0.2999999999997449,8.083333333333334
rsi2_m5_usd100000_smaller_stop_and_time_confirmed_rebound_atr_not_compressed,2017-08-18T10:05:00+00:00,2017-08-18T10:15:00+00:00,46511,signal_exit,0.17400000000003432,2.5588235294122694,False,True,600,7.187412955419397,1.372691558055984,0.41149962990915057,0.3690005260950955,-0.9785509440837239,0.37804878048792706,0.20000000000131024,10.083333333333334
rsi2_m5_usd100000_smaller_stop_and_time_confirmed_rebound_atr_not_compressed,2017-08-18T15:25:00+00:00,2017-08-18T15:50:00+00:00,46575,signal_exit,-0.22039999999983168,-3.24117647058576,False,False,1500,7.840901039110188,1.3197698623601253,0.2679281634981958,0.7364602897995147,-0.27465505692375314,0.22222222222209762,0.10000000000065512,15.416666666666666
rsi2_m5_usd100000_smaller_stop_and_time_confirmed_rebound_atr_not_compressed,2017-08-21T09:10:00+00:00,2017-08-21T09:15:00+00:00,46780,signal_exit,0.09920000000014823,1.4588235294139442,False,True,300,3.61951934654336,1.0238596107352855,-0.5974545121408009,-2.710708091419498,-0.6956810821717483,0.3809523809520285,0.20000000000131024,9.166666666666666
rsi2_m5_usd100000_smaller_stop_and_time_confirmed_rebound_atr_not_compressed,2017-08-22T09:45:00+00:00,2017-08-22T10:30:00+00:00,47073,stop,-0.9779152019314847,-14.402285742731735,True,False,2700,5.4783888212939305,1.4051650878103958,-1.4976869876275118,-9.487367701813184,-2.056426282193281,0.1538461538466356,0.09999999999843467,9.75
rsi2_m5_usd100000_smaller_stop_and_time_confirmed_rebound_atr_not_compressed,2017-08-22T11:10:00+00:00,2017-08-22T11:15:00+00:00,47090,target,0.4198700485459457,6.183653145006564,False,True,300,4.814580622576443,1.2031115225464868,-2.1235660615575145,-9.528678192690915,-1.2790751747540705,0.5365853658538963,0.10000000000065512,11.166666666666666
rsi2_m5_usd100000_smaller_stop_and_time_confirmed_rebound_atr_not_compressed,2017-08-22T14:05:00+00:00,2017-08-22T14:35:00+00:00,47125,signal_exit,-0.17283999999997285,-2.5455081001468756,False,False,1800,5.884961226636748,1.2993010214113296,-1.1082115980902345,-5.160369905134442,-1.076336601580667,0.5076923076921868,0.20000000000131024,14.083333333333334
rsi2_m5_usd100000_smaller_stop_and_time_confirmed_rebound_atr_not_compressed,2017-08-23T07:25:00+00:00,2017-08-23T07:25:00+00:00,47330,target,0.36131277796231953,5.3134232053282275,False,True,0,4.4272998379567365,1.4019699635502774,-0.5117226240129749,-5.2208758518807565,-2.44536058039048,0.3333333333333333,0.1999999999990898,7.416666666666667
rsi2_m5_usd100000_smaller_stop_and_time_confirmed_rebound_atr_not_compressed,2017-08-23T09:35:00+00:00,2017-08-23T10:05:00+00:00,47356,signal_exit,-0.2744699999998866,-4.054209748890496,False,False,1800,5.628846893084611,1.3945249804260886,1.1258217974790916,4.227898062867652,-0.5756087492343699,0.09230769230760821,0.1999999999990898,9.583333333333334
rsi2_m5_usd100000_smaller_stop_and_time_confirmed_rebound_atr_not_compressed,2017-08-23T13:25:00+00:00,2017-08-23T13:55:00+00:00,47402,signal_exit,-0.1390699999999015,-2.0542097488907163,False,False,1800,4.329235336586949,1.0590432620898504,1.507096039911548,4.636454480329753,-1.2737994147663876,0.33333333333300436,0.20000000000131024,13.416666666666666
rsi2_m5_usd100000_smaller_stop_and_time_confirmed_rebound_atr_not_compressed,2017-08-23T14:55:00+00:00,2017-08-23T15:00:00+00:00,47420,signal_exit,0.2799600000001423,4.1414201183453,False,True,300,5.436598468166086,1.2369785597518799,1.387081993332715,6.3918950561352865,0.5461935035609778,0.5365853658538963,0.1999999999990898,14.916666666666666
rsi2_m5_usd100000_smaller_stop_and_time_confirmed_rebound_atr_not_compressed,2017-08-23T15:45:00+00:00,2017-08-23T16:20:00+00:00,47430,signal_exit,-0.3757599999998005,-5.558579881653853,False,False,2100,4.938039260158324,1.1175248508300297,1.5884458025566943,4.960434785483594,-1.7566703339137508,0.44000000000046185,0.1999999999990898,15.75
rsi2_m5_usd100000_smaller_stop_and_time_confirmed_rebound_atr_not_compressed,2017-08-24T07:00:00+00:00,2017-08-24T07:55:00+00:00,47612,signal_exit,0.016640000000216648,0.24579025111102876,False,True,3300,3.404176312271949,1.181506209887201,-0.20221423091578786,-3.5315323689868947,-1.4160150943363243,0.5641025641030021,0.1999999999990898,7.0
rsi2_m5_usd100000_smaller_stop_and_time_confirmed_rebound_atr_not_compressed,2017-08-24T08:40:00+00:00,2017-08-24T09:15:00+00:00,47632,signal_exit,-0.1255299999998128,-1.8542097488894058,False,False,2100,4.107646756835071,1.3039300113196626,-0.6000287466679374,-3.565118164477318,-1.709628362121667,0.3333333333333333,0.1999999999990898,8.666666666666666
rsi2_m5_usd100000_smaller_stop_and_time_confirmed_rebound_atr_not_compressed,2017-08-24T09:45:00+00:00,2017-08-24T10:30:00+00:00,47645,signal_exit,-0.16614999999992858,-2.4542097488911163,False,False,2700,3.672599840040035,1.1544669694042609,-0.6396486584027024,-2.8167748073195575,-0.306994435560443,0.45161290322617614,0.1999999999990898,9.75
rsi2_m5_usd100000_smaller_stop_and_time_confirmed_rebound_atr_not_compressed,2017-08-24T12:40:00+00:00,2017-08-24T13:10:00+00:00,47680,signal_exit,0.009560000000172042,0.14142011834574025,False,True,1800,4.678544160087478,1.3433400410934582,0.07411507936019966,0.6138331265616723,-0.05573495215428163,0.13114754098373785,0.1999999999990898,12.666666666666666
rsi2_m5_usd100000_smaller_stop_and_time_confirmed_rebound_atr_not_compressed,2017-08-24T13:35:00+00:00,2017-08-24T13:50:00+00:00,47691,signal_exit,0.09111000000025354,1.3457902511115738,False,True,900,4.4669097120440675,1.2530197099665796,0.25660224523033454,-0.6570201076137248,-1.3731826163334953,0.5897435897432978,0.1999999999990898,13.583333333333334
rsi2_m5_usd100000_smaller_stop_and_time_confirmed_rebound_atr_not_compressed,2017-08-25T12:10:00+00:00,2017-08-25T12:15:00+00:00,47962,stop,-0.7733260359266454,-11.439734259269901,True,False,300,3.9405771888071075,1.200094200037426,1.2739681968089112,4.584509288474395,-0.761116107507965,0.2666666666669627,0.20000000000131024,12.166666666666666
rsi2_m5_usd100000_smaller_stop_and_time_confirmed_rebound_atr_not_compressed,2017-08-25T12:35:00+00:00,2017-08-25T13:20:00+00:00,47967,signal_exit,0.05011999999998745,0.7414201183430096,False,True,2700,4.825888257429601,1.3943135071477395,1.180110047441321,1.9695392524344133,-1.5602339409633743,0.31999999999984013,0.30000000000196536,12.583333333333334
rsi2_m5_usd100000_smaller_stop_and_time_confirmed_rebound_atr_not_compressed,2017-08-28T07:50:00+00:00,2017-08-28T08:20:00+00:00,48196,signal_exit,-0.03274999999979561,-0.4895366218205621,False,False,1800,4.297816719320897,1.040940454594387,1.471568098413049,4.369906959425794,-1.4469186673755894,0.6551724137925226,0.10000000000065512,7.833333333333333
rsi2_m5_usd100000_smaller_stop_and_time_confirmed_rebound_atr_not_compressed,2017-08-29T10:00:00+00:00,2017-08-29T10:15:00+00:00,48510,signal_exit,0.3635500000001588,5.483408748117026,False,True,900,6.407530596027604,1.329866898744188,3.619063286591519,10.01760211078153,-2.002318098912667,0.7307692307690994,0.0,10.0
rsi2_m5_usd100000_smaller_stop_and_time_confirmed_rebound_atr_not_compressed,2017-08-29T11:00:00+00:00,2017-08-29T11:20:00+00:00,48522,signal_exit,0.35029000000007193,5.283408748115716,False,True,1200,6.161149865617548,1.2423530891135983,2.7824604323746613,7.65321795229637,-1.4077518462661411,0.23255813953489574,0.10000000000065512,11.0
rsi2_m5_usd100000_smaller_stop_and_time_confirmed_rebound_atr_not_compressed,2017-08-29T13:05:00+00:00,2017-08-29T14:00:00+00:00,48547,stop,-1.0901452733504398,-16.442613474365608,True,False,3300,6.4630111112417135,1.230297134728734,1.8237744058844103,4.694486642390395,-1.523513856744102,0.6279069767442701,0.09999999999843467,13.083333333333334
rsi2_m5_usd100000_smaller_stop_and_time_confirmed_rebound_atr_not_compressed,2017-08-30T07:25:00+00:00,2017-08-30T07:50:00+00:00,48767,signal_exit,0.040480000000092164,0.6059880239534755,False,True,1500,6.933061831273967,1.5279267222404378,-1.2186877786323502,-6.4677838259687945,-0.9814788273311932,0.7209302325581456,0.0,7.416666666666667
rsi2_m5_usd100000_smaller_stop_and_time_confirmed_rebound_atr_not_compressed,2017-08-30T10:25:00+00:00,2017-08-30T10:35:00+00:00,48803,signal_exit,0.05384000000017969,0.8059880239547857,False,True,600,4.899535301572121,1.0152716647799662,-1.2716268594037479,-5.02183179081597,-0.4838048826205516,0.7878787878793791,0.09999999999843467,10.416666666666666
rsi2_m5_usd100000_smaller_stop_and_time_confirmed_rebound_atr_not_compressed,2017-08-30T11:40:00+00:00,2017-08-30T12:10:00+00:00,48818,stop,-0.9205549562190354,-13.760163770090214,True,False,1800,5.0853135741337825,1.0530210350686422,-1.1968243085113204,-7.59092539073777,-2.484328006943818,0.5365853658533547,0.20000000000131024,11.666666666666666
rsi2_m5_usd100000_smaller_stop_and_time_confirmed_rebound_atr_not_compressed,2017-08-30T12:20:00+00:00,2017-08-30T12:30:00+00:00,48826,stop,-1.0466803244290965,-15.622094394464128,True,False,600,6.068509883799652,1.2154051176614111,-1.4187525398947356,-9.011484012783951,-1.6487928793353739,0.15624999999985545,0.10000000000065512,12.333333333333334
rsi2_m5_usd100000_smaller_stop_and_time_confirmed_rebound_atr_not_compressed,2017-08-30T14:05:00+00:00,2017-08-30T14:30:00+00:00,48847,stop,-1.268050433636727,-18.92612587517503,True,False,1500,7.720525624155971,1.358791207015304,-1.6675346966092381,-6.864864720599287,-0.4921140753043404,0.41558441558457665,0.09999999999843467,14.083333333333334
rsi2_m5_usd100000_smaller_stop_and_time_confirmed_rebound_atr_not_compressed,2017-08-30T14:40:00+00:00,2017-08-30T15:00:00+00:00,48854,signal_exit,0.1618000000001387,2.4149253731363984,False,True,1200,7.695038397322214,1.324175742307231,-1.5750263899938333,-7.826977974486584,-1.459629259529851,0.6913580246915205,0.1999999999990898,14.666666666666666
rsi2_m5_usd100000_smaller_stop_and_time_confirmed_rebound_atr_not_compressed,2017-08-31T07:55:00+00:00,2017-08-31T08:00:00+00:00,49061,signal_exit,0.03485000000004862,0.519374068555121,False,True,300,5.251612576516178,1.281755250158532,-0.5499208064117173,-1.6940208774494827,-0.03795576079070133,0.12500000000017347,0.10000000000065512,7.916666666666667
rsi2_m5_usd100000_smaller_stop_and_time_confirmed_rebound_atr_not_compressed,2017-08-31T08:45:00+00:00,2017-08-31T08:55:00+00:00,49071,target,0.4509110975949,6.709986571352679,False,True,600,5.093088523770537,1.2206369687155776,-0.15385694920826878,-2.1015319055612367,-1.364519380143861,0.033898305084599054,0.10000000000065512,8.75
rsi2_m5_usd100000_smaller_stop_and_time_confirmed_rebound_atr_not_compressed,2017-08-31T10:00:00+00:00,2017-08-31T10:05:00+00:00,49086,stop,-1.140427917981964,-16.970653541398274,True,False,300,6.747231532606115,1.4478588754252553,-0.22922085481602622,-3.3139070079879067,-1.7356560390869538,0.9062500000000759,0.09999999999843467,10.0
rsi2_m5_usd100000_smaller_stop_and_time_confirmed_rebound_atr_not_compressed,2017-08-31T10:20:00+00:00,2017-08-31T11:20:00+00:00,49090,holding_bars,-1.209499999999889,-17.971768202078586,False,False,3600,8.35817315188375,1.66874662811845,-0.42454891685627183,-7.014047181403191,-2.078929578369874,0.1466666666664377,0.10000000000065512,10.333333333333334
rsi2_m5_usd100000_smaller_stop_and_time_confirmed_rebound_atr_not_compressed,2017-08-31T11:25:00+00:00,2017-08-31T12:10:00+00:00,49103,stop,-1.2796667721995614,-18.98615389020121,True,False,2700,7.759397419878498,1.4550793333426946,-1.2305797944138448,-7.794868333788295,-1.2252597344494005,0.5593220338983306,0.10000000000065512,11.416666666666666
rsi2_m5_usd100000_smaller_stop_and_time_confirmed_rebound_atr_not_compressed,2017-08-31T12:20:00+00:00,2017-08-31T12:30:00+00:00,49114,target,0.7640542585581669,11.319322349009878,False,True,600,7.441142655984924,1.3470974847438084,-1.7502874969620519,-9.986294726913558,-1.981620785922528,0.34615384615392825,0.1999999999990898,12.333333333333334
rsi2_m5_usd100000_smaller_stop_and_time_confirmed_rebound_atr_not_compressed,2017-09-01T07:50:00+00:00,2017-09-01T08:10:00+00:00,49345,target,0.3106925836884955,4.623401542983564,False,True,1200,4.0997960095864965,1.0777588091352868,-0.49350656115926655,-3.2743664008429443,-0.8514311384642851,0.5405405405405082,0.20000000000131024,7.833333333333333
rsi2_m5_usd100000_smaller_stop_and_time_confirmed_rebound_atr_not_compressed,2017-09-01T10:00:00+00:00,2017-09-01T10:00:00+00:00,49371,target,0.3466559892717942,5.166259154572193,False,True,0,4.323442543007871,1.069947534917877,-0.004618341000523083,-0.24588073493584472,-0.7105334800647718,0.7499999999993061,0.10000000000065512,10.0
rsi2_m5_usd100000_smaller_stop_and_time_confirmed_rebound_atr_not_compressed,2017-09-01T15:30:00+00:00,2017-09-01T15:35:00+00:00,49437,signal_exit,0.20320000000010482,3.0238095238110834,False,True,300,10.102945957242056,1.3367281913938363,-0.7513781249325983,-3.5911104540357375,-0.5891959121692387,0.7499999999998539,0.10000000000065512,15.5
rsi2_m5_usd100000_smaller_stop_and_time_confirmed_rebound_atr_not_compressed,2017-09-04T10:25:00+00:00,2017-09-04T10:45:00+00:00,49663,signal_exit,-0.02579999999990018,-0.38507462686418176,False,False,1200,4.670668727917179,1.0374509751072531,1.3145632357810573,2.770337214519515,-1.734041933359325,0.27586206896567567,0.10000000000065512,10.416666666666666
rsi2_m5_usd100000_smaller_stop_and_time_confirmed_rebound_atr_not_compressed,2017-09-04T12:35:00+00:00,2017-09-04T12:45:00+00:00,49689,stop,-0.8534678668071753,-12.719342277305147,True,False,600,4.569358172930189,1.0313393658441483,0.7287387454185525,1.1657500577748259,-1.3821418422071992,0.7666666666663089,0.20000000000131024,12.583333333333334
rsi2_m5_usd100000_smaller_stop_and_time_confirmed_rebound_atr_not_compressed,2017-09-05T09:40:00+00:00,2017-09-05T10:00:00+00:00,49934,signal_exit,-0.07231999999990962,-1.0761904761891312,False,False,1200,4.520686665302995,1.0903084173563635,-1.0250168847166676,-4.046044055809536,-0.7881063042610296,0.21875000000013012,0.10000000000065512,9.666666666666666
rsi2_m5_usd100000_smaller_stop_and_time_confirmed_rebound_atr_not_compressed,2017-09-05T11:30:00+00:00,2017-09-05T11:50:00+00:00,49956,signal_exit,0.03485000000019761,0.5193740685573415,False,True,1200,5.355896948524949,1.2249088777594452,-0.32645488288392693,-2.2171385205156358,-0.7587745599874689,0.7352941176472894,0.1999999999990898,11.5
rsi2_m5_usd100000_smaller_stop_and_time_confirmed_rebound_atr_not_compressed,2017-09-05T13:35:00+00:00,2017-09-05T13:40:00+00:00,49981,signal_exit,0.2697000000000973,4.019374068555846,False,True,300,4.866520764206697,1.0966168059179398,-0.02169927479817652,-0.6551999861497311,-0.8694638729454723,0.6052631578945369,0.0,13.583333333333334
rsi2_m5_usd100000_smaller_stop_and_time_confirmed_rebound_atr_not_compressed,2017-09-05T15:15:00+00:00,2017-09-05T16:10:00+00:00,50001,signal_exit,-0.19999999999985124,-2.985074626863451,False,False,3300,9.262005884479988,1.6981908346777361,0.5308812023768043,3.0065941529848548,0.24808687207589586,0.907407407407415,0.20000000000131024,15.25
rsi2_m5_usd100000_smaller_stop_and_time_confirmed_rebound_atr_not_compressed,2017-09-06T09:30:00+00:00,2017-09-06T09:35:00+00:00,50219,signal_exit,0.07388000000016265,1.1059880239545308,False,True,300,4.920718553373161,1.2146891161050242,1.330280448059421,5.008836702393787,-0.40581188961932274,0.9117647058824297,0.1999999999990898,9.5
rsi2_m5_usd100000_smaller_stop_and_time_confirmed_rebound_atr_not_compressed,2017-09-06T10:55:00+00:00,2017-09-06T11:55:00+00:00,50236,holding_bars,-0.17992999999986853,-2.689536621821652,False,False,3600,5.825285201918899,1.3296693956340695,1.0556458683497454,1.1474957317363152,-2.0693844131621444,0.31428571428580493,0.10000000000065512,10.916666666666666
rsi2_m5_usd100000_smaller_stop_and_time_confirmed_rebound_atr_not_compressed,2017-09-06T13:55:00+00:00,2017-09-06T14:00:00+00:00,50272,target,0.41133574892271807,6.14851642634855,False,True,300,4.869026524084549,1.079289488300031,0.4328403111458055,-0.1390389731592083,-1.879856896848681,0.1388888888892144,0.1999999999990898,13.916666666666666
rsi2_m5_usd100000_smaller_stop_and_time_confirmed_rebound_atr_not_compressed,2017-09-06T14:25:00+00:00,2017-09-06T14:40:00+00:00,50278,signal_exit,0.06800000000011924,1.014925373136108,False,True,900,6.485968623788875,1.3458095637381335,0.25608967438767527,-1.0494749264303733,-1.6236836375023795,0.6607142857143777,0.20000000000131024,14.416666666666666
rsi2_m5_usd100000_smaller_stop_and_time_confirmed_rebound_atr_not_compressed,2017-09-07T12:00:00+00:00,2017-09-07T12:30:00+00:00,50536,stop,-1.2193866191158496,-18.28165845750899,True,False,1800,7.341578853942999,1.530410348484803,2.016165009211609,6.26355253293033,-1.4816998083519513,0.32653061224470376,0.1999999999990898,12.0
rsi2_m5_usd100000_smaller_stop_and_time_confirmed_rebound_atr_not_compressed,2017-09-07T13:55:00+00:00,2017-09-07T14:05:00+00:00,50559,signal_exit,0.8789200000001178,13.196996996998765,False,True,600,17.811019614409844,2.1468095595504963,1.4956602300063004,3.994489397704164,-0.6087850038141991,0.5909090909090725,0.1999999999990898,13.916666666666666
rsi2_m5_usd100000_smaller_stop_and_time_confirmed_rebound_atr_not_compressed,2017-09-08T13:00:00+00:00,2017-09-08T13:15:00+00:00,50836,signal_exit,0.09172000000014452,1.3834087481168102,False,True,900,6.737254007050147,1.0359468978253603,0.5240667180390389,-0.5436439243862002,-1.7769387499966673,0.606060606060443,0.10000000000065512,13.0
rsi2_m5_usd100000_smaller_stop_and_time_confirmed_rebound_atr_not_compressed,2017-09-08T14:05:00+00:00,2017-09-08T14:15:00+00:00,50849,signal_exit,0.3112800000001059,4.687951807230511,False,True,600,6.606868738201278,1.019778300458398,0.04735404120007305,-2.674045932850377,-1.8916546046222902,0.09722222222223507,0.10000000000065512,14.083333333333334
rsi2_m5_usd100000_smaller_stop_and_time_confirmed_rebound_atr_not_compressed,2017-09-11T07:10:00+00:00,2017-09-11T07:35:00+00:00,51045,signal_exit,0.2788000000000359,4.192481203008058,False,True,1500,5.598527134518613,1.2850048744313156,-0.5922450947715396,-5.08822325976971,-2.1713484645675387,0.2372881355933224,0.0,7.166666666666667
rsi2_m5_usd100000_smaller_stop_and_time_confirmed_rebound_atr_not_compressed,2017-09-11T09:35:00+00:00,2017-09-11T10:10:00+00:00,51074,signal_exit,-0.0738399999999107,-1.1120481927697394,False,False,2100,4.856362519506862,1.0676867104563874,-0.05350568425186308,-0.824374657786179,-0.9647993663155247,0.6599999999999556,0.10000000000065512,9.583333333333334
rsi2_m5_usd100000_smaller_stop_and_time_confirmed_rebound_atr_not_compressed,2017-09-11T11:45:00+00:00,2017-09-11T12:40:00+00:00,51100,stop,-0.8581190666916414,-12.90404611566378,True,False,3300,4.698263659337101,1.052305541575316,-0.35544287366829386,-4.286021889330198,-2.244225800027841,0.1951219512196971,0.09999999999843467,11.75
rsi2_m5_usd100000_smaller_stop_and_time_confirmed_rebound_atr_not_compressed,2017-09-11T12:50:00+00:00,2017-09-11T13:05:00+00:00,51113,stop,-0.9662048187270649,-14.50757986076674,True,False,900,5.502288428882375,1.184157331130969,-0.8405811248691479,-6.119863435033876,-1.5675422027090644,0.8409090909090565,0.10000000000065512,12.833333333333334
rsi2_m5_usd100000_smaller_stop_and_time_confirmed_rebound_atr_not_compressed,2017-09-11T13:25:00+00:00,2017-09-11T13:50:00+00:00,51120,signal_exit,0.2861800000000796,4.296996996998192,False,True,1500,5.607039681733951,1.1892451575274312,-1.241806965819173,-7.56006859981784,-1.407660880594377,0.5151515151516171,0.2999999999997449,13.416666666666666
rsi2_m5_usd100000_smaller_stop_and_time_confirmed_rebound_atr_not_compressed,2017-09-11T15:00:00+00:00,2017-09-11T15:05:00+00:00,51139,signal_exit,0.006460000000021615,0.09699699699732155,False,True,300,5.410758942442357,1.1186959228626725,-1.3882361856703531,-5.132722728008017,-0.20608008539795422,0.31111111111113304,0.20000000000131024,15.0
rsi2_m5_usd100000_smaller_stop_and_time_confirmed_rebound_atr_not_compressed,2017-09-12T09:30:00+00:00,2017-09-12T09:40:00+00:00,51359,signal_exit,0.08724000000010185,1.3059880239536203,False,True,600,5.616564399225479,1.431889054261518,-0.09595225347418437,-2.9660284995670403,-1.455178588274066,0.07692307692314261,0.0,9.5
rsi2_m5_usd100000_smaller_stop_and_time_confirmed_rebound_atr_not_compressed,2017-09-12T11:10:00+00:00,2017-09-12T12:05:00+00:00,51379,signal_exit,-0.13978999999990266,-2.089536621822162,False,False,3300,6.658016578884634,1.530188602017596,-0.6703812757605557,-7.1318872008460685,-1.8682004112897503,0.49999999999985767,0.10000000000065512,11.166666666666666
rsi2_m5_usd100000_smaller_stop_and_time_confirmed_rebound_atr_not_compressed,2017-09-12T12:45:00+00:00,2017-09-12T13:15:00+00:00,51398,signal_exit,-0.10633999999983207,-1.589536621821107,False,False,1800,6.210560699778412,1.35452560503105,-1.401782065011564,-4.869392045707574,0.5623393721956992,0.4599999999999556,0.20000000000131024,12.75
rsi2_m5_usd100000_smaller_stop_and_time_confirmed_rebound_atr_not_compressed,2017-09-13T09:05:00+00:00,2017-09-13T09:35:00+00:00,51639,stop,-0.8618826420320167,-12.941180811291542,True,False,1800,4.719088904145606,1.1801628667410504,0.7083889456009114,1.603914733349509,-1.4138185649109731,0.5121951219512988,0.09999999999843467,9.083333333333334
rsi2_m5_usd100000_smaller_stop_and_time_confirmed_rebound_atr_not_compressed,2017-09-13T12:55:00+00:00,2017-09-13T13:00:00+00:00,51685,stop,-0.9186455399626283,-13.79347657601544,True,False,300,5.0952367865066766,1.2343237311608786,0.3757966590164974,-0.5069662776584866,-2.216305006773445,0.0769230769227156,0.20000000000131024,12.916666666666666
rsi2_m5_usd100000_smaller_stop_and_time_confirmed_rebound_atr_not_compressed,2017-09-13T13:20:00+00:00,2017-09-13T13:35:00+00:00,51690,stop,-1.0072380328875592,-15.101019983321727,True,False,900,5.801259616849453,1.3488590751242258,0.08352701428360244,-3.905282498374751,-1.8773382306147721,0.28846153846167805,0.09999999999843467,13.333333333333334
rsi2_m5_usd100000_smaller_stop_and_time_confirmed_rebound_atr_not_compressed,2017-09-13T13:55:00+00:00,2017-09-13T14:00:00+00:00,51697,stop,-1.130740145509857,-16.927247687273308,True,False,300,6.666617855614555,1.4597606731555768,-0.3929450342972235,-5.52327231757128,-1.237603112915066,0.8695652173914512,0.1999999999990898,13.916666666666666
rsi2_m5_usd100000_smaller_stop_and_time_confirmed_rebound_atr_not_compressed,2017-09-13T14:25:00+00:00,2017-09-13T15:00:00+00:00,51703,signal_exit,-0.41439999999991683,-6.18507462686443,False,False,2100,7.970405037579877,1.6187301093669804,-1.031801902035844,-10.56465810509071,-1.5999575714886098,0.4838709677420664,0.0,14.416666666666666
rsi2_m5_usd100000_smaller_stop_and_time_confirmed_rebound_atr_not_compressed,2017-09-13T15:20:00+00:00,2017-09-13T15:25:00+00:00,51714,stop,-1.1896928495953496,-17.756609695452976,True,False,300,7.185767534294259,1.4053779705610792,-2.108871348006005,-10.759395568293492,-0.7814221696039245,0.2647058823527107,0.0,15.333333333333334
rsi2_m5_usd100000_smaller_stop_and_time_confirmed_rebound_atr_not_compressed,2017-09-13T15:45:00+00:00,2017-09-13T16:00:00+00:00,51719,signal_exit,0.35022000000017783,5.219374068557046,False,True,900,7.724323356917226,1.4535056607989525,-2.471557364676182,-13.518244247385157,-1.9541668016892637,0.160919540229932,0.2999999999997449,15.75
rsi2_m5_usd100000_smaller_stop_and_time_confirmed_rebound_atr_not_compressed,2017-09-14T08:25:00+00:00,2017-09-14T08:30:00+00:00,51914,signal_exit,0.008010000000021777,0.11937406855472096,False,True,300,4.936345363883422,1.3049681726717661,-0.23420307253491243,0.7240696362153272,0.6180819629127811,0.5526315789474145,0.0,8.416666666666666
rsi2_m5_usd100000_smaller_stop_and_time_confirmed_rebound_atr_not_compressed,2017-09-14T09:45:00+00:00,2017-09-14T10:05:00+00:00,51930,signal_exit,-0.08592999999984868,-1.2806259314433486,False,False,1200,4.434156656590658,1.1602599932014641,0.33934047389550887,-0.024083442382069314,-1.2728803844690209,0.3571428571430082,0.09999999999843467,9.75
rsi2_m5_usd100000_smaller_stop_and_time_confirmed_rebound_atr_not_compressed,2017-09-14T11:30:00+00:00,2017-09-14T11:50:00+00:00,51951,target,0.4661652458256669,6.93698282478671,False,True,1200,5.25658665048762,1.306086737699254,0.03037887991168189,-3.4087816197563887,-2.424726021244107,0.12500000000013012,0.1999999999990898,11.5
rsi2_m5_usd100000_smaller_stop_and_time_confirmed_rebound_atr_not_compressed,2017-09-14T12:45:00+00:00,2017-09-14T12:45:00+00:00,51966,target,1.3833715389989107,20.5858859970076,False,True,0,12.131038236598846,2.2521216429141564,-0.3673416330816513,-4.857994037146338,-1.5683146586918097,0.39090909090899184,0.30000000000196536,12.75
rsi2_m5_usd100000_smaller_stop_and_time_confirmed_rebound_atr_not_compressed,2017-09-14T14:55:00+00:00,2017-09-14T15:15:00+00:00,51992,signal_exit,0.028480000000004668,0.4238095238095933,False,True,1200,9.59083464555418,1.42251588533706,-0.2752142234680613,-2.229078081944494,-1.2231646663418143,0.048387096774147334,0.10000000000065512,14.916666666666666
rsi2_m5_usd100000_smaller_stop_and_time_confirmed_rebound_atr_not_compressed,2017-09-15T09:50:00+00:00,2017-09-15T10:10:00+00:00,52219,signal_exit,-0.11983999999991984,-1.7940119760467041,False,False,1200,7.5070300456825905,1.468131004439359,0.9024029835852788,5.018573075543779,0.658671538963079,0.1960784313729588,0.0,9.833333333333334
rsi2_m5_usd100000_smaller_stop_and_time_confirmed_rebound_atr_not_compressed,2017-09-15T14:25:00+00:00,2017-09-15T14:30:00+00:00,52274,signal_exit,-0.013239999999961338,-0.19850074962460776,False,False,300,7.555031403896467,1.2561862344971972,1.6659399168593774,5.177011980244944,-1.084066016747059,0.11627906976712962,0.20000000000131024,14.416666666666666
rsi2_m5_usd100000_smaller_stop_and_time_confirmed_rebound_atr_not_compressed,2017-09-15T15:05:00+00:00,2017-09-15T16:05:00+00:00,52282,holding_bars,-0.8069699999998294,-12.09850074962263,False,False,3600,7.324776051922585,1.2021520408772797,1.5160756211401978,4.347134354769539,-1.4845490291700645,0.02298850574702376,0.10000000000065512,15.083333333333334
rsi2_m5_usd100000_smaller_stop_and_time_confirmed_rebound_atr_not_compressed,2017-09-18T07:15:00+00:00,2017-09-18T07:15:00+00:00,52469,stop,-0.9106014670007843,-13.631758488035691,True,False,0,5.018873255995147,1.2320836297399664,0.044440735959368455,-1.2316626470287693,-1.8317729046615416,0.02380952380967486,0.1999999999990898,7.25
rsi2_m5_usd100000_smaller_stop_and_time_confirmed_rebound_atr_not_compressed,2017-09-18T07:30:00+00:00,2017-09-18T08:10:00+00:00,52472,signal_exit,0.28837000000007995,4.310463378177578,False,True,2400,6.404214483754226,1.4814602314844256,-0.09691374311592946,-4.32529268322919,-1.9971710373944864,0.8181818181817657,0.10000000000065512,7.5
rsi2_m5_usd100000_smaller_stop_and_time_confirmed_rebound_atr_not_compressed,2017-09-18T12:05:00+00:00,2017-09-18T12:25:00+00:00,52527,signal_exit,0.2809600000001844,4.2059880239548555,False,True,1200,5.386400511885209,1.1497651606139372,0.5837837200890185,0.09613869178457002,-1.5346603217125325,0.16279069767447865,0.09999999999843467,12.083333333333334
rsi2_m5_usd100000_smaller_stop_and_time_confirmed_rebound_atr_not_compressed,2017-09-19T08:45:00+00:00,2017-09-19T09:00:00+00:00,52774,target,0.7067705869725798,10.61217097556426,False,True,900,7.007586989282335,1.5229595411503307,1.297658101449568,1.5882956751673678,-1.905929832534992,0.6724137931036133,0.0,8.75
rsi2_m5_usd100000_smaller_stop_and_time_confirmed_rebound_atr_not_compressed,2017-09-19T10:45:00+00:00,2017-09-19T10:50:00+00:00,52798,signal_exit,0.09304000000014517,1.3969969969991767,False,True,300,5.195187620422424,1.107473581500549,0.8001350975865681,2.9534610214715933,-0.4063892405982802,0.8541666666666474,0.10000000000065512,10.75
rsi2_m5_usd100000_smaller_stop_and_time_confirmed_rebound_atr_not_compressed,2017-09-19T11:40:00+00:00,2017-09-19T12:20:00+00:00,52809,signal_exit,-0.13996999999990295,-2.098500749623732,False,False,2400,7.9656827793368965,1.5370224951870097,0.6092531377296554,-0.1910588001996426,-1.8406435499722444,0.5564516129032315,0.2999999999997449,11.666666666666666
rsi2_m5_usd100000_smaller_stop_and_time_confirmed_rebound_atr_not_compressed,2017-09-19T13:10:00+00:00,2017-09-19T13:20:00+00:00,52827,signal_exit,0.11968000000017182,1.7969969969995767,False,True,600,7.411104655430188,1.3328964035946773,0.16440964764769975,0.757737014941594,0.33071912412182747,0.37931034482684695,0.10000000000065512,13.166666666666666
rsi2_m5_usd100000_smaller_stop_and_time_confirmed_rebound_atr_not_compressed,2017-09-19T14:15:00+00:00,2017-09-19T14:25:00+00:00,52840,signal_exit,0.03310000000019614,0.49699699699994204,False,True,600,6.447769149622824,1.1559292870474591,0.33324387287412904,0.8000399186040529,-0.9253526438862191,1.0,0.1999999999990898,14.25
rsi2_m5_usd100000_smaller_stop_and_time_confirmed_rebound_atr_not_compressed,2017-09-20T13:00:00+00:00,2017-09-20T13:15:00+00:00,53111,signal_exit,-0.05369999999992753,-0.8075187969913913,False,False,900,4.63305070874205,1.09759085041539,0.03005285781739664,-2.1703128339160203,-1.873958615980005,0.3333333333334455,0.2999999999997449,13.0
rsi2_m5_usd100000_smaller_stop_and_time_confirmed_rebound_atr_not_compressed,2017-09-20T15:05:00+00:00,2017-09-20T15:05:00+00:00,53136,stop,-0.8647995354716873,-13.004504292807328,True,False,0,4.698492747907405,1.0937478135468963,-0.20185421054782898,-1.0735685026473332,-0.7684320078411696,0.12820512820479243,0.20000000000131024,15.083333333333334
rsi2_m5_usd100000_smaller_stop_and_time_confirmed_rebound_atr_not_compressed,2017-09-20T15:15:00+00:00,2017-09-20T15:35:00+00:00,53138,signal_exit,0.23290000000017416,3.496996996999612,False,True,1200,5.168598338756851,1.1807685319697196,-0.2206359086588698,-2.506572843496472,-2.0548889487806097,0.40000000000009867,0.3999999999981796,15.25
rsi2_m5_usd100000_smaller_stop_and_time_confirmed_rebound_atr_not_compressed,2017-09-21T07:15:00+00:00,2017-09-21T07:40:00+00:00,53330,signal_exit,-0.05908999999982184,-0.8806259314429483,False,False,1500,6.263494911285921,1.2141411691741524,-1.151345958068539,-4.1965379519668415,-0.17071789656185607,0.9459459459458892,0.1999999999990898,7.25
rsi2_m5_usd100000_smaller_stop_and_time_confirmed_rebound_atr_not_compressed,2017-09-22T09:00:00+00:00,2017-09-22T09:00:00+00:00,53634,stop,-0.9926134615259585,-14.904106028918296,True,False,0,5.700551512957964,1.3437900773467628,2.156718535514219,8.59131324872801,-0.05101907050346856,0.47058823529392557,0.10000000000065512,9.0
rsi2_m5_usd100000_smaller_stop_and_time_confirmed_rebound_atr_not_compressed,2017-09-22T09:10:00+00:00,2017-09-22T09:35:00+00:00,53636,signal_exit,0.22624000000013053,3.396996996998957,False,True,1500,6.290781661683238,1.441777993977494,2.1302838144938554,6.982542526703534,-1.4309622513818094,0.5142857142854877,0.10000000000065512,9.166666666666666
rsi2_m5_usd100000_smaller_stop_and_time_confirmed_rebound_atr_not_compressed,2017-09-22T11:05:00+00:00,2017-09-22T11:25:00+00:00,53659,signal_exit,-0.006569999999917642,-0.09850074962395264,False,False,1200,6.2552184784540135,1.324353565433213,1.226967943264029,1.5195672241064389,-1.4922503929289912,0.2666666666668969,0.1999999999990898,11.083333333333334
rsi2_m5_usd100000_smaller_stop_and_time_confirmed_rebound_atr_not_compressed,2017-09-22T12:05:00+00:00,2017-09-22T12:45:00+00:00,53671,signal_exit,0.040120000000092026,0.6014992503761922,False,True,2400,5.888691296246572,1.2194796970508484,0.6199207910351633,0.7932225291471264,-1.5948217504522528,0.4545454545454087,0.10000000000065512,12.083333333333334
rsi2_m5_usd100000_smaller_stop_and_time_confirmed_rebound_atr_not_compressed,2017-09-22T13:30:00+00:00,2017-09-22T13:50:00+00:00,53688,signal_exit,0.14017000000015506,2.1014992503771373,False,True,1200,5.397645127654863,1.0975907163279284,0.32014347479402866,0.49600748255904004,-0.624117289573579,0.36734693877557495,0.09999999999843467,13.5
rsi2_m5_usd100000_smaller_stop_and_time_confirmed_rebound_atr_not_compressed,2017-09-25T07:55:00+00:00,2017-09-25T08:35:00+00:00,53904,target,0.5056593742956685,7.547154840233858,False,True,2400,5.516114733548094,1.4245989234465604,-1.3219460980398388,-7.676406952943372,-1.6317595731530445,0.20253164556980527,0.09999999999843467,7.916666666666667
rsi2_m5_usd100000_smaller_stop_and_time_confirmed_rebound_atr_not_compressed,2017-09-25T09:50:00+00:00,2017-09-25T10:40:00+00:00,53927,signal_exit,-0.07250999999990976,-1.0806259314442586,False,False,3000,5.908447174933591,1.3734152787236047,-1.6498384131217663,-9.768575936447482,-1.8637573766596918,0.3999999999997039,0.10000000000065512,9.833333333333334
rsi2_m5_usd100000_smaller_stop_and_time_confirmed_rebound_atr_not_compressed,2017-09-25T11:45:00+00:00,2017-09-25T12:00:00+00:00,53950,stop,-0.8678404259068457,-12.914292052185205,True,False,900,4.719050787997944,1.0875127998714647,-2.271843834746913,-10.022028767575826,-1.3786104028212596,0.8518518518516995,0.10000000000065512,11.75
rsi2_m5_usd100000_smaller_stop_and_time_confirmed_rebound_atr_not_compressed,2017-09-25T14:55:00+00:00,2017-09-25T15:00:00+00:00,53988,stop,-1.0672719241425142,-15.882022680692176,True,False,300,6.252916102252246,1.2792148840295834,-1.372375596202262,-5.826473564997678,-1.2883747573248694,0.2826086956522229,0.0,14.916666666666666
rsi2_m5_usd100000_smaller_stop_and_time_confirmed_rebound_atr_not_compressed,2017-09-25T15:10:00+00:00,2017-09-25T15:20:00+00:00,53991,stop,-1.2431064494683186,-18.498607878992836,True,False,600,7.511208701402358,1.464178120715168,-1.3120445680995416,-6.846528961816899,-1.545601965378148,0.8333333333333808,0.09999999999843467,15.166666666666666
rsi2_m5_usd100000_smaller_stop_and_time_confirmed_rebound_atr_not_compressed,2017-09-26T07:10:00+00:00,2017-09-26T07:10:00+00:00,54182,stop,-0.8752756400042416,-12.986285460003584,True,False,0,4.709463204779463,1.408573780142891,-1.0290259190055082,-5.2366664452110605,-0.8285550726118049,0.5833333333331483,0.20000000000131024,7.166666666666667
rsi2_m5_usd100000_smaller_stop_and_time_confirmed_rebound_atr_not_compressed,2017-09-26T07:25:00+00:00,2017-09-26T07:45:00+00:00,54185,stop,-1.1390357948574263,-16.899640873255585,True,False,1200,6.716140911406928,1.8159043028604676,-1.012720636229818,-6.375389067431284,-1.2057164695021994,0.9774436090225764,0.09999999999843467,7.416666666666667
rsi2_m5_usd100000_smaller_stop_and_time_confirmed_rebound_atr_not_compressed,2017-09-26T08:05:00+00:00,2017-09-26T08:50:00+00:00,54193,signal_exit,-0.145999999999946,-2.162962962962163,False,False,2700,7.3214405520700785,1.8068337390334532,-1.1735183188384122,-9.694313380156093,-1.4507825254395228,0.7500000000001068,0.1999999999990898,8.083333333333334
rsi2_m5_usd100000_smaller_stop_and_time_confirmed_rebound_atr_not_compressed,2017-09-26T10:30:00+00:00,2017-09-26T10:45:00+00:00,54222,stop,-0.9929568906514479,-14.688711400169346,True,False,900,5.56506575925615,1.3013437908280725,-1.9814277842871384,-11.068894701290276,-1.950625085405899,0.5609756097559523,0.20000000000131024,10.5
rsi2_m5_usd100000_smaller_stop_and_time_confirmed_rebound_atr_not_compressed,2017-09-26T11:55:00+00:00,2017-09-26T12:30:00+00:00,54239,signal_exit,-0.1729199999998226,-2.554209748889551,False,False,2100,4.782269032670712,1.1063624619953438,-2.6062720186383976,-11.446147224452863,-1.298068016049774,0.8695652173909686,0.20000000000131024,11.916666666666666
rsi2_m5_usd100000_smaller_stop_and_time_confirmed_rebound_atr_not_compressed,2017-09-26T14:05:00+00:00,2017-09-26T14:35:00+00:00,54265,stop,-1.0333040957857935,-15.262985166703006,True,False,1800,5.854387708906479,1.2617497195426508,-2.1223198131824734,-8.79677885306311,-1.3012351852667852,0.6103896103896216,0.1999999999990898,14.083333333333334
rsi2_m5_usd100000_smaller_stop_and_time_confirmed_rebound_atr_not_compressed,2017-09-26T14:45:00+00:00,2017-09-26T14:50:00+00:00,54273,stop,-0.9943330843102933,-14.687342456577449,True,False,300,5.616566353843365,1.1960807307549581,-1.9937038873929651,-9.132547487470775,-1.3991197377374263,0.36363636363654717,0.10000000000065512,14.75
rsi2_m5_usd100000_smaller_stop_and_time_confirmed_rebound_atr_not_compressed,2017-09-26T15:05:00+00:00,2017-09-26T15:25:00+00:00,54277,signal_exit,-0.044059999999881694,-0.6498525073728864,False,False,1200,5.818660236154819,1.2200297275619438,-2.0583730510373344,-10.715720150579164,-1.6031499214317961,0.8947368421056937,0.10000000000065512,15.083333333333334
rsi2_m5_usd100000_smaller_stop_and_time_confirmed_rebound_atr_not_compressed,2017-09-27T07:25:00+00:00,2017-09-27T07:50:00+00:00,54470,signal_exit,0.30925000000001934,4.5544918998530095,False,True,1500,5.1449460111894725,1.3706205269807394,-1.476381618308207,-10.937471347481482,-1.8423471156120859,0.20689655172433594,0.0,7.416666666666667
rsi2_m5_usd100000_smaller_stop_and_time_confirmed_rebound_atr_not_compressed,2017-09-27T11:20:00+00:00,2017-09-27T11:35:00+00:00,54517,signal_exit,0.35760000000002923,5.258823529412194,False,True,900,5.150634362371626,1.1864531740800808,-1.6009404093023698,-8.248985309850939,-1.6449290086979365,0.5106382978724108,0.10000000000065512,11.333333333333334
rsi2_m5_usd100000_smaller_stop_and_time_confirmed_rebound_atr_not_compressed,2017-09-27T12:35:00+00:00,2017-09-27T12:40:00+00:00,54532,stop,-0.9098178964021073,-13.379674947089812,True,False,300,4.919249238252343,1.1198703229598503,-1.579919025748278,-7.690749061725894,-1.5754617054620226,0.140845070422522,0.1999999999990898,12.583333333333334
rsi2_m5_usd100000_smaller_stop_and_time_confirmed_rebound_atr_not_compressed,2017-09-27T14:40:00+00:00,2017-09-27T14:50:00+00:00,54557,signal_exit,0.24880000000007138,3.6588235294128144,False,True,600,5.8133833077157595,1.2322412596088945,-1.8628524175241905,-6.496887473469739,0.27827227120850145,0.6400000000002665,0.0,14.666666666666666
rsi2_m5_usd100000_smaller_stop_and_time_confirmed_rebound_atr_not_compressed,2017-09-28T07:20:00+00:00,2017-09-28T07:25:00+00:00,54757,target,0.5939166744309123,8.734068741631063,False,True,300,6.087622606107573,1.4888672407065229,-0.5802117750962335,-2.1322566636072686,-0.0789688511234796,0.5625000000001115,0.09999999999843467,7.333333333333333
rsi2_m5_usd100000_smaller_stop_and_time_confirmed_rebound_atr_not_compressed,2017-09-28T10:10:00+00:00,2017-09-28T10:15:00+00:00,54791,signal_exit,0.003400000000128134,0.05014749262725861,False,True,300,6.02307859280861,1.2366235897833857,0.8617932117538073,3.77355907603641,0.5278679391480232,0.612903225806105,0.0,10.166666666666666
rsi2_m5_usd100000_smaller_stop_and_time_confirmed_rebound_atr_not_compressed,2017-09-28T11:40:00+00:00,2017-09-28T12:20:00+00:00,54809,signal_exit,0.1390000000001132,2.050147492627038,False,True,2400,5.102170077179746,1.043081282517425,1.1950255463336548,4.7919878015762505,0.23423597826939144,0.20000000000011103,0.09999999999843467,11.666666666666666
rsi2_m5_usd100000_smaller_stop_and_time_confirmed_rebound_atr_not_compressed,2017-09-28T13:05:00+00:00,2017-09-28T13:15:00+00:00,54826,target,0.5624052749552233,8.295063052436921,False,True,600,5.8224577799047825,1.151512599548458,1.0756825194197448,2.939404492592,-1.3894136039080744,0.9183673469386738,0.0,13.083333333333334
rsi2_m5_usd100000_smaller_stop_and_time_confirmed_rebound_atr_not_compressed,2017-09-28T14:45:00+00:00,2017-09-28T15:10:00+00:00,54846,signal_exit,-0.09167999999989168,-1.354209748890571,False,False,1500,5.964487317756456,1.1419447371201796,1.2693438469281035,4.43409727758076,-0.5787082293276943,0.5111111111109357,0.10000000000065512,14.75
rsi2_m5_usd100000_smaller_stop_and_time_confirmed_rebound_atr_not_compressed,2017-09-29T12:25:00+00:00,2017-09-29T12:30:00+00:00,55104,target,0.3009736837918233,4.452273428873125,False,True,300,3.955426655264497,1.035648622288791,1.4274148673038545,3.9918536587458044,-1.6096625645613563,0.4800000000000888,0.10000000000065512,12.416666666666666
rsi2_m5_usd100000_smaller_stop_and_time_confirmed_rebound_atr_not_compressed,2017-10-02T10:05:00+00:00,2017-10-02T10:15:00+00:00,55359,signal_exit,-0.0911999999998912,-1.3411764705866354,False,False,600,4.637615546132977,1.1470377858115606,-2.2089125303965087,-10.047129987175783,-1.691435409394191,0.5111111111109357,0.20000000000131024,10.083333333333334
rsi2_m5_usd100000_smaller_stop_and_time_confirmed_rebound_atr_not_compressed,2017-10-02T12:05:00+00:00,2017-10-02T12:15:00+00:00,55383,target,0.3338232788602238,4.909165865591525,False,True,600,4.125171168089012,1.0283079985387173,-1.7489243387644315,-6.432774350396087,-0.2468165438612671,0.6326530612247118,0.0,12.083333333333334
rsi2_m5_usd100000_smaller_stop_and_time_confirmed_rebound_atr_not_compressed,2017-10-02T14:10:00+00:00,2017-10-02T14:30:00+00:00,55408,signal_exit,0.17345000000003427,2.5544918998532293,False,True,1200,6.303382023394312,1.399974732774292,-0.6096151538472229,-3.5008196023734843,-1.2834387924457213,0.74452554744522,0.0,14.166666666666666
rsi2_m5_usd100000_smaller_stop_and_time_confirmed_rebound_atr_not_compressed,2017-10-02T15:10:00+00:00,2017-10-02T15:45:00+00:00,55420,signal_exit,0.12640000000017543,1.8588235294143443,False,True,2100,6.454774882867788,1.3617122834363053,-0.736510011225247,-5.486803043142359,-1.6444548109922683,0.6875000000001446,0.1999999999990898,15.166666666666666
rsi2_m5_usd100000_smaller_stop_and_time_confirmed_rebound_atr_not_compressed,2017-10-03T12:10:00+00:00,2017-10-03T12:15:00+00:00,55671,signal_exit,-0.009879999999809874,-0.1455081001444753,False,False,300,3.934161082980412,1.0144487718251343,1.2173440160695785,3.834912312117974,-1.0223490577802348,0.15151515151549813,0.1999999999990898,12.166666666666666
rsi2_m5_usd100000_smaller_stop_and_time_confirmed_rebound_atr_not_compressed,2017-10-03T15:05:00+00:00,2017-10-03T15:20:00+00:00,55706,signal_exit,0.09876000000014801,1.4544918998549043,False,True,900,5.026339083538438,1.1988675267887727,1.1675491078367113,4.112742951176768,-0.44606092023152655,0.9107142857144769,0.09999999999843467,15.083333333333334
rsi2_m5_usd100000_smaller_stop_and_time_confirmed_rebound_atr_not_compressed,2017-10-03T15:45:00+00:00,2017-10-03T15:55:00+00:00,55714,signal_exit,-0.1388899999999012,-2.0455081001458204,False,False,600,4.156585984810031,1.0105527650768895,1.230554075024666,4.132618485522099,-0.6914905885214633,0.4000000000004441,0.1999999999990898,15.75
rsi2_m5_usd100000_smaller_stop_and_time_confirmed_rebound_atr_not_compressed,2017-10-04T07:10:00+00:00,2017-10-04T07:40:00+00:00,55896,signal_exit,0.17345000000003427,2.5544918998532293,False,True,1800,4.324562370793387,1.3223089071500724,0.8062571952929795,-1.5538808258007302,-2.5078538799978176,0.45999999999975133,0.20000000000131024,7.166666666666667
rsi2_m5_usd100000_smaller_stop_and_time_confirmed_rebound_atr_not_compressed,2017-10-04T08:55:00+00:00,2017-10-04T09:45:00+00:00,55917,signal_exit,-0.20678999999989373,-3.0455081001457103,False,False,3000,4.108687296498099,1.1898528765500627,0.025972008137215778,-0.12746860096303927,-0.35957816206838095,0.156249999999588,0.10000000000065512,8.916666666666666
rsi2_m5_usd100000_smaller_stop_and_time_confirmed_rebound_atr_not_compressed,2017-10-04T11:10:00+00:00,2017-10-04T11:30:00+00:00,55944,signal_exit,-0.2135599999999383,-3.149852507373721,False,False,1200,3.9537825224111702,1.1140882573591697,0.507237334782308,3.2165710290633407,0.4140185527995749,0.2307692307690994,0.10000000000065512,11.166666666666666
rsi2_m5_usd100000_smaller_stop_and_time_confirmed_rebound_atr_not_compressed,2017-10-04T12:45:00+00:00,2017-10-04T13:00:00+00:00,55963,signal_exit,0.044080000000093544,0.6501474926267483,False,True,900,5.7985211504543495,1.4444705638788276,0.7775855603052744,1.3201686030473092,-1.1004144274004815,0.8181818181818549,0.10000000000065512,12.75
rsi2_m5_usd100000_smaller_stop_and_time_confirmed_rebound_atr_not_compressed,2017-10-04T13:35:00+00:00,2017-10-04T13:55:00+00:00,55973,signal_exit,0.2617200000000095,3.8544918998528646,False,True,1200,5.256389695471757,1.28695294605228,0.5019124100209957,-0.6781522539985431,-1.2866183794365837,0.3888888888890602,0.20000000000131024,13.583333333333334
rsi2_m5_usd100000_smaller_stop_and_time_confirmed_rebound_atr_not_compressed,2017-10-04T14:25:00+00:00,2017-10-04T14:30:00+00:00,55983,signal_exit,0.010490000000172806,0.15449189985526957,False,True,300,5.67301234636765,1.3275379621820687,-0.03932094670189519,-2.201020953410965,-1.2978396611067315,0.4545454545454087,0.20000000000131024,14.416666666666666
rsi2_m5_usd100000_smaller_stop_and_time_confirmed_rebound_atr_not_compressed,2017-10-05T09:20:00+00:00,2017-10-05T10:20:00+00:00,56205,holding_bars,-0.5796799999997775,-8.549852507371348,False,False,3600,3.8186238236991406,1.2747207250823187,0.917863100666174,1.8098885437105503,-1.7345568232777975,0.4799999999998579,0.1999999999990898,9.333333333333334
rsi2_m5_usd100000_smaller_stop_and_time_confirmed_rebound_atr_not_compressed,2017-10-05T12:05:00+00:00,2017-10-05T12:15:00+00:00,56238,signal_exit,0.14000000000026452,2.0588235294156547,False,True,600,4.548629533167857,1.3411982129574818,-0.8161598244226917,-6.3993430793482,-1.27606702040219,0.3529411764702809,0.1999999999990898,12.083333333333334
rsi2_m5_usd100000_smaller_stop_and_time_confirmed_rebound_atr_not_compressed,2017-10-05T12:55:00+00:00,2017-10-05T13:15:00+00:00,56248,stop,-0.9333021660348482,-13.725031853453649,True,False,1200,5.0919276914327485,1.4202926525993709,-1.25263524577057,-6.754092378767538,-1.7700965491686584,0.4313725490193773,0.20000000000131024,12.916666666666666
rsi2_m5_usd100000_smaller_stop_and_time_confirmed_rebound_atr_not_compressed,2017-10-05T15:20:00+00:00,2017-10-05T16:05:00+00:00,56277,signal_exit,-0.3498199999997718,-5.136857562404873,False,False,2700,5.9114315528378585,1.3732367895743127,-1.6994018660164754,-9.06542729630589,-1.6276676270220949,0.2363636363635483,0.09999999999843467,15.333333333333334
rsi2_m5_usd100000_smaller_stop_and_time_confirmed_rebound_atr_not_compressed,2017-10-06T07:35:00+00:00,2017-10-06T07:55:00+00:00,56470,signal_exit,-0.14535999999994537,-2.1282576866756275,False,False,1200,4.40793085708181,1.3361002728710656,-1.1752955233905762,-6.227402493590228,-1.6532322660480114,0.058823529411495795,0.20000000000131024,7.583333333333333
rsi2_m5_usd100000_smaller_stop_and_time_confirmed_rebound_atr_not_compressed,2017-10-06T11:15:00+00:00,2017-10-06T11:25:00+00:00,56514,signal_exit,-0.049959999999925675,-0.7325513196470039,False,False,600,3.6219771069978637,1.0508303441594427,-0.02881761549766385,0.21686013788518751,-0.04789188468341045,0.39285714285725615,0.0,11.25
rsi2_m5_usd100000_smaller_stop_and_time_confirmed_rebound_atr_not_compressed,2017-10-06T12:40:00+00:00,2017-10-06T12:45:00+00:00,56531,stop,-1.3143062632176852,-19.271352833103887,True,False,300,7.969400756728689,1.9287630001719813,-0.002391176210990833,-3.042351360710668,-1.6090817585145807,0.5662100456621819,0.0,12.666666666666666
rsi2_m5_usd100000_smaller_stop_and_time_confirmed_rebound_atr_not_compressed,2017-10-10T07:20:00+00:00,2017-10-10T07:45:00+00:00,57030,signal_exit,-0.22033999999983217,-3.2498525073721556,False,False,1500,4.0510289790711935,1.3850655631925999,1.498773755256377,3.887938804803967,-1.0021040769007792,0.15217391304346778,0.10000000000065512,7.333333333333333
rsi2_m5_usd100000_smaller_stop_and_time_confirmed_rebound_atr_not_compressed,2017-10-10T10:45:00+00:00,2017-10-10T11:15:00+00:00,57071,stop,-0.829237038520473,-12.248700716698272,True,False,1800,4.447245483903816,1.271105936479935,1.5810476724322133,5.8934274862523335,-0.12933374215776447,0.4166666666665896,0.0,10.75
rsi2_m5_usd100000_smaller_stop_and_time_confirmed_rebound_atr_not_compressed,2017-10-10T11:25:00+00:00,2017-10-10T11:40:00+00:00,57079,signal_exit,0.009870000000172297,0.14579025111037364,False,True,900,4.548774862136562,1.263265335862575,1.4762144251988543,3.2454583521844147,-1.2674514925620932,0.6176470588236447,0.0,11.416666666666666
rsi2_m5_usd100000_smaller_stop_and_time_confirmed_rebound_atr_not_compressed,2017-10-10T15:30:00+00:00,2017-10-10T15:55:00+00:00,57128,signal_exit,-0.26759999999984246,-3.958579881654474,False,False,1500,4.603654684401288,1.1437650040765086,1.7901535453607194,6.986949014524133,-0.05881148945160629,0.08695652173971807,0.0,15.5
rsi2_m5_usd100000_smaller_stop_and_time_confirmed_rebound_atr_not_compressed,2017-10-11T09:45:00+00:00,2017-10-11T10:10:00+00:00,57345,signal_exit,-0.05803999999982051,-0.8585798816541496,False,False,1500,6.128545445378095,1.5254614353491154,0.972395450232875,-0.6174634741901143,-1.4411544281947941,0.6056338028168133,0.10000000000065512,9.75
rsi2_m5_usd100000_smaller_stop_and_time_confirmed_rebound_atr_not_compressed,2017-10-12T07:15:00+00:00,2017-10-12T07:25:00+00:00,57602,signal_exit,-0.004829999999767465,-0.07176820207678253,False,False,600,3.7459338440726224,1.2186146101312942,0.9053904999772413,0.12866910309677707,-1.7856457441629672,0.48648648648669734,0.09999999999843467,7.25
rsi2_m5_usd100000_smaller_stop_and_time_confirmed_rebound_atr_not_compressed,2017-10-12T08:15:00+00:00,2017-10-12T09:05:00+00:00,57614,signal_exit,-0.10577999999983106,-1.5717682020777275,False,False,3000,4.222625137813098,1.2926980301370803,0.39966546006558284,0.42745214804914866,-0.7298290264388217,0.352941176470934,0.09999999999843467,8.25
rsi2_m5_usd100000_smaller_stop_and_time_confirmed_rebound_atr_not_compressed,2017-10-12T09:30:00+00:00,2017-10-12T09:50:00+00:00,57629,signal_exit,-0.025019999999899734,-0.3717682020787479,False,False,1200,3.8545052497017287,1.1643146545979794,0.09350805870046396,-2.4717661214274727,-2.4811135740594064,0.2307692307690994,0.1999999999990898,9.5
rsi2_m5_usd100000_smaller_stop_and_time_confirmed_rebound_atr_not_compressed,2017-10-12T12:45:00+00:00,2017-10-12T13:15:00+00:00,57668,signal_exit,0.056120000000031645,0.8326409495553656,False,True,1800,3.8963750697500537,1.1595941812869202,-0.3595164500569583,-4.0046313694228655,-1.9048301044796108,0.4047619047618292,0.10000000000065512,12.75
rsi2_m5_usd100000_smaller_stop_and_time_confirmed_rebound_atr_not_compressed,2017-10-12T14:10:00+00:00,2017-10-12T14:25:00+00:00,57685,signal_exit,0.08982000000010276,1.3326409495564207,False,True,900,4.249764478110635,1.210198405523358,-0.8800633088964527,-6.613177470170857,-1.9957424134536061,0.23529411764728933,0.0,14.166666666666666
rsi2_m5_usd100000_smaller_stop_and_time_confirmed_rebound_atr_not_compressed,2017-10-13T07:25:00+00:00,2017-10-13T08:00:00+00:00,57886,signal_exit,0.23875000000017652,3.5370370370396516,False,True,2100,4.977947220394364,1.5609810160208475,-0.28735802208899125,-6.472213637616395,-1.8191842269753777,0.5538461538463325,0.09999999999843467,7.416666666666667
rsi2_m5_usd100000_smaller_stop_and_time_confirmed_rebound_atr_not_compressed,2017-10-13T12:05:00+00:00,2017-10-13T12:20:00+00:00,57942,signal_exit,-0.05127999999977623,-0.7585798816534944,False,False,900,4.099637261189692,1.172023777923969,-1.0880693049737742,-7.550567891240541,-1.5661375353980314,0.4418604651166634,0.09999999999843467,12.083333333333334
rsi2_m5_usd100000_smaller_stop_and_time_confirmed_rebound_atr_not_compressed,2017-10-13T14:25:00+00:00,2017-10-13T14:35:00+00:00,57970,stop,-1.2662217061977612,-18.814587016311457,True,False,600,7.621409407117382,1.5665607930940197,1.1763540211071701,3.4644864293619695,-1.1987994084010898,0.4430379746835977,0.1999999999990898,14.416666666666666
rsi2_m5_usd100000_smaller_stop_and_time_confirmed_rebound_atr_not_compressed,2017-10-13T15:10:00+00:00,2017-10-13T15:25:00+00:00,57979,signal_exit,0.17070000000003402,2.5326409495554008,False,True,900,7.501355616941452,1.467785706398932,0.8072672859713316,-0.8393485738786077,-1.5818530088489657,0.6,0.0,15.166666666666666
rsi2_m5_usd100000_smaller_stop_and_time_confirmed_rebound_atr_not_compressed,2017-10-16T07:05:00+00:00,2017-10-16T07:20:00+00:00,58163,target,0.34319483825281494,5.0693476846796885,False,True,900,4.261778716785434,1.2571523516973686,-1.3357457668210566,-8.264704895200754,-1.5158092208497724,0.29032258064524213,0.10000000000065512,7.083333333333333
rsi2_m5_usd100000_smaller_stop_and_time_confirmed_rebound_atr_not_compressed,2017-10-16T08:30:00+00:00,2017-10-16T08:45:00+00:00,58180,signal_exit,-0.0645999999998646,-0.9542097488901713,False,False,900,4.40517927551117,1.233251885121772,-1.5173062922401241,-6.088423352501547,-0.4221624780030344,0.7894736842109261,0.09999999999843467,8.5
rsi2_m5_usd100000_smaller_stop_and_time_confirmed_rebound_atr_not_compressed,2017-10-16T09:20:00+00:00,2017-10-16T09:30:00+00:00,58190,signal_exit,-0.0781399999999533,-1.1542097488914815,False,False,600,3.76150380792738,1.062624736999637,-1.3934382746647342,-6.031553622688238,-1.2312356585828081,0.16666666666646107,0.20000000000131024,9.333333333333334
rsi2_m5_usd100000_smaller_stop_and_time_confirmed_rebound_atr_not_compressed,2017-10-16T12:10:00+00:00,2017-10-16T12:25:00+00:00,58224,signal_exit,-0.07155999999990909,-1.05857988165546,False,False,900,3.7459970118666606,1.0490289145320333,-0.1320197556046076,-0.7821824706067657,-0.6087313793599625,0.27586206896567567,0.20000000000131024,12.166666666666666
rsi2_m5_usd100000_smaller_stop_and_time_confirmed_rebound_atr_not_compressed,2017-10-16T13:40:00+00:00,2017-10-16T13:55:00+00:00,58242,signal_exit,-0.08507999999999766,-1.25857988165677,False,False,900,4.276751886011233,1.1442538581623645,-0.05398283448003281,-0.5490261756631659,-0.24452429374737178,0.413043478261048,0.0,13.666666666666666
rsi2_m5_usd100000_smaller_stop_and_time_confirmed_rebound_atr_not_compressed,2017-10-16T14:15:00+00:00,2017-10-16T14:35:00+00:00,58249,signal_exit,-0.13915999999990164,-2.0585798816553496,False,False,1200,4.038491282143059,1.0812959751887112,-0.121604657286686,-1.7420097739482818,-1.5115765322128636,0.5,0.1999999999990898,14.25
rsi2_m5_usd100000_smaller_stop_and_time_confirmed_rebound_atr_not_compressed,2017-10-17T08:45:00+00:00,2017-10-17T09:00:00+00:00,58468,stop,-0.7140533275339813,-10.531759993126569,True,False,900,3.54095374287693,1.2080019548598795,-1.4626112837939313,-4.483823219620131,0.36895239331591895,0.3921568627450468,0.10000000000065512,8.75
rsi2_m5_usd100000_smaller_stop_and_time_confirmed_rebound_atr_not_compressed,2017-10-17T09:05:00+00:00,2017-10-17T09:20:00+00:00,58472,stop,-0.7337007878929713,-10.82154554414412,True,False,900,3.6358465183856903,1.2244873289211011,-1.2891987489505707,-5.846493157984436,-1.223153312529312,0.053571428571789675,0.1999999999990898,9.083333333333334
rsi2_m5_usd100000_smaller_stop_and_time_confirmed_rebound_atr_not_compressed,2017-10-17T11:05:00+00:00,2017-10-17T11:50:00+00:00,58496,signal_exit,0.010180000000172551,0.15014749262791371,False,True,2700,3.8764086332807373,1.2124393279090142,-1.4060293515856537,-5.431169570693327,-0.1725313525994453,0.09999999999992598,0.1999999999990898,11.083333333333334
rsi2_m5_usd100000_smaller_stop_and_time_confirmed_rebound_atr_not_compressed,2017-10-17T12:45:00+00:00,2017-10-17T13:00:00+00:00,58516,stop,-0.7869665260552248,-11.590081385202133,True,False,900,4.122286642528543,1.2233153717558465,-1.1300726308673121,-4.989885801050555,-1.001544721233708,0.18181818181793713,0.0,12.75
rsi2_m5_usd100000_smaller_stop_and_time_confirmed_rebound_atr_not_compressed,2017-10-17T13:55:00+00:00,2017-10-17T14:00:00+00:00,58530,stop,-0.7994648071604613,-11.774150326369092,True,False,300,4.114321113112289,1.1795469381224366,-1.3771284031242839,-7.475361385364181,-1.2113221402989947,0.6206896551728627,0.1999999999990898,13.916666666666666
rsi2_m5_usd100000_smaller_stop_and_time_confirmed_rebound_atr_not_compressed,2017-10-17T14:15:00+00:00,2017-10-17T14:30:00+00:00,58534,signal_exit,0.09920000000014823,1.4588235294139442,False,True,900,4.499961612651086,1.2581745585395439,-1.5139671393514749,-8.74885208849657,-1.740019162331777,0.34285714285741475,0.09999999999843467,14.25
rsi2_m5_usd100000_smaller_stop_and_time_confirmed_rebound_atr_not_compressed,2017-10-18T08:50:00+00:00,2017-10-18T09:05:00+00:00,58752,stop,-0.8206913255800627,-12.0867647360834,True,False,900,4.320628317969817,1.4976280742364865,-0.5969142226843221,-6.134327108990808,-2.2588671670490506,0.5555555555559394,0.09999999999843467,8.833333333333334
rsi2_m5_usd100000_smaller_stop_and_time_confirmed_rebound_atr_not_compressed,2017-10-18T11:25:00+00:00,2017-10-18T11:35:00+00:00,58783,signal_exit,-0.08456999999984688,-1.2455081001450201,False,False,600,4.008509120188244,1.2059041522445328,-0.963611270290229,-3.3364185396246895,-0.060040541340963954,0.41935483871023194,0.1999999999990898,11.416666666666666
rsi2_m5_usd100000_smaller_stop_and_time_confirmed_rebound_atr_not_compressed,2017-10-18T12:05:00+00:00,2017-10-18T12:15:00+00:00,58791,signal_exit,-0.11172999999987404,-1.6455081001454201,False,False,600,4.137270241043293,1.2178227686195333,-0.733975331031894,-3.562701619897745,-1.236632042878453,0.549999999999778,0.10000000000065512,12.083333333333334
rsi2_m5_usd100000_smaller_stop_and_time_confirmed_rebound_atr_not_compressed,2017-10-18T15:25:00+00:00,2017-10-18T15:55:00+00:00,58831,signal_exit,-0.2745799999998864,-4.049852507372956,False,False,1800,4.744275952507727,1.193721634746052,0.6133775877988212,2.6014064450827497,0.3682139436765095,0.35714285714274385,0.10000000000065512,15.416666666666666
rsi2_m5_usd100000_smaller_stop_and_time_confirmed_rebound_atr_not_compressed,2017-10-20T07:30:00+00:00,2017-10-20T07:55:00+00:00,59308,signal_exit,0.13124000000006858,1.9414201183442097,False,True,1500,5.964957966180837,1.4793718109656848,-0.9250783944175307,-6.481460999921237,-1.901335561260639,0.7499999999996797,0.0,7.5
rsi2_m5_usd100000_smaller_stop_and_time_confirmed_rebound_atr_not_compressed,2017-10-20T13:05:00+00:00,2017-10-20T13:30:00+00:00,59375,stop,-0.8711802645423175,-12.887282019856766,True,False,1500,4.664351069100869,1.1208311890404428,-0.244269361953434,-3.3868042448888227,-1.8944186118216455,0.32352941176485955,0.1999999999990898,13.083333333333334
rsi2_m5_usd100000_smaller_stop_and_time_confirmed_rebound_atr_not_compressed,2017-10-20T13:45:00+00:00,2017-10-20T14:00:00+00:00,59383,stop,-0.8662367481095656,-12.795225230569654,True,False,900,4.720507740840045,1.1212273743364503,-0.5022163172381212,-5.222681099733736,-1.3641615735187884,0.48648648648669734,0.0,13.75
rsi2_m5_usd100000_smaller_stop_and_time_confirmed_rebound_atr_not_compressed,2017-10-20T15:05:00+00:00,2017-10-20T15:35:00+00:00,59399,stop,-0.9374935614516502,-13.847763093820534,True,False,1800,5.196776672465905,1.1924660924447852,-1.1604637503187059,-5.538519570975508,-0.950833896603463,0.12280701754389382,0.09999999999843467,15.083333333333334
rsi2_m5_usd100000_smaller_stop_and_time_confirmed_rebound_atr_not_compressed,2017-10-20T15:45:00+00:00,2017-10-20T16:05:00+00:00,59407,signal_exit,-0.03049999999979286,-0.44985250737157606,False,False,1200,5.23723498448723,1.1870387352603586,-1.3319403982724085,-8.842123453020342,-2.199184751663996,0.5135135135133027,0.0,15.75
rsi2_m5_usd100000_smaller_stop_and_time_confirmed_rebound_atr_not_compressed,2017-10-23T07:15:00+00:00,2017-10-23T07:40:00+00:00,59591,target,0.25510060424104,3.7570044807222382,False,True,1500,3.601256290432895,1.1575315140432865,-0.7070542182875628,-6.404802064917176,-1.847315781473317,0.6666666666666666,0.09999999999843467,7.25
rsi2_m5_usd100000_smaller_stop_and_time_confirmed_rebound_atr_not_compressed,2017-10-23T08:30:00+00:00,2017-10-23T09:10:00+00:00,59606,signal_exit,0.1123400000000862,1.6544918998539941,False,True,2400,4.153110407149592,1.268469591600428,-1.2779942498226702,-8.764351156327024,-2.1081055421377477,0.6666666666663583,0.10000000000065512,8.5
rsi2_m5_usd100000_smaller_stop_and_time_confirmed_rebound_atr_not_compressed,2017-10-23T10:05:00+00:00,2017-10-23T10:30:00+00:00,59625,signal_exit,0.03800000000020026,0.5588235294147097,False,True,1500,4.3419842276140805,1.2743984243876356,-1.6898792623302699,-7.93678100453282,-1.4944449136555948,0.7246376811595788,0.1999999999990898,10.083333333333334
rsi2_m5_usd100000_smaller_stop_and_time_confirmed_rebound_atr_not_compressed,2017-10-23T11:45:00+00:00,2017-10-23T12:45:00+00:00,59645,holding_bars,-0.47199999999997,-6.941176470587794,False,False,3600,3.9494275520398627,1.1353782214591932,-1.5804667274689006,-6.412717285196419,-1.222182821498799,0.47368421052643883,0.10000000000065512,11.75
rsi2_m5_usd100000_smaller_stop_and_time_confirmed_rebound_atr_not_compressed,2017-10-23T14:45:00+00:00,2017-10-23T14:55:00+00:00,59681,stop,-0.7228154516234757,-10.645293838342795,True,False,600,3.599892869098577,1.033756083526154,-0.9661726795022489,-1.7574543118526464,0.7390975499408644,0.3061224489797213,0.10000000000065512,14.75
rsi2_m5_usd100000_smaller_stop_and_time_confirmed_rebound_atr_not_compressed,2017-10-23T15:35:00+00:00,2017-10-23T15:50:00+00:00,59691,signal_exit,-0.03703999999983704,-0.5455081001448754,False,False,900,4.191116221948628,1.154423180329793,-0.5738862921147351,-3.508238735751172,-1.6675104325381194,0.1153846153845497,0.10000000000065512,15.583333333333334
rsi2_m5_usd100000_smaller_stop_and_time_confirmed_rebound_atr_not_compressed,2017-10-24T07:25:00+00:00,2017-10-24T07:35:00+00:00,59879,target,0.28181427325396524,4.1504311230333615,False,True,600,3.84796961158848,1.4137789427728753,-0.07295943882952818,-4.400965919473524,-2.103646035377927,0.16000000000010658,0.1999999999990898,7.416666666666667
rsi2_m5_usd100000_smaller_stop_and_time_confirmed_rebound_atr_not_compressed,2017-10-24T09:25:00+00:00,2017-10-24T09:35:00+00:00,59903,signal_exit,0.0376500000000492,0.5544918998534492,False,True,600,3.7992715366650267,1.2524755699422727,0.22434187804846786,-0.6787418260093526,-1.5793828804511996,0.1794871794871649,0.0,9.416666666666666
rsi2_m5_usd100000_smaller_stop_and_time_confirmed_rebound_atr_not_compressed,2017-10-24T12:00:00+00:00,2017-10-24T12:15:00+00:00,59934,signal_exit,0.030860000000004717,0.45449189985279403,False,True,900,3.777897654581883,1.1910048183299604,0.19134964062445528,-0.0471105894526932,-0.7014390539388534,0.28571428571466334,0.0,12.0
rsi2_m5_usd100000_smaller_stop_and_time_confirmed_rebound_atr_not_compressed,2017-10-24T13:20:00+00:00,2017-10-24T13:45:00+00:00,59950,signal_exit,-0.010159999999810154,-0.14985250737183117,False,False,1500,3.7842845313314446,1.1614182672898075,0.24040213087528545,0.6948693377503785,0.09102802217818999,0.3999999999998224,0.1999999999990898,13.333333333333334
rsi2_m5_usd100000_smaller_stop_and_time_confirmed_rebound_atr_not_compressed,2017-10-24T15:05:00+00:00,2017-10-24T15:40:00+00:00,59971,signal_exit,-0.12541999999981251,-1.849852507371866,False,False,2100,4.912441052296463,1.3406895001201966,0.3556562287205084,1.043846885633178,-0.3147236834540903,0.22448979591853382,0.09999999999843467,15.083333333333334
rsi2_m5_usd100000_smaller_stop_and_time_confirmed_rebound_atr_not_compressed,2017-10-25T07:35:00+00:00,2017-10-25T07:55:00+00:00,60167,signal_exit,0.0376500000000492,0.5544918998534492,False,True,1200,4.147190957863672,1.3358531972828616,0.12842711866711876,-0.8989975264690215,-1.5111133322339456,0.3030303030303234,0.10000000000065512,7.583333333333333
rsi2_m5_usd100000_smaller_stop_and_time_confirmed_rebound_atr_not_compressed,2017-10-25T12:45:00+00:00,2017-10-25T12:55:00+00:00,60229,signal_exit,0.26104000000016003,3.850147492627729,False,True,600,4.819710745096926,1.2765863099202923,0.7917554645133404,1.7286485866805157,-1.1905750018906793,0.230769230768968,0.10000000000065512,12.75
rsi2_m5_usd100000_smaller_stop_and_time_confirmed_rebound_atr_not_compressed,2017-10-26T08:15:00+00:00,2017-10-26T09:00:00+00:00,60461,stop,-0.7487944115859566,-11.093250542014172,True,False,2700,3.8651437895259755,1.2388724188731883,0.5914717901137468,0.7262107634538181,-1.3302915159926167,0.025641025641200823,0.0,8.25
rsi2_m5_usd100000_smaller_stop_and_time_confirmed_rebound_atr_not_compressed,2017-10-26T12:00:00+00:00,2017-10-26T12:00:00+00:00,60506,stop,-1.3115761365316976,-19.344780774803798,True,False,0,7.89746413371598,2.0136154185147688,-0.5133430889789775,-11.069405331449783,-2.2077493477598917,0.5833333333334704,0.1999999999990898,12.0
rsi2_m5_usd100000_smaller_stop_and_time_confirmed_rebound_atr_not_compressed,2017-10-26T13:45:00+00:00,2017-10-26T14:45:00+00:00,60527,holding_bars,-1.4035999999998827,-20.641176470586508,False,False,3600,13.005841130312788,2.168827977701803,-2.1190295397993437,-12.254955300689742,-1.8168874845213816,0.3206106870229862,0.0,13.75
rsi2_m5_usd100000_smaller_stop_and_time_confirmed_rebound_atr_not_compressed,2017-10-26T15:20:00+00:00,2017-10-26T15:40:00+00:00,60546,signal_exit,0.07280000000012138,1.0674486803536858,False,True,1200,9.321817886963029,1.4609751532689375,-2.913377869869244,-13.841483673049355,-1.5078761467775117,0.5416666666664739,0.0,15.333333333333334
rsi2_m5_usd100000_smaller_stop_and_time_confirmed_rebound_atr_not_compressed,2017-10-27T09:10:00+00:00,2017-10-27T09:35:00+00:00,60758,signal_exit,-0.13825999999990018,-2.015451895042277,False,False,1500,4.959600436240694,1.2076281023050772,-1.7298017116157027,-6.858045008774038,-0.7705882067317058,0.8666666666658772,0.0,9.166666666666666
rsi2_m5_usd100000_smaller_stop_and_time_confirmed_rebound_atr_not_compressed,2017-10-27T10:50:00+00:00,2017-10-27T11:00:00+00:00,60778,signal_exit,-0.0627999999998628,-0.9154518950417317,False,False,600,4.236375969608568,1.0333399616631112,-1.4890570799229816,-6.640664470891726,-1.1413952969636834,0.6052631578945369,0.09999999999843467,10.833333333333334
rsi2_m5_usd100000_smaller_stop_and_time_confirmed_rebound_atr_not_compressed,2017-10-27T12:45:00+00:00,2017-10-27T12:45:00+00:00,60801,target,0.54263850506021,7.887187573549565,False,True,0,5.597082158867408,1.299618177719023,-2.0178991814680773,-10.798905609528433,-1.9906756001924175,0.13636363636349874,0.0,12.75
rsi2_m5_usd100000_smaller_stop_and_time_confirmed_rebound_atr_not_compressed,2017-10-27T13:45:00+00:00,2017-10-27T14:00:00+00:00,60813,target,0.7975832539357441,11.59277985371721,False,True,900,7.549878298950737,1.5572638276712403,-2.040997631368119,-9.188518801055126,-1.3485794442587213,0.10476190476195713,0.1999999999990898,13.75
rsi2_m5_usd100000_smaller_stop_and_time_confirmed_rebound_atr_not_compressed,2017-10-27T15:05:00+00:00,2017-10-27T16:05:00+00:00,60829,holding_bars,-0.6478499999998741,-9.402757619736924,False,False,3600,9.978034965258333,1.703240108138622,-1.566489954623407,-7.754960903771708,-1.1206755018070764,0.6904761904762597,0.0,15.083333333333334
rsi2_m5_usd100000_smaller_stop_and_time_confirmed_rebound_atr_not_compressed,2017-10-30T12:50:00+00:00,2017-10-30T12:55:00+00:00,61085,stop,-0.7485738989595918,-10.912155961510084,True,False,300,3.79835203323464,1.073827584277893,0.915268566733827,1.7417423551452857,-1.354194583298568,0.6956521739129176,0.0,12.833333333333334
rsi2_m5_usd100000_smaller_stop_and_time_confirmed_rebound_atr_not_compressed,2017-10-30T13:10:00+00:00,2017-10-30T13:45:00+00:00,61089,signal_exit,-0.13129999999985503,-1.9112081513807138,False,False,2100,5.008489494513026,1.3385189497241363,0.5950936420218894,-2.6653626513100472,-2.12480812909727,0.8235294117644242,0.0,13.166666666666666
rsi2_m5_usd100000_smaller_stop_and_time_confirmed_rebound_atr_not_compressed,2017-10-30T14:35:00+00:00,2017-10-30T14:50:00+00:00,61106,signal_exit,0.06793000000007726,0.9887918486183007,False,True,900,5.044408717813279,1.285232236519848,-0.38733382325271637,-2.5568546032102253,-0.6025144579211027,0.982758620689543,0.10000000000065512,14.583333333333334
rsi2_m5_usd100000_smaller_stop_and_time_confirmed_rebound_atr_not_compressed,2017-10-31T07:40:00+00:00,2017-10-31T07:50:00+00:00,61311,signal_exit,-0.0833799999998453,-1.2154518950414768,False,False,600,3.869119769403278,1.2931672315149112,0.282538396294062,-0.09808655409009596,-1.1484999429234453,0.6071428571432254,0.0,7.666666666666667
rsi2_m5_usd100000_smaller_stop_and_time_confirmed_rebound_atr_not_compressed,2017-10-31T09:00:00+00:00,2017-10-31T09:45:00+00:00,61327,stop,-0.7913567197042368,-11.552652842397618,True,False,2700,4.116472406600726,1.2696134886655017,0.2868563644377777,1.3169030256442174,0.19405668647481725,0.5454545454548207,0.0,9.0
rsi2_m5_usd100000_smaller_stop_and_time_confirmed_rebound_atr_not_compressed,2017-10-31T09:50:00+00:00,2017-10-31T10:00:00+00:00,61337,stop,-0.7491819309731238,-10.92101940194058,True,False,600,3.702783753449392,1.138139250815892,0.2528197411090884,-0.7825275249316682,-1.627991959535388,0.45000000000077717,0.1999999999990898,9.833333333333334
rsi2_m5_usd100000_smaller_stop_and_time_confirmed_rebound_atr_not_compressed,2017-10-31T10:45:00+00:00,2017-10-31T11:10:00+00:00,61348,target,0.27725867487119715,4.041671645352728,False,True,1500,3.7785617701971055,1.1354363445485647,-0.12710364907827,-2.2450753574830635,-1.5234707986338363,0.17647058823514045,0.1999999999990898,10.75
rsi2_m5_usd100000_smaller_stop_and_time_confirmed_rebound_atr_not_compressed,2017-10-31T14:10:00+00:00,2017-10-31T14:25:00+00:00,61389,signal_exit,0.24590000000002707,3.5845481049566623,False,True,900,5.480111554782283,1.390628043232238,0.06846292446245353,-0.5983820120604383,-0.9226495389063214,0.5822784810124875,0.20000000000131024,14.166666666666666
rsi2_m5_usd100000_smaller_stop_and_time_confirmed_rebound_atr_not_compressed,2017-11-01T08:45:00+00:00,2017-11-01T09:05:00+00:00,61611,signal_exit,-0.01504999999985307,-0.2197080291949353,False,False,1200,3.7583485860484305,1.204944602849392,0.34869373355788547,0.5162452655403109,-0.9074611614273551,0.27272727272708924,0.10000000000065512,8.75
rsi2_m5_usd100000_smaller_stop_and_time_confirmed_rebound_atr_not_compressed,2017-11-01T12:40:00+00:00,2017-11-01T13:15:00+00:00,61658,stop,-0.8997144647874007,-13.096280419030577,True,False,2100,4.842536133824286,1.374051483395394,-0.31856148371511483,-5.016636687269599,-1.8128009114996964,0.3913043478258351,0.10000000000065512,12.666666666666666
rsi2_m5_usd100000_smaller_stop_and_time_confirmed_rebound_atr_not_compressed,2017-11-02T07:50:00+00:00,2017-11-02T08:00:00+00:00,61885,stop,-0.8454287900015487,-12.34202613140947,True,False,600,4.461159051106537,1.1691959188458703,0.8284804047449075,0.5785625475073537,-1.8992929318737584,0.7741935483863573,0.10000000000065512,7.833333333333333
rsi2_m5_usd100000_smaller_stop_and_time_confirmed_rebound_atr_not_compressed,2017-11-02T08:15:00+00:00,2017-11-02T08:45:00+00:00,61890,stop,-0.8473525580515344,-12.352078105707498,True,False,1800,4.518313105332771,1.1717712695008873,0.5976895173766535,-0.9726661495898188,-1.45442828671357,0.6097560975606058,0.0,8.25
rsi2_m5_usd100000_smaller_stop_and_time_confirmed_rebound_atr_not_compressed,2017-11-02T08:55:00+00:00,2017-11-02T09:25:00+00:00,61898,signal_exit,0.11556000000008709,1.6845481049575377,False,True,1800,4.740865290653446,1.2066260863679972,0.18451654120710767,-2.359066686528895,-1.1494194533075301,0.6406250000000596,0.20000000000131024,8.916666666666666
rsi2_m5_usd100000_smaller_stop_and_time_confirmed_rebound_atr_not_compressed,2017-11-02T13:30:00+00:00,2017-11-02T13:35:00+00:00,61953,target,0.6317530962866238,9.222672938490858,False,True,300,6.321190483842152,1.4155919611481584,0.4511532899688119,-1.1820677879099684,-1.788484365350478,0.47272727272750026,0.09999999999843467,13.5
rsi2_m5_usd100000_smaller_stop_and_time_confirmed_rebound_atr_not_compressed,2017-11-02T14:50:00+00:00,2017-11-02T15:20:00+00:00,61969,signal_exit,0.285640000000144,4.1760233918149705,False,True,1800,7.729637108179912,1.5256389158819004,0.552496306607606,3.5329479734510585,0.4871348056294191,0.5,0.20000000000131024,14.833333333333334
rsi2_m5_usd100000_smaller_stop_and_time_confirmed_rebound_atr_not_compressed,2017-11-03T14:45:00+00:00,2017-11-03T14:55:00+00:00,62253,stop,-1.2550499640256993,-18.26855842832168,True,False,600,7.428675138470196,1.662767788966813,-0.5514946510963767,-6.721404444760492,-1.447606678891298,0.5873015873016433,0.10000000000065512,14.75
rsi2_m5_usd100000_smaller_stop_and_time_confirmed_rebound_atr_not_compressed,2017-11-03T15:15:00+00:00,2017-11-03T15:20:00+00:00,62259,signal_exit,0.012970000000174842,0.1887918486197211,False,True,300,7.57953407971562,1.621181444703057,-1.0814814161975634,-8.563828571439085,-1.2970851900632885,0.14285714285702958,0.0,15.25
rsi2_m5_usd100000_smaller_stop_and_time_confirmed_rebound_atr_not_compressed,2017-11-06T09:30:00+00:00,2017-11-06T09:40:00+00:00,62465,signal_exit,0.32288000000021744,4.693023255817113,False,True,600,4.774580226833988,1.264940143646816,-0.5686363237607142,-5.479613391385386,-2.1442898034680287,0.5238095238093224,0.0,9.5
rsi2_m5_usd100000_smaller_stop_and_time_confirmed_rebound_atr_not_compressed,2017-11-06T11:40:00+00:00,2017-11-06T12:05:00+00:00,62491,signal_exit,-0.39951999999993215,-5.80697674418506,False,False,1500,4.09458101581039,1.0788039157091633,-0.6180734977356707,-3.8300244678442232,-1.3248910627215098,0.7878787878787064,0.10000000000065512,11.666666666666666
rsi2_m5_usd100000_smaller_stop_and_time_confirmed_rebound_atr_not_compressed,2017-11-07T07:55:00+00:00,2017-11-07T08:05:00+00:00,62729,signal_exit,0.06871000000007749,0.9972423802623728,False,True,600,3.384341447171592,1.2116184254624185,-0.6298899473353812,-6.224319808131545,-1.347928037754375,0.850000000000111,0.0,7.916666666666667
rsi2_m5_usd100000_smaller_stop_and_time_confirmed_rebound_atr_not_compressed,2017-11-07T08:55:00+00:00,2017-11-07T09:35:00+00:00,62741,signal_exit,0.22780000000019804,3.3014492753651887,False,True,2400,4.627708053559311,1.4983733256181797,-1.3987501765066317,-10.832318954326047,-1.879211283505475,0.5428571428567803,0.0,8.916666666666666
rsi2_m5_usd100000_smaller_stop_and_time_confirmed_rebound_atr_not_compressed,2017-11-07T10:10:00+00:00,2017-11-07T10:10:00+00:00,62756,stop,-0.8606683859147555,-12.473454868329787,True,False,0,4.537452071846504,1.3776481680186907,-2.093163102379777,-10.614822662673717,-1.636479475893224,0.07894736842097574,0.10000000000065512,10.166666666666666
rsi2_m5_usd100000_smaller_stop_and_time_confirmed_rebound_atr_not_compressed,2017-11-07T11:20:00+00:00,2017-11-07T11:45:00+00:00,62770,target,0.3406830214734804,4.937435093818556,False,True,1500,4.117992909227576,1.2018369858825786,-2.171826324845903,-9.199213483153592,-0.836398416463039,0.15789473684204375,0.0,11.333333333333334
rsi2_m5_usd100000_smaller_stop_and_time_confirmed_rebound_atr_not_compressed,2017-11-07T12:20:00+00:00,2017-11-07T12:40:00+00:00,62782,signal_exit,0.00010000000023840938,0.0014492753657740492,False,True,1200,5.28220427613079,1.411400602691342,-1.8714825069274266,-7.583619109303169,-0.5735998301044192,0.42424242424258735,0.1999999999990898,12.333333333333334
rsi2_m5_usd100000_smaller_stop_and_time_confirmed_rebound_atr_not_compressed,2017-11-07T13:25:00+00:00,2017-11-07T13:40:00+00:00,62795,signal_exit,0.09670000000025841,1.401449275366064,False,True,900,4.10633806165942,1.1104940372031213,-1.705655644220729,-7.158859907654577,-1.1501511843291061,0.5714285714286848,0.1999999999990898,13.416666666666666
rsi2_m5_usd100000_smaller_stop_and_time_confirmed_rebound_atr_not_compressed,2017-11-08T09:20:00+00:00,2017-11-08T09:30:00+00:00,63032,signal_exit,0.23344000000008977,3.3930232558152578,False,True,600,4.0746713645852175,1.3643420905016495,0.6367641255454851,1.1016737445645677,-0.83086264199581,0.4999999999986122,0.10000000000065512,9.333333333333334
rsi2_m5_usd100000_smaller_stop_and_time_confirmed_rebound_atr_not_compressed,2017-11-08T12:20:00+00:00,2017-11-08T12:35:00+00:00,63068,signal_exit,-0.04863999999992502,-0.7069767441849566,False,False,900,3.831309833587825,1.2225287063651757,0.32098270471395096,-1.806285160390054,-2.145345177262538,0.26470588235336373,0.0,12.333333333333334
rsi2_m5_usd100000_smaller_stop_and_time_confirmed_rebound_atr_not_compressed,2017-11-08T15:35:00+00:00,2017-11-08T15:55:00+00:00,63107,signal_exit,0.047680000000094924,0.6930232558153332,False,True,1200,4.207827107548119,1.241139308172072,0.13519566855294018,0.23924233444616413,-0.3840176307794288,0.4716981132071598,0.0,15.583333333333334
rsi2_m5_usd100000_smaller_stop_and_time_confirmed_rebound_atr_not_compressed,2017-11-09T08:10:00+00:00,2017-11-09T08:15:00+00:00,63306,stop,-0.7177979566193882,-10.448296311781487,True,False,300,3.518544080201186,1.2685693434885694,1.0435825070274518,2.920020470402251,-0.9699614674703253,0.37209302325624627,0.09999999999843467,8.166666666666666
rsi2_m5_usd100000_smaller_stop_and_time_confirmed_rebound_atr_not_compressed,2017-11-09T08:25:00+00:00,2017-11-09T08:35:00+00:00,63309,stop,-0.7527188079307663,-10.940680347830906,True,False,600,3.8168518018227866,1.3427570493015657,0.936075363598173,0.469418168787652,-2.084110497678144,0.07407407407415022,0.0,8.416666666666666
rsi2_m5_usd100000_smaller_stop_and_time_confirmed_rebound_atr_not_compressed,2017-11-09T12:50:00+00:00,2017-11-09T13:35:00+00:00,63362,stop,-0.9089219300212619,-13.24959081663647,True,False,2700,4.967069460797449,1.4442656075406872,1.8521083233015478,7.1241115258572085,-0.268044868925246,0.7450980392157631,0.0,12.833333333333334
rsi2_m5_usd100000_smaller_stop_and_time_confirmed_rebound_atr_not_compressed,2017-11-09T13:45:00+00:00,2017-11-09T13:45:00+00:00,63373,stop,-0.9079071420995217,-13.215533363894057,True,False,0,4.902162606256151,1.3734199653750017,1.7657893257129997,3.565070847270385,-1.9413109547609702,0.41666666666632746,0.10000000000065512,13.75
rsi2_m5_usd100000_smaller_stop_and_time_confirmed_rebound_atr_not_compressed,2017-11-09T14:05:00+00:00,2017-11-09T14:35:00+00:00,63377,signal_exit,-0.048859999999772585,-0.7112081513795135,False,False,1800,5.644972568650633,1.5043300718560884,1.286143071090515,-0.22218567240865184,-1.7888416060507897,0.27419354838717186,0.0,14.083333333333334
rsi2_m5_usd100000_smaller_stop_and_time_confirmed_rebound_atr_not_compressed,2017-11-10T08:15:00+00:00,2017-11-10T08:20:00+00:00,63595,target,0.25841797723412596,3.767025907203002,False,True,300,3.6412389011217843,1.2574486156543627,0.046773642204559845,-3.6219608529178333,-1.5367754230455017,0.6829268292683983,0.1999999999990898,8.25
rsi2_m5_usd100000_smaller_stop_and_time_confirmed_rebound_atr_not_compressed,2017-11-10T09:10:00+00:00,2017-11-10T09:20:00+00:00,63606,signal_exit,0.15672000000020445,2.2845481049592484,False,True,600,3.888009517993151,1.2829216084128199,-0.3251848092476946,-1.9929126681796185,-0.4991488931995546,0.9459459459461892,0.1999999999990898,9.166666666666666
rsi2_m5_usd100000_smaller_stop_and_time_confirmed_rebound_atr_not_compressed,2017-11-10T11:10:00+00:00,2017-11-10T11:30:00+00:00,63630,stop,-0.7913501044384783,-11.552556269174866,True,False,1200,4.066424119990187,1.2292064580852686,0.7846673131380734,2.135466221208671,-1.187128746202334,0.5294117647060744,0.09999999999843467,11.166666666666666
rsi2_m5_usd100000_smaller_stop_and_time_confirmed_rebound_atr_not_compressed,2017-11-10T13:35:00+00:00,2017-11-10T13:40:00+00:00,63659,stop,-0.7125156144663733,-10.401687802428809,True,False,300,3.5409898866165928,1.0768063568376804,0.32055943297698236,1.8413549529177033,0.3744398702901913,0.5400000000000444,0.0,13.583333333333334
rsi2_m5_usd100000_smaller_stop_and_time_confirmed_rebound_atr_not_compressed,2017-11-10T13:50:00+00:00,2017-11-10T14:05:00+00:00,63662,signal_exit,0.08770000000005956,1.2802919708037892,False,True,900,3.913103054262556,1.1670897434106942,0.319097848149863,0.9290759855422747,-0.3724125773637956,0.9122807017541946,0.10000000000065512,13.833333333333334
rsi2_m5_usd100000_smaller_stop_and_time_confirmed_rebound_atr_not_compressed,2017-11-13T09:50:00+00:00,2017-11-13T10:30:00+00:00,63890,signal_exit,-0.3369999999999849,-4.91970802919686,False,False,2400,3.353291933386444,1.1921963103794984,-0.6281794672013181,-2.5583190493653944,-0.27860689368070735,0.5217391304349085,0.0,9.833333333333334
rsi2_m5_usd100000_smaller_stop_and_time_confirmed_rebound_atr_not_compressed,2017-11-13T14:25:00+00:00,2017-11-13T14:55:00+00:00,63945,signal_exit,-0.11107999999987311,-1.6239766081852793,False,False,1800,4.007955726942917,1.2980001059267394,0.8830164683402976,3.591214069376687,0.019626401831646077,0.9285714285717118,0.0,14.416666666666666
rsi2_m5_usd100000_smaller_stop_and_time_confirmed_rebound_atr_not_compressed,2017-11-13T15:55:00+00:00,2017-11-13T16:15:00+00:00,63963,stop,-0.7511873992195308,-10.982271918414192,True,False,1200,3.829147655114671,1.1868588931338646,0.858489029728423,2.9783876138887053,-0.057431095458956104,0.04347826086985904,0.0,15.916666666666666
rsi2_m5_usd100000_smaller_stop_and_time_confirmed_rebound_atr_not_compressed,2017-11-14T08:15:00+00:00,2017-11-14T08:15:00+00:00,64152,target,0.29698593987840893,4.348256806418871,False,True,0,3.9382572465478205,1.588787696894152,1.1639759719125333,7.41951582432966,0.6685546551026164,0.6060606060606468,0.20000000000131024,8.25
rsi2_m5_usd100000_smaller_stop_and_time_confirmed_rebound_atr_not_compressed,2017-11-14T10:55:00+00:00,2017-11-14T11:20:00+00:00,64184,signal_exit,-0.02293999999989854,-0.3368575624067333,False,False,1500,4.446755009840012,1.4291007024380034,2.9146246811309204,11.35449176947913,0.15352575271456412,0.35897435897453417,0.0,10.916666666666666
rsi2_m5_usd100000_smaller_stop_and_time_confirmed_rebound_atr_not_compressed,2017-11-15T10:25:00+00:00,2017-11-15T10:35:00+00:00,64465,signal_exit,0.09656000000014692,1.4326409495570758,False,True,600,5.9361003775812025,1.4355165786292658,2.7925670820392607,9.37384308298681,-1.1363314418031245,0.49152542372894753,0.09999999999843467,10.416666666666666
rsi2_m5_usd100000_smaller_stop_and_time_confirmed_rebound_atr_not_compressed,2017-11-15T14:20:00+00:00,2017-11-15T14:40:00+00:00,64512,signal_exit,-0.2404999999998157,-3.562962962960232,False,False,1200,8.079898942575303,1.591599901396421,1.4603654043541845,2.770524222037805,-1.593171326774771,0.37499999999972244,0.10000000000065512,14.333333333333334
rsi2_m5_usd100000_smaller_stop_and_time_confirmed_rebound_atr_not_compressed,2017-11-16T07:25:00+00:00,2017-11-16T07:50:00+00:00,64717,signal_exit,-0.17968999999986696,-2.654209748890206,False,False,1500,4.344346299666752,1.3302432102474961,-0.15939984348977224,-2.08111371105921,-0.9395936492710811,0.37931034482737497,0.0,7.416666666666667
rsi2_m5_usd100000_smaller_stop_and_time_confirmed_rebound_atr_not_compressed,2017-11-16T08:05:00+00:00,2017-11-16T08:20:00+00:00,64725,target,0.5148662186086659,7.605114011944842,False,True,900,5.529661880417461,1.5633099486105515,-0.14622060826557087,-2.4991297596799447,-0.899146335629901,0.6910569105690837,0.10000000000065512,8.083333333333334
rsi2_m5_usd100000_smaller_stop_and_time_confirmed_rebound_atr_not_compressed,2017-11-16T09:15:00+00:00,2017-11-16T10:15:00+00:00,64739,holding_bars,-0.7957599999998441,-11.754209748889869,False,False,3600,5.945257830875197,1.52082729042463,-0.31832941929122505,-2.023814935318939,-0.6418406246395381,0.11627906976770605,0.09999999999843467,9.25
rsi2_m5_usd100000_smaller_stop_and_time_confirmed_rebound_atr_not_compressed,2017-11-16T11:25:00+00:00,2017-11-16T11:30:00+00:00,64765,signal_exit,-0.02371999999989899,-0.3498525073731414,False,False,300,4.603702245142044,1.1349463626660308,-0.8582760412872977,-4.905021773090612,-1.8435516035095043,0.10810810810822165,0.10000000000065512,11.416666666666666
rsi2_m5_usd100000_smaller_stop_and_time_confirmed_rebound_atr_not_compressed,2017-11-16T15:25:00+00:00,2017-11-16T15:50:00+00:00,64813,signal_exit,-0.044059999999881694,-0.6498525073728864,False,False,1500,5.829864294890516,1.285643648673011,-0.21500381340296995,-2.2400028072950113,-1.8110127577213722,0.8055555555554699,0.0,15.416666666666666
rsi2_m5_usd100000_smaller_stop_and_time_confirmed_rebound_atr_not_compressed,2017-11-17T07:20:00+00:00,2017-11-17T07:30:00+00:00,65001,stop,-0.7320434547898607,-10.829045189199121,True,False,600,3.6852326537723084,1.0576606269891307,1.2187691691541038,3.2805357135470783,-1.2764435296058576,0.11320754716973228,0.09999999999843467,7.333333333333333
rsi2_m5_usd100000_smaller_stop_and_time_confirmed_rebound_atr_not_compressed,2017-11-17T07:35:00+00:00,2017-11-17T07:35:00+00:00,65004,stop,-0.7829640780515896,-11.582308846917005,True,False,0,4.061864482630426,1.145444262043366,1.1028943906915205,2.6989056635730173,-1.2003925567615106,0.6301369863013282,0.10000000000065512,7.583333333333333
rsi2_m5_usd100000_smaller_stop_and_time_confirmed_rebound_atr_not_compressed,2017-11-17T08:05:00+00:00,2017-11-17T08:15:00+00:00,65010,signal_exit,0.030180000000155027,0.44579025111011855,False,True,600,4.902583697261064,1.3148715424025856,0.7451353070750578,-1.3136352402790863,-1.656122384030208,0.046875000000308996,0.09999999999843467,8.083333333333334
rsi2_m5_usd100000_smaller_stop_and_time_confirmed_rebound_atr_not_compressed,2017-11-17T11:55:00+00:00,2017-11-17T12:15:00+00:00,65056,signal_exit,-0.2878799999999753,-4.2585798816564395,False,False,1200,4.269636485376496,1.0463442367999751,0.3664274217499994,0.7494980712667858,-1.0945021008380313,0.3124999999998699,0.20000000000131024,11.916666666666666
rsi2_m5_usd100000_smaller_stop_and_time_confirmed_rebound_atr_not_compressed,2017-11-17T13:40:00+00:00,2017-11-17T13:45:00+00:00,65077,stop,-0.8836313228169355,-13.05216134146138,True,False,300,4.798975796284982,1.1500684745623382,-0.01405958503757984,-1.4872660527391754,-1.5694154394518463,0.38095238095239775,0.10000000000065512,13.666666666666666
rsi2_m5_usd100000_smaller_stop_and_time_confirmed_rebound_atr_not_compressed,2017-11-17T15:00:00+00:00,2017-11-17T15:05:00+00:00,65093,signal_exit,-0.030999999999943573,-0.45857988165597,False,False,300,5.3221413394181285,1.2025675535913916,-0.08145021161740537,0.17994955761079892,0.4461874478890665,0.1428571428575205,0.0,15.0
rsi2_m5_usd100000_smaller_stop_and_time_confirmed_rebound_atr_not_compressed,2017-11-17T15:45:00+00:00,2017-11-17T16:20:00+00:00,65102,signal_exit,0.09788000000014757,1.4457902511100085,False,True,2100,5.194876120952079,1.1596281015245977,-0.08031083154871217,-1.597987383383492,-1.5783276576651488,0.5749999999999444,0.0,15.75
rsi2_m5_usd100000_smaller_stop_and_time_confirmed_rebound_atr_not_compressed,2017-11-20T11:25:00+00:00,2017-11-20T11:30:00+00:00,65336,signal_exit,0.2332800000001327,3.445790251109788,False,True,300,5.0189234453636775,1.0533609010063971,1.2797274101927547,2.8149938431125463,-1.4588875004374178,0.3636363636367918,0.09999999999843467,11.416666666666666
rsi2_m5_usd100000_smaller_stop_and_time_confirmed_rebound_atr_not_compressed,2017-11-20T11:55:00+00:00,2017-11-20T11:55:00+00:00,65342,stop,-0.8882462789758923,-13.12032908383888,True,False,0,4.833059667474094,1.0170560157596715,1.0371431149777028,2.950267603642122,-1.0040381295520089,0.7380952380951625,0.10000000000065512,11.916666666666666
rsi2_m5_usd100000_smaller_stop_and_time_confirmed_rebound_atr_not_compressed,2017-11-20T13:45:00+00:00,2017-11-20T14:40:00+00:00,65364,stop,-0.9331409104165076,-13.763140271629906,True,False,3300,5.1566438821290115,1.0721518597197797,0.4275638300555652,0.08635661661499608,-1.6604637672903677,0.5636363636365985,0.09999999999843467,13.75
rsi2_m5_usd100000_smaller_stop_and_time_confirmed_rebound_atr_not_compressed,2017-11-20T15:20:00+00:00,2017-11-20T15:50:00+00:00,65383,signal_exit,-0.19320999999980476,-2.8455081001444,False,False,1800,5.281714329925225,1.0804287248549282,-0.25373152385718145,-4.470229221585143,-1.7307402487302734,0.5294117647054214,0.0,15.333333333333334
rsi2_m5_usd100000_smaller_stop_and_time_confirmed_rebound_atr_not_compressed,2017-11-21T08:45:00+00:00,2017-11-21T09:15:00+00:00,65588,stop,-0.9770888760808512,-14.390115995299723,True,False,1800,5.422303947578096,1.6351951702406453,-0.020286720100840924,-0.1996239794021395,-0.07294384853901009,0.01492537313442234,0.1999999999990898,8.75
rsi2_m5_usd100000_smaller_stop_and_time_confirmed_rebound_atr_not_compressed,2017-11-21T09:45:00+00:00,2017-11-21T09:55:00+00:00,65600,signal_exit,0.3652300000002251,5.363142437595082,False,True,600,6.176035179318155,1.6832807932509337,-0.33938907317211053,-5.731977467804595,-1.8012659806398406,0.7258064516129263,0.09999999999843467,9.75
rsi2_m5_usd100000_smaller_stop_and_time_confirmed_rebound_atr_not_compressed,2017-11-21T11:20:00+00:00,2017-11-21T12:20:00+00:00,65619,holding_bars,-0.5943999999998659,-8.741176470586264,False,False,3600,5.755610511974376,1.4209426371221154,-0.6038956257551766,-3.106037056343045,-0.7144520169181588,0.29268292682954566,0.1999999999990898,11.333333333333334
rsi2_m5_usd100000_smaller_stop_and_time_confirmed_rebound_atr_not_compressed,2017-11-21T13:10:00+00:00,2017-11-21T13:25:00+00:00,65641,signal_exit,-0.10465999999982906,-1.536857562405713,False,False,900,5.062007166010901,1.2075081732181305,-0.8466234417470991,-4.388783546382155,-1.3634830022115563,0.7058823529409972,0.10000000000065512,13.166666666666666
rsi2_m5_usd100000_smaller_stop_and_time_confirmed_rebound_atr_not_compressed,2017-11-22T08:50:00+00:00,2017-11-22T08:55:00+00:00,65872,signal_exit,0.05764000000018238,0.8501474926280586,False,True,300,4.86176211893824,1.4196509145950147,1.206868218964093,5.03696563506415,0.2219023121696124,0.17073170731709958,0.0,8.833333333333334
rsi2_m5_usd100000_smaller_stop_and_time_confirmed_rebound_atr_not_compressed,2017-11-22T10:15:00+00:00,2017-11-22T11:15:00+00:00,65889,holding_bars,-0.6073999999999551,-8.945508100146613,False,False,3600,3.985029704549922,1.141854539734937,1.2138593467973813,2.2796805915962954,-1.4455573746871546,0.9090909090903586,0.10000000000065512,10.25
rsi2_m5_usd100000_smaller_stop_and_time_confirmed_rebound_atr_not_compressed,2017-11-22T12:35:00+00:00,2017-11-22T13:05:00+00:00,65917,signal_exit,-0.09135999999989136,-1.3455081001456752,False,False,1800,3.904167598154913,1.1161891194894347,0.1398171966902563,-1.4905481244099603,-1.809489542941749,0.8372093023260377,0.0,12.583333333333334
rsi2_m5_usd100000_smaller_stop_and_time_confirmed_rebound_atr_not_compressed,2017-11-23T13:05:00+00:00,2017-11-23T13:15:00+00:00,66208,signal_exit,0.10330000000019107,1.532640949557731,False,True,600,3.8982585425044185,1.033276600886773,1.399006421110396,4.395351055034294,-1.2537533779111747,0.05000000000033307,0.09999999999843467,13.083333333333334
rsi2_m5_usd100000_smaller_stop_and_time_confirmed_rebound_atr_not_compressed,2017-11-24T07:25:00+00:00,2017-11-24T07:50:00+00:00,66418,signal_exit,-0.1865199999999117,-2.767359050443794,False,False,1500,3.212828835659259,1.1606590137287884,0.19755063625120653,-1.8629987280625595,-1.7788966803501216,0.7741935483876282,0.20000000000131024,7.416666666666667
rsi2_m5_usd100000_smaller_stop_and_time_confirmed_rebound_atr_not_compressed,2017-11-24T11:20:00+00:00,2017-11-24T12:05:00+00:00,66465,signal_exit,-0.011559999999811554,-0.17176820207743762,False,False,2700,3.932446559369583,1.158150197408368,1.1351984576694105,1.6128068849332833,-2.2803948333920125,0.17391304347847075,0.1999999999990898,11.333333333333334
rsi2_m5_usd100000_smaller_stop_and_time_confirmed_rebound_atr_not_compressed,2017-11-27T09:15:00+00:00,2017-11-27T09:50:00+00:00,66721,signal_exit,-0.3471799999999244,-5.189536621822486,False,False,2100,5.8579710731297805,1.5899260509160895,1.0251911350665879,3.2417023309211643,-0.43517792363520313,0.13953488372083417,0.10000000000065512,9.25
rsi2_m5_usd100000_smaller_stop_and_time_confirmed_rebound_atr_not_compressed,2017-11-27T11:50:00+00:00,2017-11-27T12:35:00+00:00,66752,stop,-0.7275145359619051,-10.890936167094386,True,False,2700,3.6484620955244655,1.0010542651478058,0.8570383804776264,3.4946727559457003,0.16590112157835218,0.5161290322578104,0.1999999999990898,11.833333333333334
rsi2_m5_usd100000_smaller_stop_and_time_confirmed_rebound_atr_not_compressed,2017-11-27T14:30:00+00:00,2017-11-27T14:35:00+00:00,66784,signal_exit,0.013760000000213768,0.20598802395529592,False,True,300,4.425576400951108,1.140021815253698,1.3177811333738638,5.249674776532653,-0.16916900538347793,0.15151515151539618,0.09999999999843467,14.5
rsi2_m5_usd100000_smaller_stop_and_time_confirmed_rebound_atr_not_compressed,2017-11-27T14:50:00+00:00,2017-11-27T15:15:00+00:00,66788,stop,-0.9677704587070408,-14.487581717171269,True,False,1500,5.546784870563102,1.3594291139295296,1.2973372381394381,1.9558397069183469,-2.203294119933448,0.31746031746032866,0.0,14.833333333333334
rsi2_m5_usd100000_smaller_stop_and_time_confirmed_rebound_atr_not_compressed,2017-11-27T15:25:00+00:00,2017-11-27T15:45:00+00:00,66795,stop,-0.9398765407051584,-14.048976692154833,True,False,1200,5.329720035166282,1.2854367283640473,0.9437502343915826,-0.14414069696296997,-1.4195747925157407,0.35555555555536916,0.0,15.416666666666666
rsi2_m5_usd100000_smaller_stop_and_time_confirmed_rebound_atr_not_compressed,2017-11-28T07:30:00+00:00,2017-11-28T07:35:00+00:00,66987,target,0.23835062029580276,3.552170198149072,False,True,300,3.5663980647959357,1.2664922428055188,-0.3754507046483482,-5.496413041925982,-1.6259865477579611,0.8367346938778008,0.1999999999990898,7.5
rsi2_m5_usd100000_smaller_stop_and_time_confirmed_rebound_atr_not_compressed,2017-11-28T09:25:00+00:00,2017-11-28T09:45:00+00:00,67010,signal_exit,-0.02553999999990003,-0.38062593144411366,False,False,1200,5.934991445893629,1.6446185064918002,-0.3592207681177154,-2.6704459500309117,-0.7778873786668566,0.9295774647888954,0.10000000000065512,9.416666666666666
rsi2_m5_usd100000_smaller_stop_and_time_confirmed_rebound_atr_not_compressed,2017-11-28T10:45:00+00:00,2017-11-28T11:00:00+00:00,67026,signal_exit,0.11537000000012915,1.719374068556321,False,True,900,5.330369226442282,1.3920815818520758,-0.7536186817431059,-6.185893818901847,-1.6531954385203738,0.09999999999992598,0.10000000000065512,10.75
rsi2_m5_usd100000_smaller_stop_and_time_confirmed_rebound_atr_not_compressed,2017-11-28T11:35:00+00:00,2017-11-28T11:50:00+00:00,67036,signal_exit,-0.05908999999997083,-0.8806259314451688,False,False,900,4.236410497301222,1.1238535086374808,-1.0700010079504432,-4.334286273949374,0.014142418571795308,0.3076923076919573,0.20000000000131024,11.583333333333334
rsi2_m5_usd100000_smaller_stop_and_time_confirmed_rebound_atr_not_compressed,2017-11-28T12:15:00+00:00,2017-11-28T12:30:00+00:00,67044,signal_exit,-0.12618999999996344,-1.8806259314450589,False,False,900,3.977058030653687,1.0557861492766,-1.1328336408122746,-4.687281471184302,-0.5765067094494183,0.3809523809526831,0.10000000000065512,12.25
rsi2_m5_usd100000_smaller_stop_and_time_confirmed_rebound_atr_not_compressed,2017-11-28T14:25:00+00:00,2017-11-28T14:55:00+00:00,67070,stop,-0.8574417205803071,-12.778565135324994,True,False,1800,4.648969601940486,1.1818599457109993,-0.5771036818749324,-2.6761616863169566,-0.518759032991074,0.4772727272728305,0.10000000000065512,14.416666666666666
rsi2_m5_usd100000_smaller_stop_and_time_confirmed_rebound_atr_not_compressed,2017-11-29T08:35:00+00:00,2017-11-29T09:00:00+00:00,67286,signal_exit,0.24352000000021976,3.6238095238127936,False,True,1500,5.068845006538092,1.3548992633939323,0.3019841661841693,1.388609664150148,0.05230620712843372,0.1935483870969475,0.09999999999843467,8.583333333333334
rsi2_m5_usd100000_smaller_stop_and_time_confirmed_rebound_atr_not_compressed,2017-11-29T10:20:00+00:00,2017-11-29T10:20:00+00:00,67307,stop,-0.8152254919130939,-12.131331724897231,True,False,0,4.327570624354048,1.1100393639652728,0.44109719622451604,0.34202246763238253,-1.1842177193488705,0.0799999999996092,0.10000000000065512,10.333333333333334
rsi2_m5_usd100000_smaller_stop_and_time_confirmed_rebound_atr_not_compressed,2017-11-29T10:35:00+00:00,2017-11-29T10:45:00+00:00,67310,stop,-0.8671761298342457,-12.885232241222077,True,False,600,4.706732019572155,1.1842955794002372,0.33699887533939,-1.1686044396627133,-1.491588077467704,0.6909090909091129,0.09999999999843467,10.583333333333334
rsi2_m5_usd100000_smaller_stop_and_time_confirmed_rebound_atr_not_compressed,2017-11-29T11:00:00+00:00,2017-11-29T11:05:00+00:00,67315,stop,-0.869094960181366,-12.91374383627587,True,False,300,4.720987817098335,1.177047096196537,0.13583431584039393,-3.2922929709189424,-1.6095192334723483,0.6388888888885119,0.10000000000065512,11.0
rsi2_m5_usd100000_smaller_stop_and_time_confirmed_rebound_atr_not_compressed,2017-11-29T11:20:00+00:00,2017-11-29T11:40:00+00:00,67319,signal_exit,0.03590000000004884,0.5326409495556207,False,True,1200,5.194503150878327,1.262289316631404,-0.23844704170684722,-6.337402409185327,-1.834851972886962,0.32758620689638673,0.20000000000131024,11.333333333333334
rsi2_m5_usd100000_smaller_stop_and_time_confirmed_rebound_atr_not_compressed,2017-11-30T07:55:00+00:00,2017-11-30T08:15:00+00:00,67564,stop,-0.7856561971023097,-11.69131245687961,True,False,1200,4.107560990345578,1.2537147988969444,0.5973468005442304,2.2710926148038277,-0.01312448275922871,0.19999999999993168,0.10000000000065512,7.916666666666667
rsi2_m5_usd100000_smaller_stop_and_time_confirmed_rebound_atr_not_compressed,2017-11-30T08:30:00+00:00,2017-11-30T08:45:00+00:00,67571,stop,-0.9406229964860717,-13.976567555513697,True,False,900,5.302399676717434,1.4981971490789034,0.4401822211609753,-1.580901041626896,-1.8706063303237288,0.6190476190478876,0.0,8.5
rsi2_m5_usd100000_smaller_stop_and_time_confirmed_rebound_atr_not_compressed,2017-11-30T08:55:00+00:00,2017-11-30T09:05:00+00:00,67576,stop,-0.9441891565536136,-14.029556560974942,True,False,600,5.278894179447969,1.4555415052613563,0.18434126701016154,-3.657637008173427,-1.5628870372668704,0.8974358974358244,0.10000000000065512,8.916666666666666
rsi2_m5_usd100000_smaller_stop_and_time_confirmed_rebound_atr_not_compressed,2017-11-30T09:20:00+00:00,2017-11-30T09:35:00+00:00,67581,signal_exit,0.008940000000171533,0.13264094955744113,False,True,900,5.6298518782532305,1.4950350403809456,-0.2627091470732106,-7.018407607861474,-1.6998962873488221,0.1571428571429523,0.0,9.333333333333334
rsi2_m5_usd100000_smaller_stop_and_time_confirmed_rebound_atr_not_compressed,2017-11-30T10:15:00+00:00,2017-11-30T10:30:00+00:00,67592,signal_exit,0.3265000000001519,4.837037037039287,False,True,900,6.401458871285704,1.5664702814785827,-1.199194749653678,-8.800656588936983,-1.62093696366446,0.7058823529412149,0.0,10.25
rsi2_m5_usd100000_smaller_stop_and_time_confirmed_rebound_atr_not_compressed,2017-12-01T09:15:00+00:00,2017-12-01T09:35:00+00:00,67866,stop,-1.0528710476981846,-15.737982775757617,True,False,1200,6.1242230769677075,1.3274450874376702,1.0364856067218227,3.7678965005530203,-0.1771641732083508,0.36170212765960463,0.10000000000065512,9.25
rsi2_m5_usd100000_smaller_stop_and_time_confirmed_rebound_atr_not_compressed,2017-12-01T14:30:00+00:00,2017-12-01T14:50:00+00:00,67929,signal_exit,-0.03871999999983872,-0.5761904761880761,False,False,1200,5.6152718907443,1.0941755782312663,-1.0309148108952841,-6.330207132325526,-1.1417130294371445,0.3124999999997109,0.0,14.5
rsi2_m5_usd100000_smaller_stop_and_time_confirmed_rebound_atr_not_compressed,2017-12-01T15:05:00+00:00,2017-12-01T15:10:00+00:00,67936,stop,-1.0651467958876608,-15.850398748328287,True,False,300,6.237104136069409,1.1833625117309545,-1.310277002844659,-6.1160089314263955,-0.9963286592446273,0.5301204819277785,0.0,15.083333333333334
rsi2_m5_usd100000_smaller_stop_and_time_confirmed_rebound_atr_not_compressed,2017-12-04T09:20:00+00:00,2017-12-04T10:20:00+00:00,68154,holding_bars,-0.8326199999998107,-12.371768202077426,False,False,3600,5.799256550442645,1.3497949096573947,-0.9352066870830782,-2.914428976429244,-0.04697055205695343,0.4590163934423544,0.0,9.333333333333334
rsi2_m5_usd100000_smaller_stop_and_time_confirmed_rebound_atr_not_compressed,2017-12-04T10:35:00+00:00,2017-12-04T10:55:00+00:00,68169,signal_exit,-0.01155999999996099,-0.17176820207965807,False,False,1200,5.349306694715444,1.2117465273526233,-0.7706400831472894,-5.18342486109313,-1.3766172590985866,0.46511627906979147,0.10000000000065512,10.583333333333334
rsi2_m5_usd100000_smaller_stop_and_time_confirmed_rebound_atr_not_compressed,2017-12-05T09:20:00+00:00,2017-12-05T09:30:00+00:00,68437,signal_exit,0.015360000000065932,0.22823179792074194,False,True,600,4.4091511113260085,1.3444843988235406,-0.714959050161155,-5.180098122065082,-1.1052297949626386,0.8723404255320154,0.10000000000065512,9.333333333333334
rsi2_m5_usd100000_smaller_stop_and_time_confirmed_rebound_atr_not_compressed,2017-12-05T14:00:00+00:00,2017-12-05T14:05:00+00:00,68493,stop,-0.8696936894067846,-12.903467201881076,True,False,300,4.718054075719882,1.3279659247313103,-0.7696565431463975,-7.175303602168814,-1.4963969232460093,0.3571428571431026,0.09999999999843467,14.0
rsi2_m5_usd100000_smaller_stop_and_time_confirmed_rebound_atr_not_compressed,2017-12-05T14:25:00+00:00,2017-12-05T14:30:00+00:00,68498,target,0.5115630485278635,7.578711830042422,False,True,300,5.5208373965019,1.4710928499627447,-1.26961691551417,-10.75599655624056,-1.7382154219398573,0.46666666666669954,0.10000000000065512,14.416666666666666
rsi2_m5_usd100000_smaller_stop_and_time_confirmed_rebound_atr_not_compressed,2017-12-06T07:40:00+00:00,2017-12-06T08:15:00+00:00,68703,signal_exit,-0.024499999999749555,-0.3629629629592527,False,False,2100,4.020436675253618,1.2267430284272958,0.1832186302834221,-2.769687754485094,-2.1177850614719045,0.4313725490193773,0.0,7.666666666666667
rsi2_m5_usd100000_smaller_stop_and_time_confirmed_rebound_atr_not_compressed,2017-12-06T08:35:00+00:00,2017-12-06T08:55:00+00:00,68714,signal_exit,0.2320000000001323,3.4370370370389964,False,True,1200,4.965183678133083,1.4048695347117934,-0.3722507942388574,-4.761017422206216,-1.6890010278479768,0.5641025641030021,0.09999999999843467,8.583333333333334
rsi2_m5_usd100000_smaller_stop_and_time_confirmed_rebound_atr_not_compressed,2017-12-06T09:25:00+00:00,2017-12-06T09:35:00+00:00,68724,signal_exit,0.10375000000019136,1.5370370370398718,False,True,600,4.797176274134674,1.3151329154376385,-0.7079022040057897,-4.523507611159231,-1.5023077890392866,0.19047619047634154,0.10000000000065512,9.416666666666666
rsi2_m5_usd100000_smaller_stop_and_time_confirmed_rebound_atr_not_compressed,2017-12-06T11:20:00+00:00,2017-12-06T11:55:00+00:00,68747,stop,-0.9417655268050049,-13.952081878592665,True,False,2100,5.244559457815632,1.3263057218620293,-0.42586524345068094,-2.473820060227513,-1.1373106810158282,0.5588235294118223,0.10000000000065512,11.333333333333334
rsi2_m5_usd100000_smaller_stop_and_time_confirmed_rebound_atr_not_compressed,2017-12-06T12:00:00+00:00,2017-12-06T12:50:00+00:00,68755,signal_exit,-0.3484999999999237,-5.162962962961832,False,False,3000,4.9343531303778665,1.230541085305914,-0.48894667083328647,-4.022056452326343,-1.340409218164017,0.619047619047317,0.10000000000065512,12.0
rsi2_m5_usd100000_smaller_stop_and_time_confirmed_rebound_atr_not_compressed,2017-12-06T14:00:00+00:00,2017-12-06T14:10:00+00:00,68779,stop,-0.9673397651679412,-14.309759839762442,True,False,600,5.4755899790539875,1.29960489599485,-0.8451296853678981,-4.122045740870694,-1.184112915602475,0.40350877192976986,0.0,14.0
rsi2_m5_usd100000_smaller_stop_and_time_confirmed_rebound_atr_not_compressed,2017-12-06T15:05:00+00:00,2017-12-06T15:25:00+00:00,68792,signal_exit,-0.017479999999855,-0.2585798816546598,False,False,1200,5.610255534535369,1.2718695932142405,-1.040786810350263,-7.069826689870722,-1.5282019439915955,0.052631578947414555,0.09999999999843467,15.083333333333334
rsi2_m5_usd100000_smaller_stop_and_time_confirmed_rebound_atr_not_compressed,2017-12-07T08:45:00+00:00,2017-12-07T09:15:00+00:00,69002,signal_exit,-0.12563999999981307,-1.8585798816540393,False,False,1800,3.75833898874972,1.2387543948361028,-0.5232015066210283,-2.0037353145055086,-0.2601729068157784,0.875,0.0,8.75
rsi2_m5_usd100000_smaller_stop_and_time_confirmed_rebound_atr_not_compressed,2017-12-07T09:55:00+00:00,2017-12-07T10:15:00+00:00,69016,stop,-0.727622592388192,-10.747748779736957,True,False,1200,3.646769515423254,1.1753933217981734,-0.4362162646768162,-2.714854017311906,-1.0711827762237083,0.29629629629577847,0.10000000000065512,9.916666666666666
rsi2_m5_usd100000_smaller_stop_and_time_confirmed_rebound_atr_not_compressed,2017-12-07T10:25:00+00:00,2017-12-07T11:10:00+00:00,69022,stop,-0.742151486318992,-10.962355780191904,True,False,2700,3.8040730156507094,1.2052537348405123,-0.5644629182177416,-3.9750083723317533,-1.9297881414179705,0.727272727272819,0.0,10.416666666666666
rsi2_m5_usd100000_smaller_stop_and_time_confirmed_rebound_atr_not_compressed,2017-12-07T11:20:00+00:00,2017-12-07T11:30:00+00:00,69033,signal_exit,-0.017209999999854786,-0.2542097488900264,False,False,600,3.342909697101319,1.0629918616438503,-0.9339641530598175,-5.8287735500762725,-1.1986549641830377,0.2916666666667052,0.09999999999843467,11.333333333333334
rsi2_m5_usd100000_smaller_stop_and_time_confirmed_rebound_atr_not_compressed,2017-12-07T12:25:00+00:00,2017-12-07T12:50:00+00:00,69046,signal_exit,-0.051059999999775896,-0.754209748888861,False,False,1500,3.459462448041695,1.086225772057355,-1.0730787920455203,-4.530359143859925,-0.5627170591679512,0.272727272727915,0.09999999999843467,12.416666666666666
rsi2_m5_usd100000_smaller_stop_and_time_confirmed_rebound_atr_not_compressed,2017-12-08T07:20:00+00:00,2017-12-08T07:55:00+00:00,69271,target,0.24142798609962687,3.5556404432934734,False,True,2100,3.5505742717186104,1.2791607069893407,-1.4360264637218727,-9.986013701021518,-1.8532226792925777,0.46875000000047706,0.1999999999990898,7.333333333333333
rsi2_m5_usd100000_smaller_stop_and_time_confirmed_rebound_atr_not_compressed,2017-12-08T11:20:00+00:00,2017-12-08T12:00:00+00:00,69319,signal_exit,-0.02999999999994324,-0.44117647058740056,False,False,2400,3.2886745390813137,1.0180710208060155,-1.8651588784197328,-7.939898275974282,-1.2380510316322713,0.5294117647054214,0.10000000000065512,11.333333333333334
rsi2_m5_usd100000_smaller_stop_and_time_confirmed_rebound_atr_not_compressed,2017-12-11T10:25:00+00:00,2017-12-11T10:45:00+00:00,69590,signal_exit,-0.09183999999989184,-1.3585798816552046,False,False,1200,3.781727986891622,1.2182202647983733,1.43873413122111,5.514946971566596,0.029275608408732702,0.2692307692306707,0.0,10.416666666666666
rsi2_m5_usd100000_smaller_stop_and_time_confirmed_rebound_atr_not_compressed,2017-12-11T15:40:00+00:00,2017-12-11T15:50:00+00:00,69653,signal_exit,0.0771600000001646,1.14142011834563,False,True,600,4.682532149600433,1.3240212789836037,0.5506996740920079,3.4981876264385408,0.4575926839928655,0.50000000000037,0.0,15.666666666666666
rsi2_m5_usd100000_smaller_stop_and_time_confirmed_rebound_atr_not_compressed,2017-12-12T08:05:00+00:00,2017-12-12T08:15:00+00:00,69843,signal_exit,0.030520000000155256,0.45014749262765863,False,True,600,3.180476445001758,1.2443899282580317,-0.06117852674399434,-1.7313629415641152,-1.4648364012727295,0.47058823529392557,0.0,8.083333333333334
rsi2_m5_usd100000_smaller_stop_and_time_confirmed_rebound_atr_not_compressed,2017-12-12T09:30:00+00:00,2017-12-12T10:25:00+00:00,69860,stop,-0.7548171003934088,-11.149440183063644,True,False,3300,3.8476152170860094,1.3516626168051284,0.35948314425935274,0.40753911780976376,-0.4385926708046011,0.4166666666665896,0.10000000000065512,9.5
rsi2_m5_usd100000_smaller_stop_and_time_confirmed_rebound_atr_not_compressed,2017-12-12T10:35:00+00:00,2017-12-12T10:55:00+00:00,69873,signal_exit,0.003100000000127945,0.04579025110971854,False,True,1200,3.7758328365085694,1.2767079703771762,0.3104693279974324,-1.4643468750016853,-1.3664926198368768,0.7749999999996114,0.0,10.583333333333334
rsi2_m5_usd100000_smaller_stop_and_time_confirmed_rebound_atr_not_compressed,2017-12-12T12:40:00+00:00,2017-12-12T13:00:00+00:00,69898,signal_exit,-0.16614999999992858,-2.4542097488911163,False,False,1200,3.4435549608661504,1.1405456389362716,-0.23966557132869687,-1.4431259150665536,-0.7478870037408116,0.8484848484851747,0.0,12.666666666666666
rsi2_m5_usd100000_smaller_stop_and_time_confirmed_rebound_atr_not_compressed,2017-12-12T14:20:00+00:00,2017-12-12T14:55:00+00:00,69918,signal_exit,0.07160000000012084,1.0544918998545043,False,True,2100,4.370499259090268,1.3250987548382371,-1.0693903038201922,-10.1282228060079,-1.7705398115288553,0.28571428571371926,0.10000000000065512,14.333333333333334
rsi2_m5_usd100000_smaller_stop_and_time_confirmed_rebound_atr_not_compressed,2017-12-12T15:55:00+00:00,2017-12-12T16:30:00+00:00,69937,stop,-0.8443901927263073,-12.417502834210401,True,False,2100,4.438163181811542,1.2679478076992479,-2.2907404336558668,-11.830148345467878,-1.9042721746665117,0.3030303030303234,0.20000000000131024,15.916666666666666
rsi2_m5_usd100000_smaller_stop_and_time_confirmed_rebound_atr_not_compressed,2017-12-13T13:25:00+00:00,2017-12-13T13:30:00+00:00,70192,target,0.2777442060784854,4.084473618801256,False,True,300,3.76282504469423,1.2995066388755878,-0.8443940401828939,-3.909926516383607,-0.5745036805822512,0.603448275862168,0.10000000000065512,13.416666666666666
rsi2_m5_usd100000_smaller_stop_and_time_confirmed_rebound_atr_not_compressed,2017-12-13T15:00:00+00:00,2017-12-13T15:10:00+00:00,70211,signal_exit,0.28209000000014295,4.15449189985483,False,True,600,5.505639996876913,1.538844625638478,0.284372427336887,0.839579102733012,-0.4631889311629849,0.5476190476191105,0.0,15.0
rsi2_m5_usd100000_smaller_stop_and_time_confirmed_rebound_atr_not_compressed,2017-12-13T15:45:00+00:00,2017-12-13T15:50:00+00:00,70220,signal_exit,0.268510000000054,3.9544918998535197,False,True,300,5.151389060149868,1.3993303730959197,0.5326561278044861,1.488414553072571,-0.40699972316927757,0.5606060606061319,0.10000000000065512,15.75
rsi2_m5_usd100000_smaller_stop_and_time_confirmed_rebound_atr_not_compressed,2017-12-14T09:15:00+00:00,2017-12-14T09:35:00+00:00,70429,signal_exit,0.09025000000010291,1.3370370370385616,False,True,1200,4.6420252695585145,1.2980740742494121,0.737317791534519,2.0001087264299953,-0.39896018615045853,0.8055555555560867,0.1999999999990898,9.25
rsi2_m5_usd100000_smaller_stop_and_time_confirmed_rebound_atr_not_compressed,2017-12-14T09:55:00+00:00,2017-12-14T10:15:00+00:00,70437,signal_exit,0.09700000000014714,1.4370370370392167,False,True,1200,5.150497191542711,1.3752848622686362,0.705446949012325,0.35905979302948576,-1.6550171531765,0.5128205128203085,0.1999999999990898,9.916666666666666
rsi2_m5_usd100000_smaller_stop_and_time_confirmed_rebound_atr_not_compressed,2017-12-14T14:10:00+00:00,2017-12-14T14:20:00+00:00,70488,signal_exit,0.3737500000001617,5.537037037039432,False,True,600,11.017742019406747,2.0182866548090828,0.6129346928831388,-1.060689667648016,-1.6954047721259708,0.618556701031001,0.09999999999843467,14.166666666666666
rsi2_m5_usd100000_smaller_stop_and_time_confirmed_rebound_atr_not_compressed,2017-12-14T15:40:00+00:00,2017-12-14T16:05:00+00:00,70506,signal_exit,-0.3286299999997904,-4.854209748889075,False,False,1500,9.50453227647761,1.5556918044949564,-0.5212395994206742,-5.555714383907504,-1.5452929452681596,0.8111111111113332,0.09999999999843467,15.666666666666666
rsi2_m5_usd100000_smaller_stop_and_time_confirmed_rebound_atr_not_compressed,2017-12-15T12:00:00+00:00,2017-12-15T12:35:00+00:00,70749,stop,-0.7394823267659401,-10.939087674052367,True,False,2100,3.7402538962000222,1.072097903294764,0.8043903121569558,2.136391692168914,-1.3542399011001183,0.3225806451619373,0.09999999999843467,12.0
rsi2_m5_usd100000_smaller_stop_and_time_confirmed_rebound_atr_not_compressed,2017-12-15T13:55:00+00:00,2017-12-15T14:20:00+00:00,70772,stop,-0.899952691071612,-13.312909631236863,True,False,1500,4.927164874790775,1.303352902395015,0.48607403476066463,0.7117401417802804,-0.9667430931109308,0.19230769230729813,0.10000000000065512,13.916666666666666
rsi2_m5_usd100000_smaller_stop_and_time_confirmed_rebound_atr_not_compressed,2017-12-15T14:35:00+00:00,2017-12-15T14:45:00+00:00,70780,stop,-0.9522498685243941,-14.065729224880267,True,False,600,5.305759737995066,1.34466431209604,0.2854170421201302,-1.8174144089505249,-1.6014821553600336,0.46511627906979147,0.10000000000065512,14.583333333333334
rsi2_m5_usd100000_smaller_stop_and_time_confirmed_rebound_atr_not_compressed,2017-12-15T15:00:00+00:00,2017-12-15T15:10:00+00:00,70785,signal_exit,-0.03751999999983752,-0.5542097488897713,False,False,600,5.5479031251848445,1.3697343428114546,0.0345570495798902,-3.6397592643240015,-1.365542013468124,0.5735294117648595,0.1999999999990898,15.0
rsi2_m5_usd100000_smaller_stop_and_time_confirmed_rebound_atr_not_compressed,2017-12-18T10:20:00+00:00,2017-12-18T10:35:00+00:00,71016,signal_exit,0.07080000000012049,1.0457902511096084,False,True,900,4.007906482766265,1.1773697561330494,1.4335154629613793,4.987468598194698,-0.9703820579898554,0.30000000000033306,0.09999999999843467,10.333333333333334
rsi2_m5_usd100000_smaller_stop_and_time_confirmed_rebound_atr_not_compressed,2017-12-18T11:40:00+00:00,2017-12-18T11:45:00+00:00,71032,signal_exit,-0.05782999999997057,-0.8542097488917366,False,False,300,3.621178959548588,1.0592178706022528,1.369507558832528,4.7957551435222205,-0.17353567827939265,0.15384615384606626,0.10000000000065512,11.666666666666666
rsi2_m5_usd100000_smaller_stop_and_time_confirmed_rebound_atr_not_compressed,2017-12-19T09:05:00+00:00,2017-12-19T09:15:00+00:00,71289,stop,-0.8136296607428648,-12.053772751746145,True,False,600,4.245404894393502,1.4867365146637068,1.3495506830858839,6.276732608361102,0.4557169479506225,0.5652173913044458,0.1999999999990898,9.083333333333334
rsi2_m5_usd100000_smaller_stop_and_time_confirmed_rebound_atr_not_compressed,2017-12-19T09:30:00+00:00,2017-12-19T09:50:00+00:00,71294,signal_exit,0.09744000000014735,1.4414201183453752,False,True,1200,5.066450770984781,1.6542509971982742,1.2169445293943166,1.5573177898554242,-1.629521867981868,0.7592592592593201,0.09999999999843467,9.5
rsi2_m5_usd100000_smaller_stop_and_time_confirmed_rebound_atr_not_compressed,2017-12-19T14:30:00+00:00,2017-12-19T14:40:00+00:00,71354,stop,-0.943290130117602,-13.974668594334844,True,False,600,5.205852815687019,1.3852724745453844,1.4800376462395566,4.317906663338408,-1.4892887901487257,0.4324324324328866,0.1999999999990898,14.5
rsi2_m5_usd100000_smaller_stop_and_time_confirmed_rebound_atr_not_compressed,2017-12-20T10:05:00+00:00,2017-12-20T10:20:00+00:00,71587,signal_exit,0.04264000000009299,0.6326409495562758,False,True,900,4.093635129875249,1.3300110621466483,0.6447517879857417,0.639681334555138,-1.364126968713314,0.2608695652175802,0.0,10.083333333333334
rsi2_m5_usd100000_smaller_stop_and_time_confirmed_rebound_atr_not_compressed,2017-12-20T12:05:00+00:00,2017-12-20T12:30:00+00:00,71611,signal_exit,0.08308000000005861,1.2326409495557655,False,True,1500,4.246815244604627,1.2635834587368744,0.5344604775538144,-0.0974170282215523,-1.8273494693616694,0.25396825396819245,0.10000000000065512,12.083333333333334
rsi2_m5_usd100000_smaller_stop_and_time_confirmed_rebound_atr_not_compressed,2017-12-21T07:35:00+00:00,2017-12-21T07:35:00+00:00,71842,target,0.17341265518008273,2.5805454639893264,False,True,0,3.0283679700891204,1.1250544517887509,0.06559719109186185,0.2826189870936128,-0.09362245427191379,0.6551724137925226,0.10000000000065512,7.583333333333333
rsi2_m5_usd100000_smaller_stop_and_time_confirmed_rebound_atr_not_compressed,2017-12-21T12:30:00+00:00,2017-12-21T12:45:00+00:00,71901,stop,-0.8072614246770484,-12.012818819598936,True,False,900,4.2183141717056465,1.2125926125718633,0.008867577248999009,-2.9311178172507804,-1.868007950443907,0.6969696969696766,0.1999999999990898,12.5
rsi2_m5_usd100000_smaller_stop_and_time_confirmed_rebound_atr_not_compressed,2017-12-22T10:00:00+00:00,2017-12-22T10:15:00+00:00,72156,signal_exit,-0.0653999999998654,-0.9717682020782377,False,False,900,4.30812066494114,1.2490545356084104,-0.23226192393438225,-2.1522863306496736,-1.6849894428025696,0.2727272727277621,0.1999999999990898,10.0
rsi2_m5_usd100000_smaller_stop_and_time_confirmed_rebound_atr_not_compressed,2017-12-22T13:05:00+00:00,2017-12-22T13:35:00+00:00,72193,signal_exit,0.02882000000015411,0.4282317979220522,False,True,1800,3.6761091717160514,1.0412070886297886,-0.18839131741275478,-1.1129596092147502,-1.0055035363682825,0.4333333333332593,0.10000000000065512,13.083333333333334
rsi2_m5_usd100000_smaller_stop_and_time_confirmed_rebound_atr_not_compressed,2017-12-22T14:50:00+00:00,2017-12-22T15:00:00+00:00,72214,signal_exit,-0.011559999999811554,-0.17176820207743762,False,False,600,4.042710082960779,1.12145925473263,-0.19824549674282904,-1.779956141133029,-1.5042929409772048,0.7441860465119762,0.09999999999843467,14.833333333333334
rsi2_m5_usd100000_smaller_stop_and_time_confirmed_rebound_atr_not_compressed,2017-12-22T15:35:00+00:00,2017-12-22T15:55:00+00:00,72223,signal_exit,0.02916000000015434,0.432640949557186,False,True,1200,5.239343705422095,1.3605498495965458,-0.38586922017358266,-5.290108746954112,-2.1072024160411673,0.47058823529414323,0.1999999999990898,15.583333333333334
rsi2_m5_usd100000_smaller_stop_and_time_confirmed_rebound_atr_not_compressed,2017-12-27T08:55:00+00:00,2017-12-27T09:05:00+00:00,72642,signal_exit,0.10912000000008532,1.6238095238107932,False,True,600,4.005898750514195,1.6082054807531168,0.6040103963511955,0.3832492466587034,-0.9268769883932781,0.22641509433936968,0.10000000000065512,8.916666666666666
rsi2_m5_usd100000_smaller_stop_and_time_confirmed_rebound_atr_not_compressed,2017-12-27T11:20:00+00:00,2017-12-27T11:30:00+00:00,72671,signal_exit,0.1958900000000607,2.919374068555301,False,True,600,3.8927198056138597,1.367789632398723,1.3546429175376078,4.202902025895201,-1.3348739491487578,0.41025641025670223,0.1999999999990898,11.333333333333334
rsi2_m5_usd100000_smaller_stop_and_time_confirmed_rebound_atr_not_compressed,2017-12-27T13:00:00+00:00,2017-12-27T13:30:00+00:00,72691,signal_exit,-0.08592999999984868,-1.2806259314433486,False,False,1800,3.583173083423923,1.202500285273554,1.539949140626142,5.730561887327831,-0.34719638196539404,0.03333333333355538,0.0,13.0
rsi2_m5_usd100000_smaller_stop_and_time_confirmed_rebound_atr_not_compressed,2017-12-28T09:15:00+00:00,2017-12-28T10:15:00+00:00,72932,holding_bars,-0.5206399999998756,-7.794011976046042,False,False,3600,3.472021230426143,1.3158794411205532,2.6126901125228357,8.20032815986477,-1.1303863795916618,0.0909090909087239,0.10000000000065512,9.25
rsi2_m5_usd100000_smaller_stop_and_time_confirmed_rebound_atr_not_compressed,2017-12-28T13:20:00+00:00,2017-12-28T13:25:00+00:00,72981,signal_exit,0.04048000000024049,0.605988023955696,False,True,300,3.5264565027455617,1.2362096339521598,1.4179418217894713,4.7257975058231825,-0.9377083253276923,0.11111111111101973,0.09999999999843467,13.333333333333334
rsi2_m5_usd100000_smaller_stop_and_time_confirmed_rebound_atr_not_compressed,2017-12-28T15:45:00+00:00,2017-12-28T15:55:00+00:00,73010,stop,-0.655219829116138,-9.80868007658889,True,False,600,3.2073340502716907,1.0746728020523262,1.7474438933254326,5.525125530924623,-1.4215011608168584,0.5769230769227485,0.0,15.75
rsi2_m5_usd100000_smaller_stop_and_time_confirmed_rebound_atr_not_compressed,2017-12-29T13:55:00+00:00,2017-12-29T14:25:00+00:00,73270,signal_exit,-0.066999999999867,-1.007518796990481,False,False,1800,3.3104167767348005,1.1309755391365792,2.5771551434101427,7.5665742332423065,-2.104305214633326,0.47222222222234217,0.0,13.916666666666666
