variant,entry_time,exit_time,entry_index,reason,net_pnl,net_pips,stopped,won,holding_seconds,atr_pips,atr_fast_slow_ratio,ema_slope_atr,distance_from_ema_atr,zscore20,completed_bar_body_fraction,current_quote_spread_pips,current_quote_hour_utc
rsi2_m15_usd100000_smaller_stop_and_time_confirmed_rebound,2017-01-11T10:00:00+00:00,2017-01-11T10:30:00+00:00,606,stop,-1.4971732023997217,-19.725602139653777,True,False,1800,8.14527801317457,0.9405219795505724,-0.33240370186130525,-3.0463367136766313,-2.1394621922638515,0.3968253968250947,0.40000000000040004,10.0
rsi2_m15_usd100000_smaller_stop_and_time_confirmed_rebound,2017-01-11T11:00:00+00:00,2017-01-11T12:00:00+00:00,610,stop,-1.5405361976990273,-20.270213127618778,True,False,3600,8.61931709012618,0.9887851452581198,-0.4270507349635939,-4.308254771789894,-1.675041371792502,0.7702702702702541,0.0,11.0
rsi2_m15_usd100000_smaller_stop_and_time_confirmed_rebound,2017-01-11T12:30:00+00:00,2017-01-11T14:00:00+00:00,616,signal_exit,0.14245000000021574,1.871879106441731,False,True,5400,9.178792438800134,1.0429121955432068,-0.6259387790113222,-5.585793094205912,-1.450481698958819,0.8281250000002548,0.1999999999990898,12.5
rsi2_m15_usd100000_smaller_stop_and_time_confirmed_rebound,2017-01-11T14:45:00+00:00,2017-01-11T15:00:00+00:00,625,stop,-1.8881887090036136,-24.779379383249523,True,False,900,10.677353733620615,1.1738304540468487,-1.053682193529332,-6.611036922767307,-1.8346018110480775,0.072580645161234,0.40000000000040004,14.75
rsi2_m15_usd100000_smaller_stop_and_time_confirmed_rebound,2017-01-11T15:45:00+00:00,2017-01-11T16:15:00+00:00,629,target,1.5612089316394986,20.434671880098147,False,True,1800,11.826236463607453,1.265459930251731,-1.3038963050344898,-8.524203975477391,-1.7051569758642313,0.9859154929578103,0.1999999999990898,15.75
rsi2_m15_usd100000_smaller_stop_and_time_confirmed_rebound,2017-01-12T14:00:00+00:00,2017-01-12T15:00:00+00:00,717,signal_exit,0.22000000000025352,2.9333333333367135,False,True,3600,12.941381288832803,1.102258743115889,1.4725169574599863,5.732826318840372,0.2297781757258969,0.4772727272728305,0.1999999999990898,14.0
rsi2_m15_usd100000_smaller_stop_and_time_confirmed_rebound,2017-01-13T15:15:00+00:00,2017-01-13T17:30:00+00:00,817,signal_exit,1.5017800000001134,19.943957503321556,False,True,8100,15.16124093074606,1.3888990318041756,0.702941277315059,-0.031420962451085874,-2.0793082342438503,0.4554455445544413,0.20000000000131024,15.25
rsi2_m15_usd100000_smaller_stop_and_time_confirmed_rebound,2017-01-18T13:45:00+00:00,2017-01-18T14:30:00+00:00,1096,signal_exit,0.5115500000001711,6.8297730307098945,False,True,2700,8.653391404534919,1.0050742955871343,0.46253388688598035,-0.19183828463801259,-1.6571440977462744,0.20652173913045316,0.1999999999990898,13.75
rsi2_m15_usd100000_smaller_stop_and_time_confirmed_rebound,2017-01-19T11:00:00+00:00,2017-01-19T11:30:00+00:00,1181,signal_exit,-0.05749999999989913,-0.7666666666653217,False,False,1800,6.8102002530848855,0.8523910351393152,-0.3026440599208722,-0.1854958336789244,0.665803367156693,0.21951219512241354,0.1999999999990898,11.0
rsi2_m15_usd100000_smaller_stop_and_time_confirmed_rebound,2017-01-19T14:00:00+00:00,2017-01-19T14:15:00+00:00,1193,stop,-2.223544068418351,-29.529137694798816,True,False,900,13.186547599060011,1.492785616898184,-0.03898828179164902,-4.304661880792841,-2.707761979179583,0.1126760563380176,0.10000000000065512,14.0
rsi2_m15_usd100000_smaller_stop_and_time_confirmed_rebound,2017-01-19T14:30:00+00:00,2017-01-19T16:00:00+00:00,1195,signal_exit,-0.6216799999997529,-8.256042496676665,False,False,5400,14.906768082862918,1.6233011115740463,-0.1364027623721716,-4.593941389673579,-1.774606206980643,0.744000000000005,0.1999999999990898,14.5
rsi2_m15_usd100000_smaller_stop_and_time_confirmed_rebound,2017-01-20T08:15:00+00:00,2017-01-20T09:15:00+00:00,1264,stop,-1.415183645647086,-18.894307685541868,True,False,3600,7.762040358125522,0.8730737556129881,0.6592629771851082,1.7778158448607806,-1.220158990140275,0.19354838709680308,0.2999999999997449,8.25
rsi2_m15_usd100000_smaller_stop_and_time_confirmed_rebound,2017-01-20T11:00:00+00:00,2017-01-20T12:00:00+00:00,1275,signal_exit,-0.13231999999989058,-1.7595744680836511,False,False,3600,8.766051185223589,0.9793385861052866,0.22066131985243212,-2.3231022238465524,-1.5973234926961242,0.5333333333333005,0.20000000000131024,11.0
rsi2_m15_usd100000_smaller_stop_and_time_confirmed_rebound,2017-01-20T13:15:00+00:00,2017-01-20T13:30:00+00:00,1284,signal_exit,0.7324800000002647,9.740425531918413,False,True,900,8.6519911551635,0.9720999859764168,-0.21696833800778637,-2.733061023585567,-1.0518362234072032,0.3775510204081517,0.2999999999997449,13.25
rsi2_m15_usd100000_smaller_stop_and_time_confirmed_rebound,2017-01-23T08:45:00+00:00,2017-01-23T09:45:00+00:00,1362,stop,-1.4757174490098626,-19.83491194905729,True,False,3600,8.273369953024915,0.9268475171153864,1.6842693291679187,5.7433149795996306,-0.7965728257393756,0.4761904761904258,0.1999999999990898,8.75
rsi2_m15_usd100000_smaller_stop_and_time_confirmed_rebound,2017-01-23T12:00:00+00:00,2017-01-23T12:45:00+00:00,1375,signal_exit,0.7312500000001456,9.81543624161269,False,True,2700,7.9372940989490255,0.9028483068555512,1.3460704398764398,4.069069321999131,-0.8348056980293339,0.23287671232880464,0.1999999999990898,12.0
rsi2_m15_usd100000_smaller_stop_and_time_confirmed_rebound,2017-01-24T11:15:00+00:00,2017-01-24T12:00:00+00:00,1468,signal_exit,0.4705000000000916,6.315436241611968,False,True,2700,7.7880389735032844,0.9140975654684224,0.5501000588423878,0.9289939161689115,-1.429045420645766,0.459770114942517,0.20000000000131024,11.25
rsi2_m15_usd100000_smaller_stop_and_time_confirmed_rebound,2017-01-25T07:30:00+00:00,2017-01-25T08:15:00+00:00,1548,target,0.5158116291083885,6.914365001452929,False,True,2700,5.147665074451604,0.7195570703945687,-0.10336787571778139,-1.7463713747522527,-1.7649411269239084,0.7049180327867719,0.2999999999997449,7.5
rsi2_m15_usd100000_smaller_stop_and_time_confirmed_rebound,2017-01-25T13:45:00+00:00,2017-01-25T14:15:00+00:00,1573,stop,-1.4755202243143115,-19.83226107949343,True,False,1800,8.322044518241421,1.0982694365823842,0.37738473762797253,0.8998511431257409,-0.9154565172204163,0.20967741935483294,0.10000000000065512,13.75
rsi2_m15_usd100000_smaller_stop_and_time_confirmed_rebound,2017-01-26T08:15:00+00:00,2017-01-26T08:30:00+00:00,1645,signal_exit,0.43325000000017844,5.815436241613133,False,True,900,6.178075729347526,0.8595280956742261,0.3591849292133817,-1.2807039270778267,-1.835458286170955,0.052631578947414555,0.10000000000065512,8.25
rsi2_m15_usd100000_smaller_stop_and_time_confirmed_rebound,2017-01-26T10:15:00+00:00,2017-01-26T11:30:00+00:00,1653,signal_exit,0.030950000000189604,0.41543624161328324,False,True,4500,7.3111413706628054,1.001657315702949,0.08173199328732092,-1.949673405750834,-1.4745797069000948,0.6376811594204158,0.10000000000065512,10.25
rsi2_m15_usd100000_smaller_stop_and_time_confirmed_rebound,2017-01-26T13:45:00+00:00,2017-01-26T14:30:00+00:00,1667,stop,-1.7675560732691293,-23.662062560497045,True,False,2700,10.142343194573051,1.3057304979450814,-0.4569956552773965,-5.065375951442149,-1.94822691193938,0.21481481481471248,0.2999999999997449,13.75
rsi2_m15_usd100000_smaller_stop_and_time_confirmed_rebound,2017-01-26T14:45:00+00:00,2017-01-26T16:00:00+00:00,1671,stop,-1.947314307877722,-26.03361374168077,True,False,4500,11.37990847511961,1.412267372895918,-0.6399847831776404,-5.91633585832139,-1.699730679228873,0.2679738562091978,0.1999999999990898,14.75
rsi2_m15_usd100000_smaller_stop_and_time_confirmed_rebound,2017-01-27T13:15:00+00:00,2017-01-27T13:30:00+00:00,1761,target,0.9351500503717923,12.502006021013266,False,True,900,7.88790140622881,1.0282076616376048,-0.6871208557237571,-2.8988001855821723,-0.732191482265675,0.5510204081632607,0.20000000000131024,13.25
rsi2_m15_usd100000_smaller_stop_and_time_confirmed_rebound,2017-01-30T12:45:00+00:00,2017-01-30T13:00:00+00:00,1855,stop,-1.6385698823903077,-21.81850708908532,True,False,900,9.277695621773768,1.2209101988438928,-0.6004730229708201,-8.375523698082308,-2.048016925224222,0.41025641025624965,0.20000000000131024,12.75
rsi2_m15_usd100000_smaller_stop_and_time_confirmed_rebound,2017-02-01T13:15:00+00:00,2017-02-01T13:15:00+00:00,2048,stop,-1.432885037451616,-19.337179992599406,True,False,0,7.81906233098371,0.9735690282987438,1.1908755523488843,4.05122077101253,-0.68797324281199,0.14285714285725615,0.5999999999994898,13.25
rsi2_m15_usd100000_smaller_stop_and_time_confirmed_rebound,2017-02-01T13:45:00+00:00,2017-02-01T14:00:00+00:00,2050,stop,-1.6277605899801868,-21.937474258493083,True,False,900,9.421028234368691,1.1387238434883704,1.0983518874631046,2.001195025973885,-1.9498187410021268,0.46551724137927736,0.0,13.75
rsi2_m15_usd100000_smaller_stop_and_time_confirmed_rebound,2017-02-01T14:45:00+00:00,2017-02-01T15:00:00+00:00,2054,stop,-1.6409619587647604,-22.08562528620135,True,False,900,9.396917622912682,1.1288437876192445,0.9027330889248334,0.15508005080693463,-1.5462229866880008,0.737499999999712,0.20000000000131024,14.75
rsi2_m15_usd100000_smaller_stop_and_time_confirmed_rebound,2017-02-02T07:15:00+00:00,2017-02-02T07:30:00+00:00,2119,signal_exit,0.5039500000000048,6.800944669365785,False,True,900,5.764354647007317,0.7292123545596366,0.7263389984868399,2.5325142947832453,-0.4608358746855059,0.35365853658522717,0.20000000000131024,7.25
rsi2_m15_usd100000_smaller_stop_and_time_confirmed_rebound,2017-02-02T11:30:00+00:00,2017-02-02T13:30:00+00:00,2136,signal_exit,0.2662000000000966,3.5972972972986024,False,True,7200,8.431580345139425,1.0338657319841056,0.9982279341992142,4.118773364584608,0.24516235739387518,0.9207920792078554,0.1999999999990898,11.5
rsi2_m15_usd100000_smaller_stop_and_time_confirmed_rebound,2017-02-03T09:15:00+00:00,2017-02-03T11:30:00+00:00,2223,stop,-1.3095819092033851,-17.60190738176593,True,False,8100,7.206867669379266,0.9457273398948035,-0.5332277208521133,-2.970864308616496,-1.6428407440365251,0.5909090909091673,0.09999999999843467,9.25
rsi2_m15_usd100000_smaller_stop_and_time_confirmed_rebound,2017-02-03T12:00:00+00:00,2017-02-03T12:30:00+00:00,2234,signal_exit,0.43325000000017844,5.815436241613133,False,True,1800,6.536366173778734,0.8795628384865796,-0.7288440049605291,-4.926547639759964,-1.6840876195599115,0.22222222222203947,0.10000000000065512,12.0
rsi2_m15_usd100000_smaller_stop_and_time_confirmed_rebound,2017-02-06T07:45:00+00:00,2017-02-06T10:00:00+00:00,2312,stop,-1.0830096095899502,-14.576172403633244,True,False,8100,5.69219118162859,0.7728604628263263,0.10583261618738016,-2.5790358277094643,-2.3781372057166434,0.3333333333328047,0.10000000000065512,7.75
rsi2_m15_usd100000_smaller_stop_and_time_confirmed_rebound,2017-02-06T10:45:00+00:00,2017-02-06T13:00:00+00:00,2324,stop,-1.2401949406956954,-16.669286837307734,True,False,8100,6.690557397149008,0.9033550377550011,-0.4260995357306156,-4.284733262601978,-1.404600206187073,0.4285714285709754,0.20000000000131024,10.75
rsi2_m15_usd100000_smaller_stop_and_time_confirmed_rebound,2017-02-06T13:30:00+00:00,2017-02-06T14:45:00+00:00,2335,signal_exit,0.14316000000026036,1.9190348525504066,False,True,4500,8.551257532065824,1.1222520616690623,-0.8724300189551749,-5.661364399257198,-1.8593199874635857,0.700729927007304,0.09999999999843467,13.5
rsi2_m15_usd100000_smaller_stop_and_time_confirmed_rebound,2017-02-07T07:00:00+00:00,2017-02-07T07:15:00+00:00,2405,stop,-1.1566575783376039,-15.484037193274483,True,False,900,6.053330510961068,0.8512592348087242,-1.261918293439422,-7.492051048485385,-1.8252547748116374,0.18518518518516996,0.30000000000196536,7.0
rsi2_m15_usd100000_smaller_stop_and_time_confirmed_rebound,2017-02-07T10:00:00+00:00,2017-02-07T10:30:00+00:00,2417,signal_exit,0.16000000000019352,2.1333333333359135,False,True,1800,7.943590995931836,1.0704432948575036,-1.8335515396471787,-10.581718842508696,-1.3897006796696691,0.48979591836750414,0.09999999999843467,10.0
rsi2_m15_usd100000_smaller_stop_and_time_confirmed_rebound,2017-02-07T13:45:00+00:00,2017-02-07T15:30:00+00:00,2432,signal_exit,0.3018300000001277,4.029773030709315,False,True,6300,7.890269130104757,1.0627633978416222,-2.1621541186906668,-7.5667122961947975,0.5496988023819759,0.5675675675675135,0.20000000000131024,13.75
rsi2_m15_usd100000_smaller_stop_and_time_confirmed_rebound,2017-02-08T08:30:00+00:00,2017-02-08T09:00:00+00:00,2506,signal_exit,0.43750000000017963,5.8333333333357285,False,True,1800,6.7376111196134145,0.9737393096676034,-1.1551455696882675,-7.627185340217013,-1.9037168270955214,0.47826086956507746,0.2999999999997449,8.5
rsi2_m15_usd100000_smaller_stop_and_time_confirmed_rebound,2017-02-09T07:15:00+00:00,2017-02-09T08:00:00+00:00,2596,signal_exit,0.19697000000010598,2.629773030709025,False,True,2700,4.862208728924902,0.7464899591849861,-0.3220552783784019,-2.7064454834146146,-1.8907043835372292,0.20930232558114317,0.0,7.25
rsi2_m15_usd100000_smaller_stop_and_time_confirmed_rebound,2017-02-09T11:45:00+00:00,2017-02-09T13:15:00+00:00,2614,signal_exit,0.6602000000001544,8.826203208558214,False,True,5400,6.87838835298088,1.0197134567803756,-0.1320143827303255,-1.593382801502178,-0.7617278301281653,0.42857142857138736,0.2999999999997449,11.75
rsi2_m15_usd100000_smaller_stop_and_time_confirmed_rebound,2017-02-10T08:15:00+00:00,2017-02-10T09:45:00+00:00,2694,signal_exit,-0.05730999999973224,-0.7631158455357155,False,False,5400,5.881267672509572,0.8852249646515148,-0.7166128824664004,-4.81656144148163,-2.135966026224467,0.28125000000003614,0.1999999999990898,8.25
rsi2_m15_usd100000_smaller_stop_and_time_confirmed_rebound,2017-02-10T13:15:00+00:00,2017-02-10T13:45:00+00:00,2714,stop,-1.2136893506754847,-16.13948604621655,True,False,1800,6.439955789067412,0.9721772907709444,-1.0989336087787023,-5.86851149584849,-1.90929671237644,0.6170212765960462,0.1999999999990898,13.25
rsi2_m15_usd100000_smaller_stop_and_time_confirmed_rebound,2017-02-13T14:30:00+00:00,2017-02-13T14:45:00+00:00,2813,stop,-1.2040283604372275,-15.989752462645782,True,False,900,6.316854982983501,0.9647904761157613,-0.37570140705253,-4.089792640644304,-1.9755421624319163,0.49999999999975864,0.2999999999997449,14.5
rsi2_m15_usd100000_smaller_stop_and_time_confirmed_rebound,2017-02-13T15:45:00+00:00,2017-02-13T16:15:00+00:00,2818,signal_exit,0.32780000000010934,4.347480106102246,False,True,1800,7.1796140320938155,1.074330939308085,-0.6619506060537867,-6.579909168816626,-1.6706423397135783,0.11494252873562925,0.20000000000131024,15.75
rsi2_m15_usd100000_smaller_stop_and_time_confirmed_rebound,2017-02-14T13:15:00+00:00,2017-02-14T13:30:00+00:00,2902,stop,-1.271852291823735,-16.912929412549666,True,False,900,6.826677472233537,1.081778541657501,-0.1417933409236837,-0.21904629566986392,0.07886987725827871,0.17241379310342186,0.1999999999990898,13.25
rsi2_m15_usd100000_smaller_stop_and_time_confirmed_rebound,2017-02-14T14:30:00+00:00,2017-02-14T15:00:00+00:00,2907,stop,-1.3367677242738911,-17.752559419307982,True,False,1800,7.248258461314652,1.1307012485923098,-0.1449981435401755,-1.8065666423987545,-1.1977873763213605,0.30882352941149577,0.20000000000131024,14.5
rsi2_m15_usd100000_smaller_stop_and_time_confirmed_rebound,2017-02-15T07:30:00+00:00,2017-02-15T08:00:00+00:00,2973,stop,-0.943957310917553,-12.486207816369747,True,False,1800,4.570352585434619,0.7481421169422796,-1.008626255434376,-4.415006957630485,-1.3278854027098608,0.04545454545433901,0.2999999999997449,7.5
rsi2_m15_usd100000_smaller_stop_and_time_confirmed_rebound,2017-02-15T09:00:00+00:00,2017-02-15T09:30:00+00:00,2979,stop,-1.2683248337334696,-16.754621317483085,True,False,1800,6.7063066957311674,1.0528685067946548,-0.9755580380875631,-5.711408384159519,-1.7210956993553146,0.8681318681317636,0.2999999999997449,9.0
rsi2_m15_usd100000_smaller_stop_and_time_confirmed_rebound,2017-02-15T10:45:00+00:00,2017-02-15T12:00:00+00:00,2986,signal_exit,0.4215600000002009,5.5614775725620165,False,True,4500,7.161208743277358,1.1046025416310588,-1.1940200297232015,-7.344435377500347,-1.442646391421286,0.26229508196711165,0.2999999999997449,10.75
rsi2_m15_usd100000_smaller_stop_and_time_confirmed_rebound,2017-02-15T14:00:00+00:00,2017-02-15T14:30:00+00:00,2999,target,1.103383794850226,14.537335900529989,False,True,1800,8.93619100691693,1.3057508884248599,-1.4892992167187726,-8.181362239623974,-2.292218493145818,0.5086206896550372,0.2999999999997449,14.0
rsi2_m15_usd100000_smaller_stop_and_time_confirmed_rebound,2017-02-16T07:15:00+00:00,2017-02-16T08:00:00+00:00,3066,target,0.5543909845309729,7.3624300734524954,False,True,2700,5.309236285064585,0.7712268025941919,0.7615651760796321,1.7637970212525542,-1.8962601222809188,0.050000000000314564,0.1999999999990898,7.25
rsi2_m15_usd100000_smaller_stop_and_time_confirmed_rebound,2017-02-17T08:45:00+00:00,2017-02-17T11:45:00+00:00,3163,holding_bars,-0.0347799999997514,-0.4631158455359706,False,False,10800,6.297143437812447,0.944250791455537,1.2419055579896539,1.4273797243082433,-2.008559382395103,0.44565217391305134,0.2999999999997449,8.75
rsi2_m15_usd100000_smaller_stop_and_time_confirmed_rebound,2017-02-20T10:30:00+00:00,2017-02-20T12:15:00+00:00,3264,signal_exit,0.05602000000017243,0.743957503322343,False,True,6300,6.467994280428313,0.9943411516715098,-0.3545461828198745,-1.0065538202315472,0.3367380826700897,0.649999999999889,0.2999999999997449,10.5
rsi2_m15_usd100000_smaller_stop_and_time_confirmed_rebound,2017-02-20T13:15:00+00:00,2017-02-20T14:00:00+00:00,3275,signal_exit,0.13132000000016414,1.7439575033222328,False,True,2700,7.057583045248412,1.0730880716115825,-0.24302709280862436,-1.6133487196285015,-1.1747197117578267,0.6373626373626883,0.2999999999997449,13.25
rsi2_m15_usd100000_smaller_stop_and_time_confirmed_rebound,2017-02-21T07:45:00+00:00,2017-02-21T08:15:00+00:00,3346,stop,-0.9113316927818385,-12.054652020923788,True,False,1800,4.404574687712452,0.7969213217801969,-1.4600809377683317,-6.274191124647744,-1.4308286940545265,0.5833333333332306,0.1999999999990898,7.75
rsi2_m15_usd100000_smaller_stop_and_time_confirmed_rebound,2017-02-21T09:00:00+00:00,2017-02-21T09:00:00+00:00,3351,stop,-1.0766096566125185,-14.22205623002006,True,False,0,5.440024151999123,0.9654459469292017,-1.4909007044794662,-8.009085726654243,-1.868705691279736,0.5384615384616479,0.2999999999997449,9.0
rsi2_m15_usd100000_smaller_stop_and_time_confirmed_rebound,2017-02-21T09:45:00+00:00,2017-02-21T10:15:00+00:00,3354,stop,-1.2541850166099056,-16.56783377291817,True,False,1800,6.762912923448215,1.1582347505425923,-1.551591044725749,-9.598274919939586,-1.7209880581676826,0.6736842105262838,0.0,9.75
rsi2_m15_usd100000_smaller_stop_and_time_confirmed_rebound,2017-02-21T10:45:00+00:00,2017-02-21T12:00:00+00:00,3358,signal_exit,0.16432000000019584,2.164953886695597,False,True,4500,6.7781199501928056,1.1518233076388034,-1.757617030220755,-11.642311389490516,-1.5638113495716854,0.42222222222197003,0.1999999999990898,10.75
rsi2_m15_usd100000_smaller_stop_and_time_confirmed_rebound,2017-02-22T07:00:00+00:00,2017-02-22T07:30:00+00:00,3435,stop,-1.0969047808743635,-14.451973397554195,True,False,1800,5.358463642124084,0.9093210511086344,-1.275148565355384,-7.75107495765749,-2.4143340790534387,0.22727272727270434,0.700000000000145,7.0
rsi2_m15_usd100000_smaller_stop_and_time_confirmed_rebound,2017-02-22T08:15:00+00:00,2017-02-22T08:15:00+00:00,3440,stop,-1.2617282528175666,-16.601687537073243,True,False,0,6.635054294853542,1.0920445814740272,-1.4571678018239613,-9.5353861843702,-1.6972697871913742,0.30303030303025547,0.2999999999997449,8.25
rsi2_m15_usd100000_smaller_stop_and_time_confirmed_rebound,2017-02-22T12:00:00+00:00,2017-02-22T12:30:00+00:00,3455,signal_exit,0.4468500000000133,5.87187910643907,False,True,1800,8.385587231617125,1.2656178364607404,-2.011910851554141,-9.207802270544075,-1.3519541538727822,0.055555555555315696,0.30000000000196536,12.0
rsi2_m15_usd100000_smaller_stop_and_time_confirmed_rebound,2017-02-23T07:00:00+00:00,2017-02-23T07:00:00+00:00,3529,stop,-1.1359536545706457,-15.005992794856613,True,False,0,5.23199243441831,0.7268811655461279,0.15025285446250666,0.33849488366919844,-0.4573689360722143,0.7391304347827766,1.4999999999987246,7.0
rsi2_m15_usd100000_smaller_stop_and_time_confirmed_rebound,2017-02-24T09:15:00+00:00,2017-02-24T09:45:00+00:00,3630,target,0.849230074606834,11.24808045836866,False,True,1800,7.298543540441984,1.053803785642482,0.6504624167783799,1.759072705733374,-0.7235462497531633,0.3893805309734218,0.2999999999997449,9.25
rsi2_m15_usd100000_smaller_stop_and_time_confirmed_rebound,2017-02-24T15:15:00+00:00,2017-02-24T15:45:00+00:00,3654,signal_exit,0.33605000000015894,4.450993377485549,False,True,1800,10.576545478934463,1.3828029821794847,0.7700356942282279,0.7966725195063282,-1.3037580931213166,0.8962264150942941,0.40000000000040004,15.25
rsi2_m15_usd100000_smaller_stop_and_time_confirmed_rebound,2017-03-01T07:45:00+00:00,2017-03-01T08:00:00+00:00,3901,stop,-1.338402080519904,-17.657019531924853,True,False,900,7.159248552242642,0.9490302912297546,-0.8302383488423046,-5.028568296142642,-1.5552186457285317,0.07317073170725102,0.2999999999997449,7.75
rsi2_m15_usd100000_smaller_stop_and_time_confirmed_rebound,2017-03-01T12:45:00+00:00,2017-03-01T13:15:00+00:00,3921,signal_exit,0.20985999999998858,2.7649538866928665,False,True,1800,8.198519687531041,1.054938611690994,-1.2180983397025007,-5.930140480630675,-1.6767421551591584,0.5769230769231755,0.10000000000065512,12.75
rsi2_m15_usd100000_smaller_stop_and_time_confirmed_rebound,2017-03-02T10:15:00+00:00,2017-03-02T10:45:00+00:00,4004,signal_exit,0.17950000000012675,2.364953886694687,False,True,1800,6.588253738691935,0.9470826358265944,-0.821252315127504,-3.8241434085623665,-1.0535994428648159,0.19587628865967582,0.2999999999997449,10.25
rsi2_m15_usd100000_smaller_stop_and_time_confirmed_rebound,2017-03-06T07:00:00+00:00,2017-03-06T08:00:00+00:00,4178,target,0.4728505643649459,6.271227644097426,False,True,3600,4.861873768997902,0.686900429584814,1.5882189933337643,5.058225739274978,-1.3930686953424425,0.3571428571429381,0.40000000000040004,7.0
rsi2_m15_usd100000_smaller_stop_and_time_confirmed_rebound,2017-03-06T10:00:00+00:00,2017-03-06T11:15:00+00:00,4190,stop,-1.7838741850215625,-23.65880881991462,True,False,4500,10.153144463008259,1.3023240323950658,1.335900248979564,4.231408988303124,-0.49577726157447466,0.7263157894735293,0.2999999999997449,10.0
rsi2_m15_usd100000_smaller_stop_and_time_confirmed_rebound,2017-03-07T10:30:00+00:00,2017-03-07T11:00:00+00:00,4284,signal_exit,0.3518800000002582,4.654497354500769,False,True,1800,6.388565581482679,0.9930739551483881,0.22392709187784388,-1.7295762785532702,-1.6840277335110587,0.5942028985508785,0.1999999999990898,10.5
rsi2_m15_usd100000_smaller_stop_and_time_confirmed_rebound,2017-03-07T14:30:00+00:00,2017-03-07T15:15:00+00:00,4300,signal_exit,-0.056359999999898325,-0.7455026455013006,False,False,2700,6.451972471220802,1.0064147095435152,-0.19420756690193022,-1.6893697621632198,-1.048629913874608,0.15151515151482528,0.20000000000131024,14.5
rsi2_m15_usd100000_smaller_stop_and_time_confirmed_rebound,2017-03-08T09:45:00+00:00,2017-03-08T10:15:00+00:00,4373,signal_exit,0.004390000000162375,0.05799207397836691,False,True,1800,5.352570545970242,0.9904286209415971,-0.5439113636387378,-3.4971803909474666,-1.6118881024764418,0.5957446808512247,0.1999999999990898,9.75
rsi2_m15_usd100000_smaller_stop_and_time_confirmed_rebound,2017-03-08T12:45:00+00:00,2017-03-08T13:15:00+00:00,4385,stop,-1.0622207283686433,-14.031977917683532,True,False,1800,5.344984995830556,0.9918035932528908,-0.599899767385789,-2.675083258777377,-0.4452229904875102,0.2807017543857667,0.2999999999997449,12.75
rsi2_m15_usd100000_smaller_stop_and_time_confirmed_rebound,2017-03-08T13:45:00+00:00,2017-03-08T14:30:00+00:00,4389,signal_exit,0.5201000000001732,6.861477572561651,False,True,2700,7.016410257859246,1.2416774804974122,-0.6496962214014579,-3.7984048583310916,-1.7478758809223252,0.5494505494503752,0.0,13.75
rsi2_m15_usd100000_smaller_stop_and_time_confirmed_rebound,2017-03-09T13:30:00+00:00,2017-03-09T13:30:00+00:00,4482,target,0.9202343022636684,12.156331601897865,False,True,0,8.449169763960338,1.3693609584144892,0.019050844113853837,0.05422282435323896,-0.7138978784804063,0.5555555555554185,1.7000000000000348,13.5
rsi2_m15_usd100000_smaller_stop_and_time_confirmed_rebound,2017-03-10T07:15:00+00:00,2017-03-10T08:00:00+00:00,4551,target,0.5111637355182908,6.779359887510488,False,True,2700,5.065939890703986,0.7633447363885093,0.9432054226070147,3.262924656288118,-0.9041811078494518,0.43243243243245677,0.2999999999997449,7.25
rsi2_m15_usd100000_smaller_stop_and_time_confirmed_rebound,2017-03-13T09:45:00+00:00,2017-03-13T11:30:00+00:00,4656,signal_exit,-0.1775299999998528,-2.3702269692904245,False,False,6300,7.803348789304999,1.0554581249412733,2.081437106565183,4.983669520388137,-1.421807167466243,0.3191489361701977,0.1999999999990898,9.75
rsi2_m15_usd100000_smaller_stop_and_time_confirmed_rebound,2017-03-13T13:15:00+00:00,2017-03-13T14:00:00+00:00,4670,signal_exit,0.32500000000010876,4.333333333334783,False,True,2700,7.7066745403383115,1.0367264710260393,1.2192449282973585,2.897193030017555,-1.6920794293890955,0.5142857142856508,0.30000000000196536,13.25
rsi2_m15_usd100000_smaller_stop_and_time_confirmed_rebound,2017-03-14T07:00:00+00:00,2017-03-14T08:00:00+00:00,4738,stop,-0.9001917060672282,-11.98657398225337,True,False,3600,4.361729068358835,0.737300892356572,0.20078825374482961,-0.5322610286869476,-1.8229751737540374,0.6206896551723874,0.1999999999990898,7.0
rsi2_m15_usd100000_smaller_stop_and_time_confirmed_rebound,2017-03-15T10:30:00+00:00,2017-03-15T12:15:00+00:00,4845,signal_exit,0.31888000000022676,4.240425531917909,False,True,6300,5.503879412637808,1.0084742737653345,-0.29148936546975623,-1.80199454633366,-1.0523794512041942,0.27659574468079073,0.1999999999990898,10.5
rsi2_m15_usd100000_smaller_stop_and_time_confirmed_rebound,2017-03-16T15:45:00+00:00,2017-03-16T17:45:00+00:00,4961,stop,-1.5492399865635542,-20.795167604879918,True,False,7200,8.70530192324679,1.1403564077336372,1.5091989758536677,5.9933472028279295,0.30582570725767344,0.6428571428569843,0.2999999999997449,15.75
rsi2_m15_usd100000_smaller_stop_and_time_confirmed_rebound,2017-03-17T11:30:00+00:00,2017-03-17T13:45:00+00:00,5040,signal_exit,-0.11815999999995946,-1.588172043010208,False,False,8100,9.069973161765766,1.2842892421618552,1.4961924004047782,1.665256294294807,-2.2522625558235516,0.3671874999999919,0.20000000000131024,11.5
rsi2_m15_usd100000_smaller_stop_and_time_confirmed_rebound,2017-03-17T15:30:00+00:00,2017-03-17T16:15:00+00:00,5056,signal_exit,0.29848000000012687,4.0118279569909525,False,True,2700,9.238442691362275,1.2479753044076258,0.6454396464170967,1.2168737503127194,-0.4410240083585582,0.2987012987011751,0.30000000000196536,15.5
rsi2_m15_usd100000_smaller_stop_and_time_confirmed_rebound,2017-03-20T08:30:00+00:00,2017-03-20T09:00:00+00:00,5118,stop,-1.0074028995372653,-13.57685848432972,True,False,1800,5.0407203472872615,0.8153499209597691,1.014432008912195,4.236666286718415,0.6930036395436879,0.15189873417707286,0.40000000000040004,8.5
rsi2_m15_usd100000_smaller_stop_and_time_confirmed_rebound,2017-03-22T09:45:00+00:00,2017-03-22T10:30:00+00:00,5311,signal_exit,0.40021000000014784,5.400944669367717,False,True,2700,7.373239405919657,1.1545042684023736,0.624969481573619,-0.24007871685960372,-1.8212450191281506,0.7647058823530373,0.2999999999997449,9.75
rsi2_m15_usd100000_smaller_stop_and_time_confirmed_rebound,2017-03-23T09:15:00+00:00,2017-03-23T10:30:00+00:00,5403,target,0.658558083249557,8.875445865896994,False,True,4500,6.085431827825528,1.0188017393553543,0.03662917889925442,-2.285776808312201,-2.190569368284765,0.19444444444447015,0.1999999999990898,9.25
rsi2_m15_usd100000_smaller_stop_and_time_confirmed_rebound,2017-03-24T14:00:00+00:00,2017-03-24T15:30:00+00:00,5515,signal_exit,0.31060000000005883,4.197297297298092,False,True,5400,6.674420545761342,1.093749953935266,0.687008287082953,2.0415384605920996,-1.2819004188429164,0.22388059701475224,0.20000000000131024,14.0
rsi2_m15_usd100000_smaller_stop_and_time_confirmed_rebound,2017-03-27T14:15:00+00:00,2017-03-27T15:15:00+00:00,5609,signal_exit,0.056900000000053186,0.7752043596737491,False,True,3600,7.718201361324427,1.1919405440647561,2.1678641003662005,9.062172899744258,0.38241449524983573,0.44705882352945786,0.10000000000065512,14.25
rsi2_m15_usd100000_smaller_stop_and_time_confirmed_rebound,2017-03-28T07:00:00+00:00,2017-03-28T07:00:00+00:00,5673,target,0.47667165066724526,6.476516992761484,False,True,0,4.9469541485534805,0.8761573198719524,0.8916859177439628,1.712260632045283,-1.9998030203981993,0.06944444444458579,0.2999999999997449,7.0
rsi2_m15_usd100000_smaller_stop_and_time_confirmed_rebound,2017-03-28T11:30:00+00:00,2017-03-28T12:15:00+00:00,5691,signal_exit,0.24896000000016302,3.3826086956543886,False,True,2700,5.709916990603216,0.9847514329119712,0.5051312304972674,1.0004775873780538,-1.1249841314193578,0.023809523809687448,0.2999999999997449,11.5
rsi2_m15_usd100000_smaller_stop_and_time_confirmed_rebound,2017-03-29T07:00:00+00:00,2017-03-29T07:15:00+00:00,5765,stop,-1.2383871065565444,-16.734960899412762,True,False,900,6.666129098355806,1.069988317626929,-0.9450817009903469,-6.40422980586692,-1.9899467872667282,0.556603773584959,0.2999999999997449,7.0
rsi2_m15_usd100000_smaller_stop_and_time_confirmed_rebound,2017-03-29T12:30:00+00:00,2017-03-29T15:30:00+00:00,5787,holding_bars,0.030330000000189095,0.4082099596256944,False,True,10800,9.409335607805485,1.3890415996896939,-1.6154020456625389,-10.100651796243174,-2.060522859284269,0.6476190476190637,0.1999999999990898,12.5
rsi2_m15_usd100000_smaller_stop_and_time_confirmed_rebound,2017-03-30T08:30:00+00:00,2017-03-30T10:30:00+00:00,5864,signal_exit,-0.17023999999980505,-2.2881720430081325,False,False,7200,6.102144416832412,0.9824264133549325,-1.5834843518841129,-7.810077646956441,-1.8264535232619747,0.7173913043475008,0.1999999999990898,8.5
rsi2_m15_usd100000_smaller_stop_and_time_confirmed_rebound,2017-03-30T13:15:00+00:00,2017-03-30T13:15:00+00:00,5883,target,0.810599132126977,10.880525263449353,False,True,0,7.132544510917746,1.1157412556799402,-1.745626810939969,-8.283504660997819,-1.903961747617446,0.4235294117645983,0.2999999999997449,13.25
rsi2_m15_usd100000_smaller_stop_and_time_confirmed_rebound,2017-03-31T10:15:00+00:00,2017-03-31T11:15:00+00:00,5964,signal_exit,0.4291600000001303,5.7297730307093495,False,True,3600,6.158231534070342,1.0134696338966673,-2.0320230925485085,-9.048119019402412,-1.5694876189367657,0.4210526315787321,0.10000000000065512,10.25
rsi2_m15_usd100000_smaller_stop_and_time_confirmed_rebound,2017-04-03T07:00:00+00:00,2017-04-03T07:45:00+00:00,6043,stop,-0.9190198460578627,-12.269957891293226,True,False,2700,4.449865461001725,0.7594393554346559,-1.1352576316008993,-5.257994383167736,-1.6791283583828331,0.48453608247412766,0.2999999999997449,7.0
rsi2_m15_usd100000_smaller_stop_and_time_confirmed_rebound,2017-04-03T10:45:00+00:00,2017-04-03T12:15:00+00:00,6058,signal_exit,0.13000000000016348,1.733333333335513,False,True,5400,5.571399910115016,0.9403399581950107,-1.270396488114045,-6.816491063051782,-1.886295084614027,0.12820512820536178,0.1999999999990898,10.75
rsi2_m15_usd100000_smaller_stop_and_time_confirmed_rebound,2017-04-03T15:30:00+00:00,2017-04-03T16:15:00+00:00,6077,signal_exit,0.5125000000001714,6.833333333335618,False,True,2700,7.9110308855198,1.2638060151929835,-1.283903969555587,-5.808168643545603,-0.9046343509362146,0.6923076923077449,0.2999999999997449,15.5
rsi2_m15_usd100000_smaller_stop_and_time_confirmed_rebound,2017-04-04T07:00:00+00:00,2017-04-04T07:30:00+00:00,6133,stop,-0.9928850229803607,-13.238466973071475,True,False,1800,5.03590015320258,0.9258489952955745,-0.6702642598729297,-4.008489112208156,-1.774531987445934,0.3012048192769021,0.10000000000065512,7.0
rsi2_m15_usd100000_smaller_stop_and_time_confirmed_rebound,2017-04-04T11:00:00+00:00,2017-04-04T11:45:00+00:00,6149,signal_exit,0.31819000000022646,4.236884154463734,False,True,2700,7.086662216511214,1.2229273374870269,-0.9056830287471469,-5.873027646080934,-2.3428461527206714,0.07462686567178028,0.1999999999990898,11.0
rsi2_m15_usd100000_smaller_stop_and_time_confirmed_rebound,2017-04-05T13:45:00+00:00,2017-04-05T14:45:00+00:00,6255,signal_exit,0.19750000000010612,2.633333333334748,False,True,3600,7.359022731164066,1.3201306360463272,-0.12252029655022365,-2.0317275727301705,-1.3407485733686,0.17857142857144273,0.2999999999997449,13.75
rsi2_m15_usd100000_smaller_stop_and_time_confirmed_rebound,2017-04-06T08:00:00+00:00,2017-04-06T08:45:00+00:00,6326,signal_exit,0.31068000000017726,4.136884154463079,False,True,2700,7.910332847381829,1.2836226490399838,-0.055105059269227125,-3.8812380686079355,-1.769515032913942,0.8372093023253052,0.10000000000065512,8.0
rsi2_m15_usd100000_smaller_stop_and_time_confirmed_rebound,2017-04-07T07:45:00+00:00,2017-04-07T09:30:00+00:00,6415,signal_exit,-0.45533999999983843,-6.063115845537129,False,False,6300,5.22130337292428,0.9265904654746024,-0.5605723509121153,-3.4774393371859476,-2.180721057654141,0.05617977528101381,0.1999999999990898,7.75
rsi2_m15_usd100000_smaller_stop_and_time_confirmed_rebound,2017-04-07T11:30:00+00:00,2017-04-07T12:30:00+00:00,6430,target,0.479471855617706,6.375955526831197,False,True,3600,4.867764997456968,0.8803350803358534,-0.8209957216542165,-4.414002608985664,-1.1198429936148182,0.6521739130435412,0.2999999999997449,11.5
rsi2_m15_usd100000_smaller_stop_and_time_confirmed_rebound,2017-04-07T15:15:00+00:00,2017-04-07T16:45:00+00:00,6445,stop,-1.725904067839669,-22.920372746874754,True,False,5400,9.782165125098656,1.488759182611995,-0.9334111608382366,-4.6866779439866795,-1.2252854443890961,0.24999999999993966,0.2999999999997449,15.25
rsi2_m15_usd100000_smaller_stop_and_time_confirmed_rebound,2017-04-10T07:15:00+00:00,2017-04-10T10:15:00+00:00,6504,holding_bars,-0.8492999999997273,-11.249006622512944,False,False,10800,4.585590737209579,0.785374965735286,-1.8235306888719955,-6.500420225054832,0.16626202876980503,0.24590163934441744,0.09999999999843467,7.25
rsi2_m15_usd100000_smaller_stop_and_time_confirmed_rebound,2017-04-10T10:30:00+00:00,2017-04-10T11:45:00+00:00,6517,signal_exit,0.01895000000026087,0.2509933774868989,False,True,4500,4.823517361607378,0.8434182846219659,-1.563890369768628,-6.719225604041073,-1.321285506758639,0.6363636363632693,0.2999999999997449,10.5
rsi2_m15_usd100000_smaller_stop_and_time_confirmed_rebound,2017-04-13T07:15:00+00:00,2017-04-13T07:45:00+00:00,6783,stop,-1.1429956607263092,-15.239942143017457,True,False,1800,5.9866377381773095,1.0510306151026285,1.922609664426636,4.751468388318234,-2.418821810010416,0.4057971014493127,0.1999999999990898,7.25
rsi2_m15_usd100000_smaller_stop_and_time_confirmed_rebound,2017-04-13T08:15:00+00:00,2017-04-13T10:30:00+00:00,6787,stop,-1.159545054094601,-15.440014035880173,True,False,8100,6.088449095170913,1.062876738865895,1.7103611737792024,3.433591876606685,-1.6155051526002624,0.7843137254900936,0.20000000000131024,8.25
rsi2_m15_usd100000_smaller_stop_and_time_confirmed_rebound,2017-04-13T11:00:00+00:00,2017-04-13T11:45:00+00:00,6798,stop,-1.0997922750515639,-14.644371172457573,True,False,2700,5.640627663460094,0.9923798961173838,0.9973763157177903,1.4212136246359675,-1.082103477360983,0.09374999999989159,0.2999999999997449,11.0
rsi2_m15_usd100000_smaller_stop_and_time_confirmed_rebound,2017-04-13T12:15:00+00:00,2017-04-13T13:30:00+00:00,6803,stop,-1.1371831507783243,-15.122116366733035,True,False,4500,5.881270949323671,1.0285525050569515,0.6256910707414665,-0.09194531796799783,-1.6740687711606723,0.9482758620686289,0.30000000000196536,12.25
rsi2_m15_usd100000_smaller_stop_and_time_confirmed_rebound,2017-04-13T14:00:00+00:00,2017-04-13T14:45:00+00:00,6810,signal_exit,0.3346300000001585,4.443957503322158,False,True,2700,6.969129219395182,1.1812670806087382,0.23090116422502122,-1.9655249284258787,-1.817708529160077,0.2926829268292749,0.700000000000145,14.0
rsi2_m15_usd100000_smaller_stop_and_time_confirmed_rebound,2017-04-17T09:15:00+00:00,2017-04-17T11:00:00+00:00,6967,signal_exit,0.0556800000001722,0.7404255319171835,False,True,6300,5.361334889021418,1.124174806407783,0.21171712581372562,0.9889825693562754,0.01775812317874473,0.4761904761903251,0.1999999999990898,9.25
rsi2_m15_usd100000_smaller_stop_and_time_confirmed_rebound,2017-04-19T09:30:00+00:00,2017-04-19T09:45:00+00:00,7148,signal_exit,0.2849000000001951,3.819034852549532,False,True,900,5.9798991735675555,1.1208524375367488,1.8575690110330993,5.298915865379727,-1.4608550523380555,0.3061224489794069,0.0,9.5
rsi2_m15_usd100000_smaller_stop_and_time_confirmed_rebound,2017-04-19T14:15:00+00:00,2017-04-19T14:45:00+00:00,7167,signal_exit,0.5236200000001026,7.019034852548292,False,True,1800,6.641814433595095,1.1975247062267391,1.4098201935646728,3.138277007762406,-1.9881450457949066,0.3999999999999408,0.10000000000065512,14.25
rsi2_m15_usd100000_smaller_stop_and_time_confirmed_rebound,2017-04-20T11:45:00+00:00,2017-04-20T13:00:00+00:00,7249,signal_exit,0.11992000000027864,1.6118279569929923,False,True,4500,6.547031537289149,1.1923252490002985,1.8985270425541498,6.066492055820036,-0.899569727116114,0.7209302325583317,0.1999999999990898,11.75
rsi2_m15_usd100000_smaller_stop_and_time_confirmed_rebound,2017-04-21T09:45:00+00:00,2017-04-21T10:15:00+00:00,7334,stop,-1.3005994160325955,-17.434308525906104,True,False,1800,7.0766716892269335,1.2490057275252533,-0.059486196361884264,-2.2303243010433516,-1.4752517479797853,0.5999999999998386,0.20000000000131024,9.75
rsi2_m15_usd100000_smaller_stop_and_time_confirmed_rebound,2017-04-21T10:45:00+00:00,2017-04-21T13:00:00+00:00,7338,target,0.8677336751699469,11.616247324898888,False,True,8100,7.496811748126043,1.2958768845162643,-0.18542681050192408,-3.9245460247368444,-1.6143627823246471,0.5978260869563145,0.30000000000196536,10.75
rsi2_m15_usd100000_smaller_stop_and_time_confirmed_rebound,2017-04-24T07:00:00+00:00,2017-04-24T07:45:00+00:00,7417,signal_exit,1.1118600000000844,15.086295793759625,False,True,2700,12.398613775676445,1.3079905466990533,2.5338520009457173,8.908660316417393,-0.3755505168484885,0.5612903225807625,1.5999999999993797,7.0
rsi2_m15_usd100000_smaller_stop_and_time_confirmed_rebound,2017-04-24T11:00:00+00:00,2017-04-24T12:45:00+00:00,7433,signal_exit,-0.008639999999890347,-0.11739130434633623,False,False,6300,11.980079307473444,1.203059029592604,2.311023218754317,8.54754559991092,0.042014098751812036,0.6153846153846592,0.10000000000065512,11.0
rsi2_m15_usd100000_smaller_stop_and_time_confirmed_rebound,2017-04-24T15:00:00+00:00,2017-04-24T15:15:00+00:00,7449,signal_exit,0.19744000000015235,2.6826086956542436,False,True,900,9.848459586478286,1.0065516996376052,2.084973282726958,7.605853608633065,0.12665243443338564,0.5657894736842144,0.0,15.0
rsi2_m15_usd100000_smaller_stop_and_time_confirmed_rebound,2017-04-26T07:15:00+00:00,2017-04-26T07:30:00+00:00,7605,stop,-1.1155507841308323,-15.260612642008649,True,False,900,5.862317264917782,0.8666438686547022,2.135242538252374,6.055702414964418,-2.095377805118572,0.13750000000008328,0.40000000000040004,7.25
rsi2_m15_usd100000_smaller_stop_and_time_confirmed_rebound,2017-04-26T09:00:00+00:00,2017-04-26T10:15:00+00:00,7612,stop,-1.4519692260196335,-19.808584256748066,True,False,4500,8.190035648156655,1.153058044258264,1.6347059270728492,2.2507109613699807,-1.6723620862991693,0.25000000000006606,0.2999999999997449,9.0
rsi2_m15_usd100000_smaller_stop_and_time_confirmed_rebound,2017-04-26T15:15:00+00:00,2017-04-26T15:30:00+00:00,7637,stop,-1.4924562315752699,-20.305526960207754,True,False,900,8.44221926241782,1.146012589521945,0.09594473904384014,-1.056160765985524,-1.4722136114847344,0.45569620253190884,0.2999999999997449,15.25
rsi2_m15_usd100000_smaller_stop_and_time_confirmed_rebound,2017-04-27T09:45:00+00:00,2017-04-27T10:30:00+00:00,7707,signal_exit,0.48902000000011947,6.671487039565068,False,True,2700,7.284641675673629,1.0473083331067365,0.38907289507184983,0.09486432651035831,-1.5584938637657584,0.4285714285714789,0.2999999999997449,9.75
rsi2_m15_usd100000_smaller_stop_and_time_confirmed_rebound,2017-04-28T13:30:00+00:00,2017-04-28T14:00:00+00:00,7816,signal_exit,0.2684800000001435,3.6677595628434903,False,True,1800,9.43699750381907,1.2071708688037772,1.0431774664220503,2.5460589846948793,-1.1277880899020583,0.34545454545449406,0.10000000000065512,13.5
rsi2_m15_usd100000_smaller_stop_and_time_confirmed_rebound,2017-05-03T07:00:00+00:00,2017-05-03T07:00:00+00:00,8058,stop,-0.8387011745867141,-11.45766631949063,True,False,0,4.062712941166936,0.7713921596025867,0.8562886420761953,1.5160126434591408,-1.5971425369525467,0.5223880597016409,0.1999999999990898,7.0
rsi2_m15_usd100000_smaller_stop_and_time_confirmed_rebound,2017-05-04T07:00:00+00:00,2017-05-04T07:30:00+00:00,8152,target,0.48128197999642874,6.556975204311018,False,True,1800,4.940885422319141,0.9112763290249639,-0.6608868511707336,-3.982452461734745,-1.9537208997159492,0.7666666666665927,0.20000000000131024,7.0
rsi2_m15_usd100000_smaller_stop_and_time_confirmed_rebound,2017-05-04T12:15:00+00:00,2017-05-04T13:00:00+00:00,8173,signal_exit,0.34094000000013525,4.664021887826747,False,True,2700,7.344152123792195,1.2213065127126475,0.40105911664568683,3.115792049426432,0.38736259611866836,0.31645569620232883,0.20000000000131024,12.25
rsi2_m15_usd100000_smaller_stop_and_time_confirmed_rebound,2017-05-05T09:15:00+00:00,2017-05-05T11:45:00+00:00,8254,signal_exit,-0.3239299999998407,-4.4434842249635205,False,False,9000,6.87720383716585,1.1318104860029148,1.4690435819183016,3.255969455650906,-1.52869429642365,0.8813559322037151,0.2999999999997449,9.25
rsi2_m15_usd100000_smaller_stop_and_time_confirmed_rebound,2017-05-08T08:15:00+00:00,2017-05-08T09:00:00+00:00,8344,stop,-1.6651960642152266,-22.842195668247278,True,False,2700,9.69935572164203,1.2984958338643238,0.33043936386104583,-0.5069621909862729,-1.227193873731813,0.7121212121210541,0.2999999999997449,8.25
rsi2_m15_usd100000_smaller_stop_and_time_confirmed_rebound,2017-05-08T09:30:00+00:00,2017-05-08T10:45:00+00:00,8349,signal_exit,-0.024799999999824796,-0.3397260273948602,False,False,4500,9.499227598537278,1.2578943204130428,0.16923763008120046,-2.4613552203902533,-1.6900504838895145,0.5277777777779491,0.1999999999990898,9.5
rsi2_m15_usd100000_smaller_stop_and_time_confirmed_rebound,2017-05-08T15:45:00+00:00,2017-05-08T16:30:00+00:00,8374,signal_exit,0.18796000000010357,2.567759562842945,False,True,2700,8.543248111758826,1.100626688105755,-0.6331813940236409,-4.446175962556251,-1.8220859815050694,0.11711711711709008,0.10000000000065512,15.75
rsi2_m15_usd100000_smaller_stop_and_time_confirmed_rebound,2017-05-09T09:15:00+00:00,2017-05-09T09:15:00+00:00,8441,stop,-1.169633289224774,-15.95679794303921,True,False,0,6.264142491302058,0.9760722227860228,-0.9385725235404663,-5.270927215381149,-1.2035627383862797,0.29508196721322816,0.2999999999997449,9.25
rsi2_m15_usd100000_smaller_stop_and_time_confirmed_rebound,2017-05-09T09:45:00+00:00,2017-05-09T11:45:00+00:00,8443,stop,-1.2649742646885853,-17.257493379107576,True,False,7200,7.014490209336968,1.0742141982327076,-1.0077310442415834,-6.832875812551281,-1.8945489588098972,0.09876543209886696,0.09999999999843467,9.75
rsi2_m15_usd100000_smaller_stop_and_time_confirmed_rebound,2017-05-09T12:15:00+00:00,2017-05-09T14:00:00+00:00,8453,signal_exit,0.3358200000000877,4.57520435967422,False,True,6300,8.059198046886882,1.189611211973021,-1.3153441123699283,-7.088674616950707,-1.3682261553653992,0.3108108108107622,0.10000000000065512,12.25
rsi2_m15_usd100000_smaller_stop_and_time_confirmed_rebound,2017-05-10T07:00:00+00:00,2017-05-10T07:15:00+00:00,8525,signal_exit,0.07158000000014936,0.9752043596750594,False,True,900,4.971824848467966,0.7852044331585116,-0.762018766565697,-3.608627331929287,-1.736517112037655,0.22222222222203947,0.20000000000131024,7.0
rsi2_m15_usd100000_smaller_stop_and_time_confirmed_rebound,2017-05-10T09:30:00+00:00,2017-05-10T09:45:00+00:00,8535,stop,-1.1966803321325137,-16.281365063027394,True,False,900,6.4801383138283075,0.9986609392731151,-0.8365590843720521,-5.5881974349399774,-1.9584824782030545,0.4833333333335924,0.1999999999990898,9.5
rsi2_m15_usd100000_smaller_stop_and_time_confirmed_rebound,2017-05-10T14:00:00+00:00,2017-05-10T17:00:00+00:00,8553,holding_bars,-0.5233999999998338,-7.121088435371888,False,False,10800,7.835792998316306,1.1536131964268121,-1.1531475498353914,-4.532009159263847,-0.034560864267371434,0.7108433734939921,0.10000000000065512,14.0
rsi2_m15_usd100000_smaller_stop_and_time_confirmed_rebound,2017-05-11T10:15:00+00:00,2017-05-11T11:45:00+00:00,8630,stop,-1.0160949172240306,-13.824420642503817,True,False,5400,5.201666103565945,0.9003329175958305,-0.4541713979208169,-2.514082216669118,-0.981788929120278,0.29787234042561234,0.2999999999997449,10.25
rsi2_m15_usd100000_smaller_stop_and_time_confirmed_rebound,2017-05-11T12:15:00+00:00,2017-05-11T12:15:00+00:00,8638,stop,-1.1004758282321463,-14.952117231415029,True,False,0,5.867362963534077,1.0047687169432415,-0.4690545248960185,-4.272683979851781,-1.744068965575363,0.5384615384611443,0.10000000000065512,12.25
rsi2_m15_usd100000_smaller_stop_and_time_confirmed_rebound,2017-05-17T07:30:00+00:00,2017-05-17T10:00:00+00:00,8984,signal_exit,-0.2863999999997667,-3.977777777774537,False,False,9000,8.382861861527369,1.3181005981069085,3.097190186024322,9.767358799971229,-1.853597609215637,0.0268456375837706,0.2999999999997449,7.5
rsi2_m15_usd100000_smaller_stop_and_time_confirmed_rebound,2017-05-18T10:00:00+00:00,2017-05-18T10:30:00+00:00,9089,signal_exit,0.5118100000000334,7.1183588317111735,False,True,1800,10.142393029616974,1.339867510377858,1.1769703832369816,2.248146625309407,-1.5126909373809132,0.8650793650793664,0.10000000000065512,10.0
rsi2_m15_usd100000_smaller_stop_and_time_confirmed_rebound,2017-05-18T12:00:00+00:00,2017-05-18T12:30:00+00:00,9097,signal_exit,0.7203200000001222,10.018358831712408,False,True,1800,9.917884960460325,1.2861011124958601,0.8927705909707577,2.0412003938216188,-1.0647045505074169,0.5978260869565558,0.1999999999990898,12.0
rsi2_m15_usd100000_smaller_stop_and_time_confirmed_rebound,2017-05-23T14:30:00+00:00,2017-05-23T15:00:00+00:00,9385,signal_exit,0.3055200000001499,4.2910112359571615,False,True,1800,9.682162146415,1.2455195603664626,0.8033106763826745,0.933480186871184,-1.1239017666723783,0.2031249999999512,0.2999999999997449,14.5
rsi2_m15_usd100000_smaller_stop_and_time_confirmed_rebound,2017-05-24T13:45:00+00:00,2017-05-24T15:30:00+00:00,9477,stop,-1.6077780093389715,-22.517899290461784,True,False,6300,9.558389421142472,1.2340107468895165,-0.3381624755546592,-0.9797056952465045,0.31636771077887005,0.8157894736844334,0.1999999999990898,13.75
rsi2_m15_usd100000_smaller_stop_and_time_confirmed_rebound,2017-05-25T07:15:00+00:00,2017-05-25T07:30:00+00:00,9546,signal_exit,0.2977000000001031,4.187060478201168,False,True,900,5.927017069958396,0.8200830825573658,1.0231180435691125,3.167031960956485,-1.4987119657719188,0.17647058823514045,0.20000000000131024,7.25
rsi2_m15_usd100000_smaller_stop_and_time_confirmed_rebound,2017-05-25T10:00:00+00:00,2017-05-25T10:30:00+00:00,9557,stop,-1.2781969387349017,-17.952204195714913,True,False,1800,7.221607715836099,0.9851276438954227,0.9471244804175534,1.9004143327600962,-1.6327073986744236,0.5967741935482946,0.2999999999997449,10.0
rsi2_m15_usd100000_smaller_stop_and_time_confirmed_rebound,2017-05-25T13:00:00+00:00,2017-05-25T14:00:00+00:00,9569,signal_exit,0.5700400000001369,7.994950911642873,False,True,3600,8.175365586835367,1.0939949750166031,0.4265704280465768,-1.119837752267436,-1.2983988100332648,0.5673076923078175,0.2999999999997449,13.0
rsi2_m15_usd100000_smaller_stop_and_time_confirmed_rebound,2017-05-26T10:00:00+00:00,2017-05-26T10:15:00+00:00,9647,signal_exit,0.1275200000000904,1.7910112359563255,False,True,900,6.57454245105672,0.9683908588252291,0.03718137132503972,1.103331740563783,0.49849299978263023,0.3333333333333333,0.1999999999990898,10.0
rsi2_m15_usd100000_smaller_stop_and_time_confirmed_rebound,2017-05-26T11:45:00+00:00,2017-05-26T11:45:00+00:00,9654,stop,-1.2986410996307243,-18.213760163123762,True,False,0,7.454355537382882,1.0775712373295794,0.18223336727795564,-0.524976860335915,-1.889822157835046,0.26829268292675,0.10000000000065512,11.75
rsi2_m15_usd100000_smaller_stop_and_time_confirmed_rebound,2017-05-26T12:15:00+00:00,2017-05-26T12:30:00+00:00,9656,stop,-1.400602719667062,-19.616284589174537,True,False,900,8.05758207049832,1.1473822299439453,0.1704858561162128,-1.9936520266991407,-2.144258590276997,0.6400000000002132,0.2999999999997449,12.25
rsi2_m15_usd100000_smaller_stop_and_time_confirmed_rebound,2017-05-26T13:30:00+00:00,2017-05-26T14:15:00+00:00,9661,signal_exit,0.5579000000000436,7.802797202797812,False,True,2700,9.684169579084386,1.320426713632867,-0.05092981674378888,-5.439416702970434,-1.9200506545808846,0.4135338345864875,0.10000000000065512,13.5
rsi2_m15_usd100000_smaller_stop_and_time_confirmed_rebound,2017-06-01T12:45:00+00:00,2017-06-01T13:15:00+00:00,10027,signal_exit,0.1921500000001943,2.6949509116436787,False,True,1800,7.721095655710313,1.1052738322423474,0.5522932588986004,-0.03538979570375851,-1.8460798747825735,0.6052631578947137,0.2999999999997449,12.75
rsi2_m15_usd100000_smaller_stop_and_time_confirmed_rebound,2017-06-05T11:00:00+00:00,2017-06-05T12:15:00+00:00,10197,signal_exit,0.18394000000014718,2.587060478201789,False,True,4500,6.924305831634372,1.1031549932334708,0.7550053768579992,-0.4228051002778606,-2.2346585085332316,0.07692307692301123,0.1999999999990898,11.0
rsi2_m15_usd100000_smaller_stop_and_time_confirmed_rebound,2017-06-06T07:45:00+00:00,2017-06-06T08:45:00+00:00,10274,signal_exit,0.18340000000014697,2.583098591551366,False,True,3600,5.914522927592858,1.0730247409976597,0.7215822810415957,-0.8723249094848713,-2.416174130024913,0.5882352941175703,0.1999999999990898,7.75
rsi2_m15_usd100000_smaller_stop_and_time_confirmed_rebound,2017-06-07T11:15:00+00:00,2017-06-07T12:30:00+00:00,10380,signal_exit,0.6698600000001576,9.394950911643162,False,True,4500,10.863260446967015,1.6926213847267841,-0.23971292480955386,-7.090129965911996,-1.7806418765467005,0.24137931034489798,0.1999999999990898,11.25
rsi2_m15_usd100000_smaller_stop_and_time_confirmed_rebound,2017-06-08T09:00:00+00:00,2017-06-08T09:45:00+00:00,10466,stop,-1.2533400140452189,-17.65267625415801,True,False,2700,7.06788742285457,1.0273900600193062,8.715514586103289e-05,-1.0861446412085085,-1.6082776767897144,0.31506849315087243,0.2999999999997449,9.0
rsi2_m15_usd100000_smaller_stop_and_time_confirmed_rebound,2017-06-08T10:30:00+00:00,2017-06-08T11:30:00+00:00,10472,signal_exit,-0.09334999999977495,-1.3129395217971158,False,False,3600,7.365349488152003,1.0597214940458892,-0.14216996350858946,-2.7926236476655624,-1.5436465063015836,0.6491228070175575,0.1999999999990898,10.5
rsi2_m15_usd100000_smaller_stop_and_time_confirmed_rebound,2017-06-08T12:15:00+00:00,2017-06-08T12:30:00+00:00,10479,stop,-1.6427949838089555,-23.072963255743755,True,False,900,9.781987245849106,1.3345141330307255,-0.3528885725346568,-3.4835485163794506,-1.3357598311887808,0.2857142857142404,0.30000000000196536,12.25
rsi2_m15_usd100000_smaller_stop_and_time_confirmed_rebound,2017-06-09T09:00:00+00:00,2017-06-09T12:00:00+00:00,10561,holding_bars,-0.028399999999828396,-0.3972027972003971,False,False,10800,10.638121581283489,1.2305361001412474,-0.8996421946398685,-5.649992505467933,-1.7685074894531145,0.700000000000222,0.1999999999990898,9.0
rsi2_m15_usd100000_smaller_stop_and_time_confirmed_rebound,2017-06-09T13:15:00+00:00,2017-06-09T13:45:00+00:00,10578,signal_exit,0.186100000000148,2.6027972027992723,False,True,1800,8.46033330522257,0.9976130004204868,-1.2228250684041841,-5.601990057503771,-1.7840814990806237,0.17567567567563513,0.09999999999843467,13.25
rsi2_m15_usd100000_smaller_stop_and_time_confirmed_rebound,2017-06-12T14:45:00+00:00,2017-06-12T17:45:00+00:00,10672,holding_bars,-0.46380999999998673,-6.505049088358859,False,False,10800,7.394859653067756,1.066437464866593,0.188241501294205,-1.602720314456843,-1.9901690828948198,0.24137931034486718,0.10000000000065512,14.75
rsi2_m15_usd100000_smaller_stop_and_time_confirmed_rebound,2017-06-14T07:45:00+00:00,2017-06-14T08:00:00+00:00,10831,stop,-0.9190444367767394,-12.907927482819373,True,False,900,4.749469359388442,0.9339996997269399,0.40896178431469954,1.2665790729477509,-0.4648977041127933,0.2878787878786095,0.1999999999990898,7.75
rsi2_m15_usd100000_smaller_stop_and_time_confirmed_rebound,2017-06-15T07:45:00+00:00,2017-06-15T09:15:00+00:00,10926,stop,-1.34265567991936,-18.80470139943081,True,False,5400,7.701790475626297,1.0736403056190662,-0.17119522436899232,-4.013437970985301,-2.208769747251893,0.29523809523812744,0.20000000000131024,7.75
rsi2_m15_usd100000_smaller_stop_and_time_confirmed_rebound,2017-06-15T10:15:00+00:00,2017-06-15T13:00:00+00:00,10936,stop,-1.5598705276206744,-21.785901223752433,True,False,9900,9.196302567183334,1.2233629511472675,-0.6868365098474524,-7.008343527928185,-1.6349774424703791,0.4181818181816934,0.20000000000131024,10.25
rsi2_m15_usd100000_smaller_stop_and_time_confirmed_rebound,2017-06-15T13:30:00+00:00,2017-06-15T15:15:00+00:00,10949,signal_exit,0.25887999999998135,3.6105997210597116,False,True,6300,9.532195878937479,1.228484814085483,-1.4149679321408146,-7.6296323910173935,-1.467483032975362,0.30379746835442684,0.30000000000196536,13.5
rsi2_m15_usd100000_smaller_stop_and_time_confirmed_rebound,2017-06-16T12:15:00+00:00,2017-06-16T12:30:00+00:00,11039,target,0.7366199775726028,10.287988513583837,False,True,900,6.840642301484393,1.0512796176824635,-0.3425244758863935,-1.6352339483240228,-0.8200040632052469,0.8749999999998073,0.20000000000131024,12.25
rsi2_m15_usd100000_smaller_stop_and_time_confirmed_rebound,2017-06-19T07:45:00+00:00,2017-06-19T09:00:00+00:00,11110,signal_exit,0.21412000000017636,2.9988795518231983,False,True,4500,5.475024457334178,0.9516332248072236,0.4821178694163105,0.5100886412855737,-1.5103064165225366,0.37333333333339647,0.1999999999990898,7.75
rsi2_m15_usd100000_smaller_stop_and_time_confirmed_rebound,2017-06-19T12:15:00+00:00,2017-06-19T12:15:00+00:00,11128,stop,-1.1775442052540157,-16.492215759860162,True,False,0,6.545547655840602,1.112488767118905,0.4172223091502971,1.715308377624707,0.3135378923985037,0.6938775510204359,0.20000000000131024,12.25
rsi2_m15_usd100000_smaller_stop_and_time_confirmed_rebound,2017-06-20T07:45:00+00:00,2017-06-20T07:45:00+00:00,11204,target,0.4277382710533586,5.965666262947818,False,True,0,4.677533270943923,0.8980690269342805,-0.7685576073624496,-4.122715795861846,-1.6463175032324728,0.3783783783781756,0.20000000000131024,7.75
rsi2_m15_usd100000_smaller_stop_and_time_confirmed_rebound,2017-06-20T12:00:00+00:00,2017-06-20T12:00:00+00:00,11221,target,0.6154395396808596,8.583536118282561,False,True,0,5.986468198610558,1.095351242198647,-0.6586190269246059,-3.6077194928962553,-1.010491706099851,0.535211267605396,0.20000000000131024,12.0
rsi2_m15_usd100000_smaller_stop_and_time_confirmed_rebound,2017-06-20T14:15:00+00:00,2017-06-20T15:00:00+00:00,11230,stop,-1.2796278223152948,-17.846971022528518,True,False,2700,7.228785371795143,1.2570734519030744,-0.683883800035062,-4.632232593724393,-1.760440389284172,0.573770491803398,0.1999999999990898,14.25
rsi2_m15_usd100000_smaller_stop_and_time_confirmed_rebound,2017-06-21T08:30:00+00:00,2017-06-21T08:45:00+00:00,11298,target,0.32527894930794,4.530347483397493,False,True,900,3.9579314018647787,0.8369180881353981,-0.918858463718049,-4.108815880916088,-1.2049298680235334,0.2580645161292633,0.1999999999990898,8.5
rsi2_m15_usd100000_smaller_stop_and_time_confirmed_rebound,2017-06-21T13:45:00+00:00,2017-06-21T14:15:00+00:00,11319,signal_exit,0.1943500000000362,2.7105997210604764,False,True,1800,6.96946247067101,1.312616805413271,-0.2883935511740877,-1.8813069134562312,-1.7478264715972616,0.6984126984125474,0.2999999999997449,13.75
rsi2_m15_usd100000_smaller_stop_and_time_confirmed_rebound,2017-06-22T08:00:00+00:00,2017-06-22T09:00:00+00:00,11390,target,0.4693258671541056,6.55483054684505,False,True,3600,5.024063318114033,1.045292714820452,0.7365352445675499,1.3560529220680155,-1.5299041424057511,0.64044943820232,0.2999999999997449,8.0
rsi2_m15_usd100000_smaller_stop_and_time_confirmed_rebound,2017-06-22T10:30:00+00:00,2017-06-22T12:15:00+00:00,11400,signal_exit,0.11504000000015607,1.606703910616705,False,True,6300,5.048161999713984,1.0419007381905878,0.6412766911253478,1.4297622050748748,-0.798385765604799,0.11111111111117965,0.1999999999990898,10.5
rsi2_m15_usd100000_smaller_stop_and_time_confirmed_rebound,2017-06-26T09:00:00+00:00,2017-06-26T11:15:00+00:00,11577,stop,-1.1375981298240254,-15.932746916302877,True,False,8100,6.265813234062966,1.3077178597436052,0.8578515759976884,1.5901166452311257,-1.3205578180184299,0.3392857142860187,0.1999999999990898,9.0
rsi2_m15_usd100000_smaller_stop_and_time_confirmed_rebound,2017-06-28T09:30:00+00:00,2017-06-28T10:15:00+00:00,11765,signal_exit,0.30616000000003796,4.355049786629274,False,True,2700,9.930084850954026,1.3416484957311323,3.0752429886755466,10.936637007802728,-0.43320686357958815,0.13235294117635535,0.20000000000131024,9.5
rsi2_m15_usd100000_smaller_stop_and_time_confirmed_rebound,2017-06-28T13:00:00+00:00,2017-06-28T13:30:00+00:00,11779,target,1.809279510464802,25.663539155529108,False,True,1800,14.55020929407594,1.7308846970783593,2.408620203540847,5.184899566875844,-2.0380616198542345,0.240875912408739,0.20000000000131024,13.0
rsi2_m15_usd100000_smaller_stop_and_time_confirmed_rebound,2017-06-28T15:45:00+00:00,2017-06-28T16:15:00+00:00,11790,signal_exit,0.4889399999999866,6.955049786628543,False,True,1800,15.877108088021451,1.6893298071332388,1.845977576906187,7.081779644498685,0.20251057290626145,0.6349206349205454,0.20000000000131024,15.75
rsi2_m15_usd100000_smaller_stop_and_time_confirmed_rebound,2017-06-29T10:00:00+00:00,2017-06-29T11:15:00+00:00,11862,stop,-1.5691198854858257,-22.415998364083222,True,False,4500,9.429427753470984,1.1522232063109223,2.165566528376034,8.063737369039035,-0.074586412694588,0.542553191489407,0.2999999999997449,10.0
rsi2_m15_usd100000_smaller_stop_and_time_confirmed_rebound,2017-06-30T08:00:00+00:00,2017-06-30T08:30:00+00:00,11949,stop,-1.3554229184982391,-19.363184549974847,True,False,1800,8.003020846416492,1.0785198547611121,1.3707953879079038,2.1731855025522684,-1.9648585069951006,0.368421052631419,0.10000000000065512,8.0
rsi2_m15_usd100000_smaller_stop_and_time_confirmed_rebound,2017-07-03T08:30:00+00:00,2017-07-03T10:45:00+00:00,12042,stop,-1.1331446821603857,-16.141662139036832,True,False,8100,6.446329645018321,0.981570162421706,0.006063726783246416,-3.2563874316221044,-2.343422736782467,0.11842105263149821,0.0,8.5
rsi2_m15_usd100000_smaller_stop_and_time_confirmed_rebound,2017-07-03T15:45:00+00:00,2017-07-03T18:45:00+00:00,12071,holding_bars,-0.5725899999997872,-8.144950213368238,False,False,10800,7.59490142655298,1.104962926018489,-1.1127114032290495,-4.76873739810853,-0.7678630180529714,0.7625000000000832,0.09999999999843467,15.75
rsi2_m15_usd100000_smaller_stop_and_time_confirmed_rebound,2017-07-04T09:00:00+00:00,2017-07-04T10:15:00+00:00,12136,signal_exit,-0.4252799999999126,-6.04090909090785,False,False,4500,7.8708236672235365,1.244228989586373,-0.8358481867323654,-4.307379103991913,-0.73724053844608,0.3488372093023436,0.2999999999997449,9.0
rsi2_m15_usd100000_smaller_stop_and_time_confirmed_rebound,2017-07-05T09:15:00+00:00,2017-07-05T09:30:00+00:00,12227,stop,-1.272667879277873,-18.077668739742514,True,False,900,7.418379824417646,1.2972591134786287,-0.4104223931727803,-3.932739626979684,-1.8692972267497958,0.007490636704169063,0.0,9.25
rsi2_m15_usd100000_smaller_stop_and_time_confirmed_rebound,2017-07-05T10:30:00+00:00,2017-07-05T11:15:00+00:00,12232,signal_exit,-0.07997999999984079,-1.1328611897994447,False,False,2700,8.433618619004621,1.4122739606551469,-0.6438002107503756,-6.5910157552678035,-1.627142888325615,0.2935779816512528,0.20000000000131024,10.5
rsi2_m15_usd100000_smaller_stop_and_time_confirmed_rebound,2017-07-05T12:45:00+00:00,2017-07-05T14:00:00+00:00,12241,signal_exit,0.1883000000001924,2.6671388102010254,False,True,4500,8.122227432997667,1.3286996117806698,-0.9893837398552785,-5.836800885902031,-0.7553752977176849,0.4457831325304267,0.09999999999843467,12.75
rsi2_m15_usd100000_smaller_stop_and_time_confirmed_rebound,2017-07-07T10:30:00+00:00,2017-07-07T11:30:00+00:00,12421,signal_exit,-0.08099999999984214,-1.157142857140602,False,False,3600,6.113280150429233,1.037064317497165,1.2587769782411524,4.242700268336609,-0.6015260704506595,0.4999999999997477,0.1999999999990898,10.5
rsi2_m15_usd100000_smaller_stop_and_time_confirmed_rebound,2017-07-07T14:45:00+00:00,2017-07-07T16:00:00+00:00,12438,signal_exit,0.600280000000099,8.55099715099856,False,True,4500,11.663608825682324,1.6298024484176457,0.601225897782514,-0.9410309344399155,-1.8165347773137177,0.3846153846154897,0.10000000000065512,14.75
rsi2_m15_usd100000_smaller_stop_and_time_confirmed_rebound,2017-07-10T07:00:00+00:00,2017-07-10T07:00:00+00:00,12498,target,0.30573536443886185,4.361417467030839,False,True,0,3.857242257052143,0.686639748561957,0.37236198616188865,0.43711170817127026,-2.0159244915025853,0.17142857142839016,0.10000000000065512,7.0
rsi2_m15_usd100000_smaller_stop_and_time_confirmed_rebound,2017-07-10T10:15:00+00:00,2017-07-10T10:45:00+00:00,12511,signal_exit,0.10887999999999715,1.5509971509971103,False,True,1800,7.102839387558493,1.1621729415169635,0.1745802464622502,-1.580206825352514,-1.7102874074706105,0.29090909090895145,0.20000000000131024,10.25
rsi2_m15_usd100000_smaller_stop_and_time_confirmed_rebound,2017-07-10T11:45:00+00:00,2017-07-10T12:45:00+00:00,12517,signal_exit,0.2001400000001274,2.850997150998966,False,True,3600,6.4837116764461715,1.0703283355679454,0.03267006228921674,-1.5077579504643777,-1.0472447563031146,0.11428571428584117,0.2999999999997449,11.75
rsi2_m15_usd100000_smaller_stop_and_time_confirmed_rebound,2017-07-11T10:45:00+00:00,2017-07-11T11:15:00+00:00,12605,signal_exit,0.09442000000006096,1.3469329529252632,False,True,1800,4.614359081083696,0.9538921135364186,-0.2009094295796586,-0.48151525097839815,0.13862490908405073,0.7027027027025405,0.10000000000065512,10.75
rsi2_m15_usd100000_smaller_stop_and_time_confirmed_rebound,2017-07-12T07:15:00+00:00,2017-07-12T07:45:00+00:00,12686,stop,-1.2260782710876852,-17.590792985476114,True,False,1800,7.010676263183435,1.2046174284376907,2.1090107658304307,5.7643889374279915,-1.5472780433821656,0.4513274336282977,0.2999999999997449,7.25
rsi2_m15_usd100000_smaller_stop_and_time_confirmed_rebound,2017-07-12T08:15:00+00:00,2017-07-12T08:45:00+00:00,12690,signal_exit,0.4631000000001595,6.634670487108302,False,True,1800,7.590395271573661,1.273795430022787,1.8548876208306575,3.375218792598149,-1.700447622042548,0.2909090909090102,0.2999999999997449,8.25
rsi2_m15_usd100000_smaller_stop_and_time_confirmed_rebound,2017-07-13T14:15:00+00:00,2017-07-13T14:45:00+00:00,12808,signal_exit,0.33276000000022155,4.746932952927554,False,True,1800,10.946135563513481,1.3642628377866344,-0.7021849708081925,-3.1760369676165388,-0.514493512027379,0.12987012987012614,0.1999999999990898,14.25
rsi2_m15_usd100000_smaller_stop_and_time_confirmed_rebound,2017-07-13T15:45:00+00:00,2017-07-13T17:00:00+00:00,12814,signal_exit,-0.1929899999999541,-2.753067047074951,False,False,4500,10.845123066439498,1.3238124862347542,-0.6945218703098966,-4.138144339634617,-1.475445350255595,0.12244897959216042,0.1999999999990898,15.75
rsi2_m15_usd100000_smaller_stop_and_time_confirmed_rebound,2017-07-17T08:00:00+00:00,2017-07-17T09:15:00+00:00,12963,signal_exit,0.32350000000017487,4.634670487108522,False,True,4500,5.972316982939195,0.9548424373090322,0.8158519281759682,0.48086403593978444,-1.9558265680734532,0.7735849056602113,0.1999999999990898,8.0
rsi2_m15_usd100000_smaller_stop_and_time_confirmed_rebound,2017-07-18T11:45:00+00:00,2017-07-18T12:45:00+00:00,13072,signal_exit,0.7065200000001,10.20982658959682,False,True,3600,9.375747783251008,1.3380896189650993,2.095726961077733,9.893275939495837,0.8763107056607641,0.6785714285712398,0.10000000000065512,11.75
rsi2_m15_usd100000_smaller_stop_and_time_confirmed_rebound,2017-07-19T14:45:00+00:00,2017-07-19T15:15:00+00:00,13178,signal_exit,0.3899000000001662,5.618155619598936,False,True,1800,7.729965785697986,1.185212761240586,0.30123261977483945,-0.6373973654239319,-1.7999908561364593,0.11111111111129386,0.1999999999990898,14.75
rsi2_m15_usd100000_smaller_stop_and_time_confirmed_rebound,2017-07-20T08:15:00+00:00,2017-07-20T10:45:00+00:00,13247,signal_exit,0.3490500000000476,5.022302158274066,False,True,9000,6.441351041204384,1.1016869712664386,-0.3059182391084846,-2.9418061939304994,-1.6845596073140494,0.2077922077920842,0.10000000000065512,8.25
rsi2_m15_usd100000_smaller_stop_and_time_confirmed_rebound,2017-07-21T08:15:00+00:00,2017-07-21T09:00:00+00:00,13342,signal_exit,0.14300000000011454,2.0845481049579377,False,True,2700,8.705231552894192,1.1255663236320173,2.1485061084221644,8.656595811253103,0.3920075829673747,0.5050505050504257,0.20000000000131024,8.25
rsi2_m15_usd100000_smaller_stop_and_time_confirmed_rebound,2017-07-24T11:45:00+00:00,2017-07-24T12:30:00+00:00,13448,signal_exit,0.12242000000013203,1.7845481049581928,False,True,2700,7.479106732021628,1.0520763971047362,0.7668583955050843,1.923955765110618,-0.8480957981887615,0.38636363636364784,0.20000000000131024,11.75
rsi2_m15_usd100000_smaller_stop_and_time_confirmed_rebound,2017-07-24T14:15:00+00:00,2017-07-24T15:00:00+00:00,13458,signal_exit,0.10870000000019447,1.584548104959103,False,True,2700,7.3383317830310695,1.0315147300231466,0.6065392621853498,0.8156762814901244,-1.6652117866676668,0.08771929824580539,0.1999999999990898,14.25
rsi2_m15_usd100000_smaller_stop_and_time_confirmed_rebound,2017-07-25T07:30:00+00:00,2017-07-25T08:00:00+00:00,13525,target,0.7021333090836246,10.235179432705896,False,True,1800,6.925315663873907,1.0829362560063098,0.6897427718878997,1.5080217572729628,-1.6730393777608068,0.33684210526325875,0.2999999999997449,7.5
rsi2_m15_usd100000_smaller_stop_and_time_confirmed_rebound,2017-07-25T15:15:00+00:00,2017-07-25T17:45:00+00:00,13556,signal_exit,-0.7342999999998499,-10.719708029194889,False,False,9000,11.763246180039873,1.548813869228722,0.9214052295697571,2.4111690414315157,-0.581156986558654,0.3620689655173008,0.09999999999843467,15.25
rsi2_m15_usd100000_smaller_stop_and_time_confirmed_rebound,2017-07-26T09:15:00+00:00,2017-07-26T10:00:00+00:00,13626,signal_exit,0.34960000000009206,5.0887918486185155,False,True,2700,7.767513064263053,1.1589565674394733,-0.3771913627411623,-3.174639513474842,-1.5399761178261062,0.12499999999972244,0.20000000000131024,9.25
rsi2_m15_usd100000_smaller_stop_and_time_confirmed_rebound,2017-07-27T10:30:00+00:00,2017-07-27T11:45:00+00:00,13726,stop,-1.6266080963925504,-23.85055859813124,True,False,4500,10.20900363924346,1.1680701748497806,1.362786621526644,3.7055616234120077,-1.034538113798116,0.6904761904764086,0.09999999999843467,10.5
rsi2_m15_usd100000_smaller_stop_and_time_confirmed_rebound,2017-07-27T12:15:00+00:00,2017-07-27T12:45:00+00:00,13733,signal_exit,0.41470000000023566,6.0717423133270225,False,True,1800,9.810638151352412,1.1191792431983172,0.9542664391611737,0.8894175865647714,-2.0020883783918633,0.16417910447765152,0.09999999999843467,12.25
rsi2_m15_usd100000_smaller_stop_and_time_confirmed_rebound,2017-07-27T15:15:00+00:00,2017-07-27T15:45:00+00:00,13745,stop,-1.776796537399516,-25.97655756432041,True,False,1800,11.176290478067942,1.2248798859704682,0.37536916518966357,-1.073313733569408,-1.5471539376098926,0.8518518518518641,0.2999999999997449,15.25
rsi2_m15_usd100000_smaller_stop_and_time_confirmed_rebound,2017-07-31T08:15:00+00:00,2017-07-31T09:00:00+00:00,13906,signal_exit,0.20179000000021283,2.9631424375949016,False,True,2700,6.575817898387722,0.8572306898633727,0.5840954211147033,1.1010347812999042,-1.6421718870963173,0.23529411764728933,0.09999999999843467,8.25
rsi2_m15_usd100000_smaller_stop_and_time_confirmed_rebound,2017-07-31T12:00:00+00:00,2017-07-31T13:00:00+00:00,13921,signal_exit,0.17455000000018558,2.5631424375945016,False,True,3600,6.54814937835721,0.867344157968064,0.4247305964328679,1.084751232141284,-0.7788656619889259,0.16981132075494623,0.09999999999843467,12.0
rsi2_m15_usd100000_smaller_stop_and_time_confirmed_rebound,2017-08-02T10:45:00+00:00,2017-08-02T12:45:00+00:00,14105,signal_exit,-0.3889999999998892,-5.762962962961321,False,False,7200,9.417814589774519,1.1392335101824322,1.112679488073869,4.022908702946342,-0.17919391725876685,0.25396825396845535,0.1999999999990898,10.75
rsi2_m15_usd100000_smaller_stop_and_time_confirmed_rebound,2017-08-03T08:30:00+00:00,2017-08-03T09:00:00+00:00,14191,signal_exit,0.14425000000015692,2.1370370370393617,False,True,1800,7.007499513427479,0.9110343641523726,0.5416067704113875,1.0840096082572521,-1.637273525284001,0.2558139534885402,0.1999999999990898,8.5
rsi2_m15_usd100000_smaller_stop_and_time_confirmed_rebound,2017-08-03T11:15:00+00:00,2017-08-03T11:30:00+00:00,14202,target,0.6984031143028759,10.34671280448705,False,True,900,7.054837883723292,0.9275740383753909,0.46633171119784655,1.1405445842035664,-0.8786789724161153,0.1307692307692255,0.3999999999981796,11.25
rsi2_m15_usd100000_smaller_stop_and_time_confirmed_rebound,2017-08-04T11:30:00+00:00,2017-08-04T12:00:00+00:00,14296,signal_exit,0.1297700000002177,1.928231797922997,False,True,1800,5.315255253984684,0.7670387139650328,0.837996100022014,1.963159201476366,-1.6848798162080658,0.6166666666667037,0.09999999999843467,11.5
rsi2_m15_usd100000_smaller_stop_and_time_confirmed_rebound,2017-08-04T13:30:00+00:00,2017-08-04T13:45:00+00:00,14304,stop,-1.6939384566096116,-25.095384542364616,True,False,900,10.7662107897027,1.3942015933428882,0.4396850869418067,-2.2861481921634157,-1.7452244515698265,0.9741379310345059,0.1999999999990898,13.5
rsi2_m15_usd100000_smaller_stop_and_time_confirmed_rebound,2017-08-04T14:45:00+00:00,2017-08-04T17:15:00+00:00,14309,signal_exit,-0.14559999999979462,-2.141176470585215,False,False,9000,17.511295335911417,1.9483829614356465,-0.21656916872290508,-10.919663296527835,-2.0018574658614074,0.7740384615384847,0.09999999999843467,14.75
rsi2_m15_usd100000_smaller_stop_and_time_confirmed_rebound,2017-08-08T12:00:00+00:00,2017-08-08T12:15:00+00:00,14483,signal_exit,0.11142000000008595,1.6457902511090983,False,True,900,5.569829998116057,0.8791641119190378,0.046973980463690126,0.006778972060720172,-0.6288364338768205,0.16326530612257845,0.10000000000065512,12.0
rsi2_m15_usd100000_smaller_stop_and_time_confirmed_rebound,2017-08-08T15:15:00+00:00,2017-08-08T15:45:00+00:00,14496,stop,-1.8000032115502096,-26.470635463973668,True,False,1800,11.414729496694179,1.5718767840214858,-0.30727029441344833,-8.243719947417448,-1.874847313117902,0.4325842696628583,0.2999999999997449,15.25
rsi2_m15_usd100000_smaller_stop_and_time_confirmed_rebound,2017-08-09T13:30:00+00:00,2017-08-09T14:15:00+00:00,14584,target,1.5852656318357008,23.244364103162766,False,True,2700,13.438457711405642,1.536965632873498,-0.9973729229657258,-6.603399914428145,-2.272821628203952,0.1906779661016335,0.30000000000196536,13.5
rsi2_m15_usd100000_smaller_stop_and_time_confirmed_rebound,2017-08-10T10:30:00+00:00,2017-08-10T10:45:00+00:00,14667,signal_exit,0.2774000000000989,4.067448680353356,False,True,900,7.29909711912898,0.9672585651415501,-0.9765968294069824,-5.415591907878592,-1.4297528011313203,0.6842105263158048,0.2999999999997449,10.5
rsi2_m15_usd100000_smaller_stop_and_time_confirmed_rebound,2017-08-10T14:30:00+00:00,2017-08-10T14:45:00+00:00,14683,target,1.2646921547579144,18.57110359409566,False,True,900,11.103980578250813,1.3533647614804074,-0.7960434064770818,-2.8114444684724225,0.0762974703454846,0.4632352941177335,0.2999999999997449,14.5
rsi2_m15_usd100000_smaller_stop_and_time_confirmed_rebound,2017-08-11T09:45:00+00:00,2017-08-11T10:00:00+00:00,14758,signal_exit,0.017600000000066618,0.2588235294127444,False,True,900,5.965914538181496,0.8373548308858152,0.18187830953662448,-0.4265382304430994,-0.9104789300814932,0.5230769230770808,0.20000000000131024,9.75
rsi2_m15_usd100000_smaller_stop_and_time_confirmed_rebound,2017-08-14T08:45:00+00:00,2017-08-14T09:15:00+00:00,14846,signal_exit,0.13173000000006868,1.9457902511088432,False,True,1800,8.614875546926935,1.0577038663858744,0.8940221679201076,1.067413191057873,-1.8138027050261254,0.07476635514006086,0.20000000000131024,8.75
rsi2_m15_usd100000_smaller_stop_and_time_confirmed_rebound,2017-08-14T10:45:00+00:00,2017-08-14T13:45:00+00:00,14854,holding_bars,-0.633279999999832,-9.354209748889689,False,False,10800,7.937658222084165,0.9845023785468945,0.5899000230439572,0.8059097191131727,-0.9544322170431551,0.48571428571419506,0.0,10.75
rsi2_m15_usd100000_smaller_stop_and_time_confirmed_rebound,2017-08-14T14:45:00+00:00,2017-08-14T17:00:00+00:00,14870,signal_exit,0.46444000000013763,6.850147492627399,False,True,8100,8.411642433168158,1.0400388362624047,0.0857502296773929,-1.0756396411291613,-1.7642969058297107,0.4558823529412149,0.09999999999843467,14.75
rsi2_m15_usd100000_smaller_stop_and_time_confirmed_rebound,2017-08-15T07:30:00+00:00,2017-08-15T08:00:00+00:00,14935,target,0.8839865268893834,12.980712582810328,False,True,1800,8.308785072608739,1.1532029420197034,-0.509947649187307,-6.463364890873393,-1.8842065906938745,0.6363636363636364,0.2999999999997449,7.5
rsi2_m15_usd100000_smaller_stop_and_time_confirmed_rebound,2017-08-15T10:45:00+00:00,2017-08-15T11:15:00+00:00,14948,signal_exit,0.330400000000153,4.858823529414015,False,True,1800,9.340230432784606,1.2307219145048756,-0.9123880942596215,-4.402770282165447,-0.4917348068580377,0.11538461538451684,0.10000000000065512,10.75
rsi2_m15_usd100000_smaller_stop_and_time_confirmed_rebound,2017-08-15T13:15:00+00:00,2017-08-15T13:30:00+00:00,14958,target,1.4782587392332582,21.643612580281964,False,True,900,12.585935133477744,1.5189456755415889,-1.1045928928868558,-9.266715807611659,-2.125950904188451,0.5488721804511956,0.1999999999990898,13.25
rsi2_m15_usd100000_smaller_stop_and_time_confirmed_rebound,2017-08-16T11:00:00+00:00,2017-08-16T12:00:00+00:00,15044,signal_exit,0.42836000000002183,6.271742313323892,False,True,3600,11.998874620014394,1.471532634306902,-0.7916509045865178,-6.026827759493773,-1.490813085427578,0.3205128205126417,0.20000000000131024,11.0
rsi2_m15_usd100000_smaller_stop_and_time_confirmed_rebound,2017-08-17T08:30:00+00:00,2017-08-17T09:15:00+00:00,15128,stop,-1.412136809200062,-20.7362233362711,True,False,2700,8.649682886932352,1.0477731303294626,0.5522667709181559,-1.629267112489359,-2.1244447005476337,0.3768115942028706,0.10000000000065512,8.5
rsi2_m15_usd100000_smaller_stop_and_time_confirmed_rebound,2017-08-17T11:00:00+00:00,2017-08-17T11:30:00+00:00,15138,stop,-1.5833714269674268,-23.182597759405954,True,False,1800,9.877170036365978,1.161622870618694,-0.22414016714035787,-6.1696412416503525,-1.555854017892565,0.6354166666666184,0.09999999999843467,11.0
rsi2_m15_usd100000_smaller_stop_and_time_confirmed_rebound,2017-08-21T07:30:00+00:00,2017-08-21T08:15:00+00:00,15309,signal_exit,0.1336900000000691,1.963142437592791,False,True,2700,5.723809599432359,0.768470090953182,0.17354345355140746,-1.0485715089224172,-1.5627099705072858,0.250000000000185,0.1999999999990898,7.5
rsi2_m15_usd100000_smaller_stop_and_time_confirmed_rebound,2017-08-22T07:30:00+00:00,2017-08-22T08:00:00+00:00,15403,stop,-1.0051156083151815,-14.82471398694958,True,False,1800,5.68743073978864,0.8745486521069322,1.0455658309276008,1.706265719153952,-2.079893542966552,0.150943396226589,0.09999999999843467,7.5
rsi2_m15_usd100000_smaller_stop_and_time_confirmed_rebound,2017-08-25T07:30:00+00:00,2017-08-25T08:15:00+00:00,15687,target,0.43995341920866404,6.4889884839036,False,True,2700,4.969420495638311,0.929386827256164,-0.03322855859256301,-2.2201022645817643,-2.3832098285213195,0.3564356435642106,0.10000000000065512,7.5
rsi2_m15_usd100000_smaller_stop_and_time_confirmed_rebound,2017-08-25T12:45:00+00:00,2017-08-25T13:30:00+00:00,15708,signal_exit,0.21297000000014996,3.1457902511100433,False,True,2700,7.048004700308708,1.2217258009704466,0.2583615274985819,1.5651275403517173,0.07913642814685456,0.0999999999999778,0.1999999999990898,12.75
rsi2_m15_usd100000_smaller_stop_and_time_confirmed_rebound,2017-08-28T12:30:00+00:00,2017-08-28T12:45:00+00:00,15801,signal_exit,0.3963000000001873,5.914925373137124,False,True,900,5.96586493805044,0.8180395819254188,2.2758108335288134,7.6226004994497245,-1.1045261580365544,0.2083333333332948,0.1999999999990898,12.5
rsi2_m15_usd100000_smaller_stop_and_time_confirmed_rebound,2017-08-29T10:15:00+00:00,2017-08-29T12:30:00+00:00,15888,signal_exit,0.42322000000010807,6.383408748116261,False,True,8100,11.004118511447624,1.442907677936314,2.9033157964538896,14.462181667133626,0.6815871533274753,0.6793893129771833,0.09999999999843467,10.25
rsi2_m15_usd100000_smaller_stop_and_time_confirmed_rebound,2017-08-29T14:30:00+00:00,2017-08-29T15:45:00+00:00,15905,signal_exit,0.5182000000001277,7.792481203009438,False,True,4500,11.03598408568265,1.3549978106157285,2.9181623443748252,8.319887119365662,-1.6096249270575196,0.4719999999999986,0.1999999999990898,14.5
rsi2_m15_usd100000_smaller_stop_and_time_confirmed_rebound,2017-08-30T07:00:00+00:00,2017-08-30T07:30:00+00:00,15971,stop,-1.213024108672589,-18.15904354300283,True,False,1800,7.232515783478291,0.9136062853105386,0.19264537568307782,-1.4939985079511025,-1.7098403517832703,0.4895833333333791,0.2999999999997449,7.0
rsi2_m15_usd100000_smaller_stop_and_time_confirmed_rebound,2017-08-30T12:30:00+00:00,2017-08-30T12:30:00+00:00,15993,stop,-1.5144751359503617,-22.604106506721813,True,False,0,9.209515939928048,1.1058580730923355,-0.6031731621474746,-5.294244771858674,-2.3241552207157707,0.11458333333315023,0.8000000000008001,12.5
rsi2_m15_usd100000_smaller_stop_and_time_confirmed_rebound,2017-08-30T13:00:00+00:00,2017-08-30T13:15:00+00:00,15995,signal_exit,0.26900000000009716,4.014925373135778,False,True,900,11.138817315550106,1.2891180242091895,-0.6560969339147245,-4.902184161889659,-1.56631519564064,0.444444444444531,0.0,13.0
rsi2_m15_usd100000_smaller_stop_and_time_confirmed_rebound,2017-08-31T10:45:00+00:00,2017-08-31T11:45:00+00:00,16082,stop,-1.7946098600962928,-26.626259051873777,True,False,3600,11.579450000714578,1.3461578804140828,-1.1897013250464283,-7.110520822923611,-1.8368792572628776,0.45918367346945943,0.10000000000065512,10.75
rsi2_m15_usd100000_smaller_stop_and_time_confirmed_rebound,2017-08-31T12:30:00+00:00,2017-08-31T12:45:00+00:00,16089,signal_exit,0.8125000000001883,12.037037037039825,False,True,900,12.00337649264072,1.351551684542771,-1.3220213361408117,-9.202066746618087,-1.5830056845719307,0.5546218487395727,0.7999999999985796,12.5
rsi2_m15_usd100000_smaller_stop_and_time_confirmed_rebound,2017-09-01T14:15:00+00:00,2017-09-01T15:45:00+00:00,16189,signal_exit,0.8162300000002318,12.128231797923206,False,True,5400,17.82187568145329,1.753316090433394,-0.030392684277813626,-3.354748086484357,-2.2070937098590404,0.16666666666669605,0.1999999999990898,14.25
rsi2_m15_usd100000_smaller_stop_and_time_confirmed_rebound,2017-09-04T13:00:00+00:00,2017-09-04T13:15:00+00:00,16279,signal_exit,0.384640000000249,5.723809523813229,False,True,900,8.078601208963018,0.9304922970551975,0.33982392042929394,0.26199740632978963,-1.433194790033601,0.3033707865168259,0.2999999999997449,13.0
rsi2_m15_usd100000_smaller_stop_and_time_confirmed_rebound,2017-09-05T08:15:00+00:00,2017-09-05T09:00:00+00:00,16351,signal_exit,-0.005119999999917024,-0.07619047618924144,False,False,2700,8.358049343774375,1.0855250658814934,0.11956216298450849,-2.0900885821555915,-2.0327871463563465,0.5365853658533547,0.0,8.25
rsi2_m15_usd100000_smaller_stop_and_time_confirmed_rebound,2017-09-06T11:45:00+00:00,2017-09-06T12:00:00+00:00,16460,signal_exit,0.23550000000002644,3.514925373134723,False,True,900,8.708115018455246,1.1011745550643555,0.74823974106674,1.8072797372172653,-1.216502829129823,0.22807017543854866,0.20000000000131024,11.75
rsi2_m15_usd100000_smaller_stop_and_time_confirmed_rebound,2017-09-08T07:00:00+00:00,2017-09-08T07:30:00+00:00,16632,stop,-1.7923669987078643,-27.075030191961698,True,False,1800,11.776941077854522,1.1366886595388057,2.0372787030215807,7.83752003020807,-0.17457335402327312,0.21929824561412392,0.10000000000065512,7.0
rsi2_m15_usd100000_smaller_stop_and_time_confirmed_rebound,2017-09-08T07:45:00+00:00,2017-09-08T09:00:00+00:00,16635,signal_exit,0.4961500000001442,7.483408748116806,False,True,4500,12.259198086022838,1.1698326619906396,2.0184834514373478,6.373699268535423,-1.5190298397645865,0.20625000000009627,0.09999999999843467,7.75
rsi2_m15_usd100000_smaller_stop_and_time_confirmed_rebound,2017-09-08T13:15:00+00:00,2017-09-08T13:45:00+00:00,16657,stop,-1.7417645337157388,-26.270958276255485,True,False,1800,11.327183512185977,1.0717905321905599,1.4846863791164229,4.467830991185279,-1.4937650452030324,0.3740458015268172,0.1999999999990898,13.25
rsi2_m15_usd100000_smaller_stop_and_time_confirmed_rebound,2017-09-08T14:15:00+00:00,2017-09-08T15:45:00+00:00,16661,signal_exit,-0.16015999999988645,-2.412048192769374,False,False,5400,11.663723143782363,1.0961509874417188,1.3758867455968404,3.252086261583602,-1.6996039935648417,0.6357142857142959,0.09999999999843467,14.25
rsi2_m15_usd100000_smaller_stop_and_time_confirmed_rebound,2017-09-11T07:00:00+00:00,2017-09-11T07:00:00+00:00,16724,stop,-1.1305684249356451,-17.00102894640068,True,False,0,6.696755074705822,0.7530473059255781,0.04868983255886919,-0.22430313127843346,-1.258520439601499,0.16279069767443663,0.1999999999990898,7.0
rsi2_m15_usd100000_smaller_stop_and_time_confirmed_rebound,2017-09-11T07:30:00+00:00,2017-09-11T08:00:00+00:00,16726,signal_exit,0.6391600000001738,9.596996996999607,False,True,1800,7.904344936863692,0.8749410063838423,0.019329753517079235,-0.9039491984110051,-1.781130229271872,0.7875000000000312,0.09999999999843467,7.5
rsi2_m15_usd100000_smaller_stop_and_time_confirmed_rebound,2017-09-11T13:00:00+00:00,2017-09-11T14:00:00+00:00,16748,signal_exit,0.00010000000012605481,0.001499250376702471,False,True,3600,8.66216262887851,0.968638004802396,-0.051111752482008097,-2.7886261019011465,-1.985055194033058,0.30508474576289685,0.10000000000065512,13.0
rsi2_m15_usd100000_smaller_stop_and_time_confirmed_rebound,2017-09-12T08:45:00+00:00,2017-09-12T10:00:00+00:00,16825,signal_exit,-0.32691999999994154,-4.894011976047029,False,False,4500,7.71145069516723,1.0212087851802132,-0.7545329123354638,-2.7774301390624885,-0.02150618986161059,0.09042553191489047,0.10000000000065512,8.75
rsi2_m15_usd100000_smaller_stop_and_time_confirmed_rebound,2017-09-12T11:45:00+00:00,2017-09-12T12:30:00+00:00,16837,signal_exit,0.2214700000000873,3.3104633781776873,False,True,2700,8.925280870825368,1.1421991066785924,-0.756214329305865,-5.9988431467934715,-1.7494101487461602,0.20895522388058713,0.10000000000065512,11.75
rsi2_m15_usd100000_smaller_stop_and_time_confirmed_rebound,2017-09-13T15:00:00+00:00,2017-09-13T15:15:00+00:00,16943,stop,-1.653771308556189,-24.683153859047593,True,False,900,10.549039616091168,1.3145271321752794,-0.34736098507274354,-6.980328865011734,-1.7097098682607215,0.6142857142856826,0.20000000000131024,15.0
rsi2_m15_usd100000_smaller_stop_and_time_confirmed_rebound,2017-09-14T11:45:00+00:00,2017-09-14T12:30:00+00:00,17022,stop,-1.3131800416702193,-19.541369667711596,True,False,2700,7.982589595761296,1.0750082687208056,-1.1739656534934428,-5.151392454587858,-1.2179036186506482,0.504347826086792,0.20000000000131024,11.75
rsi2_m15_usd100000_smaller_stop_and_time_confirmed_rebound,2017-09-18T07:45:00+00:00,2017-09-18T08:45:00+00:00,17194,signal_exit,0.4030000000000824,6.014925373135559,False,True,3600,8.461296164226491,1.0045055848534217,0.2872335736912657,-1.0425837776136835,-2.631497510402947,0.20588235294121487,0.10000000000065512,7.75
rsi2_m15_usd100000_smaller_stop_and_time_confirmed_rebound,2017-09-18T12:15:00+00:00,2017-09-18T13:00:00+00:00,17212,signal_exit,0.6228700000001917,9.310463378179247,False,True,2700,9.319825827051861,1.0836780912940105,0.24898047018727582,1.4437481863557502,0.4456763605021026,0.6619718309858846,0.09999999999843467,12.25
rsi2_m15_usd100000_smaller_stop_and_time_confirmed_rebound,2017-09-19T09:00:00+00:00,2017-09-19T11:00:00+00:00,17294,signal_exit,0.12683000000006767,1.901499250375827,False,True,7200,10.353325180774412,1.2546786728224946,1.0181789610938217,3.8738920789986215,-0.13898748804447053,0.6964285714285678,0.5999999999994898,9.0
rsi2_m15_usd100000_smaller_stop_and_time_confirmed_rebound,2017-09-19T12:00:00+00:00,2017-09-19T12:45:00+00:00,17306,signal_exit,0.7871600000000987,11.80149925037629,False,True,2700,11.675434100549603,1.3495221696691557,0.9773571635417102,1.9185286092365161,-1.806427207574512,0.13385826771655057,0.10000000000065512,12.0
rsi2_m15_usd100000_smaller_stop_and_time_confirmed_rebound,2017-09-19T15:15:00+00:00,2017-09-19T16:15:00+00:00,17319,signal_exit,-0.006569999999917642,-0.09850074962395264,False,False,3600,10.72945666310204,1.20544577246322,0.7079381206372894,2.1481516415679147,-0.5049655008387609,0.10447761194032819,0.10000000000065512,15.25
rsi2_m15_usd100000_smaller_stop_and_time_confirmed_rebound,2017-09-20T11:00:00+00:00,2017-09-20T12:15:00+00:00,17396,signal_exit,-0.16009999999988628,-2.4075187969907708,False,False,4500,7.023901911006375,0.9116637862399035,0.9040224155786726,3.123435467311293,-0.20954637747846921,0.6557377049179611,0.10000000000065512,11.0
rsi2_m15_usd100000_smaller_stop_and_time_confirmed_rebound,2017-09-20T13:15:00+00:00,2017-09-20T13:45:00+00:00,17405,signal_exit,0.11302000000012818,1.6969969969989216,False,True,1800,7.042518335414344,0.9227826842225662,0.7478892276325988,1.5501017727234108,-1.7000196584436262,0.5686274509801873,0.10000000000065512,13.25
rsi2_m15_usd100000_smaller_stop_and_time_confirmed_rebound,2017-09-22T09:30:00+00:00,2017-09-22T10:00:00+00:00,17579,signal_exit,0.5270300000001717,7.9014992503773875,False,True,1800,8.224806020869668,1.0421554534346837,0.9600025189669759,4.8901475850111185,0.6308636600944063,0.09999999999988898,0.0,9.5
rsi2_m15_usd100000_smaller_stop_and_time_confirmed_rebound,2017-09-22T11:15:00+00:00,2017-09-22T13:00:00+00:00,17586,signal_exit,0.07388000000001432,1.1059880239523103,False,True,6300,9.915249442066324,1.2077053970288318,1.020299909882805,2.343450344757953,-1.2335129655108505,0.10101010101008515,0.20000000000131024,11.25
rsi2_m15_usd100000_smaller_stop_and_time_confirmed_rebound,2017-09-22T15:30:00+00:00,2017-09-22T16:45:00+00:00,17603,stop,-1.5483993466572095,-23.179630937982175,True,False,4500,9.842809480968084,1.164553743394156,0.6476454364209716,1.91903493257691,-0.33609302712599143,0.7402597402595342,0.10000000000065512,15.5
rsi2_m15_usd100000_smaller_stop_and_time_confirmed_rebound,2017-09-25T10:00:00+00:00,2017-09-25T11:45:00+00:00,17674,stop,-1.428101907938843,-21.251516487185164,True,False,6300,8.887663005497906,1.1259543717711478,-0.8401475014080353,-6.602057924616488,-1.7477720462182225,0.49152542372875613,0.10000000000065512,10.0
rsi2_m15_usd100000_smaller_stop_and_time_confirmed_rebound,2017-09-25T12:30:00+00:00,2017-09-25T13:15:00+00:00,17684,signal_exit,0.5335700000001733,7.928231797922337,False,True,2700,8.018290864490787,1.0236772138648995,-1.4267526798036227,-8.006277227720522,-1.31052544381415,0.5882352941175703,0.09999999999843467,12.5
rsi2_m15_usd100000_smaller_stop_and_time_confirmed_rebound,2017-09-25T15:15:00+00:00,2017-09-25T15:45:00+00:00,17695,stop,-1.6574418126248094,-24.627664377783198,True,False,1800,10.527948087851472,1.2680968996068,-1.596928588181034,-6.636123636376902,-0.8112735988865581,0.3352941176470281,0.20000000000131024,15.25
rsi2_m15_usd100000_smaller_stop_and_time_confirmed_rebound,2017-09-26T07:30:00+00:00,2017-09-26T07:45:00+00:00,17759,stop,-1.2260514555676338,-18.163725267668646,True,False,900,7.400381152353852,1.0403415569284442,-1.4692360355621752,-7.059787101206495,-1.470555643813871,0.17874396135264664,0.0,7.5
rsi2_m15_usd100000_smaller_stop_and_time_confirmed_rebound,2017-09-26T08:15:00+00:00,2017-09-26T09:30:00+00:00,17762,signal_exit,0.3002400000001251,4.441420118345045,False,True,4500,8.650997591735305,1.1815963533145837,-1.5393931766153375,-10.217068215385078,-2.3677971020608624,0.21666666666662965,0.20000000000131024,8.25
rsi2_m15_usd100000_smaller_stop_and_time_confirmed_rebound,2017-09-26T11:15:00+00:00,2017-09-26T13:00:00+00:00,17774,signal_exit,-0.3624800000000121,-5.354209748892351,False,False,6300,8.816151451359401,1.1784424646310907,-2.07645047958363,-11.480369892619194,-1.3875069270978164,0.5200000000001302,0.10000000000065512,11.25
rsi2_m15_usd100000_smaller_stop_and_time_confirmed_rebound,2017-09-26T14:15:00+00:00,2017-09-26T14:45:00+00:00,17786,stop,-1.4235576031726018,-20.996424825554598,True,False,1800,8.773286159090352,1.152931303387227,-2.5356873501830943,-11.000431276000983,-0.88923309261219,0.5306122448978204,0.10000000000065512,14.25
rsi2_m15_usd100000_smaller_stop_and_time_confirmed_rebound,2017-09-26T15:15:00+00:00,2017-09-26T16:30:00+00:00,17790,signal_exit,0.4790000000002268,7.054491899856065,False,True,4500,9.21945350868857,1.1924136448539517,-2.6051403685821497,-12.323163282676354,-2.066196158716805,0.8600000000003997,0.09999999999843467,15.25
rsi2_m15_usd100000_smaller_stop_and_time_confirmed_rebound,2017-09-27T07:45:00+00:00,2017-09-27T08:15:00+00:00,17853,stop,-1.217950411052251,-17.91103545665075,True,False,1800,7.184929493032882,0.985272166045505,-1.8710356646529944,-10.488539899447668,-1.856327061917422,0.07352941176453301,0.1999999999990898,7.75
rsi2_m15_usd100000_smaller_stop_and_time_confirmed_rebound,2017-09-27T11:30:00+00:00,2017-09-27T12:45:00+00:00,17868,stop,-1.4325771974650925,-21.06731172742783,True,False,4500,8.813067628419965,1.1552428670679902,-2.291900759567128,-9.902630729835103,-0.8179862797026912,0.7777777777776864,0.10000000000065512,11.5
rsi2_m15_usd100000_smaller_stop_and_time_confirmed_rebound,2017-09-27T13:15:00+00:00,2017-09-27T14:00:00+00:00,17875,signal_exit,0.06598000000022813,0.9674486803552512,False,True,2700,9.116606836293792,1.1748130209343466,-2.4183947788952977,-11.387709295140793,-1.891885274343304,0.2363636363635483,0.1999999999990898,13.25
rsi2_m15_usd100000_smaller_stop_and_time_confirmed_rebound,2017-09-29T12:30:00+00:00,2017-09-29T12:30:00+00:00,18062,target,0.725612078703936,10.718051384105404,False,True,0,7.236130566498026,0.9949474324159263,0.7209227434473898,3.204101598923998,0.39172736400374664,0.22988505747119983,0.40000000000040004,12.5
rsi2_m15_usd100000_smaller_stop_and_time_confirmed_rebound,2017-09-29T14:15:00+00:00,2017-09-29T14:45:00+00:00,18069,signal_exit,0.768110000000179,11.345790251110472,False,True,1800,10.482239287540677,1.338454091246469,0.8078919356161358,1.8814475761170026,-1.054337144374382,0.36090225563911027,0.1999999999990898,14.25
rsi2_m15_usd100000_smaller_stop_and_time_confirmed_rebound,2017-10-02T08:00:00+00:00,2017-10-02T09:00:00+00:00,18136,signal_exit,-0.02999999999994324,-0.44117647058740056,False,False,3600,6.982387575454578,0.9421444305152262,-0.7572140031272863,-6.088330765492518,-1.9821840249865335,0.279569892473316,0.10000000000065512,8.0
rsi2_m15_usd100000_smaller_stop_and_time_confirmed_rebound,2017-10-02T09:45:00+00:00,2017-10-02T11:00:00+00:00,18143,signal_exit,0.18080000000007887,2.6588235294129245,False,True,4500,7.273770397376972,0.9782986995640641,-1.0077562210505637,-6.061007660654384,-1.1690792589540322,0.048387096774147334,0.1999999999990898,9.75
rsi2_m15_usd100000_smaller_stop_and_time_confirmed_rebound,2017-10-04T07:30:00+00:00,2017-10-04T10:00:00+00:00,18322,target,0.6704766902725325,9.859951327537244,False,True,9000,6.600563899061825,1.0296001542287656,0.5538584816774291,0.2899197583606399,-2.2034995695341366,0.44086021505374035,0.0,7.5
rsi2_m15_usd100000_smaller_stop_and_time_confirmed_rebound,2017-10-04T13:45:00+00:00,2017-10-04T16:45:00+00:00,18347,holding_bars,-0.030249999999943322,-0.44550810014644066,False,False,10800,8.422274956377713,1.2355787023248914,0.3816862894732035,0.21926239025317928,-1.044891701420253,0.08333333333341043,0.10000000000065512,13.75
rsi2_m15_usd100000_smaller_stop_and_time_confirmed_rebound,2017-10-05T11:30:00+00:00,2017-10-05T12:45:00+00:00,18429,stop,-1.165323124137756,-17.137104766731706,True,False,4500,6.797964148071699,1.1301393008298615,0.14639863835360126,-2.3117601463165456,-1.9173928917804612,0.6774193548386634,0.20000000000131024,11.5
rsi2_m15_usd100000_smaller_stop_and_time_confirmed_rebound,2017-10-05T13:45:00+00:00,2017-10-05T15:00:00+00:00,18438,stop,-1.5170359209977446,-22.27659208513575,True,False,4500,9.369867261363472,1.4350967450443652,-0.22704410516622914,-4.304789973532408,-1.2615463430106268,0.4549999999999828,0.20000000000131024,13.75
rsi2_m15_usd100000_smaller_stop_and_time_confirmed_rebound,2017-10-05T15:30:00+00:00,2017-10-05T16:30:00+00:00,18445,signal_exit,-0.11815999999991816,-1.732551319646894,False,False,3600,9.630680641613635,1.4183197602443245,-0.7111436681110458,-6.574042757166961,-1.7935985779524264,0.22222222222186977,0.20000000000131024,15.5
rsi2_m15_usd100000_smaller_stop_and_time_confirmed_rebound,2017-10-06T13:00:00+00:00,2017-10-06T14:15:00+00:00,18529,target,1.0805022521308831,15.819945126367248,False,True,4500,9.624101406520593,1.4554662899797743,-1.041372248891785,-5.199244844774557,-1.3343231011135948,0.41379310344821174,0.09999999999843467,13.0
rsi2_m15_usd100000_smaller_stop_and_time_confirmed_rebound,2017-10-09T14:15:00+00:00,2017-10-09T15:00:00+00:00,18625,signal_exit,0.04516000000009396,0.6631424375931564,False,True,2700,4.450270310360542,0.7669449884467868,0.41765620006322407,0.4592827283882437,-1.498677323184383,0.7179487179490683,0.1999999999990898,14.25
rsi2_m15_usd100000_smaller_stop_and_time_confirmed_rebound,2017-10-11T10:15:00+00:00,2017-10-11T11:00:00+00:00,18796,signal_exit,0.44896000000004865,6.641420118343914,False,True,2700,8.702333489305698,1.2889730175675358,1.374649151778279,3.843916023533088,-1.0651510319994597,0.7294117647059438,0.0,10.25
rsi2_m15_usd100000_smaller_stop_and_time_confirmed_rebound,2017-10-12T07:00:00+00:00,2017-10-12T07:30:00+00:00,18878,stop,-0.8776625553135142,-13.041048370185948,True,False,1800,4.834640084053385,0.8010120316101157,2.025387208481065,6.508599071956176,-2.18996652573677,0.039999999999964474,0.0,7.0
rsi2_m15_usd100000_smaller_stop_and_time_confirmed_rebound,2017-10-12T09:45:00+00:00,2017-10-12T11:15:00+00:00,18889,signal_exit,-0.058459999999821044,-0.8673590504424487,False,False,5400,5.922169568832953,0.9654151411699892,1.6217934701354244,3.689416613414161,-1.8978156518014642,0.15384615384635092,0.1999999999990898,9.75
rsi2_m15_usd100000_smaller_stop_and_time_confirmed_rebound,2017-10-12T13:00:00+00:00,2017-10-12T13:45:00+00:00,18902,stop,-1.0794375664898295,-16.015394161570168,True,False,2700,6.224017555562811,1.0169690366508513,1.0262082923539777,2.206339257339317,-1.6716125513577293,0.27142857142847626,0.20000000000131024,13.0
rsi2_m15_usd100000_smaller_stop_and_time_confirmed_rebound,2017-10-12T14:15:00+00:00,2017-10-12T14:45:00+00:00,18907,target,0.7026982521880833,10.410344476860493,False,True,1800,6.886653719911069,1.105693143742199,0.7886383322415401,0.20833436711666845,-2.280211638528819,0.48148148148135966,0.0,14.25
rsi2_m15_usd100000_smaller_stop_and_time_confirmed_rebound,2017-10-13T07:30:00+00:00,2017-10-13T08:45:00+00:00,18972,signal_exit,0.23940000000017678,3.5414201183458105,False,True,4500,6.166357297316147,1.0416158973749834,0.30502631800947577,-2.19559363135552,-2.6492078848348624,0.13402061855667508,0.20000000000131024,7.5
rsi2_m15_usd100000_smaller_stop_and_time_confirmed_rebound,2017-10-13T12:15:00+00:00,2017-10-13T12:30:00+00:00,18991,target,0.6686198193823742,9.890825730508494,False,True,900,6.724702806081145,1.1112285225851835,-0.3847192950016072,-4.054920031102847,-1.9653753953524886,0.6250000000002478,0.1999999999990898,12.25
rsi2_m15_usd100000_smaller_stop_and_time_confirmed_rebound,2017-10-13T14:45:00+00:00,2017-10-13T16:30:00+00:00,19001,signal_exit,-0.5167799999998304,-7.667359050442586,False,False,6300,12.177129785099272,1.6798555936732236,0.032433810650593545,1.8192060015719487,0.5265653786679267,0.349593495935065,0.09999999999843467,14.75
rsi2_m15_usd100000_smaller_stop_and_time_confirmed_rebound,2017-10-17T09:15:00+00:00,2017-10-17T09:15:00+00:00,19163,stop,-1.006458596002194,-14.822659734936583,True,False,0,5.738575817396097,0.9812226214852088,-1.3893693744166074,-5.975394278641909,-0.591903660580679,0.16049382716072735,0.0,9.25
rsi2_m15_usd100000_smaller_stop_and_time_confirmed_rebound,2017-10-17T09:45:00+00:00,2017-10-17T10:30:00+00:00,19165,signal_exit,0.13950000000011337,2.054491899854394,False,True,2700,6.296016903775223,1.0615195593115923,-1.4149253900105385,-6.609568519696023,-1.061793607599508,0.641975308642087,0.0,9.75
rsi2_m15_usd100000_smaller_stop_and_time_confirmed_rebound,2017-10-17T13:30:00+00:00,2017-10-17T14:00:00+00:00,19180,stop,-1.1320710245077548,-16.64810330158463,True,False,1800,6.60346341549958,1.0910278209201318,-1.4841005107504883,-7.411586063842641,-1.8446812274908946,0.3103448275863125,0.09999999999843467,13.5
rsi2_m15_usd100000_smaller_stop_and_time_confirmed_rebound,2017-10-17T14:30:00+00:00,2017-10-17T15:00:00+00:00,19184,signal_exit,0.24880000000007138,3.6588235294128144,False,True,1800,6.818451130000034,1.1161490154562859,-1.5901264534828932,-7.934447833922489,-1.5464760073653783,0.6999999999999048,0.10000000000065512,14.5
rsi2_m15_usd100000_smaller_stop_and_time_confirmed_rebound,2017-10-18T09:30:00+00:00,2017-10-18T10:30:00+00:00,19257,signal_exit,0.330400000000153,4.858823529414015,False,True,3600,7.380303252318345,1.296873550504125,-0.8520337001390716,-6.249230591255343,-1.7456604861703353,0.8947368421053452,0.0,9.5
rsi2_m15_usd100000_smaller_stop_and_time_confirmed_rebound,2017-10-19T08:45:00+00:00,2017-10-19T09:45:00+00:00,19348,target,1.1535509334552372,17.03915706728563,False,True,3600,10.246683408086675,1.5474491948782658,0.6895014699823533,0.8707477461644675,-1.3194952275200131,0.6526946107784407,0.09999999999843467,8.75
rsi2_m15_usd100000_smaller_stop_and_time_confirmed_rebound,2017-10-20T07:45:00+00:00,2017-10-20T10:00:00+00:00,19439,signal_exit,0.4160700000001276,6.145790251109713,False,True,8100,7.879855998061168,1.1317263671145352,0.048438232622618,-1.4928009056626628,-2.0360103434681935,0.3975903614456607,0.20000000000131024,7.75
rsi2_m15_usd100000_smaller_stop_and_time_confirmed_rebound,2017-10-20T13:15:00+00:00,2017-10-20T13:30:00+00:00,19461,stop,-1.2265320804530446,-18.117165147016905,True,False,900,7.33147769906292,1.0521863602400583,-0.17118880330389055,-1.168828851150543,-0.6707429804752786,0.36363636363629026,0.10000000000065512,13.25
rsi2_m15_usd100000_smaller_stop_and_time_confirmed_rebound,2017-10-23T07:30:00+00:00,2017-10-23T08:15:00+00:00,19532,stop,-0.9482549041981734,-13.944925061737843,True,False,2700,5.251874295575262,0.8124086308074011,-0.9917495017456774,-5.491796585931139,-2.485987386921754,0.0847457627116858,0.10000000000065512,7.5
rsi2_m15_usd100000_smaller_stop_and_time_confirmed_rebound,2017-10-23T08:45:00+00:00,2017-10-23T11:45:00+00:00,19537,holding_bars,-0.5467999999998561,-8.04117647058612,False,False,10800,6.224522079391971,0.9481378756608175,-1.0424413147237426,-6.658336266550361,-2.062407266129597,0.4038461538463509,0.0,8.75
rsi2_m15_usd100000_smaller_stop_and_time_confirmed_rebound,2017-10-23T12:15:00+00:00,2017-10-23T13:45:00+00:00,19551,signal_exit,0.03800000000020026,0.5588235294147097,False,True,5400,6.18305677986175,0.9457899917324507,-1.437850508267297,-6.582386993244796,-0.9570399088585797,0.21052631578978123,0.09999999999843467,12.25
rsi2_m15_usd100000_smaller_stop_and_time_confirmed_rebound,2017-10-24T07:30:00+00:00,2017-10-24T07:30:00+00:00,19626,target,0.4844488769275348,7.124248190110805,False,True,0,5.332712330348159,0.9292100227583139,-0.3345965491297975,-3.20483762550168,-2.044629645726045,0.29333333333346756,0.1999999999990898,7.5
rsi2_m15_usd100000_smaller_stop_and_time_confirmed_rebound,2017-10-26T08:45:00+00:00,2017-10-26T09:00:00+00:00,19820,stop,-0.9463964851524265,-13.999948005213408,True,False,900,5.270684061778895,0.905102696256689,1.4199747984018765,3.788422566777117,-1.6222217963848433,0.11764705882342696,0.10000000000065512,8.75
rsi2_m15_usd100000_smaller_stop_and_time_confirmed_rebound,2017-10-26T09:30:00+00:00,2017-10-26T10:30:00+00:00,19823,signal_exit,0.31452000000006364,4.645790251108768,False,True,3600,5.648357464915497,0.9629414836141121,1.280686320509939,2.301309857346512,-1.9175844117722438,0.21568627450990635,0.20000000000131024,9.5
rsi2_m15_usd100000_smaller_stop_and_time_confirmed_rebound,2017-10-26T15:30:00+00:00,2017-10-26T17:45:00+00:00,19847,stop,-2.2289754919775087,-32.63507308898255,True,False,8100,14.603407701153595,1.814755001676949,-0.913141434559379,-11.613342851449111,-1.4805058960790904,0.14583333333312132,0.10000000000065512,15.5
rsi2_m15_usd100000_smaller_stop_and_time_confirmed_rebound,2017-10-27T07:00:00+00:00,2017-10-27T08:00:00+00:00,19907,signal_exit,0.4870000000000769,7.088791848618295,False,True,3600,6.191547099994034,0.8525812243264387,-3.3265225427736,-13.696735134934292,-2.2914107966471695,0.08130081300813155,0.10000000000065512,7.0
rsi2_m15_usd100000_smaller_stop_and_time_confirmed_rebound,2017-10-27T12:30:00+00:00,2017-10-27T12:30:00+00:00,19929,stop,-1.3408899040455937,-19.489678837872,True,False,0,7.491351046844024,1.0074721994528848,-2.919964128076902,-12.839865570620411,-1.6189304352719667,0.4074074074076206,1.1999999999989797,12.5
rsi2_m15_usd100000_smaller_stop_and_time_confirmed_rebound,2017-10-30T07:30:00+00:00,2017-10-30T07:45:00+00:00,20002,target,0.39418841063464005,5.729482712712792,False,True,900,4.618229728448114,0.6499851510816202,-1.4698244207121955,-6.100634267440738,-1.739835788004622,0.012195121951298767,0.1999999999990898,7.5
rsi2_m15_usd100000_smaller_stop_and_time_confirmed_rebound,2017-10-30T13:45:00+00:00,2017-10-30T14:00:00+00:00,20027,signal_exit,0.29536000000003715,4.293023255814493,False,True,900,7.0689477772746825,0.9838381166522444,-0.6617096891799925,-4.775984721790243,-1.818577257985291,0.7551020408164745,0.20000000000131024,13.75
rsi2_m15_usd100000_smaller_stop_and_time_confirmed_rebound,2017-10-31T07:45:00+00:00,2017-10-31T08:00:00+00:00,20099,signal_exit,0.23218000000024183,3.384548104959793,False,True,900,5.600949966545109,0.8904337150403496,-0.2572233861644977,-0.7406536853003904,0.30690141801266696,0.32432432432436487,0.1999999999990898,7.75
rsi2_m15_usd100000_smaller_stop_and_time_confirmed_rebound,2017-10-31T09:30:00+00:00,2017-10-31T11:15:00+00:00,20106,signal_exit,-0.241159999999965,-3.5154518950432214,False,False,6300,6.274202980596409,0.9829886724602348,-0.17852165646170018,-0.776067993254415,-0.2041177319310591,0.05405405405437844,0.10000000000065512,9.5
rsi2_m15_usd100000_smaller_stop_and_time_confirmed_rebound,2017-11-01T09:45:00+00:00,2017-11-01T10:45:00+00:00,20202,signal_exit,-0.1245399999998103,-1.8154518950409664,False,False,3600,6.014330811187539,0.9916021588081505,-0.18012334610105232,-0.7437753733407231,-0.2182948055332536,0.267605633802698,0.10000000000065512,9.75
rsi2_m15_usd100000_smaller_stop_and_time_confirmed_rebound,2017-11-01T12:45:00+00:00,2017-11-01T13:15:00+00:00,20214,stop,-1.199717339365231,-17.46313448857687,True,False,1800,7.025963168597508,1.133966284166787,-0.12616734330376345,-2.9798196137335036,-2.128037086560723,0.40277777777761076,0.10000000000065512,12.75
rsi2_m15_usd100000_smaller_stop_and_time_confirmed_rebound,2017-11-01T13:30:00+00:00,2017-11-01T14:00:00+00:00,20217,target,0.7421257918374053,10.786712090659961,False,True,1800,7.146844417422942,1.1452594943321417,-0.25402573783835874,-4.259076786669884,-2.010666730434083,0.267605633802698,0.20000000000131024,13.5
rsi2_m15_usd100000_smaller_stop_and_time_confirmed_rebound,2017-11-02T08:30:00+00:00,2017-11-02T10:15:00+00:00,20290,signal_exit,0.3076400000001269,4.484548104958118,False,True,6300,6.819663997910527,0.9949335533923932,0.5181954283681748,-0.0252491371046057,-2.1404779318532787,0.0750000000004996,0.09999999999843467,8.5
rsi2_m15_usd100000_smaller_stop_and_time_confirmed_rebound,2017-11-03T08:15:00+00:00,2017-11-03T10:15:00+00:00,20382,signal_exit,-0.07651999999980036,-1.1154518950408217,False,False,7200,4.357405627050805,0.7029066867977342,0.3679879029313497,-0.34753703179760265,-1.8956075752268122,0.3589743589743298,0.09999999999843467,8.25
rsi2_m15_usd100000_smaller_stop_and_time_confirmed_rebound,2017-11-03T15:30:00+00:00,2017-11-03T18:30:00+00:00,20411,holding_bars,-1.0806399999998113,-15.706976744183304,False,False,10800,10.338919567935767,1.4564291067292245,-0.2452738596550623,-4.5948759345769234,-1.5483385604995197,0.8589743589745743,0.09999999999843467,15.5
rsi2_m15_usd100000_smaller_stop_and_time_confirmed_rebound,2017-11-06T07:30:00+00:00,2017-11-06T07:45:00+00:00,20470,target,0.5995712116343548,8.702049515738095,False,True,900,6.102403567737872,0.9334702193535171,-0.8351695829418312,-4.515612734934438,-2.262742887738502,0.18390804597690882,0.20000000000131024,7.5
rsi2_m15_usd100000_smaller_stop_and_time_confirmed_rebound,2017-11-06T09:45:00+00:00,2017-11-06T10:30:00+00:00,20479,signal_exit,-0.007359999999960121,-0.10697674418546686,False,False,2700,7.28107342473892,1.0879623674601913,-0.8380291589054495,-3.867510912121189,-0.9867061014308275,0.9489795918368527,0.0,9.75
rsi2_m15_usd100000_smaller_stop_and_time_confirmed_rebound,2017-11-06T12:15:00+00:00,2017-11-06T13:30:00+00:00,20489,signal_exit,-0.19310999999980188,-2.8027576197358766,False,False,4500,6.8002878502548985,1.022037617423166,-0.9137012816090306,-4.790867336526914,-1.5038109331067264,0.35593220338984966,0.09999999999843467,12.25
rsi2_m15_usd100000_smaller_stop_and_time_confirmed_rebound,2017-11-07T08:00:00+00:00,2017-11-07T08:30:00+00:00,20563,stop,-0.9511437337488342,-13.804698603030975,True,False,1800,5.2009704916462836,0.9066758535279001,-0.45473541553079017,-4.540713247682017,-2.1705144494036372,0.2549019607842369,0.10000000000065512,8.0
rsi2_m15_usd100000_smaller_stop_and_time_confirmed_rebound,2017-11-07T09:15:00+00:00,2017-11-07T10:00:00+00:00,20568,stop,-1.123327479383689,-16.280108396865057,True,False,2700,6.390778836115217,1.0817995066745183,-0.6836064618822298,-7.196565322364724,-1.7883106720341115,0.5263157894740071,0.1999999999990898,9.25
rsi2_m15_usd100000_smaller_stop_and_time_confirmed_rebound,2017-11-08T12:45:00+00:00,2017-11-08T14:30:00+00:00,20676,signal_exit,0.1858400000002329,2.6972423802646284,False,True,6300,6.3473185984976075,1.075523894628777,0.009062627108076347,-1.0724557946935973,-1.3223896807291309,0.5740740740741502,0.09999999999843467,12.75
rsi2_m15_usd100000_smaller_stop_and_time_confirmed_rebound,2017-11-09T14:30:00+00:00,2017-11-09T14:45:00+00:00,20779,signal_exit,0.6256000000002147,9.093023255817073,False,True,900,8.248473222021982,1.3794012159242945,0.6538916697063053,1.167569216835223,-0.775777593389537,0.8474576271187397,0.1999999999990898,14.5
rsi2_m15_usd100000_smaller_stop_and_time_confirmed_rebound,2017-11-13T07:15:00+00:00,2017-11-13T07:45:00+00:00,20934,stop,-0.8359572500636478,-12.185965744368044,True,False,1800,4.3352569246632,0.7942926914464504,0.5545413886141644,1.6797080163979887,-0.889495798248935,0.3829787234044262,0.1999999999990898,7.25
rsi2_m15_usd100000_smaller_stop_and_time_confirmed_rebound,2017-11-13T08:30:00+00:00,2017-11-13T08:45:00+00:00,20939,signal_exit,0.06754000000022947,0.9845481049596132,False,True,900,5.0800035872872185,0.9191357873980761,0.46042810184593125,-0.14558167699909538,-1.8561241860323259,0.2222222222221674,0.1999999999990898,8.5
rsi2_m15_usd100000_smaller_stop_and_time_confirmed_rebound,2017-11-16T08:15:00+00:00,2017-11-16T08:15:00+00:00,21220,target,0.7387555166830813,10.896099066122142,False,True,0,7.222975786746855,1.0819841554994192,0.4065290601346443,0.955648694838287,-0.5540057474803345,0.5365853658537157,0.1999999999990898,8.25
rsi2_m15_usd100000_smaller_stop_and_time_confirmed_rebound,2017-11-16T15:45:00+00:00,2017-11-16T17:45:00+00:00,21250,signal_exit,0.4246800000001725,6.254491899855265,False,True,7200,8.91892614065369,1.2229592013497133,-0.05792287097857233,-0.7005645178555056,-0.501695057137313,0.4861111111111754,0.1999999999990898,15.75
rsi2_m15_usd100000_smaller_stop_and_time_confirmed_rebound,2017-11-17T08:15:00+00:00,2017-11-17T09:45:00+00:00,21314,signal_exit,0.3686800000002681,5.445790251111789,False,True,5400,7.302553767302915,1.0620666532051706,1.0061341014495322,1.6083459486292364,-1.9444413961419498,0.5600000000000948,0.1999999999990898,8.25
rsi2_m15_usd100000_smaller_stop_and_time_confirmed_rebound,2017-11-20T12:15:00+00:00,2017-11-20T14:45:00+00:00,21424,stop,-1.383089258122724,-20.39954657998118,True,False,9000,8.474847036304107,1.0840339271341959,0.03253361759977196,0.2917707472875459,-0.3175116254881712,0.33333333333355764,0.10000000000065512,12.25
rsi2_m15_usd100000_smaller_stop_and_time_confirmed_rebound,2017-11-22T10:45:00+00:00,2017-11-22T11:45:00+00:00,21603,signal_exit,-0.1591999999998837,-2.3411764705865252,False,False,3600,6.47491866643696,0.9758101796415668,0.28559817086314027,0.5444800225012087,-0.7915258466624557,0.27083333333323695,0.20000000000131024,10.75
rsi2_m15_usd100000_smaller_stop_and_time_confirmed_rebound,2017-11-22T12:45:00+00:00,2017-11-22T14:00:00+00:00,21611,target,0.6434990933470044,9.463221960985358,False,True,4500,6.4521992157861705,0.9780686080101955,0.2888334358328627,-0.6181787070438467,-1.4013010413007074,0.7647058823530373,0.10000000000065512,12.75
rsi2_m15_usd100000_smaller_stop_and_time_confirmed_rebound,2017-11-24T07:45:00+00:00,2017-11-24T08:00:00+00:00,21772,signal_exit,0.3535000000001789,5.237037037039687,False,True,900,5.170213792887626,0.8952096758758482,1.3578175952189853,3.185846883092636,-2.311174575903281,0.27500000000016656,0.09999999999843467,7.75
rsi2_m15_usd100000_smaller_stop_and_time_confirmed_rebound,2017-11-27T07:30:00+00:00,2017-11-27T07:45:00+00:00,21861,target,0.46451336909801433,6.933035359671856,False,True,900,5.159054993267914,0.8694125261146893,2.1937815161842305,7.752336463612736,-0.649126320482926,0.6166666666667037,0.0,7.5
rsi2_m15_usd100000_smaller_stop_and_time_confirmed_rebound,2017-11-27T15:00:00+00:00,2017-11-27T15:45:00+00:00,21891,stop,-1.4418636936252414,-21.552521578852637,True,False,2700,8.981492478514783,1.3254914013845551,1.8915631011687954,6.96954387555332,-0.18895581328784322,0.3563218390805272,0.20000000000131024,15.0
rsi2_m15_usd100000_smaller_stop_and_time_confirmed_rebound,2017-11-28T07:45:00+00:00,2017-11-28T08:00:00+00:00,21957,target,0.4969864892810236,7.395632280967614,False,True,900,5.535911378578298,0.9312768279452326,0.22689642717877403,-0.8583505568581751,-2.194818833157757,0.09589041095893744,0.2999999999997449,7.75
rsi2_m15_usd100000_smaller_stop_and_time_confirmed_rebound,2017-11-28T15:30:00+00:00,2017-11-28T16:45:00+00:00,21988,signal_exit,-0.22015999999983366,-3.2761904761880007,False,False,4500,8.873769739338885,1.2866600633239773,-0.3710207234491524,-2.1894034808630733,-1.0024596356657305,0.18367346938776744,0.1999999999990898,15.5
rsi2_m15_usd100000_smaller_stop_and_time_confirmed_rebound,2017-11-29T10:45:00+00:00,2017-11-29T11:00:00+00:00,22063,stop,-1.1868224913733232,-17.608642305242185,True,False,900,7.120641627399198,1.0324390719486893,-0.5437516437191257,-3.0741985709710296,-1.3815880598055887,0.13114754098337383,0.0,10.75
rsi2_m15_usd100000_smaller_stop_and_time_confirmed_rebound,2017-11-29T11:30:00+00:00,2017-11-29T12:15:00+00:00,22066,signal_exit,0.407500000000083,6.037037037038266,False,True,2700,7.979865034765474,1.1335242382876813,-0.5711777275765021,-5.401161533884091,-2.2462534490551236,0.6290322580642735,0.10000000000065512,11.5
rsi2_m15_usd100000_smaller_stop_and_time_confirmed_rebound,2017-11-29T13:45:00+00:00,2017-11-29T14:00:00+00:00,22075,signal_exit,0.29275000000023055,4.337037037040452,False,True,900,9.139046510345407,1.2537625070290415,-0.7636506898689425,-5.577418201623035,-1.149129339983789,0.3071895424836345,0.09999999999843467,13.75
rsi2_m15_usd100000_smaller_stop_and_time_confirmed_rebound,2017-11-30T09:00:00+00:00,2017-11-30T09:00:00+00:00,22150,stop,-1.122063246764581,-16.64782265229349,True,False,0,6.590231800924972,0.9787368123016369,-0.04354520347149339,-2.620100109149611,-2.3109107825200033,0.17543859649122123,0.10000000000065512,9.0
rsi2_m15_usd100000_smaller_stop_and_time_confirmed_rebound,2017-11-30T09:30:00+00:00,2017-11-30T10:00:00+00:00,22152,stop,-1.2316818292758491,-18.247138211494057,True,False,1800,7.442087624266857,1.0845792390918523,-0.1396912820456207,-4.431222334173073,-2.285107528949588,0.26829268292694813,0.0,9.5
rsi2_m15_usd100000_smaller_stop_and_time_confirmed_rebound,2017-11-30T10:30:00+00:00,2017-11-30T11:15:00+00:00,22156,signal_exit,0.09025000000010291,1.3370370370385616,False,True,2700,8.645365593416358,1.2228590320957582,-0.3333023486895073,-4.880416819760022,-1.464807155267142,0.8367346938776111,0.10000000000065512,10.5
rsi2_m15_usd100000_smaller_stop_and_time_confirmed_rebound,2017-12-01T08:00:00+00:00,2017-12-01T08:15:00+00:00,22240,signal_exit,0.5571000000001993,8.314925373137303,False,True,900,7.228929587848996,0.9527929400564773,1.119621674212873,4.241067287675437,0.0,0.25773195876299515,0.09999999999843467,8.0
rsi2_m15_usd100000_smaller_stop_and_time_confirmed_rebound,2017-12-01T10:30:00+00:00,2017-12-01T10:45:00+00:00,22250,stop,-1.4176571037657733,-21.127527626911675,True,False,900,8.773450847734901,1.1145390421793329,1.0814025801154503,2.41573167266342,-1.4572605887683432,0.6534653465346426,0.1999999999990898,10.5
rsi2_m15_usd100000_smaller_stop_and_time_confirmed_rebound,2017-12-01T14:15:00+00:00,2017-12-01T16:00:00+00:00,22265,target,1.1194833330981275,16.63422486029907,False,True,6300,10.052996531187743,1.2142723136928746,0.39580367824176893,-2.0095446861115596,-1.9105050695887817,0.2631578947370266,0.09999999999843467,14.25
rsi2_m15_usd100000_smaller_stop_and_time_confirmed_rebound,2017-12-04T07:00:00+00:00,2017-12-04T07:00:00+00:00,22331,stop,-0.7893742954973275,-11.729187154492237,True,False,0,4.1287094762066445,0.5091052622746179,-0.44678139861296057,-2.2164890620513114,-1.758796280034482,0.16666666666682087,0.10000000000065512,7.0
rsi2_m15_usd100000_smaller_stop_and_time_confirmed_rebound,2017-12-04T07:45:00+00:00,2017-12-04T08:00:00+00:00,22334,target,0.6016559300845581,8.926645846951901,False,True,900,6.197002448697513,0.7452501055579889,-0.5167325377477927,-4.159335166148137,-2.145208462441013,0.3786407766989726,0.10000000000065512,7.75
rsi2_m15_usd100000_smaller_stop_and_time_confirmed_rebound,2017-12-04T14:30:00+00:00,2017-12-04T16:00:00+00:00,22361,signal_exit,0.22462000000008794,3.332640949556201,False,True,5400,9.24026576430419,1.0655276648046474,-0.6693164727097114,-3.7712514524966148,-1.5865145328600487,0.5087719298242265,0.10000000000065512,14.5
rsi2_m15_usd100000_smaller_stop_and_time_confirmed_rebound,2017-12-05T09:00:00+00:00,2017-12-05T09:45:00+00:00,22431,signal_exit,0.3324600000001958,4.932640949557801,False,True,2700,6.053533303799076,0.8677166410682515,-0.10901689175797807,-2.9212865962660666,-2.1715498336125783,0.16666666666660498,0.0,9.0
rsi2_m15_usd100000_smaller_stop_and_time_confirmed_rebound,2017-12-05T13:45:00+00:00,2017-12-05T13:45:00+00:00,22450,stop,-1.1384647659487275,-16.891168634254118,True,False,0,6.7119047919052806,0.9615761027330022,-0.4079793001965178,-3.467522647382027,-1.4481258789610456,0.089743589743608,0.10000000000065512,13.75
rsi2_m15_usd100000_smaller_stop_and_time_confirmed_rebound,2017-12-05T14:30:00+00:00,2017-12-05T15:00:00+00:00,22453,target,0.9273854419536677,13.718719555527628,False,True,1800,8.588649718591737,1.1816288662809276,-0.5162985619637902,-6.115319412546938,-2.114020574549634,0.4588235294116264,0.10000000000065512,14.5
rsi2_m15_usd100000_smaller_stop_and_time_confirmed_rebound,2017-12-06T07:30:00+00:00,2017-12-06T07:30:00+00:00,22520,stop,-0.9232734398509521,-13.67812503482892,True,False,0,5.107581035933328,0.7759570986106271,-0.493248955149139,-1.9588984287276512,-0.41133770956124943,0.15277777777784202,0.10000000000065512,7.5
rsi2_m15_usd100000_smaller_stop_and_time_confirmed_rebound,2017-12-06T08:00:00+00:00,2017-12-06T10:00:00+00:00,22522,signal_exit,-0.22027999999983267,-3.258579881654329,False,False,7200,5.913679566697535,0.8858762238945463,-0.49123722033560324,-3.444434427131789,-1.9149072253103454,0.493150684931461,0.0,8.0
rsi2_m15_usd100000_smaller_stop_and_time_confirmed_rebound,2017-12-06T12:30:00+00:00,2017-12-06T13:15:00+00:00,22540,signal_exit,0.15828000000009565,2.34142011834461,False,True,2700,7.560459068364555,1.0831003173917222,-0.7869414539836175,-4.6174236351995575,-1.4975183347679115,0.3768115942031924,0.0,12.5
rsi2_m15_usd100000_smaller_stop_and_time_confirmed_rebound,2017-12-08T07:30:00+00:00,2017-12-08T08:15:00+00:00,22708,stop,-0.9097989164850204,-13.379395830662064,True,False,2700,4.919109680037898,0.8558730609152347,-1.4507596969620529,-7.475893479721914,-1.7698247741322506,0.828947368421364,0.1999999999990898,7.5
rsi2_m15_usd100000_smaller_stop_and_time_confirmed_rebound,2017-12-11T12:00:00+00:00,2017-12-11T12:45:00+00:00,22817,signal_exit,-0.023979999999899138,-0.35420974889068146,False,False,2700,6.0983272069773795,1.0313571498543355,0.5072464940286774,2.118754286043892,0.04981058184308285,0.3207547169811874,0.0,12.0
rsi2_m15_usd100000_smaller_stop_and_time_confirmed_rebound,2017-12-11T13:45:00+00:00,2017-12-11T14:45:00+00:00,22824,signal_exit,0.16612000000014035,2.4501474926274383,False,True,3600,6.129884473990729,1.0356152179761995,0.5622919460343596,0.9609990146650008,-2.128950671223917,0.3015873015875589,0.1999999999990898,13.75
rsi2_m15_usd100000_smaller_stop_and_time_confirmed_rebound,2017-12-12T10:45:00+00:00,2017-12-12T11:15:00+00:00,22903,signal_exit,0.27460000000024887,4.050147492629039,False,True,1800,5.587841334070315,1.0033647994435018,-0.08540599817540584,-1.1608808583626156,-1.0089552729255737,0.48888888888881216,0.1999999999990898,10.75
rsi2_m15_usd100000_smaller_stop_and_time_confirmed_rebound,2017-12-12T14:45:00+00:00,2017-12-12T15:30:00+00:00,22919,stop,-1.1684466364328872,-17.18303877107187,True,False,2700,6.870931150243377,1.1837520465467835,-0.39748601739058964,-6.000445806780107,-1.8098461021043728,0.7213114754098301,0.09999999999843467,14.75
rsi2_m15_usd100000_smaller_stop_and_time_confirmed_rebound,2017-12-13T08:15:00+00:00,2017-12-13T09:15:00+00:00,22987,target,0.35316060230853563,5.19353826924317,False,True,3600,4.317357369914879,0.8350986876255214,-0.43889656263980187,-4.064938615381326,-2.1725882071393112,0.2318840579708979,0.10000000000065512,8.25
rsi2_m15_usd100000_smaller_stop_and_time_confirmed_rebound,2017-12-13T12:45:00+00:00,2017-12-13T13:30:00+00:00,23005,target,0.44718687820646363,6.5666208253518885,False,True,2700,5.001739193879549,0.9596806332030183,-0.719639848706873,-4.084889287291746,-1.4397702309629403,0.4358974358975673,0.10000000000065512,12.75
rsi2_m15_usd100000_smaller_stop_and_time_confirmed_rebound,2017-12-14T08:00:00+00:00,2017-12-14T08:15:00+00:00,23081,target,0.47704555018098405,7.056886836996805,False,True,900,5.257733359326773,0.8507942790241191,1.881218010906484,5.140619114619271,-1.7059237517148675,0.2499999999999306,0.10000000000065512,8.0
rsi2_m15_usd100000_smaller_stop_and_time_confirmed_rebound,2017-12-14T14:45:00+00:00,2017-12-14T15:15:00+00:00,23108,stop,-2.1254916444263143,-31.44218408914666,True,False,1800,13.941802103744857,1.766700325452737,1.0413609868480826,1.7861642010892522,-1.548619324254905,0.612068965517205,0.20000000000131024,14.75
rsi2_m15_usd100000_smaller_stop_and_time_confirmed_rebound,2017-12-15T15:15:00+00:00,2017-12-15T15:45:00+00:00,23205,stop,-1.3384336805364225,-19.74090974242511,True,False,1800,8.195528617525817,1.1610274092861521,0.18214081855228975,-1.60217681145196,-1.9060864277824265,0.21999999999986233,0.0,15.25
rsi2_m15_usd100000_smaller_stop_and_time_confirmed_rebound,2017-12-19T09:45:00+00:00,2017-12-19T10:45:00+00:00,23374,target,0.6296485345828167,9.300569196201131,False,True,3600,6.427389472545353,1.0978819965618758,0.5221018492175529,1.7936634580339188,-0.3089728799851304,0.06976744186041708,0.1999999999990898,9.75
rsi2_m15_usd100000_smaller_stop_and_time_confirmed_rebound,2017-12-20T07:15:00+00:00,2017-12-20T08:00:00+00:00,23458,signal_exit,0.19825000000006107,2.9370370370379413,False,True,2700,4.075274139925456,0.7413212030555882,1.3984967522844913,3.9496473650714994,-1.5313780077200219,0.9117647058824297,0.10000000000065512,7.25
rsi2_m15_usd100000_smaller_stop_and_time_confirmed_rebound,2017-12-20T12:15:00+00:00,2017-12-20T14:00:00+00:00,23478,target,0.7351562065742059,10.891203060358604,False,True,6300,7.1270830116603605,1.190092236168126,1.0499581267608884,2.9689901622765684,-1.277964748454423,0.011904761904840577,0.0,12.25
rsi2_m15_usd100000_smaller_stop_and_time_confirmed_rebound,2017-12-21T11:15:00+00:00,2017-12-21T12:15:00+00:00,23567,stop,-1.156326153189271,-17.181666466408185,True,False,3600,6.854949132164428,1.1355212365833685,1.0499104724887165,3.851064854841545,-0.23650440813735016,0.44444444444460107,0.10000000000065512,11.25
rsi2_m15_usd100000_smaller_stop_and_time_confirmed_rebound,2017-12-22T15:45:00+00:00,2017-12-22T16:45:00+00:00,23679,signal_exit,0.21850000000004385,3.237037037037686,False,True,3600,7.265892919215203,1.1587305437136548,-0.19073043565228975,-3.0152015579407356,-2.295059007458469,0.45744680851059305,0.10000000000065512,15.75
rsi2_m15_usd100000_smaller_stop_and_time_confirmed_rebound,2017-12-26T12:00:00+00:00,2017-12-26T13:30:00+00:00,23734,signal_exit,-0.09889999999993632,-1.467359050444159,False,False,5400,4.064896305721291,0.7359602287033086,0.4135801703093483,-0.8905529108935853,-1.683542091347357,0.33333333333292214,0.2999999999997449,12.0
rsi2_m15_usd100000_smaller_stop_and_time_confirmed_rebound,2017-12-27T08:15:00+00:00,2017-12-27T09:15:00+00:00,23812,target,0.387197004355218,5.753298727417801,False,True,3600,4.662533464748229,0.9774221949548284,0.5810103134017246,2.0147303299643693,-0.2994168998468391,0.3736263736263039,0.20000000000131024,8.25
rsi2_m15_usd100000_smaller_stop_and_time_confirmed_rebound,2017-12-28T10:00:00+00:00,2017-12-28T11:45:00+00:00,23913,signal_exit,-0.07957999999995385,-1.1895366218229275,False,False,6300,5.108703439795014,1.0300224213644749,2.142933352919017,8.165747375257148,-0.2216294237156646,0.08510638297877367,0.10000000000065512,10.0
