timestamp,open,high,low,close,volume,spread_points
2025-01-02T00:00:00Z,1.03514,1.03576,1.03486,1.03553,1009,7
2025-01-02T01:00:00Z,1.03553,1.03565,1.03463,1.03508,1579,3
2025-01-02T02:00:00Z,1.03508,1.03565,1.03473,1.03520,1695,2
2025-01-02T03:00:00Z,1.03520,1.03607,1.03442,1.03577,3174,2
2025-01-02T04:00:00Z,1.03578,1.03713,1.03576,1.03709,1535,3
2025-01-02T05:00:00Z,1.03710,1.03742,1.03681,1.03716,1360,3
2025-01-02T06:00:00Z,1.03717,1.03754,1.03664,1.03692,1182,2
2025-01-02T07:00:00Z,1.03693,1.03707,1.03617,1.03638,1180,2
2025-01-02T08:00:00Z,1.03637,1.03651,1.03599,1.03637,1724,3
2025-01-02T09:00:00Z,1.03637,1.03724,1.03623,1.03628,2810,2
2025-01-02T10:00:00Z,1.03628,1.03709,1.03463,1.03629,5211,2
2025-01-02T11:00:00Z,1.03629,1.03703,1.03493,1.03517,3937,2
2025-01-02T12:00:00Z,1.03516,1.03569,1.03137,1.03167,4952,2
2025-01-02T13:00:00Z,1.03166,1.03342,1.03149,1.03323,4392,2
2025-01-02T14:00:00Z,1.03322,1.03343,1.03149,1.03182,4254,2
2025-01-02T15:00:00Z,1.03182,1.03296,1.03113,1.03135,6714,2
2025-01-02T16:00:00Z,1.03135,1.03238,1.03021,1.03061,6031,2
2025-01-02T17:00:00Z,1.03038,1.03089,1.02725,1.02741,7397,2
2025-01-02T18:00:00Z,1.02741,1.02762,1.02241,1.02612,8367,2
2025-01-02T19:00:00Z,1.02612,1.02680,1.02513,1.02650,5085,2
2025-01-02T20:00:00Z,1.02650,1.02662,1.02557,1.02564,3310,2
2025-01-02T21:00:00Z,1.02565,1.02595,1.02478,1.02511,2574,2
2025-01-02T22:00:00Z,1.02511,1.02645,1.02506,1.02614,1835,2
2025-01-02T23:00:00Z,1.02613,1.02682,1.02612,1.02666,855,2
2025-01-03T00:00:00Z,1.02548,1.02668,1.02548,1.02647,2231,9
2025-01-03T01:00:00Z,1.02647,1.02680,1.02640,1.02678,1126,2
2025-01-03T02:00:00Z,1.02678,1.02735,1.02658,1.02729,1441,2
2025-01-03T03:00:00Z,1.02730,1.02730,1.02665,1.02675,1831,2
2025-01-03T04:00:00Z,1.02675,1.02747,1.02668,1.02724,1612,2
2025-01-03T05:00:00Z,1.02723,1.02744,1.02688,1.02708,1081,2
2025-01-03T06:00:00Z,1.02707,1.02710,1.02671,1.02696,930,2
2025-01-03T07:00:00Z,1.02697,1.02735,1.02645,1.02717,1321,2
2025-01-03T08:00:00Z,1.02716,1.02793,1.02716,1.02793,1323,2
2025-01-03T09:00:00Z,1.02793,1.02847,1.02687,1.02808,4681,2
2025-01-03T10:00:00Z,1.02807,1.02881,1.02728,1.02804,4327,2
2025-01-03T11:00:00Z,1.02804,1.03000,1.02802,1.02902,3990,2
2025-01-03T12:00:00Z,1.02902,1.02938,1.02791,1.02813,2843,2
2025-01-03T13:00:00Z,1.02813,1.03029,1.02813,1.02972,2945,2
2025-01-03T14:00:00Z,1.02972,1.03011,1.02943,1.02956,3123,2
2025-01-03T15:00:00Z,1.02956,1.03001,1.02914,1.02931,3355,2
2025-01-03T16:00:00Z,1.02932,1.03023,1.02878,1.03003,4025,2
2025-01-03T17:00:00Z,1.03002,1.03058,1.02729,1.02892,7031,2
2025-01-03T18:00:00Z,1.02891,1.02999,1.02836,1.02909,3920,2
2025-01-03T19:00:00Z,1.02909,1.03056,1.02909,1.02980,3381,2
2025-01-03T20:00:00Z,1.02979,1.03021,1.02925,1.02973,2735,2
2025-01-03T21:00:00Z,1.02971,1.03061,1.02937,1.03012,2057,2
2025-01-03T22:00:00Z,1.03011,1.03075,1.02988,1.03058,2013,2
2025-01-03T23:00:00Z,1.03058,1.03098,1.03046,1.03079,933,2
2025-01-06T00:00:00Z,1.03026,1.03063,1.02953,1.03011,629,21
2025-01-06T01:00:00Z,1.03011,1.03080,1.03006,1.03053,1241,2
2025-01-06T02:00:00Z,1.03053,1.03054,1.02954,1.03030,2162,2
2025-01-06T03:00:00Z,1.03030,1.03136,1.03012,1.03122,2444,2
2025-01-06T04:00:00Z,1.03122,1.03177,1.03108,1.03161,1973,2
2025-01-06T05:00:00Z,1.03161,1.03182,1.03130,1.03163,1422,2
2025-01-06T06:00:00Z,1.03164,1.03176,1.03128,1.03152,1060,2
2025-01-06T07:00:00Z,1.03153,1.03182,1.03085,1.03088,1428,2
2025-01-06T08:00:00Z,1.03089,1.03167,1.03077,1.03126,1971,2
2025-01-06T09:00:00Z,1.03126,1.03284,1.03099,1.03273,2760,2
2025-01-06T10:00:00Z,1.03273,1.03525,1.03265,1.03501,5071,2
2025-01-06T11:00:00Z,1.03501,1.03690,1.03401,1.03556,6206,2
2025-01-06T12:00:00Z,1.03556,1.03578,1.03350,1.03351,3643,2
2025-01-06T13:00:00Z,1.03351,1.04327,1.03285,1.04218,9937,2
2025-01-06T14:00:00Z,1.04218,1.04305,1.03920,1.04109,6754,2
2025-01-06T15:00:00Z,1.04116,1.04368,1.04043,1.04169,7565,2
2025-01-06T16:00:00Z,1.04169,1.04237,1.03530,1.03924,10002,2
2025-01-06T17:00:00Z,1.03926,1.03987,1.03712,1.03935,8994,2
2025-01-06T18:00:00Z,1.03937,1.04028,1.03854,1.03968,5758,2
2025-01-06T19:00:00Z,1.03968,1.03969,1.03792,1.03873,3680,2
2025-01-06T20:00:00Z,1.03874,1.03893,1.03770,1.03820,3381,2
2025-01-06T21:00:00Z,1.03821,1.03918,1.03788,1.03883,3188,2
2025-01-06T22:00:00Z,1.03884,1.03919,1.03858,1.03878,2332,2
2025-01-06T23:00:00Z,1.03877,1.03921,1.03860,1.03898,1184,2
2025-01-07T00:00:00Z,1.03821,1.03914,1.03803,1.03894,850,8
2025-01-07T01:00:00Z,1.03892,1.03901,1.03817,1.03833,777,2
2025-01-07T02:00:00Z,1.03833,1.03853,1.03771,1.03845,2141,2
2025-01-07T03:00:00Z,1.03844,1.03848,1.03760,1.03812,2417,2
2025-01-07T04:00:00Z,1.03811,1.03855,1.03800,1.03823,1819,2
2025-01-07T05:00:00Z,1.03824,1.03931,1.03800,1.03927,1453,2
2025-01-07T06:00:00Z,1.03927,1.03944,1.03904,1.03918,1186,2
2025-01-07T07:00:00Z,1.03918,1.04033,1.03909,1.03967,1853,2
2025-01-07T08:00:00Z,1.03966,1.04042,1.03963,1.03974,2176,2
2025-01-07T09:00:00Z,1.03974,1.04245,1.03974,1.04147,4497,2
2025-01-07T10:00:00Z,1.04146,1.04253,1.04031,1.04252,5090,2
2025-01-07T11:00:00Z,1.04247,1.04344,1.04240,1.04268,4291,2
2025-01-07T12:00:00Z,1.04262,1.04343,1.04166,1.04280,4752,2
2025-01-07T13:00:00Z,1.04279,1.04282,1.04050,1.04133,3669,2
2025-01-07T14:00:00Z,1.04134,1.04171,1.03871,1.03892,4700,2
2025-01-07T15:00:00Z,1.03893,1.04051,1.03866,1.03965,3985,2
2025-01-07T16:00:00Z,1.03965,1.03976,1.03892,1.03930,4024,2
2025-01-07T17:00:00Z,1.03930,1.03930,1.03551,1.03724,7201,2
2025-01-07T18:00:00Z,1.03728,1.03815,1.03627,1.03683,5737,2
2025-01-07T19:00:00Z,1.03683,1.03737,1.03539,1.03670,4060,2
2025-01-07T20:00:00Z,1.03670,1.03694,1.03493,1.03544,3295,2
2025-01-07T21:00:00Z,1.03544,1.03597,1.03522,1.03551,2002,2
2025-01-07T22:00:00Z,1.03549,1.03559,1.03440,1.03443,1966,2
2025-01-07T23:00:00Z,1.03439,1.03442,1.03389,1.03394,951,2
2025-01-08T00:00:00Z,1.03400,1.03423,1.03390,1.03414,593,25
2025-01-08T01:00:00Z,1.03424,1.03449,1.03392,1.03414,928,2
2025-01-08T02:00:00Z,1.03414,1.03493,1.03414,1.03466,1869,2
2025-01-08T03:00:00Z,1.03466,1.03529,1.03452,1.03529,1726,2
2025-01-08T04:00:00Z,1.03529,1.03548,1.03514,1.03542,1177,2
2025-01-08T05:00:00Z,1.03542,1.03542,1.03462,1.03477,988,2
2025-01-08T06:00:00Z,1.03477,1.03520,1.03473,1.03513,965,2
2025-01-08T07:00:00Z,1.03512,1.03558,1.03494,1.03550,1109,2
2025-01-08T08:00:00Z,1.03550,1.03575,1.03460,1.03514,1414,2
2025-01-08T09:00:00Z,1.03510,1.03516,1.03282,1.03324,3439,2
2025-01-08T10:00:00Z,1.03324,1.03397,1.03180,1.03187,4298,2
2025-01-08T11:00:00Z,1.03187,1.03263,1.03154,1.03195,3648,2
2025-01-08T12:00:00Z,1.03192,1.03212,1.03100,1.03190,3137,2
2025-01-08T13:00:00Z,1.03190,1.03197,1.02731,1.02975,5970,2
2025-01-08T14:00:00Z,1.02975,1.03003,1.02808,1.02827,4493,2
2025-01-08T15:00:00Z,1.02827,1.03044,1.02808,1.03034,7066,2
2025-01-08T16:00:00Z,1.03034,1.03075,1.02890,1.02915,5353,2
2025-01-08T17:00:00Z,1.02915,1.03100,1.02915,1.03015,4877,2
2025-01-08T18:00:00Z,1.03016,1.03145,1.02945,1.03125,4015,2
2025-01-08T19:00:00Z,1.03124,1.03132,1.02981,1.03053,3246,3
2025-01-08T20:00:00Z,1.03052,1.03158,1.03052,1.03122,2861,3
2025-01-08T21:00:00Z,1.03122,1.03242,1.03082,1.03090,3000,3
2025-01-08T22:00:00Z,1.03091,1.03167,1.03079,1.03160,1986,3
2025-01-08T23:00:00Z,1.03160,1.03190,1.03138,1.03162,824,4
2025-01-09T00:00:00Z,1.03154,1.03173,1.03153,1.03171,1351,25
2025-01-09T01:00:00Z,1.03171,1.03188,1.03131,1.03132,742,3
2025-01-09T02:00:00Z,1.03132,1.03147,1.03048,1.03129,1728,3
2025-01-09T03:00:00Z,1.03129,1.03174,1.03114,1.03143,1605,3
2025-01-09T04:00:00Z,1.03143,1.03199,1.03140,1.03165,1276,3
2025-01-09T05:00:00Z,1.03165,1.03213,1.03107,1.03108,1463,3
2025-01-09T06:00:00Z,1.03108,1.03121,1.03055,1.03091,1140,3
2025-01-09T07:00:00Z,1.03091,1.03124,1.03052,1.03065,1747,3
2025-01-09T08:00:00Z,1.03065,1.03082,1.02969,1.03000,2281,3
2025-01-09T09:00:00Z,1.03000,1.03082,1.02876,1.02909,3676,2
2025-01-09T10:00:00Z,1.02908,1.03078,1.02835,1.03077,4246,2
2025-01-09T11:00:00Z,1.03077,1.03177,1.03030,1.03057,3560,2
2025-01-09T12:00:00Z,1.03057,1.03125,1.02995,1.03030,3103,2
2025-01-09T13:00:00Z,1.03029,1.03042,1.02968,1.03011,2984,2
2025-01-09T14:00:00Z,1.03011,1.03049,1.02960,1.03032,2602,2
2025-01-09T15:00:00Z,1.03032,1.03187,1.03010,1.03078,3611,2
2025-01-09T16:00:00Z,1.03078,1.03146,1.03051,1.03075,3053,2
2025-01-09T17:00:00Z,1.03074,1.03097,1.02947,1.02993,2903,2
2025-01-09T18:00:00Z,1.02993,1.03012,1.02909,1.02972,2311,2
2025-01-09T19:00:00Z,1.02972,1.03018,1.02937,1.02973,1828,3
2025-01-09T20:00:00Z,1.02972,1.03024,1.02939,1.03001,1174,3
2025-01-09T21:00:00Z,1.03001,1.03020,1.02976,1.02979,923,3
2025-01-09T22:00:00Z,1.02979,1.03036,1.02979,1.03011,855,3
2025-01-09T23:00:00Z,1.03011,1.03011,1.02990,1.02996,464,4
2025-01-10T00:00:00Z,1.02996,1.03005,1.02956,1.03003,573,25
2025-01-10T01:00:00Z,1.03003,1.03019,1.02955,1.02964,924,3
2025-01-10T02:00:00Z,1.02965,1.03003,1.02920,1.02954,1527,3
2025-01-10T03:00:00Z,1.02952,1.03045,1.02935,1.03019,2029,3
2025-01-10T04:00:00Z,1.03018,1.03037,1.02982,1.03017,1153,3
2025-01-10T05:00:00Z,1.03016,1.03032,1.02977,1.02984,769,3
2025-01-10T06:00:00Z,1.02984,1.02998,1.02934,1.02950,873,3
2025-01-10T07:00:00Z,1.02951,1.02974,1.02845,1.02855,1412,3
2025-01-10T08:00:00Z,1.02855,1.02882,1.02811,1.02816,1663,3
2025-01-10T09:00:00Z,1.02816,1.02971,1.02811,1.02969,2198,2
2025-01-10T10:00:00Z,1.02971,1.03117,1.02926,1.03027,3230,2
2025-01-10T11:00:00Z,1.03027,1.03058,1.02988,1.02999,2747,2
2025-01-10T12:00:00Z,1.02999,1.03058,1.02998,1.03021,2401,2
2025-01-10T13:00:00Z,1.03021,1.03052,1.02989,1.03016,2278,2
2025-01-10T14:00:00Z,1.03015,1.03095,1.02991,1.03054,2629,2
2025-01-10T15:00:00Z,1.03053,1.03116,1.02133,1.02563,7668,2
2025-01-10T16:00:00Z,1.02562,1.02727,1.02443,1.02532,8264,2
2025-01-10T17:00:00Z,1.02482,1.02783,1.02361,1.02504,7293,2
2025-01-10T18:00:00Z,1.02502,1.02511,1.02275,1.02374,5693,2
2025-01-10T19:00:00Z,1.02374,1.02506,1.02327,1.02444,3931,3
2025-01-10T20:00:00Z,1.02444,1.02460,1.02358,1.02415,2704,3
2025-01-10T21:00:00Z,1.02415,1.02489,1.02349,1.02453,2570,3
2025-01-10T22:00:00Z,1.02453,1.02458,1.02370,1.02445,2178,3
2025-01-10T23:00:00Z,1.02444,1.02488,1.02425,1.02434,1004,4
2025-01-13T00:00:00Z,1.02360,1.02455,1.02358,1.02454,868,30
2025-01-13T01:00:00Z,1.02462,1.02468,1.02387,1.02429,1005,3
2025-01-13T02:00:00Z,1.02429,1.02450,1.02365,1.02423,1377,3
2025-01-13T03:00:00Z,1.02423,1.02499,1.02392,1.02416,2298,3
2025-01-13T04:00:00Z,1.02416,1.02452,1.02383,1.02401,1551,3
2025-01-13T05:00:00Z,1.02401,1.02403,1.02126,1.02152,2002,3
2025-01-13T06:00:00Z,1.02152,1.02199,1.02076,1.02117,1587,3
2025-01-13T07:00:00Z,1.02117,1.02203,1.02102,1.02195,1519,3
2025-01-13T08:00:00Z,1.02194,1.02249,1.02143,1.02173,1943,3
2025-01-13T09:00:00Z,1.02163,1.02237,1.02075,1.02151,3659,2
2025-01-13T10:00:00Z,1.02152,1.02312,1.02136,1.02214,4793,2
2025-01-13T11:00:00Z,1.02215,1.02240,1.01775,1.01933,5564,2
2025-01-13T12:00:00Z,1.01932,1.02073,1.01927,1.02019,3441,2
2025-01-13T13:00:00Z,1.02019,1.02037,1.01861,1.01958,3211,2
2025-01-13T14:00:00Z,1.01958,1.02060,1.01877,1.02028,3833,2
2025-01-13T15:00:00Z,1.02028,1.02208,1.01963,1.02084,4229,2
2025-01-13T16:00:00Z,1.02084,1.02126,1.02002,1.02081,4416,2
2025-01-13T17:00:00Z,1.02083,1.02089,1.01957,1.01969,4630,2
2025-01-13T18:00:00Z,1.01969,1.02174,1.01916,1.02081,3559,2
2025-01-13T19:00:00Z,1.02081,1.02194,1.02069,1.02178,2989,3
2025-01-13T20:00:00Z,1.02179,1.02214,1.02121,1.02161,2120,3
2025-01-13T21:00:00Z,1.02160,1.02161,1.02069,1.02071,1876,3
2025-01-13T22:00:00Z,1.02071,1.02175,1.02069,1.02167,1470,3
2025-01-13T23:00:00Z,1.02170,1.02373,1.02162,1.02369,1224,4
2025-01-14T00:00:00Z,1.02464,1.02724,1.02407,1.02581,1387,25
2025-01-14T01:00:00Z,1.02581,1.02774,1.02508,1.02639,2308,3
2025-01-14T02:00:00Z,1.02637,1.02638,1.02456,1.02479,2040,3
2025-01-14T03:00:00Z,1.02480,1.02499,1.02411,1.02491,2720,3
2025-01-14T04:00:00Z,1.02491,1.02503,1.02383,1.02446,1617,3
2025-01-14T05:00:00Z,1.02446,1.02552,1.02438,1.02483,1522,3
2025-01-14T06:00:00Z,1.02484,1.02550,1.02450,1.02501,977,3
2025-01-14T07:00:00Z,1.02501,1.02516,1.02421,1.02448,1599,3
2025-01-14T08:00:00Z,1.02449,1.02532,1.02449,1.02526,2005,3
2025-01-14T09:00:00Z,1.02526,1.02661,1.02498,1.02543,4103,2
2025-01-14T10:00:00Z,1.02542,1.02748,1.02528,1.02615,4576,2
2025-01-14T11:00:00Z,1.02615,1.02664,1.02534,1.02594,3825,2
2025-01-14T12:00:00Z,1.02594,1.02636,1.02518,1.02600,2946,2
2025-01-14T13:00:00Z,1.02600,1.02631,1.02524,1.02540,2423,2
2025-01-14T14:00:00Z,1.02540,1.02549,1.02394,1.02479,3391,2
2025-01-14T15:00:00Z,1.02479,1.02733,1.02412,1.02531,6514,2
2025-01-14T16:00:00Z,1.02531,1.02745,1.02434,1.02679,5887,2
2025-01-14T17:00:00Z,1.02682,1.02957,1.02629,1.02948,5854,2
2025-01-14T18:00:00Z,1.02947,1.03043,1.02826,1.02914,5046,2
2025-01-14T19:00:00Z,1.02913,1.02913,1.02789,1.02880,2801,3
2025-01-14T20:00:00Z,1.02880,1.03001,1.02866,1.02991,1939,3
2025-01-14T21:00:00Z,1.02990,1.03054,1.02963,1.02979,1579,3
2025-01-14T22:00:00Z,1.02981,1.03083,1.02963,1.03018,1822,3
2025-01-14T23:00:00Z,1.03018,1.03075,1.03004,1.03062,874,4
2025-01-15T00:00:00Z,1.03034,1.03073,1.03027,1.03060,483,25
2025-01-15T01:00:00Z,1.03060,1.03083,1.03023,1.03061,662,3
2025-01-15T02:00:00Z,1.03061,1.03061,1.02996,1.03011,1206,3
2025-01-15T03:00:00Z,1.03011,1.03047,1.02977,1.02999,1419,3
2025-01-15T04:00:00Z,1.02999,1.03013,1.02952,1.02969,1310,3
2025-01-15T05:00:00Z,1.02969,1.03022,1.02963,1.03019,902,3
2025-01-15T06:00:00Z,1.03018,1.03025,1.02974,1.03024,940,3
2025-01-15T07:00:00Z,1.03023,1.03052,1.02925,1.02930,1511,3
2025-01-15T08:00:00Z,1.02930,1.02986,1.02917,1.02961,1344,3
2025-01-15T09:00:00Z,1.02961,1.03080,1.02866,1.03057,3809,2
2025-01-15T10:00:00Z,1.03058,1.03168,1.02941,1.02965,3712,2
2025-01-15T11:00:00Z,1.02965,1.03131,1.02960,1.03098,3050,2
2025-01-15T12:00:00Z,1.03098,1.03139,1.03007,1.03074,2579,2
2025-01-15T13:00:00Z,1.03075,1.03124,1.02994,1.03012,2391,2
2025-01-15T14:00:00Z,1.03012,1.03064,1.02933,1.02997,2932,2
2025-01-15T15:00:00Z,1.02996,1.03543,1.02960,1.03444,6878,2
2025-01-15T16:00:00Z,1.03454,1.03457,1.03250,1.03272,6212,2
2025-01-15T17:00:00Z,1.03270,1.03309,1.02987,1.03061,5641,2
2025-01-15T18:00:00Z,1.03060,1.03078,1.02580,1.02810,4988,2
2025-01-15T19:00:00Z,1.02810,1.02931,1.02809,1.02855,2936,3
2025-01-15T20:00:00Z,1.02859,1.02929,1.02842,1.02920,2086,3
2025-01-15T21:00:00Z,1.02921,1.02944,1.02891,1.02932,1471,3
2025-01-15T22:00:00Z,1.02932,1.02989,1.02903,1.02957,1417,3
2025-01-15T23:00:00Z,1.02959,1.02961,1.02868,1.02884,792,4
2025-01-16T00:00:00Z,1.02864,1.02938,1.02851,1.02917,984,25
2025-01-16T01:00:00Z,1.02922,1.02955,1.02908,1.02951,858,3
2025-01-16T02:00:00Z,1.02951,1.02999,1.02847,1.02989,1934,3
2025-01-16T03:00:00Z,1.02989,1.02996,1.02875,1.02889,2711,3
2025-01-16T04:00:00Z,1.02893,1.02930,1.02847,1.02868,2048,3
2025-01-16T05:00:00Z,1.02868,1.02890,1.02845,1.02889,1102,3
2025-01-16T06:00:00Z,1.02889,1.02938,1.02852,1.02869,1050,3
2025-01-16T07:00:00Z,1.02869,1.02872,1.02807,1.02822,1317,3
2025-01-16T08:00:00Z,1.02823,1.02895,1.02822,1.02889,1891,3
2025-01-16T09:00:00Z,1.02889,1.03013,1.02862,1.02974,2993,2
2025-01-16T10:00:00Z,1.02974,1.02998,1.02877,1.02959,3324,2
2025-01-16T11:00:00Z,1.02959,1.02988,1.02815,1.02861,2897,2
2025-01-16T12:00:00Z,1.02861,1.02960,1.02828,1.02855,2200,2
2025-01-16T13:00:00Z,1.02855,1.02918,1.02839,1.02900,2199,2
2025-01-16T14:00:00Z,1.02900,1.02900,1.02639,1.02717,3326,2
2025-01-16T15:00:00Z,1.02717,1.02851,1.02606,1.02814,5652,2
2025-01-16T16:00:00Z,1.02812,1.02838,1.02678,1.02791,4906,2
2025-01-16T17:00:00Z,1.02791,1.03058,1.02740,1.03007,6964,2
2025-01-16T18:00:00Z,1.03007,1.03116,1.02859,1.03022,5770,2
2025-01-16T19:00:00Z,1.03022,1.03150,1.02943,1.02964,3709,2
2025-01-16T20:00:00Z,1.02964,1.03028,1.02933,1.03002,2121,3
2025-01-16T21:00:00Z,1.03002,1.03076,1.02975,1.03016,2162,3
2025-01-16T22:00:00Z,1.03016,1.03037,1.02970,1.03001,1515,3
2025-01-16T23:00:00Z,1.03001,1.03025,1.02966,1.03015,816,4
2025-01-17T00:00:00Z,1.02954,1.03023,1.02949,1.03005,551,25
2025-01-17T01:00:00Z,1.03016,1.03040,1.03000,1.03013,512,3
2025-01-17T02:00:00Z,1.03013,1.03066,1.02979,1.03046,1486,3
2025-01-17T03:00:00Z,1.03046,1.03094,1.03013,1.03050,1595,3
2025-01-17T04:00:00Z,1.03052,1.03090,1.03029,1.03031,1523,2
2025-01-17T05:00:00Z,1.03031,1.03047,1.02997,1.03005,1026,3
2025-01-17T06:00:00Z,1.03005,1.03009,1.02919,1.02935,1025,3
2025-01-17T07:00:00Z,1.02935,1.02950,1.02874,1.02932,1168,3
2025-01-17T08:00:00Z,1.02932,1.02938,1.02850,1.02902,1341,3
2025-01-17T09:00:00Z,1.02902,1.02909,1.02774,1.02844,3185,2
2025-01-17T10:00:00Z,1.02848,1.02987,1.02847,1.02969,3020,2
2025-01-17T11:00:00Z,1.02969,1.03039,1.02892,1.02968,3383,2
2025-01-17T12:00:00Z,1.02971,1.03060,1.02964,1.03037,2418,2
2025-01-17T13:00:00Z,1.03038,1.03099,1.02989,1.03045,2477,2
2025-01-17T14:00:00Z,1.03045,1.03065,1.02902,1.02929,3290,2
2025-01-17T15:00:00Z,1.02930,1.02995,1.02854,1.02900,4440,2
2025-01-17T16:00:00Z,1.02902,1.03023,1.02651,1.02985,6276,2
2025-01-17T17:00:00Z,1.02984,1.03306,1.02953,1.02988,6649,2
2025-01-17T18:00:00Z,1.02989,1.03002,1.02815,1.02861,4007,2
2025-01-17T19:00:00Z,1.02861,1.02911,1.02787,1.02808,2866,3
2025-01-17T20:00:00Z,1.02808,1.02921,1.02790,1.02808,2147,3
2025-01-17T21:00:00Z,1.02809,1.02842,1.02726,1.02762,1964,3
2025-01-17T22:00:00Z,1.02761,1.02815,1.02736,1.02752,2111,3
2025-01-17T23:00:00Z,1.02747,1.02750,1.02682,1.02687,870,4
2025-01-20T00:00:00Z,1.02778,1.02817,1.02734,1.02772,790,30
2025-01-20T01:00:00Z,1.02772,1.02805,1.02662,1.02805,1180,3
2025-01-20T02:00:00Z,1.02805,1.02901,1.02783,1.02864,1597,3
2025-01-20T03:00:00Z,1.02864,1.02928,1.02790,1.02907,1893,3
2025-01-20T04:00:00Z,1.02907,1.02923,1.02868,1.02910,1615,3
2025-01-20T05:00:00Z,1.02910,1.03062,1.02908,1.03060,1609,3
2025-01-20T06:00:00Z,1.03060,1.03070,1.03016,1.03043,967,3
2025-01-20T07:00:00Z,1.03043,1.03063,1.03016,1.03024,1109,3
2025-01-20T08:00:00Z,1.03024,1.03189,1.02994,1.03103,1760,3
2025-01-20T09:00:00Z,1.03104,1.03185,1.03058,1.03166,2508,2
2025-01-20T10:00:00Z,1.03169,1.03174,1.03068,1.03097,3309,2
2025-01-20T11:00:00Z,1.03097,1.03169,1.03049,1.03061,3064,2
2025-01-20T12:00:00Z,1.03061,1.03223,1.03061,1.03149,2367,2
2025-01-20T13:00:00Z,1.03150,1.03265,1.03130,1.03260,2164,2
2025-01-20T14:00:00Z,1.03260,1.03264,1.03150,1.03202,2478,2
2025-01-20T15:00:00Z,1.03202,1.04001,1.03078,1.03981,7547,2
2025-01-20T16:00:00Z,1.03980,1.04301,1.03794,1.04151,7860,2
2025-01-20T17:00:00Z,1.04151,1.04298,1.03847,1.04003,6299,2
2025-01-20T18:00:00Z,1.04005,1.04057,1.03905,1.03983,3353,2
2025-01-20T19:00:00Z,1.03983,1.04026,1.03532,1.03855,4663,3
2025-01-20T20:00:00Z,1.03855,1.03965,1.03832,1.03965,1560,3
2025-01-20T21:00:00Z,1.03965,1.04234,1.03905,1.04207,1579,3
2025-01-20T22:00:00Z,1.04207,1.04343,1.04119,1.04161,2219,3
2025-01-20T23:00:00Z,1.04161,1.04193,1.04098,1.04128,1140,3
2025-01-21T00:00:00Z,1.04099,1.04174,1.04099,1.04122,433,34
2025-01-21T01:00:00Z,1.04122,1.04257,1.04109,1.04208,2408,3
2025-01-21T02:00:00Z,1.04208,1.04344,1.03512,1.03624,5712,3
2025-01-21T03:00:00Z,1.03626,1.03976,1.03557,1.03701,6595,3
2025-01-21T04:00:00Z,1.03701,1.03902,1.03691,1.03875,3373,3
2025-01-21T05:00:00Z,1.03875,1.04008,1.03852,1.03874,2644,3
2025-01-21T06:00:00Z,1.03874,1.03990,1.03850,1.03897,1886,3
2025-01-21T07:00:00Z,1.03898,1.03921,1.03773,1.03786,1613,3
2025-01-21T08:00:00Z,1.03786,1.03814,1.03664,1.03688,2422,3
2025-01-21T09:00:00Z,1.03688,1.03862,1.03650,1.03733,3510,2
2025-01-21T10:00:00Z,1.03732,1.03732,1.03499,1.03607,3825,2
2025-01-21T11:00:00Z,1.03607,1.03637,1.03418,1.03535,4329,2
2025-01-21T12:00:00Z,1.03535,1.03594,1.03430,1.03529,3588,2
2025-01-21T13:00:00Z,1.03529,1.03581,1.03428,1.03532,3060,2
2025-01-21T14:00:00Z,1.03534,1.03581,1.03456,1.03541,4342,2
2025-01-21T15:00:00Z,1.03541,1.03779,1.03527,1.03777,4369,2
2025-01-21T16:00:00Z,1.03788,1.03985,1.03727,1.03879,5376,2
2025-01-21T17:00:00Z,1.03869,1.04105,1.03785,1.04004,6150,2
2025-01-21T18:00:00Z,1.04003,1.04228,1.03983,1.04224,4239,2
2025-01-21T19:00:00Z,1.04224,1.04298,1.04211,1.04212,3062,3
2025-01-21T20:00:00Z,1.04212,1.04353,1.04197,1.04290,2323,3
2025-01-21T21:00:00Z,1.04290,1.04304,1.04160,1.04178,2072,3
2025-01-21T22:00:00Z,1.04178,1.04215,1.04156,1.04200,1713,3
2025-01-21T23:00:00Z,1.04193,1.04286,1.04187,1.04264,1079,4
2025-01-22T00:00:00Z,1.04250,1.04329,1.04233,1.04262,760,25
2025-01-22T01:00:00Z,1.04264,1.04277,1.03921,1.04056,3007,3
2025-01-22T02:00:00Z,1.04056,1.04244,1.04056,1.04230,2118,3
2025-01-22T03:00:00Z,1.04230,1.04231,1.04075,1.04095,2215,3
2025-01-22T04:00:00Z,1.04095,1.04162,1.04060,1.04136,1803,3
2025-01-22T05:00:00Z,1.04136,1.04156,1.04100,1.04119,1348,3
2025-01-22T06:00:00Z,1.04119,1.04213,1.04112,1.04171,1042,3
2025-01-22T07:00:00Z,1.04171,1.04179,1.04083,1.04156,1255,3
2025-01-22T08:00:00Z,1.04156,1.04185,1.03996,1.04037,2153,3
2025-01-22T09:00:00Z,1.04037,1.04198,1.04033,1.04117,3319,2
2025-01-22T10:00:00Z,1.04117,1.04239,1.04095,1.04230,4665,2
2025-01-22T11:00:00Z,1.04230,1.04473,1.04199,1.04466,4279,2
2025-01-22T12:00:00Z,1.04467,1.04572,1.04426,1.04499,3588,2
2025-01-22T13:00:00Z,1.04499,1.04563,1.04404,1.04429,2704,2
2025-01-22T14:00:00Z,1.04428,1.04428,1.04310,1.04380,3076,2
2025-01-22T15:00:00Z,1.04380,1.04457,1.04222,1.04316,3840,2
2025-01-22T16:00:00Z,1.04313,1.04317,1.04142,1.04245,4736,2
2025-01-22T17:00:00Z,1.04244,1.04249,1.04144,1.04199,4663,2
2025-01-22T18:00:00Z,1.04199,1.04228,1.04122,1.04195,3313,2
2025-01-22T19:00:00Z,1.04195,1.04205,1.04119,1.04170,2498,3
2025-01-22T20:00:00Z,1.04170,1.04212,1.04118,1.04160,2156,3
2025-01-22T21:00:00Z,1.04160,1.04226,1.04155,1.04200,1607,3
2025-01-22T22:00:00Z,1.04200,1.04229,1.04110,1.04120,1732,3
2025-01-22T23:00:00Z,1.04119,1.04130,1.04066,1.04091,810,4
2025-01-23T00:00:00Z,1.04083,1.04107,1.04070,1.04075,349,25
2025-01-23T01:00:00Z,1.04084,1.04094,1.04053,1.04077,816,3
2025-01-23T02:00:00Z,1.04077,1.04118,1.04069,1.04102,1380,3
2025-01-23T03:00:00Z,1.04102,1.04160,1.04019,1.04036,2529,3
2025-01-23T04:00:00Z,1.04035,1.04061,1.03968,1.04038,1858,3
2025-01-23T05:00:00Z,1.04038,1.04090,1.04031,1.04088,1081,3
2025-01-23T06:00:00Z,1.04088,1.04128,1.04088,1.04108,1121,3
2025-01-23T07:00:00Z,1.04108,1.04116,1.04041,1.04051,1421,3
2025-01-23T08:00:00Z,1.04051,1.04121,1.04028,1.04032,1644,3
2025-01-23T09:00:00Z,1.04031,1.04056,1.03899,1.04001,3553,2
2025-01-23T10:00:00Z,1.04001,1.04022,1.03901,1.03939,3224,2
2025-01-23T11:00:00Z,1.03939,1.04146,1.03932,1.04115,3287,2
2025-01-23T12:00:00Z,1.04116,1.04202,1.04098,1.04112,2709,2
2025-01-23T13:00:00Z,1.04113,1.04139,1.04012,1.04032,2772,2
2025-01-23T14:00:00Z,1.04032,1.04060,1.03941,1.04036,3012,2
2025-01-23T15:00:00Z,1.04036,1.04150,1.03973,1.04104,4534,2
2025-01-23T16:00:00Z,1.04107,1.04177,1.04057,1.04086,3776,2
2025-01-23T17:00:00Z,1.04087,1.04096,1.03868,1.03973,4474,2
2025-01-23T18:00:00Z,1.03972,1.04294,1.03719,1.04194,7678,2
2025-01-23T19:00:00Z,1.04194,1.04378,1.04139,1.04353,3712,3
2025-01-23T20:00:00Z,1.04353,1.04369,1.04218,1.04238,2383,3
2025-01-23T21:00:00Z,1.04238,1.04267,1.04198,1.04229,2146,3
2025-01-23T22:00:00Z,1.04229,1.04291,1.04158,1.04174,2119,3
2025-01-23T23:00:00Z,1.04174,1.04192,1.04126,1.04139,835,4
2025-01-24T00:00:00Z,1.04137,1.04169,1.04126,1.04158,721,25
2025-01-24T01:00:00Z,1.04157,1.04177,1.04144,1.04156,635,3
2025-01-24T02:00:00Z,1.04157,1.04230,1.04133,1.04194,1483,3
2025-01-24T03:00:00Z,1.04192,1.04202,1.04114,1.04157,1804,3
2025-01-24T04:00:00Z,1.04157,1.04491,1.04157,1.04489,4076,3
2025-01-24T05:00:00Z,1.04486,1.04539,1.04364,1.04461,3385,3
2025-01-24T06:00:00Z,1.04461,1.04514,1.04434,1.04473,2110,3
2025-01-24T07:00:00Z,1.04473,1.04539,1.04435,1.04513,1641,3
2025-01-24T08:00:00Z,1.04514,1.04701,1.04492,1.04573,3610,3
2025-01-24T09:00:00Z,1.04570,1.04649,1.04472,1.04610,4249,2
2025-01-24T10:00:00Z,1.04607,1.04951,1.04579,1.04934,5784,2
2025-01-24T11:00:00Z,1.04924,1.05151,1.04908,1.04944,4867,2
2025-01-24T12:00:00Z,1.04944,1.04978,1.04859,1.04890,3127,2
2025-01-24T13:00:00Z,1.04890,1.04932,1.04809,1.04861,2669,2
2025-01-24T14:00:00Z,1.04861,1.04876,1.04733,1.04735,2753,2
2025-01-24T15:00:00Z,1.04735,1.04797,1.04636,1.04685,3528,2
2025-01-24T16:00:00Z,1.04685,1.04938,1.04671,1.04916,4609,2
2025-01-24T17:00:00Z,1.04916,1.05205,1.04896,1.05162,5847,2
2025-01-24T18:00:00Z,1.05158,1.05204,1.05056,1.05146,3958,2
2025-01-24T19:00:00Z,1.05143,1.05214,1.05098,1.05110,2804,3
2025-01-24T20:00:00Z,1.05109,1.05117,1.04939,1.04951,2034,3
2025-01-24T21:00:00Z,1.04950,1.04985,1.04920,1.04952,1486,3
2025-01-24T22:00:00Z,1.04948,1.04960,1.04881,1.04945,1477,3
2025-01-24T23:00:00Z,1.04946,1.04972,1.04929,1.04955,752,4
2025-01-27T00:00:00Z,1.04783,1.04835,1.04774,1.04822,596,30
2025-01-27T01:00:00Z,1.04834,1.04851,1.04650,1.04674,1693,3
2025-01-27T02:00:00Z,1.04674,1.04762,1.04651,1.04728,1817,3
2025-01-27T03:00:00Z,1.04725,1.04789,1.04612,1.04627,2843,3
2025-01-27T04:00:00Z,1.04627,1.04666,1.04589,1.04660,1828,3
2025-01-27T05:00:00Z,1.04660,1.04776,1.04632,1.04684,2041,3
2025-01-27T06:00:00Z,1.04685,1.04687,1.04597,1.04632,1445,3
2025-01-27T07:00:00Z,1.04632,1.04645,1.04557,1.04629,1674,3
2025-01-27T08:00:00Z,1.04629,1.04652,1.04568,1.04591,2005,3
2025-01-27T09:00:00Z,1.04591,1.04711,1.04537,1.04571,3628,2
2025-01-27T10:00:00Z,1.04571,1.04887,1.04543,1.04880,4802,2
2025-01-27T11:00:00Z,1.04880,1.04937,1.04752,1.04887,5225,2
2025-01-27T12:00:00Z,1.04888,1.05093,1.04888,1.05055,5023,2
2025-01-27T13:00:00Z,1.05054,1.05183,1.05043,1.05130,4490,2
2025-01-27T14:00:00Z,1.05133,1.05279,1.05089,1.05211,4203,2
2025-01-27T15:00:00Z,1.05212,1.05331,1.05096,1.05198,5511,2
2025-01-27T16:00:00Z,1.05198,1.05244,1.05077,1.05090,5177,2
2025-01-27T17:00:00Z,1.05090,1.05097,1.04938,1.04990,4843,2
2025-01-27T18:00:00Z,1.04991,1.05076,1.04891,1.04907,4271,2
2025-01-27T19:00:00Z,1.04907,1.04947,1.04848,1.04887,3226,2
2025-01-27T20:00:00Z,1.04886,1.04942,1.04817,1.04848,2869,3
2025-01-27T21:00:00Z,1.04848,1.04928,1.04791,1.04926,2574,3
2025-01-27T22:00:00Z,1.04926,1.04943,1.04873,1.04880,1956,3
2025-01-27T23:00:00Z,1.04879,1.04912,1.04857,1.04910,846,4
2025-01-28T00:00:00Z,1.04911,1.04930,1.04874,1.04880,465,25
2025-01-28T01:00:00Z,1.04892,1.04894,1.04285,1.04369,4458,3
2025-01-28T02:00:00Z,1.04368,1.04519,1.04323,1.04453,3431,3
2025-01-28T03:00:00Z,1.04452,1.04566,1.04296,1.04377,2705,3
2025-01-28T04:00:00Z,1.04374,1.04414,1.04243,1.04336,3247,3
2025-01-28T05:00:00Z,1.04336,1.04393,1.04288,1.04289,1978,3
2025-01-28T06:00:00Z,1.04289,1.04346,1.04254,1.04337,1514,3
2025-01-28T07:00:00Z,1.04337,1.04390,1.04334,1.04364,1288,3
2025-01-28T08:00:00Z,1.04364,1.04441,1.04336,1.04373,1683,3
2025-01-28T09:00:00Z,1.04369,1.04430,1.04281,1.04340,3638,2
2025-01-28T10:00:00Z,1.04343,1.04358,1.04194,1.04251,4408,2
2025-01-28T11:00:00Z,1.04252,1.04442,1.04223,1.04351,3944,2
2025-01-28T12:00:00Z,1.04351,1.04372,1.04247,1.04247,2862,2
2025-01-28T13:00:00Z,1.04247,1.04326,1.04226,1.04232,2526,2
2025-01-28T14:00:00Z,1.04232,1.04254,1.04136,1.04202,3536,2
2025-01-28T15:00:00Z,1.04198,1.04313,1.04172,1.04250,4066,2
2025-01-28T16:00:00Z,1.04246,1.04405,1.04240,1.04316,4331,2
2025-01-28T17:00:00Z,1.04317,1.04396,1.04208,1.04240,4472,2
2025-01-28T18:00:00Z,1.04240,1.04328,1.04224,1.04261,3953,2
2025-01-28T19:00:00Z,1.04261,1.04346,1.04246,1.04279,2414,3
2025-01-28T20:00:00Z,1.04281,1.04381,1.04234,1.04264,2740,3
2025-01-28T21:00:00Z,1.04264,1.04366,1.04225,1.04349,2165,3
2025-01-28T22:00:00Z,1.04349,1.04353,1.04294,1.04315,1963,3
2025-01-28T23:00:00Z,1.04313,1.04338,1.04299,1.04304,816,4
2025-01-29T00:00:00Z,1.04279,1.04287,1.04263,1.04279,376,25
2025-01-29T01:00:00Z,1.04285,1.04301,1.04265,1.04273,592,3
2025-01-29T02:00:00Z,1.04272,1.04344,1.04268,1.04302,1495,3
2025-01-29T03:00:00Z,1.04302,1.04340,1.04269,1.04271,1618,3
2025-01-29T04:00:00Z,1.04271,1.04357,1.04258,1.04338,1236,3
2025-01-29T05:00:00Z,1.04338,1.04390,1.04312,1.04374,1408,3
2025-01-29T06:00:00Z,1.04374,1.04426,1.04374,1.04386,1060,3
2025-01-29T07:00:00Z,1.04386,1.04408,1.04354,1.04403,1191,3
2025-01-29T08:00:00Z,1.04411,1.04436,1.04366,1.04372,1940,3
2025-01-29T09:00:00Z,1.04370,1.04378,1.04131,1.04160,3050,2
2025-01-29T10:00:00Z,1.04167,1.04304,1.04167,1.04242,3586,2
2025-01-29T11:00:00Z,1.04241,1.04246,1.04019,1.04037,3598,2
2025-01-29T12:00:00Z,1.04036,1.04084,1.03947,1.04036,3467,2
2025-01-29T13:00:00Z,1.04036,1.04082,1.03969,1.04015,2730,2
2025-01-29T14:00:00Z,1.04015,1.04048,1.03936,1.04039,3431,2
2025-01-29T15:00:00Z,1.04039,1.04057,1.03822,1.03873,4693,2
2025-01-29T16:00:00Z,1.03876,1.04015,1.03862,1.04010,4097,2
2025-01-29T17:00:00Z,1.04014,1.04269,1.03946,1.04194,5069,2
2025-01-29T18:00:00Z,1.04194,1.04240,1.04113,1.04157,4344,2
2025-01-29T19:00:00Z,1.04154,1.04284,1.04150,1.04212,3462,3
2025-01-29T20:00:00Z,1.04212,1.04245,1.04147,1.04198,2250,3
2025-01-29T21:00:00Z,1.04175,1.04287,1.03884,1.04161,8248,3
2025-01-29T22:00:00Z,1.04156,1.04256,1.04045,1.04104,4752,3
2025-01-29T23:00:00Z,1.04101,1.04214,1.04087,1.04212,1076,5
2025-01-30T00:00:00Z,1.04178,1.04211,1.04167,1.04202,688,25
2025-01-30T01:00:00Z,1.04213,1.04274,1.04183,1.04245,1187,3
2025-01-30T02:00:00Z,1.04245,1.04288,1.04238,1.04260,1368,3
2025-01-30T03:00:00Z,1.04259,1.04260,1.04189,1.04199,1489,3
2025-01-30T04:00:00Z,1.04199,1.04267,1.04198,1.04230,1367,3
2025-01-30T05:00:00Z,1.04230,1.04263,1.04220,1.04252,1459,3
2025-01-30T06:00:00Z,1.04252,1.04275,1.04176,1.04190,1319,3
2025-01-30T07:00:00Z,1.04189,1.04219,1.04175,1.04219,1203,3
2025-01-30T08:00:00Z,1.04219,1.04226,1.04107,1.04139,1596,3
2025-01-30T09:00:00Z,1.04139,1.04239,1.04094,1.04238,2631,2
2025-01-30T10:00:00Z,1.04273,1.04290,1.04160,1.04217,3475,2
2025-01-30T11:00:00Z,1.04217,1.04225,1.04020,1.04075,4025,2
2025-01-30T12:00:00Z,1.04073,1.04121,1.03957,1.04007,3277,2
2025-01-30T13:00:00Z,1.04007,1.04007,1.03912,1.03916,2853,2
2025-01-30T14:00:00Z,1.03916,1.04057,1.03903,1.04032,3094,2
2025-01-30T15:00:00Z,1.04032,1.04598,1.04012,1.04569,6053,2
2025-01-30T16:00:00Z,1.04560,1.04677,1.04192,1.04280,6482,2
2025-01-30T17:00:00Z,1.04281,1.04412,1.04268,1.04312,5019,2
2025-01-30T18:00:00Z,1.04311,1.04347,1.04170,1.04196,3789,2
2025-01-30T19:00:00Z,1.04194,1.04234,1.04093,1.04169,2929,3
2025-01-30T20:00:00Z,1.04171,1.04255,1.04156,1.04249,1688,3
2025-01-30T21:00:00Z,1.04249,1.04298,1.04229,1.04279,1456,3
2025-01-30T22:00:00Z,1.04281,1.04322,1.03860,1.04075,4542,3
2025-01-30T23:00:00Z,1.04074,1.04142,1.03870,1.03918,2893,4
2025-01-31T00:00:00Z,1.03933,1.03941,1.03852,1.03871,650,25
2025-01-31T01:00:00Z,1.03871,1.03982,1.03849,1.03968,1216,3
2025-01-31T02:00:00Z,1.03968,1.04023,1.03850,1.03866,1669,3
2025-01-31T03:00:00Z,1.03866,1.03924,1.03772,1.03885,2539,3
2025-01-31T04:00:00Z,1.03886,1.03950,1.03866,1.03896,1788,3
2025-01-31T05:00:00Z,1.03896,1.03914,1.03836,1.03849,1500,3
2025-01-31T06:00:00Z,1.03849,1.03897,1.03828,1.03874,1162,3
2025-01-31T07:00:00Z,1.03872,1.03907,1.03845,1.03887,1537,3
2025-01-31T08:00:00Z,1.03887,1.03954,1.03873,1.03944,1571,3
2025-01-31T09:00:00Z,1.03945,1.04128,1.03912,1.04040,3513,2
2025-01-31T10:00:00Z,1.04039,1.04066,1.03809,1.03843,3852,2
2025-01-31T11:00:00Z,1.03839,1.03849,1.03652,1.03836,4810,2
2025-01-31T12:00:00Z,1.03835,1.03839,1.03737,1.03763,3535,2
2025-01-31T13:00:00Z,1.03763,1.03800,1.03720,1.03759,2785,2
2025-01-31T14:00:00Z,1.03759,1.03856,1.03746,1.03824,2908,2
2025-01-31T15:00:00Z,1.03823,1.03954,1.03767,1.03822,4891,2
2025-01-31T16:00:00Z,1.03824,1.03826,1.03669,1.03687,4826,2
2025-01-31T17:00:00Z,1.03690,1.04005,1.03602,1.03964,5293,2
2025-01-31T18:00:00Z,1.03964,1.04075,1.03860,1.03998,4356,2
2025-01-31T19:00:00Z,1.03998,1.04338,1.03912,1.04199,6213,3
2025-01-31T20:00:00Z,1.04199,1.04217,1.03611,1.03699,6775,3
2025-01-31T21:00:00Z,1.03697,1.03791,1.03643,1.03762,4581,3
2025-01-31T22:00:00Z,1.03764,1.03822,1.03629,1.03735,4396,3
2025-01-31T23:00:00Z,1.03735,1.03872,1.03499,1.03584,3928,4
2025-02-03T00:00:00Z,1.02411,1.02563,1.02408,1.02494,1386,30
2025-02-03T01:00:00Z,1.02493,1.02704,1.02346,1.02470,5543,3
2025-02-03T02:00:00Z,1.02470,1.02673,1.02107,1.02319,6853,3
2025-02-03T03:00:00Z,1.02318,1.02523,1.02220,1.02378,5006,3
2025-02-03T04:00:00Z,1.02377,1.02378,1.02209,1.02236,4245,3
2025-02-03T05:00:00Z,1.02236,1.02247,1.02121,1.02214,2803,3
2025-02-03T06:00:00Z,1.02214,1.02400,1.02205,1.02265,4038,3
2025-02-03T07:00:00Z,1.02265,1.02432,1.02256,1.02404,2701,3
2025-02-03T08:00:00Z,1.02404,1.02516,1.02395,1.02430,3216,3
2025-02-03T09:00:00Z,1.02432,1.02492,1.02218,1.02246,4890,2
2025-02-03T10:00:00Z,1.02254,1.02512,1.02128,1.02436,5376,2
2025-02-03T11:00:00Z,1.02435,1.02543,1.02254,1.02302,4191,2
2025-02-03T12:00:00Z,1.02305,1.02444,1.02300,1.02436,3558,2
2025-02-03T13:00:00Z,1.02436,1.02557,1.02363,1.02522,3196,2
2025-02-03T14:00:00Z,1.02522,1.02784,1.02514,1.02576,4379,2
2025-02-03T15:00:00Z,1.02575,1.02880,1.02575,1.02639,5038,2
2025-02-03T16:00:00Z,1.02638,1.02660,1.02472,1.02507,5840,2
2025-02-03T17:00:00Z,1.02504,1.03356,1.02424,1.03160,10605,2
2025-02-03T18:00:00Z,1.03161,1.03214,1.02726,1.02760,8162,2
2025-02-03T19:00:00Z,1.02759,1.03026,1.02713,1.02795,5569,3
2025-02-03T20:00:00Z,1.02795,1.02875,1.02704,1.02784,4254,3
2025-02-03T21:00:00Z,1.02783,1.02969,1.02783,1.02845,2721,3
2025-02-03T22:00:00Z,1.02849,1.02992,1.02827,1.02955,2339,3
2025-02-03T23:00:00Z,1.02952,1.03499,1.02928,1.03345,3754,4
2025-02-04T00:00:00Z,1.03343,1.03470,1.03328,1.03421,1036,25
2025-02-04T01:00:00Z,1.03421,1.03506,1.03263,1.03280,2572,3
2025-02-04T02:00:00Z,1.03280,1.03309,1.03160,1.03178,2260,3
2025-02-04T03:00:00Z,1.03178,1.03225,1.03085,1.03220,2699,3
2025-02-04T04:00:00Z,1.03220,1.03240,1.03164,1.03220,1907,3
2025-02-04T05:00:00Z,1.03220,1.03240,1.03117,1.03146,1968,3
2025-02-04T06:00:00Z,1.03146,1.03150,1.03058,1.03058,1723,3
2025-02-04T07:00:00Z,1.03058,1.03058,1.02721,1.02930,5037,3
2025-02-04T08:00:00Z,1.02930,1.03075,1.02922,1.03066,2651,3
2025-02-04T09:00:00Z,1.03061,1.03170,1.02999,1.03114,3550,2
2025-02-04T10:00:00Z,1.03116,1.03356,1.03089,1.03343,5021,2
2025-02-04T11:00:00Z,1.03343,1.03494,1.03323,1.03386,3518,2
2025-02-04T12:00:00Z,1.03384,1.03434,1.03253,1.03349,2718,2
2025-02-04T13:00:00Z,1.03350,1.03352,1.03220,1.03221,2497,2
2025-02-04T14:00:00Z,1.03221,1.03285,1.03202,1.03251,3077,2
2025-02-04T15:00:00Z,1.03252,1.03404,1.03238,1.03402,3783,2
2025-02-04T16:00:00Z,1.03404,1.03661,1.03400,1.03600,4904,2
2025-02-04T17:00:00Z,1.03599,1.03859,1.03578,1.03801,6709,2
2025-02-04T18:00:00Z,1.03799,1.03874,1.03733,1.03784,4234,2
2025-02-04T19:00:00Z,1.03781,1.03787,1.03656,1.03765,3786,3
2025-02-04T20:00:00Z,1.03765,1.03861,1.03743,1.03811,2364,3
2025-02-04T21:00:00Z,1.03811,1.03853,1.03770,1.03817,2369,3
2025-02-04T22:00:00Z,1.03817,1.03857,1.03792,1.03853,2043,3
2025-02-04T23:00:00Z,1.03854,1.03874,1.03776,1.03800,958,4
2025-02-05T00:00:00Z,1.03744,1.03793,1.03731,1.03774,766,20
2025-02-05T01:00:00Z,1.03774,1.03804,1.03706,1.03714,1125,3
2025-02-05T02:00:00Z,1.03715,1.03819,1.03694,1.03787,1924,3
2025-02-05T03:00:00Z,1.03787,1.03866,1.03724,1.03732,2778,3
2025-02-05T04:00:00Z,1.03732,1.03849,1.03729,1.03845,2358,3
2025-02-05T05:00:00Z,1.03845,1.03861,1.03792,1.03794,1397,3
2025-02-05T06:00:00Z,1.03794,1.03823,1.03762,1.03785,1174,3
2025-02-05T07:00:00Z,1.03785,1.03786,1.03731,1.03777,1680,3
2025-02-05T08:00:00Z,1.03777,1.03940,1.03741,1.03849,2129,3
2025-02-05T09:00:00Z,1.03848,1.04095,1.03821,1.04025,3724,2
2025-02-05T10:00:00Z,1.04025,1.04085,1.03900,1.04038,4558,2
2025-02-05T11:00:00Z,1.04038,1.04175,1.04015,1.04038,4048,2
2025-02-05T12:00:00Z,1.04038,1.04304,1.04018,1.04251,3489,2
2025-02-05T13:00:00Z,1.04250,1.04253,1.04116,1.04146,2675,2
2025-02-05T14:00:00Z,1.04146,1.04219,1.04107,1.04191,2770,2
2025-02-05T15:00:00Z,1.04187,1.04256,1.04014,1.04077,4706,2
2025-02-05T16:00:00Z,1.04077,1.04263,1.04061,1.04211,4488,2
2025-02-05T17:00:00Z,1.04330,1.04422,1.04151,1.04223,6120,2
2025-02-05T18:00:00Z,1.04221,1.04248,1.04103,1.04181,3385,2
2025-02-05T19:00:00Z,1.04182,1.04239,1.04103,1.04198,2338,2
2025-02-05T20:00:00Z,1.04197,1.04216,1.04143,1.04155,1888,2
2025-02-05T21:00:00Z,1.04156,1.04169,1.04047,1.04071,1900,2
2025-02-05T22:00:00Z,1.04071,1.04071,1.04012,1.04048,1582,2
2025-02-05T23:00:00Z,1.04048,1.04065,1.03967,1.03988,882,2
2025-02-06T00:00:00Z,1.04037,1.04038,1.04007,1.04030,391,22
2025-02-06T01:00:00Z,1.04030,1.04055,1.03973,1.03987,967,2
2025-02-06T02:00:00Z,1.03987,1.04024,1.03949,1.03974,1622,2
2025-02-06T03:00:00Z,1.03974,1.04047,1.03954,1.04027,2316,2
2025-02-06T04:00:00Z,1.04023,1.04055,1.03909,1.03951,1835,2
2025-02-06T05:00:00Z,1.03951,1.03963,1.03895,1.03920,1645,2
2025-02-06T06:00:00Z,1.03920,1.03938,1.03851,1.03870,1239,2
2025-02-06T07:00:00Z,1.03871,1.03903,1.03859,1.03864,1583,2
2025-02-06T08:00:00Z,1.03865,1.03925,1.03857,1.03901,1533,2
2025-02-06T09:00:00Z,1.03902,1.03915,1.03779,1.03801,2327,2
2025-02-06T10:00:00Z,1.03800,1.03808,1.03561,1.03651,3349,2
2025-02-06T11:00:00Z,1.03651,1.03678,1.03562,1.03593,2573,2
2025-02-06T12:00:00Z,1.03593,1.03664,1.03558,1.03624,2277,2
2025-02-06T13:00:00Z,1.03623,1.03677,1.03580,1.03618,2323,2
2025-02-06T14:00:00Z,1.03618,1.03636,1.03525,1.03619,3609,2
2025-02-06T15:00:00Z,1.03617,1.03672,1.03535,1.03603,3809,2
2025-02-06T16:00:00Z,1.03607,1.03748,1.03598,1.03622,3365,2
2025-02-06T17:00:00Z,1.03622,1.03765,1.03612,1.03695,4091,2
2025-02-06T18:00:00Z,1.03695,1.03761,1.03668,1.03669,2783,2
2025-02-06T19:00:00Z,1.03669,1.03806,1.03658,1.03794,1923,2
2025-02-06T20:00:00Z,1.03793,1.03968,1.03743,1.03895,2642,2
2025-02-06T21:00:00Z,1.03895,1.03914,1.03804,1.03851,1852,2
2025-02-06T22:00:00Z,1.03848,1.03909,1.03839,1.03890,1382,2
2025-02-06T23:00:00Z,1.03885,1.03893,1.03841,1.03844,594,2
2025-02-07T00:00:00Z,1.03838,1.03845,1.03811,1.03825,407,22
2025-02-07T01:00:00Z,1.03833,1.03868,1.03826,1.03852,929,2
2025-02-07T02:00:00Z,1.03852,1.03910,1.03774,1.03777,1458,2
2025-02-07T03:00:00Z,1.03777,1.03868,1.03744,1.03839,2134,2
2025-02-07T04:00:00Z,1.03839,1.03861,1.03809,1.03842,1706,2
2025-02-07T05:00:00Z,1.03842,1.03848,1.03772,1.03798,1357,2
2025-02-07T06:00:00Z,1.03798,1.03835,1.03758,1.03812,1309,2
2025-02-07T07:00:00Z,1.03812,1.03815,1.03740,1.03752,1387,2
2025-02-07T08:00:00Z,1.03752,1.03773,1.03726,1.03762,1488,2
2025-02-07T09:00:00Z,1.03761,1.03903,1.03742,1.03892,1976,2
2025-02-07T10:00:00Z,1.03892,1.03999,1.03855,1.03978,2371,2
2025-02-07T11:00:00Z,1.03976,1.03992,1.03899,1.03911,2111,2
2025-02-07T12:00:00Z,1.03911,1.03915,1.03791,1.03814,1848,2
2025-02-07T13:00:00Z,1.03814,1.03842,1.03773,1.03824,1696,2
2025-02-07T14:00:00Z,1.03824,1.03825,1.03683,1.03744,2043,2
2025-02-07T15:00:00Z,1.03744,1.04098,1.03492,1.03636,5204,2
2025-02-07T16:00:00Z,1.03636,1.03888,1.03608,1.03857,4429,2
2025-02-07T17:00:00Z,1.03824,1.03877,1.03275,1.03548,5420,2
2025-02-07T18:00:00Z,1.03550,1.03551,1.03223,1.03279,6090,2
2025-02-07T19:00:00Z,1.03279,1.03603,1.03055,1.03217,5188,2
2025-02-07T20:00:00Z,1.03217,1.03360,1.03210,1.03252,2164,2
2025-02-07T21:00:00Z,1.03252,1.03369,1.03238,1.03323,2009,2
2025-02-07T22:00:00Z,1.03322,1.03383,1.03214,1.03278,1763,2
2025-02-07T23:00:00Z,1.03280,1.03322,1.03251,1.03257,1005,2
2025-02-10T00:00:00Z,1.02865,1.03016,1.02827,1.02902,904,22
2025-02-10T01:00:00Z,1.02914,1.03137,1.02910,1.03098,1862,2
2025-02-10T02:00:00Z,1.03097,1.03186,1.03093,1.03103,1928,2
2025-02-10T03:00:00Z,1.03102,1.03146,1.03000,1.03032,2309,2
2025-02-10T04:00:00Z,1.03032,1.03069,1.02987,1.02997,1584,2
2025-02-10T05:00:00Z,1.02997,1.03118,1.02997,1.03117,1299,2
2025-02-10T06:00:00Z,1.03117,1.03159,1.03113,1.03132,1121,2
2025-02-10T07:00:00Z,1.03133,1.03217,1.03132,1.03162,1193,2
2025-02-10T08:00:00Z,1.03162,1.03200,1.03120,1.03190,1568,2
2025-02-10T09:00:00Z,1.03188,1.03256,1.03100,1.03128,2663,2
2025-02-10T10:00:00Z,1.03128,1.03228,1.03067,1.03223,3249,2
2025-02-10T11:00:00Z,1.03223,1.03348,1.03209,1.03269,2575,2
2025-02-10T12:00:00Z,1.03266,1.03337,1.03235,1.03300,1921,2
2025-02-10T13:00:00Z,1.03300,1.03365,1.03201,1.03207,2105,2
2025-02-10T14:00:00Z,1.03206,1.03221,1.03086,1.03137,2480,2
2025-02-10T15:00:00Z,1.03137,1.03264,1.03137,1.03216,2525,2
2025-02-10T16:00:00Z,1.03216,1.03236,1.03043,1.03112,3142,2
2025-02-10T17:00:00Z,1.03115,1.03199,1.03106,1.03152,2884,2
2025-02-10T18:00:00Z,1.03152,1.03181,1.03045,1.03116,2563,2
2025-02-10T19:00:00Z,1.03116,1.03148,1.03066,1.03124,1730,2
2025-02-10T20:00:00Z,1.03124,1.03160,1.03060,1.03072,1544,2
2025-02-10T21:00:00Z,1.03072,1.03110,1.03052,1.03069,1253,2
2025-02-10T22:00:00Z,1.03069,1.03084,1.03050,1.03069,1025,2
2025-02-10T23:00:00Z,1.03068,1.03084,1.03050,1.03061,499,2
2025-02-11T00:00:00Z,1.03072,1.03083,1.03031,1.03054,750,22
2025-02-11T01:00:00Z,1.03054,1.03076,1.02984,1.03006,1317,2
2025-02-11T02:00:00Z,1.03006,1.03068,1.02996,1.03047,1100,2
2025-02-11T03:00:00Z,1.03047,1.03047,1.03000,1.03021,1842,2
2025-02-11T04:00:00Z,1.03021,1.03030,1.02922,1.02931,1711,2
2025-02-11T05:00:00Z,1.02931,1.03007,1.02921,1.02982,1336,2
2025-02-11T06:00:00Z,1.02982,1.03043,1.02976,1.03042,1044,2
2025-02-11T07:00:00Z,1.03042,1.03059,1.03021,1.03047,997,2
2025-02-11T08:00:00Z,1.03047,1.03104,1.03041,1.03052,1635,2
2025-02-11T09:00:00Z,1.03052,1.03078,1.03009,1.03033,2137,2
2025-02-11T10:00:00Z,1.03033,1.03199,1.02999,1.03183,2508,2
2025-02-11T11:00:00Z,1.03183,1.03221,1.03126,1.03180,2372,2
2025-02-11T12:00:00Z,1.03181,1.03252,1.03145,1.03162,2023,2
2025-02-11T13:00:00Z,1.03162,1.03228,1.03159,1.03219,1556,2
2025-02-11T14:00:00Z,1.03219,1.03286,1.03208,1.03221,2087,2
2025-02-11T15:00:00Z,1.03222,1.03261,1.03166,1.03225,2591,2
2025-02-11T16:00:00Z,1.03222,1.03372,1.03218,1.03325,2720,2
2025-02-11T17:00:00Z,1.03336,1.03432,1.03281,1.03398,3420,2
2025-02-11T18:00:00Z,1.03398,1.03513,1.03390,1.03457,2855,2
2025-02-11T19:00:00Z,1.03456,1.03486,1.03435,1.03454,1875,2
2025-02-11T20:00:00Z,1.03454,1.03514,1.03446,1.03455,1472,2
2025-02-11T21:00:00Z,1.03455,1.03816,1.03420,1.03583,2366,2
2025-02-11T22:00:00Z,1.03582,1.03675,1.03578,1.03631,2053,2
2025-02-11T23:00:00Z,1.03631,1.03640,1.03586,1.03605,809,2
2025-02-12T00:00:00Z,1.03616,1.03633,1.03591,1.03618,339,22
2025-02-12T01:00:00Z,1.03618,1.03677,1.03613,1.03632,933,2
2025-02-12T02:00:00Z,1.03642,1.03643,1.03563,1.03574,1262,2
2025-02-12T03:00:00Z,1.03572,1.03641,1.03539,1.03605,1971,2
2025-02-12T04:00:00Z,1.03605,1.03679,1.03605,1.03625,1642,2
2025-02-12T05:00:00Z,1.03626,1.03655,1.03587,1.03620,1574,2
2025-02-12T06:00:00Z,1.03621,1.03636,1.03561,1.03562,1375,2
2025-02-12T07:00:00Z,1.03563,1.03593,1.03548,1.03585,1403,2
2025-02-12T08:00:00Z,1.03585,1.03602,1.03568,1.03590,1465,2
2025-02-12T09:00:00Z,1.03590,1.03793,1.03588,1.03754,2559,2
2025-02-12T10:00:00Z,1.03759,1.03799,1.03680,1.03712,2933,2
2025-02-12T11:00:00Z,1.03711,1.03740,1.03647,1.03737,2153,2
2025-02-12T12:00:00Z,1.03743,1.03773,1.03701,1.03755,2137,2
2025-02-12T13:00:00Z,1.03755,1.03857,1.03738,1.03752,2150,2
2025-02-12T14:00:00Z,1.03751,1.03787,1.03720,1.03729,2130,2
2025-02-12T15:00:00Z,1.03730,1.03760,1.03170,1.03331,5423,2
2025-02-12T16:00:00Z,1.03320,1.03537,1.03254,1.03502,4609,2
2025-02-12T17:00:00Z,1.03502,1.03828,1.03380,1.03745,5462,2
2025-02-12T18:00:00Z,1.03745,1.03958,1.03505,1.03915,4266,2
2025-02-12T19:00:00Z,1.03913,1.04274,1.03908,1.04261,4876,2
2025-02-12T20:00:00Z,1.04262,1.04298,1.03873,1.03894,3407,2
2025-02-12T21:00:00Z,1.03893,1.03934,1.03846,1.03910,2081,2
2025-02-12T22:00:00Z,1.03910,1.03975,1.03880,1.03917,1808,2
2025-02-12T23:00:00Z,1.03917,1.03921,1.03810,1.03819,1074,2
2025-02-13T00:00:00Z,1.03838,1.03853,1.03815,1.03832,621,22
2025-02-13T01:00:00Z,1.03836,1.03923,1.03836,1.03923,1112,2
2025-02-13T02:00:00Z,1.03923,1.04005,1.03881,1.03896,1466,2
2025-02-13T03:00:00Z,1.03895,1.04018,1.03872,1.03998,2439,2
2025-02-13T04:00:00Z,1.03998,1.04078,1.03965,1.04038,2062,2
2025-02-13T05:00:00Z,1.04040,1.04219,1.04034,1.04190,1882,2
2025-02-13T06:00:00Z,1.04190,1.04354,1.04186,1.04346,2172,2
2025-02-13T07:00:00Z,1.04347,1.04384,1.04305,1.04350,2093,2
2025-02-13T08:00:00Z,1.04350,1.04401,1.04286,1.04309,2476,2
2025-02-13T09:00:00Z,1.04309,1.04367,1.04224,1.04256,3325,2
2025-02-13T10:00:00Z,1.04258,1.04265,1.04105,1.04137,3591,2
2025-02-13T11:00:00Z,1.04138,1.04264,1.04110,1.04232,2818,2
2025-02-13T12:00:00Z,1.04232,1.04292,1.04135,1.04157,2445,2
2025-02-13T13:00:00Z,1.04157,1.04275,1.03926,1.04030,3256,2
2025-02-13T14:00:00Z,1.04030,1.04034,1.03858,1.03900,3200,2
2025-02-13T15:00:00Z,1.03899,1.04072,1.03750,1.03926,4761,2
2025-02-13T16:00:00Z,1.03926,1.04015,1.03820,1.03997,4052,2
2025-02-13T17:00:00Z,1.03997,1.04384,1.03997,1.04335,5894,2
2025-02-13T18:00:00Z,1.04333,1.04455,1.04243,1.04276,3276,2
2025-02-13T19:00:00Z,1.04273,1.04389,1.04251,1.04253,2561,2
2025-02-13T20:00:00Z,1.04254,1.04317,1.03732,1.04094,5247,2
2025-02-13T21:00:00Z,1.04095,1.04427,1.04086,1.04372,3630,2
2025-02-13T22:00:00Z,1.04372,1.04659,1.04355,1.04617,2195,2
2025-02-13T23:00:00Z,1.04621,1.04666,1.04570,1.04647,983,2
2025-02-14T00:00:00Z,1.04630,1.04682,1.04622,1.04659,616,22
2025-02-14T01:00:00Z,1.04674,1.04674,1.04560,1.04616,1456,2
2025-02-14T02:00:00Z,1.04616,1.04670,1.04577,1.04609,1919,2
2025-02-14T03:00:00Z,1.04609,1.04670,1.04582,1.04592,2478,2
2025-02-14T04:00:00Z,1.04591,1.04610,1.04552,1.04568,1750,2
2025-02-14T05:00:00Z,1.04568,1.04617,1.04539,1.04587,1570,2
2025-02-14T06:00:00Z,1.04587,1.04638,1.04547,1.04548,1178,2
2025-02-14T07:00:00Z,1.04548,1.04559,1.04473,1.04527,1523,2
2025-02-14T08:00:00Z,1.04527,1.04609,1.04519,1.04587,2122,2
2025-02-14T09:00:00Z,1.04587,1.04721,1.04585,1.04648,2862,2
2025-02-14T10:00:00Z,1.04652,1.04865,1.04636,1.04768,3524,2
2025-02-14T11:00:00Z,1.04768,1.04878,1.04760,1.04813,2773,2
2025-02-14T12:00:00Z,1.04813,1.04829,1.04646,1.04671,2377,2
2025-02-14T13:00:00Z,1.04671,1.04695,1.04629,1.04674,2091,2
2025-02-14T14:00:00Z,1.04674,1.04749,1.04570,1.04716,2411,2
2025-02-14T15:00:00Z,1.04718,1.04978,1.04711,1.04883,4319,2
2025-02-14T16:00:00Z,1.04883,1.05143,1.04873,1.05086,3936,2
2025-02-14T17:00:00Z,1.05087,1.05128,1.04910,1.05083,3975,2
2025-02-14T18:00:00Z,1.05083,1.05101,1.04969,1.04975,2778,2
2025-02-14T19:00:00Z,1.04975,1.05088,1.04940,1.05073,2046,2
2025-02-14T20:00:00Z,1.05073,1.05082,1.04996,1.05045,1637,2
2025-02-14T21:00:00Z,1.05045,1.05051,1.04949,1.04987,1635,2
2025-02-14T22:00:00Z,1.04985,1.04985,1.04912,1.04920,1521,2
2025-02-14T23:00:00Z,1.04922,1.04945,1.04883,1.04886,1069,2
2025-02-17T00:00:00Z,1.04846,1.04894,1.04846,1.04886,463,22
2025-02-17T01:00:00Z,1.04886,1.04944,1.04850,1.04886,1657,2
2025-02-17T02:00:00Z,1.04886,1.04934,1.04855,1.04924,1570,2
2025-02-17T03:00:00Z,1.04924,1.05065,1.04896,1.05054,2100,2
2025-02-17T04:00:00Z,1.05054,1.05055,1.04958,1.05012,1804,2
2025-02-17T05:00:00Z,1.05012,1.05036,1.04943,1.04948,1863,2
2025-02-17T06:00:00Z,1.04948,1.04973,1.04893,1.04955,1378,2
2025-02-17T07:00:00Z,1.04955,1.04982,1.04848,1.04898,2148,2
2025-02-17T08:00:00Z,1.04898,1.04934,1.04880,1.04917,1942,2
2025-02-17T09:00:00Z,1.04917,1.04955,1.04805,1.04827,2563,2
2025-02-17T10:00:00Z,1.04826,1.04850,1.04710,1.04744,3112,2
2025-02-17T11:00:00Z,1.04744,1.04814,1.04712,1.04743,2241,2
2025-02-17T12:00:00Z,1.04742,1.04893,1.04732,1.04889,1965,2
2025-02-17T13:00:00Z,1.04888,1.04892,1.04778,1.04819,1747,2
2025-02-17T14:00:00Z,1.04821,1.04850,1.04685,1.04722,2034,2
2025-02-17T15:00:00Z,1.04723,1.04765,1.04671,1.04744,1652,2
2025-02-17T16:00:00Z,1.04744,1.04794,1.04713,1.04784,1528,2
2025-02-17T17:00:00Z,1.04784,1.04842,1.04742,1.04798,1766,2
2025-02-17T18:00:00Z,1.04797,1.04833,1.04769,1.04787,1400,2
2025-02-17T19:00:00Z,1.04787,1.04846,1.04779,1.04826,934,2
2025-02-17T20:00:00Z,1.04825,1.04825,1.04792,1.04822,465,2
2025-02-17T21:00:00Z,1.04822,1.04838,1.04797,1.04816,612,2
2025-02-17T22:00:00Z,1.04816,1.04838,1.04808,1.04835,517,2
2025-02-17T23:00:00Z,1.04835,1.04850,1.04825,1.04842,429,2
2025-02-18T00:00:00Z,1.04752,1.04841,1.04749,1.04799,760,22
2025-02-18T01:00:00Z,1.04800,1.04858,1.04764,1.04849,947,2
2025-02-18T02:00:00Z,1.04849,1.04863,1.04727,1.04750,1596,2
2025-02-18T03:00:00Z,1.04750,1.04755,1.04627,1.04661,1995,2
2025-02-18T04:00:00Z,1.04662,1.04708,1.04656,1.04677,1687,2
2025-02-18T05:00:00Z,1.04677,1.04725,1.04619,1.04630,1967,2
2025-02-18T06:00:00Z,1.04629,1.04639,1.04553,1.04572,1427,2
2025-02-18T07:00:00Z,1.04572,1.04591,1.04522,1.04551,1652,2
2025-02-18T08:00:00Z,1.04551,1.04633,1.04546,1.04613,1806,2
2025-02-18T09:00:00Z,1.04613,1.04693,1.04586,1.04635,2468,2
2025-02-18T10:00:00Z,1.04636,1.04694,1.04547,1.04568,2823,2
2025-02-18T11:00:00Z,1.04568,1.04651,1.04556,1.04641,2295,2
2025-02-18T12:00:00Z,1.04646,1.04672,1.04589,1.04623,2102,2
2025-02-18T13:00:00Z,1.04624,1.04649,1.04612,1.04628,1565,2
2025-02-18T14:00:00Z,1.04629,1.04670,1.04530,1.04553,2073,2
2025-02-18T15:00:00Z,1.04552,1.04570,1.04417,1.04447,2653,2
2025-02-18T16:00:00Z,1.04447,1.04549,1.04417,1.04523,2774,2
2025-02-18T17:00:00Z,1.04525,1.04670,1.04517,1.04664,3141,2
2025-02-18T18:00:00Z,1.04663,1.04695,1.04539,1.04567,2379,2
2025-02-18T19:00:00Z,1.04567,1.04567,1.04391,1.04460,1891,2
2025-02-18T20:00:00Z,1.04459,1.04479,1.04350,1.04440,1629,2
2025-02-18T21:00:00Z,1.04440,1.04497,1.04406,1.04452,1244,2
2025-02-18T22:00:00Z,1.04450,1.04478,1.04413,1.04478,1258,2
2025-02-18T23:00:00Z,1.04478,1.04494,1.04445,1.04464,864,2
2025-02-19T00:00:00Z,1.04453,1.04508,1.04439,1.04502,918,14
2025-02-19T01:00:00Z,1.04504,1.04504,1.04451,1.04482,804,2
2025-02-19T02:00:00Z,1.04482,1.04492,1.04439,1.04457,1345,2
2025-02-19T03:00:00Z,1.04460,1.04480,1.04410,1.04466,2147,2
2025-02-19T04:00:00Z,1.04465,1.04522,1.04448,1.04519,1812,2
2025-02-19T05:00:00Z,1.04518,1.04522,1.04476,1.04513,1366,2
2025-02-19T06:00:00Z,1.04513,1.04532,1.04482,1.04523,1216,2
2025-02-19T07:00:00Z,1.04523,1.04564,1.04487,1.04564,1276,2
2025-02-19T08:00:00Z,1.04564,1.04614,1.04544,1.04551,1714,2
2025-02-19T09:00:00Z,1.04559,1.04593,1.04486,1.04512,2197,2
2025-02-19T10:00:00Z,1.04516,1.04562,1.04387,1.04405,2406,2
2025-02-19T11:00:00Z,1.04405,1.04437,1.04283,1.04289,2375,2
2025-02-19T12:00:00Z,1.04290,1.04297,1.04188,1.04240,2383,2
2025-02-19T13:00:00Z,1.04242,1.04333,1.04202,1.04247,2978,2
2025-02-19T14:00:00Z,1.04246,1.04319,1.04218,1.04281,2238,2
2025-02-19T15:00:00Z,1.04284,1.04354,1.04251,1.04341,2386,2
2025-02-19T16:00:00Z,1.04341,1.04378,1.04275,1.04337,2768,2
2025-02-19T17:00:00Z,1.04343,1.04413,1.04216,1.04241,3648,2
2025-02-19T18:00:00Z,1.04241,1.04250,1.04042,1.04046,2786,2
2025-02-19T19:00:00Z,1.04046,1.04133,1.04008,1.04098,1869,2
2025-02-19T20:00:00Z,1.04099,1.04218,1.04085,1.04196,1720,2
2025-02-19T21:00:00Z,1.04196,1.04325,1.04183,1.04258,2434,2
2025-02-19T22:00:00Z,1.04251,1.04265,1.04208,1.04254,1579,2
2025-02-19T23:00:00Z,1.04253,1.04263,1.04220,1.04240,633,2
2025-02-20T00:00:00Z,1.04211,1.04259,1.04202,1.04240,459,22
2025-02-20T01:00:00Z,1.04252,1.04257,1.04199,1.04207,938,2
2025-02-20T02:00:00Z,1.04207,1.04302,1.04197,1.04293,1868,2
2025-02-20T03:00:00Z,1.04293,1.04326,1.04187,1.04213,2321,2
2025-02-20T04:00:00Z,1.04213,1.04376,1.04202,1.04356,2693,2
2025-02-20T05:00:00Z,1.04357,1.04361,1.04267,1.04312,1834,2
2025-02-20T06:00:00Z,1.04312,1.04318,1.04241,1.04303,1403,2
2025-02-20T07:00:00Z,1.04303,1.04342,1.04270,1.04275,1452,2
2025-02-20T08:00:00Z,1.04275,1.04343,1.04244,1.04249,1821,2
2025-02-20T09:00:00Z,1.04252,1.04335,1.04235,1.04316,2282,2
2025-02-20T10:00:00Z,1.04315,1.04420,1.04294,1.04333,2734,2
2025-02-20T11:00:00Z,1.04332,1.04385,1.04287,1.04371,2149,2
2025-02-20T12:00:00Z,1.04369,1.04442,1.04342,1.04423,2023,2
2025-02-20T13:00:00Z,1.04423,1.04464,1.04308,1.04384,1913,2
2025-02-20T14:00:00Z,1.04384,1.04438,1.04333,1.04356,2702,2
2025-02-20T15:00:00Z,1.04356,1.04549,1.04348,1.04482,3126,2
2025-02-20T16:00:00Z,1.04482,1.04604,1.04421,1.04466,3679,2
2025-02-20T17:00:00Z,1.04466,1.04753,1.04419,1.04740,3941,2
2025-02-20T18:00:00Z,1.04740,1.04784,1.04642,1.04750,2666,2
2025-02-20T19:00:00Z,1.04749,1.04946,1.04711,1.04893,2419,2
2025-02-20T20:00:00Z,1.04886,1.04986,1.04854,1.04980,1877,2
2025-02-20T21:00:00Z,1.04982,1.05034,1.04891,1.05016,1818,2
2025-02-20T22:00:00Z,1.05017,1.05032,1.04954,1.05028,1265,2
2025-02-20T23:00:00Z,1.05026,1.05034,1.05004,1.05006,587,2
2025-02-21T00:00:00Z,1.04953,1.04982,1.04953,1.04973,561,22
2025-02-21T01:00:00Z,1.04981,1.05058,1.04974,1.05005,1256,2
2025-02-21T02:00:00Z,1.05005,1.05005,1.04892,1.04901,1748,2
2025-02-21T03:00:00Z,1.04901,1.04933,1.04844,1.04868,2213,2
2025-02-21T04:00:00Z,1.04868,1.05031,1.04864,1.05026,2376,2
2025-02-21T05:00:00Z,1.05026,1.05046,1.04993,1.05026,1840,2
2025-02-21T06:00:00Z,1.05025,1.05049,1.04974,1.04990,1092,2
2025-02-21T07:00:00Z,1.04990,1.05007,1.04915,1.04928,1699,2
2025-02-21T08:00:00Z,1.04928,1.04941,1.04880,1.04885,2002,2
2025-02-21T09:00:00Z,1.04891,1.04998,1.04891,1.04920,2362,2
2025-02-21T10:00:00Z,1.04921,1.04941,1.04680,1.04766,3556,2
2025-02-21T11:00:00Z,1.04768,1.04811,1.04667,1.04691,2753,2
2025-02-21T12:00:00Z,1.04692,1.04721,1.04646,1.04651,2139,2
2025-02-21T13:00:00Z,1.04651,1.04740,1.04631,1.04692,1825,2
2025-02-21T14:00:00Z,1.04692,1.04709,1.04594,1.04618,1865,2
2025-02-21T15:00:00Z,1.04618,1.04779,1.04614,1.04752,2308,2
2025-02-21T16:00:00Z,1.04752,1.04927,1.04702,1.04811,3672,2
2025-02-21T17:00:00Z,1.04802,1.04861,1.04525,1.04541,4154,2
2025-02-21T18:00:00Z,1.04541,1.04579,1.04493,1.04547,2461,2
2025-02-21T19:00:00Z,1.04547,1.04643,1.04520,1.04631,2160,2
2025-02-21T20:00:00Z,1.04631,1.04679,1.04508,1.04598,2921,2
2025-02-21T21:00:00Z,1.04596,1.04666,1.04573,1.04625,2197,2
2025-02-21T22:00:00Z,1.04616,1.04646,1.04576,1.04607,1869,2
2025-02-21T23:00:00Z,1.04607,1.04620,1.04584,1.04591,937,2
2025-02-24T00:00:00Z,1.04674,1.04803,1.04609,1.04745,1074,22
2025-02-24T01:00:00Z,1.04746,1.04848,1.04713,1.04739,1702,2
2025-02-24T02:00:00Z,1.04739,1.05075,1.04719,1.05043,2754,2
2025-02-24T03:00:00Z,1.05044,1.05209,1.05022,1.05180,3514,2
2025-02-24T04:00:00Z,1.05179,1.05283,1.05157,1.05228,3104,2
2025-02-24T05:00:00Z,1.05228,1.05258,1.05163,1.05195,2103,2
2025-02-24T06:00:00Z,1.05195,1.05207,1.05112,1.05156,1544,2
2025-02-24T07:00:00Z,1.05157,1.05197,1.05101,1.05165,2119,2
2025-02-24T08:00:00Z,1.05165,1.05165,1.05012,1.05089,1994,2
2025-02-24T09:00:00Z,1.05089,1.05150,1.04867,1.04911,3462,2
2025-02-24T10:00:00Z,1.04917,1.04922,1.04697,1.04801,3588,2
2025-02-24T11:00:00Z,1.04797,1.04849,1.04689,1.04721,3047,2
2025-02-24T12:00:00Z,1.04720,1.04807,1.04669,1.04802,2463,2
2025-02-24T13:00:00Z,1.04802,1.04813,1.04639,1.04684,1934,2
2025-02-24T14:00:00Z,1.04684,1.04726,1.04601,1.04689,1981,2
2025-02-24T15:00:00Z,1.04691,1.04757,1.04648,1.04669,2377,2
2025-02-24T16:00:00Z,1.04669,1.04698,1.04528,1.04605,3171,2
2025-02-24T17:00:00Z,1.04606,1.04706,1.04601,1.04691,3673,2
2025-02-24T18:00:00Z,1.04691,1.04802,1.04656,1.04778,2600,2
2025-02-24T19:00:00Z,1.04778,1.04838,1.04681,1.04724,2622,2
2025-02-24T20:00:00Z,1.04724,1.04858,1.04707,1.04806,2066,2
2025-02-24T21:00:00Z,1.04806,1.04843,1.04728,1.04753,2219,2
2025-02-24T22:00:00Z,1.04754,1.04794,1.04646,1.04650,2575,2
2025-02-24T23:00:00Z,1.04650,1.04671,1.04618,1.04668,907,2
2025-02-25T00:00:00Z,1.04662,1.04694,1.04658,1.04682,483,22
2025-02-25T01:00:00Z,1.04688,1.04688,1.04604,1.04614,1125,2
2025-02-25T02:00:00Z,1.04615,1.04642,1.04599,1.04634,1537,2
2025-02-25T03:00:00Z,1.04637,1.04657,1.04607,1.04651,1972,2
2025-02-25T04:00:00Z,1.04652,1.04750,1.04651,1.04744,2119,2
2025-02-25T05:00:00Z,1.04744,1.04764,1.04714,1.04732,1783,2
2025-02-25T06:00:00Z,1.04732,1.04773,1.04725,1.04730,1335,2
2025-02-25T07:00:00Z,1.04730,1.04782,1.04722,1.04769,1350,2
2025-02-25T08:00:00Z,1.04769,1.04801,1.04727,1.04770,1713,2
2025-02-25T09:00:00Z,1.04770,1.04777,1.04635,1.04643,3061,2
2025-02-25T10:00:00Z,1.04641,1.04786,1.04563,1.04702,3353,2
2025-02-25T11:00:00Z,1.04702,1.04787,1.04685,1.04731,2697,2
2025-02-25T12:00:00Z,1.04731,1.04741,1.04652,1.04728,2245,2
2025-02-25T13:00:00Z,1.04728,1.04897,1.04715,1.04894,2238,2
2025-02-25T14:00:00Z,1.04894,1.05003,1.04884,1.04937,2699,2
2025-02-25T15:00:00Z,1.04938,1.05097,1.04935,1.05000,2863,2
2025-02-25T16:00:00Z,1.05003,1.05051,1.04918,1.05025,3190,2
2025-02-25T17:00:00Z,1.05026,1.05194,1.04950,1.04984,4468,2
2025-02-25T18:00:00Z,1.04985,1.05061,1.04948,1.04977,3487,2
2025-02-25T19:00:00Z,1.04977,1.05024,1.04839,1.05023,2595,2
2025-02-25T20:00:00Z,1.05023,1.05183,1.05022,1.05085,2381,2
2025-02-25T21:00:00Z,1.05084,1.05127,1.05045,1.05106,2179,2
2025-02-25T22:00:00Z,1.05105,1.05191,1.05092,1.05163,2094,2
2025-02-25T23:00:00Z,1.05159,1.05176,1.05129,1.05143,1035,2
2025-02-26T00:00:00Z,1.05132,1.05138,1.05113,1.05131,506,22
2025-02-26T01:00:00Z,1.05134,1.05229,1.05116,1.05204,1215,2
2025-02-26T02:00:00Z,1.05204,1.05250,1.05198,1.05227,1609,2
2025-02-26T03:00:00Z,1.05228,1.05237,1.05139,1.05153,2059,2
2025-02-26T04:00:00Z,1.05153,1.05170,1.05043,1.05064,1940,2
2025-02-26T05:00:00Z,1.05064,1.05087,1.05012,1.05044,1549,2
2025-02-26T06:00:00Z,1.05043,1.05054,1.04967,1.04971,1108,2
2025-02-26T07:00:00Z,1.04971,1.04980,1.04904,1.04915,1686,2
2025-02-26T08:00:00Z,1.04915,1.04963,1.04873,1.04945,1732,2
2025-02-26T09:00:00Z,1.04946,1.05014,1.04926,1.04938,2667,2
2025-02-26T10:00:00Z,1.04934,1.05116,1.04916,1.05026,3134,2
2025-02-26T11:00:00Z,1.05026,1.05032,1.04949,1.04971,2529,2
2025-02-26T12:00:00Z,1.04970,1.05008,1.04911,1.04977,2383,2
2025-02-26T13:00:00Z,1.04977,1.05020,1.04865,1.04915,1958,2
2025-02-26T14:00:00Z,1.04915,1.04949,1.04749,1.04767,2364,2
2025-02-26T15:00:00Z,1.04767,1.04946,1.04765,1.04840,2857,2
2025-02-26T16:00:00Z,1.04841,1.04926,1.04822,1.04897,3562,2
2025-02-26T17:00:00Z,1.04897,1.05090,1.04794,1.05058,4243,2
2025-02-26T18:00:00Z,1.05062,1.05156,1.05018,1.05136,3187,2
2025-02-26T19:00:00Z,1.05134,1.05288,1.04828,1.04923,5093,2
2025-02-26T20:00:00Z,1.04922,1.05003,1.04848,1.04880,3456,2
2025-02-26T21:00:00Z,1.04881,1.04933,1.04819,1.04910,2595,2
2025-02-26T22:00:00Z,1.04909,1.04909,1.04806,1.04861,1792,2
2025-02-26T23:00:00Z,1.04860,1.04878,1.04785,1.04828,1120,2
2025-02-27T00:00:00Z,1.04816,1.04876,1.04816,1.04868,308,22
2025-02-27T01:00:00Z,1.04876,1.04926,1.04863,1.04879,796,2
2025-02-27T02:00:00Z,1.04879,1.04879,1.04767,1.04772,1509,2
2025-02-27T03:00:00Z,1.04772,1.04833,1.04728,1.04783,1915,2
2025-02-27T04:00:00Z,1.04783,1.04805,1.04702,1.04708,1833,2
2025-02-27T05:00:00Z,1.04711,1.04743,1.04646,1.04655,1507,2
2025-02-27T06:00:00Z,1.04655,1.04694,1.04589,1.04629,1690,2
2025-02-27T07:00:00Z,1.04630,1.04654,1.04615,1.04650,1561,2
2025-02-27T08:00:00Z,1.04650,1.04729,1.04639,1.04717,1865,2
2025-02-27T09:00:00Z,1.04715,1.04800,1.04684,1.04752,2166,2
2025-02-27T10:00:00Z,1.04752,1.04802,1.04702,1.04784,2773,2
2025-02-27T11:00:00Z,1.04785,1.04851,1.04750,1.04841,2249,2
2025-02-27T12:00:00Z,1.04841,1.04842,1.04738,1.04814,2057,2
2025-02-27T13:00:00Z,1.04816,1.04872,1.04757,1.04757,1931,2
2025-02-27T14:00:00Z,1.04758,1.04839,1.04730,1.04766,2606,2
2025-02-27T15:00:00Z,1.04764,1.04896,1.04193,1.04235,5327,2
2025-02-27T16:00:00Z,1.04232,1.04416,1.04138,1.04202,5186,2
2025-02-27T17:00:00Z,1.04203,1.04277,1.04095,1.04149,4551,2
2025-02-27T18:00:00Z,1.04152,1.04160,1.04033,1.04136,3259,2
2025-02-27T19:00:00Z,1.04137,1.04180,1.04004,1.04073,2583,2
2025-02-27T20:00:00Z,1.04075,1.04175,1.04075,1.04171,2136,2
2025-02-27T21:00:00Z,1.04171,1.04177,1.04033,1.04044,2240,2
2025-02-27T22:00:00Z,1.04044,1.04082,1.04014,1.04054,2006,2
2025-02-27T23:00:00Z,1.04051,1.04054,1.03966,1.03968,1113,2
2025-02-28T00:00:00Z,1.03977,1.03981,1.03883,1.03939,489,22
2025-02-28T01:00:00Z,1.03939,1.04006,1.03923,1.03937,1220,2
2025-02-28T02:00:00Z,1.03937,1.04028,1.03937,1.04023,1843,2
2025-02-28T03:00:00Z,1.04023,1.04041,1.03844,1.03849,2601,2
2025-02-28T04:00:00Z,1.03847,1.03915,1.03806,1.03823,2400,2
2025-02-28T05:00:00Z,1.03824,1.03894,1.03812,1.03883,1948,2
2025-02-28T06:00:00Z,1.03883,1.03908,1.03860,1.03865,1494,2
2025-02-28T07:00:00Z,1.03865,1.03900,1.03842,1.03888,1528,2
2025-02-28T08:00:00Z,1.03886,1.03891,1.03824,1.03878,2057,2
2025-02-28T09:00:00Z,1.03878,1.04006,1.03855,1.03961,2686,2
2025-02-28T10:00:00Z,1.03961,1.04043,1.03951,1.04011,2626,2
2025-02-28T11:00:00Z,1.04010,1.04079,1.03944,1.03952,2492,2
2025-02-28T12:00:00Z,1.03952,1.04058,1.03923,1.03992,1883,2
2025-02-28T13:00:00Z,1.03995,1.04011,1.03934,1.03987,1690,2
2025-02-28T14:00:00Z,1.03985,1.04079,1.03979,1.04069,2201,2
2025-02-28T15:00:00Z,1.04070,1.04161,1.04052,1.04068,3404,2
2025-02-28T16:00:00Z,1.04068,1.04141,1.04009,1.04099,3325,2
2025-02-28T17:00:00Z,1.04100,1.04198,1.03932,1.03998,4177,2
2025-02-28T18:00:00Z,1.03998,1.04115,1.03981,1.04016,4179,2
2025-02-28T19:00:00Z,1.04016,1.04100,1.03900,1.03965,3449,2
2025-02-28T20:00:00Z,1.03963,1.03981,1.03625,1.03635,4779,2
2025-02-28T21:00:00Z,1.03634,1.03737,1.03598,1.03677,2991,2
2025-02-28T22:00:00Z,1.03676,1.03770,1.03621,1.03746,2940,2
2025-02-28T23:00:00Z,1.03749,1.03768,1.03684,1.03754,1272,3
2025-03-03T00:00:00Z,1.04039,1.04040,1.03985,1.04027,613,23
2025-03-03T01:00:00Z,1.04032,1.04209,1.03997,1.04121,2288,2
2025-03-03T02:00:00Z,1.04120,1.04199,1.04022,1.04093,2510,2
2025-03-03T03:00:00Z,1.04094,1.04233,1.04073,1.04197,2828,2
2025-03-03T04:00:00Z,1.04197,1.04232,1.04148,1.04199,2005,2
2025-03-03T05:00:00Z,1.04199,1.04199,1.04098,1.04170,2014,2
2025-03-03T06:00:00Z,1.04170,1.04204,1.04165,1.04178,1201,2
2025-03-03T07:00:00Z,1.04178,1.04194,1.04124,1.04142,1504,2
2025-03-03T08:00:00Z,1.04142,1.04162,1.04067,1.04083,2072,2
2025-03-03T09:00:00Z,1.04077,1.04101,1.04018,1.04055,2645,2
2025-03-03T10:00:00Z,1.04055,1.04065,1.03885,1.04011,3047,2
2025-03-03T11:00:00Z,1.04021,1.04290,1.04013,1.04273,2417,2
2025-03-03T12:00:00Z,1.04276,1.04447,1.04272,1.04419,3399,2
2025-03-03T13:00:00Z,1.04420,1.04578,1.04405,1.04525,2893,2
2025-03-03T14:00:00Z,1.04525,1.04762,1.04524,1.04703,3607,2
2025-03-03T15:00:00Z,1.04703,1.04763,1.04594,1.04719,2949,2
2025-03-03T16:00:00Z,1.04719,1.04907,1.04687,1.04810,3746,2
2025-03-03T17:00:00Z,1.04804,1.05036,1.04772,1.04845,5125,2
2025-03-03T18:00:00Z,1.04840,1.05014,1.04840,1.04960,3066,2
2025-03-03T19:00:00Z,1.04952,1.04968,1.04866,1.04903,2348,2
2025-03-03T20:00:00Z,1.04903,1.05036,1.04827,1.04870,2798,2
2025-03-03T21:00:00Z,1.04870,1.04935,1.04722,1.04728,2863,3
2025-03-03T22:00:00Z,1.04726,1.04850,1.04666,1.04822,5052,2
2025-03-03T23:00:00Z,1.04821,1.04924,1.04803,1.04854,1413,2
2025-03-04T00:00:00Z,1.04869,1.04880,1.04818,1.04867,484,23
2025-03-04T01:00:00Z,1.04876,1.04924,1.04764,1.04855,1673,2
2025-03-04T02:00:00Z,1.04855,1.04887,1.04767,1.04879,2651,2
2025-03-04T03:00:00Z,1.04879,1.04960,1.04824,1.04882,3387,2
2025-03-04T04:00:00Z,1.04882,1.04899,1.04801,1.04807,2282,2
2025-03-04T05:00:00Z,1.04807,1.04838,1.04748,1.04772,2087,2
2025-03-04T06:00:00Z,1.04772,1.04805,1.04712,1.04780,1849,2
2025-03-04T07:00:00Z,1.04777,1.04862,1.04709,1.04835,2704,2
2025-03-04T08:00:00Z,1.04836,1.04896,1.04789,1.04859,2148,2
2025-03-04T09:00:00Z,1.04866,1.05005,1.04808,1.04929,3682,2
2025-03-04T10:00:00Z,1.04927,1.05240,1.04861,1.05188,4691,2
2025-03-04T11:00:00Z,1.05186,1.05272,1.05094,1.05121,3333,2
2025-03-04T12:00:00Z,1.05120,1.05195,1.05024,1.05114,3147,2
2025-03-04T13:00:00Z,1.05114,1.05444,1.05096,1.05441,3032,2
2025-03-04T14:00:00Z,1.05441,1.05566,1.05361,1.05529,3729,2
2025-03-04T15:00:00Z,1.05529,1.05595,1.05306,1.05390,4426,2
2025-03-04T16:00:00Z,1.05390,1.05485,1.05205,1.05213,4998,2
2025-03-04T17:00:00Z,1.05213,1.05280,1.04964,1.05264,4928,2
2025-03-04T18:00:00Z,1.05261,1.05395,1.05152,1.05335,4344,2
2025-03-04T19:00:00Z,1.05337,1.05439,1.05305,1.05417,4056,2
2025-03-04T20:00:00Z,1.05417,1.05912,1.05377,1.05906,4803,2
2025-03-04T21:00:00Z,1.05905,1.06018,1.05865,1.06007,3339,2
2025-03-04T22:00:00Z,1.06007,1.06237,1.06006,1.06084,3753,2
2025-03-04T23:00:00Z,1.06091,1.06268,1.06079,1.06234,2789,3
2025-03-05T00:00:00Z,1.06188,1.06246,1.06164,1.06190,765,23
2025-03-05T01:00:00Z,1.06190,1.06370,1.06190,1.06231,1747,2
2025-03-05T02:00:00Z,1.06231,1.06271,1.06107,1.06210,2593,2
2025-03-05T03:00:00Z,1.06207,1.06274,1.06086,1.06126,3962,2
2025-03-05T04:00:00Z,1.06127,1.06154,1.06038,1.06041,3004,2
2025-03-05T05:00:00Z,1.06038,1.06204,1.06019,1.06181,2943,2
2025-03-05T06:00:00Z,1.06182,1.06257,1.06153,1.06187,1947,2
2025-03-05T07:00:00Z,1.06189,1.06323,1.06187,1.06315,1761,2
2025-03-05T08:00:00Z,1.06315,1.06390,1.06241,1.06323,2710,2
2025-03-05T09:00:00Z,1.06322,1.06764,1.06296,1.06746,4821,2
2025-03-05T10:00:00Z,1.06740,1.06997,1.06586,1.06980,5070,2
2025-03-05T11:00:00Z,1.06980,1.07220,1.06956,1.07117,4583,2
2025-03-05T12:00:00Z,1.07118,1.07152,1.06835,1.06970,3528,2
2025-03-05T13:00:00Z,1.06970,1.06984,1.06764,1.06786,2888,2
2025-03-05T14:00:00Z,1.06786,1.07140,1.06786,1.06956,3803,2
2025-03-05T15:00:00Z,1.06962,1.07224,1.06868,1.07156,5668,2
2025-03-05T16:00:00Z,1.07156,1.07767,1.07137,1.07683,6083,2
2025-03-05T17:00:00Z,1.07578,1.07708,1.07410,1.07651,6394,2
2025-03-05T18:00:00Z,1.07652,1.07867,1.07611,1.07670,5426,2
2025-03-05T19:00:00Z,1.07668,1.07878,1.07623,1.07850,4679,2
2025-03-05T20:00:00Z,1.07851,1.07881,1.07636,1.07737,4437,2
2025-03-05T21:00:00Z,1.07737,1.07907,1.07698,1.07900,2987,2
2025-03-05T22:00:00Z,1.07900,1.07966,1.07877,1.07921,2196,2
2025-03-05T23:00:00Z,1.07921,1.07925,1.07855,1.07897,1207,3
2025-03-06T00:00:00Z,1.07895,1.07921,1.07879,1.07898,388,23
2025-03-06T01:00:00Z,1.07910,1.07950,1.07871,1.07941,1238,2
2025-03-06T02:00:00Z,1.07940,1.08027,1.07871,1.07944,2228,2
2025-03-06T03:00:00Z,1.07944,1.08201,1.07895,1.08151,2911,2
2025-03-06T04:00:00Z,1.08151,1.08191,1.07977,1.08050,2863,2
2025-03-06T05:00:00Z,1.08050,1.08052,1.07880,1.07894,2316,2
2025-03-06T06:00:00Z,1.07896,1.08044,1.07841,1.08034,1812,2
2025-03-06T07:00:00Z,1.08036,1.08116,1.08000,1.08103,2100,2
2025-03-06T08:00:00Z,1.08104,1.08199,1.07990,1.08027,2849,2
2025-03-06T09:00:00Z,1.08027,1.08222,1.07919,1.07991,4905,2
2025-03-06T10:00:00Z,1.07991,1.08169,1.07930,1.08010,5874,2
2025-03-06T11:00:00Z,1.08010,1.08068,1.07805,1.07998,4715,2
2025-03-06T12:00:00Z,1.07998,1.08031,1.07829,1.07917,3616,2
2025-03-06T13:00:00Z,1.07914,1.08008,1.07835,1.07990,2979,2
2025-03-06T14:00:00Z,1.07991,1.08068,1.07880,1.07999,3059,2
2025-03-06T15:00:00Z,1.07999,1.08450,1.07884,1.08260,5852,2
2025-03-06T16:00:00Z,1.08261,1.08408,1.08113,1.08371,6961,2
2025-03-06T17:00:00Z,1.08371,1.08539,1.08113,1.08171,6039,2
2025-03-06T18:00:00Z,1.08171,1.08374,1.08152,1.08174,5298,2
2025-03-06T19:00:00Z,1.08174,1.08221,1.07915,1.07970,4464,2
2025-03-06T20:00:00Z,1.07970,1.08017,1.07655,1.07837,3557,2
2025-03-06T21:00:00Z,1.07837,1.08114,1.07828,1.08016,3170,2
2025-03-06T22:00:00Z,1.08016,1.08033,1.07854,1.07864,2602,2
2025-03-06T23:00:00Z,1.07864,1.07902,1.07749,1.07846,1329,3
2025-03-07T00:00:00Z,1.07825,1.07905,1.07784,1.07876,841,23
2025-03-07T01:00:00Z,1.07894,1.07962,1.07845,1.07872,1298,2
2025-03-07T02:00:00Z,1.07872,1.07952,1.07869,1.07874,1874,2
2025-03-07T03:00:00Z,1.07877,1.07928,1.07811,1.07900,2582,2
2025-03-07T04:00:00Z,1.07900,1.07992,1.07845,1.07992,2341,2
2025-03-07T05:00:00Z,1.07992,1.08146,1.07964,1.08056,1957,2
2025-03-07T06:00:00Z,1.08055,1.08132,1.08029,1.08130,1414,2
2025-03-07T07:00:00Z,1.08130,1.08176,1.08075,1.08132,1631,2
2025-03-07T08:00:00Z,1.08132,1.08250,1.08079,1.08234,2431,2
2025-03-07T09:00:00Z,1.08233,1.08407,1.08199,1.08297,3423,2
2025-03-07T10:00:00Z,1.08298,1.08552,1.08261,1.08507,3783,2
2025-03-07T11:00:00Z,1.08507,1.08712,1.08445,1.08613,3621,2
2025-03-07T12:00:00Z,1.08612,1.08670,1.08573,1.08607,3131,2
2025-03-07T13:00:00Z,1.08592,1.08593,1.08445,1.08494,2922,2
2025-03-07T14:00:00Z,1.08488,1.08570,1.08411,1.08543,3488,2
2025-03-07T15:00:00Z,1.08544,1.08888,1.08430,1.08449,6411,2
2025-03-07T16:00:00Z,1.08449,1.08819,1.08442,1.08536,6443,2
2025-03-07T17:00:00Z,1.08535,1.08861,1.08354,1.08698,5826,2
2025-03-07T18:00:00Z,1.08700,1.08726,1.08373,1.08587,4139,2
2025-03-07T19:00:00Z,1.08587,1.08642,1.08318,1.08432,4543,2
2025-03-07T20:00:00Z,1.08432,1.08443,1.08257,1.08399,3015,2
2025-03-07T21:00:00Z,1.08399,1.08441,1.08332,1.08425,2525,2
2025-03-07T22:00:00Z,1.08425,1.08490,1.08399,1.08472,2101,2
2025-03-07T23:00:00Z,1.08471,1.08511,1.08346,1.08357,1038,3
2025-03-10T00:00:00Z,1.08284,1.08395,1.08284,1.08395,326,6
2025-03-10T01:00:00Z,1.08395,1.08596,1.08390,1.08495,1873,2
2025-03-10T02:00:00Z,1.08495,1.08655,1.08484,1.08602,1770,2
2025-03-10T03:00:00Z,1.08602,1.08673,1.08528,1.08643,2230,2
2025-03-10T04:00:00Z,1.08643,1.08713,1.08526,1.08529,2809,2
2025-03-10T05:00:00Z,1.08529,1.08559,1.08358,1.08369,2419,2
2025-03-10T06:00:00Z,1.08369,1.08386,1.08301,1.08316,2044,2
2025-03-10T07:00:00Z,1.08316,1.08378,1.08303,1.08307,1422,2
2025-03-10T08:00:00Z,1.08307,1.08358,1.08278,1.08350,1897,2
2025-03-10T09:00:00Z,1.08350,1.08449,1.08345,1.08373,2470,2
2025-03-10T10:00:00Z,1.08376,1.08441,1.08108,1.08223,3542,2
2025-03-10T11:00:00Z,1.08232,1.08245,1.08050,1.08099,4698,2
2025-03-10T12:00:00Z,1.08099,1.08566,1.08087,1.08511,4123,2
2025-03-10T13:00:00Z,1.08511,1.08745,1.08506,1.08611,3773,2
2025-03-10T14:00:00Z,1.08610,1.08645,1.08125,1.08507,4509,2
2025-03-10T15:00:00Z,1.08507,1.08600,1.08421,1.08440,3744,2
2025-03-10T16:00:00Z,1.08440,1.08507,1.08332,1.08351,3565,2
2025-03-10T17:00:00Z,1.08351,1.08467,1.08314,1.08452,4225,2
2025-03-10T18:00:00Z,1.08453,1.08481,1.08208,1.08372,4216,2
2025-03-10T19:00:00Z,1.08370,1.08420,1.08280,1.08303,3271,2
2025-03-10T20:00:00Z,1.08302,1.08457,1.08257,1.08298,2961,2
2025-03-10T21:00:00Z,1.08298,1.08349,1.08177,1.08296,2739,2
2025-03-10T22:00:00Z,1.08296,1.08325,1.08175,1.08317,2433,2
2025-03-10T23:00:00Z,1.08318,1.08351,1.08256,1.08310,1143,2
2025-03-11T00:00:00Z,1.08326,1.08355,1.08313,1.08343,289,5
2025-03-11T01:00:00Z,1.08343,1.08416,1.08331,1.08349,894,2
2025-03-11T02:00:00Z,1.08349,1.08436,1.08349,1.08392,1507,2
2025-03-11T03:00:00Z,1.08393,1.08535,1.08390,1.08516,2539,2
2025-03-11T04:00:00Z,1.08516,1.08587,1.08436,1.08581,3103,2
2025-03-11T05:00:00Z,1.08581,1.08605,1.08501,1.08559,2764,2
2025-03-11T06:00:00Z,1.08559,1.08598,1.08488,1.08545,2147,2
2025-03-11T07:00:00Z,1.08545,1.08616,1.08505,1.08545,1576,2
2025-03-11T08:00:00Z,1.08545,1.08558,1.08356,1.08384,2204,2
2025-03-11T09:00:00Z,1.08384,1.08757,1.08367,1.08565,3326,2
2025-03-11T10:00:00Z,1.08560,1.09015,1.08553,1.08906,4537,2
2025-03-11T11:00:00Z,1.08906,1.09191,1.08850,1.09172,4568,2
2025-03-11T12:00:00Z,1.09172,1.09210,1.08961,1.09088,3553,2
2025-03-11T13:00:00Z,1.09084,1.09084,1.08824,1.08905,2914,2
2025-03-11T14:00:00Z,1.08905,1.09047,1.08811,1.09046,2653,2
2025-03-11T15:00:00Z,1.09046,1.09206,1.09026,1.09180,3571,2
2025-03-11T16:00:00Z,1.09179,1.09306,1.09115,1.09198,3934,2
2025-03-11T17:00:00Z,1.09195,1.09202,1.08949,1.09190,5879,2
2025-03-11T18:00:00Z,1.09193,1.09286,1.09122,1.09272,4383,2
2025-03-11T19:00:00Z,1.09272,1.09292,1.09178,1.09250,3204,2
2025-03-11T20:00:00Z,1.09250,1.09349,1.09238,1.09340,2743,2
2025-03-11T21:00:00Z,1.09342,1.09472,1.09251,1.09308,4167,2
2025-03-11T22:00:00Z,1.09308,1.09338,1.09196,1.09198,2822,2
2025-03-11T23:00:00Z,1.09198,1.09208,1.09100,1.09177,1020,3
2025-03-12T00:00:00Z,1.09183,1.09185,1.09073,1.09100,544,23
2025-03-12T01:00:00Z,1.09114,1.09187,1.09108,1.09157,862,2
2025-03-12T02:00:00Z,1.09157,1.09177,1.09130,1.09139,829,2
2025-03-12T03:00:00Z,1.09139,1.09156,1.09054,1.09088,1854,2
2025-03-12T04:00:00Z,1.09090,1.09152,1.09059,1.09064,2366,2
2025-03-12T05:00:00Z,1.09064,1.09115,1.09032,1.09036,2104,2
2025-03-12T06:00:00Z,1.09036,1.09046,1.08959,1.08971,1524,2
2025-03-12T07:00:00Z,1.08971,1.09026,1.08957,1.08988,1444,2
2025-03-12T08:00:00Z,1.08988,1.09042,1.08950,1.09035,1856,2
2025-03-12T09:00:00Z,1.09035,1.09088,1.08918,1.08922,2199,2
2025-03-12T10:00:00Z,1.08921,1.09030,1.08873,1.09016,3472,2
2025-03-12T11:00:00Z,1.09015,1.09215,1.08978,1.09213,4423,2
2025-03-12T12:00:00Z,1.09213,1.09260,1.09135,1.09144,3789,2
2025-03-12T13:00:00Z,1.09142,1.09209,1.09045,1.09062,2752,2
2025-03-12T14:00:00Z,1.09061,1.09127,1.08993,1.09007,2940,2
2025-03-12T15:00:00Z,1.09006,1.09315,1.08761,1.08780,5775,2
2025-03-12T16:00:00Z,1.08782,1.08963,1.08756,1.08821,5673,2
2025-03-12T17:00:00Z,1.08819,1.09134,1.08812,1.09128,4509,2
2025-03-12T18:00:00Z,1.09127,1.09242,1.09099,1.09242,3965,2
2025-03-12T19:00:00Z,1.09242,1.09279,1.09056,1.09057,3288,2
2025-03-12T20:00:00Z,1.09056,1.09141,1.09032,1.09068,2799,2
2025-03-12T21:00:00Z,1.09067,1.09095,1.08797,1.08845,2523,2
2025-03-12T22:00:00Z,1.08845,1.08974,1.08829,1.08902,2243,2
2025-03-12T23:00:00Z,1.08902,1.08934,1.08868,1.08869,1107,3
2025-03-13T00:00:00Z,1.08883,1.08889,1.08853,1.08859,230,23
2025-03-13T01:00:00Z,1.08870,1.08898,1.08870,1.08889,735,2
2025-03-13T02:00:00Z,1.08889,1.08897,1.08833,1.08852,815,2
2025-03-13T03:00:00Z,1.08852,1.08917,1.08825,1.08913,1430,2
2025-03-13T04:00:00Z,1.08915,1.08933,1.08863,1.08890,2176,2
2025-03-13T05:00:00Z,1.08890,1.08972,1.08887,1.08955,1749,2
2025-03-13T06:00:00Z,1.08954,1.08955,1.08849,1.08850,1418,2
2025-03-13T07:00:00Z,1.08849,1.08934,1.08817,1.08932,1312,2
2025-03-13T08:00:00Z,1.08932,1.08933,1.08791,1.08852,1850,2
2025-03-13T09:00:00Z,1.08852,1.08856,1.08692,1.08745,2323,2
2025-03-13T10:00:00Z,1.08744,1.08850,1.08596,1.08653,3322,2
2025-03-13T11:00:00Z,1.08654,1.08835,1.08589,1.08732,4340,2
2025-03-13T12:00:00Z,1.08729,1.08853,1.08688,1.08792,3158,2
2025-03-13T13:00:00Z,1.08795,1.08827,1.08626,1.08700,2749,2
2025-03-13T14:00:00Z,1.08700,1.08750,1.08450,1.08561,3552,2
2025-03-13T15:00:00Z,1.08561,1.08774,1.08263,1.08347,5364,2
2025-03-13T16:00:00Z,1.08348,1.08530,1.08225,1.08472,4214,2
2025-03-13T17:00:00Z,1.08472,1.08697,1.08459,1.08651,4214,2
2025-03-13T18:00:00Z,1.08650,1.08718,1.08540,1.08585,4528,2
2025-03-13T19:00:00Z,1.08585,1.08781,1.08553,1.08725,3582,2
2025-03-13T20:00:00Z,1.08725,1.08735,1.08543,1.08545,3051,2
2025-03-13T21:00:00Z,1.08546,1.08579,1.08519,1.08536,2380,2
2025-03-13T22:00:00Z,1.08535,1.08567,1.08475,1.08481,1947,2
2025-03-13T23:00:00Z,1.08481,1.08555,1.08462,1.08544,814,3
2025-03-14T00:00:00Z,1.08467,1.08520,1.08454,1.08514,444,23
2025-03-14T01:00:00Z,1.08514,1.08554,1.08512,1.08522,631,2
2025-03-14T02:00:00Z,1.08524,1.08549,1.08500,1.08548,1070,2
2025-03-14T03:00:00Z,1.08548,1.08585,1.08481,1.08490,1806,2
2025-03-14T04:00:00Z,1.08491,1.08492,1.08405,1.08408,1875,2
2025-03-14T05:00:00Z,1.08407,1.08429,1.08341,1.08401,1586,2
2025-03-14T06:00:00Z,1.08401,1.08459,1.08377,1.08456,1670,2
2025-03-14T07:00:00Z,1.08456,1.08461,1.08376,1.08409,1234,2
2025-03-14T08:00:00Z,1.08410,1.08514,1.08408,1.08506,1624,2
2025-03-14T09:00:00Z,1.08505,1.08506,1.08351,1.08385,1975,2
2025-03-14T10:00:00Z,1.08370,1.08471,1.08305,1.08394,3415,2
2025-03-14T11:00:00Z,1.08391,1.08568,1.08352,1.08539,3109,2
2025-03-14T12:00:00Z,1.08540,1.08619,1.08468,1.08522,2856,2
2025-03-14T13:00:00Z,1.08521,1.09126,1.08514,1.08948,4947,2
2025-03-14T14:00:00Z,1.08948,1.09093,1.08876,1.08967,4937,2
2025-03-14T15:00:00Z,1.08967,1.09114,1.08900,1.08946,3506,2
2025-03-14T16:00:00Z,1.08947,1.08979,1.08703,1.08730,3913,2
2025-03-14T17:00:00Z,1.08736,1.08863,1.08654,1.08778,4352,2
2025-03-14T18:00:00Z,1.08778,1.08867,1.08667,1.08714,4013,2
2025-03-14T19:00:00Z,1.08713,1.08898,1.08704,1.08830,2828,2
2025-03-14T20:00:00Z,1.08830,1.08879,1.08790,1.08821,2129,2
2025-03-14T21:00:00Z,1.08822,1.08863,1.08733,1.08801,1894,2
2025-03-14T22:00:00Z,1.08797,1.08845,1.08782,1.08829,1454,2
2025-03-14T23:00:00Z,1.08828,1.08856,1.08810,1.08815,778,3
2025-03-17T00:00:00Z,1.08780,1.08806,1.08768,1.08802,274,23
2025-03-17T01:00:00Z,1.08802,1.08853,1.08746,1.08814,1146,2
2025-03-17T02:00:00Z,1.08814,1.08851,1.08791,1.08796,919,2
2025-03-17T03:00:00Z,1.08796,1.08826,1.08754,1.08793,1374,2
2025-03-17T04:00:00Z,1.08794,1.08902,1.08742,1.08828,1858,2
2025-03-17T05:00:00Z,1.08826,1.08857,1.08793,1.08811,1456,2
2025-03-17T06:00:00Z,1.08809,1.08862,1.08768,1.08832,1008,2
2025-03-17T07:00:00Z,1.08832,1.08937,1.08775,1.08820,1373,2
2025-03-17T08:00:00Z,1.08820,1.08821,1.08736,1.08774,1277,2
2025-03-17T09:00:00Z,1.08774,1.08842,1.08733,1.08777,1615,2
2025-03-17T10:00:00Z,1.08775,1.08844,1.08684,1.08762,2922,2
2025-03-17T11:00:00Z,1.08762,1.08867,1.08705,1.08836,3428,2
2025-03-17T12:00:00Z,1.08837,1.09005,1.08769,1.08996,2861,2
2025-03-17T13:00:00Z,1.08998,1.09098,1.08965,1.09077,2350,2
2025-03-17T14:00:00Z,1.09077,1.09119,1.08961,1.09019,1976,2
2025-03-17T15:00:00Z,1.09020,1.09081,1.08873,1.09017,3943,2
2025-03-17T16:00:00Z,1.09018,1.09064,1.08971,1.09047,3600,2
2025-03-17T17:00:00Z,1.09048,1.09182,1.09020,1.09159,3247,2
2025-03-17T18:00:00Z,1.09157,1.09295,1.09157,1.09213,2949,2
2025-03-17T19:00:00Z,1.09213,1.09262,1.09143,1.09210,2374,2
2025-03-17T20:00:00Z,1.09211,1.09238,1.09115,1.09139,1876,2
2025-03-17T21:00:00Z,1.09139,1.09263,1.09126,1.09252,1783,2
2025-03-17T22:00:00Z,1.09254,1.09254,1.09183,1.09205,1300,2
2025-03-17T23:00:00Z,1.09205,1.09277,1.09202,1.09226,872,3
2025-03-18T00:00:00Z,1.09213,1.09218,1.09173,1.09216,365,23
2025-03-18T01:00:00Z,1.09208,1.09227,1.09191,1.09211,488,2
2025-03-18T02:00:00Z,1.09211,1.09215,1.09180,1.09180,629,2
2025-03-18T03:00:00Z,1.09180,1.09210,1.09149,1.09160,1266,2
2025-03-18T04:00:00Z,1.09160,1.09190,1.09122,1.09133,1507,2
2025-03-18T05:00:00Z,1.09133,1.09159,1.09079,1.09086,1306,2
2025-03-18T06:00:00Z,1.09086,1.09109,1.09062,1.09083,1045,2
2025-03-18T07:00:00Z,1.09083,1.09114,1.09078,1.09109,929,2
2025-03-18T08:00:00Z,1.09109,1.09133,1.09072,1.09078,1072,2
2025-03-18T09:00:00Z,1.09078,1.09213,1.09034,1.09208,1772,2
2025-03-18T10:00:00Z,1.09208,1.09366,1.09162,1.09351,2569,2
2025-03-18T11:00:00Z,1.09351,1.09546,1.09329,1.09515,3017,2
2025-03-18T12:00:00Z,1.09517,1.09531,1.09393,1.09504,2652,2
2025-03-18T13:00:00Z,1.09504,1.09522,1.09316,1.09341,3076,2
2025-03-18T14:00:00Z,1.09347,1.09371,1.09143,1.09162,2613,2
2025-03-18T15:00:00Z,1.09162,1.09235,1.08924,1.09115,3169,2
2025-03-18T16:00:00Z,1.09115,1.09207,1.09014,1.09123,3493,2
2025-03-18T17:00:00Z,1.09126,1.09195,1.09069,1.09165,3504,2
2025-03-18T18:00:00Z,1.09172,1.09340,1.08966,1.09265,4186,2
2025-03-18T19:00:00Z,1.09265,1.09399,1.09234,1.09386,2855,2
2025-03-18T20:00:00Z,1.09386,1.09516,1.09386,1.09498,2532,2
2025-03-18T21:00:00Z,1.09498,1.09512,1.09406,1.09441,1651,2
2025-03-18T22:00:00Z,1.09433,1.09496,1.09414,1.09462,1400,2
2025-03-18T23:00:00Z,1.09461,1.09485,1.09426,1.09447,638,3
2025-03-19T00:00:00Z,1.09438,1.09451,1.09407,1.09436,502,23
2025-03-19T01:00:00Z,1.09443,1.09459,1.09403,1.09418,680,2
2025-03-19T02:00:00Z,1.09419,1.09436,1.09375,1.09384,782,2
2025-03-19T03:00:00Z,1.09385,1.09389,1.09317,1.09346,1548,2
2025-03-19T04:00:00Z,1.09346,1.09373,1.09334,1.09369,1189,2
2025-03-19T05:00:00Z,1.09370,1.09450,1.09355,1.09408,1186,2
2025-03-19T06:00:00Z,1.09408,1.09437,1.09328,1.09382,1114,2
2025-03-19T07:00:00Z,1.09382,1.09382,1.09278,1.09299,1014,2
2025-03-19T08:00:00Z,1.09299,1.09361,1.09296,1.09311,1256,2
2025-03-19T09:00:00Z,1.09311,1.09324,1.09205,1.09205,1742,2
2025-03-19T10:00:00Z,1.09205,1.09230,1.08731,1.08927,4038,2
2025-03-19T11:00:00Z,1.08926,1.09105,1.08922,1.09071,3207,2
2025-03-19T12:00:00Z,1.09071,1.09101,1.08955,1.09024,2420,2
2025-03-19T13:00:00Z,1.09023,1.09041,1.08914,1.08997,2012,2
2025-03-19T14:00:00Z,1.08997,1.09131,1.08938,1.09082,2118,2
2025-03-19T15:00:00Z,1.09085,1.09176,1.08991,1.09010,3071,2
2025-03-19T16:00:00Z,1.09014,1.09038,1.08927,1.08943,3148,2
2025-03-19T17:00:00Z,1.08943,1.09005,1.08817,1.08838,2686,2
2025-03-19T18:00:00Z,1.08838,1.08876,1.08753,1.08769,2637,2
2025-03-19T19:00:00Z,1.08769,1.08861,1.08759,1.08850,2075,3
2025-03-19T20:00:00Z,1.08850,1.08853,1.08604,1.08662,2572,2
2025-03-19T21:00:00Z,1.08657,1.09133,1.08612,1.09079,6165,3
2025-03-19T22:00:00Z,1.09075,1.09128,1.08849,1.08988,4231,2
2025-03-19T23:00:00Z,1.08980,1.09057,1.08956,1.09040,804,3
2025-03-20T00:00:00Z,1.09021,1.09046,1.09021,1.09046,254,23
2025-03-20T01:00:00Z,1.09056,1.09131,1.09036,1.09085,789,2
2025-03-20T02:00:00Z,1.09085,1.09118,1.09051,1.09116,950,2
2025-03-20T03:00:00Z,1.09116,1.09164,1.09037,1.09123,1912,2
2025-03-20T04:00:00Z,1.09123,1.09130,1.09035,1.09057,2091,2
2025-03-20T05:00:00Z,1.09057,1.09173,1.09053,1.09090,1983,2
2025-03-20T06:00:00Z,1.09090,1.09141,1.09068,1.09096,1451,2
2025-03-20T07:00:00Z,1.09096,1.09104,1.09002,1.09033,1131,2
2025-03-20T08:00:00Z,1.09033,1.09033,1.08907,1.08955,1221,2
2025-03-20T09:00:00Z,1.08953,1.08988,1.08896,1.08934,1737,2
2025-03-20T10:00:00Z,1.08928,1.08942,1.08650,1.08793,2772,2
2025-03-20T11:00:00Z,1.08793,1.08856,1.08629,1.08654,3406,2
2025-03-20T12:00:00Z,1.08652,1.08683,1.08386,1.08520,3612,2
2025-03-20T13:00:00Z,1.08524,1.08546,1.08333,1.08458,3465,2
2025-03-20T14:00:00Z,1.08458,1.08518,1.08392,1.08493,2545,2
2025-03-20T15:00:00Z,1.08493,1.08555,1.08309,1.08337,3467,2
2025-03-20T16:00:00Z,1.08337,1.08388,1.08145,1.08256,3746,2
2025-03-20T17:00:00Z,1.08253,1.08387,1.08226,1.08293,3454,2
2025-03-20T18:00:00Z,1.08293,1.08492,1.08233,1.08472,3063,2
2025-03-20T19:00:00Z,1.08471,1.08522,1.08421,1.08486,2487,2
2025-03-20T20:00:00Z,1.08487,1.08518,1.08390,1.08445,1744,2
2025-03-20T21:00:00Z,1.08443,1.08495,1.08418,1.08483,1542,2
2025-03-20T22:00:00Z,1.08483,1.08541,1.08470,1.08530,1327,2
2025-03-20T23:00:00Z,1.08531,1.08589,1.08513,1.08529,598,3
2025-03-21T00:00:00Z,1.08458,1.08540,1.08458,1.08534,230,23
2025-03-21T01:00:00Z,1.08534,1.08588,1.08530,1.08571,649,2
2025-03-21T02:00:00Z,1.08571,1.08575,1.08531,1.08532,834,2
2025-03-21T03:00:00Z,1.08532,1.08587,1.08506,1.08529,1554,2
2025-03-21T04:00:00Z,1.08529,1.08555,1.08483,1.08522,1706,2
2025-03-21T05:00:00Z,1.08522,1.08550,1.08421,1.08441,1671,2
2025-03-21T06:00:00Z,1.08441,1.08463,1.08333,1.08346,1387,2
2025-03-21T07:00:00Z,1.08347,1.08365,1.08274,1.08302,1226,2
2025-03-21T08:00:00Z,1.08302,1.08302,1.08198,1.08285,1737,2
2025-03-21T09:00:00Z,1.08287,1.08372,1.08242,1.08340,1726,2
2025-03-21T10:00:00Z,1.08338,1.08416,1.08271,1.08389,2343,2
2025-03-21T11:00:00Z,1.08388,1.08455,1.08240,1.08360,2785,2
2025-03-21T12:00:00Z,1.08360,1.08389,1.08247,1.08256,1942,2
2025-03-21T13:00:00Z,1.08256,1.08387,1.08256,1.08369,1948,2
2025-03-21T14:00:00Z,1.08369,1.08511,1.08350,1.08505,2222,2
2025-03-21T15:00:00Z,1.08507,1.08612,1.08297,1.08321,3346,2
2025-03-21T16:00:00Z,1.08321,1.08358,1.08251,1.08319,3543,2
2025-03-21T17:00:00Z,1.08322,1.08355,1.08187,1.08235,3221,2
2025-03-21T18:00:00Z,1.08236,1.08291,1.07969,1.08061,3275,2
2025-03-21T19:00:00Z,1.08061,1.08249,1.08044,1.08182,3294,2
2025-03-21T20:00:00Z,1.08180,1.08255,1.08051,1.08225,2253,2
2025-03-21T21:00:00Z,1.08226,1.08268,1.08146,1.08208,1770,2
2025-03-21T22:00:00Z,1.08209,1.08243,1.08153,1.08176,1510,2
2025-03-21T23:00:00Z,1.08174,1.08174,1.08113,1.08127,902,3
2025-03-24T00:00:00Z,1.08141,1.08172,1.08121,1.08170,328,23
2025-03-24T01:00:00Z,1.08192,1.08302,1.08166,1.08197,1202,2
2025-03-24T02:00:00Z,1.08197,1.08370,1.08187,1.08359,1216,2
2025-03-24T03:00:00Z,1.08359,1.08399,1.08325,1.08373,1675,2
2025-03-24T04:00:00Z,1.08372,1.08375,1.08227,1.08259,2141,2
2025-03-24T05:00:00Z,1.08259,1.08320,1.08244,1.08249,1858,2
2025-03-24T06:00:00Z,1.08250,1.08293,1.08199,1.08202,1563,2
2025-03-24T07:00:00Z,1.08203,1.08243,1.08170,1.08227,1060,2
2025-03-24T08:00:00Z,1.08227,1.08306,1.08181,1.08291,1427,2
2025-03-24T09:00:00Z,1.08290,1.08447,1.08280,1.08396,1939,2
2025-03-24T10:00:00Z,1.08396,1.08499,1.08331,1.08381,2583,2
2025-03-24T11:00:00Z,1.08388,1.08582,1.08373,1.08430,3688,2
2025-03-24T12:00:00Z,1.08427,1.08449,1.08284,1.08392,2819,2
2025-03-24T13:00:00Z,1.08396,1.08547,1.08365,1.08480,2259,2
2025-03-24T14:00:00Z,1.08481,1.08493,1.08321,1.08325,2150,2
2025-03-24T15:00:00Z,1.08323,1.08345,1.08215,1.08297,2641,2
2025-03-24T16:00:00Z,1.08296,1.08306,1.07925,1.07935,3546,2
2025-03-24T17:00:00Z,1.07927,1.08203,1.07904,1.07995,4074,2
2025-03-24T18:00:00Z,1.07995,1.08051,1.07906,1.07939,3497,2
2025-03-24T19:00:00Z,1.07938,1.08071,1.07815,1.07917,2934,2
2025-03-24T20:00:00Z,1.07917,1.07963,1.07847,1.07876,2182,2
2025-03-24T21:00:00Z,1.07876,1.08132,1.07839,1.08051,2433,2
2025-03-24T22:00:00Z,1.08055,1.08070,1.07971,1.08022,1207,2
2025-03-24T23:00:00Z,1.08018,1.08061,1.08000,1.08010,656,3
2025-03-25T00:00:00Z,1.08002,1.08008,1.07955,1.07994,434,23
2025-03-25T01:00:00Z,1.08001,1.08027,1.07949,1.08024,527,2
2025-03-25T02:00:00Z,1.08024,1.08037,1.08003,1.08024,608,2
2025-03-25T03:00:00Z,1.08024,1.08024,1.07960,1.08001,1172,2
2025-03-25T04:00:00Z,1.08001,1.08080,1.07997,1.08022,1539,2
2025-03-25T05:00:00Z,1.08022,1.08050,1.07940,1.07964,1413,2
2025-03-25T06:00:00Z,1.07964,1.08034,1.07957,1.08028,1116,2
2025-03-25T07:00:00Z,1.08029,1.08089,1.08025,1.08032,982,2
2025-03-25T08:00:00Z,1.08032,1.08071,1.08011,1.08028,1034,2
2025-03-25T09:00:00Z,1.08029,1.08045,1.07929,1.07946,1464,2
2025-03-25T10:00:00Z,1.07945,1.08021,1.07851,1.07873,2485,2
2025-03-25T11:00:00Z,1.07874,1.07921,1.07768,1.07905,2982,2
2025-03-25T12:00:00Z,1.07905,1.08040,1.07875,1.08005,2817,2
2025-03-25T13:00:00Z,1.08004,1.08244,1.07999,1.08201,2712,2
2025-03-25T14:00:00Z,1.08201,1.08276,1.08109,1.08178,2674,2
2025-03-25T15:00:00Z,1.08177,1.08301,1.08157,1.08251,2773,2
2025-03-25T16:00:00Z,1.08251,1.08277,1.08139,1.08170,3366,2
2025-03-25T17:00:00Z,1.08170,1.08219,1.08019,1.08125,4019,2
2025-03-25T18:00:00Z,1.08126,1.08197,1.07972,1.08032,3362,2
2025-03-25T19:00:00Z,1.08031,1.08131,1.08019,1.08065,2544,2
2025-03-25T20:00:00Z,1.08071,1.08169,1.08059,1.08096,1735,2
2025-03-25T21:00:00Z,1.08094,1.08094,1.07969,1.07984,1689,2
2025-03-25T22:00:00Z,1.07987,1.08018,1.07909,1.07954,1856,2
2025-03-25T23:00:00Z,1.07952,1.07956,1.07899,1.07903,739,3
2025-03-26T00:00:00Z,1.07892,1.07913,1.07891,1.07907,199,23
2025-03-26T01:00:00Z,1.07907,1.07934,1.07879,1.07886,636,2
2025-03-26T02:00:00Z,1.07885,1.07888,1.07854,1.07887,678,2
2025-03-26T03:00:00Z,1.07887,1.07921,1.07835,1.07844,1456,2
2025-03-26T04:00:00Z,1.07844,1.07954,1.07780,1.07936,2097,2
2025-03-26T05:00:00Z,1.07936,1.07971,1.07902,1.07952,1271,2
2025-03-26T06:00:00Z,1.07951,1.07962,1.07838,1.07859,1263,2
2025-03-26T07:00:00Z,1.07864,1.07876,1.07811,1.07841,962,2
2025-03-26T08:00:00Z,1.07841,1.07869,1.07777,1.07851,1391,2
2025-03-26T09:00:00Z,1.07852,1.07883,1.07821,1.07870,1574,2
2025-03-26T10:00:00Z,1.07862,1.07913,1.07811,1.07860,2900,2
2025-03-26T11:00:00Z,1.07861,1.07997,1.07853,1.07992,3462,2
2025-03-26T12:00:00Z,1.07988,1.08026,1.07928,1.07958,2568,2
2025-03-26T13:00:00Z,1.07958,1.08016,1.07866,1.07918,2170,2
2025-03-26T14:00:00Z,1.07918,1.07978,1.07886,1.07922,2095,2
2025-03-26T15:00:00Z,1.07922,1.07936,1.07818,1.07841,3432,2
2025-03-26T16:00:00Z,1.07843,1.07906,1.07675,1.07746,3579,2
2025-03-26T17:00:00Z,1.07746,1.07953,1.07731,1.07907,4005,2
2025-03-26T18:00:00Z,1.07907,1.07944,1.07676,1.07807,3077,2
2025-03-26T19:00:00Z,1.07809,1.07916,1.07769,1.07876,2889,2
2025-03-26T20:00:00Z,1.07876,1.07893,1.07518,1.07566,3817,2
2025-03-26T21:00:00Z,1.07566,1.07612,1.07531,1.07552,2269,2
2025-03-26T22:00:00Z,1.07551,1.07558,1.07439,1.07513,1813,2
2025-03-26T23:00:00Z,1.07515,1.07564,1.07502,1.07514,763,3
2025-03-27T00:00:00Z,1.07554,1.07556,1.07340,1.07360,847,23
2025-03-27T01:00:00Z,1.07360,1.07444,1.07328,1.07374,1462,2
2025-03-27T02:00:00Z,1.07372,1.07444,1.07356,1.07410,1456,2
2025-03-27T03:00:00Z,1.07410,1.07575,1.07410,1.07554,1642,2
2025-03-27T04:00:00Z,1.07554,1.07688,1.07551,1.07652,1923,2
2025-03-27T05:00:00Z,1.07652,1.07800,1.07651,1.07759,1498,2
2025-03-27T06:00:00Z,1.07759,1.07796,1.07729,1.07782,938,2
2025-03-27T07:00:00Z,1.07782,1.07870,1.07769,1.07804,1077,2
2025-03-27T08:00:00Z,1.07804,1.07813,1.07637,1.07691,1266,2
2025-03-27T09:00:00Z,1.07691,1.07827,1.07682,1.07730,2071,2
2025-03-27T10:00:00Z,1.07725,1.07744,1.07541,1.07647,3682,2
2025-03-27T11:00:00Z,1.07647,1.07766,1.07556,1.07758,4083,2
2025-03-27T12:00:00Z,1.07758,1.07789,1.07611,1.07707,3029,2
2025-03-27T13:00:00Z,1.07708,1.07818,1.07667,1.07818,2336,2
2025-03-27T14:00:00Z,1.07818,1.07996,1.07787,1.07869,2439,2
2025-03-27T15:00:00Z,1.07869,1.07982,1.07832,1.07870,2769,2
2025-03-27T16:00:00Z,1.07872,1.07972,1.07764,1.07800,3192,2
2025-03-27T17:00:00Z,1.07804,1.07948,1.07772,1.07891,3195,2
2025-03-27T18:00:00Z,1.07891,1.08212,1.07854,1.07997,4063,2
2025-03-27T19:00:00Z,1.07996,1.07999,1.07917,1.07986,2916,2
2025-03-27T20:00:00Z,1.07992,1.08087,1.07894,1.07897,2135,2
2025-03-27T21:00:00Z,1.07897,1.07983,1.07892,1.07908,1573,2
2025-03-27T22:00:00Z,1.07908,1.07997,1.07883,1.07948,1314,2
2025-03-27T23:00:00Z,1.07947,1.08016,1.07938,1.08016,519,3
2025-03-28T00:00:00Z,1.07957,1.07969,1.07948,1.07965,350,23
2025-03-28T01:00:00Z,1.07965,1.07987,1.07954,1.07963,385,2
2025-03-28T02:00:00Z,1.07963,1.08014,1.07962,1.08009,560,2
2025-03-28T03:00:00Z,1.08008,1.08008,1.07881,1.07949,1244,2
2025-03-28T04:00:00Z,1.07949,1.07990,1.07914,1.07936,1473,2
2025-03-28T05:00:00Z,1.07937,1.07968,1.07903,1.07946,1269,2
2025-03-28T06:00:00Z,1.07946,1.07968,1.07908,1.07919,1147,2
2025-03-28T07:00:00Z,1.07919,1.07931,1.07843,1.07885,1049,2
2025-03-28T08:00:00Z,1.07885,1.07931,1.07864,1.07908,1142,2
2025-03-28T09:00:00Z,1.07908,1.07922,1.07826,1.07851,1063,2
2025-03-28T10:00:00Z,1.07850,1.07998,1.07815,1.07872,2235,2
2025-03-28T11:00:00Z,1.07869,1.07965,1.07752,1.07782,2691,2
2025-03-28T12:00:00Z,1.07782,1.07804,1.07688,1.07736,2151,2
2025-03-28T13:00:00Z,1.07736,1.07786,1.07674,1.07687,1795,2
2025-03-28T14:00:00Z,1.07686,1.07749,1.07645,1.07718,1652,2
2025-03-28T15:00:00Z,1.07718,1.07920,1.07648,1.07890,2958,2
2025-03-28T16:00:00Z,1.07888,1.08165,1.07849,1.08097,4106,2
2025-03-28T17:00:00Z,1.08105,1.08314,1.08085,1.08231,4109,2
2025-03-28T18:00:00Z,1.08230,1.08447,1.08192,1.08251,3575,2
2025-03-28T19:00:00Z,1.08251,1.08331,1.08199,1.08216,2568,2
2025-03-28T20:00:00Z,1.08215,1.08287,1.08120,1.08195,1921,2
2025-03-28T21:00:00Z,1.08195,1.08278,1.08137,1.08244,1901,2
2025-03-28T22:00:00Z,1.08244,1.08286,1.08231,1.08256,1520,2
2025-03-28T23:00:00Z,1.08255,1.08360,1.08251,1.08295,711,3
2025-03-31T00:00:00Z,1.08255,1.08274,1.08135,1.08146,479,23
2025-03-31T01:00:00Z,1.08146,1.08222,1.08053,1.08207,1727,2
2025-03-31T02:00:00Z,1.08208,1.08295,1.08104,1.08234,1910,2
2025-03-31T03:00:00Z,1.08234,1.08416,1.08230,1.08416,2261,2
2025-03-31T04:00:00Z,1.08415,1.08452,1.08309,1.08323,2236,2
2025-03-31T05:00:00Z,1.08326,1.08457,1.08289,1.08405,1800,2
2025-03-31T06:00:00Z,1.08405,1.08415,1.08323,1.08330,1440,2
2025-03-31T07:00:00Z,1.08330,1.08359,1.08311,1.08342,1221,2
2025-03-31T08:00:00Z,1.08342,1.08430,1.08312,1.08342,1609,2
2025-03-31T09:00:00Z,1.08345,1.08448,1.08249,1.08374,3165,2
2025-03-31T10:00:00Z,1.08376,1.08492,1.08207,1.08317,3951,2
2025-03-31T11:00:00Z,1.08316,1.08342,1.08116,1.08273,3096,2
2025-03-31T12:00:00Z,1.08273,1.08304,1.08146,1.08162,2310,2
2025-03-31T13:00:00Z,1.08159,1.08209,1.08054,1.08184,2274,2
2025-03-31T14:00:00Z,1.08184,1.08292,1.08152,1.08196,2374,2
2025-03-31T15:00:00Z,1.08197,1.08210,1.08010,1.08037,2553,2
2025-03-31T16:00:00Z,1.08037,1.08212,1.08027,1.08081,3147,2
2025-03-31T17:00:00Z,1.08079,1.08085,1.07840,1.08020,3746,2
2025-03-31T18:00:00Z,1.08020,1.08164,1.07905,1.07942,3977,2
2025-03-31T19:00:00Z,1.07948,1.08160,1.07851,1.08117,2692,2
2025-03-31T20:00:00Z,1.08116,1.08176,1.08079,1.08147,1595,2
2025-03-31T21:00:00Z,1.08147,1.08178,1.08070,1.08146,1527,2
2025-03-31T22:00:00Z,1.08146,1.08198,1.08117,1.08141,1461,2
2025-03-31T23:00:00Z,1.08141,1.08187,1.08094,1.08167,780,3
2025-04-01T00:00:00Z,1.08168,1.08186,1.08158,1.08182,355,23
2025-04-01T01:00:00Z,1.08191,1.08191,1.08160,1.08183,688,2
2025-04-01T02:00:00Z,1.08183,1.08197,1.08138,1.08176,773,2
2025-04-01T03:00:00Z,1.08176,1.08265,1.08174,1.08252,1637,2
2025-04-01T04:00:00Z,1.08252,1.08268,1.08167,1.08206,1825,2
2025-04-01T05:00:00Z,1.08206,1.08284,1.08201,1.08240,1585,2
2025-04-01T06:00:00Z,1.08241,1.08277,1.08210,1.08269,1512,2
2025-04-01T07:00:00Z,1.08270,1.08301,1.08249,1.08250,1302,2
2025-04-01T08:00:00Z,1.08251,1.08251,1.08064,1.08068,1766,2
2025-04-01T09:00:00Z,1.08068,1.08105,1.07990,1.08083,2428,2
2025-04-01T10:00:00Z,1.08082,1.08124,1.07991,1.08017,3124,2
2025-04-01T11:00:00Z,1.08011,1.08179,1.08004,1.08176,2022,2
2025-04-01T12:00:00Z,1.08176,1.08291,1.08147,1.08173,2295,2
2025-04-01T13:00:00Z,1.08173,1.08185,1.07901,1.07980,3209,2
2025-04-01T14:00:00Z,1.07980,1.07984,1.07782,1.07811,3064,2
2025-04-01T15:00:00Z,1.07811,1.07952,1.07811,1.07871,2674,2
2025-04-01T16:00:00Z,1.07871,1.07954,1.07792,1.07870,2893,2
2025-04-01T17:00:00Z,1.07833,1.08123,1.07833,1.08075,4578,2
2025-04-01T18:00:00Z,1.08074,1.08123,1.07986,1.07993,3431,2
2025-04-01T19:00:00Z,1.07993,1.08030,1.07926,1.07997,2411,2
2025-04-01T20:00:00Z,1.07997,1.08045,1.07912,1.07929,1513,2
2025-04-01T21:00:00Z,1.07929,1.07947,1.07851,1.07869,1634,2
2025-04-01T22:00:00Z,1.07870,1.07908,1.07855,1.07899,1302,2
2025-04-01T23:00:00Z,1.07898,1.08014,1.07884,1.07948,755,3
2025-04-02T00:00:00Z,1.07871,1.07945,1.07871,1.07927,483,23
2025-04-02T01:00:00Z,1.07927,1.08081,1.07918,1.07991,1171,2
2025-04-02T02:00:00Z,1.07991,1.07998,1.07941,1.07942,768,2
2025-04-02T03:00:00Z,1.07942,1.07950,1.07888,1.07904,1670,2
2025-04-02T04:00:00Z,1.07904,1.07949,1.07870,1.07947,1494,2
2025-04-02T05:00:00Z,1.07951,1.08018,1.07940,1.07942,1408,2
2025-04-02T06:00:00Z,1.07942,1.07999,1.07936,1.07957,1105,2
2025-04-02T07:00:00Z,1.07957,1.07974,1.07925,1.07926,858,2
2025-04-02T08:00:00Z,1.07926,1.07926,1.07859,1.07895,1382,2
2025-04-02T09:00:00Z,1.07896,1.07963,1.07876,1.07927,1970,2
2025-04-02T10:00:00Z,1.07927,1.07947,1.07800,1.07916,2407,2
2025-04-02T11:00:00Z,1.07917,1.08018,1.07906,1.07974,1964,2
2025-04-02T12:00:00Z,1.07974,1.08081,1.07958,1.08060,1882,2
2025-04-02T13:00:00Z,1.08060,1.08067,1.07859,1.07947,2305,2
2025-04-02T14:00:00Z,1.07947,1.08061,1.07911,1.08024,2100,2
2025-04-02T15:00:00Z,1.08030,1.08194,1.07962,1.08191,2807,2
2025-04-02T16:00:00Z,1.08187,1.08293,1.08146,1.08265,3144,2
2025-04-02T17:00:00Z,1.08266,1.08615,1.08190,1.08584,4088,2
2025-04-02T18:00:00Z,1.08585,1.08729,1.08509,1.08673,3412,2
2025-04-02T19:00:00Z,1.08673,1.08675,1.08468,1.08522,2490,2
2025-04-02T20:00:00Z,1.08522,1.08595,1.08500,1.08518,1771,2
2025-04-02T21:00:00Z,1.08518,1.08591,1.08480,1.08541,1739,2
2025-04-02T22:00:00Z,1.08542,1.08559,1.08469,1.08499,1541,2
2025-04-02T23:00:00Z,1.08498,1.09241,1.08105,1.08425,6741,4
2025-04-03T00:00:00Z,1.08425,1.08551,1.08099,1.08270,1170,23
2025-04-03T01:00:00Z,1.08267,1.08396,1.08051,1.08388,4228,2
2025-04-03T02:00:00Z,1.08392,1.09113,1.08377,1.09042,4886,2
2025-04-03T03:00:00Z,1.09036,1.09072,1.08798,1.08905,5036,2
2025-04-03T04:00:00Z,1.08905,1.09232,1.08864,1.09132,3998,2
2025-04-03T05:00:00Z,1.09132,1.09245,1.09091,1.09121,2949,2
2025-04-03T06:00:00Z,1.09121,1.09210,1.09075,1.09150,2569,2
2025-04-03T07:00:00Z,1.09150,1.09166,1.09057,1.09066,2331,2
2025-04-03T08:00:00Z,1.09067,1.09520,1.09063,1.09444,3265,2
2025-04-03T09:00:00Z,1.09444,1.09900,1.09346,1.09896,5745,2
2025-04-03T10:00:00Z,1.09896,1.09901,1.09428,1.09707,5413,2
2025-04-03T11:00:00Z,1.09707,1.10208,1.09705,1.10092,4250,2
2025-04-03T12:00:00Z,1.10094,1.10473,1.10037,1.10307,4568,2
2025-04-03T13:00:00Z,1.10307,1.11453,1.10278,1.10520,6754,2
2025-04-03T14:00:00Z,1.10532,1.11009,1.10388,1.10874,5349,2
2025-04-03T15:00:00Z,1.10879,1.11094,1.10727,1.10816,6107,2
2025-04-03T16:00:00Z,1.10815,1.11350,1.10701,1.10798,7082,2
2025-04-03T17:00:00Z,1.10875,1.11273,1.10801,1.11183,6309,2
2025-04-03T18:00:00Z,1.11185,1.11189,1.10410,1.10505,5668,2
2025-04-03T19:00:00Z,1.10505,1.10558,1.10328,1.10390,4471,2
2025-04-03T20:00:00Z,1.10386,1.10394,1.10179,1.10244,3359,2
2025-04-03T21:00:00Z,1.10244,1.10406,1.10196,1.10372,2586,2
2025-04-03T22:00:00Z,1.10372,1.10372,1.10158,1.10273,2202,2
2025-04-03T23:00:00Z,1.10269,1.10524,1.10221,1.10523,1296,3
2025-04-04T00:00:00Z,1.10492,1.10512,1.10469,1.10508,572,23
2025-04-04T01:00:00Z,1.10508,1.10714,1.10497,1.10641,1559,2
2025-04-04T02:00:00Z,1.10640,1.10646,1.10421,1.10452,1986,2
2025-04-04T03:00:00Z,1.10451,1.10640,1.10366,1.10605,3000,2
2025-04-04T04:00:00Z,1.10604,1.10732,1.10572,1.10677,2891,2
2025-04-04T05:00:00Z,1.10679,1.10793,1.10607,1.10632,2963,2
2025-04-04T06:00:00Z,1.10632,1.10985,1.10573,1.10936,3030,2
2025-04-04T07:00:00Z,1.10935,1.10982,1.10820,1.10873,2741,2
2025-04-04T08:00:00Z,1.10873,1.11075,1.10783,1.10842,3010,2
2025-04-04T09:00:00Z,1.10841,1.10858,1.10498,1.10505,4136,2
2025-04-04T10:00:00Z,1.10505,1.10670,1.09998,1.10042,5418,2
2025-04-04T11:00:00Z,1.10048,1.10093,1.09754,1.09962,5840,2
2025-04-04T12:00:00Z,1.09967,1.09976,1.09714,1.09844,4891,2
2025-04-04T13:00:00Z,1.09842,1.10496,1.09645,1.10307,7659,2
2025-04-04T14:00:00Z,1.10302,1.10798,1.10221,1.10600,8127,2
2025-04-04T15:00:00Z,1.10612,1.10888,1.10077,1.10198,9273,2
2025-04-04T16:00:00Z,1.10201,1.10481,1.10053,1.10062,8684,2
2025-04-04T17:00:00Z,1.10053,1.10148,1.09601,1.09860,8507,2
2025-04-04T18:00:00Z,1.09861,1.10169,1.09674,1.10137,8883,2
2025-04-04T19:00:00Z,1.10138,1.10196,1.09616,1.09711,6466,2
2025-04-04T20:00:00Z,1.09711,1.09768,1.09241,1.09473,6558,2
2025-04-04T21:00:00Z,1.09473,1.09672,1.09396,1.09444,5005,2
2025-04-04T22:00:00Z,1.09440,1.09646,1.09276,1.09429,4504,2
2025-04-04T23:00:00Z,1.09430,1.09632,1.09325,1.09622,2222,3
2025-04-07T00:00:00Z,1.08854,1.09219,1.08803,1.09151,1121,23
2025-04-07T01:00:00Z,1.09151,1.09946,1.09151,1.09826,5360,2
2025-04-07T02:00:00Z,1.09825,1.10002,1.09815,1.09832,5422,2
2025-04-07T03:00:00Z,1.09832,1.09837,1.09463,1.09669,5887,2
2025-04-07T04:00:00Z,1.09669,1.09802,1.09543,1.09678,5813,2
2025-04-07T05:00:00Z,1.09677,1.09677,1.09197,1.09353,3817,2
2025-04-07T06:00:00Z,1.09353,1.09546,1.09299,1.09502,2408,2
2025-04-07T07:00:00Z,1.09502,1.09874,1.09481,1.09847,2667,2
2025-04-07T08:00:00Z,1.09847,1.10204,1.09777,1.10183,4357,2
2025-04-07T09:00:00Z,1.10181,1.10229,1.09936,1.10029,6589,2
2025-04-07T10:00:00Z,1.10030,1.10497,1.09980,1.10006,7437,2
2025-04-07T11:00:00Z,1.10018,1.10218,1.09678,1.09920,6663,2
2025-04-07T12:00:00Z,1.09918,1.09964,1.09499,1.09625,5886,2
2025-04-07T13:00:00Z,1.09626,1.09905,1.09576,1.09588,5838,2
2025-04-07T14:00:00Z,1.09588,1.09693,1.09352,1.09693,6075,2
2025-04-07T15:00:00Z,1.09694,1.09914,1.09391,1.09735,6785,2
2025-04-07T16:00:00Z,1.09744,1.09771,1.09373,1.09415,6829,2
2025-04-07T17:00:00Z,1.09414,1.09815,1.09167,1.09218,9181,2
2025-04-07T18:00:00Z,1.09216,1.09362,1.09009,1.09112,7599,3
2025-04-07T19:00:00Z,1.09112,1.09326,1.09039,1.09321,5172,3
2025-04-07T20:00:00Z,1.09322,1.09499,1.09293,1.09386,4829,3
2025-04-07T21:00:00Z,1.09386,1.09528,1.09234,1.09338,4119,3
2025-04-07T22:00:00Z,1.09334,1.09482,1.09136,1.09153,3918,3
2025-04-07T23:00:00Z,1.09158,1.09195,1.09014,1.09052,1819,3
2025-04-08T00:00:00Z,1.09014,1.09125,1.09014,1.09114,320,24
2025-04-08T01:00:00Z,1.09114,1.09208,1.09085,1.09171,1338,2
2025-04-08T02:00:00Z,1.09166,1.09190,1.09077,1.09146,1725,3
2025-04-08T03:00:00Z,1.09147,1.09498,1.09147,1.09397,3371,3
2025-04-08T04:00:00Z,1.09396,1.09616,1.09377,1.09596,3874,3
2025-04-08T05:00:00Z,1.09597,1.09801,1.09595,1.09709,2754,3
2025-04-08T06:00:00Z,1.09710,1.09717,1.09608,1.09633,2129,3
2025-04-08T07:00:00Z,1.09630,1.09794,1.09620,1.09757,2283,3
2025-04-08T08:00:00Z,1.09757,1.09758,1.09538,1.09680,2810,3
2025-04-08T09:00:00Z,1.09680,1.09918,1.09612,1.09765,4506,3
2025-04-08T10:00:00Z,1.09769,1.09803,1.09214,1.09234,6144,2
2025-04-08T11:00:00Z,1.09235,1.09486,1.09227,1.09366,4842,2
2025-04-08T12:00:00Z,1.09366,1.09372,1.09111,1.09196,4662,2
2025-04-08T13:00:00Z,1.09195,1.09391,1.09135,1.09274,4135,2
2025-04-08T14:00:00Z,1.09273,1.09446,1.09249,1.09341,4822,2
2025-04-08T15:00:00Z,1.09348,1.09684,1.09343,1.09483,4698,2
2025-04-08T16:00:00Z,1.09483,1.09557,1.09269,1.09349,6043,2
2025-04-08T17:00:00Z,1.09357,1.09361,1.08882,1.09102,6315,2
2025-04-08T18:00:00Z,1.09101,1.09194,1.08958,1.09116,4927,2
2025-04-08T19:00:00Z,1.09116,1.09324,1.08984,1.09295,4819,2
2025-04-08T20:00:00Z,1.09294,1.09486,1.09261,1.09336,5377,2
2025-04-08T21:00:00Z,1.09337,1.09692,1.09296,1.09523,4404,2
2025-04-08T22:00:00Z,1.09522,1.09778,1.09508,1.09538,4388,2
2025-04-08T23:00:00Z,1.09540,1.09625,1.09388,1.09547,1724,3
2025-04-09T00:00:00Z,1.09516,1.09569,1.09473,1.09559,402,52
2025-04-09T01:00:00Z,1.09564,1.09776,1.09559,1.09682,1703,2
2025-04-09T02:00:00Z,1.09682,1.09850,1.09664,1.09775,2374,2
2025-04-09T03:00:00Z,1.09776,1.10165,1.09711,1.10146,4907,2
2025-04-09T04:00:00Z,1.10146,1.10398,1.10137,1.10201,5393,2
2025-04-09T05:00:00Z,1.10201,1.10286,1.10094,1.10197,3882,2
2025-04-09T06:00:00Z,1.10197,1.10358,1.10126,1.10196,3888,2
2025-04-09T07:00:00Z,1.10196,1.10688,1.10189,1.10687,5467,2
2025-04-09T08:00:00Z,1.10684,1.10684,1.10290,1.10615,5255,2
2025-04-09T09:00:00Z,1.10615,1.10897,1.10426,1.10734,7302,2
2025-04-09T10:00:00Z,1.10727,1.10794,1.10094,1.10154,7806,2
2025-04-09T11:00:00Z,1.10148,1.10350,1.09980,1.10274,6536,2
2025-04-09T12:00:00Z,1.10271,1.10502,1.10092,1.10440,5272,2
2025-04-09T13:00:00Z,1.10439,1.10578,1.10253,1.10334,5034,2
2025-04-09T14:00:00Z,1.10332,1.10568,1.10216,1.10354,7418,2
2025-04-09T15:00:00Z,1.10356,1.10950,1.10348,1.10754,6762,2
2025-04-09T16:00:00Z,1.10760,1.10817,1.10325,1.10451,6958,2
2025-04-09T17:00:00Z,1.10448,1.10512,1.10263,1.10407,5963,2
2025-04-09T18:00:00Z,1.10406,1.10693,1.10365,1.10381,4806,2
2025-04-09T19:00:00Z,1.10381,1.10423,1.10134,1.10202,3751,2
2025-04-09T20:00:00Z,1.10201,1.10638,1.09463,1.09748,8764,3
2025-04-09T21:00:00Z,1.09748,1.09829,1.09132,1.09637,8045,2
2025-04-09T22:00:00Z,1.09638,1.09764,1.09324,1.09344,5796,3
2025-04-09T23:00:00Z,1.09354,1.09620,1.09287,1.09492,3249,3
2025-04-10T00:00:00Z,1.09461,1.09533,1.09445,1.09478,493,26
2025-04-10T01:00:00Z,1.09484,1.09628,1.09477,1.09603,2555,2
2025-04-10T02:00:00Z,1.09605,1.09609,1.09428,1.09507,2712,3
2025-04-10T03:00:00Z,1.09504,1.09865,1.09504,1.09861,4725,3
2025-04-10T04:00:00Z,1.09861,1.09875,1.09691,1.09716,3564,3
2025-04-10T05:00:00Z,1.09717,1.09790,1.09613,1.09717,3048,3
2025-04-10T06:00:00Z,1.09717,1.09890,1.09703,1.09815,2791,3
2025-04-10T07:00:00Z,1.09814,1.09847,1.09773,1.09826,2383,3
2025-04-10T08:00:00Z,1.09826,1.09954,1.09775,1.09854,2499,3
2025-04-10T09:00:00Z,1.09854,1.09887,1.09626,1.09829,4754,3
2025-04-10T10:00:00Z,1.09825,1.10306,1.09674,1.10261,5979,2
2025-04-10T11:00:00Z,1.10264,1.10478,1.10162,1.10375,5320,2
2025-04-10T12:00:00Z,1.10375,1.10597,1.10337,1.10592,4559,2
2025-04-10T13:00:00Z,1.10595,1.10809,1.10549,1.10795,4692,2
2025-04-10T14:00:00Z,1.10795,1.10887,1.10671,1.10702,4536,2
2025-04-10T15:00:00Z,1.10696,1.11317,1.10679,1.10970,6236,2
2025-04-10T16:00:00Z,1.10976,1.11343,1.10908,1.11268,5611,2
2025-04-10T17:00:00Z,1.11268,1.11864,1.11244,1.11853,6063,2
2025-04-10T18:00:00Z,1.11853,1.12288,1.11536,1.11901,7229,2
2025-04-10T19:00:00Z,1.11907,1.12099,1.11774,1.11967,6138,2
2025-04-10T20:00:00Z,1.11966,1.12107,1.11744,1.12099,5281,2
2025-04-10T21:00:00Z,1.12099,1.12413,1.12012,1.12154,4712,2
2025-04-10T22:00:00Z,1.12151,1.12197,1.11587,1.12072,4910,2
2025-04-10T23:00:00Z,1.12047,1.12047,1.11809,1.12016,2266,3
2025-04-11T00:00:00Z,1.11910,1.11984,1.11862,1.11903,566,27
2025-04-11T01:00:00Z,1.11953,1.12351,1.11950,1.12349,2947,2
2025-04-11T02:00:00Z,1.12352,1.12625,1.12133,1.12579,4500,2
2025-04-11T03:00:00Z,1.12576,1.13813,1.12512,1.13102,7327,2
2025-04-11T04:00:00Z,1.13102,1.13228,1.12757,1.13057,6886,2
2025-04-11T05:00:00Z,1.13058,1.13229,1.12951,1.13026,5241,2
2025-04-11T06:00:00Z,1.13026,1.13543,1.13023,1.13408,4111,2
2025-04-11T07:00:00Z,1.13408,1.13410,1.13100,1.13224,3299,2
2025-04-11T08:00:00Z,1.13224,1.13234,1.12706,1.12851,4157,2
2025-04-11T09:00:00Z,1.12832,1.12896,1.12464,1.12869,5918,2
2025-04-11T10:00:00Z,1.12856,1.13688,1.12839,1.13642,7156,2
2025-04-11T11:00:00Z,1.13636,1.14733,1.13491,1.14272,8052,2
2025-04-11T12:00:00Z,1.14268,1.14268,1.13846,1.13854,6583,2
2025-04-11T13:00:00Z,1.13854,1.13854,1.13200,1.13372,6347,2
2025-04-11T14:00:00Z,1.13368,1.13714,1.13235,1.13291,5767,2
2025-04-11T15:00:00Z,1.13281,1.13989,1.13245,1.13953,6848,2
2025-04-11T16:00:00Z,1.13953,1.14122,1.13250,1.13607,7917,2
2025-04-11T17:00:00Z,1.13599,1.13817,1.13272,1.13400,8132,2
2025-04-11T18:00:00Z,1.13402,1.13500,1.13123,1.13247,6160,2
2025-04-11T19:00:00Z,1.13243,1.13268,1.12764,1.13058,5180,2
2025-04-11T20:00:00Z,1.13052,1.13270,1.12825,1.12854,4362,2
2025-04-11T21:00:00Z,1.12854,1.13211,1.12843,1.13124,4148,2
2025-04-11T22:00:00Z,1.13124,1.13437,1.13089,1.13415,3082,2
2025-04-11T23:00:00Z,1.13416,1.13528,1.13367,1.13506,1701,3
2025-04-14T00:00:00Z,1.13164,1.13195,1.13134,1.13181,241,23
2025-04-14T01:00:00Z,1.13181,1.13550,1.13181,1.13343,3497,2
2025-04-14T02:00:00Z,1.13349,1.13489,1.13242,1.13421,2877,2
2025-04-14T03:00:00Z,1.13421,1.13707,1.13408,1.13654,3996,2
2025-04-14T04:00:00Z,1.13654,1.14090,1.13642,1.13856,4439,2
2025-04-14T05:00:00Z,1.13856,1.14012,1.13709,1.13720,3352,2
2025-04-14T06:00:00Z,1.13719,1.13837,1.13577,1.13715,2963,2
2025-04-14T07:00:00Z,1.13715,1.13850,1.13655,1.13675,2131,2
2025-04-14T08:00:00Z,1.13675,1.13880,1.13527,1.13852,2872,2
2025-04-14T09:00:00Z,1.13852,1.14238,1.13765,1.14163,5160,2
2025-04-14T10:00:00Z,1.14168,1.14247,1.13835,1.13899,5237,2
2025-04-14T11:00:00Z,1.13899,1.14098,1.13790,1.13875,4810,2
2025-04-14T12:00:00Z,1.13875,1.14076,1.13865,1.13867,4310,2
2025-04-14T13:00:00Z,1.13866,1.13920,1.13715,1.13872,3520,2
2025-04-14T14:00:00Z,1.13873,1.14059,1.13725,1.13838,3112,2
2025-04-14T15:00:00Z,1.13839,1.13885,1.13345,1.13387,4716,2
2025-04-14T16:00:00Z,1.13387,1.13413,1.12958,1.13274,6181,2
2025-04-14T17:00:00Z,1.13274,1.13679,1.13198,1.13676,4645,2
2025-04-14T18:00:00Z,1.13675,1.13818,1.13526,1.13570,4892,2
2025-04-14T19:00:00Z,1.13571,1.13702,1.13302,1.13307,4114,2
2025-04-14T20:00:00Z,1.13308,1.13477,1.13284,1.13384,3237,2
2025-04-14T21:00:00Z,1.13384,1.13571,1.13379,1.13545,2758,2
2025-04-14T22:00:00Z,1.13545,1.13697,1.13500,1.13545,1971,2
2025-04-14T23:00:00Z,1.13549,1.13583,1.13431,1.13503,1459,3
2025-04-15T00:00:00Z,1.13422,1.13537,1.13417,1.13520,464,53
2025-04-15T01:00:00Z,1.13517,1.13612,1.13454,1.13539,1315,2
2025-04-15T02:00:00Z,1.13538,1.13538,1.13335,1.13361,1633,2
2025-04-15T03:00:00Z,1.13358,1.13387,1.13171,1.13286,2880,2
2025-04-15T04:00:00Z,1.13286,1.13350,1.13157,1.13241,2485,2
2025-04-15T05:00:00Z,1.13242,1.13521,1.13242,1.13495,2253,2
2025-04-15T06:00:00Z,1.13495,1.13530,1.13433,1.13474,1881,2
2025-04-15T07:00:00Z,1.13474,1.13631,1.13448,1.13568,2169,2
2025-04-15T08:00:00Z,1.13568,1.13678,1.13489,1.13505,2222,2
2025-04-15T09:00:00Z,1.13504,1.13645,1.13279,1.13321,3828,2
2025-04-15T10:00:00Z,1.13321,1.13597,1.13204,1.13571,3966,2
2025-04-15T11:00:00Z,1.13572,1.13790,1.13436,1.13469,4035,2
2025-04-15T12:00:00Z,1.13446,1.13560,1.13329,1.13386,3268,2
2025-04-15T13:00:00Z,1.13386,1.13493,1.13321,1.13444,2689,2
2025-04-15T14:00:00Z,1.13444,1.13444,1.13139,1.13265,3312,2
2025-04-15T15:00:00Z,1.13266,1.13413,1.13086,1.13129,4529,2
2025-04-15T16:00:00Z,1.13123,1.13285,1.13048,1.13175,4717,2
2025-04-15T17:00:00Z,1.13173,1.13294,1.12854,1.13288,5783,2
2025-04-15T18:00:00Z,1.13289,1.13290,1.12821,1.12887,4216,2
2025-04-15T19:00:00Z,1.12886,1.12918,1.12640,1.12743,3252,2
2025-04-15T20:00:00Z,1.12744,1.12827,1.12669,1.12726,2692,2
2025-04-15T21:00:00Z,1.12725,1.12765,1.12664,1.12734,2219,2
2025-04-15T22:00:00Z,1.12731,1.12875,1.12714,1.12823,1646,2
2025-04-15T23:00:00Z,1.12826,1.12896,1.12797,1.12824,1015,3
2025-04-16T00:00:00Z,1.12793,1.12845,1.12792,1.12803,361,25
2025-04-16T01:00:00Z,1.12806,1.12994,1.12806,1.12956,1242,2
2025-04-16T02:00:00Z,1.12957,1.12987,1.12833,1.12936,1870,2
2025-04-16T03:00:00Z,1.12935,1.13214,1.12927,1.13169,3442,2
2025-04-16T04:00:00Z,1.13169,1.13306,1.13163,1.13235,2919,2
2025-04-16T05:00:00Z,1.13240,1.13319,1.13182,1.13275,2414,2
2025-04-16T06:00:00Z,1.13275,1.13432,1.13244,1.13431,2123,2
2025-04-16T07:00:00Z,1.13431,1.13479,1.13328,1.13460,2012,2
2025-04-16T08:00:00Z,1.13460,1.13851,1.13410,1.13806,2975,2
2025-04-16T09:00:00Z,1.13798,1.13827,1.13606,1.13607,3593,2
2025-04-16T10:00:00Z,1.13610,1.13922,1.13591,1.13870,3669,2
2025-04-16T11:00:00Z,1.13876,1.13881,1.13381,1.13698,5149,2
2025-04-16T12:00:00Z,1.13697,1.13777,1.13558,1.13601,4070,2
2025-04-16T13:00:00Z,1.13601,1.13739,1.13522,1.13580,3687,2
2025-04-16T14:00:00Z,1.13573,1.13738,1.13548,1.13630,3579,2
2025-04-16T15:00:00Z,1.13632,1.13654,1.13403,1.13514,4874,2
2025-04-16T16:00:00Z,1.13516,1.13738,1.13496,1.13668,5091,2
2025-04-16T17:00:00Z,1.13677,1.13841,1.13539,1.13838,4909,2
2025-04-16T18:00:00Z,1.13839,1.13864,1.13571,1.13815,3822,2
2025-04-16T19:00:00Z,1.13815,1.13869,1.13700,1.13748,2893,2
2025-04-16T20:00:00Z,1.13737,1.13898,1.13590,1.13752,3776,2
2025-04-16T21:00:00Z,1.13752,1.13884,1.13650,1.13863,3598,2
2025-04-16T22:00:00Z,1.13858,1.14128,1.13848,1.13865,3196,2
2025-04-16T23:00:00Z,1.13864,1.13976,1.13816,1.13969,1338,3
2025-04-17T00:00:00Z,1.13966,1.13995,1.13944,1.13967,386,24
2025-04-17T01:00:00Z,1.13967,1.14006,1.13949,1.13996,1168,2
2025-04-17T02:00:00Z,1.13997,1.14093,1.13940,1.13953,1618,2
2025-04-17T03:00:00Z,1.13953,1.13967,1.13650,1.13676,3499,2
2025-04-17T04:00:00Z,1.13677,1.13693,1.13554,1.13654,3438,2
2025-04-17T05:00:00Z,1.13654,1.13818,1.13648,1.13782,2300,2
2025-04-17T06:00:00Z,1.13781,1.13808,1.13640,1.13642,1799,2
2025-04-17T07:00:00Z,1.13641,1.13696,1.13601,1.13621,1353,2
2025-04-17T08:00:00Z,1.13622,1.13711,1.13439,1.13522,2050,2
2025-04-17T09:00:00Z,1.13525,1.13709,1.13434,1.13588,3096,2
2025-04-17T10:00:00Z,1.13584,1.13789,1.13529,1.13766,3661,2
2025-04-17T11:00:00Z,1.13766,1.13885,1.13682,1.13785,3052,2
2025-04-17T12:00:00Z,1.13782,1.13808,1.13702,1.13724,2691,2
2025-04-17T13:00:00Z,1.13727,1.13766,1.13575,1.13596,3387,2
2025-04-17T14:00:00Z,1.13595,1.13700,1.13559,1.13564,2649,2
2025-04-17T15:00:00Z,1.13564,1.13679,1.13351,1.13564,5313,2
2025-04-17T16:00:00Z,1.13565,1.13778,1.13511,1.13610,5561,2
2025-04-17T17:00:00Z,1.13612,1.13857,1.13383,1.13494,4913,2
2025-04-17T18:00:00Z,1.13496,1.13765,1.13476,1.13631,3977,2
2025-04-17T19:00:00Z,1.13634,1.13707,1.13400,1.13504,3732,2
2025-04-17T20:00:00Z,1.13504,1.13537,1.13409,1.13511,2287,2
2025-04-17T21:00:00Z,1.13511,1.13751,1.13429,1.13732,2364,2
2025-04-17T22:00:00Z,1.13730,1.13760,1.13684,1.13734,1771,2
2025-04-17T23:00:00Z,1.13731,1.13764,1.13636,1.13652,950,3
2025-04-18T00:00:00Z,1.13635,1.13680,1.13590,1.13671,326,24
2025-04-18T01:00:00Z,1.13671,1.13700,1.13650,1.13668,2359,2
2025-04-18T02:00:00Z,1.13668,1.13731,1.13666,1.13722,796,4
2025-04-18T03:00:00Z,1.13722,1.13859,1.13635,1.13747,2368,2
2025-04-18T04:00:00Z,1.13740,1.13769,1.13685,1.13714,3109,2
2025-04-18T05:00:00Z,1.13706,1.13790,1.13694,1.13726,2630,2
2025-04-18T06:00:00Z,1.13726,1.13762,1.13697,1.13734,2831,2
2025-04-18T07:00:00Z,1.13734,1.13745,1.13690,1.13695,2399,2
2025-04-18T08:00:00Z,1.13694,1.13744,1.13637,1.13708,2548,2
2025-04-18T09:00:00Z,1.13708,1.13762,1.13618,1.13621,3568,2
2025-04-18T10:00:00Z,1.13585,1.13756,1.13572,1.13695,5204,2
2025-04-18T11:00:00Z,1.13698,1.13716,1.13668,1.13713,5021,2
2025-04-18T12:00:00Z,1.13712,1.13727,1.13677,1.13686,3848,2
2025-04-18T13:00:00Z,1.13689,1.13750,1.13683,1.13739,3910,2
2025-04-18T14:00:00Z,1.13739,1.13833,1.13717,1.13810,5798,2
2025-04-18T15:00:00Z,1.13809,1.13860,1.13806,1.13823,3938,2
2025-04-18T16:00:00Z,1.13822,1.13826,1.13757,1.13798,2224,2
2025-04-18T17:00:00Z,1.13798,1.13977,1.13787,1.13968,3490,2
2025-04-18T18:00:00Z,1.13969,1.13971,1.13877,1.13925,3604,2
2025-04-18T19:00:00Z,1.13925,1.13950,1.13878,1.13944,2648,2
2025-04-18T20:00:00Z,1.13945,1.13948,1.13904,1.13925,2095,2
2025-04-18T21:00:00Z,1.13925,1.13951,1.13908,1.13946,2283,2
2025-04-18T22:00:00Z,1.13946,1.13973,1.13924,1.13935,789,2
2025-04-18T23:00:00Z,1.13935,1.13949,1.13907,1.13925,1294,3
2025-04-21T00:00:00Z,1.13951,1.14240,1.13931,1.14069,1063,23
2025-04-21T01:00:00Z,1.14019,1.14382,1.13927,1.14330,2916,2
2025-04-21T02:00:00Z,1.14335,1.14585,1.14332,1.14489,2502,2
2025-04-21T03:00:00Z,1.14489,1.14861,1.14489,1.14662,3778,2
2025-04-21T04:00:00Z,1.14662,1.14784,1.14651,1.14765,2948,2
2025-04-21T05:00:00Z,1.14764,1.15307,1.14720,1.15043,3372,2
2025-04-21T06:00:00Z,1.15043,1.15247,1.15043,1.15151,2032,2
2025-04-21T07:00:00Z,1.15150,1.15172,1.14988,1.15172,1859,2
2025-04-21T08:00:00Z,1.15172,1.15343,1.15148,1.15311,2403,2
2025-04-21T09:00:00Z,1.15311,1.15341,1.15048,1.15157,3063,2
2025-04-21T10:00:00Z,1.15157,1.15676,1.15094,1.15555,3356,2
2025-04-21T11:00:00Z,1.15555,1.15645,1.15376,1.15580,3545,2
2025-04-21T12:00:00Z,1.15580,1.15730,1.15448,1.15471,2995,2
2025-04-21T13:00:00Z,1.15470,1.15484,1.15214,1.15234,2658,2
2025-04-21T14:00:00Z,1.15234,1.15476,1.15130,1.15427,3127,2
2025-04-21T15:00:00Z,1.15426,1.15500,1.15212,1.15425,3704,2
2025-04-21T16:00:00Z,1.15424,1.15427,1.15015,1.15191,3972,2
2025-04-21T17:00:00Z,1.15190,1.15247,1.14895,1.14975,4202,2
2025-04-21T18:00:00Z,1.14975,1.15077,1.14817,1.15070,3584,2
2025-04-21T19:00:00Z,1.15070,1.15132,1.15003,1.15093,2559,2
2025-04-21T20:00:00Z,1.15093,1.15145,1.14934,1.15138,2301,2
2025-04-21T21:00:00Z,1.15138,1.15252,1.15120,1.15221,2291,2
2025-04-21T22:00:00Z,1.15219,1.15268,1.15125,1.15126,2182,2
2025-04-21T23:00:00Z,1.15133,1.15158,1.15048,1.15122,1209,3
2025-04-22T00:00:00Z,1.15080,1.15137,1.15060,1.15072,396,24
2025-04-22T01:00:00Z,1.15076,1.15252,1.15069,1.15232,1017,2
2025-04-22T02:00:00Z,1.15237,1.15239,1.15075,1.15140,1335,2
2025-04-22T03:00:00Z,1.15140,1.15140,1.14820,1.14904,3265,2
2025-04-22T04:00:00Z,1.14904,1.14983,1.14855,1.14944,2889,2
2025-04-22T05:00:00Z,1.14944,1.15205,1.14940,1.15205,2263,2
2025-04-22T06:00:00Z,1.15205,1.15402,1.15191,1.15347,2894,2
2025-04-22T07:00:00Z,1.15346,1.15398,1.15271,1.15300,1743,2
2025-04-22T08:00:00Z,1.15300,1.15472,1.15182,1.15422,3351,2
2025-04-22T09:00:00Z,1.15420,1.15458,1.14960,1.15007,4510,2
2025-04-22T10:00:00Z,1.15019,1.15091,1.14832,1.15056,4637,2
2025-04-22T11:00:00Z,1.15057,1.15150,1.14945,1.14997,4242,2
2025-04-22T12:00:00Z,1.14997,1.15077,1.14877,1.14905,3503,2
2025-04-22T13:00:00Z,1.14904,1.15005,1.14880,1.14886,3464,2
2025-04-22T14:00:00Z,1.14883,1.15005,1.14840,1.14861,3144,2
2025-04-22T15:00:00Z,1.14857,1.14900,1.14614,1.14700,4266,2
2025-04-22T16:00:00Z,1.14703,1.14850,1.14559,1.14749,4210,2
2025-04-22T17:00:00Z,1.14742,1.14920,1.14612,1.14779,4149,2
2025-04-22T18:00:00Z,1.14782,1.14855,1.14638,1.14650,3394,2
2025-04-22T19:00:00Z,1.14655,1.14688,1.14331,1.14338,4123,2
2025-04-22T20:00:00Z,1.14339,1.14540,1.14308,1.14501,3439,2
2025-04-22T21:00:00Z,1.14501,1.14501,1.14225,1.14271,2134,2
2025-04-22T22:00:00Z,1.14271,1.14340,1.14199,1.14206,1811,2
2025-04-22T23:00:00Z,1.14208,1.14300,1.14174,1.14190,1021,3
2025-04-23T00:00:00Z,1.14212,1.14257,1.13608,1.13613,1203,23
2025-04-23T01:00:00Z,1.13616,1.13701,1.13080,1.13373,4502,2
2025-04-23T02:00:00Z,1.13376,1.13625,1.13295,1.13505,3504,2
2025-04-23T03:00:00Z,1.13504,1.13979,1.13491,1.13974,4124,2
2025-04-23T04:00:00Z,1.13974,1.14151,1.13844,1.14071,3608,2
2025-04-23T05:00:00Z,1.14070,1.14106,1.13901,1.14046,2944,2
2025-04-23T06:00:00Z,1.14046,1.14051,1.13731,1.13790,2550,2
2025-04-23T07:00:00Z,1.13790,1.13917,1.13708,1.13899,2205,2
2025-04-23T08:00:00Z,1.13900,1.13997,1.13710,1.13766,2748,2
2025-04-23T09:00:00Z,1.13767,1.13963,1.13747,1.13847,4441,2
2025-04-23T10:00:00Z,1.13851,1.14089,1.13783,1.13857,4755,2
2025-04-23T11:00:00Z,1.13865,1.14153,1.13798,1.14129,3564,2
2025-04-23T12:00:00Z,1.14129,1.14397,1.14128,1.14181,3297,2
2025-04-23T13:00:00Z,1.14180,1.14189,1.13901,1.14021,2701,2
2025-04-23T14:00:00Z,1.14021,1.14160,1.13861,1.14108,2823,2
2025-04-23T15:00:00Z,1.14108,1.14196,1.14019,1.14056,3558,2
2025-04-23T16:00:00Z,1.14055,1.14120,1.13332,1.13332,5778,2
2025-04-23T17:00:00Z,1.13333,1.13812,1.13282,1.13533,7204,2
2025-04-23T18:00:00Z,1.13533,1.13834,1.13439,1.13486,5680,2
2025-04-23T19:00:00Z,1.13487,1.13656,1.13366,1.13397,3883,2
2025-04-23T20:00:00Z,1.13397,1.13439,1.13251,1.13297,2620,2
2025-04-23T21:00:00Z,1.13297,1.13301,1.13151,1.13238,2416,2
2025-04-23T22:00:00Z,1.13232,1.13319,1.13182,1.13275,2205,2
2025-04-23T23:00:00Z,1.13274,1.13281,1.13103,1.13131,1239,3
2025-04-24T00:00:00Z,1.13148,1.13223,1.13132,1.13201,481,33
2025-04-24T01:00:00Z,1.13221,1.13473,1.13201,1.13322,1931,2
2025-04-24T02:00:00Z,1.13322,1.13384,1.13260,1.13295,1703,2
2025-04-24T03:00:00Z,1.13296,1.13468,1.13213,1.13436,2970,2
2025-04-24T04:00:00Z,1.13432,1.13575,1.13401,1.13498,3110,2
2025-04-24T05:00:00Z,1.13497,1.13571,1.13463,1.13551,2165,2
2025-04-24T06:00:00Z,1.13552,1.13560,1.13363,1.13380,1527,2
2025-04-24T07:00:00Z,1.13384,1.13422,1.13323,1.13391,1419,2
2025-04-24T08:00:00Z,1.13390,1.13455,1.13305,1.13363,2074,2
2025-04-24T09:00:00Z,1.13364,1.13543,1.13358,1.13522,2949,2
2025-04-24T10:00:00Z,1.13522,1.13803,1.13517,1.13800,3421,2
2025-04-24T11:00:00Z,1.13798,1.13927,1.13630,1.13803,3627,2
2025-04-24T12:00:00Z,1.13804,1.13910,1.13751,1.13844,2557,2
2025-04-24T13:00:00Z,1.13844,1.13946,1.13761,1.13792,2396,2
2025-04-24T14:00:00Z,1.13791,1.13902,1.13684,1.13728,2655,2
2025-04-24T15:00:00Z,1.13725,1.13785,1.13579,1.13765,3761,2
2025-04-24T16:00:00Z,1.13770,1.13840,1.13634,1.13758,3552,2
2025-04-24T17:00:00Z,1.13761,1.13870,1.13630,1.13727,4237,2
2025-04-24T18:00:00Z,1.13728,1.13758,1.13475,1.13608,3730,2
2025-04-24T19:00:00Z,1.13608,1.13805,1.13578,1.13799,2921,2
2025-04-24T20:00:00Z,1.13798,1.13856,1.13673,1.13692,2241,2
2025-04-24T21:00:00Z,1.13692,1.13793,1.13637,1.13779,1880,2
2025-04-24T22:00:00Z,1.13779,1.13974,1.13775,1.13847,1714,2
2025-04-24T23:00:00Z,1.13844,1.13974,1.13818,1.13933,1033,3
2025-04-25T00:00:00Z,1.13814,1.13900,1.13805,1.13840,973,23
2025-04-25T01:00:00Z,1.13840,1.13909,1.13840,1.13864,1189,2
2025-04-25T02:00:00Z,1.13867,1.13882,1.13705,1.13727,1262,2
2025-04-25T03:00:00Z,1.13726,1.13726,1.13468,1.13473,2524,2
2025-04-25T04:00:00Z,1.13473,1.13549,1.13425,1.13438,2580,2
2025-04-25T05:00:00Z,1.13437,1.13516,1.13413,1.13479,1852,2
2025-04-25T06:00:00Z,1.13479,1.13592,1.13250,1.13258,3192,2
2025-04-25T07:00:00Z,1.13258,1.13359,1.13156,1.13350,2458,2
2025-04-25T08:00:00Z,1.13350,1.13416,1.13253,1.13312,2653,2
2025-04-25T09:00:00Z,1.13313,1.13574,1.13216,1.13416,3242,2
2025-04-25T10:00:00Z,1.13418,1.13681,1.13418,1.13598,3894,2
2025-04-25T11:00:00Z,1.13598,1.13644,1.13397,1.13504,2776,2
2025-04-25T12:00:00Z,1.13504,1.13608,1.13447,1.13460,2706,2
2025-04-25T13:00:00Z,1.13460,1.13595,1.13341,1.13559,2970,2
2025-04-25T14:00:00Z,1.13557,1.13666,1.13460,1.13492,2449,2
2025-04-25T15:00:00Z,1.13492,1.13599,1.13491,1.13524,2530,2
2025-04-25T16:00:00Z,1.13523,1.13554,1.13330,1.13535,3627,2
2025-04-25T17:00:00Z,1.13533,1.13805,1.13525,1.13683,3853,2
2025-04-25T18:00:00Z,1.13684,1.13823,1.13579,1.13803,2514,2
2025-04-25T19:00:00Z,1.13803,1.13886,1.13682,1.13686,1995,2
2025-04-25T20:00:00Z,1.13686,1.13826,1.13650,1.13766,2050,2
2025-04-25T21:00:00Z,1.13766,1.13808,1.13691,1.13796,1727,2
2025-04-25T22:00:00Z,1.13796,1.13810,1.13588,1.13592,1485,2
2025-04-25T23:00:00Z,1.13592,1.13644,1.13568,1.13596,874,3
2025-04-28T00:00:00Z,1.13585,1.13614,1.13561,1.13602,173,23
2025-04-28T01:00:00Z,1.13601,1.13655,1.13398,1.13498,922,2
2025-04-28T02:00:00Z,1.13498,1.13548,1.13412,1.13451,853,2
2025-04-28T03:00:00Z,1.13451,1.13644,1.13448,1.13637,2207,2
2025-04-28T04:00:00Z,1.13637,1.13665,1.13496,1.13511,2167,2
2025-04-28T05:00:00Z,1.13511,1.13571,1.13430,1.13533,1771,2
2025-04-28T06:00:00Z,1.13533,1.13602,1.13510,1.13561,1353,2
2025-04-28T07:00:00Z,1.13560,1.13725,1.13524,1.13722,1696,2
2025-04-28T08:00:00Z,1.13722,1.13808,1.13717,1.13743,1888,2
2025-04-28T09:00:00Z,1.13737,1.13742,1.13295,1.13316,3041,2
2025-04-28T10:00:00Z,1.13314,1.13617,1.13308,1.13483,3183,2
2025-04-28T11:00:00Z,1.13482,1.13516,1.13353,1.13435,2669,2
2025-04-28T12:00:00Z,1.13435,1.13586,1.13423,1.13497,2667,2
2025-04-28T13:00:00Z,1.13497,1.13605,1.13459,1.13505,2054,2
2025-04-28T14:00:00Z,1.13505,1.13561,1.13410,1.13515,2106,2
2025-04-28T15:00:00Z,1.13515,1.13727,1.13504,1.13509,2954,2
2025-04-28T16:00:00Z,1.13509,1.13739,1.13395,1.13648,3608,2
2025-04-28T17:00:00Z,1.13647,1.14135,1.13573,1.13786,4391,2
2025-04-28T18:00:00Z,1.13788,1.13922,1.13711,1.13860,3339,2
2025-04-28T19:00:00Z,1.13861,1.14221,1.13852,1.14114,3263,2
2025-04-28T20:00:00Z,1.14114,1.14192,1.14003,1.14009,2732,2
2025-04-28T21:00:00Z,1.14009,1.14140,1.14002,1.14134,2039,2
2025-04-28T22:00:00Z,1.14135,1.14247,1.14133,1.14218,1695,2
2025-04-28T23:00:00Z,1.14219,1.14246,1.14192,1.14230,973,3
2025-04-29T00:00:00Z,1.14185,1.14205,1.14176,1.14199,225,23
2025-04-29T01:00:00Z,1.14209,1.14218,1.14119,1.14128,988,2
2025-04-29T02:00:00Z,1.14128,1.14218,1.14008,1.14079,1410,2
2025-04-29T03:00:00Z,1.14079,1.14161,1.13992,1.13997,1871,2
2025-04-29T04:00:00Z,1.13997,1.14086,1.13874,1.13925,2025,2
2025-04-29T05:00:00Z,1.13925,1.14199,1.13923,1.13982,2497,2
2025-04-29T06:00:00Z,1.13982,1.14001,1.13864,1.13906,2131,2
2025-04-29T07:00:00Z,1.13906,1.13938,1.13740,1.13782,1581,2
2025-04-29T08:00:00Z,1.13782,1.13880,1.13760,1.13869,2080,2
2025-04-29T09:00:00Z,1.13868,1.13995,1.13833,1.13896,2752,2
2025-04-29T10:00:00Z,1.13928,1.14121,1.13872,1.14036,3692,2
2025-04-29T11:00:00Z,1.14050,1.14082,1.13816,1.13853,3077,2
2025-04-29T12:00:00Z,1.13853,1.13973,1.13805,1.13806,2626,2
2025-04-29T13:00:00Z,1.13804,1.13854,1.13731,1.13779,2466,2
2025-04-29T14:00:00Z,1.13779,1.13868,1.13709,1.13745,2312,2
2025-04-29T15:00:00Z,1.13752,1.14145,1.13701,1.14106,3345,2
2025-04-29T16:00:00Z,1.14106,1.14170,1.13902,1.13979,4197,2
2025-04-29T17:00:00Z,1.13976,1.14171,1.13789,1.13831,5117,2
2025-04-29T18:00:00Z,1.13832,1.14044,1.13821,1.13960,3215,2
2025-04-29T19:00:00Z,1.13960,1.14188,1.13953,1.14032,2885,2
2025-04-29T20:00:00Z,1.14032,1.14046,1.13836,1.13859,2189,2
2025-04-29T21:00:00Z,1.13858,1.13931,1.13760,1.13824,1982,2
2025-04-29T22:00:00Z,1.13822,1.13884,1.13761,1.13817,1595,2
2025-04-29T23:00:00Z,1.13816,1.13919,1.13806,1.13853,892,3
2025-04-30T00:00:00Z,1.13818,1.13862,1.13772,1.13842,1015,23
2025-04-30T01:00:00Z,1.13842,1.13956,1.13836,1.13917,1028,2
2025-04-30T02:00:00Z,1.13917,1.13932,1.13859,1.13902,968,2
2025-04-30T03:00:00Z,1.13908,1.13952,1.13767,1.13825,1964,2
2025-04-30T04:00:00Z,1.13825,1.13864,1.13572,1.13587,2243,2
2025-04-30T05:00:00Z,1.13586,1.13723,1.13550,1.13705,1996,2
2025-04-30T06:00:00Z,1.13705,1.13796,1.13666,1.13686,1644,2
2025-04-30T07:00:00Z,1.13686,1.13781,1.13662,1.13733,1628,2
2025-04-30T08:00:00Z,1.13732,1.13842,1.13716,1.13828,1573,2
2025-04-30T09:00:00Z,1.13828,1.13994,1.13657,1.13905,2783,2
2025-04-30T10:00:00Z,1.13901,1.13901,1.13735,1.13774,2857,2
2025-04-30T11:00:00Z,1.13778,1.13853,1.13622,1.13713,2955,2
2025-04-30T12:00:00Z,1.13714,1.13794,1.13602,1.13622,2515,2
2025-04-30T13:00:00Z,1.13624,1.13695,1.13607,1.13619,2078,2
2025-04-30T14:00:00Z,1.13618,1.13804,1.13559,1.13734,2595,2
2025-04-30T15:00:00Z,1.13732,1.13886,1.13646,1.13740,4482,2
2025-04-30T16:00:00Z,1.13737,1.13775,1.13614,1.13688,4132,2
2025-04-30T17:00:00Z,1.13686,1.13791,1.13499,1.13670,4997,2
2025-04-30T18:00:00Z,1.13668,1.13750,1.13232,1.13481,5088,2
2025-04-30T19:00:00Z,1.13481,1.13591,1.13448,1.13554,2811,2
2025-04-30T20:00:00Z,1.13555,1.13647,1.13450,1.13457,2074,2
2025-04-30T21:00:00Z,1.13457,1.13584,1.13429,1.13487,2432,2
2025-04-30T22:00:00Z,1.13487,1.13531,1.13281,1.13295,1952,2
2025-04-30T23:00:00Z,1.13297,1.13310,1.13170,1.13239,1665,3
2025-05-01T00:00:00Z,1.13264,1.13309,1.13236,1.13250,294,28
2025-05-01T01:00:00Z,1.13261,1.13302,1.13222,1.13256,1311,2
2025-05-01T02:00:00Z,1.13257,1.13261,1.13188,1.13219,1290,2
2025-05-01T03:00:00Z,1.13219,1.13294,1.13204,1.13218,1962,2
2025-05-01T04:00:00Z,1.13218,1.13222,1.13030,1.13084,1690,2
2025-05-01T05:00:00Z,1.13084,1.13160,1.13059,1.13151,1492,2
2025-05-01T06:00:00Z,1.13152,1.13185,1.12997,1.13120,2432,2
2025-05-01T07:00:00Z,1.13119,1.13142,1.13023,1.13024,1613,2
2025-05-01T08:00:00Z,1.13025,1.13065,1.12881,1.13000,2358,2
2025-05-01T09:00:00Z,1.13000,1.13125,1.12983,1.13023,2762,2
2025-05-01T10:00:00Z,1.13023,1.13106,1.12874,1.13100,2922,2
2025-05-01T11:00:00Z,1.13100,1.13308,1.13100,1.13197,2283,2
2025-05-01T12:00:00Z,1.13197,1.13248,1.13133,1.13142,1930,2
2025-05-01T13:00:00Z,1.13142,1.13341,1.13118,1.13320,1981,2
2025-05-01T14:00:00Z,1.13320,1.13410,1.13162,1.13202,2346,2
2025-05-01T15:00:00Z,1.13201,1.13387,1.13082,1.13154,3751,2
2025-05-01T16:00:00Z,1.13151,1.13276,1.13113,1.13183,3641,2
2025-05-01T17:00:00Z,1.13123,1.13187,1.12704,1.12815,4837,2
2025-05-01T18:00:00Z,1.12815,1.12901,1.12659,1.12793,3402,2
2025-05-01T19:00:00Z,1.12791,1.12921,1.12728,1.12905,2384,2
2025-05-01T20:00:00Z,1.12905,1.12913,1.12796,1.12829,1632,2
2025-05-01T21:00:00Z,1.12829,1.12933,1.12750,1.12853,2088,2
2025-05-01T22:00:00Z,1.12857,1.12922,1.12810,1.12884,1793,2
2025-05-01T23:00:00Z,1.12882,1.12937,1.12844,1.12927,1141,3
2025-05-02T00:00:00Z,1.12846,1.12881,1.12846,1.12858,283,23
2025-05-02T01:00:00Z,1.12858,1.12992,1.12858,1.12951,941,2
2025-05-02T02:00:00Z,1.12953,1.12972,1.12910,1.12957,1065,2
2025-05-02T03:00:00Z,1.12957,1.12992,1.12740,1.12822,2487,2
2025-05-02T04:00:00Z,1.12825,1.12956,1.12784,1.12956,2551,2
2025-05-02T05:00:00Z,1.12956,1.13032,1.12928,1.12940,1996,2
2025-05-02T06:00:00Z,1.12940,1.13153,1.12939,1.13127,1889,2
2025-05-02T07:00:00Z,1.13127,1.13138,1.13010,1.13039,2226,2
2025-05-02T08:00:00Z,1.13040,1.13141,1.13024,1.13077,1963,2
2025-05-02T09:00:00Z,1.13077,1.13290,1.13058,1.13257,3217,2
2025-05-02T10:00:00Z,1.13258,1.13378,1.13179,1.13282,2996,2
2025-05-02T11:00:00Z,1.13282,1.13347,1.13162,1.13311,2916,2
2025-05-02T12:00:00Z,1.13330,1.13548,1.13257,1.13501,3198,2
2025-05-02T13:00:00Z,1.13501,1.13519,1.13275,1.13311,2427,2
2025-05-02T14:00:00Z,1.13311,1.13499,1.13241,1.13464,2647,2
2025-05-02T15:00:00Z,1.13466,1.13473,1.13037,1.13189,5320,2
2025-05-02T16:00:00Z,1.13187,1.13797,1.13147,1.13725,5774,2
2025-05-02T17:00:00Z,1.13726,1.13808,1.13575,1.13684,4911,2
2025-05-02T18:00:00Z,1.13684,1.13684,1.13205,1.13290,3817,2
2025-05-02T19:00:00Z,1.13290,1.13388,1.13171,1.13198,3885,2
2025-05-02T20:00:00Z,1.13198,1.13202,1.12984,1.13040,2727,2
2025-05-02T21:00:00Z,1.13040,1.13085,1.12924,1.12997,2228,2
2025-05-02T22:00:00Z,1.12997,1.13088,1.12997,1.13044,1672,2
2025-05-02T23:00:00Z,1.13041,1.13051,1.12934,1.12984,877,3
2025-05-05T00:00:00Z,1.13006,1.13059,1.12901,1.12963,426,29
2025-05-05T01:00:00Z,1.12983,1.13147,1.12979,1.13057,1700,2
2025-05-05T02:00:00Z,1.13057,1.13279,1.13020,1.13210,1501,2
2025-05-05T03:00:00Z,1.13211,1.13239,1.13142,1.13223,2033,2
2025-05-05T04:00:00Z,1.13232,1.13397,1.13226,1.13348,2902,2
2025-05-05T05:00:00Z,1.13353,1.13467,1.13315,1.13423,2080,2
2025-05-05T06:00:00Z,1.13423,1.13424,1.13281,1.13321,1438,2
2025-05-05T07:00:00Z,1.13321,1.13389,1.13285,1.13374,1393,2
2025-05-05T08:00:00Z,1.13374,1.13474,1.13302,1.13334,2407,2
2025-05-05T09:00:00Z,1.13333,1.13367,1.13180,1.13260,3109,2
2025-05-05T10:00:00Z,1.13255,1.13308,1.13130,1.13130,2896,2
2025-05-05T11:00:00Z,1.13127,1.13327,1.13113,1.13260,3014,2
2025-05-05T12:00:00Z,1.13264,1.13439,1.13262,1.13412,2873,2
2025-05-05T13:00:00Z,1.13412,1.13456,1.13327,1.13447,2453,2
2025-05-05T14:00:00Z,1.13447,1.13572,1.13401,1.13425,2430,2
2025-05-05T15:00:00Z,1.13423,1.13633,1.13402,1.13598,3325,2
2025-05-05T16:00:00Z,1.13599,1.13648,1.13517,1.13520,3024,2
2025-05-05T17:00:00Z,1.13399,1.13526,1.13306,1.13387,4433,2
2025-05-05T18:00:00Z,1.13382,1.13411,1.13125,1.13142,2951,2
2025-05-05T19:00:00Z,1.13142,1.13142,1.12991,1.13022,2536,2
2025-05-05T20:00:00Z,1.13022,1.13111,1.12974,1.12999,1636,2
2025-05-05T21:00:00Z,1.12998,1.13154,1.12972,1.13130,1524,2
2025-05-05T22:00:00Z,1.13130,1.13209,1.13107,1.13148,1692,2
2025-05-05T23:00:00Z,1.13148,1.13201,1.13117,1.13135,685,3
2025-05-06T00:00:00Z,1.13126,1.13176,1.13126,1.13154,217,31
2025-05-06T01:00:00Z,1.13151,1.13198,1.13133,1.13145,632,2
2025-05-06T02:00:00Z,1.13146,1.13163,1.13099,1.13121,644,2
2025-05-06T03:00:00Z,1.13121,1.13122,1.12808,1.12861,2185,2
2025-05-06T04:00:00Z,1.12860,1.12966,1.12799,1.12936,2667,2
2025-05-06T05:00:00Z,1.12936,1.13139,1.12929,1.13071,2286,2
2025-05-06T06:00:00Z,1.13072,1.13173,1.13033,1.13151,1653,2
2025-05-06T07:00:00Z,1.13151,1.13275,1.13145,1.13245,1281,2
2025-05-06T08:00:00Z,1.13245,1.13255,1.13135,1.13183,1595,2
2025-05-06T09:00:00Z,1.13183,1.13354,1.13138,1.13261,2719,2
2025-05-06T10:00:00Z,1.13259,1.13478,1.13221,1.13390,3769,2
2025-05-06T11:00:00Z,1.13390,1.13494,1.13229,1.13271,3945,2
2025-05-06T12:00:00Z,1.13271,1.13298,1.13052,1.13117,3096,2
2025-05-06T13:00:00Z,1.13118,1.13275,1.13096,1.13258,2688,2
2025-05-06T14:00:00Z,1.13257,1.13349,1.13224,1.13271,2633,2
2025-05-06T15:00:00Z,1.13276,1.13437,1.13169,1.13403,2913,2
2025-05-06T16:00:00Z,1.13402,1.13574,1.13262,1.13530,3447,2
2025-05-06T17:00:00Z,1.13532,1.13695,1.13409,1.13412,4023,2
2025-05-06T18:00:00Z,1.13410,1.13498,1.13353,1.13435,2829,2
2025-05-06T19:00:00Z,1.13435,1.13556,1.13307,1.13486,2689,2
2025-05-06T20:00:00Z,1.13489,1.13703,1.13489,1.13643,2137,2
2025-05-06T21:00:00Z,1.13643,1.13723,1.13547,1.13716,1853,2
2025-05-06T22:00:00Z,1.13716,1.13811,1.13667,1.13726,1639,2
2025-05-06T23:00:00Z,1.13726,1.13795,1.13657,1.13724,1077,3
2025-05-07T00:00:00Z,1.13637,1.13725,1.13637,1.13703,393,27
2025-05-07T01:00:00Z,1.13703,1.13732,1.13261,1.13426,3008,2
2025-05-07T02:00:00Z,1.13427,1.13456,1.13333,1.13399,2132,2
2025-05-07T03:00:00Z,1.13399,1.13515,1.13253,1.13409,3667,2
2025-05-07T04:00:00Z,1.13409,1.13515,1.13262,1.13445,3792,2
2025-05-07T05:00:00Z,1.13447,1.13494,1.13355,1.13409,2829,2
2025-05-07T06:00:00Z,1.13409,1.13473,1.13365,1.13458,1846,2
2025-05-07T07:00:00Z,1.13458,1.13514,1.13428,1.13436,1435,2
2025-05-07T08:00:00Z,1.13435,1.13670,1.13429,1.13656,2064,2
2025-05-07T09:00:00Z,1.13653,1.13779,1.13596,1.13737,2863,2
2025-05-07T10:00:00Z,1.13727,1.13729,1.13550,1.13624,3161,2
2025-05-07T11:00:00Z,1.13625,1.13737,1.13539,1.13580,2870,2
2025-05-07T12:00:00Z,1.13578,1.13618,1.13472,1.13567,2610,2
2025-05-07T13:00:00Z,1.13567,1.13668,1.13559,1.13656,2113,2
2025-05-07T14:00:00Z,1.13656,1.13727,1.13562,1.13575,2120,2
2025-05-07T15:00:00Z,1.13575,1.13664,1.13557,1.13591,2646,2
2025-05-07T16:00:00Z,1.13591,1.13681,1.13530,1.13669,2894,2
2025-05-07T17:00:00Z,1.13669,1.13709,1.13544,1.13670,2877,2
2025-05-07T18:00:00Z,1.13667,1.13695,1.13415,1.13470,3024,2
2025-05-07T19:00:00Z,1.13470,1.13541,1.13370,1.13489,2224,2
2025-05-07T20:00:00Z,1.13488,1.13495,1.13349,1.13405,1780,2
2025-05-07T21:00:00Z,1.13405,1.13649,1.13203,1.13337,5699,3
2025-05-07T22:00:00Z,1.13338,1.13344,1.13007,1.13068,4715,2
2025-05-07T23:00:00Z,1.13068,1.13079,1.12915,1.13020,1268,3
2025-05-08T00:00:00Z,1.13032,1.13135,1.13027,1.13095,426,23
2025-05-08T01:00:00Z,1.13103,1.13103,1.12998,1.13013,1172,2
2025-05-08T02:00:00Z,1.13012,1.13102,1.13012,1.13028,980,2
2025-05-08T03:00:00Z,1.13030,1.13223,1.13020,1.13100,2159,2
2025-05-08T04:00:00Z,1.13100,1.13325,1.13082,1.13317,3231,2
2025-05-08T05:00:00Z,1.13317,1.13353,1.13225,1.13227,2387,2
2025-05-08T06:00:00Z,1.13227,1.13360,1.13226,1.13274,1639,2
2025-05-08T07:00:00Z,1.13274,1.13309,1.13178,1.13180,1356,2
2025-05-08T08:00:00Z,1.13180,1.13182,1.12967,1.13038,2364,2
2025-05-08T09:00:00Z,1.13034,1.13075,1.12766,1.12823,3578,2
2025-05-08T10:00:00Z,1.12826,1.12975,1.12702,1.12972,3380,2
2025-05-08T11:00:00Z,1.12972,1.13029,1.12835,1.12877,3207,2
2025-05-08T12:00:00Z,1.12877,1.12977,1.12828,1.12847,2706,2
2025-05-08T13:00:00Z,1.12847,1.12995,1.12753,1.12873,2309,2
2025-05-08T14:00:00Z,1.12873,1.13048,1.12853,1.12959,2854,2
2025-05-08T15:00:00Z,1.12959,1.13201,1.12927,1.12995,3717,2
2025-05-08T16:00:00Z,1.12996,1.13117,1.12953,1.13060,3822,2
2025-05-08T17:00:00Z,1.13063,1.13163,1.12758,1.12781,4242,2
2025-05-08T18:00:00Z,1.12781,1.12896,1.12344,1.12481,5023,2
2025-05-08T19:00:00Z,1.12485,1.12492,1.12204,1.12260,3886,2
2025-05-08T20:00:00Z,1.12260,1.12296,1.12124,1.12267,2615,2
2025-05-08T21:00:00Z,1.12267,1.12305,1.12196,1.12245,1854,2
2025-05-08T22:00:00Z,1.12245,1.12282,1.12120,1.12261,2359,2
2025-05-08T23:00:00Z,1.12260,1.12295,1.12197,1.12292,904,3
2025-05-09T00:00:00Z,1.12201,1.12269,1.12201,1.12269,228,23
2025-05-09T01:00:00Z,1.12281,1.12329,1.12263,1.12318,767,2
2025-05-09T02:00:00Z,1.12320,1.12324,1.12220,1.12268,1172,2
2025-05-09T03:00:00Z,1.12268,1.12333,1.12132,1.12269,2402,2
2025-05-09T04:00:00Z,1.12269,1.12291,1.12107,1.12120,2372,2
2025-05-09T05:00:00Z,1.12120,1.12194,1.11965,1.12184,2366,2
2025-05-09T06:00:00Z,1.12184,1.12276,1.12183,1.12226,2251,2
2025-05-09T07:00:00Z,1.12226,1.12296,1.12226,1.12278,1584,2
2025-05-09T08:00:00Z,1.12278,1.12365,1.12182,1.12356,2021,2
2025-05-09T09:00:00Z,1.12356,1.12473,1.12321,1.12402,2741,2
2025-05-09T10:00:00Z,1.12402,1.12582,1.12370,1.12511,3105,2
2025-05-09T11:00:00Z,1.12514,1.12593,1.12421,1.12563,2669,2
2025-05-09T12:00:00Z,1.12563,1.12597,1.12449,1.12461,2349,2
2025-05-09T13:00:00Z,1.12461,1.12512,1.12422,1.12457,2323,2
2025-05-09T14:00:00Z,1.12456,1.12600,1.12440,1.12542,2950,2
2025-05-09T15:00:00Z,1.12542,1.12566,1.12470,1.12539,2369,2
2025-05-09T16:00:00Z,1.12539,1.12681,1.12531,1.12583,2831,2
2025-05-09T17:00:00Z,1.12583,1.12927,1.12557,1.12675,3773,2
2025-05-09T18:00:00Z,1.12673,1.12730,1.12601,1.12696,3104,2
2025-05-09T19:00:00Z,1.12695,1.12751,1.12574,1.12585,2360,2
2025-05-09T20:00:00Z,1.12583,1.12651,1.12527,1.12619,1573,2
2025-05-09T21:00:00Z,1.12619,1.12662,1.12545,1.12588,1409,2
2025-05-09T22:00:00Z,1.12588,1.12599,1.12487,1.12571,1171,2
2025-05-09T23:00:00Z,1.12564,1.12573,1.12464,1.12474,641,3
2025-05-12T00:00:00Z,1.11979,1.12231,1.11919,1.12089,481,24
2025-05-12T01:00:00Z,1.12113,1.12315,1.12113,1.12253,2084,2
2025-05-12T02:00:00Z,1.12253,1.12362,1.12229,1.12279,1600,2
2025-05-12T03:00:00Z,1.12286,1.12391,1.12250,1.12386,2938,2
2025-05-12T04:00:00Z,1.12386,1.12427,1.12222,1.12258,3418,2
2025-05-12T05:00:00Z,1.12258,1.12378,1.12251,1.12284,2234,2
2025-05-12T06:00:00Z,1.12284,1.12341,1.12250,1.12331,1896,2
2025-05-12T07:00:00Z,1.12330,1.12346,1.12261,1.12274,1375,2
2025-05-12T08:00:00Z,1.12274,1.12300,1.12137,1.12220,1926,2
2025-05-12T09:00:00Z,1.12220,1.12359,1.12161,1.12177,3138,2
2025-05-12T10:00:00Z,1.12179,1.12189,1.10979,1.11050,9517,2
2025-05-12T11:00:00Z,1.11050,1.11453,1.10824,1.11375,6634,2
2025-05-12T12:00:00Z,1.11370,1.11418,1.11146,1.11185,4304,2
2025-05-12T13:00:00Z,1.11182,1.11183,1.10721,1.10795,5042,2
2025-05-12T14:00:00Z,1.10795,1.11175,1.10770,1.11111,4695,2
2025-05-12T15:00:00Z,1.11109,1.11262,1.11005,1.11134,4042,2
2025-05-12T16:00:00Z,1.11135,1.11345,1.11101,1.11188,4570,2
2025-05-12T17:00:00Z,1.11188,1.11341,1.11073,1.11116,5568,2
2025-05-12T18:00:00Z,1.11116,1.11237,1.11002,1.11049,3677,2
2025-05-12T19:00:00Z,1.11049,1.11109,1.10837,1.10846,2930,2
2025-05-12T20:00:00Z,1.10846,1.10884,1.10726,1.10790,2139,2
2025-05-12T21:00:00Z,1.10791,1.10912,1.10653,1.10895,2550,2
2025-05-12T22:00:00Z,1.10895,1.10967,1.10825,1.10922,1988,2
2025-05-12T23:00:00Z,1.10920,1.10945,1.10871,1.10873,918,3
2025-05-13T00:00:00Z,1.10877,1.10900,1.10846,1.10875,380,26
2025-05-13T01:00:00Z,1.10876,1.10947,1.10872,1.10936,1174,2
2025-05-13T02:00:00Z,1.10939,1.11000,1.10894,1.10957,1401,2
2025-05-13T03:00:00Z,1.10957,1.11065,1.10951,1.11045,2723,2
2025-05-13T04:00:00Z,1.11045,1.11091,1.10997,1.11065,3081,2
2025-05-13T05:00:00Z,1.11064,1.11113,1.10992,1.11028,2176,2
2025-05-13T06:00:00Z,1.11029,1.11168,1.10991,1.11164,1659,2
2025-05-13T07:00:00Z,1.11164,1.11170,1.11088,1.11168,1652,2
2025-05-13T08:00:00Z,1.11168,1.11194,1.11086,1.11104,1965,2
2025-05-13T09:00:00Z,1.11104,1.11185,1.11014,1.11112,3029,2
2025-05-13T10:00:00Z,1.11112,1.11243,1.11027,1.11159,3857,2
2025-05-13T11:00:00Z,1.11160,1.11177,1.11027,1.11118,2919,2
2025-05-13T12:00:00Z,1.11118,1.11154,1.11025,1.11070,2481,2
2025-05-13T13:00:00Z,1.11070,1.11095,1.10970,1.11046,2367,2
2025-05-13T14:00:00Z,1.11046,1.11120,1.11033,1.11068,1811,2
2025-05-13T15:00:00Z,1.11070,1.11313,1.11067,1.11307,4256,2
2025-05-13T16:00:00Z,1.11306,1.11486,1.11274,1.11355,4931,2
2025-05-13T17:00:00Z,1.11355,1.11642,1.11302,1.11614,4976,2
2025-05-13T18:00:00Z,1.11614,1.11777,1.11568,1.11751,3940,2
2025-05-13T19:00:00Z,1.11749,1.11830,1.11645,1.11757,2508,2
2025-05-13T20:00:00Z,1.11757,1.11797,1.11676,1.11769,1699,2
2025-05-13T21:00:00Z,1.11766,1.11859,1.11751,1.11849,1670,2
2025-05-13T22:00:00Z,1.11849,1.11916,1.11827,1.11896,1347,2
2025-05-13T23:00:00Z,1.11895,1.11945,1.11869,1.11873,957,3
2025-05-14T00:00:00Z,1.11853,1.11860,1.11802,1.11848,412,27
2025-05-14T01:00:00Z,1.11842,1.11972,1.11842,1.11971,815,2
2025-05-14T02:00:00Z,1.11971,1.11971,1.11848,1.11857,1104,2
2025-05-14T03:00:00Z,1.11857,1.11965,1.11822,1.11920,2321,2
2025-05-14T04:00:00Z,1.11920,1.11976,1.11835,1.11882,3270,2
2025-05-14T05:00:00Z,1.11884,1.11925,1.11829,1.11887,2393,2
2025-05-14T06:00:00Z,1.11887,1.11958,1.11844,1.11952,1758,2
2025-05-14T07:00:00Z,1.11952,1.12006,1.11877,1.11885,2016,2
2025-05-14T08:00:00Z,1.11885,1.11925,1.11846,1.11864,1791,2
2025-05-14T09:00:00Z,1.11864,1.11983,1.11801,1.11879,2897,2
2025-05-14T10:00:00Z,1.11879,1.12165,1.11812,1.12149,3684,2
2025-05-14T11:00:00Z,1.12149,1.12521,1.12125,1.12386,5874,2
2025-05-14T12:00:00Z,1.12394,1.12656,1.12311,1.12520,4581,2
2025-05-14T13:00:00Z,1.12520,1.12530,1.12271,1.12310,2823,2
2025-05-14T14:00:00Z,1.12310,1.12347,1.12133,1.12173,2724,2
2025-05-14T15:00:00Z,1.12173,1.12354,1.12094,1.12252,3852,2
2025-05-14T16:00:00Z,1.12252,1.12347,1.12102,1.12196,4644,2
2025-05-14T17:00:00Z,1.12200,1.12236,1.12027,1.12119,4703,2
2025-05-14T18:00:00Z,1.12119,1.12149,1.11975,1.12051,3993,2
2025-05-14T19:00:00Z,1.12053,1.12132,1.11757,1.11890,3758,3
2025-05-14T20:00:00Z,1.11888,1.11969,1.11813,1.11892,2361,3
2025-05-14T21:00:00Z,1.11892,1.11897,1.11722,1.11782,2147,2
2025-05-14T22:00:00Z,1.11778,1.11778,1.11655,1.11672,1857,2
2025-05-14T23:00:00Z,1.11672,1.11742,1.11644,1.11731,914,3
2025-05-15T00:00:00Z,1.11764,1.11788,1.11720,1.11765,330,23
2025-05-15T01:00:00Z,1.11765,1.11844,1.11765,1.11825,758,2
2025-05-15T02:00:00Z,1.11829,1.11880,1.11803,1.11814,1154,2
2025-05-15T03:00:00Z,1.11814,1.11943,1.11759,1.11918,2271,2
2025-05-15T04:00:00Z,1.11915,1.11996,1.11907,1.11933,2625,2
2025-05-15T05:00:00Z,1.11933,1.11964,1.11888,1.11948,1991,2
2025-05-15T06:00:00Z,1.11947,1.12013,1.11923,1.11967,1638,2
2025-05-15T07:00:00Z,1.11968,1.11998,1.11917,1.11928,1470,2
2025-05-15T08:00:00Z,1.11928,1.11991,1.11855,1.11931,2104,2
2025-05-15T09:00:00Z,1.11931,1.12275,1.11896,1.12273,3168,2
2025-05-15T10:00:00Z,1.12271,1.12278,1.11916,1.11973,3599,2
2025-05-15T11:00:00Z,1.11972,1.12113,1.11923,1.12101,2657,2
2025-05-15T12:00:00Z,1.12102,1.12129,1.12006,1.12022,2181,2
2025-05-15T13:00:00Z,1.12022,1.12114,1.11980,1.11998,2294,2
2025-05-15T14:00:00Z,1.12002,1.12029,1.11785,1.11830,2466,2
2025-05-15T15:00:00Z,1.11830,1.12139,1.11823,1.12098,4372,2
2025-05-15T16:00:00Z,1.12098,1.12238,1.11949,1.12006,4971,2
2025-05-15T17:00:00Z,1.12006,1.12109,1.11757,1.11863,4856,2
2025-05-15T18:00:00Z,1.11864,1.11968,1.11727,1.11880,3329,2
2025-05-15T19:00:00Z,1.11879,1.11906,1.11726,1.11808,2145,2
2025-05-15T20:00:00Z,1.11808,1.11892,1.11703,1.11711,2025,2
2025-05-15T21:00:00Z,1.11711,1.11795,1.11709,1.11770,1527,2
2025-05-15T22:00:00Z,1.11770,1.11863,1.11726,1.11836,1448,2
2025-05-15T23:00:00Z,1.11836,1.11874,1.11819,1.11854,759,3
2025-05-16T00:00:00Z,1.11838,1.11895,1.11784,1.11876,431,24
2025-05-16T01:00:00Z,1.11876,1.11931,1.11854,1.11921,827,2
2025-05-16T02:00:00Z,1.11920,1.11939,1.11895,1.11919,881,2
2025-05-16T03:00:00Z,1.11919,1.12083,1.11904,1.12048,2502,2
2025-05-16T04:00:00Z,1.12048,1.12087,1.11983,1.12033,1786,2
2025-05-16T05:00:00Z,1.12031,1.12084,1.11993,1.12022,1985,2
2025-05-16T06:00:00Z,1.12022,1.12058,1.11988,1.12005,1656,2
2025-05-16T07:00:00Z,1.12005,1.12045,1.11962,1.12030,1430,2
2025-05-16T08:00:00Z,1.12032,1.12188,1.12011,1.12155,1915,2
2025-05-16T09:00:00Z,1.12156,1.12195,1.12071,1.12122,2555,2
2025-05-16T10:00:00Z,1.12122,1.12173,1.12060,1.12088,3016,2
2025-05-16T11:00:00Z,1.12089,1.12092,1.11971,1.11990,2561,2
2025-05-16T12:00:00Z,1.11989,1.12087,1.11916,1.11944,2425,2
2025-05-16T13:00:00Z,1.11944,1.12001,1.11882,1.11995,2194,2
2025-05-16T14:00:00Z,1.11999,1.12081,1.11902,1.11942,2443,2
2025-05-16T15:00:00Z,1.11942,1.11988,1.11909,1.11971,2492,2
2025-05-16T16:00:00Z,1.11971,1.12056,1.11881,1.11993,3086,2
2025-05-16T17:00:00Z,1.11996,1.12017,1.11518,1.11549,5096,2
2025-05-16T18:00:00Z,1.11546,1.11586,1.11400,1.11402,3072,2
2025-05-16T19:00:00Z,1.11402,1.11476,1.11311,1.11450,2447,2
2025-05-16T20:00:00Z,1.11451,1.11477,1.11394,1.11449,1423,2
2025-05-16T21:00:00Z,1.11449,1.11550,1.11431,1.11525,1491,2
2025-05-16T22:00:00Z,1.11525,1.11584,1.11479,1.11492,1488,2
2025-05-16T23:00:00Z,1.11492,1.11615,1.11443,1.11602,1160,3
2025-05-19T00:00:00Z,1.11732,1.11822,1.11683,1.11695,723,23
2025-05-19T01:00:00Z,1.11711,1.11942,1.11699,1.11902,1769,2
2025-05-19T02:00:00Z,1.11903,1.11940,1.11816,1.11890,1393,2
2025-05-19T03:00:00Z,1.11890,1.11986,1.11800,1.11973,2950,2
2025-05-19T04:00:00Z,1.11973,1.11990,1.11731,1.11760,2884,2
2025-05-19T05:00:00Z,1.11761,1.11883,1.11723,1.11822,2205,2
2025-05-19T06:00:00Z,1.11822,1.11853,1.11784,1.11811,1590,2
2025-05-19T07:00:00Z,1.11811,1.11873,1.11770,1.11839,1274,2
2025-05-19T08:00:00Z,1.11839,1.11881,1.11763,1.11850,1787,2
2025-05-19T09:00:00Z,1.11849,1.12122,1.11817,1.12092,3313,2
2025-05-19T10:00:00Z,1.12091,1.12449,1.12056,1.12381,4271,2
2025-05-19T11:00:00Z,1.12387,1.12592,1.12358,1.12573,3557,2
2025-05-19T12:00:00Z,1.12577,1.12805,1.12551,1.12798,4102,2
2025-05-19T13:00:00Z,1.12799,1.12882,1.12686,1.12782,3334,2
2025-05-19T14:00:00Z,1.12782,1.12797,1.12618,1.12727,2982,2
2025-05-19T15:00:00Z,1.12727,1.12733,1.12565,1.12568,2920,2
2025-05-19T16:00:00Z,1.12570,1.12652,1.12472,1.12510,4346,2
2025-05-19T17:00:00Z,1.12513,1.12577,1.12415,1.12537,3747,2
2025-05-19T18:00:00Z,1.12537,1.12597,1.12336,1.12361,3245,2
2025-05-19T19:00:00Z,1.12362,1.12395,1.12289,1.12353,2095,2
2025-05-19T20:00:00Z,1.12353,1.12386,1.12241,1.12301,1621,2
2025-05-19T21:00:00Z,1.12302,1.12368,1.12246,1.12349,1466,2
2025-05-19T22:00:00Z,1.12349,1.12419,1.12329,1.12401,972,2
2025-05-19T23:00:00Z,1.12398,1.12447,1.12389,1.12428,779,3
2025-05-20T00:00:00Z,1.12347,1.12429,1.12347,1.12420,327,23
2025-05-20T01:00:00Z,1.12428,1.12433,1.12349,1.12351,683,2
2025-05-20T02:00:00Z,1.12352,1.12362,1.12315,1.12323,723,2
2025-05-20T03:00:00Z,1.12323,1.12323,1.12178,1.12279,1952,2
2025-05-20T04:00:00Z,1.12279,1.12512,1.12279,1.12383,2603,2
2025-05-20T05:00:00Z,1.12383,1.12462,1.12259,1.12321,1821,2
2025-05-20T06:00:00Z,1.12321,1.12473,1.12294,1.12449,1950,2
2025-05-20T07:00:00Z,1.12447,1.12504,1.12404,1.12421,1842,2
2025-05-20T08:00:00Z,1.12416,1.12584,1.12416,1.12545,3011,2
2025-05-20T09:00:00Z,1.12545,1.12626,1.12507,1.12574,3188,2
2025-05-20T10:00:00Z,1.12569,1.12777,1.12529,1.12763,3627,2
2025-05-20T11:00:00Z,1.12760,1.12761,1.12474,1.12583,2984,2
2025-05-20T12:00:00Z,1.12583,1.12671,1.12499,1.12554,2701,2
2025-05-20T13:00:00Z,1.12553,1.12579,1.12430,1.12444,2318,2
2025-05-20T14:00:00Z,1.12444,1.12517,1.12439,1.12457,2295,2
2025-05-20T15:00:00Z,1.12457,1.12472,1.12237,1.12344,2996,2
2025-05-20T16:00:00Z,1.12344,1.12496,1.12248,1.12458,3959,2
2025-05-20T17:00:00Z,1.12458,1.12691,1.12456,1.12684,4624,2
2025-05-20T18:00:00Z,1.12685,1.12698,1.12496,1.12531,2983,2
2025-05-20T19:00:00Z,1.12530,1.12578,1.12452,1.12567,2050,2
2025-05-20T20:00:00Z,1.12567,1.12775,1.12547,1.12738,1763,2
2025-05-20T21:00:00Z,1.12738,1.12803,1.12711,1.12724,1990,2
2025-05-20T22:00:00Z,1.12724,1.12824,1.12718,1.12804,1393,2
2025-05-20T23:00:00Z,1.12808,1.12848,1.12782,1.12833,766,3
2025-05-21T00:00:00Z,1.12822,1.12837,1.12780,1.12816,520,23
2025-05-21T01:00:00Z,1.12815,1.12864,1.12802,1.12807,1396,2
2025-05-21T02:00:00Z,1.12807,1.12899,1.12805,1.12882,1096,2
2025-05-21T03:00:00Z,1.12882,1.13014,1.12875,1.12954,2405,2
2025-05-21T04:00:00Z,1.12954,1.13026,1.12869,1.12984,2442,2
2025-05-21T05:00:00Z,1.12984,1.13258,1.12973,1.13218,3185,2
2025-05-21T06:00:00Z,1.13217,1.13396,1.13190,1.13340,2328,2
2025-05-21T07:00:00Z,1.13335,1.13367,1.13255,1.13290,1929,2
2025-05-21T08:00:00Z,1.13290,1.13379,1.13266,1.13320,2451,2
2025-05-21T09:00:00Z,1.13320,1.13530,1.13222,1.13327,4165,2
2025-05-21T10:00:00Z,1.13318,1.13339,1.13143,1.13233,3879,2
2025-05-21T11:00:00Z,1.13233,1.13338,1.13122,1.13224,3017,2
2025-05-21T12:00:00Z,1.13224,1.13348,1.13148,1.13348,2528,2
2025-05-21T13:00:00Z,1.13348,1.13618,1.13315,1.13388,3670,2
2025-05-21T14:00:00Z,1.13387,1.13446,1.13191,1.13237,2798,2
2025-05-21T15:00:00Z,1.13238,1.13348,1.13174,1.13346,3690,2
2025-05-21T16:00:00Z,1.13347,1.13388,1.13232,1.13369,3989,2
2025-05-21T17:00:00Z,1.13368,1.13542,1.13323,1.13407,4450,2
2025-05-21T18:00:00Z,1.13407,1.13483,1.13324,1.13426,3313,2
2025-05-21T19:00:00Z,1.13426,1.13520,1.13390,1.13403,2041,2
2025-05-21T20:00:00Z,1.13403,1.13628,1.13376,1.13481,3872,2
2025-05-21T21:00:00Z,1.13480,1.13488,1.13317,1.13332,2346,2
2025-05-21T22:00:00Z,1.13331,1.13392,1.13183,1.13189,2449,2
2025-05-21T23:00:00Z,1.13188,1.13314,1.13155,1.13299,1009,3
2025-05-22T00:00:00Z,1.13228,1.13285,1.13228,1.13260,356,39
2025-05-22T01:00:00Z,1.13260,1.13297,1.13151,1.13152,1895,2
2025-05-22T02:00:00Z,1.13152,1.13324,1.13111,1.13319,1637,2
2025-05-22T03:00:00Z,1.13321,1.13434,1.13260,1.13272,3536,2
2025-05-22T04:00:00Z,1.13272,1.13406,1.13172,1.13378,3329,2
2025-05-22T05:00:00Z,1.13375,1.13448,1.13284,1.13387,3037,2
2025-05-22T06:00:00Z,1.13389,1.13420,1.13307,1.13331,2300,2
2025-05-22T07:00:00Z,1.13325,1.13344,1.13246,1.13330,2075,2
2025-05-22T08:00:00Z,1.13332,1.13351,1.13249,1.13335,2341,2
2025-05-22T09:00:00Z,1.13334,1.13420,1.13174,1.13224,3663,2
2025-05-22T10:00:00Z,1.13224,1.13246,1.12952,1.13210,4647,2
2025-05-22T11:00:00Z,1.13199,1.13347,1.13012,1.13018,4393,2
2025-05-22T12:00:00Z,1.13018,1.13033,1.12910,1.12942,3580,2
2025-05-22T13:00:00Z,1.12942,1.12996,1.12903,1.12920,2618,2
2025-05-22T14:00:00Z,1.12920,1.13129,1.12919,1.13085,2992,2
2025-05-22T15:00:00Z,1.13088,1.13149,1.12847,1.12950,4097,2
2025-05-22T16:00:00Z,1.12951,1.13089,1.12816,1.12833,4698,2
2025-05-22T17:00:00Z,1.12832,1.12978,1.12749,1.12771,4978,2
2025-05-22T18:00:00Z,1.12774,1.12883,1.12659,1.12805,3711,2
2025-05-22T19:00:00Z,1.12803,1.12878,1.12683,1.12693,2730,2
2025-05-22T20:00:00Z,1.12695,1.12708,1.12558,1.12679,2765,2
2025-05-22T21:00:00Z,1.12679,1.12806,1.12674,1.12780,1513,2
2025-05-22T22:00:00Z,1.12780,1.12856,1.12779,1.12785,1610,2
2025-05-22T23:00:00Z,1.12786,1.12835,1.12774,1.12800,909,3
2025-05-23T00:00:00Z,1.12764,1.12807,1.12764,1.12795,256,23
2025-05-23T01:00:00Z,1.12794,1.12872,1.12794,1.12862,1144,2
2025-05-23T02:00:00Z,1.12863,1.12889,1.12810,1.12822,976,2
2025-05-23T03:00:00Z,1.12820,1.12997,1.12789,1.12970,2467,2
2025-05-23T04:00:00Z,1.12970,1.13186,1.12951,1.13139,2749,2
2025-05-23T05:00:00Z,1.13143,1.13179,1.13081,1.13147,1905,2
2025-05-23T06:00:00Z,1.13148,1.13174,1.13110,1.13114,1569,2
2025-05-23T07:00:00Z,1.13115,1.13208,1.13076,1.13179,1567,2
2025-05-23T08:00:00Z,1.13179,1.13258,1.13082,1.13226,1854,2
2025-05-23T09:00:00Z,1.13228,1.13267,1.13101,1.13122,2660,2
2025-05-23T10:00:00Z,1.13122,1.13440,1.13093,1.13394,3274,2
2025-05-23T11:00:00Z,1.13394,1.13446,1.13327,1.13420,2386,2
2025-05-23T12:00:00Z,1.13420,1.13539,1.13384,1.13491,2689,2
2025-05-23T13:00:00Z,1.13495,1.13578,1.13444,1.13489,2378,2
2025-05-23T14:00:00Z,1.13489,1.13755,1.12981,1.13214,6671,2
2025-05-23T15:00:00Z,1.13214,1.13498,1.12974,1.13335,7299,2
2025-05-23T16:00:00Z,1.13334,1.13380,1.13132,1.13143,5049,2
2025-05-23T17:00:00Z,1.13143,1.13462,1.13108,1.13450,4324,2
2025-05-23T18:00:00Z,1.13449,1.13594,1.13316,1.13492,3404,2
2025-05-23T19:00:00Z,1.13492,1.13596,1.13410,1.13582,2365,2
2025-05-23T20:00:00Z,1.13582,1.13672,1.13516,1.13606,1679,2
2025-05-23T21:00:00Z,1.13606,1.13693,1.13556,1.13593,2006,2
2025-05-23T22:00:00Z,1.13595,1.13656,1.13554,1.13635,1371,2
2025-05-23T23:00:00Z,1.13630,1.13681,1.13590,1.13639,1116,3
2025-05-26T00:00:00Z,1.13638,1.13675,1.13603,1.13673,337,23
2025-05-26T01:00:00Z,1.13681,1.13795,1.13622,1.13739,2796,2
2025-05-26T02:00:00Z,1.13742,1.13817,1.13698,1.13748,1710,2
2025-05-26T03:00:00Z,1.13748,1.13976,1.13747,1.13969,3081,2
2025-05-26T04:00:00Z,1.13968,1.14157,1.13880,1.14125,2979,2
2025-05-26T05:00:00Z,1.14125,1.14187,1.14080,1.14094,2929,2
2025-05-26T06:00:00Z,1.14095,1.14125,1.14050,1.14115,2142,2
2025-05-26T07:00:00Z,1.14114,1.14132,1.14033,1.14093,1810,2
2025-05-26T08:00:00Z,1.14092,1.14185,1.14004,1.14172,2188,2
2025-05-26T09:00:00Z,1.14172,1.14182,1.14080,1.14089,2718,2
2025-05-26T10:00:00Z,1.14084,1.14125,1.13883,1.13891,3066,2
2025-05-26T11:00:00Z,1.13893,1.13954,1.13829,1.13845,2225,2
2025-05-26T12:00:00Z,1.13846,1.13856,1.13759,1.13791,1788,2
2025-05-26T13:00:00Z,1.13790,1.13862,1.13764,1.13842,1526,2
2025-05-26T14:00:00Z,1.13842,1.13868,1.13741,1.13769,1364,2
2025-05-26T15:00:00Z,1.13770,1.13823,1.13689,1.13752,1573,2
2025-05-26T16:00:00Z,1.13752,1.13835,1.13732,1.13817,1459,2
2025-05-26T17:00:00Z,1.13817,1.13847,1.13767,1.13842,1806,2
2025-05-26T18:00:00Z,1.13843,1.13855,1.13772,1.13813,1267,2
2025-05-26T19:00:00Z,1.13813,1.13833,1.13759,1.13833,768,2
2025-05-26T20:00:00Z,1.13834,1.13838,1.13785,1.13807,419,2
2025-05-26T21:00:00Z,1.13802,1.13832,1.13800,1.13809,423,2
2025-05-26T22:00:00Z,1.13808,1.13854,1.13804,1.13853,351,2
2025-05-26T23:00:00Z,1.13853,1.13878,1.13838,1.13868,386,3
2025-05-27T00:00:00Z,1.13816,1.13854,1.13797,1.13843,261,36
2025-05-27T01:00:00Z,1.13843,1.13946,1.13838,1.13903,1021,2
2025-05-27T02:00:00Z,1.13903,1.13912,1.13870,1.13884,926,2
2025-05-27T03:00:00Z,1.13884,1.14029,1.13879,1.14000,2181,2
2025-05-27T04:00:00Z,1.13999,1.14071,1.13911,1.13949,2216,2
2025-05-27T05:00:00Z,1.13950,1.14030,1.13906,1.13926,1678,2
2025-05-27T06:00:00Z,1.13925,1.14009,1.13901,1.13936,1299,2
2025-05-27T07:00:00Z,1.13936,1.13978,1.13777,1.13783,1753,2
2025-05-27T08:00:00Z,1.13788,1.13794,1.13670,1.13787,2865,2
2025-05-27T09:00:00Z,1.13785,1.13929,1.13642,1.13651,3403,2
2025-05-27T10:00:00Z,1.13649,1.13711,1.13370,1.13408,4077,2
2025-05-27T11:00:00Z,1.13408,1.13576,1.13388,1.13488,2933,2
2025-05-27T12:00:00Z,1.13485,1.13579,1.13447,1.13483,2881,2
2025-05-27T13:00:00Z,1.13483,1.13518,1.13407,1.13437,2631,2
2025-05-27T14:00:00Z,1.13437,1.13543,1.13411,1.13509,2345,2
2025-05-27T15:00:00Z,1.13509,1.13677,1.13509,1.13666,2676,2
2025-05-27T16:00:00Z,1.13666,1.13753,1.13556,1.13583,3370,2
2025-05-27T17:00:00Z,1.13589,1.13612,1.13381,1.13411,4332,2
2025-05-27T18:00:00Z,1.13412,1.13412,1.13233,1.13255,3090,2
2025-05-27T19:00:00Z,1.13255,1.13352,1.13233,1.13316,2029,2
2025-05-27T20:00:00Z,1.13315,1.13370,1.13301,1.13328,1613,2
2025-05-27T21:00:00Z,1.13328,1.13387,1.13284,1.13372,1322,2
2025-05-27T22:00:00Z,1.13369,1.13387,1.13299,1.13308,1275,2
2025-05-27T23:00:00Z,1.13308,1.13324,1.13264,1.13291,1066,3
2025-05-28T00:00:00Z,1.13258,1.13311,1.13252,1.13287,640,23
2025-05-28T01:00:00Z,1.13291,1.13371,1.13280,1.13365,699,2
2025-05-28T02:00:00Z,1.13365,1.13379,1.13313,1.13367,916,2
2025-05-28T03:00:00Z,1.13373,1.13451,1.13341,1.13343,1930,2
2025-05-28T04:00:00Z,1.13343,1.13388,1.13152,1.13175,3026,2
2025-05-28T05:00:00Z,1.13171,1.13255,1.13006,1.13052,2753,2
2025-05-28T06:00:00Z,1.13055,1.13129,1.13005,1.13073,2596,2
2025-05-28T07:00:00Z,1.13073,1.13106,1.13025,1.13060,1925,2
2025-05-28T08:00:00Z,1.13060,1.13148,1.12954,1.13147,2478,2
2025-05-28T09:00:00Z,1.13147,1.13168,1.13036,1.13044,2974,2
2025-05-28T10:00:00Z,1.13044,1.13309,1.13029,1.13266,3027,2
2025-05-28T11:00:00Z,1.13266,1.13342,1.13181,1.13321,2671,2
2025-05-28T12:00:00Z,1.13321,1.13403,1.13280,1.13334,2505,2
2025-05-28T13:00:00Z,1.13334,1.13406,1.13240,1.13257,2394,2
2025-05-28T14:00:00Z,1.13259,1.13286,1.13164,1.13177,2380,2
2025-05-28T15:00:00Z,1.13177,1.13245,1.13074,1.13109,2945,2
2025-05-28T16:00:00Z,1.13110,1.13136,1.12968,1.13087,4003,2
2025-05-28T17:00:00Z,1.13094,1.13246,1.13009,1.13021,4668,2
2025-05-28T18:00:00Z,1.13023,1.13083,1.12838,1.12846,3565,2
2025-05-28T19:00:00Z,1.12845,1.12966,1.12840,1.12940,1907,2
2025-05-28T20:00:00Z,1.12940,1.13007,1.12906,1.12914,1791,2
2025-05-28T21:00:00Z,1.12914,1.12980,1.12843,1.12935,1908,2
2025-05-28T22:00:00Z,1.12935,1.12956,1.12876,1.12895,1428,2
2025-05-28T23:00:00Z,1.12895,1.12956,1.12891,1.12930,1121,3
2025-05-29T00:00:00Z,1.12912,1.12947,1.12904,1.12936,441,24
2025-05-29T01:00:00Z,1.12929,1.12971,1.12905,1.12917,874,2
2025-05-29T02:00:00Z,1.12919,1.12923,1.12101,1.12296,4859,2
2025-05-29T03:00:00Z,1.12293,1.12509,1.12232,1.12347,5404,2
2025-05-29T04:00:00Z,1.12345,1.12532,1.12234,1.12519,3999,2
2025-05-29T05:00:00Z,1.12519,1.12570,1.12415,1.12458,2888,2
2025-05-29T06:00:00Z,1.12458,1.12563,1.12426,1.12484,2217,2
2025-05-29T07:00:00Z,1.12484,1.12548,1.12440,1.12477,1843,2
2025-05-29T08:00:00Z,1.12477,1.12506,1.12310,1.12437,2564,2
2025-05-29T09:00:00Z,1.12437,1.12738,1.12423,1.12713,3759,2
2025-05-29T10:00:00Z,1.12713,1.12826,1.12712,1.12755,3566,2
2025-05-29T11:00:00Z,1.12754,1.12790,1.12618,1.12718,2733,2
2025-05-29T12:00:00Z,1.12718,1.12838,1.12716,1.12779,2278,2
2025-05-29T13:00:00Z,1.12778,1.12914,1.12766,1.12863,2432,2
2025-05-29T14:00:00Z,1.12863,1.12908,1.12679,1.12710,2565,2
2025-05-29T15:00:00Z,1.12710,1.13497,1.12710,1.13493,5462,2
2025-05-29T16:00:00Z,1.13493,1.13597,1.13393,1.13512,5029,2
2025-05-29T17:00:00Z,1.13515,1.13693,1.13429,1.13500,4373,2
2025-05-29T18:00:00Z,1.13500,1.13706,1.13488,1.13699,3374,2
2025-05-29T19:00:00Z,1.13697,1.13799,1.13671,1.13714,2337,2
2025-05-29T20:00:00Z,1.13714,1.13843,1.13617,1.13769,1985,2
2025-05-29T21:00:00Z,1.13769,1.13843,1.13742,1.13751,1643,2
2025-05-29T22:00:00Z,1.13749,1.13783,1.13661,1.13667,1586,2
2025-05-29T23:00:00Z,1.13670,1.13699,1.13607,1.13685,785,3
2025-05-30T00:00:00Z,1.13660,1.13712,1.13658,1.13667,716,23
2025-05-30T01:00:00Z,1.13667,1.13770,1.13667,1.13709,1293,2
2025-05-30T02:00:00Z,1.13713,1.13793,1.13693,1.13768,1182,2
2025-05-30T03:00:00Z,1.13770,1.13847,1.13642,1.13725,2614,2
2025-05-30T04:00:00Z,1.13725,1.13898,1.13523,1.13547,3320,2
2025-05-30T05:00:00Z,1.13547,1.13590,1.13484,1.13494,2070,2
2025-05-30T06:00:00Z,1.13494,1.13570,1.13458,1.13494,1747,2
2025-05-30T07:00:00Z,1.13494,1.13535,1.13456,1.13460,1723,2
2025-05-30T08:00:00Z,1.13460,1.13544,1.13429,1.13510,1675,2
2025-05-30T09:00:00Z,1.13511,1.13519,1.13360,1.13464,2704,2
2025-05-30T10:00:00Z,1.13463,1.13479,1.13278,1.13379,3763,2
2025-05-30T11:00:00Z,1.13380,1.13446,1.13234,1.13239,3103,2
2025-05-30T12:00:00Z,1.13239,1.13321,1.13233,1.13254,2486,2
2025-05-30T13:00:00Z,1.13255,1.13347,1.13247,1.13274,2199,2
2025-05-30T14:00:00Z,1.13274,1.13386,1.13231,1.13381,2234,2
2025-05-30T15:00:00Z,1.13382,1.13585,1.13345,1.13460,4968,2
2025-05-30T16:00:00Z,1.13460,1.13477,1.13125,1.13161,4206,2
2025-05-30T17:00:00Z,1.13155,1.13545,1.13139,1.13520,5579,2
2025-05-30T18:00:00Z,1.13521,1.13585,1.13436,1.13463,4391,2
2025-05-30T19:00:00Z,1.13462,1.13550,1.13434,1.13503,2782,2
2025-05-30T20:00:00Z,1.13503,1.13671,1.13497,1.13571,2001,2
2025-05-30T21:00:00Z,1.13571,1.13650,1.13548,1.13585,2326,2
2025-05-30T22:00:00Z,1.13584,1.13606,1.13494,1.13564,1712,2
2025-05-30T23:00:00Z,1.13564,1.13564,1.13447,1.13467,783,3
2025-06-02T00:00:00Z,1.13453,1.13523,1.13442,1.13457,351,23
2025-06-02T01:00:00Z,1.13457,1.13577,1.13445,1.13550,1733,2
2025-06-02T02:00:00Z,1.13553,1.13603,1.13509,1.13531,1541,2
2025-06-02T03:00:00Z,1.13530,1.13746,1.13527,1.13686,2684,2
2025-06-02T04:00:00Z,1.13686,1.13820,1.13676,1.13701,2909,2
2025-06-02T05:00:00Z,1.13702,1.13734,1.13618,1.13645,2035,2
2025-06-02T06:00:00Z,1.13644,1.13659,1.13543,1.13618,1900,2
2025-06-02T07:00:00Z,1.13619,1.13669,1.13599,1.13653,1839,2
2025-06-02T08:00:00Z,1.13653,1.13804,1.13637,1.13794,2080,2
2025-06-02T09:00:00Z,1.13794,1.14066,1.13784,1.14012,2748,2
2025-06-02T10:00:00Z,1.14013,1.14367,1.13988,1.14236,3620,2
2025-06-02T11:00:00Z,1.14236,1.14275,1.14125,1.14201,3066,2
2025-06-02T12:00:00Z,1.14201,1.14369,1.14192,1.14233,3119,2
2025-06-02T13:00:00Z,1.14233,1.14282,1.14131,1.14152,2604,2
2025-06-02T14:00:00Z,1.14152,1.14266,1.14090,1.14142,2539,2
2025-06-02T15:00:00Z,1.14141,1.14289,1.14112,1.14182,2723,2
2025-06-02T16:00:00Z,1.14182,1.14225,1.14043,1.14193,3552,2
2025-06-02T17:00:00Z,1.14246,1.14497,1.14221,1.14347,5043,2
2025-06-02T18:00:00Z,1.14347,1.14388,1.14242,1.14306,3415,2
2025-06-02T19:00:00Z,1.14305,1.14318,1.14117,1.14185,2268,2
2025-06-02T20:00:00Z,1.14182,1.14260,1.14163,1.14225,1909,2
2025-06-02T21:00:00Z,1.14225,1.14426,1.14188,1.14413,1928,2
2025-06-02T22:00:00Z,1.14413,1.14455,1.14336,1.14451,1522,2
2025-06-02T23:00:00Z,1.14451,1.14461,1.14396,1.14419,715,3
2025-06-03T00:00:00Z,1.14370,1.14407,1.14345,1.14391,583,23
2025-06-03T01:00:00Z,1.14400,1.14458,1.14381,1.14453,846,2
2025-06-03T02:00:00Z,1.14453,1.14538,1.14447,1.14530,1045,2
2025-06-03T03:00:00Z,1.14529,1.14545,1.14388,1.14433,2010,2
2025-06-03T04:00:00Z,1.14433,1.14433,1.14266,1.14278,2752,2
2025-06-03T05:00:00Z,1.14278,1.14304,1.14186,1.14254,2096,2
2025-06-03T06:00:00Z,1.14254,1.14274,1.14160,1.14200,1830,2
2025-06-03T07:00:00Z,1.14199,1.14255,1.14171,1.14253,1556,2
2025-06-03T08:00:00Z,1.14253,1.14276,1.14120,1.14221,2006,2
2025-06-03T09:00:00Z,1.14221,1.14311,1.14154,1.14288,2691,2
2025-06-03T10:00:00Z,1.14287,1.14322,1.14142,1.14157,3020,2
2025-06-03T11:00:00Z,1.14156,1.14184,1.14054,1.14115,2620,2
2025-06-03T12:00:00Z,1.14115,1.14180,1.14016,1.14117,2508,2
2025-06-03T13:00:00Z,1.14116,1.14125,1.13962,1.13979,2314,2
2025-06-03T14:00:00Z,1.13978,1.13991,1.13862,1.13904,2464,2
2025-06-03T15:00:00Z,1.13908,1.13939,1.13771,1.13819,2585,2
2025-06-03T16:00:00Z,1.13821,1.13949,1.13771,1.13874,3432,2
2025-06-03T17:00:00Z,1.13869,1.13932,1.13641,1.13919,4834,2
2025-06-03T18:00:00Z,1.13919,1.13930,1.13708,1.13720,3010,2
2025-06-03T19:00:00Z,1.13720,1.13833,1.13675,1.13733,2059,2
2025-06-03T20:00:00Z,1.13733,1.13817,1.13728,1.13779,1378,2
2025-06-03T21:00:00Z,1.13779,1.13779,1.13691,1.13748,1365,2
2025-06-03T22:00:00Z,1.13748,1.13764,1.13677,1.13687,978,2
2025-06-03T23:00:00Z,1.13687,1.13740,1.13681,1.13716,496,3
2025-06-04T00:00:00Z,1.13695,1.13756,1.13684,1.13745,605,23
2025-06-04T01:00:00Z,1.13748,1.13751,1.13708,1.13743,753,2
2025-06-04T02:00:00Z,1.13743,1.13861,1.13743,1.13840,1081,2
2025-06-04T03:00:00Z,1.13839,1.13891,1.13783,1.13825,2551,2
2025-06-04T04:00:00Z,1.13825,1.13931,1.13713,1.13855,3011,2
2025-06-04T05:00:00Z,1.13854,1.13878,1.13735,1.13758,1931,2
2025-06-04T06:00:00Z,1.13758,1.13808,1.13656,1.13677,1725,2
2025-06-04T07:00:00Z,1.13676,1.13790,1.13648,1.13667,1975,2
2025-06-04T08:00:00Z,1.13667,1.13717,1.13571,1.13623,2406,2
2025-06-04T09:00:00Z,1.13623,1.13782,1.13574,1.13779,3014,2
2025-06-04T10:00:00Z,1.13780,1.13968,1.13756,1.13866,2858,2
2025-06-04T11:00:00Z,1.13865,1.14038,1.13828,1.13994,2467,2
2025-06-04T12:00:00Z,1.13994,1.13994,1.13815,1.13829,2200,2
2025-06-04T13:00:00Z,1.13829,1.13855,1.13749,1.13822,2209,2
2025-06-04T14:00:00Z,1.13822,1.13874,1.13770,1.13792,1905,2
2025-06-04T15:00:00Z,1.13792,1.14110,1.13792,1.14092,4362,2
2025-06-04T16:00:00Z,1.14094,1.14134,1.13928,1.13971,3550,2
2025-06-04T17:00:00Z,1.14016,1.14343,1.14016,1.14329,4657,2
2025-06-04T18:00:00Z,1.14325,1.14337,1.14170,1.14234,3234,2
2025-06-04T19:00:00Z,1.14234,1.14343,1.14194,1.14330,2141,2
2025-06-04T20:00:00Z,1.14330,1.14335,1.14234,1.14249,1474,2
2025-06-04T21:00:00Z,1.14247,1.14282,1.14201,1.14204,1330,2
2025-06-04T22:00:00Z,1.14204,1.14217,1.14122,1.14122,1239,2
2025-06-04T23:00:00Z,1.14122,1.14223,1.14100,1.14202,889,3
2025-06-05T00:00:00Z,1.14142,1.14185,1.14136,1.14149,232,10
2025-06-05T01:00:00Z,1.14149,1.14229,1.14145,1.14199,934,2
2025-06-05T02:00:00Z,1.14202,1.14286,1.14185,1.14208,1070,2
2025-06-05T03:00:00Z,1.14208,1.14294,1.14162,1.14290,2360,2
2025-06-05T04:00:00Z,1.14291,1.14348,1.14136,1.14166,2597,2
2025-06-05T05:00:00Z,1.14166,1.14196,1.14103,1.14177,1945,2
2025-06-05T06:00:00Z,1.14177,1.14227,1.14088,1.14104,2134,2
2025-06-05T07:00:00Z,1.14104,1.14144,1.14078,1.14103,1759,2
2025-06-05T08:00:00Z,1.14106,1.14136,1.14044,1.14062,2079,2
2025-06-05T09:00:00Z,1.14062,1.14171,1.14053,1.14090,2210,2
2025-06-05T10:00:00Z,1.14083,1.14250,1.14068,1.14118,2548,2
2025-06-05T11:00:00Z,1.14119,1.14194,1.14089,1.14128,2294,2
2025-06-05T12:00:00Z,1.14125,1.14216,1.14097,1.14187,2221,2
2025-06-05T13:00:00Z,1.14186,1.14328,1.14176,1.14240,2100,2
2025-06-05T14:00:00Z,1.14240,1.14282,1.14160,1.14263,2236,2
2025-06-05T15:00:00Z,1.14259,1.14485,1.14130,1.14294,5494,2
2025-06-05T16:00:00Z,1.14294,1.14948,1.14185,1.14806,7185,2
2025-06-05T17:00:00Z,1.14806,1.14822,1.14542,1.14580,5721,2
2025-06-05T18:00:00Z,1.14579,1.14589,1.14352,1.14393,3987,2
2025-06-05T19:00:00Z,1.14386,1.14478,1.14314,1.14478,2726,2
2025-06-05T20:00:00Z,1.14478,1.14482,1.14319,1.14429,1890,2
2025-06-05T21:00:00Z,1.14429,1.14441,1.14311,1.14421,1776,2
2025-06-05T22:00:00Z,1.14421,1.14480,1.14336,1.14379,2375,2
2025-06-05T23:00:00Z,1.14376,1.14450,1.14352,1.14438,928,3
2025-06-06T00:00:00Z,1.14444,1.14473,1.14395,1.14407,416,23
2025-06-06T01:00:00Z,1.14404,1.14517,1.14404,1.14515,1031,2
2025-06-06T02:00:00Z,1.14516,1.14540,1.14467,1.14535,1050,2
2025-06-06T03:00:00Z,1.14535,1.14572,1.14499,1.14502,1815,2
2025-06-06T04:00:00Z,1.14502,1.14522,1.14412,1.14425,2028,2
2025-06-06T05:00:00Z,1.14425,1.14434,1.14330,1.14378,1820,2
2025-06-06T06:00:00Z,1.14377,1.14438,1.14360,1.14401,1408,2
2025-06-06T07:00:00Z,1.14401,1.14421,1.14371,1.14399,1320,2
2025-06-06T08:00:00Z,1.14398,1.14401,1.14308,1.14359,1609,2
2025-06-06T09:00:00Z,1.14355,1.14423,1.14247,1.14353,2154,2
2025-06-06T10:00:00Z,1.14351,1.14368,1.14213,1.14269,2684,2
2025-06-06T11:00:00Z,1.14269,1.14291,1.14115,1.14145,2346,2
2025-06-06T12:00:00Z,1.14146,1.14213,1.14109,1.14193,2023,2
2025-06-06T13:00:00Z,1.14196,1.14244,1.14173,1.14227,1784,2
2025-06-06T14:00:00Z,1.14227,1.14289,1.14170,1.14178,2024,2
2025-06-06T15:00:00Z,1.14178,1.14311,1.13833,1.13967,6108,2
2025-06-06T16:00:00Z,1.13967,1.14024,1.13716,1.13902,5933,2
2025-06-06T17:00:00Z,1.13905,1.14162,1.13808,1.13893,5072,2
2025-06-06T18:00:00Z,1.13894,1.14023,1.13810,1.13964,3863,2
2025-06-06T19:00:00Z,1.13964,1.14015,1.13859,1.13871,2450,2
2025-06-06T20:00:00Z,1.13872,1.13978,1.13845,1.13930,1775,2
2025-06-06T21:00:00Z,1.13931,1.13994,1.13926,1.13971,1726,2
2025-06-06T22:00:00Z,1.13971,1.14018,1.13926,1.13961,1331,2
2025-06-06T23:00:00Z,1.13961,1.13976,1.13908,1.13926,645,3
2025-06-09T00:00:00Z,1.13956,1.13956,1.13900,1.13920,309,24
2025-06-09T01:00:00Z,1.13925,1.14069,1.13925,1.14066,884,2
2025-06-09T02:00:00Z,1.14069,1.14112,1.14035,1.14065,964,2
2025-06-09T03:00:00Z,1.14065,1.14090,1.13926,1.13937,1717,2
2025-06-09T04:00:00Z,1.13937,1.14172,1.13937,1.14152,1988,2
2025-06-09T05:00:00Z,1.14153,1.14251,1.14143,1.14170,1941,2
2025-06-09T06:00:00Z,1.14170,1.14210,1.14118,1.14120,1326,2
2025-06-09T07:00:00Z,1.14121,1.14190,1.14110,1.14183,1266,2
2025-06-09T08:00:00Z,1.14183,1.14243,1.14120,1.14220,1465,2
2025-06-09T09:00:00Z,1.14220,1.14296,1.14178,1.14275,1971,2
2025-06-09T10:00:00Z,1.14275,1.14285,1.14195,1.14224,2148,2
2025-06-09T11:00:00Z,1.14226,1.14360,1.14184,1.14283,2334,2
2025-06-09T12:00:00Z,1.14283,1.14391,1.14258,1.14259,1888,2
2025-06-09T13:00:00Z,1.14259,1.14289,1.14159,1.14194,1683,2
2025-06-09T14:00:00Z,1.14194,1.14229,1.14057,1.14175,2144,2
2025-06-09T15:00:00Z,1.14175,1.14181,1.13944,1.14003,2391,2
2025-06-09T16:00:00Z,1.13996,1.14044,1.13864,1.14019,2810,2
2025-06-09T17:00:00Z,1.14017,1.14089,1.13936,1.14078,2901,2
2025-06-09T18:00:00Z,1.14078,1.14254,1.14076,1.14242,2055,2
2025-06-09T19:00:00Z,1.14242,1.14256,1.14153,1.14245,1376,2
2025-06-09T20:00:00Z,1.14244,1.14261,1.14194,1.14221,1175,2
2025-06-09T21:00:00Z,1.14220,1.14308,1.14193,1.14278,1250,2
2025-06-09T22:00:00Z,1.14274,1.14293,1.14224,1.14228,1190,2
2025-06-09T23:00:00Z,1.14227,1.14268,1.14184,1.14184,613,3
2025-06-10T00:00:00Z,1.14202,1.14228,1.14175,1.14208,209,23
2025-06-10T01:00:00Z,1.14219,1.14236,1.14203,1.14229,800,2
2025-06-10T02:00:00Z,1.14230,1.14284,1.14201,1.14264,817,2
2025-06-10T03:00:00Z,1.14263,1.14355,1.14218,1.14242,2039,2
2025-06-10T04:00:00Z,1.14242,1.14282,1.13950,1.13966,2575,2
2025-06-10T05:00:00Z,1.13966,1.14006,1.13862,1.13989,2555,2
2025-06-10T06:00:00Z,1.13989,1.14049,1.13914,1.14031,1697,2
2025-06-10T07:00:00Z,1.14031,1.14040,1.13913,1.13994,1470,2
2025-06-10T08:00:00Z,1.13994,1.14135,1.13978,1.14050,2841,2
2025-06-10T09:00:00Z,1.14053,1.14147,1.13920,1.13945,3215,2
2025-06-10T10:00:00Z,1.13944,1.13997,1.13728,1.13922,3495,2
2025-06-10T11:00:00Z,1.13921,1.14112,1.13913,1.14082,2639,2
2025-06-10T12:00:00Z,1.14082,1.14183,1.14035,1.14165,2152,2
2025-06-10T13:00:00Z,1.14166,1.14248,1.14113,1.14233,2118,2
2025-06-10T14:00:00Z,1.14233,1.14340,1.14192,1.14290,2284,2
2025-06-10T15:00:00Z,1.14291,1.14403,1.14249,1.14321,2502,2
2025-06-10T16:00:00Z,1.14321,1.14475,1.14305,1.14429,3195,2
2025-06-10T17:00:00Z,1.14429,1.14448,1.14203,1.14252,2896,2
2025-06-10T18:00:00Z,1.14257,1.14278,1.14156,1.14225,2391,2
2025-06-10T19:00:00Z,1.14225,1.14265,1.14160,1.14235,1586,2
2025-06-10T20:00:00Z,1.14242,1.14286,1.14169,1.14228,1178,2
2025-06-10T21:00:00Z,1.14228,1.14252,1.14164,1.14201,1260,2
2025-06-10T22:00:00Z,1.14200,1.14365,1.14190,1.14259,1366,2
2025-06-10T23:00:00Z,1.14258,1.14297,1.14189,1.14249,740,3
2025-06-11T00:00:00Z,1.14228,1.14261,1.14223,1.14240,750,23
2025-06-11T01:00:00Z,1.14240,1.14293,1.14229,1.14287,779,2
2025-06-11T02:00:00Z,1.14289,1.14396,1.14219,1.14372,1793,2
2025-06-11T03:00:00Z,1.14373,1.14386,1.14203,1.14208,2700,2
2025-06-11T04:00:00Z,1.14208,1.14268,1.14059,1.14084,2401,2
2025-06-11T05:00:00Z,1.14084,1.14176,1.14071,1.14154,1855,2
2025-06-11T06:00:00Z,1.14154,1.14175,1.14113,1.14162,1452,2
2025-06-11T07:00:00Z,1.14162,1.14178,1.14118,1.14156,1349,2
2025-06-11T08:00:00Z,1.14156,1.14230,1.14134,1.14222,1512,2
2025-06-11T09:00:00Z,1.14221,1.14234,1.14071,1.14099,2171,2
2025-06-11T10:00:00Z,1.14100,1.14237,1.14054,1.14193,2504,2
2025-06-11T11:00:00Z,1.14194,1.14384,1.14184,1.14307,2338,2
2025-06-11T12:00:00Z,1.14307,1.14456,1.14297,1.14347,2490,2
2025-06-11T13:00:00Z,1.14350,1.14424,1.14332,1.14382,1930,2
2025-06-11T14:00:00Z,1.14382,1.14403,1.14265,1.14326,2029,2
2025-06-11T15:00:00Z,1.14327,1.14893,1.14228,1.14604,5507,2
2025-06-11T16:00:00Z,1.14604,1.14735,1.14529,1.14702,4359,2
2025-06-11T17:00:00Z,1.14695,1.14867,1.14671,1.14817,3799,2
2025-06-11T18:00:00Z,1.14814,1.14902,1.14747,1.14893,2996,2
2025-06-11T19:00:00Z,1.14890,1.14958,1.14821,1.14895,2163,2
2025-06-11T20:00:00Z,1.14896,1.14988,1.14882,1.14973,1596,2
2025-06-11T21:00:00Z,1.14974,1.14994,1.14834,1.14861,2487,2
2025-06-11T22:00:00Z,1.14860,1.14866,1.14793,1.14826,1726,2
2025-06-11T23:00:00Z,1.14829,1.14871,1.14800,1.14870,1006,3
2025-06-12T00:00:00Z,1.14823,1.14878,1.14823,1.14875,354,23
2025-06-12T01:00:00Z,1.14876,1.15086,1.14874,1.15058,1112,2
2025-06-12T02:00:00Z,1.15058,1.15129,1.15043,1.15101,1895,2
2025-06-12T03:00:00Z,1.15101,1.15265,1.15016,1.15211,2922,2
2025-06-12T04:00:00Z,1.15211,1.15290,1.15146,1.15187,2998,2
2025-06-12T05:00:00Z,1.15187,1.15190,1.15064,1.15113,2334,2
2025-06-12T06:00:00Z,1.15113,1.15221,1.15104,1.15196,2127,2
2025-06-12T07:00:00Z,1.15196,1.15196,1.15123,1.15152,1863,2
2025-06-12T08:00:00Z,1.15145,1.15325,1.15107,1.15277,2051,2
2025-06-12T09:00:00Z,1.15277,1.15314,1.15113,1.15222,3265,2
2025-06-12T10:00:00Z,1.15223,1.15278,1.15059,1.15262,3609,2
2025-06-12T11:00:00Z,1.15262,1.15472,1.15230,1.15442,3501,2
2025-06-12T12:00:00Z,1.15441,1.15884,1.15401,1.15719,3434,2
2025-06-12T13:00:00Z,1.15719,1.16106,1.15667,1.15928,4688,2
2025-06-12T14:00:00Z,1.15928,1.16065,1.15838,1.15895,3507,2
2025-06-12T15:00:00Z,1.15895,1.16316,1.15881,1.16098,4812,2
2025-06-12T16:00:00Z,1.16095,1.16170,1.15794,1.15847,4318,2
2025-06-12T17:00:00Z,1.15849,1.15902,1.15789,1.15820,3622,2
2025-06-12T18:00:00Z,1.15819,1.15849,1.15674,1.15769,3848,2
2025-06-12T19:00:00Z,1.15769,1.15795,1.15670,1.15761,2904,2
2025-06-12T20:00:00Z,1.15759,1.15782,1.15637,1.15751,2053,2
2025-06-12T21:00:00Z,1.15749,1.15807,1.15700,1.15775,1625,2
2025-06-12T22:00:00Z,1.15776,1.15807,1.15747,1.15760,1442,2
2025-06-12T23:00:00Z,1.15760,1.15871,1.15755,1.15860,971,3
2025-06-13T00:00:00Z,1.15825,1.15877,1.15754,1.15877,374,23
2025-06-13T01:00:00Z,1.15878,1.15929,1.15873,1.15898,997,2
2025-06-13T02:00:00Z,1.15898,1.16095,1.15867,1.16086,1327,2
2025-06-13T03:00:00Z,1.16074,1.16144,1.15395,1.15587,7415,2
2025-06-13T04:00:00Z,1.15587,1.15601,1.15372,1.15485,4893,2
2025-06-13T05:00:00Z,1.15484,1.15584,1.15370,1.15451,3437,2
2025-06-13T06:00:00Z,1.15450,1.15460,1.15274,1.15372,3294,2
2025-06-13T07:00:00Z,1.15372,1.15409,1.15140,1.15252,2582,2
2025-06-13T08:00:00Z,1.15252,1.15371,1.15118,1.15292,2849,2
2025-06-13T09:00:00Z,1.15292,1.15465,1.15239,1.15421,4546,2
2025-06-13T10:00:00Z,1.15424,1.15606,1.15352,1.15354,4212,2
2025-06-13T11:00:00Z,1.15354,1.15471,1.15254,1.15286,2842,2
2025-06-13T12:00:00Z,1.15285,1.15357,1.15184,1.15235,3502,2
2025-06-13T13:00:00Z,1.15235,1.15294,1.14889,1.15047,3854,2
2025-06-13T14:00:00Z,1.15047,1.15109,1.14909,1.15101,3454,2
2025-06-13T15:00:00Z,1.15100,1.15226,1.15065,1.15163,2838,2
2025-06-13T16:00:00Z,1.15160,1.15275,1.15013,1.15231,3515,2
2025-06-13T17:00:00Z,1.15219,1.15462,1.15207,1.15444,3807,2
2025-06-13T18:00:00Z,1.15445,1.15694,1.15381,1.15563,3249,2
2025-06-13T19:00:00Z,1.15562,1.15659,1.15524,1.15544,2192,2
2025-06-13T20:00:00Z,1.15544,1.15554,1.15373,1.15491,2127,2
2025-06-13T21:00:00Z,1.15491,1.15508,1.15334,1.15414,2575,2
2025-06-13T22:00:00Z,1.15410,1.15517,1.15369,1.15500,1849,2
2025-06-13T23:00:00Z,1.15500,1.15507,1.15374,1.15470,1121,3
2025-06-16T00:00:00Z,1.15315,1.15351,1.15266,1.15287,533,23
2025-06-16T01:00:00Z,1.15307,1.15475,1.15261,1.15411,4309,2
2025-06-16T02:00:00Z,1.15412,1.15418,1.15276,1.15378,2231,2
2025-06-16T03:00:00Z,1.15378,1.15465,1.15308,1.15347,2590,2
2025-06-16T04:00:00Z,1.15343,1.15443,1.15320,1.15323,2670,2
2025-06-16T05:00:00Z,1.15323,1.15362,1.15264,1.15304,2020,2
2025-06-16T06:00:00Z,1.15304,1.15348,1.15236,1.15272,2002,2
2025-06-16T07:00:00Z,1.15272,1.15370,1.15271,1.15358,1653,2
2025-06-16T08:00:00Z,1.15358,1.15622,1.15358,1.15567,2772,2
2025-06-16T09:00:00Z,1.15566,1.15758,1.15397,1.15736,3350,2
2025-06-16T10:00:00Z,1.15728,1.15865,1.15669,1.15787,3500,2
2025-06-16T11:00:00Z,1.15787,1.15846,1.15753,1.15785,2370,2
2025-06-16T12:00:00Z,1.15783,1.15846,1.15760,1.15842,2259,2
2025-06-16T13:00:00Z,1.15843,1.15858,1.15723,1.15753,2146,2
2025-06-16T14:00:00Z,1.15753,1.15838,1.15697,1.15728,2235,2
2025-06-16T15:00:00Z,1.15728,1.15847,1.15707,1.15840,2749,2
2025-06-16T16:00:00Z,1.15840,1.16048,1.15840,1.16011,4061,2
2025-06-16T17:00:00Z,1.16012,1.16146,1.15894,1.15913,4244,2
2025-06-16T18:00:00Z,1.15913,1.15949,1.15790,1.15800,3151,2
2025-06-16T19:00:00Z,1.15803,1.15861,1.15783,1.15839,2192,2
2025-06-16T20:00:00Z,1.15839,1.15849,1.15724,1.15778,1603,2
2025-06-16T21:00:00Z,1.15777,1.15814,1.15736,1.15799,1868,2
2025-06-16T22:00:00Z,1.15799,1.15799,1.15550,1.15554,1719,2
2025-06-16T23:00:00Z,1.15552,1.15632,1.15543,1.15616,732,3
2025-06-17T00:00:00Z,1.15592,1.15645,1.15588,1.15597,893,23
2025-06-17T01:00:00Z,1.15591,1.15620,1.15533,1.15558,1745,2
2025-06-17T02:00:00Z,1.15558,1.15619,1.15493,1.15535,1621,2
2025-06-17T03:00:00Z,1.15535,1.15542,1.15425,1.15497,2761,2
2025-06-17T04:00:00Z,1.15497,1.15603,1.15496,1.15540,2007,2
2025-06-17T05:00:00Z,1.15540,1.15608,1.15457,1.15587,2004,2
2025-06-17T06:00:00Z,1.15587,1.15636,1.15548,1.15620,2190,2
2025-06-17T07:00:00Z,1.15620,1.15672,1.15594,1.15610,1819,2
2025-06-17T08:00:00Z,1.15610,1.15654,1.15526,1.15578,2079,2
2025-06-17T09:00:00Z,1.15577,1.15724,1.15527,1.15621,2507,2
2025-06-17T10:00:00Z,1.15621,1.15635,1.15453,1.15577,2961,2
2025-06-17T11:00:00Z,1.15577,1.15596,1.15500,1.15512,2291,2
2025-06-17T12:00:00Z,1.15516,1.15607,1.15503,1.15565,2416,2
2025-06-17T13:00:00Z,1.15565,1.15688,1.15550,1.15681,1950,2
2025-06-17T14:00:00Z,1.15681,1.15736,1.15574,1.15616,2045,2
2025-06-17T15:00:00Z,1.15616,1.15797,1.15478,1.15503,3711,2
2025-06-17T16:00:00Z,1.15507,1.15694,1.15506,1.15588,3551,2
2025-06-17T17:00:00Z,1.15585,1.15608,1.15106,1.15265,4314,2
2025-06-17T18:00:00Z,1.15266,1.15354,1.15186,1.15340,3309,2
2025-06-17T19:00:00Z,1.15340,1.15390,1.14989,1.15028,3233,2
2025-06-17T20:00:00Z,1.15029,1.15086,1.14780,1.14866,3861,2
2025-06-17T21:00:00Z,1.14866,1.14902,1.14748,1.14795,2762,2
2025-06-17T22:00:00Z,1.14795,1.14887,1.14768,1.14846,2212,2
2025-06-17T23:00:00Z,1.14848,1.14853,1.14745,1.14840,1396,2
2025-06-18T00:00:00Z,1.14776,1.14862,1.14776,1.14807,529,23
2025-06-18T01:00:00Z,1.14808,1.14836,1.14745,1.14750,1085,2
2025-06-18T02:00:00Z,1.14750,1.14826,1.14750,1.14816,1314,2
2025-06-18T03:00:00Z,1.14816,1.14967,1.14806,1.14923,2960,2
2025-06-18T04:00:00Z,1.14921,1.15007,1.14894,1.14970,2589,2
2025-06-18T05:00:00Z,1.14969,1.15012,1.14932,1.14977,1912,2
2025-06-18T06:00:00Z,1.14977,1.15049,1.14961,1.14998,1727,2
2025-06-18T07:00:00Z,1.14998,1.15079,1.14964,1.15056,1648,2
2025-06-18T08:00:00Z,1.15055,1.15071,1.15003,1.15045,1860,2
2025-06-18T09:00:00Z,1.15045,1.15152,1.15006,1.15102,2835,2
2025-06-18T10:00:00Z,1.15102,1.15234,1.15091,1.15131,2653,2
2025-06-18T11:00:00Z,1.15127,1.15162,1.14984,1.15020,2335,2
2025-06-18T12:00:00Z,1.15020,1.15106,1.14969,1.15037,2264,2
2025-06-18T13:00:00Z,1.15037,1.15107,1.14918,1.14935,2258,2
2025-06-18T14:00:00Z,1.14933,1.15086,1.14922,1.15072,2203,2
2025-06-18T15:00:00Z,1.15075,1.15167,1.15009,1.15061,2837,2
2025-06-18T16:00:00Z,1.15057,1.15086,1.14882,1.14886,3247,2
2025-06-18T17:00:00Z,1.14885,1.15221,1.14843,1.15073,5226,2
2025-06-18T18:00:00Z,1.15073,1.15301,1.15058,1.15201,3030,2
2025-06-18T19:00:00Z,1.15203,1.15250,1.15013,1.15030,2458,2
2025-06-18T20:00:00Z,1.15030,1.15091,1.14880,1.14964,1946,2
2025-06-18T21:00:00Z,1.14941,1.15292,1.14742,1.14746,7268,2
2025-06-18T22:00:00Z,1.14752,1.14875,1.14606,1.14745,5057,2
2025-06-18T23:00:00Z,1.14744,1.14841,1.14718,1.14794,1416,2
2025-06-19T00:00:00Z,1.14723,1.14817,1.14723,1.14808,757,24
2025-06-19T01:00:00Z,1.14805,1.14887,1.14749,1.14800,1026,3
2025-06-19T02:00:00Z,1.14804,1.14817,1.14712,1.14762,1740,2
2025-06-19T03:00:00Z,1.14757,1.14837,1.14740,1.14809,2437,2
2025-06-19T04:00:00Z,1.14809,1.14818,1.14522,1.14532,3161,2
2025-06-19T05:00:00Z,1.14531,1.14582,1.14508,1.14551,2276,2
2025-06-19T06:00:00Z,1.14554,1.14682,1.14533,1.14657,1670,2
2025-06-19T07:00:00Z,1.14657,1.14693,1.14631,1.14693,1671,2
2025-06-19T08:00:00Z,1.14693,1.14694,1.14509,1.14566,2169,2
2025-06-19T09:00:00Z,1.14566,1.14676,1.14462,1.14666,3030,2
2025-06-19T10:00:00Z,1.14666,1.14768,1.14602,1.14617,3367,2
2025-06-19T11:00:00Z,1.14617,1.14792,1.14564,1.14765,3319,2
2025-06-19T12:00:00Z,1.14765,1.14798,1.14695,1.14756,2593,2
2025-06-19T13:00:00Z,1.14756,1.14792,1.14693,1.14733,2495,2
2025-06-19T14:00:00Z,1.14734,1.14874,1.14676,1.14809,2481,2
2025-06-19T15:00:00Z,1.14809,1.14861,1.14697,1.14774,2461,2
2025-06-19T16:00:00Z,1.14770,1.14844,1.14713,1.14728,2523,2
2025-06-19T17:00:00Z,1.14727,1.14806,1.14617,1.14685,2872,2
2025-06-19T18:00:00Z,1.14686,1.14721,1.14587,1.14601,1880,2
2025-06-19T19:00:00Z,1.14598,1.14615,1.14545,1.14566,1260,2
2025-06-19T20:00:00Z,1.14566,1.14831,1.14554,1.14790,1152,2
2025-06-19T21:00:00Z,1.14790,1.14870,1.14772,1.14850,1011,2
2025-06-19T22:00:00Z,1.14850,1.15000,1.14841,1.14977,1047,2
2025-06-19T23:00:00Z,1.14970,1.14992,1.14920,1.14987,577,3
2025-06-20T00:00:00Z,1.14858,1.14964,1.14858,1.14928,441,24
2025-06-20T01:00:00Z,1.14931,1.15001,1.14916,1.14975,1344,3
2025-06-20T02:00:00Z,1.14983,1.15125,1.14968,1.15117,1420,2
2025-06-20T03:00:00Z,1.15116,1.15239,1.15105,1.15228,2347,2
2025-06-20T04:00:00Z,1.15227,1.15230,1.15131,1.15132,2083,2
2025-06-20T05:00:00Z,1.15132,1.15216,1.15111,1.15181,2099,2
2025-06-20T06:00:00Z,1.15179,1.15302,1.15151,1.15295,2335,2
2025-06-20T07:00:00Z,1.15295,1.15323,1.15241,1.15270,1579,2
2025-06-20T08:00:00Z,1.15270,1.15289,1.15188,1.15272,1834,2
2025-06-20T09:00:00Z,1.15272,1.15296,1.15138,1.15166,3110,2
2025-06-20T10:00:00Z,1.15166,1.15193,1.15099,1.15164,2475,2
2025-06-20T11:00:00Z,1.15164,1.15266,1.15114,1.15225,2408,2
2025-06-20T12:00:00Z,1.15224,1.15285,1.15194,1.15268,2177,2
2025-06-20T13:00:00Z,1.15268,1.15348,1.15223,1.15241,1824,2
2025-06-20T14:00:00Z,1.15238,1.15260,1.15120,1.15210,2258,2
2025-06-20T15:00:00Z,1.15210,1.15267,1.15058,1.15127,3319,2
2025-06-20T16:00:00Z,1.15130,1.15213,1.15091,1.15184,3041,2
2025-06-20T17:00:00Z,1.15182,1.15190,1.14951,1.15135,3651,2
2025-06-20T18:00:00Z,1.15135,1.15287,1.15110,1.15196,3338,2
2025-06-20T19:00:00Z,1.15196,1.15371,1.15191,1.15359,2419,2
2025-06-20T20:00:00Z,1.15359,1.15439,1.15316,1.15322,1874,2
2025-06-20T21:00:00Z,1.15322,1.15371,1.15270,1.15285,1521,2
2025-06-20T22:00:00Z,1.15285,1.15317,1.15154,1.15157,1576,2
2025-06-20T23:00:00Z,1.15157,1.15225,1.15137,1.15214,991,3
2025-06-23T00:00:00Z,1.14563,1.14742,1.14563,1.14718,844,24
2025-06-23T01:00:00Z,1.14718,1.14947,1.14718,1.14884,3029,3
2025-06-23T02:00:00Z,1.14884,1.15072,1.14861,1.14995,2062,2
2025-06-23T03:00:00Z,1.14995,1.15057,1.14808,1.14892,3074,2
2025-06-23T04:00:00Z,1.14892,1.14926,1.14723,1.14923,2940,2
2025-06-23T05:00:00Z,1.14925,1.15067,1.14923,1.14993,2325,2
2025-06-23T06:00:00Z,1.14996,1.15031,1.14922,1.14939,2357,2
2025-06-23T07:00:00Z,1.14939,1.14963,1.14852,1.14903,2102,2
2025-06-23T08:00:00Z,1.14907,1.15143,1.14907,1.15129,2739,2
2025-06-23T09:00:00Z,1.15129,1.15209,1.15034,1.15070,3360,2
2025-06-23T10:00:00Z,1.15070,1.15162,1.14911,1.14985,3490,2
2025-06-23T11:00:00Z,1.14983,1.15018,1.14802,1.14817,3034,2
2025-06-23T12:00:00Z,1.14817,1.14828,1.14535,1.14718,3583,2
2025-06-23T13:00:00Z,1.14718,1.14818,1.14594,1.14626,2810,2
2025-06-23T14:00:00Z,1.14626,1.14746,1.14604,1.14727,2866,2
2025-06-23T15:00:00Z,1.14726,1.14778,1.14568,1.14675,3171,2
2025-06-23T16:00:00Z,1.14675,1.14939,1.14648,1.14896,4113,2
2025-06-23T17:00:00Z,1.14896,1.15404,1.14893,1.15309,6110,2
2025-06-23T18:00:00Z,1.15310,1.15522,1.15288,1.15373,4256,2
2025-06-23T19:00:00Z,1.15373,1.15574,1.15178,1.15446,4173,2
2025-06-23T20:00:00Z,1.15447,1.15734,1.15405,1.15693,4169,2
2025-06-23T21:00:00Z,1.15693,1.15779,1.15660,1.15739,3136,2
2025-06-23T22:00:00Z,1.15739,1.15787,1.15703,1.15785,2153,2
2025-06-23T23:00:00Z,1.15785,1.15813,1.15745,1.15779,1021,2
2025-06-24T00:00:00Z,1.15761,1.15789,1.15751,1.15769,382,24
2025-06-24T01:00:00Z,1.15769,1.16017,1.15726,1.15922,2095,3
2025-06-24T02:00:00Z,1.15928,1.16083,1.15867,1.15978,2329,2
2025-06-24T03:00:00Z,1.15981,1.16086,1.15896,1.15992,3587,2
2025-06-24T04:00:00Z,1.15993,1.16054,1.15898,1.15908,2984,2
2025-06-24T05:00:00Z,1.15906,1.16014,1.15866,1.16002,2253,2
2025-06-24T06:00:00Z,1.16003,1.16096,1.15999,1.16057,1909,2
2025-06-24T07:00:00Z,1.16058,1.16141,1.16022,1.16063,1774,2
2025-06-24T08:00:00Z,1.16063,1.16137,1.16015,1.16106,2211,2
2025-06-24T09:00:00Z,1.16106,1.16222,1.16012,1.16050,4080,2
2025-06-24T10:00:00Z,1.16050,1.16104,1.15799,1.15921,4303,2
2025-06-24T11:00:00Z,1.15912,1.15996,1.15855,1.15926,3758,2
2025-06-24T12:00:00Z,1.15926,1.16180,1.15919,1.16094,3027,2
2025-06-24T13:00:00Z,1.16094,1.16094,1.15941,1.15965,2110,2
2025-06-24T14:00:00Z,1.15965,1.16150,1.15965,1.16084,2674,2
2025-06-24T15:00:00Z,1.16078,1.16112,1.15935,1.16006,3118,2
2025-06-24T16:00:00Z,1.16006,1.16029,1.15821,1.15921,3523,2
2025-06-24T17:00:00Z,1.15920,1.16414,1.15905,1.16169,5830,2
2025-06-24T18:00:00Z,1.16167,1.16364,1.16065,1.16070,4050,2
2025-06-24T19:00:00Z,1.16071,1.16249,1.16053,1.16240,2695,2
2025-06-24T20:00:00Z,1.16238,1.16324,1.16220,1.16259,2094,2
2025-06-24T21:00:00Z,1.16259,1.16289,1.16198,1.16235,1887,2
2025-06-24T22:00:00Z,1.16235,1.16250,1.16119,1.16125,1661,2
2025-06-24T23:00:00Z,1.16125,1.16154,1.16082,1.16105,1090,3
2025-06-25T00:00:00Z,1.16072,1.16097,1.16034,1.16061,684,24
2025-06-25T01:00:00Z,1.16065,1.16112,1.16040,1.16076,1062,3
2025-06-25T02:00:00Z,1.16078,1.16154,1.16074,1.16122,1132,2
2025-06-25T03:00:00Z,1.16124,1.16267,1.16110,1.16251,2103,2
2025-06-25T04:00:00Z,1.16251,1.16313,1.16175,1.16284,2582,2
2025-06-25T05:00:00Z,1.16285,1.16293,1.16176,1.16204,1917,2
2025-06-25T06:00:00Z,1.16204,1.16231,1.16109,1.16118,1576,2
2025-06-25T07:00:00Z,1.16117,1.16179,1.16114,1.16137,1356,2
2025-06-25T08:00:00Z,1.16138,1.16205,1.16095,1.16192,1802,2
2025-06-25T09:00:00Z,1.16192,1.16226,1.16036,1.16073,2575,2
2025-06-25T10:00:00Z,1.16073,1.16091,1.15899,1.15987,2927,2
2025-06-25T11:00:00Z,1.15989,1.16113,1.15930,1.16099,2401,2
2025-06-25T12:00:00Z,1.16098,1.16111,1.15920,1.16007,2268,2
2025-06-25T13:00:00Z,1.16007,1.16080,1.15972,1.16036,1750,2
2025-06-25T14:00:00Z,1.16035,1.16133,1.15967,1.15992,2125,2
2025-06-25T15:00:00Z,1.15990,1.16051,1.15901,1.15928,2743,2
2025-06-25T16:00:00Z,1.15928,1.16075,1.15902,1.16010,2893,2
2025-06-25T17:00:00Z,1.16008,1.16234,1.16008,1.16208,3704,2
2025-06-25T18:00:00Z,1.16207,1.16296,1.16168,1.16195,2787,2
2025-06-25T19:00:00Z,1.16196,1.16357,1.16195,1.16307,2209,2
2025-06-25T20:00:00Z,1.16307,1.16443,1.16269,1.16423,2066,2
2025-06-25T21:00:00Z,1.16423,1.16611,1.16418,1.16609,1878,2
2025-06-25T22:00:00Z,1.16609,1.16649,1.16562,1.16583,1608,2
2025-06-25T23:00:00Z,1.16582,1.16608,1.16509,1.16555,930,3
2025-06-26T00:00:00Z,1.16528,1.16567,1.16528,1.16550,332,24
2025-06-26T01:00:00Z,1.16552,1.16600,1.16550,1.16596,782,3
2025-06-26T02:00:00Z,1.16598,1.16847,1.16594,1.16834,1791,2
2025-06-26T03:00:00Z,1.16837,1.16891,1.16799,1.16821,2007,2
2025-06-26T04:00:00Z,1.16822,1.16876,1.16674,1.16862,2117,2
2025-06-26T05:00:00Z,1.16862,1.16950,1.16822,1.16905,2065,2
2025-06-26T06:00:00Z,1.16906,1.17172,1.16885,1.16946,2706,2
2025-06-26T07:00:00Z,1.16945,1.16948,1.16785,1.16796,1735,2
2025-06-26T08:00:00Z,1.16796,1.16859,1.16756,1.16853,1923,2
2025-06-26T09:00:00Z,1.16852,1.17003,1.16717,1.16995,3248,2
2025-06-26T10:00:00Z,1.16995,1.17133,1.16915,1.17102,3555,2
2025-06-26T11:00:00Z,1.17102,1.17444,1.17066,1.17276,3704,2
2025-06-26T12:00:00Z,1.17273,1.17287,1.17125,1.17251,2793,2
2025-06-26T13:00:00Z,1.17251,1.17308,1.17134,1.17147,2388,2
2025-06-26T14:00:00Z,1.17149,1.17157,1.16939,1.16948,2825,2
2025-06-26T15:00:00Z,1.16947,1.17127,1.16899,1.17066,4219,2
2025-06-26T16:00:00Z,1.17069,1.17207,1.16944,1.17168,4566,2
2025-06-26T17:00:00Z,1.17168,1.17191,1.17060,1.17083,4787,2
2025-06-26T18:00:00Z,1.17083,1.17174,1.16901,1.17166,3466,2
2025-06-26T19:00:00Z,1.17166,1.17401,1.17099,1.17293,2776,2
2025-06-26T20:00:00Z,1.17293,1.17320,1.17206,1.17248,2229,2
2025-06-26T21:00:00Z,1.17247,1.17282,1.17177,1.17203,1927,2
2025-06-26T22:00:00Z,1.17203,1.17205,1.17039,1.17043,1719,2
2025-06-26T23:00:00Z,1.17043,1.17084,1.16940,1.17000,1134,3
2025-06-27T00:00:00Z,1.16964,1.17032,1.16908,1.16943,798,24
2025-06-27T01:00:00Z,1.16948,1.16982,1.16807,1.16830,1056,3
2025-06-27T02:00:00Z,1.16834,1.16982,1.16832,1.16927,1148,2
2025-06-27T03:00:00Z,1.16935,1.16978,1.16881,1.16923,2231,2
2025-06-27T04:00:00Z,1.16919,1.17042,1.16858,1.17015,2486,2
2025-06-27T05:00:00Z,1.17015,1.17055,1.16858,1.16998,1755,2
2025-06-27T06:00:00Z,1.16998,1.17093,1.16952,1.16956,1679,2
2025-06-27T07:00:00Z,1.16956,1.16981,1.16849,1.16850,1466,2
2025-06-27T08:00:00Z,1.16856,1.16935,1.16845,1.16890,1851,2
2025-06-27T09:00:00Z,1.16888,1.17188,1.16834,1.17187,2805,2
2025-06-27T10:00:00Z,1.17187,1.17270,1.17068,1.17146,2735,2
2025-06-27T11:00:00Z,1.17148,1.17262,1.17087,1.17094,2236,2
2025-06-27T12:00:00Z,1.17095,1.17112,1.17012,1.17093,1963,2
2025-06-27T13:00:00Z,1.17093,1.17154,1.17013,1.17136,1984,2
2025-06-27T14:00:00Z,1.17139,1.17200,1.17107,1.17139,2024,2
2025-06-27T15:00:00Z,1.17139,1.17494,1.17028,1.17469,4614,2
2025-06-27T16:00:00Z,1.17469,1.17538,1.17157,1.17282,4323,2
2025-06-27T17:00:00Z,1.17270,1.17382,1.17053,1.17184,4160,2
2025-06-27T18:00:00Z,1.17184,1.17300,1.17112,1.17235,2877,2
2025-06-27T19:00:00Z,1.17235,1.17323,1.17171,1.17220,2394,2
2025-06-27T20:00:00Z,1.17220,1.17237,1.16953,1.17020,3175,2
2025-06-27T21:00:00Z,1.17020,1.17056,1.16878,1.16995,3266,2
2025-06-27T22:00:00Z,1.16995,1.17090,1.16989,1.17067,2101,2
2025-06-27T23:00:00Z,1.17063,1.17192,1.17059,1.17189,954,3
2025-06-30T00:00:00Z,1.17286,1.17303,1.17180,1.17300,384,24
2025-06-30T01:00:00Z,1.17308,1.17329,1.17218,1.17303,1482,3
2025-06-30T02:00:00Z,1.17306,1.17384,1.17260,1.17266,1389,2
2025-06-30T03:00:00Z,1.17268,1.17282,1.17156,1.17178,2049,2
2025-06-30T04:00:00Z,1.17178,1.17347,1.17151,1.17203,2335,2
2025-06-30T05:00:00Z,1.17203,1.17316,1.17179,1.17189,2401,2
2025-06-30T06:00:00Z,1.17188,1.17221,1.17116,1.17122,1755,2
2025-06-30T07:00:00Z,1.17122,1.17318,1.17120,1.17301,1606,2
2025-06-30T08:00:00Z,1.17299,1.17383,1.17232,1.17262,2217,2
2025-06-30T09:00:00Z,1.17262,1.17507,1.17207,1.17432,2991,2
2025-06-30T10:00:00Z,1.17432,1.17433,1.17245,1.17247,3085,2
2025-06-30T11:00:00Z,1.17247,1.17303,1.17133,1.17295,3224,2
2025-06-30T12:00:00Z,1.17295,1.17327,1.17172,1.17197,2421,2
2025-06-30T13:00:00Z,1.17197,1.17248,1.17165,1.17247,1873,2
2025-06-30T14:00:00Z,1.17247,1.17316,1.17229,1.17229,2018,2
2025-06-30T15:00:00Z,1.17235,1.17251,1.17077,1.17132,2341,2
2025-06-30T16:00:00Z,1.17132,1.17215,1.17119,1.17212,2762,2
2025-06-30T17:00:00Z,1.17212,1.17507,1.17105,1.17388,4631,2
2025-06-30T18:00:00Z,1.17384,1.17716,1.17336,1.17696,3758,2
2025-06-30T19:00:00Z,1.17696,1.17699,1.17486,1.17627,3087,2
2025-06-30T20:00:00Z,1.17627,1.17705,1.17604,1.17657,2291,2
2025-06-30T21:00:00Z,1.17657,1.17797,1.17645,1.17757,2073,2
2025-06-30T22:00:00Z,1.17757,1.17805,1.17725,1.17796,1639,2
2025-06-30T23:00:00Z,1.17796,1.17863,1.17772,1.17818,930,2
2025-07-01T00:00:00Z,1.17807,1.17848,1.17718,1.17794,1240,24
2025-07-01T01:00:00Z,1.17774,1.17908,1.17774,1.17852,1247,3
2025-07-01T02:00:00Z,1.17854,1.17874,1.17833,1.17863,808,2
2025-07-01T03:00:00Z,1.17862,1.17980,1.17862,1.17976,2010,2
2025-07-01T04:00:00Z,1.17976,1.18074,1.17795,1.17802,2179,2
2025-07-01T05:00:00Z,1.17801,1.17894,1.17777,1.17881,1669,2
2025-07-01T06:00:00Z,1.17881,1.17938,1.17866,1.17895,1266,2
2025-07-01T07:00:00Z,1.17895,1.17939,1.17827,1.17863,1342,2
2025-07-01T08:00:00Z,1.17863,1.17895,1.17803,1.17865,1443,2
2025-07-01T09:00:00Z,1.17865,1.17868,1.17759,1.17791,2457,2
2025-07-01T10:00:00Z,1.17791,1.17878,1.17675,1.17859,3017,2
2025-07-01T11:00:00Z,1.17837,1.18172,1.17744,1.18046,3321,2
2025-07-01T12:00:00Z,1.18044,1.18294,1.17967,1.18135,3383,2
2025-07-01T13:00:00Z,1.18135,1.18234,1.18107,1.18114,2370,2
2025-07-01T14:00:00Z,1.18109,1.18193,1.18057,1.18138,2248,2
2025-07-01T15:00:00Z,1.18137,1.18175,1.18021,1.18035,2845,2
2025-07-01T16:00:00Z,1.18036,1.18115,1.17928,1.18001,3498,2
2025-07-01T17:00:00Z,1.18004,1.18006,1.17750,1.17796,5362,2
2025-07-01T18:00:00Z,1.17795,1.17796,1.17689,1.17758,3487,2
2025-07-01T19:00:00Z,1.17758,1.17759,1.17613,1.17652,2630,2
2025-07-01T20:00:00Z,1.17654,1.17835,1.17652,1.17828,2224,2
2025-07-01T21:00:00Z,1.17828,1.17835,1.17749,1.17808,1438,2
2025-07-01T22:00:00Z,1.17806,1.17913,1.17794,1.17910,1689,2
2025-07-01T23:00:00Z,1.17907,1.18063,1.17906,1.18052,1024,3
2025-07-02T00:00:00Z,1.18002,1.18033,1.17985,1.18032,583,24
2025-07-02T01:00:00Z,1.18041,1.18063,1.18020,1.18028,759,3
2025-07-02T02:00:00Z,1.18031,1.18069,1.17993,1.18051,800,2
2025-07-02T03:00:00Z,1.18049,1.18081,1.17992,1.18074,1783,2
2025-07-02T04:00:00Z,1.18073,1.18098,1.17920,1.17935,1891,2
2025-07-02T05:00:00Z,1.17933,1.18017,1.17881,1.17998,1837,2
2025-07-02T06:00:00Z,1.17998,1.18029,1.17960,1.18003,1469,2
2025-07-02T07:00:00Z,1.18003,1.18012,1.17958,1.17962,1222,2
2025-07-02T08:00:00Z,1.17962,1.17980,1.17843,1.17873,1890,2
2025-07-02T09:00:00Z,1.17877,1.17935,1.17733,1.17816,2381,2
2025-07-02T10:00:00Z,1.17815,1.17835,1.17711,1.17741,2570,2
2025-07-02T11:00:00Z,1.17741,1.17814,1.17700,1.17757,2269,2
2025-07-02T12:00:00Z,1.17756,1.17776,1.17670,1.17701,2198,2
2025-07-02T13:00:00Z,1.17701,1.17808,1.17648,1.17677,1962,2
2025-07-02T14:00:00Z,1.17677,1.17713,1.17469,1.17496,2624,2
2025-07-02T15:00:00Z,1.17496,1.17880,1.17474,1.17566,5745,2
2025-07-02T16:00:00Z,1.17565,1.17773,1.17548,1.17598,4291,2
2025-07-02T17:00:00Z,1.17598,1.17707,1.17506,1.17675,3895,2
2025-07-02T18:00:00Z,1.17675,1.17897,1.17659,1.17892,3029,2
2025-07-02T19:00:00Z,1.17892,1.17940,1.17854,1.17883,2357,2
2025-07-02T20:00:00Z,1.17882,1.18002,1.17882,1.17956,1754,2
2025-07-02T21:00:00Z,1.17946,1.18001,1.17933,1.17995,1788,2
2025-07-02T22:00:00Z,1.17995,1.18031,1.17952,1.18022,1397,2
2025-07-02T23:00:00Z,1.18020,1.18022,1.17955,1.17958,713,3
2025-07-03T00:00:00Z,1.17947,1.17977,1.17870,1.17943,579,24
2025-07-03T01:00:00Z,1.17944,1.17999,1.17931,1.17983,853,3
2025-07-03T02:00:00Z,1.17985,1.18020,1.17975,1.17986,691,2
2025-07-03T03:00:00Z,1.17986,1.18087,1.17978,1.18067,1650,2
2025-07-03T04:00:00Z,1.18067,1.18101,1.18038,1.18043,1436,2
2025-07-03T05:00:00Z,1.18043,1.18047,1.17944,1.17978,1439,2
2025-07-03T06:00:00Z,1.17978,1.17995,1.17891,1.17916,1287,2
2025-07-03T07:00:00Z,1.17916,1.17932,1.17875,1.17893,934,2
2025-07-03T08:00:00Z,1.17893,1.17960,1.17868,1.17960,1403,2
2025-07-03T09:00:00Z,1.17960,1.18028,1.17915,1.18021,2166,2
2025-07-03T10:00:00Z,1.18021,1.18099,1.17943,1.18013,2437,2
2025-07-03T11:00:00Z,1.18011,1.18083,1.17955,1.17978,2053,2
2025-07-03T12:00:00Z,1.17978,1.17979,1.17884,1.17924,2072,2
2025-07-03T13:00:00Z,1.17924,1.18000,1.17868,1.17933,1704,2
2025-07-03T14:00:00Z,1.17932,1.17968,1.17831,1.17850,1830,2
2025-07-03T15:00:00Z,1.17848,1.17895,1.17172,1.17382,5920,2
2025-07-03T16:00:00Z,1.17382,1.17793,1.17337,1.17739,4893,2
2025-07-03T17:00:00Z,1.17739,1.17896,1.17511,1.17531,4489,2
2025-07-03T18:00:00Z,1.17530,1.17663,1.17492,1.17569,3092,2
2025-07-03T19:00:00Z,1.17572,1.17579,1.17398,1.17524,2310,2
2025-07-03T20:00:00Z,1.17522,1.17581,1.17502,1.17540,1077,2
2025-07-03T21:00:00Z,1.17540,1.17565,1.17480,1.17486,877,2
2025-07-03T22:00:00Z,1.17486,1.17525,1.17442,1.17477,793,2
2025-07-03T23:00:00Z,1.17476,1.17594,1.17462,1.17563,703,3
2025-07-04T00:00:00Z,1.17580,1.17594,1.17516,1.17564,450,24
2025-07-04T01:00:00Z,1.17572,1.17594,1.17535,1.17593,697,3
2025-07-04T02:00:00Z,1.17593,1.17714,1.17558,1.17690,968,2
2025-07-04T03:00:00Z,1.17690,1.17705,1.17637,1.17668,1679,2
2025-07-04T04:00:00Z,1.17668,1.17693,1.17558,1.17596,1830,2
2025-07-04T05:00:00Z,1.17596,1.17707,1.17595,1.17654,1499,2
2025-07-04T06:00:00Z,1.17652,1.17725,1.17644,1.17699,1309,2
2025-07-04T07:00:00Z,1.17699,1.17799,1.17692,1.17799,1363,2
2025-07-04T08:00:00Z,1.17799,1.17854,1.17797,1.17841,1539,2
2025-07-04T09:00:00Z,1.17841,1.17848,1.17743,1.17810,2226,2
2025-07-04T10:00:00Z,1.17810,1.17826,1.17676,1.17696,2669,2
2025-07-04T11:00:00Z,1.17696,1.17774,1.17681,1.17742,2132,2
2025-07-04T12:00:00Z,1.17742,1.17821,1.17719,1.17783,1984,2
2025-07-04T13:00:00Z,1.17783,1.17810,1.17748,1.17776,2003,2
2025-07-04T14:00:00Z,1.17776,1.17818,1.17684,1.17687,1943,2
2025-07-04T15:00:00Z,1.17687,1.17719,1.17638,1.17665,1813,2
2025-07-04T16:00:00Z,1.17665,1.17808,1.17663,1.17795,1584,2
2025-07-04T17:00:00Z,1.17795,1.17874,1.17750,1.17784,1989,2
2025-07-04T18:00:00Z,1.17783,1.17844,1.17758,1.17785,1570,2
2025-07-04T19:00:00Z,1.17785,1.17816,1.17734,1.17742,1278,2
2025-07-04T20:00:00Z,1.17743,1.17775,1.17723,1.17757,2362,2
2025-07-04T21:00:00Z,1.17757,1.17794,1.17744,1.17791,1558,2
2025-07-04T22:00:00Z,1.17791,1.17796,1.17720,1.17752,1454,2
2025-07-04T23:00:00Z,1.17752,1.17797,1.17701,1.17722,3077,2
2025-07-07T00:00:00Z,1.17821,1.17823,1.17776,1.17783,270,24
2025-07-07T01:00:00Z,1.17775,1.17818,1.17734,1.17799,1008,3
2025-07-07T02:00:00Z,1.17807,1.17823,1.17750,1.17801,925,2
2025-07-07T03:00:00Z,1.17801,1.17902,1.17785,1.17797,2076,2
2025-07-07T04:00:00Z,1.17796,1.17806,1.17699,1.17720,2128,2
2025-07-07T05:00:00Z,1.17720,1.17753,1.17646,1.17673,2073,2
2025-07-07T06:00:00Z,1.17673,1.17744,1.17662,1.17690,1596,2
2025-07-07T07:00:00Z,1.17690,1.17722,1.17639,1.17661,1634,2
2025-07-07T08:00:00Z,1.17661,1.17737,1.17632,1.17713,2201,2
2025-07-07T09:00:00Z,1.17713,1.17735,1.17500,1.17558,2573,2
2025-07-07T10:00:00Z,1.17559,1.17586,1.17452,1.17454,2703,2
2025-07-07T11:00:00Z,1.17452,1.17474,1.17231,1.17241,2692,2
2025-07-07T12:00:00Z,1.17241,1.17346,1.17221,1.17340,2326,2
2025-07-07T13:00:00Z,1.17339,1.17360,1.17230,1.17275,1997,2
2025-07-07T14:00:00Z,1.17275,1.17341,1.17249,1.17294,1785,2
2025-07-07T15:00:00Z,1.17295,1.17309,1.17181,1.17222,2305,2
2025-07-07T16:00:00Z,1.17223,1.17406,1.17218,1.17351,2691,2
2025-07-07T17:00:00Z,1.17351,1.17453,1.17328,1.17389,2454,2
2025-07-07T18:00:00Z,1.17388,1.17405,1.17302,1.17327,2303,2
2025-07-07T19:00:00Z,1.17327,1.17392,1.16873,1.16940,3772,2
2025-07-07T20:00:00Z,1.16943,1.17137,1.16865,1.17066,3231,2
2025-07-07T21:00:00Z,1.17064,1.17199,1.16998,1.17187,2227,2
2025-07-07T22:00:00Z,1.17187,1.17236,1.17162,1.17193,1418,2
2025-07-07T23:00:00Z,1.17192,1.17210,1.17063,1.17081,832,3
2025-07-08T00:00:00Z,1.17060,1.17084,1.17060,1.17074,461,24
2025-07-08T01:00:00Z,1.17082,1.17373,1.17073,1.17353,1182,3
2025-07-08T02:00:00Z,1.17354,1.17385,1.17313,1.17363,1244,2
2025-07-08T03:00:00Z,1.17363,1.17477,1.17363,1.17433,2308,2
2025-07-08T04:00:00Z,1.17433,1.17442,1.17308,1.17381,2156,2
2025-07-08T05:00:00Z,1.17381,1.17487,1.17360,1.17384,1687,2
2025-07-08T06:00:00Z,1.17384,1.17488,1.17369,1.17468,1605,2
2025-07-08T07:00:00Z,1.17468,1.17497,1.17405,1.17414,1914,2
2025-07-08T08:00:00Z,1.17414,1.17447,1.17336,1.17346,2044,2
2025-07-08T09:00:00Z,1.17347,1.17448,1.17318,1.17417,2684,2
2025-07-08T10:00:00Z,1.17420,1.17653,1.17420,1.17598,2511,2
2025-07-08T11:00:00Z,1.17599,1.17606,1.17475,1.17488,2518,2
2025-07-08T12:00:00Z,1.17487,1.17505,1.17389,1.17421,2095,2
2025-07-08T13:00:00Z,1.17422,1.17424,1.17231,1.17281,2054,2
2025-07-08T14:00:00Z,1.17280,1.17385,1.17213,1.17216,1963,2
2025-07-08T15:00:00Z,1.17216,1.17246,1.17138,1.17210,2745,2
2025-07-08T16:00:00Z,1.17210,1.17222,1.16938,1.17049,3625,2
2025-07-08T17:00:00Z,1.17049,1.17064,1.16824,1.16921,4148,2
2025-07-08T18:00:00Z,1.16921,1.17126,1.16896,1.17066,2806,2
2025-07-08T19:00:00Z,1.17065,1.17129,1.16963,1.17088,2988,2
2025-07-08T20:00:00Z,1.17088,1.17259,1.17075,1.17243,2739,2
2025-07-08T21:00:00Z,1.17244,1.17285,1.17182,1.17251,2166,2
2025-07-08T22:00:00Z,1.17262,1.17297,1.17193,1.17243,1612,2
2025-07-08T23:00:00Z,1.17239,1.17284,1.17223,1.17251,784,3
2025-07-09T00:00:00Z,1.17195,1.17229,1.17141,1.17177,872,24
2025-07-09T01:00:00Z,1.17178,1.17292,1.17178,1.17285,619,3
2025-07-09T02:00:00Z,1.17285,1.17290,1.17216,1.17228,893,2
2025-07-09T03:00:00Z,1.17231,1.17259,1.17174,1.17245,1926,2
2025-07-09T04:00:00Z,1.17245,1.17257,1.17168,1.17204,2048,2
2025-07-09T05:00:00Z,1.17204,1.17254,1.17046,1.17112,1938,2
2025-07-09T06:00:00Z,1.17113,1.17117,1.17027,1.17036,1692,2
2025-07-09T07:00:00Z,1.17035,1.17138,1.17012,1.17125,1585,2
2025-07-09T08:00:00Z,1.17125,1.17214,1.17108,1.17164,1767,2
2025-07-09T09:00:00Z,1.17166,1.17285,1.17123,1.17259,2175,2
2025-07-09T10:00:00Z,1.17260,1.17282,1.17043,1.17075,2902,2
2025-07-09T11:00:00Z,1.17074,1.17202,1.17023,1.17132,2587,2
2025-07-09T12:00:00Z,1.17132,1.17197,1.17072,1.17133,2097,2
2025-07-09T13:00:00Z,1.17133,1.17176,1.17017,1.17019,2009,2
2025-07-09T14:00:00Z,1.17019,1.17064,1.16895,1.16911,1905,2
2025-07-09T15:00:00Z,1.16911,1.17168,1.16911,1.17153,3170,2
2025-07-09T16:00:00Z,1.17153,1.17224,1.17006,1.17033,3330,2
2025-07-09T17:00:00Z,1.17034,1.17245,1.17027,1.17147,3299,2
2025-07-09T18:00:00Z,1.17147,1.17162,1.17049,1.17060,2128,2
2025-07-09T19:00:00Z,1.17060,1.17090,1.17007,1.17051,1430,2
2025-07-09T20:00:00Z,1.17045,1.17110,1.17039,1.17095,1509,2
2025-07-09T21:00:00Z,1.17095,1.17177,1.17049,1.17131,1623,2
2025-07-09T22:00:00Z,1.17132,1.17231,1.17127,1.17188,1225,2
2025-07-09T23:00:00Z,1.17187,1.17218,1.17114,1.17205,847,3
2025-07-10T00:00:00Z,1.17159,1.17221,1.17149,1.17217,460,24
2025-07-10T01:00:00Z,1.17215,1.17250,1.17215,1.17244,582,3
2025-07-10T02:00:00Z,1.17244,1.17397,1.17229,1.17380,828,2
2025-07-10T03:00:00Z,1.17381,1.17495,1.17357,1.17437,2060,2
2025-07-10T04:00:00Z,1.17431,1.17442,1.17376,1.17408,1448,2
2025-07-10T05:00:00Z,1.17408,1.17443,1.17371,1.17390,1483,2
2025-07-10T06:00:00Z,1.17390,1.17396,1.17336,1.17339,1231,2
2025-07-10T07:00:00Z,1.17340,1.17358,1.17303,1.17350,1107,2
2025-07-10T08:00:00Z,1.17349,1.17407,1.17346,1.17389,1447,2
2025-07-10T09:00:00Z,1.17389,1.17435,1.17292,1.17327,2186,2
2025-07-10T10:00:00Z,1.17327,1.17379,1.17262,1.17329,2213,2
2025-07-10T11:00:00Z,1.17329,1.17342,1.17259,1.17278,1706,2
2025-07-10T12:00:00Z,1.17278,1.17343,1.17277,1.17308,1418,2
2025-07-10T13:00:00Z,1.17308,1.17339,1.17276,1.17284,1274,2
2025-07-10T14:00:00Z,1.17284,1.17295,1.17081,1.17116,1945,2
2025-07-10T15:00:00Z,1.17116,1.17140,1.17015,1.17063,2739,2
2025-07-10T16:00:00Z,1.17063,1.17146,1.16865,1.16925,2994,2
2025-07-10T17:00:00Z,1.16924,1.16936,1.16625,1.16799,4466,2
2025-07-10T18:00:00Z,1.16799,1.16884,1.16739,1.16873,2932,2
2025-07-10T19:00:00Z,1.16873,1.16899,1.16821,1.16855,2151,2
2025-07-10T20:00:00Z,1.16855,1.16911,1.16814,1.16891,1572,2
2025-07-10T21:00:00Z,1.16890,1.16948,1.16877,1.16921,1563,2
2025-07-10T22:00:00Z,1.16920,1.16990,1.16897,1.16955,1369,2
2025-07-10T23:00:00Z,1.16955,1.16989,1.16942,1.16981,870,2
2025-07-11T00:00:00Z,1.16956,1.17023,1.16956,1.17021,752,24
2025-07-11T01:00:00Z,1.17021,1.17072,1.17018,1.17056,690,3
2025-07-11T02:00:00Z,1.17059,1.17059,1.16996,1.17016,701,2
2025-07-11T03:00:00Z,1.17018,1.17048,1.16645,1.16749,3706,2
2025-07-11T04:00:00Z,1.16748,1.16860,1.16686,1.16752,2747,2
2025-07-11T05:00:00Z,1.16752,1.16780,1.16706,1.16710,2029,2
2025-07-11T06:00:00Z,1.16709,1.16843,1.16702,1.16817,1440,2
2025-07-11T07:00:00Z,1.16817,1.16828,1.16689,1.16764,1581,2
2025-07-11T08:00:00Z,1.16764,1.16839,1.16752,1.16779,1810,2
2025-07-11T09:00:00Z,1.16779,1.16849,1.16701,1.16747,2735,2
2025-07-11T10:00:00Z,1.16747,1.16956,1.16747,1.16889,2725,2
2025-07-11T11:00:00Z,1.16889,1.16921,1.16795,1.16821,2186,2
2025-07-11T12:00:00Z,1.16821,1.16953,1.16812,1.16950,1977,2
2025-07-11T13:00:00Z,1.16949,1.16966,1.16874,1.16924,1982,2
2025-07-11T14:00:00Z,1.16924,1.17011,1.16863,1.16877,2299,2
2025-07-11T15:00:00Z,1.16878,1.17003,1.16824,1.16884,2730,2
2025-07-11T16:00:00Z,1.16885,1.17138,1.16864,1.16886,3496,2
2025-07-11T17:00:00Z,1.16883,1.16940,1.16740,1.16921,3639,2
2025-07-11T18:00:00Z,1.16918,1.17040,1.16891,1.16962,2520,2
2025-07-11T19:00:00Z,1.16962,1.16979,1.16887,1.16915,2323,2
2025-07-11T20:00:00Z,1.16915,1.16947,1.16864,1.16932,1498,2
2025-07-11T21:00:00Z,1.16932,1.16958,1.16883,1.16884,1942,2
2025-07-11T22:00:00Z,1.16884,1.16919,1.16859,1.16879,1466,2
2025-07-11T23:00:00Z,1.16879,1.16937,1.16786,1.16920,1082,2
2025-07-14T00:00:00Z,1.16666,1.16713,1.16608,1.16651,297,24
2025-07-14T01:00:00Z,1.16651,1.16842,1.16628,1.16647,1928,3
2025-07-14T02:00:00Z,1.16648,1.16828,1.16634,1.16826,1506,2
2025-07-14T03:00:00Z,1.16826,1.16938,1.16815,1.16934,1830,2
2025-07-14T04:00:00Z,1.16933,1.16975,1.16839,1.16845,1878,2
2025-07-14T05:00:00Z,1.16845,1.16901,1.16726,1.16743,1721,2
2025-07-14T06:00:00Z,1.16744,1.16851,1.16731,1.16810,1337,2
2025-07-14T07:00:00Z,1.16810,1.16820,1.16747,1.16747,1447,2
2025-07-14T08:00:00Z,1.16747,1.16786,1.16646,1.16696,1889,2
2025-07-14T09:00:00Z,1.16698,1.16701,1.16540,1.16634,2189,2
2025-07-14T10:00:00Z,1.16636,1.16873,1.16628,1.16855,2452,2
2025-07-14T11:00:00Z,1.16855,1.16887,1.16799,1.16825,1907,2
2025-07-14T12:00:00Z,1.16825,1.16920,1.16794,1.16914,1849,2
2025-07-14T13:00:00Z,1.16912,1.16953,1.16879,1.16947,1527,2
2025-07-14T14:00:00Z,1.16947,1.16969,1.16862,1.16887,1946,2
2025-07-14T15:00:00Z,1.16887,1.16918,1.16800,1.16857,1967,2
2025-07-14T16:00:00Z,1.16857,1.16865,1.16745,1.16819,2582,2
2025-07-14T17:00:00Z,1.16819,1.16942,1.16784,1.16834,2585,2
2025-07-14T18:00:00Z,1.16833,1.16958,1.16672,1.16712,2723,2
2025-07-14T19:00:00Z,1.16712,1.16756,1.16601,1.16623,2390,2
2025-07-14T20:00:00Z,1.16623,1.16667,1.16590,1.16627,1427,2
2025-07-14T21:00:00Z,1.16627,1.16728,1.16627,1.16702,1423,2
2025-07-14T22:00:00Z,1.16702,1.16716,1.16646,1.16681,1027,2
2025-07-14T23:00:00Z,1.16680,1.16689,1.16629,1.16636,684,3
2025-07-15T00:00:00Z,1.16619,1.16656,1.16611,1.16631,360,24
2025-07-15T01:00:00Z,1.16631,1.16677,1.16631,1.16664,628,3
2025-07-15T02:00:00Z,1.16664,1.16670,1.16603,1.16652,869,2
2025-07-15T03:00:00Z,1.16652,1.16771,1.16644,1.16721,1628,2
2025-07-15T04:00:00Z,1.16721,1.16745,1.16658,1.16690,1565,2
2025-07-15T05:00:00Z,1.16693,1.16750,1.16652,1.16743,1553,2
2025-07-15T06:00:00Z,1.16743,1.16776,1.16731,1.16757,1174,2
2025-07-15T07:00:00Z,1.16758,1.16801,1.16737,1.16757,977,2
2025-07-15T08:00:00Z,1.16757,1.16862,1.16756,1.16858,1293,2
2025-07-15T09:00:00Z,1.16858,1.16879,1.16743,1.16777,1817,2
2025-07-15T10:00:00Z,1.16777,1.16927,1.16717,1.16905,2314,2
2025-07-15T11:00:00Z,1.16903,1.16913,1.16818,1.16867,1827,2
2025-07-15T12:00:00Z,1.16868,1.16909,1.16813,1.16850,1726,2
2025-07-15T13:00:00Z,1.16849,1.16874,1.16762,1.16837,1567,2
2025-07-15T14:00:00Z,1.16837,1.16841,1.16675,1.16696,1770,2
2025-07-15T15:00:00Z,1.16696,1.16909,1.16622,1.16779,4063,2
2025-07-15T16:00:00Z,1.16779,1.16792,1.16388,1.16430,4855,2
2025-07-15T17:00:00Z,1.16430,1.16441,1.16153,1.16184,4874,2
2025-07-15T18:00:00Z,1.16184,1.16186,1.16007,1.16180,3331,2
2025-07-15T19:00:00Z,1.16180,1.16204,1.15935,1.15959,2566,2
2025-07-15T20:00:00Z,1.15960,1.16010,1.15928,1.15966,1709,2
2025-07-15T21:00:00Z,1.15966,1.16052,1.15951,1.16029,1514,2
2025-07-15T22:00:00Z,1.16029,1.16034,1.15991,1.16009,1250,2
2025-07-15T23:00:00Z,1.16008,1.16036,1.15989,1.16000,722,3
2025-07-16T00:00:00Z,1.15972,1.16005,1.15961,1.15987,261,24
2025-07-16T01:00:00Z,1.15987,1.16044,1.15978,1.16042,655,3
2025-07-16T02:00:00Z,1.16043,1.16079,1.16030,1.16073,641,2
2025-07-16T03:00:00Z,1.16073,1.16134,1.16022,1.16079,1630,2
2025-07-16T04:00:00Z,1.16075,1.16154,1.16063,1.16136,1738,2
2025-07-16T05:00:00Z,1.16136,1.16137,1.16069,1.16104,1200,2
2025-07-16T06:00:00Z,1.16104,1.16155,1.16058,1.16110,1140,2
2025-07-16T07:00:00Z,1.16114,1.16199,1.16103,1.16197,1209,2
2025-07-16T08:00:00Z,1.16197,1.16207,1.16144,1.16205,1464,2
2025-07-16T09:00:00Z,1.16205,1.16278,1.16185,1.16276,2113,2
2025-07-16T10:00:00Z,1.16277,1.16284,1.16126,1.16187,2207,2
2025-07-16T11:00:00Z,1.16187,1.16257,1.16178,1.16252,1974,2
2025-07-16T12:00:00Z,1.16252,1.16261,1.16130,1.16155,1835,2
2025-07-16T13:00:00Z,1.16155,1.16189,1.16091,1.16172,1528,2
2025-07-16T14:00:00Z,1.16172,1.16211,1.16008,1.16034,1952,2
2025-07-16T15:00:00Z,1.16033,1.16127,1.15925,1.15985,3666,2
2025-07-16T16:00:00Z,1.15985,1.16030,1.15629,1.15725,4139,2
2025-07-16T17:00:00Z,1.15727,1.16058,1.15621,1.15927,4001,2
2025-07-16T18:00:00Z,1.15922,1.17218,1.15922,1.16295,10990,2
2025-07-16T19:00:00Z,1.16289,1.16563,1.16153,1.16390,6207,2
2025-07-16T20:00:00Z,1.16390,1.16583,1.16363,1.16412,3428,2
2025-07-16T21:00:00Z,1.16413,1.16438,1.16273,1.16281,2114,2
2025-07-16T22:00:00Z,1.16281,1.16371,1.16205,1.16358,1956,2
2025-07-16T23:00:00Z,1.16358,1.16422,1.16333,1.16419,891,2
2025-07-17T00:00:00Z,1.16337,1.16404,1.16319,1.16333,664,24
2025-07-17T01:00:00Z,1.16340,1.16423,1.16336,1.16361,856,3
2025-07-17T02:00:00Z,1.16362,1.16400,1.16332,1.16356,769,2
2025-07-17T03:00:00Z,1.16354,1.16360,1.16170,1.16237,1663,2
2025-07-17T04:00:00Z,1.16239,1.16289,1.16134,1.16278,1927,2
2025-07-17T05:00:00Z,1.16276,1.16276,1.16168,1.16180,1589,2
2025-07-17T06:00:00Z,1.16180,1.16194,1.16141,1.16189,1306,2
2025-07-17T07:00:00Z,1.16188,1.16246,1.16157,1.16244,1068,2
2025-07-17T08:00:00Z,1.16244,1.16272,1.16165,1.16168,1394,2
2025-07-17T09:00:00Z,1.16168,1.16175,1.15732,1.15831,3445,2
2025-07-17T10:00:00Z,1.15831,1.15966,1.15740,1.15906,2893,2
2025-07-17T11:00:00Z,1.15905,1.16052,1.15894,1.16014,2018,2
2025-07-17T12:00:00Z,1.16019,1.16047,1.15886,1.15907,1587,2
2025-07-17T13:00:00Z,1.15907,1.15913,1.15832,1.15860,1412,2
2025-07-17T14:00:00Z,1.15860,1.15899,1.15703,1.15745,1670,2
2025-07-17T15:00:00Z,1.15743,1.15925,1.15564,1.15870,3613,2
2025-07-17T16:00:00Z,1.15870,1.15985,1.15801,1.15859,3377,2
2025-07-17T17:00:00Z,1.15859,1.15926,1.15775,1.15879,2937,2
2025-07-17T18:00:00Z,1.15878,1.16026,1.15853,1.15962,2383,2
2025-07-17T19:00:00Z,1.15963,1.16016,1.15834,1.15861,2114,2
2025-07-17T20:00:00Z,1.15862,1.15904,1.15821,1.15849,1602,2
2025-07-17T21:00:00Z,1.15849,1.15879,1.15799,1.15843,1285,2
2025-07-17T22:00:00Z,1.15843,1.15997,1.15842,1.15974,1527,2
2025-07-17T23:00:00Z,1.15973,1.16002,1.15939,1.15960,756,3
2025-07-18T00:00:00Z,1.15936,1.15972,1.15926,1.15957,492,24
2025-07-18T01:00:00Z,1.15959,1.16191,1.15959,1.16165,1012,3
2025-07-18T02:00:00Z,1.16170,1.16196,1.16144,1.16148,885,2
2025-07-18T03:00:00Z,1.16149,1.16276,1.16142,1.16244,1773,2
2025-07-18T04:00:00Z,1.16244,1.16343,1.16198,1.16288,1773,2
2025-07-18T05:00:00Z,1.16285,1.16312,1.16240,1.16291,1396,2
2025-07-18T06:00:00Z,1.16291,1.16317,1.16218,1.16237,1211,2
2025-07-18T07:00:00Z,1.16237,1.16238,1.16180,1.16193,1094,2
2025-07-18T08:00:00Z,1.16193,1.16204,1.16121,1.16171,1276,2
2025-07-18T09:00:00Z,1.16171,1.16225,1.16119,1.16202,1935,2
2025-07-18T10:00:00Z,1.16207,1.16312,1.16199,1.16289,2000,2
2025-07-18T11:00:00Z,1.16287,1.16456,1.16281,1.16354,2178,2
2025-07-18T12:00:00Z,1.16353,1.16431,1.16332,1.16333,1656,2
2025-07-18T13:00:00Z,1.16334,1.16420,1.16319,1.16400,1455,2
2025-07-18T14:00:00Z,1.16400,1.16480,1.16395,1.16444,1682,2
2025-07-18T15:00:00Z,1.16444,1.16584,1.16431,1.16562,2492,2
2025-07-18T16:00:00Z,1.16562,1.16675,1.16479,1.16658,2977,2
2025-07-18T17:00:00Z,1.16658,1.16718,1.16444,1.16478,3660,2
2025-07-18T18:00:00Z,1.16479,1.16578,1.16427,1.16446,2488,2
2025-07-18T19:00:00Z,1.16447,1.16488,1.16262,1.16285,2425,2
2025-07-18T20:00:00Z,1.16285,1.16297,1.16177,1.16270,1610,2
2025-07-18T21:00:00Z,1.16270,1.16279,1.16193,1.16215,1362,2
2025-07-18T22:00:00Z,1.16216,1.16231,1.16169,1.16223,1292,2
2025-07-18T23:00:00Z,1.16222,1.16274,1.16192,1.16223,883,3
2025-07-21T00:00:00Z,1.16222,1.16335,1.16222,1.16307,857,31
2025-07-21T01:00:00Z,1.16307,1.16327,1.16223,1.16262,2064,3
2025-07-21T02:00:00Z,1.16262,1.16317,1.16246,1.16297,1052,2
2025-07-21T03:00:00Z,1.16297,1.16363,1.16189,1.16192,1627,2
2025-07-21T04:00:00Z,1.16186,1.16253,1.16159,1.16174,1707,2
2025-07-21T05:00:00Z,1.16170,1.16243,1.16144,1.16220,1322,2
2025-07-21T06:00:00Z,1.16219,1.16256,1.16198,1.16252,1125,2
2025-07-21T07:00:00Z,1.16252,1.16300,1.16228,1.16291,887,2
2025-07-21T08:00:00Z,1.16291,1.16354,1.16275,1.16336,1322,2
2025-07-21T09:00:00Z,1.16335,1.16428,1.16293,1.16413,2092,2
2025-07-21T10:00:00Z,1.16416,1.16473,1.16356,1.16435,2069,2
2025-07-21T11:00:00Z,1.16435,1.16522,1.16364,1.16423,2093,2
2025-07-21T12:00:00Z,1.16423,1.16485,1.16382,1.16446,1602,2
2025-07-21T13:00:00Z,1.16447,1.16460,1.16335,1.16454,1597,2
2025-07-21T14:00:00Z,1.16454,1.16697,1.16445,1.16676,2118,2
2025-07-21T15:00:00Z,1.16676,1.16732,1.16625,1.16650,2132,2
2025-07-21T16:00:00Z,1.16650,1.16654,1.16575,1.16647,2147,2
2025-07-21T17:00:00Z,1.16646,1.16983,1.16638,1.16962,3418,2
2025-07-21T18:00:00Z,1.16963,1.17167,1.16955,1.17047,2814,2
2025-07-21T19:00:00Z,1.17047,1.17057,1.16953,1.16999,2022,2
2025-07-21T20:00:00Z,1.17000,1.17014,1.16858,1.16907,1548,2
2025-07-21T21:00:00Z,1.16907,1.16953,1.16868,1.16938,1479,2
2025-07-21T22:00:00Z,1.16938,1.16960,1.16892,1.16895,1251,2
2025-07-21T23:00:00Z,1.16894,1.16941,1.16882,1.16931,1028,3
2025-07-22T00:00:00Z,1.16892,1.16940,1.16892,1.16909,410,24
2025-07-22T01:00:00Z,1.16909,1.16947,1.16906,1.16946,569,3
2025-07-22T02:00:00Z,1.16947,1.16959,1.16903,1.16948,537,2
2025-07-22T03:00:00Z,1.16953,1.16953,1.16832,1.16884,1507,2
2025-07-22T04:00:00Z,1.16884,1.16901,1.16823,1.16880,1265,2
2025-07-22T05:00:00Z,1.16880,1.16956,1.16880,1.16904,935,2
2025-07-22T06:00:00Z,1.16904,1.16910,1.16850,1.16873,1039,2
2025-07-22T07:00:00Z,1.16873,1.16946,1.16859,1.16883,954,2
2025-07-22T08:00:00Z,1.16883,1.16921,1.16831,1.16871,1249,2
2025-07-22T09:00:00Z,1.16871,1.16921,1.16840,1.16913,1584,2
2025-07-22T10:00:00Z,1.16909,1.16922,1.16816,1.16858,1858,2
2025-07-22T11:00:00Z,1.16858,1.17033,1.16838,1.16983,2019,2
2025-07-22T12:00:00Z,1.16983,1.17069,1.16933,1.17053,1648,2
2025-07-22T13:00:00Z,1.17053,1.17094,1.16997,1.17018,1548,2
2025-07-22T14:00:00Z,1.17018,1.17038,1.16942,1.17014,1859,2
2025-07-22T15:00:00Z,1.17014,1.17048,1.16830,1.16906,2352,2
2025-07-22T16:00:00Z,1.16906,1.17045,1.16787,1.17043,3038,2
2025-07-22T17:00:00Z,1.17043,1.17262,1.16908,1.17222,3898,2
2025-07-22T18:00:00Z,1.17220,1.17491,1.17146,1.17479,3402,2
2025-07-22T19:00:00Z,1.17479,1.17605,1.17446,1.17550,2401,2
2025-07-22T20:00:00Z,1.17550,1.17553,1.17430,1.17457,1544,2
2025-07-22T21:00:00Z,1.17457,1.17482,1.17418,1.17480,1219,2
2025-07-22T22:00:00Z,1.17480,1.17528,1.17447,1.17514,1149,2
2025-07-22T23:00:00Z,1.17514,1.17526,1.17449,1.17517,915,3
2025-07-23T00:00:00Z,1.17532,1.17532,1.17468,1.17468,403,24
2025-07-23T01:00:00Z,1.17468,1.17504,1.17462,1.17481,783,3
2025-07-23T02:00:00Z,1.17482,1.17561,1.17364,1.17380,1480,2
2025-07-23T03:00:00Z,1.17376,1.17478,1.17334,1.17471,2300,2
2025-07-23T04:00:00Z,1.17475,1.17485,1.17304,1.17371,2118,2
2025-07-23T05:00:00Z,1.17368,1.17419,1.17325,1.17346,2195,2
2025-07-23T06:00:00Z,1.17347,1.17460,1.17340,1.17390,1536,2
2025-07-23T07:00:00Z,1.17388,1.17397,1.17320,1.17349,1270,2
2025-07-23T08:00:00Z,1.17349,1.17378,1.17269,1.17303,1591,2
2025-07-23T09:00:00Z,1.17303,1.17425,1.17301,1.17423,2196,2
2025-07-23T10:00:00Z,1.17423,1.17529,1.17337,1.17420,2549,2
2025-07-23T11:00:00Z,1.17420,1.17480,1.17308,1.17329,2094,2
2025-07-23T12:00:00Z,1.17329,1.17395,1.17303,1.17359,1935,2
2025-07-23T13:00:00Z,1.17359,1.17364,1.17229,1.17258,1831,2
2025-07-23T14:00:00Z,1.17258,1.17313,1.17233,1.17256,2017,2
2025-07-23T15:00:00Z,1.17257,1.17329,1.17201,1.17250,2095,2
2025-07-23T16:00:00Z,1.17250,1.17302,1.17109,1.17260,2903,2
2025-07-23T17:00:00Z,1.17262,1.17377,1.17232,1.17335,2851,2
2025-07-23T18:00:00Z,1.17335,1.17583,1.17217,1.17467,3281,2
2025-07-23T19:00:00Z,1.17467,1.17607,1.17428,1.17512,3826,2
2025-07-23T20:00:00Z,1.17512,1.17648,1.17455,1.17596,2743,2
2025-07-23T21:00:00Z,1.17596,1.17739,1.17594,1.17712,1843,2
2025-07-23T22:00:00Z,1.17716,1.17749,1.17678,1.17733,1613,2
2025-07-23T23:00:00Z,1.17734,1.17750,1.17660,1.17704,1281,3
2025-07-24T00:00:00Z,1.17671,1.17734,1.17662,1.17666,692,24
2025-07-24T01:00:00Z,1.17668,1.17746,1.17667,1.17734,788,3
2025-07-24T02:00:00Z,1.17736,1.17788,1.17728,1.17731,748,2
2025-07-24T03:00:00Z,1.17732,1.17734,1.17619,1.17669,1662,2
2025-07-24T04:00:00Z,1.17669,1.17794,1.17668,1.17749,2124,2
2025-07-24T05:00:00Z,1.17749,1.17785,1.17708,1.17767,1502,2
2025-07-24T06:00:00Z,1.17767,1.17800,1.17736,1.17750,1366,2
2025-07-24T07:00:00Z,1.17751,1.17779,1.17727,1.17741,1180,2
2025-07-24T08:00:00Z,1.17741,1.17782,1.17703,1.17709,1707,2
2025-07-24T09:00:00Z,1.17708,1.17729,1.17570,1.17571,2263,2
2025-07-24T10:00:00Z,1.17571,1.17697,1.17549,1.17616,2685,2
2025-07-24T11:00:00Z,1.17620,1.17681,1.17554,1.17579,2111,2
2025-07-24T12:00:00Z,1.17579,1.17592,1.17466,1.17524,1877,2
2025-07-24T13:00:00Z,1.17524,1.17547,1.17432,1.17489,1530,2
2025-07-24T14:00:00Z,1.17489,1.17563,1.17455,1.17557,1725,2
2025-07-24T15:00:00Z,1.17558,1.17586,1.17320,1.17360,3153,2
2025-07-24T16:00:00Z,1.17360,1.17769,1.17304,1.17714,4943,2
2025-07-24T17:00:00Z,1.17713,1.17886,1.17614,1.17662,3927,2
2025-07-24T18:00:00Z,1.17662,1.17783,1.17552,1.17646,3165,2
2025-07-24T19:00:00Z,1.17646,1.17725,1.17567,1.17624,2455,2
2025-07-24T20:00:00Z,1.17626,1.17779,1.17602,1.17697,1529,2
2025-07-24T21:00:00Z,1.17697,1.17708,1.17623,1.17659,1349,2
2025-07-24T22:00:00Z,1.17659,1.17700,1.17579,1.17580,1395,2
2025-07-24T23:00:00Z,1.17579,1.17598,1.17449,1.17473,1319,3
2025-07-25T00:00:00Z,1.17386,1.17489,1.17386,1.17452,773,24
2025-07-25T01:00:00Z,1.17451,1.17532,1.17438,1.17520,826,3
2025-07-25T02:00:00Z,1.17522,1.17573,1.17495,1.17547,919,2
2025-07-25T03:00:00Z,1.17547,1.17586,1.17488,1.17543,1885,2
2025-07-25T04:00:00Z,1.17543,1.17583,1.17390,1.17429,1976,2
2025-07-25T05:00:00Z,1.17429,1.17437,1.17339,1.17392,1278,2
2025-07-25T06:00:00Z,1.17392,1.17452,1.17369,1.17423,1192,2
2025-07-25T07:00:00Z,1.17423,1.17462,1.17340,1.17400,1273,2
2025-07-25T08:00:00Z,1.17400,1.17488,1.17370,1.17466,1599,2
2025-07-25T09:00:00Z,1.17465,1.17609,1.17419,1.17478,2501,2
2025-07-25T10:00:00Z,1.17477,1.17593,1.17477,1.17527,2797,2
2025-07-25T11:00:00Z,1.17526,1.17580,1.17415,1.17431,2837,2
2025-07-25T12:00:00Z,1.17431,1.17435,1.17331,1.17350,2052,2
2025-07-25T13:00:00Z,1.17350,1.17372,1.17245,1.17280,1637,2
2025-07-25T14:00:00Z,1.17280,1.17310,1.17114,1.17209,2190,2
2025-07-25T15:00:00Z,1.17209,1.17273,1.17115,1.17183,2418,2
2025-07-25T16:00:00Z,1.17183,1.17301,1.17030,1.17217,5496,2
2025-07-25T17:00:00Z,1.17225,1.17357,1.17216,1.17294,3298,2
2025-07-25T18:00:00Z,1.17294,1.17386,1.17219,1.17289,2596,2
2025-07-25T19:00:00Z,1.17290,1.17306,1.17203,1.17288,2329,2
2025-07-25T20:00:00Z,1.17287,1.17396,1.17286,1.17362,1379,2
2025-07-25T21:00:00Z,1.17363,1.17465,1.17355,1.17454,1477,2
2025-07-25T22:00:00Z,1.17452,1.17470,1.17410,1.17437,1109,2
2025-07-25T23:00:00Z,1.17436,1.17437,1.17373,1.17388,1255,3
2025-07-28T00:00:00Z,1.17504,1.17628,1.17504,1.17601,826,24
2025-07-28T01:00:00Z,1.17597,1.17688,1.17512,1.17551,1590,3
2025-07-28T02:00:00Z,1.17553,1.17607,1.17537,1.17556,1057,2
2025-07-28T03:00:00Z,1.17555,1.17705,1.17547,1.17638,2208,2
2025-07-28T04:00:00Z,1.17638,1.17696,1.17473,1.17524,2247,2
2025-07-28T05:00:00Z,1.17524,1.17572,1.17462,1.17547,1706,2
2025-07-28T06:00:00Z,1.17547,1.17571,1.17509,1.17565,1295,2
2025-07-28T07:00:00Z,1.17565,1.17580,1.17456,1.17474,1312,2
2025-07-28T08:00:00Z,1.17474,1.17476,1.17396,1.17407,1478,2
2025-07-28T09:00:00Z,1.17407,1.17445,1.17111,1.17212,3223,2
2025-07-28T10:00:00Z,1.17212,1.17238,1.16705,1.16748,4148,2
2025-07-28T11:00:00Z,1.16748,1.16901,1.16710,1.16791,3183,2
2025-07-28T12:00:00Z,1.16790,1.16844,1.16581,1.16669,2729,2
2025-07-28T13:00:00Z,1.16666,1.16720,1.16550,1.16577,2602,2
2025-07-28T14:00:00Z,1.16577,1.16586,1.16436,1.16510,3301,2
2025-07-28T15:00:00Z,1.16511,1.16652,1.16479,1.16578,3643,2
2025-07-28T16:00:00Z,1.16578,1.16620,1.16256,1.16339,3764,2
2025-07-28T17:00:00Z,1.16332,1.16473,1.16307,1.16372,3574,2
2025-07-28T18:00:00Z,1.16372,1.16392,1.16079,1.16088,3113,2
2025-07-28T19:00:00Z,1.16089,1.16107,1.15982,1.15991,2162,2
2025-07-28T20:00:00Z,1.15991,1.16012,1.15894,1.15922,1763,2
2025-07-28T21:00:00Z,1.15922,1.15946,1.15852,1.15946,1572,2
2025-07-28T22:00:00Z,1.15946,1.15960,1.15890,1.15914,1318,2
2025-07-28T23:00:00Z,1.15914,1.15940,1.15861,1.15881,979,3
2025-07-29T00:00:00Z,1.15877,1.15900,1.15872,1.15896,465,24
2025-07-29T01:00:00Z,1.15896,1.15942,1.15872,1.15935,889,3
2025-07-29T02:00:00Z,1.15937,1.15967,1.15891,1.15964,690,2
2025-07-29T03:00:00Z,1.15964,1.15976,1.15842,1.15849,1633,2
2025-07-29T04:00:00Z,1.15849,1.15982,1.15849,1.15910,1756,2
2025-07-29T05:00:00Z,1.15910,1.15992,1.15909,1.15969,1471,2
2025-07-29T06:00:00Z,1.15969,1.15984,1.15814,1.15828,1317,2
2025-07-29T07:00:00Z,1.15828,1.15887,1.15744,1.15886,1496,2
2025-07-29T08:00:00Z,1.15886,1.15901,1.15768,1.15787,1415,2
2025-07-29T09:00:00Z,1.15788,1.15858,1.15316,1.15338,3502,2
2025-07-29T10:00:00Z,1.15340,1.15548,1.15267,1.15548,4234,2
2025-07-29T11:00:00Z,1.15543,1.15694,1.15524,1.15689,2700,2
2025-07-29T12:00:00Z,1.15691,1.15848,1.15630,1.15766,2610,2
2025-07-29T13:00:00Z,1.15766,1.15882,1.15725,1.15740,1999,2
2025-07-29T14:00:00Z,1.15740,1.15747,1.15374,1.15400,3011,2
2025-07-29T15:00:00Z,1.15399,1.15421,1.15247,1.15247,2982,2
2025-07-29T16:00:00Z,1.15247,1.15468,1.15188,1.15461,3600,2
2025-07-29T17:00:00Z,1.15458,1.15514,1.15213,1.15228,5084,2
2025-07-29T18:00:00Z,1.15228,1.15409,1.15218,1.15334,3175,2
2025-07-29T19:00:00Z,1.15334,1.15494,1.15334,1.15413,2350,2
2025-07-29T20:00:00Z,1.15412,1.15604,1.15399,1.15415,2600,2
2025-07-29T21:00:00Z,1.15415,1.15504,1.15375,1.15502,1870,2
2025-07-29T22:00:00Z,1.15502,1.15574,1.15489,1.15498,1662,2
2025-07-29T23:00:00Z,1.15496,1.15525,1.15447,1.15449,829,3
2025-07-30T00:00:00Z,1.15447,1.15476,1.15446,1.15475,278,24
2025-07-30T01:00:00Z,1.15491,1.15504,1.15464,1.15495,648,3
2025-07-30T02:00:00Z,1.15496,1.15510,1.15466,1.15510,685,2
2025-07-30T03:00:00Z,1.15508,1.15677,1.15508,1.15671,1961,2
2025-07-30T04:00:00Z,1.15670,1.15726,1.15602,1.15641,2195,2
2025-07-30T05:00:00Z,1.15642,1.15684,1.15604,1.15634,1334,2
2025-07-30T06:00:00Z,1.15634,1.15705,1.15578,1.15618,1350,2
2025-07-30T07:00:00Z,1.15618,1.15619,1.15501,1.15511,1193,2
2025-07-30T08:00:00Z,1.15511,1.15597,1.15481,1.15499,1674,2
2025-07-30T09:00:00Z,1.15499,1.15606,1.15401,1.15566,2506,2
2025-07-30T10:00:00Z,1.15566,1.15685,1.15513,1.15535,2496,2
2025-07-30T11:00:00Z,1.15535,1.15593,1.15486,1.15567,2140,2
2025-07-30T12:00:00Z,1.15566,1.15604,1.15448,1.15518,2208,2
2025-07-30T13:00:00Z,1.15516,1.15548,1.15322,1.15393,2097,2
2025-07-30T14:00:00Z,1.15393,1.15407,1.15220,1.15312,2252,2
2025-07-30T15:00:00Z,1.15314,1.15346,1.14690,1.14730,4851,2
2025-07-30T16:00:00Z,1.14730,1.14808,1.14579,1.14694,4829,2
2025-07-30T17:00:00Z,1.14692,1.14819,1.14649,1.14804,3379,2
2025-07-30T18:00:00Z,1.14804,1.14849,1.14635,1.14688,2591,2
2025-07-30T19:00:00Z,1.14697,1.14743,1.14646,1.14738,2203,2
2025-07-30T20:00:00Z,1.14738,1.14819,1.14738,1.14789,1825,2
2025-07-30T21:00:00Z,1.14788,1.15033,1.14244,1.14244,7443,2
2025-07-30T22:00:00Z,1.14246,1.14359,1.14140,1.14239,4720,2
2025-07-30T23:00:00Z,1.14238,1.14294,1.14021,1.14056,1915,3
2025-07-31T00:00:00Z,1.14040,1.14093,1.14022,1.14077,764,24
2025-07-31T01:00:00Z,1.14075,1.14242,1.14049,1.14225,1142,3
2025-07-31T02:00:00Z,1.14225,1.14304,1.14194,1.14283,1005,2
2025-07-31T03:00:00Z,1.14281,1.14374,1.14279,1.14341,2143,2
2025-07-31T04:00:00Z,1.14341,1.14380,1.14234,1.14304,2224,2
2025-07-31T05:00:00Z,1.14305,1.14317,1.14210,1.14292,2078,2
2025-07-31T06:00:00Z,1.14294,1.14343,1.14074,1.14233,1962,2
2025-07-31T07:00:00Z,1.14233,1.14364,1.14192,1.14354,1536,2
2025-07-31T08:00:00Z,1.14353,1.14429,1.14307,1.14367,1822,2
2025-07-31T09:00:00Z,1.14366,1.14608,1.14352,1.14585,2886,2
2025-07-31T10:00:00Z,1.14583,1.14583,1.14330,1.14487,2841,2
2025-07-31T11:00:00Z,1.14487,1.14550,1.14380,1.14500,2651,2
2025-07-31T12:00:00Z,1.14500,1.14510,1.14324,1.14330,2076,2
2025-07-31T13:00:00Z,1.14330,1.14413,1.14206,1.14396,2081,2
2025-07-31T14:00:00Z,1.14396,1.14508,1.14359,1.14494,2527,2
2025-07-31T15:00:00Z,1.14492,1.14508,1.14248,1.14286,3732,2
2025-07-31T16:00:00Z,1.14286,1.14298,1.14060,1.14112,3716,2
2025-07-31T17:00:00Z,1.14112,1.14497,1.14075,1.14446,4418,2
2025-07-31T18:00:00Z,1.14443,1.14497,1.14281,1.14300,3617,2
2025-07-31T19:00:00Z,1.14300,1.14328,1.14214,1.14224,2912,2
2025-07-31T20:00:00Z,1.14224,1.14244,1.14149,1.14195,2002,2
2025-07-31T21:00:00Z,1.14195,1.14330,1.14155,1.14266,1763,2
2025-07-31T22:00:00Z,1.14263,1.14318,1.14121,1.14125,2044,2
2025-07-31T23:00:00Z,1.14123,1.14180,1.14094,1.14144,1413,3
2025-08-01T00:00:00Z,1.14145,1.14181,1.14142,1.14159,346,24
2025-08-01T01:00:00Z,1.14159,1.14227,1.14149,1.14175,1043,3
2025-08-01T02:00:00Z,1.14175,1.14260,1.14116,1.14218,1561,2
2025-08-01T03:00:00Z,1.14220,1.14289,1.14156,1.14244,2401,2
2025-08-01T04:00:00Z,1.14243,1.14287,1.14049,1.14071,2470,2
2025-08-01T05:00:00Z,1.14072,1.14149,1.14057,1.14111,1990,2
2025-08-01T06:00:00Z,1.14111,1.14221,1.14103,1.14184,1562,2
2025-08-01T07:00:00Z,1.14184,1.14214,1.14155,1.14192,1237,2
2025-08-01T08:00:00Z,1.14192,1.14347,1.14161,1.14306,1716,2
2025-08-01T09:00:00Z,1.14306,1.14378,1.14261,1.14290,2340,2
2025-08-01T10:00:00Z,1.14292,1.14340,1.14126,1.14188,2852,2
2025-08-01T11:00:00Z,1.14187,1.14204,1.14054,1.14064,2280,2
2025-08-01T12:00:00Z,1.14064,1.14126,1.13931,1.14008,2129,2
2025-08-01T13:00:00Z,1.14009,1.14175,1.14009,1.14121,2219,2
2025-08-01T14:00:00Z,1.14121,1.14223,1.14042,1.14046,2285,2
2025-08-01T15:00:00Z,1.14046,1.15585,1.13914,1.15453,8121,2
2025-08-01T16:00:00Z,1.15458,1.15831,1.15369,1.15585,8954,2
2025-08-01T17:00:00Z,1.15601,1.15877,1.15508,1.15560,8707,2
2025-08-01T18:00:00Z,1.15558,1.15651,1.15359,1.15543,4250,2
2025-08-01T19:00:00Z,1.15543,1.15645,1.15379,1.15392,3028,2
2025-08-01T20:00:00Z,1.15392,1.15392,1.15164,1.15267,3163,2
2025-08-01T21:00:00Z,1.15268,1.15478,1.15216,1.15256,2626,2
2025-08-01T22:00:00Z,1.15257,1.15821,1.15236,1.15687,3994,2
2025-08-01T23:00:00Z,1.15690,1.15968,1.15685,1.15952,2108,3
2025-08-04T00:00:00Z,1.15913,1.15954,1.15874,1.15884,697,24
2025-08-04T01:00:00Z,1.15884,1.15957,1.15783,1.15839,1976,3
2025-08-04T02:00:00Z,1.15841,1.15901,1.15780,1.15877,1796,2
2025-08-04T03:00:00Z,1.15876,1.15889,1.15557,1.15578,2863,2
2025-08-04T04:00:00Z,1.15578,1.15723,1.15502,1.15713,3142,2
2025-08-04T05:00:00Z,1.15715,1.15780,1.15675,1.15757,2080,2
2025-08-04T06:00:00Z,1.15756,1.15859,1.15756,1.15791,1801,2
2025-08-04T07:00:00Z,1.15790,1.15854,1.15743,1.15745,1462,2
2025-08-04T08:00:00Z,1.15745,1.15821,1.15671,1.15701,1932,2
2025-08-04T09:00:00Z,1.15701,1.15831,1.15633,1.15709,3042,2
2025-08-04T10:00:00Z,1.15715,1.15786,1.15506,1.15637,3350,2
2025-08-04T11:00:00Z,1.15637,1.15652,1.15496,1.15581,2821,2
2025-08-04T12:00:00Z,1.15580,1.15774,1.15553,1.15643,2629,2
2025-08-04T13:00:00Z,1.15643,1.15771,1.15550,1.15738,2331,2
2025-08-04T14:00:00Z,1.15738,1.15862,1.15645,1.15667,3078,2
2025-08-04T15:00:00Z,1.15668,1.15882,1.15605,1.15752,3552,2
2025-08-04T16:00:00Z,1.15752,1.15883,1.15729,1.15754,3826,2
2025-08-04T17:00:00Z,1.15758,1.15872,1.15569,1.15639,4535,2
2025-08-04T18:00:00Z,1.15639,1.15765,1.15611,1.15669,3602,2
2025-08-04T19:00:00Z,1.15669,1.15751,1.15568,1.15720,2446,2
2025-08-04T20:00:00Z,1.15719,1.15740,1.15641,1.15729,1970,2
2025-08-04T21:00:00Z,1.15729,1.15775,1.15639,1.15652,2177,2
2025-08-04T22:00:00Z,1.15652,1.15725,1.15630,1.15681,1698,2
2025-08-04T23:00:00Z,1.15680,1.15759,1.15652,1.15747,1039,2
2025-08-05T00:00:00Z,1.15675,1.15697,1.15616,1.15685,454,24
2025-08-05T01:00:00Z,1.15681,1.15811,1.15681,1.15791,1083,3
2025-08-05T02:00:00Z,1.15797,1.15855,1.15777,1.15838,1028,2
2025-08-05T03:00:00Z,1.15842,1.15879,1.15707,1.15717,1906,2
2025-08-05T04:00:00Z,1.15718,1.15740,1.15594,1.15638,2083,2
2025-08-05T05:00:00Z,1.15636,1.15643,1.15556,1.15603,1683,2
2025-08-05T06:00:00Z,1.15603,1.15614,1.15540,1.15555,1314,2
2025-08-05T07:00:00Z,1.15554,1.15602,1.15540,1.15583,1208,2
2025-08-05T08:00:00Z,1.15583,1.15583,1.15445,1.15479,1686,2
2025-08-05T09:00:00Z,1.15478,1.15612,1.15426,1.15508,2013,2
2025-08-05T10:00:00Z,1.15506,1.15623,1.15331,1.15463,2638,2
2025-08-05T11:00:00Z,1.15461,1.15492,1.15313,1.15368,2873,2
2025-08-05T12:00:00Z,1.15369,1.15464,1.15299,1.15422,2069,2
2025-08-05T13:00:00Z,1.15419,1.15456,1.15342,1.15443,1822,2
2025-08-05T14:00:00Z,1.15443,1.15479,1.15277,1.15394,2321,2
2025-08-05T15:00:00Z,1.15397,1.15484,1.15302,1.15370,3651,2
2025-08-05T16:00:00Z,1.15372,1.15542,1.15319,1.15352,3428,2
2025-08-05T17:00:00Z,1.15427,1.15661,1.15339,1.15650,5914,2
2025-08-05T18:00:00Z,1.15651,1.15845,1.15628,1.15795,3300,2
2025-08-05T19:00:00Z,1.15795,1.15860,1.15771,1.15826,2412,2
2025-08-05T20:00:00Z,1.15826,1.15830,1.15753,1.15781,1854,2
2025-08-05T21:00:00Z,1.15781,1.15796,1.15703,1.15734,1753,2
2025-08-05T22:00:00Z,1.15735,1.15748,1.15663,1.15727,1760,2
2025-08-05T23:00:00Z,1.15726,1.15770,1.15712,1.15758,1047,3
2025-08-06T00:00:00Z,1.15704,1.15751,1.15704,1.15729,400,24
2025-08-06T01:00:00Z,1.15740,1.15776,1.15707,1.15760,1004,3
2025-08-06T02:00:00Z,1.15762,1.15811,1.15729,1.15784,854,2
2025-08-06T03:00:00Z,1.15784,1.15851,1.15725,1.15736,1784,2
2025-08-06T04:00:00Z,1.15735,1.15735,1.15646,1.15667,1715,2
2025-08-06T05:00:00Z,1.15667,1.15718,1.15641,1.15692,1484,2
2025-08-06T06:00:00Z,1.15692,1.15818,1.15692,1.15801,1336,2
2025-08-06T07:00:00Z,1.15801,1.15860,1.15776,1.15828,1214,2
2025-08-06T08:00:00Z,1.15828,1.15833,1.15741,1.15784,1399,2
2025-08-06T09:00:00Z,1.15784,1.15881,1.15764,1.15785,2031,2
2025-08-06T10:00:00Z,1.15784,1.15820,1.15711,1.15809,2304,2
2025-08-06T11:00:00Z,1.15813,1.15834,1.15703,1.15749,2160,2
2025-08-06T12:00:00Z,1.15742,1.15878,1.15742,1.15849,1981,2
2025-08-06T13:00:00Z,1.15848,1.16108,1.15840,1.16070,2682,2
2025-08-06T14:00:00Z,1.16070,1.16149,1.15976,1.16040,1919,2
2025-08-06T15:00:00Z,1.16039,1.16285,1.16002,1.16235,2483,2
2025-08-06T16:00:00Z,1.16235,1.16358,1.16172,1.16358,3593,2
2025-08-06T17:00:00Z,1.16357,1.16377,1.16222,1.16274,3672,2
2025-08-06T18:00:00Z,1.16274,1.16468,1.16227,1.16463,4054,2
2025-08-06T19:00:00Z,1.16461,1.16481,1.16306,1.16346,2949,2
2025-08-06T20:00:00Z,1.16346,1.16550,1.16329,1.16489,2428,2
2025-08-06T21:00:00Z,1.16494,1.16685,1.16479,1.16624,2082,2
2025-08-06T22:00:00Z,1.16623,1.16640,1.16524,1.16563,1418,2
2025-08-06T23:00:00Z,1.16564,1.16591,1.16499,1.16561,1359,3
2025-08-07T00:00:00Z,1.16537,1.16583,1.16515,1.16566,555,25
2025-08-07T01:00:00Z,1.16564,1.16658,1.16561,1.16635,1082,3
2025-08-07T02:00:00Z,1.16636,1.16639,1.16591,1.16632,997,2
2025-08-07T03:00:00Z,1.16631,1.16637,1.16506,1.16524,1900,2
2025-08-07T04:00:00Z,1.16524,1.16628,1.16494,1.16577,2009,2
2025-08-07T05:00:00Z,1.16577,1.16651,1.16559,1.16575,1385,2
2025-08-07T06:00:00Z,1.16575,1.16652,1.16530,1.16645,1343,2
2025-08-07T07:00:00Z,1.16645,1.16764,1.16628,1.16711,1477,2
2025-08-07T08:00:00Z,1.16712,1.16764,1.16684,1.16750,1589,2
2025-08-07T09:00:00Z,1.16750,1.16796,1.16679,1.16760,2165,2
2025-08-07T10:00:00Z,1.16763,1.16912,1.16733,1.16896,2496,2
2025-08-07T11:00:00Z,1.16891,1.16989,1.16754,1.16827,3215,2
2025-08-07T12:00:00Z,1.16832,1.16847,1.16703,1.16706,2027,2
2025-08-07T13:00:00Z,1.16705,1.16717,1.16614,1.16701,2495,2
2025-08-07T14:00:00Z,1.16702,1.16764,1.16339,1.16445,4067,2
2025-08-07T15:00:00Z,1.16446,1.16622,1.16374,1.16510,4113,2
2025-08-07T16:00:00Z,1.16510,1.16584,1.16379,1.16428,4371,2
2025-08-07T17:00:00Z,1.16428,1.16497,1.16140,1.16242,5519,2
2025-08-07T18:00:00Z,1.16242,1.16419,1.16108,1.16398,3415,2
2025-08-07T19:00:00Z,1.16399,1.16445,1.16350,1.16382,1884,2
2025-08-07T20:00:00Z,1.16383,1.16396,1.16321,1.16329,2116,2
2025-08-07T21:00:00Z,1.16330,1.16370,1.16213,1.16219,1896,2
2025-08-07T22:00:00Z,1.16223,1.16565,1.16190,1.16543,2987,2
2025-08-07T23:00:00Z,1.16545,1.16712,1.16543,1.16666,1538,3
2025-08-08T00:00:00Z,1.16602,1.16677,1.16584,1.16645,742,24
2025-08-08T01:00:00Z,1.16653,1.16744,1.16645,1.16723,1192,3
2025-08-08T02:00:00Z,1.16723,1.16782,1.16698,1.16767,1354,2
2025-08-08T03:00:00Z,1.16767,1.16793,1.16671,1.16726,2258,2
2025-08-08T04:00:00Z,1.16726,1.16737,1.16550,1.16571,2252,2
2025-08-08T05:00:00Z,1.16571,1.16649,1.16571,1.16607,1391,2
2025-08-08T06:00:00Z,1.16607,1.16611,1.16549,1.16597,1445,2
2025-08-08T07:00:00Z,1.16597,1.16633,1.16573,1.16582,1284,2
2025-08-08T08:00:00Z,1.16578,1.16599,1.16388,1.16409,1807,2
2025-08-08T09:00:00Z,1.16410,1.16528,1.16409,1.16501,1775,2
2025-08-08T10:00:00Z,1.16501,1.16644,1.16486,1.16591,2620,2
2025-08-08T11:00:00Z,1.16591,1.16628,1.16344,1.16372,2693,2
2025-08-08T12:00:00Z,1.16370,1.16438,1.16298,1.16417,2535,2
2025-08-08T13:00:00Z,1.16417,1.16474,1.16287,1.16356,2222,2
2025-08-08T14:00:00Z,1.16357,1.16493,1.16350,1.16437,2195,2
2025-08-08T15:00:00Z,1.16437,1.16540,1.16377,1.16417,2949,2
2025-08-08T16:00:00Z,1.16417,1.16550,1.16413,1.16486,2929,2
2025-08-08T17:00:00Z,1.16481,1.16629,1.16458,1.16561,3160,2
2025-08-08T18:00:00Z,1.16555,1.16677,1.16542,1.16597,2303,2
2025-08-08T19:00:00Z,1.16596,1.16628,1.16495,1.16564,2071,2
2025-08-08T20:00:00Z,1.16564,1.16666,1.16535,1.16585,1506,2
2025-08-08T21:00:00Z,1.16588,1.16627,1.16477,1.16558,2382,2
2025-08-08T22:00:00Z,1.16558,1.16561,1.16363,1.16424,2011,2
2025-08-08T23:00:00Z,1.16423,1.16435,1.16376,1.16400,1201,3
2025-08-11T00:00:00Z,1.16407,1.16476,1.16407,1.16430,343,27
2025-08-11T01:00:00Z,1.16436,1.16510,1.16422,1.16466,1003,3
2025-08-11T02:00:00Z,1.16469,1.16507,1.16444,1.16473,805,2
2025-08-11T03:00:00Z,1.16474,1.16484,1.16418,1.16474,1447,2
2025-08-11T04:00:00Z,1.16472,1.16588,1.16454,1.16588,1475,2
2025-08-11T05:00:00Z,1.16588,1.16683,1.16588,1.16659,1290,2
2025-08-11T06:00:00Z,1.16659,1.16753,1.16648,1.16712,1191,2
2025-08-11T07:00:00Z,1.16712,1.16753,1.16707,1.16719,944,2
2025-08-11T08:00:00Z,1.16719,1.16725,1.16672,1.16691,1524,2
2025-08-11T09:00:00Z,1.16691,1.16739,1.16631,1.16642,1689,2
2025-08-11T10:00:00Z,1.16639,1.16658,1.16458,1.16471,2470,2
2025-08-11T11:00:00Z,1.16472,1.16603,1.16442,1.16553,2123,2
2025-08-11T12:00:00Z,1.16546,1.16579,1.16383,1.16413,1913,2
2025-08-11T13:00:00Z,1.16413,1.16478,1.16406,1.16469,1540,2
2025-08-11T14:00:00Z,1.16469,1.16469,1.16230,1.16287,2101,2
2025-08-11T15:00:00Z,1.16288,1.16310,1.16140,1.16201,2482,2
2025-08-11T16:00:00Z,1.16201,1.16276,1.16159,1.16195,2483,2
2025-08-11T17:00:00Z,1.16195,1.16203,1.15903,1.15958,3207,2
2025-08-11T18:00:00Z,1.15958,1.16070,1.15899,1.16065,2430,2
2025-08-11T19:00:00Z,1.16065,1.16118,1.16017,1.16075,1845,2
2025-08-11T20:00:00Z,1.16075,1.16123,1.15985,1.16109,1687,2
2025-08-11T21:00:00Z,1.16109,1.16142,1.16069,1.16120,1586,2
2025-08-11T22:00:00Z,1.16121,1.16127,1.16021,1.16048,1279,2
2025-08-11T23:00:00Z,1.16048,1.16192,1.16041,1.16184,911,3
2025-08-12T00:00:00Z,1.16123,1.16148,1.16099,1.16138,715,24
2025-08-12T01:00:00Z,1.16141,1.16183,1.16100,1.16128,766,3
2025-08-12T02:00:00Z,1.16132,1.16174,1.16125,1.16162,914,2
2025-08-12T03:00:00Z,1.16161,1.16198,1.16116,1.16152,2067,2
2025-08-12T04:00:00Z,1.16152,1.16252,1.16144,1.16191,1870,2
2025-08-12T05:00:00Z,1.16191,1.16253,1.16174,1.16227,1229,2
2025-08-12T06:00:00Z,1.16227,1.16243,1.16182,1.16205,1213,2
2025-08-12T07:00:00Z,1.16204,1.16276,1.16157,1.16275,1509,2
2025-08-12T08:00:00Z,1.16275,1.16290,1.16129,1.16136,2749,2
2025-08-12T09:00:00Z,1.16135,1.16184,1.16079,1.16089,2815,2
2025-08-12T10:00:00Z,1.16089,1.16238,1.16079,1.16202,2782,2
2025-08-12T11:00:00Z,1.16202,1.16223,1.16116,1.16149,2162,2
2025-08-12T12:00:00Z,1.16149,1.16182,1.16001,1.16065,2337,2
2025-08-12T13:00:00Z,1.16062,1.16131,1.16056,1.16101,1882,2
2025-08-12T14:00:00Z,1.16101,1.16109,1.15986,1.16052,2163,2
2025-08-12T15:00:00Z,1.16052,1.16558,1.16011,1.16424,8243,2
2025-08-12T16:00:00Z,1.16424,1.16674,1.16175,1.16521,9436,2
2025-08-12T17:00:00Z,1.16521,1.16627,1.16417,1.16580,5982,2
2025-08-12T18:00:00Z,1.16579,1.16972,1.16562,1.16721,5227,2
2025-08-12T19:00:00Z,1.16721,1.16858,1.16655,1.16796,3468,2
2025-08-12T20:00:00Z,1.16795,1.16804,1.16710,1.16730,2586,2
2025-08-12T21:00:00Z,1.16731,1.16786,1.16644,1.16688,2127,2
2025-08-12T22:00:00Z,1.16687,1.16756,1.16644,1.16747,1655,2
2025-08-12T23:00:00Z,1.16747,1.16767,1.16714,1.16727,1058,2
2025-08-13T00:00:00Z,1.16723,1.16736,1.16681,1.16723,524,24
2025-08-13T01:00:00Z,1.16724,1.16773,1.16723,1.16764,1050,3
2025-08-13T02:00:00Z,1.16764,1.16792,1.16752,1.16775,767,2
2025-08-13T03:00:00Z,1.16775,1.16806,1.16705,1.16799,1642,2
2025-08-13T04:00:00Z,1.16799,1.16863,1.16758,1.16770,1983,2
2025-08-13T05:00:00Z,1.16770,1.16858,1.16703,1.16816,1724,2
2025-08-13T06:00:00Z,1.16815,1.16875,1.16793,1.16838,1163,2
2025-08-13T07:00:00Z,1.16837,1.16861,1.16816,1.16841,1172,2
2025-08-13T08:00:00Z,1.16841,1.16851,1.16763,1.16791,1880,2
2025-08-13T09:00:00Z,1.16791,1.16970,1.16788,1.16922,2694,2
2025-08-13T10:00:00Z,1.16921,1.17127,1.16917,1.17080,3518,2
2025-08-13T11:00:00Z,1.17079,1.17206,1.17068,1.17139,3048,2
2025-08-13T12:00:00Z,1.17142,1.17302,1.17139,1.17292,2382,2
2025-08-13T13:00:00Z,1.17292,1.17302,1.17161,1.17163,2228,2
2025-08-13T14:00:00Z,1.17163,1.17191,1.17078,1.17190,2064,2
2025-08-13T15:00:00Z,1.17190,1.17216,1.16972,1.16989,2799,2
2025-08-13T16:00:00Z,1.16989,1.17070,1.16927,1.17045,3468,2
2025-08-13T17:00:00Z,1.17045,1.17234,1.17026,1.17200,3931,2
2025-08-13T18:00:00Z,1.17200,1.17224,1.17082,1.17137,3291,2
2025-08-13T19:00:00Z,1.17135,1.17150,1.17063,1.17067,2212,2
2025-08-13T20:00:00Z,1.17068,1.17107,1.17026,1.17039,1988,2
2025-08-13T21:00:00Z,1.17040,1.17043,1.16958,1.17004,1654,2
2025-08-13T22:00:00Z,1.17004,1.17040,1.16972,1.16994,1436,2
2025-08-13T23:00:00Z,1.16994,1.17066,1.16991,1.17052,894,2
2025-08-14T00:00:00Z,1.17021,1.17062,1.16997,1.17040,750,24
2025-08-14T01:00:00Z,1.17051,1.17081,1.17038,1.17080,690,3
2025-08-14T02:00:00Z,1.17080,1.17125,1.17075,1.17124,773,2
2025-08-14T03:00:00Z,1.17124,1.17147,1.17089,1.17112,1685,2
2025-08-14T04:00:00Z,1.17112,1.17151,1.17090,1.17128,2143,2
2025-08-14T05:00:00Z,1.17128,1.17128,1.16987,1.17048,1940,2
2025-08-14T06:00:00Z,1.17048,1.17051,1.16992,1.17036,1422,2
2025-08-14T07:00:00Z,1.17036,1.17065,1.17014,1.17037,1202,2
2025-08-14T08:00:00Z,1.17038,1.17038,1.16968,1.17011,1578,2
2025-08-14T09:00:00Z,1.17011,1.17065,1.16848,1.16850,2948,2
2025-08-14T10:00:00Z,1.16851,1.16927,1.16778,1.16798,3794,2
2025-08-14T11:00:00Z,1.16798,1.16852,1.16677,1.16683,2854,2
2025-08-14T12:00:00Z,1.16682,1.16869,1.16682,1.16818,2618,2
2025-08-14T13:00:00Z,1.16818,1.16972,1.16812,1.16953,2617,2
2025-08-14T14:00:00Z,1.16953,1.16964,1.16827,1.16876,2333,2
2025-08-14T15:00:00Z,1.16883,1.16924,1.16488,1.16637,6406,2
2025-08-14T16:00:00Z,1.16637,1.16714,1.16490,1.16500,5269,2
2025-08-14T17:00:00Z,1.16500,1.16664,1.16374,1.16609,4479,2
2025-08-14T18:00:00Z,1.16609,1.16621,1.16374,1.16430,4070,2
2025-08-14T19:00:00Z,1.16430,1.16451,1.16310,1.16344,3191,2
2025-08-14T20:00:00Z,1.16344,1.16437,1.16312,1.16367,2216,2
2025-08-14T21:00:00Z,1.16369,1.16424,1.16328,1.16414,1860,2
2025-08-14T22:00:00Z,1.16416,1.16503,1.16414,1.16482,1668,2
2025-08-14T23:00:00Z,1.16482,1.16501,1.16445,1.16484,830,2
2025-08-15T00:00:00Z,1.16475,1.16497,1.16468,1.16496,255,24
2025-08-15T01:00:00Z,1.16496,1.16528,1.16480,1.16497,777,3
2025-08-15T02:00:00Z,1.16499,1.16530,1.16458,1.16505,831,2
2025-08-15T03:00:00Z,1.16505,1.16531,1.16468,1.16520,1453,2
2025-08-15T04:00:00Z,1.16521,1.16579,1.16480,1.16528,1656,2
2025-08-15T05:00:00Z,1.16528,1.16576,1.16493,1.16566,1419,2
2025-08-15T06:00:00Z,1.16569,1.16646,1.16564,1.16600,1373,2
2025-08-15T07:00:00Z,1.16600,1.16636,1.16588,1.16627,941,2
2025-08-15T08:00:00Z,1.16627,1.16711,1.16612,1.16708,1379,2
2025-08-15T09:00:00Z,1.16708,1.16747,1.16650,1.16719,1873,2
2025-08-15T10:00:00Z,1.16718,1.16841,1.16718,1.16827,2435,2
2025-08-15T11:00:00Z,1.16827,1.16852,1.16765,1.16822,1936,2
2025-08-15T12:00:00Z,1.16822,1.16898,1.16801,1.16876,1780,2
2025-08-15T13:00:00Z,1.16876,1.16914,1.16805,1.16858,1632,2
2025-08-15T14:00:00Z,1.16858,1.16916,1.16814,1.16876,1617,2
2025-08-15T15:00:00Z,1.16876,1.17000,1.16732,1.16939,4197,2
2025-08-15T16:00:00Z,1.16939,1.17081,1.16817,1.17024,4391,2
2025-08-15T17:00:00Z,1.17024,1.17153,1.17003,1.17116,4500,2
2025-08-15T18:00:00Z,1.17115,1.17150,1.17032,1.17068,2754,2
2025-08-15T19:00:00Z,1.17068,1.17081,1.16994,1.17037,2006,2
2025-08-15T20:00:00Z,1.17037,1.17059,1.16992,1.17042,1735,2
2025-08-15T21:00:00Z,1.17043,1.17065,1.16986,1.17023,1702,2
2025-08-15T22:00:00Z,1.17023,1.17034,1.16997,1.17008,1338,2
2025-08-15T23:00:00Z,1.17008,1.17079,1.16999,1.17027,1156,2
2025-08-18T00:00:00Z,1.17079,1.17135,1.17072,1.17125,376,24
2025-08-18T01:00:00Z,1.17125,1.17153,1.17096,1.17135,1026,3
2025-08-18T02:00:00Z,1.17138,1.17144,1.17034,1.17062,1081,2
2025-08-18T03:00:00Z,1.17062,1.17105,1.16999,1.17017,1933,2
2025-08-18T04:00:00Z,1.17016,1.17046,1.16934,1.17032,1965,2
2025-08-18T05:00:00Z,1.17032,1.17054,1.16972,1.17012,1491,2
2025-08-18T06:00:00Z,1.17012,1.17046,1.16995,1.17036,1387,2
2025-08-18T07:00:00Z,1.17036,1.17104,1.17025,1.17085,1460,2
2025-08-18T08:00:00Z,1.17085,1.17090,1.17012,1.17059,1593,2
2025-08-18T09:00:00Z,1.17059,1.17079,1.16933,1.16964,2287,2
2025-08-18T10:00:00Z,1.16966,1.17033,1.16802,1.16814,2890,2
2025-08-18T11:00:00Z,1.16814,1.16874,1.16709,1.16818,2938,2
2025-08-18T12:00:00Z,1.16819,1.16860,1.16730,1.16801,2281,2
2025-08-18T13:00:00Z,1.16796,1.16829,1.16774,1.16809,1929,2
2025-08-18T14:00:00Z,1.16809,1.16883,1.16714,1.16749,2059,2
2025-08-18T15:00:00Z,1.16757,1.16789,1.16659,1.16764,2548,2
2025-08-18T16:00:00Z,1.16765,1.16778,1.16695,1.16778,2698,2
2025-08-18T17:00:00Z,1.16778,1.16844,1.16602,1.16641,3644,2
2025-08-18T18:00:00Z,1.16641,1.16748,1.16608,1.16671,2550,2
2025-08-18T19:00:00Z,1.16671,1.16673,1.16558,1.16578,2457,2
2025-08-18T20:00:00Z,1.16578,1.16666,1.16566,1.16628,1950,2
2025-08-18T21:00:00Z,1.16628,1.16679,1.16584,1.16600,1601,2
2025-08-18T22:00:00Z,1.16600,1.16704,1.16598,1.16670,1482,2
2025-08-18T23:00:00Z,1.16669,1.16693,1.16614,1.16614,1035,3
2025-08-19T00:00:00Z,1.16588,1.16607,1.16587,1.16601,282,24
2025-08-19T01:00:00Z,1.16601,1.16749,1.16595,1.16694,1160,3
2025-08-19T02:00:00Z,1.16695,1.16697,1.16620,1.16680,956,2
2025-08-19T03:00:00Z,1.16680,1.16701,1.16555,1.16585,1761,2
2025-08-19T04:00:00Z,1.16585,1.16622,1.16392,1.16494,2735,2
2025-08-19T05:00:00Z,1.16494,1.16558,1.16470,1.16526,1827,2
2025-08-19T06:00:00Z,1.16526,1.16589,1.16504,1.16549,1650,2
2025-08-19T07:00:00Z,1.16549,1.16619,1.16533,1.16607,1182,2
2025-08-19T08:00:00Z,1.16607,1.16658,1.16539,1.16553,1731,2
2025-08-19T09:00:00Z,1.16553,1.16747,1.16510,1.16744,2391,2
2025-08-19T10:00:00Z,1.16744,1.16843,1.16734,1.16836,2844,2
2025-08-19T11:00:00Z,1.16837,1.16844,1.16715,1.16749,2188,2
2025-08-19T12:00:00Z,1.16749,1.16821,1.16726,1.16801,1910,2
2025-08-19T13:00:00Z,1.16801,1.16921,1.16789,1.16887,1700,2
2025-08-19T14:00:00Z,1.16887,1.16928,1.16799,1.16856,1849,2
2025-08-19T15:00:00Z,1.16856,1.16880,1.16730,1.16755,2892,2
2025-08-19T16:00:00Z,1.16754,1.16783,1.16680,1.16763,3220,2
2025-08-19T17:00:00Z,1.16761,1.16775,1.16639,1.16721,3102,2
2025-08-19T18:00:00Z,1.16721,1.16753,1.16572,1.16584,2628,2
2025-08-19T19:00:00Z,1.16584,1.16632,1.16542,1.16563,2310,2
2025-08-19T20:00:00Z,1.16563,1.16607,1.16528,1.16546,1697,2
2025-08-19T21:00:00Z,1.16544,1.16546,1.16423,1.16473,1712,2
2025-08-19T22:00:00Z,1.16473,1.16482,1.16424,1.16464,1422,2
2025-08-19T23:00:00Z,1.16463,1.16478,1.16446,1.16463,1015,3
2025-08-20T00:00:00Z,1.16450,1.16484,1.16417,1.16443,795,35
2025-08-20T01:00:00Z,1.16442,1.16489,1.16431,1.16481,833,3
2025-08-20T02:00:00Z,1.16484,1.16484,1.16407,1.16414,772,2
2025-08-20T03:00:00Z,1.16413,1.16424,1.16313,1.16388,2049,2
2025-08-20T04:00:00Z,1.16388,1.16422,1.16270,1.16274,2387,2
2025-08-20T05:00:00Z,1.16274,1.16297,1.16219,1.16264,2658,2
2025-08-20T06:00:00Z,1.16264,1.16363,1.16264,1.16328,1919,2
2025-08-20T07:00:00Z,1.16328,1.16382,1.16323,1.16345,1164,2
2025-08-20T08:00:00Z,1.16345,1.16401,1.16322,1.16392,1491,2
2025-08-20T09:00:00Z,1.16390,1.16423,1.16232,1.16335,3056,2
2025-08-20T10:00:00Z,1.16335,1.16469,1.16333,1.16448,2928,2
2025-08-20T11:00:00Z,1.16448,1.16465,1.16314,1.16379,2498,2
2025-08-20T12:00:00Z,1.16379,1.16460,1.16349,1.16450,2021,2
2025-08-20T13:00:00Z,1.16450,1.16575,1.16434,1.16468,1977,2
2025-08-20T14:00:00Z,1.16468,1.16499,1.16402,1.16419,1886,2
2025-08-20T15:00:00Z,1.16421,1.16735,1.16421,1.16709,3456,2
2025-08-20T16:00:00Z,1.16709,1.16718,1.16557,1.16587,3467,2
2025-08-20T17:00:00Z,1.16587,1.16690,1.16484,1.16629,4295,2
2025-08-20T18:00:00Z,1.16629,1.16631,1.16462,1.16481,2902,2
2025-08-20T19:00:00Z,1.16481,1.16617,1.16478,1.16597,2221,2
2025-08-20T20:00:00Z,1.16596,1.16724,1.16591,1.16714,2110,2
2025-08-20T21:00:00Z,1.16713,1.16713,1.16546,1.16548,2463,2
2025-08-20T22:00:00Z,1.16547,1.16584,1.16524,1.16528,1449,2
2025-08-20T23:00:00Z,1.16528,1.16529,1.16468,1.16513,1061,3
2025-08-21T00:00:00Z,1.16498,1.16524,1.16470,1.16486,658,24
2025-08-21T01:00:00Z,1.16482,1.16550,1.16481,1.16525,848,3
2025-08-21T02:00:00Z,1.16526,1.16536,1.16480,1.16510,843,2
2025-08-21T03:00:00Z,1.16509,1.16516,1.16411,1.16468,1881,2
2025-08-21T04:00:00Z,1.16467,1.16504,1.16411,1.16458,2210,2
2025-08-21T05:00:00Z,1.16457,1.16496,1.16432,1.16466,1592,2
2025-08-21T06:00:00Z,1.16466,1.16486,1.16415,1.16460,1307,2
2025-08-21T07:00:00Z,1.16460,1.16482,1.16426,1.16455,1109,2
2025-08-21T08:00:00Z,1.16452,1.16493,1.16415,1.16493,1716,2
2025-08-21T09:00:00Z,1.16493,1.16497,1.16258,1.16299,2427,2
2025-08-21T10:00:00Z,1.16300,1.16612,1.16249,1.16584,3081,2
2025-08-21T11:00:00Z,1.16584,1.16592,1.16500,1.16548,2305,2
2025-08-21T12:00:00Z,1.16549,1.16626,1.16536,1.16546,1957,2
2025-08-21T13:00:00Z,1.16546,1.16566,1.16481,1.16492,1747,2
2025-08-21T14:00:00Z,1.16492,1.16572,1.16394,1.16404,2260,2
2025-08-21T15:00:00Z,1.16405,1.16563,1.16365,1.16466,3532,2
2025-08-21T16:00:00Z,1.16466,1.16500,1.16156,1.16211,4734,2
2025-08-21T17:00:00Z,1.16212,1.16294,1.16058,1.16157,5116,2
2025-08-21T18:00:00Z,1.16157,1.16260,1.16011,1.16044,4590,2
2025-08-21T19:00:00Z,1.16043,1.16118,1.16014,1.16111,2228,2
2025-08-21T20:00:00Z,1.16110,1.16186,1.16110,1.16149,1818,2
2025-08-21T21:00:00Z,1.16149,1.16169,1.16068,1.16096,1800,2
2025-08-21T22:00:00Z,1.16096,1.16100,1.16037,1.16049,1431,2
2025-08-21T23:00:00Z,1.16050,1.16082,1.16033,1.16059,854,2
2025-08-22T00:00:00Z,1.16034,1.16090,1.16020,1.16040,1434,24
2025-08-22T01:00:00Z,1.16044,1.16134,1.16040,1.16131,727,3
2025-08-22T02:00:00Z,1.16129,1.16148,1.16091,1.16126,783,2
2025-08-22T03:00:00Z,1.16125,1.16166,1.16104,1.16146,1528,2
2025-08-22T04:00:00Z,1.16147,1.16156,1.16039,1.16080,1746,2
2025-08-22T05:00:00Z,1.16079,1.16141,1.16047,1.16087,1511,2
2025-08-22T06:00:00Z,1.16087,1.16088,1.15886,1.15896,1738,2
2025-08-22T07:00:00Z,1.15896,1.15940,1.15829,1.15845,1585,2
2025-08-22T08:00:00Z,1.15845,1.15890,1.15832,1.15869,1463,2
2025-08-22T09:00:00Z,1.15868,1.15952,1.15834,1.15884,2162,2
2025-08-22T10:00:00Z,1.15885,1.15989,1.15882,1.15945,2070,2
2025-08-22T11:00:00Z,1.15945,1.15996,1.15911,1.15993,1763,2
2025-08-22T12:00:00Z,1.15993,1.16022,1.15953,1.15964,1761,2
2025-08-22T13:00:00Z,1.15963,1.16000,1.15933,1.15959,1582,2
2025-08-22T14:00:00Z,1.15959,1.16063,1.15948,1.16044,2165,2
2025-08-22T15:00:00Z,1.16045,1.16137,1.16045,1.16086,2299,2
2025-08-22T16:00:00Z,1.16087,1.16190,1.15975,1.16003,3071,2
2025-08-22T17:00:00Z,1.16003,1.17200,1.16003,1.17181,12957,2
2025-08-22T18:00:00Z,1.17181,1.17323,1.17121,1.17121,5710,2
2025-08-22T19:00:00Z,1.17121,1.17265,1.17120,1.17218,3924,2
2025-08-22T20:00:00Z,1.17218,1.17425,1.17218,1.17367,3080,2
2025-08-22T21:00:00Z,1.17366,1.17394,1.17209,1.17211,2202,2
2025-08-22T22:00:00Z,1.17213,1.17225,1.17148,1.17198,1984,2
2025-08-22T23:00:00Z,1.17198,1.17264,1.17178,1.17208,1197,3
2025-08-25T00:00:00Z,1.17218,1.17259,1.17211,1.17215,311,24
2025-08-25T01:00:00Z,1.17215,1.17232,1.17104,1.17126,1231,3
2025-08-25T02:00:00Z,1.17126,1.17144,1.17072,1.17082,1106,2
2025-08-25T03:00:00Z,1.17082,1.17083,1.16953,1.16979,1906,2
2025-08-25T04:00:00Z,1.16979,1.17037,1.16934,1.16964,1853,2
2025-08-25T05:00:00Z,1.16964,1.17001,1.16937,1.16969,1417,2
2025-08-25T06:00:00Z,1.16969,1.17076,1.16969,1.17067,1228,2
2025-08-25T07:00:00Z,1.17067,1.17078,1.17033,1.17057,1030,2
2025-08-25T08:00:00Z,1.17057,1.17057,1.16982,1.17004,1269,2
2025-08-25T09:00:00Z,1.17004,1.17202,1.17004,1.17146,2416,2
2025-08-25T10:00:00Z,1.17146,1.17180,1.16942,1.16978,2232,2
2025-08-25T11:00:00Z,1.16978,1.17108,1.16976,1.17040,1877,2
2025-08-25T12:00:00Z,1.17040,1.17046,1.16899,1.16932,1513,2
2025-08-25T13:00:00Z,1.16932,1.16972,1.16851,1.16876,1631,2
2025-08-25T14:00:00Z,1.16876,1.17031,1.16874,1.17028,1918,2
2025-08-25T15:00:00Z,1.17028,1.17036,1.16936,1.16997,2175,2
2025-08-25T16:00:00Z,1.16997,1.17089,1.16946,1.17029,2477,2
2025-08-25T17:00:00Z,1.17029,1.17056,1.16890,1.16900,3522,2
2025-08-25T18:00:00Z,1.16900,1.16915,1.16652,1.16691,3545,2
2025-08-25T19:00:00Z,1.16691,1.16694,1.16511,1.16548,2802,2
2025-08-25T20:00:00Z,1.16548,1.16558,1.16409,1.16468,2413,2
2025-08-25T21:00:00Z,1.16468,1.16484,1.16188,1.16204,2659,2
2025-08-25T22:00:00Z,1.16204,1.16214,1.16027,1.16094,2853,2
2025-08-25T23:00:00Z,1.16094,1.16251,1.16092,1.16205,1273,3
2025-08-26T00:00:00Z,1.16178,1.16192,1.16136,1.16189,856,24
2025-08-26T01:00:00Z,1.16189,1.16223,1.16180,1.16203,915,3
2025-08-26T02:00:00Z,1.16203,1.16211,1.16122,1.16144,1015,2
2025-08-26T03:00:00Z,1.16144,1.16600,1.16101,1.16478,6029,2
2025-08-26T04:00:00Z,1.16478,1.16500,1.16349,1.16418,3124,2
2025-08-26T05:00:00Z,1.16418,1.16471,1.16323,1.16365,2208,2
2025-08-26T06:00:00Z,1.16365,1.16365,1.16238,1.16257,1880,2
2025-08-26T07:00:00Z,1.16257,1.16322,1.16235,1.16318,1421,2
2025-08-26T08:00:00Z,1.16318,1.16444,1.16293,1.16413,1899,2
2025-08-26T09:00:00Z,1.16413,1.16413,1.16132,1.16221,3592,2
2025-08-26T10:00:00Z,1.16221,1.16286,1.16021,1.16216,3994,2
2025-08-26T11:00:00Z,1.16216,1.16249,1.16057,1.16179,3063,2
2025-08-26T12:00:00Z,1.16179,1.16435,1.16176,1.16425,2663,2
2025-08-26T13:00:00Z,1.16425,1.16475,1.16370,1.16448,2006,2
2025-08-26T14:00:00Z,1.16448,1.16605,1.16413,1.16536,2434,2
2025-08-26T15:00:00Z,1.16536,1.16598,1.16447,1.16464,3722,2
2025-08-26T16:00:00Z,1.16460,1.16565,1.16371,1.16514,4038,2
2025-08-26T17:00:00Z,1.16514,1.16652,1.16434,1.16546,4357,2
2025-08-26T18:00:00Z,1.16546,1.16636,1.16486,1.16555,3306,2
2025-08-26T19:00:00Z,1.16555,1.16615,1.16483,1.16488,2237,2
2025-08-26T20:00:00Z,1.16488,1.16527,1.16376,1.16376,2168,2
2025-08-26T21:00:00Z,1.16376,1.16475,1.16334,1.16434,1922,2
2025-08-26T22:00:00Z,1.16434,1.16486,1.16396,1.16404,1685,2
2025-08-26T23:00:00Z,1.16405,1.16429,1.16333,1.16416,1006,3
2025-08-27T00:00:00Z,1.16406,1.16461,1.16405,1.16434,935,24
2025-08-27T01:00:00Z,1.16434,1.16475,1.16406,1.16428,745,3
2025-08-27T02:00:00Z,1.16428,1.16438,1.16368,1.16369,767,2
2025-08-27T03:00:00Z,1.16369,1.16418,1.16336,1.16367,1527,2
2025-08-27T04:00:00Z,1.16367,1.16407,1.16305,1.16337,1897,2
2025-08-27T05:00:00Z,1.16337,1.16341,1.16244,1.16312,1416,2
2025-08-27T06:00:00Z,1.16312,1.16329,1.16215,1.16251,1149,2
2025-08-27T07:00:00Z,1.16251,1.16253,1.16119,1.16142,1226,2
2025-08-27T08:00:00Z,1.16142,1.16205,1.16134,1.16202,1346,2
2025-08-27T09:00:00Z,1.16202,1.16238,1.16144,1.16208,2161,2
2025-08-27T10:00:00Z,1.16208,1.16219,1.15961,1.16033,2876,2
2025-08-27T11:00:00Z,1.16033,1.16036,1.15769,1.15886,3467,2
2025-08-27T12:00:00Z,1.15887,1.15951,1.15864,1.15901,2276,2
2025-08-27T13:00:00Z,1.15901,1.15926,1.15787,1.15794,2077,2
2025-08-27T14:00:00Z,1.15794,1.15897,1.15740,1.15861,2541,2
2025-08-27T15:00:00Z,1.15860,1.15982,1.15845,1.15863,3385,2
2025-08-27T16:00:00Z,1.15863,1.16037,1.15841,1.15978,3951,2
2025-08-27T17:00:00Z,1.15978,1.16028,1.15821,1.15924,4149,2
2025-08-27T18:00:00Z,1.15924,1.16122,1.15921,1.16107,3536,2
2025-08-27T19:00:00Z,1.16107,1.16407,1.16107,1.16381,2893,2
2025-08-27T20:00:00Z,1.16381,1.16428,1.16324,1.16376,2283,2
2025-08-27T21:00:00Z,1.16375,1.16382,1.16277,1.16306,1914,2
2025-08-27T22:00:00Z,1.16306,1.16351,1.16289,1.16337,1702,2
2025-08-27T23:00:00Z,1.16337,1.16380,1.16312,1.16375,982,3
2025-08-28T00:00:00Z,1.16356,1.16375,1.16301,1.16354,456,24
2025-08-28T01:00:00Z,1.16353,1.16438,1.16353,1.16434,955,3
2025-08-28T02:00:00Z,1.16434,1.16476,1.16424,1.16476,886,2
2025-08-28T03:00:00Z,1.16476,1.16494,1.16424,1.16454,1508,2
2025-08-28T04:00:00Z,1.16454,1.16504,1.16412,1.16451,1706,2
2025-08-28T05:00:00Z,1.16451,1.16546,1.16445,1.16527,1610,2
2025-08-28T06:00:00Z,1.16527,1.16543,1.16421,1.16430,1201,2
2025-08-28T07:00:00Z,1.16430,1.16440,1.16386,1.16398,1223,2
2025-08-28T08:00:00Z,1.16398,1.16408,1.16356,1.16373,1414,2
2025-08-28T09:00:00Z,1.16373,1.16451,1.16337,1.16428,2539,2
2025-08-28T10:00:00Z,1.16428,1.16495,1.16337,1.16437,3093,2
2025-08-28T11:00:00Z,1.16437,1.16455,1.16289,1.16423,2873,2
2025-08-28T12:00:00Z,1.16423,1.16543,1.16423,1.16488,2354,2
2025-08-28T13:00:00Z,1.16488,1.16749,1.16480,1.16713,2493,2
2025-08-28T14:00:00Z,1.16713,1.16736,1.16592,1.16664,2478,2
2025-08-28T15:00:00Z,1.16664,1.16871,1.16624,1.16694,5215,2
2025-08-28T16:00:00Z,1.16695,1.16772,1.16585,1.16720,4427,2
2025-08-28T17:00:00Z,1.16720,1.16860,1.16659,1.16703,4293,2
2025-08-28T18:00:00Z,1.16703,1.16753,1.16610,1.16720,3080,2
2025-08-28T19:00:00Z,1.16719,1.16900,1.16718,1.16893,2079,2
2025-08-28T20:00:00Z,1.16893,1.16973,1.16867,1.16877,2130,2
2025-08-28T21:00:00Z,1.16877,1.16902,1.16846,1.16889,1597,2
2025-08-28T22:00:00Z,1.16889,1.16899,1.16821,1.16825,1394,2
2025-08-28T23:00:00Z,1.16825,1.16831,1.16773,1.16815,857,2
2025-08-29T00:00:00Z,1.16805,1.16806,1.16739,1.16775,926,24
2025-08-29T01:00:00Z,1.16775,1.16805,1.16734,1.16741,1098,3
2025-08-29T02:00:00Z,1.16741,1.16818,1.16739,1.16783,604,2
2025-08-29T03:00:00Z,1.16783,1.16819,1.16725,1.16747,1577,2
2025-08-29T04:00:00Z,1.16747,1.16763,1.16561,1.16589,1954,2
2025-08-29T05:00:00Z,1.16589,1.16649,1.16588,1.16619,1574,2
2025-08-29T06:00:00Z,1.16619,1.16647,1.16597,1.16626,1263,2
2025-08-29T07:00:00Z,1.16626,1.16648,1.16583,1.16647,1053,2
2025-08-29T08:00:00Z,1.16647,1.16702,1.16611,1.16699,1358,2
2025-08-29T09:00:00Z,1.16699,1.16704,1.16611,1.16670,2244,2
2025-08-29T10:00:00Z,1.16669,1.16770,1.16625,1.16760,2771,2
2025-08-29T11:00:00Z,1.16760,1.16903,1.16695,1.16758,3124,2
2025-08-29T12:00:00Z,1.16758,1.16825,1.16689,1.16729,2478,2
2025-08-29T13:00:00Z,1.16729,1.16745,1.16649,1.16676,2130,2
2025-08-29T14:00:00Z,1.16676,1.16681,1.16610,1.16630,1851,2
2025-08-29T15:00:00Z,1.16630,1.16640,1.16507,1.16586,3730,2
2025-08-29T16:00:00Z,1.16586,1.16731,1.16536,1.16682,3632,2
2025-08-29T17:00:00Z,1.16682,1.17051,1.16682,1.17043,5548,2
2025-08-29T18:00:00Z,1.17043,1.17088,1.16943,1.16943,3706,2
2025-08-29T19:00:00Z,1.16943,1.17069,1.16935,1.17015,2516,2
2025-08-29T20:00:00Z,1.17015,1.17029,1.16961,1.16963,1797,2
2025-08-29T21:00:00Z,1.16963,1.16995,1.16932,1.16985,1564,2
2025-08-29T22:00:00Z,1.16985,1.16996,1.16930,1.16980,1430,2
2025-08-29T23:00:00Z,1.16980,1.17004,1.16806,1.16866,1283,3
2025-09-01T00:00:00Z,1.16941,1.16945,1.16852,1.16873,383,24
2025-09-01T01:00:00Z,1.16873,1.16907,1.16858,1.16887,987,3
2025-09-01T02:00:00Z,1.16887,1.16905,1.16867,1.16903,929,2
2025-09-01T03:00:00Z,1.16903,1.16980,1.16896,1.16970,1556,2
2025-09-01T04:00:00Z,1.16970,1.16973,1.16878,1.16948,1941,2
2025-09-01T05:00:00Z,1.16948,1.17138,1.16948,1.17116,2061,2
2025-09-01T06:00:00Z,1.17116,1.17144,1.17044,1.17081,1549,2
2025-09-01T07:00:00Z,1.17081,1.17101,1.17044,1.17082,1418,2
2025-09-01T08:00:00Z,1.17082,1.17155,1.17080,1.17143,1566,2
2025-09-01T09:00:00Z,1.17143,1.17333,1.17132,1.17252,2658,2
2025-09-01T10:00:00Z,1.17252,1.17278,1.17150,1.17254,2628,2
2025-09-01T11:00:00Z,1.17254,1.17362,1.17160,1.17352,2461,2
2025-09-01T12:00:00Z,1.17352,1.17361,1.17185,1.17194,2219,2
2025-09-01T13:00:00Z,1.17194,1.17263,1.17180,1.17194,1673,2
2025-09-01T14:00:00Z,1.17194,1.17294,1.17129,1.17146,1954,2
2025-09-01T15:00:00Z,1.17146,1.17179,1.17063,1.17072,2243,2
2025-09-01T16:00:00Z,1.17075,1.17163,1.17049,1.17077,2397,2
2025-09-01T17:00:00Z,1.17077,1.17141,1.17054,1.17107,2472,2
2025-09-01T18:00:00Z,1.17107,1.17114,1.16995,1.16995,1815,2
2025-09-01T19:00:00Z,1.16995,1.17046,1.16966,1.17046,1420,2
2025-09-01T20:00:00Z,1.17046,1.17052,1.17011,1.17043,824,2
2025-09-01T21:00:00Z,1.17043,1.17075,1.17037,1.17074,649,2
2025-09-01T22:00:00Z,1.17074,1.17137,1.17074,1.17129,846,2
2025-09-01T23:00:00Z,1.17129,1.17134,1.17106,1.17115,626,3
2025-09-02T00:00:00Z,1.17052,1.17082,1.17052,1.17070,726,24
2025-09-02T01:00:00Z,1.17070,1.17130,1.17070,1.17108,959,3
2025-09-02T02:00:00Z,1.17108,1.17183,1.17106,1.17148,1009,2
2025-09-02T03:00:00Z,1.17148,1.17154,1.17029,1.17043,2049,2
2025-09-02T04:00:00Z,1.17043,1.17068,1.16992,1.17035,2847,2
2025-09-02T05:00:00Z,1.17035,1.17041,1.16921,1.16983,2202,2
2025-09-02T06:00:00Z,1.16983,1.16993,1.16928,1.16949,1606,2
2025-09-02T07:00:00Z,1.16949,1.16960,1.16898,1.16931,1381,2
2025-09-02T08:00:00Z,1.16931,1.16970,1.16870,1.16942,1665,2
2025-09-02T09:00:00Z,1.16942,1.17062,1.16942,1.17028,2238,2
2025-09-02T10:00:00Z,1.17028,1.17064,1.16428,1.16457,6218,2
2025-09-02T11:00:00Z,1.16457,1.16557,1.16336,1.16449,5428,2
2025-09-02T12:00:00Z,1.16447,1.16483,1.16237,1.16375,4055,2
2025-09-02T13:00:00Z,1.16375,1.16418,1.16266,1.16318,3510,2
2025-09-02T14:00:00Z,1.16318,1.16496,1.16279,1.16466,3562,2
2025-09-02T15:00:00Z,1.16466,1.16530,1.16128,1.16172,5027,2
2025-09-02T16:00:00Z,1.16172,1.16512,1.16150,1.16498,4917,2
2025-09-02T17:00:00Z,1.16498,1.16825,1.16498,1.16623,6618,2
2025-09-02T18:00:00Z,1.16623,1.16684,1.16494,1.16525,3961,2
2025-09-02T19:00:00Z,1.16525,1.16547,1.16428,1.16440,2711,2
2025-09-02T20:00:00Z,1.16440,1.16480,1.16414,1.16423,1940,2
2025-09-02T21:00:00Z,1.16423,1.16433,1.16295,1.16335,2333,2
2025-09-02T22:00:00Z,1.16335,1.16413,1.16320,1.16413,1714,2
2025-09-02T23:00:00Z,1.16413,1.16428,1.16386,1.16422,937,2
2025-09-03T00:00:00Z,1.16394,1.16416,1.16353,1.16404,652,24
2025-09-03T01:00:00Z,1.16405,1.16444,1.16362,1.16367,1008,3
2025-09-03T02:00:00Z,1.16367,1.16378,1.16325,1.16325,903,2
2025-09-03T03:00:00Z,1.16325,1.16364,1.16285,1.16329,1869,2
2025-09-03T04:00:00Z,1.16329,1.16353,1.16263,1.16303,2133,2
2025-09-03T05:00:00Z,1.16303,1.16354,1.16246,1.16272,1668,2
2025-09-03T06:00:00Z,1.16272,1.16303,1.16230,1.16234,1110,2
2025-09-03T07:00:00Z,1.16234,1.16318,1.16220,1.16318,1015,2
2025-09-03T08:00:00Z,1.16318,1.16346,1.16261,1.16299,1309,2
2025-09-03T09:00:00Z,1.16299,1.16429,1.16284,1.16333,2151,2
2025-09-03T10:00:00Z,1.16329,1.16359,1.16080,1.16356,3709,2
2025-09-03T11:00:00Z,1.16356,1.16576,1.16354,1.16565,3218,2
2025-09-03T12:00:00Z,1.16565,1.16648,1.16516,1.16562,2848,2
2025-09-03T13:00:00Z,1.16562,1.16577,1.16395,1.16436,2249,2
2025-09-03T14:00:00Z,1.16436,1.16545,1.16398,1.16516,2488,2
2025-09-03T15:00:00Z,1.16516,1.16589,1.16445,1.16482,3184,2
2025-09-03T16:00:00Z,1.16482,1.16540,1.16385,1.16488,4217,2
2025-09-03T17:00:00Z,1.16488,1.16804,1.16477,1.16637,6282,2
2025-09-03T18:00:00Z,1.16637,1.16820,1.16631,1.16747,3445,2
2025-09-03T19:00:00Z,1.16750,1.16775,1.16664,1.16752,2305,2
2025-09-03T20:00:00Z,1.16752,1.16770,1.16586,1.16610,2044,2
2025-09-03T21:00:00Z,1.16610,1.16678,1.16580,1.16617,2119,2
2025-09-03T22:00:00Z,1.16617,1.16628,1.16556,1.16581,1779,2
2025-09-03T23:00:00Z,1.16581,1.16645,1.16554,1.16608,1012,3
2025-09-04T00:00:00Z,1.16581,1.16620,1.16574,1.16598,1246,24
2025-09-04T01:00:00Z,1.16598,1.16629,1.16563,1.16602,476,3
2025-09-04T02:00:00Z,1.16602,1.16624,1.16566,1.16609,562,2
2025-09-04T03:00:00Z,1.16609,1.16621,1.16546,1.16587,1706,2
2025-09-04T04:00:00Z,1.16587,1.16692,1.16525,1.16583,1949,2
2025-09-04T05:00:00Z,1.16583,1.16589,1.16509,1.16529,1460,2
2025-09-04T06:00:00Z,1.16529,1.16559,1.16504,1.16532,1270,2
2025-09-04T07:00:00Z,1.16532,1.16550,1.16504,1.16516,861,2
2025-09-04T08:00:00Z,1.16516,1.16554,1.16481,1.16551,1262,2
2025-09-04T09:00:00Z,1.16551,1.16613,1.16500,1.16518,2484,2
2025-09-04T10:00:00Z,1.16517,1.16584,1.16439,1.16506,2906,2
2025-09-04T11:00:00Z,1.16506,1.16592,1.16480,1.16576,2677,2
2025-09-04T12:00:00Z,1.16576,1.16598,1.16395,1.16431,2585,2
2025-09-04T13:00:00Z,1.16431,1.16595,1.16430,1.16526,2543,2
2025-09-04T14:00:00Z,1.16526,1.16527,1.16392,1.16428,2384,2
2025-09-04T15:00:00Z,1.16428,1.16583,1.16298,1.16458,4881,2
2025-09-04T16:00:00Z,1.16458,1.16556,1.16373,1.16492,4102,2
2025-09-04T17:00:00Z,1.16492,1.16514,1.16317,1.16347,5276,2
2025-09-04T18:00:00Z,1.16346,1.16499,1.16311,1.16475,2557,2
2025-09-04T19:00:00Z,1.16475,1.16480,1.16336,1.16394,2187,2
2025-09-04T20:00:00Z,1.16396,1.16401,1.16343,1.16374,1744,2
2025-09-04T21:00:00Z,1.16374,1.16476,1.16365,1.16438,1506,2
2025-09-04T22:00:00Z,1.16438,1.16519,1.16436,1.16507,1312,2
2025-09-04T23:00:00Z,1.16507,1.16523,1.16482,1.16513,740,3
2025-09-05T00:00:00Z,1.16463,1.16491,1.16423,1.16487,639,24
2025-09-05T01:00:00Z,1.16487,1.16531,1.16474,1.16487,657,3
2025-09-05T02:00:00Z,1.16487,1.16577,1.16483,1.16567,1067,2
2025-09-05T03:00:00Z,1.16567,1.16606,1.16521,1.16594,2121,2
2025-09-05T04:00:00Z,1.16594,1.16719,1.16594,1.16704,1777,2
2025-09-05T05:00:00Z,1.16704,1.16745,1.16682,1.16683,1283,2
2025-09-05T06:00:00Z,1.16683,1.16731,1.16660,1.16712,944,2
2025-09-05T07:00:00Z,1.16712,1.16717,1.16650,1.16670,750,2
2025-09-05T08:00:00Z,1.16670,1.16775,1.16665,1.16766,1009,2
2025-09-05T09:00:00Z,1.16766,1.16775,1.16650,1.16691,2241,2
2025-09-05T10:00:00Z,1.16692,1.16787,1.16663,1.16778,2269,2
2025-09-05T11:00:00Z,1.16778,1.16843,1.16752,1.16833,1905,2
2025-09-05T12:00:00Z,1.16833,1.16923,1.16813,1.16879,1821,2
2025-09-05T13:00:00Z,1.16879,1.16965,1.16866,1.16913,1670,2
2025-09-05T14:00:00Z,1.16913,1.16915,1.16776,1.16871,2138,2
2025-09-05T15:00:00Z,1.16871,1.17499,1.16860,1.17343,9427,2
2025-09-05T16:00:00Z,1.17342,1.17501,1.17140,1.17488,8322,2
2025-09-05T17:00:00Z,1.17488,1.17594,1.17229,1.17365,6863,2
2025-09-05T18:00:00Z,1.17365,1.17593,1.17347,1.17585,4014,2
2025-09-05T19:00:00Z,1.17583,1.17594,1.17364,1.17388,3059,2
2025-09-05T20:00:00Z,1.17388,1.17392,1.17247,1.17257,2660,2
2025-09-05T21:00:00Z,1.17257,1.17261,1.17143,1.17169,2173,2
2025-09-05T22:00:00Z,1.17169,1.17229,1.17129,1.17179,1791,2
2025-09-05T23:00:00Z,1.17179,1.17215,1.17144,1.17205,1009,3
2025-09-08T00:00:00Z,1.17130,1.17175,1.17098,1.17167,145,27
2025-09-08T01:00:00Z,1.17170,1.17196,1.17035,1.17059,1322,3
2025-09-08T02:00:00Z,1.17062,1.17159,1.17061,1.17121,1027,2
2025-09-08T03:00:00Z,1.17126,1.17131,1.17047,1.17129,1871,2
2025-09-08T04:00:00Z,1.17130,1.17174,1.17074,1.17127,1935,2
2025-09-08T05:00:00Z,1.17129,1.17164,1.17103,1.17150,1876,2
2025-09-08T06:00:00Z,1.17149,1.17156,1.17080,1.17094,1605,2
2025-09-08T07:00:00Z,1.17093,1.17142,1.17060,1.17129,1186,2
2025-09-08T08:00:00Z,1.17130,1.17209,1.17120,1.17149,1529,2
2025-09-08T09:00:00Z,1.17148,1.17277,1.17119,1.17268,2453,2
2025-09-08T10:00:00Z,1.17267,1.17338,1.17204,1.17328,2463,2
2025-09-08T11:00:00Z,1.17330,1.17428,1.17257,1.17313,2070,2
2025-09-08T12:00:00Z,1.17312,1.17314,1.17208,1.17236,1623,2
2025-09-08T13:00:00Z,1.17234,1.17286,1.17199,1.17258,1641,2
2025-09-08T14:00:00Z,1.17254,1.17318,1.17245,1.17292,1674,2
2025-09-08T15:00:00Z,1.17286,1.17415,1.17229,1.17375,2566,2
2025-09-08T16:00:00Z,1.17374,1.17559,1.17361,1.17510,2779,2
2025-09-08T17:00:00Z,1.17511,1.17544,1.17398,1.17454,3037,2
2025-09-08T18:00:00Z,1.17453,1.17522,1.17430,1.17502,2282,2
2025-09-08T19:00:00Z,1.17500,1.17517,1.17350,1.17406,1856,2
2025-09-08T20:00:00Z,1.17405,1.17470,1.17349,1.17396,1584,2
2025-09-08T21:00:00Z,1.17396,1.17625,1.17396,1.17611,1679,2
2025-09-08T22:00:00Z,1.17610,1.17655,1.17595,1.17626,1520,2
2025-09-08T23:00:00Z,1.17624,1.17635,1.17592,1.17611,1040,3
2025-09-09T00:00:00Z,1.17593,1.17612,1.17574,1.17603,593,24
2025-09-09T01:00:00Z,1.17601,1.17649,1.17601,1.17619,771,3
2025-09-09T02:00:00Z,1.17622,1.17726,1.17622,1.17685,1028,2
2025-09-09T03:00:00Z,1.17683,1.17743,1.17653,1.17715,1599,2
2025-09-09T04:00:00Z,1.17714,1.17779,1.17659,1.17750,1663,2
2025-09-09T05:00:00Z,1.17751,1.17767,1.17677,1.17688,1440,2
2025-09-09T06:00:00Z,1.17687,1.17698,1.17633,1.17639,1297,2
2025-09-09T07:00:00Z,1.17638,1.17757,1.17634,1.17726,1236,2
2025-09-09T08:00:00Z,1.17725,1.17799,1.17711,1.17785,1684,2
2025-09-09T09:00:00Z,1.17787,1.17798,1.17563,1.17647,2297,2
2025-09-09T10:00:00Z,1.17649,1.17684,1.17476,1.17529,2653,2
2025-09-09T11:00:00Z,1.17527,1.17621,1.17441,1.17594,3517,2
2025-09-09T12:00:00Z,1.17598,1.17721,1.17594,1.17674,2204,2
2025-09-09T13:00:00Z,1.17675,1.17710,1.17525,1.17540,1852,2
2025-09-09T14:00:00Z,1.17539,1.17544,1.17410,1.17420,1815,2
2025-09-09T15:00:00Z,1.17421,1.17449,1.17276,1.17373,2560,2
2025-09-09T16:00:00Z,1.17376,1.17488,1.17338,1.17418,3202,2
2025-09-09T17:00:00Z,1.17421,1.17626,1.17225,1.17306,5997,2
2025-09-09T18:00:00Z,1.17310,1.17316,1.17155,1.17219,3024,2
2025-09-09T19:00:00Z,1.17220,1.17297,1.17185,1.17188,2110,2
2025-09-09T20:00:00Z,1.17189,1.17235,1.17084,1.17092,2025,2
2025-09-09T21:00:00Z,1.17095,1.17145,1.17039,1.17064,1843,2
2025-09-09T22:00:00Z,1.17063,1.17090,1.17037,1.17067,1246,2
2025-09-09T23:00:00Z,1.17066,1.17111,1.17044,1.17093,901,3
2025-09-10T00:00:00Z,1.17046,1.17108,1.17028,1.17106,911,24
2025-09-10T01:00:00Z,1.17107,1.17135,1.17084,1.17117,557,3
2025-09-10T02:00:00Z,1.17114,1.17121,1.16972,1.17021,1068,2
2025-09-10T03:00:00Z,1.17020,1.17023,1.16960,1.16967,1612,2
2025-09-10T04:00:00Z,1.16969,1.17027,1.16892,1.16995,2073,2
2025-09-10T05:00:00Z,1.16997,1.17083,1.16993,1.17073,1696,2
2025-09-10T06:00:00Z,1.17074,1.17102,1.17066,1.17080,1108,2
2025-09-10T07:00:00Z,1.17085,1.17156,1.17073,1.17148,1057,2
2025-09-10T08:00:00Z,1.17147,1.17160,1.17048,1.17084,1379,2
2025-09-10T09:00:00Z,1.17082,1.17183,1.16915,1.16975,2326,2
2025-09-10T10:00:00Z,1.16976,1.17078,1.16823,1.17028,2923,2
2025-09-10T11:00:00Z,1.17029,1.17036,1.16910,1.16999,2549,2
2025-09-10T12:00:00Z,1.16997,1.17169,1.16983,1.17130,2195,2
2025-09-10T13:00:00Z,1.17131,1.17145,1.16962,1.17003,1771,2
2025-09-10T14:00:00Z,1.16999,1.17067,1.16952,1.17045,1801,2
2025-09-10T15:00:00Z,1.17048,1.17254,1.16906,1.17002,5146,2
2025-09-10T16:00:00Z,1.17003,1.17245,1.16958,1.17200,4255,2
2025-09-10T17:00:00Z,1.17197,1.17301,1.17150,1.17276,3574,2
2025-09-10T18:00:00Z,1.17277,1.17300,1.17132,1.17145,2276,2
2025-09-10T19:00:00Z,1.17146,1.17161,1.17026,1.17055,1936,2
2025-09-10T20:00:00Z,1.17057,1.17112,1.17015,1.17058,1639,2
2025-09-10T21:00:00Z,1.17057,1.17122,1.17025,1.17045,1490,2
2025-09-10T22:00:00Z,1.17042,1.17044,1.16933,1.17002,1424,2
2025-09-10T23:00:00Z,1.17000,1.17012,1.16936,1.16948,764,3
2025-09-11T00:00:00Z,1.16935,1.16989,1.16932,1.16975,660,24
2025-09-11T01:00:00Z,1.16977,1.17031,1.16975,1.17030,530,3
2025-09-11T02:00:00Z,1.17031,1.17069,1.17011,1.17024,652,2
2025-09-11T03:00:00Z,1.17025,1.17025,1.16934,1.16939,1278,2
2025-09-11T04:00:00Z,1.16938,1.17027,1.16928,1.16972,1310,2
2025-09-11T05:00:00Z,1.16967,1.16987,1.16934,1.16966,1036,2
2025-09-11T06:00:00Z,1.16965,1.17002,1.16945,1.16959,1039,2
2025-09-11T07:00:00Z,1.16958,1.16994,1.16940,1.16993,957,2
2025-09-11T08:00:00Z,1.16994,1.16994,1.16889,1.16898,1461,2
2025-09-11T09:00:00Z,1.16895,1.16967,1.16836,1.16905,2951,2
2025-09-11T10:00:00Z,1.16906,1.16962,1.16865,1.16925,3098,2
2025-09-11T11:00:00Z,1.16926,1.16950,1.16885,1.16919,2491,2
2025-09-11T12:00:00Z,1.16918,1.16931,1.16773,1.16856,2422,2
2025-09-11T13:00:00Z,1.16857,1.16882,1.16799,1.16830,1961,2
2025-09-11T14:00:00Z,1.16827,1.16911,1.16781,1.16836,2434,2
2025-09-11T15:00:00Z,1.16837,1.17209,1.16574,1.17149,7205,2
2025-09-11T16:00:00Z,1.17150,1.17409,1.17138,1.17393,6883,2
2025-09-11T17:00:00Z,1.17391,1.17441,1.17255,1.17279,4773,2
2025-09-11T18:00:00Z,1.17278,1.17460,1.17261,1.17314,3140,2
2025-09-11T19:00:00Z,1.17315,1.17398,1.17306,1.17363,2422,2
2025-09-11T20:00:00Z,1.17364,1.17387,1.17276,1.17317,2250,2
2025-09-11T21:00:00Z,1.17316,1.17383,1.17306,1.17353,1573,2
2025-09-11T22:00:00Z,1.17354,1.17389,1.17337,1.17368,1340,2
2025-09-11T23:00:00Z,1.17367,1.17392,1.17357,1.17361,1142,3
2025-09-12T00:00:00Z,1.17317,1.17334,1.17284,1.17306,284,44
2025-09-12T01:00:00Z,1.17308,1.17405,1.17306,1.17387,645,3
2025-09-12T02:00:00Z,1.17390,1.17399,1.17327,1.17331,973,2
2025-09-12T03:00:00Z,1.17330,1.17343,1.17269,1.17330,1839,2
2025-09-12T04:00:00Z,1.17331,1.17346,1.17251,1.17254,1699,2
2025-09-12T05:00:00Z,1.17253,1.17291,1.17237,1.17267,1284,2
2025-09-12T06:00:00Z,1.17264,1.17271,1.17227,1.17250,1177,2
2025-09-12T07:00:00Z,1.17251,1.17271,1.17207,1.17256,1042,2
2025-09-12T08:00:00Z,1.17255,1.17333,1.17240,1.17305,1205,2
2025-09-12T09:00:00Z,1.17303,1.17403,1.17220,1.17393,2322,2
2025-09-12T10:00:00Z,1.17395,1.17477,1.17369,1.17405,2810,2
2025-09-12T11:00:00Z,1.17404,1.17408,1.17155,1.17173,2964,2
2025-09-12T12:00:00Z,1.17172,1.17253,1.17125,1.17221,2525,2
2025-09-12T13:00:00Z,1.17222,1.17347,1.17220,1.17338,1998,2
2025-09-12T14:00:00Z,1.17336,1.17353,1.17205,1.17211,2180,2
2025-09-12T15:00:00Z,1.17212,1.17228,1.17013,1.17122,3488,2
2025-09-12T16:00:00Z,1.17121,1.17163,1.17034,1.17108,3185,2
2025-09-12T17:00:00Z,1.17100,1.17282,1.17100,1.17249,3856,2
2025-09-12T18:00:00Z,1.17250,1.17276,1.17132,1.17139,2525,2
2025-09-12T19:00:00Z,1.17140,1.17316,1.17100,1.17268,1781,2
2025-09-12T20:00:00Z,1.17272,1.17377,1.17266,1.17319,1481,2
2025-09-12T21:00:00Z,1.17321,1.17416,1.17320,1.17411,1403,2
2025-09-12T22:00:00Z,1.17412,1.17415,1.17337,1.17363,1290,2
2025-09-12T23:00:00Z,1.17360,1.17363,1.17286,1.17316,1050,3
2025-09-15T00:00:00Z,1.17290,1.17332,1.17267,1.17277,153,24
2025-09-15T01:00:00Z,1.17274,1.17346,1.17272,1.17281,772,3
2025-09-15T02:00:00Z,1.17282,1.17315,1.17250,1.17254,756,2
2025-09-15T03:00:00Z,1.17253,1.17277,1.17218,1.17266,1190,2
2025-09-15T04:00:00Z,1.17267,1.17295,1.17227,1.17273,1454,2
2025-09-15T05:00:00Z,1.17274,1.17291,1.17245,1.17274,997,2
2025-09-15T06:00:00Z,1.17276,1.17343,1.17270,1.17311,909,2
2025-09-15T07:00:00Z,1.17312,1.17353,1.17307,1.17338,818,2
2025-09-15T08:00:00Z,1.17340,1.17343,1.17277,1.17281,824,2
2025-09-15T09:00:00Z,1.17288,1.17299,1.17162,1.17250,1760,2
2025-09-15T10:00:00Z,1.17244,1.17443,1.17239,1.17336,2371,2
2025-09-15T11:00:00Z,1.17335,1.17435,1.17299,1.17371,2220,2
2025-09-15T12:00:00Z,1.17369,1.17516,1.17361,1.17461,1712,2
2025-09-15T13:00:00Z,1.17465,1.17626,1.17465,1.17527,1810,2
2025-09-15T14:00:00Z,1.17528,1.17631,1.17527,1.17610,1909,2
2025-09-15T15:00:00Z,1.17613,1.17708,1.17613,1.17695,2530,2
2025-09-15T16:00:00Z,1.17696,1.17729,1.17575,1.17588,2670,2
2025-09-15T17:00:00Z,1.17587,1.17604,1.17508,1.17576,2954,2
2025-09-15T18:00:00Z,1.17574,1.17721,1.17564,1.17712,2047,2
2025-09-15T19:00:00Z,1.17713,1.17743,1.17561,1.17582,1933,2
2025-09-15T20:00:00Z,1.17581,1.17727,1.17578,1.17709,1489,2
2025-09-15T21:00:00Z,1.17708,1.17723,1.17661,1.17694,1484,2
2025-09-15T22:00:00Z,1.17694,1.17720,1.17642,1.17655,1319,2
2025-09-15T23:00:00Z,1.17653,1.17685,1.17595,1.17604,983,3
2025-09-16T00:00:00Z,1.17576,1.17639,1.17576,1.17638,418,35
2025-09-16T01:00:00Z,1.17633,1.17647,1.17615,1.17627,730,3
2025-09-16T02:00:00Z,1.17632,1.17658,1.17627,1.17629,718,2
2025-09-16T03:00:00Z,1.17626,1.17660,1.17572,1.17619,1660,2
2025-09-16T04:00:00Z,1.17622,1.17692,1.17579,1.17675,1644,2
2025-09-16T05:00:00Z,1.17675,1.17776,1.17674,1.17763,1667,2
2025-09-16T06:00:00Z,1.17768,1.17867,1.17741,1.17801,1504,2
2025-09-16T07:00:00Z,1.17803,1.17803,1.17739,1.17768,1312,2
2025-09-16T08:00:00Z,1.17770,1.17801,1.17735,1.17779,1654,2
2025-09-16T09:00:00Z,1.17780,1.17911,1.17778,1.17873,2395,2
2025-09-16T10:00:00Z,1.17868,1.18017,1.17863,1.17944,2640,2
2025-09-16T11:00:00Z,1.17943,1.18036,1.17901,1.17949,2425,2
2025-09-16T12:00:00Z,1.17954,1.18179,1.17951,1.18140,2754,2
2025-09-16T13:00:00Z,1.18141,1.18153,1.18042,1.18082,2286,2
2025-09-16T14:00:00Z,1.18083,1.18213,1.18011,1.18141,2676,2
2025-09-16T15:00:00Z,1.18143,1.18154,1.17875,1.18047,4511,2
2025-09-16T16:00:00Z,1.18045,1.18272,1.18041,1.18239,4111,2
2025-09-16T17:00:00Z,1.18237,1.18531,1.18211,1.18517,5095,2
2025-09-16T18:00:00Z,1.18514,1.18533,1.18350,1.18471,3293,2
2025-09-16T19:00:00Z,1.18470,1.18716,1.18462,1.18646,2611,2
2025-09-16T20:00:00Z,1.18643,1.18784,1.18634,1.18660,2507,2
2025-09-16T21:00:00Z,1.18660,1.18710,1.18611,1.18666,1824,2
2025-09-16T22:00:00Z,1.18661,1.18688,1.18579,1.18603,1771,2
2025-09-16T23:00:00Z,1.18598,1.18675,1.18581,1.18649,1298,3
2025-09-17T00:00:00Z,1.18572,1.18611,1.18519,1.18608,533,40
2025-09-17T01:00:00Z,1.18598,1.18683,1.18598,1.18659,753,3
2025-09-17T02:00:00Z,1.18664,1.18729,1.18657,1.18710,834,2
2025-09-17T03:00:00Z,1.18713,1.18729,1.18577,1.18583,1876,2
2025-09-17T04:00:00Z,1.18582,1.18593,1.18520,1.18560,2023,2
2025-09-17T05:00:00Z,1.18559,1.18576,1.18511,1.18555,1323,2
2025-09-17T06:00:00Z,1.18559,1.18576,1.18513,1.18520,1005,2
2025-09-17T07:00:00Z,1.18521,1.18552,1.18512,1.18539,1029,2
2025-09-17T08:00:00Z,1.18544,1.18595,1.18539,1.18581,1178,2
2025-09-17T09:00:00Z,1.18587,1.18590,1.18513,1.18558,2028,2
2025-09-17T10:00:00Z,1.18554,1.18562,1.18380,1.18404,2280,2
2025-09-17T11:00:00Z,1.18403,1.18511,1.18396,1.18481,1861,2
2025-09-17T12:00:00Z,1.18484,1.18498,1.18410,1.18456,1961,2
2025-09-17T13:00:00Z,1.18455,1.18467,1.18328,1.18362,1824,2
2025-09-17T14:00:00Z,1.18363,1.18459,1.18348,1.18391,2116,2
2025-09-17T15:00:00Z,1.18390,1.18448,1.18341,1.18434,2017,2
2025-09-17T16:00:00Z,1.18435,1.18527,1.18422,1.18497,2367,2
2025-09-17T17:00:00Z,1.18499,1.18592,1.18459,1.18495,2737,2
2025-09-17T18:00:00Z,1.18495,1.18526,1.18434,1.18445,2139,2
2025-09-17T19:00:00Z,1.18443,1.18563,1.18422,1.18530,1877,2
2025-09-17T20:00:00Z,1.18529,1.18551,1.18467,1.18490,1802,2
2025-09-17T21:00:00Z,1.18503,1.19186,1.18188,1.18344,11781,2
2025-09-17T22:00:00Z,1.18346,1.18569,1.18203,1.18244,7208,2
2025-09-17T23:00:00Z,1.18247,1.18272,1.18077,1.18116,1912,2
2025-09-18T00:00:00Z,1.18102,1.18145,1.18097,1.18130,298,24
2025-09-18T01:00:00Z,1.18124,1.18220,1.18122,1.18187,1333,3
2025-09-18T02:00:00Z,1.18189,1.18287,1.18176,1.18251,1441,2
2025-09-18T03:00:00Z,1.18253,1.18283,1.18150,1.18252,2527,2
2025-09-18T04:00:00Z,1.18251,1.18284,1.18075,1.18136,2753,2
2025-09-18T05:00:00Z,1.18139,1.18223,1.18127,1.18194,1603,2
2025-09-18T06:00:00Z,1.18193,1.18227,1.18113,1.18121,1339,2
2025-09-18T07:00:00Z,1.18122,1.18136,1.17937,1.17948,1410,2
2025-09-18T08:00:00Z,1.17950,1.18001,1.17853,1.17906,2003,2
2025-09-18T09:00:00Z,1.17907,1.17993,1.17804,1.17943,3135,2
2025-09-18T10:00:00Z,1.17940,1.18389,1.17937,1.18317,3722,2
2025-09-18T11:00:00Z,1.18318,1.18341,1.18209,1.18277,3240,2
2025-09-18T12:00:00Z,1.18279,1.18482,1.18271,1.18380,2882,2
2025-09-18T13:00:00Z,1.18377,1.18402,1.18309,1.18368,2063,2
2025-09-18T14:00:00Z,1.18369,1.18369,1.18197,1.18251,3260,2
2025-09-18T15:00:00Z,1.18252,1.18258,1.17953,1.17956,4405,2
2025-09-18T16:00:00Z,1.17946,1.17962,1.17499,1.17668,5798,2
2025-09-18T17:00:00Z,1.17669,1.17814,1.17627,1.17754,5098,2
2025-09-18T18:00:00Z,1.17753,1.17876,1.17694,1.17793,3663,2
2025-09-18T19:00:00Z,1.17793,1.17878,1.17721,1.17869,2550,2
2025-09-18T20:00:00Z,1.17868,1.17938,1.17854,1.17875,2102,2
2025-09-18T21:00:00Z,1.17872,1.17895,1.17820,1.17877,1681,2
2025-09-18T22:00:00Z,1.17874,1.17911,1.17825,1.17847,1489,2
2025-09-18T23:00:00Z,1.17850,1.17854,1.17812,1.17819,1087,3
2025-09-19T00:00:00Z,1.17767,1.17875,1.17767,1.17861,512,25
2025-09-19T01:00:00Z,1.17821,1.17894,1.17821,1.17868,1325,3
2025-09-19T02:00:00Z,1.17869,1.17905,1.17862,1.17890,705,2
2025-09-19T03:00:00Z,1.17889,1.17907,1.17753,1.17865,1724,2
2025-09-19T04:00:00Z,1.17864,1.17868,1.17742,1.17755,1867,2
2025-09-19T05:00:00Z,1.17753,1.17807,1.17721,1.17796,1525,2
2025-09-19T06:00:00Z,1.17795,1.17925,1.17795,1.17815,2436,2
2025-09-19T07:00:00Z,1.17818,1.17897,1.17701,1.17739,2648,2
2025-09-19T08:00:00Z,1.17738,1.17777,1.17708,1.17730,1780,2
2025-09-19T09:00:00Z,1.17731,1.17773,1.17632,1.17664,3847,2
2025-09-19T10:00:00Z,1.17666,1.17781,1.17574,1.17700,3806,2
2025-09-19T11:00:00Z,1.17699,1.17708,1.17512,1.17610,2740,2
2025-09-19T12:00:00Z,1.17609,1.17686,1.17563,1.17597,2370,2
2025-09-19T13:00:00Z,1.17596,1.17651,1.17585,1.17610,1613,2
2025-09-19T14:00:00Z,1.17611,1.17622,1.17350,1.17367,2520,2
2025-09-19T15:00:00Z,1.17369,1.17432,1.17287,1.17361,3459,2
2025-09-19T16:00:00Z,1.17360,1.17637,1.17352,1.17582,3867,2
2025-09-19T17:00:00Z,1.17580,1.17678,1.17560,1.17570,3865,2
2025-09-19T18:00:00Z,1.17569,1.17589,1.17373,1.17522,3191,2
2025-09-19T19:00:00Z,1.17521,1.17550,1.17409,1.17530,1919,2
2025-09-19T20:00:00Z,1.17531,1.17551,1.17485,1.17508,1568,2
2025-09-19T21:00:00Z,1.17507,1.17512,1.17466,1.17482,1289,2
2025-09-19T22:00:00Z,1.17477,1.17507,1.17451,1.17474,1142,2
2025-09-19T23:00:00Z,1.17474,1.17475,1.17401,1.17428,976,3
2025-09-22T00:00:00Z,1.17386,1.17451,1.17386,1.17450,326,40
2025-09-22T01:00:00Z,1.17444,1.17480,1.17389,1.17407,969,3
2025-09-22T02:00:00Z,1.17408,1.17416,1.17357,1.17364,1026,2
2025-09-22T03:00:00Z,1.17360,1.17379,1.17260,1.17344,1833,2
2025-09-22T04:00:00Z,1.17347,1.17409,1.17316,1.17324,2149,2
2025-09-22T05:00:00Z,1.17323,1.17336,1.17270,1.17279,1771,2
2025-09-22T06:00:00Z,1.17276,1.17349,1.17276,1.17325,1356,2
2025-09-22T07:00:00Z,1.17326,1.17326,1.17263,1.17306,1057,2
2025-09-22T08:00:00Z,1.17305,1.17384,1.17296,1.17384,1131,2
2025-09-22T09:00:00Z,1.17383,1.17485,1.17359,1.17434,2027,2
2025-09-22T10:00:00Z,1.17432,1.17544,1.17390,1.17484,2573,2
2025-09-22T11:00:00Z,1.17483,1.17692,1.17468,1.17623,2365,2
2025-09-22T12:00:00Z,1.17624,1.17760,1.17616,1.17759,1797,2
2025-09-22T13:00:00Z,1.17754,1.17857,1.17737,1.17740,1797,2
2025-09-22T14:00:00Z,1.17740,1.17821,1.17692,1.17779,1623,2
2025-09-22T15:00:00Z,1.17782,1.17873,1.17732,1.17830,2650,2
2025-09-22T16:00:00Z,1.17836,1.17877,1.17686,1.17766,3435,2
2025-09-22T17:00:00Z,1.17764,1.17771,1.17626,1.17698,2854,2
2025-09-22T18:00:00Z,1.17697,1.17754,1.17641,1.17724,2224,2
2025-09-22T19:00:00Z,1.17722,1.17901,1.17712,1.17880,2036,2
2025-09-22T20:00:00Z,1.17881,1.17972,1.17856,1.17966,1381,2
2025-09-22T21:00:00Z,1.17962,1.17989,1.17921,1.17961,1167,2
2025-09-22T22:00:00Z,1.17962,1.18019,1.17952,1.17998,1000,2
2025-09-22T23:00:00Z,1.17997,1.18025,1.17979,1.18012,718,2
2025-09-23T00:00:00Z,1.17880,1.17983,1.17872,1.17963,1257,35
2025-09-23T01:00:00Z,1.17959,1.18038,1.17953,1.18009,599,3
2025-09-23T02:00:00Z,1.18013,1.18026,1.17993,1.18005,645,2
2025-09-23T03:00:00Z,1.18004,1.18074,1.17966,1.18063,1264,2
2025-09-23T04:00:00Z,1.18062,1.18198,1.18040,1.18147,1748,2
2025-09-23T05:00:00Z,1.18148,1.18165,1.18014,1.18044,1664,2
2025-09-23T06:00:00Z,1.18043,1.18062,1.17965,1.18057,1290,2
2025-09-23T07:00:00Z,1.18056,1.18078,1.17974,1.17975,1109,2
2025-09-23T08:00:00Z,1.17972,1.18047,1.17949,1.17983,1431,2
2025-09-23T09:00:00Z,1.17984,1.18043,1.17901,1.17947,2191,2
2025-09-23T10:00:00Z,1.17948,1.17999,1.17766,1.17908,3568,2
2025-09-23T11:00:00Z,1.17898,1.18053,1.17839,1.18027,2979,2
2025-09-23T12:00:00Z,1.18031,1.18123,1.18003,1.18022,2080,2
2025-09-23T13:00:00Z,1.18025,1.18066,1.17906,1.17959,1975,2
2025-09-23T14:00:00Z,1.17959,1.17997,1.17914,1.17917,1767,2
2025-09-23T15:00:00Z,1.17921,1.17982,1.17844,1.17967,2438,2
2025-09-23T16:00:00Z,1.17968,1.18045,1.17843,1.17995,3981,2
2025-09-23T17:00:00Z,1.17997,1.18053,1.17925,1.17953,3935,2
2025-09-23T18:00:00Z,1.17952,1.17992,1.17880,1.17983,2467,2
2025-09-23T19:00:00Z,1.17990,1.18092,1.17918,1.18049,2740,2
2025-09-23T20:00:00Z,1.18048,1.18177,1.18029,1.18118,2415,2
2025-09-23T21:00:00Z,1.18117,1.18168,1.18082,1.18112,1922,2
2025-09-23T22:00:00Z,1.18107,1.18180,1.18069,1.18162,1742,2
2025-09-23T23:00:00Z,1.18161,1.18182,1.18115,1.18144,697,3
2025-09-24T00:00:00Z,1.18119,1.18133,1.18072,1.18123,587,26
2025-09-24T01:00:00Z,1.18116,1.18187,1.18112,1.18145,1622,3
2025-09-24T02:00:00Z,1.18146,1.18174,1.18127,1.18154,847,2
2025-09-24T03:00:00Z,1.18156,1.18163,1.18033,1.18038,1953,2
2025-09-24T04:00:00Z,1.18038,1.18052,1.17975,1.18001,2394,2
2025-09-24T05:00:00Z,1.18000,1.18038,1.17961,1.17966,1699,2
2025-09-24T06:00:00Z,1.17966,1.17999,1.17948,1.17974,990,2
2025-09-24T07:00:00Z,1.17973,1.18043,1.17953,1.18030,968,2
2025-09-24T08:00:00Z,1.18029,1.18046,1.17921,1.17980,1319,2
2025-09-24T09:00:00Z,1.17977,1.18027,1.17860,1.17873,2148,2
2025-09-24T10:00:00Z,1.17873,1.17947,1.17842,1.17887,2593,2
2025-09-24T11:00:00Z,1.17875,1.17884,1.17663,1.17719,2609,2
2025-09-24T12:00:00Z,1.17726,1.17748,1.17624,1.17676,2009,2
2025-09-24T13:00:00Z,1.17673,1.17698,1.17508,1.17518,1884,2
2025-09-24T14:00:00Z,1.17517,1.17553,1.17463,1.17491,2252,2
2025-09-24T15:00:00Z,1.17490,1.17579,1.17392,1.17427,3433,2
2025-09-24T16:00:00Z,1.17427,1.17435,1.17302,1.17385,3852,2
2025-09-24T17:00:00Z,1.17388,1.17461,1.17281,1.17429,4246,2
2025-09-24T18:00:00Z,1.17432,1.17457,1.17368,1.17415,3159,2
2025-09-24T19:00:00Z,1.17416,1.17436,1.17300,1.17325,2302,2
2025-09-24T20:00:00Z,1.17324,1.17406,1.17317,1.17376,1774,2
2025-09-24T21:00:00Z,1.17373,1.17386,1.17324,1.17367,1843,2
2025-09-24T22:00:00Z,1.17368,1.17391,1.17319,1.17378,1582,2
2025-09-24T23:00:00Z,1.17377,1.17391,1.17345,1.17371,977,3
2025-09-25T00:00:00Z,1.17358,1.17397,1.17358,1.17376,304,24
2025-09-25T01:00:00Z,1.17386,1.17450,1.17371,1.17442,748,3
2025-09-25T02:00:00Z,1.17445,1.17459,1.17419,1.17422,843,2
2025-09-25T03:00:00Z,1.17419,1.17482,1.17405,1.17474,1800,2
2025-09-25T04:00:00Z,1.17473,1.17493,1.17404,1.17443,1767,2
2025-09-25T05:00:00Z,1.17444,1.17517,1.17432,1.17498,1401,2
2025-09-25T06:00:00Z,1.17497,1.17536,1.17475,1.17522,988,2
2025-09-25T07:00:00Z,1.17523,1.17534,1.17487,1.17520,861,2
2025-09-25T08:00:00Z,1.17521,1.17522,1.17404,1.17421,1272,2
2025-09-25T09:00:00Z,1.17422,1.17522,1.17382,1.17457,2045,2
2025-09-25T10:00:00Z,1.17460,1.17480,1.17315,1.17333,2799,2
2025-09-25T11:00:00Z,1.17334,1.17442,1.17306,1.17427,2408,2
2025-09-25T12:00:00Z,1.17428,1.17517,1.17389,1.17447,1872,2
2025-09-25T13:00:00Z,1.17450,1.17539,1.17444,1.17466,1658,2
2025-09-25T14:00:00Z,1.17468,1.17470,1.17344,1.17400,2465,2
2025-09-25T15:00:00Z,1.17399,1.17454,1.16875,1.16980,5150,2
2025-09-25T16:00:00Z,1.16979,1.17101,1.16829,1.16858,5199,2
2025-09-25T17:00:00Z,1.16860,1.16946,1.16737,1.16761,4969,2
2025-09-25T18:00:00Z,1.16762,1.16808,1.16666,1.16722,3348,2
2025-09-25T19:00:00Z,1.16721,1.16832,1.16686,1.16706,2688,2
2025-09-25T20:00:00Z,1.16705,1.16719,1.16520,1.16575,2551,2
2025-09-25T21:00:00Z,1.16578,1.16598,1.16454,1.16523,2435,2
2025-09-25T22:00:00Z,1.16524,1.16629,1.16516,1.16606,1802,2
2025-09-25T23:00:00Z,1.16605,1.16686,1.16590,1.16643,1275,3
2025-09-26T00:00:00Z,1.16520,1.16625,1.16520,1.16533,2499,48
2025-09-26T01:00:00Z,1.16572,1.16686,1.16572,1.16680,732,3
2025-09-26T02:00:00Z,1.16681,1.16682,1.16598,1.16618,1055,2
2025-09-26T03:00:00Z,1.16616,1.16712,1.16577,1.16711,2032,2
2025-09-26T04:00:00Z,1.16711,1.16735,1.16656,1.16677,1760,2
2025-09-26T05:00:00Z,1.16678,1.16793,1.16673,1.16771,1335,2
2025-09-26T06:00:00Z,1.16770,1.16787,1.16747,1.16782,1031,2
2025-09-26T07:00:00Z,1.16781,1.16819,1.16744,1.16798,1103,2
2025-09-26T08:00:00Z,1.16800,1.16818,1.16762,1.16769,1312,2
2025-09-26T09:00:00Z,1.16771,1.16838,1.16717,1.16797,2191,2
2025-09-26T10:00:00Z,1.16794,1.16830,1.16684,1.16729,2433,2
2025-09-26T11:00:00Z,1.16730,1.16877,1.16705,1.16804,2189,2
2025-09-26T12:00:00Z,1.16803,1.16843,1.16758,1.16784,1884,2
2025-09-26T13:00:00Z,1.16778,1.16810,1.16616,1.16630,1614,2
2025-09-26T14:00:00Z,1.16633,1.16758,1.16626,1.16677,2044,2
2025-09-26T15:00:00Z,1.16676,1.16863,1.16665,1.16829,4170,2
2025-09-26T16:00:00Z,1.16832,1.16942,1.16781,1.16823,4416,2
2025-09-26T17:00:00Z,1.16822,1.17046,1.16822,1.16911,4632,2
2025-09-26T18:00:00Z,1.16910,1.16998,1.16870,1.16910,3122,2
2025-09-26T19:00:00Z,1.16909,1.16968,1.16866,1.16928,1997,2
2025-09-26T20:00:00Z,1.16929,1.17016,1.16907,1.16996,1666,2
2025-09-26T21:00:00Z,1.16997,1.17057,1.16957,1.17038,1542,2
2025-09-26T22:00:00Z,1.17037,1.17058,1.16983,1.17056,1268,2
2025-09-26T23:00:00Z,1.17055,1.17072,1.16984,1.17014,1113,2
2025-09-29T00:00:00Z,1.16986,1.17037,1.16971,1.17016,1037,23
2025-09-29T01:00:00Z,1.17027,1.17059,1.16994,1.17043,850,1
2025-09-29T02:00:00Z,1.17044,1.17098,1.17039,1.17049,771,0
2025-09-29T03:00:00Z,1.17048,1.17233,1.17043,1.17216,1626,0
2025-09-29T04:00:00Z,1.17213,1.17255,1.17143,1.17231,1831,0
2025-09-29T05:00:00Z,1.17226,1.17284,1.17224,1.17261,1513,0
2025-09-29T06:00:00Z,1.17260,1.17294,1.17249,1.17252,1047,0
2025-09-29T07:00:00Z,1.17251,1.17330,1.17227,1.17270,1071,0
2025-09-29T08:00:00Z,1.17269,1.17333,1.17239,1.17285,1773,0
2025-09-29T09:00:00Z,1.17281,1.17287,1.17181,1.17198,2092,0
2025-09-29T10:00:00Z,1.17195,1.17330,1.17175,1.17270,2449,0
2025-09-29T11:00:00Z,1.17275,1.17288,1.17078,1.17237,2313,0
2025-09-29T12:00:00Z,1.17238,1.17262,1.17169,1.17175,1847,0
2025-09-29T13:00:00Z,1.17176,1.17217,1.17155,1.17198,1530,0
2025-09-29T14:00:00Z,1.17200,1.17310,1.17093,1.17291,2171,0
2025-09-29T15:00:00Z,1.17292,1.17512,1.17186,1.17499,3731,0
2025-09-29T16:00:00Z,1.17500,1.17546,1.17373,1.17410,3469,0
2025-09-29T17:00:00Z,1.17403,1.17447,1.17296,1.17303,2976,0
2025-09-29T18:00:00Z,1.17297,1.17342,1.17227,1.17292,2463,0
2025-09-29T19:00:00Z,1.17290,1.17331,1.17252,1.17294,1361,0
2025-09-29T20:00:00Z,1.17299,1.17315,1.17214,1.17215,1144,0
2025-09-29T21:00:00Z,1.17216,1.17329,1.17202,1.17313,1113,0
2025-09-29T22:00:00Z,1.17313,1.17317,1.17260,1.17274,959,0
2025-09-29T23:00:00Z,1.17272,1.17274,1.17232,1.17265,684,1
2025-09-30T00:00:00Z,1.17237,1.17293,1.17218,1.17245,650,25
2025-09-30T01:00:00Z,1.17242,1.17281,1.17229,1.17273,616,1
2025-09-30T02:00:00Z,1.17275,1.17324,1.17272,1.17308,782,0
2025-09-30T03:00:00Z,1.17307,1.17316,1.17124,1.17208,1934,0
2025-09-30T04:00:00Z,1.17209,1.17257,1.17135,1.17140,2117,0
2025-09-30T05:00:00Z,1.17140,1.17239,1.17122,1.17224,1346,0
2025-09-30T06:00:00Z,1.17225,1.17264,1.17204,1.17236,1234,0
2025-09-30T07:00:00Z,1.17237,1.17287,1.17188,1.17285,1409,0
2025-09-30T08:00:00Z,1.17285,1.17372,1.17280,1.17334,1686,0
2025-09-30T09:00:00Z,1.17336,1.17439,1.17310,1.17380,2438,0
2025-09-30T10:00:00Z,1.17372,1.17484,1.17365,1.17417,2649,0
2025-09-30T11:00:00Z,1.17424,1.17611,1.17424,1.17555,2922,0
2025-09-30T12:00:00Z,1.17550,1.17583,1.17451,1.17483,2141,0
2025-09-30T13:00:00Z,1.17484,1.17513,1.17403,1.17455,1899,0
2025-09-30T14:00:00Z,1.17460,1.17486,1.17366,1.17426,1559,0
2025-09-30T15:00:00Z,1.17411,1.17474,1.17331,1.17371,2123,0
2025-09-30T16:00:00Z,1.17372,1.17392,1.17166,1.17277,3193,0
2025-09-30T17:00:00Z,1.17258,1.17524,1.17211,1.17499,4398,0
2025-09-30T18:00:00Z,1.17498,1.17504,1.17259,1.17343,3155,0
2025-09-30T19:00:00Z,1.17345,1.17591,1.17339,1.17566,2046,0
2025-09-30T20:00:00Z,1.17567,1.17614,1.17468,1.17494,1640,0
2025-09-30T21:00:00Z,1.17489,1.17495,1.17356,1.17409,1364,0
2025-09-30T22:00:00Z,1.17409,1.17411,1.17363,1.17397,1240,0
2025-09-30T23:00:00Z,1.17400,1.17402,1.17329,1.17334,870,1
2025-10-01T00:00:00Z,1.17314,1.17354,1.17309,1.17335,682,36
2025-10-01T01:00:00Z,1.17334,1.17421,1.17303,1.17344,779,1
2025-10-01T02:00:00Z,1.17345,1.17426,1.17335,1.17344,879,0
2025-10-01T03:00:00Z,1.17342,1.17382,1.17296,1.17361,1605,0
2025-10-01T04:00:00Z,1.17362,1.17407,1.17302,1.17391,1213,0
2025-10-01T05:00:00Z,1.17395,1.17396,1.17322,1.17379,1212,0
2025-10-01T06:00:00Z,1.17376,1.17390,1.17337,1.17378,974,0
2025-10-01T07:00:00Z,1.17377,1.17586,1.17377,1.17582,1306,0
2025-10-01T08:00:00Z,1.17593,1.17670,1.17522,1.17523,1996,0
2025-10-01T09:00:00Z,1.17522,1.17749,1.17508,1.17679,3030,0
2025-10-01T10:00:00Z,1.17678,1.17787,1.17420,1.17499,4499,0
2025-10-01T11:00:00Z,1.17500,1.17657,1.17494,1.17494,3278,0
2025-10-01T12:00:00Z,1.17484,1.17542,1.17307,1.17330,2554,0
2025-10-01T13:00:00Z,1.17329,1.17335,1.17160,1.17253,2774,0
2025-10-01T14:00:00Z,1.17254,1.17400,1.17251,1.17343,2340,0
2025-10-01T15:00:00Z,1.17344,1.17689,1.17208,1.17491,5558,0
2025-10-01T16:00:00Z,1.17492,1.17616,1.17461,1.17527,4267,0
2025-10-01T17:00:00Z,1.17521,1.17635,1.17316,1.17467,5288,0
2025-10-01T18:00:00Z,1.17461,1.17493,1.17214,1.17229,3869,0
2025-10-01T19:00:00Z,1.17222,1.17267,1.17155,1.17227,2368,0
2025-10-01T20:00:00Z,1.17229,1.17324,1.17229,1.17238,1477,0
2025-10-01T21:00:00Z,1.17242,1.17420,1.17215,1.17347,1697,0
2025-10-01T22:00:00Z,1.17352,1.17371,1.17297,1.17304,1356,0
2025-10-01T23:00:00Z,1.17303,1.17309,1.17261,1.17283,1044,1
2025-10-02T00:00:00Z,1.17282,1.17313,1.17219,1.17299,1519,34
2025-10-02T01:00:00Z,1.17303,1.17374,1.17275,1.17337,825,1
2025-10-02T02:00:00Z,1.17339,1.17370,1.17327,1.17329,549,0
2025-10-02T03:00:00Z,1.17328,1.17352,1.17246,1.17298,1539,0
2025-10-02T04:00:00Z,1.17299,1.17390,1.17238,1.17389,1655,0
2025-10-02T05:00:00Z,1.17390,1.17420,1.17367,1.17371,1042,0
2025-10-02T06:00:00Z,1.17374,1.17388,1.17325,1.17348,925,0
2025-10-02T07:00:00Z,1.17349,1.17360,1.17299,1.17344,895,0
2025-10-02T08:00:00Z,1.17343,1.17373,1.17294,1.17354,1236,0
2025-10-02T09:00:00Z,1.17357,1.17447,1.17341,1.17427,2361,0
2025-10-02T10:00:00Z,1.17431,1.17567,1.17410,1.17501,2523,0
2025-10-02T11:00:00Z,1.17504,1.17568,1.17450,1.17535,2418,0
2025-10-02T12:00:00Z,1.17533,1.17583,1.17506,1.17549,2295,0
2025-10-02T13:00:00Z,1.17548,1.17548,1.17462,1.17519,1887,0
2025-10-02T14:00:00Z,1.17521,1.17567,1.17471,1.17504,2007,0
2025-10-02T15:00:00Z,1.17503,1.17582,1.17339,1.17376,2560,0
2025-10-02T16:00:00Z,1.17375,1.17439,1.17134,1.17223,3737,0
2025-10-02T17:00:00Z,1.17210,1.17218,1.17048,1.17135,3871,0
2025-10-02T18:00:00Z,1.17131,1.17132,1.16832,1.16966,3435,0
2025-10-02T19:00:00Z,1.16960,1.17150,1.16951,1.17150,1984,0
2025-10-02T20:00:00Z,1.17149,1.17204,1.17124,1.17137,1349,0
2025-10-02T21:00:00Z,1.17136,1.17221,1.17126,1.17211,1024,0
2025-10-02T22:00:00Z,1.17211,1.17266,1.17175,1.17189,888,0
2025-10-02T23:00:00Z,1.17188,1.17241,1.17139,1.17157,809,1
2025-10-03T00:00:00Z,1.17124,1.17179,1.17100,1.17160,808,28
2025-10-03T01:00:00Z,1.17163,1.17209,1.17137,1.17191,622,1
2025-10-03T02:00:00Z,1.17190,1.17260,1.17185,1.17248,559,0
2025-10-03T03:00:00Z,1.17247,1.17247,1.17189,1.17244,1078,0
2025-10-03T04:00:00Z,1.17243,1.17293,1.17162,1.17269,2067,0
2025-10-03T05:00:00Z,1.17267,1.17277,1.17204,1.17246,1135,0
2025-10-03T06:00:00Z,1.17246,1.17270,1.17197,1.17262,1018,0
2025-10-03T07:00:00Z,1.17261,1.17282,1.17178,1.17181,947,0
2025-10-03T08:00:00Z,1.17180,1.17216,1.17149,1.17170,1501,0
2025-10-03T09:00:00Z,1.17171,1.17291,1.17162,1.17205,1809,0
2025-10-03T10:00:00Z,1.17212,1.17342,1.17208,1.17322,1901,0
2025-10-03T11:00:00Z,1.17323,1.17446,1.17311,1.17403,2312,0
2025-10-03T12:00:00Z,1.17402,1.17402,1.17312,1.17373,1648,0
2025-10-03T13:00:00Z,1.17380,1.17396,1.17337,1.17365,1386,0
2025-10-03T14:00:00Z,1.17366,1.17430,1.17311,1.17339,1888,0
2025-10-03T15:00:00Z,1.17350,1.17409,1.17276,1.17393,2522,0
2025-10-03T16:00:00Z,1.17393,1.17445,1.17327,1.17375,2998,0
2025-10-03T17:00:00Z,1.17449,1.17589,1.17342,1.17408,4723,0
2025-10-03T18:00:00Z,1.17411,1.17487,1.17366,1.17462,2504,0
2025-10-03T19:00:00Z,1.17464,1.17484,1.17377,1.17399,1225,0
2025-10-03T20:00:00Z,1.17398,1.17415,1.17319,1.17339,1261,0
2025-10-03T21:00:00Z,1.17340,1.17401,1.17268,1.17396,1268,0
2025-10-03T22:00:00Z,1.17395,1.17423,1.17372,1.17410,880,0
2025-10-03T23:00:00Z,1.17408,1.17443,1.17381,1.17391,762,1
2025-10-06T00:00:00Z,1.17221,1.17243,1.17162,1.17237,425,49
2025-10-06T01:00:00Z,1.17235,1.17255,1.17157,1.17160,2295,1
2025-10-06T02:00:00Z,1.17161,1.17166,1.17063,1.17119,2612,0
2025-10-06T03:00:00Z,1.17123,1.17189,1.17099,1.17162,2455,0
2025-10-06T04:00:00Z,1.17167,1.17247,1.17102,1.17241,1947,0
2025-10-06T05:00:00Z,1.17242,1.17308,1.17237,1.17273,1316,0
2025-10-06T06:00:00Z,1.17272,1.17301,1.17234,1.17245,1098,0
2025-10-06T07:00:00Z,1.17246,1.17274,1.17196,1.17203,1428,0
2025-10-06T08:00:00Z,1.17202,1.17253,1.17139,1.17171,1379,0
2025-10-06T09:00:00Z,1.17172,1.17194,1.16903,1.16935,2896,0
2025-10-06T10:00:00Z,1.16932,1.17119,1.16625,1.16626,4337,0
2025-10-06T11:00:00Z,1.16625,1.16798,1.16517,1.16679,3925,0
2025-10-06T12:00:00Z,1.16650,1.16697,1.16572,1.16662,2524,0
2025-10-06T13:00:00Z,1.16661,1.16670,1.16525,1.16634,2385,0
2025-10-06T14:00:00Z,1.16633,1.16789,1.16576,1.16754,2184,0
2025-10-06T15:00:00Z,1.16753,1.16897,1.16731,1.16890,3652,0
2025-10-06T16:00:00Z,1.16893,1.17029,1.16838,1.16994,3119,0
2025-10-06T17:00:00Z,1.16993,1.17179,1.16951,1.17166,3350,0
2025-10-06T18:00:00Z,1.17167,1.17210,1.17031,1.17064,2600,0
2025-10-06T19:00:00Z,1.17065,1.17122,1.17031,1.17121,1423,0
2025-10-06T20:00:00Z,1.17122,1.17161,1.17097,1.17105,1235,0
2025-10-06T21:00:00Z,1.17101,1.17156,1.17095,1.17126,1089,0
2025-10-06T22:00:00Z,1.17125,1.17170,1.17100,1.17106,940,0
2025-10-06T23:00:00Z,1.17103,1.17138,1.17083,1.17107,656,1
2025-10-07T00:00:00Z,1.17014,1.17138,1.17014,1.17052,706,30
2025-10-07T01:00:00Z,1.17053,1.17145,1.17044,1.17095,1407,1
2025-10-07T02:00:00Z,1.17098,1.17143,1.17082,1.17094,1085,0
2025-10-07T03:00:00Z,1.17097,1.17110,1.17043,1.17089,1641,0
2025-10-07T04:00:00Z,1.17086,1.17087,1.16965,1.16968,1232,0
2025-10-07T05:00:00Z,1.16969,1.17059,1.16967,1.17017,1000,0
2025-10-07T06:00:00Z,1.17022,1.17071,1.16999,1.17033,877,0
2025-10-07T07:00:00Z,1.17031,1.17074,1.16943,1.16983,1046,0
2025-10-07T08:00:00Z,1.16981,1.16999,1.16874,1.16920,1406,0
2025-10-07T09:00:00Z,1.16917,1.16918,1.16832,1.16869,2403,0
2025-10-07T10:00:00Z,1.16867,1.16880,1.16704,1.16763,2494,0
2025-10-07T11:00:00Z,1.16761,1.16827,1.16651,1.16658,1898,0
2025-10-07T12:00:00Z,1.16654,1.16711,1.16605,1.16664,1876,0
2025-10-07T13:00:00Z,1.16663,1.16758,1.16631,1.16741,1799,0
2025-10-07T14:00:00Z,1.16742,1.16743,1.16541,1.16627,2084,0
2025-10-07T15:00:00Z,1.16623,1.16670,1.16541,1.16669,2724,0
2025-10-07T16:00:00Z,1.16668,1.16702,1.16594,1.16603,3067,0
2025-10-07T17:00:00Z,1.16601,1.16661,1.16547,1.16632,3174,0
2025-10-07T18:00:00Z,1.16631,1.16801,1.16616,1.16730,2848,0
2025-10-07T19:00:00Z,1.16733,1.16812,1.16698,1.16700,2007,0
2025-10-07T20:00:00Z,1.16699,1.16794,1.16665,1.16671,1859,0
2025-10-07T21:00:00Z,1.16675,1.16678,1.16568,1.16578,1772,0
2025-10-07T22:00:00Z,1.16579,1.16584,1.16476,1.16504,1398,0
2025-10-07T23:00:00Z,1.16502,1.16577,1.16488,1.16573,814,1
2025-10-08T00:00:00Z,1.16495,1.16576,1.16495,1.16527,602,32
2025-10-08T01:00:00Z,1.16530,1.16609,1.16530,1.16590,768,1
2025-10-08T02:00:00Z,1.16592,1.16594,1.16526,1.16529,1112,0
2025-10-08T03:00:00Z,1.16530,1.16531,1.16456,1.16473,1688,0
2025-10-08T04:00:00Z,1.16472,1.16472,1.16261,1.16268,2711,0
2025-10-08T05:00:00Z,1.16269,1.16271,1.16171,1.16239,1877,0
2025-10-08T06:00:00Z,1.16237,1.16245,1.16174,1.16237,1275,0
2025-10-08T07:00:00Z,1.16239,1.16251,1.16160,1.16193,1127,0
2025-10-08T08:00:00Z,1.16191,1.16192,1.16121,1.16170,1494,0
2025-10-08T09:00:00Z,1.16171,1.16202,1.16071,1.16165,2694,0
2025-10-08T10:00:00Z,1.16167,1.16342,1.16117,1.16311,3206,0
2025-10-08T11:00:00Z,1.16309,1.16355,1.16107,1.16145,2355,0
2025-10-08T12:00:00Z,1.16147,1.16203,1.16060,1.16113,2609,0
2025-10-08T13:00:00Z,1.16111,1.16361,1.16089,1.16338,2054,0
2025-10-08T14:00:00Z,1.16342,1.16346,1.16251,1.16263,1897,0
2025-10-08T15:00:00Z,1.16264,1.16379,1.16248,1.16324,2017,0
2025-10-08T16:00:00Z,1.16323,1.16447,1.16274,1.16319,2934,0
2025-10-08T17:00:00Z,1.16320,1.16362,1.16204,1.16218,2862,0
2025-10-08T18:00:00Z,1.16216,1.16220,1.16031,1.16059,2635,0
2025-10-08T19:00:00Z,1.16061,1.16070,1.15984,1.16053,1729,0
2025-10-08T20:00:00Z,1.16057,1.16093,1.16024,1.16051,1429,0
2025-10-08T21:00:00Z,1.16048,1.16222,1.15997,1.16200,2697,0
2025-10-08T22:00:00Z,1.16210,1.16284,1.16207,1.16281,1338,0
2025-10-08T23:00:00Z,1.16280,1.16321,1.16264,1.16288,856,1
2025-10-09T00:00:00Z,1.16264,1.16282,1.16197,1.16276,1525,31
2025-10-09T01:00:00Z,1.16280,1.16349,1.16267,1.16335,899,1
2025-10-09T02:00:00Z,1.16339,1.16339,1.16279,1.16293,1053,0
2025-10-09T03:00:00Z,1.16292,1.16411,1.16280,1.16369,1652,0
2025-10-09T04:00:00Z,1.16369,1.16455,1.16363,1.16401,2210,0
2025-10-09T05:00:00Z,1.16398,1.16477,1.16388,1.16440,1278,0
2025-10-09T06:00:00Z,1.16439,1.16467,1.16404,1.16448,999,0
2025-10-09T07:00:00Z,1.16449,1.16470,1.16419,1.16456,880,0
2025-10-09T08:00:00Z,1.16454,1.16481,1.16384,1.16386,1230,0
2025-10-09T09:00:00Z,1.16387,1.16388,1.16116,1.16157,3205,0
2025-10-09T10:00:00Z,1.16163,1.16232,1.16065,1.16111,3038,0
2025-10-09T11:00:00Z,1.16111,1.16145,1.16031,1.16122,2662,0
2025-10-09T12:00:00Z,1.16124,1.16271,1.16109,1.16257,3082,0
2025-10-09T13:00:00Z,1.16263,1.16273,1.16132,1.16186,1982,0
2025-10-09T14:00:00Z,1.16187,1.16221,1.16093,1.16120,2214,0
2025-10-09T15:00:00Z,1.16122,1.16162,1.16052,1.16151,2661,0
2025-10-09T16:00:00Z,1.16153,1.16233,1.15916,1.16028,4369,0
2025-10-09T17:00:00Z,1.16026,1.16029,1.15766,1.15811,4627,0
2025-10-09T18:00:00Z,1.15808,1.15818,1.15470,1.15589,3810,0
2025-10-09T19:00:00Z,1.15594,1.15633,1.15524,1.15581,2410,0
2025-10-09T20:00:00Z,1.15581,1.15664,1.15541,1.15599,2495,0
2025-10-09T21:00:00Z,1.15598,1.15606,1.15420,1.15465,1576,0
2025-10-09T22:00:00Z,1.15472,1.15615,1.15468,1.15596,1647,0
2025-10-09T23:00:00Z,1.15591,1.15669,1.15586,1.15640,760,1
2025-10-10T00:00:00Z,1.15580,1.15642,1.15540,1.15630,165,30
2025-10-10T01:00:00Z,1.15629,1.15669,1.15616,1.15646,772,1
2025-10-10T02:00:00Z,1.15647,1.15663,1.15571,1.15653,1091,0
2025-10-10T03:00:00Z,1.15653,1.15708,1.15606,1.15676,1496,0
2025-10-10T04:00:00Z,1.15677,1.15714,1.15626,1.15627,1583,0
2025-10-10T05:00:00Z,1.15628,1.15729,1.15624,1.15695,1162,0
2025-10-10T06:00:00Z,1.15695,1.15742,1.15672,1.15729,1123,0
2025-10-10T07:00:00Z,1.15727,1.15736,1.15674,1.15736,972,0
2025-10-10T08:00:00Z,1.15734,1.15779,1.15697,1.15701,1229,0
2025-10-10T09:00:00Z,1.15700,1.15749,1.15612,1.15705,2850,0
2025-10-10T10:00:00Z,1.15704,1.15799,1.15638,1.15781,2706,0
2025-10-10T11:00:00Z,1.15779,1.15895,1.15753,1.15789,2456,0
2025-10-10T12:00:00Z,1.15788,1.15801,1.15687,1.15744,2022,0
2025-10-10T13:00:00Z,1.15745,1.15835,1.15704,1.15715,1820,0
2025-10-10T14:00:00Z,1.15716,1.15749,1.15606,1.15608,2123,0
2025-10-10T15:00:00Z,1.15607,1.15762,1.15591,1.15720,2305,0
2025-10-10T16:00:00Z,1.15719,1.15735,1.15620,1.15679,2408,0
2025-10-10T17:00:00Z,1.15691,1.15823,1.15648,1.15784,3137,0
2025-10-10T18:00:00Z,1.15785,1.16308,1.15779,1.16125,6754,0
2025-10-10T19:00:00Z,1.16124,1.16257,1.16042,1.16059,3371,0
2025-10-10T20:00:00Z,1.16057,1.16093,1.15970,1.16011,1901,0
2025-10-10T21:00:00Z,1.16013,1.16130,1.15999,1.16086,1434,0
2025-10-10T22:00:00Z,1.16082,1.16152,1.16036,1.16127,1145,0
2025-10-10T23:00:00Z,1.16130,1.16243,1.16038,1.16232,1214,1
2025-10-13T00:00:00Z,1.16092,1.16145,1.16083,1.16117,490,30
2025-10-13T01:00:00Z,1.16111,1.16123,1.15920,1.16029,2342,1
2025-10-13T02:00:00Z,1.16034,1.16101,1.16002,1.16016,2039,0
2025-10-13T03:00:00Z,1.16013,1.16159,1.15999,1.16158,2571,0
2025-10-13T04:00:00Z,1.16175,1.16211,1.16097,1.16199,2406,0
2025-10-13T05:00:00Z,1.16201,1.16276,1.16168,1.16195,1559,0
2025-10-13T06:00:00Z,1.16196,1.16217,1.16159,1.16207,1268,0
2025-10-13T07:00:00Z,1.16205,1.16252,1.16179,1.16203,926,0
2025-10-13T08:00:00Z,1.16205,1.16239,1.16129,1.16146,1392,0
2025-10-13T09:00:00Z,1.16145,1.16298,1.16108,1.16141,2604,0
2025-10-13T10:00:00Z,1.16140,1.16156,1.15974,1.15999,3433,0
2025-10-13T11:00:00Z,1.16000,1.16048,1.15816,1.15853,2935,0
2025-10-13T12:00:00Z,1.15853,1.15981,1.15844,1.15942,1877,0
2025-10-13T13:00:00Z,1.15941,1.15958,1.15814,1.15836,1918,0
2025-10-13T14:00:00Z,1.15835,1.15942,1.15655,1.15685,2584,0
2025-10-13T15:00:00Z,1.15687,1.15766,1.15619,1.15686,2427,0
2025-10-13T16:00:00Z,1.15687,1.15775,1.15647,1.15752,2826,0
2025-10-13T17:00:00Z,1.15753,1.15753,1.15574,1.15613,2665,0
2025-10-13T18:00:00Z,1.15614,1.15755,1.15601,1.15740,1761,0
2025-10-13T19:00:00Z,1.15741,1.15789,1.15697,1.15754,1748,0
2025-10-13T20:00:00Z,1.15755,1.15771,1.15699,1.15732,1236,0
2025-10-13T21:00:00Z,1.15734,1.15776,1.15658,1.15685,1186,0
2025-10-13T22:00:00Z,1.15690,1.15741,1.15661,1.15662,973,0
2025-10-13T23:00:00Z,1.15661,1.15700,1.15650,1.15673,949,1
2025-10-14T00:00:00Z,1.15675,1.15724,1.15675,1.15705,567,25
2025-10-14T01:00:00Z,1.15715,1.15738,1.15675,1.15678,954,1
2025-10-14T02:00:00Z,1.15679,1.15699,1.15637,1.15659,1015,0
2025-10-14T03:00:00Z,1.15653,1.15672,1.15549,1.15609,2344,0
2025-10-14T04:00:00Z,1.15612,1.15735,1.15605,1.15708,2134,0
2025-10-14T05:00:00Z,1.15709,1.15763,1.15702,1.15736,1329,0
2025-10-14T06:00:00Z,1.15736,1.15819,1.15714,1.15787,1358,0
2025-10-14T07:00:00Z,1.15788,1.15927,1.15780,1.15920,2455,0
2025-10-14T08:00:00Z,1.15922,1.15936,1.15826,1.15846,2669,0
2025-10-14T09:00:00Z,1.15847,1.15895,1.15631,1.15700,4061,0
2025-10-14T10:00:00Z,1.15696,1.15747,1.15429,1.15496,4290,0
2025-10-14T11:00:00Z,1.15495,1.15608,1.15457,1.15590,3295,0
2025-10-14T12:00:00Z,1.15592,1.15632,1.15515,1.15552,2847,0
2025-10-14T13:00:00Z,1.15549,1.15594,1.15512,1.15535,2833,0
2025-10-14T14:00:00Z,1.15534,1.15584,1.15464,1.15520,2426,0
2025-10-14T15:00:00Z,1.15523,1.15652,1.15481,1.15557,3342,0
2025-10-14T16:00:00Z,1.15556,1.15830,1.15544,1.15742,4597,0
2025-10-14T17:00:00Z,1.15741,1.15974,1.15691,1.15942,4254,0
2025-10-14T18:00:00Z,1.15943,1.16083,1.15868,1.16074,3514,0
2025-10-14T19:00:00Z,1.16079,1.16150,1.16013,1.16094,3738,0
2025-10-14T20:00:00Z,1.16088,1.16121,1.16018,1.16094,2174,0
2025-10-14T21:00:00Z,1.16093,1.16119,1.16035,1.16051,1713,0
2025-10-14T22:00:00Z,1.16050,1.16113,1.16044,1.16056,2068,0
2025-10-14T23:00:00Z,1.16055,1.16072,1.15999,1.16059,1043,0
2025-10-15T00:00:00Z,1.16055,1.16079,1.16055,1.16066,306,25
2025-10-15T01:00:00Z,1.16067,1.16093,1.16033,1.16033,1088,1
2025-10-15T02:00:00Z,1.16034,1.16057,1.16018,1.16033,1045,0
2025-10-15T03:00:00Z,1.16029,1.16140,1.16018,1.16104,2240,0
2025-10-15T04:00:00Z,1.16105,1.16229,1.16069,1.16192,2518,0
2025-10-15T05:00:00Z,1.16193,1.16260,1.16178,1.16230,1824,0
2025-10-15T06:00:00Z,1.16229,1.16243,1.16184,1.16222,1684,0
2025-10-15T07:00:00Z,1.16227,1.16243,1.16168,1.16184,1214,0
2025-10-15T08:00:00Z,1.16188,1.16267,1.16184,1.16195,1660,0
2025-10-15T09:00:00Z,1.16196,1.16386,1.16175,1.16342,2994,0
2025-10-15T10:00:00Z,1.16347,1.16445,1.16292,1.16358,3214,0
2025-10-15T11:00:00Z,1.16360,1.16454,1.16313,1.16326,2685,0
2025-10-15T12:00:00Z,1.16324,1.16392,1.16280,1.16348,2529,0
2025-10-15T13:00:00Z,1.16347,1.16351,1.16205,1.16242,1835,0
2025-10-15T14:00:00Z,1.16241,1.16324,1.16198,1.16200,1834,0
2025-10-15T15:00:00Z,1.16203,1.16276,1.16139,1.16176,3169,0
2025-10-15T16:00:00Z,1.16177,1.16321,1.16105,1.16274,4055,0
2025-10-15T17:00:00Z,1.16273,1.16301,1.16196,1.16247,2900,0
2025-10-15T18:00:00Z,1.16248,1.16469,1.16185,1.16371,3404,0
2025-10-15T19:00:00Z,1.16373,1.16409,1.16285,1.16401,2545,0
2025-10-15T20:00:00Z,1.16392,1.16402,1.16271,1.16295,2738,0
2025-10-15T21:00:00Z,1.16297,1.16374,1.16278,1.16332,1764,0
2025-10-15T22:00:00Z,1.16330,1.16448,1.16329,1.16444,1300,0
2025-10-15T23:00:00Z,1.16442,1.16476,1.16425,1.16456,1069,1
2025-10-16T00:00:00Z,1.16429,1.16444,1.16405,1.16424,651,25
2025-10-16T01:00:00Z,1.16429,1.16517,1.16420,1.16463,1152,1
2025-10-16T02:00:00Z,1.16465,1.16471,1.16446,1.16459,872,0
2025-10-16T03:00:00Z,1.16458,1.16670,1.16428,1.16630,2546,0
2025-10-16T04:00:00Z,1.16631,1.16754,1.16611,1.16701,2680,0
2025-10-16T05:00:00Z,1.16703,1.16748,1.16640,1.16662,2031,0
2025-10-16T06:00:00Z,1.16661,1.16673,1.16615,1.16621,1553,0
2025-10-16T07:00:00Z,1.16622,1.16622,1.16557,1.16562,1215,0
2025-10-16T08:00:00Z,1.16561,1.16616,1.16537,1.16600,2011,0
2025-10-16T09:00:00Z,1.16601,1.16680,1.16522,1.16539,2995,0
2025-10-16T10:00:00Z,1.16541,1.16568,1.16431,1.16520,3476,0
2025-10-16T11:00:00Z,1.16516,1.16598,1.16485,1.16591,2958,0
2025-10-16T12:00:00Z,1.16590,1.16640,1.16522,1.16583,2433,0
2025-10-16T13:00:00Z,1.16584,1.16629,1.16529,1.16553,2293,0
2025-10-16T14:00:00Z,1.16555,1.16564,1.16463,1.16541,2564,0
2025-10-16T15:00:00Z,1.16539,1.16617,1.16490,1.16606,3250,0
2025-10-16T16:00:00Z,1.16612,1.16643,1.16499,1.16575,3797,0
2025-10-16T17:00:00Z,1.16574,1.16781,1.16536,1.16772,3803,0
2025-10-16T18:00:00Z,1.16773,1.16782,1.16611,1.16646,3282,0
2025-10-16T19:00:00Z,1.16645,1.16791,1.16643,1.16771,3952,0
2025-10-16T20:00:00Z,1.16772,1.16937,1.16769,1.16883,3382,0
2025-10-16T21:00:00Z,1.16882,1.16935,1.16805,1.16893,2552,0
2025-10-16T22:00:00Z,1.16896,1.16943,1.16871,1.16888,2130,0
2025-10-16T23:00:00Z,1.16888,1.16914,1.16847,1.16872,1070,1
2025-10-17T00:00:00Z,1.16837,1.16884,1.16833,1.16867,485,25
2025-10-17T01:00:00Z,1.16874,1.16959,1.16863,1.16945,1359,1
2025-10-17T02:00:00Z,1.16946,1.16996,1.16931,1.16992,1256,0
2025-10-17T03:00:00Z,1.16991,1.17114,1.16952,1.17068,2093,0
2025-10-17T04:00:00Z,1.17066,1.17097,1.16999,1.17010,2811,0
2025-10-17T05:00:00Z,1.17011,1.17114,1.16951,1.17053,1909,0
2025-10-17T06:00:00Z,1.17054,1.17124,1.17046,1.17094,1281,0
2025-10-17T07:00:00Z,1.17095,1.17122,1.17064,1.17100,1037,0
2025-10-17T08:00:00Z,1.17099,1.17283,1.17098,1.17232,1457,0
2025-10-17T09:00:00Z,1.17233,1.17266,1.17084,1.17109,3836,0
2025-10-17T10:00:00Z,1.17104,1.17149,1.16936,1.17118,5372,0
2025-10-17T11:00:00Z,1.17117,1.17163,1.16915,1.16973,3824,0
2025-10-17T12:00:00Z,1.16975,1.17079,1.16965,1.17013,2468,0
2025-10-17T13:00:00Z,1.17010,1.17026,1.16876,1.16896,2512,0
2025-10-17T14:00:00Z,1.16897,1.16971,1.16803,1.16850,3619,0
2025-10-17T15:00:00Z,1.16853,1.16863,1.16667,1.16765,3975,0
2025-10-17T16:00:00Z,1.16764,1.16813,1.16690,1.16704,4262,0
2025-10-17T17:00:00Z,1.16700,1.16732,1.16566,1.16668,4755,0
2025-10-17T18:00:00Z,1.16667,1.16734,1.16607,1.16734,3310,0
2025-10-17T19:00:00Z,1.16731,1.16794,1.16698,1.16708,2383,0
2025-10-17T20:00:00Z,1.16709,1.16758,1.16670,1.16678,2126,0
2025-10-17T21:00:00Z,1.16680,1.16743,1.16638,1.16680,2045,0
2025-10-17T22:00:00Z,1.16686,1.16711,1.16660,1.16706,1345,0
2025-10-17T23:00:00Z,1.16705,1.16706,1.16497,1.16521,1196,1
2025-10-20T00:00:00Z,1.16594,1.16647,1.16538,1.16546,458,35
2025-10-20T01:00:00Z,1.16547,1.16577,1.16518,1.16562,1082,1
2025-10-20T02:00:00Z,1.16562,1.16617,1.16544,1.16579,827,0
2025-10-20T03:00:00Z,1.16580,1.16662,1.16577,1.16662,1753,0
2025-10-20T04:00:00Z,1.16663,1.16675,1.16566,1.16600,1552,0
2025-10-20T05:00:00Z,1.16601,1.16707,1.16601,1.16655,1112,0
2025-10-20T06:00:00Z,1.16656,1.16686,1.16648,1.16681,785,0
2025-10-20T07:00:00Z,1.16680,1.16739,1.16657,1.16715,892,0
2025-10-20T08:00:00Z,1.16714,1.16754,1.16700,1.16736,1146,0
2025-10-20T09:00:00Z,1.16727,1.16727,1.16565,1.16583,2794,0
2025-10-20T10:00:00Z,1.16584,1.16682,1.16537,1.16626,2988,0
2025-10-20T11:00:00Z,1.16625,1.16665,1.16577,1.16635,2908,0
2025-10-20T12:00:00Z,1.16636,1.16677,1.16593,1.16617,3044,0
2025-10-20T13:00:00Z,1.16618,1.16631,1.16510,1.16534,2380,0
2025-10-20T14:00:00Z,1.16535,1.16565,1.16443,1.16565,2470,0
2025-10-20T15:00:00Z,1.16564,1.16604,1.16500,1.16534,3018,0
2025-10-20T16:00:00Z,1.16535,1.16545,1.16463,1.16490,3078,0
2025-10-20T17:00:00Z,1.16491,1.16644,1.16474,1.16537,2943,0
2025-10-20T18:00:00Z,1.16538,1.16643,1.16527,1.16551,2780,0
2025-10-20T19:00:00Z,1.16547,1.16581,1.16493,1.16499,1714,0
2025-10-20T20:00:00Z,1.16495,1.16529,1.16411,1.16434,1429,0
2025-10-20T21:00:00Z,1.16433,1.16483,1.16384,1.16463,1252,0
2025-10-20T22:00:00Z,1.16467,1.16492,1.16400,1.16407,1077,0
2025-10-20T23:00:00Z,1.16409,1.16443,1.16401,1.16433,698,1
2025-10-21T00:00:00Z,1.16371,1.16441,1.16371,1.16435,366,29
2025-10-21T01:00:00Z,1.16448,1.16455,1.16425,1.16429,753,1
2025-10-21T02:00:00Z,1.16430,1.16449,1.16426,1.16443,784,0
2025-10-21T03:00:00Z,1.16441,1.16553,1.16430,1.16532,1789,0
2025-10-21T04:00:00Z,1.16531,1.16531,1.16419,1.16448,2242,0
2025-10-21T05:00:00Z,1.16452,1.16453,1.16325,1.16342,1988,0
2025-10-21T06:00:00Z,1.16343,1.16359,1.16328,1.16348,937,0
2025-10-21T07:00:00Z,1.16347,1.16365,1.16318,1.16360,1281,0
2025-10-21T08:00:00Z,1.16361,1.16374,1.16242,1.16254,1924,0
2025-10-21T09:00:00Z,1.16253,1.16341,1.16185,1.16319,2445,0
2025-10-21T10:00:00Z,1.16320,1.16355,1.16217,1.16254,3174,0
2025-10-21T11:00:00Z,1.16248,1.16276,1.16128,1.16212,3195,0
2025-10-21T12:00:00Z,1.16213,1.16273,1.16160,1.16207,2384,0
2025-10-21T13:00:00Z,1.16206,1.16235,1.16065,1.16180,2731,0
2025-10-21T14:00:00Z,1.16179,1.16259,1.16091,1.16127,2732,0
2025-10-21T15:00:00Z,1.16128,1.16167,1.16020,1.16112,3829,0
2025-10-21T16:00:00Z,1.16110,1.16170,1.16025,1.16126,4300,0
2025-10-21T17:00:00Z,1.16125,1.16181,1.15976,1.16044,3940,0
2025-10-21T18:00:00Z,1.16045,1.16165,1.16042,1.16149,2848,0
2025-10-21T19:00:00Z,1.16151,1.16245,1.16077,1.16090,3032,0
2025-10-21T20:00:00Z,1.16089,1.16101,1.16011,1.16040,1873,0
2025-10-21T21:00:00Z,1.16041,1.16084,1.16034,1.16051,1291,0
2025-10-21T22:00:00Z,1.16052,1.16077,1.15999,1.16005,1221,0
2025-10-21T23:00:00Z,1.16006,1.16025,1.15988,1.15994,623,1
2025-10-22T00:00:00Z,1.15980,1.16037,1.15980,1.16025,505,29
2025-10-22T01:00:00Z,1.16026,1.16026,1.15992,1.16001,1015,1
2025-10-22T02:00:00Z,1.16002,1.16018,1.15988,1.15995,786,0
2025-10-22T03:00:00Z,1.16002,1.16079,1.15995,1.16047,2016,0
2025-10-22T04:00:00Z,1.16046,1.16093,1.16012,1.16049,1709,0
2025-10-22T05:00:00Z,1.16048,1.16110,1.16048,1.16085,1245,0
2025-10-22T06:00:00Z,1.16080,1.16091,1.16045,1.16071,1168,0
2025-10-22T07:00:00Z,1.16070,1.16095,1.16047,1.16091,1061,0
2025-10-22T08:00:00Z,1.16092,1.16157,1.16090,1.16136,1343,0
2025-10-22T09:00:00Z,1.16140,1.16148,1.16042,1.16094,3219,0
2025-10-22T10:00:00Z,1.16093,1.16128,1.15995,1.16005,2957,0
2025-10-22T11:00:00Z,1.16006,1.16006,1.15898,1.15975,3204,0
2025-10-22T12:00:00Z,1.15972,1.16019,1.15921,1.15949,2202,0
2025-10-22T13:00:00Z,1.15945,1.15970,1.15828,1.15858,2349,0
2025-10-22T14:00:00Z,1.15857,1.15893,1.15823,1.15826,2837,0
2025-10-22T15:00:00Z,1.15825,1.15909,1.15767,1.15831,3298,0
2025-10-22T16:00:00Z,1.15832,1.15977,1.15818,1.15948,3373,0
2025-10-22T17:00:00Z,1.15953,1.16116,1.15923,1.16111,3261,0
2025-10-22T18:00:00Z,1.16112,1.16169,1.16087,1.16113,3330,0
2025-10-22T19:00:00Z,1.16115,1.16224,1.16103,1.16195,2807,0
2025-10-22T20:00:00Z,1.16193,1.16205,1.16126,1.16147,1969,0
2025-10-22T21:00:00Z,1.16146,1.16156,1.16075,1.16092,1415,0
2025-10-22T22:00:00Z,1.16093,1.16113,1.16049,1.16059,1178,0
2025-10-22T23:00:00Z,1.16058,1.16108,1.16058,1.16094,645,1
2025-10-23T00:00:00Z,1.16062,1.16118,1.16062,1.16112,426,25
2025-10-23T01:00:00Z,1.16114,1.16145,1.16103,1.16122,791,1
2025-10-23T02:00:00Z,1.16125,1.16126,1.16065,1.16072,914,0
2025-10-23T03:00:00Z,1.16069,1.16076,1.15977,1.16041,1678,0
2025-10-23T04:00:00Z,1.16044,1.16055,1.15974,1.15977,1563,0
2025-10-23T05:00:00Z,1.15978,1.15996,1.15950,1.15966,1211,0
2025-10-23T06:00:00Z,1.15967,1.15985,1.15919,1.15927,1002,0
2025-10-23T07:00:00Z,1.15926,1.15992,1.15904,1.15987,1136,0
2025-10-23T08:00:00Z,1.15988,1.16039,1.15967,1.16015,1135,0
2025-10-23T09:00:00Z,1.16014,1.16037,1.15906,1.15945,2259,0
2025-10-23T10:00:00Z,1.15944,1.16015,1.15897,1.16001,2390,0
2025-10-23T11:00:00Z,1.15996,1.16061,1.15929,1.15963,2108,0
2025-10-23T12:00:00Z,1.15962,1.16002,1.15930,1.15937,1726,0
2025-10-23T13:00:00Z,1.15936,1.15948,1.15855,1.15880,1611,0
2025-10-23T14:00:00Z,1.15877,1.15930,1.15855,1.15870,1972,0
2025-10-23T15:00:00Z,1.15875,1.16061,1.15866,1.16007,2546,0
2025-10-23T16:00:00Z,1.16008,1.16106,1.15981,1.16069,3117,0
2025-10-23T17:00:00Z,1.16067,1.16199,1.16057,1.16132,3278,0
2025-10-23T18:00:00Z,1.16133,1.16159,1.16065,1.16117,2398,0
2025-10-23T19:00:00Z,1.16118,1.16162,1.16065,1.16069,1723,0
2025-10-23T20:00:00Z,1.16067,1.16122,1.16043,1.16117,1477,0
2025-10-23T21:00:00Z,1.16118,1.16179,1.16099,1.16176,1189,0
2025-10-23T22:00:00Z,1.16177,1.16200,1.16152,1.16164,943,0
2025-10-23T23:00:00Z,1.16163,1.16190,1.16136,1.16182,728,1
2025-10-24T00:00:00Z,1.16143,1.16173,1.16132,1.16156,482,25
2025-10-24T01:00:00Z,1.16162,1.16212,1.16162,1.16180,822,1
2025-10-24T02:00:00Z,1.16181,1.16190,1.16148,1.16171,681,0
2025-10-24T03:00:00Z,1.16170,1.16216,1.16168,1.16178,1335,0
2025-10-24T04:00:00Z,1.16178,1.16188,1.16088,1.16095,1480,0
2025-10-24T05:00:00Z,1.16098,1.16125,1.16075,1.16080,1302,0
2025-10-24T06:00:00Z,1.16079,1.16117,1.16070,1.16091,908,0
2025-10-24T07:00:00Z,1.16089,1.16091,1.16056,1.16077,894,0
2025-10-24T08:00:00Z,1.16077,1.16081,1.16018,1.16053,1085,0
2025-10-24T09:00:00Z,1.16052,1.16138,1.16009,1.16138,2072,0
2025-10-24T10:00:00Z,1.16136,1.16279,1.16020,1.16182,3158,0
2025-10-24T11:00:00Z,1.16183,1.16236,1.16064,1.16102,2736,0
2025-10-24T12:00:00Z,1.16095,1.16128,1.16053,1.16116,1764,0
2025-10-24T13:00:00Z,1.16118,1.16165,1.16109,1.16127,1624,0
2025-10-24T14:00:00Z,1.16128,1.16157,1.16070,1.16150,2087,0
2025-10-24T15:00:00Z,1.16153,1.16477,1.16087,1.16342,4845,0
2025-10-24T16:00:00Z,1.16343,1.16434,1.16208,1.16260,4421,0
2025-10-24T17:00:00Z,1.16259,1.16357,1.16182,1.16261,3814,0
2025-10-24T18:00:00Z,1.16260,1.16354,1.16214,1.16255,2900,0
2025-10-24T19:00:00Z,1.16252,1.16277,1.16212,1.16257,1835,0
2025-10-24T20:00:00Z,1.16256,1.16320,1.16245,1.16275,1347,0
2025-10-24T21:00:00Z,1.16276,1.16280,1.16248,1.16261,1308,0
2025-10-24T22:00:00Z,1.16263,1.16334,1.16261,1.16315,1231,0
2025-10-24T23:00:00Z,1.16317,1.16359,1.16207,1.16269,1229,1
2025-10-27T00:00:00Z,1.16322,1.16349,1.16233,1.16281,845,30
2025-10-27T01:00:00Z,1.16294,1.16354,1.16248,1.16282,1764,1
2025-10-27T02:00:00Z,1.16280,1.16330,1.16258,1.16310,1205,0
2025-10-27T03:00:00Z,1.16311,1.16377,1.16277,1.16349,1759,0
2025-10-27T04:00:00Z,1.16348,1.16476,1.16336,1.16389,1898,0
2025-10-27T05:00:00Z,1.16390,1.16396,1.16302,1.16309,1141,0
2025-10-27T06:00:00Z,1.16308,1.16324,1.16269,1.16276,917,0
2025-10-27T07:00:00Z,1.16277,1.16279,1.16207,1.16245,1113,0
2025-10-27T08:00:00Z,1.16250,1.16271,1.16206,1.16261,1237,0
2025-10-27T09:00:00Z,1.16262,1.16324,1.16247,1.16263,1894,0
2025-10-27T10:00:00Z,1.16261,1.16278,1.16197,1.16200,2116,0
2025-10-27T11:00:00Z,1.16197,1.16332,1.16176,1.16284,2684,0
2025-10-27T12:00:00Z,1.16282,1.16399,1.16261,1.16379,2369,0
2025-10-27T13:00:00Z,1.16380,1.16447,1.16353,1.16416,1939,0
2025-10-27T14:00:00Z,1.16417,1.16475,1.16360,1.16461,2020,0
2025-10-27T15:00:00Z,1.16462,1.16515,1.16376,1.16413,2550,0
2025-10-27T16:00:00Z,1.16414,1.16429,1.16316,1.16358,2651,0
2025-10-27T17:00:00Z,1.16357,1.16424,1.16324,1.16408,2474,0
2025-10-27T18:00:00Z,1.16407,1.16418,1.16328,1.16353,2498,0
2025-10-27T19:00:00Z,1.16354,1.16412,1.16324,1.16388,2038,0
2025-10-27T20:00:00Z,1.16389,1.16416,1.16357,1.16378,1335,0
2025-10-27T21:00:00Z,1.16379,1.16521,1.16350,1.16504,1652,0
2025-10-27T22:00:00Z,1.16505,1.16506,1.16439,1.16475,1344,0
2025-10-27T23:00:00Z,1.16474,1.16487,1.16432,1.16436,700,1
2025-10-28T00:00:00Z,1.16421,1.16456,1.16421,1.16445,446,25
2025-10-28T01:00:00Z,1.16456,1.16506,1.16443,1.16497,1177,1
2025-10-28T02:00:00Z,1.16498,1.16547,1.16494,1.16510,939,0
2025-10-28T03:00:00Z,1.16509,1.16589,1.16462,1.16556,1560,0
2025-10-28T04:00:00Z,1.16557,1.16638,1.16550,1.16575,1825,0
2025-10-28T05:00:00Z,1.16576,1.16631,1.16538,1.16544,1544,0
2025-10-28T06:00:00Z,1.16543,1.16629,1.16542,1.16600,1244,0
2025-10-28T07:00:00Z,1.16601,1.16677,1.16587,1.16663,1196,0
2025-10-28T08:00:00Z,1.16664,1.16680,1.16626,1.16637,1178,0
2025-10-28T09:00:00Z,1.16629,1.16671,1.16547,1.16560,1417,0
2025-10-28T10:00:00Z,1.16558,1.16615,1.16509,1.16551,1895,0
2025-10-28T11:00:00Z,1.16547,1.16627,1.16488,1.16520,2937,0
2025-10-28T12:00:00Z,1.16519,1.16589,1.16449,1.16569,1983,0
2025-10-28T13:00:00Z,1.16570,1.16650,1.16549,1.16642,1687,0
2025-10-28T14:00:00Z,1.16641,1.16642,1.16548,1.16591,1561,0
2025-10-28T15:00:00Z,1.16592,1.16599,1.16349,1.16402,2688,0
2025-10-28T16:00:00Z,1.16397,1.16406,1.16256,1.16396,2963,0
2025-10-28T17:00:00Z,1.16395,1.16634,1.16373,1.16606,3062,0
2025-10-28T18:00:00Z,1.16608,1.16673,1.16549,1.16590,2654,0
2025-10-28T19:00:00Z,1.16588,1.16678,1.16530,1.16677,2640,0
2025-10-28T20:00:00Z,1.16678,1.16687,1.16594,1.16631,1853,0
2025-10-28T21:00:00Z,1.16632,1.16639,1.16560,1.16622,1384,0
2025-10-28T22:00:00Z,1.16624,1.16651,1.16517,1.16523,1381,0
2025-10-28T23:00:00Z,1.16521,1.16572,1.16509,1.16531,807,1
2025-10-29T00:00:00Z,1.16499,1.16519,1.16492,1.16508,454,25
2025-10-29T01:00:00Z,1.16524,1.16541,1.16498,1.16505,803,1
2025-10-29T02:00:00Z,1.16507,1.16574,1.16483,1.16571,618,0
2025-10-29T03:00:00Z,1.16568,1.16610,1.16533,1.16545,2404,0
2025-10-29T04:00:00Z,1.16544,1.16561,1.16464,1.16474,1726,0
2025-10-29T05:00:00Z,1.16469,1.16480,1.16414,1.16464,1172,0
2025-10-29T06:00:00Z,1.16465,1.16467,1.16369,1.16372,841,0
2025-10-29T07:00:00Z,1.16373,1.16375,1.16315,1.16341,986,0
2025-10-29T08:00:00Z,1.16340,1.16356,1.16271,1.16315,1439,0
2025-10-29T09:00:00Z,1.16311,1.16326,1.16252,1.16299,1406,0
2025-10-29T10:00:00Z,1.16296,1.16378,1.16286,1.16328,2400,0
2025-10-29T11:00:00Z,1.16327,1.16339,1.16232,1.16232,2119,0
2025-10-29T12:00:00Z,1.16224,1.16470,1.16188,1.16412,2334,0
2025-10-29T13:00:00Z,1.16414,1.16489,1.16370,1.16473,1760,0
2025-10-29T14:00:00Z,1.16474,1.16487,1.16330,1.16396,1905,0
2025-10-29T15:00:00Z,1.16403,1.16450,1.16274,1.16338,2308,0
2025-10-29T16:00:00Z,1.16339,1.16458,1.16334,1.16367,3074,0
2025-10-29T17:00:00Z,1.16366,1.16515,1.16315,1.16504,2435,0
2025-10-29T18:00:00Z,1.16504,1.16646,1.16451,1.16636,2649,0
2025-10-29T19:00:00Z,1.16637,1.16658,1.16554,1.16572,2079,0
2025-10-29T20:00:00Z,1.16571,1.16589,1.16454,1.16454,1905,0
2025-10-29T21:00:00Z,1.16455,1.16508,1.15842,1.15944,7019,0
2025-10-29T22:00:00Z,1.15943,1.16000,1.15777,1.15994,5425,0
2025-10-29T23:00:00Z,1.15992,1.16072,1.15907,1.15992,1679,1
2025-10-30T00:00:00Z,1.15997,1.16037,1.15996,1.16016,439,25
2025-10-30T01:00:00Z,1.16026,1.16053,1.16012,1.16040,802,1
2025-10-30T02:00:00Z,1.16041,1.16053,1.16013,1.16031,564,0
2025-10-30T03:00:00Z,1.16029,1.16153,1.15966,1.16120,1733,0
2025-10-30T04:00:00Z,1.16123,1.16153,1.16087,1.16139,1765,0
2025-10-30T05:00:00Z,1.16138,1.16197,1.16124,1.16173,1283,0
2025-10-30T06:00:00Z,1.16175,1.16199,1.16070,1.16155,1959,0
2025-10-30T07:00:00Z,1.16156,1.16375,1.16135,1.16320,3241,0
2025-10-30T08:00:00Z,1.16319,1.16342,1.16234,1.16241,1985,0
2025-10-30T09:00:00Z,1.16239,1.16296,1.16181,1.16195,2633,0
2025-10-30T10:00:00Z,1.16194,1.16229,1.16095,1.16186,3032,0
2025-10-30T11:00:00Z,1.16191,1.16204,1.16068,1.16174,2999,0
2025-10-30T12:00:00Z,1.16166,1.16283,1.16144,1.16164,2607,0
2025-10-30T13:00:00Z,1.16166,1.16199,1.16060,1.16067,2200,0
2025-10-30T14:00:00Z,1.16068,1.16112,1.15961,1.15978,2230,0
2025-10-30T15:00:00Z,1.15979,1.15992,1.15532,1.15550,3505,0
2025-10-30T16:00:00Z,1.15546,1.15793,1.15470,1.15793,4356,0
2025-10-30T17:00:00Z,1.15799,1.15863,1.15678,1.15732,4133,0
2025-10-30T18:00:00Z,1.15731,1.15774,1.15607,1.15637,2470,0
2025-10-30T19:00:00Z,1.15636,1.15714,1.15592,1.15693,2264,0
2025-10-30T20:00:00Z,1.15694,1.15699,1.15603,1.15663,1806,0
2025-10-30T21:00:00Z,1.15664,1.15705,1.15642,1.15679,1730,0
2025-10-30T22:00:00Z,1.15679,1.15716,1.15618,1.15642,1534,0
2025-10-30T23:00:00Z,1.15644,1.15719,1.15634,1.15695,894,1
2025-10-31T00:00:00Z,1.15640,1.15696,1.15636,1.15687,699,25
2025-10-31T01:00:00Z,1.15695,1.15697,1.15657,1.15679,786,1
2025-10-31T02:00:00Z,1.15679,1.15733,1.15657,1.15714,824,0
2025-10-31T03:00:00Z,1.15715,1.15771,1.15700,1.15738,1566,0
2025-10-31T04:00:00Z,1.15737,1.15777,1.15666,1.15676,1881,0
2025-10-31T05:00:00Z,1.15678,1.15747,1.15649,1.15681,1416,0
2025-10-31T06:00:00Z,1.15680,1.15710,1.15659,1.15673,1179,0
2025-10-31T07:00:00Z,1.15670,1.15733,1.15663,1.15721,966,0
2025-10-31T08:00:00Z,1.15720,1.15722,1.15663,1.15681,1377,0
2025-10-31T09:00:00Z,1.15682,1.15735,1.15607,1.15613,1491,0
2025-10-31T10:00:00Z,1.15615,1.15659,1.15550,1.15649,2443,0
2025-10-31T11:00:00Z,1.15649,1.15713,1.15596,1.15705,2115,0
2025-10-31T12:00:00Z,1.15706,1.15769,1.15654,1.15759,1932,0
2025-10-31T13:00:00Z,1.15762,1.15763,1.15672,1.15710,1747,0
2025-10-31T14:00:00Z,1.15708,1.15742,1.15579,1.15669,1812,0
2025-10-31T15:00:00Z,1.15668,1.15668,1.15534,1.15558,2567,0
2025-10-31T16:00:00Z,1.15559,1.15563,1.15301,1.15389,3203,0
2025-10-31T17:00:00Z,1.15388,1.15426,1.15223,1.15341,3399,0
2025-10-31T18:00:00Z,1.15342,1.15430,1.15238,1.15409,3672,0
2025-10-31T19:00:00Z,1.15406,1.15435,1.15280,1.15301,3027,0
2025-10-31T20:00:00Z,1.15303,1.15311,1.15219,1.15241,1797,0
2025-10-31T21:00:00Z,1.15238,1.15271,1.15215,1.15248,1455,0
2025-10-31T22:00:00Z,1.15251,1.15318,1.15231,1.15257,1334,0
2025-10-31T23:00:00Z,1.15255,1.15373,1.15253,1.15353,1042,1
2025-11-03T00:00:00Z,1.15301,1.15332,1.15282,1.15308,1727,30
2025-11-03T01:00:00Z,1.15312,1.15383,1.15253,1.15273,2003,1
2025-11-03T02:00:00Z,1.15274,1.15311,1.15242,1.15258,1613,0
2025-11-03T03:00:00Z,1.15258,1.15290,1.15215,1.15268,1645,0
2025-11-03T04:00:00Z,1.15272,1.15342,1.15262,1.15316,1275,0
2025-11-03T05:00:00Z,1.15317,1.15344,1.15300,1.15334,946,0
2025-11-03T06:00:00Z,1.15335,1.15372,1.15317,1.15341,939,0
2025-11-03T07:00:00Z,1.15340,1.15377,1.15321,1.15349,1207,0
2025-11-03T08:00:00Z,1.15349,1.15412,1.15341,1.15378,1356,0
2025-11-03T09:00:00Z,1.15377,1.15411,1.15332,1.15399,2001,0
2025-11-03T10:00:00Z,1.15397,1.15401,1.15097,1.15133,2460,0
2025-11-03T11:00:00Z,1.15134,1.15208,1.15111,1.15144,2039,0
2025-11-03T12:00:00Z,1.15145,1.15200,1.15080,1.15154,2170,0
2025-11-03T13:00:00Z,1.15154,1.15200,1.15126,1.15155,1739,0
2025-11-03T14:00:00Z,1.15153,1.15221,1.15142,1.15173,1590,0
2025-11-03T15:00:00Z,1.15165,1.15179,1.15059,1.15110,2165,0
2025-11-03T16:00:00Z,1.15109,1.15129,1.15050,1.15101,2576,0
2025-11-03T17:00:00Z,1.15102,1.15252,1.15060,1.15252,3510,0
2025-11-03T18:00:00Z,1.15250,1.15318,1.15214,1.15309,2077,0
2025-11-03T19:00:00Z,1.15308,1.15377,1.15265,1.15273,1885,0
2025-11-03T20:00:00Z,1.15274,1.15310,1.15205,1.15232,1365,0
2025-11-03T21:00:00Z,1.15233,1.15246,1.15165,1.15194,1350,0
2025-11-03T22:00:00Z,1.15195,1.15232,1.15179,1.15194,1226,0
2025-11-03T23:00:00Z,1.15193,1.15200,1.15159,1.15195,581,1
2025-11-04T00:00:00Z,1.15167,1.15199,1.15165,1.15196,423,25
2025-11-04T01:00:00Z,1.15205,1.15206,1.15183,1.15183,836,1
2025-11-04T02:00:00Z,1.15182,1.15185,1.15056,1.15083,1748,0
2025-11-04T03:00:00Z,1.15080,1.15100,1.14982,1.15098,1919,0
2025-11-04T04:00:00Z,1.15098,1.15110,1.15048,1.15108,1475,0
2025-11-04T05:00:00Z,1.15110,1.15178,1.15103,1.15134,1330,0
2025-11-04T06:00:00Z,1.15136,1.15176,1.15093,1.15096,866,0
2025-11-04T07:00:00Z,1.15095,1.15141,1.15075,1.15126,1194,0
2025-11-04T08:00:00Z,1.15127,1.15266,1.15115,1.15234,1713,0
2025-11-04T09:00:00Z,1.15235,1.15334,1.15226,1.15271,2107,0
2025-11-04T10:00:00Z,1.15270,1.15289,1.15135,1.15139,2646,0
2025-11-04T11:00:00Z,1.15140,1.15171,1.14999,1.15009,2179,0
2025-11-04T12:00:00Z,1.15008,1.15099,1.14989,1.15038,1768,0
2025-11-04T13:00:00Z,1.15040,1.15056,1.14892,1.14897,1692,0
2025-11-04T14:00:00Z,1.14901,1.14932,1.14772,1.14894,2387,0
2025-11-04T15:00:00Z,1.14893,1.14969,1.14884,1.14922,2070,0
2025-11-04T16:00:00Z,1.14919,1.14948,1.14732,1.14809,2866,0
2025-11-04T17:00:00Z,1.14803,1.14929,1.14745,1.14916,2773,0
2025-11-04T18:00:00Z,1.14918,1.14965,1.14874,1.14897,2313,0
2025-11-04T19:00:00Z,1.14898,1.14902,1.14836,1.14840,1175,0
2025-11-04T20:00:00Z,1.14838,1.14866,1.14810,1.14839,1106,0
2025-11-04T21:00:00Z,1.14838,1.14872,1.14788,1.14793,1169,0
2025-11-04T22:00:00Z,1.14794,1.14835,1.14751,1.14798,1054,0
2025-11-04T23:00:00Z,1.14797,1.14826,1.14789,1.14807,783,1
2025-11-05T00:00:00Z,1.14809,1.14840,1.14788,1.14823,834,25
2025-11-05T01:00:00Z,1.14835,1.14858,1.14817,1.14852,487,1
2025-11-05T02:00:00Z,1.14853,1.14854,1.14805,1.14838,1319,0
2025-11-05T03:00:00Z,1.14836,1.14981,1.14796,1.14895,2301,0
2025-11-05T04:00:00Z,1.14898,1.14923,1.14851,1.14886,1372,0
2025-11-05T05:00:00Z,1.14885,1.14925,1.14858,1.14889,1254,0
2025-11-05T06:00:00Z,1.14888,1.14919,1.14877,1.14908,605,0
2025-11-05T07:00:00Z,1.14909,1.14941,1.14894,1.14915,731,0
2025-11-05T08:00:00Z,1.14916,1.14944,1.14869,1.14880,928,0
2025-11-05T09:00:00Z,1.14874,1.14909,1.14832,1.14867,1462,0
2025-11-05T10:00:00Z,1.14868,1.14953,1.14854,1.14888,1932,0
2025-11-05T11:00:00Z,1.14889,1.14927,1.14815,1.14845,1602,0
2025-11-05T12:00:00Z,1.14849,1.14852,1.14761,1.14833,1435,0
2025-11-05T13:00:00Z,1.14834,1.14892,1.14788,1.14882,1298,0
2025-11-05T14:00:00Z,1.14888,1.14926,1.14871,1.14911,1692,0
2025-11-05T15:00:00Z,1.14909,1.14934,1.14729,1.14737,3067,0
2025-11-05T16:00:00Z,1.14736,1.14930,1.14690,1.14872,2988,0
2025-11-05T17:00:00Z,1.14868,1.14875,1.14701,1.14791,4541,0
2025-11-05T18:00:00Z,1.14792,1.14857,1.14700,1.14839,2826,0
2025-11-05T19:00:00Z,1.14843,1.14861,1.14763,1.14804,1784,0
2025-11-05T20:00:00Z,1.14807,1.14838,1.14787,1.14815,1339,0
2025-11-05T21:00:00Z,1.14817,1.14876,1.14804,1.14858,1048,0
2025-11-05T22:00:00Z,1.14861,1.14918,1.14861,1.14883,1098,0
2025-11-05T23:00:00Z,1.14886,1.14938,1.14872,1.14925,643,1
2025-11-06T00:00:00Z,1.14905,1.14921,1.14894,1.14913,526,25
2025-11-06T01:00:00Z,1.14923,1.14969,1.14903,1.14957,812,1
2025-11-06T02:00:00Z,1.14957,1.15018,1.14930,1.15005,1319,0
2025-11-06T03:00:00Z,1.15007,1.15089,1.15007,1.15073,1415,0
2025-11-06T04:00:00Z,1.15074,1.15087,1.15029,1.15054,1107,0
2025-11-06T05:00:00Z,1.15055,1.15079,1.15033,1.15071,927,0
2025-11-06T06:00:00Z,1.15070,1.15083,1.15040,1.15068,545,0
2025-11-06T07:00:00Z,1.15067,1.15107,1.15038,1.15100,801,0
2025-11-06T08:00:00Z,1.15090,1.15135,1.15054,1.15071,1020,0
2025-11-06T09:00:00Z,1.15072,1.15134,1.15068,1.15084,1599,0
2025-11-06T10:00:00Z,1.15085,1.15234,1.15061,1.15211,2240,0
2025-11-06T11:00:00Z,1.15212,1.15237,1.15112,1.15136,1727,0
2025-11-06T12:00:00Z,1.15134,1.15173,1.15103,1.15106,1293,0
2025-11-06T13:00:00Z,1.15104,1.15210,1.15103,1.15203,1349,0
2025-11-06T14:00:00Z,1.15202,1.15328,1.15142,1.15308,2800,0
2025-11-06T15:00:00Z,1.15309,1.15441,1.15291,1.15356,3011,0
2025-11-06T16:00:00Z,1.15356,1.15376,1.15200,1.15204,3097,0
2025-11-06T17:00:00Z,1.15201,1.15428,1.15191,1.15395,3747,0
2025-11-06T18:00:00Z,1.15396,1.15418,1.15316,1.15379,2986,0
2025-11-06T19:00:00Z,1.15378,1.15428,1.15297,1.15408,2371,0
2025-11-06T20:00:00Z,1.15409,1.15500,1.15393,1.15471,1729,0
2025-11-06T21:00:00Z,1.15469,1.15524,1.15418,1.15444,1453,0
2025-11-06T22:00:00Z,1.15445,1.15490,1.15428,1.15475,1183,0
2025-11-06T23:00:00Z,1.15474,1.15486,1.15445,1.15475,891,1
2025-11-07T00:00:00Z,1.15432,1.15474,1.15405,1.15423,1958,25
2025-11-07T01:00:00Z,1.15419,1.15514,1.15419,1.15486,589,1
2025-11-07T02:00:00Z,1.15490,1.15491,1.15378,1.15395,1264,0
2025-11-07T03:00:00Z,1.15394,1.15412,1.15362,1.15379,1828,0
2025-11-07T04:00:00Z,1.15380,1.15430,1.15380,1.15401,1016,0
2025-11-07T05:00:00Z,1.15404,1.15410,1.15351,1.15380,846,0
2025-11-07T06:00:00Z,1.15381,1.15381,1.15323,1.15366,697,0
2025-11-07T07:00:00Z,1.15367,1.15386,1.15324,1.15339,680,0
2025-11-07T08:00:00Z,1.15343,1.15358,1.15296,1.15309,1234,0
2025-11-07T09:00:00Z,1.15308,1.15361,1.15307,1.15329,1330,0
2025-11-07T10:00:00Z,1.15326,1.15401,1.15296,1.15349,1938,0
2025-11-07T11:00:00Z,1.15350,1.15422,1.15345,1.15382,1496,0
2025-11-07T12:00:00Z,1.15381,1.15519,1.15375,1.15501,1593,0
2025-11-07T13:00:00Z,1.15500,1.15611,1.15493,1.15581,1796,0
2025-11-07T14:00:00Z,1.15580,1.15652,1.15537,1.15557,2224,0
2025-11-07T15:00:00Z,1.15558,1.15697,1.15557,1.15676,3151,0
2025-11-07T16:00:00Z,1.15677,1.15789,1.15654,1.15736,3153,0
2025-11-07T17:00:00Z,1.15739,1.15911,1.15713,1.15718,3536,0
2025-11-07T18:00:00Z,1.15720,1.15821,1.15714,1.15778,2038,0
2025-11-07T19:00:00Z,1.15777,1.15822,1.15715,1.15803,1680,0
2025-11-07T20:00:00Z,1.15804,1.15836,1.15675,1.15683,1355,0
2025-11-07T21:00:00Z,1.15676,1.15727,1.15556,1.15596,1761,0
2025-11-07T22:00:00Z,1.15594,1.15668,1.15574,1.15643,1500,0
2025-11-07T23:00:00Z,1.15643,1.15667,1.15584,1.15634,727,1
2025-11-10T00:00:00Z,1.15551,1.15572,1.15541,1.15546,427,30
2025-11-10T01:00:00Z,1.15548,1.15571,1.15416,1.15433,1777,1
2025-11-10T02:00:00Z,1.15434,1.15587,1.15431,1.15546,2402,0
2025-11-10T03:00:00Z,1.15545,1.15605,1.15465,1.15583,1932,0
2025-11-10T04:00:00Z,1.15582,1.15609,1.15548,1.15578,1234,0
2025-11-10T05:00:00Z,1.15579,1.15586,1.15511,1.15546,1129,0
2025-11-10T06:00:00Z,1.15548,1.15622,1.15548,1.15611,935,0
2025-11-10T07:00:00Z,1.15612,1.15666,1.15575,1.15619,1145,0
2025-11-10T08:00:00Z,1.15620,1.15649,1.15514,1.15540,1458,0
2025-11-10T09:00:00Z,1.15538,1.15720,1.15534,1.15676,2225,0
2025-11-10T10:00:00Z,1.15676,1.15831,1.15651,1.15723,2530,0
2025-11-10T11:00:00Z,1.15722,1.15737,1.15641,1.15683,2132,0
2025-11-10T12:00:00Z,1.15682,1.15714,1.15612,1.15627,1739,0
2025-11-10T13:00:00Z,1.15625,1.15642,1.15540,1.15632,1497,0
2025-11-10T14:00:00Z,1.15632,1.15757,1.15628,1.15680,2085,0
2025-11-10T15:00:00Z,1.15682,1.15780,1.15670,1.15680,2628,0
2025-11-10T16:00:00Z,1.15679,1.15685,1.15592,1.15645,2885,0
2025-11-10T17:00:00Z,1.15645,1.15670,1.15452,1.15454,2965,0
2025-11-10T18:00:00Z,1.15455,1.15547,1.15429,1.15449,2491,0
2025-11-10T19:00:00Z,1.15451,1.15612,1.15411,1.15605,2415,0
2025-11-10T20:00:00Z,1.15605,1.15650,1.15579,1.15585,1451,0
2025-11-10T21:00:00Z,1.15584,1.15631,1.15578,1.15610,1294,0
2025-11-10T22:00:00Z,1.15609,1.15647,1.15604,1.15640,1167,0
2025-11-10T23:00:00Z,1.15639,1.15639,1.15550,1.15558,686,1
2025-11-11T00:00:00Z,1.15552,1.15582,1.15552,1.15564,945,25
2025-11-11T01:00:00Z,1.15564,1.15603,1.15555,1.15566,671,1
2025-11-11T02:00:00Z,1.15569,1.15595,1.15517,1.15522,1087,0
2025-11-11T03:00:00Z,1.15519,1.15546,1.15470,1.15544,1459,0
2025-11-11T04:00:00Z,1.15545,1.15571,1.15520,1.15535,882,0
2025-11-11T05:00:00Z,1.15534,1.15581,1.15534,1.15564,813,0
2025-11-11T06:00:00Z,1.15563,1.15593,1.15553,1.15579,982,0
2025-11-11T07:00:00Z,1.15580,1.15652,1.15576,1.15616,1283,0
2025-11-11T08:00:00Z,1.15617,1.15629,1.15503,1.15522,1450,0
2025-11-11T09:00:00Z,1.15525,1.15608,1.15498,1.15599,2516,0
2025-11-11T10:00:00Z,1.15600,1.15685,1.15545,1.15546,2043,0
2025-11-11T11:00:00Z,1.15539,1.15685,1.15534,1.15648,1807,0
2025-11-11T12:00:00Z,1.15647,1.15748,1.15626,1.15731,1628,0
2025-11-11T13:00:00Z,1.15730,1.15777,1.15701,1.15720,1525,0
2025-11-11T14:00:00Z,1.15719,1.15772,1.15684,1.15704,1883,0
2025-11-11T15:00:00Z,1.15707,1.16056,1.15704,1.16010,4228,0
2025-11-11T16:00:00Z,1.16011,1.16050,1.15934,1.16006,3046,0
2025-11-11T17:00:00Z,1.16005,1.16032,1.15915,1.15950,3177,0
2025-11-11T18:00:00Z,1.15951,1.15999,1.15906,1.15933,2352,0
2025-11-11T19:00:00Z,1.15936,1.15992,1.15906,1.15952,1516,0
2025-11-11T20:00:00Z,1.15949,1.15955,1.15913,1.15927,1123,0
2025-11-11T21:00:00Z,1.15924,1.15930,1.15833,1.15843,1426,0
2025-11-11T22:00:00Z,1.15844,1.15891,1.15832,1.15834,1243,0
2025-11-11T23:00:00Z,1.15833,1.15855,1.15810,1.15825,874,1
2025-11-12T00:00:00Z,1.15823,1.15855,1.15819,1.15845,752,25
2025-11-12T01:00:00Z,1.15844,1.15870,1.15818,1.15868,805,1
2025-11-12T02:00:00Z,1.15869,1.15869,1.15789,1.15793,1541,0
2025-11-12T03:00:00Z,1.15791,1.15822,1.15744,1.15755,1512,0
2025-11-12T04:00:00Z,1.15753,1.15797,1.15751,1.15790,1047,0
2025-11-12T05:00:00Z,1.15791,1.15815,1.15755,1.15773,1006,0
2025-11-12T06:00:00Z,1.15774,1.15785,1.15700,1.15722,971,0
2025-11-12T07:00:00Z,1.15721,1.15787,1.15711,1.15763,1455,0
2025-11-12T08:00:00Z,1.15761,1.15824,1.15752,1.15821,1030,0
2025-11-12T09:00:00Z,1.15822,1.15884,1.15813,1.15832,1840,0
2025-11-12T10:00:00Z,1.15836,1.15879,1.15769,1.15772,2298,0
2025-11-12T11:00:00Z,1.15773,1.15804,1.15683,1.15699,2322,0
2025-11-12T12:00:00Z,1.15702,1.15756,1.15652,1.15702,1817,0
2025-11-12T13:00:00Z,1.15703,1.15779,1.15656,1.15779,1552,0
2025-11-12T14:00:00Z,1.15778,1.15803,1.15716,1.15769,2664,0
2025-11-12T15:00:00Z,1.15768,1.15800,1.15661,1.15720,2713,0
2025-11-12T16:00:00Z,1.15719,1.15758,1.15628,1.15755,3227,0
2025-11-12T17:00:00Z,1.15754,1.15958,1.15728,1.15941,3401,0
2025-11-12T18:00:00Z,1.15937,1.15978,1.15883,1.15912,2685,0
2025-11-12T19:00:00Z,1.15913,1.15971,1.15911,1.15930,1727,0
2025-11-12T20:00:00Z,1.15931,1.15944,1.15889,1.15895,1323,0
2025-11-12T21:00:00Z,1.15896,1.15904,1.15840,1.15866,1361,0
2025-11-12T22:00:00Z,1.15860,1.15906,1.15854,1.15896,1138,0
2025-11-12T23:00:00Z,1.15897,1.15910,1.15847,1.15902,803,1
2025-11-13T00:00:00Z,1.15905,1.15919,1.15877,1.15881,1153,25
2025-11-13T01:00:00Z,1.15884,1.15942,1.15873,1.15915,647,1
2025-11-13T02:00:00Z,1.15918,1.15920,1.15803,1.15803,1652,0
2025-11-13T03:00:00Z,1.15804,1.15896,1.15789,1.15895,1598,0
2025-11-13T04:00:00Z,1.15897,1.15929,1.15853,1.15895,1105,0
2025-11-13T05:00:00Z,1.15898,1.15916,1.15868,1.15896,740,0
2025-11-13T06:00:00Z,1.15895,1.15918,1.15874,1.15900,656,0
2025-11-13T07:00:00Z,1.15905,1.15907,1.15801,1.15817,837,0
2025-11-13T08:00:00Z,1.15814,1.15859,1.15811,1.15857,1183,0
2025-11-13T09:00:00Z,1.15832,1.16123,1.15830,1.16115,2276,0
2025-11-13T10:00:00Z,1.16114,1.16293,1.16102,1.16281,2832,0
2025-11-13T11:00:00Z,1.16279,1.16349,1.16108,1.16165,3398,0
2025-11-13T12:00:00Z,1.16166,1.16236,1.16114,1.16159,2129,0
2025-11-13T13:00:00Z,1.16160,1.16205,1.16045,1.16061,2175,0
2025-11-13T14:00:00Z,1.16064,1.16229,1.16057,1.16228,2652,0
2025-11-13T15:00:00Z,1.16229,1.16248,1.16118,1.16205,2880,0
2025-11-13T16:00:00Z,1.16206,1.16311,1.16169,1.16279,3653,0
2025-11-13T17:00:00Z,1.16278,1.16432,1.16230,1.16391,4086,0
2025-11-13T18:00:00Z,1.16390,1.16489,1.16366,1.16489,3592,0
2025-11-13T19:00:00Z,1.16488,1.16560,1.16459,1.16513,3014,0
2025-11-13T20:00:00Z,1.16512,1.16517,1.16367,1.16382,2733,0
2025-11-13T21:00:00Z,1.16381,1.16413,1.16350,1.16357,1738,0
2025-11-13T22:00:00Z,1.16355,1.16393,1.16324,1.16330,1352,0
2025-11-13T23:00:00Z,1.16330,1.16373,1.16306,1.16372,812,1
2025-11-14T00:00:00Z,1.16338,1.16367,1.16332,1.16350,655,25
2025-11-14T01:00:00Z,1.16349,1.16362,1.16233,1.16301,1048,1
2025-11-14T02:00:00Z,1.16302,1.16337,1.16270,1.16328,1823,0
2025-11-14T03:00:00Z,1.16327,1.16391,1.16300,1.16333,1933,0
2025-11-14T04:00:00Z,1.16331,1.16375,1.16298,1.16357,1257,0
2025-11-14T05:00:00Z,1.16358,1.16449,1.16356,1.16383,1136,0
2025-11-14T06:00:00Z,1.16384,1.16431,1.16379,1.16421,1000,0
2025-11-14T07:00:00Z,1.16416,1.16481,1.16391,1.16478,1320,0
2025-11-14T08:00:00Z,1.16477,1.16485,1.16332,1.16377,1884,0
2025-11-14T09:00:00Z,1.16376,1.16464,1.16319,1.16328,2706,0
2025-11-14T10:00:00Z,1.16331,1.16368,1.16205,1.16296,4303,0
2025-11-14T11:00:00Z,1.16289,1.16313,1.16204,1.16219,2475,0
2025-11-14T12:00:00Z,1.16217,1.16219,1.16126,1.16136,2091,0
2025-11-14T13:00:00Z,1.16134,1.16198,1.16088,1.16195,2278,0
2025-11-14T14:00:00Z,1.16196,1.16527,1.16166,1.16525,3952,0
2025-11-14T15:00:00Z,1.16528,1.16537,1.16336,1.16377,4690,0
2025-11-14T16:00:00Z,1.16377,1.16384,1.16210,1.16233,4964,0
2025-11-14T17:00:00Z,1.16232,1.16255,1.16061,1.16131,4617,0
2025-11-14T18:00:00Z,1.16132,1.16226,1.16098,1.16170,3314,0
2025-11-14T19:00:00Z,1.16169,1.16180,1.16078,1.16140,2630,0
2025-11-14T20:00:00Z,1.16141,1.16180,1.16098,1.16163,2008,0
2025-11-14T21:00:00Z,1.16164,1.16201,1.16159,1.16178,1829,0
2025-11-14T22:00:00Z,1.16179,1.16231,1.16168,1.16204,1617,0
2025-11-14T23:00:00Z,1.16204,1.16235,1.16183,1.16217,922,1
2025-11-17T00:00:00Z,1.16135,1.16230,1.16132,1.16199,721,30
2025-11-17T01:00:00Z,1.16198,1.16246,1.16113,1.16146,876,1
2025-11-17T02:00:00Z,1.16147,1.16148,1.16049,1.16063,1622,0
2025-11-17T03:00:00Z,1.16061,1.16100,1.16053,1.16064,1304,0
2025-11-17T04:00:00Z,1.16063,1.16064,1.16015,1.16021,968,0
2025-11-17T05:00:00Z,1.16018,1.16020,1.15964,1.15987,927,0
2025-11-17T06:00:00Z,1.15986,1.16031,1.15976,1.16026,600,0
2025-11-17T07:00:00Z,1.16027,1.16051,1.15992,1.16003,880,0
2025-11-17T08:00:00Z,1.16005,1.16086,1.15948,1.16076,1224,0
2025-11-17T09:00:00Z,1.16075,1.16148,1.16066,1.16134,1529,0
2025-11-17T10:00:00Z,1.16133,1.16148,1.15994,1.16030,2276,0
2025-11-17T11:00:00Z,1.16031,1.16046,1.15971,1.16015,1989,0
2025-11-17T12:00:00Z,1.16014,1.16083,1.15961,1.15966,1695,0
2025-11-17T13:00:00Z,1.15965,1.16031,1.15948,1.16011,1755,0
2025-11-17T14:00:00Z,1.16011,1.16047,1.15956,1.15989,2018,0
2025-11-17T15:00:00Z,1.15988,1.15997,1.15886,1.15911,2711,0
2025-11-17T16:00:00Z,1.15908,1.15955,1.15830,1.15857,2826,0
2025-11-17T17:00:00Z,1.15856,1.15982,1.15820,1.15975,3328,0
2025-11-17T18:00:00Z,1.15976,1.16019,1.15936,1.15971,2226,0
2025-11-17T19:00:00Z,1.15972,1.15993,1.15911,1.15936,1316,0
2025-11-17T20:00:00Z,1.15937,1.15945,1.15880,1.15909,1440,0
2025-11-17T21:00:00Z,1.15906,1.15950,1.15831,1.15839,1793,0
2025-11-17T22:00:00Z,1.15834,1.15908,1.15824,1.15885,1477,0
2025-11-17T23:00:00Z,1.15884,1.15920,1.15871,1.15911,656,1
2025-11-18T00:00:00Z,1.15892,1.15917,1.15864,1.15894,601,25
2025-11-18T01:00:00Z,1.15896,1.15942,1.15888,1.15900,577,1
2025-11-18T02:00:00Z,1.15901,1.15901,1.15847,1.15867,1171,0
2025-11-18T03:00:00Z,1.15868,1.15932,1.15845,1.15908,1303,0
2025-11-18T04:00:00Z,1.15909,1.15939,1.15881,1.15928,837,0
2025-11-18T05:00:00Z,1.15929,1.15959,1.15912,1.15923,1083,0
2025-11-18T06:00:00Z,1.15922,1.16036,1.15890,1.15995,1831,0
2025-11-18T07:00:00Z,1.15993,1.16005,1.15953,1.15979,1056,0
2025-11-18T08:00:00Z,1.15978,1.16009,1.15932,1.15943,1533,0
2025-11-18T09:00:00Z,1.15939,1.15996,1.15910,1.15910,2477,0
2025-11-18T10:00:00Z,1.15908,1.16064,1.15898,1.15919,2931,0
2025-11-18T11:00:00Z,1.15908,1.15956,1.15873,1.15893,2113,0
2025-11-18T12:00:00Z,1.15892,1.15909,1.15797,1.15820,1984,0
2025-11-18T13:00:00Z,1.15818,1.15885,1.15801,1.15848,1820,0
2025-11-18T14:00:00Z,1.15847,1.15928,1.15831,1.15919,2286,0
2025-11-18T15:00:00Z,1.15921,1.16020,1.15883,1.15969,3767,0
2025-11-18T16:00:00Z,1.15980,1.16023,1.15929,1.16000,3186,0
2025-11-18T17:00:00Z,1.16001,1.16077,1.15817,1.15820,3883,0
2025-11-18T18:00:00Z,1.15819,1.15840,1.15724,1.15790,3492,0
2025-11-18T19:00:00Z,1.15787,1.15807,1.15715,1.15756,1968,0
2025-11-18T20:00:00Z,1.15757,1.15857,1.15751,1.15821,1665,0
2025-11-18T21:00:00Z,1.15819,1.15871,1.15803,1.15855,1359,0
2025-11-18T22:00:00Z,1.15854,1.15871,1.15786,1.15806,1157,0
2025-11-18T23:00:00Z,1.15805,1.15835,1.15780,1.15780,659,1
2025-11-19T00:00:00Z,1.15754,1.15814,1.15754,1.15773,1106,25
2025-11-19T01:00:00Z,1.15787,1.15817,1.15753,1.15801,873,1
2025-11-19T02:00:00Z,1.15802,1.15841,1.15785,1.15822,1650,0
2025-11-19T03:00:00Z,1.15821,1.15850,1.15758,1.15769,2040,0
2025-11-19T04:00:00Z,1.15768,1.15819,1.15723,1.15787,1697,0
2025-11-19T05:00:00Z,1.15788,1.15839,1.15768,1.15839,1529,0
2025-11-19T06:00:00Z,1.15838,1.15841,1.15775,1.15840,964,0
2025-11-19T07:00:00Z,1.15839,1.15905,1.15834,1.15889,1271,0
2025-11-19T08:00:00Z,1.15887,1.15916,1.15865,1.15867,1108,0
2025-11-19T09:00:00Z,1.15866,1.15973,1.15775,1.15813,2602,0
2025-11-19T10:00:00Z,1.15812,1.15890,1.15712,1.15735,2752,0
2025-11-19T11:00:00Z,1.15736,1.15805,1.15656,1.15734,2745,0
2025-11-19T12:00:00Z,1.15733,1.15776,1.15674,1.15693,2817,0
2025-11-19T13:00:00Z,1.15690,1.15874,1.15683,1.15864,2612,0
2025-11-19T14:00:00Z,1.15868,1.15893,1.15759,1.15782,2284,0
2025-11-19T15:00:00Z,1.15783,1.15909,1.15710,1.15729,2534,0
2025-11-19T16:00:00Z,1.15724,1.15738,1.15549,1.15553,3437,0
2025-11-19T17:00:00Z,1.15552,1.15563,1.15403,1.15469,3819,0
2025-11-19T18:00:00Z,1.15468,1.15475,1.15348,1.15397,3107,0
2025-11-19T19:00:00Z,1.15399,1.15425,1.15260,1.15331,2795,0
2025-11-19T20:00:00Z,1.15334,1.15375,1.15291,1.15299,1796,0
2025-11-19T21:00:00Z,1.15297,1.15310,1.15180,1.15210,2949,0
2025-11-19T22:00:00Z,1.15211,1.15288,1.15201,1.15263,1518,0
2025-11-19T23:00:00Z,1.15262,1.15383,1.15228,1.15368,1210,1
2025-11-20T00:00:00Z,1.15374,1.15380,1.15364,1.15372,290,25
2025-11-20T01:00:00Z,1.15381,1.15421,1.15364,1.15393,816,1
2025-11-20T02:00:00Z,1.15394,1.15394,1.15286,1.15341,1820,0
2025-11-20T03:00:00Z,1.15342,1.15352,1.15224,1.15228,1781,0
2025-11-20T04:00:00Z,1.15227,1.15235,1.15149,1.15202,1691,0
2025-11-20T05:00:00Z,1.15196,1.15222,1.15098,1.15142,1473,0
2025-11-20T06:00:00Z,1.15141,1.15205,1.15131,1.15196,1014,0
2025-11-20T07:00:00Z,1.15195,1.15196,1.15139,1.15155,1227,0
2025-11-20T08:00:00Z,1.15154,1.15233,1.15134,1.15198,1647,0
2025-11-20T09:00:00Z,1.15199,1.15229,1.15151,1.15199,2650,0
2025-11-20T10:00:00Z,1.15193,1.15233,1.15115,1.15210,2989,0
2025-11-20T11:00:00Z,1.15207,1.15278,1.15172,1.15276,2322,0
2025-11-20T12:00:00Z,1.15274,1.15295,1.15244,1.15274,2252,0
2025-11-20T13:00:00Z,1.15273,1.15274,1.15129,1.15143,2203,0
2025-11-20T14:00:00Z,1.15144,1.15168,1.15071,1.15109,1890,0
2025-11-20T15:00:00Z,1.15110,1.15398,1.14996,1.15277,5772,0
2025-11-20T16:00:00Z,1.15276,1.15500,1.15232,1.15348,5506,0
2025-11-20T17:00:00Z,1.15343,1.15369,1.15201,1.15275,3553,0
2025-11-20T18:00:00Z,1.15276,1.15411,1.15276,1.15337,3927,0
2025-11-20T19:00:00Z,1.15339,1.15382,1.15251,1.15288,3429,0
2025-11-20T20:00:00Z,1.15287,1.15367,1.15268,1.15366,2046,0
2025-11-20T21:00:00Z,1.15365,1.15406,1.15355,1.15380,1522,0
2025-11-20T22:00:00Z,1.15381,1.15386,1.15260,1.15261,1336,0
2025-11-20T23:00:00Z,1.15262,1.15280,1.15239,1.15270,918,0
2025-11-21T00:00:00Z,1.15240,1.15293,1.15230,1.15277,1480,25
2025-11-21T01:00:00Z,1.15273,1.15345,1.15234,1.15335,1040,1
2025-11-21T02:00:00Z,1.15337,1.15361,1.15283,1.15351,1302,0
2025-11-21T03:00:00Z,1.15346,1.15382,1.15323,1.15325,1616,0
2025-11-21T04:00:00Z,1.15330,1.15390,1.15321,1.15358,1560,0
2025-11-21T05:00:00Z,1.15359,1.15379,1.15337,1.15361,1068,0
2025-11-21T06:00:00Z,1.15362,1.15420,1.15358,1.15388,1347,0
2025-11-21T07:00:00Z,1.15389,1.15419,1.15345,1.15352,1233,0
2025-11-21T08:00:00Z,1.15353,1.15467,1.15351,1.15414,1793,0
2025-11-21T09:00:00Z,1.15415,1.15479,1.15389,1.15413,2891,0
2025-11-21T10:00:00Z,1.15412,1.15526,1.15342,1.15410,3865,0
2025-11-21T11:00:00Z,1.15411,1.15428,1.15250,1.15253,3179,0
2025-11-21T12:00:00Z,1.15254,1.15270,1.15124,1.15198,3323,0
2025-11-21T13:00:00Z,1.15200,1.15228,1.15044,1.15060,2582,0
2025-11-21T14:00:00Z,1.15058,1.15259,1.14965,1.15247,4269,0
2025-11-21T15:00:00Z,1.15243,1.15269,1.15156,1.15205,2958,0
2025-11-21T16:00:00Z,1.15204,1.15232,1.15054,1.15140,3753,0
2025-11-21T17:00:00Z,1.15139,1.15234,1.14988,1.15030,4544,0
2025-11-21T18:00:00Z,1.15029,1.15054,1.14912,1.15050,3151,0
2025-11-21T19:00:00Z,1.15053,1.15129,1.15006,1.15072,2607,0
2025-11-21T20:00:00Z,1.15074,1.15082,1.15021,1.15042,1899,0
2025-11-21T21:00:00Z,1.15043,1.15178,1.15041,1.15131,1705,0
2025-11-21T22:00:00Z,1.15132,1.15179,1.15091,1.15174,1516,0
2025-11-21T23:00:00Z,1.15173,1.15206,1.15124,1.15152,795,1
2025-11-24T00:00:00Z,1.15109,1.15129,1.15083,1.15127,462,30
2025-11-24T01:00:00Z,1.15126,1.15144,1.15059,1.15071,1020,1
2025-11-24T02:00:00Z,1.15072,1.15084,1.15018,1.15069,898,0
2025-11-24T03:00:00Z,1.15070,1.15131,1.15049,1.15101,1209,0
2025-11-24T04:00:00Z,1.15102,1.15183,1.15102,1.15158,1110,0
2025-11-24T05:00:00Z,1.15161,1.15191,1.15133,1.15161,862,0
2025-11-24T06:00:00Z,1.15160,1.15218,1.15156,1.15208,1071,0
2025-11-24T07:00:00Z,1.15209,1.15284,1.15206,1.15224,1572,0
2025-11-24T08:00:00Z,1.15224,1.15271,1.15200,1.15206,1490,0
2025-11-24T09:00:00Z,1.15206,1.15225,1.15111,1.15119,2245,0
2025-11-24T10:00:00Z,1.15123,1.15344,1.15097,1.15279,2963,0
2025-11-24T11:00:00Z,1.15277,1.15344,1.15246,1.15298,2570,0
2025-11-24T12:00:00Z,1.15299,1.15419,1.15299,1.15408,2336,0
2025-11-24T13:00:00Z,1.15409,1.15470,1.15362,1.15453,1643,0
2025-11-24T14:00:00Z,1.15453,1.15505,1.15362,1.15475,2002,0
2025-11-24T15:00:00Z,1.15476,1.15500,1.15373,1.15384,1918,0
2025-11-24T16:00:00Z,1.15383,1.15411,1.15262,1.15269,3082,0
2025-11-24T17:00:00Z,1.15271,1.15301,1.15168,1.15291,2991,0
2025-11-24T18:00:00Z,1.15290,1.15309,1.15174,1.15175,1792,0
2025-11-24T19:00:00Z,1.15178,1.15195,1.15115,1.15180,1594,0
2025-11-24T20:00:00Z,1.15181,1.15281,1.15173,1.15277,1180,0
2025-11-24T21:00:00Z,1.15276,1.15290,1.15231,1.15275,1088,0
2025-11-24T22:00:00Z,1.15277,1.15282,1.15219,1.15224,1127,0
2025-11-24T23:00:00Z,1.15223,1.15233,1.15193,1.15211,364,1
2025-11-25T00:00:00Z,1.15190,1.15246,1.15189,1.15234,586,25
2025-11-25T01:00:00Z,1.15240,1.15246,1.15185,1.15203,919,1
2025-11-25T02:00:00Z,1.15204,1.15235,1.15185,1.15233,1159,0
2025-11-25T03:00:00Z,1.15231,1.15299,1.15220,1.15258,1772,0
2025-11-25T04:00:00Z,1.15259,1.15285,1.15221,1.15284,1276,0
2025-11-25T05:00:00Z,1.15285,1.15303,1.15171,1.15181,1410,0
2025-11-25T06:00:00Z,1.15179,1.15179,1.15144,1.15150,710,0
2025-11-25T07:00:00Z,1.15151,1.15181,1.15117,1.15166,846,0
2025-11-25T08:00:00Z,1.15167,1.15217,1.15146,1.15183,1102,0
2025-11-25T09:00:00Z,1.15178,1.15302,1.15176,1.15226,2304,0
2025-11-25T10:00:00Z,1.15230,1.15335,1.15205,1.15287,2548,0
2025-11-25T11:00:00Z,1.15285,1.15366,1.15272,1.15340,2218,0
2025-11-25T12:00:00Z,1.15338,1.15410,1.15321,1.15390,2145,0
2025-11-25T13:00:00Z,1.15389,1.15389,1.15246,1.15268,1707,0
2025-11-25T14:00:00Z,1.15263,1.15571,1.15254,1.15446,3052,0
2025-11-25T15:00:00Z,1.15451,1.15619,1.15426,1.15584,4201,0
2025-11-25T16:00:00Z,1.15585,1.15720,1.15523,1.15667,3999,0
2025-11-25T17:00:00Z,1.15668,1.15841,1.15617,1.15624,3758,0
2025-11-25T18:00:00Z,1.15625,1.15719,1.15498,1.15530,2444,0
2025-11-25T19:00:00Z,1.15529,1.15839,1.15521,1.15824,4195,0
2025-11-25T20:00:00Z,1.15824,1.15859,1.15766,1.15796,2737,0
2025-11-25T21:00:00Z,1.15797,1.15856,1.15739,1.15840,1822,0
2025-11-25T22:00:00Z,1.15839,1.15844,1.15582,1.15650,2227,0
2025-11-25T23:00:00Z,1.15649,1.15722,1.15643,1.15705,848,1
2025-11-26T00:00:00Z,1.15679,1.15688,1.15659,1.15681,417,25
2025-11-26T01:00:00Z,1.15691,1.15731,1.15641,1.15648,953,1
2025-11-26T02:00:00Z,1.15649,1.15723,1.15631,1.15682,2342,0
2025-11-26T03:00:00Z,1.15680,1.15831,1.15653,1.15773,3396,0
2025-11-26T04:00:00Z,1.15771,1.15868,1.15746,1.15818,2648,0
2025-11-26T05:00:00Z,1.15817,1.15916,1.15809,1.15908,2006,0
2025-11-26T06:00:00Z,1.15907,1.15917,1.15825,1.15835,1302,0
2025-11-26T07:00:00Z,1.15836,1.15911,1.15827,1.15907,1236,0
2025-11-26T08:00:00Z,1.15903,1.15959,1.15835,1.15860,1924,0
2025-11-26T09:00:00Z,1.15861,1.15922,1.15752,1.15793,2800,0
2025-11-26T10:00:00Z,1.15798,1.15809,1.15657,1.15719,2931,0
2025-11-26T11:00:00Z,1.15720,1.15798,1.15681,1.15719,2628,0
2025-11-26T12:00:00Z,1.15721,1.15779,1.15682,1.15736,2113,0
2025-11-26T13:00:00Z,1.15737,1.15805,1.15681,1.15744,3086,0
2025-11-26T14:00:00Z,1.15742,1.15800,1.15691,1.15722,4142,0
2025-11-26T15:00:00Z,1.15723,1.15840,1.15487,1.15523,5506,0
2025-11-26T16:00:00Z,1.15524,1.15819,1.15471,1.15789,3684,0
2025-11-26T17:00:00Z,1.15788,1.15948,1.15781,1.15895,3950,0
2025-11-26T18:00:00Z,1.15896,1.16009,1.15889,1.15903,2876,0
2025-11-26T19:00:00Z,1.15904,1.15938,1.15851,1.15931,2325,0
2025-11-26T20:00:00Z,1.15930,1.15964,1.15893,1.15932,1435,0
2025-11-26T21:00:00Z,1.15933,1.15965,1.15905,1.15937,1200,0
2025-11-26T22:00:00Z,1.15937,1.15974,1.15921,1.15943,1117,0
2025-11-26T23:00:00Z,1.15942,1.15969,1.15935,1.15965,615,1
2025-11-27T00:00:00Z,1.15894,1.15962,1.15894,1.15949,455,25
2025-11-27T01:00:00Z,1.15947,1.16020,1.15928,1.16019,751,1
2025-11-27T02:00:00Z,1.16020,1.16050,1.16000,1.16019,1037,0
2025-11-27T03:00:00Z,1.16020,1.16124,1.16008,1.16092,1896,0
2025-11-27T04:00:00Z,1.16093,1.16136,1.16003,1.16036,1429,0
2025-11-27T05:00:00Z,1.16035,1.16066,1.16001,1.16021,1058,0
2025-11-27T06:00:00Z,1.16022,1.16052,1.16001,1.16012,976,0
2025-11-27T07:00:00Z,1.16009,1.16063,1.16007,1.16020,1460,0
2025-11-27T08:00:00Z,1.16025,1.16054,1.15912,1.15924,1741,0
2025-11-27T09:00:00Z,1.15922,1.15938,1.15858,1.15917,1812,0
2025-11-27T10:00:00Z,1.15923,1.15955,1.15866,1.15929,2251,0
2025-11-27T11:00:00Z,1.15928,1.15938,1.15766,1.15776,2371,0
2025-11-27T12:00:00Z,1.15778,1.15851,1.15771,1.15840,1640,0
2025-11-27T13:00:00Z,1.15840,1.15877,1.15787,1.15860,1837,0
2025-11-27T14:00:00Z,1.15861,1.15904,1.15820,1.15831,1415,0
2025-11-27T15:00:00Z,1.15830,1.15970,1.15830,1.15950,1918,0
2025-11-27T16:00:00Z,1.15951,1.15980,1.15904,1.15946,1677,0
2025-11-27T17:00:00Z,1.15948,1.15996,1.15922,1.15942,1536,0
2025-11-27T18:00:00Z,1.15941,1.16003,1.15922,1.15994,972,0
2025-11-27T19:00:00Z,1.15993,1.16014,1.15917,1.15950,933,0
2025-11-27T20:00:00Z,1.15949,1.15954,1.15912,1.15917,481,0
2025-11-27T21:00:00Z,1.15918,1.15961,1.15918,1.15953,422,0
2025-11-27T22:00:00Z,1.15952,1.15963,1.15943,1.15949,434,0
2025-11-27T23:00:00Z,1.15949,1.15968,1.15949,1.15958,284,1
2025-11-28T00:00:00Z,1.15925,1.15960,1.15925,1.15946,521,25
2025-11-28T01:00:00Z,1.15937,1.16015,1.15937,1.15996,815,1
2025-11-28T02:00:00Z,1.15997,1.16021,1.15921,1.15941,2024,0
2025-11-28T03:00:00Z,1.15945,1.15987,1.15815,1.15831,2067,0
2025-11-28T04:00:00Z,1.15832,1.15881,1.15813,1.15843,2994,0
2025-11-28T05:00:00Z,1.15846,1.15904,1.15813,1.15872,3431,0
2025-11-28T06:00:00Z,1.15871,1.15919,1.15845,1.15897,2004,0
2025-11-28T07:00:00Z,1.15899,1.15927,1.15819,1.15888,5522,0
2025-11-28T08:00:00Z,1.15891,1.15901,1.15812,1.15827,6045,0
2025-11-28T09:00:00Z,1.15828,1.15902,1.15774,1.15794,6256,0
2025-11-28T10:00:00Z,1.15794,1.15807,1.15663,1.15691,5440,0
2025-11-28T11:00:00Z,1.15685,1.15798,1.15660,1.15676,7590,0
2025-11-28T12:00:00Z,1.15675,1.15698,1.15551,1.15593,4756,0
2025-11-28T13:00:00Z,1.15592,1.15688,1.15558,1.15678,4192,0
2025-11-28T14:00:00Z,1.15677,1.15728,1.15618,1.15663,4066,0
2025-11-28T15:00:00Z,1.15664,1.15787,1.15626,1.15747,5951,0
2025-11-28T16:00:00Z,1.15746,1.15850,1.15712,1.15845,3087,0
2025-11-28T17:00:00Z,1.15844,1.16075,1.15796,1.16074,3797,0
2025-11-28T18:00:00Z,1.16075,1.16075,1.15927,1.15990,2823,0
2025-11-28T19:00:00Z,1.15989,1.16043,1.15934,1.16028,1585,0
2025-11-28T20:00:00Z,1.16024,1.16045,1.15957,1.16016,1323,0
2025-11-28T21:00:00Z,1.16013,1.16039,1.16005,1.16022,1199,0
2025-11-28T22:00:00Z,1.16024,1.16044,1.16005,1.16005,1463,0
2025-11-28T23:00:00Z,1.16003,1.16025,1.15958,1.15963,1325,1
2025-12-01T00:00:00Z,1.15909,1.15983,1.15896,1.15968,646,30
2025-12-01T01:00:00Z,1.15968,1.16076,1.15954,1.16007,1443,1
2025-12-01T02:00:00Z,1.16009,1.16073,1.15977,1.16032,2186,0
2025-12-01T03:00:00Z,1.16031,1.16159,1.16003,1.16052,3159,0
2025-12-01T04:00:00Z,1.16051,1.16058,1.15928,1.15950,2080,0
2025-12-01T05:00:00Z,1.15951,1.15975,1.15894,1.15969,1352,0
2025-12-01T06:00:00Z,1.15969,1.16024,1.15946,1.15987,1165,0
2025-12-01T07:00:00Z,1.15985,1.16014,1.15947,1.15978,1503,0
2025-12-01T08:00:00Z,1.15977,1.15990,1.15904,1.15961,1992,0
2025-12-01T09:00:00Z,1.15963,1.16129,1.15953,1.16071,2288,0
2025-12-01T10:00:00Z,1.16066,1.16218,1.16041,1.16134,3483,0
2025-12-01T11:00:00Z,1.16137,1.16235,1.16135,1.16222,2889,0
2025-12-01T12:00:00Z,1.16221,1.16286,1.16189,1.16276,2386,0
2025-12-01T13:00:00Z,1.16277,1.16323,1.16243,1.16277,2066,0
2025-12-01T14:00:00Z,1.16279,1.16489,1.16267,1.16487,2314,0
2025-12-01T15:00:00Z,1.16488,1.16522,1.16395,1.16449,3157,0
2025-12-01T16:00:00Z,1.16450,1.16452,1.16303,1.16314,3667,0
2025-12-01T17:00:00Z,1.16313,1.16407,1.16228,1.16289,3666,0
2025-12-01T18:00:00Z,1.16293,1.16344,1.16212,1.16229,2311,0
2025-12-01T19:00:00Z,1.16228,1.16289,1.16179,1.16206,1712,0
2025-12-01T20:00:00Z,1.16207,1.16235,1.16115,1.16119,1711,0
2025-12-01T21:00:00Z,1.16119,1.16123,1.16071,1.16085,1405,0
2025-12-01T22:00:00Z,1.16084,1.16100,1.16066,1.16096,1101,0
2025-12-01T23:00:00Z,1.16094,1.16108,1.16076,1.16093,554,1
2025-12-02T00:00:00Z,1.16063,1.16083,1.16058,1.16071,88,25
2025-12-02T01:00:00Z,1.16080,1.16102,1.16063,1.16064,662,1
2025-12-02T02:00:00Z,1.16065,1.16094,1.16039,1.16056,1095,0
2025-12-02T03:00:00Z,1.16054,1.16110,1.16037,1.16093,1475,0
2025-12-02T04:00:00Z,1.16092,1.16119,1.16086,1.16116,832,0
2025-12-02T05:00:00Z,1.16117,1.16127,1.16087,1.16122,1030,0
2025-12-02T06:00:00Z,1.16123,1.16142,1.16088,1.16088,889,0
2025-12-02T07:00:00Z,1.16088,1.16113,1.16071,1.16102,856,0
2025-12-02T08:00:00Z,1.16101,1.16112,1.16048,1.16097,1214,0
2025-12-02T09:00:00Z,1.16098,1.16164,1.16088,1.16126,1702,0
2025-12-02T10:00:00Z,1.16127,1.16163,1.16088,1.16106,2029,0
2025-12-02T11:00:00Z,1.16105,1.16142,1.16027,1.16102,1862,0
2025-12-02T12:00:00Z,1.16103,1.16122,1.15983,1.16066,2192,0
2025-12-02T13:00:00Z,1.16067,1.16128,1.16035,1.16117,1665,0
2025-12-02T14:00:00Z,1.16118,1.16193,1.16074,1.16177,1568,0
2025-12-02T15:00:00Z,1.16180,1.16195,1.16112,1.16175,1814,0
2025-12-02T16:00:00Z,1.16176,1.16231,1.16132,1.16177,2882,0
2025-12-02T17:00:00Z,1.16178,1.16186,1.15933,1.16063,3453,0
2025-12-02T18:00:00Z,1.16062,1.16099,1.15911,1.15953,2622,0
2025-12-02T19:00:00Z,1.15951,1.16079,1.15927,1.16072,2000,0
2025-12-02T20:00:00Z,1.16071,1.16133,1.16056,1.16087,1563,0
2025-12-02T21:00:00Z,1.16088,1.16248,1.16086,1.16207,1441,0
2025-12-02T22:00:00Z,1.16212,1.16258,1.16197,1.16246,1495,0
2025-12-02T23:00:00Z,1.16245,1.16245,1.16210,1.16232,679,1
2025-12-03T00:00:00Z,1.16203,1.16238,1.16187,1.16228,181,25
2025-12-03T01:00:00Z,1.16239,1.16289,1.16237,1.16282,708,1
2025-12-03T02:00:00Z,1.16283,1.16331,1.16277,1.16309,1306,0
2025-12-03T03:00:00Z,1.16307,1.16375,1.16305,1.16369,1478,0
2025-12-03T04:00:00Z,1.16370,1.16387,1.16352,1.16380,1011,0
2025-12-03T05:00:00Z,1.16380,1.16390,1.16370,1.16379,817,0
2025-12-03T06:00:00Z,1.16378,1.16421,1.16360,1.16411,513,0
2025-12-03T07:00:00Z,1.16412,1.16437,1.16409,1.16427,635,0
2025-12-03T08:00:00Z,1.16428,1.16476,1.16416,1.16429,1091,0
2025-12-03T09:00:00Z,1.16430,1.16528,1.16394,1.16412,2318,0
2025-12-03T10:00:00Z,1.16413,1.16458,1.16357,1.16441,2390,0
2025-12-03T11:00:00Z,1.16449,1.16479,1.16400,1.16456,2342,0
2025-12-03T12:00:00Z,1.16457,1.16639,1.16449,1.16607,2353,0
2025-12-03T13:00:00Z,1.16606,1.16659,1.16550,1.16656,1750,0
2025-12-03T14:00:00Z,1.16655,1.16694,1.16622,1.16630,1586,0
2025-12-03T15:00:00Z,1.16629,1.16753,1.16619,1.16664,2917,0
2025-12-03T16:00:00Z,1.16663,1.16670,1.16557,1.16626,3286,0
2025-12-03T17:00:00Z,1.16627,1.16681,1.16546,1.16597,4093,0
2025-12-03T18:00:00Z,1.16596,1.16664,1.16587,1.16594,2413,0
2025-12-03T19:00:00Z,1.16596,1.16709,1.16576,1.16686,1902,0
2025-12-03T20:00:00Z,1.16687,1.16757,1.16684,1.16719,1696,0
2025-12-03T21:00:00Z,1.16720,1.16776,1.16711,1.16728,1177,0
2025-12-03T22:00:00Z,1.16720,1.16730,1.16651,1.16656,1113,0
2025-12-03T23:00:00Z,1.16655,1.16711,1.16641,1.16706,673,1
2025-12-04T00:00:00Z,1.16702,1.16735,1.16696,1.16696,160,25
2025-12-04T01:00:00Z,1.16695,1.16721,1.16635,1.16663,842,1
2025-12-04T02:00:00Z,1.16664,1.16671,1.16594,1.16628,1365,0
2025-12-04T03:00:00Z,1.16629,1.16649,1.16589,1.16632,1505,0
2025-12-04T04:00:00Z,1.16634,1.16639,1.16590,1.16603,1240,0
2025-12-04T05:00:00Z,1.16595,1.16599,1.16532,1.16559,1216,0
2025-12-04T06:00:00Z,1.16558,1.16584,1.16551,1.16573,940,0
2025-12-04T07:00:00Z,1.16572,1.16622,1.16564,1.16597,1436,0
2025-12-04T08:00:00Z,1.16598,1.16599,1.16529,1.16579,1534,0
2025-12-04T09:00:00Z,1.16582,1.16654,1.16552,1.16654,1685,0
2025-12-04T10:00:00Z,1.16652,1.16820,1.16633,1.16766,3011,0
2025-12-04T11:00:00Z,1.16765,1.16803,1.16734,1.16776,2356,0
2025-12-04T12:00:00Z,1.16777,1.16798,1.16636,1.16665,1911,0
2025-12-04T13:00:00Z,1.16668,1.16806,1.16652,1.16802,2050,0
2025-12-04T14:00:00Z,1.16804,1.16808,1.16656,1.16699,1886,0
2025-12-04T15:00:00Z,1.16702,1.16713,1.16523,1.16649,3163,0
2025-12-04T16:00:00Z,1.16650,1.16768,1.16643,1.16700,3002,0
2025-12-04T17:00:00Z,1.16698,1.16747,1.16582,1.16733,2778,0
2025-12-04T18:00:00Z,1.16734,1.16735,1.16536,1.16589,2161,0
2025-12-04T19:00:00Z,1.16588,1.16597,1.16530,1.16562,1570,0
2025-12-04T20:00:00Z,1.16560,1.16598,1.16537,1.16544,1460,0
2025-12-04T21:00:00Z,1.16543,1.16558,1.16501,1.16527,1540,0
2025-12-04T22:00:00Z,1.16523,1.16523,1.16412,1.16442,1647,0
2025-12-04T23:00:00Z,1.16441,1.16457,1.16408,1.16449,688,1
2025-12-05T00:00:00Z,1.16421,1.16441,1.16421,1.16433,107,25
2025-12-05T01:00:00Z,1.16445,1.16445,1.16408,1.16431,701,1
2025-12-05T02:00:00Z,1.16432,1.16504,1.16432,1.16500,1195,0
2025-12-05T03:00:00Z,1.16501,1.16536,1.16496,1.16534,1455,0
2025-12-05T04:00:00Z,1.16534,1.16545,1.16512,1.16520,984,0
2025-12-05T05:00:00Z,1.16518,1.16520,1.16463,1.16488,832,0
2025-12-05T06:00:00Z,1.16490,1.16542,1.16486,1.16535,1119,0
2025-12-05T07:00:00Z,1.16534,1.16592,1.16531,1.16592,1321,0
2025-12-05T08:00:00Z,1.16591,1.16616,1.16552,1.16592,1234,0
2025-12-05T09:00:00Z,1.16593,1.16718,1.16584,1.16629,2082,0
2025-12-05T10:00:00Z,1.16629,1.16641,1.16523,1.16537,2433,0
2025-12-05T11:00:00Z,1.16532,1.16554,1.16484,1.16543,2026,0
2025-12-05T12:00:00Z,1.16544,1.16570,1.16477,1.16510,1705,0
2025-12-05T13:00:00Z,1.16509,1.16524,1.16417,1.16464,1741,0
2025-12-05T14:00:00Z,1.16463,1.16532,1.16436,1.16516,1851,0
2025-12-05T15:00:00Z,1.16516,1.16539,1.16435,1.16517,2412,0
2025-12-05T16:00:00Z,1.16519,1.16602,1.16455,1.16502,3290,0
2025-12-05T17:00:00Z,1.16498,1.16589,1.16436,1.16481,4171,0
2025-12-05T18:00:00Z,1.16482,1.16490,1.16280,1.16343,3922,0
2025-12-05T19:00:00Z,1.16342,1.16442,1.16324,1.16442,2248,0
2025-12-05T20:00:00Z,1.16441,1.16487,1.16421,1.16427,1640,0
2025-12-05T21:00:00Z,1.16428,1.16442,1.16398,1.16431,1299,0
2025-12-05T22:00:00Z,1.16430,1.16445,1.16397,1.16441,1278,0
2025-12-05T23:00:00Z,1.16439,1.16470,1.16398,1.16410,682,1
2025-12-08T00:00:00Z,1.16347,1.16445,1.16347,1.16436,555,30
2025-12-08T01:00:00Z,1.16446,1.16457,1.16391,1.16405,1386,1
2025-12-08T02:00:00Z,1.16405,1.16513,1.16395,1.16509,1742,0
2025-12-08T03:00:00Z,1.16511,1.16531,1.16458,1.16517,2172,0
2025-12-08T04:00:00Z,1.16520,1.16542,1.16485,1.16538,1545,0
2025-12-08T05:00:00Z,1.16540,1.16554,1.16498,1.16501,1090,0
2025-12-08T06:00:00Z,1.16502,1.16555,1.16498,1.16546,835,0
2025-12-08T07:00:00Z,1.16547,1.16563,1.16524,1.16562,1141,0
2025-12-08T08:00:00Z,1.16561,1.16721,1.16559,1.16609,2311,0
2025-12-08T09:00:00Z,1.16611,1.16678,1.16549,1.16582,2277,0
2025-12-08T10:00:00Z,1.16585,1.16622,1.16482,1.16560,2725,0
2025-12-08T11:00:00Z,1.16559,1.16575,1.16478,1.16486,2442,0
2025-12-08T12:00:00Z,1.16487,1.16557,1.16476,1.16509,2243,0
2025-12-08T13:00:00Z,1.16508,1.16534,1.16468,1.16502,2253,0
2025-12-08T14:00:00Z,1.16501,1.16539,1.16476,1.16532,2402,0
2025-12-08T15:00:00Z,1.16535,1.16573,1.16457,1.16485,2973,0
2025-12-08T16:00:00Z,1.16491,1.16548,1.16377,1.16401,3950,0
2025-12-08T17:00:00Z,1.16400,1.16400,1.16169,1.16252,4097,0
2025-12-08T18:00:00Z,1.16251,1.16287,1.16164,1.16249,2952,0
2025-12-08T19:00:00Z,1.16248,1.16392,1.16202,1.16391,2654,0
2025-12-08T20:00:00Z,1.16392,1.16418,1.16341,1.16372,1846,0
2025-12-08T21:00:00Z,1.16371,1.16417,1.16362,1.16394,1515,0
2025-12-08T22:00:00Z,1.16396,1.16419,1.16375,1.16381,1219,0
2025-12-08T23:00:00Z,1.16383,1.16387,1.16350,1.16377,707,0
2025-12-09T00:00:00Z,1.16342,1.16368,1.16327,1.16345,1368,25
2025-12-09T01:00:00Z,1.16346,1.16408,1.16343,1.16406,596,1
2025-12-09T02:00:00Z,1.16407,1.16430,1.16366,1.16387,1042,0
2025-12-09T03:00:00Z,1.16386,1.16477,1.16359,1.16473,1348,0
2025-12-09T04:00:00Z,1.16474,1.16484,1.16435,1.16458,1188,0
2025-12-09T05:00:00Z,1.16460,1.16486,1.16438,1.16456,1144,0
2025-12-09T06:00:00Z,1.16457,1.16471,1.16436,1.16468,1005,0
2025-12-09T07:00:00Z,1.16471,1.16503,1.16440,1.16487,1153,0
2025-12-09T08:00:00Z,1.16486,1.16491,1.16418,1.16439,1622,0
2025-12-09T09:00:00Z,1.16440,1.16461,1.16381,1.16400,1998,0
2025-12-09T10:00:00Z,1.16399,1.16496,1.16335,1.16449,2769,0
2025-12-09T11:00:00Z,1.16446,1.16573,1.16435,1.16523,2647,0
2025-12-09T12:00:00Z,1.16524,1.16543,1.16403,1.16447,2123,0
2025-12-09T13:00:00Z,1.16448,1.16477,1.16382,1.16434,2127,0
2025-12-09T14:00:00Z,1.16431,1.16444,1.16342,1.16377,2232,0
2025-12-09T15:00:00Z,1.16378,1.16399,1.16290,1.16345,2909,0
2025-12-09T16:00:00Z,1.16346,1.16386,1.16282,1.16374,3557,0
2025-12-09T17:00:00Z,1.16368,1.16372,1.16151,1.16287,4835,0
2025-12-09T18:00:00Z,1.16289,1.16411,1.16288,1.16382,2426,0
2025-12-09T19:00:00Z,1.16384,1.16397,1.16221,1.16242,2009,0
2025-12-09T20:00:00Z,1.16240,1.16249,1.16170,1.16243,1626,0
2025-12-09T21:00:00Z,1.16244,1.16298,1.16220,1.16288,1199,0
2025-12-09T22:00:00Z,1.16287,1.16322,1.16264,1.16268,1113,0
2025-12-09T23:00:00Z,1.16267,1.16290,1.16250,1.16256,704,1
2025-12-10T00:00:00Z,1.16240,1.16279,1.16215,1.16253,761,25
2025-12-10T01:00:00Z,1.16263,1.16284,1.16244,1.16279,442,1
2025-12-10T02:00:00Z,1.16280,1.16288,1.16243,1.16261,1162,0
2025-12-10T03:00:00Z,1.16260,1.16286,1.16222,1.16236,1163,0
2025-12-10T04:00:00Z,1.16235,1.16284,1.16231,1.16237,892,0
2025-12-10T05:00:00Z,1.16237,1.16273,1.16215,1.16266,1021,0
2025-12-10T06:00:00Z,1.16265,1.16290,1.16249,1.16275,904,0
2025-12-10T07:00:00Z,1.16273,1.16310,1.16263,1.16296,1023,0
2025-12-10T08:00:00Z,1.16297,1.16355,1.16285,1.16350,1391,0
2025-12-10T09:00:00Z,1.16352,1.16494,1.16344,1.16482,2146,0
2025-12-10T10:00:00Z,1.16481,1.16577,1.16436,1.16526,2607,0
2025-12-10T11:00:00Z,1.16527,1.16530,1.16355,1.16366,2456,0
2025-12-10T12:00:00Z,1.16364,1.16395,1.16274,1.16346,2229,0
2025-12-10T13:00:00Z,1.16345,1.16384,1.16300,1.16352,1959,0
2025-12-10T14:00:00Z,1.16353,1.16424,1.16328,1.16393,1651,0
2025-12-10T15:00:00Z,1.16394,1.16419,1.16277,1.16402,2540,0
2025-12-10T16:00:00Z,1.16401,1.16450,1.16339,1.16433,3203,0
2025-12-10T17:00:00Z,1.16434,1.16514,1.16345,1.16420,3150,0
2025-12-10T18:00:00Z,1.16419,1.16500,1.16374,1.16500,2204,0
2025-12-10T19:00:00Z,1.16501,1.16602,1.16456,1.16587,1715,0
2025-12-10T20:00:00Z,1.16585,1.16610,1.16537,1.16544,1549,0
2025-12-10T21:00:00Z,1.16539,1.16817,1.16419,1.16783,10083,0
2025-12-10T22:00:00Z,1.16782,1.16998,1.16738,1.16941,5813,0
2025-12-10T23:00:00Z,1.16940,1.16948,1.16893,1.16930,1178,0
2025-12-11T00:00:00Z,1.16864,1.16941,1.16819,1.16940,1656,25
2025-12-11T01:00:00Z,1.16952,1.17026,1.16946,1.17014,990,1
2025-12-11T02:00:00Z,1.17015,1.17049,1.16969,1.17021,1909,0
2025-12-11T03:00:00Z,1.17024,1.17074,1.17002,1.17019,2413,0
2025-12-11T04:00:00Z,1.17018,1.17062,1.16935,1.16940,2154,0
2025-12-11T05:00:00Z,1.16939,1.16976,1.16901,1.16907,1830,0
2025-12-11T06:00:00Z,1.16908,1.16915,1.16853,1.16904,1098,0
2025-12-11T07:00:00Z,1.16903,1.16922,1.16843,1.16851,1082,0
2025-12-11T08:00:00Z,1.16855,1.16898,1.16822,1.16891,1475,0
2025-12-11T09:00:00Z,1.16894,1.17010,1.16875,1.16936,2397,0
2025-12-11T10:00:00Z,1.16937,1.17066,1.16937,1.16972,2884,0
2025-12-11T11:00:00Z,1.16973,1.17034,1.16873,1.17021,2760,0
2025-12-11T12:00:00Z,1.17023,1.17077,1.16989,1.17071,2237,0
2025-12-11T13:00:00Z,1.17072,1.17179,1.17060,1.17130,2214,0
2025-12-11T14:00:00Z,1.17129,1.17192,1.17099,1.17168,2258,0
2025-12-11T15:00:00Z,1.17170,1.17364,1.17134,1.17310,4206,0
2025-12-11T16:00:00Z,1.17311,1.17485,1.17303,1.17377,4046,0
2025-12-11T17:00:00Z,1.17378,1.17572,1.17315,1.17563,4139,0
2025-12-11T18:00:00Z,1.17564,1.17595,1.17461,1.17554,3368,0
2025-12-11T19:00:00Z,1.17552,1.17627,1.17497,1.17552,2445,0
2025-12-11T20:00:00Z,1.17551,1.17593,1.17510,1.17538,1694,0
2025-12-11T21:00:00Z,1.17535,1.17537,1.17405,1.17410,1627,0
2025-12-11T22:00:00Z,1.17405,1.17459,1.17364,1.17410,1533,0
2025-12-11T23:00:00Z,1.17409,1.17432,1.17369,1.17384,810,1
2025-12-12T00:00:00Z,1.17376,1.17389,1.17368,1.17376,805,25
2025-12-12T01:00:00Z,1.17385,1.17418,1.17371,1.17406,639,1
2025-12-12T02:00:00Z,1.17407,1.17445,1.17390,1.17405,1730,0
2025-12-12T03:00:00Z,1.17408,1.17463,1.17326,1.17350,1513,0
2025-12-12T04:00:00Z,1.17349,1.17379,1.17311,1.17362,1320,0
2025-12-12T05:00:00Z,1.17361,1.17377,1.17333,1.17345,911,0
2025-12-12T06:00:00Z,1.17344,1.17355,1.17310,1.17319,896,0
2025-12-12T07:00:00Z,1.17318,1.17394,1.17318,1.17387,942,0
2025-12-12T08:00:00Z,1.17386,1.17419,1.17339,1.17387,1467,0
2025-12-12T09:00:00Z,1.17388,1.17434,1.17359,1.17380,2126,0
2025-12-12T10:00:00Z,1.17382,1.17422,1.17280,1.17284,3067,0
2025-12-12T11:00:00Z,1.17282,1.17349,1.17268,1.17328,2217,0
2025-12-12T12:00:00Z,1.17327,1.17332,1.17244,1.17274,2018,0
2025-12-12T13:00:00Z,1.17273,1.17292,1.17223,1.17268,1669,0
2025-12-12T14:00:00Z,1.17267,1.17279,1.17195,1.17251,1933,0
2025-12-12T15:00:00Z,1.17252,1.17352,1.17239,1.17274,2593,0
2025-12-12T16:00:00Z,1.17270,1.17436,1.17231,1.17419,3427,0
2025-12-12T17:00:00Z,1.17421,1.17449,1.17297,1.17381,3739,0
2025-12-12T18:00:00Z,1.17382,1.17434,1.17261,1.17312,3256,0
2025-12-12T19:00:00Z,1.17311,1.17482,1.17303,1.17477,2037,0
2025-12-12T20:00:00Z,1.17478,1.17498,1.17404,1.17412,1626,0
2025-12-12T21:00:00Z,1.17415,1.17415,1.17353,1.17403,1580,0
2025-12-12T22:00:00Z,1.17401,1.17465,1.17369,1.17393,1930,0
2025-12-12T23:00:00Z,1.17391,1.17451,1.17379,1.17381,766,0
2025-12-15T00:00:00Z,1.17323,1.17371,1.17305,1.17358,893,30
2025-12-15T01:00:00Z,1.17362,1.17406,1.17349,1.17370,674,1
2025-12-15T02:00:00Z,1.17371,1.17372,1.17284,1.17332,1339,0
2025-12-15T03:00:00Z,1.17331,1.17425,1.17295,1.17414,1601,0
2025-12-15T04:00:00Z,1.17412,1.17447,1.17372,1.17413,1771,0
2025-12-15T05:00:00Z,1.17414,1.17448,1.17316,1.17343,1377,0
2025-12-15T06:00:00Z,1.17341,1.17357,1.17318,1.17324,1125,0
2025-12-15T07:00:00Z,1.17323,1.17357,1.17322,1.17344,1181,0
2025-12-15T08:00:00Z,1.17343,1.17365,1.17286,1.17350,1581,0
2025-12-15T09:00:00Z,1.17351,1.17381,1.17278,1.17285,2131,0
2025-12-15T10:00:00Z,1.17285,1.17388,1.17263,1.17312,2629,0
2025-12-15T11:00:00Z,1.17308,1.17435,1.17305,1.17434,2226,0
2025-12-15T12:00:00Z,1.17433,1.17467,1.17389,1.17427,1693,0
2025-12-15T13:00:00Z,1.17428,1.17500,1.17412,1.17489,1467,0
2025-12-15T14:00:00Z,1.17488,1.17594,1.17486,1.17530,1685,0
2025-12-15T15:00:00Z,1.17529,1.17599,1.17471,1.17475,2605,0
2025-12-15T16:00:00Z,1.17469,1.17641,1.17441,1.17635,3461,0
2025-12-15T17:00:00Z,1.17634,1.17689,1.17548,1.17629,4458,0
2025-12-15T18:00:00Z,1.17628,1.17648,1.17523,1.17554,2999,0
2025-12-15T19:00:00Z,1.17553,1.17558,1.17450,1.17459,1866,0
2025-12-15T20:00:00Z,1.17460,1.17481,1.17391,1.17432,1494,0
2025-12-15T21:00:00Z,1.17433,1.17498,1.17384,1.17486,1110,0
2025-12-15T22:00:00Z,1.17482,1.17518,1.17474,1.17511,1052,0
2025-12-15T23:00:00Z,1.17507,1.17525,1.17488,1.17506,574,1
2025-12-16T00:00:00Z,1.17478,1.17520,1.17474,1.17499,883,25
2025-12-16T01:00:00Z,1.17511,1.17556,1.17504,1.17534,491,1
2025-12-16T02:00:00Z,1.17535,1.17580,1.17481,1.17496,1403,0
2025-12-16T03:00:00Z,1.17497,1.17552,1.17464,1.17519,1858,0
2025-12-16T04:00:00Z,1.17520,1.17565,1.17501,1.17556,1234,0
2025-12-16T05:00:00Z,1.17555,1.17591,1.17501,1.17518,1176,0
2025-12-16T06:00:00Z,1.17522,1.17539,1.17497,1.17511,782,0
2025-12-16T07:00:00Z,1.17510,1.17543,1.17493,1.17507,1089,0
2025-12-16T08:00:00Z,1.17504,1.17536,1.17463,1.17525,1262,0
2025-12-16T09:00:00Z,1.17524,1.17542,1.17443,1.17522,1908,0
2025-12-16T10:00:00Z,1.17524,1.17640,1.17465,1.17543,2881,0
2025-12-16T11:00:00Z,1.17541,1.17620,1.17502,1.17562,2362,0
2025-12-16T12:00:00Z,1.17563,1.17617,1.17538,1.17573,2061,0
2025-12-16T13:00:00Z,1.17572,1.17632,1.17518,1.17632,1589,0
2025-12-16T14:00:00Z,1.17636,1.17785,1.17606,1.17779,2220,0
2025-12-16T15:00:00Z,1.17781,1.17947,1.17569,1.17756,6841,0
2025-12-16T16:00:00Z,1.17757,1.18000,1.17689,1.17998,5360,0
2025-12-16T17:00:00Z,1.17999,1.18041,1.17673,1.17701,5178,0
2025-12-16T18:00:00Z,1.17700,1.17759,1.17609,1.17692,3293,0
2025-12-16T19:00:00Z,1.17691,1.17780,1.17624,1.17638,2454,0
2025-12-16T20:00:00Z,1.17639,1.17640,1.17452,1.17531,2263,0
2025-12-16T21:00:00Z,1.17529,1.17623,1.17343,1.17577,2529,0
2025-12-16T22:00:00Z,1.17576,1.17630,1.17463,1.17478,1946,0
2025-12-16T23:00:00Z,1.17479,1.17512,1.17458,1.17487,704,0
2025-12-17T00:00:00Z,1.17448,1.17472,1.17448,1.17465,972,25
2025-12-17T01:00:00Z,1.17477,1.17510,1.17471,1.17492,470,1
2025-12-17T02:00:00Z,1.17493,1.17517,1.17454,1.17504,1161,0
2025-12-17T03:00:00Z,1.17503,1.17523,1.17450,1.17473,1696,0
2025-12-17T04:00:00Z,1.17470,1.17480,1.17373,1.17399,1680,0
2025-12-17T05:00:00Z,1.17400,1.17407,1.17367,1.17392,1157,0
2025-12-17T06:00:00Z,1.17393,1.17397,1.17277,1.17298,1248,0
2025-12-17T07:00:00Z,1.17297,1.17309,1.17248,1.17292,1458,0
2025-12-17T08:00:00Z,1.17293,1.17306,1.17065,1.17097,2223,0
2025-12-17T09:00:00Z,1.17105,1.17135,1.17031,1.17130,3996,0
2025-12-17T10:00:00Z,1.17139,1.17211,1.17058,1.17186,2833,0
2025-12-17T11:00:00Z,1.17185,1.17207,1.17116,1.17161,2740,0
2025-12-17T12:00:00Z,1.17160,1.17254,1.17128,1.17252,2403,0
2025-12-17T13:00:00Z,1.17253,1.17274,1.17077,1.17092,2686,0
2025-12-17T14:00:00Z,1.17091,1.17277,1.17084,1.17265,2653,0
2025-12-17T15:00:00Z,1.17267,1.17332,1.17199,1.17319,4055,0
2025-12-17T16:00:00Z,1.17318,1.17444,1.17283,1.17411,3838,0
2025-12-17T17:00:00Z,1.17413,1.17582,1.17403,1.17529,4955,0
2025-12-17T18:00:00Z,1.17530,1.17563,1.17454,1.17471,3409,0
2025-12-17T19:00:00Z,1.17470,1.17547,1.17456,1.17494,2256,0
2025-12-17T20:00:00Z,1.17495,1.17555,1.17425,1.17442,1860,0
2025-12-17T21:00:00Z,1.17443,1.17472,1.17415,1.17448,1674,0
2025-12-17T22:00:00Z,1.17449,1.17464,1.17385,1.17397,1450,0
2025-12-17T23:00:00Z,1.17396,1.17413,1.17386,1.17407,629,1
2025-12-18T00:00:00Z,1.17374,1.17429,1.17373,1.17385,525,25
2025-12-18T01:00:00Z,1.17396,1.17432,1.17379,1.17415,492,1
2025-12-18T02:00:00Z,1.17416,1.17459,1.17403,1.17442,1293,0
2025-12-18T03:00:00Z,1.17438,1.17456,1.17350,1.17385,1853,0
2025-12-18T04:00:00Z,1.17384,1.17427,1.17369,1.17409,1471,0
2025-12-18T05:00:00Z,1.17408,1.17420,1.17373,1.17393,1015,0
2025-12-18T06:00:00Z,1.17391,1.17431,1.17383,1.17430,836,0
2025-12-18T07:00:00Z,1.17434,1.17469,1.17412,1.17457,1156,0
2025-12-18T08:00:00Z,1.17455,1.17473,1.17387,1.17440,1379,0
2025-12-18T09:00:00Z,1.17439,1.17496,1.17335,1.17338,2348,0
2025-12-18T10:00:00Z,1.17337,1.17372,1.17280,1.17323,2646,0
2025-12-18T11:00:00Z,1.17322,1.17327,1.17173,1.17220,2828,0
2025-12-18T12:00:00Z,1.17219,1.17269,1.17179,1.17248,1796,0
2025-12-18T13:00:00Z,1.17249,1.17276,1.17203,1.17205,1823,0
2025-12-18T14:00:00Z,1.17205,1.17234,1.17124,1.17139,3063,0
2025-12-18T15:00:00Z,1.17139,1.17627,1.17133,1.17471,7010,0
2025-12-18T16:00:00Z,1.17469,1.17557,1.17326,1.17347,6442,0
2025-12-18T17:00:00Z,1.17346,1.17403,1.17159,1.17272,4967,0
2025-12-18T18:00:00Z,1.17271,1.17460,1.17256,1.17281,3347,0
2025-12-18T19:00:00Z,1.17282,1.17288,1.17153,1.17183,2875,0
2025-12-18T20:00:00Z,1.17188,1.17250,1.17152,1.17197,1706,0
2025-12-18T21:00:00Z,1.17195,1.17277,1.17179,1.17251,1744,0
2025-12-18T22:00:00Z,1.17247,1.17277,1.17204,1.17221,1339,0
2025-12-18T23:00:00Z,1.17220,1.17252,1.17217,1.17247,587,1
2025-12-19T00:00:00Z,1.17171,1.17246,1.17170,1.17230,2175,25
2025-12-19T01:00:00Z,1.17243,1.17273,1.17233,1.17245,518,1
2025-12-19T02:00:00Z,1.17246,1.17268,1.17216,1.17265,1259,0
2025-12-19T03:00:00Z,1.17267,1.17289,1.17203,1.17244,1364,0
2025-12-19T04:00:00Z,1.17245,1.17286,1.17212,1.17225,1082,0
2025-12-19T05:00:00Z,1.17226,1.17257,1.17184,1.17214,1735,0
2025-12-19T06:00:00Z,1.17213,1.17225,1.17153,1.17180,1022,0
2025-12-19T07:00:00Z,1.17179,1.17207,1.17179,1.17199,1017,0
2025-12-19T08:00:00Z,1.17198,1.17217,1.17118,1.17199,2226,0
2025-12-19T09:00:00Z,1.17200,1.17205,1.17032,1.17077,3057,0
2025-12-19T10:00:00Z,1.17079,1.17163,1.17062,1.17125,3042,0
2025-12-19T11:00:00Z,1.17122,1.17179,1.17089,1.17122,2756,0
2025-12-19T12:00:00Z,1.17121,1.17177,1.17090,1.17164,2448,0
2025-12-19T13:00:00Z,1.17165,1.17178,1.17075,1.17113,2166,0
2025-12-19T14:00:00Z,1.17108,1.17152,1.17078,1.17100,2210,0
2025-12-19T15:00:00Z,1.17101,1.17194,1.17028,1.17192,3346,0
2025-12-19T16:00:00Z,1.17193,1.17378,1.17189,1.17266,4299,0
2025-12-19T17:00:00Z,1.17264,1.17284,1.17094,1.17097,3926,0
2025-12-19T18:00:00Z,1.17096,1.17211,1.17084,1.17211,2840,0
2025-12-19T19:00:00Z,1.17209,1.17210,1.17134,1.17192,1548,0
2025-12-19T20:00:00Z,1.17191,1.17271,1.17182,1.17199,1630,0
2025-12-19T21:00:00Z,1.17196,1.17251,1.17162,1.17236,1457,0
2025-12-19T22:00:00Z,1.17231,1.17256,1.17062,1.17098,1373,0
2025-12-19T23:00:00Z,1.17097,1.17136,1.17070,1.17073,771,1
2025-12-22T00:00:00Z,1.17120,1.17163,1.17098,1.17111,1570,30
2025-12-22T01:00:00Z,1.17110,1.17148,1.17058,1.17099,1704,1
2025-12-22T02:00:00Z,1.17100,1.17162,1.17094,1.17159,1975,0
2025-12-22T03:00:00Z,1.17160,1.17194,1.17137,1.17173,1324,0
2025-12-22T04:00:00Z,1.17174,1.17194,1.17150,1.17164,845,0
2025-12-22T05:00:00Z,1.17163,1.17183,1.17134,1.17174,1039,0
2025-12-22T06:00:00Z,1.17173,1.17217,1.17162,1.17202,664,0
2025-12-22T07:00:00Z,1.17201,1.17221,1.17153,1.17174,970,0
2025-12-22T08:00:00Z,1.17173,1.17192,1.17129,1.17159,1275,0
2025-12-22T09:00:00Z,1.17157,1.17312,1.17149,1.17290,2032,0
2025-12-22T10:00:00Z,1.17288,1.17383,1.17229,1.17358,2307,0
2025-12-22T11:00:00Z,1.17359,1.17366,1.17273,1.17301,2321,0
2025-12-22T12:00:00Z,1.17300,1.17380,1.17290,1.17327,2150,0
2025-12-22T13:00:00Z,1.17330,1.17366,1.17287,1.17335,1685,0
2025-12-22T14:00:00Z,1.17334,1.17433,1.17334,1.17416,2412,0
2025-12-22T15:00:00Z,1.17417,1.17545,1.17417,1.17506,3222,0
2025-12-22T16:00:00Z,1.17507,1.17665,1.17450,1.17600,3158,0
2025-12-22T17:00:00Z,1.17599,1.17693,1.17576,1.17638,3063,0
2025-12-22T18:00:00Z,1.17640,1.17640,1.17482,1.17497,2473,0
2025-12-22T19:00:00Z,1.17496,1.17647,1.17492,1.17583,1602,0
2025-12-22T20:00:00Z,1.17584,1.17584,1.17494,1.17529,1287,0
2025-12-22T21:00:00Z,1.17528,1.17559,1.17488,1.17553,1119,0
2025-12-22T22:00:00Z,1.17550,1.17590,1.17523,1.17554,1048,0
2025-12-22T23:00:00Z,1.17553,1.17616,1.17546,1.17615,520,1
2025-12-23T00:00:00Z,1.17544,1.17605,1.17544,1.17580,2033,25
2025-12-23T01:00:00Z,1.17589,1.17655,1.17579,1.17633,853,1
2025-12-23T02:00:00Z,1.17634,1.17702,1.17627,1.17690,1156,0
2025-12-23T03:00:00Z,1.17686,1.17761,1.17657,1.17731,1457,0
2025-12-23T04:00:00Z,1.17735,1.17805,1.17725,1.17776,1414,0
2025-12-23T05:00:00Z,1.17777,1.17792,1.17731,1.17764,1247,0
2025-12-23T06:00:00Z,1.17766,1.17791,1.17735,1.17754,1294,0
2025-12-23T07:00:00Z,1.17752,1.17799,1.17743,1.17752,1265,0
2025-12-23T08:00:00Z,1.17751,1.17764,1.17685,1.17714,1339,0
2025-12-23T09:00:00Z,1.17712,1.17812,1.17693,1.17787,2281,0
2025-12-23T10:00:00Z,1.17786,1.17845,1.17753,1.17845,2817,0
2025-12-23T11:00:00Z,1.17846,1.17929,1.17817,1.17926,3064,0
2025-12-23T12:00:00Z,1.17928,1.18004,1.17917,1.17990,2336,0
2025-12-23T13:00:00Z,1.17985,1.17999,1.17923,1.17957,1881,0
2025-12-23T14:00:00Z,1.17958,1.18020,1.17890,1.17897,2089,0
2025-12-23T15:00:00Z,1.17896,1.17938,1.17741,1.17747,4064,0
2025-12-23T16:00:00Z,1.17748,1.17793,1.17685,1.17695,3861,0
2025-12-23T17:00:00Z,1.17696,1.17791,1.17638,1.17746,4047,0
2025-12-23T18:00:00Z,1.17743,1.17804,1.17731,1.17756,2585,0
2025-12-23T19:00:00Z,1.17755,1.17787,1.17689,1.17709,1880,0
2025-12-23T20:00:00Z,1.17708,1.17831,1.17695,1.17828,1798,0
2025-12-23T21:00:00Z,1.17829,1.17914,1.17822,1.17900,1713,0
2025-12-23T22:00:00Z,1.17899,1.17938,1.17870,1.17896,1309,0
2025-12-23T23:00:00Z,1.17895,1.17965,1.17883,1.17961,821,0
2025-12-24T00:00:00Z,1.17893,1.17944,1.17893,1.17933,841,25
2025-12-24T01:00:00Z,1.17942,1.17971,1.17908,1.17945,669,1
2025-12-24T02:00:00Z,1.17947,1.17991,1.17902,1.17990,1543,0
2025-12-24T03:00:00Z,1.17991,1.18063,1.17970,1.18054,1790,0
2025-12-24T04:00:00Z,1.18055,1.18081,1.17981,1.17981,1281,0
2025-12-24T05:00:00Z,1.17983,1.17983,1.17869,1.17877,1361,0
2025-12-24T06:00:00Z,1.17878,1.17935,1.17857,1.17914,1100,0
2025-12-24T07:00:00Z,1.17913,1.18020,1.17907,1.17990,968,0
2025-12-24T08:00:00Z,1.17988,1.18038,1.17976,1.17996,1589,0
2025-12-24T09:00:00Z,1.17997,1.18018,1.17865,1.17893,2342,0
2025-12-24T10:00:00Z,1.17890,1.17995,1.17796,1.17995,2793,0
2025-12-24T11:00:00Z,1.17998,1.18008,1.17943,1.17997,1907,0
2025-12-24T12:00:00Z,1.17995,1.18000,1.17909,1.17964,1874,0
2025-12-24T13:00:00Z,1.17965,1.17985,1.17910,1.17928,1624,0
2025-12-24T14:00:00Z,1.17926,1.17932,1.17841,1.17843,1606,0
2025-12-24T15:00:00Z,1.17842,1.17908,1.17837,1.17853,2314,0
2025-12-24T16:00:00Z,1.17847,1.17870,1.17773,1.17807,2616,0
2025-12-24T17:00:00Z,1.17806,1.17825,1.17754,1.17781,2652,0
2025-12-24T18:00:00Z,1.17782,1.17810,1.17732,1.17794,1911,0
2025-12-24T19:00:00Z,1.17793,1.17831,1.17726,1.17765,1455,0
2025-12-24T20:00:00Z,1.17759,1.17798,1.17743,1.17787,1208,0
2025-12-24T21:00:00Z,1.17787,1.17820,1.17786,1.17816,806,0
2025-12-24T22:00:00Z,1.17817,1.17820,1.17793,1.17796,1087,0
2025-12-24T23:00:00Z,1.17795,1.17798,1.17766,1.17770,963,1
2025-12-26T00:00:00Z,1.17769,1.17830,1.17769,1.17788,1045,25
2025-12-26T01:00:00Z,1.17795,1.17849,1.17773,1.17840,3300,1
2025-12-26T02:00:00Z,1.17841,1.17919,1.17767,1.17861,2961,0
2025-12-26T03:00:00Z,1.17860,1.17916,1.17830,1.17873,2097,0
2025-12-26T04:00:00Z,1.17874,1.17935,1.17837,1.17921,1267,0
2025-12-26T05:00:00Z,1.17920,1.17926,1.17833,1.17843,1389,0
2025-12-26T06:00:00Z,1.17844,1.17873,1.17801,1.17829,1106,0
2025-12-26T07:00:00Z,1.17830,1.17873,1.17801,1.17862,1163,0
2025-12-26T08:00:00Z,1.17861,1.17877,1.17716,1.17767,1754,0
2025-12-26T09:00:00Z,1.17768,1.17779,1.17701,1.17729,2296,0
2025-12-26T10:00:00Z,1.17730,1.17776,1.17664,1.17770,1965,0
2025-12-26T11:00:00Z,1.17768,1.17777,1.17684,1.17703,1831,0
2025-12-26T12:00:00Z,1.17695,1.17798,1.17689,1.17732,1639,0
2025-12-26T13:00:00Z,1.17734,1.17825,1.17732,1.17775,1468,0
2025-12-26T14:00:00Z,1.17776,1.17825,1.17727,1.17817,1508,0
2025-12-26T15:00:00Z,1.17821,1.17968,1.17819,1.17914,2764,0
2025-12-26T16:00:00Z,1.17921,1.17945,1.17813,1.17838,2541,0
2025-12-26T17:00:00Z,1.17838,1.17926,1.17714,1.17773,2869,0
2025-12-26T18:00:00Z,1.17775,1.17796,1.17622,1.17652,3722,0
2025-12-26T19:00:00Z,1.17651,1.17703,1.17615,1.17701,3357,0
2025-12-26T20:00:00Z,1.17702,1.17737,1.17688,1.17718,2950,0
2025-12-26T21:00:00Z,1.17719,1.17767,1.17693,1.17767,1670,0
2025-12-26T22:00:00Z,1.17766,1.17816,1.17722,1.17747,1785,0
2025-12-26T23:00:00Z,1.17750,1.17765,1.17654,1.17687,1011,1
2025-12-29T00:00:00Z,1.17653,1.17699,1.17652,1.17670,809,39
2025-12-29T01:00:00Z,1.17684,1.17777,1.17683,1.17725,1548,1
2025-12-29T02:00:00Z,1.17726,1.17840,1.17717,1.17797,1816,0
2025-12-29T03:00:00Z,1.17798,1.17861,1.17787,1.17842,1446,0
2025-12-29T04:00:00Z,1.17841,1.17853,1.17754,1.17756,1430,0
2025-12-29T05:00:00Z,1.17754,1.17762,1.17710,1.17734,964,0
2025-12-29T06:00:00Z,1.17733,1.17733,1.17638,1.17643,1030,0
2025-12-29T07:00:00Z,1.17641,1.17641,1.17538,1.17560,1364,0
2025-12-29T08:00:00Z,1.17563,1.17695,1.17542,1.17695,1485,0
2025-12-29T09:00:00Z,1.17694,1.17793,1.17654,1.17772,2496,0
2025-12-29T10:00:00Z,1.17771,1.17887,1.17710,1.17840,2655,0
2025-12-29T11:00:00Z,1.17841,1.17890,1.17715,1.17762,2967,0
2025-12-29T12:00:00Z,1.17760,1.17801,1.17652,1.17658,2442,0
2025-12-29T13:00:00Z,1.17657,1.17712,1.17576,1.17658,2475,0
2025-12-29T14:00:00Z,1.17655,1.17692,1.17557,1.17619,2334,0
2025-12-29T15:00:00Z,1.17618,1.17736,1.17602,1.17698,2798,0
2025-12-29T16:00:00Z,1.17699,1.17886,1.17671,1.17831,3375,0
2025-12-29T17:00:00Z,1.17833,1.17865,1.17664,1.17680,4289,0
2025-12-29T18:00:00Z,1.17679,1.17680,1.17524,1.17560,3230,0
2025-12-29T19:00:00Z,1.17559,1.17569,1.17494,1.17521,2106,0
2025-12-29T20:00:00Z,1.17521,1.17589,1.17507,1.17575,1728,0
2025-12-29T21:00:00Z,1.17574,1.17682,1.17568,1.17673,1219,0
2025-12-29T22:00:00Z,1.17672,1.17704,1.17643,1.17704,1501,0
2025-12-29T23:00:00Z,1.17705,1.17743,1.17699,1.17738,704,0
2025-12-30T00:00:00Z,1.17616,1.17708,1.17616,1.17660,1077,25
2025-12-30T01:00:00Z,1.17655,1.17743,1.17655,1.17723,965,1
2025-12-30T02:00:00Z,1.17724,1.17750,1.17714,1.17730,1220,0
2025-12-30T03:00:00Z,1.17727,1.17749,1.17698,1.17748,1194,0
2025-12-30T04:00:00Z,1.17749,1.17764,1.17715,1.17733,1185,0
2025-12-30T05:00:00Z,1.17734,1.17760,1.17703,1.17724,934,0
2025-12-30T06:00:00Z,1.17725,1.17778,1.17715,1.17771,740,0
2025-12-30T07:00:00Z,1.17772,1.17789,1.17726,1.17752,999,0
2025-12-30T08:00:00Z,1.17753,1.17799,1.17738,1.17786,1310,0
2025-12-30T09:00:00Z,1.17786,1.17786,1.17661,1.17704,1854,0
2025-12-30T10:00:00Z,1.17705,1.17753,1.17660,1.17671,2306,0
2025-12-30T11:00:00Z,1.17672,1.17780,1.17641,1.17687,2313,0
2025-12-30T12:00:00Z,1.17687,1.17775,1.17686,1.17738,1961,0
2025-12-30T13:00:00Z,1.17739,1.17766,1.17661,1.17666,1755,0
2025-12-30T14:00:00Z,1.17665,1.17680,1.17607,1.17617,1756,0
2025-12-30T15:00:00Z,1.17617,1.17678,1.17554,1.17635,3303,0
2025-12-30T16:00:00Z,1.17636,1.17643,1.17564,1.17635,2982,0
2025-12-30T17:00:00Z,1.17633,1.17662,1.17453,1.17599,3402,0
2025-12-30T18:00:00Z,1.17598,1.17666,1.17544,1.17648,2740,0
2025-12-30T19:00:00Z,1.17651,1.17666,1.17550,1.17559,1711,0
2025-12-30T20:00:00Z,1.17560,1.17594,1.17481,1.17502,1571,0
2025-12-30T21:00:00Z,1.17500,1.17530,1.17451,1.17468,1550,0
2025-12-30T22:00:00Z,1.17473,1.17503,1.17432,1.17440,1473,0
2025-12-30T23:00:00Z,1.17442,1.17481,1.17439,1.17465,574,0
2025-12-31T00:00:00Z,1.17419,1.17476,1.17419,1.17454,255,25
2025-12-31T01:00:00Z,1.17463,1.17490,1.17433,1.17454,458,1
2025-12-31T02:00:00Z,1.17455,1.17478,1.17445,1.17472,775,0
2025-12-31T03:00:00Z,1.17474,1.17489,1.17419,1.17426,1278,0
2025-12-31T04:00:00Z,1.17423,1.17426,1.17387,1.17402,1307,0
2025-12-31T05:00:00Z,1.17401,1.17436,1.17396,1.17426,837,0
2025-12-31T06:00:00Z,1.17424,1.17427,1.17330,1.17345,803,0
2025-12-31T07:00:00Z,1.17345,1.17394,1.17343,1.17387,935,0
2025-12-31T08:00:00Z,1.17386,1.17397,1.17330,1.17375,980,0
2025-12-31T09:00:00Z,1.17374,1.17387,1.17298,1.17369,1965,0
2025-12-31T10:00:00Z,1.17370,1.17397,1.17201,1.17231,2347,0
2025-12-31T11:00:00Z,1.17232,1.17389,1.17202,1.17350,2322,0
2025-12-31T12:00:00Z,1.17351,1.17438,1.17285,1.17393,2094,0
2025-12-31T13:00:00Z,1.17391,1.17477,1.17361,1.17471,2052,0
2025-12-31T14:00:00Z,1.17472,1.17593,1.17472,1.17550,2323,0
2025-12-31T15:00:00Z,1.17551,1.17593,1.17415,1.17418,3107,0
2025-12-31T16:00:00Z,1.17419,1.17425,1.17274,1.17302,3611,0
2025-12-31T17:00:00Z,1.17301,1.17462,1.17203,1.17440,4569,0
2025-12-31T18:00:00Z,1.17441,1.17488,1.17286,1.17348,3660,0
2025-12-31T19:00:00Z,1.17347,1.17389,1.17315,1.17361,2370,0
2025-12-31T20:00:00Z,1.17360,1.17388,1.17303,1.17360,2748,0
2025-12-31T21:00:00Z,1.17358,1.17433,1.17358,1.17407,1644,0
2025-12-31T22:00:00Z,1.17406,1.17531,1.17401,1.17522,1484,0
2025-12-31T23:00:00Z,1.17524,1.17531,1.17445,1.17454,806,1
2026-01-02T00:00:00Z,1.17466,1.17500,1.17447,1.17466,306,25
2026-01-02T01:00:00Z,1.17462,1.17507,1.17451,1.17507,769,1
2026-01-02T02:00:00Z,1.17508,1.17565,1.17499,1.17563,843,0
2026-01-02T03:00:00Z,1.17564,1.17626,1.17564,1.17611,1306,0
2026-01-02T04:00:00Z,1.17609,1.17637,1.17582,1.17593,924,0
2026-01-02T05:00:00Z,1.17596,1.17648,1.17596,1.17644,759,0
2026-01-02T06:00:00Z,1.17645,1.17646,1.17551,1.17557,776,0
2026-01-02T07:00:00Z,1.17556,1.17578,1.17506,1.17514,829,0
2026-01-02T08:00:00Z,1.17512,1.17514,1.17415,1.17439,1193,0
2026-01-02T09:00:00Z,1.17434,1.17471,1.17321,1.17349,2023,0
2026-01-02T10:00:00Z,1.17346,1.17383,1.17240,1.17286,3295,0
2026-01-02T11:00:00Z,1.17287,1.17373,1.17206,1.17215,2588,0
2026-01-02T12:00:00Z,1.17219,1.17237,1.17132,1.17211,2291,0
2026-01-02T13:00:00Z,1.17210,1.17225,1.17151,1.17219,1890,0
2026-01-02T14:00:00Z,1.17217,1.17273,1.17206,1.17236,1560,0
2026-01-02T15:00:00Z,1.17240,1.17290,1.17182,1.17215,2652,0
2026-01-02T16:00:00Z,1.17217,1.17307,1.17157,1.17286,2726,0
2026-01-02T17:00:00Z,1.17287,1.17521,1.17284,1.17506,3673,0
2026-01-02T18:00:00Z,1.17510,1.17544,1.17342,1.17375,2989,0
2026-01-02T19:00:00Z,1.17374,1.17378,1.17285,1.17307,2431,0
2026-01-02T20:00:00Z,1.17308,1.17312,1.17152,1.17192,2159,0
2026-01-02T21:00:00Z,1.17191,1.17244,1.17142,1.17232,2027,0
2026-01-02T22:00:00Z,1.17231,1.17237,1.17152,1.17176,1778,0
2026-01-02T23:00:00Z,1.17174,1.17233,1.17171,1.17203,762,1
2026-01-05T00:00:00Z,1.17196,1.17203,1.17090,1.17098,644,30
2026-01-05T01:00:00Z,1.17101,1.17128,1.17003,1.17053,1477,1
2026-01-05T02:00:00Z,1.17054,1.17111,1.17034,1.17050,2191,0
2026-01-05T03:00:00Z,1.17049,1.17073,1.16999,1.17003,2444,0
2026-01-05T04:00:00Z,1.17005,1.17016,1.16841,1.16887,2162,0
2026-01-05T05:00:00Z,1.16886,1.16907,1.16723,1.16752,1833,0
2026-01-05T06:00:00Z,1.16747,1.16830,1.16732,1.16819,1569,0
2026-01-05T07:00:00Z,1.16818,1.16858,1.16804,1.16854,1075,0
2026-01-05T08:00:00Z,1.16855,1.16919,1.16781,1.16909,1728,0
2026-01-05T09:00:00Z,1.16910,1.16921,1.16834,1.16863,2576,0
2026-01-05T10:00:00Z,1.16861,1.16947,1.16811,1.16835,3195,0
2026-01-05T11:00:00Z,1.16836,1.16875,1.16737,1.16826,2553,0
2026-01-05T12:00:00Z,1.16824,1.16901,1.16798,1.16900,2589,0
2026-01-05T13:00:00Z,1.16899,1.16910,1.16802,1.16814,2547,0
2026-01-05T14:00:00Z,1.16815,1.16851,1.16699,1.16706,2217,0
2026-01-05T15:00:00Z,1.16709,1.16753,1.16591,1.16745,3564,0
2026-01-05T16:00:00Z,1.16746,1.16875,1.16732,1.16858,3794,0
2026-01-05T17:00:00Z,1.16843,1.17046,1.16843,1.17046,4322,0
2026-01-05T18:00:00Z,1.17047,1.17186,1.17041,1.17148,3237,0
2026-01-05T19:00:00Z,1.17147,1.17197,1.17101,1.17144,2725,0
2026-01-05T20:00:00Z,1.17145,1.17254,1.17133,1.17248,1781,0
2026-01-05T21:00:00Z,1.17249,1.17288,1.17220,1.17273,2082,0
2026-01-05T22:00:00Z,1.17271,1.17287,1.17236,1.17249,1288,0
2026-01-05T23:00:00Z,1.17248,1.17263,1.17191,1.17204,856,1
2026-01-06T00:00:00Z,1.17179,1.17217,1.17176,1.17176,314,25
2026-01-06T01:00:00Z,1.17184,1.17209,1.17124,1.17146,704,1
2026-01-06T02:00:00Z,1.17147,1.17171,1.17104,1.17169,1392,0
2026-01-06T03:00:00Z,1.17170,1.17254,1.17123,1.17254,1903,0
2026-01-06T04:00:00Z,1.17255,1.17377,1.17221,1.17375,1473,0
2026-01-06T05:00:00Z,1.17372,1.17383,1.17325,1.17347,1417,0
2026-01-06T06:00:00Z,1.17346,1.17357,1.17315,1.17337,1167,0
2026-01-06T07:00:00Z,1.17336,1.17370,1.17271,1.17287,1287,0
2026-01-06T08:00:00Z,1.17288,1.17371,1.17284,1.17362,1259,0
2026-01-06T09:00:00Z,1.17366,1.17429,1.17260,1.17290,2254,0
2026-01-06T10:00:00Z,1.17288,1.17390,1.17259,1.17285,3006,0
2026-01-06T11:00:00Z,1.17284,1.17291,1.17081,1.17132,2958,0
2026-01-06T12:00:00Z,1.17132,1.17171,1.17082,1.17128,2293,0
2026-01-06T13:00:00Z,1.17127,1.17129,1.17048,1.17061,2045,0
2026-01-06T14:00:00Z,1.17063,1.17123,1.16972,1.17014,2028,0
2026-01-06T15:00:00Z,1.17016,1.17137,1.16973,1.17111,3228,0
2026-01-06T16:00:00Z,1.17110,1.17177,1.16993,1.17092,3626,0
2026-01-06T17:00:00Z,1.17090,1.17092,1.16840,1.16954,4653,0
2026-01-06T18:00:00Z,1.16953,1.16983,1.16858,1.16880,2705,0
2026-01-06T19:00:00Z,1.16879,1.17008,1.16870,1.17007,2059,0
2026-01-06T20:00:00Z,1.17006,1.17021,1.16869,1.16882,2017,0
2026-01-06T21:00:00Z,1.16881,1.16910,1.16838,1.16897,1924,0
2026-01-06T22:00:00Z,1.16898,1.16932,1.16865,1.16870,1505,0
2026-01-06T23:00:00Z,1.16869,1.16885,1.16845,1.16878,767,0
2026-01-07T00:00:00Z,1.16842,1.16878,1.16841,1.16877,338,25
2026-01-07T01:00:00Z,1.16888,1.16904,1.16865,1.16870,439,1
2026-01-07T02:00:00Z,1.16871,1.16944,1.16855,1.16918,1667,0
2026-01-07T03:00:00Z,1.16919,1.17007,1.16900,1.16956,1833,0
2026-01-07T04:00:00Z,1.16955,1.17028,1.16951,1.16962,1304,0
2026-01-07T05:00:00Z,1.16961,1.17003,1.16961,1.16986,1031,0
2026-01-07T06:00:00Z,1.16985,1.17019,1.16911,1.16912,1276,0
2026-01-07T07:00:00Z,1.16911,1.16943,1.16908,1.16932,1123,0
2026-01-07T08:00:00Z,1.16935,1.16995,1.16919,1.16975,1200,0
2026-01-07T09:00:00Z,1.16976,1.16989,1.16786,1.16827,2758,0
2026-01-07T10:00:00Z,1.16824,1.16874,1.16728,1.16857,3122,0
2026-01-07T11:00:00Z,1.16858,1.16870,1.16813,1.16842,2142,0
2026-01-07T12:00:00Z,1.16841,1.16938,1.16834,1.16884,2268,0
2026-01-07T13:00:00Z,1.16883,1.16926,1.16849,1.16891,1842,0
2026-01-07T14:00:00Z,1.16893,1.16914,1.16811,1.16879,2095,0
2026-01-07T15:00:00Z,1.16875,1.16948,1.16815,1.16916,2927,0
2026-01-07T16:00:00Z,1.16915,1.16983,1.16871,1.16958,3386,0
2026-01-07T17:00:00Z,1.16857,1.16988,1.16801,1.16903,5233,0
2026-01-07T18:00:00Z,1.16901,1.16931,1.16821,1.16892,2568,0
2026-01-07T19:00:00Z,1.16893,1.16947,1.16862,1.16878,2118,0
2026-01-07T20:00:00Z,1.16879,1.16903,1.16824,1.16827,1852,0
2026-01-07T21:00:00Z,1.16829,1.16854,1.16786,1.16825,1888,0
2026-01-07T22:00:00Z,1.16826,1.16840,1.16789,1.16792,1521,0
2026-01-07T23:00:00Z,1.16788,1.16789,1.16734,1.16760,700,1
2026-01-08T00:00:00Z,1.16727,1.16770,1.16727,1.16761,287,25
2026-01-08T01:00:00Z,1.16772,1.16774,1.16749,1.16767,347,1
2026-01-08T02:00:00Z,1.16768,1.16781,1.16757,1.16757,952,0
2026-01-08T03:00:00Z,1.16755,1.16780,1.16728,1.16748,1326,0
2026-01-08T04:00:00Z,1.16747,1.16807,1.16727,1.16802,1386,0
2026-01-08T05:00:00Z,1.16799,1.16827,1.16788,1.16800,1235,0
2026-01-08T06:00:00Z,1.16799,1.16811,1.16780,1.16804,828,0
2026-01-08T07:00:00Z,1.16802,1.16829,1.16772,1.16825,1278,0
2026-01-08T08:00:00Z,1.16822,1.16830,1.16748,1.16816,1840,0
2026-01-08T09:00:00Z,1.16812,1.16829,1.16769,1.16777,2364,0
2026-01-08T10:00:00Z,1.16778,1.16788,1.16689,1.16711,2612,0
2026-01-08T11:00:00Z,1.16710,1.16769,1.16692,1.16767,2282,0
2026-01-08T12:00:00Z,1.16767,1.16818,1.16757,1.16799,2103,0
2026-01-08T13:00:00Z,1.16798,1.16803,1.16752,1.16775,1702,0
2026-01-08T14:00:00Z,1.16773,1.16779,1.16697,1.16732,1665,0
2026-01-08T15:00:00Z,1.16734,1.16780,1.16582,1.16629,3076,0
2026-01-08T16:00:00Z,1.16627,1.16667,1.16562,1.16646,3308,0
2026-01-08T17:00:00Z,1.16644,1.16739,1.16608,1.16663,3234,0
2026-01-08T18:00:00Z,1.16662,1.16676,1.16526,1.16542,2642,0
2026-01-08T19:00:00Z,1.16538,1.16557,1.16437,1.16507,2397,0
2026-01-08T20:00:00Z,1.16506,1.16533,1.16447,1.16452,1860,0
2026-01-08T21:00:00Z,1.16451,1.16507,1.16427,1.16500,1753,0
2026-01-08T22:00:00Z,1.16499,1.16546,1.16498,1.16512,1607,0
2026-01-08T23:00:00Z,1.16511,1.16621,1.16505,1.16599,1149,1
2026-01-09T00:00:00Z,1.16533,1.16584,1.16533,1.16574,420,25
2026-01-09T01:00:00Z,1.16585,1.16624,1.16564,1.16580,405,1
2026-01-09T02:00:00Z,1.16581,1.16581,1.16534,1.16536,932,0
2026-01-09T03:00:00Z,1.16537,1.16571,1.16482,1.16492,1695,0
2026-01-09T04:00:00Z,1.16494,1.16548,1.16461,1.16544,1260,0
2026-01-09T05:00:00Z,1.16543,1.16592,1.16539,1.16562,1107,0
2026-01-09T06:00:00Z,1.16561,1.16571,1.16520,1.16543,940,0
2026-01-09T07:00:00Z,1.16544,1.16560,1.16498,1.16511,1027,0
2026-01-09T08:00:00Z,1.16510,1.16528,1.16482,1.16488,1285,0
2026-01-09T09:00:00Z,1.16486,1.16508,1.16401,1.16508,2278,0
2026-01-09T10:00:00Z,1.16511,1.16530,1.16411,1.16489,2661,0
2026-01-09T11:00:00Z,1.16488,1.16503,1.16421,1.16423,1840,0
2026-01-09T12:00:00Z,1.16423,1.16469,1.16368,1.16469,1767,0
2026-01-09T13:00:00Z,1.16470,1.16470,1.16416,1.16459,1486,0
2026-01-09T14:00:00Z,1.16460,1.16461,1.16399,1.16414,1876,0
2026-01-09T15:00:00Z,1.16415,1.16607,1.16250,1.16451,6000,0
2026-01-09T16:00:00Z,1.16446,1.16526,1.16300,1.16366,5872,0
2026-01-09T17:00:00Z,1.16365,1.16409,1.16182,1.16405,5152,0
2026-01-09T18:00:00Z,1.16406,1.16434,1.16283,1.16333,3087,0
2026-01-09T19:00:00Z,1.16332,1.16345,1.16276,1.16317,2408,0
2026-01-09T20:00:00Z,1.16316,1.16400,1.16312,1.16340,1857,0
2026-01-09T21:00:00Z,1.16341,1.16389,1.16331,1.16348,1424,0
2026-01-09T22:00:00Z,1.16349,1.16377,1.16340,1.16347,1178,0
2026-01-09T23:00:00Z,1.16346,1.16368,1.16292,1.16299,619,1
2026-01-12T00:00:00Z,1.16281,1.16311,1.16269,1.16287,601,60
2026-01-12T01:00:00Z,1.16293,1.16329,1.16231,1.16237,619,1
2026-01-12T02:00:00Z,1.16236,1.16651,1.16215,1.16647,3239,0
2026-01-12T03:00:00Z,1.16649,1.16713,1.16556,1.16564,2831,0
2026-01-12T04:00:00Z,1.16562,1.16643,1.16540,1.16548,1775,0
2026-01-12T05:00:00Z,1.16551,1.16593,1.16550,1.16552,1105,0
2026-01-12T06:00:00Z,1.16553,1.16583,1.16530,1.16557,734,0
2026-01-12T07:00:00Z,1.16558,1.16708,1.16557,1.16692,1428,0
2026-01-12T08:00:00Z,1.16691,1.16728,1.16641,1.16698,1594,0
2026-01-12T09:00:00Z,1.16696,1.16877,1.16685,1.16849,3080,0
2026-01-12T10:00:00Z,1.16847,1.16919,1.16758,1.16881,3070,0
2026-01-12T11:00:00Z,1.16879,1.16959,1.16811,1.16820,2436,0
2026-01-12T12:00:00Z,1.16817,1.16855,1.16759,1.16854,2173,0
2026-01-12T13:00:00Z,1.16855,1.16895,1.16755,1.16786,2074,0
2026-01-12T14:00:00Z,1.16783,1.16876,1.16771,1.16813,2147,0
2026-01-12T15:00:00Z,1.16814,1.16984,1.16779,1.16929,3063,0
2026-01-12T16:00:00Z,1.16926,1.16929,1.16739,1.16768,3968,0
2026-01-12T17:00:00Z,1.16771,1.16860,1.16729,1.16813,2988,0
2026-01-12T18:00:00Z,1.16815,1.16821,1.16713,1.16719,2361,0
2026-01-12T19:00:00Z,1.16716,1.16758,1.16662,1.16686,2477,0
2026-01-12T20:00:00Z,1.16682,1.16716,1.16653,1.16688,1579,0
2026-01-12T21:00:00Z,1.16689,1.16738,1.16676,1.16721,1187,0
2026-01-12T22:00:00Z,1.16722,1.16732,1.16630,1.16652,1500,0
2026-01-12T23:00:00Z,1.16648,1.16684,1.16640,1.16671,734,1
2026-01-13T00:00:00Z,1.16665,1.16694,1.16649,1.16674,989,25
2026-01-13T01:00:00Z,1.16675,1.16706,1.16647,1.16674,937,1
2026-01-13T02:00:00Z,1.16675,1.16676,1.16608,1.16635,1181,0
2026-01-13T03:00:00Z,1.16633,1.16645,1.16562,1.16585,1432,0
2026-01-13T04:00:00Z,1.16584,1.16614,1.16569,1.16589,1117,0
2026-01-13T05:00:00Z,1.16590,1.16637,1.16563,1.16588,955,0
2026-01-13T06:00:00Z,1.16587,1.16659,1.16585,1.16655,1325,0
2026-01-13T07:00:00Z,1.16656,1.16676,1.16617,1.16628,1336,0
2026-01-13T08:00:00Z,1.16627,1.16628,1.16537,1.16587,1976,0
2026-01-13T09:00:00Z,1.16585,1.16650,1.16560,1.16643,2199,0
2026-01-13T10:00:00Z,1.16642,1.16693,1.16585,1.16693,2371,0
2026-01-13T11:00:00Z,1.16692,1.16725,1.16634,1.16718,2013,0
2026-01-13T12:00:00Z,1.16719,1.16744,1.16650,1.16663,2001,0
2026-01-13T13:00:00Z,1.16663,1.16705,1.16645,1.16687,1424,0
2026-01-13T14:00:00Z,1.16685,1.16691,1.16529,1.16550,1759,0
2026-01-13T15:00:00Z,1.16551,1.16773,1.16501,1.16685,5345,0
2026-01-13T16:00:00Z,1.16683,1.16734,1.16573,1.16639,4441,0
2026-01-13T17:00:00Z,1.16638,1.16649,1.16442,1.16520,3927,0
2026-01-13T18:00:00Z,1.16521,1.16546,1.16340,1.16458,3059,0
2026-01-13T19:00:00Z,1.16459,1.16486,1.16413,1.16459,2196,0
2026-01-13T20:00:00Z,1.16461,1.16545,1.16413,1.16531,1855,0
2026-01-13T21:00:00Z,1.16532,1.16535,1.16460,1.16491,1793,0
2026-01-13T22:00:00Z,1.16492,1.16499,1.16453,1.16456,1474,0
2026-01-13T23:00:00Z,1.16455,1.16466,1.16427,1.16434,705,1
2026-01-14T00:00:00Z,1.16417,1.16436,1.16408,1.16431,539,25
2026-01-14T01:00:00Z,1.16429,1.16455,1.16412,1.16420,807,1
2026-01-14T02:00:00Z,1.16421,1.16437,1.16378,1.16426,1423,0
2026-01-14T03:00:00Z,1.16427,1.16430,1.16367,1.16381,1609,0
2026-01-14T04:00:00Z,1.16382,1.16445,1.16360,1.16436,1535,0
2026-01-14T05:00:00Z,1.16437,1.16490,1.16433,1.16469,1421,0
2026-01-14T06:00:00Z,1.16468,1.16480,1.16433,1.16441,918,0
2026-01-14T07:00:00Z,1.16440,1.16452,1.16415,1.16420,1112,0
2026-01-14T08:00:00Z,1.16421,1.16501,1.16414,1.16491,1484,0
2026-01-14T09:00:00Z,1.16492,1.16521,1.16443,1.16462,1621,0
2026-01-14T10:00:00Z,1.16461,1.16504,1.16409,1.16475,2871,0
2026-01-14T11:00:00Z,1.16475,1.16538,1.16459,1.16517,1996,0
2026-01-14T12:00:00Z,1.16518,1.16578,1.16467,1.16551,2219,0
2026-01-14T13:00:00Z,1.16550,1.16550,1.16438,1.16470,2017,0
2026-01-14T14:00:00Z,1.16469,1.16599,1.16450,1.16597,2772,0
2026-01-14T15:00:00Z,1.16597,1.16597,1.16448,1.16500,3192,0
2026-01-14T16:00:00Z,1.16501,1.16598,1.16488,1.16559,3745,0
2026-01-14T17:00:00Z,1.16558,1.16607,1.16493,1.16599,4705,0
2026-01-14T18:00:00Z,1.16598,1.16617,1.16526,1.16546,3106,0
2026-01-14T19:00:00Z,1.16545,1.16558,1.16455,1.16467,2519,0
2026-01-14T20:00:00Z,1.16467,1.16477,1.16380,1.16380,2100,0
2026-01-14T21:00:00Z,1.16379,1.16392,1.16353,1.16361,1838,0
2026-01-14T22:00:00Z,1.16362,1.16474,1.16362,1.16432,2300,0
2026-01-14T23:00:00Z,1.16431,1.16461,1.16420,1.16439,903,1
2026-01-15T00:00:00Z,1.16450,1.16455,1.16425,1.16433,335,25
2026-01-15T01:00:00Z,1.16441,1.16470,1.16421,1.16446,1286,1
2026-01-15T02:00:00Z,1.16447,1.16455,1.16355,1.16376,1645,0
2026-01-15T03:00:00Z,1.16374,1.16417,1.16331,1.16385,2825,0
2026-01-15T04:00:00Z,1.16386,1.16408,1.16361,1.16402,1643,0
2026-01-15T05:00:00Z,1.16402,1.16414,1.16367,1.16389,1120,0
2026-01-15T06:00:00Z,1.16389,1.16394,1.16341,1.16346,842,0
2026-01-15T07:00:00Z,1.16345,1.16378,1.16335,1.16351,1092,0
2026-01-15T08:00:00Z,1.16352,1.16384,1.16299,1.16330,1742,0
2026-01-15T09:00:00Z,1.16342,1.16367,1.16259,1.16288,2317,0
2026-01-15T10:00:00Z,1.16284,1.16353,1.16269,1.16308,2560,0
2026-01-15T11:00:00Z,1.16306,1.16399,1.16302,1.16358,2389,0
2026-01-15T12:00:00Z,1.16357,1.16410,1.16327,1.16358,2128,0
2026-01-15T13:00:00Z,1.16363,1.16380,1.16302,1.16308,1962,0
2026-01-15T14:00:00Z,1.16307,1.16350,1.16202,1.16226,1549,0
2026-01-15T15:00:00Z,1.16224,1.16251,1.15988,1.16013,4269,0
2026-01-15T16:00:00Z,1.16014,1.16109,1.15931,1.16010,4375,0
2026-01-15T17:00:00Z,1.16011,1.16095,1.15971,1.16023,3987,0
2026-01-15T18:00:00Z,1.16024,1.16111,1.15983,1.16047,3239,0
2026-01-15T19:00:00Z,1.16046,1.16137,1.16035,1.16089,2067,0
2026-01-15T20:00:00Z,1.16088,1.16152,1.16088,1.16148,1705,0
2026-01-15T21:00:00Z,1.16148,1.16174,1.16112,1.16136,1581,0
2026-01-15T22:00:00Z,1.16137,1.16155,1.16027,1.16042,1593,0
2026-01-15T23:00:00Z,1.16041,1.16102,1.16032,1.16089,797,1
2026-01-16T00:00:00Z,1.16066,1.16076,1.16046,1.16062,505,25
2026-01-16T01:00:00Z,1.16070,1.16102,1.16055,1.16090,830,1
2026-01-16T02:00:00Z,1.16091,1.16095,1.16027,1.16039,1407,0
2026-01-16T03:00:00Z,1.16035,1.16087,1.16023,1.16069,1584,0
2026-01-16T04:00:00Z,1.16068,1.16143,1.16061,1.16094,2056,0
2026-01-16T05:00:00Z,1.16097,1.16126,1.16068,1.16122,1286,0
2026-01-16T06:00:00Z,1.16123,1.16137,1.16100,1.16110,793,0
2026-01-16T07:00:00Z,1.16110,1.16113,1.16058,1.16067,912,0
2026-01-16T08:00:00Z,1.16067,1.16097,1.16041,1.16096,1109,0
2026-01-16T09:00:00Z,1.16096,1.16147,1.16082,1.16120,2163,0
2026-01-16T10:00:00Z,1.16121,1.16146,1.16084,1.16092,2317,0
2026-01-16T11:00:00Z,1.16093,1.16152,1.16080,1.16084,1748,0
2026-01-16T12:00:00Z,1.16083,1.16177,1.16081,1.16131,1949,0
2026-01-16T13:00:00Z,1.16130,1.16234,1.16128,1.16191,1786,0
2026-01-16T14:00:00Z,1.16193,1.16222,1.16136,1.16191,2028,0
2026-01-16T15:00:00Z,1.16189,1.16211,1.16116,1.16185,2579,0
2026-01-16T16:00:00Z,1.16191,1.16206,1.16126,1.16182,3041,0
2026-01-16T17:00:00Z,1.16184,1.16273,1.15845,1.15936,6274,0
2026-01-16T18:00:00Z,1.15935,1.16060,1.15935,1.15984,4361,0
2026-01-16T19:00:00Z,1.15986,1.16028,1.15949,1.15956,2625,0
2026-01-16T20:00:00Z,1.15952,1.15993,1.15893,1.15955,1517,0
2026-01-16T21:00:00Z,1.15956,1.15974,1.15914,1.15964,1766,0
2026-01-16T22:00:00Z,1.15964,1.16022,1.15955,1.15994,1483,0
2026-01-16T23:00:00Z,1.15994,1.16022,1.15971,1.15981,886,1
2026-01-19T00:00:00Z,1.15782,1.15851,1.15771,1.15826,1131,30
2026-01-19T01:00:00Z,1.15827,1.16270,1.15785,1.16244,4034,1
2026-01-19T02:00:00Z,1.16244,1.16379,1.16046,1.16321,4256,0
2026-01-19T03:00:00Z,1.16320,1.16344,1.16221,1.16223,3363,0
2026-01-19T04:00:00Z,1.16224,1.16236,1.16157,1.16175,2189,0
2026-01-19T05:00:00Z,1.16175,1.16262,1.16160,1.16246,1812,0
2026-01-19T06:00:00Z,1.16246,1.16336,1.16245,1.16330,1713,0
2026-01-19T07:00:00Z,1.16332,1.16376,1.16268,1.16276,1681,0
2026-01-19T08:00:00Z,1.16273,1.16324,1.16248,1.16280,1734,0
2026-01-19T09:00:00Z,1.16282,1.16415,1.16230,1.16259,3398,0
2026-01-19T10:00:00Z,1.16260,1.16279,1.16184,1.16250,2903,0
2026-01-19T11:00:00Z,1.16249,1.16298,1.16110,1.16242,2892,0
2026-01-19T12:00:00Z,1.16243,1.16286,1.16220,1.16239,2187,0
2026-01-19T13:00:00Z,1.16244,1.16290,1.16201,1.16278,1818,0
2026-01-19T14:00:00Z,1.16278,1.16332,1.16251,1.16256,1671,0
2026-01-19T15:00:00Z,1.16258,1.16355,1.16258,1.16320,2121,0
2026-01-19T16:00:00Z,1.16319,1.16425,1.16302,1.16398,2107,0
2026-01-19T17:00:00Z,1.16397,1.16433,1.16318,1.16398,2579,0
2026-01-19T18:00:00Z,1.16397,1.16473,1.16377,1.16419,1507,0
2026-01-19T19:00:00Z,1.16422,1.16466,1.16396,1.16457,1034,0
2026-01-19T20:00:00Z,1.16456,1.16488,1.16431,1.16433,726,0
2026-01-19T21:00:00Z,1.16431,1.16468,1.16426,1.16432,479,0
2026-01-19T22:00:00Z,1.16432,1.16454,1.16417,1.16453,503,0
2026-01-19T23:00:00Z,1.16453,1.16462,1.16428,1.16454,420,1
2026-01-20T00:00:00Z,1.16405,1.16457,1.16405,1.16443,206,25
2026-01-20T01:00:00Z,1.16444,1.16460,1.16380,1.16390,884,1
2026-01-20T02:00:00Z,1.16391,1.16410,1.16324,1.16404,1546,0
2026-01-20T03:00:00Z,1.16403,1.16440,1.16387,1.16438,2248,0
2026-01-20T04:00:00Z,1.16439,1.16464,1.16403,1.16444,1665,0
2026-01-20T05:00:00Z,1.16445,1.16587,1.16441,1.16566,1628,0
2026-01-20T06:00:00Z,1.16566,1.16664,1.16560,1.16656,1435,0
2026-01-20T07:00:00Z,1.16656,1.16725,1.16630,1.16632,1633,0
2026-01-20T08:00:00Z,1.16632,1.16691,1.16620,1.16684,2216,0
2026-01-20T09:00:00Z,1.16685,1.16938,1.16640,1.16887,3654,0
2026-01-20T10:00:00Z,1.16887,1.17218,1.16873,1.17163,5157,0
2026-01-20T11:00:00Z,1.17162,1.17328,1.17157,1.17264,4485,0
2026-01-20T12:00:00Z,1.17264,1.17319,1.17152,1.17311,3628,0
2026-01-20T13:00:00Z,1.17311,1.17390,1.17225,1.17349,3193,0
2026-01-20T14:00:00Z,1.17348,1.17437,1.17256,1.17258,3049,0
2026-01-20T15:00:00Z,1.17259,1.17686,1.17184,1.17334,5640,0
2026-01-20T16:00:00Z,1.17333,1.17370,1.17153,1.17193,6396,0
2026-01-20T17:00:00Z,1.17195,1.17371,1.17162,1.17271,5751,0
2026-01-20T18:00:00Z,1.17270,1.17394,1.17269,1.17389,3642,0
2026-01-20T19:00:00Z,1.17384,1.17427,1.17297,1.17316,3078,0
2026-01-20T20:00:00Z,1.17315,1.17341,1.17265,1.17268,2269,0
2026-01-20T21:00:00Z,1.17267,1.17280,1.17115,1.17122,2444,0
2026-01-20T22:00:00Z,1.17122,1.17204,1.17109,1.17195,2757,0
2026-01-20T23:00:00Z,1.17194,1.17250,1.17174,1.17246,688,0
2026-01-21T00:00:00Z,1.17205,1.17242,1.17193,1.17208,545,25
2026-01-21T01:00:00Z,1.17205,1.17289,1.17196,1.17272,1040,1
2026-01-21T02:00:00Z,1.17266,1.17267,1.17166,1.17237,1715,0
2026-01-21T03:00:00Z,1.17236,1.17343,1.17225,1.17290,2449,0
2026-01-21T04:00:00Z,1.17290,1.17316,1.17242,1.17264,1434,0
2026-01-21T05:00:00Z,1.17289,1.17289,1.17108,1.17187,1860,0
2026-01-21T06:00:00Z,1.17187,1.17205,1.17139,1.17179,1419,0
2026-01-21T07:00:00Z,1.17179,1.17217,1.17154,1.17171,1287,0
2026-01-21T08:00:00Z,1.17172,1.17249,1.17153,1.17240,1705,0
2026-01-21T09:00:00Z,1.17232,1.17254,1.17101,1.17170,3190,0
2026-01-21T10:00:00Z,1.17170,1.17186,1.17051,1.17102,2970,0
2026-01-21T11:00:00Z,1.17103,1.17128,1.17012,1.17035,2322,0
2026-01-21T12:00:00Z,1.17034,1.17085,1.17014,1.17070,2072,0
2026-01-21T13:00:00Z,1.17070,1.17204,1.17038,1.17140,2607,0
2026-01-21T14:00:00Z,1.17143,1.17357,1.17121,1.17348,2561,0
2026-01-21T15:00:00Z,1.17350,1.17429,1.17286,1.17393,3006,0
2026-01-21T16:00:00Z,1.17394,1.17405,1.17153,1.17248,6544,0
2026-01-21T17:00:00Z,1.17249,1.17286,1.17006,1.17020,5856,0
2026-01-21T18:00:00Z,1.17020,1.17107,1.16947,1.17033,4671,0
2026-01-21T19:00:00Z,1.17044,1.17117,1.16971,1.17028,3642,0
2026-01-21T20:00:00Z,1.17026,1.17033,1.16936,1.16969,2222,0
2026-01-21T21:00:00Z,1.16970,1.17054,1.16771,1.16913,5316,0
2026-01-21T22:00:00Z,1.16914,1.16919,1.16762,1.16867,3355,0
2026-01-21T23:00:00Z,1.16868,1.16894,1.16839,1.16871,989,1
2026-01-22T00:00:00Z,1.16813,1.16856,1.16813,1.16840,513,25
2026-01-22T01:00:00Z,1.16849,1.16855,1.16701,1.16726,1379,1
2026-01-22T02:00:00Z,1.16727,1.16898,1.16726,1.16873,2269,0
2026-01-22T03:00:00Z,1.16872,1.16901,1.16811,1.16886,2225,0
2026-01-22T04:00:00Z,1.16887,1.16935,1.16832,1.16856,1412,0
2026-01-22T05:00:00Z,1.16856,1.16903,1.16848,1.16890,1208,0
2026-01-22T06:00:00Z,1.16890,1.16972,1.16889,1.16916,1030,0
2026-01-22T07:00:00Z,1.16916,1.16919,1.16841,1.16883,1417,0
2026-01-22T08:00:00Z,1.16884,1.16918,1.16841,1.16886,1626,0
2026-01-22T09:00:00Z,1.16889,1.16961,1.16847,1.16908,2503,0
2026-01-22T10:00:00Z,1.16906,1.16951,1.16840,1.16889,2659,0
2026-01-22T11:00:00Z,1.16896,1.16974,1.16877,1.16926,2604,0
2026-01-22T12:00:00Z,1.16926,1.16955,1.16867,1.16953,2267,0
2026-01-22T13:00:00Z,1.16954,1.17041,1.16903,1.17026,3077,0
2026-01-22T14:00:00Z,1.17023,1.17091,1.17000,1.17036,2406,0
2026-01-22T15:00:00Z,1.17038,1.17185,1.17029,1.17139,3659,0
2026-01-22T16:00:00Z,1.17141,1.17254,1.17108,1.17198,3971,0
2026-01-22T17:00:00Z,1.17201,1.17342,1.17186,1.17340,3746,0
2026-01-22T18:00:00Z,1.17340,1.17506,1.17334,1.17388,3203,0
2026-01-22T19:00:00Z,1.17388,1.17480,1.17273,1.17466,2741,0
2026-01-22T20:00:00Z,1.17465,1.17487,1.17433,1.17475,1282,0
2026-01-22T21:00:00Z,1.17475,1.17479,1.17412,1.17439,1221,0
2026-01-22T22:00:00Z,1.17440,1.17528,1.17420,1.17488,1204,0
2026-01-22T23:00:00Z,1.17482,1.17548,1.17471,1.17540,807,1
2026-01-23T00:00:00Z,1.17483,1.17553,1.17483,1.17548,323,25
2026-01-23T01:00:00Z,1.17557,1.17593,1.17531,1.17538,930,1
2026-01-23T02:00:00Z,1.17539,1.17539,1.17478,1.17481,1560,0
2026-01-23T03:00:00Z,1.17481,1.17537,1.17470,1.17494,2529,0
2026-01-23T04:00:00Z,1.17490,1.17500,1.17439,1.17453,1777,0
2026-01-23T05:00:00Z,1.17454,1.17487,1.17435,1.17437,1621,0
2026-01-23T06:00:00Z,1.17436,1.17511,1.17429,1.17500,1123,0
2026-01-23T07:00:00Z,1.17501,1.17539,1.17498,1.17510,1310,0
2026-01-23T08:00:00Z,1.17509,1.17528,1.17413,1.17420,2431,0
2026-01-23T09:00:00Z,1.17419,1.17474,1.17349,1.17360,4086,0
2026-01-23T10:00:00Z,1.17354,1.17452,1.17283,1.17401,3507,0
2026-01-23T11:00:00Z,1.17400,1.17450,1.17350,1.17354,3208,0
2026-01-23T12:00:00Z,1.17357,1.17360,1.17300,1.17343,2372,0
2026-01-23T13:00:00Z,1.17344,1.17405,1.17307,1.17374,2277,0
2026-01-23T14:00:00Z,1.17374,1.17443,1.17366,1.17424,2147,0
2026-01-23T15:00:00Z,1.17422,1.17473,1.17329,1.17341,2143,0
2026-01-23T16:00:00Z,1.17341,1.17481,1.17318,1.17466,2350,0
2026-01-23T17:00:00Z,1.17467,1.17614,1.17458,1.17580,3072,0
2026-01-23T18:00:00Z,1.17582,1.17751,1.17465,1.17707,3639,0
2026-01-23T19:00:00Z,1.17705,1.17988,1.17691,1.17943,5912,0
2026-01-23T20:00:00Z,1.17943,1.17954,1.17771,1.17921,4341,0
2026-01-23T21:00:00Z,1.17923,1.18147,1.17915,1.18116,3588,0
2026-01-23T22:00:00Z,1.18117,1.18265,1.18101,1.18212,3157,0
2026-01-23T23:00:00Z,1.18213,1.18335,1.18209,1.18292,1868,1
2026-01-26T00:00:00Z,1.18598,1.18915,1.18495,1.18884,1811,30
2026-01-26T01:00:00Z,1.18885,1.18975,1.18542,1.18602,4628,1
2026-01-26T02:00:00Z,1.18600,1.18630,1.18443,1.18611,5424,0
2026-01-26T03:00:00Z,1.18618,1.18690,1.18547,1.18578,4886,0
2026-01-26T04:00:00Z,1.18578,1.18765,1.18557,1.18676,3992,0
2026-01-26T05:00:00Z,1.18676,1.18677,1.18581,1.18623,2658,0
2026-01-26T06:00:00Z,1.18624,1.18693,1.18556,1.18591,2677,0
2026-01-26T07:00:00Z,1.18591,1.18698,1.18578,1.18650,2032,0
2026-01-26T08:00:00Z,1.18649,1.18656,1.18505,1.18516,2932,0
2026-01-26T09:00:00Z,1.18516,1.18628,1.18366,1.18388,4032,0
2026-01-26T10:00:00Z,1.18389,1.18597,1.18381,1.18535,5131,0
2026-01-26T11:00:00Z,1.18536,1.18676,1.18419,1.18637,4383,0
2026-01-26T12:00:00Z,1.18640,1.18653,1.18536,1.18607,3317,0
2026-01-26T13:00:00Z,1.18608,1.18608,1.18487,1.18559,2804,0
2026-01-26T14:00:00Z,1.18552,1.18572,1.18401,1.18422,2249,0
2026-01-26T15:00:00Z,1.18422,1.18567,1.18349,1.18560,3030,0
2026-01-26T16:00:00Z,1.18559,1.18795,1.18525,1.18790,4135,0
2026-01-26T17:00:00Z,1.18789,1.18969,1.18707,1.18954,5007,0
2026-01-26T18:00:00Z,1.18952,1.19069,1.18800,1.18860,4334,0
2026-01-26T19:00:00Z,1.18859,1.18915,1.18748,1.18788,3311,0
2026-01-26T20:00:00Z,1.18788,1.18903,1.18781,1.18790,2822,0
2026-01-26T21:00:00Z,1.18789,1.18815,1.18706,1.18791,2793,0
2026-01-26T22:00:00Z,1.18792,1.18836,1.18772,1.18825,1912,0
2026-01-26T23:00:00Z,1.18824,1.18863,1.18738,1.18778,1077,1
2026-01-27T00:00:00Z,1.18732,1.18777,1.18721,1.18764,573,25
2026-01-27T01:00:00Z,1.18771,1.18813,1.18715,1.18738,1398,1
2026-01-27T02:00:00Z,1.18739,1.18828,1.18724,1.18772,2451,0
2026-01-27T03:00:00Z,1.18772,1.18813,1.18732,1.18787,2460,0
2026-01-27T04:00:00Z,1.18787,1.18994,1.18761,1.18933,2136,0
2026-01-27T05:00:00Z,1.18932,1.18933,1.18791,1.18796,2196,0
2026-01-27T06:00:00Z,1.18795,1.18823,1.18699,1.18735,1818,0
2026-01-27T07:00:00Z,1.18734,1.18787,1.18719,1.18766,1633,0
2026-01-27T08:00:00Z,1.18768,1.18813,1.18708,1.18717,2070,0
2026-01-27T09:00:00Z,1.18718,1.18755,1.18609,1.18636,3143,0
2026-01-27T10:00:00Z,1.18641,1.18672,1.18504,1.18606,3476,0
2026-01-27T11:00:00Z,1.18604,1.18898,1.18589,1.18890,3150,0
2026-01-27T12:00:00Z,1.18888,1.18899,1.18740,1.18888,4217,0
2026-01-27T13:00:00Z,1.18893,1.18971,1.18853,1.18953,2749,0
2026-01-27T14:00:00Z,1.18952,1.19342,1.18942,1.19281,5973,0
2026-01-27T15:00:00Z,1.19286,1.19386,1.19141,1.19234,6116,0
2026-01-27T16:00:00Z,1.19235,1.19552,1.19184,1.19443,6276,0
2026-01-27T17:00:00Z,1.19433,1.19724,1.19433,1.19508,7083,0
2026-01-27T18:00:00Z,1.19508,1.19901,1.19497,1.19791,5115,0
2026-01-27T19:00:00Z,1.19792,1.19837,1.19587,1.19800,5070,0
2026-01-27T20:00:00Z,1.19800,1.19874,1.19718,1.19778,3716,0
2026-01-27T21:00:00Z,1.19778,1.19808,1.19712,1.19772,2780,0
2026-01-27T22:00:00Z,1.19771,1.20830,1.19720,1.20296,6422,0
2026-01-27T23:00:00Z,1.20300,1.20493,1.20230,1.20457,4829,1
2026-01-28T00:00:00Z,1.20367,1.20423,1.20356,1.20409,1011,25
2026-01-28T01:00:00Z,1.20421,1.20444,1.20162,1.20228,2542,1
2026-01-28T02:00:00Z,1.20229,1.20234,1.20080,1.20149,4115,0
2026-01-28T03:00:00Z,1.20151,1.20162,1.19928,1.19929,3739,0
2026-01-28T04:00:00Z,1.19929,1.19999,1.19871,1.19976,2730,0
2026-01-28T05:00:00Z,1.19978,1.20050,1.19951,1.19969,2327,0
2026-01-28T06:00:00Z,1.19970,1.20017,1.19912,1.20002,1908,0
2026-01-28T07:00:00Z,1.20002,1.20009,1.19749,1.19969,3722,0
2026-01-28T08:00:00Z,1.19969,1.20071,1.19902,1.19950,2853,0
2026-01-28T09:00:00Z,1.19952,1.20259,1.19843,1.19913,4982,0
2026-01-28T10:00:00Z,1.19919,1.20047,1.19704,1.19803,5517,0
2026-01-28T11:00:00Z,1.19804,1.19928,1.19751,1.19868,4258,0
2026-01-28T12:00:00Z,1.19869,1.19948,1.19726,1.19889,4102,0
2026-01-28T13:00:00Z,1.19892,1.19897,1.19618,1.19680,3214,0
2026-01-28T14:00:00Z,1.19679,1.19834,1.19661,1.19798,3295,0
2026-01-28T15:00:00Z,1.19799,1.19808,1.19519,1.19577,4045,0
2026-01-28T16:00:00Z,1.19579,1.19775,1.19526,1.19624,4782,0
2026-01-28T17:00:00Z,1.19625,1.19701,1.19230,1.19435,11370,0
2026-01-28T18:00:00Z,1.19434,1.19526,1.19189,1.19405,6366,0
2026-01-28T19:00:00Z,1.19406,1.19433,1.19281,1.19410,3986,0
2026-01-28T20:00:00Z,1.19410,1.19423,1.19143,1.19214,3220,0
2026-01-28T21:00:00Z,1.19204,1.19418,1.18956,1.19404,8826,0
2026-01-28T22:00:00Z,1.19405,1.19502,1.19293,1.19456,4881,0
2026-01-28T23:00:00Z,1.19458,1.19528,1.19415,1.19527,1734,1
2026-01-29T00:00:00Z,1.19531,1.19557,1.19531,1.19548,284,25
2026-01-29T01:00:00Z,1.19558,1.19806,1.19522,1.19806,2901,1
2026-01-29T02:00:00Z,1.19804,1.19852,1.19691,1.19736,4159,0
2026-01-29T03:00:00Z,1.19737,1.19737,1.19567,1.19614,4039,0
2026-01-29T04:00:00Z,1.19613,1.19755,1.19530,1.19732,2963,0
2026-01-29T05:00:00Z,1.19729,1.19868,1.19705,1.19864,2663,0
2026-01-29T06:00:00Z,1.19864,1.19906,1.19753,1.19899,2693,0
2026-01-29T07:00:00Z,1.19894,1.19936,1.19803,1.19812,2682,0
2026-01-29T08:00:00Z,1.19812,1.19890,1.19753,1.19845,3190,0
2026-01-29T09:00:00Z,1.19842,1.19964,1.19672,1.19741,3652,0
2026-01-29T10:00:00Z,1.19741,1.19858,1.19614,1.19683,5416,0
2026-01-29T11:00:00Z,1.19685,1.19741,1.19514,1.19557,4314,0
2026-01-29T12:00:00Z,1.19558,1.19578,1.19388,1.19423,3913,0
2026-01-29T13:00:00Z,1.19422,1.19531,1.19379,1.19470,3020,0
2026-01-29T14:00:00Z,1.19472,1.19623,1.19422,1.19612,2830,0
2026-01-29T15:00:00Z,1.19611,1.19707,1.19402,1.19562,5625,0
2026-01-29T16:00:00Z,1.19566,1.19714,1.19522,1.19703,6328,0
2026-01-29T17:00:00Z,1.19704,1.19723,1.19061,1.19295,11945,0
2026-01-29T18:00:00Z,1.19294,1.19529,1.19272,1.19426,7676,0
2026-01-29T19:00:00Z,1.19427,1.19615,1.19427,1.19561,5445,0
2026-01-29T20:00:00Z,1.19557,1.19649,1.19484,1.19578,5413,0
2026-01-29T21:00:00Z,1.19576,1.19605,1.19502,1.19514,3452,0
2026-01-29T22:00:00Z,1.19511,1.19683,1.19458,1.19648,2276,0
2026-01-29T23:00:00Z,1.19648,1.19711,1.19619,1.19694,1392,1
2026-01-30T00:00:00Z,1.19659,1.19681,1.19649,1.19681,322,25
2026-01-30T01:00:00Z,1.19688,1.19744,1.19648,1.19673,1583,1
2026-01-30T02:00:00Z,1.19673,1.19731,1.19300,1.19319,4340,0
2026-01-30T03:00:00Z,1.19321,1.19396,1.19143,1.19170,5723,0
2026-01-30T04:00:00Z,1.19171,1.19259,1.18948,1.19184,7889,0
2026-01-30T05:00:00Z,1.19193,1.19232,1.19129,1.19200,4339,0
2026-01-30T06:00:00Z,1.19200,1.19345,1.19191,1.19244,3144,0
2026-01-30T07:00:00Z,1.19245,1.19351,1.19144,1.19247,3521,0
2026-01-30T08:00:00Z,1.19246,1.19332,1.19139,1.19190,5419,0
2026-01-30T09:00:00Z,1.19191,1.19426,1.19147,1.19376,6376,0
2026-01-30T10:00:00Z,1.19377,1.19431,1.19233,1.19339,5536,0
2026-01-30T11:00:00Z,1.19332,1.19378,1.18983,1.19085,6123,0
2026-01-30T12:00:00Z,1.19077,1.19252,1.19047,1.19211,4162,0
2026-01-30T13:00:00Z,1.19213,1.19504,1.19206,1.19491,4502,0
2026-01-30T14:00:00Z,1.19482,1.19547,1.19151,1.19195,4322,0
2026-01-30T15:00:00Z,1.19196,1.19246,1.19018,1.19124,6938,0
2026-01-30T16:00:00Z,1.19127,1.19211,1.19010,1.19066,7292,0
2026-01-30T17:00:00Z,1.19065,1.19065,1.18831,1.18951,8786,0
2026-01-30T18:00:00Z,1.18952,1.18976,1.18719,1.18861,7153,0
2026-01-30T19:00:00Z,1.18851,1.18876,1.18666,1.18724,5763,0
2026-01-30T20:00:00Z,1.18723,1.18842,1.18544,1.18783,7633,0
2026-01-30T21:00:00Z,1.18783,1.18849,1.18644,1.18694,6196,0
2026-01-30T22:00:00Z,1.18695,1.18695,1.18530,1.18532,4403,0
2026-01-30T23:00:00Z,1.18529,1.18562,1.18498,1.18507,2234,0
2026-02-02T00:00:00Z,1.18473,1.18518,1.18459,1.18493,798,30
2026-02-02T01:00:00Z,1.18494,1.18569,1.18396,1.18461,5292,1
2026-02-02T02:00:00Z,1.18463,1.18747,1.18463,1.18666,5591,0
2026-02-02T03:00:00Z,1.18667,1.18725,1.18526,1.18704,5600,0
2026-02-02T04:00:00Z,1.18711,1.18747,1.18630,1.18630,4147,0
2026-02-02T05:00:00Z,1.18629,1.18717,1.18629,1.18641,3314,0
2026-02-02T06:00:00Z,1.18642,1.18723,1.18577,1.18631,2962,0
2026-02-02T07:00:00Z,1.18632,1.18637,1.18411,1.18504,3012,0
2026-02-02T08:00:00Z,1.18503,1.18544,1.18431,1.18538,4880,0
2026-02-02T09:00:00Z,1.18538,1.18633,1.18516,1.18535,5131,0
2026-02-02T10:00:00Z,1.18541,1.18665,1.18437,1.18509,5511,0
2026-02-02T11:00:00Z,1.18508,1.18650,1.18446,1.18622,5000,0
2026-02-02T12:00:00Z,1.18620,1.18699,1.18586,1.18646,3844,0
2026-02-02T13:00:00Z,1.18648,1.18713,1.18604,1.18645,3913,0
2026-02-02T14:00:00Z,1.18641,1.18698,1.18430,1.18499,3930,0
2026-02-02T15:00:00Z,1.18498,1.18501,1.18180,1.18207,5779,0
2026-02-02T16:00:00Z,1.18208,1.18299,1.18053,1.18202,6515,0
2026-02-02T17:00:00Z,1.18200,1.18200,1.17904,1.17923,8478,0
2026-02-02T18:00:00Z,1.17924,1.18076,1.17904,1.18064,5620,0
2026-02-02T19:00:00Z,1.18059,1.18124,1.17950,1.18000,3819,0
2026-02-02T20:00:00Z,1.18005,1.18010,1.17775,1.17798,3433,0
2026-02-02T21:00:00Z,1.17796,1.17914,1.17760,1.17886,2905,0
2026-02-02T22:00:00Z,1.17885,1.17922,1.17803,1.17913,2515,0
2026-02-02T23:00:00Z,1.17914,1.17944,1.17891,1.17896,767,1
2026-02-03T00:00:00Z,1.17850,1.17911,1.17841,1.17889,1252,25
2026-02-03T01:00:00Z,1.17887,1.17989,1.17875,1.17989,1652,1
2026-02-03T02:00:00Z,1.17988,1.18071,1.17980,1.18063,2640,0
2026-02-03T03:00:00Z,1.18067,1.18148,1.18016,1.18140,2605,0
2026-02-03T04:00:00Z,1.18139,1.18144,1.18005,1.18016,1860,0
2026-02-03T05:00:00Z,1.18016,1.18127,1.18007,1.18094,2539,0
2026-02-03T06:00:00Z,1.18095,1.18166,1.18086,1.18091,1987,0
2026-02-03T07:00:00Z,1.18092,1.18132,1.18049,1.18087,1792,0
2026-02-03T08:00:00Z,1.18088,1.18163,1.18077,1.18137,2341,0
2026-02-03T09:00:00Z,1.18131,1.18244,1.18099,1.18153,3891,0
2026-02-03T10:00:00Z,1.18156,1.18195,1.18038,1.18128,3537,0
2026-02-03T11:00:00Z,1.18130,1.18161,1.17920,1.17921,4057,0
2026-02-03T12:00:00Z,1.17925,1.18000,1.17867,1.17872,3184,0
2026-02-03T13:00:00Z,1.17871,1.17949,1.17826,1.17871,3261,0
2026-02-03T14:00:00Z,1.17874,1.18001,1.17866,1.17965,3195,0
2026-02-03T15:00:00Z,1.17963,1.18067,1.17927,1.17960,4064,0
2026-02-03T16:00:00Z,1.17962,1.18012,1.17801,1.17912,5537,0
2026-02-03T17:00:00Z,1.17911,1.18136,1.17862,1.18130,5961,0
2026-02-03T18:00:00Z,1.18129,1.18213,1.18102,1.18177,4610,0
2026-02-03T19:00:00Z,1.18180,1.18289,1.18137,1.18163,4382,0
2026-02-03T20:00:00Z,1.18163,1.18225,1.18090,1.18090,3914,0
2026-02-03T21:00:00Z,1.18087,1.18171,1.18057,1.18133,3593,0
2026-02-03T22:00:00Z,1.18134,1.18219,1.18095,1.18211,2429,0
2026-02-03T23:00:00Z,1.18209,1.18251,1.18200,1.18230,812,1
2026-02-04T00:00:00Z,1.18148,1.18191,1.18123,1.18164,1540,25
2026-02-04T01:00:00Z,1.18157,1.18204,1.18120,1.18156,1254,1
2026-02-04T02:00:00Z,1.18154,1.18174,1.18086,1.18142,2318,0
2026-02-04T03:00:00Z,1.18141,1.18320,1.18123,1.18259,3554,0
2026-02-04T04:00:00Z,1.18260,1.18316,1.18187,1.18221,2531,0
2026-02-04T05:00:00Z,1.18221,1.18281,1.18207,1.18270,1879,0
2026-02-04T06:00:00Z,1.18269,1.18358,1.18253,1.18355,1558,0
2026-02-04T07:00:00Z,1.18354,1.18362,1.18307,1.18328,1648,0
2026-02-04T08:00:00Z,1.18331,1.18361,1.18289,1.18297,2430,0
2026-02-04T09:00:00Z,1.18298,1.18339,1.18240,1.18320,2709,0
2026-02-04T10:00:00Z,1.18311,1.18380,1.18237,1.18287,3703,0
2026-02-04T11:00:00Z,1.18288,1.18326,1.18112,1.18139,3282,0
2026-02-04T12:00:00Z,1.18140,1.18178,1.18046,1.18135,3061,0
2026-02-04T13:00:00Z,1.18135,1.18153,1.18057,1.18102,3119,0
2026-02-04T14:00:00Z,1.18103,1.18248,1.18096,1.18216,2566,0
2026-02-04T15:00:00Z,1.18220,1.18268,1.18113,1.18224,4217,0
2026-02-04T16:00:00Z,1.18225,1.18257,1.18024,1.18145,5829,0
2026-02-04T17:00:00Z,1.18146,1.18221,1.17932,1.17963,6451,0
2026-02-04T18:00:00Z,1.17963,1.18057,1.17906,1.18023,4805,0
2026-02-04T19:00:00Z,1.18025,1.18151,1.17943,1.17976,5206,0
2026-02-04T20:00:00Z,1.17976,1.18016,1.17948,1.18009,3618,0
2026-02-04T21:00:00Z,1.18010,1.18094,1.17943,1.18092,3026,0
2026-02-04T22:00:00Z,1.18087,1.18096,1.18016,1.18036,2209,0
2026-02-04T23:00:00Z,1.18036,1.18078,1.18023,1.18036,1058,1
2026-02-05T00:00:00Z,1.18025,1.18061,1.18024,1.18040,423,25
2026-02-05T01:00:00Z,1.18039,1.18075,1.18002,1.18012,1318,1
2026-02-05T02:00:00Z,1.18013,1.18047,1.17994,1.18043,1674,0
2026-02-05T03:00:00Z,1.18044,1.18081,1.18021,1.18037,2164,0
2026-02-05T04:00:00Z,1.18038,1.18052,1.17847,1.17857,3868,0
2026-02-05T05:00:00Z,1.17859,1.17908,1.17829,1.17893,3332,0
2026-02-05T06:00:00Z,1.17894,1.17910,1.17864,1.17875,1600,0
2026-02-05T07:00:00Z,1.17876,1.17903,1.17841,1.17900,1556,0
2026-02-05T08:00:00Z,1.17900,1.17917,1.17844,1.17904,2510,0
2026-02-05T09:00:00Z,1.17907,1.18035,1.17903,1.17988,3190,0
2026-02-05T10:00:00Z,1.17989,1.18087,1.17955,1.18027,3749,0
2026-02-05T11:00:00Z,1.18028,1.18029,1.17803,1.17806,3571,0
2026-02-05T12:00:00Z,1.17807,1.17918,1.17804,1.17877,2384,0
2026-02-05T13:00:00Z,1.17878,1.17953,1.17861,1.17937,2263,0
2026-02-05T14:00:00Z,1.17936,1.18035,1.17854,1.17997,6043,0
2026-02-05T15:00:00Z,1.17997,1.18154,1.17908,1.18118,7167,0
2026-02-05T16:00:00Z,1.18113,1.18217,1.17956,1.17978,7385,0
2026-02-05T17:00:00Z,1.17976,1.18116,1.17818,1.17913,7878,0
2026-02-05T18:00:00Z,1.17913,1.18035,1.17851,1.18013,5453,0
2026-02-05T19:00:00Z,1.18016,1.18043,1.17960,1.18009,3731,0
2026-02-05T20:00:00Z,1.18009,1.18028,1.17919,1.17934,2159,0
2026-02-05T21:00:00Z,1.17932,1.17975,1.17924,1.17942,1722,0
2026-02-05T22:00:00Z,1.17938,1.17947,1.17798,1.17809,1912,0
2026-02-05T23:00:00Z,1.17805,1.17841,1.17748,1.17749,1447,1
2026-02-06T00:00:00Z,1.17769,1.17813,1.17769,1.17803,448,25
2026-02-06T01:00:00Z,1.17802,1.17805,1.17749,1.17765,1915,1
2026-02-06T02:00:00Z,1.17764,1.17833,1.17655,1.17829,3611,0
2026-02-06T03:00:00Z,1.17829,1.17882,1.17784,1.17850,3574,0
2026-02-06T04:00:00Z,1.17852,1.17917,1.17845,1.17876,2124,0
2026-02-06T05:00:00Z,1.17876,1.17903,1.17855,1.17876,1650,0
2026-02-06T06:00:00Z,1.17879,1.17964,1.17872,1.17953,1062,0
2026-02-06T07:00:00Z,1.17954,1.18011,1.17947,1.17983,1615,0
2026-02-06T08:00:00Z,1.17979,1.18017,1.17943,1.17972,2037,0
2026-02-06T09:00:00Z,1.17976,1.17977,1.17887,1.17914,2287,0
2026-02-06T10:00:00Z,1.17915,1.17958,1.17857,1.17923,3087,0
2026-02-06T11:00:00Z,1.17924,1.17982,1.17902,1.17920,3011,0
2026-02-06T12:00:00Z,1.17921,1.17998,1.17898,1.17920,2216,0
2026-02-06T13:00:00Z,1.17919,1.17932,1.17857,1.17901,2384,0
2026-02-06T14:00:00Z,1.17898,1.17931,1.17883,1.17926,2184,0
2026-02-06T15:00:00Z,1.17927,1.18111,1.17923,1.18103,2795,0
2026-02-06T16:00:00Z,1.18102,1.18262,1.18099,1.18208,3976,0
2026-02-06T17:00:00Z,1.18206,1.18240,1.18052,1.18193,4743,0
2026-02-06T18:00:00Z,1.18192,1.18218,1.18100,1.18124,3327,0
2026-02-06T19:00:00Z,1.18122,1.18206,1.18103,1.18179,2311,0
2026-02-06T20:00:00Z,1.18180,1.18228,1.18176,1.18190,1582,0
2026-02-06T21:00:00Z,1.18190,1.18212,1.18146,1.18191,1417,0
2026-02-06T22:00:00Z,1.18193,1.18226,1.18182,1.18220,1130,0
2026-02-06T23:00:00Z,1.18219,1.18238,1.18129,1.18135,885,1
2026-02-09T00:00:00Z,1.18110,1.18141,1.18110,1.18130,613,30
2026-02-09T01:00:00Z,1.18132,1.18277,1.18098,1.18266,2387,1
2026-02-09T02:00:00Z,1.18267,1.18336,1.18240,1.18308,2983,0
2026-02-09T03:00:00Z,1.18309,1.18335,1.18248,1.18256,2979,0
2026-02-09T04:00:00Z,1.18255,1.18258,1.18158,1.18197,2312,0
2026-02-09T05:00:00Z,1.18196,1.18249,1.18183,1.18188,1582,0
2026-02-09T06:00:00Z,1.18190,1.18269,1.18190,1.18265,1171,0
2026-02-09T07:00:00Z,1.18267,1.18362,1.18258,1.18333,1206,0
2026-02-09T08:00:00Z,1.18332,1.18576,1.18329,1.18519,3368,0
2026-02-09T09:00:00Z,1.18519,1.18600,1.18471,1.18559,4088,0
2026-02-09T10:00:00Z,1.18559,1.18647,1.18516,1.18642,3018,0
2026-02-09T11:00:00Z,1.18642,1.18699,1.18602,1.18622,2421,0
2026-02-09T12:00:00Z,1.18622,1.18696,1.18552,1.18600,3191,0
2026-02-09T13:00:00Z,1.18599,1.18720,1.18556,1.18692,3517,0
2026-02-09T14:00:00Z,1.18693,1.18828,1.18693,1.18812,2602,0
2026-02-09T15:00:00Z,1.18815,1.19056,1.18815,1.19036,4998,0
2026-02-09T16:00:00Z,1.19037,1.19185,1.19028,1.19185,6376,0
2026-02-09T17:00:00Z,1.19185,1.19265,1.19034,1.19120,5186,0
2026-02-09T18:00:00Z,1.19124,1.19176,1.18930,1.18973,3891,0
2026-02-09T19:00:00Z,1.18974,1.19109,1.18973,1.19086,2178,0
2026-02-09T20:00:00Z,1.19086,1.19172,1.19035,1.19159,2475,0
2026-02-09T21:00:00Z,1.19160,1.19222,1.19125,1.19202,2364,0
2026-02-09T22:00:00Z,1.19201,1.19212,1.19141,1.19146,1377,0
2026-02-09T23:00:00Z,1.19145,1.19153,1.19107,1.19134,910,1
2026-02-10T00:00:00Z,1.19081,1.19122,1.19081,1.19115,556,25
2026-02-10T01:00:00Z,1.19116,1.19144,1.19015,1.19036,1236,1
2026-02-10T02:00:00Z,1.19035,1.19056,1.18983,1.19016,1868,0
2026-02-10T03:00:00Z,1.19016,1.19104,1.18966,1.19058,2794,0
2026-02-10T04:00:00Z,1.19057,1.19142,1.19057,1.19137,2302,0
2026-02-10T05:00:00Z,1.19136,1.19170,1.19098,1.19114,1890,0
2026-02-10T06:00:00Z,1.19115,1.19129,1.19057,1.19068,1330,0
2026-02-10T07:00:00Z,1.19067,1.19105,1.19035,1.19072,1339,0
2026-02-10T08:00:00Z,1.19071,1.19132,1.19012,1.19031,1930,0
2026-02-10T09:00:00Z,1.19034,1.19105,1.18994,1.19087,2467,0
2026-02-10T10:00:00Z,1.19082,1.19151,1.18996,1.19092,3141,0
2026-02-10T11:00:00Z,1.19091,1.19198,1.19081,1.19143,2754,0
2026-02-10T12:00:00Z,1.19144,1.19175,1.19091,1.19101,2290,0
2026-02-10T13:00:00Z,1.19099,1.19107,1.19008,1.19038,1673,0
2026-02-10T14:00:00Z,1.19046,1.19086,1.18911,1.18928,3322,0
2026-02-10T15:00:00Z,1.18930,1.19132,1.18882,1.19053,5097,0
2026-02-10T16:00:00Z,1.19061,1.19286,1.19028,1.19148,6046,0
2026-02-10T17:00:00Z,1.19144,1.19193,1.18965,1.19140,6015,0
2026-02-10T18:00:00Z,1.19141,1.19150,1.18966,1.18976,4750,0
2026-02-10T19:00:00Z,1.18978,1.19053,1.18931,1.18958,2576,0
2026-02-10T20:00:00Z,1.18958,1.18982,1.18905,1.18923,1971,0
2026-02-10T21:00:00Z,1.18922,1.19023,1.18868,1.19022,1629,0
2026-02-10T22:00:00Z,1.19021,1.19033,1.18945,1.18951,1323,0
2026-02-10T23:00:00Z,1.18952,1.18966,1.18924,1.18954,810,1
2026-02-11T00:00:00Z,1.18928,1.18956,1.18892,1.18900,1049,25
2026-02-11T01:00:00Z,1.18900,1.18918,1.18865,1.18877,1099,1
2026-02-11T02:00:00Z,1.18878,1.19004,1.18862,1.18966,1761,0
2026-02-11T03:00:00Z,1.18967,1.19021,1.18938,1.18977,2231,0
2026-02-11T04:00:00Z,1.18979,1.19129,1.18977,1.19083,2052,0
2026-02-11T05:00:00Z,1.19084,1.19135,1.19033,1.19114,1226,0
2026-02-11T06:00:00Z,1.19112,1.19150,1.19075,1.19080,1294,0
2026-02-11T07:00:00Z,1.19081,1.19190,1.19067,1.19182,1658,0
2026-02-11T08:00:00Z,1.19183,1.19257,1.19125,1.19152,2310,0
2026-02-11T09:00:00Z,1.19145,1.19182,1.19102,1.19178,2731,0
2026-02-11T10:00:00Z,1.19177,1.19201,1.19132,1.19184,2760,0
2026-02-11T11:00:00Z,1.19185,1.19196,1.19103,1.19180,2799,0
2026-02-11T12:00:00Z,1.19179,1.19272,1.19162,1.19218,2547,0
2026-02-11T13:00:00Z,1.19218,1.19218,1.19049,1.19082,2603,0
2026-02-11T14:00:00Z,1.19083,1.19093,1.18984,1.19004,3176,0
2026-02-11T15:00:00Z,1.19003,1.19043,1.18329,1.18621,8833,0
2026-02-11T16:00:00Z,1.18620,1.18825,1.18527,1.18600,9307,0
2026-02-11T17:00:00Z,1.18603,1.18718,1.18510,1.18594,7903,0
2026-02-11T18:00:00Z,1.18595,1.18833,1.18533,1.18831,4711,0
2026-02-11T19:00:00Z,1.18830,1.18936,1.18772,1.18858,3817,0
2026-02-11T20:00:00Z,1.18858,1.18907,1.18787,1.18823,2949,0
2026-02-11T21:00:00Z,1.18821,1.18846,1.18778,1.18798,2294,0
2026-02-11T22:00:00Z,1.18794,1.18811,1.18698,1.18706,1738,0
2026-02-11T23:00:00Z,1.18707,1.18742,1.18685,1.18705,917,1
2026-02-12T00:00:00Z,1.18703,1.18755,1.18684,1.18717,526,25
2026-02-12T01:00:00Z,1.18725,1.18762,1.18691,1.18746,1299,1
2026-02-12T02:00:00Z,1.18745,1.18780,1.18669,1.18769,2318,0
2026-02-12T03:00:00Z,1.18766,1.18825,1.18735,1.18807,2984,0
2026-02-12T04:00:00Z,1.18806,1.18846,1.18750,1.18790,1807,0
2026-02-12T05:00:00Z,1.18790,1.18811,1.18654,1.18696,1936,0
2026-02-12T06:00:00Z,1.18695,1.18726,1.18602,1.18619,1552,0
2026-02-12T07:00:00Z,1.18624,1.18657,1.18583,1.18647,1865,0
2026-02-12T08:00:00Z,1.18647,1.18676,1.18523,1.18606,3436,0
2026-02-12T09:00:00Z,1.18606,1.18751,1.18595,1.18730,2880,0
2026-02-12T10:00:00Z,1.18729,1.18809,1.18713,1.18799,3172,0
2026-02-12T11:00:00Z,1.18801,1.18880,1.18796,1.18871,2907,0
2026-02-12T12:00:00Z,1.18872,1.18873,1.18746,1.18772,2520,0
2026-02-12T13:00:00Z,1.18772,1.18847,1.18750,1.18844,2042,0
2026-02-12T14:00:00Z,1.18846,1.18863,1.18670,1.18730,2952,0
2026-02-12T15:00:00Z,1.18731,1.18852,1.18714,1.18849,3777,0
2026-02-12T16:00:00Z,1.18850,1.18877,1.18747,1.18835,5404,0
2026-02-12T17:00:00Z,1.18834,1.18885,1.18783,1.18857,5120,0
2026-02-12T18:00:00Z,1.18858,1.18899,1.18620,1.18706,8535,0
2026-02-12T19:00:00Z,1.18707,1.18770,1.18601,1.18652,5926,0
2026-02-12T20:00:00Z,1.18654,1.18694,1.18561,1.18634,3972,0
2026-02-12T21:00:00Z,1.18635,1.18715,1.18609,1.18701,2486,0
2026-02-12T22:00:00Z,1.18697,1.18706,1.18636,1.18696,1708,0
2026-02-12T23:00:00Z,1.18695,1.18725,1.18683,1.18704,728,1
2026-02-13T00:00:00Z,1.18627,1.18711,1.18627,1.18711,358,25
2026-02-13T01:00:00Z,1.18707,1.18716,1.18669,1.18693,1164,1
2026-02-13T02:00:00Z,1.18690,1.18724,1.18665,1.18724,1911,0
2026-02-13T03:00:00Z,1.18723,1.18732,1.18632,1.18669,2313,0
2026-02-13T04:00:00Z,1.18670,1.18712,1.18629,1.18694,1576,0
2026-02-13T05:00:00Z,1.18697,1.18702,1.18658,1.18669,1378,0
2026-02-13T06:00:00Z,1.18670,1.18676,1.18598,1.18631,938,0
2026-02-13T07:00:00Z,1.18632,1.18648,1.18578,1.18595,1634,0
2026-02-13T08:00:00Z,1.18594,1.18617,1.18535,1.18562,2080,0
2026-02-13T09:00:00Z,1.18553,1.18599,1.18472,1.18586,3201,0
2026-02-13T10:00:00Z,1.18585,1.18628,1.18560,1.18625,3129,0
2026-02-13T11:00:00Z,1.18624,1.18664,1.18605,1.18606,2568,0
2026-02-13T12:00:00Z,1.18605,1.18609,1.18529,1.18572,2228,0
2026-02-13T13:00:00Z,1.18574,1.18611,1.18550,1.18586,2295,0
2026-02-13T14:00:00Z,1.18587,1.18637,1.18554,1.18619,2424,0
2026-02-13T15:00:00Z,1.18623,1.18846,1.18560,1.18744,5970,0
2026-02-13T16:00:00Z,1.18737,1.18749,1.18571,1.18591,6185,0
2026-02-13T17:00:00Z,1.18595,1.18708,1.18477,1.18482,6129,0
2026-02-13T18:00:00Z,1.18485,1.18746,1.18483,1.18689,3821,0
2026-02-13T19:00:00Z,1.18688,1.18827,1.18684,1.18749,2978,0
2026-02-13T20:00:00Z,1.18751,1.18807,1.18722,1.18735,2245,0
2026-02-13T21:00:00Z,1.18739,1.18750,1.18662,1.18665,1987,0
2026-02-13T22:00:00Z,1.18664,1.18746,1.18643,1.18743,2006,0
2026-02-13T23:00:00Z,1.18742,1.18764,1.18663,1.18675,946,1
2026-02-16T00:00:00Z,1.18666,1.18696,1.18649,1.18679,433,49
2026-02-16T01:00:00Z,1.18679,1.18694,1.18631,1.18666,1124,1
2026-02-16T02:00:00Z,1.18667,1.18672,1.18604,1.18613,1549,0
2026-02-16T03:00:00Z,1.18613,1.18663,1.18591,1.18651,1944,0
2026-02-16T04:00:00Z,1.18650,1.18671,1.18616,1.18654,1576,0
2026-02-16T05:00:00Z,1.18655,1.18690,1.18637,1.18673,1151,0
2026-02-16T06:00:00Z,1.18673,1.18681,1.18610,1.18624,1279,0
2026-02-16T07:00:00Z,1.18625,1.18665,1.18608,1.18649,1137,0
2026-02-16T08:00:00Z,1.18650,1.18702,1.18638,1.18660,1330,0
2026-02-16T09:00:00Z,1.18660,1.18663,1.18604,1.18628,1682,0
2026-02-16T10:00:00Z,1.18628,1.18704,1.18573,1.18651,3090,0
2026-02-16T11:00:00Z,1.18650,1.18694,1.18621,1.18644,2394,0
2026-02-16T12:00:00Z,1.18643,1.18677,1.18620,1.18671,2083,0
2026-02-16T13:00:00Z,1.18670,1.18671,1.18600,1.18613,1726,0
2026-02-16T14:00:00Z,1.18611,1.18630,1.18501,1.18532,1483,0
2026-02-16T15:00:00Z,1.18531,1.18576,1.18491,1.18546,1756,0
2026-02-16T16:00:00Z,1.18545,1.18635,1.18531,1.18562,2047,0
2026-02-16T17:00:00Z,1.18563,1.18570,1.18505,1.18540,2138,0
2026-02-16T18:00:00Z,1.18542,1.18566,1.18462,1.18519,1569,0
2026-02-16T19:00:00Z,1.18519,1.18536,1.18463,1.18482,820,0
2026-02-16T20:00:00Z,1.18481,1.18511,1.18481,1.18494,460,0
2026-02-16T21:00:00Z,1.18495,1.18541,1.18489,1.18540,318,0
2026-02-16T22:00:00Z,1.18541,1.18550,1.18526,1.18536,268,0
2026-02-16T23:00:00Z,1.18535,1.18541,1.18501,1.18506,288,1
2026-02-17T00:00:00Z,1.18489,1.18506,1.18489,1.18500,185,25
2026-02-17T01:00:00Z,1.18511,1.18514,1.18464,1.18504,1167,1
2026-02-17T02:00:00Z,1.18505,1.18519,1.18420,1.18436,2248,0
2026-02-17T03:00:00Z,1.18441,1.18446,1.18407,1.18446,2429,0
2026-02-17T04:00:00Z,1.18443,1.18473,1.18406,1.18421,1612,0
2026-02-17T05:00:00Z,1.18422,1.18423,1.18381,1.18416,1553,0
2026-02-17T06:00:00Z,1.18416,1.18425,1.18393,1.18412,1389,0
2026-02-17T07:00:00Z,1.18411,1.18419,1.18356,1.18414,2129,0
2026-02-17T08:00:00Z,1.18416,1.18456,1.18416,1.18438,1791,0
2026-02-17T09:00:00Z,1.18437,1.18445,1.18287,1.18328,2991,0
2026-02-17T10:00:00Z,1.18328,1.18440,1.18300,1.18408,3083,0
2026-02-17T11:00:00Z,1.18409,1.18497,1.18399,1.18466,2268,0
2026-02-17T12:00:00Z,1.18465,1.18471,1.18412,1.18427,2307,0
2026-02-17T13:00:00Z,1.18426,1.18444,1.18242,1.18309,2441,0
2026-02-17T14:00:00Z,1.18312,1.18358,1.18268,1.18277,2607,0
2026-02-17T15:00:00Z,1.18273,1.18304,1.18157,1.18221,3959,0
2026-02-17T16:00:00Z,1.18222,1.18281,1.18164,1.18238,5068,0
2026-02-17T17:00:00Z,1.18237,1.18240,1.18049,1.18108,5117,0
2026-02-17T18:00:00Z,1.18108,1.18353,1.18108,1.18307,4081,0
2026-02-17T19:00:00Z,1.18305,1.18422,1.18294,1.18394,3376,0
2026-02-17T20:00:00Z,1.18394,1.18530,1.18387,1.18482,2461,0
2026-02-17T21:00:00Z,1.18481,1.18502,1.18432,1.18480,1811,0
2026-02-17T22:00:00Z,1.18478,1.18525,1.18470,1.18508,1331,0
2026-02-17T23:00:00Z,1.18509,1.18546,1.18499,1.18527,615,1
2026-02-18T00:00:00Z,1.18496,1.18517,1.18496,1.18512,454,25
2026-02-18T01:00:00Z,1.18510,1.18574,1.18498,1.18507,1238,1
2026-02-18T02:00:00Z,1.18508,1.18536,1.18468,1.18472,2017,0
2026-02-18T03:00:00Z,1.18473,1.18480,1.18425,1.18461,1894,0
2026-02-18T04:00:00Z,1.18461,1.18473,1.18416,1.18447,1699,0
2026-02-18T05:00:00Z,1.18447,1.18468,1.18410,1.18412,1391,0
2026-02-18T06:00:00Z,1.18412,1.18438,1.18393,1.18419,799,0
2026-02-18T07:00:00Z,1.18420,1.18456,1.18417,1.18456,576,0
2026-02-18T08:00:00Z,1.18456,1.18462,1.18402,1.18446,1103,0
2026-02-18T09:00:00Z,1.18440,1.18464,1.18329,1.18347,2266,0
2026-02-18T10:00:00Z,1.18347,1.18382,1.18285,1.18312,3143,0
2026-02-18T11:00:00Z,1.18308,1.18386,1.18286,1.18361,2568,0
2026-02-18T12:00:00Z,1.18362,1.18408,1.18309,1.18322,1958,0
2026-02-18T13:00:00Z,1.18322,1.18379,1.18307,1.18345,1824,0
2026-02-18T14:00:00Z,1.18346,1.18472,1.18335,1.18398,2457,0
2026-02-18T15:00:00Z,1.18399,1.18485,1.18236,1.18237,2910,0
2026-02-18T16:00:00Z,1.18237,1.18276,1.18121,1.18152,5072,0
2026-02-18T17:00:00Z,1.18153,1.18267,1.18135,1.18227,4239,0
2026-02-18T18:00:00Z,1.18226,1.18261,1.18093,1.18094,3216,0
2026-02-18T19:00:00Z,1.18094,1.18142,1.18021,1.18060,2117,0
2026-02-18T20:00:00Z,1.18059,1.18074,1.17874,1.17904,2556,0
2026-02-18T21:00:00Z,1.17895,1.17953,1.17837,1.17872,3185,0
2026-02-18T22:00:00Z,1.17873,1.17903,1.17822,1.17837,1567,0
2026-02-18T23:00:00Z,1.17837,1.17872,1.17823,1.17833,901,0
2026-02-19T00:00:00Z,1.17821,1.17859,1.17820,1.17846,252,25
2026-02-19T01:00:00Z,1.17846,1.17896,1.17829,1.17885,844,1
2026-02-19T02:00:00Z,1.17886,1.17919,1.17853,1.17901,1436,0
2026-02-19T03:00:00Z,1.17900,1.17952,1.17895,1.17946,1650,0
2026-02-19T04:00:00Z,1.17947,1.17956,1.17905,1.17909,1120,0
2026-02-19T05:00:00Z,1.17909,1.17929,1.17875,1.17908,1341,0
2026-02-19T06:00:00Z,1.17907,1.17917,1.17846,1.17895,1464,0
2026-02-19T07:00:00Z,1.17894,1.17928,1.17866,1.17915,1465,0
2026-02-19T08:00:00Z,1.17915,1.18009,1.17897,1.17983,1663,0
2026-02-19T09:00:00Z,1.17982,1.18036,1.17925,1.18008,2221,0
2026-02-19T10:00:00Z,1.18007,1.18052,1.17973,1.18013,2455,0
2026-02-19T11:00:00Z,1.18012,1.18075,1.17986,1.18000,2221,0
2026-02-19T12:00:00Z,1.17999,1.18030,1.17876,1.17890,2600,0
2026-02-19T13:00:00Z,1.17889,1.17904,1.17767,1.17808,2265,0
2026-02-19T14:00:00Z,1.17797,1.17809,1.17669,1.17693,2894,0
2026-02-19T15:00:00Z,1.17694,1.17698,1.17514,1.17654,4819,0
2026-02-19T16:00:00Z,1.17655,1.17663,1.17420,1.17515,5519,0
2026-02-19T17:00:00Z,1.17517,1.17755,1.17482,1.17630,7222,0
2026-02-19T18:00:00Z,1.17631,1.17706,1.17581,1.17613,4038,0
2026-02-19T19:00:00Z,1.17611,1.17680,1.17562,1.17659,3234,0
2026-02-19T20:00:00Z,1.17660,1.17744,1.17647,1.17682,2269,0
2026-02-19T21:00:00Z,1.17687,1.17718,1.17592,1.17639,2277,0
2026-02-19T22:00:00Z,1.17639,1.17689,1.17633,1.17688,1904,0
2026-02-19T23:00:00Z,1.17685,1.17778,1.17678,1.17752,1111,1
2026-02-20T00:00:00Z,1.17676,1.17727,1.17675,1.17704,382,25
2026-02-20T01:00:00Z,1.17713,1.17758,1.17681,1.17683,1187,1
2026-02-20T02:00:00Z,1.17684,1.17722,1.17667,1.17705,1656,0
2026-02-20T03:00:00Z,1.17701,1.17717,1.17550,1.17588,2568,0
2026-02-20T04:00:00Z,1.17589,1.17598,1.17538,1.17545,2202,0
2026-02-20T05:00:00Z,1.17546,1.17589,1.17545,1.17568,1218,0
2026-02-20T06:00:00Z,1.17569,1.17598,1.17523,1.17532,1273,0
2026-02-20T07:00:00Z,1.17533,1.17570,1.17501,1.17553,1520,0
2026-02-20T08:00:00Z,1.17554,1.17567,1.17514,1.17550,1613,0
2026-02-20T09:00:00Z,1.17551,1.17626,1.17496,1.17512,2891,0
2026-02-20T10:00:00Z,1.17511,1.17636,1.17434,1.17609,3493,0
2026-02-20T11:00:00Z,1.17610,1.17681,1.17583,1.17667,2800,0
2026-02-20T12:00:00Z,1.17668,1.17687,1.17572,1.17637,2748,0
2026-02-20T13:00:00Z,1.17636,1.17690,1.17600,1.17676,2118,0
2026-02-20T14:00:00Z,1.17673,1.17708,1.17633,1.17656,2592,0
2026-02-20T15:00:00Z,1.17656,1.17820,1.17570,1.17693,5089,0
2026-02-20T16:00:00Z,1.17689,1.17704,1.17560,1.17675,4570,0
2026-02-20T17:00:00Z,1.17677,1.18075,1.17553,1.17881,12019,0
2026-02-20T18:00:00Z,1.17882,1.17983,1.17738,1.17801,5862,0
2026-02-20T19:00:00Z,1.17802,1.17848,1.17655,1.17801,4854,0
2026-02-20T20:00:00Z,1.17802,1.17989,1.17768,1.17858,6663,0
2026-02-20T21:00:00Z,1.17860,1.17897,1.17785,1.17808,2993,0
2026-02-20T22:00:00Z,1.17808,1.17873,1.17776,1.17863,1863,0
2026-02-20T23:00:00Z,1.17862,1.17914,1.17822,1.17852,1428,0
2026-02-23T00:00:00Z,1.17911,1.17948,1.17895,1.17926,544,30
2026-02-23T01:00:00Z,1.17929,1.18345,1.17919,1.18332,3095,1
2026-02-23T02:00:00Z,1.18332,1.18346,1.18225,1.18309,4103,0
2026-02-23T03:00:00Z,1.18310,1.18335,1.18208,1.18261,4223,0
2026-02-23T04:00:00Z,1.18261,1.18312,1.18232,1.18276,2818,0
2026-02-23T05:00:00Z,1.18277,1.18281,1.18164,1.18233,1937,0
2026-02-23T06:00:00Z,1.18237,1.18240,1.18180,1.18208,1515,0
2026-02-23T07:00:00Z,1.18208,1.18216,1.18151,1.18198,1452,0
2026-02-23T08:00:00Z,1.18197,1.18338,1.18165,1.18246,2173,0
2026-02-23T09:00:00Z,1.18245,1.18274,1.18187,1.18234,3179,0
2026-02-23T10:00:00Z,1.18235,1.18249,1.18071,1.18104,3725,0
2026-02-23T11:00:00Z,1.18105,1.18126,1.18003,1.18008,2688,0
2026-02-23T12:00:00Z,1.18009,1.18014,1.17951,1.17987,2250,0
2026-02-23T13:00:00Z,1.17986,1.17989,1.17809,1.17859,2862,0
2026-02-23T14:00:00Z,1.17855,1.17863,1.17745,1.17817,3024,0
2026-02-23T15:00:00Z,1.17817,1.17978,1.17781,1.17958,3504,0
2026-02-23T16:00:00Z,1.17958,1.18091,1.17940,1.18055,4740,0
2026-02-23T17:00:00Z,1.18056,1.18101,1.17921,1.17948,5396,0
2026-02-23T18:00:00Z,1.17943,1.18062,1.17881,1.18037,4191,0
2026-02-23T19:00:00Z,1.18038,1.18087,1.17906,1.17987,3339,0
2026-02-23T20:00:00Z,1.17987,1.18009,1.17948,1.17982,2206,0
2026-02-23T21:00:00Z,1.17982,1.18005,1.17882,1.17915,2287,0
2026-02-23T22:00:00Z,1.17915,1.17939,1.17876,1.17889,1883,0
2026-02-23T23:00:00Z,1.17889,1.17923,1.17856,1.17859,1235,0
2026-02-24T00:00:00Z,1.17849,1.17864,1.17846,1.17862,486,25
2026-02-24T01:00:00Z,1.17861,1.17953,1.17853,1.17929,1365,1
2026-02-24T02:00:00Z,1.17930,1.17963,1.17874,1.17879,1711,0
2026-02-24T03:00:00Z,1.17879,1.17879,1.17715,1.17818,3376,0
2026-02-24T04:00:00Z,1.17817,1.17845,1.17783,1.17838,2124,0
2026-02-24T05:00:00Z,1.17837,1.17853,1.17750,1.17751,1477,0
2026-02-24T06:00:00Z,1.17752,1.17769,1.17679,1.17697,1481,0
2026-02-24T07:00:00Z,1.17698,1.17804,1.17684,1.17799,1457,0
2026-02-24T08:00:00Z,1.17799,1.17824,1.17773,1.17805,1753,0
2026-02-24T09:00:00Z,1.17802,1.17823,1.17715,1.17791,3972,0
2026-02-24T10:00:00Z,1.17790,1.17899,1.17734,1.17837,3438,0
2026-02-24T11:00:00Z,1.17836,1.17931,1.17831,1.17877,2512,0
2026-02-24T12:00:00Z,1.17877,1.17911,1.17822,1.17855,2392,0
2026-02-24T13:00:00Z,1.17854,1.17861,1.17791,1.17804,2211,0
2026-02-24T14:00:00Z,1.17802,1.17835,1.17728,1.17814,2458,0
2026-02-24T15:00:00Z,1.17813,1.17813,1.17662,1.17722,3414,0
2026-02-24T16:00:00Z,1.17722,1.17786,1.17674,1.17735,4334,0
2026-02-24T17:00:00Z,1.17736,1.17810,1.17660,1.17727,5067,0
2026-02-24T18:00:00Z,1.17728,1.17902,1.17721,1.17881,3050,0
2026-02-24T19:00:00Z,1.17882,1.17889,1.17817,1.17855,1785,0
2026-02-24T20:00:00Z,1.17854,1.17867,1.17772,1.17785,1742,0
2026-02-24T21:00:00Z,1.17784,1.17841,1.17765,1.17788,1452,0
2026-02-24T22:00:00Z,1.17791,1.17835,1.17750,1.17753,1622,0
2026-02-24T23:00:00Z,1.17752,1.17768,1.17734,1.17735,787,1
2026-02-25T00:00:00Z,1.17728,1.17770,1.17714,1.17730,393,25
2026-02-25T01:00:00Z,1.17729,1.17759,1.17721,1.17738,748,1
2026-02-25T02:00:00Z,1.17739,1.17798,1.17732,1.17779,1709,0
2026-02-25T03:00:00Z,1.17784,1.17821,1.17760,1.17784,1931,0
2026-02-25T04:00:00Z,1.17783,1.17935,1.17780,1.17923,2302,0
2026-02-25T05:00:00Z,1.17920,1.17943,1.17858,1.17893,2528,0
2026-02-25T06:00:00Z,1.17894,1.17962,1.17876,1.17949,1599,0
2026-02-25T07:00:00Z,1.17948,1.18055,1.17940,1.18009,1575,0
2026-02-25T08:00:00Z,1.18010,1.18064,1.17969,1.18054,2275,0
2026-02-25T09:00:00Z,1.18053,1.18080,1.17970,1.17971,2295,0
2026-02-25T10:00:00Z,1.17970,1.17999,1.17895,1.17900,2996,0
2026-02-25T11:00:00Z,1.17899,1.17931,1.17854,1.17877,3167,0
2026-02-25T12:00:00Z,1.17878,1.17884,1.17793,1.17797,2632,0
2026-02-25T13:00:00Z,1.17786,1.17811,1.17710,1.17748,2211,0
2026-02-25T14:00:00Z,1.17749,1.17868,1.17739,1.17859,2387,0
2026-02-25T15:00:00Z,1.17858,1.17901,1.17729,1.17734,3220,0
2026-02-25T16:00:00Z,1.17735,1.17891,1.17729,1.17862,3566,0
2026-02-25T17:00:00Z,1.17864,1.18025,1.17848,1.18012,5246,0
2026-02-25T18:00:00Z,1.18011,1.18072,1.17987,1.18040,3071,0
2026-02-25T19:00:00Z,1.18040,1.18143,1.18026,1.18074,2327,0
2026-02-25T20:00:00Z,1.18073,1.18108,1.18042,1.18047,1460,0
2026-02-25T21:00:00Z,1.18047,1.18094,1.18028,1.18054,1385,0
2026-02-25T22:00:00Z,1.18054,1.18086,1.18048,1.18061,1802,0
2026-02-25T23:00:00Z,1.18060,1.18125,1.18032,1.18091,1091,1
2026-02-26T00:00:00Z,1.18013,1.18118,1.18013,1.18096,400,25
2026-02-26T01:00:00Z,1.18091,1.18163,1.18090,1.18150,1464,1
2026-02-26T02:00:00Z,1.18151,1.18193,1.18116,1.18190,2012,0
2026-02-26T03:00:00Z,1.18191,1.18289,1.18179,1.18272,2683,0
2026-02-26T04:00:00Z,1.18273,1.18289,1.18132,1.18173,2213,0
2026-02-26T05:00:00Z,1.18174,1.18222,1.18158,1.18170,1779,0
2026-02-26T06:00:00Z,1.18170,1.18188,1.18125,1.18183,1590,0
2026-02-26T07:00:00Z,1.18182,1.18226,1.18158,1.18196,1746,0
2026-02-26T08:00:00Z,1.18197,1.18222,1.18147,1.18188,1975,0
2026-02-26T09:00:00Z,1.18183,1.18184,1.18089,1.18156,2397,0
2026-02-26T10:00:00Z,1.18157,1.18157,1.18022,1.18026,3317,0
2026-02-26T11:00:00Z,1.18025,1.18060,1.17968,1.17972,2560,0
2026-02-26T12:00:00Z,1.17971,1.17997,1.17933,1.17984,1743,0
2026-02-26T13:00:00Z,1.17983,1.18048,1.17979,1.18003,1998,0
2026-02-26T14:00:00Z,1.18006,1.18096,1.17999,1.18090,1974,0
2026-02-26T15:00:00Z,1.18089,1.18168,1.18027,1.18068,3422,0
2026-02-26T16:00:00Z,1.18069,1.18158,1.18022,1.18127,4109,0
2026-02-26T17:00:00Z,1.18128,1.18143,1.17809,1.17990,6654,0
2026-02-26T18:00:00Z,1.17989,1.17994,1.17859,1.17918,4200,0
2026-02-26T19:00:00Z,1.17922,1.17933,1.17739,1.17761,3340,0
2026-02-26T20:00:00Z,1.17760,1.17873,1.17741,1.17842,3570,0
2026-02-26T21:00:00Z,1.17844,1.17978,1.17823,1.17967,1845,0
2026-02-26T22:00:00Z,1.17968,1.18032,1.17957,1.18013,1629,0
2026-02-26T23:00:00Z,1.18013,1.18036,1.17970,1.17993,930,0
2026-02-27T00:00:00Z,1.17935,1.17974,1.17911,1.17967,593,25
2026-02-27T01:00:00Z,1.17961,1.18032,1.17946,1.18031,1198,1
2026-02-27T02:00:00Z,1.18031,1.18056,1.17958,1.17962,2714,0
2026-02-27T03:00:00Z,1.17962,1.18024,1.17890,1.17901,3255,0
2026-02-27T04:00:00Z,1.17903,1.18013,1.17903,1.18006,1923,0
2026-02-27T05:00:00Z,1.18006,1.18058,1.18001,1.18036,1443,0
2026-02-27T06:00:00Z,1.18036,1.18132,1.18019,1.18111,1530,0
2026-02-27T07:00:00Z,1.18110,1.18119,1.18061,1.18084,1606,0
2026-02-27T08:00:00Z,1.18080,1.18109,1.18021,1.18041,2489,0
2026-02-27T09:00:00Z,1.18037,1.18194,1.17970,1.18151,2812,0
2026-02-27T10:00:00Z,1.18151,1.18216,1.18081,1.18097,2917,0
2026-02-27T11:00:00Z,1.18096,1.18115,1.17929,1.17953,2956,0
2026-02-27T12:00:00Z,1.17956,1.18038,1.17946,1.17989,2310,0
2026-02-27T13:00:00Z,1.17988,1.18039,1.17961,1.18002,2151,0
2026-02-27T14:00:00Z,1.18006,1.18082,1.17986,1.18023,2271,0
2026-02-27T15:00:00Z,1.18024,1.18066,1.17904,1.17924,5577,0
2026-02-27T16:00:00Z,1.17926,1.18156,1.17909,1.17970,5048,0
2026-02-27T17:00:00Z,1.17969,1.18170,1.17962,1.18071,5984,0
2026-02-27T18:00:00Z,1.18070,1.18252,1.18055,1.18221,4551,0
2026-02-27T19:00:00Z,1.18221,1.18268,1.18155,1.18165,3080,0
2026-02-27T20:00:00Z,1.18167,1.18191,1.18112,1.18179,2275,0
2026-02-27T21:00:00Z,1.18178,1.18227,1.18167,1.18192,1643,0
2026-02-27T22:00:00Z,1.18197,1.18258,1.18151,1.18158,1946,0
2026-02-27T23:00:00Z,1.18161,1.18184,1.18109,1.18118,1509,1
2026-03-02T00:00:00Z,1.17666,1.17762,1.17562,1.17729,1289,30
2026-03-02T01:00:00Z,1.17691,1.17875,1.17569,1.17591,5442,1
2026-03-02T02:00:00Z,1.17589,1.17781,1.17561,1.17773,4228,0
2026-03-02T03:00:00Z,1.17775,1.17944,1.17752,1.17919,4279,0
2026-03-02T04:00:00Z,1.17918,1.17934,1.17808,1.17888,2684,0
2026-03-02T05:00:00Z,1.17887,1.17959,1.17882,1.17888,1986,0
2026-03-02T06:00:00Z,1.17888,1.17903,1.17816,1.17864,1514,0
2026-03-02T07:00:00Z,1.17855,1.17855,1.17662,1.17664,2511,0
2026-03-02T08:00:00Z,1.17663,1.17665,1.17301,1.17324,5349,0
2026-03-02T09:00:00Z,1.17323,1.17344,1.17034,1.17160,6371,0
2026-03-02T10:00:00Z,1.17163,1.17237,1.16981,1.17227,5794,0
2026-03-02T11:00:00Z,1.17226,1.17436,1.17212,1.17330,4857,0
2026-03-02T12:00:00Z,1.17330,1.17473,1.17328,1.17385,3518,0
2026-03-02T13:00:00Z,1.17384,1.17413,1.17263,1.17333,3655,0
2026-03-02T14:00:00Z,1.17334,1.17338,1.17021,1.17037,4781,0
2026-03-02T15:00:00Z,1.17036,1.17183,1.16953,1.16985,5957,0
2026-03-02T16:00:00Z,1.16983,1.17239,1.16950,1.17164,7053,0
2026-03-02T17:00:00Z,1.17117,1.17162,1.16799,1.16801,7427,0
2026-03-02T18:00:00Z,1.16800,1.16943,1.16717,1.16895,6080,0
2026-03-02T19:00:00Z,1.16896,1.17078,1.16867,1.17071,4105,0
2026-03-02T20:00:00Z,1.17071,1.17074,1.16867,1.16946,3061,0
2026-03-02T21:00:00Z,1.16945,1.17133,1.16941,1.17111,3023,0
2026-03-02T22:00:00Z,1.17113,1.17132,1.16785,1.16902,5722,0
2026-03-02T23:00:00Z,1.16901,1.16951,1.16889,1.16904,1167,1
2026-03-03T00:00:00Z,1.16841,1.16909,1.16840,1.16859,575,25
2026-03-03T01:00:00Z,1.16877,1.16982,1.16853,1.16944,1602,1
2026-03-03T02:00:00Z,1.16946,1.16957,1.16863,1.16950,2218,0
2026-03-03T03:00:00Z,1.16951,1.17069,1.16923,1.16970,3497,0
2026-03-03T04:00:00Z,1.16970,1.16990,1.16859,1.16941,3500,0
2026-03-03T05:00:00Z,1.16945,1.16975,1.16861,1.16903,2094,0
2026-03-03T06:00:00Z,1.16904,1.16935,1.16790,1.16811,2253,0
2026-03-03T07:00:00Z,1.16811,1.16849,1.16650,1.16666,3519,0
2026-03-03T08:00:00Z,1.16667,1.16717,1.16621,1.16692,3768,0
2026-03-03T09:00:00Z,1.16691,1.16692,1.16426,1.16436,4896,0
2026-03-03T10:00:00Z,1.16435,1.16461,1.16178,1.16228,6976,0
2026-03-03T11:00:00Z,1.16229,1.16291,1.15986,1.16053,6492,0
2026-03-03T12:00:00Z,1.16055,1.16129,1.15891,1.15919,5955,0
2026-03-03T13:00:00Z,1.15918,1.16036,1.15820,1.15974,6720,0
2026-03-03T14:00:00Z,1.15971,1.16154,1.15903,1.16129,5977,0
2026-03-03T15:00:00Z,1.16124,1.16150,1.15901,1.15906,6146,0
2026-03-03T16:00:00Z,1.15904,1.15995,1.15650,1.15673,8345,0
2026-03-03T17:00:00Z,1.15674,1.15850,1.15302,1.15727,11114,0
2026-03-03T18:00:00Z,1.15728,1.16060,1.15694,1.16031,10163,0
2026-03-03T19:00:00Z,1.16030,1.16035,1.15868,1.15904,7457,0
2026-03-03T20:00:00Z,1.15905,1.16221,1.15899,1.16157,6089,0
2026-03-03T21:00:00Z,1.16158,1.16259,1.15997,1.16124,7016,0
2026-03-03T22:00:00Z,1.16125,1.16245,1.16112,1.16174,5148,0
2026-03-03T23:00:00Z,1.16173,1.16182,1.16095,1.16106,1851,1
2026-03-04T00:00:00Z,1.16078,1.16143,1.16053,1.16115,880,21
2026-03-04T01:00:00Z,1.16108,1.16202,1.16082,1.16104,2007,1
2026-03-04T02:00:00Z,1.16105,1.16109,1.15921,1.15928,4118,0
2026-03-04T03:00:00Z,1.15928,1.15975,1.15746,1.15937,5722,0
2026-03-04T04:00:00Z,1.15938,1.16043,1.15914,1.15981,4500,0
2026-03-04T05:00:00Z,1.15981,1.16093,1.15953,1.16085,3497,0
2026-03-04T06:00:00Z,1.16086,1.16105,1.15902,1.15931,3357,0
2026-03-04T07:00:00Z,1.15930,1.15990,1.15870,1.15950,4247,0
2026-03-04T08:00:00Z,1.15946,1.16178,1.15896,1.16108,4012,0
2026-03-04T09:00:00Z,1.16108,1.16280,1.16107,1.16158,4657,0
2026-03-04T10:00:00Z,1.16158,1.16169,1.15951,1.15996,6200,0
2026-03-04T11:00:00Z,1.15994,1.16200,1.15921,1.16087,5635,0
2026-03-04T12:00:00Z,1.16087,1.16472,1.16087,1.16342,7182,0
2026-03-04T13:00:00Z,1.16340,1.16547,1.16308,1.16351,4818,0
2026-03-04T14:00:00Z,1.16351,1.16487,1.16260,1.16305,4561,0
2026-03-04T15:00:00Z,1.16304,1.16521,1.16302,1.16311,6346,0
2026-03-04T16:00:00Z,1.16310,1.16412,1.16207,1.16250,8254,0
2026-03-04T17:00:00Z,1.16248,1.16405,1.16166,1.16402,7489,0
2026-03-04T18:00:00Z,1.16403,1.16461,1.16286,1.16372,4705,0
2026-03-04T19:00:00Z,1.16373,1.16436,1.16264,1.16331,3625,0
2026-03-04T20:00:00Z,1.16331,1.16335,1.16234,1.16244,3169,0
2026-03-04T21:00:00Z,1.16245,1.16411,1.16245,1.16397,2709,0
2026-03-04T22:00:00Z,1.16396,1.16437,1.16383,1.16402,2517,0
2026-03-04T23:00:00Z,1.16401,1.16416,1.16350,1.16359,1219,1
2026-03-05T00:00:00Z,1.16282,1.16338,1.16266,1.16337,385,25
2026-03-05T01:00:00Z,1.16339,1.16382,1.16336,1.16348,1328,1
2026-03-05T02:00:00Z,1.16347,1.16454,1.16319,1.16451,2380,0
2026-03-05T03:00:00Z,1.16449,1.16474,1.16269,1.16281,5009,0
2026-03-05T04:00:00Z,1.16282,1.16318,1.16223,1.16258,3760,0
2026-03-05T05:00:00Z,1.16259,1.16277,1.16098,1.16129,3616,0
2026-03-05T06:00:00Z,1.16129,1.16148,1.16053,1.16085,2521,0
2026-03-05T07:00:00Z,1.16084,1.16139,1.15940,1.15944,3171,0
2026-03-05T08:00:00Z,1.15942,1.16162,1.15877,1.16070,4830,0
2026-03-05T09:00:00Z,1.16069,1.16162,1.15991,1.16049,5205,0
2026-03-05T10:00:00Z,1.16049,1.16049,1.15814,1.15988,6048,0
2026-03-05T11:00:00Z,1.15988,1.16446,1.15965,1.16228,8613,0
2026-03-05T12:00:00Z,1.16227,1.16316,1.16062,1.16108,4393,0
2026-03-05T13:00:00Z,1.16109,1.16174,1.16038,1.16113,3329,0
2026-03-05T14:00:00Z,1.16114,1.16248,1.16074,1.16205,3855,0
2026-03-05T15:00:00Z,1.16206,1.16244,1.15899,1.15974,5410,0
2026-03-05T16:00:00Z,1.15967,1.16089,1.15923,1.16024,6851,0
2026-03-05T17:00:00Z,1.16027,1.16090,1.15691,1.15830,8246,0
2026-03-05T18:00:00Z,1.15829,1.15868,1.15589,1.15837,7374,0
2026-03-05T19:00:00Z,1.15842,1.15919,1.15722,1.15878,7550,0
2026-03-05T20:00:00Z,1.15878,1.15916,1.15711,1.15861,6545,0
2026-03-05T21:00:00Z,1.15860,1.15881,1.15700,1.15728,4794,0
2026-03-05T22:00:00Z,1.15729,1.16104,1.15701,1.16046,6740,0
2026-03-05T23:00:00Z,1.16042,1.16103,1.16015,1.16071,2013,1
2026-03-06T00:00:00Z,1.16044,1.16081,1.16044,1.16065,370,25
2026-03-06T01:00:00Z,1.16074,1.16101,1.16031,1.16062,2002,1
2026-03-06T02:00:00Z,1.16063,1.16143,1.16054,1.16111,3008,0
2026-03-06T03:00:00Z,1.16110,1.16203,1.16068,1.16151,4506,0
2026-03-06T04:00:00Z,1.16150,1.16206,1.16141,1.16164,3020,0
2026-03-06T05:00:00Z,1.16163,1.16207,1.16162,1.16202,2111,0
2026-03-06T06:00:00Z,1.16201,1.16213,1.16130,1.16136,1259,0
2026-03-06T07:00:00Z,1.16135,1.16166,1.16057,1.16064,2318,0
2026-03-06T08:00:00Z,1.16065,1.16120,1.16018,1.16116,2665,0
2026-03-06T09:00:00Z,1.16117,1.16182,1.16063,1.16145,3508,0
2026-03-06T10:00:00Z,1.16146,1.16146,1.16014,1.16029,4494,0
2026-03-06T11:00:00Z,1.16030,1.16030,1.15718,1.15741,5545,0
2026-03-06T12:00:00Z,1.15742,1.15851,1.15728,1.15783,4118,0
2026-03-06T13:00:00Z,1.15784,1.15812,1.15611,1.15625,5160,0
2026-03-06T14:00:00Z,1.15638,1.15688,1.15522,1.15549,5221,0
2026-03-06T15:00:00Z,1.15548,1.15927,1.15507,1.15551,9942,0
2026-03-06T16:00:00Z,1.15550,1.15746,1.15460,1.15721,10267,0
2026-03-06T17:00:00Z,1.15721,1.15928,1.15705,1.15797,9931,0
2026-03-06T18:00:00Z,1.15796,1.16130,1.15789,1.16056,7908,0
2026-03-06T19:00:00Z,1.16050,1.16093,1.15946,1.15958,7310,0
2026-03-06T20:00:00Z,1.15958,1.16214,1.15929,1.15985,6655,0
2026-03-06T21:00:00Z,1.15989,1.16097,1.15968,1.16013,4259,0
2026-03-06T22:00:00Z,1.16015,1.16099,1.15956,1.16060,4725,0
2026-03-06T23:00:00Z,1.16058,1.16183,1.16049,1.16126,2637,0
2026-03-09T00:00:00Z,1.15442,1.15546,1.15441,1.15458,978,30
2026-03-09T01:00:00Z,1.15461,1.15512,1.15256,1.15358,5807,1
2026-03-09T02:00:00Z,1.15359,1.15400,1.15213,1.15246,5983,0
2026-03-09T03:00:00Z,1.15244,1.15315,1.15161,1.15174,6048,0
2026-03-09T04:00:00Z,1.15175,1.15238,1.15069,1.15092,6931,0
2026-03-09T05:00:00Z,1.15093,1.15282,1.15083,1.15249,6556,0
2026-03-09T06:00:00Z,1.15248,1.15288,1.15125,1.15167,4858,0
2026-03-09T07:00:00Z,1.15169,1.15295,1.15158,1.15258,3760,0
2026-03-09T08:00:00Z,1.15259,1.15715,1.15239,1.15675,7200,0
2026-03-09T09:00:00Z,1.15675,1.15690,1.15447,1.15448,6854,0
2026-03-09T10:00:00Z,1.15448,1.15651,1.15355,1.15631,7518,0
2026-03-09T11:00:00Z,1.15635,1.15652,1.15153,1.15347,9103,0
2026-03-09T12:00:00Z,1.15346,1.15729,1.15310,1.15540,8190,0
2026-03-09T13:00:00Z,1.15541,1.15649,1.15469,1.15602,7665,0
2026-03-09T14:00:00Z,1.15605,1.15678,1.15551,1.15613,6721,0
2026-03-09T15:00:00Z,1.15613,1.15686,1.15501,1.15533,6442,0
2026-03-09T16:00:00Z,1.15533,1.15879,1.15524,1.15757,9170,0
2026-03-09T17:00:00Z,1.15758,1.15782,1.15475,1.15731,11619,0
2026-03-09T18:00:00Z,1.15731,1.15938,1.15724,1.15916,7548,0
2026-03-09T19:00:00Z,1.15917,1.15993,1.15850,1.15875,5973,0
2026-03-09T20:00:00Z,1.15874,1.15894,1.15784,1.15787,5261,0
2026-03-09T21:00:00Z,1.15786,1.15843,1.15758,1.15765,4247,0
2026-03-09T22:00:00Z,1.15764,1.16336,1.15752,1.16089,9603,0
2026-03-09T23:00:00Z,1.16088,1.16301,1.16086,1.16294,3342,1
2026-03-10T00:00:00Z,1.16333,1.16359,1.16306,1.16358,530,25
2026-03-10T01:00:00Z,1.16365,1.16455,1.16226,1.16294,3065,1
2026-03-10T02:00:00Z,1.16296,1.16314,1.16146,1.16163,2879,0
2026-03-10T03:00:00Z,1.16160,1.16356,1.16114,1.16263,5844,0
2026-03-10T04:00:00Z,1.16258,1.16296,1.16116,1.16199,5376,0
2026-03-10T05:00:00Z,1.16198,1.16268,1.16117,1.16131,3664,0
2026-03-10T06:00:00Z,1.16132,1.16157,1.16077,1.16096,3112,0
2026-03-10T07:00:00Z,1.16096,1.16143,1.16069,1.16118,2236,0
2026-03-10T08:00:00Z,1.16116,1.16201,1.16116,1.16201,3158,0
2026-03-10T09:00:00Z,1.16203,1.16376,1.16203,1.16325,3464,0
2026-03-10T10:00:00Z,1.16325,1.16636,1.16277,1.16604,6011,0
2026-03-10T11:00:00Z,1.16594,1.16619,1.16431,1.16458,6083,0
2026-03-10T12:00:00Z,1.16458,1.16590,1.16438,1.16511,4190,0
2026-03-10T13:00:00Z,1.16512,1.16517,1.16204,1.16394,5490,0
2026-03-10T14:00:00Z,1.16396,1.16531,1.16363,1.16384,5953,0
2026-03-10T15:00:00Z,1.16386,1.16409,1.16214,1.16344,6471,0
2026-03-10T16:00:00Z,1.16344,1.16487,1.16292,1.16322,7632,0
2026-03-10T17:00:00Z,1.16324,1.16504,1.16269,1.16483,6772,0
2026-03-10T18:00:00Z,1.16480,1.16551,1.16395,1.16475,5868,0
2026-03-10T19:00:00Z,1.16475,1.16546,1.16391,1.16517,4610,0
2026-03-10T20:00:00Z,1.16517,1.16674,1.16413,1.16452,6728,0
2026-03-10T21:00:00Z,1.16452,1.16459,1.16138,1.16244,9810,0
2026-03-10T22:00:00Z,1.16243,1.16286,1.16073,1.16143,7047,0
2026-03-10T23:00:00Z,1.16145,1.16153,1.16078,1.16095,1972,1
2026-03-11T00:00:00Z,1.16072,1.16109,1.16052,1.16092,645,25
2026-03-11T01:00:00Z,1.16090,1.16128,1.16028,1.16047,1249,1
2026-03-11T02:00:00Z,1.16048,1.16119,1.16047,1.16115,1373,0
2026-03-11T03:00:00Z,1.16114,1.16249,1.16056,1.16179,4226,0
2026-03-11T04:00:00Z,1.16179,1.16281,1.16125,1.16267,4000,0
2026-03-11T05:00:00Z,1.16266,1.16293,1.16187,1.16258,3177,0
2026-03-11T06:00:00Z,1.16258,1.16319,1.16249,1.16303,1952,0
2026-03-11T07:00:00Z,1.16303,1.16352,1.16280,1.16336,1980,0
2026-03-11T08:00:00Z,1.16335,1.16361,1.16300,1.16328,2735,0
2026-03-11T09:00:00Z,1.16329,1.16409,1.16298,1.16335,3246,0
2026-03-11T10:00:00Z,1.16333,1.16453,1.16136,1.16168,5593,0
2026-03-11T11:00:00Z,1.16172,1.16214,1.16035,1.16125,6185,0
2026-03-11T12:00:00Z,1.16126,1.16139,1.15900,1.15921,6820,0
2026-03-11T13:00:00Z,1.15921,1.16115,1.15910,1.16070,5004,0
2026-03-11T14:00:00Z,1.16062,1.16106,1.15943,1.15943,5374,0
2026-03-11T15:00:00Z,1.15940,1.16028,1.15775,1.15825,8006,0
2026-03-11T16:00:00Z,1.15813,1.15932,1.15779,1.15917,7711,0
2026-03-11T17:00:00Z,1.15913,1.16127,1.15810,1.15819,10397,0
2026-03-11T18:00:00Z,1.15819,1.15843,1.15654,1.15661,6161,0
2026-03-11T19:00:00Z,1.15662,1.15766,1.15630,1.15709,5755,0
2026-03-11T20:00:00Z,1.15711,1.15764,1.15607,1.15713,5894,0
2026-03-11T21:00:00Z,1.15712,1.15744,1.15640,1.15715,4844,0
2026-03-11T22:00:00Z,1.15716,1.15764,1.15679,1.15731,2730,0
2026-03-11T23:00:00Z,1.15732,1.15738,1.15646,1.15653,1492,1
2026-03-12T00:00:00Z,1.15648,1.15739,1.15639,1.15737,668,25
2026-03-12T01:00:00Z,1.15738,1.15738,1.15492,1.15500,2348,1
2026-03-12T02:00:00Z,1.15501,1.15538,1.15396,1.15426,2443,0
2026-03-12T03:00:00Z,1.15424,1.15501,1.15339,1.15458,4028,0
2026-03-12T04:00:00Z,1.15459,1.15555,1.15453,1.15507,3843,0
2026-03-12T05:00:00Z,1.15508,1.15543,1.15321,1.15390,3531,0
2026-03-12T06:00:00Z,1.15387,1.15403,1.15329,1.15384,2679,0
2026-03-12T07:00:00Z,1.15383,1.15400,1.15316,1.15330,1976,0
2026-03-12T08:00:00Z,1.15329,1.15453,1.15324,1.15395,3491,0
2026-03-12T09:00:00Z,1.15395,1.15515,1.15391,1.15477,3410,0
2026-03-12T10:00:00Z,1.15476,1.15528,1.15415,1.15510,3903,0
2026-03-12T11:00:00Z,1.15515,1.15560,1.15432,1.15473,4018,0
2026-03-12T12:00:00Z,1.15472,1.15612,1.15446,1.15597,3512,0
2026-03-12T13:00:00Z,1.15595,1.15629,1.15493,1.15578,3386,0
2026-03-12T14:00:00Z,1.15578,1.15663,1.15525,1.15562,3551,0
2026-03-12T15:00:00Z,1.15567,1.15573,1.15326,1.15391,4422,0
2026-03-12T16:00:00Z,1.15392,1.15503,1.15202,1.15261,7364,0
2026-03-12T17:00:00Z,1.15263,1.15331,1.15157,1.15206,7739,0
2026-03-12T18:00:00Z,1.15202,1.15284,1.15108,1.15219,8204,0
2026-03-12T19:00:00Z,1.15217,1.15326,1.15135,1.15220,6708,0
2026-03-12T20:00:00Z,1.15220,1.15318,1.15192,1.15219,5714,0
2026-03-12T21:00:00Z,1.15220,1.15241,1.15112,1.15117,4167,0
2026-03-12T22:00:00Z,1.15120,1.15185,1.15107,1.15150,3716,0
2026-03-12T23:00:00Z,1.15151,1.15162,1.15101,1.15123,1650,0
2026-03-13T00:00:00Z,1.15102,1.15114,1.15101,1.15107,329,25
2026-03-13T01:00:00Z,1.15106,1.15214,1.15104,1.15190,1640,1
2026-03-13T02:00:00Z,1.15191,1.15233,1.15148,1.15209,1509,0
2026-03-13T03:00:00Z,1.15209,1.15284,1.15200,1.15233,2724,0
2026-03-13T04:00:00Z,1.15233,1.15297,1.15143,1.15164,2931,0
2026-03-13T05:00:00Z,1.15166,1.15223,1.15110,1.15138,2284,0
2026-03-13T06:00:00Z,1.15133,1.15160,1.15047,1.15091,2180,0
2026-03-13T07:00:00Z,1.15087,1.15092,1.14998,1.15032,1864,0
2026-03-13T08:00:00Z,1.15032,1.15065,1.14998,1.15008,1981,0
2026-03-13T09:00:00Z,1.15009,1.15034,1.14823,1.14828,3411,0
2026-03-13T10:00:00Z,1.14830,1.14837,1.14540,1.14578,5283,0
2026-03-13T11:00:00Z,1.14578,1.14592,1.14328,1.14449,6041,0
2026-03-13T12:00:00Z,1.14453,1.14616,1.14453,1.14534,4519,0
2026-03-13T13:00:00Z,1.14532,1.14722,1.14521,1.14584,3946,0
2026-03-13T14:00:00Z,1.14584,1.14709,1.14554,1.14685,5244,0
2026-03-13T15:00:00Z,1.14681,1.14886,1.14609,1.14779,6801,0
2026-03-13T16:00:00Z,1.14782,1.14901,1.14737,1.14787,6206,0
2026-03-13T17:00:00Z,1.14789,1.14848,1.14555,1.14573,7657,0
2026-03-13T18:00:00Z,1.14573,1.14612,1.14345,1.14431,7388,0
2026-03-13T19:00:00Z,1.14432,1.14506,1.14361,1.14421,6186,0
2026-03-13T20:00:00Z,1.14420,1.14460,1.14343,1.14422,4642,0
2026-03-13T21:00:00Z,1.14423,1.14428,1.14315,1.14359,3880,0
2026-03-13T22:00:00Z,1.14360,1.14369,1.14200,1.14223,2858,0
2026-03-13T23:00:00Z,1.14223,1.14225,1.14105,1.14138,2138,0
2026-03-16T00:00:00Z,1.14185,1.14283,1.14185,1.14242,789,26
2026-03-16T01:00:00Z,1.14254,1.14363,1.14190,1.14299,3369,1
2026-03-16T02:00:00Z,1.14300,1.14356,1.14260,1.14355,2734,0
2026-03-16T03:00:00Z,1.14355,1.14556,1.14350,1.14549,3176,0
2026-03-16T04:00:00Z,1.14550,1.14565,1.14396,1.14493,3674,0
2026-03-16T05:00:00Z,1.14495,1.14514,1.14447,1.14480,2606,0
2026-03-16T06:00:00Z,1.14482,1.14540,1.14457,1.14505,1927,0
2026-03-16T07:00:00Z,1.14503,1.14516,1.14415,1.14415,1466,0
2026-03-16T08:00:00Z,1.14416,1.14434,1.14332,1.14346,1919,0
2026-03-16T09:00:00Z,1.14345,1.14366,1.14241,1.14316,2560,0
2026-03-16T10:00:00Z,1.14317,1.14349,1.14143,1.14258,3838,0
2026-03-16T11:00:00Z,1.14259,1.14453,1.14259,1.14449,4339,0
2026-03-16T12:00:00Z,1.14448,1.14527,1.14409,1.14500,3964,0
2026-03-16T13:00:00Z,1.14499,1.14779,1.14475,1.14752,3879,0
2026-03-16T14:00:00Z,1.14749,1.14871,1.14709,1.14792,3549,0
2026-03-16T15:00:00Z,1.14794,1.14878,1.14717,1.14737,4353,0
2026-03-16T16:00:00Z,1.14738,1.15009,1.14738,1.15001,4277,0
2026-03-16T17:00:00Z,1.15000,1.15021,1.14803,1.14888,5973,0
2026-03-16T18:00:00Z,1.14887,1.15002,1.14805,1.14869,4241,0
2026-03-16T19:00:00Z,1.14863,1.14993,1.14777,1.14936,4510,0
2026-03-16T20:00:00Z,1.14938,1.15038,1.14906,1.14923,4140,0
2026-03-16T21:00:00Z,1.14922,1.15238,1.14922,1.15185,3510,0
2026-03-16T22:00:00Z,1.15186,1.15248,1.15059,1.15078,3975,0
2026-03-16T23:00:00Z,1.15080,1.15104,1.15030,1.15062,1418,0
2026-03-17T00:00:00Z,1.15044,1.15106,1.15043,1.15057,478,21
2026-03-17T01:00:00Z,1.15048,1.15051,1.14977,1.14988,1400,2
2026-03-17T02:00:00Z,1.14988,1.14999,1.14948,1.14984,1433,1
2026-03-17T03:00:00Z,1.14985,1.14985,1.14891,1.14925,2809,1
2026-03-17T04:00:00Z,1.14926,1.14957,1.14864,1.14930,3000,1
2026-03-17T05:00:00Z,1.14930,1.14986,1.14908,1.14951,1569,1
2026-03-17T06:00:00Z,1.14946,1.15029,1.14917,1.14919,2033,1
2026-03-17T07:00:00Z,1.14920,1.14999,1.14894,1.14970,1180,1
2026-03-17T08:00:00Z,1.14970,1.14992,1.14781,1.14794,2312,1
2026-03-17T09:00:00Z,1.14800,1.14818,1.14659,1.14818,3530,1
2026-03-17T10:00:00Z,1.14817,1.15001,1.14797,1.14950,2851,1
2026-03-17T11:00:00Z,1.14950,1.15180,1.14878,1.15103,4175,1
2026-03-17T12:00:00Z,1.15103,1.15247,1.15080,1.15165,3654,1
2026-03-17T13:00:00Z,1.15166,1.15166,1.15040,1.15061,3309,1
2026-03-17T14:00:00Z,1.15062,1.15189,1.15047,1.15075,3365,1
2026-03-17T15:00:00Z,1.15071,1.15246,1.15044,1.15241,4284,1
2026-03-17T16:00:00Z,1.15243,1.15435,1.15243,1.15305,6334,1
2026-03-17T17:00:00Z,1.15306,1.15385,1.15207,1.15333,5305,1
2026-03-17T18:00:00Z,1.15333,1.15389,1.15206,1.15249,6214,1
2026-03-17T19:00:00Z,1.15248,1.15330,1.15181,1.15280,4561,1
2026-03-17T20:00:00Z,1.15279,1.15402,1.15263,1.15396,3144,1
2026-03-17T21:00:00Z,1.15400,1.15472,1.15385,1.15391,2352,1
2026-03-17T22:00:00Z,1.15392,1.15412,1.15339,1.15355,1794,1
2026-03-17T23:00:00Z,1.15356,1.15413,1.15349,1.15405,950,2
2026-03-18T00:00:00Z,1.15346,1.15380,1.15334,1.15351,639,22
2026-03-18T01:00:00Z,1.15354,1.15437,1.15352,1.15398,1814,2
2026-03-18T02:00:00Z,1.15399,1.15410,1.15367,1.15386,2749,1
2026-03-18T03:00:00Z,1.15388,1.15439,1.15321,1.15327,2997,1
2026-03-18T04:00:00Z,1.15326,1.15401,1.15322,1.15338,2238,1
2026-03-18T05:00:00Z,1.15338,1.15381,1.15320,1.15326,1567,1
2026-03-18T06:00:00Z,1.15325,1.15367,1.15320,1.15361,1239,1
2026-03-18T07:00:00Z,1.15363,1.15425,1.15360,1.15416,1101,1
2026-03-18T08:00:00Z,1.15416,1.15468,1.15401,1.15452,1447,1
2026-03-18T09:00:00Z,1.15454,1.15492,1.15396,1.15423,2204,1
2026-03-18T10:00:00Z,1.15424,1.15459,1.15234,1.15263,2606,1
2026-03-18T11:00:00Z,1.15264,1.15342,1.15178,1.15324,3387,1
2026-03-18T12:00:00Z,1.15323,1.15393,1.15253,1.15388,2253,1
2026-03-18T13:00:00Z,1.15389,1.15440,1.15337,1.15399,2320,1
2026-03-18T14:00:00Z,1.15398,1.15552,1.15300,1.15466,4254,1
2026-03-18T15:00:00Z,1.15473,1.15481,1.15057,1.15074,7203,1
2026-03-18T16:00:00Z,1.15080,1.15155,1.14906,1.15149,7229,1
2026-03-18T17:00:00Z,1.15149,1.15275,1.15042,1.15165,6576,1
2026-03-18T18:00:00Z,1.15166,1.15296,1.15114,1.15129,5426,1
2026-03-18T19:00:00Z,1.15131,1.15221,1.15068,1.15107,4476,1
2026-03-18T20:00:00Z,1.15105,1.15166,1.15026,1.15157,3997,1
2026-03-18T21:00:00Z,1.15151,1.15252,1.14771,1.14773,7568,1
2026-03-18T22:00:00Z,1.14772,1.14825,1.14685,1.14695,5007,1
2026-03-18T23:00:00Z,1.14694,1.14703,1.14498,1.14508,2405,1
2026-03-19T00:00:00Z,1.14519,1.14683,1.14519,1.14629,1196,22
2026-03-19T01:00:00Z,1.14643,1.14654,1.14509,1.14564,2122,2
2026-03-19T02:00:00Z,1.14565,1.14658,1.14551,1.14632,2101,1
2026-03-19T03:00:00Z,1.14631,1.14744,1.14621,1.14741,3016,1
2026-03-19T04:00:00Z,1.14742,1.14836,1.14732,1.14761,3189,1
2026-03-19T05:00:00Z,1.14762,1.14913,1.14716,1.14820,3712,1
2026-03-19T06:00:00Z,1.14822,1.14833,1.14745,1.14746,2021,1
2026-03-19T07:00:00Z,1.14743,1.14750,1.14668,1.14688,1797,1
2026-03-19T08:00:00Z,1.14687,1.14710,1.14635,1.14659,1718,1
2026-03-19T09:00:00Z,1.14661,1.14768,1.14610,1.14653,3284,1
2026-03-19T10:00:00Z,1.14653,1.14754,1.14508,1.14524,5991,1
2026-03-19T11:00:00Z,1.14525,1.14592,1.14431,1.14510,6592,1
2026-03-19T12:00:00Z,1.14510,1.14880,1.14510,1.14803,8001,1
2026-03-19T13:00:00Z,1.14803,1.14803,1.14665,1.14739,4497,1
2026-03-19T14:00:00Z,1.14739,1.14815,1.14658,1.14796,4050,1
2026-03-19T15:00:00Z,1.14797,1.14899,1.14626,1.14871,7685,1
2026-03-19T16:00:00Z,1.14870,1.15273,1.14694,1.15177,11279,1
2026-03-19T17:00:00Z,1.15175,1.15283,1.15007,1.15164,10531,1
2026-03-19T18:00:00Z,1.15165,1.15389,1.14985,1.15142,8527,1
2026-03-19T19:00:00Z,1.15142,1.15378,1.15119,1.15359,7665,1
2026-03-19T20:00:00Z,1.15358,1.15675,1.15357,1.15602,5046,1
2026-03-19T21:00:00Z,1.15602,1.15842,1.15510,1.15832,4660,1
2026-03-19T22:00:00Z,1.15838,1.16162,1.15772,1.15846,9343,1
2026-03-19T23:00:00Z,1.15851,1.15891,1.15803,1.15855,1803,2
2026-03-20T00:00:00Z,1.15875,1.15876,1.15796,1.15813,338,22
2026-03-20T01:00:00Z,1.15812,1.15949,1.15774,1.15783,1766,2
2026-03-20T02:00:00Z,1.15782,1.15818,1.15744,1.15766,1809,1
2026-03-20T03:00:00Z,1.15765,1.15801,1.15710,1.15738,2469,1
2026-03-20T04:00:00Z,1.15739,1.15770,1.15634,1.15649,3090,1
2026-03-20T05:00:00Z,1.15650,1.15680,1.15616,1.15637,2198,1
2026-03-20T06:00:00Z,1.15637,1.15637,1.15561,1.15568,1811,1
2026-03-20T07:00:00Z,1.15567,1.15598,1.15551,1.15557,1314,1
2026-03-20T08:00:00Z,1.15556,1.15610,1.15523,1.15525,1882,1
2026-03-20T09:00:00Z,1.15526,1.15662,1.15526,1.15590,2198,1
2026-03-20T10:00:00Z,1.15588,1.15753,1.15558,1.15730,4341,1
2026-03-20T11:00:00Z,1.15737,1.15808,1.15677,1.15677,4445,1
2026-03-20T12:00:00Z,1.15678,1.15729,1.15477,1.15486,4759,1
2026-03-20T13:00:00Z,1.15488,1.15626,1.15351,1.15599,5172,1
2026-03-20T14:00:00Z,1.15598,1.15800,1.15573,1.15715,4024,1
2026-03-20T15:00:00Z,1.15714,1.15798,1.15621,1.15646,6560,1
2026-03-20T16:00:00Z,1.15651,1.15660,1.15400,1.15412,6856,1
2026-03-20T17:00:00Z,1.15410,1.15439,1.15247,1.15348,8227,1
2026-03-20T18:00:00Z,1.15348,1.15577,1.15348,1.15421,8253,1
2026-03-20T19:00:00Z,1.15422,1.15666,1.15413,1.15593,5523,1
2026-03-20T20:00:00Z,1.15598,1.15706,1.15498,1.15578,5876,1
2026-03-20T21:00:00Z,1.15578,1.15717,1.15477,1.15505,6233,1
2026-03-20T22:00:00Z,1.15505,1.15620,1.15467,1.15585,5147,1
2026-03-20T23:00:00Z,1.15581,1.15706,1.15572,1.15705,2241,2
2026-03-23T00:00:00Z,1.15353,1.15426,1.15351,1.15377,449,27
2026-03-23T01:00:00Z,1.15396,1.15626,1.15394,1.15578,3402,2
2026-03-23T02:00:00Z,1.15579,1.15647,1.15570,1.15620,2938,1
2026-03-23T03:00:00Z,1.15621,1.15643,1.15386,1.15443,5069,1
2026-03-23T04:00:00Z,1.15441,1.15617,1.15441,1.15544,5541,1
2026-03-23T05:00:00Z,1.15547,1.15574,1.15430,1.15468,3951,1
2026-03-23T06:00:00Z,1.15466,1.15504,1.15427,1.15470,2633,1
2026-03-23T07:00:00Z,1.15470,1.15515,1.15456,1.15505,2133,1
2026-03-23T08:00:00Z,1.15506,1.15525,1.15341,1.15341,2949,1
2026-03-23T09:00:00Z,1.15343,1.15343,1.15205,1.15306,4752,1
2026-03-23T10:00:00Z,1.15305,1.15403,1.15235,1.15271,5664,1
2026-03-23T11:00:00Z,1.15274,1.15462,1.15260,1.15297,7031,1
2026-03-23T12:00:00Z,1.15298,1.15341,1.14911,1.14948,6221,1
2026-03-23T13:00:00Z,1.14947,1.15011,1.14845,1.14856,5978,1
2026-03-23T14:00:00Z,1.14857,1.16193,1.14857,1.15565,15518,1
2026-03-23T15:00:00Z,1.15556,1.16145,1.15462,1.16124,13161,1
2026-03-23T16:00:00Z,1.16126,1.16155,1.15800,1.15998,12553,1
2026-03-23T17:00:00Z,1.15997,1.16397,1.15929,1.16153,11756,1
2026-03-23T18:00:00Z,1.16150,1.16311,1.15819,1.15862,11216,1
2026-03-23T19:00:00Z,1.15862,1.16006,1.15765,1.15910,9257,1
2026-03-23T20:00:00Z,1.15913,1.16098,1.15867,1.16018,7419,1
2026-03-23T21:00:00Z,1.16017,1.16374,1.15918,1.16352,5981,1
2026-03-23T22:00:00Z,1.16351,1.16354,1.16126,1.16132,3775,1
2026-03-23T23:00:00Z,1.16132,1.16152,1.16093,1.16096,1355,2
2026-03-24T00:00:00Z,1.16112,1.16141,1.16108,1.16139,319,22
2026-03-24T01:00:00Z,1.16149,1.16176,1.16082,1.16145,1681,2
2026-03-24T02:00:00Z,1.16146,1.16160,1.16058,1.16082,1989,1
2026-03-24T03:00:00Z,1.16082,1.16086,1.15811,1.15883,5548,1
2026-03-24T04:00:00Z,1.15884,1.15960,1.15782,1.15845,5071,1
2026-03-24T05:00:00Z,1.15846,1.15924,1.15829,1.15858,4026,1
2026-03-24T06:00:00Z,1.15859,1.15892,1.15812,1.15831,2671,1
2026-03-24T07:00:00Z,1.15831,1.15834,1.15755,1.15801,2006,1
2026-03-24T08:00:00Z,1.15801,1.15892,1.15758,1.15837,4123,1
2026-03-24T09:00:00Z,1.15836,1.15924,1.15791,1.15919,3989,1
2026-03-24T10:00:00Z,1.15904,1.16178,1.15890,1.16087,6112,1
2026-03-24T11:00:00Z,1.16086,1.16093,1.15817,1.15882,6775,1
2026-03-24T12:00:00Z,1.15893,1.15969,1.15786,1.15948,4928,1
2026-03-24T13:00:00Z,1.15949,1.15964,1.15832,1.15921,4412,1
2026-03-24T14:00:00Z,1.15910,1.16005,1.15788,1.15892,4845,1
2026-03-24T15:00:00Z,1.15895,1.15992,1.15811,1.15847,5795,1
2026-03-24T16:00:00Z,1.15846,1.15907,1.15672,1.15775,8550,1
2026-03-24T17:00:00Z,1.15776,1.16067,1.15775,1.15893,9156,1
2026-03-24T18:00:00Z,1.15895,1.15972,1.15758,1.15778,8600,1
2026-03-24T19:00:00Z,1.15776,1.15925,1.15741,1.15829,5606,1
2026-03-24T20:00:00Z,1.15827,1.15837,1.15570,1.15761,8375,1
2026-03-24T21:00:00Z,1.15759,1.15924,1.15675,1.15822,7055,1
2026-03-24T22:00:00Z,1.15821,1.15927,1.15821,1.15855,3715,1
2026-03-24T23:00:00Z,1.15854,1.16283,1.15827,1.16061,6005,1
2026-03-25T00:00:00Z,1.16035,1.16115,1.15998,1.16086,936,11
2026-03-25T01:00:00Z,1.16074,1.16190,1.16044,1.16140,2263,2
2026-03-25T02:00:00Z,1.16140,1.16183,1.16087,1.16137,2080,1
2026-03-25T03:00:00Z,1.16136,1.16306,1.16123,1.16233,4323,1
2026-03-25T04:00:00Z,1.16226,1.16244,1.16118,1.16121,4066,1
2026-03-25T05:00:00Z,1.16122,1.16130,1.16009,1.16041,2754,1
2026-03-25T06:00:00Z,1.16040,1.16051,1.16005,1.16035,1975,1
2026-03-25T07:00:00Z,1.16034,1.16041,1.15973,1.15978,1786,1
2026-03-25T08:00:00Z,1.15977,1.15981,1.15888,1.15922,2591,1
2026-03-25T09:00:00Z,1.15921,1.15998,1.15870,1.15963,2602,1
2026-03-25T10:00:00Z,1.15962,1.16051,1.15885,1.15976,4125,1
2026-03-25T11:00:00Z,1.15979,1.16166,1.15906,1.16027,6032,1
2026-03-25T12:00:00Z,1.16028,1.16093,1.15912,1.15990,4417,1
2026-03-25T13:00:00Z,1.15991,1.16055,1.15957,1.16044,3778,1
2026-03-25T14:00:00Z,1.16045,1.16115,1.15942,1.16055,3839,1
2026-03-25T15:00:00Z,1.16054,1.16136,1.15864,1.15913,7078,1
2026-03-25T16:00:00Z,1.15918,1.15989,1.15716,1.15729,7197,1
2026-03-25T17:00:00Z,1.15731,1.15877,1.15663,1.15858,7392,1
2026-03-25T18:00:00Z,1.15859,1.15894,1.15628,1.15698,7292,1
2026-03-25T19:00:00Z,1.15699,1.15766,1.15553,1.15675,6078,1
2026-03-25T20:00:00Z,1.15676,1.15836,1.15649,1.15783,4563,1
2026-03-25T21:00:00Z,1.15785,1.15811,1.15611,1.15665,3868,1
2026-03-25T22:00:00Z,1.15665,1.15666,1.15591,1.15632,3835,1
2026-03-25T23:00:00Z,1.15632,1.15634,1.15556,1.15577,1419,2
2026-03-26T00:00:00Z,1.15577,1.15606,1.15577,1.15596,293,22
2026-03-26T01:00:00Z,1.15595,1.15624,1.15557,1.15600,1314,2
2026-03-26T02:00:00Z,1.15603,1.15620,1.15587,1.15615,1027,1
2026-03-26T03:00:00Z,1.15615,1.15647,1.15538,1.15583,2475,1
2026-03-26T04:00:00Z,1.15582,1.15669,1.15579,1.15644,2242,1
2026-03-26T05:00:00Z,1.15644,1.15657,1.15546,1.15589,1924,1
2026-03-26T06:00:00Z,1.15586,1.15694,1.15578,1.15687,1750,1
2026-03-26T07:00:00Z,1.15686,1.15723,1.15671,1.15693,1209,1
2026-03-26T08:00:00Z,1.15695,1.15699,1.15576,1.15579,2368,1
2026-03-26T09:00:00Z,1.15574,1.15670,1.15517,1.15666,2876,1
2026-03-26T10:00:00Z,1.15665,1.15665,1.15505,1.15538,3367,1
2026-03-26T11:00:00Z,1.15540,1.15610,1.15475,1.15598,4272,1
2026-03-26T12:00:00Z,1.15594,1.15649,1.15525,1.15597,3699,1
2026-03-26T13:00:00Z,1.15596,1.15651,1.15546,1.15572,3387,1
2026-03-26T14:00:00Z,1.15574,1.15586,1.15234,1.15241,3437,1
2026-03-26T15:00:00Z,1.15238,1.15354,1.15224,1.15350,4741,1
2026-03-26T16:00:00Z,1.15349,1.15525,1.15349,1.15425,5852,1
2026-03-26T17:00:00Z,1.15424,1.15549,1.15368,1.15475,7613,1
2026-03-26T18:00:00Z,1.15476,1.15513,1.15312,1.15415,6927,1
2026-03-26T19:00:00Z,1.15414,1.15433,1.15310,1.15355,4419,1
2026-03-26T20:00:00Z,1.15356,1.15376,1.15255,1.15258,3768,1
2026-03-26T21:00:00Z,1.15258,1.15338,1.15251,1.15337,2705,1
2026-03-26T22:00:00Z,1.15338,1.15344,1.15216,1.15219,3142,1
2026-03-26T23:00:00Z,1.15219,1.15587,1.15194,1.15288,4606,1
2026-03-27T00:00:00Z,1.15281,1.15356,1.15272,1.15315,1175,22
2026-03-27T01:00:00Z,1.15308,1.15402,1.15283,1.15384,1814,2
2026-03-27T02:00:00Z,1.15386,1.15398,1.15339,1.15345,1254,1
2026-03-27T03:00:00Z,1.15339,1.15381,1.15241,1.15306,3543,1
2026-03-27T04:00:00Z,1.15308,1.15409,1.15297,1.15399,2807,1
2026-03-27T05:00:00Z,1.15400,1.15427,1.15362,1.15385,2377,1
2026-03-27T06:00:00Z,1.15384,1.15403,1.15338,1.15389,2182,1
2026-03-27T07:00:00Z,1.15390,1.15437,1.15370,1.15427,1465,1
2026-03-27T08:00:00Z,1.15427,1.15461,1.15372,1.15407,2409,1
2026-03-27T09:00:00Z,1.15408,1.15439,1.15340,1.15345,2009,1
2026-03-27T10:00:00Z,1.15343,1.15347,1.15168,1.15188,3222,1
2026-03-27T11:00:00Z,1.15187,1.15251,1.15159,1.15209,4520,1
2026-03-27T12:00:00Z,1.15208,1.15261,1.15143,1.15192,3759,1
2026-03-27T13:00:00Z,1.15194,1.15260,1.15103,1.15109,3537,1
2026-03-27T14:00:00Z,1.15108,1.15141,1.15047,1.15076,3437,1
2026-03-27T15:00:00Z,1.15071,1.15181,1.15018,1.15150,3708,1
2026-03-27T16:00:00Z,1.15151,1.15329,1.15141,1.15239,5811,1
2026-03-27T17:00:00Z,1.15237,1.15357,1.15232,1.15287,6383,1
2026-03-27T18:00:00Z,1.15290,1.15479,1.15179,1.15193,6956,1
2026-03-27T19:00:00Z,1.15194,1.15273,1.15147,1.15191,5082,1
2026-03-27T20:00:00Z,1.15191,1.15290,1.15062,1.15124,3730,1
2026-03-27T21:00:00Z,1.15123,1.15194,1.15071,1.15134,2856,1
2026-03-27T22:00:00Z,1.15134,1.15179,1.15099,1.15171,2833,1
2026-03-27T23:00:00Z,1.15171,1.15206,1.15092,1.15118,2642,1
2026-03-30T00:00:00Z,1.15017,1.15017,1.14987,1.14988,268,27
2026-03-30T01:00:00Z,1.14992,1.15026,1.14877,1.14885,2744,2
2026-03-30T02:00:00Z,1.14886,1.14945,1.14873,1.14916,2242,1
2026-03-30T03:00:00Z,1.14922,1.15127,1.14895,1.15069,4542,1
2026-03-30T04:00:00Z,1.15074,1.15111,1.15028,1.15048,3153,1
2026-03-30T05:00:00Z,1.15049,1.15152,1.15013,1.15113,2301,1
2026-03-30T06:00:00Z,1.15113,1.15187,1.15102,1.15158,1860,1
2026-03-30T07:00:00Z,1.15159,1.15212,1.15134,1.15134,1297,1
2026-03-30T08:00:00Z,1.15135,1.15181,1.15093,1.15158,1864,1
2026-03-30T09:00:00Z,1.15151,1.15200,1.15116,1.15126,2619,1
2026-03-30T10:00:00Z,1.15127,1.15128,1.14939,1.14977,3373,1
2026-03-30T11:00:00Z,1.14981,1.14987,1.14906,1.14960,2905,1
2026-03-30T12:00:00Z,1.14960,1.14982,1.14839,1.14943,2747,1
2026-03-30T13:00:00Z,1.14944,1.14973,1.14880,1.14892,2387,1
2026-03-30T14:00:00Z,1.14893,1.15002,1.14839,1.14849,4071,1
2026-03-30T15:00:00Z,1.14848,1.14888,1.14730,1.14826,4001,1
2026-03-30T16:00:00Z,1.14827,1.14878,1.14621,1.14641,5164,1
2026-03-30T17:00:00Z,1.14640,1.14705,1.14547,1.14649,6274,1
2026-03-30T18:00:00Z,1.14650,1.14658,1.14430,1.14537,4930,1
2026-03-30T19:00:00Z,1.14534,1.14611,1.14475,1.14599,3219,1
2026-03-30T20:00:00Z,1.14598,1.14652,1.14557,1.14575,2857,1
2026-03-30T21:00:00Z,1.14575,1.14663,1.14568,1.14611,2421,1
2026-03-30T22:00:00Z,1.14609,1.14622,1.14537,1.14597,2326,1
2026-03-30T23:00:00Z,1.14596,1.14627,1.14569,1.14592,954,2
2026-03-31T00:00:00Z,1.14554,1.14665,1.14554,1.14611,1160,22
2026-03-31T01:00:00Z,1.14607,1.14656,1.14592,1.14593,1113,2
2026-03-31T02:00:00Z,1.14593,1.14594,1.14522,1.14567,1470,1
2026-03-31T03:00:00Z,1.14565,1.14763,1.14470,1.14746,5475,1
2026-03-31T04:00:00Z,1.14745,1.14908,1.14732,1.14759,4738,1
2026-03-31T05:00:00Z,1.14760,1.14796,1.14731,1.14759,3173,1
2026-03-31T06:00:00Z,1.14758,1.14764,1.14664,1.14695,2269,1
2026-03-31T07:00:00Z,1.14696,1.14728,1.14688,1.14691,1807,1
2026-03-31T08:00:00Z,1.14690,1.14713,1.14622,1.14644,2868,1
2026-03-31T09:00:00Z,1.14643,1.14743,1.14608,1.14720,3679,1
2026-03-31T10:00:00Z,1.14717,1.14742,1.14629,1.14723,4194,1
2026-03-31T11:00:00Z,1.14722,1.14756,1.14642,1.14671,3646,1
2026-03-31T12:00:00Z,1.14670,1.14733,1.14620,1.14682,3479,1
2026-03-31T13:00:00Z,1.14684,1.14699,1.14581,1.14588,2756,1
2026-03-31T14:00:00Z,1.14594,1.14911,1.14575,1.14911,5147,1
2026-03-31T15:00:00Z,1.14924,1.15098,1.14870,1.15030,5858,1
2026-03-31T16:00:00Z,1.15032,1.15326,1.15006,1.15320,5079,1
2026-03-31T17:00:00Z,1.15321,1.15406,1.15110,1.15203,7795,1
2026-03-31T18:00:00Z,1.15202,1.15329,1.15117,1.15172,7957,1
2026-03-31T19:00:00Z,1.15173,1.15596,1.15140,1.15404,8468,1
2026-03-31T20:00:00Z,1.15405,1.15567,1.15389,1.15399,8942,1
2026-03-31T21:00:00Z,1.15398,1.15509,1.15384,1.15448,5103,1
2026-03-31T22:00:00Z,1.15445,1.15597,1.15388,1.15589,3606,1
2026-03-31T23:00:00Z,1.15591,1.15634,1.15527,1.15534,2336,2
2026-04-01T00:00:00Z,1.15532,1.15554,1.15521,1.15536,649,22
2026-04-01T01:00:00Z,1.15539,1.15594,1.15525,1.15584,1379,2
2026-04-01T02:00:00Z,1.15586,1.15745,1.15569,1.15739,1425,1
2026-04-01T03:00:00Z,1.15735,1.15788,1.15694,1.15744,2756,1
2026-04-01T04:00:00Z,1.15743,1.15755,1.15550,1.15616,3767,1
2026-04-01T05:00:00Z,1.15617,1.15710,1.15606,1.15688,2324,1
2026-04-01T06:00:00Z,1.15687,1.15687,1.15590,1.15608,1672,1
2026-04-01T07:00:00Z,1.15608,1.15665,1.15594,1.15653,1598,1
2026-04-01T08:00:00Z,1.15652,1.15764,1.15647,1.15678,2621,1
2026-04-01T09:00:00Z,1.15678,1.15929,1.15620,1.15913,6314,1
2026-04-01T10:00:00Z,1.15913,1.15986,1.15771,1.15822,6334,1
2026-04-01T11:00:00Z,1.15823,1.16107,1.15777,1.15963,5624,1
2026-04-01T12:00:00Z,1.15964,1.16025,1.15808,1.15954,5633,1
2026-04-01T13:00:00Z,1.15958,1.16036,1.15934,1.15996,4560,1
2026-04-01T14:00:00Z,1.15997,1.16099,1.15980,1.16074,3809,1
2026-04-01T15:00:00Z,1.16075,1.16235,1.15936,1.16046,6677,1
2026-04-01T16:00:00Z,1.16050,1.16238,1.15989,1.16122,7619,1
2026-04-01T17:00:00Z,1.16121,1.16270,1.16046,1.16225,7502,1
2026-04-01T18:00:00Z,1.16226,1.16271,1.16053,1.16138,4693,1
2026-04-01T19:00:00Z,1.16133,1.16191,1.16046,1.16191,3413,1
2026-04-01T20:00:00Z,1.16191,1.16235,1.15937,1.15939,3126,1
2026-04-01T21:00:00Z,1.15938,1.15942,1.15771,1.15786,4460,1
2026-04-01T22:00:00Z,1.15788,1.15871,1.15763,1.15838,3060,1
2026-04-01T23:00:00Z,1.15837,1.15915,1.15834,1.15898,1222,1
2026-04-02T00:00:00Z,1.15840,1.15905,1.15823,1.15894,1132,22
2026-04-02T01:00:00Z,1.15903,1.15942,1.15896,1.15909,1027,2
2026-04-02T02:00:00Z,1.15914,1.15948,1.15890,1.15898,1119,1
2026-04-02T03:00:00Z,1.15893,1.15978,1.15868,1.15956,3118,1
2026-04-02T04:00:00Z,1.15955,1.16054,1.15454,1.15526,10969,1
2026-04-02T05:00:00Z,1.15525,1.15604,1.15439,1.15467,5492,1
2026-04-02T06:00:00Z,1.15466,1.15491,1.15376,1.15396,3200,1
2026-04-02T07:00:00Z,1.15397,1.15418,1.15322,1.15369,2963,1
2026-04-02T08:00:00Z,1.15370,1.15391,1.15247,1.15253,3370,1
2026-04-02T09:00:00Z,1.15254,1.15356,1.15152,1.15344,4338,1
2026-04-02T10:00:00Z,1.15343,1.15378,1.15187,1.15325,4961,1
2026-04-02T11:00:00Z,1.15327,1.15358,1.15242,1.15254,3478,1
2026-04-02T12:00:00Z,1.15254,1.15318,1.15217,1.15262,3040,1
2026-04-02T13:00:00Z,1.15268,1.15269,1.15109,1.15123,3458,1
2026-04-02T14:00:00Z,1.15123,1.15194,1.15090,1.15175,3337,1
2026-04-02T15:00:00Z,1.15184,1.15313,1.15169,1.15245,5101,1
2026-04-02T16:00:00Z,1.15251,1.15325,1.15203,1.15313,6347,1
2026-04-02T17:00:00Z,1.15314,1.15640,1.15267,1.15512,9240,1
2026-04-02T18:00:00Z,1.15515,1.15587,1.15417,1.15450,7945,1
2026-04-02T19:00:00Z,1.15449,1.15479,1.15389,1.15393,4681,1
2026-04-02T20:00:00Z,1.15392,1.15492,1.15363,1.15376,3391,1
2026-04-02T21:00:00Z,1.15378,1.15400,1.15329,1.15361,2914,1
2026-04-02T22:00:00Z,1.15365,1.15436,1.15333,1.15345,2981,1
2026-04-02T23:00:00Z,1.15346,1.15388,1.15320,1.15388,1179,2
2026-04-03T00:00:00Z,1.15355,1.15427,1.15353,1.15404,613,24
2026-04-03T01:00:00Z,1.15393,1.15408,1.15372,1.15400,803,2
2026-04-03T02:00:00Z,1.15401,1.15430,1.15394,1.15415,463,1
2026-04-03T03:00:00Z,1.15416,1.15452,1.15381,1.15382,1349,1
2026-04-03T04:00:00Z,1.15380,1.15398,1.15337,1.15351,1252,1
2026-04-03T05:00:00Z,1.15350,1.15383,1.15320,1.15361,1060,1
2026-04-03T06:00:00Z,1.15362,1.15375,1.15342,1.15364,637,1
2026-04-03T07:00:00Z,1.15363,1.15364,1.15337,1.15339,890,1
2026-04-03T08:00:00Z,1.15339,1.15383,1.15293,1.15381,970,1
2026-04-03T09:00:00Z,1.15379,1.15406,1.15351,1.15397,850,1
2026-04-03T10:00:00Z,1.15396,1.15464,1.15395,1.15428,1013,1
2026-04-03T11:00:00Z,1.15425,1.15453,1.15402,1.15434,913,1
2026-04-03T12:00:00Z,1.15430,1.15456,1.15406,1.15431,948,1
2026-04-03T13:00:00Z,1.15431,1.15490,1.15418,1.15449,710,1
2026-04-03T14:00:00Z,1.15447,1.15466,1.15408,1.15443,1238,1
2026-04-03T15:00:00Z,1.15444,1.15459,1.15187,1.15310,2807,1
2026-04-03T16:00:00Z,1.15310,1.15387,1.15279,1.15349,1763,1
2026-04-03T17:00:00Z,1.15349,1.15366,1.15208,1.15210,1650,1
2026-04-03T18:00:00Z,1.15210,1.15276,1.15201,1.15221,3272,1
2026-04-03T19:00:00Z,1.15215,1.15224,1.15183,1.15191,1929,1
2026-04-03T20:00:00Z,1.15192,1.15221,1.15181,1.15203,2057,1
2026-04-03T21:00:00Z,1.15202,1.15213,1.15135,1.15146,1137,1
2026-04-03T22:00:00Z,1.15145,1.15162,1.15142,1.15143,192,1
2026-04-03T23:00:00Z,1.15142,1.15287,1.15101,1.15138,778,2
2026-04-06T00:00:00Z,1.15190,1.15224,1.15184,1.15190,178,27
2026-04-06T01:00:00Z,1.15205,1.15207,1.15051,1.15149,3201,2
2026-04-06T02:00:00Z,1.15146,1.15169,1.15084,1.15096,1344,1
2026-04-06T03:00:00Z,1.15095,1.15183,1.15092,1.15117,2237,1
2026-04-06T04:00:00Z,1.15117,1.15144,1.15063,1.15067,1775,1
2026-04-06T05:00:00Z,1.15068,1.15288,1.15068,1.15205,2959,1
2026-04-06T06:00:00Z,1.15205,1.15230,1.15173,1.15189,1744,1
2026-04-06T07:00:00Z,1.15189,1.15249,1.15184,1.15242,1277,1
2026-04-06T08:00:00Z,1.15240,1.15295,1.15229,1.15252,1453,1
2026-04-06T09:00:00Z,1.15253,1.15374,1.15220,1.15330,2654,1
2026-04-06T10:00:00Z,1.15328,1.15687,1.15256,1.15643,3805,1
2026-04-06T11:00:00Z,1.15642,1.15685,1.15537,1.15553,3541,1
2026-04-06T12:00:00Z,1.15552,1.15603,1.15472,1.15502,2814,1
2026-04-06T13:00:00Z,1.15503,1.15543,1.15375,1.15480,2786,1
2026-04-06T14:00:00Z,1.15483,1.15499,1.15402,1.15456,2653,1
2026-04-06T15:00:00Z,1.15455,1.15546,1.15426,1.15532,3022,1
2026-04-06T16:00:00Z,1.15535,1.15612,1.15494,1.15600,4028,1
2026-04-06T17:00:00Z,1.15600,1.15715,1.15426,1.15430,7281,1
2026-04-06T18:00:00Z,1.15429,1.15444,1.15354,1.15442,4472,1
2026-04-06T19:00:00Z,1.15442,1.15480,1.15424,1.15450,3289,1
2026-04-06T20:00:00Z,1.15449,1.15487,1.15341,1.15414,4690,1
2026-04-06T21:00:00Z,1.15413,1.15525,1.15396,1.15456,4100,1
2026-04-06T22:00:00Z,1.15457,1.15467,1.15407,1.15428,1900,1
2026-04-06T23:00:00Z,1.15428,1.15444,1.15407,1.15421,1260,2
2026-04-07T00:00:00Z,1.15409,1.15437,1.15388,1.15427,737,22
2026-04-07T01:00:00Z,1.15415,1.15478,1.15411,1.15424,1242,2
2026-04-07T02:00:00Z,1.15425,1.15432,1.15387,1.15407,709,1
2026-04-07T03:00:00Z,1.15406,1.15438,1.15365,1.15375,2259,1
2026-04-07T04:00:00Z,1.15375,1.15401,1.15272,1.15301,2520,1
2026-04-07T05:00:00Z,1.15300,1.15321,1.15241,1.15298,1690,1
2026-04-07T06:00:00Z,1.15297,1.15347,1.15287,1.15344,1022,1
2026-04-07T07:00:00Z,1.15345,1.15388,1.15329,1.15383,1138,1
2026-04-07T08:00:00Z,1.15384,1.15397,1.15301,1.15354,2079,1
2026-04-07T09:00:00Z,1.15355,1.15455,1.15325,1.15446,3110,1
2026-04-07T10:00:00Z,1.15447,1.15460,1.15367,1.15428,3206,1
2026-04-07T11:00:00Z,1.15422,1.15755,1.15419,1.15736,6445,1
2026-04-07T12:00:00Z,1.15736,1.15754,1.15622,1.15627,4216,1
2026-04-07T13:00:00Z,1.15632,1.15637,1.15457,1.15542,6296,1
2026-04-07T14:00:00Z,1.15542,1.15620,1.15480,1.15599,3820,1
2026-04-07T15:00:00Z,1.15606,1.15696,1.15539,1.15604,4938,1
2026-04-07T16:00:00Z,1.15607,1.15649,1.15558,1.15635,5319,1
2026-04-07T17:00:00Z,1.15635,1.15830,1.15585,1.15720,6417,1
2026-04-07T18:00:00Z,1.15718,1.15784,1.15658,1.15710,5803,1
2026-04-07T19:00:00Z,1.15711,1.15795,1.15696,1.15714,4685,1
2026-04-07T20:00:00Z,1.15713,1.15795,1.15664,1.15775,3693,1
2026-04-07T21:00:00Z,1.15775,1.15831,1.15713,1.15746,2944,1
2026-04-07T22:00:00Z,1.15747,1.16019,1.15729,1.15950,6648,1
2026-04-07T23:00:00Z,1.15950,1.16050,1.15924,1.15962,3276,2
2026-04-08T00:00:00Z,1.15940,1.16014,1.15932,1.15965,992,22
2026-04-08T01:00:00Z,1.15970,1.16693,1.15884,1.16675,7132,2
2026-04-08T02:00:00Z,1.16678,1.16904,1.16615,1.16862,8537,1
2026-04-08T03:00:00Z,1.16864,1.16968,1.16659,1.16716,8848,1
2026-04-08T04:00:00Z,1.16715,1.16883,1.16708,1.16754,5747,1
2026-04-08T05:00:00Z,1.16753,1.16822,1.16687,1.16736,4060,1
2026-04-08T06:00:00Z,1.16740,1.16759,1.16660,1.16705,3255,1
2026-04-08T07:00:00Z,1.16708,1.16811,1.16708,1.16762,3248,1
2026-04-08T08:00:00Z,1.16768,1.17086,1.16721,1.16915,4584,1
2026-04-08T09:00:00Z,1.16912,1.17082,1.16845,1.16962,6669,1
2026-04-08T10:00:00Z,1.16965,1.17000,1.16790,1.16956,6099,1
2026-04-08T11:00:00Z,1.16955,1.16991,1.16689,1.16811,5614,1
2026-04-08T12:00:00Z,1.16815,1.16893,1.16780,1.16796,4646,1
2026-04-08T13:00:00Z,1.16793,1.16925,1.16774,1.16903,3711,1
2026-04-08T14:00:00Z,1.16902,1.17103,1.16853,1.17000,5032,1
2026-04-08T15:00:00Z,1.17001,1.17181,1.16879,1.17140,6591,1
2026-04-08T16:00:00Z,1.17138,1.17217,1.16870,1.16944,7310,1
2026-04-08T17:00:00Z,1.16942,1.17034,1.16894,1.16941,8637,1
2026-04-08T18:00:00Z,1.16941,1.16964,1.16843,1.16862,6159,1
2026-04-08T19:00:00Z,1.16862,1.16885,1.16772,1.16816,4834,1
2026-04-08T20:00:00Z,1.16817,1.16853,1.16688,1.16747,3451,1
2026-04-08T21:00:00Z,1.16745,1.16802,1.16499,1.16502,5580,1
2026-04-08T22:00:00Z,1.16501,1.16704,1.16434,1.16677,4464,1
2026-04-08T23:00:00Z,1.16683,1.16693,1.16604,1.16610,1777,2
2026-04-09T00:00:00Z,1.16578,1.16661,1.16578,1.16651,751,22
2026-04-09T01:00:00Z,1.16643,1.16676,1.16600,1.16620,1395,2
2026-04-09T02:00:00Z,1.16622,1.16630,1.16574,1.16590,923,1
2026-04-09T03:00:00Z,1.16591,1.16609,1.16528,1.16571,2278,1
2026-04-09T04:00:00Z,1.16572,1.16635,1.16504,1.16617,2548,1
2026-04-09T05:00:00Z,1.16618,1.16673,1.16592,1.16652,1954,1
2026-04-09T06:00:00Z,1.16652,1.16668,1.16604,1.16623,1780,1
2026-04-09T07:00:00Z,1.16629,1.16709,1.16618,1.16663,1179,1
2026-04-09T08:00:00Z,1.16665,1.16677,1.16592,1.16608,1902,1
2026-04-09T09:00:00Z,1.16609,1.16643,1.16542,1.16642,3148,1
2026-04-09T10:00:00Z,1.16642,1.16692,1.16553,1.16629,3397,1
2026-04-09T11:00:00Z,1.16628,1.16749,1.16597,1.16721,2774,1
2026-04-09T12:00:00Z,1.16721,1.16791,1.16685,1.16745,2352,1
2026-04-09T13:00:00Z,1.16746,1.16794,1.16712,1.16712,2582,1
2026-04-09T14:00:00Z,1.16707,1.16895,1.16694,1.16883,2761,1
2026-04-09T15:00:00Z,1.16884,1.16900,1.16790,1.16860,3894,1
2026-04-09T16:00:00Z,1.16864,1.16952,1.16811,1.16817,4531,1
2026-04-09T17:00:00Z,1.16817,1.16882,1.16742,1.16847,4989,1
2026-04-09T18:00:00Z,1.16847,1.17070,1.16776,1.17054,6526,1
2026-04-09T19:00:00Z,1.17053,1.17139,1.17021,1.17105,3901,1
2026-04-09T20:00:00Z,1.17105,1.17234,1.17100,1.17140,3040,1
2026-04-09T21:00:00Z,1.17140,1.17148,1.16974,1.16991,4180,1
2026-04-09T22:00:00Z,1.16988,1.17085,1.16980,1.17005,2599,1
2026-04-09T23:00:00Z,1.17006,1.17008,1.16951,1.16980,1164,2
2026-04-10T00:00:00Z,1.16960,1.17012,1.16943,1.17004,387,15
2026-04-10T01:00:00Z,1.17003,1.17025,1.16923,1.16940,1783,2
2026-04-10T02:00:00Z,1.16941,1.16961,1.16901,1.16915,871,1
2026-04-10T03:00:00Z,1.16916,1.16916,1.16855,1.16879,1826,1
2026-04-10T04:00:00Z,1.16882,1.16946,1.16861,1.16922,1613,1
2026-04-10T05:00:00Z,1.16923,1.16942,1.16867,1.16909,1303,1
2026-04-10T06:00:00Z,1.16909,1.16966,1.16897,1.16956,894,1
2026-04-10T07:00:00Z,1.16958,1.16965,1.16910,1.16919,1114,1
2026-04-10T08:00:00Z,1.16919,1.16927,1.16875,1.16899,1288,1
2026-04-10T09:00:00Z,1.16898,1.16935,1.16833,1.16845,2198,1
2026-04-10T10:00:00Z,1.16842,1.16896,1.16790,1.16796,2646,1
2026-04-10T11:00:00Z,1.16797,1.16897,1.16773,1.16858,2241,1
2026-04-10T12:00:00Z,1.16865,1.17109,1.16847,1.17102,4088,1
2026-04-10T13:00:00Z,1.17102,1.17157,1.17057,1.17127,2648,1
2026-04-10T14:00:00Z,1.17127,1.17187,1.17107,1.17139,2075,1
2026-04-10T15:00:00Z,1.17139,1.17256,1.17095,1.17207,4604,1
2026-04-10T16:00:00Z,1.17207,1.17347,1.17186,1.17276,5033,1
2026-04-10T17:00:00Z,1.17275,1.17383,1.17200,1.17277,6145,1
2026-04-10T18:00:00Z,1.17277,1.17392,1.17216,1.17223,4921,1
2026-04-10T19:00:00Z,1.17223,1.17254,1.17134,1.17203,3392,1
2026-04-10T20:00:00Z,1.17204,1.17261,1.17188,1.17233,2729,1
2026-04-10T21:00:00Z,1.17234,1.17353,1.17187,1.17315,3136,1
2026-04-10T22:00:00Z,1.17314,1.17326,1.17271,1.17273,2025,1
2026-04-10T23:00:00Z,1.17273,1.17306,1.17268,1.17297,2147,2
2026-04-13T00:00:00Z,1.16641,1.16804,1.16641,1.16708,757,2
2026-04-13T01:00:00Z,1.16707,1.16781,1.16655,1.16721,3855,2
2026-04-13T02:00:00Z,1.16722,1.16752,1.16640,1.16748,1988,1
2026-04-13T03:00:00Z,1.16753,1.16876,1.16710,1.16875,2774,1
2026-04-13T04:00:00Z,1.16876,1.16895,1.16804,1.16861,2479,1
2026-04-13T05:00:00Z,1.16862,1.16901,1.16850,1.16884,1453,1
2026-04-13T06:00:00Z,1.16885,1.16892,1.16857,1.16880,1094,1
2026-04-13T07:00:00Z,1.16881,1.16900,1.16856,1.16861,1193,1
2026-04-13T08:00:00Z,1.16860,1.16890,1.16831,1.16878,1706,1
2026-04-13T09:00:00Z,1.16881,1.16947,1.16778,1.16854,3222,1
2026-04-13T10:00:00Z,1.16855,1.17001,1.16855,1.16971,3115,1
2026-04-13T11:00:00Z,1.16971,1.16971,1.16834,1.16861,2931,1
2026-04-13T12:00:00Z,1.16862,1.16925,1.16836,1.16861,2532,1
2026-04-13T13:00:00Z,1.16862,1.16951,1.16824,1.16934,2342,1
2026-04-13T14:00:00Z,1.16934,1.16996,1.16809,1.16817,3318,1
2026-04-13T15:00:00Z,1.16817,1.16991,1.16805,1.16985,3808,1
2026-04-13T16:00:00Z,1.16984,1.17123,1.16963,1.17053,4870,1
2026-04-13T17:00:00Z,1.17051,1.17206,1.17004,1.17101,5199,1
2026-04-13T18:00:00Z,1.17100,1.17124,1.17025,1.17095,3809,1
2026-04-13T19:00:00Z,1.17096,1.17314,1.17070,1.17249,5508,1
2026-04-13T20:00:00Z,1.17250,1.17378,1.17247,1.17334,2715,1
2026-04-13T21:00:00Z,1.17336,1.17654,1.17336,1.17644,3688,1
2026-04-13T22:00:00Z,1.17643,1.17649,1.17539,1.17601,2551,1
2026-04-13T23:00:00Z,1.17600,1.17630,1.17564,1.17586,1012,2
2026-04-14T00:00:00Z,1.17547,1.17583,1.17507,1.17537,377,22
2026-04-14T01:00:00Z,1.17540,1.17647,1.17540,1.17614,1460,2
2026-04-14T02:00:00Z,1.17615,1.17667,1.17609,1.17666,918,1
2026-04-14T03:00:00Z,1.17666,1.17679,1.17610,1.17663,1661,1
2026-04-14T04:00:00Z,1.17664,1.17678,1.17594,1.17601,1569,1
2026-04-14T05:00:00Z,1.17600,1.17621,1.17561,1.17607,1217,1
2026-04-14T06:00:00Z,1.17606,1.17680,1.17590,1.17669,951,1
2026-04-14T07:00:00Z,1.17668,1.17698,1.17646,1.17668,598,1
2026-04-14T08:00:00Z,1.17667,1.17695,1.17595,1.17642,1674,1
2026-04-14T09:00:00Z,1.17644,1.17782,1.17581,1.17779,3019,1
2026-04-14T10:00:00Z,1.17781,1.17967,1.17774,1.17799,4912,1
2026-04-14T11:00:00Z,1.17799,1.17845,1.17751,1.17825,2979,1
2026-04-14T12:00:00Z,1.17827,1.17926,1.17818,1.17886,2718,1
2026-04-14T13:00:00Z,1.17885,1.17989,1.17882,1.17966,2839,1
2026-04-14T14:00:00Z,1.17966,1.18061,1.17953,1.17993,3055,1
2026-04-14T15:00:00Z,1.17994,1.18054,1.17927,1.18045,5001,1
2026-04-14T16:00:00Z,1.18045,1.18076,1.17934,1.17992,4546,1
2026-04-14T17:00:00Z,1.17990,1.18111,1.17934,1.18087,5246,1
2026-04-14T18:00:00Z,1.18084,1.18085,1.17875,1.17903,4540,1
2026-04-14T19:00:00Z,1.17901,1.17970,1.17882,1.17940,2479,1
2026-04-14T20:00:00Z,1.17939,1.17994,1.17918,1.17956,1983,1
2026-04-14T21:00:00Z,1.17956,1.17969,1.17904,1.17929,2476,1
2026-04-14T22:00:00Z,1.17929,1.17953,1.17905,1.17917,1359,1
2026-04-14T23:00:00Z,1.17918,1.17955,1.17912,1.17948,975,2
2026-04-15T00:00:00Z,1.17932,1.17943,1.17874,1.17896,158,22
2026-04-15T01:00:00Z,1.17896,1.17994,1.17890,1.17951,1142,2
2026-04-15T02:00:00Z,1.17951,1.18017,1.17942,1.17984,1268,1
2026-04-15T03:00:00Z,1.17984,1.17987,1.17893,1.17941,2261,1
2026-04-15T04:00:00Z,1.17940,1.17966,1.17897,1.17907,2373,1
2026-04-15T05:00:00Z,1.17905,1.17909,1.17787,1.17834,1528,1
2026-04-15T06:00:00Z,1.17833,1.17892,1.17802,1.17871,1399,1
2026-04-15T07:00:00Z,1.17869,1.17895,1.17862,1.17885,876,1
2026-04-15T08:00:00Z,1.17883,1.17983,1.17883,1.17920,2153,1
2026-04-15T09:00:00Z,1.17919,1.17993,1.17838,1.17842,2833,1
2026-04-15T10:00:00Z,1.17840,1.17904,1.17827,1.17856,3417,1
2026-04-15T11:00:00Z,1.17855,1.17953,1.17852,1.17894,2635,1
2026-04-15T12:00:00Z,1.17895,1.17914,1.17752,1.17815,4100,1
2026-04-15T13:00:00Z,1.17816,1.17866,1.17719,1.17769,4429,1
2026-04-15T14:00:00Z,1.17770,1.17843,1.17731,1.17830,3433,1
2026-04-15T15:00:00Z,1.17830,1.17927,1.17771,1.17881,3651,1
2026-04-15T16:00:00Z,1.17880,1.17974,1.17840,1.17879,4162,1
2026-04-15T17:00:00Z,1.17880,1.18001,1.17843,1.17965,4627,1
2026-04-15T18:00:00Z,1.17966,1.18080,1.17946,1.17980,4125,1
2026-04-15T19:00:00Z,1.17980,1.18027,1.17974,1.18008,3195,1
2026-04-15T20:00:00Z,1.18007,1.18019,1.17926,1.17947,2183,1
2026-04-15T21:00:00Z,1.17948,1.18019,1.17936,1.18003,3110,1
2026-04-15T22:00:00Z,1.18001,1.18047,1.17985,1.17997,1788,1
2026-04-15T23:00:00Z,1.17998,1.18003,1.17952,1.17999,1308,2
2026-04-16T00:00:00Z,1.17950,1.18019,1.17944,1.17968,397,22
2026-04-16T01:00:00Z,1.17965,1.18032,1.17965,1.18024,919,2
2026-04-16T02:00:00Z,1.18023,1.18077,1.18023,1.18066,660,1
2026-04-16T03:00:00Z,1.18069,1.18085,1.18026,1.18075,1360,1
2026-04-16T04:00:00Z,1.18074,1.18093,1.17968,1.18024,1986,1
2026-04-16T05:00:00Z,1.18025,1.18175,1.18019,1.18170,1824,1
2026-04-16T06:00:00Z,1.18170,1.18237,1.18121,1.18130,1765,1
2026-04-16T07:00:00Z,1.18129,1.18131,1.18082,1.18094,952,1
2026-04-16T08:00:00Z,1.18093,1.18099,1.18029,1.18042,1486,1
2026-04-16T09:00:00Z,1.18043,1.18070,1.17933,1.18032,2699,1
2026-04-16T10:00:00Z,1.18033,1.18047,1.17909,1.17914,3818,1
2026-04-16T11:00:00Z,1.17917,1.17938,1.17764,1.17861,3711,1
2026-04-16T12:00:00Z,1.17857,1.17876,1.17769,1.17795,3009,1
2026-04-16T13:00:00Z,1.17795,1.17803,1.17724,1.17798,2097,1
2026-04-16T14:00:00Z,1.17798,1.17887,1.17798,1.17840,2678,1
2026-04-16T15:00:00Z,1.17840,1.17846,1.17760,1.17814,3740,1
2026-04-16T16:00:00Z,1.17817,1.17835,1.17671,1.17724,4955,1
2026-04-16T17:00:00Z,1.17724,1.17821,1.17689,1.17715,6180,1
2026-04-16T18:00:00Z,1.17716,1.17821,1.17700,1.17820,5116,1
2026-04-16T19:00:00Z,1.17821,1.17872,1.17686,1.17748,4316,1
2026-04-16T20:00:00Z,1.17749,1.17754,1.17681,1.17734,2725,1
2026-04-16T21:00:00Z,1.17735,1.17810,1.17731,1.17796,2949,1
2026-04-16T22:00:00Z,1.17797,1.17857,1.17797,1.17810,2351,1
2026-04-16T23:00:00Z,1.17813,1.17831,1.17785,1.17821,1108,2
2026-04-17T00:00:00Z,1.17773,1.17806,1.17771,1.17780,91,27
2026-04-17T01:00:00Z,1.17784,1.17877,1.17784,1.17851,895,2
2026-04-17T02:00:00Z,1.17851,1.17863,1.17807,1.17809,741,1
2026-04-17T03:00:00Z,1.17805,1.17831,1.17769,1.17789,1856,1
2026-04-17T04:00:00Z,1.17789,1.17797,1.17745,1.17759,1701,1
2026-04-17T05:00:00Z,1.17761,1.17778,1.17730,1.17770,1059,1
2026-04-17T06:00:00Z,1.17770,1.17853,1.17754,1.17833,1001,1
2026-04-17T07:00:00Z,1.17832,1.17842,1.17814,1.17825,937,1
2026-04-17T08:00:00Z,1.17824,1.17844,1.17798,1.17805,1624,1
2026-04-17T09:00:00Z,1.17806,1.17831,1.17721,1.17748,2572,1
2026-04-17T10:00:00Z,1.17750,1.17831,1.17748,1.17822,3483,1
2026-04-17T11:00:00Z,1.17824,1.17956,1.17808,1.17938,2864,1
2026-04-17T12:00:00Z,1.17940,1.17992,1.17909,1.17933,2511,1
2026-04-17T13:00:00Z,1.17933,1.17958,1.17913,1.17944,2360,1
2026-04-17T14:00:00Z,1.17943,1.17994,1.17920,1.17935,2635,1
2026-04-17T15:00:00Z,1.17936,1.18374,1.17933,1.18351,7835,1
2026-04-17T16:00:00Z,1.18356,1.18491,1.18241,1.18336,11292,1
2026-04-17T17:00:00Z,1.18336,1.18360,1.18131,1.18136,8260,1
2026-04-17T18:00:00Z,1.18136,1.18164,1.17997,1.18006,7238,1
2026-04-17T19:00:00Z,1.18004,1.18046,1.17918,1.17988,3790,1
2026-04-17T20:00:00Z,1.17986,1.17986,1.17848,1.17954,4695,1
2026-04-17T21:00:00Z,1.17955,1.17976,1.17742,1.17798,3898,1
2026-04-17T22:00:00Z,1.17799,1.17837,1.17669,1.17689,2545,1
2026-04-17T23:00:00Z,1.17690,1.17717,1.17600,1.17629,2130,2
2026-04-20T00:00:00Z,1.17379,1.17414,1.17286,1.17290,499,27
2026-04-20T01:00:00Z,1.17295,1.17400,1.17292,1.17398,3558,2
2026-04-20T02:00:00Z,1.17397,1.17455,1.17364,1.17387,2086,1
2026-04-20T03:00:00Z,1.17390,1.17570,1.17370,1.17545,3372,1
2026-04-20T04:00:00Z,1.17544,1.17598,1.17506,1.17567,2600,1
2026-04-20T05:00:00Z,1.17568,1.17617,1.17545,1.17569,1565,1
2026-04-20T06:00:00Z,1.17566,1.17624,1.17545,1.17602,1350,1
2026-04-20T07:00:00Z,1.17601,1.17621,1.17562,1.17591,1576,1
2026-04-20T08:00:00Z,1.17590,1.17609,1.17470,1.17532,2628,1
2026-04-20T09:00:00Z,1.17528,1.17658,1.17474,1.17649,4898,1
2026-04-20T10:00:00Z,1.17650,1.17719,1.17536,1.17592,5388,1
2026-04-20T11:00:00Z,1.17596,1.17647,1.17567,1.17611,3780,1
2026-04-20T12:00:00Z,1.17610,1.17656,1.17552,1.17653,2933,1
2026-04-20T13:00:00Z,1.17657,1.17712,1.17624,1.17708,2538,1
2026-04-20T14:00:00Z,1.17707,1.17755,1.17653,1.17670,3322,1
2026-04-20T15:00:00Z,1.17669,1.17682,1.17558,1.17650,3603,1
2026-04-20T16:00:00Z,1.17654,1.17816,1.17610,1.17750,6091,1
2026-04-20T17:00:00Z,1.17750,1.17781,1.17625,1.17721,6711,1
2026-04-20T18:00:00Z,1.17720,1.17896,1.17683,1.17839,6576,1
2026-04-20T19:00:00Z,1.17841,1.17881,1.17818,1.17856,3237,1
2026-04-20T20:00:00Z,1.17858,1.17899,1.17813,1.17836,2935,1
2026-04-20T21:00:00Z,1.17837,1.17896,1.17787,1.17804,2664,1
2026-04-20T22:00:00Z,1.17801,1.17887,1.17798,1.17859,1899,1
2026-04-20T23:00:00Z,1.17860,1.17886,1.17835,1.17866,1270,2
2026-04-21T00:00:00Z,1.17816,1.17851,1.17814,1.17849,102,40
2026-04-21T01:00:00Z,1.17850,1.17904,1.17836,1.17904,1006,2
2026-04-21T02:00:00Z,1.17903,1.17909,1.17831,1.17841,625,1
2026-04-21T03:00:00Z,1.17846,1.17855,1.17806,1.17828,2670,1
2026-04-21T04:00:00Z,1.17828,1.17861,1.17795,1.17804,2350,1
2026-04-21T05:00:00Z,1.17805,1.17822,1.17770,1.17792,1565,1
2026-04-21T06:00:00Z,1.17795,1.17796,1.17732,1.17756,1998,1
2026-04-21T07:00:00Z,1.17760,1.17766,1.17741,1.17755,1041,1
2026-04-21T08:00:00Z,1.17755,1.17822,1.17751,1.17783,2042,1
2026-04-21T09:00:00Z,1.17783,1.17801,1.17719,1.17746,3203,1
2026-04-21T10:00:00Z,1.17744,1.17769,1.17633,1.17641,3880,1
2026-04-21T11:00:00Z,1.17641,1.17670,1.17569,1.17653,4126,1
2026-04-21T12:00:00Z,1.17648,1.17649,1.17565,1.17594,3181,1
2026-04-21T13:00:00Z,1.17594,1.17615,1.17566,1.17610,2445,1
2026-04-21T14:00:00Z,1.17611,1.17684,1.17561,1.17671,3359,1
2026-04-21T15:00:00Z,1.17672,1.17681,1.17542,1.17592,4711,1
2026-04-21T16:00:00Z,1.17596,1.17716,1.17578,1.17657,4779,1
2026-04-21T17:00:00Z,1.17664,1.17759,1.17519,1.17524,6491,1
2026-04-21T18:00:00Z,1.17524,1.17597,1.17411,1.17515,6604,1
2026-04-21T19:00:00Z,1.17517,1.17557,1.17404,1.17414,4141,1
2026-04-21T20:00:00Z,1.17414,1.17636,1.17203,1.17429,7130,1
2026-04-21T21:00:00Z,1.17427,1.17472,1.17292,1.17407,5058,1
2026-04-21T22:00:00Z,1.17410,1.17523,1.17188,1.17254,7931,1
2026-04-21T23:00:00Z,1.17253,1.17533,1.17232,1.17417,5197,2
2026-04-22T00:00:00Z,1.17449,1.17462,1.17321,1.17396,458,15
2026-04-22T01:00:00Z,1.17398,1.17439,1.17385,1.17388,1372,2
2026-04-22T02:00:00Z,1.17387,1.17441,1.17374,1.17440,729,1
2026-04-22T03:00:00Z,1.17438,1.17514,1.17430,1.17437,2367,1
2026-04-22T04:00:00Z,1.17436,1.17470,1.17385,1.17445,2101,1
2026-04-22T05:00:00Z,1.17446,1.17484,1.17398,1.17406,1500,1
2026-04-22T06:00:00Z,1.17406,1.17425,1.17375,1.17383,1335,1
2026-04-22T07:00:00Z,1.17383,1.17424,1.17382,1.17394,1194,1
2026-04-22T08:00:00Z,1.17395,1.17625,1.17390,1.17506,3298,1
2026-04-22T09:00:00Z,1.17506,1.17551,1.17447,1.17493,2859,1
2026-04-22T10:00:00Z,1.17490,1.17563,1.17460,1.17553,3230,1
2026-04-22T11:00:00Z,1.17555,1.17591,1.17474,1.17537,3497,1
2026-04-22T12:00:00Z,1.17536,1.17573,1.17463,1.17476,3175,1
2026-04-22T13:00:00Z,1.17475,1.17533,1.17437,1.17516,3019,1
2026-04-22T14:00:00Z,1.17516,1.17516,1.17320,1.17347,4022,1
2026-04-22T15:00:00Z,1.17348,1.17377,1.17247,1.17277,4259,1
2026-04-22T16:00:00Z,1.17277,1.17433,1.17239,1.17408,6283,1
2026-04-22T17:00:00Z,1.17408,1.17430,1.17183,1.17186,5973,1
2026-04-22T18:00:00Z,1.17186,1.17239,1.17123,1.17133,5254,1
2026-04-22T19:00:00Z,1.17133,1.17157,1.17100,1.17127,2860,1
2026-04-22T20:00:00Z,1.17127,1.17168,1.17100,1.17104,3187,1
2026-04-22T21:00:00Z,1.17104,1.17130,1.17075,1.17089,2110,1
2026-04-22T22:00:00Z,1.17088,1.17112,1.17049,1.17056,2066,1
2026-04-22T23:00:00Z,1.17057,1.17075,1.17029,1.17052,1583,1
2026-04-23T00:00:00Z,1.17038,1.17078,1.17037,1.17075,211,22
2026-04-23T01:00:00Z,1.17074,1.17091,1.17049,1.17062,1018,2
2026-04-23T02:00:00Z,1.17063,1.17072,1.17045,1.17057,769,1
2026-04-23T03:00:00Z,1.17056,1.17136,1.16922,1.17116,5580,1
2026-04-23T04:00:00Z,1.17117,1.17130,1.17077,1.17090,3288,1
2026-04-23T05:00:00Z,1.17090,1.17105,1.16958,1.16974,3167,1
2026-04-23T06:00:00Z,1.16975,1.17016,1.16949,1.16956,2342,1
2026-04-23T07:00:00Z,1.16956,1.17007,1.16952,1.17002,1831,1
2026-04-23T08:00:00Z,1.17001,1.17070,1.16996,1.17070,1696,1
2026-04-23T09:00:00Z,1.17069,1.17091,1.17018,1.17036,2937,1
2026-04-23T10:00:00Z,1.17036,1.17121,1.16952,1.17023,4515,1
2026-04-23T11:00:00Z,1.17024,1.17053,1.16964,1.17016,3759,1
2026-04-23T12:00:00Z,1.17015,1.17023,1.16904,1.16936,4038,1
2026-04-23T13:00:00Z,1.16934,1.16961,1.16799,1.16823,3808,1
2026-04-23T14:00:00Z,1.16828,1.16977,1.16791,1.16906,4142,1
2026-04-23T15:00:00Z,1.16907,1.16982,1.16861,1.16921,6221,1
2026-04-23T16:00:00Z,1.16922,1.16967,1.16834,1.16911,5751,1
2026-04-23T17:00:00Z,1.16911,1.17165,1.16874,1.17108,6107,1
2026-04-23T18:00:00Z,1.17107,1.17156,1.17007,1.17035,5318,1
2026-04-23T19:00:00Z,1.17034,1.17056,1.16984,1.17022,3938,1
2026-04-23T20:00:00Z,1.17024,1.17028,1.16691,1.16929,10257,1
2026-04-23T21:00:00Z,1.16933,1.16999,1.16880,1.16893,6790,1
2026-04-23T22:00:00Z,1.16893,1.16903,1.16804,1.16866,4291,1
2026-04-23T23:00:00Z,1.16865,1.16868,1.16805,1.16821,1647,2
2026-04-24T00:00:00Z,1.16857,1.16870,1.16763,1.16839,892,22
2026-04-24T01:00:00Z,1.16833,1.16867,1.16830,1.16860,600,2
2026-04-24T02:00:00Z,1.16861,1.16861,1.16819,1.16836,627,1
2026-04-24T03:00:00Z,1.16835,1.16886,1.16817,1.16853,2043,1
2026-04-24T04:00:00Z,1.16854,1.16887,1.16821,1.16886,2310,1
2026-04-24T05:00:00Z,1.16886,1.16891,1.16781,1.16790,1706,1
2026-04-24T06:00:00Z,1.16790,1.16801,1.16729,1.16779,1927,1
2026-04-24T07:00:00Z,1.16780,1.16814,1.16763,1.16790,1603,1
2026-04-24T08:00:00Z,1.16792,1.16832,1.16765,1.16821,1809,1
2026-04-24T09:00:00Z,1.16822,1.16836,1.16774,1.16785,3087,1
2026-04-24T10:00:00Z,1.16784,1.16939,1.16761,1.16908,2657,1
2026-04-24T11:00:00Z,1.16904,1.16958,1.16839,1.16897,3873,1
2026-04-24T12:00:00Z,1.16899,1.16910,1.16839,1.16865,3214,1
2026-04-24T13:00:00Z,1.16864,1.17036,1.16855,1.17033,2557,1
2026-04-24T14:00:00Z,1.17036,1.17186,1.17027,1.17144,6820,1
2026-04-24T15:00:00Z,1.17146,1.17175,1.17026,1.17087,4606,1
2026-04-24T16:00:00Z,1.17089,1.17124,1.16986,1.17066,5332,1
2026-04-24T17:00:00Z,1.17062,1.17167,1.17001,1.17063,6275,1
2026-04-24T18:00:00Z,1.17063,1.17198,1.17007,1.17176,6029,1
2026-04-24T19:00:00Z,1.17176,1.17198,1.17130,1.17191,4800,1
2026-04-24T20:00:00Z,1.17190,1.17212,1.17121,1.17135,3603,1
2026-04-24T21:00:00Z,1.17134,1.17197,1.17109,1.17176,2371,1
2026-04-24T22:00:00Z,1.17177,1.17209,1.17153,1.17186,2494,1
2026-04-24T23:00:00Z,1.17184,1.17221,1.17171,1.17219,1500,2
2026-04-27T00:00:00Z,1.16956,1.17069,1.16955,1.17048,241,31
2026-04-27T01:00:00Z,1.17053,1.17126,1.17045,1.17078,1102,2
2026-04-27T02:00:00Z,1.17079,1.17097,1.17054,1.17055,829,1
2026-04-27T03:00:00Z,1.17056,1.17169,1.17056,1.17158,2007,1
2026-04-27T04:00:00Z,1.17161,1.17269,1.17161,1.17245,3162,1
2026-04-27T05:00:00Z,1.17246,1.17284,1.17196,1.17266,1572,1
2026-04-27T06:00:00Z,1.17265,1.17325,1.17264,1.17294,1513,1
2026-04-27T07:00:00Z,1.17295,1.17316,1.17248,1.17266,1229,1
2026-04-27T08:00:00Z,1.17267,1.17280,1.17219,1.17222,1617,1
2026-04-27T09:00:00Z,1.17223,1.17297,1.17167,1.17297,3072,1
2026-04-27T10:00:00Z,1.17296,1.17453,1.17292,1.17439,3453,1
2026-04-27T11:00:00Z,1.17437,1.17508,1.17392,1.17485,3750,1
2026-04-27T12:00:00Z,1.17486,1.17508,1.17409,1.17422,2654,1
2026-04-27T13:00:00Z,1.17422,1.17477,1.17389,1.17461,2112,1
2026-04-27T14:00:00Z,1.17462,1.17470,1.17378,1.17413,2759,1
2026-04-27T15:00:00Z,1.17415,1.17549,1.17408,1.17444,4114,1
2026-04-27T16:00:00Z,1.17444,1.17540,1.17358,1.17400,5204,1
2026-04-27T17:00:00Z,1.17399,1.17481,1.17333,1.17360,4474,1
2026-04-27T18:00:00Z,1.17361,1.17368,1.17292,1.17307,3844,1
2026-04-27T19:00:00Z,1.17306,1.17340,1.17251,1.17260,2472,1
2026-04-27T20:00:00Z,1.17261,1.17299,1.17201,1.17231,3112,1
2026-04-27T21:00:00Z,1.17229,1.17246,1.17188,1.17200,2300,1
2026-04-27T22:00:00Z,1.17200,1.17258,1.17192,1.17204,2226,1
2026-04-27T23:00:00Z,1.17208,1.17231,1.17204,1.17212,936,2
2026-04-28T00:00:00Z,1.17206,1.17207,1.17183,1.17186,163,22
2026-04-28T01:00:00Z,1.17182,1.17231,1.17180,1.17222,1080,2
2026-04-28T02:00:00Z,1.17223,1.17232,1.17213,1.17231,607,1
2026-04-28T03:00:00Z,1.17235,1.17269,1.17171,1.17189,2075,1
2026-04-28T04:00:00Z,1.17188,1.17188,1.17124,1.17128,2071,1
2026-04-28T05:00:00Z,1.17127,1.17136,1.17076,1.17083,1764,1
2026-04-28T06:00:00Z,1.17084,1.17179,1.17079,1.17134,1828,1
2026-04-28T07:00:00Z,1.17133,1.17164,1.17117,1.17124,1234,1
2026-04-28T08:00:00Z,1.17125,1.17133,1.17051,1.17058,1629,1
2026-04-28T09:00:00Z,1.17054,1.17081,1.16870,1.16875,3882,1
2026-04-28T10:00:00Z,1.16875,1.17008,1.16860,1.16967,4198,1
2026-04-28T11:00:00Z,1.16966,1.17077,1.16949,1.17021,4422,1
2026-04-28T12:00:00Z,1.17020,1.17021,1.16862,1.16922,3871,1
2026-04-28T13:00:00Z,1.16924,1.16958,1.16904,1.16932,3422,1
2026-04-28T14:00:00Z,1.16932,1.16993,1.16821,1.16829,4791,1
2026-04-28T15:00:00Z,1.16833,1.16999,1.16774,1.16968,6355,1
2026-04-28T16:00:00Z,1.16967,1.17037,1.16885,1.16973,6083,1
2026-04-28T17:00:00Z,1.16973,1.17033,1.16904,1.17009,7628,1
2026-04-28T18:00:00Z,1.17009,1.17156,1.17009,1.17136,5501,1
2026-04-28T19:00:00Z,1.17135,1.17168,1.17054,1.17105,3666,1
2026-04-28T20:00:00Z,1.17104,1.17178,1.17065,1.17136,3366,1
2026-04-28T21:00:00Z,1.17139,1.17161,1.17113,1.17117,2849,1
2026-04-28T22:00:00Z,1.17116,1.17153,1.17069,1.17098,2353,1
2026-04-28T23:00:00Z,1.17094,1.17147,1.17091,1.17134,1216,2
2026-04-29T00:00:00Z,1.17102,1.17146,1.17102,1.17112,175,22
2026-04-29T01:00:00Z,1.17117,1.17188,1.17117,1.17156,749,2
2026-04-29T02:00:00Z,1.17157,1.17176,1.17152,1.17176,418,1
2026-04-29T03:00:00Z,1.17177,1.17205,1.17144,1.17156,1602,1
2026-04-29T04:00:00Z,1.17154,1.17160,1.17069,1.17121,2873,1
2026-04-29T05:00:00Z,1.17124,1.17168,1.17072,1.17076,2122,1
2026-04-29T06:00:00Z,1.17077,1.17107,1.17051,1.17057,1119,1
2026-04-29T07:00:00Z,1.17059,1.17076,1.17043,1.17054,963,1
2026-04-29T08:00:00Z,1.17053,1.17056,1.16979,1.17007,1522,1
2026-04-29T09:00:00Z,1.17004,1.17042,1.16964,1.16998,3527,1
2026-04-29T10:00:00Z,1.16999,1.17081,1.16982,1.17056,3353,1
2026-04-29T11:00:00Z,1.17043,1.17057,1.16936,1.17001,3934,1
2026-04-29T12:00:00Z,1.17001,1.17046,1.16959,1.16976,2954,1
2026-04-29T13:00:00Z,1.16976,1.17092,1.16964,1.17091,2682,1
2026-04-29T14:00:00Z,1.17095,1.17095,1.16999,1.17007,2935,1
2026-04-29T15:00:00Z,1.17008,1.17082,1.16935,1.16989,4894,1
2026-04-29T16:00:00Z,1.16990,1.17032,1.16823,1.16889,6174,1
2026-04-29T17:00:00Z,1.16884,1.17030,1.16839,1.17009,5680,1
2026-04-29T18:00:00Z,1.17010,1.17041,1.16875,1.16946,6333,1
2026-04-29T19:00:00Z,1.16947,1.16986,1.16837,1.16847,4953,1
2026-04-29T20:00:00Z,1.16847,1.16890,1.16799,1.16857,4478,1
2026-04-29T21:00:00Z,1.16835,1.16908,1.16613,1.16720,7773,1
2026-04-29T22:00:00Z,1.16721,1.16804,1.16669,1.16762,4468,1
2026-04-29T23:00:00Z,1.16761,1.16773,1.16708,1.16728,2392,2
2026-04-30T00:00:00Z,1.16723,1.16771,1.16695,1.16701,1207,22
2026-04-30T01:00:00Z,1.16710,1.16786,1.16709,1.16777,1507,2
2026-04-30T02:00:00Z,1.16778,1.16863,1.16760,1.16845,874,1
2026-04-30T03:00:00Z,1.16848,1.16892,1.16791,1.16791,2889,1
2026-04-30T04:00:00Z,1.16790,1.16818,1.16732,1.16743,2537,1
2026-04-30T05:00:00Z,1.16742,1.16766,1.16626,1.16669,3282,1
2026-04-30T06:00:00Z,1.16670,1.16710,1.16647,1.16659,2300,1
2026-04-30T07:00:00Z,1.16658,1.16660,1.16550,1.16601,2655,1
2026-04-30T08:00:00Z,1.16601,1.16646,1.16586,1.16591,2750,1
2026-04-30T09:00:00Z,1.16587,1.16705,1.16578,1.16704,4488,1
2026-04-30T10:00:00Z,1.16704,1.16838,1.16700,1.16796,4455,1
2026-04-30T11:00:00Z,1.16796,1.16976,1.16745,1.16801,6768,1
2026-04-30T12:00:00Z,1.16785,1.16972,1.16732,1.16944,6944,1
2026-04-30T13:00:00Z,1.16944,1.17151,1.16888,1.17149,9149,1
2026-04-30T14:00:00Z,1.17148,1.17196,1.17031,1.17049,9645,1
2026-04-30T15:00:00Z,1.17049,1.17056,1.16893,1.16927,8798,1
2026-04-30T16:00:00Z,1.16926,1.17009,1.16818,1.16907,9600,1
2026-04-30T17:00:00Z,1.16899,1.17333,1.16875,1.17278,10160,1
2026-04-30T18:00:00Z,1.17277,1.17358,1.17229,1.17284,7891,1
2026-04-30T19:00:00Z,1.17286,1.17356,1.17229,1.17255,4526,1
2026-04-30T20:00:00Z,1.17257,1.17325,1.17220,1.17249,4167,1
2026-04-30T21:00:00Z,1.17250,1.17401,1.17250,1.17364,4122,1
2026-04-30T22:00:00Z,1.17363,1.17416,1.17322,1.17334,3963,1
2026-04-30T23:00:00Z,1.17333,1.17363,1.17294,1.17324,2234,2
2026-05-01T00:00:00Z,1.17271,1.17334,1.17259,1.17298,369,22
2026-05-01T01:00:00Z,1.17301,1.17348,1.17291,1.17312,785,2
2026-05-01T02:00:00Z,1.17312,1.17332,1.17281,1.17286,1316,1
2026-05-01T03:00:00Z,1.17289,1.17298,1.17241,1.17275,2822,1
2026-05-01T04:00:00Z,1.17276,1.17329,1.17251,1.17311,1721,1
2026-05-01T05:00:00Z,1.17311,1.17341,1.17293,1.17337,1435,1
2026-05-01T06:00:00Z,1.17337,1.17364,1.17306,1.17311,1439,1
2026-05-01T07:00:00Z,1.17312,1.17322,1.17260,1.17267,1358,1
2026-05-01T08:00:00Z,1.17269,1.17272,1.17217,1.17222,1742,1
2026-05-01T09:00:00Z,1.17224,1.17450,1.17188,1.17355,4526,1
2026-05-01T10:00:00Z,1.17355,1.17421,1.17314,1.17344,5306,1
2026-05-01T11:00:00Z,1.17347,1.17481,1.17318,1.17435,3886,1
2026-05-01T12:00:00Z,1.17437,1.17439,1.17307,1.17313,3135,1
2026-05-01T13:00:00Z,1.17314,1.17458,1.17308,1.17447,2890,1
2026-05-01T14:00:00Z,1.17451,1.17583,1.17440,1.17513,3473,1
2026-05-01T15:00:00Z,1.17516,1.17689,1.17482,1.17575,5025,1
2026-05-01T16:00:00Z,1.17571,1.17636,1.17439,1.17620,5966,1
2026-05-01T17:00:00Z,1.17621,1.17852,1.17594,1.17673,7241,1
2026-05-01T18:00:00Z,1.17674,1.17708,1.17534,1.17551,5482,1
2026-05-01T19:00:00Z,1.17543,1.17572,1.17377,1.17381,4357,1
2026-05-01T20:00:00Z,1.17377,1.17403,1.17292,1.17330,3881,1
2026-05-01T21:00:00Z,1.17331,1.17340,1.17195,1.17273,3921,1
2026-05-01T22:00:00Z,1.17274,1.17284,1.17178,1.17196,2563,1
2026-05-01T23:00:00Z,1.17195,1.17224,1.17152,1.17198,1851,1
2026-05-04T00:00:00Z,1.17449,1.17485,1.17350,1.17369,277,27
2026-05-04T01:00:00Z,1.17371,1.17420,1.17268,1.17332,1937,2
2026-05-04T02:00:00Z,1.17333,1.17334,1.17249,1.17259,1251,1
2026-05-04T03:00:00Z,1.17255,1.17287,1.17215,1.17270,3042,1
2026-05-04T04:00:00Z,1.17269,1.17290,1.17199,1.17252,3144,1
2026-05-04T05:00:00Z,1.17251,1.17287,1.17225,1.17275,2739,1
2026-05-04T06:00:00Z,1.17270,1.17389,1.17246,1.17375,3377,1
2026-05-04T07:00:00Z,1.17376,1.17383,1.17276,1.17291,1883,1
2026-05-04T08:00:00Z,1.17287,1.17321,1.17258,1.17307,2404,1
2026-05-04T09:00:00Z,1.17307,1.17372,1.17214,1.17286,3571,1
2026-05-04T10:00:00Z,1.17288,1.17291,1.17152,1.17178,3531,1
2026-05-04T11:00:00Z,1.17174,1.17231,1.17114,1.17191,3530,1
2026-05-04T12:00:00Z,1.17195,1.17237,1.17159,1.17173,3196,1
2026-05-04T13:00:00Z,1.17172,1.17174,1.16888,1.17050,8499,1
2026-05-04T14:00:00Z,1.17056,1.17085,1.16928,1.16931,4899,1
2026-05-04T15:00:00Z,1.16932,1.17125,1.16920,1.17090,4912,1
2026-05-04T16:00:00Z,1.17091,1.17179,1.17021,1.17150,5440,1
2026-05-04T17:00:00Z,1.17150,1.17163,1.17042,1.17072,5155,1
2026-05-04T18:00:00Z,1.17072,1.17157,1.16941,1.16974,8493,1
2026-05-04T19:00:00Z,1.16972,1.17009,1.16809,1.16822,7525,1
2026-05-04T20:00:00Z,1.16823,1.16972,1.16818,1.16935,4726,1
2026-05-04T21:00:00Z,1.16935,1.16978,1.16886,1.16972,4017,1
2026-05-04T22:00:00Z,1.16971,1.17023,1.16936,1.16949,3996,1
2026-05-04T23:00:00Z,1.16950,1.16950,1.16869,1.16908,1520,1
2026-05-05T00:00:00Z,1.16872,1.16913,1.16870,1.16893,120,22
2026-05-05T01:00:00Z,1.16903,1.16921,1.16889,1.16901,596,2
2026-05-05T02:00:00Z,1.16902,1.16930,1.16898,1.16917,410,1
2026-05-05T03:00:00Z,1.16916,1.16938,1.16850,1.16863,1552,1
2026-05-05T04:00:00Z,1.16863,1.16884,1.16795,1.16868,2128,1
2026-05-05T05:00:00Z,1.16869,1.16915,1.16863,1.16875,1530,1
2026-05-05T06:00:00Z,1.16873,1.16881,1.16833,1.16838,877,1
2026-05-05T07:00:00Z,1.16837,1.16872,1.16768,1.16775,1428,1
2026-05-05T08:00:00Z,1.16776,1.16845,1.16764,1.16832,2067,1
2026-05-05T09:00:00Z,1.16824,1.16896,1.16794,1.16858,3595,1
2026-05-05T10:00:00Z,1.16860,1.16965,1.16857,1.16888,4840,1
2026-05-05T11:00:00Z,1.16887,1.16967,1.16849,1.16886,4123,1
2026-05-05T12:00:00Z,1.16886,1.16929,1.16811,1.16903,4148,1
2026-05-05T13:00:00Z,1.16902,1.16976,1.16870,1.16895,3199,1
2026-05-05T14:00:00Z,1.16896,1.16947,1.16832,1.16892,4078,1
2026-05-05T15:00:00Z,1.16891,1.16979,1.16852,1.16925,5495,1
2026-05-05T16:00:00Z,1.16924,1.17047,1.16921,1.16975,4834,1
2026-05-05T17:00:00Z,1.16973,1.17059,1.16915,1.17057,7600,1
2026-05-05T18:00:00Z,1.17057,1.17137,1.17010,1.17066,4163,1
2026-05-05T19:00:00Z,1.17065,1.17088,1.16981,1.16993,2902,1
2026-05-05T20:00:00Z,1.16994,1.17042,1.16960,1.16988,3393,1
2026-05-05T21:00:00Z,1.16989,1.17009,1.16970,1.16997,2102,1
2026-05-05T22:00:00Z,1.17002,1.17012,1.16942,1.16954,2215,1
2026-05-05T23:00:00Z,1.16953,1.16968,1.16919,1.16938,1192,2
2026-05-06T00:00:00Z,1.16919,1.16933,1.16919,1.16920,82,22
2026-05-06T01:00:00Z,1.16916,1.17091,1.16916,1.17055,1394,2
2026-05-06T02:00:00Z,1.17056,1.17255,1.17052,1.17148,2149,1
2026-05-06T03:00:00Z,1.17152,1.17215,1.17112,1.17202,3370,1
2026-05-06T04:00:00Z,1.17199,1.17260,1.17176,1.17213,2787,1
2026-05-06T05:00:00Z,1.17212,1.17248,1.17156,1.17174,1745,1
2026-05-06T06:00:00Z,1.17171,1.17229,1.17164,1.17178,1573,1
2026-05-06T07:00:00Z,1.17178,1.17429,1.17163,1.17370,5022,1
2026-05-06T08:00:00Z,1.17370,1.17382,1.17301,1.17330,3479,1
2026-05-06T09:00:00Z,1.17331,1.17356,1.17283,1.17334,4069,1
2026-05-06T10:00:00Z,1.17336,1.17382,1.17244,1.17375,4683,1
2026-05-06T11:00:00Z,1.17373,1.17706,1.17329,1.17628,6004,1
2026-05-06T12:00:00Z,1.17624,1.17771,1.17561,1.17754,5288,1
2026-05-06T13:00:00Z,1.17752,1.17967,1.17666,1.17890,6000,1
2026-05-06T14:00:00Z,1.17882,1.17917,1.17682,1.17700,6171,1
2026-05-06T15:00:00Z,1.17701,1.17702,1.17516,1.17536,8052,1
2026-05-06T16:00:00Z,1.17532,1.17592,1.17464,1.17517,8122,1
2026-05-06T17:00:00Z,1.17516,1.17629,1.17451,1.17552,6859,1
2026-05-06T18:00:00Z,1.17549,1.17583,1.17488,1.17528,4252,1
2026-05-06T19:00:00Z,1.17526,1.17536,1.17418,1.17443,3538,1
2026-05-06T20:00:00Z,1.17443,1.17557,1.17426,1.17482,3407,1
2026-05-06T21:00:00Z,1.17483,1.17517,1.17447,1.17495,3062,1
2026-05-06T22:00:00Z,1.17494,1.17556,1.17475,1.17475,3194,1
2026-05-06T23:00:00Z,1.17476,1.17504,1.17445,1.17465,1357,2
2026-05-07T00:00:00Z,1.17436,1.17497,1.17434,1.17486,222,22
2026-05-07T01:00:00Z,1.17485,1.17514,1.17485,1.17505,656,2
2026-05-07T02:00:00Z,1.17506,1.17519,1.17463,1.17477,588,1
2026-05-07T03:00:00Z,1.17473,1.17540,1.17467,1.17486,3531,1
2026-05-07T04:00:00Z,1.17485,1.17633,1.17463,1.17590,3135,1
2026-05-07T05:00:00Z,1.17589,1.17609,1.17547,1.17565,2120,1
2026-05-07T06:00:00Z,1.17564,1.17566,1.17485,1.17487,2151,1
2026-05-07T07:00:00Z,1.17483,1.17535,1.17476,1.17507,1655,1
2026-05-07T08:00:00Z,1.17506,1.17537,1.17499,1.17519,1747,1
2026-05-07T09:00:00Z,1.17517,1.17568,1.17450,1.17481,4573,1
2026-05-07T10:00:00Z,1.17480,1.17686,1.17479,1.17670,6690,1
2026-05-07T11:00:00Z,1.17669,1.17742,1.17628,1.17717,4224,1
2026-05-07T12:00:00Z,1.17716,1.17782,1.17657,1.17703,4361,1
2026-05-07T13:00:00Z,1.17702,1.17760,1.17649,1.17670,3994,1
2026-05-07T14:00:00Z,1.17674,1.17703,1.17623,1.17699,3491,1
2026-05-07T15:00:00Z,1.17703,1.17779,1.17672,1.17730,4032,1
2026-05-07T16:00:00Z,1.17729,1.17771,1.17666,1.17685,6172,1
2026-05-07T17:00:00Z,1.17686,1.17773,1.17639,1.17759,5962,1
2026-05-07T18:00:00Z,1.17760,1.17779,1.17631,1.17637,5589,1
2026-05-07T19:00:00Z,1.17635,1.17660,1.17563,1.17604,5353,1
2026-05-07T20:00:00Z,1.17605,1.17609,1.17357,1.17491,6281,1
2026-05-07T21:00:00Z,1.17489,1.17521,1.17398,1.17501,5793,1
2026-05-07T22:00:00Z,1.17502,1.17543,1.17334,1.17337,5992,1
2026-05-07T23:00:00Z,1.17336,1.17447,1.17285,1.17290,3497,2
2026-05-08T00:00:00Z,1.17247,1.17284,1.17229,1.17255,315,22
2026-05-08T01:00:00Z,1.17248,1.17316,1.17225,1.17251,1748,2
2026-05-08T02:00:00Z,1.17252,1.17315,1.17246,1.17306,908,1
2026-05-08T03:00:00Z,1.17310,1.17347,1.17264,1.17269,3251,1
2026-05-08T04:00:00Z,1.17271,1.17337,1.17271,1.17325,2716,1
2026-05-08T05:00:00Z,1.17326,1.17328,1.17244,1.17275,2807,1
2026-05-08T06:00:00Z,1.17274,1.17337,1.17269,1.17282,1851,1
2026-05-08T07:00:00Z,1.17283,1.17358,1.17269,1.17352,1749,1
2026-05-08T08:00:00Z,1.17353,1.17388,1.17328,1.17371,2358,1
2026-05-08T09:00:00Z,1.17375,1.17482,1.17371,1.17443,3415,1
2026-05-08T10:00:00Z,1.17443,1.17480,1.17417,1.17430,3795,1
2026-05-08T11:00:00Z,1.17432,1.17659,1.17421,1.17637,4495,1
2026-05-08T12:00:00Z,1.17638,1.17736,1.17632,1.17691,3387,1
2026-05-08T13:00:00Z,1.17691,1.17725,1.17613,1.17640,2940,1
2026-05-08T14:00:00Z,1.17638,1.17688,1.17618,1.17653,2783,1
2026-05-08T15:00:00Z,1.17654,1.17788,1.17565,1.17739,5711,1
2026-05-08T16:00:00Z,1.17740,1.17870,1.17664,1.17791,6170,1
2026-05-08T17:00:00Z,1.17790,1.17796,1.17672,1.17744,5991,1
2026-05-08T18:00:00Z,1.17746,1.17786,1.17669,1.17728,5273,1
2026-05-08T19:00:00Z,1.17726,1.17785,1.17707,1.17712,2854,1
2026-05-08T20:00:00Z,1.17710,1.17763,1.17706,1.17722,2643,1
2026-05-08T21:00:00Z,1.17721,1.17816,1.17707,1.17786,3192,1
2026-05-08T22:00:00Z,1.17785,1.17833,1.17766,1.17801,2445,1
2026-05-08T23:00:00Z,1.17803,1.17877,1.17787,1.17870,1497,2
2026-05-11T00:00:00Z,1.17464,1.17668,1.17453,1.17591,478,27
2026-05-11T01:00:00Z,1.17609,1.17645,1.17575,1.17639,1660,2
2026-05-11T02:00:00Z,1.17640,1.17700,1.17637,1.17673,1018,1
2026-05-11T03:00:00Z,1.17672,1.17721,1.17654,1.17699,2367,1
2026-05-11T04:00:00Z,1.17698,1.17710,1.17617,1.17629,2587,1
2026-05-11T05:00:00Z,1.17629,1.17664,1.17590,1.17592,1680,1
2026-05-11T06:00:00Z,1.17591,1.17593,1.17561,1.17564,1441,1
2026-05-11T07:00:00Z,1.17566,1.17572,1.17501,1.17505,975,1
2026-05-11T08:00:00Z,1.17504,1.17546,1.17486,1.17500,1416,1
2026-05-11T09:00:00Z,1.17502,1.17681,1.17501,1.17676,2973,1
2026-05-11T10:00:00Z,1.17685,1.17747,1.17648,1.17720,3150,1
2026-05-11T11:00:00Z,1.17721,1.17822,1.17712,1.17714,3119,1
2026-05-11T12:00:00Z,1.17715,1.17745,1.17673,1.17674,2559,1
2026-05-11T13:00:00Z,1.17673,1.17740,1.17646,1.17690,2708,1
2026-05-11T14:00:00Z,1.17694,1.17747,1.17634,1.17683,3194,1
2026-05-11T15:00:00Z,1.17683,1.17745,1.17644,1.17745,4199,1
2026-05-11T16:00:00Z,1.17744,1.17878,1.17743,1.17854,4777,1
2026-05-11T17:00:00Z,1.17854,1.17878,1.17789,1.17795,5526,1
2026-05-11T18:00:00Z,1.17795,1.17854,1.17768,1.17799,4658,1
2026-05-11T19:00:00Z,1.17799,1.17803,1.17723,1.17732,3189,1
2026-05-11T20:00:00Z,1.17734,1.17787,1.17708,1.17778,2293,1
2026-05-11T21:00:00Z,1.17779,1.17805,1.17744,1.17750,1977,1
2026-05-11T22:00:00Z,1.17750,1.17779,1.17743,1.17774,2204,1
2026-05-11T23:00:00Z,1.17773,1.17828,1.17738,1.17807,1075,2
2026-05-12T00:00:00Z,1.17794,1.17836,1.17779,1.17836,255,22
2026-05-12T01:00:00Z,1.17847,1.17878,1.17844,1.17851,468,2
2026-05-12T02:00:00Z,1.17852,1.17853,1.17772,1.17786,636,1
2026-05-12T03:00:00Z,1.17785,1.17785,1.17661,1.17668,1848,1
2026-05-12T04:00:00Z,1.17662,1.17688,1.17574,1.17615,3700,1
2026-05-12T05:00:00Z,1.17620,1.17646,1.17594,1.17624,1997,1
2026-05-12T06:00:00Z,1.17625,1.17631,1.17545,1.17562,1331,1
2026-05-12T07:00:00Z,1.17561,1.17598,1.17554,1.17571,1357,1
2026-05-12T08:00:00Z,1.17572,1.17676,1.17521,1.17621,2417,1
2026-05-12T09:00:00Z,1.17617,1.17655,1.17497,1.17502,4108,1
2026-05-12T10:00:00Z,1.17503,1.17534,1.17434,1.17477,4987,1
2026-05-12T11:00:00Z,1.17478,1.17505,1.17394,1.17448,4378,1
2026-05-12T12:00:00Z,1.17446,1.17517,1.17438,1.17475,3762,1
2026-05-12T13:00:00Z,1.17476,1.17491,1.17405,1.17407,3137,1
2026-05-12T14:00:00Z,1.17407,1.17482,1.17349,1.17438,3659,1
2026-05-12T15:00:00Z,1.17439,1.17499,1.17348,1.17477,5159,1
2026-05-12T16:00:00Z,1.17477,1.17500,1.17271,1.17300,6594,1
2026-05-12T17:00:00Z,1.17303,1.17362,1.17278,1.17360,6896,1
2026-05-12T18:00:00Z,1.17361,1.17366,1.17214,1.17326,5577,1
2026-05-12T19:00:00Z,1.17326,1.17387,1.17278,1.17283,3835,1
2026-05-12T20:00:00Z,1.17283,1.17337,1.17273,1.17332,3609,1
2026-05-12T21:00:00Z,1.17333,1.17411,1.17288,1.17405,3518,1
2026-05-12T22:00:00Z,1.17406,1.17468,1.17397,1.17402,2400,1
2026-05-12T23:00:00Z,1.17403,1.17408,1.17373,1.17399,1078,2
2026-05-13T00:00:00Z,1.17336,1.17401,1.17336,1.17371,317,22
2026-05-13T01:00:00Z,1.17366,1.17402,1.17366,1.17393,445,2
2026-05-13T02:00:00Z,1.17394,1.17412,1.17346,1.17350,617,1
2026-05-13T03:00:00Z,1.17349,1.17385,1.17327,1.17380,2073,1
2026-05-13T04:00:00Z,1.17381,1.17418,1.17319,1.17388,2266,1
2026-05-13T05:00:00Z,1.17386,1.17417,1.17362,1.17370,1442,1
2026-05-13T06:00:00Z,1.17371,1.17378,1.17324,1.17344,1637,1
2026-05-13T07:00:00Z,1.17346,1.17353,1.17321,1.17345,907,1
2026-05-13T08:00:00Z,1.17344,1.17370,1.17325,1.17341,1383,1
2026-05-13T09:00:00Z,1.17342,1.17343,1.17180,1.17200,2594,1
2026-05-13T10:00:00Z,1.17200,1.17232,1.17069,1.17071,3356,1
2026-05-13T11:00:00Z,1.17069,1.17116,1.17003,1.17027,3671,1
2026-05-13T12:00:00Z,1.17028,1.17068,1.16955,1.17061,3729,1
2026-05-13T13:00:00Z,1.17062,1.17145,1.17018,1.17127,3913,1
2026-05-13T14:00:00Z,1.17128,1.17173,1.17113,1.17121,2785,1
2026-05-13T15:00:00Z,1.17128,1.17161,1.16967,1.17018,4822,1
2026-05-13T16:00:00Z,1.17019,1.17123,1.17010,1.17102,5822,1
2026-05-13T17:00:00Z,1.17101,1.17126,1.17029,1.17078,5390,1
2026-05-13T18:00:00Z,1.17077,1.17163,1.17074,1.17110,4160,1
2026-05-13T19:00:00Z,1.17111,1.17179,1.17078,1.17086,3765,1
2026-05-13T20:00:00Z,1.17086,1.17108,1.17040,1.17042,2232,1
2026-05-13T21:00:00Z,1.17041,1.17105,1.17040,1.17077,2783,1
2026-05-13T22:00:00Z,1.17077,1.17130,1.17076,1.17095,2249,1
2026-05-13T23:00:00Z,1.17096,1.17134,1.17088,1.17129,1138,2
2026-05-14T00:00:00Z,1.17070,1.17158,1.17070,1.17133,144,22
2026-05-14T01:00:00Z,1.17132,1.17186,1.17131,1.17176,557,2
2026-05-14T02:00:00Z,1.17176,1.17184,1.17153,1.17159,628,1
2026-05-14T03:00:00Z,1.17159,1.17185,1.17140,1.17171,2327,1
2026-05-14T04:00:00Z,1.17170,1.17176,1.17126,1.17138,2164,1
2026-05-14T05:00:00Z,1.17138,1.17153,1.17116,1.17123,1714,1
2026-05-14T06:00:00Z,1.17125,1.17152,1.17097,1.17123,2017,1
2026-05-14T07:00:00Z,1.17123,1.17174,1.17115,1.17144,1568,1
2026-05-14T08:00:00Z,1.17145,1.17160,1.17101,1.17103,2085,1
2026-05-14T09:00:00Z,1.17104,1.17215,1.17067,1.17183,3396,1
2026-05-14T10:00:00Z,1.17183,1.17185,1.17059,1.17074,3473,1
2026-05-14T11:00:00Z,1.17069,1.17138,1.17048,1.17110,3194,1
2026-05-14T12:00:00Z,1.17112,1.17131,1.17056,1.17073,3161,1
2026-05-14T13:00:00Z,1.17072,1.17127,1.17048,1.17087,3379,1
2026-05-14T14:00:00Z,1.17087,1.17090,1.16994,1.16995,2964,1
2026-05-14T15:00:00Z,1.16994,1.17055,1.16962,1.16972,3578,1
2026-05-14T16:00:00Z,1.16971,1.16996,1.16855,1.16899,5875,1
2026-05-14T17:00:00Z,1.16897,1.17001,1.16785,1.16786,6488,1
2026-05-14T18:00:00Z,1.16783,1.16809,1.16716,1.16774,4345,1
2026-05-14T19:00:00Z,1.16774,1.16814,1.16708,1.16764,4549,1
2026-05-14T20:00:00Z,1.16764,1.16806,1.16758,1.16779,3781,1
2026-05-14T21:00:00Z,1.16778,1.16785,1.16738,1.16772,2762,1
2026-05-14T22:00:00Z,1.16773,1.16790,1.16686,1.16708,2304,1
2026-05-14T23:00:00Z,1.16708,1.16721,1.16656,1.16686,1437,2
2026-05-15T00:00:00Z,1.16669,1.16724,1.16656,1.16689,254,22
2026-05-15T01:00:00Z,1.16688,1.16711,1.16688,1.16695,659,2
2026-05-15T02:00:00Z,1.16696,1.16697,1.16614,1.16619,1006,1
2026-05-15T03:00:00Z,1.16622,1.16633,1.16520,1.16553,2825,1
2026-05-15T04:00:00Z,1.16552,1.16564,1.16458,1.16469,3722,1
2026-05-15T05:00:00Z,1.16468,1.16574,1.16457,1.16536,2248,1
2026-05-15T06:00:00Z,1.16535,1.16551,1.16500,1.16521,2252,1
2026-05-15T07:00:00Z,1.16520,1.16527,1.16465,1.16473,1514,1
2026-05-15T08:00:00Z,1.16473,1.16481,1.16327,1.16328,3340,1
2026-05-15T09:00:00Z,1.16327,1.16435,1.16324,1.16349,5769,1
2026-05-15T10:00:00Z,1.16347,1.16490,1.16319,1.16363,4821,1
2026-05-15T11:00:00Z,1.16366,1.16382,1.16305,1.16329,4215,1
2026-05-15T12:00:00Z,1.16330,1.16336,1.16173,1.16280,5375,1
2026-05-15T13:00:00Z,1.16280,1.16555,1.16273,1.16492,5955,1
2026-05-15T14:00:00Z,1.16492,1.16501,1.16292,1.16316,4586,1
2026-05-15T15:00:00Z,1.16314,1.16320,1.16189,1.16263,4893,1
2026-05-15T16:00:00Z,1.16263,1.16323,1.16189,1.16234,6537,1
2026-05-15T17:00:00Z,1.16235,1.16377,1.16214,1.16295,6887,1
2026-05-15T18:00:00Z,1.16296,1.16310,1.16206,1.16264,5757,1
2026-05-15T19:00:00Z,1.16265,1.16313,1.16230,1.16300,3602,1
2026-05-15T20:00:00Z,1.16299,1.16356,1.16266,1.16267,3414,1
2026-05-15T21:00:00Z,1.16268,1.16273,1.16169,1.16218,3797,1
2026-05-15T22:00:00Z,1.16223,1.16231,1.16191,1.16213,2895,1
2026-05-15T23:00:00Z,1.16214,1.16255,1.16191,1.16233,1530,1
