timestamp,open,high,low,close,volume,spread_points
2003-12-01T00:00:00Z,1.20339835,1.20400691,1.19440067,1.19650137,0,
2003-12-02T00:00:00Z,1.19610071,1.21090305,1.19460034,1.20889747,0,
2003-12-03T00:00:00Z,1.20899975,1.21300340,1.20770037,1.21229756,0,
2003-12-04T00:00:00Z,1.21200371,1.21440279,1.20439839,1.20809424,0,
2003-12-05T00:00:00Z,1.20780241,1.21909595,1.20659280,1.21869469,0,
2003-12-08T00:00:00Z,1.21679676,1.22400522,1.21540654,1.22200096,0,
2003-12-09T00:00:00Z,1.22210538,1.22770178,1.21979487,1.22499478,0,
2003-12-10T00:00:00Z,1.22490478,1.22660255,1.21620476,1.21909595,0,
2003-12-11T00:00:00Z,1.21909595,1.22349596,1.21229756,1.22240424,0,
2003-12-12T00:00:00Z,1.22270310,1.23060262,1.22129953,1.22789776,0,
2003-12-15T00:00:00Z,1.21869469,1.23249853,1.21780431,1.23199749,0,
2003-12-16T00:00:00Z,1.23140574,1.23589528,1.23049664,1.23219478,0,
2003-12-17T00:00:00Z,1.23199749,1.24200463,1.22999716,1.24020243,0,
2003-12-18T00:00:00Z,1.24020243,1.24419892,1.23659837,1.24229777,0,
2003-12-19T00:00:00Z,1.24220514,1.24350262,1.23510158,1.23849738,0,
2003-12-22T00:00:00Z,1.23569679,1.24460149,1.23569679,1.23989487,0,
2003-12-23T00:00:00Z,1.23989487,1.26720226,1.23880434,1.24000251,0,
2003-12-24T00:00:00Z,1.24009478,1.24719381,1.24000251,1.24529898,0,
2003-12-25T00:00:00Z,1.24570227,1.24700713,1.24430728,1.24480295,0,
2003-12-26T00:00:00Z,1.24500442,1.24710047,1.24269915,1.24319351,0,
2003-12-29T00:00:00Z,1.24339449,1.25079739,1.24299264,1.24839270,0,
2003-12-30T00:00:00Z,1.24859536,1.25629723,1.24829924,1.25489402,0,
2003-12-31T00:00:00Z,1.25500441,1.26489413,1.25300717,1.25900185,0,
2004-01-01T00:00:00Z,1.25900185,1.26079559,1.24739599,1.25819397,0,
2004-01-02T00:00:00Z,1.25819397,1.26280165,1.25269330,1.25819397,0,
2004-01-05T00:00:00Z,1.26390290,1.26940608,1.26369536,1.26869750,0,
2004-01-06T00:00:00Z,1.26890671,1.28080332,1.26720226,1.27210283,0,
2004-01-07T00:00:00Z,1.27239406,1.27399898,1.26249874,1.26409471,0,
2004-01-08T00:00:00Z,1.26409471,1.27870703,1.25650239,1.27749813,0,
2004-01-09T00:00:00Z,1.27749813,1.28670323,1.27129424,1.28589249,0,
2004-01-12T00:00:00Z,1.28480208,1.28970683,1.27380431,1.27409625,0,
2004-01-13T00:00:00Z,1.27440488,1.27970517,1.27189243,1.27859259,0,
2004-01-14T00:00:00Z,1.27880514,1.27880514,1.24060237,1.26510215,0,
2004-01-15T00:00:00Z,1.26559854,1.26710594,1.25689721,1.26009655,0,
2004-01-16T00:00:00Z,1.26000130,1.26100218,1.23639965,1.23980260,0,
2004-01-19T00:00:00Z,1.23869693,1.24240577,1.23400414,1.23540676,0,
2004-01-20T00:00:00Z,1.23510158,1.26020777,1.23499489,1.25890672,0,
2004-01-21T00:00:00Z,1.25809908,1.26699352,1.25659716,1.26590288,0,
2004-01-22T00:00:00Z,1.26580679,1.27489221,1.26449418,1.27250755,0,
2004-01-23T00:00:00Z,1.27239406,1.27759600,1.25700784,1.25830483,0,
2004-01-26T00:00:00Z,1.25749791,1.26109767,1.24610591,1.24879801,0,
2004-01-27T00:00:00Z,1.24859536,1.26599908,1.24469447,1.26369536,0,
2004-01-28T00:00:00Z,1.26340795,1.26439834,1.24200463,1.24419892,0,
2004-01-29T00:00:00Z,1.24410605,1.25269330,1.23710322,1.24100268,0,
2004-01-30T00:00:00Z,1.24100268,1.24850178,1.23549831,1.24680507,0,
2004-02-02T00:00:00Z,1.24759829,1.24820566,1.23960280,1.24330163,0,
2004-02-03T00:00:00Z,1.25379276,1.25610781,1.25050020,1.25349402,0,
2004-02-04T00:00:00Z,1.25459492,1.25610781,1.25050020,1.25399709,0,
2004-02-05T00:00:00Z,1.25379276,1.26359951,1.25239515,1.25719750,0,
2004-02-06T00:00:00Z,1.25700784,1.27260458,1.25189352,1.27000248,0,
2004-02-09T00:00:00Z,1.26550245,1.27570546,1.26550245,1.26940608,0,
2004-02-10T00:00:00Z,1.26929319,1.27870703,1.26739502,1.26850426,0,
2004-02-11T00:00:00Z,1.26829517,1.28470302,1.26580679,1.28300524,0,
2004-02-12T00:00:00Z,1.28330171,1.28470302,1.27960682,1.28180480,0,
2004-02-13T00:00:00Z,1.28170621,1.28899205,1.27250755,1.27279902,0,
2004-02-16T00:00:00Z,1.27299345,1.27900136,1.27219987,1.27650344,0,
2004-02-17T00:00:00Z,1.27640557,1.28779685,1.27630782,1.28579330,0,
2004-02-18T00:00:00Z,1.28630602,1.29220676,1.26659226,1.27250755,0,
2004-02-19T00:00:00Z,1.27289617,1.27669895,1.26599908,1.27570546,0,
2004-02-20T00:00:00Z,1.27580321,1.27609611,1.25029695,1.25420153,0,
2004-02-23T00:00:00Z,1.25009382,1.25939822,1.24570227,1.25719750,0,
2004-02-24T00:00:00Z,1.25719750,1.27110028,1.25289726,1.26779664,0,
2004-02-25T00:00:00Z,1.26789320,1.27040589,1.24839270,1.24970329,0,
2004-02-26T00:00:00Z,1.25009382,1.25179946,1.23969507,1.24480295,0,
2004-02-27T00:00:00Z,1.24480295,1.25070357,1.23809874,1.24940658,0,
2004-03-01T00:00:00Z,1.25390267,1.25410724,1.24299264,1.24480295,0,
2004-03-02T00:00:00Z,1.24500442,1.24500442,1.22030091,1.22040510,0,
2004-03-03T00:00:00Z,1.22019660,1.22200096,1.20689857,1.21909595,0,
2004-03-04T00:00:00Z,1.21939325,1.22409511,1.21429956,1.22070312,0,
2004-03-05T00:00:00Z,1.22049451,1.24269915,1.21799707,1.23679721,0,
2004-03-08T00:00:00Z,1.23650658,1.24260652,1.23459840,1.24260652,0,
2004-03-09T00:00:00Z,1.24260652,1.24640107,1.22869742,1.23190641,0,
2004-03-10T00:00:00Z,1.24260652,1.24640107,1.22070312,1.22319674,0,
2004-03-11T00:00:00Z,1.22319674,1.23800683,1.21740401,1.23510158,0,
2004-03-12T00:00:00Z,1.23499489,1.23540676,1.21789336,1.22240424,0,
2004-03-15T00:00:00Z,1.22140384,1.23140574,1.22129953,1.22720468,0,
2004-03-16T00:00:00Z,1.22690356,1.23719501,1.22460473,1.22610617,0,
2004-03-17T00:00:00Z,1.22600102,1.22919583,1.21829391,1.22270310,0,
2004-03-18T00:00:00Z,1.22270310,1.24189663,1.22259855,1.23889649,0,
2004-03-19T00:00:00Z,1.23869693,1.24069476,1.22640705,1.22690356,0,
2004-03-22T00:00:00Z,1.22770178,1.23960280,1.22270310,1.23459840,0,
2004-03-23T00:00:00Z,1.23459840,1.23699605,1.22729504,1.23450696,0,
2004-03-24T00:00:00Z,1.23459840,1.23699605,1.21109366,1.21390164,0,
2004-03-25T00:00:00Z,1.21400476,1.21970558,1.21080029,1.21369529,0,
2004-03-26T00:00:00Z,1.21379852,1.22100127,1.20899975,1.21269453,0,
2004-03-28T23:00:00Z,1.21140170,1.21700394,1.20650542,1.21660423,0,
2004-03-29T23:00:00Z,1.21660423,1.22259855,1.21559858,1.21850169,0,
2004-03-30T23:00:00Z,1.21820486,1.23219478,1.21759665,1.23129964,0,
2004-03-31T23:00:00Z,1.23119354,1.23849738,1.22589588,1.23650658,0,
2004-04-01T23:00:00Z,1.23659837,1.23719501,1.21080029,1.21290040,0,
2004-04-04T23:00:00Z,1.21150446,1.21260619,1.19899774,1.20130217,0,
2004-04-05T23:00:00Z,1.20179307,1.21459460,1.19889700,1.21310639,0,
2004-04-06T23:00:00Z,1.21300340,1.21979487,1.20589447,1.21660423,0,
2004-04-07T23:00:00Z,1.21639705,1.22170234,1.20669472,1.20770037,0,
2004-04-08T23:00:00Z,1.20790446,1.21129906,1.20669472,1.20860517,0,
2004-04-11T23:00:00Z,1.20910215,1.20959938,1.20580709,1.20730662,0,
2004-04-12T23:00:00Z,1.20730662,1.20829856,1.19100082,1.19380176,0,
2004-04-13T23:00:00Z,1.19350255,1.19730365,1.18770480,1.19470036,0,
2004-04-14T23:00:00Z,1.19460034,1.19899774,1.18999445,1.19869578,0,
2004-04-15T23:00:00Z,1.19879639,1.20480478,1.19310379,1.20029283,0,
2004-04-18T23:00:00Z,1.20199525,1.20780241,1.20029283,1.20069647,0,
2004-04-19T23:00:00Z,1.19879639,1.20199525,1.18280208,1.18480599,0,
2004-04-21T23:00:00Z,1.18069327,1.19310379,1.17910624,1.19250631,0,
2004-04-22T23:00:00Z,1.19229293,1.19390154,1.18020558,1.18500257,0,
2004-04-25T23:00:00Z,1.18009412,1.18869317,1.17649829,1.18619740,0,
2004-04-26T23:00:00Z,1.18629587,1.19460034,1.18369806,1.19290459,0,
2004-04-27T23:00:00Z,1.19310379,1.19440067,1.18280208,1.18430090,0,
2004-04-28T23:00:00Z,1.18430090,1.19849467,1.18080485,1.19600058,0,
2004-04-29T23:00:00Z,1.19590044,1.20049465,1.19290459,1.19829369,0,
2004-05-02T23:00:00Z,1.19940031,1.19980323,1.19250631,1.19360220,0,
2004-05-03T23:00:00Z,1.19360220,1.21169519,1.19350255,1.21050727,0,
2004-05-04T23:00:00Z,1.21050727,1.21780431,1.21019959,1.21589410,0,
2004-05-05T23:00:00Z,1.21589410,1.21749294,1.20689857,1.20770037,0,
2004-05-06T23:00:00Z,1.20780241,1.20869291,1.18749332,1.18800116,0,
2004-05-09T23:00:00Z,1.18949902,1.18949902,1.18160009,1.18459558,0,
2004-05-10T23:00:00Z,1.18459558,1.18910313,1.17960691,1.18819880,0,
2004-05-11T23:00:00Z,1.18800116,1.19410110,1.18379629,1.19050455,0,
2004-05-12T23:00:00Z,1.19070303,1.19310379,1.17799497,1.18040061,0,
2004-05-13T23:00:00Z,1.18040061,1.18940008,1.17889774,1.18819880,0,
2004-05-16T23:00:00Z,1.18949902,1.20589447,1.18819880,1.20250118,0,
2004-05-17T23:00:00Z,1.20239997,1.20380402,1.19360220,1.19450057,0,
2004-05-18T23:00:00Z,1.19440067,1.20390546,1.19440067,1.20039368,0,
2004-05-19T23:00:00Z,1.20039368,1.20140314,1.19009364,1.19570029,0,
2004-05-20T23:00:00Z,1.19590044,1.20679665,1.19570029,1.20280492,0,
2004-05-23T23:00:00Z,1.20010567,1.20250118,1.19390154,1.19990396,0,
2004-05-24T23:00:00Z,1.19980323,1.21260619,1.19879639,1.21009707,0,
2004-05-25T23:00:00Z,1.21009707,1.21400476,1.20879519,1.21109366,0,
2004-05-26T23:00:00Z,1.21100557,1.22860694,1.20930684,1.22759640,0,
2004-05-27T23:00:00Z,1.22729504,1.22940743,1.22070312,1.22180688,0,
2004-05-30T23:00:00Z,1.22400522,1.22449982,1.21820486,1.21989894,0,
2004-05-31T23:00:00Z,1.21989894,1.22649717,1.21599770,1.22449982,0,
2004-06-01T23:00:00Z,1.22460473,1.23049664,1.22100127,1.22189629,0,
2004-06-02T23:00:00Z,1.22189629,1.22520494,1.21759665,1.22210538,0,
2004-06-03T23:00:00Z,1.22189629,1.22999716,1.21860564,1.22750592,0,
2004-06-06T23:00:00Z,1.23180020,1.23400414,1.23090553,1.23180020,0,
2004-06-07T23:00:00Z,1.23240733,1.23499489,1.22499478,1.22610617,0,
2004-06-08T23:00:00Z,1.22619641,1.22750592,1.20280492,1.20429695,0,
2004-06-09T23:00:00Z,1.20450008,1.21160722,1.20329702,1.21090305,0,
2004-06-10T23:00:00Z,1.21050727,1.21109366,1.19710302,1.20150435,0,
2004-06-13T23:00:00Z,1.19680214,1.20879519,1.19570029,1.20619988,0,
2004-06-14T23:00:00Z,1.20580709,1.21709287,1.20339835,1.21660423,0,
2004-06-15T23:00:00Z,1.21660423,1.21679676,1.19869578,1.20069647,0,
2004-06-16T23:00:00Z,1.20049465,1.20759821,1.19970238,1.20339835,0,
2004-06-17T23:00:00Z,1.20329702,1.21490443,1.19780552,1.21450603,0,
2004-06-20T23:00:00Z,1.21379852,1.21459460,1.20809424,1.21260619,0,
2004-06-21T23:00:00Z,1.21250331,1.21319473,1.20700061,1.21219468,0,
2004-06-22T23:00:00Z,1.21210647,1.21900678,1.20730662,1.20860517,0,
2004-06-23T23:00:00Z,1.20879519,1.21900678,1.20460153,1.21740401,0,
2004-06-24T23:00:00Z,1.21709287,1.22030091,1.21129906,1.22030091,0,
2004-06-27T23:00:00Z,1.21749294,1.22270310,1.21279740,1.21869469,0,
2004-06-28T23:00:00Z,1.21869469,1.21909595,1.20749617,1.20980430,0,
2004-06-29T23:00:00Z,1.20949697,1.22030091,1.20679665,1.21839786,0,
2004-06-30T23:00:00Z,1.21829391,1.22080743,1.21390164,1.21620476,0,
2004-07-01T23:00:00Z,1.21620476,1.23300004,1.21490443,1.23110259,0,
2004-07-04T23:00:00Z,1.23300004,1.23319769,1.22750592,1.22999716,0,
2004-07-05T23:00:00Z,1.22999716,1.23289359,1.22709918,1.22850120,0,
2004-07-06T23:00:00Z,1.22839558,1.23880434,1.22780740,1.23710322,0,
2004-07-07T23:00:00Z,1.23699605,1.24029469,1.23429358,1.23949528,0,
2004-07-08T23:00:00Z,1.23969507,1.24240577,1.23739409,1.24189663,0,
2004-07-11T23:00:00Z,1.24120295,1.24359548,1.23869693,1.24080253,0,
2004-07-12T23:00:00Z,1.24040234,1.24120295,1.23040569,1.23330414,0,
2004-07-13T23:00:00Z,1.23330414,1.24200463,1.23249853,1.23849738,0,
2004-07-14T23:00:00Z,1.23849738,1.23920345,1.23350191,1.23560524,0,
2004-07-15T23:00:00Z,1.23580372,1.24599731,1.23330414,1.24559379,0,
2004-07-18T23:00:00Z,1.24550068,1.24640107,1.24049473,1.24399769,0,
2004-07-19T23:00:00Z,1.24379659,1.24559379,1.23099649,1.23339546,0,
2004-07-20T23:00:00Z,1.23350191,1.23490334,1.22149348,1.22630167,0,
2004-07-21T23:00:00Z,1.22610617,1.22899950,1.22390032,1.22559536,0,
2004-07-22T23:00:00Z,1.22580564,1.22669291,1.20920444,1.20959938,0,
2004-07-25T23:00:00Z,1.21080029,1.21700394,1.20930684,1.21390164,0,
2004-07-26T23:00:00Z,1.21419644,1.21900678,1.20400691,1.20640361,0,
2004-07-27T23:00:00Z,1.20630169,1.20790446,1.20099926,1.20439839,0,
2004-07-28T23:00:00Z,1.20460153,1.20949697,1.19980323,1.20380402,0,
2004-07-29T23:00:00Z,1.20380402,1.21160722,1.20049465,1.20160532,0,
2004-08-01T23:00:00Z,1.20419550,1.20939457,1.20199525,1.20219767,0,
2004-08-02T23:00:00Z,1.20219767,1.20780241,1.20020640,1.20529842,0,
2004-08-03T23:00:00Z,1.20529842,1.20659280,1.19750440,1.20599616,0,
2004-08-04T23:00:00Z,1.20589447,1.20749617,1.20299304,1.20519686,0,
2004-08-05T23:00:00Z,1.20570540,1.23079956,1.20490634,1.23079956,0,
2004-08-08T23:00:00Z,1.22699392,1.22910523,1.22509992,1.22729504,0,
2004-08-09T23:00:00Z,1.22780740,1.23199749,1.22240424,1.22360075,0,
2004-08-10T23:00:00Z,1.22379541,1.22479975,1.21989894,1.22219503,0,
2004-08-11T23:00:00Z,1.22219503,1.22910523,1.22189629,1.22390032,0,
2004-08-12T23:00:00Z,1.22400522,1.23789954,1.21850169,1.23759317,0,
2004-08-15T23:00:00Z,1.23809874,1.23809874,1.23249853,1.23589528,0,
2004-08-16T23:00:00Z,1.23580372,1.23789954,1.23169398,1.23450696,0,
2004-08-17T23:00:00Z,1.23479664,1.23650658,1.22930157,1.23400414,0,
2004-08-18T23:00:00Z,1.23409557,1.23789954,1.23359323,1.23719501,0,
2004-08-19T23:00:00Z,1.23730218,1.23849738,1.22850120,1.23219478,0,
2004-08-22T23:00:00Z,1.23079956,1.23180020,1.21340084,1.21519971,0,
2004-08-23T23:00:00Z,1.21509635,1.21669304,1.20669472,1.20819640,0,
2004-08-24T23:00:00Z,1.20809424,1.21129906,1.20570540,1.20860517,0,
2004-08-25T23:00:00Z,1.20840085,1.21140170,1.20560360,1.20990670,0,
2004-08-26T23:00:00Z,1.20990670,1.21369529,1.20089829,1.20199525,0,
2004-08-29T23:00:00Z,1.20170641,1.20669472,1.19919896,1.20490634,0,
2004-08-30T23:00:00Z,1.20490634,1.21939325,1.20470321,1.21780431,0,
2004-08-31T23:00:00Z,1.21770048,1.22210538,1.21519971,1.21900678,0,
2004-09-01T23:00:00Z,1.21920002,1.22010744,1.21450603,1.21730030,0,
2004-09-02T23:00:00Z,1.21749294,1.21829391,1.20460153,1.20550191,0,
2004-09-05T23:00:00Z,1.20630169,1.20829856,1.20519686,1.20659280,0,
2004-09-06T23:00:00Z,1.20679665,1.21129906,1.20570540,1.20990670,0,
2004-09-07T23:00:00Z,1.20990670,1.21939325,1.20329702,1.21890271,0,
2004-09-08T23:00:00Z,1.21909595,1.22449982,1.21629345,1.22420001,0,
2004-09-09T23:00:00Z,1.22439480,1.23060262,1.22059882,1.22729504,0,
2004-09-12T23:00:00Z,1.22830510,1.22889376,1.22270310,1.22640705,0,
2004-09-13T23:00:00Z,1.22649717,1.22949815,1.22300231,1.22600102,0,
2004-09-14T23:00:00Z,1.22610617,1.22630167,1.21390164,1.21570194,0,
2004-09-15T23:00:00Z,1.21570194,1.21979487,1.21250331,1.21900678,0,
2004-09-16T23:00:00Z,1.21890271,1.22240424,1.21629345,1.21820486,0,
2004-09-19T23:00:00Z,1.21749294,1.21820486,1.21290040,1.21740401,0,
2004-09-20T23:00:00Z,1.21719646,1.23450696,1.21719646,1.23289359,0,
2004-09-21T23:00:00Z,1.23289359,1.23319769,1.22330141,1.22669291,0,
2004-09-22T23:00:00Z,1.22660255,1.23339546,1.22600102,1.22720468,0,
2004-09-23T23:00:00Z,1.22720468,1.23569679,1.22479975,1.22759640,0,
2004-09-26T23:00:00Z,1.22860694,1.23149681,1.22529507,1.23079956,0,
2004-09-27T23:00:00Z,1.23069346,1.23490334,1.22850120,1.23210371,0,
2004-09-28T23:00:00Z,1.23190641,1.23420227,1.22999716,1.23369980,0,
2004-09-29T23:00:00Z,1.23380625,1.24440014,1.23210371,1.24339449,0,
2004-09-30T23:00:00Z,1.24350262,1.24379659,1.23889649,1.24149573,0,
2004-10-03T23:00:00Z,1.24020243,1.24020243,1.22640705,1.22899950,0,
2004-10-04T23:00:00Z,1.22910523,1.23310649,1.22679818,1.23160291,0,
2004-10-05T23:00:00Z,1.23160291,1.23240733,1.22600102,1.22809386,0,
2004-10-06T23:00:00Z,1.22819948,1.23129964,1.22770178,1.22990644,0,
2004-10-07T23:00:00Z,1.23019385,1.24350262,1.22889376,1.24100268,0,
2004-10-10T23:00:00Z,1.24120295,1.24160361,1.23739409,1.23840547,0,
2004-10-11T23:00:00Z,1.23840547,1.23869693,1.22930157,1.23210371,0,
2004-10-12T23:00:00Z,1.23210371,1.23519313,1.22349596,1.23490334,0,
2004-10-13T23:00:00Z,1.23479664,1.24160361,1.23269606,1.23889649,0,
2004-10-14T23:00:00Z,1.23909605,1.25000000,1.23820615,1.24789417,0,
2004-10-17T23:00:00Z,1.24829924,1.25339985,1.24649417,1.24890721,0,
2004-10-18T23:00:00Z,1.24879801,1.25269330,1.24550068,1.25189352,0,
2004-10-19T23:00:00Z,1.25120437,1.26299310,1.25009382,1.25789332,0,
2004-10-20T23:00:00Z,1.25800407,1.26500618,1.25749791,1.26200485,0,
2004-10-21T23:00:00Z,1.26210034,1.26940608,1.26039827,1.26909995,0,
2004-10-24T23:00:00Z,1.27299345,1.28300524,1.27279902,1.28109872,0,
2004-10-25T23:00:00Z,1.28100014,1.28430700,1.27339864,1.27650344,0,
2004-10-26T23:00:00Z,1.27650344,1.28090167,1.26990569,1.27059960,0,
2004-10-28T23:00:00Z,1.27079332,1.27980340,1.26620746,1.27919769,0,
2004-11-01T00:00:00Z,1.28280783,1.28280783,1.27210283,1.27459979,0,
2004-11-02T00:00:00Z,1.27469730,1.27500606,1.26710594,1.27200568,0,
2004-11-03T00:00:00Z,1.27189243,1.28320289,1.26659226,1.28249514,0,
2004-11-04T00:00:00Z,1.28219914,1.28940749,1.27970517,1.28729951,0,
2004-11-05T00:00:00Z,1.28729951,1.29799330,1.27849448,1.29669738,0,
2004-11-09T00:00:00Z,1.29100549,1.29379499,1.28879273,1.28990650,0,
2004-11-10T00:00:00Z,1.29000628,1.29839778,1.28620672,1.28859329,0,
2004-11-11T00:00:00Z,1.28839409,1.29210651,1.28630602,1.29100549,0,
2004-11-12T00:00:00Z,1.29080558,1.29890370,1.28859329,1.29700005,0,
2004-11-15T00:00:00Z,1.29900503,1.29989994,1.29220676,1.29399586,0,
2004-11-16T00:00:00Z,1.29369462,1.29920745,1.29230690,1.29619312,0,
2004-11-17T00:00:00Z,1.29609227,1.30490375,1.29550457,1.30379796,0,
2004-11-18T00:00:00Z,1.30379796,1.30729198,1.29439783,1.29490066,0,
2004-11-19T00:00:00Z,1.29480016,1.30640399,1.29419684,1.30390000,0,
2004-11-22T00:00:00Z,1.30259216,1.30519331,1.30169344,1.30400193,0,
2004-11-23T00:00:00Z,1.30420613,1.31030679,1.29799330,1.30970621,0,
2004-11-24T00:00:00Z,1.30999792,1.31910455,1.30869496,1.31780076,0,
2004-11-25T00:00:00Z,1.31809616,1.32830358,1.31670773,1.32580280,0,
2004-11-26T00:00:00Z,1.32569730,1.33290672,1.31990552,1.32950437,0,
2004-11-29T00:00:00Z,1.32719290,1.33030021,1.32339895,1.32650626,0,
2004-11-30T00:00:00Z,1.32629514,1.33290672,1.32390714,1.32980490,0,
2004-12-01T00:00:00Z,1.32980490,1.33570206,1.32839179,1.33459675,0,
2004-12-02T00:00:00Z,1.33479261,1.33779263,1.32480156,1.32610166,0,
2004-12-03T00:00:00Z,1.32629514,1.34660184,1.32590830,1.34660184,0,
2004-12-06T00:00:00Z,1.34500802,1.34569573,1.33920801,1.33960271,0,
2004-12-07T00:00:00Z,1.33949494,1.34700096,1.33940530,1.34309316,0,
2004-12-08T00:00:00Z,1.34329152,1.34329152,1.32199943,1.33450770,0,
2004-12-09T00:00:00Z,1.33459675,1.33589828,1.32580280,1.33040643,0,
2004-12-10T00:00:00Z,1.33019400,1.33040643,1.31499350,1.32159758,0,
2004-12-13T00:00:00Z,1.32229662,1.33269358,1.32210422,1.33200133,0,
2004-12-14T00:00:00Z,1.33210778,1.33280027,1.32640064,1.33090222,0,
2004-12-15T00:00:00Z,1.33079600,1.34379709,1.32650626,1.34039271,0,
2004-12-16T00:00:00Z,1.34019518,1.34300292,1.32130075,1.32510006,0,
2004-12-17T00:00:00Z,1.32539856,1.33200133,1.32320642,1.33129203,0,
2004-12-20T00:00:00Z,1.33109713,1.34089601,1.33010554,1.33920801,0,
2004-12-21T00:00:00Z,1.33940530,1.34100389,1.33579123,1.33689833,0,
2004-12-22T00:00:00Z,1.33689833,1.34030294,1.33479261,1.33910036,0,
2004-12-23T00:00:00Z,1.33910036,1.35180795,1.33840144,1.35120523,0,
2004-12-24T00:00:00Z,1.35140610,1.35479319,1.34899974,1.35380292,0,
2004-12-27T00:00:00Z,1.35279548,1.36420059,1.35189939,1.36239779,0,
2004-12-28T00:00:00Z,1.36219370,1.36459160,1.35939753,1.35939753,0,
2004-12-29T00:00:00Z,1.35950840,1.36449850,1.35639203,1.36069226,0,
2004-12-30T00:00:00Z,1.36059976,1.36600828,1.35810518,1.36280620,0,
2004-12-31T00:00:00Z,1.36299205,1.36619484,1.35219193,1.35650241,0,
2005-01-03T00:00:00Z,1.35810518,1.35810518,1.34019518,1.34700096,0,
2005-01-04T00:00:00Z,1.34700096,1.34960055,1.32610166,1.32819760,0,
2005-01-05T00:00:00Z,1.32830358,1.33030021,1.32229662,1.32800364,0,
2005-01-06T00:00:00Z,1.32789779,1.32789779,1.31639576,1.31830466,0,
2005-01-07T00:00:00Z,1.31820035,1.32480156,1.30299950,1.30609679,0,
2005-01-10T00:00:00Z,1.30759978,1.31199157,1.30640399,1.31099403,0,
2005-01-11T00:00:00Z,1.31140661,1.31710660,1.31049573,1.31169903,0,
2005-01-12T00:00:00Z,1.31140661,1.32909787,1.30869496,1.32559192,0,
2005-01-13T00:00:00Z,1.32590830,1.32659423,1.32030630,1.32110870,0,
2005-01-14T00:00:00Z,1.32119596,1.32119596,1.30679667,1.30989492,0,
2005-01-17T00:00:00Z,1.30999792,1.31290460,1.30410397,1.30510819,0,
2005-01-18T00:00:00Z,1.30490375,1.30729198,1.30030560,1.30179513,0,
2005-01-19T00:00:00Z,1.30179513,1.31140661,1.29710090,1.30030560,0,
2005-01-20T00:00:00Z,1.30020404,1.30240560,1.29319263,1.29629385,0,
2005-01-21T00:00:00Z,1.29619312,1.30679667,1.29359412,1.29989994,0,
2005-01-24T00:00:00Z,1.30420613,1.30960333,1.30349207,1.30390000,0,
2005-01-25T00:00:00Z,1.30390000,1.30759978,1.29540384,1.29710090,0,
2005-01-26T00:00:00Z,1.29720199,1.31030679,1.29689908,1.30780506,0,
2005-01-27T00:00:00Z,1.30790758,1.31209493,1.30150712,1.30410397,0,
2005-01-28T00:00:00Z,1.30430806,1.30780506,1.29959583,1.30449533,0,
2005-01-31T00:00:00Z,1.30240560,1.30609679,1.29799330,1.30519331,0,
2005-02-01T00:00:00Z,1.30500603,1.30659175,1.30040705,1.30390000,0,
2005-02-02T00:00:00Z,1.30510819,1.30939746,1.30140555,1.30320323,0,
2005-02-03T00:00:00Z,1.30349207,1.30379796,1.29480016,1.29720199,0,
2005-02-04T00:00:00Z,1.29710090,1.30320323,1.28559494,1.28579330,0,
2005-02-07T00:00:00Z,1.28559494,1.28650463,1.27409625,1.27640557,0,
2005-02-08T00:00:00Z,1.27640557,1.27960682,1.27370691,1.27699244,0,
2005-02-09T00:00:00Z,1.27679682,1.28170621,1.27450228,1.28129566,0,
2005-02-10T00:00:00Z,1.28100014,1.29040575,1.27520120,1.28759789,0,
2005-02-11T00:00:00Z,1.28779685,1.28970683,1.28529751,1.28569412,0,
2005-02-14T00:00:00Z,1.28889227,1.29880250,1.28859329,1.29730296,0,
2005-02-15T00:00:00Z,1.29720199,1.30480170,1.29560530,1.30169344,0,
2005-02-16T00:00:00Z,1.30140555,1.30519331,1.29679811,1.30230379,0,
2005-02-17T00:00:00Z,1.30250728,1.30900335,1.30199850,1.30749726,0,
2005-02-18T00:00:00Z,1.30749726,1.30840397,1.30259216,1.30689919,0,
2005-02-21T00:00:00Z,1.30720663,1.30780506,1.30369592,1.30640399,0,
2005-02-22T00:00:00Z,1.30650640,1.32680547,1.30580688,1.32610166,0,
2005-02-23T00:00:00Z,1.32580280,1.32729852,1.31919158,1.32030630,0,
2005-02-24T00:00:00Z,1.32020175,1.32699919,1.31820035,1.31830466,0,
2005-02-25T00:00:00Z,1.31849587,1.32510006,1.31490707,1.32460868,0,
2005-02-28T00:00:00Z,1.32539856,1.32800364,1.32110870,1.32170236,0,
2005-03-01T00:00:00Z,1.32189453,1.32259393,1.31700253,1.31719327,0,
2005-03-02T00:00:00Z,1.31719327,1.31790507,1.30939746,1.31359446,0,
2005-03-03T00:00:00Z,1.31380153,1.31639576,1.31010091,1.31059873,0,
2005-03-04T00:00:00Z,1.31059873,1.32550406,1.30989492,1.32469630,0,
2005-03-07T00:00:00Z,1.32339895,1.32469630,1.31849587,1.32219172,0,
2005-03-08T00:00:00Z,1.32210422,1.33630884,1.32119596,1.33520257,0,
2005-03-09T00:00:00Z,1.33489966,1.34219182,1.33360004,1.33770311,0,
2005-03-10T00:00:00Z,1.33779263,1.34509850,1.33729172,1.34379709,0,
2005-03-11T00:00:00Z,1.34370673,1.34779978,1.34060836,1.34729123,0,
2005-03-14T00:00:00Z,1.34740019,1.34790874,1.33399153,1.33650529,0,
2005-03-15T00:00:00Z,1.33679116,1.34030294,1.33030021,1.33100855,0,
2005-03-16T00:00:00Z,1.33120334,1.34399569,1.32959270,1.34109378,0,
2005-03-17T00:00:00Z,1.34129167,1.34210169,1.33489966,1.33790004,0,
2005-03-18T00:00:00Z,1.33790004,1.33870602,1.32699919,1.33219659,0,
2005-03-21T00:00:00Z,1.33189487,1.33189487,1.31459606,1.31610119,0,
2005-03-22T00:00:00Z,1.31649959,1.32159758,1.30609679,1.30770242,0,
2005-03-23T00:00:00Z,1.30770242,1.30879772,1.29669738,1.29929197,0,
2005-03-24T00:00:00Z,1.29920745,1.30299950,1.29319263,1.29319263,0,
2005-03-25T00:00:00Z,1.29329300,1.29710090,1.29329300,1.29560530,0,
2005-03-27T23:00:00Z,1.29580677,1.29590762,1.28610742,1.28950727,0,
2005-03-28T23:00:00Z,1.28950727,1.29530323,1.28809536,1.29379499,0,
2005-03-29T23:00:00Z,1.29379499,1.29799330,1.29140568,1.29150569,0,
2005-03-30T23:00:00Z,1.29160583,1.30169344,1.29160583,1.29669738,0,
2005-03-31T23:00:00Z,1.29679811,1.30430806,1.28789639,1.29090559,0,
2005-04-03T23:00:00Z,1.28970683,1.29070556,1.28210056,1.28500021,0,
2005-04-04T23:00:00Z,1.28490114,1.28769743,1.28039336,1.28579330,0,
2005-04-05T23:00:00Z,1.28579330,1.29070556,1.28430700,1.28670323,0,
2005-04-06T23:00:00Z,1.28700125,1.29389536,1.28440607,1.28500021,0,
2005-04-07T23:00:00Z,1.28490114,1.29439783,1.28139424,1.29349375,0,
2005-04-10T23:00:00Z,1.29210651,1.30000126,1.29110563,1.29710090,0,
2005-04-11T23:00:00Z,1.29710090,1.30000126,1.28690195,1.29150569,0,
2005-04-12T23:00:00Z,1.29160583,1.29540384,1.28610742,1.29120564,0,
2005-04-13T23:00:00Z,1.29130566,1.29140568,1.27790630,1.27949226,0,
2005-04-14T23:00:00Z,1.27949226,1.29399586,1.27829838,1.28700125,0,
2005-04-17T23:00:00Z,1.29130566,1.30410397,1.28809536,1.30179513,0,
2005-04-18T23:00:00Z,1.30179513,1.30780506,1.29870129,1.30650640,0,
2005-04-19T23:00:00Z,1.30650640,1.31030679,1.29969716,1.30869496,0,
2005-04-20T23:00:00Z,1.30900335,1.31169903,1.30299950,1.30469954,0,
2005-04-21T23:00:00Z,1.30490375,1.30919182,1.30250728,1.30619919,0,
2005-04-24T23:00:00Z,1.30560231,1.30599451,1.29600823,1.29939318,0,
2005-04-25T23:00:00Z,1.29949450,1.30150712,1.29500127,1.29849887,0,
2005-04-26T23:00:00Z,1.29839778,1.29870129,1.29100549,1.29210651,0,
2005-04-27T23:00:00Z,1.29230690,1.29399586,1.28849375,1.29050577,0,
2005-04-28T23:00:00Z,1.29050577,1.29789221,1.28579330,1.28759789,0,
2005-05-01T23:00:00Z,1.28620672,1.28749835,1.28420818,1.28460395,0,
2005-05-02T23:00:00Z,1.28490114,1.29000628,1.28330171,1.28869307,0,
2005-05-03T23:00:00Z,1.28869307,1.29720199,1.28789639,1.29500127,0,
2005-05-04T23:00:00Z,1.29500127,1.29870129,1.29319263,1.29560530,0,
2005-05-05T23:00:00Z,1.29550457,1.29639471,1.28109872,1.28119707,0,
2005-05-08T23:00:00Z,1.28190339,1.28720009,1.27949226,1.28549576,0,
2005-05-09T23:00:00Z,1.28559494,1.28879273,1.28200197,1.28869307,0,
2005-05-10T23:00:00Z,1.28859329,1.29030597,1.27900136,1.28139424,0,
2005-05-11T23:00:00Z,1.28129566,1.28129566,1.26689720,1.26810217,0,
2005-05-12T23:00:00Z,1.26770031,1.26909995,1.26109767,1.26160681,0,
2005-05-15T23:00:00Z,1.26060486,1.26479816,1.25860572,1.26399875,0,
2005-05-16T23:00:00Z,1.26390290,1.26609516,1.26000130,1.26030290,0,
2005-05-17T23:00:00Z,1.26020777,1.26909995,1.25890672,1.26810217,0,
2005-05-18T23:00:00Z,1.26789320,1.26909995,1.26189327,1.26350367,0,
2005-05-19T23:00:00Z,1.26390290,1.26550245,1.25420153,1.25569773,0,
2005-05-22T23:00:00Z,1.25539827,1.25969970,1.25390267,1.25710261,0,
2005-05-23T23:00:00Z,1.25700784,1.26289737,1.25599742,1.25680244,0,
2005-05-24T23:00:00Z,1.25680244,1.26189327,1.25560319,1.25990605,0,
2005-05-25T23:00:00Z,1.25990605,1.26149535,1.25020313,1.25139213,0,
2005-05-26T23:00:00Z,1.25120437,1.25930309,1.25100088,1.25819397,0,
2005-05-29T23:00:00Z,1.25280309,1.25470519,1.24660301,1.24829924,0,
2005-05-30T23:00:00Z,1.24850178,1.24890721,1.22999716,1.23079956,0,
2005-05-31T23:00:00Z,1.23099649,1.23409557,1.21669304,1.21960151,0,
2005-06-01T23:00:00Z,1.21989894,1.22949815,1.21879876,1.22669291,0,
2005-06-02T23:00:00Z,1.22699392,1.23169398,1.22089684,1.22300231,0,
2005-06-05T23:00:00Z,1.22310698,1.22949815,1.22229958,1.22600102,0,
2005-06-06T23:00:00Z,1.22600102,1.23149681,1.22439480,1.22789776,0,
2005-06-07T23:00:00Z,1.22800338,1.23459840,1.22159791,1.22379541,0,
2005-06-08T23:00:00Z,1.22390032,1.22509992,1.21879876,1.22279286,0,
2005-06-09T23:00:00Z,1.22300231,1.22499478,1.21109366,1.21369529,0,
2005-06-12T23:00:00Z,1.21169519,1.21229756,1.20339835,1.21179807,0,
2005-06-14T23:00:00Z,1.20260251,1.21310639,1.20219767,1.21219468,0,
2005-06-15T23:00:00Z,1.21250331,1.21620476,1.20640361,1.20990670,0,
2005-06-16T23:00:00Z,1.20980430,1.22919583,1.20939457,1.22789776,0,
2005-06-19T23:00:00Z,1.21979487,1.22479975,1.21300340,1.21519971,0,
2005-06-20T23:00:00Z,1.21509635,1.22509992,1.20759821,1.21740401,0,
2005-06-21T23:00:00Z,1.21740401,1.22000313,1.21040463,1.21210647,0,
2005-06-22T23:00:00Z,1.21200371,1.21400476,1.20250118,1.20290625,0,
2005-06-23T23:00:00Z,1.20309436,1.21080029,1.20059550,1.20980430,0,
2005-06-26T23:00:00Z,1.21090305,1.21860564,1.21090305,1.21639705,0,
2005-06-27T23:00:00Z,1.21610117,1.21719646,1.20529842,1.20730662,0,
2005-06-28T23:00:00Z,1.20659280,1.21080029,1.20239997,1.20780241,0,
2005-06-29T23:00:00Z,1.20970178,1.21190083,1.20470321,1.20910215,0,
2005-06-30T23:00:00Z,1.20879519,1.21009707,1.19360220,1.19360220,0,
2005-07-03T23:00:00Z,1.19119942,1.19490016,1.18930101,1.19090152,0,
2005-07-04T23:00:00Z,1.19090152,1.19380176,1.18719721,1.19310379,0,
2005-07-05T23:00:00Z,1.19290459,1.19470036,1.18979621,1.19290459,0,
2005-07-06T23:00:00Z,1.19290459,1.20299304,1.19119942,1.19450057,0,
2005-07-07T23:00:00Z,1.19440067,1.19819307,1.18859422,1.19810700,0,
2005-07-10T23:00:00Z,1.19710302,1.20850301,1.19630098,1.20689857,0,
2005-07-11T23:00:00Z,1.20679665,1.22529507,1.20570540,1.22300231,0,
2005-07-12T23:00:00Z,1.22319674,1.22349596,1.20730662,1.20800674,0,
2005-07-13T23:00:00Z,1.20770037,1.21260619,1.20609808,1.20939457,0,
2005-07-14T23:00:00Z,1.20939457,1.21379852,1.20280492,1.20460153,0,
2005-07-17T23:00:00Z,1.20380402,1.20879519,1.20349979,1.20560360,0,
2005-07-18T23:00:00Z,1.20540023,1.20650542,1.19590044,1.20299304,0,
2005-07-19T23:00:00Z,1.20290625,1.21759665,1.20069647,1.21580553,0,
2005-07-20T23:00:00Z,1.21580553,1.22270310,1.21109366,1.21610117,0,
2005-07-21T23:00:00Z,1.21610117,1.21900678,1.20580709,1.20609808,0,
2005-07-24T23:00:00Z,1.20509505,1.20879519,1.20329702,1.20650542,0,
2005-07-25T23:00:00Z,1.20619988,1.20619988,1.19839418,1.20170641,0,
2005-07-26T23:00:00Z,1.20179307,1.20860517,1.19760478,1.20669472,0,
2005-07-27T23:00:00Z,1.20679665,1.21499300,1.20419550,1.21319473,0,
2005-07-28T23:00:00Z,1.21310639,1.21639705,1.20809424,1.21240044,0,
2005-07-31T23:00:00Z,1.21229756,1.22449982,1.21219468,1.21839786,0,
2005-08-01T23:00:00Z,1.21839786,1.22449982,1.21839786,1.21939325,0,
2005-08-02T23:00:00Z,1.21909595,1.23450696,1.21559858,1.23350191,0,
2005-08-03T23:00:00Z,1.23359323,1.23940313,1.23049664,1.23849738,0,
2005-08-04T23:00:00Z,1.23849738,1.23960280,1.23169398,1.23659837,0,
2005-08-07T23:00:00Z,1.23369980,1.23900390,1.23199749,1.23510158,0,
2005-08-08T23:00:00Z,1.23529994,1.24129546,1.23350191,1.23780763,0,
2005-08-09T23:00:00Z,1.23770034,1.24220514,1.23459840,1.23860490,0,
2005-08-10T23:00:00Z,1.23869693,1.24770737,1.23809874,1.24730277,0,
2005-08-11T23:00:00Z,1.24710047,1.24839270,1.23900390,1.24449313,0,
2005-08-14T23:00:00Z,1.24540746,1.24579549,1.23510158,1.23710322,0,
2005-08-15T23:00:00Z,1.23699605,1.23739409,1.23060262,1.23499489,0,
2005-08-16T23:00:00Z,1.23499489,1.23690426,1.22640705,1.22780740,0,
2005-08-17T23:00:00Z,1.22780740,1.22960401,1.21639705,1.21839786,0,
2005-08-18T23:00:00Z,1.21829391,1.21960151,1.21329772,1.21549511,0,
2005-08-21T23:00:00Z,1.21690035,1.22409511,1.21599770,1.22340620,0,
2005-08-22T23:00:00Z,1.22319674,1.22540009,1.21949732,1.22349596,0,
2005-08-23T23:00:00Z,1.22340620,1.22809386,1.21650064,1.22740054,0,
2005-08-24T23:00:00Z,1.22729504,1.23240733,1.22600102,1.23019385,0,
2005-08-25T23:00:00Z,1.23029983,1.23400414,1.22770178,1.22940743,0,
2005-08-28T23:00:00Z,1.23060262,1.23459840,1.22200096,1.22349596,0,
2005-08-29T23:00:00Z,1.22360075,1.22400522,1.21759665,1.22180688,0,
2005-08-30T23:00:00Z,1.22159791,1.23549831,1.21930397,1.23409557,0,
2005-08-31T23:00:00Z,1.23380625,1.25090694,1.23289359,1.24900079,0,
2005-09-01T23:00:00Z,1.24900079,1.25879586,1.24710047,1.25330555,0,
2005-09-04T23:00:00Z,1.25390267,1.25860572,1.25159574,1.25269330,0,
2005-09-05T23:00:00Z,1.25269330,1.25269330,1.24480295,1.24579549,0,
2005-09-06T23:00:00Z,1.24579549,1.25349402,1.24109519,1.24160361,0,
2005-09-07T23:00:00Z,1.24160361,1.24500442,1.23860490,1.23940313,0,
2005-09-08T23:00:00Z,1.23949528,1.24469447,1.23820615,1.24109519,0,
2005-09-11T23:00:00Z,1.24020243,1.24140322,1.22759640,1.22910523,0,
2005-09-12T23:00:00Z,1.22899950,1.23149681,1.22559536,1.22800338,0,
2005-09-13T23:00:00Z,1.22770178,1.23269606,1.22679818,1.22789776,0,
2005-09-14T23:00:00Z,1.22780740,1.22860694,1.22019660,1.22360075,0,
2005-09-15T23:00:00Z,1.22360075,1.23060262,1.22059882,1.22390032,0,
2005-09-18T23:00:00Z,1.21540654,1.21759665,1.21040463,1.21390164,0,
2005-09-19T23:00:00Z,1.21390164,1.21860564,1.21150446,1.21190083,0,
2005-09-21T23:00:00Z,1.21669304,1.22690356,1.21369529,1.21540654,0,
2005-09-22T23:00:00Z,1.21549511,1.21620476,1.20400691,1.20409393,0,
2005-09-25T23:00:00Z,1.20260251,1.20800674,1.20160532,1.20730662,0,
2005-09-26T23:00:00Z,1.20739400,1.20790446,1.19859529,1.20189416,0,
2005-09-27T23:00:00Z,1.20179307,1.20679665,1.19970238,1.20619988,0,
2005-09-28T23:00:00Z,1.20619988,1.20749617,1.20130217,1.20209646,0,
2005-09-29T23:00:00Z,1.20199525,1.20770037,1.20049465,1.20280492,0,
2005-10-02T23:00:00Z,1.20209646,1.20299304,1.19040537,1.19129872,0,
2005-10-03T23:00:00Z,1.19139814,1.19470036,1.19090152,1.19189513,0,
2005-10-05T23:00:00Z,1.20099926,1.22049451,1.20029283,1.21719646,0,
2005-10-06T23:00:00Z,1.21690035,1.21799707,1.21030211,1.21300340,0,
2005-10-09T23:00:00Z,1.21160722,1.21519971,1.20450008,1.20490634,0,
2005-10-10T23:00:00Z,1.20529842,1.20570540,1.19810700,1.19849467,0,
2005-10-11T23:00:00Z,1.19839418,1.20470321,1.19580030,1.20280492,0,
2005-10-12T23:00:00Z,1.20250118,1.20370257,1.19189513,1.20189416,0,
2005-10-13T23:00:00Z,1.20170641,1.21050727,1.19849467,1.20770037,0,
2005-10-16T23:00:00Z,1.20700061,1.21210647,1.20099926,1.20110023,0,
2005-10-17T23:00:00Z,1.20130217,1.20179307,1.19229293,1.19550014,0,
2005-10-18T23:00:00Z,1.19524288,1.20020640,1.18819880,1.19740403,0,
2005-10-19T23:00:00Z,1.19710302,1.20250118,1.19540012,1.20179307,0,
2005-10-20T23:00:00Z,1.20189416,1.20749617,1.19360220,1.19540012,0,
2005-10-23T23:00:00Z,1.19450057,1.20179307,1.19250631,1.19760478,0,
2005-10-24T23:00:00Z,1.19760478,1.21169519,1.19420099,1.21119630,0,
2005-10-25T23:00:00Z,1.21109366,1.21365118,1.20580709,1.20630169,0,
2005-10-26T23:00:00Z,1.20580709,1.21719646,1.20490634,1.21429956,0,
2005-10-27T23:00:00Z,1.21459460,1.21685588,1.20540023,1.20710254,0,
2005-10-31T00:00:00Z,1.20650542,1.20889747,1.19744706,1.19889700,0,
2005-11-01T00:00:00Z,1.19889700,1.20400691,1.19770515,1.20239997,0,
2005-11-02T00:00:00Z,1.20229876,1.20800674,1.19909823,1.20675290,0,
2005-11-03T00:00:00Z,1.20669472,1.20800674,1.19390154,1.19520009,0,
2005-11-04T00:00:00Z,1.19470036,1.19899774,1.18080485,1.18130696,0,
2005-11-07T00:00:00Z,1.18069327,1.18299794,1.17785633,1.17930090,0,
2005-11-08T00:00:00Z,1.17899501,1.17949569,1.17139912,1.17680287,0,
2005-11-09T00:00:00Z,1.17689979,1.17889774,1.17249787,1.17780089,0,
2005-11-10T00:00:00Z,1.17749572,1.17899501,1.16740608,1.16755593,0,
2005-11-11T00:00:00Z,1.16750145,1.17399824,1.16750145,1.17350233,0,
2005-11-14T00:00:00Z,1.17359877,1.17730165,1.16630316,1.16919410,0,
2005-11-15T00:00:00Z,1.16919410,1.17369509,1.16484952,1.17319942,0,
2005-11-16T00:00:00Z,1.17310309,1.17319942,1.16490376,1.16770589,0,
2005-11-17T00:00:00Z,1.16810143,1.17615235,1.16484952,1.17479825,0,
2005-11-18T00:00:00Z,1.17489481,1.17820323,1.16699731,1.17760670,0,
2005-11-21T00:00:00Z,1.17749572,1.18340397,1.17204440,1.17369509,0,
2005-11-22T00:00:00Z,1.17359877,1.18239641,1.16904366,1.18140471,0,
2005-11-23T00:00:00Z,1.18125117,1.18570518,1.17689979,1.18080485,0,
2005-11-24T00:00:00Z,1.18100011,1.18229866,1.17760670,1.17810607,0,
2005-11-25T00:00:00Z,1.17795336,1.17795336,1.17130303,1.17249787,0,
2005-11-28T00:00:00Z,1.17090535,1.18849528,1.16860652,1.18500257,0,
2005-11-29T00:00:00Z,1.18500257,1.18609893,1.17449462,1.17680287,0,
2005-12-01T00:00:00Z,1.17989922,1.17999673,1.16939926,1.17420506,0,
2005-12-02T00:00:00Z,1.17420506,1.17430162,1.16680670,1.17189336,0,
2005-12-05T00:00:00Z,1.17200315,1.18189347,1.16909838,1.17870319,0,
2005-12-06T00:00:00Z,1.17855036,1.18080485,1.17605543,1.17980182,0,
2005-12-07T00:00:00Z,1.17984354,1.17989922,1.17079568,1.17179716,0,
2005-12-08T00:00:00Z,1.17189336,1.18480599,1.17090535,1.18130696,0,
2005-12-09T00:00:00Z,1.18189347,1.18369806,1.17709374,1.18140471,0,
2005-12-12T00:00:00Z,1.17949569,1.19819307,1.17945385,1.19560027,0,
2005-12-13T00:00:00Z,1.19520009,1.19810700,1.19129872,1.19490016,0,
2005-12-14T00:00:00Z,1.19490016,1.20570540,1.19480026,1.19740403,0,
2005-12-15T00:00:00Z,1.19800651,1.20380402,1.19400132,1.19670188,0,
2005-12-16T00:00:00Z,1.19680214,1.20290625,1.19440067,1.20140314,0,
2005-12-19T00:00:00Z,1.20360124,1.20390546,1.19780552,1.20069647,0,
2005-12-20T00:00:00Z,1.20079732,1.20140314,1.18439913,1.18749332,0,
2005-12-21T00:00:00Z,1.18780363,1.19080222,1.18045640,1.18340397,0,
2005-12-22T00:00:00Z,1.18309593,1.18959820,1.18160009,1.18729591,0,
2005-12-23T00:00:00Z,1.18729591,1.18869317,1.18369806,1.18719721,0,
2005-12-26T00:00:00Z,1.18619740,1.18979621,1.18360007,1.18379629,0,
2005-12-27T00:00:00Z,1.18369806,1.18760622,1.18274617,1.18560672,0,
2005-12-28T00:00:00Z,1.18549430,1.19310379,1.18169785,1.18480599,0,
2005-12-29T00:00:00Z,1.18490434,1.18760622,1.18220079,1.18500257,0,
2005-12-30T00:00:00Z,1.18490434,1.18900406,1.17830038,1.18410456,0,
2006-01-02T00:00:00Z,1.18420279,1.18649304,1.18150246,1.18169785,0,
2006-01-03T00:00:00Z,1.18169785,1.20349979,1.18169785,1.20329702,0,
2006-01-04T00:00:00Z,1.20309436,1.21419644,1.20290625,1.21119630,0,
2006-01-05T00:00:00Z,1.21140170,1.21219468,1.20720458,1.21069777,0,
2006-01-06T00:00:00Z,1.21050727,1.21740401,1.20860517,1.21540654,0,
2006-01-09T00:00:00Z,1.21400476,1.21549511,1.20580709,1.20749617,0,
2006-01-10T00:00:00Z,1.20749617,1.21059513,1.20409393,1.20640361,0,
2006-01-11T00:00:00Z,1.20640361,1.21450603,1.20480478,1.21390164,0,
2006-01-12T00:00:00Z,1.21400476,1.21610117,1.20130217,1.20450008,0,
2006-01-13T00:00:00Z,1.20400691,1.21469784,1.20339835,1.21429956,0,
2006-01-16T00:00:00Z,1.21650064,1.21709287,1.21100557,1.21160722,0,
2006-01-17T00:00:00Z,1.21169519,1.21409321,1.20540023,1.21084440,0,
2006-01-18T00:00:00Z,1.21090305,1.21540654,1.20774400,1.21080029,0,
2006-01-19T00:00:00Z,1.21069777,1.21210647,1.20619988,1.20910215,0,
2006-01-20T00:00:00Z,1.20899975,1.21419644,1.20580709,1.21360695,0,
2006-01-23T00:00:00Z,1.21679676,1.23210371,1.21679676,1.23040569,0,
2006-01-24T00:00:00Z,1.23040569,1.23079956,1.22634685,1.22649717,0,
2006-01-25T00:00:00Z,1.22660255,1.23204303,1.22400522,1.22449982,0,
2006-01-26T00:00:00Z,1.22460473,1.22679818,1.22019660,1.22149348,0,
2006-01-27T00:00:00Z,1.22159791,1.22310698,1.20910215,1.20939457,0,
2006-01-30T00:00:00Z,1.21059513,1.21140170,1.20700061,1.20860517,0,
2006-01-31T00:00:00Z,1.20860517,1.21845722,1.20829856,1.21484542,0,
2006-02-01T00:00:00Z,1.21490443,1.21650064,1.20540023,1.20669472,0,
2006-02-02T00:00:00Z,1.20659280,1.21059513,1.20390546,1.20840085,0,
2006-02-03T00:00:00Z,1.20840085,1.21090305,1.19750440,1.20270371,0,
2006-02-06T00:00:00Z,1.20309436,1.20429695,1.19500005,1.19630098,0,
2006-02-07T00:00:00Z,1.19610071,1.20130217,1.19530010,1.19929957,0,
2006-02-08T00:00:00Z,1.19919896,1.19940031,1.19274807,1.19650137,0,
2006-02-09T00:00:00Z,1.19660163,1.19950104,1.19520009,1.19940031,0,
2006-02-10T00:00:00Z,1.20010567,1.20239997,1.18949902,1.19070303,0,
2006-02-13T00:00:00Z,1.19009364,1.19179571,1.18839645,1.19119942,0,
2006-02-14T00:00:00Z,1.19119942,1.19240677,1.18660557,1.19159687,0,
2006-02-15T00:00:00Z,1.19159687,1.19490016,1.18764842,1.18859422,0,
2006-02-16T00:00:00Z,1.18819880,1.19110012,1.18529761,1.19070303,0,
2006-02-17T00:00:00Z,1.19080222,1.19420099,1.18619740,1.19420099,0,
2006-02-20T00:00:00Z,1.19494295,1.19750440,1.19290459,1.19340289,0,
2006-02-21T00:00:00Z,1.19350255,1.19370198,1.18969727,1.19199455,0,
2006-02-22T00:00:00Z,1.19199455,1.19300425,1.18690133,1.19159687,0,
2006-02-23T00:00:00Z,1.19129872,1.19680214,1.18949902,1.19219351,0,
2006-02-24T00:00:00Z,1.19240677,1.19320357,1.18670416,1.18780363,0,
2006-02-27T00:00:00Z,1.18439913,1.18770480,1.18319392,1.18500257,0,
2006-02-28T00:00:00Z,1.18490434,1.19404411,1.18379629,1.19300425,0,
2006-03-01T00:00:00Z,1.19290459,1.19680214,1.18965483,1.19199455,0,
2006-03-02T00:00:00Z,1.19185245,1.20460153,1.19155419,1.20390546,0,
2006-03-03T00:00:00Z,1.20370257,1.20499349,1.20089829,1.20460153,0,
2006-03-06T00:00:00Z,1.20864916,1.20920444,1.19950104,1.20160532,0,
2006-03-07T00:00:00Z,1.20199525,1.20219767,1.18715501,1.18900406,0,
2006-03-08T00:00:00Z,1.18920207,1.19390154,1.18760622,1.19270539,0,
2006-03-09T00:00:00Z,1.19280493,1.19480026,1.19020700,1.19040537,0,
2006-03-10T00:00:00Z,1.19009364,1.19290459,1.18670416,1.19110012,0,
2006-03-13T00:00:00Z,1.19229293,1.19690239,1.19205141,1.19670188,0,
2006-03-14T00:00:00Z,1.19670188,1.20290625,1.19440067,1.20189416,0,
2006-03-15T00:00:00Z,1.20170641,1.20759821,1.20114350,1.20710254,0,
2006-03-16T00:00:00Z,1.20720458,1.21900678,1.20390546,1.21749294,0,
2006-03-17T00:00:00Z,1.21759665,1.22040510,1.21509635,1.21920002,0,
2006-03-20T00:00:00Z,1.21810102,1.21949732,1.21530318,1.21629345,0,
2006-03-21T00:00:00Z,1.21580553,1.21610117,1.20819640,1.21080029,0,
2006-03-22T00:00:00Z,1.21059513,1.21080029,1.20700061,1.20790446,0,
2006-03-23T00:00:00Z,1.20809424,1.20809424,1.19580030,1.19720328,0,
2006-03-24T00:00:00Z,1.19680214,1.20480478,1.19570029,1.20349979,0,
2006-03-26T23:00:00Z,1.20329702,1.20580709,1.20069647,1.20110023,0,
2006-03-27T23:00:00Z,1.20150435,1.21040463,1.19970238,1.20110023,0,
2006-03-28T23:00:00Z,1.20089829,1.20499349,1.19859529,1.20309436,0,
2006-03-29T23:00:00Z,1.20299304,1.21749294,1.20270371,1.21679676,0,
2006-03-30T23:00:00Z,1.21679676,1.21759665,1.20895600,1.21150446,0,
2006-04-02T23:00:00Z,1.21210647,1.21490443,1.20380402,1.21390164,0,
2006-04-03T23:00:00Z,1.21369529,1.22759640,1.21260619,1.22600102,0,
2006-04-04T23:00:00Z,1.22610617,1.23069346,1.22469473,1.22880316,0,
2006-04-05T23:00:00Z,1.22860694,1.23289359,1.22019660,1.22140384,0,
2006-04-06T23:00:00Z,1.22149348,1.22200096,1.20850301,1.20949697,0,
2006-04-09T23:00:00Z,1.21109366,1.21290040,1.20829856,1.21119630,0,
2006-04-10T23:00:00Z,1.21119630,1.21540654,1.20959938,1.21480107,0,
2006-04-11T23:00:00Z,1.21469784,1.21690035,1.20780241,1.21140170,0,
2006-04-12T23:00:00Z,1.21150446,1.21329772,1.20790446,1.21160722,0,
2006-04-13T23:00:00Z,1.21160722,1.21179807,1.21009707,1.21119630,0,
2006-04-16T23:00:00Z,1.21290040,1.22880316,1.21290040,1.22540009,0,
2006-04-17T23:00:00Z,1.22520494,1.23699605,1.22279286,1.23670542,0,
2006-04-18T23:00:00Z,1.23670542,1.23949528,1.22930157,1.23780763,0,
2006-04-19T23:00:00Z,1.23789954,1.23800683,1.22980058,1.23090553,0,
2006-04-20T23:00:00Z,1.23090553,1.23560524,1.22720468,1.23409557,0,
2006-04-23T23:00:00Z,1.23750126,1.24140322,1.23420227,1.23889649,0,
2006-04-24T23:00:00Z,1.23880434,1.24379659,1.23684311,1.24289989,0,
2006-04-25T23:00:00Z,1.24289989,1.24700713,1.23900390,1.24489594,0,
2006-04-26T23:00:00Z,1.24500442,1.25459492,1.24129546,1.25319564,0,
2006-04-27T23:00:00Z,1.25319564,1.26380706,1.25250506,1.26359951,0,
2006-04-30T23:00:00Z,1.26249874,1.26879394,1.25659716,1.25800407,0,
2006-05-01T23:00:00Z,1.25800407,1.26649618,1.25620246,1.26170230,0,
2006-05-02T23:00:00Z,1.26149535,1.26689720,1.25979483,1.26230741,0,
2006-05-03T23:00:00Z,1.26219594,1.27189243,1.25779831,1.27009940,0,
2006-05-04T23:00:00Z,1.27019608,1.27630782,1.26774848,1.27279902,0,
2006-05-07T23:00:00Z,1.27330148,1.27849448,1.26969612,1.27029288,0,
2006-05-08T23:00:00Z,1.27029288,1.27749813,1.26670468,1.27669895,0,
2006-05-09T23:00:00Z,1.27669895,1.28229785,1.27539635,1.27744925,0,
2006-05-10T23:00:00Z,1.27769399,1.28650463,1.26959944,1.28519833,0,
2006-05-11T23:00:00Z,1.28559494,1.29439783,1.28460395,1.29299200,0,
2006-05-14T23:00:00Z,1.29730296,1.29730296,1.27820027,1.27900136,0,
2006-05-15T23:00:00Z,1.27859259,1.28660393,1.27774298,1.28500021,0,
2006-05-16T23:00:00Z,1.28509927,1.29170597,1.27079332,1.27419376,0,
2006-05-17T23:00:00Z,1.27430749,1.28720009,1.27320409,1.28509927,0,
2006-05-18T23:00:00Z,1.28480208,1.28600824,1.27019608,1.27669895,0,
2006-05-21T23:00:00Z,1.27679682,1.28819501,1.27029288,1.28529751,0,
2006-05-22T23:00:00Z,1.28480208,1.28769743,1.27720451,1.27829838,0,
2006-05-23T23:00:00Z,1.27849448,1.28879273,1.27359331,1.27740026,0,
2006-05-24T23:00:00Z,1.27730238,1.28239655,1.27505481,1.28100014,0,
2006-05-25T23:00:00Z,1.28090167,1.28254461,1.27079332,1.27390158,0,
2006-05-28T23:00:00Z,1.27399898,1.27689457,1.27370691,1.27510357,0,
2006-05-29T23:00:00Z,1.27520120,1.29050577,1.27479482,1.28650463,0,
2006-05-30T23:00:00Z,1.28660393,1.29000628,1.28090167,1.28160763,0,
2006-05-31T23:00:00Z,1.28160763,1.28219914,1.27279902,1.28109872,0,
2006-06-01T23:00:00Z,1.28119707,1.29379499,1.28004909,1.29180598,0,
2006-06-04T23:00:00Z,1.29250741,1.29765642,1.29000628,1.29010618,0,
2006-06-05T23:00:00Z,1.29000628,1.29319263,1.28109872,1.28219914,0,
2006-06-06T23:00:00Z,1.28214991,1.28369713,1.27669895,1.28019667,0,
2006-06-07T23:00:00Z,1.28019667,1.28090167,1.26320052,1.26489413,0,
2006-06-08T23:00:00Z,1.26489413,1.26810217,1.26060486,1.26409471,0,
2006-06-11T23:00:00Z,1.26154304,1.26489413,1.25719750,1.25860572,0,
2006-06-12T23:00:00Z,1.25870073,1.26119304,1.25339985,1.25459492,0,
2006-06-13T23:00:00Z,1.25459492,1.26409471,1.25410724,1.26090693,0,
2006-06-14T23:00:00Z,1.26100218,1.26489413,1.25930309,1.26399875,0,
2006-06-15T23:00:00Z,1.26395082,1.26720226,1.26219594,1.26449418,0,
2006-06-18T23:00:00Z,1.26380706,1.26439834,1.25565040,1.25800407,0,
2006-06-19T23:00:00Z,1.25800407,1.26160681,1.25450051,1.25890672,0,
2006-06-20T23:00:00Z,1.25900185,1.26779664,1.25900185,1.26609516,0,
2006-06-21T23:00:00Z,1.26609516,1.26789320,1.25569773,1.25849485,0,
2006-06-22T23:00:00Z,1.25839984,1.25879586,1.24859536,1.25239515,0,
2006-06-25T23:00:00Z,1.25090694,1.25990605,1.25070357,1.25890672,0,
2006-06-26T23:00:00Z,1.25919211,1.26189327,1.25670767,1.25689721,0,
2006-06-27T23:00:00Z,1.25700784,1.25860572,1.25220704,1.25459492,0,
2006-06-28T23:00:00Z,1.25459492,1.26699352,1.25230110,1.26639986,0,
2006-06-29T23:00:00Z,1.26630366,1.27949226,1.26599908,1.27829838,0,
2006-07-02T23:00:00Z,1.27890325,1.28210056,1.27650344,1.28009832,0,
2006-07-03T23:00:00Z,1.28009832,1.28219914,1.27820027,1.27900136,0,
2006-07-04T23:00:00Z,1.27919769,1.28364754,1.27110028,1.27339864,0,
2006-07-05T23:00:00Z,1.27335012,1.27829838,1.27229702,1.27759600,0,
2006-07-06T23:00:00Z,1.27769399,1.28539658,1.27689457,1.28239655,0,
2006-07-09T23:00:00Z,1.28090167,1.28139424,1.27260458,1.27450228,0,
2006-07-10T23:00:00Z,1.27430749,1.27790630,1.27100337,1.27674782,0,
2006-07-11T23:00:00Z,1.27689457,1.27774298,1.26824689,1.27119720,0,
2006-07-12T23:00:00Z,1.27150428,1.27299345,1.26710594,1.26969612,0,
2006-07-13T23:00:00Z,1.26979291,1.26979291,1.26299310,1.26439834,0,
2006-07-16T23:00:00Z,1.26390290,1.26409471,1.25139213,1.25179946,0,
2006-07-17T23:00:00Z,1.25189352,1.25569773,1.24854851,1.25020313,0,
2006-07-18T23:00:00Z,1.25020313,1.26079559,1.24660301,1.25990605,0,
2006-07-19T23:00:00Z,1.26000130,1.26529431,1.25919211,1.26329613,0,
2006-07-20T23:00:00Z,1.26350367,1.27069640,1.26320052,1.27059960,0,
2006-07-23T23:00:00Z,1.27069640,1.27069640,1.26139987,1.26240313,0,
2006-07-24T23:00:00Z,1.26224375,1.26699352,1.25670767,1.25839984,0,
2006-07-25T23:00:00Z,1.25839984,1.27250755,1.25640762,1.27129424,0,
2006-07-26T23:00:00Z,1.27119720,1.27689457,1.26860082,1.26959944,0,
2006-07-27T23:00:00Z,1.26950276,1.27699244,1.26630366,1.27510357,0,
2006-07-30T23:00:00Z,1.27650344,1.27820027,1.27459979,1.27740026,0,
2006-07-31T23:00:00Z,1.27740026,1.28310406,1.27229702,1.28200197,0,
2006-08-01T23:00:00Z,1.28185403,1.28349924,1.27820027,1.27919769,0,
2006-08-02T23:00:00Z,1.27914858,1.28310406,1.27469730,1.27990162,0,
2006-08-03T23:00:00Z,1.27999997,1.29090559,1.27800429,1.28789639,0,
2006-08-06T23:00:00Z,1.28839409,1.28940749,1.28109872,1.28190339,0,
2006-08-08T23:00:00Z,1.27730238,1.29000628,1.27730238,1.28749835,0,
2006-08-09T23:00:00Z,1.28724980,1.29100549,1.27529883,1.27929592,0,
2006-08-10T23:00:00Z,1.27919769,1.28009832,1.27210283,1.27250755,0,
2006-08-13T23:00:00Z,1.27339864,1.27619386,1.27129424,1.27229702,0,
2006-08-14T23:00:00Z,1.27219987,1.28029501,1.27110028,1.27909958,0,
2006-08-15T23:00:00Z,1.27890325,1.28640521,1.27749813,1.28430700,0,
2006-08-16T23:00:00Z,1.28420818,1.28869307,1.28149271,1.28320289,0,
2006-08-17T23:00:00Z,1.28300524,1.28445554,1.27844548,1.28280783,0,
2006-08-20T23:00:00Z,1.28389478,1.29369462,1.28359818,1.28729951,0,
2006-08-21T23:00:00Z,1.28720009,1.28829455,1.27875602,1.28119707,0,
2006-08-22T23:00:00Z,1.28119707,1.28465354,1.27800429,1.27810228,0,
2006-08-23T23:00:00Z,1.27839637,1.28389478,1.27560782,1.27619386,0,
2006-08-24T23:00:00Z,1.27619386,1.27829838,1.27330148,1.27570546,0,
2006-08-27T23:00:00Z,1.27609611,1.28190339,1.27570546,1.27924669,0,
2006-08-28T23:00:00Z,1.27934492,1.28389478,1.27529883,1.28290653,0,
2006-08-29T23:00:00Z,1.28290653,1.28490114,1.28139424,1.28409266,0,
2006-08-30T23:00:00Z,1.28394425,1.28779685,1.27900136,1.28090167,0,
2006-08-31T23:00:00Z,1.28090167,1.28450501,1.27599847,1.28359818,0,
2006-09-03T23:00:00Z,1.28529751,1.28759789,1.28430700,1.28569412,0,
2006-09-04T23:00:00Z,1.28569412,1.28650463,1.27999997,1.28239655,0,
2006-09-05T23:00:00Z,1.28229785,1.28320289,1.27740026,1.28190339,0,
2006-09-06T23:00:00Z,1.28210056,1.28300524,1.27105176,1.27320409,0,
2006-09-07T23:00:00Z,1.27310681,1.27390158,1.26599908,1.26729858,0,
2006-09-10T23:00:00Z,1.26729858,1.27359331,1.26540625,1.27100337,0,
2006-09-11T23:00:00Z,1.27079332,1.27310681,1.26784492,1.26950276,0,
2006-09-12T23:00:00Z,1.26909995,1.27129424,1.26710594,1.26969612,0,
2006-09-13T23:00:00Z,1.26969612,1.27515244,1.26789320,1.27229702,0,
2006-09-14T23:00:00Z,1.27229702,1.27370691,1.26364732,1.26510215,0,
2006-09-17T23:00:00Z,1.26430237,1.27110028,1.26350367,1.27069640,0,
2006-09-18T23:00:00Z,1.27090633,1.27270186,1.26529431,1.26770031,0,
2006-09-19T23:00:00Z,1.26789320,1.27210283,1.26680088,1.26879394,0,
2006-09-20T23:00:00Z,1.26869750,1.27999997,1.26855266,1.27810228,0,
2006-09-21T23:00:00Z,1.27820027,1.28300524,1.27769399,1.27999997,0,
2006-09-24T23:00:00Z,1.27929592,1.28200197,1.27359331,1.27450228,0,
2006-09-25T23:00:00Z,1.27489221,1.27619386,1.26670468,1.26869750,0,
2006-09-26T23:00:00Z,1.26879394,1.27140725,1.26750743,1.27059960,0,
2006-09-27T23:00:00Z,1.27069640,1.27330148,1.26840782,1.27035749,0,
2006-09-28T23:00:00Z,1.27064800,1.27150428,1.26439834,1.26620746,0,
2006-10-01T23:00:00Z,1.26800561,1.27590072,1.26649618,1.27419376,0,
2006-10-02T23:00:00Z,1.27419376,1.27660120,1.27219987,1.27349603,0,
2006-10-03T23:00:00Z,1.27359331,1.27390158,1.26720226,1.27129424,0,
2006-10-04T23:00:00Z,1.27150428,1.27250755,1.26765203,1.26955116,0,
2006-10-05T23:00:00Z,1.26959944,1.26969612,1.25770342,1.26039827,0,
2006-10-08T23:00:00Z,1.25909698,1.26139987,1.25879586,1.26009655,0,
2006-10-09T23:00:00Z,1.26009655,1.26125681,1.25239515,1.25319564,0,
2006-10-10T23:00:00Z,1.25319564,1.25569773,1.25059402,1.25239515,0,
2006-10-11T23:00:00Z,1.25250506,1.25670767,1.25189352,1.25599742,0,
2006-10-12T23:00:00Z,1.25610781,1.25789332,1.24879801,1.25050020,0,
2006-10-15T23:00:00Z,1.25050020,1.25429595,1.24920368,1.25410724,0,
2006-10-16T23:00:00Z,1.25399709,1.25659716,1.25200319,1.25450051,0,
2006-10-17T23:00:00Z,1.25440609,1.25599742,1.25034380,1.25390267,0,
2006-10-18T23:00:00Z,1.25399709,1.26399875,1.25349402,1.26270604,0,
2006-10-19T23:00:00Z,1.26289737,1.26409471,1.26020777,1.26160681,0,
2006-10-22T23:00:00Z,1.26119304,1.26230741,1.25395000,1.25509882,0,
2006-10-23T23:00:00Z,1.25519335,1.25779831,1.25280309,1.25590277,0,
2006-10-24T23:00:00Z,1.25579238,1.26200485,1.25569773,1.26160681,0,
2006-10-25T23:00:00Z,1.26139987,1.27000248,1.26135218,1.26940608,0,
2006-10-26T23:00:00Z,1.26924491,1.27560782,1.26665664,1.27430749,0,
2006-10-30T00:00:00Z,1.27310681,1.27349603,1.27029288,1.27179539,0,
2006-10-31T00:00:00Z,1.27189243,1.27829838,1.26840782,1.27669895,0,
2006-11-01T00:00:00Z,1.27650344,1.27939403,1.27464855,1.27544522,0,
2006-11-02T00:00:00Z,1.27549398,1.27849448,1.27409625,1.27800429,0,
2006-11-03T00:00:00Z,1.27790630,1.27820027,1.26900327,1.27069640,0,
2006-11-06T00:00:00Z,1.27189243,1.27339864,1.26935768,1.27255607,0,
2006-11-07T00:00:00Z,1.27279902,1.28180480,1.27250755,1.27790630,0,
2006-11-08T00:00:00Z,1.27790630,1.28060651,1.27529883,1.27599847,0,
2006-11-09T00:00:00Z,1.27594972,1.28460395,1.27529883,1.28325224,0,
2006-11-10T00:00:00Z,1.28369713,1.28940749,1.28335118,1.28539658,0,
2006-11-13T00:00:00Z,1.28470302,1.28789639,1.27985251,1.28259397,0,
2006-11-14T00:00:00Z,1.28190339,1.28700125,1.27999997,1.28139424,0,
2006-11-15T00:00:00Z,1.28139424,1.28340054,1.27820027,1.28249514,0,
2006-11-16T00:00:00Z,1.28239655,1.28349924,1.27890325,1.27939403,0,
2006-11-17T00:00:00Z,1.27919769,1.28500021,1.27650344,1.28500021,0,
2006-11-20T00:00:00Z,1.28210056,1.28509927,1.28080332,1.28180480,0,
2006-11-21T00:00:00Z,1.28160763,1.28529751,1.28014743,1.28460395,0,
2006-11-22T00:00:00Z,1.28440607,1.29560530,1.28440607,1.29389536,0,
2006-11-23T00:00:00Z,1.28440607,1.29760587,1.28440607,1.29520261,0,
2006-11-24T00:00:00Z,1.29520261,1.31049573,1.29500127,1.30850661,0,
2006-11-27T00:00:00Z,1.31580687,1.31580687,1.31010091,1.31330121,0,
2006-11-28T00:00:00Z,1.31340456,1.32100391,1.31219816,1.32039344,0,
2006-11-29T00:00:00Z,1.32020175,1.32140541,1.31399143,1.31480336,0,
2006-11-30T00:00:00Z,1.31480336,1.32705200,1.31469965,1.32510006,0,
2006-12-01T00:00:00Z,1.32599616,1.33470356,1.32234907,1.33409822,0,
2006-12-04T00:00:00Z,1.33554149,1.33554149,1.32869184,1.33360004,0,
2006-12-05T00:00:00Z,1.33360004,1.33570206,1.32945132,1.33189487,0,
2006-12-06T00:00:00Z,1.33180618,1.33409822,1.32620716,1.32865644,0,
2006-12-07T00:00:00Z,1.32860351,1.33249831,1.32800364,1.32860351,0,
2006-12-08T00:00:00Z,1.32860351,1.34300292,1.31999266,1.33940530,0,
2006-12-11T00:00:00Z,1.31839156,1.32620716,1.31350815,1.32510006,0,
2006-12-12T00:00:00Z,1.32510006,1.32890368,1.32259393,1.32849753,0,
2006-12-13T00:00:00Z,1.32849753,1.32879770,1.31980097,1.32180715,0,
2006-12-14T00:00:00Z,1.32180715,1.32490695,1.31430221,1.31565106,0,
2006-12-15T00:00:00Z,1.31530488,1.31804395,1.30640399,1.30989492,0,
2006-12-18T00:00:00Z,1.30845523,1.31180227,1.30560231,1.31059873,0,
2006-12-19T00:00:00Z,1.31049573,1.32149279,1.30855799,1.32070732,0,
2006-12-20T00:00:00Z,1.32079458,1.32450330,1.31649959,1.31870461,0,
2006-12-21T00:00:00Z,1.31870461,1.32130075,1.31440592,1.31839156,0,
2006-12-22T00:00:00Z,1.31839156,1.32119596,1.31140661,1.31369793,0,
2006-12-25T00:00:00Z,1.31369793,1.31660366,1.31070185,1.31359446,0,
2006-12-26T00:00:00Z,1.31359446,1.31430221,1.30939746,1.31099403,0,
2006-12-27T00:00:00Z,1.31140661,1.31769669,1.31049573,1.31250823,0,
2006-12-28T00:00:00Z,1.31250823,1.31990552,1.31090808,1.31480336,0,
2006-12-29T00:00:00Z,1.31480336,1.32079458,1.31399143,1.31980097,0,
2007-01-01T00:00:00Z,1.31980097,1.32199943,1.31759250,1.32189453,0,
2007-01-02T00:00:00Z,1.32189453,1.32939839,1.32175481,1.32759809,0,
2007-01-03T00:00:00Z,1.32759809,1.32909787,1.31554711,1.31710660,0,
2007-01-04T00:00:00Z,1.31710660,1.31809616,1.30809581,1.30929470,0,
2007-01-05T00:00:00Z,1.30900335,1.31039274,1.29839778,1.29849887,0,
2007-01-08T00:00:00Z,1.30079603,1.30400193,1.29860008,1.30400193,0,
2007-01-09T00:00:00Z,1.30369592,1.30490375,1.29915690,1.29969716,0,
2007-01-10T00:00:00Z,1.29959583,1.30020404,1.29349375,1.29399586,0,
2007-01-11T00:00:00Z,1.29389536,1.30059302,1.28859329,1.28950727,0,
2007-01-12T00:00:00Z,1.28960705,1.29419684,1.28710067,1.29280818,0,
2007-01-15T00:00:00Z,1.29289174,1.29570603,1.29190624,1.29359412,0,
2007-01-16T00:00:00Z,1.29369462,1.29880250,1.29130566,1.29200637,0,
2007-01-17T00:00:00Z,1.29200637,1.29500127,1.29030597,1.29399586,0,
2007-01-18T00:00:00Z,1.29399586,1.29770696,1.29035592,1.29609227,0,
2007-01-19T00:00:00Z,1.29619312,1.30030560,1.29190624,1.29689908,0,
2007-01-22T00:00:00Z,1.29629385,1.29780805,1.29289174,1.29500127,0,
2007-01-23T00:00:00Z,1.29500127,1.30439317,1.29359412,1.30230379,0,
2007-01-24T00:00:00Z,1.30240560,1.30379796,1.29520261,1.29629385,0,
2007-01-25T00:00:00Z,1.29649568,1.30000126,1.29190624,1.29399586,0,
2007-01-26T00:00:00Z,1.29359412,1.29419684,1.28879273,1.29289174,0,
2007-01-29T00:00:00Z,1.29230690,1.29639471,1.29000628,1.29629385,0,
2007-01-30T00:00:00Z,1.29629385,1.29809439,1.29480016,1.29659641,0,
2007-01-31T00:00:00Z,1.29659641,1.30369592,1.29289174,1.30230379,0,
2007-02-01T00:00:00Z,1.30240560,1.30410397,1.30069458,1.30189693,0,
2007-02-02T00:00:00Z,1.30189693,1.30495501,1.29530323,1.29639471,0,
2007-02-05T00:00:00Z,1.29629385,1.29669738,1.29165590,1.29319263,0,
2007-02-06T00:00:00Z,1.29339337,1.29910624,1.29160583,1.29839778,0,
2007-02-07T00:00:00Z,1.29860008,1.30259216,1.29740393,1.30230379,0,
2007-02-08T00:00:00Z,1.30225289,1.30449533,1.29789221,1.30400193,0,
2007-02-09T00:00:00Z,1.30400193,1.30449533,1.29870129,1.30069458,0,
2007-02-12T00:00:00Z,1.30199850,1.30369592,1.29439783,1.29629385,0,
2007-02-13T00:00:00Z,1.29629385,1.30420613,1.29570603,1.30320323,0,
2007-02-14T00:00:00Z,1.30320323,1.31480336,1.30279589,1.31399143,0,
2007-02-15T00:00:00Z,1.31390512,1.31689847,1.31230152,1.31350815,0,
2007-02-16T00:00:00Z,1.31330121,1.31469965,1.31030679,1.31380153,0,
2007-02-19T00:00:00Z,1.31490707,1.31629169,1.31250823,1.31520116,0,
2007-02-20T00:00:00Z,1.31539142,1.31879139,1.31330121,1.31480336,0,
2007-02-21T00:00:00Z,1.31459606,1.31649959,1.31159580,1.31390512,0,
2007-02-22T00:00:00Z,1.31399143,1.31419861,1.30850661,1.31250823,0,
2007-02-23T00:00:00Z,1.31250823,1.31860018,1.31080496,1.31689847,0,
2007-02-26T00:00:00Z,1.31820035,1.31999266,1.31549525,1.31940043,0,
2007-02-27T00:00:00Z,1.31959200,1.32620716,1.31639576,1.32320642,0,
2007-02-28T00:00:00Z,1.32299638,1.32380199,1.31839156,1.32289135,0,
2007-03-01T00:00:00Z,1.32294381,1.32409990,1.31620502,1.31700253,0,
2007-03-02T00:00:00Z,1.31715870,1.32030630,1.31469965,1.31649959,0,
2007-03-05T00:00:00Z,1.31860018,1.31940043,1.30775368,1.30869496,0,
2007-03-06T00:00:00Z,1.30859220,1.31419861,1.30850661,1.31380153,0,
2007-03-07T00:00:00Z,1.31390512,1.31860018,1.31140661,1.31785297,0,
2007-03-08T00:00:00Z,1.31780076,1.31830466,1.31190550,1.31419861,0,
2007-03-09T00:00:00Z,1.31380153,1.31620502,1.30900335,1.31159580,0,
2007-03-12T00:00:00Z,1.31259429,1.31990552,1.31125188,1.31879139,0,
2007-03-13T00:00:00Z,1.31860018,1.32210422,1.31620502,1.31900024,0,
2007-03-14T00:00:00Z,1.31919158,1.32429290,1.31830466,1.32350409,0,
2007-03-16T00:00:00Z,1.32839179,1.33409822,1.32759809,1.33180618,0,
2007-03-19T00:00:00Z,1.33200133,1.33239174,1.32849753,1.33129203,0,
2007-03-20T00:00:00Z,1.33120334,1.33249831,1.32779193,1.33159339,0,
2007-03-21T00:00:00Z,1.33139837,1.34100389,1.32909787,1.33990777,0,
2007-03-22T00:00:00Z,1.33999753,1.33999753,1.33150470,1.33340442,0,
2007-03-23T00:00:00Z,1.33349335,1.33420503,1.32839179,1.32969880,0,
2007-03-25T23:00:00Z,1.32699919,1.33459675,1.32578516,1.33319116,0,
2007-03-26T23:00:00Z,1.33329773,1.33659458,1.33249831,1.33650529,0,
2007-03-27T23:00:00Z,1.33620167,1.33709502,1.33120334,1.33150470,0,
2007-03-28T23:00:00Z,1.33139837,1.33520257,1.33040643,1.33349335,0,
2007-03-29T23:00:00Z,1.33379567,1.33965647,1.32904494,1.33589828,0,
2007-04-01T23:00:00Z,1.33579123,1.33800745,1.33360004,1.33700562,0,
2007-04-02T23:00:00Z,1.33709502,1.33820438,1.33239174,1.33249831,0,
2007-04-03T23:00:00Z,1.33249831,1.33779263,1.33219659,1.33739901,0,
2007-04-04T23:00:00Z,1.33720231,1.34410405,1.33559489,1.34320128,0,
2007-04-05T23:00:00Z,1.34320128,1.34320128,1.33670187,1.34019518,0,
2007-04-08T23:00:00Z,1.33739901,1.33800745,1.33440077,1.33550572,0,
2007-04-09T23:00:00Z,1.33559489,1.34529746,1.33520257,1.34320128,0,
2007-04-10T23:00:00Z,1.34300292,1.34410405,1.34139955,1.34399569,0,
2007-04-11T23:00:00Z,1.34399569,1.34969163,1.34359837,1.34910893,0,
2007-04-12T23:00:00Z,1.34929097,1.35490334,1.34850860,1.35210049,0,
2007-04-15T23:00:00Z,1.35779166,1.35779166,1.35290539,1.35290539,0,
2007-04-16T23:00:00Z,1.35310674,1.35919428,1.35290539,1.35720193,0,
2007-04-17T23:00:00Z,1.35720193,1.36160016,1.35650241,1.36139631,0,
2007-04-18T23:00:00Z,1.36160016,1.36299205,1.35670483,1.36243498,0,
2007-04-19T23:00:00Z,1.36250913,1.36375415,1.35869563,1.35889876,0,
2007-04-22T23:00:00Z,1.36050725,1.36059976,1.35479319,1.35840034,0,
2007-04-23T23:00:00Z,1.35830808,1.36449850,1.35519719,1.36360538,0,
2007-04-24T23:00:00Z,1.36354959,1.36630690,1.36260200,1.36390293,0,
2007-04-25T23:00:00Z,1.36375415,1.36539280,1.35889876,1.35889876,0,
2007-04-26T23:00:00Z,1.35899103,1.36759615,1.35889876,1.36550462,0,
2007-04-29T23:00:00Z,1.36410749,1.36759615,1.35919428,1.36520636,0,
2007-04-30T23:00:00Z,1.36539280,1.36720359,1.35939753,1.36010015,0,
2007-05-01T23:00:00Z,1.36000764,1.36109972,1.35626316,1.35880649,0,
2007-05-02T23:00:00Z,1.35880649,1.36200809,1.35499525,1.35560131,0,
2007-05-03T23:00:00Z,1.35560131,1.36089599,1.35369289,1.35889876,0,
2007-05-06T23:00:00Z,1.35980415,1.36269486,1.35919428,1.36000764,0,
2007-05-07T23:00:00Z,1.36000764,1.36230505,1.35210049,1.35409617,0,
2007-05-08T23:00:00Z,1.35420620,1.35650241,1.35230160,1.35270405,0,
2007-05-09T23:00:00Z,1.35270405,1.35630000,1.34709156,1.34830856,0,
2007-05-10T23:00:00Z,1.34839940,1.35319829,1.34674692,1.35210049,0,
2007-05-13T23:00:00Z,1.35349143,1.35580349,1.35279548,1.35429776,0,
2007-05-14T23:00:00Z,1.35429776,1.36069226,1.35294199,1.35960078,0,
2007-05-15T23:00:00Z,1.35950840,1.36109972,1.35089493,1.35239303,0,
2007-05-16T23:00:00Z,1.35230160,1.35440791,1.34819949,1.34969163,0,
2007-05-17T23:00:00Z,1.34960055,1.35230160,1.34709156,1.35129654,0,
2007-05-20T23:00:00Z,1.35250282,1.35259426,1.34410405,1.34660184,0,
2007-05-21T23:00:00Z,1.34689200,1.34759986,1.34419441,1.34520698,0,
2007-05-22T23:00:00Z,1.34520698,1.35000134,1.34179556,1.34580445,0,
2007-05-23T23:00:00Z,1.34600365,1.34620309,1.34219182,1.34300292,0,
2007-05-24T23:00:00Z,1.34300292,1.34720051,1.34150755,1.34500802,0,
2007-05-27T23:00:00Z,1.34509850,1.34600365,1.34480906,1.34520698,0,
2007-05-28T23:00:00Z,1.34509850,1.35180795,1.34229994,1.34459209,0,
2007-05-29T23:00:00Z,1.34470057,1.34580445,1.34139955,1.34320128,0,
2007-05-30T23:00:00Z,1.34320128,1.34720051,1.34269643,1.34560525,0,
2007-05-31T23:00:00Z,1.34560525,1.34580445,1.33969247,1.34419441,0,
2007-06-03T23:00:00Z,1.34419441,1.34980094,1.34379709,1.34919989,0,
2007-06-04T23:00:00Z,1.34910893,1.35499525,1.34899974,1.35200906,0,
2007-06-05T23:00:00Z,1.35200906,1.35389447,1.34890878,1.34929097,0,
2007-06-06T23:00:00Z,1.34969163,1.35140610,1.34260631,1.34280455,0,
2007-06-07T23:00:00Z,1.34280455,1.34300292,1.33299565,1.33600533,0,
2007-06-10T23:00:00Z,1.33620167,1.33639812,1.33370674,1.33559489,0,
2007-06-11T23:00:00Z,1.33539879,1.33700562,1.33030021,1.33060122,0,
2007-06-12T23:00:00Z,1.33060122,1.33159339,1.32659423,1.33100855,0,
2007-06-13T23:00:00Z,1.33100855,1.33219659,1.32909787,1.33159339,0,
2007-06-14T23:00:00Z,1.33139837,1.33949494,1.33090222,1.33790004,0,
2007-06-17T23:00:00Z,1.33840144,1.34190369,1.33820438,1.34159756,0,
2007-06-18T23:00:00Z,1.34159756,1.34370673,1.33870602,1.34240794,0,
2007-06-19T23:00:00Z,1.34229994,1.34390545,1.33960271,1.33960271,0,
2007-06-20T23:00:00Z,1.33940530,1.34060836,1.33750641,1.33940530,0,
2007-06-21T23:00:00Z,1.33940530,1.34729123,1.33840144,1.34709156,0,
2007-06-24T23:00:00Z,1.34660184,1.34740019,1.34430289,1.34680128,0,
2007-06-25T23:00:00Z,1.34660184,1.34779978,1.34379709,1.34489942,0,
2007-06-26T23:00:00Z,1.34489942,1.34569573,1.34210169,1.34549665,0,
2007-06-27T23:00:00Z,1.34549665,1.34759986,1.34280455,1.34470057,0,
2007-06-28T23:00:00Z,1.34470057,1.35510528,1.34339988,1.35360122,0,
2007-07-01T23:00:00Z,1.35429776,1.36399603,1.35310674,1.36349380,0,
2007-07-02T23:00:00Z,1.36319649,1.36340082,1.35899103,1.36119235,0,
2007-07-03T23:00:00Z,1.36119235,1.36310351,1.36080337,1.36150742,0,
2007-07-04T23:00:00Z,1.36160016,1.36550462,1.35840034,1.35989666,0,
2007-07-05T23:00:00Z,1.35980415,1.36399603,1.35740459,1.36299205,0,
2007-07-08T23:00:00Z,1.36280620,1.36390293,1.36130357,1.36239779,0,
2007-07-09T23:00:00Z,1.36239779,1.37799883,1.36019266,1.37600791,0,
2007-07-10T23:00:00Z,1.37610257,1.37809384,1.37330568,1.37540221,0,
2007-07-11T23:00:00Z,1.37540221,1.37980509,1.37440038,1.37879694,0,
2007-07-12T23:00:00Z,1.37860680,1.38089120,1.37659514,1.37849271,0,
2007-07-15T23:00:00Z,1.37739146,1.38039553,1.37670887,1.37769508,0,
2007-07-16T23:00:00Z,1.37780893,1.37980509,1.37650037,1.37900603,0,
2007-07-17T23:00:00Z,1.37919629,1.38329804,1.37650037,1.38070059,0,
2007-07-18T23:00:00Z,1.38089120,1.38299191,1.37900603,1.37980509,0,
2007-07-19T23:00:00Z,1.37999558,1.38440883,1.37839770,1.38339376,0,
2007-07-22T23:00:00Z,1.38360429,1.38460040,1.37980509,1.38049090,0,
2007-07-23T23:00:00Z,1.38030040,1.38490736,1.38020515,1.38249481,0,
2007-07-24T23:00:00Z,1.38270509,1.38270509,1.37010694,1.37260818,0,
2007-07-25T23:00:00Z,1.37249517,1.37670887,1.36969411,1.37500513,0,
2007-07-26T23:00:00Z,1.37479722,1.37540221,1.36299205,1.36360538,0,
2007-07-29T23:00:00Z,1.36310351,1.37179863,1.36260200,1.37119663,0,
2007-07-30T23:00:00Z,1.37119663,1.37270248,1.36720359,1.36720359,0,
2007-07-31T23:00:00Z,1.36699796,1.37100863,1.36459160,1.36770844,0,
2007-08-01T23:00:00Z,1.36759615,1.37080193,1.36529958,1.37070799,0,
2007-08-02T23:00:00Z,1.37059522,1.38159716,1.36890662,1.37870181,0,
2007-08-05T23:00:00Z,1.38180721,1.38389158,1.37839770,1.37969100,0,
2007-08-06T23:00:00Z,1.37980509,1.38159716,1.37379622,1.37409830,0,
2007-08-07T23:00:00Z,1.37419271,1.38249481,1.37270248,1.38030040,0,
2007-08-08T23:00:00Z,1.38030040,1.38159716,1.36640012,1.36740911,0,
2007-08-09T23:00:00Z,1.36729705,1.37050140,1.36479640,1.36890662,0,
2007-08-12T23:00:00Z,1.36909413,1.37110257,1.36059976,1.36130357,0,
2007-08-13T23:00:00Z,1.36130357,1.36260200,1.35319829,1.35349143,0,
2007-08-14T23:00:00Z,1.35339975,1.35349143,1.34219182,1.34280455,0,
2007-08-15T23:00:00Z,1.34269643,1.34470057,1.33829403,1.34249806,0,
2007-08-16T23:00:00Z,1.34269643,1.35349143,1.33859849,1.34940028,0,
2007-08-19T23:00:00Z,1.34870863,1.35080373,1.34649301,1.34749091,0,
2007-08-21T23:00:00Z,1.34560525,1.35580349,1.34540617,1.35499525,0,
2007-08-22T23:00:00Z,1.35490334,1.35880649,1.35400450,1.35569322,0,
2007-08-23T23:00:00Z,1.35580349,1.36870050,1.35560131,1.36669898,0,
2007-08-26T23:00:00Z,1.36759615,1.36870050,1.36369836,1.36379135,0,
2007-08-27T23:00:00Z,1.36379135,1.36789548,1.35989666,1.35989666,0,
2007-08-28T23:00:00Z,1.36010015,1.36819494,1.35650241,1.36740911,0,
2007-08-29T23:00:00Z,1.36690450,1.36770844,1.35960078,1.36420059,0,
2007-08-30T23:00:00Z,1.36459160,1.37200558,1.36230505,1.36420059,0,
2007-09-02T23:00:00Z,1.36340082,1.36550462,1.36080337,1.36139631,0,
2007-09-03T23:00:00Z,1.36139631,1.36280620,1.35560131,1.36200809,0,
2007-09-04T23:00:00Z,1.36180413,1.36720359,1.35720193,1.36539280,0,
2007-09-05T23:00:00Z,1.36539280,1.37100863,1.36379135,1.36960042,0,
2007-09-06T23:00:00Z,1.36950660,1.37919629,1.36660564,1.37750530,0,
2007-09-10T23:00:00Z,1.38089120,1.38469636,1.37799883,1.38400638,0,
2007-09-11T23:00:00Z,1.38379574,1.39140117,1.38270509,1.39080119,0,
2007-09-12T23:00:00Z,1.39070451,1.39240861,1.38659716,1.38669324,0,
2007-09-13T23:00:00Z,1.38700104,1.38969958,1.38469636,1.38780940,0,
2007-09-16T23:00:00Z,1.38680863,1.38890815,1.38550210,1.38650107,0,
2007-09-17T23:00:00Z,1.38669324,1.39899278,1.38339376,1.39799535,0,
2007-09-18T23:00:00Z,1.39799535,1.39879704,1.39400017,1.39690161,0,
2007-09-19T23:00:00Z,1.39690161,1.40980089,1.39690161,1.40789545,0,
2007-09-20T23:00:00Z,1.40769720,1.41179121,1.40479040,1.40920496,0,
2007-09-23T23:00:00Z,1.40910566,1.41290843,1.40720201,1.40740013,0,
2007-09-24T23:00:00Z,1.40749919,1.41520774,1.40660822,1.41520774,0,
2007-09-25T23:00:00Z,1.41500759,1.41620994,1.41139281,1.41330767,0,
2007-09-26T23:00:00Z,1.41320777,1.41850007,1.41260898,1.41520774,0,
2007-09-27T23:00:00Z,1.41520774,1.42759252,1.41520774,1.42649281,0,
2007-09-30T23:00:00Z,1.42710352,1.42759252,1.42150450,1.42360914,0,
2007-10-01T23:00:00Z,1.42360914,1.42389286,1.41430712,1.41520774,0,
2007-10-02T23:00:00Z,1.41530800,1.41999066,1.40870869,1.40999973,0,
2007-10-03T23:00:00Z,1.40990031,1.41460717,1.40759814,1.41350746,0,
2007-10-04T23:00:00Z,1.41350746,1.41560853,1.40459299,1.41330767,0,
2007-10-07T23:00:00Z,1.41490746,1.41520774,1.40390289,1.40490866,0,
2007-10-08T23:00:00Z,1.40479040,1.41139281,1.40169895,1.41069591,0,
2007-10-09T23:00:00Z,1.41079545,1.41709292,1.40970159,1.41410708,0,
2007-10-10T23:00:00Z,1.41410708,1.42399430,1.41380715,1.42019236,0,
2007-10-11T23:00:00Z,1.42019236,1.42130244,1.41610968,1.41900325,0,
2007-10-14T23:00:00Z,1.41689217,1.42429852,1.41639042,1.42039406,0,
2007-10-15T23:00:00Z,1.42049479,1.42239416,1.41470730,1.41769564,0,
2007-10-16T23:00:00Z,1.41769564,1.42279899,1.41629016,1.42170668,0,
2007-10-17T23:00:00Z,1.42160559,1.43059468,1.41999066,1.42949045,0,
2007-10-18T23:00:00Z,1.42969477,1.43180323,1.42500889,1.42969477,0,
2007-10-21T23:00:00Z,1.43319857,1.43490541,1.41260898,1.41799724,0,
2007-10-22T23:00:00Z,1.41799724,1.42740917,1.41729391,1.42580128,0,
2007-10-23T23:00:00Z,1.42559803,1.42700171,1.41950691,1.42630970,0,
2007-10-24T23:00:00Z,1.42630970,1.43350685,1.42509019,1.43260324,0,
2007-10-25T23:00:00Z,1.43260324,1.43990552,1.43190575,1.43930459,0,
2007-10-29T00:00:00Z,1.44079757,1.44360554,1.43789721,1.44179475,0,
2007-10-30T00:00:00Z,1.44169080,1.44439793,1.43779373,1.44400156,0,
2007-10-31T00:00:00Z,1.44400156,1.44980061,1.44260597,1.44719899,0,
2007-11-01T00:00:00Z,1.44701052,1.44759691,1.44079757,1.44271004,0,
2007-11-02T00:00:00Z,1.44279325,1.45239055,1.44260597,1.44879246,0,
2007-11-05T00:00:00Z,1.45059991,1.45121026,1.44510758,1.44780660,0,
2007-11-06T00:00:00Z,1.44789040,1.45700383,1.44719899,1.45640969,0,
2007-11-07T00:00:00Z,1.45609152,1.47229874,1.45570993,1.46239448,0,
2007-11-08T00:00:00Z,1.46250153,1.47009099,1.46250153,1.46810532,0,
2007-11-09T00:00:00Z,1.46810532,1.47499156,1.46470785,1.46750224,0,
2007-11-12T00:00:00Z,1.46599627,1.46640468,1.45239055,1.45239055,0,
2007-11-13T00:00:00Z,1.45260167,1.46310055,1.45239055,1.46209514,0,
2007-11-14T00:00:00Z,1.46190274,1.47199523,1.46171045,1.46500826,0,
2007-11-15T00:00:00Z,1.46530879,1.47009099,1.46109116,1.46209514,0,
2007-11-16T00:00:00Z,1.46209514,1.46700704,1.45881045,1.46340036,0,
2007-11-19T00:00:00Z,1.46720076,1.46898961,1.46239448,1.46689939,0,
2007-11-20T00:00:00Z,1.46679175,1.48489130,1.46380734,1.48330534,0,
2007-11-21T00:00:00Z,1.48319530,1.48690033,1.47839320,1.48579586,0,
2007-11-22T00:00:00Z,1.48570740,1.48740911,1.48249185,1.48559713,0,
2007-11-23T00:00:00Z,1.48550892,1.49570727,1.47880864,1.48010015,0,
2007-11-27T00:00:00Z,1.48760819,1.49049067,1.48119617,1.48378956,0,
2007-11-28T00:00:00Z,1.48378956,1.48579586,1.47149718,1.48409784,0,
2007-11-29T00:00:00Z,1.48429608,1.48440635,1.47260225,1.47599292,0,
2007-11-30T00:00:00Z,1.47590578,1.47839320,1.46299362,1.46959412,0,
2007-12-03T00:00:00Z,1.46618974,1.47039366,1.46260846,1.46700704,0,
2007-12-04T00:00:00Z,1.46709311,1.47690856,1.46380734,1.47660327,0,
2007-12-05T00:00:00Z,1.47640705,1.47710490,1.45979011,1.45989668,0,
2007-12-06T00:00:00Z,1.46019506,1.46591032,1.45410132,1.46591032,0,
2007-12-07T00:00:00Z,1.46569538,1.46679175,1.46040833,1.46560955,0,
2007-12-10T00:00:00Z,1.46550214,1.47349191,1.46419322,1.47089112,0,
2007-12-11T00:00:00Z,1.47119403,1.47499156,1.46460056,1.46649063,0,
2007-12-12T00:00:00Z,1.46629715,1.47399139,1.46530879,1.47160530,0,
2007-12-13T00:00:00Z,1.47141039,1.47329652,1.45870399,1.46299362,0,
2007-12-14T00:00:00Z,1.46260846,1.46560955,1.44150376,1.44370985,0,
2007-12-17T00:00:00Z,1.44200265,1.44510758,1.43360960,1.44129598,0,
2007-12-19T00:00:00Z,1.44200265,1.44239783,1.43400013,1.43839359,0,
2007-12-20T00:00:00Z,1.43839359,1.43909740,1.43170071,1.43330133,0,
2007-12-21T00:00:00Z,1.43330133,1.44090140,1.43319857,1.43880749,0,
2007-12-24T00:00:00Z,1.43820739,1.44139993,1.43779373,1.43969834,0,
2007-12-25T00:00:00Z,1.43959463,1.44160771,1.43909740,1.43959463,0,
2007-12-26T00:00:00Z,1.43980181,1.45059991,1.43940818,1.44879246,0,
2007-12-27T00:00:00Z,1.44879246,1.46400023,1.44719899,1.46139014,0,
2007-12-28T00:00:00Z,1.46139014,1.47299266,1.45959830,1.47180021,0,
2007-12-31T00:00:00Z,1.47370899,1.47499156,1.45730102,1.46010971,0,
2008-01-01T00:00:00Z,1.46010971,1.46299362,1.45819366,1.46200967,0,
2008-01-02T00:00:00Z,1.46230900,1.47429562,1.46010971,1.47169209,0,
2008-01-03T00:00:00Z,1.47169209,1.47789085,1.46939981,1.47449124,0,
2008-01-04T00:00:00Z,1.47470880,1.48181081,1.46989644,1.47549212,0,
2008-01-07T00:00:00Z,1.47520912,1.47520912,1.46670580,1.46829939,0,
2008-01-08T00:00:00Z,1.55921113,1.55928397,1.55298793,1.55709875,0,
2008-01-09T00:00:00Z,1.47069633,1.47399139,1.46430039,1.46640468,0,
2008-01-10T00:00:00Z,1.46629715,1.48119617,1.46520150,1.48010015,0,
2008-01-11T00:00:00Z,1.48020959,1.48159122,1.47660327,1.47900558,0,
2008-01-14T00:00:00Z,1.48080134,1.49120188,1.48010015,1.48690033,0,
2008-01-15T00:00:00Z,1.48690033,1.49200284,1.47789085,1.48020959,0,
2008-01-16T00:00:00Z,1.48020959,1.48590612,1.46109116,1.46640468,0,
2008-01-17T00:00:00Z,1.46591032,1.47050178,1.45959830,1.46400023,0,
2008-01-18T00:00:00Z,1.46419322,1.46898961,1.46019506,1.46179593,0,
2008-01-21T00:00:00Z,1.46000314,1.46000314,1.44189870,1.44200265,0,
2008-01-22T00:00:00Z,1.44229376,1.46849346,1.43729794,1.46479368,0,
2008-01-23T00:00:00Z,1.46440768,1.46509409,1.45190561,1.46320760,0,
2008-01-24T00:00:00Z,1.46299362,1.47760689,1.45979011,1.47741044,0,
2008-01-25T00:00:00Z,1.47741044,1.47741044,1.46640468,1.46750224,0,
2008-01-28T00:00:00Z,1.46929181,1.47990298,1.46659815,1.47880864,0,
2008-01-29T00:00:00Z,1.47859001,1.47880864,1.47429562,1.47719216,0,
2008-01-30T00:00:00Z,1.47719216,1.48740911,1.47579682,1.48310733,0,
2008-01-31T00:00:00Z,1.48299742,1.49140203,1.48130596,1.48650253,0,
2008-02-01T00:00:00Z,1.48659086,1.49320590,1.47970593,1.47999060,0,
2008-02-04T00:00:00Z,1.48029733,1.48460472,1.47959638,1.48279953,0,
2008-02-05T00:00:00Z,1.48330534,1.48330534,1.46250153,1.46380734,0,
2008-02-06T00:00:00Z,1.46370018,1.46670580,1.45959830,1.46171045,0,
2008-02-07T00:00:00Z,1.46160364,1.46490097,1.44519103,1.44789040,0,
2008-02-08T00:00:00Z,1.55709875,1.55709875,1.55409825,1.55709875,0,
2008-02-11T00:00:00Z,1.45319271,1.45770466,1.44860351,1.45020008,0,
2008-02-12T00:00:00Z,1.45030534,1.46089900,1.45020008,1.45819366,0,
2008-02-13T00:00:00Z,1.45770466,1.45940661,1.45380533,1.45560408,0,
2008-02-14T00:00:00Z,1.45579481,1.46470785,1.45509577,1.46440768,0,
2008-02-15T00:00:00Z,1.46419322,1.47060990,1.46340036,1.46760988,0,
2008-02-18T00:00:00Z,1.46760988,1.46909750,1.46171045,1.46500826,0,
2008-02-19T00:00:00Z,1.46479368,1.47570980,1.46460056,1.47299266,0,
2008-02-20T00:00:00Z,1.47310126,1.47329652,1.46250153,1.47229874,0,
2008-02-21T00:00:00Z,1.47240710,1.48359144,1.47080457,1.48150349,0,
2008-02-22T00:00:00Z,1.48159122,1.48559713,1.47920239,1.48260176,0,
2008-02-25T00:00:00Z,1.48339331,1.48429608,1.47999060,1.48359144,0,
2008-02-26T00:00:00Z,1.48359144,1.50389504,1.47839320,1.49961007,0,
2008-02-27T00:00:00Z,1.49978995,1.51400459,1.49839675,1.51180720,0,
2008-02-28T00:00:00Z,1.51180720,1.52278852,1.50770438,1.51959515,0,
2008-02-29T00:00:00Z,1.51869512,1.52380955,1.51549590,1.51920271,0,
2008-03-03T00:00:00Z,1.52031136,1.52699733,1.51639223,1.52001095,0,
2008-03-04T00:00:00Z,1.51989555,1.52459943,1.51770401,1.52100515,0,
2008-03-05T00:00:00Z,1.52088940,1.52900517,1.51528931,1.52769721,0,
2008-03-06T00:00:00Z,1.52779055,1.53981185,1.52739382,1.53850889,0,
2008-03-07T00:00:00Z,1.53850889,1.54371011,1.53259051,1.53360128,0,
2008-03-10T00:00:00Z,1.53798831,1.53869820,1.53230870,1.53409529,0,
2008-03-11T00:00:00Z,1.53418946,1.54880285,1.52879477,1.53418946,0,
2008-03-12T00:00:00Z,1.53409529,1.55709875,1.53409529,1.55400157,0,
2008-03-13T00:00:00Z,1.55419481,1.56450450,1.55250585,1.56220698,0,
2008-03-14T00:00:00Z,1.56230474,1.56820929,1.55390489,1.56179225,0,
2008-03-17T00:00:00Z,1.57480311,1.57480311,1.57480311,1.57480311,0,
2008-03-18T00:00:00Z,1.57470405,1.58280444,1.56169474,1.56580281,0,
2008-03-19T00:00:00Z,1.56590092,1.57790923,1.55870068,1.56389284,0,
2008-03-20T00:00:00Z,1.56408858,1.56408858,1.54030991,1.54421067,0,
2008-03-21T00:00:00Z,1.54380548,1.56971085,1.54099822,1.56971085,0,
2008-03-24T00:00:00Z,1.54068959,1.54480720,1.53458965,1.54349566,0,
2008-03-25T00:00:00Z,1.54390073,1.56570482,1.54171097,1.56120718,0,
2008-03-26T00:00:00Z,1.56120718,1.58579135,1.55908954,1.58240366,0,
2008-03-27T00:00:00Z,1.58200312,1.58450985,1.57329178,1.58140266,0,
2008-03-28T00:00:00Z,1.58090270,1.58360648,1.57500160,1.57609379,0,
2008-03-30T23:00:00Z,1.57930481,1.58909249,1.57510078,1.57579577,0,
2008-04-01T23:00:00Z,1.56169474,1.56990802,1.55419481,1.56779134,0,
2008-04-02T23:00:00Z,1.56788969,1.56860280,1.55171072,1.56671059,0,
2008-04-03T23:00:00Z,1.56658781,1.57529926,1.56440663,1.57368791,0,
2008-04-06T23:00:00Z,1.57299471,1.57358885,1.56389284,1.57049966,0,
2008-04-07T23:00:00Z,1.55700183,1.56296396,1.55579066,1.55780232,0,
2008-04-08T23:00:00Z,1.56929219,1.58609319,1.56909502,1.58240366,0,
2008-04-09T23:00:00Z,1.58230352,1.59030557,1.57279682,1.57420814,0,
2008-04-10T23:00:00Z,1.57430720,1.58501220,1.57410908,1.58220339,0,
2008-04-13T23:00:00Z,1.57200575,1.58858752,1.56788969,1.58250380,0,
2008-04-14T23:00:00Z,1.58260405,1.58730161,1.57629251,1.57860672,0,
2008-04-15T23:00:00Z,1.57840741,1.59759712,1.57800877,1.59581256,0,
2008-04-16T23:00:00Z,1.59540522,1.59759712,1.58589196,1.59020436,0,
2008-04-17T23:00:00Z,1.59040666,1.59540522,1.57210457,1.57339084,0,
2008-04-20T23:00:00Z,1.58040309,1.59431148,1.57987857,1.59119117,0,
2008-04-21T23:00:00Z,1.59114051,1.60130656,1.58430898,1.59879780,0,
2008-04-22T23:00:00Z,1.59818447,1.59979522,1.58649576,1.58740234,0,
2008-04-23T23:00:00Z,1.58760393,1.58848667,1.56445563,1.56840611,0,
2008-04-24T23:00:00Z,1.56843066,1.57069707,1.55605698,1.56369722,0,
2008-04-27T23:00:00Z,1.56011105,1.56879973,1.56011105,1.56528819,0,
2008-04-28T23:00:00Z,1.56509221,1.56609714,1.55537939,1.55671096,0,
2008-04-29T23:00:00Z,1.55688059,1.56386840,1.55298793,1.56220698,0,
2008-05-01T23:00:00Z,1.54779589,1.54981089,1.53770459,1.54340041,0,
2008-05-04T23:00:00Z,1.54349566,1.55180705,1.54320991,1.54981089,0,
2008-05-05T23:00:00Z,1.54983497,1.55916238,1.54609680,1.55359101,0,
2008-05-06T23:00:00Z,1.55380833,1.55380833,1.53709006,1.53850889,0,
2008-05-07T23:00:00Z,1.55760825,1.55760825,1.54516518,1.54640782,0,
2008-05-08T23:00:00Z,1.53969336,1.54899466,1.53962207,1.54899466,0,
2008-05-11T23:00:00Z,1.54559505,1.55688059,1.53789365,1.55400157,0,
2008-05-12T23:00:00Z,1.55363941,1.55617797,1.54390073,1.54770005,0,
2008-05-13T23:00:00Z,1.54729295,1.54849100,1.54040480,1.54691005,0,
2008-05-14T23:00:00Z,1.54679048,1.55450892,1.54280519,1.54509354,0,
2008-05-15T23:00:00Z,1.54523683,1.55960011,1.54409158,1.55960011,0,
2008-05-18T23:00:00Z,1.55831206,1.56298840,1.54921067,1.55279505,0,
2008-05-19T23:00:00Z,1.55298793,1.56779134,1.55103695,1.56541073,0,
2008-05-20T23:00:00Z,1.56440663,1.57990360,1.56399071,1.57880604,0,
2008-05-21T23:00:00Z,1.57870638,1.58087766,1.56980944,1.57319283,0,
2008-05-22T23:00:00Z,1.57319283,1.57930481,1.57049966,1.57850707,0,
2008-05-25T23:00:00Z,1.57683933,1.57930481,1.57448089,1.57793415,0,
2008-05-26T23:00:00Z,1.57780969,1.58180296,1.56769288,1.56909502,0,
2008-05-27T23:00:00Z,1.56926751,1.57559717,1.56162155,1.56560683,0,
2008-05-28T23:00:00Z,1.56521463,1.56639159,1.54899466,1.55180705,0,
2008-05-29T23:00:00Z,1.55159032,1.55683219,1.54679048,1.55409825,0,
2008-06-01T23:00:00Z,1.55639601,1.55729282,1.54981089,1.55460560,0,
2008-06-02T23:00:00Z,1.55460560,1.56264639,1.54240060,1.54502201,0,
2008-06-03T23:00:00Z,1.54506969,1.54789174,1.54230547,1.54325759,0,
2008-06-04T23:00:00Z,1.54340041,1.55998933,1.53789365,1.55889499,0,
2008-06-05T23:00:00Z,1.55908954,1.57860672,1.55770528,1.57850707,0,
2008-06-08T23:00:00Z,1.57900548,1.58420861,1.56230474,1.56435764,0,
2008-06-09T23:00:00Z,1.56470037,1.56550872,1.54471171,1.54640782,0,
2008-06-10T23:00:00Z,1.54650342,1.55819058,1.54581010,1.55579066,0,
2008-06-11T23:00:00Z,1.55540347,1.55658984,1.53895879,1.54609680,0,
2008-06-12T23:00:00Z,1.54518902,1.54628813,1.53151083,1.53690100,0,
2008-06-15T23:00:00Z,1.53917193,1.55171072,1.53529644,1.54738879,0,
2008-06-16T23:00:00Z,1.54738879,1.55489552,1.54647946,1.55219257,0,
2008-06-17T23:00:00Z,1.55199969,1.55400157,1.54691005,1.55380833,0,
2008-06-18T23:00:00Z,1.55390489,1.55867648,1.54691005,1.55098879,0,
2008-06-19T23:00:00Z,1.55098879,1.56519020,1.54949868,1.56279302,0,
2008-06-22T23:00:00Z,1.55989206,1.56254876,1.54738879,1.55228889,0,
2008-06-23T23:00:00Z,1.55260217,1.56201184,1.54969084,1.55700183,0,
2008-06-24T23:00:00Z,1.55702603,1.56860280,1.55419481,1.56739807,0,
2008-06-25T23:00:00Z,1.56749630,1.57659066,1.56421089,1.57529926,0,
2008-06-26T23:00:00Z,1.57505131,1.57990360,1.57259905,1.57529926,0,
2008-06-29T23:00:00Z,1.57940459,1.58350611,1.57348990,1.57500160,0,
2008-07-01T23:00:00Z,1.57920516,1.58919346,1.57830775,1.58780563,0,
2008-07-02T23:00:00Z,1.58800745,1.59050786,1.56850445,1.57000661,0,
2008-07-03T23:00:00Z,1.56980944,1.57259905,1.56690693,1.57138813,0,
2008-07-06T23:00:00Z,1.57049966,1.57490242,1.56159723,1.57200575,0,
2008-07-07T23:00:00Z,1.54180598,1.55019534,1.53139353,1.53338957,0,
2008-07-08T23:00:00Z,1.56675959,1.57490242,1.56538618,1.57358885,0,
2008-07-09T23:00:00Z,1.57348990,1.57980382,1.56958771,1.57850707,0,
2008-07-10T23:00:00Z,1.57870638,1.59489644,1.57678974,1.59489644,0,
2008-07-13T23:00:00Z,1.59149504,1.59332085,1.58461022,1.58909249,0,
2008-07-14T23:00:00Z,1.58896625,1.60282099,1.58740234,1.58990085,0,
2008-07-15T23:00:00Z,1.59002733,1.59459114,1.58060288,1.58220339,0,
2008-07-16T23:00:00Z,1.58210325,1.58919346,1.57925487,1.58559012,0,
2008-07-17T23:00:00Z,1.58538902,1.58820915,1.58120263,1.58538902,0,
2008-07-20T23:00:00Z,1.58340585,1.59309244,1.58320534,1.59139371,0,
2008-07-21T23:00:00Z,1.59131777,1.59420991,1.57678974,1.57920516,0,
2008-07-22T23:00:00Z,1.57932973,1.57980382,1.56729984,1.56924284,0,
2008-07-23T23:00:00Z,1.56929219,1.57111657,1.56359947,1.56887364,0,
2008-07-24T23:00:00Z,1.56889808,1.57510078,1.56648970,1.56729984,0,
2008-07-27T23:00:00Z,1.56980944,1.57649136,1.56870127,1.57413387,0,
2008-07-28T23:00:00Z,1.57400990,1.57579577,1.55571795,1.55908954,0,
2008-07-29T23:00:00Z,1.55889499,1.56132901,1.55260217,1.55736554,0,
2008-07-30T23:00:00Z,1.55734134,1.56971085,1.55719578,1.55930829,0,
2008-08-07T23:00:00Z,1.53341305,1.53360128,1.49999249,1.50489092,0,
2008-08-25T23:00:00Z,1.46190274,1.46810532,1.45778966,1.46479368,0,
2008-08-26T23:00:00Z,1.46479368,1.47719216,1.46419322,1.47258055,0,
2008-08-27T23:00:00Z,1.47229874,1.48080134,1.46810532,1.47141039,0,
2008-08-28T23:00:00Z,1.47119403,1.47638524,1.46460056,1.46709311,0,
2008-08-31T23:00:00Z,1.46927023,1.47030711,1.45649445,1.45749223,0,
2008-09-01T23:00:00Z,1.45778966,1.45959830,1.44740844,1.45158947,0,
2008-09-02T23:00:00Z,1.45180023,1.45317161,1.43886971,1.44860351,0,
2008-09-03T23:00:00Z,1.44864559,1.45399559,1.42269778,1.42649281,0,
2008-09-04T23:00:00Z,1.42600465,1.43369174,1.42029321,1.42749059,0,
2008-09-07T23:00:00Z,1.50489092,1.50500417,1.50400817,1.50500417,0,
2008-09-08T23:00:00Z,1.41520774,1.42249537,1.40550113,1.41484749,0,
2008-09-09T23:00:00Z,1.41500759,1.41719341,1.39600468,1.39840579,0,
2008-09-10T23:00:00Z,1.39830804,1.40390289,1.38969958,1.39959967,0,
2008-09-11T23:00:00Z,1.39979565,1.42399430,1.39779985,1.42399430,0,
2008-09-14T23:00:00Z,1.43055379,1.44740844,1.41009915,1.42689991,0,
2008-09-15T23:00:00Z,1.42639112,1.42761290,1.40890706,1.41350746,0,
2008-09-16T23:00:00Z,1.41350746,1.43800056,1.41063631,1.43293154,0,
2008-09-17T23:00:00Z,1.43280852,1.45270717,1.42900014,1.43049228,0,
2008-09-18T23:00:00Z,1.43049228,1.44969547,1.41600943,1.44179475,0,
2008-09-21T23:00:00Z,1.44529557,1.48570740,1.44529557,1.47959638,0,
2008-09-22T23:00:00Z,1.47959638,1.48262358,1.46280098,1.46929181,0,
2008-09-23T23:00:00Z,1.46909750,1.47401309,1.46130466,1.46331465,0,
2008-09-24T23:00:00Z,1.46340036,1.47649419,1.45840633,1.46419322,0,
2008-09-25T23:00:00Z,1.46430039,1.46791136,1.45630360,1.45989668,0,
2008-09-28T23:00:00Z,1.45479929,1.45602798,1.43100417,1.43932533,0,
2008-09-29T23:00:00Z,1.43940818,1.44179475,1.40209198,1.40964198,0,
2008-09-30T23:00:00Z,1.41029799,1.41703272,1.39869916,1.40162027,0,
2008-10-01T23:00:00Z,1.40209198,1.40209198,1.37619734,1.38079596,0,
2008-10-02T23:00:00Z,1.38060522,1.38968027,1.37200558,1.37849271,0,
2008-10-05T23:00:00Z,1.36501992,1.36740911,1.34531558,1.35049367,0,
2008-10-06T23:00:00Z,1.35100436,1.37300396,1.34890878,1.35880649,0,
2008-10-07T23:00:00Z,1.50500417,1.50500417,1.49140203,1.49570727,0,
2008-10-08T23:00:00Z,1.36289918,1.37837875,1.35841870,1.35980415,0,
2008-10-09T23:00:00Z,1.36000764,1.36358678,1.32830358,1.33980012,0,
2008-10-12T23:00:00Z,1.36180413,1.36740911,1.34616673,1.36219370,0,
2008-10-13T23:00:00Z,1.36219370,1.37610257,1.36141479,1.36180413,0,
2008-10-14T23:00:00Z,1.36150742,1.36817622,1.34300292,1.34439313,0,
2008-10-15T23:00:00Z,1.34430289,1.35319829,1.33579123,1.34899974,0,
2008-10-16T23:00:00Z,1.34899974,1.35149741,1.33929765,1.34229994,0,
2008-10-19T23:00:00Z,1.34050059,1.35268581,1.32920396,1.33132744,0,
2008-10-20T23:00:00Z,1.33139837,1.33520257,1.30529559,1.30611396,0,
2008-10-21T23:00:00Z,1.30594325,1.30679667,1.27909958,1.28167343,0,
2008-10-22T23:00:00Z,1.28154194,1.29979849,1.27339864,1.29449844,0,
2008-10-23T23:00:00Z,1.29411304,1.29411304,1.25050020,1.26299310,0,
2008-10-27T00:00:00Z,1.26380706,1.26620746,1.23529994,1.24646318,0,
2008-10-28T00:00:00Z,1.24683607,1.28300524,1.23429358,1.28090167,0,
2008-10-29T00:00:00Z,1.28149271,1.29775739,1.26359951,1.29592431,0,
2008-10-30T00:00:00Z,1.29600823,1.32659423,1.28190339,1.28680253,0,
2008-10-31T00:00:00Z,1.28799582,1.28799582,1.26800561,1.27019608,0,
2008-11-03T00:00:00Z,1.27749813,1.28944075,1.25819397,1.26179779,0,
2008-11-04T00:00:00Z,1.26202083,1.30459738,1.25302291,1.29839778,0,
2008-11-05T00:00:00Z,1.29849887,1.31030679,1.28098381,1.29180598,0,
2008-11-06T00:00:00Z,1.29142237,1.29270780,1.26800561,1.26950276,0,
2008-11-07T00:00:00Z,1.26929319,1.28473604,1.26580679,1.27140725,0,
2008-11-10T00:00:00Z,1.28247881,1.29260755,1.27260458,1.27479482,0,
2008-11-11T00:00:00Z,1.27481091,1.27973795,1.24870443,1.25159574,0,
2008-11-12T00:00:00Z,1.25259912,1.26299310,1.24427629,1.24590409,0,
2008-11-13T00:00:00Z,1.24669635,1.28340054,1.24009478,1.27887058,0,
2008-11-14T00:00:00Z,1.27880514,1.27980340,1.25900185,1.25969970,0,
2008-11-17T00:00:00Z,1.25289726,1.27385294,1.25179946,1.26439834,0,
2008-11-18T00:00:00Z,1.26454222,1.26909995,1.25719750,1.26369536,0,
2008-11-19T00:00:00Z,1.26340795,1.27981985,1.24800313,1.25053144,0,
2008-11-20T00:00:00Z,1.25032818,1.25839984,1.24339449,1.24390495,0,
2008-11-21T00:00:00Z,1.24410605,1.26358354,1.24370372,1.25909698,0,
2008-11-24T00:00:00Z,1.26375926,1.29560530,1.25718164,1.29177272,0,
2008-11-25T00:00:00Z,1.29160583,1.30741179,1.28119707,1.30340707,0,
2008-11-26T00:00:00Z,1.30340707,1.30340707,1.28249514,1.28992307,0,
2008-11-27T00:00:00Z,1.28962362,1.29570603,1.28650463,1.28950727,0,
2008-11-28T00:00:00Z,1.28960705,1.29510188,1.26542234,1.26979291,0,
2008-12-01T00:00:00Z,1.26750743,1.27016389,1.25860572,1.25990605,0,
2008-12-02T00:00:00Z,1.25979483,1.27612877,1.25702357,1.27132642,0,
2008-12-03T00:00:00Z,1.27092254,1.27399898,1.26109767,1.27079332,0,
2008-12-04T00:00:00Z,1.27040589,1.28420818,1.25629723,1.27740026,0,
2008-12-05T00:00:00Z,1.27769399,1.27919769,1.26380706,1.27169836,0,
2008-12-08T00:00:00Z,1.48989105,1.49640119,1.48181081,1.49180257,0,
2008-12-09T00:00:00Z,1.29140568,1.29959583,1.28090167,1.29260755,0,
2008-12-10T00:00:00Z,1.29274130,1.30519331,1.29080558,1.30140555,0,
2008-12-11T00:00:00Z,1.30159187,1.33949494,1.30086386,1.33299565,0,
2008-12-12T00:00:00Z,1.33292449,1.34098589,1.32553911,1.33539879,0,
2008-12-15T00:00:00Z,1.34399569,1.37219381,1.34359837,1.36960042,0,
2008-12-16T00:00:00Z,1.36961913,1.41330767,1.36369836,1.40619290,0,
2008-12-17T00:00:00Z,1.40639055,1.44281399,1.40228856,1.44083917,0,
2008-12-18T00:00:00Z,1.44069386,1.46799755,1.42110050,1.42930651,0,
2008-12-19T00:00:00Z,1.42920434,1.43069696,1.38299191,1.39260256,0,
2008-12-22T00:00:00Z,1.39799535,1.41139281,1.39159477,1.39590716,0,
2008-12-23T00:00:00Z,1.39579022,1.40199363,1.39190471,1.39378655,0,
2008-12-24T00:00:00Z,1.39409733,1.40179706,1.39390302,1.40089381,0,
2008-12-25T00:00:00Z,1.40069747,1.41400719,1.39840579,1.40150237,0,
2008-12-26T00:00:00Z,1.40160072,1.41129315,1.39948213,1.40270162,0,
2008-12-29T00:00:00Z,1.41059637,1.43599761,1.39250553,1.40390289,0,
2008-12-30T00:00:00Z,1.40354812,1.42200983,1.40020728,1.41400719,0,
2008-12-31T00:00:00Z,1.41360748,1.41450715,1.38550210,1.39799535,0,
2009-01-01T00:00:00Z,1.39799535,1.40540242,1.39549816,1.39989364,0,
2009-01-02T00:00:00Z,1.40026605,1.40230811,1.38429379,1.39229226,0,
2009-01-05T00:00:00Z,1.39579022,1.39579022,1.35560131,1.36459160,0,
2009-01-06T00:00:00Z,1.36317790,1.36317790,1.33180618,1.35100436,0,
2009-01-07T00:00:00Z,1.34994674,1.37419271,1.34372485,1.36109972,0,
2009-01-08T00:00:00Z,1.36134064,1.37843573,1.35380292,1.36990058,0,
2009-01-09T00:00:00Z,1.36997557,1.37247634,1.34190369,1.34549665,0,
2009-01-12T00:00:00Z,1.34269643,1.34439313,1.33049488,1.33600533,0,
2009-01-13T00:00:00Z,1.33600533,1.33600533,1.31570292,1.32020175,0,
2009-01-14T00:00:00Z,1.32070732,1.33269358,1.31020391,1.32170236,0,
2009-01-15T00:00:00Z,1.32049811,1.32299638,1.30430806,1.31580687,0,
2009-01-16T00:00:00Z,1.31620502,1.33338666,1.31499350,1.32920396,0,
2009-01-19T00:00:00Z,1.33579123,1.33763158,1.30616510,1.30939746,0,
2009-01-20T00:00:00Z,1.30979204,1.30992925,1.28541315,1.28849375,0,
2009-01-21T00:00:00Z,1.28859329,1.30705285,1.28509927,1.30050850,0,
2009-01-22T00:00:00Z,1.29890370,1.30729198,1.29200637,1.30067766,0,
2009-01-23T00:00:00Z,1.30064380,1.30152416,1.27759600,1.29649568,0,
2009-01-26T00:00:00Z,1.29020607,1.32339895,1.28660393,1.31919158,0,
2009-01-27T00:00:00Z,1.31884372,1.33150470,1.31309414,1.32159758,0,
2009-01-28T00:00:00Z,1.32201684,1.33120334,1.31080496,1.31532216,0,
2009-01-29T00:00:00Z,1.31509733,1.31688106,1.29220676,1.29379499,0,
2009-01-30T00:00:00Z,1.29389536,1.29389536,1.27820027,1.28369713,0,
2009-02-02T00:00:00Z,1.27539635,1.28930771,1.27100337,1.28149271,0,
2009-02-03T00:00:00Z,1.28119707,1.30510819,1.28052449,1.30128694,0,
2009-02-04T00:00:00Z,1.30140555,1.30672836,1.28229785,1.28556180,0,
2009-02-05T00:00:00Z,1.28569412,1.28980672,1.27749813,1.27911580,0,
2009-02-06T00:00:00Z,1.27903402,1.29878569,1.27570546,1.29270780,0,
2009-02-09T00:00:00Z,1.29609227,1.30840397,1.28859329,1.29590762,0,
2009-02-10T00:00:00Z,1.29679811,1.30500603,1.28129566,1.29140568,0,
2009-02-11T00:00:00Z,1.29180598,1.29907250,1.28387833,1.28680253,0,
2009-02-12T00:00:00Z,1.28660393,1.29377818,1.27310681,1.28909171,0,
2009-02-13T00:00:00Z,1.28859329,1.29419684,1.28259397,1.28660393,0,
2009-02-16T00:00:00Z,1.27939403,1.28200197,1.27320409,1.27990162,0,
2009-02-17T00:00:00Z,1.27936137,1.27936137,1.25659716,1.25819397,0,
2009-02-18T00:00:00Z,1.25960445,1.26340795,1.25217569,1.25689721,0,
2009-02-19T00:00:00Z,1.25666034,1.27549398,1.25610781,1.26590288,0,
2009-02-20T00:00:00Z,1.26593494,1.29329300,1.25640762,1.29329300,0,
2009-02-24T00:00:00Z,1.26750743,1.28769743,1.26689720,1.28739893,0,
2009-02-25T00:00:00Z,1.28660393,1.28960705,1.26959944,1.27242649,0,
2009-02-26T00:00:00Z,1.27198946,1.28060651,1.26950276,1.27205420,0,
2009-02-27T00:00:00Z,1.27210283,1.27489221,1.26139987,1.26789320,0,
2009-03-02T00:00:00Z,1.25982666,1.26259434,1.25459492,1.25640762,0,
2009-03-03T00:00:00Z,1.25620246,1.26721835,1.25300717,1.25317991,0,
2009-03-04T00:00:00Z,1.25319564,1.26639986,1.24689841,1.26380706,0,
2009-03-05T00:00:00Z,1.26296115,1.26380706,1.24850178,1.25467360,0,
2009-03-06T00:00:00Z,1.25479960,1.27409625,1.25459492,1.26380706,0,
2009-03-09T00:00:00Z,1.27169836,1.27239406,1.25599742,1.26227558,0,
2009-03-10T00:00:00Z,1.26219594,1.28180480,1.26219594,1.27166605,0,
2009-03-11T00:00:00Z,1.27153659,1.28630602,1.26320052,1.28067207,0,
2009-03-12T00:00:00Z,1.28062284,1.29419684,1.27359331,1.28988993,0,
2009-03-13T00:00:00Z,1.29000628,1.29543746,1.28710067,1.29299200,0,
2009-03-16T00:00:00Z,1.28862655,1.30669415,1.28720009,1.29760587,0,
2009-03-17T00:00:00Z,1.29698324,1.30400193,1.29359412,1.30332208,0,
2009-03-18T00:00:00Z,1.30340707,1.35299695,1.29929197,1.34839940,0,
2009-03-19T00:00:00Z,1.34890878,1.37319255,1.34240794,1.36619484,0,
2009-03-20T00:00:00Z,1.36640012,1.37209976,1.35310674,1.35819733,0,
2009-03-23T00:00:00Z,1.36282480,1.37289095,1.35062122,1.36204529,0,
2009-03-24T00:00:00Z,1.36169279,1.36787677,1.34414029,1.34812677,0,
2009-03-25T00:00:00Z,1.34859955,1.36150742,1.34289467,1.35769951,0,
2009-03-26T00:00:00Z,1.35769951,1.36349380,1.35080373,1.35307014,0,
2009-03-27T00:00:00Z,1.35299695,1.35899103,1.32689345,1.32920396,0,
2009-03-29T23:00:00Z,1.32640064,1.32849753,1.31240475,1.31861758,0,
2009-03-30T23:00:00Z,1.31849587,1.33370674,1.31820035,1.32469630,0,
2009-03-31T23:00:00Z,1.32450330,1.32789779,1.31759250,1.32409990,0,
2009-04-01T23:00:00Z,1.32420516,1.35069418,1.32399476,1.34669244,0,
2009-04-02T23:00:00Z,1.34660184,1.34940028,1.33759582,1.34890878,0,
2009-04-05T23:00:00Z,1.35270405,1.35779166,1.33639812,1.34057248,0,
2009-04-06T23:00:00Z,1.34053648,1.34069824,1.32359171,1.32773912,0,
2009-04-07T23:00:00Z,1.32819760,1.33079600,1.31592798,1.32513523,0,
2009-04-08T23:00:00Z,1.32520545,1.33329773,1.31390512,1.31599724,0,
2009-04-09T23:00:00Z,1.31559896,1.31980097,1.31016958,1.31759250,0,
2009-04-12T23:00:00Z,1.31813085,1.33920801,1.31383610,1.33639812,0,
2009-04-13T23:00:00Z,1.33698773,1.33779263,1.32390714,1.32740426,0,
2009-04-14T23:00:00Z,1.32740426,1.32899201,1.31570292,1.32259393,0,
2009-04-15T23:00:00Z,1.32280385,1.32666469,1.31350815,1.31804395,0,
2009-04-16T23:00:00Z,1.31847858,1.31980097,1.30240560,1.30449533,0,
2009-04-19T23:00:00Z,1.30481863,1.30481863,1.29010618,1.29289174,0,
2009-04-20T23:00:00Z,1.29292512,1.29870129,1.29012275,1.29349375,0,
2009-04-21T23:00:00Z,1.29339337,1.30330527,1.29008961,1.30057609,0,
2009-04-22T23:00:00Z,1.30049169,1.31559896,1.29849887,1.31409502,0,
2009-04-23T23:00:00Z,1.31399143,1.32989335,1.31190550,1.32580280,0,
2009-04-26T23:00:00Z,1.32250643,1.32320642,1.30072832,1.30189693,0,
2009-04-27T23:00:00Z,1.30259216,1.31653440,1.29723561,1.31309414,0,
2009-04-28T23:00:00Z,1.31290460,1.33379567,1.31250823,1.32659423,0,
2009-04-29T23:00:00Z,1.32622480,1.33820438,1.31999266,1.32352161,0,
2009-04-30T23:00:00Z,1.32329392,1.33269358,1.32329392,1.32680547,0,
2009-05-03T23:00:00Z,1.32828581,1.34399569,1.32149279,1.34186757,0,
2009-05-04T23:00:00Z,1.34190369,1.34368861,1.32899201,1.33159339,0,
2009-05-05T23:00:00Z,1.33171749,1.33720231,1.32480156,1.33129203,0,
2009-05-06T23:00:00Z,1.33157575,1.34709156,1.32550406,1.33920801,0,
2009-05-07T23:00:00Z,1.33956671,1.36520636,1.33454335,1.36390293,0,
2009-05-10T23:00:00Z,1.36239779,1.36679244,1.35620809,1.35899103,0,
2009-05-11T23:00:00Z,1.35910189,1.37080193,1.35679686,1.36449850,0,
2009-05-12T23:00:00Z,1.36459160,1.37209976,1.35749674,1.35886180,0,
2009-05-13T23:00:00Z,1.35930514,1.36647499,1.35319829,1.36360538,0,
2009-05-14T23:00:00Z,1.36356819,1.36479640,1.34649301,1.35020196,0,
2009-05-17T23:00:00Z,1.34812677,1.35639203,1.34280455,1.35580349,0,
2009-05-18T23:00:00Z,1.35615277,1.36679244,1.35349143,1.36323357,0,
2009-05-19T23:00:00Z,1.36323357,1.38299191,1.35849261,1.37729669,0,
2009-05-20T23:00:00Z,1.37741041,1.39252496,1.37339997,1.39060783,0,
2009-05-21T23:00:00Z,1.39053047,1.40500736,1.39035642,1.40030527,0,
2009-05-24T23:00:00Z,1.40242612,1.40346932,1.39658952,1.40069747,0,
2009-05-25T23:00:00Z,1.40048182,1.40230811,1.38619351,1.39940381,0,
2009-05-26T23:00:00Z,1.39930594,1.40020728,1.38239920,1.38339376,0,
2009-05-27T23:00:00Z,1.38358510,1.39809299,1.37959576,1.39310694,0,
2009-05-28T23:00:00Z,1.39308751,1.41651094,1.39279640,1.41570878,0,
2009-05-31T23:00:00Z,1.41189086,1.42450142,1.41025817,1.41639042,0,
2009-06-01T23:00:00Z,1.41610968,1.43323970,1.41063631,1.43086076,0,
2009-06-02T23:00:00Z,1.43073797,1.43369174,1.41119361,1.41496754,0,
2009-06-03T23:00:00Z,1.41550827,1.42360914,1.40740013,1.41779613,0,
2009-06-04T23:00:00Z,1.41791689,1.42679822,1.39359224,1.39719439,0,
2009-06-07T23:00:00Z,1.39398086,1.39997208,1.38108194,1.39029849,0,
2009-06-08T23:00:00Z,1.39140117,1.40990031,1.38550210,1.40633130,0,
2009-06-09T23:00:00Z,1.40599513,1.41426706,1.39180779,1.39838624,0,
2009-06-10T23:00:00Z,1.39840579,1.41749465,1.39540076,1.41109395,0,
2009-06-11T23:00:00Z,1.41089499,1.41300809,1.39429176,1.40010917,0,
2009-06-14T23:00:00Z,1.39856231,1.40014851,1.37612152,1.37849271,0,
2009-06-15T23:00:00Z,1.37860680,1.39299047,1.37519431,1.38299191,0,
2009-06-16T23:00:00Z,1.38303018,1.39799535,1.38119638,1.39380598,0,
2009-06-17T23:00:00Z,1.39370883,1.39999151,1.38759768,1.39149797,0,
2009-06-18T23:00:00Z,1.39140117,1.40020728,1.38859963,1.39470017,0,
2009-06-21T23:00:00Z,1.39382529,1.39392245,1.38301110,1.38652027,0,
2009-06-22T23:00:00Z,1.38650107,1.41081536,1.38320243,1.40720201,0,
2009-06-23T23:00:00Z,1.40767753,1.41380715,1.38923621,1.39409733,0,
2009-06-24T23:00:00Z,1.39400017,1.40116858,1.38929415,1.39856231,0,
2009-06-25T23:00:00Z,1.39856231,1.41161191,1.39856231,1.40530360,0,
2009-06-28T23:00:00Z,1.40621257,1.41019857,1.39850366,1.40860939,0,
2009-06-29T23:00:00Z,1.40878808,1.41510773,1.40057993,1.40388310,0,
2009-06-30T23:00:00Z,1.40390289,1.41999066,1.40040338,1.41408718,0,
2009-07-01T23:00:00Z,1.41330767,1.41488743,1.39355350,1.39575136,0,
2009-07-02T23:00:00Z,1.39606309,1.40274096,1.39464176,1.39600468,0,
2009-07-05T23:00:00Z,1.39579022,1.39979565,1.38836825,1.39770222,0,
2009-07-06T23:00:00Z,1.39766300,1.40500736,1.39058840,1.39159477,0,
2009-07-07T23:00:00Z,1.39169157,1.39386427,1.38350856,1.38790584,0,
2009-07-08T23:00:00Z,1.38804066,1.40686548,1.38600147,1.40279996,0,
2009-07-09T23:00:00Z,1.40246558,1.40270162,1.38829124,1.39339805,0,
2009-07-12T23:00:00Z,1.39690161,1.40006995,1.39033711,1.39901233,0,
2009-07-13T23:00:00Z,1.39869916,1.40154171,1.39143980,1.39715528,0,
2009-07-14T23:00:00Z,1.39717484,1.41320777,1.39651155,1.41019857,0,
2009-07-15T23:00:00Z,1.41059637,1.41610968,1.40589631,1.41410708,0,
2009-07-16T23:00:00Z,1.41410708,1.41466737,1.40682590,1.41049695,0,
2009-07-19T23:00:00Z,1.42269778,1.42290008,1.42118132,1.42118132,0,
2009-07-20T23:00:00Z,1.42176723,1.42184806,1.41984951,1.41984951,0,
2009-07-21T23:00:00Z,1.42067647,1.42114091,1.42007124,1.42059577,0,
2009-07-22T23:00:00Z,1.41629016,1.41699255,1.41610968,1.41633034,0,
2009-07-23T23:00:00Z,1.42120159,1.42120159,1.42120159,1.42120159,0,
2009-07-26T23:00:00Z,1.42425799,1.42472470,1.42314315,1.42470431,0,
2009-07-27T23:00:00Z,1.41633034,1.41689217,1.41426706,1.41460717,0,
2009-07-28T23:00:00Z,1.40270162,1.40350878,1.40124714,1.40146315,0,
2009-07-29T23:00:00Z,1.40759814,1.40890706,1.40720201,1.40849030,0,
2009-07-30T23:00:00Z,1.42600465,1.42600465,1.42600465,1.42600465,0,
2009-08-02T23:00:00Z,1.44179475,1.44218981,1.44119215,1.44119215,0,
2009-08-03T23:00:00Z,1.44000924,1.44223142,1.44000924,1.44196105,0,
2009-08-04T23:00:00Z,1.44189870,1.44214821,1.44110906,1.44117129,0,
2009-08-05T23:00:00Z,1.43618321,1.43729794,1.43579149,1.43729794,0,
2009-08-06T23:00:00Z,1.41910398,1.41910398,1.41910398,1.41910398,0,
2009-08-09T23:00:00Z,1.41376734,1.41376734,1.41276860,1.41310799,0,
2009-08-10T23:00:00Z,1.41548824,1.41570878,1.41490746,1.41500759,0,
2009-08-11T23:00:00Z,1.42033350,1.42209065,1.42033350,1.42170668,0,
2009-08-12T23:00:00Z,1.42820418,1.42871428,1.42759252,1.42759252,0,
2009-08-13T23:00:00Z,1.42069674,1.42069674,1.42069674,1.42069674,0,
2009-08-16T23:00:00Z,1.40819287,1.41059637,1.40819287,1.41059637,0,
2009-08-17T23:00:00Z,1.41310799,1.41673160,1.41310799,1.41651094,0,
2009-08-18T23:00:00Z,1.42265725,1.42549646,1.42265725,1.42539477,0,
2009-08-19T23:00:00Z,1.42549646,1.42689991,1.42549646,1.42600465,0,
2009-08-20T23:00:00Z,1.43209028,1.43209028,1.43209028,1.43209028,0,
2009-08-23T23:00:00Z,1.42930651,1.42981744,1.42859185,1.42930651,0,
2009-08-24T23:00:00Z,1.43012404,1.43030822,1.42836738,1.42840827,0,
2009-08-25T23:00:00Z,1.42480588,1.42539477,1.42360914,1.42362940,0,
2009-08-26T23:00:00Z,1.43519378,1.43769050,1.43509078,1.43729794,0,
2009-08-27T23:00:00Z,1.43020606,1.43599761,1.43020606,1.43599761,0,
2009-08-30T23:00:00Z,1.43379462,1.43443215,1.43379462,1.43426752,0,
2009-08-31T23:00:00Z,1.42203009,1.42239416,1.42031336,1.42120159,0,
2009-09-01T23:00:00Z,1.42740917,1.42800021,1.42722583,1.42740917,0,
2009-09-02T23:00:00Z,1.42576063,1.42630970,1.42539477,1.42563868,0,
2009-09-03T23:00:00Z,1.42940855,1.42940855,1.42940855,1.42940855,0,
2009-09-06T23:00:00Z,1.43369174,1.43414414,1.43319857,1.43319857,0,
2009-09-07T23:00:00Z,1.45045257,1.45121026,1.45038939,1.45041049,0,
2009-09-08T23:00:00Z,1.45556164,1.45581591,1.45469356,1.45479929,0,
2009-09-09T23:00:00Z,1.45840633,1.45849133,1.45770466,1.45812976,0,
2009-09-10T23:00:00Z,1.45800221,1.45800221,1.45800221,1.45800221,0,
2009-09-13T23:00:00Z,1.46367884,1.46432173,1.46256566,1.46432173,0,
2009-09-14T23:00:00Z,1.46629715,1.46745908,1.46606076,1.46709311,0,
2009-09-15T23:00:00Z,1.47080457,1.47190857,1.47060990,1.47119403,0,
2009-09-16T23:00:00Z,1.47409999,1.47440434,1.47310126,1.47329652,0,
2009-09-17T23:00:00Z,1.47160530,1.47160530,1.47160530,1.47160530,0,
2009-09-20T23:00:00Z,1.46849346,1.46950781,1.46823478,1.46840715,0,
2009-09-21T23:00:00Z,1.47972763,1.48374557,1.47972763,1.48119617,0,
2009-09-22T23:00:00Z,1.47130227,1.47290587,1.47069633,1.47260225,0,
2009-09-23T23:00:00Z,1.46569538,1.46610379,1.46280098,1.46509409,0,
2009-09-24T23:00:00Z,1.46849346,1.46849346,1.46849346,1.46849346,0,
2009-09-27T23:00:00Z,1.46284378,1.46350741,1.46215928,1.46215928,0,
2009-09-28T23:00:00Z,1.45889556,1.45970488,1.45829999,1.45917237,0,
2009-09-29T23:00:00Z,1.46410739,1.46569538,1.46410739,1.46550214,0,
2009-09-30T23:00:00Z,1.45433390,1.45433390,1.45137882,1.45158947,0,
2009-10-01T23:00:00Z,1.45800221,1.45900202,1.45800221,1.45900202,0,
2009-10-04T23:00:00Z,1.46498680,1.46627569,1.46498680,1.46599627,0,
2009-10-05T23:00:00Z,1.47180021,1.47370899,1.47175705,1.47216856,0,
2009-10-06T23:00:00Z,1.46896803,1.47180021,1.46896803,1.47115076,0,
2009-10-07T23:00:00Z,1.47780335,1.47839320,1.47645068,1.47813106,0,
2009-10-08T23:00:00Z,1.47340512,1.47340512,1.47340512,1.47340512,0,
2009-10-11T23:00:00Z,1.47834957,1.47999060,1.47834957,1.47928989,0,
2009-10-12T23:00:00Z,1.48480308,1.48539853,1.48407578,1.48460472,0,
2009-10-13T23:00:00Z,1.49300516,1.49389732,1.49293840,1.49320590,0,
2009-10-14T23:00:00Z,1.49423230,1.49579680,1.49345124,1.49559546,0,
2009-10-15T23:00:00Z,1.49080169,1.49080169,1.49080169,1.49080169,0,
2009-10-18T23:00:00Z,1.49640119,1.49770105,1.49619961,1.49649072,0,
2009-10-19T23:00:00Z,1.49360728,1.49360728,1.49244821,1.49345124,0,
2009-10-20T23:00:00Z,1.50179458,1.50220072,1.50069022,1.50069022,0,
2009-10-21T23:00:00Z,1.50299096,1.50439286,1.50299096,1.50418913,0,
2009-10-22T23:00:00Z,1.50100565,1.50100565,1.50100565,1.50100565,0,
2009-10-26T00:00:00Z,1.49949765,1.50591075,1.48469281,1.48617125,0,
2009-10-27T00:00:00Z,1.48577380,1.49260426,1.47741044,1.48170102,0,
2009-10-28T00:00:00Z,1.48240387,1.48400974,1.46950781,1.47180021,0,
2009-10-29T00:00:00Z,1.47190857,1.48595035,1.46870911,1.48400974,0,
2009-10-30T00:00:00Z,1.48409784,1.48590612,1.47050178,1.47329652,0,
2009-11-02T00:00:00Z,1.47119403,1.48423004,1.47119403,1.47741044,0,
2009-11-03T00:00:00Z,1.47734487,1.48060405,1.46290791,1.47310126,0,
2009-11-04T00:00:00Z,1.47271073,1.49009085,1.47045839,1.48690033,0,
2009-11-05T00:00:00Z,1.48630369,1.49160230,1.48139369,1.48780739,0,
2009-11-06T00:00:00Z,1.48740911,1.49129081,1.48139369,1.48489130,0,
2009-11-09T00:00:00Z,1.48630369,1.50193000,1.48555303,1.50080287,0,
2009-11-10T00:00:00Z,1.50051010,1.50195265,1.49429917,1.49898076,0,
2009-11-11T00:00:00Z,1.50010502,1.50480032,1.49564028,1.49839675,0,
2009-11-12T00:00:00Z,1.49844158,1.50163686,1.48257971,1.48568547,0,
2009-11-13T00:00:00Z,1.48583996,1.49349570,1.48330534,1.49089062,0,
2009-11-16T00:00:00Z,1.49619961,1.50154662,1.48864901,1.49837434,0,
2009-11-17T00:00:00Z,1.49830687,1.49978995,1.48119617,1.48769677,0,
2009-11-18T00:00:00Z,1.48763037,1.49900305,1.48701096,1.49539423,0,
2009-11-19T00:00:00Z,1.49579680,1.49579680,1.48460472,1.49162459,0,
2009-11-20T00:00:00Z,1.49160230,1.49360728,1.48069167,1.48639202,0,
2009-11-23T00:00:00Z,1.48721004,1.49978995,1.48721004,1.49619961,0,
2009-11-24T00:00:00Z,1.49579680,1.49871111,1.48900378,1.49666989,0,
2009-11-25T00:00:00Z,1.49671471,1.51453197,1.49619961,1.51279068,0,
2009-11-26T00:00:00Z,1.51260757,1.51363778,1.49550605,1.49729741,0,
2009-11-27T00:00:00Z,1.49740958,1.49978995,1.48339331,1.49909306,0,
2009-11-30T00:00:00Z,1.50008249,1.50840938,1.49749923,1.50389504,0,
2009-12-01T00:00:00Z,1.50344300,1.51180720,1.49758887,1.50900126,0,
2009-12-02T00:00:00Z,1.50906944,1.51100779,1.50339770,1.50697732,0,
2009-12-03T00:00:00Z,1.50670493,1.51377535,1.50409865,1.50654590,0,
2009-12-04T00:00:00Z,1.50629640,1.50929725,1.48240387,1.48570740,0,
2009-12-07T00:00:00Z,1.48747540,1.49040174,1.47658134,1.48411989,0,
2009-12-08T00:00:00Z,1.48339331,1.48659086,1.46773911,1.46970201,0,
2009-12-09T00:00:00Z,1.46939981,1.47780335,1.46780384,1.47379589,0,
2009-12-10T00:00:00Z,1.47381759,1.47599292,1.46890330,1.47294927,0,
2009-12-11T00:00:00Z,1.47299266,1.47769427,1.45910847,1.46190274,0,
2009-12-14T00:00:00Z,1.46280098,1.46849346,1.46109116,1.46569538,0,
2009-12-15T00:00:00Z,1.46560955,1.46591032,1.45081019,1.45420706,0,
2009-12-16T00:00:00Z,1.45399559,1.45881045,1.45089447,1.45260167,0,
2009-12-17T00:00:00Z,1.45243287,1.45340383,1.43092227,1.43469965,0,
2009-12-18T00:00:00Z,1.43459678,1.44079757,1.42647243,1.43490541,0,
2009-12-21T00:00:00Z,1.43340409,1.43709135,1.42679822,1.42867351,0,
2009-12-22T00:00:00Z,1.42877555,1.43319857,1.42219186,1.42543554,0,
2009-12-23T00:00:00Z,1.42557764,1.43659592,1.42393351,1.43360960,0,
2009-12-24T00:00:00Z,1.43369174,1.44179475,1.43330133,1.43849707,0,
2009-12-25T00:00:00Z,1.43849707,1.44379318,1.43630695,1.43990552,0,
2009-12-28T00:00:00Z,1.43748379,1.44150376,1.43562651,1.43750453,0,
2009-12-29T00:00:00Z,1.43750453,1.44560897,1.43389738,1.43430865,0,
2009-12-30T00:00:00Z,1.43480265,1.43620384,1.42779624,1.43420577,0,
2009-12-31T00:00:00Z,1.43420577,1.44389749,1.43104506,1.43270588,0,
2010-01-01T00:00:00Z,1.43270588,1.44019580,1.43270588,1.43899381,0,
2010-01-04T00:00:00Z,1.43100417,1.44519103,1.42620802,1.44239783,0,
2010-01-05T00:00:00Z,1.44271004,1.44830978,1.43519378,1.43659592,0,
2010-01-06T00:00:00Z,1.43659592,1.44345963,1.42912269,1.44040334,0,
2010-01-07T00:00:00Z,1.44029963,1.44448137,1.43020606,1.43180323,0,
2010-01-08T00:00:00Z,1.43209028,1.44360554,1.42710352,1.44110906,0,
2010-01-11T00:00:00Z,1.44648719,1.45543456,1.44648719,1.45112610,0,
2010-01-12T00:00:00Z,1.45089447,1.45437622,1.44596434,1.44765997,0,
2010-01-13T00:00:00Z,1.44780660,1.45770466,1.44585979,1.45239055,0,
2010-01-14T00:00:00Z,1.45241177,1.45520163,1.44625711,1.44998980,0,
2010-01-15T00:00:00Z,1.44990575,1.45041049,1.43457615,1.43909740,0,
2010-01-18T00:00:00Z,1.43723595,1.44067311,1.43369174,1.44067311,0,
2010-01-19T00:00:00Z,1.44050705,1.44139993,1.42569971,1.42810214,0,
2010-01-20T00:00:00Z,1.42840827,1.42900014,1.40870869,1.41103423,0,
2010-01-21T00:00:00Z,1.41111398,1.41402721,1.40309513,1.40970159,0,
2010-01-22T00:00:00Z,1.40984070,1.41819823,1.40890706,1.41410708,0,
2010-01-25T00:00:00Z,1.41540813,1.41942632,1.41310799,1.41500759,0,
2010-01-26T00:00:00Z,1.41480732,1.41789675,1.40441549,1.40823245,0,
2010-01-27T00:00:00Z,1.40809381,1.40974128,1.40016794,1.40309513,0,
2010-01-28T00:00:00Z,1.40299690,1.40496802,1.39499199,1.39680421,0,
2010-01-29T00:00:00Z,1.39670658,1.39869916,1.38648176,1.38669324,0,
2010-02-01T00:00:00Z,1.38759768,1.39370883,1.38557899,1.39269948,0,
2010-02-02T00:00:00Z,1.39217603,1.39762402,1.38890815,1.39762402,0,
2010-02-03T00:00:00Z,1.39758492,1.40240645,1.38861895,1.39010525,0,
2010-02-04T00:00:00Z,1.39018250,1.39060783,1.37200558,1.37449479,0,
2010-02-05T00:00:00Z,1.37447596,1.37460828,1.35880649,1.36800778,0,
2010-02-08T00:00:00Z,1.36449850,1.37140357,1.36252773,1.36546731,0,
2010-02-09T00:00:00Z,1.36567247,1.38394892,1.36509454,1.37820780,0,
2010-02-10T00:00:00Z,1.37820780,1.38110101,1.36813879,1.37532663,0,
2010-02-11T00:00:00Z,1.37500513,1.37995756,1.36000764,1.36817622,0,
2010-02-12T00:00:00Z,1.36894405,1.36894405,1.35330820,1.36349380,0,
2010-02-15T00:00:00Z,1.36280620,1.36319649,1.35830808,1.36030364,0,
2010-02-16T00:00:00Z,1.35973024,1.37777102,1.35919428,1.37670887,0,
2010-02-17T00:00:00Z,1.37653828,1.37887299,1.35923111,1.36069226,0,
2010-02-18T00:00:00Z,1.36106277,1.36531818,1.34502602,1.34614861,0,
2010-02-19T00:00:00Z,1.34705532,1.36200809,1.34569573,1.36150742,0,
2010-02-22T00:00:00Z,1.36289918,1.36529958,1.35771799,1.36056268,0,
2010-02-23T00:00:00Z,1.36061823,1.36926281,1.34978271,1.35270405,0,
2010-02-24T00:00:00Z,1.35268581,1.36219370,1.35029292,1.35431623,0,
2010-02-25T00:00:00Z,1.35446286,1.35699940,1.34520698,1.35360122,0,
2010-02-26T00:00:00Z,1.35374784,1.36785805,1.35360122,1.36310351,0,
2010-03-01T00:00:00Z,1.36429369,1.36539280,1.34625745,1.35620809,0,
2010-03-02T00:00:00Z,1.35596895,1.36230505,1.34451973,1.36206388,0,
2010-03-03T00:00:00Z,1.36200809,1.37339997,1.35984123,1.37016332,0,
2010-03-04T00:00:00Z,1.37012577,1.37119663,1.35574830,1.35840034,0,
2010-03-05T00:00:00Z,1.35830808,1.36289918,1.35365617,1.36289918,0,
2010-03-08T00:00:00Z,1.36410749,1.37036979,1.36104417,1.36169279,0,
2010-03-09T00:00:00Z,1.36182272,1.36358678,1.35385787,1.36069226,0,
2010-03-10T00:00:00Z,1.36093295,1.36767101,1.35486662,1.36433101,0,
2010-03-11T00:00:00Z,1.36492682,1.36879420,1.36230505,1.36853194,0,
2010-03-12T00:00:00Z,1.36849451,1.37940550,1.36735308,1.37699318,0,
2010-03-15T00:00:00Z,1.37739146,1.37739146,1.36459160,1.36774576,0,
2010-03-16T00:00:00Z,1.36737180,1.37828374,1.36610150,1.37687945,0,
2010-03-17T00:00:00Z,1.37689841,1.38165438,1.37309825,1.37383389,0,
2010-03-18T00:00:00Z,1.37349427,1.37400377,1.35910189,1.36139631,0,
2010-03-19T00:00:00Z,1.36122954,1.36280620,1.35049367,1.35369289,0,
2010-03-22T00:00:00Z,1.35140610,1.35690737,1.34687388,1.35670483,0,
2010-03-23T00:00:00Z,1.35670483,1.35690737,1.34649301,1.34680128,0,
2010-03-24T00:00:00Z,1.34700096,1.34854484,1.33079600,1.33310223,0,
2010-03-25T00:00:00Z,1.33299565,1.33705926,1.32699919,1.33070743,0,
2010-03-26T00:00:00Z,1.33070743,1.34240794,1.33028257,1.34100389,0,
2010-03-28T23:00:00Z,1.34480906,1.35051191,1.34213781,1.34810865,0,
2010-03-29T23:00:00Z,1.34778154,1.35349143,1.34005141,1.34240794,0,
2010-03-30T23:00:00Z,1.34240794,1.35459137,1.33879554,1.35080373,0,
2010-03-31T23:00:00Z,1.35084033,1.35912037,1.34627557,1.35840034,0,
2010-04-01T23:00:00Z,1.35832655,1.35919428,1.34779978,1.35049367,0,
2010-04-04T23:00:00Z,1.34969163,1.35389447,1.34627557,1.34890878,0,
2010-04-05T23:00:00Z,1.34890878,1.34978271,1.33582687,1.34019518,0,
2010-04-06T23:00:00Z,1.34001553,1.34100389,1.33299565,1.33484614,0,
2010-04-07T23:00:00Z,1.33420503,1.33670187,1.32856822,1.33611238,0,
2010-04-08T23:00:00Z,1.33609462,1.35009253,1.33440077,1.35009253,0,
2010-04-11T23:00:00Z,1.36369836,1.36879420,1.35699940,1.35960078,0,
2010-04-12T23:00:00Z,1.35960078,1.36219370,1.35495842,1.36085892,0,
2010-04-13T23:00:00Z,1.36167431,1.36780190,1.36028504,1.36559784,0,
2010-04-14T23:00:00Z,1.36570978,1.36679244,1.35250282,1.35740459,0,
2010-04-15T23:00:00Z,1.35740459,1.35749674,1.34796333,1.35040247,0,
2010-04-18T23:00:00Z,1.34890878,1.34932733,1.34199369,1.34872675,0,
2010-04-19T23:00:00Z,1.34890878,1.35219193,1.34300292,1.34350824,0,
2010-04-20T23:00:00Z,1.34356236,1.34480906,1.33639812,1.33899283,0,
2010-04-21T23:00:00Z,1.33884943,1.34199369,1.32680547,1.32699919,0,
2010-04-22T23:00:00Z,1.32698154,1.33999753,1.32091677,1.33840144,0,
2010-04-25T23:00:00Z,1.33639812,1.34139955,1.32959270,1.34012330,0,
2010-04-26T23:00:00Z,1.34037471,1.34132767,1.31480336,1.31707191,0,
2010-04-27T23:00:00Z,1.31729746,1.32659423,1.31190550,1.32128322,0,
2010-04-28T23:00:00Z,1.32119596,1.32766867,1.31854808,1.32629514,0,
2010-04-29T23:00:00Z,1.32659423,1.33420503,1.32280385,1.32980490,0,
2010-05-02T23:00:00Z,1.33230305,1.33269358,1.31599724,1.31999266,0,
2010-05-03T23:00:00Z,1.31999266,1.32144034,1.29639471,1.29639471,0,
2010-05-04T23:00:00Z,1.29679811,1.29949450,1.27962327,1.28149271,0,
2010-05-05T23:00:00Z,1.28159118,1.28546262,1.25404429,1.26329613,0,
2010-05-06T23:00:00Z,1.26284957,1.27959061,1.25922382,1.27560782,0,
2010-05-09T23:00:00Z,1.28789639,1.30919182,1.27637315,1.27792263,0,
2010-05-10T23:00:00Z,1.27792263,1.28009832,1.26189327,1.26299310,0,
2010-05-11T23:00:00Z,1.26350367,1.27383661,1.26084316,1.26390290,0,
2010-05-12T23:00:00Z,1.26359951,1.26850426,1.25183082,1.25410724,0,
2010-05-13T23:00:00Z,1.25390267,1.25770342,1.23580372,1.23600233,0,
2010-05-16T23:00:00Z,1.23722565,1.24106431,1.22460473,1.23929560,0,
2010-05-17T23:00:00Z,1.23912668,1.24416804,1.21678185,1.21789336,0,
2010-05-18T23:00:00Z,1.21859086,1.24330163,1.21459460,1.23934162,0,
2010-05-19T23:00:00Z,1.23900390,1.25979483,1.22990644,1.24789417,0,
2010-05-20T23:00:00Z,1.24819016,1.26720226,1.24770737,1.25670767,0,
2010-05-23T23:00:00Z,1.25339985,1.25450051,1.23339546,1.23499489,0,
2010-05-24T23:00:00Z,1.23519313,1.23860490,1.21810102,1.23459840,0,
2010-05-25T23:00:00Z,1.23459840,1.23580372,1.21556902,1.21730030,0,
2010-05-26T23:00:00Z,1.21725583,1.23949528,1.21660423,1.23479664,0,
2010-05-27T23:00:00Z,1.23418701,1.24472547,1.22679818,1.22740054,0,
2010-05-30T23:00:00Z,1.22771692,1.23348665,1.22709918,1.22878802,0,
2010-05-31T23:00:00Z,1.22880316,1.23389769,1.21150446,1.22330141,0,
2010-06-01T23:00:00Z,1.22370565,1.22729504,1.21811581,1.22390032,0,
2010-06-02T23:00:00Z,1.22375059,1.23249853,1.21549511,1.21694469,0,
2010-06-03T23:00:00Z,1.21709287,1.22167253,1.19580030,1.19710302,0,
2010-06-06T23:00:00Z,1.19441485,1.19889700,1.18819880,1.19229293,0,
2010-06-07T23:00:00Z,1.19230723,1.20089829,1.19050455,1.19720328,0,
2010-06-08T23:00:00Z,1.19710302,1.20730662,1.19257736,1.19919896,0,
2010-06-09T23:00:00Z,1.19919896,1.21415210,1.19585752,1.21090305,0,
2010-06-10T23:00:00Z,1.21075630,1.21519971,1.20537114,1.21140170,0,
2010-06-13T23:00:00Z,1.21472728,1.22980058,1.21472728,1.22180688,0,
2010-06-14T23:00:00Z,1.22156799,1.23510158,1.21719646,1.23190641,0,
2010-06-15T23:00:00Z,1.23190641,1.23490334,1.22630167,1.23119354,0,
2010-06-16T23:00:00Z,1.23140574,1.24100268,1.22469473,1.23820615,0,
2010-06-17T23:00:00Z,1.23828280,1.24149573,1.23569679,1.23929560,0,
2010-06-20T23:00:00Z,1.24089491,1.24680507,1.23060262,1.23160291,0,
2010-06-21T23:00:00Z,1.23169398,1.23475075,1.22580564,1.22750592,0,
2010-06-22T23:00:00Z,1.22750592,1.23406518,1.22107577,1.23190641,0,
2010-06-23T23:00:00Z,1.23190641,1.23866618,1.22660255,1.23374534,0,
2010-06-24T23:00:00Z,1.23350191,1.23940313,1.22589588,1.23730218,0,
2010-06-27T23:00:00Z,1.23800683,1.23989487,1.22679818,1.22770178,0,
2010-06-28T23:00:00Z,1.22732520,1.22899950,1.21543610,1.21863532,0,
2010-06-29T23:00:00Z,1.21873939,1.23002744,1.21678185,1.22300231,0,
2010-07-01T23:00:00Z,1.25090694,1.26100218,1.24839270,1.25710261,0,
2010-07-04T23:00:00Z,1.25552428,1.25579238,1.25117302,1.25369835,0,
2010-07-05T23:00:00Z,1.25410724,1.26607919,1.24837708,1.26240313,0,
2010-07-06T23:00:00Z,1.26170230,1.26609516,1.25610781,1.26331210,0,
2010-07-07T23:00:00Z,1.26340795,1.27108407,1.26240313,1.26940608,0,
2010-07-08T23:00:00Z,1.26919663,1.27210283,1.26139987,1.26439834,0,
2010-07-11T23:00:00Z,1.26460624,1.26470208,1.25539827,1.25900185,0,
2010-07-12T23:00:00Z,1.25901771,1.27388525,1.25253642,1.27208662,0,
2010-07-13T23:00:00Z,1.27216756,1.27756345,1.26860082,1.27404761,0,
2010-07-14T23:00:00Z,1.27414513,1.29560530,1.27124572,1.29285824,0,
2010-07-15T23:00:00Z,1.29220676,1.30040705,1.28940749,1.29319263,0,
2010-07-18T23:00:00Z,1.29025602,1.29900503,1.28749835,1.29394567,0,
2010-07-19T23:00:00Z,1.29421365,1.30267704,1.28440607,1.28930771,0,
2010-07-20T23:00:00Z,1.28932440,1.29120564,1.27359331,1.27679682,0,
2010-07-21T23:00:00Z,1.27699244,1.29250741,1.27390158,1.29030597,0,
2010-07-22T23:00:00Z,1.29015613,1.29642832,1.27999997,1.29130566,0,
2010-07-25T23:00:00Z,1.28892553,1.30049169,1.28869307,1.29989994,0,
2010-07-26T23:00:00Z,1.29959583,1.30458045,1.29560530,1.29908931,0,
2010-07-27T23:00:00Z,1.29959583,1.30400193,1.29676461,1.29922438,0,
2010-07-28T23:00:00Z,1.29979849,1.31070185,1.29819560,1.30780506,0,
2010-07-29T23:00:00Z,1.30765116,1.30939746,1.29827976,1.30390000,0,
2010-08-01T23:00:00Z,1.30601156,1.31940043,1.30577290,1.31759250,0,
2010-08-02T23:00:00Z,1.31750572,1.32610166,1.31499350,1.32250643,0,
2010-08-03T23:00:00Z,1.32259393,1.32397723,1.31369793,1.32250643,0,
2010-08-04T23:00:00Z,1.31610119,1.32355666,1.31223261,1.31580687,0,
2010-08-05T23:00:00Z,1.31799197,1.33299565,1.31599724,1.31813085,0,
2010-08-08T23:00:00Z,1.32860351,1.33042407,1.32311881,1.32856822,0,
2010-08-09T23:00:00Z,1.32310128,1.32310128,1.30814719,1.32299638,0,
2010-08-10T23:00:00Z,1.31856537,1.31856537,1.28716695,1.31849587,0,
2010-08-11T23:00:00Z,1.28414214,1.29319263,1.27870703,1.28440607,0,
2010-08-12T23:00:00Z,1.28285718,1.29038918,1.27534759,1.28298891,0,
2010-08-15T23:00:00Z,1.27699244,1.28698468,1.27359331,1.27709031,0,
2010-08-16T23:00:00Z,1.28129566,1.29122221,1.28054082,1.28119707,0,
2010-08-17T23:00:00Z,1.28769743,1.29190624,1.28249514,1.28799582,0,
2010-08-18T23:00:00Z,1.28554535,1.29000628,1.27800429,1.28564453,0,
2010-08-19T23:00:00Z,1.28090167,1.28330171,1.26656032,1.28080332,0,
2010-08-22T23:00:00Z,1.27108407,1.27286386,1.26492608,1.27100337,0,
2010-08-23T23:00:00Z,1.26401472,1.27179539,1.25919211,1.26350367,0,
2010-08-24T23:00:00Z,1.26345575,1.27187634,1.26130450,1.26329613,0,
2010-08-25T23:00:00Z,1.26609516,1.27635682,1.26519811,1.26639986,0,
2010-08-26T23:00:00Z,1.27059960,1.27800429,1.26826298,1.27064800,0,
2010-08-29T23:00:00Z,1.27529883,1.27570546,1.26733077,1.27539635,0,
2010-08-30T23:00:00Z,1.26620746,1.27419376,1.26280165,1.26659226,0,
2010-08-31T23:00:00Z,1.26860082,1.28500021,1.26678491,1.26872957,0,
2010-09-01T23:00:00Z,1.28044248,1.28488457,1.27790630,1.28029501,0,
2010-09-02T23:00:00Z,1.28261042,1.28849375,1.28127921,1.28259397,0,
2010-09-05T23:00:00Z,1.28940749,1.29163921,1.28690195,1.28940749,0,
2010-09-07T23:00:00Z,1.26789320,1.27619386,1.26641595,1.26779664,0,
2010-09-08T23:00:00Z,1.27320409,1.27637315,1.26688111,1.27320409,0,
2010-09-09T23:00:00Z,1.26898718,1.27443731,1.26470208,1.26930940,0,
2010-09-12T23:00:00Z,1.27189243,1.28879273,1.27169836,1.27169836,0,
2010-09-13T23:00:00Z,1.28716695,1.30179513,1.28328514,1.28720009,0,
2010-09-14T23:00:00Z,1.29910624,1.30359399,1.29592431,1.29917371,0,
2010-09-15T23:00:00Z,1.30130398,1.31130338,1.29789221,1.30150712,0,
2010-09-16T23:00:00Z,1.30751419,1.31570292,1.30259216,1.30759978,0,
2010-09-19T23:00:00Z,1.30420613,1.31192279,1.30310130,1.30439317,0,
2010-09-20T23:00:00Z,1.30674541,1.31488979,1.30594325,1.30669415,0,
2010-09-21T23:00:00Z,1.32539856,1.34370673,1.32520545,1.32569730,0,
2010-09-22T23:00:00Z,1.33922589,1.34120178,1.33132744,1.33910036,0,
2010-09-23T23:00:00Z,1.33180618,1.34919989,1.32885075,1.33191264,0,
2010-09-26T23:00:00Z,1.34819949,1.35036588,1.34318340,1.34790874,0,
2010-09-27T23:00:00Z,1.34399569,1.35801291,1.33840144,1.34390545,0,
2010-09-28T23:00:00Z,1.35699940,1.36423790,1.35677850,1.35709155,0,
2010-09-29T23:00:00Z,1.36280620,1.36770844,1.35652077,1.36280620,0,
2010-09-30T23:00:00Z,1.36230505,1.37758124,1.36208236,1.36221230,0,
2010-10-03T23:00:00Z,1.37777102,1.37843573,1.36694193,1.37769508,0,
2010-10-04T23:00:00Z,1.36750269,1.38475382,1.36390293,1.36740911,0,
2010-10-05T23:00:00Z,1.38360429,1.39281583,1.38043368,1.38339376,0,
2010-10-06T23:00:00Z,1.39240861,1.40230811,1.38997006,1.39200163,0,
2010-10-07T23:00:00Z,1.39229226,1.39750683,1.38509905,1.39279640,0,
2010-10-10T23:00:00Z,1.39873838,1.40061903,1.38869607,1.39776075,0,
2010-10-11T23:00:00Z,1.38809848,1.38819480,1.37801790,1.38802135,0,
2010-10-12T23:00:00Z,1.39169157,1.39993274,1.39120758,1.39169157,0,
2010-10-13T23:00:00Z,1.39690161,1.41189086,1.39670658,1.39672601,0,
2010-10-14T23:00:00Z,1.40700400,1.41480732,1.39930594,1.40720201,0,
2010-10-17T23:00:00Z,1.39709687,1.39740920,1.38379574,1.39643347,0,
2010-10-18T23:00:00Z,1.39378655,1.39940381,1.37735355,1.39359224,0,
2010-10-19T23:00:00Z,1.37400377,1.39830804,1.37044501,1.37390947,0,
2010-10-20T23:00:00Z,1.39639449,1.40510619,1.38790584,1.39631653,0,
2010-10-21T23:00:00Z,1.39167225,1.39680421,1.38669324,1.39169157,0,
2010-10-24T23:00:00Z,1.39374757,1.40769720,1.39361167,1.39440846,0,
2010-10-25T23:00:00Z,1.39359224,1.39819074,1.38396811,1.39489472,0,
2010-10-26T23:00:00Z,1.38575172,1.38769400,1.37600791,1.38542521,0,
2010-10-27T23:00:00Z,1.37769508,1.39396143,1.37750530,1.37780893,0,
2010-11-01T00:00:00Z,1.39376712,1.40116858,1.38661635,1.39750683,0,
2010-11-02T00:00:00Z,1.39120758,1.40479040,1.38836825,1.39109147,0,
2010-11-03T00:00:00Z,1.40309513,1.40595555,1.39936471,1.40360725,0,
2010-11-04T00:00:00Z,1.41320777,1.42820418,1.41051686,1.41272867,0,
2010-11-05T00:00:00Z,1.42281914,1.42300141,1.40331185,1.42279899,0,
2010-11-08T00:00:00Z,1.40759814,1.40811360,1.38939071,1.40757847,0,
2010-11-09T00:00:00Z,1.38580930,1.39719439,1.38283896,1.38696253,0,
2010-11-10T00:00:00Z,1.37703121,1.38209355,1.36750269,1.37720180,0,
2010-11-11T00:00:00Z,1.37720180,1.38190258,1.36617613,1.37756228,0,
2010-11-12T00:00:00Z,1.36165583,1.37720180,1.35799456,1.36210084,0,
2010-11-15T00:00:00Z,1.36956286,1.37470269,1.35919428,1.36931908,0,
2010-11-16T00:00:00Z,1.35760725,1.36531818,1.35420620,1.35747838,0,
2010-11-17T00:00:00Z,1.34938204,1.35530734,1.34654737,1.34905434,0,
2010-11-18T00:00:00Z,1.35477495,1.36679244,1.35451806,1.35539925,0,
2010-11-19T00:00:00Z,1.36593366,1.37309825,1.36097014,1.36572850,0,
2010-11-22T00:00:00Z,1.37449479,1.37864470,1.36100721,1.37443817,0,
2010-11-23T00:00:00Z,1.36019266,1.36135912,1.34008741,1.36019266,0,
2010-11-24T00:00:00Z,1.33877778,1.34188557,1.32899201,1.33863425,0,
2010-11-25T00:00:00Z,1.33579123,1.33750641,1.32890368,1.33579123,0,
2010-11-26T00:00:00Z,1.33422291,1.33506000,1.32044578,1.33397365,0,
2010-11-29T00:00:00Z,1.32427526,1.32975185,1.30679667,1.32380199,0,
2010-11-30T00:00:00Z,1.31015229,1.31502819,1.29725242,1.31039274,0,
2010-12-01T00:00:00Z,1.29949450,1.31345642,1.29770696,1.29920745,0,
2010-12-02T00:00:00Z,1.31255984,1.32119596,1.30650640,1.31249094,0,
2010-12-03T00:00:00Z,1.32130075,1.33766747,1.31950486,1.32159758,0,
2010-12-06T00:00:00Z,1.34170556,1.34197569,1.32504737,1.34159756,0,
2010-12-07T00:00:00Z,1.32904494,1.33980012,1.32837415,1.32869184,0,
2010-12-08T00:00:00Z,1.32487178,1.32800364,1.31860018,1.32446814,0,
2010-12-09T00:00:00Z,1.32453835,1.33230305,1.31740165,1.32508242,0,
2010-12-10T00:00:00Z,1.32406497,1.32819760,1.31839156,1.32420516,0,
2010-12-13T00:00:00Z,1.31987059,1.33825815,1.31839156,1.31971383,0,
2010-12-14T00:00:00Z,1.33940530,1.34941840,1.33670187,1.33954883,0,
2010-12-15T00:00:00Z,1.33600533,1.33779263,1.32869184,1.33609462,0,
2010-12-16T00:00:00Z,1.32262886,1.32610166,1.31846106,1.32240140,0,
2010-12-17T00:00:00Z,1.32409990,1.33600533,1.31430221,1.32399476,0,
2010-12-20T00:00:00Z,1.31637836,1.31820035,1.30989492,1.31649959,0,
2010-12-22T00:00:00Z,1.30917466,1.31799197,1.30799317,1.30900335,0,
2010-12-23T00:00:00Z,1.31159580,1.31520116,1.30580688,1.31154418,0,
2010-12-24T00:00:00Z,1.31237042,1.31466508,1.30996358,1.31271493,0,
2010-12-28T00:00:00Z,1.31889582,1.32743955,1.31419861,1.31896544,0,
2010-12-30T00:00:00Z,1.32210422,1.33109713,1.32210422,1.32245398,0,
2010-12-31T00:00:00Z,1.33010554,1.34237194,1.32899201,1.33012331,0,
2011-01-03T00:00:00Z,1.33559489,1.33650529,1.32529330,1.33579123,0,
2011-01-04T00:00:00Z,1.33600533,1.34309316,1.33182395,1.33568418,0,
2011-01-05T00:00:00Z,1.33239174,1.33239174,1.31290460,1.33210778,0,
2011-01-06T00:00:00Z,1.31610119,1.31703711,1.30337310,1.31568563,0,
2011-01-07T00:00:00Z,1.29890370,1.30213416,1.29389536,1.29799330,0,
2011-01-10T00:00:00Z,1.28980672,1.29483366,1.28771389,1.28950727,0,
2011-01-11T00:00:00Z,1.29590762,1.29860008,1.29100549,1.29649568,0,
2011-01-12T00:00:00Z,1.29860008,1.30631864,1.29666364,1.29839778,0,
2011-01-13T00:00:00Z,1.31280112,1.33529174,1.30919182,1.31283557,0,
2011-01-14T00:00:00Z,1.33511341,1.34489942,1.33260477,1.33532739,0,
2011-01-18T00:00:00Z,1.32837415,1.34611249,1.32559192,1.32839179,0,
2011-01-20T00:00:00Z,1.34531558,1.35180795,1.34030294,1.34520698,0,
2011-01-21T00:00:00Z,1.34656560,1.35889876,1.34509850,1.34680128,0,
2011-01-24T00:00:00Z,1.36219370,1.36800778,1.35470140,1.36195254,0,
2011-01-25T00:00:00Z,1.36440539,1.36840093,1.35758901,1.36440539,0,
2011-01-26T00:00:00Z,1.36879420,1.37176085,1.36501992,1.36860693,0,
2011-01-27T00:00:00Z,1.37080193,1.37562943,1.36429369,1.37100863,0,
2011-01-28T00:00:00Z,1.37249517,1.37470269,1.36160016,1.37230682,0,
2011-02-01T00:00:00Z,1.37149751,1.37932932,1.37048256,1.37138474,0,
2011-02-02T00:00:00Z,1.38278162,1.38600147,1.37815082,1.38299191,0,
2011-02-03T00:00:00Z,1.38157797,1.38245666,1.36189687,1.38178802,0,
2011-02-04T00:00:00Z,1.36289918,1.36475921,1.35459137,1.36245358,0,
2011-02-07T00:00:00Z,1.35751522,1.36263907,1.35100436,1.35749674,0,
2011-02-08T00:00:00Z,1.35941601,1.36746526,1.35740459,1.35919428,0,
2011-02-09T00:00:00Z,1.36232352,1.37189269,1.36121094,1.36269486,0,
2011-02-10T00:00:00Z,1.37189269,1.37281561,1.35814202,1.37209976,0,
2011-02-11T00:00:00Z,1.36054420,1.36215651,1.35098624,1.36019266,0,
2011-02-14T00:00:00Z,1.35151577,1.35589552,1.34316528,1.35100436,0,
2011-02-15T00:00:00Z,1.34830856,1.35470140,1.34620309,1.34810865,0,
2011-02-16T00:00:00Z,1.34960055,1.35679686,1.34654737,1.34985554,0,
2011-02-17T00:00:00Z,1.35766268,1.36106277,1.35389447,1.35753357,0,
2011-02-18T00:00:00Z,1.36221230,1.36451709,1.35479319,1.36260200,0,
2011-02-21T00:00:00Z,1.37136590,1.37136590,1.36500144,1.37134707,0,
2011-02-22T00:00:00Z,1.36812007,1.37005067,1.35279548,1.36823237,0,
2011-02-24T00:00:00Z,1.37578082,1.38169253,1.37080193,1.37640560,0,
2011-02-25T00:00:00Z,1.38220823,1.38379574,1.37247634,1.38199806,0,
2011-02-28T00:00:00Z,1.37360752,1.38532937,1.37130952,1.37343776,0,
2011-03-01T00:00:00Z,1.38274336,1.38529098,1.37883484,1.38215089,0,
2011-03-02T00:00:00Z,1.37695527,1.38900459,1.37445712,1.37718284,0,
2011-03-03T00:00:00Z,1.38675106,1.39750683,1.38345110,1.38665485,0,
2011-03-04T00:00:00Z,1.39590716,1.40069747,1.39470017,1.39588773,0,
2011-03-07T00:00:00Z,1.39887524,1.40360725,1.39588773,1.39907098,0,
2011-03-08T00:00:00Z,1.39649200,1.39899278,1.38680863,1.39639449,0,
2011-03-09T00:00:00Z,1.38944852,1.39407790,1.38590539,1.38979614,0,
2011-03-10T00:00:00Z,1.39047253,1.39250553,1.37950063,1.39022124,0,
2011-03-11T00:00:00Z,1.38030040,1.38423634,1.37542117,1.38012898,0,
2011-03-14T00:00:00Z,1.39347565,1.39793658,1.39066589,1.39345634,0,
2011-03-15T00:00:00Z,1.39903188,1.40001118,1.38580930,1.39920795,0,
2011-03-16T00:00:00Z,1.39856231,1.40006995,1.39149797,1.39862096,0,
2011-03-17T00:00:00Z,1.38840675,1.40469170,1.38840675,1.38848388,0,
2011-03-18T00:00:00Z,1.40350878,1.41454720,1.39832759,1.40329206,0,
2011-03-21T00:00:00Z,1.41679180,1.42019236,1.41458714,1.41705275,0,
2011-03-22T00:00:00Z,1.42184806,1.42480588,1.41807771,1.42170668,0,
2011-03-23T00:00:00Z,1.41725361,1.42140341,1.41109395,1.41681182,0,
2011-03-24T00:00:00Z,1.41085505,1.42101979,1.40559983,1.41059637,0,
2011-03-25T00:00:00Z,1.41697240,1.41936576,1.41137278,1.41719341,0,
2011-03-27T23:00:00Z,1.40250480,1.41143250,1.40240645,1.40260327,0,
2011-03-28T23:00:00Z,1.40771711,1.41500759,1.40510619,1.40797472,0,
2011-03-29T23:00:00Z,1.41129315,1.41290843,1.40540242,1.41111398,0,
2011-03-30T23:00:00Z,1.41219008,1.42330527,1.41189086,1.41213012,0,
2011-03-31T23:00:00Z,1.41600943,1.42150450,1.40646970,1.41586912,0,
2011-04-03T23:00:00Z,1.42239416,1.42685926,1.41948676,1.42233348,0,
2011-04-04T23:00:00Z,1.42192900,1.42328489,1.41560853,1.42200983,0,
2011-04-06T23:00:00Z,1.43360960,1.43360960,1.42480588,1.43352735,0,
2011-04-07T23:00:00Z,1.43010366,1.44431448,1.42930651,1.43020606,0,
2011-04-10T23:00:00Z,1.44608986,1.44833076,1.44216895,1.44621527,0,
2011-04-11T23:00:00Z,1.44343889,1.45169485,1.43804204,1.44379318,0,
2011-04-12T23:00:00Z,1.44749212,1.45192671,1.44577610,1.44763899,0,
2011-04-13T23:00:00Z,1.44460654,1.45150518,1.43684351,1.44421017,0,
2011-04-14T23:00:00Z,1.44860351,1.45049465,1.43942893,1.44320965,0,
2011-04-17T23:00:00Z,1.44169080,1.44200265,1.41659117,1.44129598,0,
2011-04-18T23:00:00Z,1.42227268,1.43280852,1.42075729,1.42239416,0,
2011-04-19T23:00:00Z,1.43389738,1.45395327,1.43360960,1.43379462,0,
2011-04-20T23:00:00Z,1.45139992,1.46479368,1.45087349,1.45139992,0,
2011-04-21T23:00:00Z,1.45530748,1.45889556,1.45369971,1.45549822,0,
2011-04-24T23:00:00Z,1.45551944,1.46256566,1.45304489,1.45570993,0,
2011-04-25T23:00:00Z,1.45778966,1.46490097,1.44996881,1.45789599,0,
2011-04-26T23:00:00Z,1.46898961,1.47099924,1.46380734,1.46879542,0,
2011-04-27T23:00:00Z,1.47799993,1.48820603,1.47784710,1.47799993,0,
2011-04-28T23:00:00Z,1.48429608,1.48789597,1.48049438,1.48440635,0,
2011-05-01T23:00:00Z,1.48056030,1.49024642,1.47712672,1.47939944,0,
2011-05-02T23:00:00Z,1.48249185,1.48873770,1.47579682,1.48238194,0,
2011-05-03T23:00:00Z,1.48350346,1.49380815,1.47789085,1.48332739,0,
2011-05-04T23:00:00Z,1.48240387,1.48973572,1.45812976,1.48297548,0,
2011-05-05T23:00:00Z,1.45401680,1.45870399,1.44669652,1.45443964,0,
2011-05-08T23:00:00Z,1.43459678,1.44404328,1.42580128,1.43529677,0,
2011-05-09T23:00:00Z,1.43754578,1.43940818,1.42749059,1.43760788,0,
2011-05-10T23:00:00Z,1.44110906,1.44223142,1.42657423,1.44110906,0,
2011-05-11T23:00:00Z,1.42128229,1.42557764,1.41260898,1.42110050,0,
2011-05-12T23:00:00Z,1.42360914,1.43400013,1.41420710,1.42379153,0,
2011-05-15T23:00:00Z,1.40755856,1.42460287,1.40508640,1.40779638,0,
2011-05-16T23:00:00Z,1.41580892,1.42229295,1.41254914,1.41580892,0,
2011-05-17T23:00:00Z,1.42689991,1.42865312,1.41962779,1.42689991,0,
2011-05-18T23:00:00Z,1.42561841,1.43059468,1.42110050,1.42551672,0,
2011-05-19T23:00:00Z,1.43180323,1.43439090,1.41450715,1.43161869,0,
2011-05-22T23:00:00Z,1.41087508,1.41346753,1.39760447,1.41057646,0,
2011-05-23T23:00:00Z,1.40370572,1.41330767,1.40042293,1.40366638,0,
2011-05-24T23:00:00Z,1.40992022,1.41167176,1.40179706,1.40990031,0,
2011-05-25T23:00:00Z,1.40823245,1.42049479,1.40702391,1.40849030,0,
2011-05-26T23:00:00Z,1.41310799,1.43030822,1.41282856,1.41350746,0,
2011-05-29T23:00:00Z,1.42949045,1.43055379,1.42598426,1.42973566,0,
2011-05-31T23:00:00Z,1.44275165,1.44577610,1.43880749,1.44279325,0,
2011-06-01T23:00:00Z,1.43459678,1.44839382,1.43299329,1.43449390,0,
2011-06-02T23:00:00Z,1.44870842,1.46049356,1.44598520,1.44860351,0,
2011-06-05T23:00:00Z,1.46560955,1.46571696,1.45953441,1.46550214,0,
2011-06-06T23:00:00Z,1.45815098,1.46918392,1.45670676,1.45829999,0,
2011-06-07T23:00:00Z,1.46879542,1.46901119,1.45723736,1.46860135,0,
2011-06-08T23:00:00Z,1.45989668,1.46455777,1.44820499,1.46019506,0,
2011-06-09T23:00:00Z,1.45123136,1.45479929,1.43570900,1.45156837,0,
2011-06-12T23:00:00Z,1.43336284,1.44034100,1.43260324,1.43326032,0,
2011-06-13T23:00:00Z,1.44175315,1.44860351,1.43810403,1.44169080,0,
2011-06-15T23:00:00Z,1.41864085,1.42003095,1.40779638,1.41819823,0,
2011-06-16T23:00:00Z,1.41999066,1.43383563,1.41294825,1.41990995,0,
2011-06-19T23:00:00Z,1.42940855,1.43250060,1.41942632,1.42851019,0,
2011-06-20T23:00:00Z,1.43247998,1.44040334,1.43102455,1.43254161,0,
2011-06-21T23:00:00Z,1.43802130,1.44379318,1.43490541,1.43816602,0,
2011-06-22T23:00:00Z,1.43180323,1.43340409,1.41312790,1.43143427,0,
2011-06-23T23:00:00Z,1.42730725,1.43059468,1.41610968,1.42700171,0,
2011-06-26T23:00:00Z,1.41759515,1.42940855,1.41079545,1.41713321,0,
2011-06-27T23:00:00Z,1.43170071,1.43959463,1.42442024,1.43168020,0,
2011-06-28T23:00:00Z,1.43581200,1.44479442,1.43340409,1.43579149,0,
2011-06-29T23:00:00Z,1.44810009,1.45270717,1.44489884,1.44789040,0,
2011-06-30T23:00:00Z,1.44959056,1.45460892,1.44460654,1.44969547,0,
2011-07-03T23:00:00Z,1.45460892,1.45770466,1.44980061,1.45399559,0,
2011-07-04T23:00:00Z,1.45530748,1.45530748,1.44456482,1.45530748,0,
2011-07-05T23:00:00Z,1.44239783,1.44665456,1.42900014,1.44281399,0,
2011-07-06T23:00:00Z,1.43319857,1.43740118,1.42233348,1.43315756,0,
2011-07-07T23:00:00Z,1.43661642,1.43688488,1.42140341,1.43645132,0,
2011-07-10T23:00:00Z,1.42049479,1.42257631,1.39889491,1.42019236,0,
2011-07-11T23:00:00Z,1.40413940,1.40469170,1.38419795,1.40406048,0,
2011-07-12T23:00:00Z,1.39690161,1.41920471,1.39672601,1.39690161,0,
2011-07-13T23:00:00Z,1.42292035,1.42740917,1.41508770,1.42342675,0,
2011-07-14T23:00:00Z,1.41580892,1.41960764,1.40964198,1.41572869,0,
2011-07-17T23:00:00Z,1.41193080,1.41320777,1.40179706,1.41230965,0,
2011-07-18T23:00:00Z,1.41109395,1.42146420,1.40730107,1.41119361,0,
2011-07-19T23:00:00Z,1.41739428,1.42379153,1.41348755,1.41729391,0,
2011-07-20T23:00:00Z,1.42689991,1.43978119,1.41450715,1.42700171,0,
2011-07-21T23:00:00Z,1.44179475,1.44352221,1.43270588,1.44200265,0,
2011-07-24T23:00:00Z,1.43816602,1.44071460,1.43287003,1.43884897,0,
2011-07-25T23:00:00Z,1.43678164,1.45209527,1.43605947,1.43715334,0,
2011-07-26T23:00:00Z,1.45041049,1.45350945,1.43630695,1.45081019,0,
2011-07-27T23:00:00Z,1.43754578,1.44002998,1.42580128,1.43729794,0,
2011-07-28T23:00:00Z,1.43340409,1.44063151,1.42385244,1.43319857,0,
2011-07-31T23:00:00Z,1.43653393,1.44512844,1.41882205,1.43636882,0,
2011-08-01T23:00:00Z,1.42712390,1.42834699,1.41528785,1.42620802,0,
2011-08-02T23:00:00Z,1.41759515,1.43439090,1.41448724,1.41733396,0,
2011-08-03T23:00:00Z,1.43453491,1.43641019,1.41151237,1.43529677,0,
2011-08-04T23:00:00Z,1.40664780,1.42253578,1.40579748,1.40670717,0,
2011-08-07T23:00:00Z,1.43006277,1.43994701,1.41332769,1.42940855,0,
2011-08-08T23:00:00Z,1.41771579,1.42857146,1.41570878,1.41707289,0,
2011-08-09T23:00:00Z,1.43800056,1.44005072,1.41633034,1.43831086,0,
2011-08-10T23:00:00Z,1.41286838,1.42859185,1.41065609,1.41246927,0,
2011-08-11T23:00:00Z,1.42219186,1.42879593,1.41508770,1.42263699,0,
2011-08-14T23:00:00Z,1.42728686,1.44749212,1.42673707,1.42740917,0,
2011-08-15T23:00:00Z,1.44383478,1.44448137,1.43579149,1.44383478,0,
2011-08-16T23:00:00Z,1.44019580,1.45137882,1.43389738,1.43980181,0,
2011-08-17T23:00:00Z,1.44293892,1.44510758,1.42789829,1.44291818,0,
2011-08-18T23:00:00Z,1.43206978,1.44517028,1.42659461,1.43243909,0,
2011-08-21T23:00:00Z,1.43694675,1.44339716,1.43500841,1.43692613,0,
2011-08-22T23:00:00Z,1.43610072,1.44980061,1.43558526,1.43610072,0,
2011-08-23T23:00:00Z,1.44370985,1.44807911,1.43895245,1.44370985,0,
2011-08-24T23:00:00Z,1.44110906,1.44730365,1.43336284,1.44123375,0,
2011-08-25T23:00:00Z,1.43740118,1.44749212,1.43321919,1.43729794,0,
2011-08-28T23:00:00Z,1.44967461,1.45469356,1.44669652,1.44950640,0,
2011-08-29T23:00:00Z,1.45260167,1.45323491,1.43886971,1.45243287,0,
2011-08-30T23:00:00Z,1.44345963,1.44680119,1.43980181,1.44331384,0,
2011-08-31T23:00:00Z,1.43750453,1.43779373,1.42296088,1.43746316,0,
2011-09-01T23:00:00Z,1.42620802,1.42879593,1.41930544,1.42620802,0,
2011-09-04T23:00:00Z,1.41556835,1.41719341,1.40658844,1.41576886,0,
2011-09-05T23:00:00Z,1.40690506,1.42369020,1.39752638,1.40631151,0,
2011-09-06T23:00:00Z,1.40038371,1.41306806,1.40020728,1.40032494,0,
2011-09-07T23:00:00Z,1.40839112,1.40900636,1.39435005,1.40856969,0,
2011-09-08T23:00:00Z,1.39039516,1.39380598,1.36490822,1.39041448,0,
2011-09-11T23:00:00Z,1.35960078,1.36870050,1.35149741,1.36008155,0,
2011-09-12T23:00:00Z,1.36580300,1.37209976,1.35591376,1.36602688,0,
2011-09-13T23:00:00Z,1.36810136,1.37485397,1.35930514,1.36860693,0,
2011-09-14T23:00:00Z,1.37483501,1.39275765,1.37040746,1.37460828,0,
2011-09-15T23:00:00Z,1.38673174,1.38809848,1.37589431,1.38690484,0,
2011-09-18T23:00:00Z,1.37035108,1.37068915,1.35913885,1.37014461,0,
2011-09-19T23:00:00Z,1.36041462,1.37266469,1.35995221,1.36056268,0,
2011-09-20T23:00:00Z,1.36909413,1.37309825,1.36375415,1.36939406,0,
2011-09-22T23:00:00Z,1.34790874,1.35659444,1.34210169,1.34809041,0,
2011-09-26T23:00:00Z,1.35200906,1.36550462,1.34807229,1.35180795,0,
2011-09-27T23:00:00Z,1.35849261,1.36840093,1.35459137,1.35823429,0,
2011-09-28T23:00:00Z,1.35455465,1.36770844,1.35210049,1.35376620,0,
2011-09-29T23:00:00Z,1.35819733,1.35989666,1.34152567,1.35858488,0,
2011-10-02T23:00:00Z,1.33609462,1.33807898,1.32450330,1.33609462,0,
2011-10-03T23:00:00Z,1.31941783,1.32989335,1.31494164,1.31950486,0,
2011-10-04T23:00:00Z,1.33274698,1.33723807,1.32661188,1.33301342,0,
2011-10-05T23:00:00Z,1.33404481,1.34329152,1.32429290,1.33399153,0,
2011-10-06T23:00:00Z,1.34269643,1.35217369,1.34039271,1.34289467,0,
2011-10-09T23:00:00Z,1.33859849,1.36900043,1.33809698,1.33859849,0,
2011-10-10T23:00:00Z,1.36330795,1.36740911,1.35699940,1.36354959,0,
2011-10-11T23:00:00Z,1.36440539,1.38159716,1.35864031,1.36457300,0,
2011-10-12T23:00:00Z,1.37887299,1.38230383,1.36860693,1.37919629,0,
2011-10-13T23:00:00Z,1.37430608,1.38929415,1.37247634,1.37355089,0,
2011-10-16T23:00:00Z,1.38825262,1.39130437,1.37409830,1.38790584,0,
2011-10-17T23:00:00Z,1.37434375,1.37868285,1.36544871,1.37440038,0,
2011-10-18T23:00:00Z,1.37339997,1.38669324,1.37264597,1.37400377,0,
2011-10-19T23:00:00Z,1.37640560,1.38400638,1.36593366,1.37650037,0,
2011-10-20T23:00:00Z,1.37799883,1.38979614,1.37100863,1.37790394,0,
2011-10-23T23:00:00Z,1.38479221,1.39540076,1.38230383,1.38477302,0,
2011-10-24T23:00:00Z,1.39240861,1.39563441,1.38500321,1.39223409,0,
2011-10-25T23:00:00Z,1.39039516,1.39668703,1.38049090,1.39045310,0,
2011-10-26T23:00:00Z,1.38721263,1.41829884,1.38680863,1.38769400,0,
2011-10-27T23:00:00Z,1.41749465,1.42009139,1.41392720,1.41739428,0,
2011-10-31T00:00:00Z,1.41420710,1.41695249,1.39359224,1.41400719,0,
2011-11-01T00:00:00Z,1.38646257,1.38698173,1.36119235,1.38600147,0,
2011-11-03T00:00:00Z,1.36931908,1.38253307,1.36578441,1.36900043,0,
2011-11-04T00:00:00Z,1.38228464,1.38650107,1.37176085,1.38299191,0,
2011-11-07T00:00:00Z,1.37951970,1.38119638,1.36836350,1.37892997,0,
2011-11-08T00:00:00Z,1.37600791,1.38425541,1.37319255,1.37600791,0,
2011-11-09T00:00:00Z,1.38270509,1.38569403,1.35560131,1.38264787,0,
2011-11-10T00:00:00Z,1.35274065,1.36496413,1.34859955,1.35266745,0,
2011-11-11T00:00:00Z,1.36119235,1.37419271,1.35819733,1.36100721,0,
2011-11-14T00:00:00Z,1.37879694,1.37879694,1.36210084,1.37870181,0,
2011-11-15T00:00:00Z,1.36269486,1.36410749,1.35127831,1.36241639,0,
2011-11-16T00:00:00Z,1.35087669,1.35532582,1.34307516,1.35071254,0,
2011-11-17T00:00:00Z,1.34430289,1.35349143,1.34253418,1.34410405,0,
2011-11-18T00:00:00Z,1.34549665,1.36130357,1.34484529,1.34580445,0,
2011-11-21T00:00:00Z,1.35360122,1.35400450,1.34329152,1.35299695,0,
2011-11-22T00:00:00Z,1.34863579,1.35687053,1.34712791,1.34843588,0,
2011-11-23T00:00:00Z,1.35144269,1.35310674,1.33525610,1.35219193,0,
2011-11-24T00:00:00Z,1.33470356,1.34120178,1.33201909,1.33520257,0,
2011-11-25T00:00:00Z,1.33280027,1.33340442,1.32184219,1.33310223,0,
2011-11-28T00:00:00Z,1.33102632,1.33969247,1.32782733,1.33134520,0,
2011-11-29T00:00:00Z,1.33076048,1.34374285,1.32890368,1.33169973,0,
2011-11-30T00:00:00Z,1.33239174,1.35239303,1.32643592,1.33240950,0,
2011-12-01T00:00:00Z,1.34423053,1.35210049,1.34199369,1.34439313,0,
2011-12-02T00:00:00Z,1.34674692,1.35380292,1.34197569,1.34669244,0,
2011-12-05T00:00:00Z,1.34174156,1.34839940,1.34014118,1.34190369,0,
2011-12-06T00:00:00Z,1.33847308,1.34249806,1.33402705,1.33867013,0,
2011-12-07T00:00:00Z,1.34120178,1.34526122,1.33536303,1.34120178,0,
2011-12-08T00:00:00Z,1.34010541,1.34569573,1.33109713,1.34037471,0,
2011-12-09T00:00:00Z,1.33454335,1.34300292,1.32860351,1.33454335,0,
2011-12-12T00:00:00Z,1.33709502,1.33779263,1.32110870,1.33716655,0,
2011-12-13T00:00:00Z,1.31656909,1.32317138,1.30999792,1.31710660,0,
2011-12-14T00:00:00Z,1.30279589,1.30590928,1.29540384,1.30191374,0,
2011-12-15T00:00:00Z,1.29873502,1.30490375,1.29629385,1.29880250,0,
2011-12-16T00:00:00Z,1.30299950,1.30840397,1.30069458,1.30296552,0,
2011-12-19T00:00:00Z,1.30359399,1.30410397,1.29849887,1.30369592,0,
2011-12-20T00:00:00Z,1.30079603,1.31319761,1.29969716,1.30077922,0,
2011-12-21T00:00:00Z,1.30879772,1.31941783,1.30284679,1.30879772,0,
2011-12-22T00:00:00Z,1.30379796,1.31190550,1.30235457,1.30400193,0,
2011-12-23T00:00:00Z,1.30570471,1.30939746,1.30330527,1.30560231,0,
2011-12-26T00:00:00Z,1.30439317,1.30840397,1.30439317,1.30449533,0,
2011-12-27T00:00:00Z,1.30500603,1.30859220,1.30449533,1.30505705,0,
2011-12-28T00:00:00Z,1.30710411,1.30795896,1.29473293,1.30720663,0,
2011-12-29T00:00:00Z,1.29257417,1.29439783,1.28612399,1.29272461,0,
2011-12-30T00:00:00Z,1.29521930,1.29959583,1.29060566,1.29560530,0,
2012-01-02T00:00:00Z,1.29600823,1.29639471,1.29225683,1.29600823,0,
2012-01-03T00:00:00Z,1.29362750,1.30659175,1.29362750,1.29409635,0,
2012-01-04T00:00:00Z,1.30539787,1.30739462,1.29020607,1.30560231,0,
2012-01-05T00:00:00Z,1.29309237,1.29429734,1.27852714,1.29314244,0,
2012-01-06T00:00:00Z,1.27929592,1.28129566,1.27040589,1.27960682,0,
2012-01-09T00:00:00Z,1.26795745,1.27849448,1.26795745,1.26803780,0,
2012-01-10T00:00:00Z,1.27759600,1.28170621,1.27455103,1.27759600,0,
2012-01-11T00:00:00Z,1.27542889,1.27883780,1.26739502,1.27518487,0,
2012-01-12T00:00:00Z,1.27239406,1.28290653,1.27009940,1.27239406,0,
2012-01-13T00:00:00Z,1.28254461,1.28749835,1.26518214,1.28205132,0,
2012-01-16T00:00:00Z,1.26484609,1.26829517,1.26286554,1.26470208,0,
2012-01-17T00:00:00Z,1.26673675,1.28036058,1.26667249,1.26670468,0,
2012-01-18T00:00:00Z,1.27482724,1.28440607,1.27372313,1.27459979,0,
2012-01-19T00:00:00Z,1.28630602,1.29210651,1.28450501,1.28660393,0,
2012-01-20T00:00:00Z,1.29615951,1.29844832,1.28877604,1.29649568,0,
2012-01-23T00:00:00Z,1.28904188,1.30451238,1.28837752,1.28847718,0,
2012-01-24T00:00:00Z,1.30250728,1.30563641,1.29582357,1.30269396,0,
2012-01-25T00:00:00Z,1.30359399,1.30500603,1.29337668,1.30410397,0,
2012-01-26T00:00:00Z,1.31073630,1.31799197,1.30948329,1.31073630,0,
2012-01-27T00:00:00Z,1.30891764,1.31599724,0.76057196,1.30927753,0,
2012-01-30T00:00:00Z,1.32065499,1.32084703,1.30838680,1.32079458,0,
2012-01-31T00:00:00Z,1.31388783,1.32135308,1.30869496,1.31395686,0,
2012-02-01T00:00:00Z,1.31388783,1.32135308,1.30469954,1.30770242,0,
2012-02-02T00:00:00Z,1.31717598,1.31960940,1.30929470,1.31700253,0,
2012-02-03T00:00:00Z,1.31354260,1.31873930,1.30785632,1.31371522,0,
2012-02-06T00:00:00Z,1.31250823,1.31285286,1.30344105,1.31271493,0,
2012-02-07T00:00:00Z,1.31181943,1.32432783,1.30939746,1.31216383,0,
2012-02-08T00:00:00Z,1.32485425,1.32872701,1.32380199,1.32485425,0,
2012-02-09T00:00:00Z,1.32502985,1.33190024,1.32310128,1.32485425,0,
2012-02-10T00:00:00Z,1.32784498,1.32890368,1.31648242,1.32784498,0,
2012-02-13T00:00:00Z,1.32292628,1.32819760,1.32110870,1.32367933,0,
2012-02-14T00:00:00Z,1.31544328,1.32135308,1.31319761,1.31578946,0,
2012-02-15T00:00:00Z,1.31297350,1.31891322,1.30649960,1.31337011,0,
2012-02-16T00:00:00Z,1.30582392,1.30582392,1.29799330,1.30580688,0,
2012-02-17T00:00:00Z,1.31302524,1.31990027,1.31168187,1.31268048,0,
2012-02-20T00:00:00Z,1.32245398,1.32766867,1.31839156,1.32271636,0,
2012-02-21T00:00:00Z,1.32048059,1.32920396,1.31891322,1.32048059,0,
2012-02-22T00:00:00Z,1.32485425,1.32637954,1.32135308,1.32432783,0,
2012-02-23T00:00:00Z,1.32573247,1.33400023,1.32345164,1.32557428,0,
2012-02-24T00:00:00Z,1.33743489,1.34770894,1.33588040,1.33736336,0,
2012-02-27T00:00:00Z,1.34698272,1.34698272,1.33701992,1.34671068,0,
2012-02-28T00:00:00Z,1.34102190,1.34629357,1.33958471,1.34066236,0,
2012-02-29T00:00:00Z,1.34789050,1.34861767,1.33550572,1.34779978,0,
2012-03-01T00:00:00Z,1.33262265,1.33570206,1.32855058,1.33209002,0,
2012-03-02T00:00:00Z,1.33189487,1.33315551,1.31917417,1.33226752,0,
2012-03-05T00:00:00Z,1.31856537,1.32380199,1.31622934,1.31861758,0,
2012-03-06T00:00:00Z,1.32229662,1.32275140,1.31145823,1.32257640,0,
2012-03-07T00:00:00Z,1.31200886,1.31613576,1.30998075,1.31233597,0,
2012-03-08T00:00:00Z,1.31406045,1.32722807,1.31369793,1.31399143,0,
2012-03-12T00:00:00Z,1.31216383,1.31465983,1.30821562,1.31250823,0,
2012-03-13T00:00:00Z,1.31717598,1.31891322,1.30532968,1.31682909,0,
2012-03-14T00:00:00Z,1.30804443,1.30890048,1.30159187,1.30804443,0,
2012-03-15T00:00:00Z,1.30223596,1.30828929,1.30049169,1.30225289,0,
2012-03-16T00:00:00Z,1.30787349,1.31842625,1.30505705,1.30787349,0,
2012-03-19T00:00:00Z,1.31769669,1.32647979,1.31440592,1.31771410,0,
2012-03-20T00:00:00Z,1.32292628,1.32494020,1.31752300,1.32292628,0,
2012-03-21T00:00:00Z,1.32397723,1.32855058,1.31826985,1.32376683,0,
2012-03-22T00:00:00Z,1.32180715,1.32555676,1.31410015,1.32187700,0,
2012-03-23T00:00:00Z,1.32048059,1.32857001,1.31924379,1.32048059,0,
2012-03-25T23:00:00Z,1.32837415,1.33369970,1.31995773,1.32830358,0,
2012-03-26T23:00:00Z,1.33600533,1.33834052,1.33217883,1.33600533,0,
2012-03-27T23:00:00Z,1.33280027,1.33725595,1.32802117,1.33287132,0,
2012-03-28T23:00:00Z,1.33262265,1.33435988,1.32573247,1.33262265,0,
2012-03-29T23:00:00Z,1.33138061,1.33690012,1.33123887,1.33138061,0,
2012-04-01T23:00:00Z,1.33582687,1.33790004,1.32804954,1.33582687,0,
2012-04-02T23:00:00Z,1.33315551,1.33668923,1.33031797,1.33333337,0,
2012-04-03T23:00:00Z,1.32238400,1.32345164,1.31083071,1.32252395,0,
2012-04-04T23:00:00Z,1.31440592,1.31660032,1.30373001,1.31440592,0,
2012-04-05T23:00:00Z,1.30640399,1.31130338,1.30548310,1.30650640,0,
2012-04-08T23:00:00Z,1.30850661,1.30850661,1.30379796,1.30790758,0,
2012-04-09T23:00:00Z,1.31113148,1.31440592,1.30562961,1.31113148,0,
2012-04-10T23:00:00Z,1.30753136,1.31535685,1.30667710,1.30736041,0,
2012-04-11T23:00:00Z,1.31190550,1.31869924,1.31039274,1.31199157,0,
2012-04-12T23:00:00Z,1.31891322,1.31995773,1.30708706,1.31891322,0,
2012-04-15T23:00:00Z,1.30565345,1.30852377,1.29969037,1.30565345,0,
2012-04-16T23:00:00Z,1.31268048,1.31648242,1.30910611,1.31268048,0,
2012-04-17T23:00:00Z,1.31354260,1.31423306,1.30600989,1.31354260,0,
2012-04-18T23:00:00Z,1.31199157,1.31569946,1.30716050,1.31199157,0,
2012-04-19T23:00:00Z,1.31440592,1.32246971,1.31319761,1.31457865,0,
2012-04-22T23:00:00Z,1.32089925,1.32100391,1.31078780,1.32048059,0,
2012-04-23T23:00:00Z,1.31527030,1.32149279,1.31469965,1.31520116,0,
2012-04-24T23:00:00Z,1.31960940,1.32361972,1.31830466,1.31978357,0,
2012-04-25T23:00:00Z,1.32327640,1.32595038,1.32025397,1.32327640,0,
2012-04-26T23:00:00Z,1.31926119,1.32687581,1.31599724,1.31908727,0,
2012-04-29T23:00:00Z,1.32415247,1.32646930,1.32100391,1.32415247,0,
2012-04-30T23:00:00Z,1.32399476,1.32809174,1.32059920,1.32397723,0,
2012-05-01T23:00:00Z,1.32397723,1.32416999,1.31302524,1.32397723,0,
2012-05-02T23:00:00Z,1.31492436,1.31801963,1.30994987,1.31475151,0,
2012-05-03T23:00:00Z,1.31561637,1.31759250,1.30860937,1.31561637,0,
2012-05-06T23:00:00Z,1.29629385,1.30582392,1.29629385,1.29703367,0,
2012-05-07T23:00:00Z,1.30616510,1.30616510,1.29838097,1.30616510,0,
2012-05-08T23:00:00Z,1.29929197,1.30039012,1.29132235,1.29954517,0,
2012-05-09T23:00:00Z,1.29366100,1.29785013,1.29257417,1.29366100,0,
2012-05-10T23:00:00Z,1.29339337,1.29546940,1.29090559,1.29349375,0,
2012-05-13T23:00:00Z,1.29015613,1.29048908,1.28282428,1.28998971,0,
2012-05-14T23:00:00Z,1.28320289,1.28697979,1.27565014,1.28320289,0,
2012-05-15T23:00:00Z,1.27356088,1.27583086,1.26829517,1.27356088,0,
2012-05-16T23:00:00Z,1.27338254,1.27502227,1.26694536,1.27307451,0,
2012-05-17T23:00:00Z,1.26984119,1.27398276,1.26455820,1.26984119,0,
2012-05-20T23:00:00Z,1.27730238,1.28122997,1.27307451,1.27730238,0,
2012-05-21T23:00:00Z,1.28139424,1.28139424,1.27404761,1.28106582,0,
2012-05-22T23:00:00Z,1.26646399,1.26839173,1.25700784,1.26646399,0,
2012-05-23T23:00:00Z,1.25612354,1.26098001,1.25192010,1.25612354,0,
2012-05-24T23:00:00Z,1.25376129,1.25979483,1.25068009,1.25360417,0,
2012-05-27T23:00:00Z,1.25669181,1.26186943,1.25266182,1.25691307,0,
2012-05-28T23:00:00Z,1.25250506,1.25738716,1.24750030,1.25250506,0,
2012-05-29T23:00:00Z,1.24781632,1.24859536,1.23915744,1.24781632,0,
2012-05-30T23:00:00Z,1.23747063,1.24291992,1.23422956,1.23747063,0,
2012-05-31T23:00:00Z,1.23609388,1.24466968,1.22970068,1.23624671,0,
2012-06-03T23:00:00Z,1.23994100,1.25070035,1.23885036,1.24023318,0,
2012-06-04T23:00:00Z,1.25109470,1.25401282,1.24123383,1.25093830,0,
2012-06-05T23:00:00Z,1.24626124,1.25280952,1.24449933,1.24626124,0,
2012-06-06T23:00:00Z,1.25756109,1.26214814,1.25454772,1.25738716,0,
2012-06-07T23:00:00Z,1.25689721,1.25722897,1.24440014,1.25707102,0,
2012-06-10T23:00:00Z,1.26454222,1.26479971,1.24877000,1.26454222,0,
2012-06-11T23:00:00Z,1.24781632,1.25277019,1.24503541,1.24781632,0,
2012-06-12T23:00:00Z,1.25046885,1.26060009,1.24766064,1.25046885,0,
2012-06-13T23:00:00Z,1.25756109,1.26167047,1.25435889,1.25738716,0,
2012-06-14T23:00:00Z,1.26278579,1.26486218,1.25949025,1.26278579,0,
2012-06-17T23:00:00Z,1.27048659,1.27242649,1.25634921,1.27048659,0,
2012-06-18T23:00:00Z,1.25965214,1.27000248,1.25722897,1.25976312,0,
2012-06-19T23:00:00Z,1.26806998,1.27242649,1.26633573,1.26806998,0,
2012-06-20T23:00:00Z,1.26823080,1.27009940,1.25707102,1.26806998,0,
2012-06-21T23:00:00Z,1.25502002,1.25813067,1.25269330,1.25517762,0,
2012-06-24T23:00:00Z,1.25391853,1.25454772,1.24750507,1.25376129,0,
2012-06-25T23:00:00Z,1.25029695,1.25266182,1.24509740,1.25046885,0,
2012-06-26T23:00:00Z,1.24875116,1.25078177,1.24486494,1.24875116,0,
2012-06-27T23:00:00Z,1.24719381,1.25234818,1.24084878,1.24734938,0,
2012-06-28T23:00:00Z,1.24409056,1.26915956,1.24362648,1.24409056,0,
2012-07-01T23:00:00Z,1.26566255,1.26662445,1.25722897,1.26551843,0,
2012-07-02T23:00:00Z,1.25797248,1.26246679,1.25643933,1.25817823,0,
2012-07-03T23:00:00Z,1.26055717,1.26071608,1.25109005,1.26055717,0,
2012-07-04T23:00:00Z,1.25187778,1.25376129,1.23656774,1.25162721,0,
2012-07-05T23:00:00Z,1.23915744,1.24013019,1.22839558,1.23915744,0,
2012-07-08T23:00:00Z,1.22714448,1.23154080,1.22714448,1.22714448,0,
2012-07-09T23:00:00Z,1.23180020,1.23320067,1.22369063,1.23183048,0,
2012-07-10T23:00:00Z,1.22564030,1.22959936,1.22332990,1.22564030,0,
2012-07-11T23:00:00Z,1.22473979,1.22473979,1.21732986,1.22472477,0,
2012-07-12T23:00:00Z,1.21906626,1.22514486,1.21630979,1.21927428,0,
2012-07-15T23:00:00Z,1.22488976,1.22740054,1.21773016,1.22488976,0,
2012-07-16T23:00:00Z,1.22684336,1.23122382,1.21921480,1.22684336,0,
2012-07-17T23:00:00Z,1.22955859,1.23061776,1.22199941,1.22955859,0,
2012-07-18T23:00:00Z,1.22774708,1.23215985,1.22319973,1.22774708,0,
2012-07-19T23:00:00Z,1.22774708,1.22789776,1.21480107,1.22768676,0,
2012-07-22T23:00:00Z,1.21285629,1.21344495,1.20729208,1.21270919,0,
2012-07-23T23:00:00Z,1.21242988,1.21379852,1.20599043,1.21241510,0,
2012-07-24T23:00:00Z,1.20618534,1.21670043,1.20554543,1.20618534,0,
2012-07-25T23:00:00Z,1.21403420,1.23234963,1.21212125,1.21403420,0,
2012-07-26T23:00:00Z,1.22804868,1.23770034,1.22458971,1.22804868,0,
2012-07-29T23:00:00Z,1.23031497,1.23061776,1.22319973,1.23046637,0,
2012-07-30T23:00:00Z,1.22609127,1.23248935,1.22534001,1.22594094,0,
2012-07-31T23:00:00Z,1.22940743,1.23350036,1.22818434,1.22940743,0,
2012-08-01T23:00:00Z,1.22414005,1.23783827,1.21379995,1.22414005,0,
2012-08-02T23:00:00Z,1.21802688,1.23915744,1.21698916,1.21802688,0,
2012-08-05T23:00:00Z,1.24285364,1.24285364,1.23441553,1.24285364,0,
2012-08-06T23:00:00Z,1.23900390,1.24409056,1.23774028,1.23900390,0,
2012-08-07T23:00:00Z,1.23869693,1.24007940,1.23310649,1.23869693,0,
2012-08-08T23:00:00Z,1.23724091,1.23869693,1.22699392,1.23733282,0,
2012-08-09T23:00:00Z,1.22940743,1.23159993,1.22473979,1.22940743,0,
2012-08-12T23:00:00Z,1.22759640,1.23716438,1.22639191,1.22771692,0,
2012-08-13T23:00:00Z,1.23274159,1.23854351,1.23180020,1.23274159,0,
2012-08-14T23:00:00Z,1.23258972,1.23441553,1.22676957,1.23258972,0,
2012-08-15T23:00:00Z,1.22895408,1.23710012,1.22587931,1.22895408,0,
2012-08-16T23:00:00Z,1.23578846,1.23833942,1.22933030,1.23578846,0,
2012-08-19T23:00:00Z,1.23334980,1.23684311,1.22970068,1.23325861,0,
2012-08-20T23:00:00Z,1.23517787,1.24875116,1.23479664,1.23533046,0,
2012-08-21T23:00:00Z,1.24766064,1.24835992,1.24349964,1.24766064,0,
2012-08-22T23:00:00Z,1.25344694,1.25890040,1.25275600,1.25344694,0,
2012-08-23T23:00:00Z,1.25612354,1.25675499,1.24891961,1.25612354,0,
2012-08-26T23:00:00Z,1.25045335,1.25361991,1.24915683,1.25043762,0,
2012-08-27T23:00:00Z,1.25015628,1.25722897,1.24683607,1.25015628,0,
2012-08-28T23:00:00Z,1.25722897,1.25722897,1.25221014,1.25722897,0,
2012-08-29T23:00:00Z,1.25313282,1.25639975,1.24953139,1.25313282,0,
2012-08-30T23:00:00Z,1.25109470,1.26290059,1.24968755,1.25109470,0,
2012-09-02T23:00:00Z,1.25770342,1.26029980,1.25612354,1.25770342,0,
2012-09-03T23:00:00Z,1.25865328,1.26262629,1.25596583,1.25865328,0,
2012-09-04T23:00:00Z,1.25376129,1.26214814,1.25046885,1.25344694,0,
2012-09-05T23:00:00Z,1.26023948,1.26422250,1.25643933,1.26023948,0,
2012-09-06T23:00:00Z,1.26326430,1.28019667,1.26278579,1.26326430,0,
2012-09-09T23:00:00Z,1.27959061,1.28040969,1.27730238,1.27959061,0,
2012-09-10T23:00:00Z,1.27616131,1.28700125,1.27603102,1.27616131,0,
2012-09-11T23:00:00Z,1.28518188,1.29366100,1.28460395,1.28518188,0,
2012-09-12T23:00:00Z,1.29032266,1.29315925,1.28870964,1.29032266,0,
2012-09-13T23:00:00Z,1.29937637,1.31681001,1.29853261,1.29937637,0,
2012-09-16T23:00:00Z,1.31164753,1.31662107,1.30878913,1.31164753,0,
2012-09-17T23:00:00Z,1.31095970,1.31140661,1.30430806,1.31101120,0,
2012-09-18T23:00:00Z,1.30463147,1.30855799,1.29971409,1.30463147,0,
2012-09-19T23:00:00Z,1.30582392,1.30599451,1.29231024,1.30582392,0,
2012-09-20T23:00:00Z,1.29735339,1.30449533,1.29617631,1.29735339,0,
2012-09-23T23:00:00Z,1.29689908,1.29802704,1.28949070,1.29684865,0,
2012-09-24T23:00:00Z,1.29416335,1.29705048,1.28880918,1.29416335,0,
2012-09-25T23:00:00Z,1.28998971,1.29132235,1.28409266,1.29000628,0,
2012-09-26T23:00:00Z,1.28816175,1.29015613,1.28366411,1.28816175,0,
2012-09-27T23:00:00Z,1.29132235,1.29584026,1.28420973,1.29132235,0,
2012-09-30T23:00:00Z,1.28067207,1.29349375,1.28067207,1.28090167,0,
2012-10-01T23:00:00Z,1.28882587,1.29591930,1.28849375,1.28882587,0,
2012-10-02T23:00:00Z,1.29148912,1.29382849,1.28816175,1.29165590,0,
2012-10-03T23:00:00Z,1.29249060,1.30098057,1.29132235,1.29232359,0,
2012-10-04T23:00:00Z,1.30157495,1.30718958,1.29971409,1.30174434,0,
2012-10-07T23:00:00Z,1.30157495,1.30157495,1.29404938,1.30157495,0,
2012-10-08T23:00:00Z,1.29769003,1.29930031,1.28683567,1.29769003,0,
2012-10-09T23:00:00Z,1.28584290,1.29120564,1.28397727,1.28584290,0,
2012-10-10T23:00:00Z,1.28600824,1.29516912,1.28303826,1.28584290,0,
2012-10-11T23:00:00Z,1.29332650,1.29903865,1.29249060,1.29332650,0,
2012-10-14T23:00:00Z,1.29416335,1.29802704,1.28982329,1.29433084,0,
2012-10-15T23:00:00Z,1.29684865,1.30619919,1.29533672,1.29684865,0,
2012-10-16T23:00:00Z,1.31078780,1.31378078,1.30872917,1.31078780,0,
2012-10-17T23:00:00Z,1.31164753,1.31289947,1.30826008,1.31164753,0,
2012-10-18T23:00:00Z,1.30701864,1.30790079,1.30160868,1.30691612,0,
2012-10-21T23:00:00Z,1.30225289,1.30804443,1.30225289,1.30225289,0,
2012-10-22T23:00:00Z,1.30701864,1.30718958,1.29535019,1.30701864,0,
2012-10-23T23:00:00Z,1.29735339,1.29989994,1.29237032,1.29735339,0,
2012-10-24T23:00:00Z,1.29651237,1.30220032,1.29441464,1.29651237,0,
2012-10-25T23:00:00Z,1.29382849,1.29567254,1.28917480,1.29382849,0,
2012-10-29T00:00:00Z,1.29232359,1.29369462,1.28899205,1.29240716,0,
2012-10-30T00:00:00Z,1.29082227,1.29836404,1.28877604,1.29082227,0,
2012-10-31T00:00:00Z,1.29624355,1.30191374,1.29473293,1.29626036,0,
2012-11-01T00:00:00Z,1.29651237,1.29830003,1.29282475,1.29651237,0,
2012-11-02T00:00:00Z,1.29483366,1.29540062,1.28377950,1.29483366,0,
2012-11-05T00:00:00Z,1.28254461,1.28430045,1.27699244,1.28279138,0,
2012-11-06T00:00:00Z,1.28024590,1.28190005,1.27680004,1.28024590,0,
2012-11-07T00:00:00Z,1.28090167,1.28761935,1.27386916,1.28080332,0,
2012-11-08T00:00:00Z,1.27555907,1.27759933,1.27240062,1.27599847,0,
2012-11-09T00:00:00Z,1.27437246,1.27893591,1.26934004,1.27453482,0,
2012-11-12T00:00:00Z,1.27242649,1.27404761,1.27014768,1.27239406,0,
2012-11-13T00:00:00Z,1.27097094,1.27219987,1.26665664,1.27097094,0,
2012-11-14T00:00:00Z,1.27113259,1.27579987,1.27064800,1.27097094,0,
2012-11-15T00:00:00Z,1.27294481,1.28024590,1.27200568,1.27323663,0,
2012-11-16T00:00:00Z,1.27828205,1.27844548,1.26937377,1.27844548,0,
2012-11-19T00:00:00Z,1.27599847,1.28185081,1.27474594,1.27594972,0,
2012-11-20T00:00:00Z,1.27668262,1.28239655,1.27668262,1.27694356,0,
2012-11-21T00:00:00Z,1.28139424,1.28299046,1.27425051,1.28144348,0,
2012-11-22T00:00:00Z,1.28650463,1.28989983,1.28371358,1.28650463,0,
2012-11-23T00:00:00Z,1.28749835,1.29685044,1.28691840,1.28751493,0,
2012-11-26T00:00:00Z,1.29731965,1.29802704,1.29466593,1.29659641,0,
2012-11-27T00:00:00Z,1.29903865,1.30055928,1.29210651,1.29870129,0,
2012-11-28T00:00:00Z,1.29382849,1.29399586,1.28825974,1.29382849,0,
2012-11-29T00:00:00Z,1.29533672,1.30110073,1.29399586,1.29533672,0,
2012-11-30T00:00:00Z,1.29735339,1.30286026,1.29701686,1.29735339,0,
2012-12-03T00:00:00Z,1.29971409,1.30759978,1.29951143,1.29968023,0,
2012-12-05T00:00:00Z,1.30992925,1.31250823,1.30635285,1.30992925,0,
2012-12-06T00:00:00Z,1.30701864,1.30847919,1.29794276,1.30701864,0,
2012-12-07T00:00:00Z,1.29634440,1.29740393,1.28823984,1.29634440,0,
2012-12-10T00:00:00Z,1.29065561,1.29426384,1.28882587,1.29060566,0,
2012-12-11T00:00:00Z,1.29382849,1.30079949,1.29299200,1.29382849,0,
2012-12-12T00:00:00Z,1.30123627,1.30520022,1.29969716,1.30132079,0,
2012-12-13T00:00:00Z,1.30667710,1.31009912,1.30452073,1.30667710,0,
2012-12-14T00:00:00Z,1.30787349,1.31200027,1.30684781,1.30787349,0,
2012-12-17T00:00:00Z,1.31665564,1.31796932,1.31475151,1.31658638,0,
2012-12-18T00:00:00Z,1.31648242,1.32138968,1.31573761,1.31648242,0,
2012-12-19T00:00:00Z,1.32310128,1.33068967,1.32252395,1.32310128,0,
2012-12-20T00:00:00Z,1.32135308,1.32943368,1.32060277,1.32152772,0,
2012-12-21T00:00:00Z,1.32380199,1.32380199,1.31690013,1.32376683,0,
2012-12-24T00:00:00Z,1.31821775,1.32345164,1.31721067,1.31820035,0,
2012-12-25T00:00:00Z,1.31839156,1.32030630,1.31740165,1.31804395,0,
2012-12-26T00:00:00Z,1.31821775,1.32520545,1.31752300,1.31804395,0,
2012-12-27T00:00:00Z,1.32275140,1.32855058,1.32149279,1.32257640,0,
2012-12-28T00:00:00Z,1.32485425,1.32573247,1.31663835,1.32502985,0,
2012-12-31T00:00:00Z,1.32275140,1.32345164,1.31769669,1.32276881,0,
2013-01-01T00:00:00Z,1.32013202,1.32240140,1.31959200,1.32013202,0,
2013-01-02T00:00:00Z,1.31978357,1.32980490,1.31943524,1.31978357,0,
2013-01-03T00:00:00Z,1.31839156,1.31891322,1.30890048,1.31821775,0,
2013-01-04T00:00:00Z,1.30310130,1.30638003,1.30005193,1.30327117,0,
2013-01-07T00:00:00Z,1.30684781,1.30992925,1.30205953,1.30674541,0,
2013-01-08T00:00:00Z,1.31233597,1.31381881,1.30676246,1.31250823,0,
2013-01-09T00:00:00Z,1.30838680,1.30950046,1.30390000,1.30823267,0,
2013-01-10T00:00:00Z,1.30536377,1.32159758,1.30410397,1.30548310,0,
2013-01-11T00:00:00Z,1.32731616,1.33621061,1.32520545,1.32731616,0,
2013-01-14T00:00:00Z,1.33600533,1.34030294,1.33384025,1.33620167,0,
2013-01-15T00:00:00Z,1.33779263,1.33940530,1.33107936,1.33779263,0,
2013-01-16T00:00:00Z,1.33102632,1.33270073,1.32608402,1.33084905,0,
2013-01-17T00:00:00Z,1.32908034,1.33761370,1.32710481,1.32908034,0,
2013-01-18T00:00:00Z,1.33725595,1.33976424,1.32973421,1.33725595,0,
2013-01-21T00:00:00Z,1.33191264,1.33315551,1.33013034,1.33200133,0,
2013-01-22T00:00:00Z,1.33102632,1.33730066,1.32718050,1.33115029,0,
2013-01-23T00:00:00Z,1.33155799,1.33580005,1.32740080,1.33139837,0,
2013-01-24T00:00:00Z,1.33084905,1.33779263,1.32887006,1.33084905,0,
2013-01-25T00:00:00Z,1.33689833,1.34791052,1.33532739,1.33693409,0,
2013-01-28T00:00:00Z,1.34661996,1.34755087,1.34275949,1.34660184,0,
2013-01-29T00:00:00Z,1.34480906,1.34918165,1.34174156,1.34462821,0,
2013-01-30T00:00:00Z,1.34916353,1.35769951,1.34836316,1.34916353,0,
2013-01-31T00:00:00Z,1.35685217,1.35900033,1.35440063,1.35683370,0,
2013-02-01T00:00:00Z,1.36109972,1.36930025,1.35888958,1.36109972,0,
2013-02-05T00:00:00Z,1.35107756,1.35690737,1.34643865,1.35116875,0,
2013-02-06T00:00:00Z,1.35832655,1.35961938,1.35023832,1.35814202,0,
2013-02-07T00:00:00Z,1.35226512,1.35755944,1.33737040,1.35239303,0,
2013-02-08T00:00:00Z,1.33854473,1.34279919,1.33654106,1.33893895,0,
2013-02-11T00:00:00Z,1.33671975,1.34110999,1.33600533,1.33682692,0,
2013-02-12T00:00:00Z,1.34030294,1.34734571,1.33682692,1.34035671,0,
2013-02-13T00:00:00Z,1.34517086,1.35180986,1.34312010,1.34520698,0,
2013-02-14T00:00:00Z,1.34444749,1.34553277,1.33202982,1.34444749,0,
2013-02-15T00:00:00Z,1.33529174,1.33899999,1.33093762,1.33529174,0,
2013-02-18T00:00:00Z,1.33422291,1.33743489,1.33254981,1.33440077,0,
2013-02-19T00:00:00Z,1.33493519,1.33720052,1.33315551,1.33472145,0,
2013-02-20T00:00:00Z,1.33958471,1.34339988,1.33650529,1.33958471,0,
2013-02-21T00:00:00Z,1.32731616,1.32890368,1.31717074,1.32731616,0,
2013-02-22T00:00:00Z,1.31943524,1.32432961,1.31490016,1.31943524,0,
2013-02-25T00:00:00Z,1.31943524,1.33120334,1.31828725,1.31959200,0,
2013-02-26T00:00:00Z,1.30650640,1.31159580,1.30200028,1.30650640,0,
2013-02-27T00:00:00Z,1.30693328,1.31261158,1.30429101,1.30659175,0,
2013-02-28T00:00:00Z,1.31509733,1.31600082,1.30599451,1.31509733,0,
2013-03-01T00:00:00Z,1.30616510,1.30999959,1.29705048,1.30599451,0,
2013-03-04T00:00:00Z,1.30174434,1.30293167,1.29836404,1.30169344,0,
2013-03-05T00:00:00Z,1.30359399,1.30736041,1.30140555,1.30361104,0,
2013-03-06T00:00:00Z,1.30480170,1.30703914,1.29899991,1.30485272,0,
2013-03-07T00:00:00Z,1.29785848,1.31132066,1.29767334,1.29785848,0,
2013-03-08T00:00:00Z,1.31113148,1.31343055,1.29599988,1.31113148,0,
2013-03-11T00:00:00Z,1.29886997,1.30242252,1.29853261,1.29880250,0,
2013-03-12T00:00:00Z,1.30323732,1.30730057,1.29937971,1.30327117,0,
2013-03-13T00:00:00Z,1.30293167,1.30650640,1.29250741,1.30293167,0,
2013-03-14T00:00:00Z,1.29584026,1.29801011,1.29128063,1.29584026,0,
2013-03-15T00:00:00Z,1.30123627,1.31040990,1.30039012,1.30123627,0,
2013-03-18T00:00:00Z,1.28982329,1.29736018,1.28824472,1.28927457,0,
2013-03-19T00:00:00Z,1.29449844,1.29651237,1.28899205,1.29449844,0,
2013-03-21T00:00:00Z,1.29399586,1.29567254,1.28850043,1.29416335,0,
2013-03-22T00:00:00Z,1.29048908,1.30039012,1.28899205,1.29048908,0,
2013-03-25T00:00:00Z,1.30242252,1.30480170,1.28673637,1.30240560,0,
2013-03-26T00:00:00Z,1.28600824,1.28869963,1.28345978,1.28584290,0,
2013-03-27T00:00:00Z,1.28604126,1.28683567,1.27563059,1.28600824,0,
2013-03-28T00:00:00Z,1.27746546,1.28452146,1.27583563,1.27779198,0,
2013-03-29T00:00:00Z,1.28139424,1.28353226,1.27949226,1.28159118,0,
2013-03-31T23:00:00Z,1.28055727,1.28665352,1.27743292,1.28057373,0,
2013-04-01T23:00:00Z,1.28501678,1.28783000,1.28143036,1.28501678,0,
2013-04-02T23:00:00Z,1.28205132,1.28633904,1.27926314,1.28205132,0,
2013-04-03T23:00:00Z,1.28501678,1.28808045,1.27498007,1.28501678,0,
2013-04-04T23:00:00Z,1.29265773,1.30412102,1.29013944,1.29282475,0,
2013-04-07T23:00:00Z,1.29920745,1.30340028,1.29691601,1.29920745,0,
2013-04-08T23:00:00Z,1.30293167,1.30980062,1.30092978,1.30293167,0,
2013-04-09T23:00:00Z,1.30804443,1.31199157,1.30565345,1.30802739,0,
2013-04-10T23:00:00Z,1.30531263,1.31400001,1.30463147,1.30553412,0,
2013-04-11T23:00:00Z,1.31147540,1.31268048,1.30403936,1.31147540,0,
2013-04-14T23:00:00Z,1.30968904,1.31095970,1.30561936,1.30992925,0,
2013-04-15T23:00:00Z,1.30519331,1.31473422,1.30311835,1.30546606,0,
2013-04-16T23:00:00Z,1.31787026,1.31971037,1.30390000,1.31787026,0,
2013-04-17T23:00:00Z,1.30344105,1.30878067,1.30242252,1.30349207,0,
2013-04-18T23:00:00Z,1.30531263,1.31170940,1.30514228,1.30531263,0,
2013-04-21T23:00:00Z,1.30582392,1.30840397,1.30180025,1.30556822,0,
2013-04-22T23:00:00Z,1.30599451,1.30821562,1.29743755,1.30616510,0,
2013-04-23T23:00:00Z,1.29937637,1.30309975,1.29619980,1.29944384,0,
2013-04-24T23:00:00Z,1.30174434,1.30926037,1.29932559,1.30174434,0,
2013-04-25T23:00:00Z,1.30072832,1.30463147,1.29934931,1.30072832,0,
2013-04-28T23:00:00Z,1.30429101,1.31152701,1.30344105,1.30425715,0,
2013-04-29T23:00:00Z,1.30958617,1.31860018,1.30597746,1.30958617,0,
2013-04-30T23:00:00Z,1.31689847,1.32415247,1.31620502,1.31682909,0,
2013-05-01T23:00:00Z,1.31821775,1.32170069,1.30446124,1.31821775,0,
2013-05-02T23:00:00Z,1.30650640,1.31509733,1.30374694,1.30650640,0,
2013-05-05T23:00:00Z,1.31233597,1.31388783,1.30568075,1.31233597,0,
2013-05-06T23:00:00Z,1.30753136,1.31330121,1.30684781,1.30701864,0,
2013-05-07T23:00:00Z,1.30770242,1.31897056,1.30753136,1.30770242,0,
2013-05-08T23:00:00Z,1.31613576,1.31780076,1.30891085,1.31613576,0,
2013-05-09T23:00:00Z,1.30344105,1.30514228,1.29377985,1.30344105,0,
2013-05-12T23:00:00Z,1.29689908,1.29959917,1.29441965,1.29652917,0,
2013-05-13T23:00:00Z,1.29875195,1.30259216,1.29480016,1.29880250,0,
2013-05-14T23:00:00Z,1.29369462,1.29419684,1.28442252,1.29371119,0,
2013-05-15T23:00:00Z,1.28839409,1.29273963,1.28483510,1.28824472,0,
2013-05-16T23:00:00Z,1.28832781,1.28900039,1.27999997,1.28832781,0,
2013-05-19T23:00:00Z,1.28300524,1.28770065,1.28216636,1.28356528,0,
2013-05-20T23:00:00Z,1.28919137,1.29169929,1.28450501,1.28910828,0,
2013-05-21T23:00:00Z,1.29202306,1.29970062,1.28669000,1.29190624,0,
2013-05-22T23:00:00Z,1.28438950,1.29519928,1.28245080,1.28420818,0,
2013-05-23T23:00:00Z,1.29244053,1.29900503,1.29060566,1.29250741,0,
2013-05-26T23:00:00Z,1.29369462,1.29519928,1.29165590,1.29377818,0,
2013-05-27T23:00:00Z,1.29369462,1.29469955,1.28549087,1.29339337,0,
2013-05-28T23:00:00Z,1.28470302,1.29689908,1.28397071,1.28463709,0,
2013-05-29T23:00:00Z,1.29476655,1.30610025,1.29359412,1.29478335,0,
2013-05-30T23:00:00Z,1.30430806,1.30493796,1.29467940,1.30439317,0,
2013-06-02T23:00:00Z,1.29951143,1.31036007,1.29570603,1.29964650,0,
2013-06-03T23:00:00Z,1.30729198,1.30981946,1.30447996,1.30729198,0,
2013-06-04T23:00:00Z,1.30729198,1.31121063,1.30568755,1.30734336,0,
2013-06-05T23:00:00Z,1.30931187,1.32719994,1.30761683,1.30932891,0,
2013-06-06T23:00:00Z,1.32438052,1.32751000,1.31947017,1.32455587,0,
2013-06-09T23:00:00Z,1.32240140,1.32405961,1.31805968,1.32240140,0,
2013-06-10T23:00:00Z,1.32240140,1.33161116,1.31805968,1.32240140,0,
2013-06-11T23:00:00Z,1.32240140,1.33596957,1.31805968,1.32240140,0,
2013-06-12T23:00:00Z,1.33393800,1.33889949,1.32811999,1.33395588,0,
2013-06-13T23:00:00Z,1.33675539,1.33709502,1.32992876,1.33679116,0,
2013-06-16T23:00:00Z,1.33509564,1.33609998,1.33196938,1.33486390,0,
2013-06-17T23:00:00Z,1.33634448,1.34125566,1.33285344,1.33630884,0,
2013-06-18T23:00:00Z,1.33879554,1.34134030,1.33861649,1.33899283,0,
2013-06-19T23:00:00Z,1.32874477,1.33010554,1.31647015,1.32918620,0,
2013-06-20T23:00:00Z,1.32369673,1.32539856,1.31116080,1.32355666,0,
2013-06-23T23:00:00Z,1.31040990,1.31229973,1.30629992,1.31053007,0,
2013-06-24T23:00:00Z,1.31309414,1.31494164,1.30677950,1.31323218,0,
2013-06-25T23:00:00Z,1.30804443,1.30874634,1.29870975,1.30797601,0,
2013-06-26T23:00:00Z,1.30145633,1.30499923,1.30043077,1.30133772,0,
2013-06-27T23:00:00Z,1.30347502,1.30999792,1.29925811,1.30359399,0,
2013-06-30T23:00:00Z,1.30138850,1.30656958,1.30082989,1.30140555,0,
2013-07-01T23:00:00Z,1.30691612,1.30781007,1.29949450,1.30676246,0,
2013-07-02T23:00:00Z,1.29782486,1.30300963,1.29266942,1.29789221,0,
2013-07-03T23:00:00Z,1.30091453,1.30230379,1.28869963,1.30108380,0,
2013-07-04T23:00:00Z,1.29060566,1.29080558,1.28109872,1.29077220,0,
2013-07-07T23:00:00Z,1.28279138,1.28769743,1.28132033,1.28290653,0,
2013-07-08T23:00:00Z,1.28700125,1.28969014,1.27629983,1.28710067,0,
2013-07-09T23:00:00Z,1.27833104,1.28600001,1.27671528,1.27818394,0,
2013-07-11T23:00:00Z,1.30979204,1.31010091,1.30006039,1.30977476,0,
2013-07-14T23:00:00Z,1.30609679,1.30811286,1.29974794,1.30599451,0,
2013-07-15T23:00:00Z,1.30611396,1.31528926,1.30544889,1.30587506,0,
2013-07-16T23:00:00Z,1.31530488,1.31728005,1.30874979,1.31511462,0,
2013-07-17T23:00:00Z,1.31163025,1.31252539,1.30717242,1.31169903,0,
2013-07-18T23:00:00Z,1.31099403,1.31492960,1.30905473,1.31106269,0,
2013-07-21T23:00:00Z,1.31559896,1.32188058,1.31449914,1.31599724,0,
2013-07-22T23:00:00Z,1.31903493,1.32269883,1.31648242,1.31903493,0,
2013-07-23T23:00:00Z,1.32226157,1.32550049,1.31913936,1.32233155,0,
2013-07-24T23:00:00Z,1.31905234,1.32390010,1.31683946,1.31908727,0,
2013-07-25T23:00:00Z,1.32759809,1.32979965,1.32538104,1.32742190,0,
2013-07-28T23:00:00Z,1.32865644,1.32970059,1.32415962,1.32874477,0,
2013-07-29T23:00:00Z,1.32640064,1.33002067,1.32378972,1.32636547,0,
2013-07-30T23:00:00Z,1.32664704,1.32990038,1.32180023,1.32648861,0,
2013-07-31T23:00:00Z,1.33010554,1.33109713,1.31984973,1.33014095,0,
2013-08-01T23:00:00Z,1.32126582,1.32940006,1.31917417,1.32119596,0,
2013-08-04T23:00:00Z,1.32791543,1.33019936,1.32374060,1.32789779,0,
2013-08-05T23:00:00Z,1.32590830,1.33229065,1.32474017,1.32575011,0,
2013-08-06T23:00:00Z,1.33061886,1.33329952,1.32671738,1.33081365,0,
2013-08-07T23:00:00Z,1.33383131,1.33969963,1.33299565,1.33409822,0,
2013-08-08T23:00:00Z,1.33790004,1.33920085,1.33348978,1.33800745,0,
2013-08-11T23:00:00Z,1.33393800,1.33411598,1.32788014,1.33393800,0,
2013-08-12T23:00:00Z,1.32939839,1.33160937,1.32343054,1.32929230,0,
2013-08-13T23:00:00Z,1.32669973,1.32800007,1.32394910,1.32655907,0,
2013-08-14T23:00:00Z,1.32659423,1.33070743,1.32090974,1.32641828,0,
2013-08-15T23:00:00Z,1.33509564,1.33800030,1.33193922,1.33539879,0,
2013-08-18T23:00:00Z,1.33299565,1.33739901,1.33168209,1.33290672,0,
2013-08-19T23:00:00Z,1.33360004,1.34502065,1.33242738,1.33338666,0,
2013-08-20T23:00:00Z,1.34210169,1.34269643,1.33586085,1.34210169,0,
2013-08-21T23:00:00Z,1.33425844,1.33668399,1.33017647,1.33429408,0,
2013-08-22T23:00:00Z,1.33563066,1.34100032,1.33365345,1.33550572,0,
2013-08-25T23:00:00Z,1.33886731,1.33920979,1.33588934,1.33865225,0,
2013-08-26T23:00:00Z,1.33779263,1.33999753,1.33267057,1.33791792,0,
2013-08-27T23:00:00Z,1.33920801,1.33976424,1.33082962,1.33920801,0,
2013-08-28T23:00:00Z,1.33358228,1.33409822,1.32212174,1.33349335,0,
2013-08-29T23:00:00Z,1.32371438,1.32534587,1.31792068,1.32362676,0,
2013-09-01T23:00:00Z,1.32079458,1.32290006,1.31863487,1.32082951,0,
2013-09-02T23:00:00Z,1.31903493,1.31969655,1.31430054,1.31900024,0,
2013-09-03T23:00:00Z,1.31729746,1.32181072,1.31609082,1.31740165,0,
2013-09-04T23:00:00Z,1.32009709,1.32208669,1.31120026,1.32006228,0,
2013-09-05T23:00:00Z,1.31192279,1.31870461,1.31061947,1.31183672,0,
2013-09-08T23:00:00Z,1.31721067,1.32630038,1.31675971,1.31741881,0,
2013-09-09T23:00:00Z,1.32559192,1.32780075,1.32319939,1.32580280,0,
2013-09-10T23:00:00Z,1.32685828,1.33141959,1.32468045,1.32662940,0,
2013-09-11T23:00:00Z,1.33150470,1.33239174,1.32694983,1.33155799,0,
2013-09-12T23:00:00Z,1.32999945,1.33194995,1.32570088,1.32989335,0,
2013-09-15T23:00:00Z,1.33577335,1.33860028,1.33416939,1.33593392,0,
2013-09-16T23:00:00Z,1.33347559,1.33700025,1.33269358,1.33379567,0,
2013-09-17T23:00:00Z,1.33573759,1.33669996,1.33398962,1.33579123,0,
2013-09-18T23:00:00Z,1.35233819,1.35699940,1.35160708,1.35230160,0,
2013-09-19T23:00:00Z,1.35349143,1.35500073,1.35000134,1.35341799,0,
2013-09-22T23:00:00Z,1.35338140,1.35460055,1.34821951,1.35345471,0,
2013-09-23T23:00:00Z,1.34976447,1.35180068,1.34660184,1.34989202,0,
2013-09-24T23:00:00Z,1.34740019,1.35350049,1.34631181,1.34718227,0,
2013-09-25T23:00:00Z,1.35149741,1.35300052,1.34797049,1.35169840,0,
2013-09-26T23:00:00Z,1.34879959,1.35659993,1.34754550,1.34861767,0,
2013-09-29T23:00:00Z,1.34960055,1.35557926,1.34805048,1.34954596,0,
2013-09-30T23:00:00Z,1.35250282,1.35880089,1.35187018,1.35252118,0,
2013-10-01T23:00:00Z,1.35239303,1.36054051,1.35094965,1.35233819,0,
2013-10-02T23:00:00Z,1.35908341,1.36460090,1.35810518,1.35910189,0,
2013-10-03T23:00:00Z,1.36236072,1.36330795,1.35810518,1.36241639,0,
2013-10-06T23:00:00Z,1.35696256,1.35919976,1.35454917,1.35699940,0,
2013-10-08T23:00:00Z,1.36006308,1.36006308,1.35016000,1.35980415,0,
2013-10-09T23:00:00Z,1.35193598,1.35445011,1.34895062,1.35202742,0,
2013-10-10T23:00:00Z,1.35270405,1.35830069,1.35208225,1.35266745,0,
2013-10-13T23:00:00Z,1.35561967,1.35980046,1.35469973,1.35567486,0,
2013-10-14T23:00:00Z,1.35574830,1.35750043,1.34821033,1.35585868,0,
2013-10-15T23:00:00Z,1.35208225,1.35689998,1.34755993,1.35217369,0,
2013-10-16T23:00:00Z,1.35224676,1.36820054,1.35173488,1.35224676,0,
2013-10-17T23:00:00Z,1.36699796,1.37039995,1.36604559,1.36669898,0,
2013-10-20T23:00:00Z,1.36812007,1.36870050,1.36532938,1.36819494,0,
2013-10-21T23:00:00Z,1.36729705,1.37850034,1.36640012,1.36759615,0,
2013-10-22T23:00:00Z,1.37809384,1.37934840,1.37434006,1.37784696,0,
2013-10-23T23:00:00Z,1.37794197,1.38229990,1.37687945,1.37809384,0,
2013-10-24T23:00:00Z,1.38016701,1.38299966,1.37759078,1.38039553,0,
2013-10-28T00:00:00Z,1.38060522,1.38180721,1.37771034,1.38052905,0,
2013-10-29T00:00:00Z,1.37910116,1.38140059,1.37550068,1.37892997,0,
2013-10-30T00:00:00Z,1.37436271,1.37763059,1.37339997,1.37430608,0,
2013-10-31T00:00:00Z,1.37245750,1.37400377,1.35886180,1.37240112,0,
2013-11-01T00:00:00Z,1.35797608,1.35801291,1.34813952,1.35797608,0,
2013-11-04T00:00:00Z,1.34936380,1.35200906,1.34450161,1.34940028,0,
2013-11-05T00:00:00Z,1.35160708,1.35239303,1.34497178,1.35169840,0,
2013-11-06T00:00:00Z,1.34729123,1.35469973,1.34687388,1.34730947,0,
2013-11-07T00:00:00Z,1.35177147,1.35309935,1.33058000,1.35180795,0,
2013-11-08T00:00:00Z,1.34089601,1.34362912,1.33213091,1.34091389,0,
2013-11-11T00:00:00Z,1.33454335,1.34127009,1.33454335,1.33479261,0,
2013-11-12T00:00:00Z,1.34087801,1.34549665,1.33638918,1.34093189,0,
2013-11-13T00:00:00Z,1.34383309,1.34540617,1.33926010,1.34399569,0,
2013-11-14T00:00:00Z,1.34843588,1.34950948,1.34220076,1.34896338,0,
2013-11-15T00:00:00Z,1.34477293,1.35032952,1.34347022,1.34489942,0,
2013-11-18T00:00:00Z,1.34832668,1.35420620,1.34756362,1.34839940,0,
2013-11-19T00:00:00Z,1.35025656,1.35416949,1.34903610,1.35043895,0,
2013-11-21T00:00:00Z,1.34336376,1.34748924,1.33999944,1.34338176,0,
2013-11-22T00:00:00Z,1.34721863,1.35383034,1.34634805,1.34718227,0,
2013-11-25T00:00:00Z,1.35523391,1.35554624,1.34907258,1.35523391,0,
2013-11-26T00:00:00Z,1.35330820,1.35678029,1.35234916,1.35275900,0,
2013-11-27T00:00:00Z,1.35690737,1.36129987,1.35593224,1.35677850,0,
2013-11-28T00:00:00Z,1.35742307,1.36170030,1.35659444,1.35736775,0,
2013-11-29T00:00:00Z,1.36035919,1.36221230,1.36000764,1.36039615,0,
2013-12-02T00:00:00Z,1.35865867,1.36145926,1.35281384,1.35851109,0,
2013-12-03T00:00:00Z,1.35426116,1.35939753,1.35255766,1.35420620,0,
2013-12-04T00:00:00Z,1.35910189,1.35998917,1.35302985,1.35906494,0,
2013-12-05T00:00:00Z,1.35869563,1.36663926,1.35453081,1.35864031,0,
2013-12-06T00:00:00Z,1.36709142,1.36949909,1.36322987,1.36699796,0,
2013-12-09T00:00:00Z,1.37082076,1.37309074,1.36951029,1.37065160,0,
2013-12-10T00:00:00Z,1.37379622,1.37932932,1.37362635,1.37402272,0,
2013-12-11T00:00:00Z,1.37659514,1.37979949,1.37444007,1.37644362,0,
2013-12-12T00:00:00Z,1.37853074,1.38050044,1.37482941,1.37860680,0,
2013-12-13T00:00:00Z,1.37508070,1.37684155,1.37108386,1.37508070,0,
2013-12-16T00:00:00Z,1.37381506,1.37990034,1.37381506,1.37392831,0,
2013-12-17T00:00:00Z,1.37617838,1.37820959,1.37270057,1.37629199,0,
2013-12-18T00:00:00Z,1.37710702,1.37809944,1.37347925,1.37712598,0,
2013-12-19T00:00:00Z,1.36830723,1.36939406,1.36511314,1.36849451,0,
2013-12-20T00:00:00Z,1.36559784,1.37086964,1.36258340,1.36557913,0,
2013-12-23T00:00:00Z,1.36787677,1.37159908,1.36742973,1.36783934,0,
2013-12-25T00:00:00Z,1.36819494,1.37070799,1.36640012,1.36819494,0,
2013-12-26T00:00:00Z,1.36770844,1.37006950,1.36673629,1.36684847,0,
2013-12-27T00:00:00Z,1.36956286,1.38835096,1.36939406,1.36961913,0,
2013-12-30T00:00:00Z,1.37519431,1.38115823,1.37300026,1.37502408,0,
2013-12-31T00:00:00Z,1.38077688,1.38125360,1.37611961,1.38100564,0,
2014-01-01T00:00:00Z,1.37449479,1.37790394,1.37440038,1.37449479,0,
2014-01-02T00:00:00Z,1.37659514,1.37746739,1.36327076,1.37667096,0,
2014-01-03T00:00:00Z,1.36662436,1.36729705,1.36017036,1.36666167,0,
2014-01-06T00:00:00Z,1.35958230,1.36461020,1.35727930,1.35960078,0,
2014-01-07T00:00:00Z,1.36306632,1.36579931,1.35987806,1.36319649,0,
2014-01-08T00:00:00Z,1.36169279,1.36360538,1.35720193,1.36163723,0,
2014-01-09T00:00:00Z,1.35725725,1.36328006,1.35548925,1.35720193,0,
2014-01-10T00:00:00Z,1.36071086,1.36870050,1.35781014,1.36071086,0,
2014-01-13T00:00:00Z,1.36722219,1.36847579,1.36393094,1.36718488,0,
2014-01-14T00:00:00Z,1.36709142,1.36985934,1.36502934,1.36699796,0,
2014-01-15T00:00:00Z,1.36681104,1.36735308,1.35826015,1.36684847,0,
2014-01-16T00:00:00Z,1.36011851,1.36479092,1.35880649,1.35993361,0,
2014-01-17T00:00:00Z,1.36156309,1.36210084,1.35569322,1.36180413,0,
2014-01-20T00:00:00Z,1.35283220,1.35664034,1.35093141,1.35275900,0,
2014-01-21T00:00:00Z,1.35453641,1.35639942,1.35186291,1.35490334,0,
2014-01-22T00:00:00Z,1.35574830,1.35808682,1.35354078,1.35591376,0,
2014-01-23T00:00:00Z,1.35451806,1.36855066,1.35336304,1.35422444,0,
2014-01-24T00:00:00Z,1.36900043,1.37349427,1.36649358,1.36890662,0,
2014-01-27T00:00:00Z,1.36881292,1.37149942,1.36554003,1.36879420,0,
2014-01-28T00:00:00Z,1.36759615,1.36894035,1.36317968,1.36746526,0,
2014-01-29T00:00:00Z,1.36543000,1.36859930,1.36044991,1.36550462,0,
2014-01-30T00:00:00Z,1.36591494,1.36621356,1.35606098,1.36585903,0,
2014-01-31T00:00:00Z,1.35585868,1.35623932,1.34810865,1.35587704,0,
2014-02-03T00:00:00Z,1.34881783,1.35195971,1.34793055,1.34881783,0,
2014-02-04T00:00:00Z,1.35228336,1.35400450,1.34956408,1.35250282,0,
2014-02-05T00:00:00Z,1.35166180,1.35530007,1.35003960,1.35158873,0,
2014-02-06T00:00:00Z,1.35349143,1.36200809,1.34910893,1.35350966,0,
2014-02-07T00:00:00Z,1.35897267,1.36420989,1.35557926,1.35921276,0,
2014-02-11T00:00:00Z,1.36459160,1.36840093,1.36312962,1.36461020,0,
2014-02-12T00:00:00Z,1.36390293,1.36550093,1.35630000,1.36390293,0,
2014-02-13T00:00:00Z,1.35889876,1.36917102,1.35869563,1.35900950,0,
2014-02-14T00:00:00Z,1.36776459,1.37159908,1.36748397,1.36787677,0,
2014-02-17T00:00:00Z,1.37025726,1.37260818,1.36928153,1.36999440,0,
2014-02-18T00:00:00Z,1.37070799,1.37690032,1.36961913,1.37044501,0,
2014-02-19T00:00:00Z,1.37610257,1.37733459,1.37420022,1.37619734,0,
2014-02-20T00:00:00Z,1.37317371,1.37640560,1.36901915,1.37304175,0,
2014-02-21T00:00:00Z,1.37206209,1.37566912,1.37035108,1.37211859,0,
2014-02-24T00:00:00Z,1.37400377,1.37690032,1.37101054,1.37379622,0,
2014-02-25T00:00:00Z,1.37351310,1.37650037,1.37187004,1.37360752,0,
2014-02-26T00:00:00Z,1.37464595,1.37579978,1.36657941,1.37460828,0,
2014-02-27T00:00:00Z,1.36819494,1.36960042,1.36449850,1.36819494,0,
2014-02-28T00:00:00Z,1.37074554,1.38233995,1.36952913,1.37074554,0,
2014-03-03T00:00:00Z,1.37754333,1.37959969,1.37498617,1.37769508,0,
2014-03-04T00:00:00Z,1.37364531,1.37789071,1.37223160,1.37370181,0,
2014-03-05T00:00:00Z,1.37430608,1.37460065,1.37108386,1.37411714,0,
2014-03-06T00:00:00Z,1.37324905,1.38499939,1.37226915,1.37341881,0,
2014-03-07T00:00:00Z,1.38646257,1.39153087,1.38542521,1.38630879,0,
2014-03-10T00:00:00Z,1.38775170,1.38981545,1.38632810,1.38786733,0,
2014-03-12T00:00:00Z,1.38575172,1.39054012,1.38448930,1.38580930,0,
2014-03-13T00:00:00Z,1.39039516,1.39654076,1.38989270,1.39045310,0,
2014-03-14T00:00:00Z,1.38657796,1.39332044,1.38498020,1.38653946,0,
2014-03-17T00:00:00Z,1.39107215,1.39490056,1.38821399,1.39130437,0,
2014-03-18T00:00:00Z,1.39271879,1.39380598,1.38826025,1.39266062,0,
2014-03-19T00:00:00Z,1.39297104,1.39330101,1.39010525,1.39308751,0,
2014-03-20T00:00:00Z,1.38184536,1.38440883,1.37526989,1.38192165,0,
2014-03-21T00:00:00Z,1.37820780,1.38113916,1.37683010,1.37820780,0,
2014-03-24T00:00:00Z,1.37974799,1.38234961,1.37619734,1.37955761,0,
2014-03-25T00:00:00Z,1.38371921,1.38489962,1.37755096,1.38389158,0,
2014-03-26T00:00:00Z,1.38205540,1.38230383,1.37812996,1.38190258,0,
2014-03-27T00:00:00Z,1.37870181,1.37951970,1.37417936,1.37820780,0,
2014-03-28T00:00:00Z,1.37419271,1.37712967,1.37085080,1.37413609,0,
2014-03-30T23:00:00Z,1.37549686,1.38059962,1.37386036,1.37521315,0,
2014-03-31T23:00:00Z,1.37750530,1.38129187,1.37714481,1.37750530,0,
2014-04-01T23:00:00Z,1.37934840,1.38199997,1.37551963,1.37948155,0,
2014-04-02T23:00:00Z,1.37682259,1.37993848,1.36996067,1.37682259,0,
2014-04-03T23:00:00Z,1.37211859,1.37300026,1.36762989,1.37238216,0,
2014-04-06T23:00:00Z,1.37040746,1.37489164,1.36978793,1.37040746,0,
2014-04-07T23:00:00Z,1.37430608,1.38090074,1.37394726,1.37430608,0,
2014-04-08T23:00:00Z,1.37932932,1.38277006,1.37809944,1.37932932,0,
2014-04-09T23:00:00Z,1.38529098,1.38996029,1.38377094,1.38550210,0,
2014-04-10T23:00:00Z,1.38890815,1.39060783,1.38655865,1.38863814,0,
2014-04-13T23:00:00Z,1.38473475,1.38628960,1.38099992,1.38461959,0,
2014-04-14T23:00:00Z,1.38180721,1.38324058,1.37927043,1.38171172,0,
2014-04-15T23:00:00Z,1.38104379,1.38520086,1.38047945,1.38119638,0,
2014-04-16T23:00:00Z,1.38239920,1.38656068,1.38239920,1.38270509,0,
2014-04-17T23:00:00Z,1.38121557,1.38230383,1.38094842,1.38121557,0,
2014-04-20T23:00:00Z,1.38152075,1.38304937,1.37889183,1.38152075,0,
2014-04-21T23:00:00Z,1.37927234,1.38247001,1.37866950,1.37950063,0,
2014-04-22T23:00:00Z,1.38073862,1.38554049,1.38010991,1.38100564,0,
2014-04-23T23:00:00Z,1.38180721,1.38419998,1.37921524,1.38192165,0,
2014-04-24T23:00:00Z,1.38304937,1.38490736,1.38287723,1.38320243,0,
2014-04-27T23:00:00Z,1.38410223,1.38800013,1.38171172,1.38406396,0,
2014-04-28T23:00:00Z,1.38529098,1.38789999,1.38074064,1.38529098,0,
2014-04-29T23:00:00Z,1.38138723,1.38769972,1.37866008,1.38136816,0,
2014-04-30T23:00:00Z,1.38686633,1.38910115,1.38639915,1.38692415,0,
2014-05-01T23:00:00Z,1.38709724,1.38709915,1.38134897,1.38709724,0,
2014-05-04T23:00:00Z,1.38727045,1.38880014,1.38659716,1.38727045,0,
2014-05-05T23:00:00Z,1.38769400,1.39516902,1.38734746,1.38759768,0,
2014-05-06T23:00:00Z,1.39299047,1.39379036,1.39125979,1.39306808,0,
2014-05-07T23:00:00Z,1.39120758,1.39911020,1.38517964,1.39116895,0,
2014-05-08T23:00:00Z,1.38435125,1.38450456,1.37554038,1.38442791,0,
2014-05-11T23:00:00Z,1.37615943,1.37760019,1.37502408,1.37606466,0,
2014-05-12T23:00:00Z,1.37564826,1.37739909,1.36999059,1.37566721,0,
2014-05-13T23:00:00Z,1.37089586,1.37297952,1.36991930,1.37095225,0,
2014-05-14T23:00:00Z,1.37189269,1.37304926,1.36505914,1.37200558,0,
2014-05-15T23:00:00Z,1.37170446,1.37280035,1.36861062,1.37164807,0,
2014-05-18T23:00:00Z,1.37038863,1.37343013,1.37012577,1.37033236,0,
2014-05-19T23:00:00Z,1.37132835,1.37149751,1.36815000,1.37138474,0,
2014-05-20T23:00:00Z,1.37046373,1.37219942,1.36543930,1.37040746,0,
2014-05-21T23:00:00Z,1.36830723,1.36873055,1.36477971,1.36817622,0,
2014-05-22T23:00:00Z,1.36550462,1.36550462,1.36161864,1.36544871,0,
2014-05-25T23:00:00Z,1.36280620,1.36559975,1.36167431,1.36288059,0,
2014-05-26T23:00:00Z,1.36529958,1.36692321,1.36142969,1.36513186,0,
2014-05-27T23:00:00Z,1.36356819,1.36390293,1.35919058,1.36369836,0,
2014-05-28T23:00:00Z,1.35939753,1.36260200,1.35888028,1.35934210,0,
2014-05-29T23:00:00Z,1.36032212,1.36509454,1.35993361,1.36045158,0,
2014-06-01T23:00:00Z,1.36284339,1.36372995,1.35946965,1.36280620,0,
2014-06-02T23:00:00Z,1.35976720,1.36460090,1.35946035,1.35989666,0,
2014-06-03T23:00:00Z,1.36219370,1.36375034,1.36011851,1.36210084,0,
2014-06-04T23:00:00Z,1.36034071,1.36379135,1.35067964,1.36041462,0,
2014-06-05T23:00:00Z,1.36608291,1.36757743,1.36217511,1.36619484,0,
2014-06-08T23:00:00Z,1.36453569,1.36690080,1.35832655,1.36429369,0,
2014-06-09T23:00:00Z,1.35926819,1.36029994,1.35378993,1.35926819,0,
2014-06-10T23:00:00Z,1.35402286,1.35589910,1.35230160,1.35409617,0,
2014-06-11T23:00:00Z,1.35365617,1.35620809,1.35130012,1.35371125,0,
2014-06-12T23:00:00Z,1.35506868,1.35809970,1.35236013,1.35545433,0,
2014-06-15T23:00:00Z,1.35369289,1.35810518,1.35136044,1.35380292,0,
2014-06-16T23:00:00Z,1.35769951,1.35869563,1.35385787,1.35771799,0,
2014-06-17T23:00:00Z,1.35497677,1.35827112,1.35420060,1.35479319,0,
2014-06-18T23:00:00Z,1.35910189,1.36450028,1.35854805,1.35906494,0,
2014-06-19T23:00:00Z,1.36082196,1.36340082,1.35653007,1.36113679,0,
2014-06-22T23:00:00Z,1.35919428,1.36150742,1.35759997,1.35930514,0,
2014-06-23T23:00:00Z,1.36006308,1.36299944,1.35838187,1.36019266,0,
2014-06-24T23:00:00Z,1.36074793,1.36520076,1.36010015,1.36058128,0,
2014-06-25T23:00:00Z,1.36286199,1.36420059,1.35769951,1.36289918,0,
2014-06-26T23:00:00Z,1.36117387,1.36396992,1.36104417,1.36130357,0,
2014-06-29T23:00:00Z,1.36442411,1.36969984,1.36413932,1.36444259,0,
2014-06-30T23:00:00Z,1.36918783,1.36980677,1.36766911,1.36935651,0,
2014-07-01T23:00:00Z,1.36815751,1.36830723,1.36447060,1.36808264,0,
2014-07-02T23:00:00Z,1.36535549,1.36649919,1.35993361,1.36529958,0,
2014-07-03T23:00:00Z,1.36091459,1.36130357,1.35861993,1.36100721,0,
2014-07-06T23:00:00Z,1.35895419,1.36069977,1.35773087,1.35884333,0,
2014-07-07T23:00:00Z,1.36067390,1.36180043,1.35897267,1.36061823,0,
2014-07-08T23:00:00Z,1.36174846,1.36420059,1.36028504,1.36171138,0,
2014-07-09T23:00:00Z,1.36434960,1.36505914,1.35900950,1.36429369,0,
2014-07-10T23:00:00Z,1.36058128,1.36247218,1.35936058,1.36050725,0,
2014-07-13T23:00:00Z,1.36035919,1.36399961,1.35987806,1.36037755,0,
2014-07-14T23:00:00Z,1.36221230,1.36283970,1.35626316,1.36217511,0,
2014-07-15T23:00:00Z,1.35720193,1.35720193,1.35264003,1.35720193,0,
2014-07-16T23:00:00Z,1.35290539,1.35401905,1.35189939,1.35299695,0,
2014-07-17T23:00:00Z,1.35180795,1.35363793,1.34926915,1.35188115,0,
2014-07-20T23:00:00Z,1.35319829,1.35491991,1.35147011,1.35321665,0,
2014-07-21T23:00:00Z,1.35228336,1.35303342,1.34616673,1.35270405,0,
2014-07-22T23:00:00Z,1.34681952,1.34750915,1.34559083,1.34680128,0,
2014-07-23T23:00:00Z,1.34620309,1.34857035,1.34417629,1.34629357,0,
2014-07-24T23:00:00Z,1.34661996,1.34769988,1.34290016,1.34647489,0,
2014-07-27T23:00:00Z,1.34291279,1.34459925,1.34273243,1.34289467,0,
2014-07-28T23:00:00Z,1.34390545,1.34439313,1.34098947,1.34390545,0,
2014-07-29T23:00:00Z,1.34114766,1.34170556,1.33688056,1.34111178,0,
2014-07-30T23:00:00Z,1.33954883,1.34020054,1.33722913,1.33960271,0,
2014-07-31T23:00:00Z,1.33899283,1.34459925,1.33796084,1.33899283,0,
2014-08-03T23:00:00Z,1.34289467,1.34329152,1.34121072,1.34289467,0,
2014-08-04T23:00:00Z,1.34224594,1.34260631,1.33614814,1.34220982,0,
2014-08-05T23:00:00Z,1.33716655,1.33749926,1.33340442,1.33723807,0,
2014-08-06T23:00:00Z,1.33820438,1.33929765,1.33393800,1.33829403,0,
2014-08-07T23:00:00Z,1.33600533,1.34301019,1.33450770,1.33582687,0,
2014-08-10T23:00:00Z,1.34050059,1.34089601,1.33809698,1.34051847,0,
2014-08-11T23:00:00Z,1.33827603,1.33850896,1.33374953,1.33849096,0,
2014-08-12T23:00:00Z,1.33657682,1.34148061,1.33450055,1.33661246,0,
2014-08-13T23:00:00Z,1.33666599,1.34068918,1.33494949,1.33679116,0,
2014-08-14T23:00:00Z,1.33639812,1.34094989,1.33589828,1.33639812,0,
2014-08-17T23:00:00Z,1.33920801,1.34009993,1.33548963,1.33904660,0,
2014-08-19T23:00:00Z,1.33214331,1.33219659,1.32764924,1.33219659,0,
2014-08-20T23:00:00Z,1.32599616,1.32909966,1.32429290,1.32604897,0,
2014-08-21T23:00:00Z,1.32795072,1.32990038,1.32249939,1.32793307,0,
2014-08-24T23:00:00Z,1.31980097,1.32103014,1.31861067,1.31987059,0,
2014-08-25T23:00:00Z,1.31875670,1.32170069,1.31856537,1.31889582,0,
2014-08-26T23:00:00Z,1.31693316,1.32097960,1.31561637,1.31701994,0,
2014-08-27T23:00:00Z,1.31933081,1.32189977,1.31625021,1.31908727,0,
2014-08-28T23:00:00Z,1.31849587,1.31968081,1.31443012,1.31849587,0,
2014-08-31T23:00:00Z,1.31276667,1.31469965,1.31202602,1.31278384,0,
2014-09-01T23:00:00Z,1.31319761,1.31373072,1.31117964,1.31319761,0,
2014-09-02T23:00:00Z,1.31309414,1.31609941,1.31240475,1.31319761,0,
2014-09-03T23:00:00Z,1.31492436,1.31550038,1.29242039,1.31509733,0,
2014-09-04T23:00:00Z,1.29304206,1.29881942,1.29267442,1.29327619,0,
2014-09-07T23:00:00Z,1.29520261,1.29587400,1.29316926,1.29533672,0,
2014-09-08T23:00:00Z,1.28940749,1.29249060,1.28610742,1.28910828,0,
2014-09-09T23:00:00Z,1.29399586,1.29628050,1.28988993,1.29419684,0,
2014-09-10T23:00:00Z,1.29175603,1.29520929,1.28995967,1.29170597,0,
2014-09-11T23:00:00Z,1.29247391,1.29602015,1.29132068,1.29235697,0,
2014-09-14T23:00:00Z,1.29607546,1.29689908,1.29123890,1.29600823,0,
2014-09-15T23:00:00Z,1.29396236,1.29781973,1.29242039,1.29397917,0,
2014-09-16T23:00:00Z,1.29590762,1.29799998,1.29408967,1.29590762,0,
2014-09-18T23:00:00Z,1.29213989,1.29295862,1.28320289,1.29200637,0,
2014-09-21T23:00:00Z,1.28407609,1.28690028,1.28195274,1.28414214,0,
2014-09-22T23:00:00Z,1.28529751,1.28992975,1.28458917,1.28514886,0,
2014-09-23T23:00:00Z,1.28509927,1.28639030,1.27755046,1.28539658,0,
2014-09-24T23:00:00Z,1.27790630,1.27849448,1.27053988,1.27780831,0,
2014-09-25T23:00:00Z,1.27570546,1.27604735,1.26815033,1.27570546,0,
2014-09-28T23:00:00Z,1.26763606,1.27145588,1.26651061,1.26731467,0,
2014-09-29T23:00:00Z,1.26909995,1.27019930,1.25739038,1.26908386,0,
2014-09-30T23:00:00Z,1.26291335,1.26399875,1.25857401,1.26283360,0,
2014-10-01T23:00:00Z,1.26249874,1.26905000,1.26160991,1.26241910,0,
2014-10-06T23:00:00Z,1.26439834,1.26643038,1.25846958,1.26460624,0,
2014-10-07T23:00:00Z,1.26680088,1.26909995,1.26244938,1.26680088,0,
2014-10-08T23:00:00Z,1.27388525,1.27930081,1.26778066,1.27430749,0,
2014-10-09T23:00:00Z,1.26890671,1.27160132,1.26104987,1.26890671,0,
2014-10-12T23:00:00Z,1.26409471,1.26999938,1.26350367,1.26398289,0,
2014-10-13T23:00:00Z,1.27224839,1.27320409,1.26408029,1.27239406,0,
2014-10-14T23:00:00Z,1.26441431,1.28404319,1.26261032,1.26390290,0,
2014-10-15T23:00:00Z,1.28205132,1.28443897,1.27106798,1.28216636,0,
2014-10-16T23:00:00Z,1.28075421,1.28348947,1.27465022,1.28044248,0,
2014-10-19T23:00:00Z,1.27489221,1.27885413,1.27323985,1.27495730,0,
2014-10-20T23:00:00Z,1.27952504,1.28392780,1.27170968,1.27952504,0,
2014-10-21T23:00:00Z,1.27142346,1.27390969,1.26511014,1.27147198,0,
2014-10-22T23:00:00Z,1.26454222,1.26757967,1.26170230,1.26414251,0,
2014-10-23T23:00:00Z,1.26507020,1.26951075,1.26358354,1.26540625,0,
2014-10-27T00:00:00Z,1.26768422,1.27219987,1.26670945,1.26766813,0,
2014-10-28T00:00:00Z,1.27024460,1.27629983,1.26869750,1.27014768,0,
2014-10-29T00:00:00Z,1.27380431,1.27697945,1.27250755,1.27383661,0,
2014-10-30T00:00:00Z,1.26323235,1.26340795,1.25586963,1.26328027,0,
2014-11-03T00:00:00Z,1.25032818,1.25114167,1.24429178,1.25031257,0,
2014-11-04T00:00:00Z,1.24926603,1.25681031,1.24926603,1.24959385,0,
2014-11-05T00:00:00Z,1.25539827,1.25670767,1.24596930,1.25525641,0,
2014-11-06T00:00:00Z,1.24776959,1.25336051,1.24021006,1.24800313,0,
2014-11-07T00:00:00Z,1.23817539,1.24429953,1.23639047,1.23800683,0,
2014-11-10T00:00:00Z,1.24618351,1.25086927,1.24304986,1.24613702,0,
2014-11-11T00:00:00Z,1.24271452,1.24419892,1.23963976,1.24299264,0,
2014-11-12T00:00:00Z,1.24780071,1.25000000,1.24317801,1.24758291,0,
2014-11-14T00:00:00Z,1.24750507,1.24930036,1.23995638,1.24759829,0,
2014-11-17T00:00:00Z,1.25214434,1.25759268,1.24482930,1.25184643,0,
2014-11-19T00:00:00Z,1.25339985,1.25709951,1.25139213,1.25333703,0,
2014-11-20T00:00:00Z,1.25429595,1.25752950,1.25068009,1.25407577,0,
2014-11-21T00:00:00Z,1.25435889,1.25672352,1.24069023,1.25450051,0,
2014-11-24T00:00:00Z,1.23742461,1.24403012,1.23742461,1.23750126,0,
2014-11-25T00:00:00Z,1.24359548,1.24788952,1.24060237,1.24331713,0,
2014-11-26T00:00:00Z,1.24789417,1.25245953,1.24444044,1.24806547,0,
2014-11-27T00:00:00Z,1.25054705,1.25209725,1.24661863,1.25059402,0,
2014-11-28T00:00:00Z,1.24582648,1.24895394,1.24311006,1.24619913,0,
2014-12-01T00:00:00Z,1.24379659,1.25058937,1.24228227,1.24382758,0,
2014-12-02T00:00:00Z,1.24700713,1.24780071,1.23957217,1.24700713,0,
2014-12-03T00:00:00Z,1.23880434,1.23929560,1.23029983,1.23885036,0,
2014-12-04T00:00:00Z,1.23122382,1.24317801,1.22977030,1.23166370,0,
2014-12-05T00:00:00Z,1.23857415,1.23924947,1.22750592,1.23866618,0,
2014-12-08T00:00:00Z,1.22969460,1.23039067,1.22479975,1.22940743,0,
2014-12-09T00:00:00Z,1.23140574,1.24479985,1.22937715,1.23151195,0,
2014-12-10T00:00:00Z,1.23871219,1.24359548,1.23629260,1.23949528,0,
2014-12-11T00:00:00Z,1.24800313,1.24959385,1.23742008,1.24739599,0,
2014-12-12T00:00:00Z,1.23912668,1.24770737,1.23866928,1.23949528,0,
2014-12-15T00:00:00Z,1.24647868,1.24800014,1.24171007,1.24635446,0,
2014-12-16T00:00:00Z,1.24435377,1.25657022,1.24362648,1.24435377,0,
2014-12-17T00:00:00Z,1.25137651,1.25159574,1.23900998,1.25120437,0,
2014-12-18T00:00:00Z,1.23380625,1.23514736,1.22667027,1.23389769,0,
2014-12-19T00:00:00Z,1.22910523,1.23099947,1.22549021,1.22904480,0,
2014-12-22T00:00:00Z,1.22249389,1.22800040,1.22235942,1.22259855,0,
2014-12-23T00:00:00Z,1.22246397,1.22499931,1.21657026,1.22237432,0,
2014-12-24T00:00:00Z,1.21759665,1.22210538,1.21709287,1.21749294,0,
2014-12-25T00:00:00Z,1.21985435,1.22559536,1.21915531,1.21985435,0,
2014-12-26T00:00:00Z,1.22110558,1.22229958,1.21699953,1.22100127,0,
2014-12-30T00:00:00Z,1.21549511,1.21899939,1.21249008,1.21534741,0,
2014-12-31T00:00:00Z,1.21620476,1.21697438,1.21053946,1.21620476,0,
2015-01-01T00:00:00Z,1.20986283,1.20986283,1.20986283,1.20986283,0,
2015-01-02T00:00:00Z,1.20886827,1.20895600,1.20107996,1.20894134,0,
2015-01-05T00:00:00Z,1.19550014,1.19759047,1.18890941,1.19464326,0,
2015-01-06T00:00:00Z,1.19383025,1.19699991,1.18869317,1.19390154,0,
2015-01-07T00:00:00Z,1.18747926,1.19000018,1.18040061,1.18753564,0,
2015-01-08T00:00:00Z,1.18389428,1.18480599,1.17560065,1.18360007,0,
2015-01-09T00:00:00Z,1.17942607,1.18382978,1.17683053,1.17960691,0,
2015-01-12T00:00:00Z,1.18701398,1.18720007,1.17880046,1.18707037,0,
2015-01-13T00:00:00Z,1.18323588,1.18590200,1.17565048,1.18315196,0,
2015-01-14T00:00:00Z,1.17767596,1.18435693,1.17306042,1.17782855,0,
2015-01-15T00:00:00Z,1.17838371,1.17885602,1.15922940,1.17859209,0,
2015-01-16T00:00:00Z,1.16390049,1.16500020,1.14643002,1.16373789,0,
2015-01-19T00:00:00Z,1.15637684,1.16387057,1.15540159,1.15660417,0,
2015-01-20T00:00:00Z,1.15970266,1.16159940,1.15691996,1.15979683,0,
2015-01-21T00:00:00Z,1.15466774,1.16639972,1.15437448,1.15469444,0,
2015-01-22T00:00:00Z,1.16169655,1.16428936,1.14140010,1.16153455,0,
2015-01-23T00:00:00Z,1.13464880,1.13739765,1.11217999,1.13467455,0,
2015-01-27T00:00:00Z,1.12509990,1.14199960,1.12260032,1.12477088,0,
2015-01-28T00:00:00Z,1.13669944,1.13820028,1.13078046,1.13673818,0,
2015-01-29T00:00:00Z,1.12847710,1.13680029,1.12640512,1.12814617,0,
2015-01-30T00:00:00Z,1.13373542,1.13639987,1.12859941,1.13355553,0,
2015-02-02T00:00:00Z,1.13046718,1.13599956,1.12929273,1.13090193,0,
2015-02-03T00:00:00Z,1.13369691,1.14500058,1.13179016,1.13417268,0,
2015-02-04T00:00:00Z,1.14568532,1.14841950,1.14041996,1.14573789,0,
2015-02-05T00:00:00Z,1.13172102,1.14600039,1.13169539,1.13187468,0,
2015-02-06T00:00:00Z,1.14709151,1.14759970,1.13200283,1.14719689,0,
2015-02-09T00:00:00Z,1.13147771,1.13599956,1.12716949,1.13143933,0,
2015-02-10T00:00:00Z,1.13260543,1.13500035,1.12755978,1.13269532,0,
2015-02-11T00:00:00Z,1.13195157,1.13319588,1.12886059,1.13219512,0,
2015-02-12T00:00:00Z,1.13082516,1.13981938,1.13062060,1.13119614,0,
2015-02-13T00:00:00Z,1.14048493,1.14500058,1.13820028,1.14039385,0,
2015-02-16T00:00:00Z,1.13970506,1.14350009,1.13970506,1.14000392,0,
2015-02-17T00:00:00Z,1.13336277,1.14423025,1.13251567,1.13340127,0,
2015-02-18T00:00:00Z,1.14049792,1.14150035,1.13478005,1.14047194,0,
2015-02-19T00:00:00Z,1.14008188,1.14500058,1.13562036,1.14000392,0,
2015-02-20T00:00:00Z,1.13667357,1.13759947,1.12820983,1.13667357,0,
2015-02-23T00:00:00Z,1.13794124,1.13930249,1.12966013,1.13814843,0,
2015-02-24T00:00:00Z,1.13341415,1.13474011,1.12906957,1.13329852,0,
2015-02-25T00:00:00Z,1.13406968,1.13880038,1.13378048,1.13390255,0,
2015-02-26T00:00:00Z,1.13627326,1.13788044,1.12026989,1.13636363,0,
2015-02-27T00:00:00Z,1.12036026,1.12499988,1.11768055,1.12053609,0,
2015-03-03T00:00:00Z,1.11766803,1.12140059,1.11559951,1.11790550,0,
2015-03-04T00:00:00Z,1.11840558,1.11880600,1.10628033,1.11821795,0,
2015-03-05T00:00:00Z,1.10799634,1.11089015,1.10105002,1.10820508,0,
2015-03-06T00:00:00Z,1.10339963,1.10339963,1.08522248,1.10320485,0,
2015-03-09T00:00:00Z,1.08456349,1.09100032,1.08377588,1.08459866,0,
2015-03-10T00:00:00Z,1.08357620,1.08370543,1.07059050,1.08334148,0,
2015-03-11T00:00:00Z,1.07093906,1.07145536,1.05614018,1.07087016,0,
2015-03-12T00:00:00Z,1.05494130,1.06815016,1.05015540,1.05487454,0,
2015-03-13T00:00:00Z,1.06259763,1.06299973,1.04863024,1.06263149,0,
2015-03-17T00:00:00Z,1.05728364,1.06490028,1.05529761,1.05729473,0,
2015-03-18T00:00:00Z,1.05959141,1.06459987,1.05804992,1.05980480,0,
2015-03-19T00:00:00Z,1.08439875,1.09140515,1.06214058,1.08499885,0,
2015-03-20T00:00:00Z,1.06727004,1.08149028,1.06571972,1.06689429,0,
2015-03-23T00:00:00Z,1.08260262,1.09436965,1.07695031,1.08266115,0,
2015-03-24T00:00:00Z,1.09479856,1.10300040,1.08933055,1.09449911,0,
2015-03-26T00:00:00Z,1.09664750,1.10451961,1.09125984,1.09604657,0,
2015-03-27T00:00:00Z,1.08855391,1.08953834,1.08052969,1.08863676,0,
2015-03-29T23:00:00Z,1.08819842,1.08849466,1.08111036,1.08849466,0,
2015-03-30T23:00:00Z,1.08290744,1.08435178,1.07176542,1.08302462,0,
2015-03-31T23:00:00Z,1.07410228,1.08003020,1.07212973,1.07381403,0,
2015-04-01T23:00:00Z,1.07698274,1.08969021,1.07526886,1.07699430,0,
2015-04-02T23:00:00Z,1.08709836,1.10219550,1.08659041,1.08707464,0,
2015-04-05T23:00:00Z,1.10014629,1.10359442,1.09685206,1.10013425,0,
2015-04-06T23:00:00Z,1.09348178,1.09555423,1.08377004,1.09348178,0,
2015-04-07T23:00:00Z,1.08249712,1.08899963,1.07895005,1.08241510,0,
2015-04-08T23:00:00Z,1.07843459,1.07900476,1.06700015,1.07852757,0,
2015-04-09T23:00:00Z,1.06672359,1.06834984,1.05714953,1.06690562,0,
2015-04-12T23:00:00Z,1.06082785,1.06199956,1.05215979,1.06098545,0,
2015-04-13T23:00:00Z,1.05749607,1.07069016,1.05325019,1.05729473,0,
2015-04-14T23:00:00Z,1.06479263,1.06687033,1.05746031,1.06471324,0,
2015-04-15T23:00:00Z,1.06771445,1.07623971,1.06279981,1.06768024,0,
2015-04-16T23:00:00Z,1.07599771,1.08469045,1.07350969,1.07555795,0,
2015-04-19T23:00:00Z,1.08102262,1.08186471,1.07161963,1.08102262,0,
2015-04-20T23:00:00Z,1.07481813,1.07650042,1.06615949,1.07474875,0,
2015-04-21T23:00:00Z,1.07382548,1.07999992,1.07101011,1.07417154,0,
2015-04-22T23:00:00Z,1.07250106,1.08182025,1.06712997,1.07258153,0,
2015-04-23T23:00:00Z,1.08151364,1.08979952,1.07877195,1.08150196,0,
2015-04-26T23:00:00Z,1.08674383,1.09048998,1.08239055,1.08689737,0,
2015-04-27T23:00:00Z,1.08770132,1.09889996,1.08617973,1.08779597,0,
2015-04-28T23:00:00Z,1.09721303,1.11759949,1.09605980,1.09691215,0,
2015-04-29T23:00:00Z,1.11132109,1.12475944,1.10729957,1.11143219,0,
2015-04-30T23:00:00Z,1.12150371,1.12897015,1.11859953,1.12146592,0,
2015-05-03T23:00:00Z,1.11909401,1.12231052,1.11240029,1.11859322,0,
2015-05-04T23:00:00Z,1.11500120,1.12099957,1.10689998,1.11491418,0,
2015-05-05T23:00:00Z,1.11844313,1.13653028,1.11780548,1.11863077,0,
2015-05-06T23:00:00Z,1.13392830,1.13905990,1.12382030,1.13414693,0,
2015-05-07T23:00:00Z,1.12450516,1.12890005,1.11851943,1.12469494,0,
2015-05-10T23:00:00Z,1.11969543,1.12029755,1.11346054,1.11940718,0,
2015-05-11T23:00:00Z,1.11460352,1.12778986,1.11359811,1.11444199,0,
2015-05-12T23:00:00Z,1.12189376,1.13828063,1.12054992,1.12214553,0,
2015-05-13T23:00:00Z,1.13480330,1.14437950,1.13422406,1.13504803,0,
2015-05-14T23:00:00Z,1.14039385,1.14510024,1.13246953,1.14049792,0,
2015-05-17T23:00:00Z,1.14440048,1.14470041,1.13387942,1.14450526,0,
2015-05-18T23:00:00Z,1.13254130,1.13261831,1.11209965,1.13261831,0,
2015-05-19T23:00:00Z,1.11467803,1.11507583,1.10657418,1.11466563,0,
2015-05-20T23:00:00Z,1.11030924,1.11800051,1.10858595,1.11007512,0,
2015-05-21T23:00:00Z,1.11109877,1.12099957,1.10069966,1.11118519,0,
2015-05-24T23:00:00Z,1.09921515,1.10100031,1.09607065,1.09929979,0,
2015-05-25T23:00:00Z,1.09712887,1.09712887,1.08752036,1.09711671,0,
2015-05-26T23:00:00Z,1.08875537,1.09300005,1.08219957,1.08888578,0,
2015-05-27T23:00:00Z,1.08979952,1.09500003,1.08687973,1.09000146,0,
2015-05-28T23:00:00Z,1.09579432,1.10034966,1.09291053,1.09603453,0,
2015-05-31T23:00:00Z,1.09590244,1.09799981,1.08889043,1.09579432,0,
2015-06-01T23:00:00Z,1.09227538,1.11662972,1.09194148,1.09229934,0,
2015-06-02T23:00:00Z,1.11482716,1.12832940,1.10867941,1.11500120,0,
2015-06-03T23:00:00Z,1.12622762,1.13760471,1.12325978,1.12578380,0,
2015-06-04T23:00:00Z,1.12160432,1.12802017,1.10518003,1.12078726,0,
2015-06-07T23:00:00Z,1.11054349,1.12428021,1.10880721,1.11081493,0,
2015-06-08T23:00:00Z,1.12819707,1.13396943,1.12166977,1.12809527,0,
2015-06-09T23:00:00Z,1.12933099,1.13820028,1.12666023,1.12990522,0,
2015-06-10T23:00:00Z,1.13129854,1.13205409,1.11887980,1.13119614,0,
2015-06-11T23:00:00Z,1.12450516,1.12932968,1.11524999,1.12406278,0,
2015-06-14T23:00:00Z,1.12179303,1.12581050,1.11915028,1.12199450,0,
2015-06-15T23:00:00Z,1.12770081,1.13300967,1.12116039,1.12770081,0,
2015-06-16T23:00:00Z,1.12423968,1.12911034,1.12294948,1.12420177,0,
2015-06-17T23:00:00Z,1.13641524,1.14284015,1.13410056,1.13699675,0,
2015-06-18T23:00:00Z,1.13729417,1.13879657,1.12959886,1.13707423,0,
2015-06-21T23:00:00Z,1.13623452,1.14100027,1.13160062,1.13729417,0,
2015-06-23T23:00:00Z,1.11770558,1.12399960,1.11628330,1.11721861,0,
2015-06-24T23:00:00Z,1.12071192,1.12241006,1.11567044,1.12069929,0,
2015-06-25T23:00:00Z,1.12038541,1.12199950,1.11363041,1.12029755,0,
2015-06-29T23:00:00Z,1.12160432,1.12387967,1.11230004,1.12229669,0,
2015-06-30T23:00:00Z,1.11349893,1.11675942,1.10611999,1.11349893,0,
2015-07-02T23:00:00Z,1.10859823,1.11199939,1.10827029,1.10869658,0,
2015-07-06T23:00:00Z,1.10480154,1.10526550,1.09168041,1.10489917,0,
2015-07-07T23:00:00Z,1.10099423,1.10901010,1.09750211,1.10099423,0,
2015-07-08T23:00:00Z,1.10723579,1.11161995,1.10229039,1.10710096,0,
2015-07-09T23:00:00Z,1.10630488,1.12199950,1.10561979,1.10630488,0,
2015-07-12T23:00:00Z,1.11290419,1.11975944,1.10077000,1.11290419,0,
2015-07-13T23:00:00Z,1.09851480,1.10740018,1.09684968,1.09904599,0,
2015-07-14T23:00:00Z,1.10089719,1.10400009,1.09360969,1.10080028,0,
2015-07-15T23:00:00Z,1.09388840,1.09500003,1.08594024,1.09435534,0,
2015-07-16T23:00:00Z,1.08860123,1.09100032,1.08439052,1.08860123,0,
2015-07-19T23:00:00Z,1.08329451,1.08719993,1.08215737,1.08302462,0,
2015-07-20T23:00:00Z,1.08348227,1.09407043,1.08127046,1.08354104,0,
2015-07-21T23:00:00Z,1.09390044,1.09700000,1.08814049,1.09399617,0,
2015-07-22T23:00:00Z,1.09270513,1.10200000,1.09239471,1.09270513,0,
2015-07-23T23:00:00Z,1.09884071,1.09960198,1.09278989,1.09890103,0,
2015-07-27T23:00:00Z,1.10910237,1.11009967,1.10230005,1.10900402,0,
2015-07-28T23:00:00Z,1.10654962,1.10859823,1.10141981,1.10659862,0,
2015-07-29T23:00:00Z,1.09839416,1.09900010,1.09113002,1.09840620,0,
2015-07-30T23:00:00Z,1.09417570,1.11102962,1.09238994,1.09392440,0,
2015-08-02T23:00:00Z,1.09690011,1.09954035,1.09439957,1.09690011,0,
2015-08-03T23:00:00Z,1.09539831,1.09959960,1.09335029,1.09560227,0,
2015-08-04T23:00:00Z,1.08860123,1.09187949,1.08503056,1.08889759,0,
2015-08-05T23:00:00Z,1.09040546,1.09346020,1.08774984,1.09031045,0,
2015-08-06T23:00:00Z,1.09220386,1.09686053,1.08590961,1.09270513,0,
2015-08-09T23:00:00Z,1.09590244,1.09999990,1.09270990,1.09650326,0,
2015-08-10T23:00:00Z,1.10179484,1.10858977,1.09614992,1.10169768,0,
2015-08-11T23:00:00Z,1.10437441,1.12102973,1.10330224,1.10420370,0,
2015-08-12T23:00:00Z,1.11558580,1.11890614,1.10818064,1.11609638,0,
2015-08-13T23:00:00Z,1.11589706,1.11900008,1.11010957,1.11609638,0,
2015-08-16T23:00:00Z,1.10949612,1.11259949,1.10624981,1.10929930,0,
2015-08-17T23:00:00Z,1.10771406,1.10999990,1.10218954,1.10780001,0,
2015-08-18T23:00:00Z,1.10309529,1.10800016,1.10204005,1.10308313,0,
2015-08-19T23:00:00Z,1.11200070,1.12199950,1.11083961,1.11180294,0,
2015-08-20T23:00:00Z,1.12359548,1.13691020,1.12320423,1.12369657,0,
2015-08-23T23:00:00Z,1.13779879,1.17059970,1.13729417,1.13769519,0,
2015-08-24T23:00:00Z,1.15823853,1.15899968,1.14002979,1.15830564,0,
2015-08-25T23:00:00Z,1.15548158,1.15589559,1.13550043,1.15509450,0,
2015-08-26T23:00:00Z,1.13395405,1.13615966,1.12116039,1.13400543,0,
2015-08-27T23:00:00Z,1.12450516,1.13100040,1.11567044,1.12479615,0,
2015-08-30T23:00:00Z,1.12117684,1.12640011,1.11858952,1.12140310,0,
2015-08-31T23:00:00Z,1.12259901,1.13323057,1.12253606,1.12258649,0,
2015-09-01T23:00:00Z,1.12962449,1.12999964,1.12229037,1.12934375,0,
2015-09-02T23:00:00Z,1.12150371,1.12499988,1.10896957,1.12160432,0,
2015-09-03T23:00:00Z,1.11259460,1.11600041,1.10946047,1.11259460,0,
2015-09-06T23:00:00Z,1.11589706,1.11800051,1.11242008,1.11520016,0,
2015-09-07T23:00:00Z,1.11589706,1.12299991,1.11537063,1.11639547,0,
2015-09-08T23:00:00Z,1.12079978,1.12099957,1.11332047,1.12073696,0,
2015-09-09T23:00:00Z,1.12194419,1.12799978,1.11748946,1.12206995,0,
2015-09-10T23:00:00Z,1.12828612,1.13422024,1.12557983,1.12908876,0,
2015-09-13T23:00:00Z,1.13440430,1.13721013,1.12877011,1.13440430,0,
2015-09-14T23:00:00Z,1.13109374,1.13300323,1.12598038,1.13076127,0,
2015-09-15T23:00:00Z,1.12729406,1.13116026,1.12149990,1.12717962,0,
2015-09-16T23:00:00Z,1.12939477,1.13400030,1.12879550,1.12920344,0,
2015-09-17T23:00:00Z,1.14060199,1.14600039,1.13517046,1.14009488,0,
2015-09-20T23:00:00Z,1.12930548,1.13299942,1.11839068,1.12920344,0,
2015-09-21T23:00:00Z,1.11909401,1.12099957,1.11308002,1.11909401,0,
2015-09-22T23:00:00Z,1.11219859,1.11906016,1.11067927,1.11207497,0,
2015-09-23T23:00:00Z,1.11880600,1.12961042,1.11666965,1.11899376,0,
2015-09-24T23:00:00Z,1.11811793,1.12043941,1.11183012,1.11789298,0,
2015-09-27T23:00:00Z,1.12004662,1.12413990,1.11521018,1.12017202,0,
2015-09-28T23:00:00Z,1.12335563,1.12803030,1.11947989,1.12310338,0,
2015-09-29T23:00:00Z,1.12540376,1.12620223,1.11579990,1.12559378,0,
2015-09-30T23:00:00Z,1.11715615,1.12099957,1.11389577,1.11720610,0,
2015-10-01T23:00:00Z,1.11949492,1.13153017,1.11518025,1.11934447,0,
2015-10-04T23:00:00Z,1.12214553,1.12879944,1.11969543,1.12269986,0,
2015-10-05T23:00:00Z,1.11979580,1.12799978,1.11760557,1.11951995,0,
2015-10-06T23:00:00Z,1.12729406,1.12842619,1.12141943,1.12679863,0,
2015-10-07T23:00:00Z,1.12420177,1.13131011,1.12397432,1.12399960,0,
2015-10-08T23:00:00Z,1.12860453,1.13786995,1.12700176,1.12869358,0,
2015-10-11T23:00:00Z,1.13690627,1.13999999,1.13583958,1.13699675,0,
2015-10-12T23:00:00Z,1.13539600,1.14100027,1.13470030,1.13555062,0,
2015-10-14T23:00:00Z,1.14749956,1.14942002,1.13653028,1.14755225,0,
2015-10-15T23:00:00Z,1.13669944,1.13999999,1.13393986,1.13681579,0,
2015-10-18T23:00:00Z,1.13600218,1.13799953,1.13084948,1.13610542,0,
2015-10-19T23:00:00Z,1.13319588,1.13900018,1.13257980,1.13290060,0,
2015-10-20T23:00:00Z,1.13560224,1.13780010,1.13379967,1.13539600,0,
2015-10-21T23:00:00Z,1.13470030,1.13520265,1.11380029,1.13480330,0,
2015-10-22T23:00:00Z,1.10840166,1.11409438,1.10110331,1.10809457,0,
2015-10-26T00:00:00Z,1.10203767,1.10600019,1.10060036,1.10203767,0,
2015-10-27T00:00:00Z,1.10609686,1.10780001,1.10319996,1.10659862,0,
2015-10-28T00:00:00Z,1.10359442,1.10999990,1.10270607,1.10370398,0,
2015-10-29T00:00:00Z,1.09259760,1.09819996,1.09100032,1.09289610,0,
2015-10-30T00:00:00Z,1.09920311,1.10720026,1.09699643,1.09938431,0,
2015-11-02T00:00:00Z,1.10249937,1.10600019,1.10040057,1.10259664,0,
2015-11-03T00:00:00Z,1.10169768,1.10319996,1.09379995,1.10160065,0,
2015-11-04T00:00:00Z,1.09650326,1.09669566,1.08479989,1.09639502,0,
2015-11-05T00:00:00Z,1.08660221,1.09000027,1.08370543,1.08680296,0,
2015-11-06T00:00:00Z,1.08849466,1.08950257,1.07116842,1.08839977,0,
2015-11-09T00:00:00Z,1.07323778,1.07900012,1.07299590,1.07334137,0,
2015-11-10T00:00:00Z,1.07597458,1.07627559,1.06760049,1.07595146,0,
2015-11-11T00:00:00Z,1.07380247,1.07729602,1.07080030,1.07375634,0,
2015-11-12T00:00:00Z,1.07649577,1.07999992,1.06939971,1.07629883,0,
2015-11-17T00:00:00Z,1.06890130,1.06919849,1.06440055,1.06879854,0,
2015-11-18T00:00:00Z,1.06439602,1.06919968,1.06323028,1.06438470,0,
2015-11-20T00:00:00Z,1.07269669,1.07300055,1.06640053,1.07261610,0,
2015-11-23T00:00:00Z,1.06399965,1.06539953,1.06029916,1.06410146,0,
2015-11-24T00:00:00Z,1.06389773,1.06720054,1.06238317,1.06420338,0,
2015-11-25T00:00:00Z,1.06439602,1.06899965,1.05760014,1.06438470,0,
2015-11-26T00:00:00Z,1.06249607,1.06299973,1.06020033,1.06249607,0,
2015-11-27T00:00:00Z,1.06044531,1.06380033,1.05699980,1.06044531,0,
2015-11-30T00:00:00Z,1.05830181,1.05970371,1.05640018,1.05830181,0,
2015-12-01T00:00:00Z,1.05729473,1.06399965,1.05660212,1.05729473,0,
2015-12-02T00:00:00Z,1.06269932,1.06399965,1.05620050,1.06258631,0,
2015-12-03T00:00:00Z,1.06119931,1.08920002,1.05419958,1.06130075,0,
2015-12-04T00:00:00Z,1.09183419,1.09519434,1.08579993,1.09159577,0,
2015-12-08T00:00:00Z,1.08359969,1.09000027,1.08314192,1.08340013,0,
2015-12-09T00:00:00Z,1.08950257,1.09900010,1.08819842,1.08939576,0,
2015-12-10T00:00:00Z,1.10169768,1.10230494,1.09279943,1.10179484,0,
2015-12-11T00:00:00Z,1.09479856,1.10300040,1.09280062,1.09481061,0,
2015-12-14T00:00:00Z,1.09899771,1.10400009,1.09470272,1.09839416,0,
2015-12-15T00:00:00Z,1.09922719,1.10700047,1.09220028,1.09929979,0,
2015-12-16T00:00:00Z,1.09360135,1.09580028,1.09132183,1.09362519,0,
2015-12-17T00:00:00Z,1.08740568,1.08889759,1.08335316,1.08745301,0,
2015-12-18T00:00:00Z,1.08439875,1.08700025,1.08059978,1.08441043,0,
2015-12-21T00:00:00Z,1.08701563,1.09199989,1.08520019,1.08699203,0,
2015-12-22T00:00:00Z,1.09120274,1.09840024,1.09050059,1.09129798,0,
2015-12-23T00:00:00Z,1.09500241,1.09549427,1.08849466,1.09500241,0,
2015-12-25T00:00:00Z,1.09651530,1.09750211,1.09470272,1.09699643,0,
2015-12-28T00:00:00Z,1.09659946,1.09999990,1.09580028,1.09659946,0,
2015-12-29T00:00:00Z,1.09769487,1.09999990,1.09100032,1.09752619,0,
2015-12-30T00:00:00Z,1.09280062,1.09500003,1.09100032,1.09280062,0,
2015-12-31T00:00:00Z,1.09380472,1.09390044,1.08659983,1.09339809,0,
2016-01-01T00:00:00Z,1.08590603,1.08669662,1.08590603,1.08590603,0,
2016-01-04T00:00:00Z,1.08550525,1.09459972,1.08059978,1.08539915,0,
2016-01-05T00:00:00Z,1.08260262,1.08410478,1.07120061,1.08275497,0,
2016-01-06T00:00:00Z,1.07519937,1.07720315,1.07219982,1.07519937,0,
2016-01-07T00:00:00Z,1.07779527,1.08759964,1.07740045,1.07789981,0,
2016-01-08T00:00:00Z,1.09270513,1.09289610,1.08080065,1.09259760,0,
2016-01-11T00:00:00Z,1.09390044,1.09459484,1.08520019,1.09410381,0,
2016-01-12T00:00:00Z,1.08589423,1.09019995,1.08239985,1.08579993,0,
2016-01-13T00:00:00Z,1.08439875,1.08839977,1.08059978,1.08439875,0,
2016-01-14T00:00:00Z,1.08880281,1.09500003,1.08399904,1.08860123,0,
2016-01-15T00:00:00Z,1.08577633,1.09819996,1.08577633,1.08589423,0,
2016-01-18T00:00:00Z,1.09190571,1.09270513,1.08759964,1.09200108,0,
2016-01-19T00:00:00Z,1.08950257,1.09100032,1.08619976,1.08950257,0,
2016-01-20T00:00:00Z,1.09115517,1.09759963,1.08928895,1.09129798,0,
2016-01-21T00:00:00Z,1.08770132,1.09220028,1.07819963,1.08770132,0,
2016-01-22T00:00:00Z,1.08609474,1.08640027,1.07959878,1.08620095,0,
2016-01-25T00:00:00Z,1.07990193,1.08500004,1.07920265,1.07990193,0,
2016-01-26T00:00:00Z,1.08537567,1.08799958,1.08200049,1.08530498,0,
2016-01-27T00:00:00Z,1.08640146,1.09120035,1.08530498,1.08649588,0,
2016-01-28T00:00:00Z,1.09040546,1.09500003,1.08700025,1.09079802,0,
2016-01-29T00:00:00Z,1.09369707,1.09471476,1.08200049,1.09369707,0,
2016-02-02T00:00:00Z,1.08989453,1.09399974,1.08952641,1.08972824,0,
2016-02-03T00:00:00Z,1.09220386,1.10780001,1.09060049,1.09220386,0,
2016-02-04T00:00:00Z,1.10920084,1.12380004,1.10720026,1.10910237,0,
2016-02-05T00:00:00Z,1.11999643,1.12170506,1.11100006,1.11999643,0,
2016-02-08T00:00:00Z,1.11470294,1.11900008,1.10879993,1.11450410,0,
2016-02-09T00:00:00Z,1.11909401,1.13139963,1.11640036,1.11898124,0,
2016-02-10T00:00:00Z,1.12899947,1.13090193,1.11663222,1.12899947,0,
2016-02-11T00:00:00Z,1.12840068,1.13680029,1.12760043,1.12809527,0,
2016-02-12T00:00:00Z,1.13173378,1.13337564,1.12299991,1.13179791,0,
2016-02-15T00:00:00Z,1.12259901,1.12394905,1.11299944,1.12259901,0,
2016-02-16T00:00:00Z,1.11781800,1.11920047,1.11299944,1.11740577,0,
2016-02-17T00:00:00Z,1.11460352,1.11800051,1.11080015,1.11470294,0,
2016-02-18T00:00:00Z,1.11219859,1.11520016,1.10740018,1.11229753,0,
2016-02-19T00:00:00Z,1.11100006,1.11500001,1.10679948,1.11109877,0,
2016-02-22T00:00:00Z,1.11239660,1.11249554,1.10060036,1.11239660,0,
2016-02-23T00:00:00Z,1.10270607,1.10519946,1.09919941,1.10280335,0,
2016-02-24T00:00:00Z,1.10249937,1.10400009,1.09599853,1.10270607,0,
2016-02-25T00:00:00Z,1.10149145,1.10500038,1.09919941,1.10139441,0,
2016-02-26T00:00:00Z,1.10249937,1.10700047,1.09260011,1.10249937,0,
2016-02-29T00:00:00Z,1.09259760,1.09620035,1.08640027,1.09239471,0,
2016-03-01T00:00:00Z,1.08869612,1.08940053,1.08380055,1.08889759,0,
2016-03-02T00:00:00Z,1.08770132,1.08799958,1.08260024,1.08759487,0,
2016-03-03T00:00:00Z,1.08700371,1.09379995,1.08559954,1.08689737,0,
2016-03-04T00:00:00Z,1.09479856,1.10400009,1.09080040,1.09489453,0,
2016-03-07T00:00:00Z,1.09939647,1.09990430,1.09419966,1.09939647,0,
2016-03-08T00:00:00Z,1.10139441,1.10600019,1.10060036,1.10160065,0,
2016-03-09T00:00:00Z,1.10019469,1.10151565,1.09479856,1.10040057,0,
2016-03-10T00:00:00Z,1.09869587,1.11600041,1.08276665,1.09890103,0,
2016-03-11T00:00:00Z,1.11790550,1.12100089,1.10837710,1.11784303,0,
2016-03-14T00:00:00Z,1.11629570,1.11680055,1.10959959,1.11679435,0,
2016-03-15T00:00:00Z,1.11019826,1.11299944,1.10740018,1.11019826,0,
2016-03-16T00:00:00Z,1.11100006,1.11109877,1.10579956,1.11090124,0,
2016-03-17T00:00:00Z,1.12170506,1.13440430,1.12079978,1.12189376,0,
2016-03-18T00:00:00Z,1.13154173,1.13390255,1.12580025,1.13179791,0,
2016-03-21T00:00:00Z,1.12759912,1.12899947,1.12380004,1.12790430,0,
2016-03-22T00:00:00Z,1.12369657,1.12619972,1.11919427,1.12359548,0,
2016-03-23T00:00:00Z,1.12229669,1.12229669,1.11659980,1.12229669,0,
2016-03-24T00:00:00Z,1.11820555,1.11900008,1.11496401,1.11810541,0,
2016-03-25T00:00:00Z,1.11669457,1.11770558,1.11567295,1.11679435,0,
2016-03-27T23:00:00Z,1.11599672,1.12180567,1.11553609,1.11599672,0,
2016-03-28T23:00:00Z,1.12009680,1.12239993,1.11700010,1.12027240,0,
2016-03-29T23:00:00Z,1.12901223,1.13619959,1.12879550,1.12920344,0,
2016-03-30T23:00:00Z,1.13340127,1.14100027,1.13119996,1.13346553,0,
2016-03-31T23:00:00Z,1.13790238,1.14379966,1.13419831,1.13796711,0,
2016-04-03T23:00:00Z,1.13970506,1.14120078,1.13599956,1.13900399,0,
2016-04-04T23:00:00Z,1.13870573,1.14070618,1.13400030,1.13890028,0,
2016-04-05T23:00:00Z,1.13809657,1.14279974,1.13314450,1.13820028,0,
2016-04-06T23:00:00Z,1.13996494,1.14530480,1.13400030,1.14049792,0,
2016-04-07T23:00:00Z,1.13690627,1.14199960,1.13500035,1.13739765,0,
2016-04-10T23:00:00Z,1.14070618,1.14500058,1.13743639,1.14030290,0,
2016-04-11T23:00:00Z,1.14121377,1.14639986,1.13530576,1.14129186,0,
2016-04-12T23:00:00Z,1.13860202,1.13930249,1.12739956,1.13849831,0,
2016-04-13T23:00:00Z,1.12800610,1.12939990,1.12360060,1.12790430,0,
2016-04-14T23:00:00Z,1.12650669,1.13180041,1.12475824,1.12700176,0,
2016-04-17T23:00:00Z,1.13009667,1.13319969,1.12749743,1.12999463,0,
2016-04-18T23:00:00Z,1.13100421,1.13860202,1.13050556,1.13090193,0,
2016-04-19T23:00:00Z,1.13588607,1.13859940,1.13220024,1.13596344,0,
2016-04-20T23:00:00Z,1.13050556,1.13939989,1.12780011,1.13050556,0,
2016-04-21T23:00:00Z,1.12930548,1.13090193,1.12399960,1.12920344,0,
2016-04-24T23:00:00Z,1.12330520,1.12790430,1.12269986,1.12340617,0,
2016-04-25T23:00:00Z,1.12667167,1.13390255,1.12579644,1.12690020,0,
2016-04-26T23:00:00Z,1.12980306,1.13400030,1.12919962,1.12990522,0,
2016-04-27T23:00:00Z,1.13279784,1.13660002,1.12990522,1.13290060,0,
2016-05-01T23:00:00Z,1.14619744,1.15280020,1.14501631,1.14630258,0,
2016-05-02T23:00:00Z,1.15260482,1.16139972,1.15039980,1.15249860,0,
2016-05-03T23:00:00Z,1.15024495,1.15280020,1.14699948,1.15040374,0,
2016-05-04T23:00:00Z,1.14912152,1.14959979,1.13900018,1.14930642,0,
2016-05-05T23:00:00Z,1.14019883,1.14718366,1.13932848,1.14060199,0,
2016-05-08T23:00:00Z,1.13879657,1.14299953,1.13759947,1.13879657,0,
2016-05-09T23:00:00Z,1.13836873,1.14059937,1.13619959,1.13879657,0,
2016-05-10T23:00:00Z,1.13750112,1.14459956,1.13739765,1.13743639,0,
2016-05-11T23:00:00Z,1.14259601,1.14310539,1.13799953,1.14270043,0,
2016-05-12T23:00:00Z,1.13752699,1.13800597,1.12839949,1.13769519,0,
2016-05-15T23:00:00Z,1.13169539,1.13440430,1.13054395,1.13169539,0,
2016-05-16T23:00:00Z,1.13160574,1.13479936,1.13039947,1.13160574,0,
2016-05-17T23:00:00Z,1.13137531,1.13169539,1.12599933,1.13160574,0,
2016-05-18T23:00:00Z,1.12219596,1.12310338,1.11820042,1.12229669,0,
2016-05-19T23:00:00Z,1.12015951,1.12399960,1.11989605,1.12059879,0,
2016-05-22T23:00:00Z,1.12209523,1.12430298,1.11900008,1.12217081,0,
2016-05-23T23:00:00Z,1.12170506,1.12299991,1.11459982,1.12160432,0,
2016-05-24T23:00:00Z,1.11369741,1.11710000,1.11299944,1.11379659,0,
2016-05-25T23:00:00Z,1.11569786,1.12199950,1.11569786,1.11589706,0,
2016-05-26T23:00:00Z,1.11929440,1.12019968,1.11259949,1.11920667,0,
2016-05-29T23:00:00Z,1.11109877,1.11500001,1.11000109,1.11100006,0,
2016-05-30T23:00:00Z,1.11500120,1.11759949,1.11219978,1.11483967,0,
2016-05-31T23:00:00Z,1.11359811,1.11900008,1.11170399,1.11359811,0,
2016-06-01T23:00:00Z,1.11929440,1.12199950,1.11500001,1.11890614,0,
2016-06-02T23:00:00Z,1.11539924,1.13500035,1.11380029,1.11520016,0,
2016-06-05T23:00:00Z,1.13509953,1.13799953,1.13332427,1.13509953,0,
2016-06-06T23:00:00Z,1.13646698,1.13799953,1.13400543,1.13640237,0,
2016-06-07T23:00:00Z,1.13565385,1.14199960,1.13565385,1.13578284,0,
2016-06-08T23:00:00Z,1.14060199,1.14169586,1.13079965,1.14070618,0,
2016-06-09T23:00:00Z,1.13119614,1.13240027,1.12739956,1.13150334,0,
2016-06-12T23:00:00Z,1.12410080,1.13020015,1.12369657,1.12399960,0,
2016-06-13T23:00:00Z,1.12879550,1.12999463,1.11900008,1.12910151,0,
2016-06-14T23:00:00Z,1.12130249,1.12600052,1.11909401,1.12130249,0,
2016-06-15T23:00:00Z,1.12612617,1.12999964,1.11320019,1.12626565,0,
2016-06-16T23:00:00Z,1.12700176,1.12960017,1.12260032,1.12520111,0,
2016-06-19T23:00:00Z,1.13490629,1.13839984,1.13079965,1.13490629,0,
2016-06-20T23:00:00Z,1.13228488,1.13500035,1.12440026,1.13229764,0,
2016-06-21T23:00:00Z,1.12520111,1.13350415,1.12375963,1.12506187,0,
2016-06-22T23:00:00Z,1.13279784,1.14220440,1.13200033,1.13282359,0,
2016-06-23T23:00:00Z,1.13300323,1.13351691,1.09190571,1.13240027,0,
2016-06-26T23:00:00Z,1.10349703,1.10819292,1.09739971,1.10359442,0,
2016-06-28T23:00:00Z,1.10780001,1.11280501,1.10515559,1.10739517,0,
2016-06-29T23:00:00Z,1.11259460,1.11540043,1.10539997,1.11280501,0,
2016-06-30T23:00:00Z,1.11037087,1.11700010,1.10740018,1.11060512,0,
2016-07-03T23:00:00Z,1.11310232,1.11500001,1.10999990,1.11310232,0,
2016-07-04T23:00:00Z,1.11455381,1.11800051,1.10759997,1.11460352,0,
2016-07-05T23:00:00Z,1.10643947,1.10900033,1.10339963,1.10650074,0,
2016-07-06T23:00:00Z,1.11000109,1.11080015,1.10579956,1.10990250,0,
2016-07-07T23:00:00Z,1.10650074,1.11080015,1.10100031,1.10657418,0,
2016-07-10T23:00:00Z,1.10470390,1.10720026,1.10200000,1.10439885,0,
2016-07-11T23:00:00Z,1.10580325,1.11240029,1.10539997,1.10580325,0,
2016-07-12T23:00:00Z,1.10607231,1.11199939,1.10440004,1.10629261,0,
2016-07-13T23:00:00Z,1.10959470,1.11700010,1.10919952,1.10949612,0,
2016-07-14T23:00:00Z,1.11064219,1.11570036,1.10587668,1.11060512,0,
2016-07-17T23:00:00Z,1.10553432,1.10900033,1.10382581,1.10531437,0,
2016-07-18T23:00:00Z,1.10713768,1.10807014,1.10019958,1.10718668,0,
2016-07-19T23:00:00Z,1.10145497,1.10300040,1.09840024,1.10135794,0,
2016-07-20T23:00:00Z,1.10173416,1.10579956,1.09860051,1.10195267,0,
2016-07-21T23:00:00Z,1.10331440,1.10400009,1.09680033,1.10328996,0,
2016-07-24T23:00:00Z,1.09692419,1.09980035,1.09536219,1.09704459,0,
2016-07-25T23:00:00Z,1.09898567,1.10239971,1.09799981,1.09911847,0,
2016-07-26T23:00:00Z,1.09880447,1.10100031,1.09828556,1.09878039,0,
2016-07-27T23:00:00Z,1.10681915,1.11199939,1.10608459,1.10734606,0,
2016-07-28T23:00:00Z,1.10836482,1.11960018,1.10740018,1.10843849,0,
2016-07-31T23:00:00Z,1.11678183,1.11840057,1.11559951,1.11680686,0,
2016-08-01T23:00:00Z,1.11670709,1.12320042,1.11635792,1.11680686,0,
2016-08-02T23:00:00Z,1.12185597,1.12199950,1.11640036,1.12190628,0,
2016-08-03T23:00:00Z,1.11523747,1.11556101,1.11177814,1.11515045,0,
2016-08-04T23:00:00Z,1.11344934,1.11614621,1.10491133,1.11347413,0,
2016-08-07T23:00:00Z,1.10877037,1.11060023,1.10737062,1.10895479,0,
2016-08-08T23:00:00Z,1.10868430,1.11219978,1.10720026,1.10836482,0,
2016-08-10T23:00:00Z,1.11860573,1.11909401,1.11380029,1.11864340,0,
2016-08-11T23:00:00Z,1.11389577,1.12199950,1.11326337,1.11390829,0,
2016-08-14T23:00:00Z,1.11669457,1.12057376,1.11554849,1.11669457,0,
2016-08-15T23:00:00Z,1.11844313,1.13237464,1.11794293,1.11840558,0,
2016-08-16T23:00:00Z,1.12790430,1.12943304,1.12560010,1.12759912,0,
2016-08-17T23:00:00Z,1.13019884,1.13404405,1.12961161,1.12989247,0,
2016-08-18T23:00:00Z,1.13494492,1.13520265,1.13060009,1.13494492,0,
2016-08-21T23:00:00Z,1.13007128,1.13327289,1.12739563,1.12981582,0,
2016-08-22T23:00:00Z,1.13186193,1.13571835,1.13100040,1.13192606,0,
2016-08-23T23:00:00Z,1.13032663,1.13134968,1.12460005,1.13008392,0,
2016-08-24T23:00:00Z,1.12625301,1.12999964,1.12606275,1.12637985,0,
2016-08-25T23:00:00Z,1.12892306,1.13404405,1.12346923,1.12905049,0,
2016-08-28T23:00:00Z,1.11969543,1.12100089,1.11607134,1.11994624,0,
2016-08-30T23:00:00Z,1.11507583,1.11644530,1.11259460,1.11532450,0,
2016-08-31T23:00:00Z,1.11582232,1.12000012,1.11299944,1.11607134,0,
2016-09-01T23:00:00Z,1.12007177,1.12511253,1.11540043,1.12007177,0,
2016-09-04T23:00:00Z,1.11607134,1.11844313,1.11413169,1.11619604,0,
2016-09-05T23:00:00Z,1.11520016,1.12539995,1.11445451,1.11532450,0,
2016-09-06T23:00:00Z,1.12485945,1.12650669,1.12327993,1.12536573,0,
2016-09-07T23:00:00Z,1.12410080,1.13299942,1.12384808,1.12410080,0,
2016-09-08T23:00:00Z,1.12688756,1.12866819,1.12060010,1.12714159,0,
2016-09-11T23:00:00Z,1.12410080,1.12625301,1.12146592,1.12411332,0,
2016-09-12T23:00:00Z,1.12412596,1.12600052,1.12199950,1.12435353,0,
2016-09-13T23:00:00Z,1.12195671,1.12752283,1.12145340,1.12186861,0,
2016-09-14T23:00:00Z,1.12454319,1.12815881,1.12209523,1.12473285,0,
2016-09-15T23:00:00Z,1.12479615,1.12498593,1.11559951,1.12459373,0,
2016-09-18T23:00:00Z,1.11607134,1.12099957,1.11539924,1.11584735,0,
2016-09-19T23:00:00Z,1.11794293,1.12132764,1.11659980,1.11806798,0,
2016-09-20T23:00:00Z,1.11557341,1.11694407,1.11259949,1.11539924,0,
2016-09-21T23:00:00Z,1.11931944,1.12587261,1.11820555,1.11931944,0,
2016-09-22T23:00:00Z,1.12095058,1.12299991,1.11960018,1.12101340,0,
2016-09-25T23:00:00Z,1.12397432,1.12790430,1.12219965,1.12392390,0,
2016-09-26T23:00:00Z,1.12507451,1.12600052,1.11939967,1.12498593,0,
2016-09-27T23:00:00Z,1.12183082,1.12372172,1.11840057,1.12195671,0,
2016-09-28T23:00:00Z,1.12246037,1.12499988,1.11994624,1.12249827,0,
2016-09-29T23:00:00Z,1.12220848,1.12499988,1.11540043,1.12195671,0,
2016-10-02T23:00:00Z,1.12359548,1.12435353,1.12060010,1.12346923,0,
2016-10-03T23:00:00Z,1.12132764,1.12499988,1.11400008,1.12103856,0,
2016-10-04T23:00:00Z,1.12107623,1.12399960,1.11920047,1.12107623,0,
2016-10-05T23:00:00Z,1.12082493,1.12120187,1.11495149,1.12082493,0,
2016-10-06T23:00:00Z,1.11457872,1.12019718,1.11060023,1.11445451,0,
2016-10-09T23:00:00Z,1.11954498,1.12019718,1.11507583,1.11969543,0,
2016-10-10T23:00:00Z,1.11433029,1.11433029,1.10560036,1.11408198,0,
2016-10-11T23:00:00Z,1.10619473,1.10619473,1.10060036,1.10619473,0,
2016-10-12T23:00:00Z,1.10132158,1.10485029,1.09860051,1.10118818,0,
2016-10-13T23:00:00Z,1.10497236,1.10582769,1.09853888,1.10497236,0,
2016-10-16T23:00:00Z,1.09685206,1.10120034,1.09652722,1.09677994,0,
2016-10-17T23:00:00Z,1.10120034,1.10290062,1.09719980,1.10156417,0,
2016-10-18T23:00:00Z,1.09757435,1.10047317,1.09559977,1.09769487,0,
2016-10-19T23:00:00Z,1.09757435,1.10290062,1.09160054,1.09751415,0,
2016-10-20T23:00:00Z,1.09302759,1.09313512,1.08624816,1.09303951,0,
2016-10-23T23:00:00Z,1.08849466,1.09019995,1.08604753,1.08825767,0,
2016-10-24T23:00:00Z,1.08754754,1.09000027,1.08534026,1.08754754,0,
2016-10-25T23:00:00Z,1.08871973,1.09481061,1.08766592,1.08873165,0,
2016-10-26T23:00:00Z,1.09110749,1.09421158,1.08939576,1.09120274,0,
2016-10-27T23:00:00Z,1.09000146,1.09529030,1.08975196,1.09003711,0,
2016-11-01T00:00:00Z,1.09733343,1.10509443,1.09617877,1.09733343,0,
2016-11-02T00:00:00Z,1.10595000,1.11197603,1.10515559,1.10570550,0,
2016-11-03T00:00:00Z,1.10975480,1.11284220,1.10608459,1.10975480,0,
2016-11-04T00:00:00Z,1.11024761,1.11259460,1.10840166,1.11024761,0,
2016-11-07T00:00:00Z,1.10963166,1.11123455,1.10338736,1.11012435,0,
2016-11-08T00:00:00Z,1.10504568,1.10680687,1.10305882,1.10521662,0,
2016-11-09T00:00:00Z,1.10204983,1.13019884,1.09339809,1.10190415,0,
2016-11-10T00:00:00Z,1.09203684,1.09553027,1.08661044,1.09206069,0,
2016-11-11T00:00:00Z,1.08896875,1.09253800,1.08569980,1.08896875,0,
2016-11-14T00:00:00Z,1.08260262,1.08742929,1.07108009,1.08248544,0,
2016-11-15T00:00:00Z,1.07469106,1.08166575,1.07236993,1.07503760,0,
2016-11-16T00:00:00Z,1.07261610,1.07607877,1.06712198,1.07273114,0,
2016-11-17T00:00:00Z,1.07054925,1.07503760,1.06669056,1.07066381,0,
2016-11-18T00:00:00Z,1.06247342,1.06399965,1.05730593,1.06230414,0,
2016-11-22T00:00:00Z,1.06387508,1.06587076,1.05872762,1.06388640,0,
2016-11-23T00:00:00Z,1.06341124,1.06450927,1.05296409,1.06337726,0,
2016-11-24T00:00:00Z,1.05462980,1.05876124,1.05225503,1.05451858,0,
2016-11-25T00:00:00Z,1.05641246,1.06281221,1.05410731,1.05618930,0,
2016-11-28T00:00:00Z,1.06112051,1.06849027,1.05674732,1.06123316,0,
2016-11-29T00:00:00Z,1.06202209,1.06339991,1.05685902,1.06213486,0,
2016-11-30T00:00:00Z,1.06484926,1.06669974,1.05850005,1.06484926,0,
2016-12-01T00:00:00Z,1.05920982,1.06371665,1.05876124,1.05920982,0,
2016-12-02T00:00:00Z,1.06632543,1.06917572,1.06279981,1.06631410,0,
2016-12-05T00:00:00Z,1.05708253,1.07411385,1.05418515,1.05820107,0,
2016-12-06T00:00:00Z,1.07584727,1.07851589,1.07260001,1.07573152,0,
2016-12-07T00:00:00Z,1.07192624,1.07690036,1.07135212,1.07204115,0,
2016-12-08T00:00:00Z,1.07600927,1.08565843,1.06099999,1.07619452,0,
2016-12-09T00:00:00Z,1.06213486,1.06315124,1.05384076,1.06213486,0,
2016-12-12T00:00:00Z,1.05462980,1.06269932,1.05274248,1.05474114,0,
2016-12-13T00:00:00Z,1.06428266,1.06530309,1.06067038,1.06416941,0,
2016-12-14T00:00:00Z,1.06303811,1.06666672,1.06150019,1.06292510,0,
2016-12-15T00:00:00Z,1.05152476,1.05252075,1.04036617,1.05141413,0,
2016-12-16T00:00:00Z,1.04177511,1.04723001,1.04036617,1.04188371,0,
2016-12-19T00:00:00Z,1.04482293,1.04819608,1.04134119,1.04499757,0,
2016-12-20T00:00:00Z,1.04047453,1.04199231,1.03551829,1.04058266,0,
2016-12-21T00:00:00Z,1.03939295,1.04515052,1.03852952,1.03904736,0,
2016-12-22T00:00:00Z,1.04275286,1.04975855,1.04275286,1.04286158,0,
2016-12-23T00:00:00Z,1.04395032,1.04679155,1.04297042,1.04376507,0,
2016-12-26T00:00:00Z,1.04558766,1.04701078,1.04460025,1.04547834,0,
2016-12-27T00:00:00Z,1.04557669,1.04613447,1.04353631,1.04569697,0,
2016-12-28T00:00:00Z,1.04624403,1.04821801,1.03874516,1.04623306,0,
2016-12-30T00:00:00Z,1.05690372,1.05909765,1.05099976,1.05752969,0,
2017-01-02T00:00:00Z,1.05307496,1.05407393,1.04657245,1.05269802,0,
2017-01-03T00:00:00Z,1.04591572,1.04920781,1.03476822,1.04600322,0,
2017-01-04T00:00:00Z,1.04184031,1.04788852,1.03913379,1.04199231,0,
2017-01-05T00:00:00Z,1.04986882,1.06089532,1.04865777,1.05008924,0,
2017-01-06T00:00:00Z,1.06055784,1.06089532,1.05396283,1.06059158,0,
2017-01-09T00:00:00Z,1.05340779,1.05607772,1.05134785,1.05318582,0,
2017-01-10T00:00:00Z,1.05876124,1.06258631,1.05618930,1.05886209,0,
2017-01-11T00:00:00Z,1.05540895,1.05674732,1.04569697,1.05524194,0,
2017-01-12T00:00:00Z,1.05965877,1.06860435,1.05752969,1.05977106,0,
2017-01-13T00:00:00Z,1.06179655,1.06678045,1.06000030,1.06168377,0,
2017-01-16T00:00:00Z,1.06268799,1.06334341,1.05813384,1.06286871,0,
2017-01-17T00:00:00Z,1.06038916,1.07179987,1.06014180,1.06029916,0,
2017-01-18T00:00:00Z,1.06978190,1.07146680,1.06596172,1.06967890,0,
2017-01-19T00:00:00Z,1.06294775,1.06768024,1.05897427,1.06277835,0,
2017-01-20T00:00:00Z,1.06613219,1.06951869,1.06267667,1.06597304,0,
2017-01-23T00:00:00Z,1.07114553,1.07561576,1.07083583,1.07137501,0,
2017-01-24T00:00:00Z,1.07575464,1.07728434,1.07277715,1.07607877,0,
2017-01-25T00:00:00Z,1.07278872,1.07687831,1.07121432,1.07286930,0,
2017-01-26T00:00:00Z,1.07550013,1.07665801,1.06706500,1.07519937,0,
2017-01-27T00:00:00Z,1.06828475,1.07247806,1.06605256,1.06829619,0,
2017-01-30T00:00:00Z,1.07191479,1.07403302,1.06208980,1.07139802,0,
2017-01-31T00:00:00Z,1.07070959,1.08103430,1.06860435,1.07085872,0,
2017-02-01T00:00:00Z,1.08026361,1.08084738,1.07394075,1.08038032,0,
2017-02-03T00:00:00Z,1.07633352,1.07971537,1.07289231,1.07617140,0,
2017-02-06T00:00:00Z,1.07834148,1.07888830,1.07066381,1.07829499,0,
2017-02-07T00:00:00Z,1.07432163,1.07434464,1.06567776,1.07432163,0,
2017-02-08T00:00:00Z,1.06789684,1.07074404,1.06421471,1.06780565,0,
2017-02-09T00:00:00Z,1.06920993,1.07100785,1.06573451,1.06922138,0,
2017-02-10T00:00:00Z,1.06568909,1.06689429,1.06098545,1.06585944,0,
2017-02-13T00:00:00Z,1.06193185,1.06580269,1.05934453,1.06195438,0,
2017-02-14T00:00:00Z,1.05991709,1.06332076,1.05617809,1.05984974,0,
2017-02-15T00:00:00Z,1.05786526,1.05879486,1.05221069,1.05783165,0,
2017-02-16T00:00:00Z,1.06018686,1.06747508,1.06005192,1.06073785,0,
2017-02-17T00:00:00Z,1.06670082,1.06769156,1.06258631,1.06722450,0,
2017-02-20T00:00:00Z,1.06267667,1.06315124,1.06052411,1.06266534,0,
2017-02-21T00:00:00Z,1.06103039,1.06125569,1.05266476,1.06094038,0,
2017-02-22T00:00:00Z,1.05421841,1.05562067,1.04968143,1.05420732,0,
2017-02-23T00:00:00Z,1.05517519,1.05950153,1.05389631,1.05540895,0,
2017-02-24T00:00:00Z,1.05846989,1.06180787,1.05662453,1.05844748,0,
2017-02-28T00:00:00Z,1.05827940,1.06269932,1.05766380,1.05842507,0,
2017-03-01T00:00:00Z,1.05692601,1.05880606,1.05152476,1.05691481,0,
2017-03-02T00:00:00Z,1.05362976,1.05451858,1.05004513,1.05358529,0,
2017-03-03T00:00:00Z,1.05085063,1.05737305,1.05035400,1.05097210,0,
2017-03-06T00:00:00Z,1.06187546,1.06380713,1.05782044,1.06204462,0,
2017-03-07T00:00:00Z,1.05812263,1.06040037,1.05607772,1.05792117,0,
2017-03-08T00:00:00Z,1.05689251,1.05752969,1.05372965,1.05701542,0,
2017-03-09T00:00:00Z,1.05440736,1.06140208,1.05256510,1.05474114,0,
2017-03-13T00:00:00Z,1.06879854,1.07158160,1.06568909,1.06900418,0,
2017-03-14T00:00:00Z,1.06520092,1.06621170,1.06274450,1.06514430,0,
2017-03-15T00:00:00Z,1.06124437,1.06410038,1.06105304,1.06124437,0,
2017-03-16T00:00:00Z,1.07379091,1.07457554,1.07070959,1.07379091,0,
2017-03-17T00:00:00Z,1.07705235,1.07829964,1.07298434,1.07747006,0,
2017-03-20T00:00:00Z,1.07422924,1.07770002,1.07422924,1.07429850,0,
2017-03-21T00:00:00Z,1.07367563,1.08189976,1.07367563,1.07376790,0,
2017-03-22T00:00:00Z,1.08112776,1.08207548,1.07765591,1.08124471,0,
2017-03-23T00:00:00Z,1.07896972,1.08049703,1.07705235,1.07901645,0,
2017-03-24T00:00:00Z,1.07839966,1.08119798,1.07615983,1.07838809,0,
2017-03-26T23:00:00Z,1.08459866,1.09048867,1.08390510,1.08495176,0,
2017-03-27T23:00:00Z,1.08627164,1.08742929,1.08469284,1.08609474,0,
2017-03-28T23:00:00Z,1.08174765,1.08264947,1.07409072,1.08177114,0,
2017-03-29T23:00:00Z,1.07599771,1.07690036,1.07219064,1.07596290,0,
2017-03-30T23:00:00Z,1.06875288,1.07009101,1.06722450,1.06870723,0,
2017-04-02T23:00:00Z,1.06681454,1.06837606,1.06437325,1.06688297,0,
2017-04-03T23:00:00Z,1.06701946,1.06746376,1.06368268,1.06700814,0,
2017-04-04T23:00:00Z,1.06795394,1.06891274,1.06540525,1.06803381,0,
2017-04-05T23:00:00Z,1.06732702,1.06839883,1.06319642,1.06724727,0,
2017-04-06T23:00:00Z,1.06430531,1.06604123,1.06116557,1.06446397,0,
2017-04-09T23:00:00Z,1.05842507,1.06078279,1.05703783,1.05820107,0,
2017-04-10T23:00:00Z,1.05978239,1.06294775,1.05792117,1.05975986,0,
2017-04-11T23:00:00Z,1.06096292,1.06238317,1.05965877,1.06113183,0,
2017-04-12T23:00:00Z,1.06715608,1.06780565,1.06117690,1.06706500,0,
2017-04-13T23:00:00Z,1.06179655,1.06315124,1.06070411,1.06163871,0,
2017-04-16T23:00:00Z,1.06112051,1.06698537,1.06097424,1.06105304,0,
2017-04-17T23:00:00Z,1.06438470,1.07085872,1.06379580,1.06445253,0,
2017-04-18T23:00:00Z,1.07283473,1.07365251,1.07015967,1.07286930,0,
2017-04-19T23:00:00Z,1.07148981,1.07781851,1.07106519,1.07150126,0,
2017-04-20T23:00:00Z,1.07132912,1.07375634,1.06870723,1.07148981,0,
2017-04-23T23:00:00Z,1.08753574,1.08779955,1.08216906,1.08739388,0,
2017-04-24T23:00:00Z,1.08676755,1.09409189,1.08519900,1.08648407,0,
2017-04-25T23:00:00Z,1.09284842,1.09507442,1.08607113,1.09282458,0,
2017-04-26T23:00:00Z,1.09092891,1.09307539,1.08525789,1.09089327,0,
2017-04-27T23:00:00Z,1.08667302,1.09481061,1.08582354,1.08642519,0,
2017-04-30T23:00:00Z,1.09060764,1.09253800,1.08854198,1.09075046,0,
2017-05-01T23:00:00Z,1.09096456,1.09253800,1.08890951,1.09089327,0,
2017-05-02T23:00:00Z,1.09356546,1.09397221,1.09057200,1.09356546,0,
2017-05-03T23:00:00Z,1.08887386,1.09685206,1.08763039,1.08889759,0,
2017-05-04T23:00:00Z,1.09814084,1.09998906,1.09532619,1.09815300,0,
2017-05-07T23:00:00Z,1.09669566,1.09962618,1.09195340,1.09651530,0,
2017-05-08T23:00:00Z,1.09272897,1.09340048,1.08726382,1.09277678,0,
2017-05-09T23:00:00Z,1.08869612,1.09003711,1.08594143,1.08868420,0,
2017-05-10T23:00:00Z,1.08667302,1.08920002,1.08399904,1.08707464,0,
2017-05-11T23:00:00Z,1.08660221,1.09337413,1.08576453,1.08649588,0,
2017-05-14T23:00:00Z,1.09280062,1.09900010,1.09232318,1.09272897,0,
2017-05-15T23:00:00Z,1.09806848,1.10893023,1.09796000,1.09817708,0,
2017-05-16T23:00:00Z,1.10957003,1.11502612,1.10831571,1.10939765,0,
2017-05-17T23:00:00Z,1.11542404,1.11720610,1.11049414,1.11563563,0,
2017-05-18T23:00:00Z,1.11108637,1.11982083,1.11007512,1.11135805,0,
2017-05-21T23:00:00Z,1.12023485,1.12632906,1.11623347,1.12048578,0,
2017-05-22T23:00:00Z,1.12370920,1.12667167,1.11963284,1.12388599,0,
2017-05-23T23:00:00Z,1.11809301,1.12024736,1.11694407,1.11793053,0,
2017-05-24T23:00:00Z,1.12311590,1.12509990,1.11955750,1.12309074,0,
2017-05-25T23:00:00Z,1.12106371,1.12320423,1.11634552,1.12107623,0,
2017-05-28T23:00:00Z,1.11751819,1.11906898,1.11629570,1.11760557,0,
2017-05-29T23:00:00Z,1.11294127,1.12015951,1.11107409,1.11290419,0,
2017-05-30T23:00:00Z,1.11736834,1.12522638,1.11658239,1.11716866,0,
2017-05-31T23:00:00Z,1.12382281,1.12572038,1.12031007,1.12435353,0,
2017-06-01T23:00:00Z,1.12132764,1.12814617,1.12062395,1.12157917,0,
2017-06-05T23:00:00Z,1.12582183,1.12790430,1.12412596,1.12568247,0,
2017-06-06T23:00:00Z,1.12705266,1.12799346,1.12052345,1.12714159,0,
2017-06-07T23:00:00Z,1.12546706,1.12701452,1.11964524,1.12551773,0,
2017-06-08T23:00:00Z,1.11931944,1.12170506,1.11678183,1.11848056,0,
2017-06-11T23:00:00Z,1.12023485,1.12309957,1.11940718,1.12019718,0,
2017-06-12T23:00:00Z,1.11990869,1.12252343,1.11858082,1.11962020,0,
2017-06-13T23:00:00Z,1.12107623,1.12950957,1.11985838,1.12088776,0,
2017-06-14T23:00:00Z,1.12161696,1.12283850,1.11336255,1.12157917,0,
2017-06-15T23:00:00Z,1.11474025,1.11997128,1.11390829,1.11469054,0,
2017-06-18T23:00:00Z,1.12033522,1.12132764,1.11598420,1.12082493,0,
2017-06-19T23:00:00Z,1.11446691,1.11659980,1.11208725,1.11445451,0,
2017-06-20T23:00:00Z,1.11363530,1.11544895,1.11286700,1.11369741,0,
2017-06-21T23:00:00Z,1.11684418,1.11781800,1.11471534,1.11671960,0,
2017-06-22T23:00:00Z,1.11497641,1.12086260,1.11462843,1.11496401,0,
2017-06-25T23:00:00Z,1.11997128,1.12186861,1.11725605,1.11988354,0,
2017-06-26T23:00:00Z,1.11806798,1.13301611,1.11805546,1.11835563,0,
2017-06-27T23:00:00Z,1.13368404,1.13879657,1.12972653,1.13391542,0,
2017-06-28T23:00:00Z,1.13779879,1.14351058,1.13779879,1.13826501,0,
2017-06-29T23:00:00Z,1.14404690,1.14450002,1.13928950,1.14416480,0,
2017-07-02T23:00:00Z,1.14250457,1.14259601,1.13569260,1.14230883,0,
2017-07-03T23:00:00Z,1.13752699,1.13791537,1.13378680,1.13713896,0,
2017-07-04T23:00:00Z,1.13598931,1.13688040,1.13150334,1.13601506,0,
2017-07-05T23:00:00Z,1.13449430,1.14090133,1.13306737,1.13468742,0,
2017-07-06T23:00:00Z,1.14212620,1.14382446,1.13829100,1.14247847,0,
2017-07-09T23:00:00Z,1.14064109,1.14173496,1.13830400,1.14038086,0,
2017-07-11T23:00:00Z,1.14739430,1.14910042,1.13948429,1.14739430,0,
2017-07-12T23:00:00Z,1.14190447,1.14552784,1.13725531,1.14189148,0,
2017-07-13T23:00:00Z,1.14039385,1.14668381,1.13923764,1.14039385,0,
2017-07-16T23:00:00Z,1.14751279,1.14872551,1.14362836,1.14753914,0,
2017-07-17T23:00:00Z,1.14734161,1.15848005,1.14723635,1.14743376,0,
2017-07-18T23:00:00Z,1.15496111,1.15532136,1.15106595,1.15497446,0,
2017-07-19T23:00:00Z,1.15288401,1.16499877,1.14801335,1.15284407,0,
2017-07-20T23:00:00Z,1.16280425,1.16751504,1.16202044,1.16287184,0,
2017-07-23T23:00:00Z,1.16815603,1.16816974,1.16316938,1.16816974,0,
2017-07-24T23:00:00Z,1.16388690,1.17068601,1.16315591,1.16388690,0,
2017-07-25T23:00:00Z,1.16433406,1.16550124,1.16157508,1.16445613,0,
2017-07-26T23:00:00Z,1.17303431,1.17749572,1.16548765,1.17280042,0,
2017-07-27T23:00:00Z,1.16900277,1.17633224,1.16725612,1.16886604,0,
2017-07-30T23:00:00Z,1.17468786,1.18246639,1.17237413,1.17472923,0,
2017-07-31T23:00:00Z,1.18235457,1.18375409,1.17910624,1.18241048,0,
2017-08-01T23:00:00Z,1.18093026,1.18676043,1.17949569,1.18112564,0,
2017-08-02T23:00:00Z,1.18514311,1.18948495,1.18339980,1.18511498,0,
2017-08-03T23:00:00Z,1.18877792,1.18910027,1.17369509,1.18849528,0,
2017-08-06T23:00:00Z,1.17777312,1.18125117,1.17777312,1.17784250,0,
2017-08-07T23:00:00Z,1.18002450,1.18245232,1.17186582,1.18009412,0,
2017-08-08T23:00:00Z,1.17533672,1.17602789,1.16923511,1.17546105,0,
2017-08-09T23:00:00Z,1.17647052,1.17647052,1.17046678,1.17615235,0,
2017-08-10T23:00:00Z,1.17699683,1.18317997,1.17492247,1.17702448,0,
2017-08-13T23:00:00Z,1.18263412,1.18399942,1.17732930,1.18255031,0,
2017-08-14T23:00:00Z,1.17770374,1.17924535,1.16890025,1.17757893,0,
2017-08-15T23:00:00Z,1.17398453,1.17575133,1.16836083,1.17412233,0,
2017-08-16T23:00:00Z,1.17742646,1.17902279,1.16669786,1.17742646,0,
2017-08-17T23:00:00Z,1.17172861,1.17681670,1.17122078,1.17155015,0,
2017-08-20T23:00:00Z,1.17572367,1.18246639,1.17318571,1.17562687,0,
2017-08-21T23:00:00Z,1.18118143,1.18259227,1.17464638,1.18119538,0,
2017-08-22T23:00:00Z,1.17608321,1.18186545,1.17435670,1.17622149,0,
2017-08-23T23:00:00Z,1.18164206,1.18189347,1.17852259,1.18165588,0,
2017-08-24T23:00:00Z,1.17982960,1.18842483,1.17748189,1.18021953,0,
2017-08-27T23:00:00Z,1.19514298,1.19760478,1.19178152,1.19518578,0,
2017-08-28T23:00:00Z,1.19651580,1.20669472,1.19630098,1.19638693,0,
2017-08-29T23:00:00Z,1.19703138,1.19860959,1.18966889,1.19704568,0,
2017-08-30T23:00:00Z,1.18900406,1.19081640,1.18243849,1.18934345,0,
2017-08-31T23:00:00Z,1.19108593,1.19786310,1.18511498,1.19104326,0,
2017-09-03T23:00:00Z,1.18825531,1.19232142,1.18794465,1.18828356,0,
2017-09-04T23:00:00Z,1.18944252,1.19381607,1.18704224,1.18934345,0,
2017-09-05T23:00:00Z,1.19236410,1.19492865,1.19037700,1.19240677,0,
2017-09-06T23:00:00Z,1.19274807,1.20569086,1.19156849,1.19277656,0,
2017-09-07T23:00:00Z,1.20286274,1.20933604,1.20189416,1.20290625,0,
2017-09-10T23:00:00Z,1.20153308,1.20293510,1.19624376,1.20176423,0,
2017-09-11T23:00:00Z,1.19585752,1.19774818,1.19274807,1.19594336,0,
2017-09-12T23:00:00Z,1.19716036,1.19960022,1.18856597,1.19746137,0,
2017-09-13T23:00:00Z,1.18904650,1.19100082,1.18456745,1.18906057,0,
2017-09-14T23:00:00Z,1.19227886,1.19855213,1.19023526,1.19216502,0,
2017-09-17T23:00:00Z,1.19374478,1.19688809,1.19168210,1.19371629,0,
2017-09-19T23:00:00Z,1.19928527,1.20192301,1.19866705,1.19925642,0,
2017-09-20T23:00:00Z,1.18729591,1.19535720,1.18661964,1.18721139,0,
2017-09-21T23:00:00Z,1.19448626,1.20024967,1.19405830,1.19455755,0,
2017-09-24T23:00:00Z,1.19267690,1.19388735,1.18518519,1.19271970,0,
2017-09-25T23:00:00Z,1.18556464,1.18638039,1.17652595,1.18556464,0,
2017-09-26T23:00:00Z,1.17813385,1.17952347,1.17192078,1.17860591,0,
2017-09-27T23:00:00Z,1.17504668,1.18027520,1.17219555,1.17496383,0,
2017-09-28T23:00:00Z,1.17806447,1.18319392,1.17732930,1.17817545,0,
2017-10-01T23:00:00Z,1.18076301,1.18076301,1.17311692,1.18073511,0,
2017-10-02T23:00:00Z,1.17332327,1.17716300,1.16974115,1.17337835,0,
2017-10-03T23:00:00Z,1.17478442,1.17867541,1.17474306,1.17475688,0,
2017-10-04T23:00:00Z,1.17569602,1.17799497,1.17038453,1.17572367,0,
2017-10-05T23:00:00Z,1.17139912,1.17387426,1.16713345,1.17123449,0,
2017-10-08T23:00:00Z,1.17428780,1.17508817,1.17209935,1.17424643,0,
2017-10-10T23:00:00Z,1.18140471,1.18580353,1.17963469,1.18148839,0,
2017-10-11T23:00:00Z,1.18653524,1.18807173,1.18317997,1.18654931,0,
2017-10-12T23:00:00Z,1.18313789,1.18743694,1.18062353,1.18317997,0,
2017-10-15T23:00:00Z,1.18150246,1.18210292,1.17810607,1.18140471,0,
2017-10-16T23:00:00Z,1.17950964,1.17950964,1.17386043,1.17945385,0,
2017-10-17T23:00:00Z,1.17728782,1.17798126,1.17322695,1.17719078,0,
2017-10-18T23:00:00Z,1.17935658,1.18571913,1.17699683,1.17952347,0,
2017-10-19T23:00:00Z,1.18519926,1.18580353,1.17649972,1.18480599,0,
2017-10-22T23:00:00Z,1.17547488,1.17789936,1.17340589,1.17536438,0,
2017-10-23T23:00:00Z,1.17553020,1.17771757,1.17438436,1.17591727,0,
2017-10-24T23:00:00Z,1.17598629,1.18175375,1.17537820,1.17590344,0,
2017-10-25T23:00:00Z,1.18221474,1.18355799,1.16922140,1.18207502,0,
2017-10-26T23:00:00Z,1.16390049,1.16441548,1.15759492,1.16372442,0,
2017-10-30T00:00:00Z,1.16072571,1.16427994,1.15981030,1.16045630,0,
2017-10-31T00:00:00Z,1.16498518,1.16589522,1.16256082,1.16527033,0,
2017-11-01T00:00:00Z,1.16516161,1.16574574,1.16083348,1.16517520,0,
2017-11-03T00:00:00Z,1.16631675,1.16867483,1.16052365,1.16618073,0,
2017-11-06T00:00:00Z,1.16153455,1.16265559,1.15827882,1.16149414,0,
2017-11-07T00:00:00Z,1.16118395,1.16171002,1.15558839,1.16126490,0,
2017-11-08T00:00:00Z,1.16025436,1.16095471,1.15811777,1.16010630,0,
2017-11-09T00:00:00Z,1.15955472,1.16525674,1.15864110,1.15968919,0,
2017-11-10T00:00:00Z,1.16452396,1.16751504,1.16239870,1.16468668,0,
2017-11-13T00:00:00Z,1.16611278,1.16751504,1.16387331,1.16611278,0,
2017-11-14T00:00:00Z,1.16649365,1.17741251,1.16633034,1.16649365,0,
2017-11-15T00:00:00Z,1.17917573,1.18594420,1.17860591,1.17928696,0,
2017-11-17T00:00:00Z,1.17773151,1.18217278,1.17746794,1.17774534,0,
2017-11-20T00:00:00Z,1.17321312,1.18074906,1.17259407,1.17318571,0,
2017-11-21T00:00:00Z,1.17387426,1.17566836,1.17155015,1.17412233,0,
2017-11-22T00:00:00Z,1.17409480,1.17981565,1.17355740,1.17372274,0,
2017-11-23T00:00:00Z,1.18151641,1.18549991,1.18144655,1.18147445,0,
2017-11-24T00:00:00Z,1.18508685,1.19437206,1.18372619,1.18539596,0,
2017-11-27T00:00:00Z,1.19287610,1.19604349,1.19081640,1.19264853,0,
2017-11-28T00:00:00Z,1.19040537,1.19209969,1.18674648,1.19049037,0,
2017-11-29T00:00:00Z,1.18497443,1.18849528,1.18200517,1.18480599,0,
2017-11-30T00:00:00Z,1.18500257,1.19297576,1.18150246,1.18519926,0,
2017-12-01T00:00:00Z,1.18990958,1.19398701,1.18521333,1.18982458,0,
2017-12-04T00:00:00Z,1.18570518,1.18787420,1.18312383,1.18598640,0,
2017-12-05T00:00:00Z,1.18685913,1.18793070,1.18088853,1.18677461,0,
2017-12-06T00:00:00Z,1.18305397,1.18483412,1.17813385,1.18329191,0,
2017-12-07T00:00:00Z,1.18049812,1.18091631,1.17771757,1.18042850,0,
2017-12-08T00:00:00Z,1.17744017,1.17771757,1.17318571,1.17721844,0,
2017-12-11T00:00:00Z,1.17692757,1.18104184,1.17688596,1.17699683,0,
2017-12-12T00:00:00Z,1.17771757,1.17929947,1.17189336,1.17775917,0,
2017-12-13T00:00:00Z,1.17435670,1.17702448,1.17304802,1.17426026,0,
2017-12-14T00:00:00Z,1.18399239,1.18598640,1.17716300,1.18358600,0,
2017-12-15T00:00:00Z,1.17752337,1.18140054,1.17616618,1.17749572,0,
2017-12-18T00:00:00Z,1.17467403,1.18343186,1.17431533,1.17435670,0,
2017-12-19T00:00:00Z,1.17828655,1.18329191,1.17770374,1.17842531,0,
2017-12-20T00:00:00Z,1.18371212,1.19012201,1.18301189,1.18413258,0,
2017-12-21T00:00:00Z,1.18777537,1.18920207,1.18501663,1.18781769,0,
2017-12-22T00:00:00Z,1.18515706,1.18619740,1.18175375,1.18573320,0,
2017-12-25T00:00:00Z,1.18567705,1.18849528,1.18490434,1.18560672,0,
2017-12-26T00:00:00Z,1.18712687,1.18778956,1.18474984,1.18725371,0,
2017-12-27T00:00:00Z,1.18609893,1.19104326,1.18556464,1.18578947,0,
2017-12-28T00:00:00Z,1.19002283,1.19550014,1.18982458,1.19007945,0,
2017-12-29T00:00:00Z,1.19398701,1.20228434,1.19380176,1.19417238,0,
2018-01-01T00:00:00Z,1.20049465,1.20150435,1.19990396,1.20049465,0,
2018-01-02T00:00:00Z,1.20108581,1.20809424,1.20085502,1.20115793,0,
2018-01-03T00:00:00Z,1.20619988,1.20670927,1.20049465,1.20634544,0,
2018-01-04T00:00:00Z,1.20112908,1.20918977,1.20049465,1.20104253,0,
2018-01-05T00:00:00Z,1.20662189,1.20845926,1.20215428,1.20688403,0,
2018-01-08T00:00:00Z,1.20394897,1.20540023,1.19597197,1.20374608,0,
2018-01-09T00:00:00Z,1.19695973,1.19757605,1.19179571,1.19704568,0,
2018-01-10T00:00:00Z,1.19293308,1.20163429,1.19244945,1.19293308,0,
2018-01-11T00:00:00Z,1.19548583,1.20592344,1.19311810,1.19561446,0,
2018-01-12T00:00:00Z,1.20420992,1.21561337,1.20413733,1.20420992,0,
2018-01-15T00:00:00Z,1.21930397,1.22990036,1.21881366,1.21922970,0,
2018-01-16T00:00:00Z,1.22699392,1.22812402,1.21967578,1.22684336,0,
2018-01-17T00:00:00Z,1.22714448,1.23214924,1.21991384,1.22712934,0,
2018-01-18T00:00:00Z,1.21814549,1.22625661,1.21750784,1.21839786,0,
2018-01-19T00:00:00Z,1.22358584,1.22948301,1.22203076,1.22366071,0,
2018-01-22T00:00:00Z,1.22559536,1.22666276,1.22146356,1.22555029,0,
2018-01-23T00:00:00Z,1.22573054,1.23069954,1.22235942,1.22562540,0,
2018-01-24T00:00:00Z,1.23096621,1.24019933,1.22951329,1.23102677,0,
2018-01-25T00:00:00Z,1.23960280,1.25299156,1.23865080,1.23911130,0,
2018-01-26T00:00:00Z,1.23923421,1.24901640,1.23874295,1.23923421,0,
2018-01-29T00:00:00Z,1.24282265,1.24319351,1.23380625,1.24280727,0,
2018-01-30T00:00:00Z,1.23817539,1.24522150,1.23368454,1.23811412,0,
2018-01-31T00:00:00Z,1.24083340,1.24766064,1.24006391,1.24095654,0,
2018-02-01T00:00:00Z,1.24174237,1.24878240,1.23865080,1.24186587,0,
2018-02-02T00:00:00Z,1.25126696,1.25179946,1.24118757,1.25100088,0,
2018-02-05T00:00:00Z,1.24470997,1.24781632,1.24015629,1.24469447,0,
2018-02-06T00:00:00Z,1.23682773,1.24285364,1.23161805,1.23678184,0,
2018-02-07T00:00:00Z,1.23814476,1.24032545,1.22785258,1.23812950,0,
2018-02-08T00:00:00Z,1.22684336,1.22945273,1.22165751,1.22681332,0,
2018-02-09T00:00:00Z,1.22607625,1.22854650,1.22264338,1.22607625,0,
2018-02-12T00:00:00Z,1.22534001,1.22970974,1.22363079,1.22527993,0,
2018-02-13T00:00:00Z,1.23011827,1.23719966,1.22860694,1.23037553,0,
2018-02-14T00:00:00Z,1.23529994,1.24161899,1.22785258,1.23537624,0,
2018-02-15T00:00:00Z,1.24671173,1.25119960,1.24505091,1.24672735,0,
2018-02-16T00:00:00Z,1.25073481,1.25580812,1.24305439,1.25035954,0,
2018-02-19T00:00:00Z,1.24118757,1.24379969,1.23710322,1.24118757,0,
2018-02-20T00:00:00Z,1.23991024,1.24091041,1.23219478,1.23986411,0,
2018-02-21T00:00:00Z,1.23354757,1.23470056,1.23007274,1.23353243,0,
2018-02-22T00:00:00Z,1.22803354,1.23533046,1.22616637,1.22818434,0,
2018-02-23T00:00:00Z,1.23260486,1.23350036,1.22804868,1.23266566,0,
2018-02-26T00:00:00Z,1.22883332,1.23548305,1.22824466,1.22871256,0,
2018-02-27T00:00:00Z,1.23160291,1.23456788,1.22231460,1.23155737,0,
2018-02-28T00:00:00Z,1.22221005,1.22428989,1.21891761,1.22303212,0,
2018-03-01T00:00:00Z,1.21909595,1.22218013,1.21579957,1.21912563,0,
2018-03-02T00:00:00Z,1.22712934,1.23304570,1.22527993,1.22708428,0,
2018-03-05T00:00:00Z,1.23184574,1.23482704,1.22755122,1.23154223,0,
2018-03-06T00:00:00Z,1.23377585,1.24198914,1.23312163,1.23365414,0,
2018-03-07T00:00:00Z,1.24192750,1.24405956,1.23860490,1.24166536,0,
2018-03-08T00:00:00Z,1.24161899,1.24447763,1.23063290,1.24146497,0,
2018-03-09T00:00:00Z,1.23078442,1.23338020,1.22755122,1.23066330,0,
2018-03-12T00:00:00Z,1.23086011,1.23420072,1.22913551,1.23087525,0,
2018-03-13T00:00:00Z,1.23386729,1.23989487,1.23149681,1.23395848,0,
2018-03-14T00:00:00Z,1.23929560,1.24161899,1.23501003,1.23923421,0,
2018-03-15T00:00:00Z,1.23753190,1.23869693,1.23207331,1.23756242,0,
2018-03-16T00:00:00Z,1.23076928,1.23350191,1.22615135,1.23092079,0,
2018-03-19T00:00:00Z,1.22807884,1.23324335,1.22604609,1.22807884,0,
2018-03-20T00:00:00Z,1.23380625,1.23542202,1.22649717,1.23368454,0,
2018-03-21T00:00:00Z,1.22481477,1.22961903,1.22469926,1.22518992,0,
2018-03-22T00:00:00Z,1.23487282,1.23868155,1.23004258,1.23476613,0,
2018-03-23T00:00:00Z,1.23260486,1.23601747,1.23199749,1.23249853,0,
2018-03-25T23:00:00Z,1.23539150,1.24489594,1.23523891,1.23543727,0,
2018-03-26T23:00:00Z,1.24550068,1.24781632,1.23733282,1.24574888,0,
2018-03-27T23:00:00Z,1.24080253,1.24223602,1.23371494,1.24078715,0,
2018-03-28T23:00:00Z,1.23128450,1.23380625,1.22851634,1.23102677,0,
2018-03-29T23:00:00Z,1.23025441,1.23334980,1.22980058,1.23028469,0,
2018-04-01T23:00:00Z,1.23128450,1.23456788,1.22838056,1.23142087,0,
2018-04-02T23:00:00Z,1.22933185,1.23369980,1.22550523,1.22927141,0,
2018-04-03T23:00:00Z,1.22794306,1.23105717,1.22576058,1.22785258,0,
2018-04-04T23:00:00Z,1.22878802,1.22910523,1.22194123,1.22868228,0,
2018-04-05T23:00:00Z,1.22509992,1.22800338,1.22180688,1.22515988,0,
2018-04-08T23:00:00Z,1.22714448,1.23304570,1.22625661,1.22714448,0,
2018-04-09T23:00:00Z,1.23222518,1.23777688,1.23037553,1.23224032,0,
2018-04-10T23:00:00Z,1.23638427,1.23937237,1.23540676,1.23630786,0,
2018-04-11T23:00:00Z,1.23762369,1.23797619,1.23004258,1.23716438,0,
2018-04-12T23:00:00Z,1.23334980,1.23487282,1.23087525,1.23296964,0,
2018-04-15T23:00:00Z,1.23330414,1.23940313,1.23263526,1.23325861,0,
2018-04-16T23:00:00Z,1.23846674,1.24150038,1.23383677,1.23851275,0,
2018-04-17T23:00:00Z,1.23730218,1.23969507,1.23444605,1.23731744,0,
2018-04-18T23:00:00Z,1.23785353,1.24019933,1.23304570,1.23791480,0,
2018-04-19T23:00:00Z,1.23441553,1.23526943,1.22550523,1.23455262,0,
2018-04-22T23:00:00Z,1.22738540,1.22896922,1.22122490,1.22734022,0,
2018-04-23T23:00:00Z,1.22112048,1.22346616,1.21848691,1.22089684,0,
2018-04-25T23:00:00Z,1.21707797,1.22100127,1.20997989,1.21716690,0,
2018-04-26T23:00:00Z,1.21075630,1.21169972,1.20560360,1.21096170,0,
2018-04-29T23:00:00Z,1.21285629,1.21385741,1.20663643,1.21228278,0,
2018-04-30T23:00:00Z,1.20831323,1.20845926,1.19835114,1.20812345,0,
2018-05-01T23:00:00Z,1.19921327,1.20310891,1.19541430,1.19915581,0,
2018-05-02T23:00:00Z,1.19517148,1.20091271,1.19507158,1.19510019,0,
2018-05-03T23:00:00Z,1.19892573,1.19975996,1.19148326,1.19892573,0,
2018-05-06T23:00:00Z,1.19557166,1.19789171,1.18995202,1.19550014,0,
2018-05-07T23:00:00Z,1.19326043,1.19388735,1.18393636,1.19337440,0,
2018-05-08T23:00:00Z,1.18667603,1.18961227,1.18235457,1.18678868,0,
2018-05-09T23:00:00Z,1.18476391,1.19424379,1.18446922,1.18472183,0,
2018-05-10T23:00:00Z,1.19152594,1.19678783,1.18934345,1.19175303,0,
2018-05-13T23:00:00Z,1.19515729,1.19969964,1.19515729,1.19521439,0,
2018-05-14T23:00:00Z,1.19320357,1.19402993,1.18239641,1.19311810,0,
2018-05-15T23:00:00Z,1.18225670,1.18539596,1.17656755,1.18208897,0,
2018-05-16T23:00:00Z,1.18141866,1.18368411,1.17785633,1.18169785,0,
2018-05-17T23:00:00Z,1.17920363,1.18222868,1.17504668,1.17952347,0,
2018-05-20T23:00:00Z,1.17637372,1.17789793,1.17186582,1.17666435,0,
2018-05-21T23:00:00Z,1.17888391,1.18281615,1.17594492,1.17924535,0,
2018-05-22T23:00:00Z,1.17896724,1.17910063,1.16862023,1.17885602,0,
2018-05-23T23:00:00Z,1.17071342,1.17493629,1.16922140,1.17101502,0,
2018-05-24T23:00:00Z,1.17231917,1.17332327,1.16483593,1.17226422,0,
2018-05-27T23:00:00Z,1.16875672,1.17302048,1.16084695,1.16889346,0,
2018-05-28T23:00:00Z,1.16275012,1.16398168,1.15143692,1.16269612,0,
2018-05-29T23:00:00Z,1.15376186,1.16709948,1.15200734,1.15393496,0,
2018-05-30T23:00:00Z,1.16661608,1.17240167,1.16429341,1.16672504,0,
2018-05-31T23:00:00Z,1.16933084,1.17155015,1.16299355,1.16931713,0,
2018-06-04T23:00:00Z,1.17017925,1.17138541,1.16552830,1.17005599,0,
2018-06-05T23:00:00Z,1.17266285,1.17970014,1.17146778,1.17262161,0,
2018-06-06T23:00:00Z,1.17839766,1.18410039,1.17835593,1.17855036,0,
2018-06-07T23:00:00Z,1.17938435,1.18119955,1.17284167,1.17952347,0,
2018-06-10T23:00:00Z,1.17868936,1.18203306,1.17760670,1.17839766,0,
2018-06-11T23:00:00Z,1.17732930,1.18084669,1.17431533,1.17741251,0,
2018-06-12T23:00:00Z,1.17475688,1.17896724,1.17336464,1.17482591,0,
2018-06-13T23:00:00Z,1.18063760,1.18416071,1.16288543,1.18077695,0,
2018-06-14T23:00:00Z,1.15633678,1.16265559,1.15453446,1.15665770,0,
2018-06-17T23:00:00Z,1.15970266,1.16237164,1.15664434,1.15959501,0,
2018-06-18T23:00:00Z,1.16300714,1.16468668,1.15332270,1.16307461,0,
2018-06-19T23:00:00Z,1.15893650,1.16001201,1.15460110,1.15885603,0,
2018-06-20T23:00:00Z,1.15770221,1.16283131,1.15141046,1.15790331,0,
2018-06-21T23:00:00Z,1.16069877,1.16759956,1.16017354,1.16057754,0,
2018-06-24T23:00:00Z,1.16605830,1.17000115,1.16299355,1.16613996,0,
2018-06-25T23:00:00Z,1.17017925,1.17205811,1.16520238,1.17027497,0,
2018-06-26T23:00:00Z,1.16480875,1.16718793,1.15835929,1.16502595,0,
2018-06-27T23:00:00Z,1.15624309,1.15969992,1.15280426,1.15636349,0,
2018-07-02T23:00:00Z,1.16407669,1.16754234,1.16226363,1.16421211,0,
2018-07-03T23:00:00Z,1.16593599,1.16818333,1.16314232,1.16592240,0,
2018-07-04T23:00:00Z,1.16618073,1.17197573,1.16508019,1.16623509,0,
2018-07-05T23:00:00Z,1.16938555,1.17673361,1.16807425,1.16959059,0,
2018-07-08T23:00:00Z,1.17517102,1.17907846,1.17428780,1.17522621,0,
2018-07-09T23:00:00Z,1.17575133,1.17629063,1.16919410,1.17569602,0,
2018-07-10T23:00:00Z,1.17303431,1.17551637,1.16983688,1.17270422,0,
2018-07-11T23:00:00Z,1.16756964,1.16970003,1.16505301,1.16767859,0,
2018-07-12T23:00:00Z,1.16637123,1.16754234,1.16145372,1.16658890,0,
2018-07-15T23:00:00Z,1.16789687,1.17260790,1.16766500,1.16791046,0,
2018-07-16T23:00:00Z,1.17105615,1.17453599,1.16645288,1.17094648,0,
2018-07-17T23:00:00Z,1.16577291,1.16653442,1.16037548,1.16532469,0,
2018-07-18T23:00:00Z,1.16461885,1.16570497,1.15759492,1.16456461,0,
2018-07-19T23:00:00Z,1.16547394,1.17223668,1.16280425,1.16551471,0,
2018-07-22T23:00:00Z,1.17417753,1.17508817,1.16886604,1.17419124,0,
2018-07-23T23:00:00Z,1.16986430,1.17165995,1.16571856,1.16941285,0,
2018-07-24T23:00:00Z,1.16877043,1.17137170,1.16675222,1.16855192,0,
2018-07-25T23:00:00Z,1.17398453,1.17431533,1.16509378,1.17375028,0,
2018-07-26T23:00:00Z,1.16445613,1.16631675,1.16237164,1.16429341,0,
2018-07-29T23:00:00Z,1.16631675,1.17192078,1.16494453,1.16604483,0,
2018-07-30T23:00:00Z,1.17086422,1.17481208,1.16927612,1.17074084,0,
2018-07-31T23:00:00Z,1.16896176,1.16986430,1.16653442,1.16896176,0,
2018-08-01T23:00:00Z,1.16638482,1.16699731,1.16041589,1.16658890,0,
2018-08-02T23:00:00Z,1.15856063,1.16120017,1.15621638,1.15860081,0,
2018-08-05T23:00:00Z,1.15613616,1.15700567,1.15309668,1.15622973,0,
2018-08-06T23:00:00Z,1.15574872,1.16090083,1.15520132,1.15580213,0,
2018-08-07T23:00:00Z,1.16033518,1.16292596,1.15746093,1.16029465,0,
2018-08-08T23:00:00Z,1.16100872,1.16211510,1.15617621,1.16107607,0,
2018-08-09T23:00:00Z,1.15287066,1.15393496,1.13961411,1.15239239,0,
2018-08-12T23:00:00Z,1.13958812,1.14337981,1.13659608,1.13947129,0,
2018-08-13T23:00:00Z,1.13984799,1.14310014,1.13475180,1.14025092,0,
2018-08-14T23:00:00Z,1.13481617,1.13494492,1.13022447,1.13457155,0,
2018-08-15T23:00:00Z,1.13442993,1.14083624,1.13383830,1.13442993,0,
2018-08-16T23:00:00Z,1.13722956,1.14220440,1.13673818,1.13713896,0,
2018-08-19T23:00:00Z,1.14378524,1.14493763,1.13952315,1.14377213,0,
2018-08-20T23:00:00Z,1.14891028,1.15390825,1.14865947,1.14913464,0,
2018-08-21T23:00:00Z,1.15763521,1.16252041,1.15544152,1.15767539,0,
2018-08-22T23:00:00Z,1.15862775,1.15896344,1.15452111,1.15848005,0,
2018-08-23T23:00:00Z,1.15428126,1.16369724,1.15393496,1.15433455,0,
2018-08-26T23:00:00Z,1.16444254,1.16808784,1.15971613,1.16489017,0,
2018-08-27T23:00:00Z,1.16834712,1.17329991,1.16634405,1.16836083,0,
2018-08-28T23:00:00Z,1.16930342,1.17063117,1.16540062,1.16912568,0,
2018-08-29T23:00:00Z,1.17093277,1.17175591,1.16441548,1.17097390,0,
2018-08-30T23:00:00Z,1.16658890,1.16893435,1.15964878,1.16646636,0,
2018-09-02T23:00:00Z,1.15985060,1.16279066,1.15909779,1.16010630,0,
2018-09-03T23:00:00Z,1.16130531,1.16157508,1.15332270,1.16154814,0,
2018-09-04T23:00:00Z,1.15880227,1.16326416,1.15468109,1.15865457,0,
2018-09-05T23:00:00Z,1.16349423,1.16562343,1.16076612,1.16352129,0,
2018-09-06T23:00:00Z,1.16238523,1.16509378,1.15639019,1.16200697,0,
2018-09-09T23:00:00Z,1.15589559,1.16144013,1.15276432,1.15610945,0,
2018-09-10T23:00:00Z,1.15933967,1.16427994,1.15668452,1.15959501,0,
2018-09-11T23:00:00Z,1.15959501,1.16482234,1.15708601,1.15960848,0,
2018-09-12T23:00:00Z,1.16265559,1.17008328,1.16096830,1.16292596,0,
2018-09-13T23:00:00Z,1.16904366,1.17212677,1.16556919,1.16918039,0,
2018-09-16T23:00:00Z,1.16235828,1.16959059,1.16235828,1.16289890,0,
2018-09-17T23:00:00Z,1.16691566,1.17204440,1.16691566,1.16691566,0,
2018-09-18T23:00:00Z,1.16788328,1.17164612,1.16533816,1.16799235,0,
2018-09-19T23:00:00Z,1.16740608,1.17769957,1.16728342,1.16746056,0,
2018-09-20T23:00:00Z,1.17760670,1.18016386,1.17357111,1.17759275,0,
2018-09-23T23:00:00Z,1.17510200,1.18150246,1.17252541,1.17510200,0,
2018-09-24T23:00:00Z,1.17532289,1.17924535,1.17325449,1.17529535,0,
2018-09-25T23:00:00Z,1.17660904,1.17769957,1.17289662,1.17631841,0,
2018-09-26T23:00:00Z,1.17471540,1.17591727,1.16645288,1.17485344,0,
2018-09-27T23:00:00Z,1.16368377,1.16530013,1.15705919,1.16373789,0,
2018-09-30T23:00:00Z,1.16049671,1.16212857,1.15651059,1.16053712,0,
2018-10-01T23:00:00Z,1.15775573,1.15821171,1.15066862,1.15775573,0,
2018-10-02T23:00:00Z,1.15504122,1.15932620,1.15163589,1.15517461,0,
2018-10-03T23:00:00Z,1.14773667,1.15359950,1.14646029,1.14763129,0,
2018-10-04T23:00:00Z,1.15175533,1.15425456,1.14877820,1.15180838,0,
2018-10-07T23:00:00Z,1.15239239,1.15313649,1.14609241,1.15225959,0,
2018-10-08T23:00:00Z,1.14946485,1.15048325,1.14332759,1.14941204,0,
2018-10-09T23:00:00Z,1.15040374,1.15419996,1.14806616,1.15069497,0,
2018-10-10T23:00:00Z,1.15321636,1.15975654,1.15321636,1.15333605,0,
2018-10-11T23:00:00Z,1.15904403,1.16095471,1.15369534,1.15904403,0,
2018-10-14T23:00:00Z,1.15509450,1.16056406,1.15436113,1.15513456,0,
2018-10-15T23:00:00Z,1.15833247,1.16200697,1.15671122,1.15834582,0,
2018-10-16T23:00:00Z,1.15763521,1.15821171,1.15217996,1.15752792,0,
2018-10-17T23:00:00Z,1.15008628,1.15273774,1.14829028,1.15008628,0,
2018-10-18T23:00:00Z,1.14551473,1.15145028,1.14336669,1.14600039,0,
2018-10-21T23:00:00Z,1.15111887,1.15519989,1.14623690,1.15094662,0,
2018-10-22T23:00:00Z,1.14647341,1.14897633,1.14399457,1.14678907,0,
2018-10-23T23:00:00Z,1.14726257,1.14757860,1.13840759,1.14731526,0,
2018-10-24T23:00:00Z,1.13987386,1.14307916,1.13662195,1.13992584,0,
2018-10-25T23:00:00Z,1.13751411,1.13984799,1.13361979,1.13778591,0,
2018-10-29T00:00:00Z,1.13987386,1.14157856,1.13644111,1.13987386,0,
2018-10-30T00:00:00Z,1.13751411,1.13870573,1.13473892,1.13761759,0,
2018-10-31T00:00:00Z,1.13458443,1.13601506,1.13117051,1.13463581,0,
2018-11-01T00:00:00Z,1.13138807,1.14131796,1.13137531,1.13166976,0,
2018-11-02T00:00:00Z,1.14027691,1.14554095,1.13756585,1.14032888,0,
2018-11-05T00:00:00Z,1.13970506,1.14064109,1.13552487,1.13975704,0,
2018-11-06T00:00:00Z,1.14086223,1.14381135,1.13932848,1.14129186,0,
2018-11-07T00:00:00Z,1.14409924,1.14999366,1.14005589,1.14385068,0,
2018-11-08T00:00:00Z,1.14332759,1.14442670,1.14051092,1.14340591,0,
2018-11-09T00:00:00Z,1.13685453,1.13691914,1.13250279,1.13684154,0,
2018-11-12T00:00:00Z,1.13247716,1.13327289,1.12416399,1.13250279,0,
2018-11-13T00:00:00Z,1.12241006,1.12919068,1.12232184,1.12334299,0,
2018-11-14T00:00:00Z,1.13160574,1.13396680,1.12648129,1.13111937,0,
2018-11-15T00:00:00Z,1.13136256,1.13511240,1.12749743,1.13118339,0,
2018-11-16T00:00:00Z,1.13252854,1.14142215,1.13225925,1.13248992,0,
2018-11-19T00:00:00Z,1.14121377,1.14628947,1.13944530,1.14139616,0,
2018-11-20T00:00:00Z,1.14547539,1.14727581,1.13870573,1.14550161,0,
2018-11-21T00:00:00Z,1.13726830,1.14220440,1.13663483,1.13724244,0,
2018-11-22T00:00:00Z,1.13888729,1.14340591,1.13862801,1.13883543,0,
2018-11-23T00:00:00Z,1.14026380,1.14194357,1.13323438,1.14031589,0,
2018-11-26T00:00:00Z,1.13388968,1.13835573,1.13273370,1.13373542,0,
2018-11-27T00:00:00Z,1.13342702,1.13449430,1.12794256,1.13333702,0,
2018-11-28T00:00:00Z,1.12971377,1.13079965,1.12677324,1.12987971,0,
2018-11-29T00:00:00Z,1.13666070,1.14014685,1.13495791,1.13685453,0,
2018-11-30T00:00:00Z,1.13927662,1.14012086,1.13147771,1.13927662,0,
2018-12-03T00:00:00Z,1.13418543,1.13800597,1.13216949,1.13422406,0,
2018-12-04T00:00:00Z,1.13558936,1.14177406,1.13432705,1.13548613,0,
2018-12-05T00:00:00Z,1.13436556,1.13602805,1.13150334,1.13428843,0,
2018-12-06T00:00:00Z,1.13472605,1.14122677,1.13233614,1.13490629,0,
2018-12-07T00:00:00Z,1.13768232,1.14107049,1.13613129,1.13747525,0,
2018-12-10T00:00:00Z,1.14038086,1.14455760,1.13623452,1.14009488,0,
2018-12-11T00:00:00Z,1.13549912,1.13993895,1.13076127,1.13565385,0,
2018-12-12T00:00:00Z,1.13228488,1.13804483,1.13161850,1.13231051,0,
2018-12-13T00:00:00Z,1.13726830,1.13925064,1.13336277,1.13734591,0,
2018-12-14T00:00:00Z,1.13632488,1.13662195,1.12707806,1.13636363,0,
2018-12-17T00:00:00Z,1.13067174,1.13539600,1.13047993,1.13059497,0,
2018-12-18T00:00:00Z,1.13499653,1.14030027,1.13386393,1.13498354,0,
2018-12-20T00:00:00Z,1.13878357,1.14848804,1.13783765,1.13895214,0,
2018-12-21T00:00:00Z,1.14577723,1.14744687,1.13878357,1.14568532,0,
2018-12-24T00:00:00Z,1.13720357,1.14383757,1.13720357,1.13728118,0,
2018-12-25T00:00:00Z,1.14051092,1.14220440,1.13700974,1.14039385,0,
2018-12-26T00:00:00Z,1.14134407,1.14194357,1.13761759,1.14155257,0,
2018-12-27T00:00:00Z,1.13636363,1.14343214,1.13591182,1.13613129,0,
2018-12-28T00:00:00Z,1.14309227,1.14731526,1.14309227,1.14310539,0,
2018-12-31T00:00:00Z,1.14388990,1.14659178,1.14223051,1.14399457,0,
2019-01-01T00:00:00Z,1.14942527,1.15500116,1.14649975,1.14930642,0,
2019-01-02T00:00:00Z,1.14613175,1.14970016,1.13457155,1.14617121,0,
2019-01-03T00:00:00Z,1.13173378,1.14091432,1.13173378,1.13181067,0,
2019-01-04T00:00:00Z,1.13909483,1.14177406,1.13481617,1.13910782,0,
2019-01-07T00:00:00Z,1.14129186,1.14744687,1.14052403,1.14104450,0,
2019-01-08T00:00:00Z,1.14793432,1.14863312,1.14246547,1.14797378,0,
2019-01-09T00:00:00Z,1.14572477,1.15401483,1.14416480,1.14560664,0,
2019-01-10T00:00:00Z,1.15552175,1.15713954,1.15114534,1.15549493,0,
2019-01-11T00:00:00Z,1.15151656,1.15390027,1.14597416,1.15101290,0,
2019-01-14T00:00:00Z,1.14627635,1.14836931,1.14516056,1.14601362,0,
2019-01-15T00:00:00Z,1.14731526,1.14916110,1.13861501,1.14728892,0,
2019-01-16T00:00:00Z,1.14140916,1.14223051,1.13788939,1.14168286,0,
2019-01-17T00:00:00Z,1.13989997,1.14077115,1.13724244,1.13980889,0,
2019-01-18T00:00:00Z,1.13918567,1.14103150,1.13542175,1.13926363,0,
2019-01-21T00:00:00Z,1.13654447,1.13882244,1.13579571,1.13655746,0,
2019-01-22T00:00:00Z,1.13695788,1.13752699,1.13368404,1.13693213,0,
2019-01-23T00:00:00Z,1.13637662,1.13931549,1.13516402,1.13640237,0,
2019-01-24T00:00:00Z,1.13870573,1.13934147,1.13132405,1.13882244,0,
2019-01-25T00:00:00Z,1.13099146,1.14116168,1.13058221,1.13134968,0,
2019-01-28T00:00:00Z,1.14126587,1.14455760,1.13909483,1.14130497,0,
2019-01-29T00:00:00Z,1.14297473,1.14505565,1.14117467,1.14300084,0,
2019-01-30T00:00:00Z,1.14351058,1.14502943,1.14086223,1.14353669,0,
2019-01-31T00:00:00Z,1.14855397,1.15137076,1.14505565,1.14876509,0,
2019-02-01T00:00:00Z,1.14508188,1.14884424,1.14351058,1.14495075,0,
2019-02-04T00:00:00Z,1.14572477,1.14626324,1.14254367,1.14552784,0,
2019-02-05T00:00:00Z,1.14357591,1.14429569,1.14032888,1.14362836,0,
2019-02-06T00:00:00Z,1.14087534,1.14109659,1.13753998,1.14099252,0,
2019-02-07T00:00:00Z,1.13663483,1.13700974,1.13260543,1.13659608,0,
2019-02-08T00:00:00Z,1.13399255,1.13509953,1.13218224,1.13387680,0,
2019-02-11T00:00:00Z,1.13242590,1.13314450,1.12734485,1.13242590,0,
2019-02-12T00:00:00Z,1.12803161,1.13198996,1.12588525,1.12790430,0,
2019-02-13T00:00:00Z,1.13327289,1.13442993,1.12828612,1.13346553,0,
2019-02-14T00:00:00Z,1.12640512,1.13082516,1.12506187,1.12649405,0,
2019-02-15T00:00:00Z,1.12947130,1.12981582,1.12349451,1.12953508,0,
2019-02-18T00:00:00Z,1.12948406,1.13341415,1.12948406,1.12980306,0,
2019-02-19T00:00:00Z,1.13120890,1.13418543,1.12770081,1.13119614,0,
2019-02-20T00:00:00Z,1.13430119,1.13695788,1.13259268,1.13430119,0,
2019-02-21T00:00:00Z,1.13463581,1.13658321,1.13225925,1.13463581,0,
2019-02-22T00:00:00Z,1.13397968,1.13557649,1.13187468,1.13430119,0,
2019-02-25T00:00:00Z,1.13401830,1.13675117,1.13379967,1.13422406,0,
2019-02-26T00:00:00Z,1.13662195,1.13786352,1.13464880,1.13675117,0,
2019-02-27T00:00:00Z,1.13941932,1.14038086,1.13638937,1.13931549,0,
2019-02-28T00:00:00Z,1.13778591,1.14220440,1.13607967,1.13801897,0,
2019-03-01T00:00:00Z,1.13725531,1.14088821,1.13543463,1.13734591,0,
2019-03-05T00:00:00Z,1.13382542,1.13391542,1.12931824,1.13373542,0,
2019-03-06T00:00:00Z,1.13062060,1.13250279,1.12916517,1.13071012,0,
2019-03-07T00:00:00Z,1.13124740,1.13198996,1.12087524,1.13140094,0,
2019-03-08T00:00:00Z,1.12019718,1.12445462,1.11860573,1.11983335,0,
2019-03-11T00:00:00Z,1.12310338,1.12574577,1.12225890,1.12324214,0,
2019-03-12T00:00:00Z,1.12588525,1.12943304,1.12502396,1.12592328,0,
2019-03-13T00:00:00Z,1.12868083,1.13137531,1.12790430,1.12874460,0,
2019-03-14T00:00:00Z,1.13328576,1.13359404,1.12947130,1.13310599,0,
2019-03-15T00:00:00Z,1.13076127,1.13430119,1.13022447,1.13083792,0,
2019-03-18T00:00:00Z,1.13198996,1.13597643,1.12346923,1.13197720,0,
2019-03-19T00:00:00Z,1.13355553,1.13636363,1.13342702,1.13361979,0,
2019-03-20T00:00:00Z,1.13530576,1.13675117,1.13364542,1.13548613,0,
2019-03-21T00:00:00Z,1.14300084,1.14399457,1.13551199,1.14279187,0,
2019-03-22T00:00:00Z,1.13739765,1.13921165,1.12756097,1.13750112,0,
2019-03-25T00:00:00Z,1.12961161,1.13317013,1.12905049,1.12958610,0,
2019-03-26T00:00:00Z,1.13145208,1.13288772,1.12795520,1.13158011,0,
2019-03-27T00:00:00Z,1.12744653,1.12855351,1.12426507,1.12748468,0,
2019-03-28T00:00:00Z,1.12513781,1.12629986,1.12151623,1.12517583,0,
2019-03-29T00:00:00Z,1.12295198,1.12460637,1.12108874,1.12300241,0,
2019-03-31T23:00:00Z,1.12234700,1.12502396,1.12098825,1.12238491,0,
2019-04-01T23:00:00Z,1.12059879,1.12140059,1.11845565,1.12057376,0,
2019-04-02T23:00:00Z,1.12028503,1.12549996,1.12024736,1.12038541,0,
2019-04-03T23:00:00Z,1.12453055,1.12498593,1.12092543,1.12469494,0,
2019-04-04T23:00:00Z,1.12246037,1.12415123,1.12116420,1.12258649,0,
2019-04-07T23:00:00Z,1.12220848,1.12740839,1.12155402,1.12195671,0,
2019-04-08T23:00:00Z,1.12564445,1.12879550,1.12564445,1.12564445,0,
2019-04-09T23:00:00Z,1.12649405,1.12828612,1.12310338,1.12669706,0,
2019-04-10T23:00:00Z,1.12761188,1.12874460,1.12560642,1.12765002,0,
2019-04-11T23:00:00Z,1.12593591,1.13250279,1.12583447,1.12607539,0,
2019-04-14T23:00:00Z,1.13036501,1.13224638,1.12994349,1.13050556,0,
2019-04-15T23:00:00Z,1.13044167,1.13149953,1.12860453,1.13049281,0,
2019-04-16T23:00:00Z,1.12851524,1.13237464,1.12818432,1.12850261,0,
2019-04-17T23:00:00Z,1.13007128,1.13060009,1.12377226,1.12971377,0,
2019-04-18T23:00:00Z,1.12360811,1.12511253,1.12330520,1.12359548,0,
2019-04-21T23:00:00Z,1.12445462,1.12637985,1.12367117,1.12445462,0,
2019-04-22T23:00:00Z,1.12588525,1.12612617,1.11934447,1.12589788,0,
2019-04-23T23:00:00Z,1.12244785,1.12246037,1.11830556,1.12243521,0,
2019-04-24T23:00:00Z,1.11569786,1.11640036,1.11217380,1.11534941,0,
2019-04-25T23:00:00Z,1.11370981,1.11728096,1.11229753,1.11368489,0,
2019-04-28T23:00:00Z,1.11490178,1.11699402,1.11455381,1.11502612,0,
2019-04-29T23:00:00Z,1.11841810,1.12296462,1.11765563,1.11851823,0,
2019-04-30T23:00:00Z,1.12183082,1.12499857,1.12144089,1.12160432,0,
2019-05-01T23:00:00Z,1.12018466,1.12181830,1.11735594,1.12008417,0,
2019-05-02T23:00:00Z,1.11725605,1.12007177,1.11413169,1.11735594,0,
2019-05-05T23:00:00Z,1.11870587,1.12044823,1.11799300,1.11858082,0,
2019-05-06T23:00:00Z,1.12044823,1.12195671,1.11760557,1.12018466,0,
2019-05-07T23:00:00Z,1.11895621,1.12149990,1.11895621,1.11910653,0,
2019-05-08T23:00:00Z,1.11974561,1.12509990,1.11756814,1.11983335,0,
2019-05-09T23:00:00Z,1.12185597,1.12523913,1.12185597,1.12220848,0,
2019-05-12T23:00:00Z,1.12367117,1.12634170,1.12241006,1.12364602,0,
2019-05-13T23:00:00Z,1.12324214,1.12460637,1.12048578,1.12325478,0,
2019-05-14T23:00:00Z,1.12036026,1.12227154,1.11804295,1.12044823,0,
2019-05-15T23:00:00Z,1.12095058,1.12243521,1.11743081,1.12072444,0,
2019-05-16T23:00:00Z,1.11748075,1.11844313,1.11573529,1.11735594,0,
2019-05-19T23:00:00Z,1.11653244,1.11770058,1.11512554,1.11653244,0,
2019-05-20T23:00:00Z,1.11694407,1.11831796,1.11424339,1.11685669,0,
2019-05-22T23:00:00Z,1.11551118,1.11728096,1.11095071,1.11554849,0,
2019-05-23T23:00:00Z,1.11838055,1.12120187,1.11780548,1.11845565,0,
2019-05-26T23:00:00Z,1.12063646,1.12183082,1.11880600,1.12096310,0,
2019-05-27T23:00:00Z,1.11935711,1.11994624,1.11718106,1.11938214,0,
2019-05-28T23:00:00Z,1.11706877,1.11756814,1.11259460,1.11706877,0,
2019-05-29T23:00:00Z,1.11383379,1.11460352,1.11185241,1.11373460,0,
2019-05-30T23:00:00Z,1.11299086,1.11794293,1.11265647,1.11311471,0,
2019-06-02T23:00:00Z,1.11734343,1.12110007,1.11622095,1.11740577,0,
2019-06-03T23:00:00Z,1.12455583,1.12777722,1.12277555,1.12463164,0,
2019-06-04T23:00:00Z,1.12550509,1.13045442,1.12398708,1.12540376,0,
2019-06-05T23:00:00Z,1.12272501,1.13078678,1.12238491,1.12290156,0,
2019-06-06T23:00:00Z,1.12754834,1.13481617,1.12531507,1.12765002,0,
2019-06-09T23:00:00Z,1.13190031,1.13269532,1.12920344,1.13201571,0,
2019-06-10T23:00:00Z,1.13183630,1.13327289,1.13047993,1.13181067,0,
2019-06-11T23:00:00Z,1.13293910,1.13430119,1.13085079,1.13295186,0,
2019-06-12T23:00:00Z,1.12930548,1.13050044,1.12711608,1.12956059,0,
2019-06-13T23:00:00Z,1.12795520,1.12905049,1.12150371,1.12804437,0,
2019-06-16T23:00:00Z,1.12160432,1.12460005,1.12053609,1.12170506,0,
2019-06-17T23:00:00Z,1.12271249,1.12440026,1.11823046,1.12246037,0,
2019-06-18T23:00:00Z,1.11974561,1.12220848,1.11886859,1.11982083,0,
2019-06-19T23:00:00Z,1.12358284,1.13151610,1.12358284,1.12384808,0,
2019-06-20T23:00:00Z,1.12931824,1.13333702,1.12836254,1.12956059,0,
2019-06-23T23:00:00Z,1.13830400,1.14012086,1.13738465,1.13847244,0,
2019-06-24T23:00:00Z,1.14001691,1.14139616,1.13783765,1.14002979,0,
2019-06-25T23:00:00Z,1.13685453,1.13895214,1.13508666,1.13699675,0,
2019-06-26T23:00:00Z,1.13746238,1.13830400,1.13484192,1.13747525,0,
2019-06-27T23:00:00Z,1.13713896,1.13934147,1.13613129,1.13729417,0,
2019-06-30T23:00:00Z,1.13636363,1.13675117,1.13056946,1.13649285,0,
2019-07-01T23:00:00Z,1.12870634,1.13210535,1.12767541,1.12874460,0,
2019-07-02T23:00:00Z,1.12908876,1.13053107,1.12703991,1.12930548,0,
2019-07-03T23:00:00Z,1.12879550,1.12981582,1.12743390,1.12879550,0,
2019-07-04T23:00:00Z,1.12860453,1.12879550,1.12082493,1.12857902,0,
2019-07-07T23:00:00Z,1.12278807,1.12372172,1.12083757,1.12273765,0,
2019-07-08T23:00:00Z,1.12147856,1.12220848,1.11953247,1.12160432,0,
2019-07-09T23:00:00Z,1.12046075,1.12629986,1.12025988,1.12082493,0,
2019-07-10T23:00:00Z,1.12612617,1.12879550,1.12517583,1.12588525,0,
2019-07-11T23:00:00Z,1.12502396,1.12780011,1.12397432,1.12523913,0,
2019-07-14T23:00:00Z,1.12717962,1.12859941,1.12556839,1.12720513,0,
2019-07-15T23:00:00Z,1.12608814,1.12663364,1.12090039,1.12617683,0,
2019-07-16T23:00:00Z,1.12132764,1.12334299,1.12010932,1.12122715,0,
2019-07-17T23:00:00Z,1.12277555,1.12473285,1.12062395,1.12296462,0,
2019-07-18T23:00:00Z,1.12615156,1.12714159,1.12150371,1.12615156,0,
2019-07-21T23:00:00Z,1.12180567,1.12271249,1.12083757,1.12183082,0,
2019-07-22T23:00:00Z,1.12049842,1.12107623,1.11496401,1.12061143,0,
2019-07-23T23:00:00Z,1.11510062,1.11557341,1.11300325,1.11512554,0,
2019-07-24T23:00:00Z,1.11423099,1.11869335,1.11038315,1.11424339,0,
2019-07-25T23:00:00Z,1.11451662,1.11532450,1.11156809,1.11461592,0,
2019-07-28T23:00:00Z,1.11308992,1.11445451,1.11144447,1.11321390,0,
2019-07-29T23:00:00Z,1.11421847,1.11580992,1.11332536,1.11430550,0,
2019-07-30T23:00:00Z,1.11573529,1.11644530,1.11278033,1.11579740,0,
2019-07-31T23:00:00Z,1.10722351,1.10729706,1.10275471,1.10717452,0,
2019-08-01T23:00:00Z,1.10818064,1.11141980,1.10707641,1.10788596,0,
2019-08-04T23:00:00Z,1.11074078,1.11994624,1.11074078,1.11080253,0,
2019-08-05T23:00:00Z,1.12426507,1.12497330,1.11706877,1.12437880,0,
2019-08-06T23:00:00Z,1.12058628,1.12409949,1.11809301,1.12069929,0,
2019-08-07T23:00:00Z,1.12048578,1.12283850,1.11844313,1.12043560,0,
2019-08-08T23:00:00Z,1.11873090,1.12198186,1.11840558,1.11871839,0,
2019-08-11T23:00:00Z,1.12068677,1.12302768,1.11633313,1.12084997,0,
2019-08-12T23:00:00Z,1.12183082,1.12282598,1.11781800,1.12183082,0,
2019-08-13T23:00:00Z,1.11775553,1.11910021,1.11399519,1.11770558,0,
2019-08-14T23:00:00Z,1.11450410,1.11589956,1.10955775,1.11433029,0,
2019-08-15T23:00:00Z,1.11113584,1.11135805,1.10674560,1.11135805,0,
2019-08-18T23:00:00Z,1.10938537,1.11100006,1.10881960,1.10938537,0,
2019-08-19T23:00:00Z,1.10825419,1.10990012,1.10689259,1.10831571,0,
2019-08-20T23:00:00Z,1.10985327,1.11074078,1.10888100,1.10977936,0,
2019-08-21T23:00:00Z,1.10904086,1.11140001,1.10645175,1.10907781,0,
2019-08-22T23:00:00Z,1.10832798,1.11490047,1.10529971,1.10840166,0,
2019-08-25T23:00:00Z,1.11430550,1.11524999,1.11083961,1.11430550,0,
2019-08-26T23:00:00Z,1.11011195,1.11185241,1.10888100,1.11037087,0,
2019-08-27T23:00:00Z,1.10900402,1.11000109,1.10744417,1.10900402,0,
2019-08-28T23:00:00Z,1.10853684,1.10901630,1.10561979,1.10858595,0,
2019-09-01T23:00:00Z,1.09909439,1.09974706,1.09587848,1.09917891,0,
2019-09-02T23:00:00Z,1.09673166,1.09773099,1.09303951,1.09685206,0,
2019-09-03T23:00:00Z,1.09735763,1.10349941,1.09727323,1.09745395,0,
2019-09-04T23:00:00Z,1.10375273,1.10827887,1.10183120,1.10349703,0,
2019-09-05T23:00:00Z,1.10363102,1.10574210,1.10212266,1.10363102,0,
2019-09-08T23:00:00Z,1.10207415,1.10652518,1.10161269,1.10206199,0,
2019-09-09T23:00:00Z,1.10472822,1.10595000,1.10318053,1.10483813,0,
2019-09-10T23:00:00Z,1.10497236,1.10582769,1.09862339,1.10503340,0,
2019-09-11T23:00:00Z,1.10144293,1.10775089,1.09295583,1.10134578,0,
2019-09-12T23:00:00Z,1.10576653,1.11091363,1.10576653,1.10582769,0,
2019-09-15T23:00:00Z,1.10841393,1.10842621,1.09949315,1.10834026,0,
2019-09-16T23:00:00Z,1.10040057,1.10680687,1.09928763,1.10059440,0,
2019-09-17T23:00:00Z,1.10743201,1.10778773,1.10375273,1.10746872,0,
2019-09-18T23:00:00Z,1.10314393,1.10749936,1.10235357,1.10314393,0,
2019-09-19T23:00:00Z,1.10460615,1.10689998,1.09988010,1.10485029,0,
2019-09-22T23:00:00Z,1.10195267,1.10280335,1.09682798,1.10190415,0,
2019-09-23T23:00:00Z,1.09937227,1.10139441,1.09851480,1.09937227,0,
2019-09-24T23:00:00Z,1.10156417,1.10192835,1.09483457,1.10168552,0,
2019-09-25T23:00:00Z,1.09518230,1.09673166,1.09251416,1.09529030,0,
2019-09-26T23:00:00Z,1.09231126,1.09584236,1.09058392,1.09227538,0,
2019-09-29T23:00:00Z,1.09416366,1.09481061,1.08876717,1.09427142,0,
2019-09-30T23:00:00Z,1.08991826,1.09373283,1.08815110,1.08996570,0,
2019-10-01T23:00:00Z,1.09354150,1.09579432,1.09052444,1.09349370,0,
2019-10-02T23:00:00Z,1.09620273,1.09983170,1.09418774,1.09637094,0,
2019-10-03T23:00:00Z,1.09749007,1.09922719,1.09591448,1.09753823,0,
2019-10-06T23:00:00Z,1.09865963,1.10011005,1.09637094,1.09865963,0,
2019-10-07T23:00:00Z,1.09727323,1.09980035,1.09466684,1.09721303,0,
2019-10-08T23:00:00Z,1.09602249,1.09919941,1.09555423,1.09601057,0,
2019-10-09T23:00:00Z,1.09858716,1.10338736,1.09804440,1.09878039,0,
2019-10-10T23:00:00Z,1.10144293,1.10619962,1.10038841,1.10110331,0,
2019-10-13T23:00:00Z,1.10281551,1.10430002,1.10151565,1.10300040,0,
2019-10-14T23:00:00Z,1.10258448,1.10454512,1.09927559,1.10290062,0,
2019-10-15T23:00:00Z,1.10339963,1.10762823,1.10235357,1.10347271,0,
2019-10-16T23:00:00Z,1.10742950,1.11399519,1.10658634,1.10749328,0,
2019-10-17T23:00:00Z,1.11271834,1.11619604,1.11150634,1.11271834,0,
2019-10-20T23:00:00Z,1.11561072,1.11806798,1.11400008,1.11557341,0,
2019-10-21T23:00:00Z,1.11520016,1.11607134,1.11247087,1.11517537,0,
2019-10-22T23:00:00Z,1.11296606,1.11333787,1.11080253,1.11292887,0,
2019-10-23T23:00:00Z,1.11326337,1.11656988,1.10938537,1.11323857,0,
2019-10-24T23:00:00Z,1.11044490,1.11259460,1.10804546,1.11039555,0,
2019-10-28T00:00:00Z,1.10847533,1.11066687,1.10771406,1.10842621,0,
2019-10-29T00:00:00Z,1.11024761,1.11187708,1.10750556,1.10991490,0,
2019-10-30T00:00:00Z,1.11122227,1.11259460,1.11033392,1.11148167,0,
2019-10-31T00:00:00Z,1.11542404,1.11769307,1.11337495,1.11544895,0,
2019-11-01T00:00:00Z,1.11561072,1.11744320,1.11307752,1.11571026,0,
2019-11-04T00:00:00Z,1.11694407,1.11770058,1.11420000,1.11665714,0,
2019-11-05T00:00:00Z,1.11282980,1.11389959,1.10646403,1.11285460,0,
2019-11-06T00:00:00Z,1.10744417,1.10950851,1.10674560,1.10741973,0,
2019-11-07T00:00:00Z,1.10706425,1.10913932,1.10380149,1.10703969,0,
2019-11-08T00:00:00Z,1.10346043,1.10381365,1.10178030,1.10196972,0,
2019-11-11T00:00:00Z,1.10228062,1.10436225,1.10172200,1.10224426,0,
2019-11-12T00:00:00Z,1.10348475,1.10411835,1.10038841,1.10354567,0,
2019-11-13T00:00:00Z,1.10121238,1.10204983,1.10011005,1.10123670,0,
2019-11-14T00:00:00Z,1.10087299,1.10178268,1.09908223,1.10132158,0,
2019-11-15T00:00:00Z,1.10229278,1.10558319,1.10152781,1.10204983,0,
2019-11-18T00:00:00Z,1.10539997,1.10909998,1.10539997,1.10550988,0,
2019-11-19T00:00:00Z,1.10722351,1.10852456,1.10642719,1.10723579,0,
2019-11-20T00:00:00Z,1.10803330,1.10827887,1.10536325,1.10800016,0,
2019-11-21T00:00:00Z,1.10789824,1.10964394,1.10637820,1.10788596,0,
2019-11-22T00:00:00Z,1.10656190,1.10786140,1.10286415,1.10658634,0,
2019-11-25T00:00:00Z,1.10241425,1.10338736,1.10061860,1.10225630,0,
2019-11-26T00:00:00Z,1.10120034,1.10265744,1.10080028,1.10144293,0,
2019-11-28T00:00:00Z,1.10060644,1.10192835,1.10015845,1.10048532,0,
2019-11-29T00:00:00Z,1.10112762,1.10266960,1.09828556,1.10117614,0,
2019-12-02T00:00:00Z,1.10177052,1.10891795,1.10037637,1.10190415,0,
2019-12-03T00:00:00Z,1.10760379,1.10926235,1.10664761,1.10791051,0,
2019-12-04T00:00:00Z,1.10818064,1.11134577,1.10679460,1.10852456,0,
2019-12-05T00:00:00Z,1.10826659,1.11049414,1.10799634,1.10830343,0,
2019-12-06T00:00:00Z,1.11042011,1.11123455,1.10422802,1.11054349,0,
2019-12-09T00:00:00Z,1.10578001,1.10803330,1.10539997,1.10588884,0,
2019-12-10T00:00:00Z,1.10645175,1.10975480,1.10635376,1.10649943,0,
2019-12-11T00:00:00Z,1.10938537,1.10987794,1.10717452,1.10927463,0,
2019-12-12T00:00:00Z,1.11332536,1.11533701,1.11118519,1.11358571,0,
2019-12-13T00:00:00Z,1.11834311,1.11869335,1.11188936,1.11860573,0,
2019-12-16T00:00:00Z,1.11252034,1.11578500,1.11234701,1.11244607,0,
2019-12-17T00:00:00Z,1.11370981,1.11731851,1.11308992,1.11369741,0,
2019-12-18T00:00:00Z,1.11515045,1.11515045,1.11113584,1.11513805,0,
2019-12-19T00:00:00Z,1.11159277,1.11424339,1.11098766,1.11159277,0,
2019-12-20T00:00:00Z,1.11237180,1.11259460,1.10743201,1.11259460,0,
2019-12-23T00:00:00Z,1.10798407,1.10975480,1.10714996,1.10798407,0,
2019-12-24T00:00:00Z,1.10929930,1.10975480,1.10706425,1.10938537,0,
2019-12-25T00:00:00Z,1.10913932,1.11086428,1.10778773,1.10901630,0,
2019-12-26T00:00:00Z,1.10950851,1.11049414,1.10827887,1.10954547,0,
2019-12-27T00:00:00Z,1.11012435,1.11806798,1.10999990,1.11011195,0,
2019-12-30T00:00:00Z,1.11815548,1.12206995,1.11815548,1.11823046,0,
2019-12-31T00:00:00Z,1.12044823,1.12410080,1.12007177,1.12022972,0,
2020-01-01T00:00:00Z,1.12208259,1.12283850,1.11594689,1.12208259,0,
2020-01-02T00:00:00Z,1.12189376,1.12271249,1.11668205,1.12208259,0,
2020-01-03T00:00:00Z,1.11708128,1.11806798,1.11256981,1.11714375,0,
2020-01-06T00:00:00Z,1.11624587,1.12082493,1.11580992,1.11619604,0,
2020-01-07T00:00:00Z,1.11958253,1.11994624,1.11348653,1.11979949,0,
2020-01-08T00:00:00Z,1.11557341,1.11652005,1.11108637,1.11547387,0,
2020-01-09T00:00:00Z,1.11144447,1.11222339,1.10950851,1.11132109,0,
2020-01-10T00:00:00Z,1.11092591,1.11209965,1.10862291,1.11111116,0,
2020-01-13T00:00:00Z,1.11165464,1.11446691,1.11140752,1.11166692,0,
2020-01-14T00:00:00Z,1.11344934,1.11457872,1.11055589,1.11357331,0,
2020-01-15T00:00:00Z,1.11296606,1.11634552,1.11202550,1.11308992,0,
2020-01-16T00:00:00Z,1.11526978,1.11719358,1.11297846,1.11540043,0,
2020-01-17T00:00:00Z,1.11380029,1.11450040,1.10875809,1.11395788,0,
2020-01-20T00:00:00Z,1.10952079,1.11049414,1.10775089,1.10945928,0,
2020-01-21T00:00:00Z,1.10964394,1.11197603,1.10864747,1.10969317,0,
2020-01-22T00:00:00Z,1.10858595,1.10977936,1.10716224,1.10856140,0,
2020-01-23T00:00:00Z,1.10975480,1.11032152,1.10370398,1.10964394,0,
2020-01-24T00:00:00Z,1.10553432,1.10608459,1.10212266,1.10552204,0,
2020-01-27T00:00:00Z,1.10263312,1.10399652,1.10100639,1.10253584,0,
2020-01-28T00:00:00Z,1.10196483,1.10265744,1.09985590,1.10197699,0,
2020-01-29T00:00:00Z,1.10229278,1.10302234,1.09932387,1.10225630,0,
2020-01-30T00:00:00Z,1.10140646,1.10365534,1.10082448,1.10168552,0,
2020-01-31T00:00:00Z,1.10287631,1.10901630,1.10179484,1.10291278,0,
2020-02-04T00:00:00Z,1.10629261,1.10656190,1.10338736,1.10629261,0,
2020-02-05T00:00:00Z,1.10447204,1.10485029,1.09983170,1.10472822,0,
2020-02-06T00:00:00Z,1.10004950,1.10128522,1.09655130,1.10023105,0,
2020-02-07T00:00:00Z,1.09810460,1.09869945,1.09469068,1.09829760,0,
2020-02-10T00:00:00Z,1.09487057,1.09613073,1.09095991,1.09493053,0,
2020-02-11T00:00:00Z,1.09122658,1.09270036,1.08934832,1.09134567,0,
2020-02-12T00:00:00Z,1.09218001,1.09249973,1.08870792,1.09194148,0,
2020-02-13T00:00:00Z,1.08764219,1.08908737,1.08355272,1.08759487,0,
2020-02-14T00:00:00Z,1.08459866,1.08624816,1.08313024,1.08459866,0,
2020-02-17T00:00:00Z,1.08405781,1.08540034,1.08302462,1.08417535,0,
2020-02-19T00:00:00Z,1.07947063,1.08084738,1.07836008,1.07954049,0,
2020-02-20T00:00:00Z,1.08096421,1.08210003,1.07795787,1.08100986,0,
2020-02-21T00:00:00Z,1.07877195,1.08636618,1.07877195,1.07879984,0,
2020-02-24T00:00:00Z,1.08385813,1.08636618,1.08084738,1.08390510,0,
2020-02-25T00:00:00Z,1.08490467,1.08817482,1.08317709,1.08491993,0,
2020-02-26T00:00:00Z,1.08810019,1.09035802,1.08556414,1.08819962,0,
2020-02-27T00:00:00Z,1.08856571,1.10057008,1.08856571,1.08858943,0,
2020-02-28T00:00:00Z,1.09955359,1.10527766,1.09515834,1.09972286,0,
2020-03-02T00:00:00Z,1.10525322,1.11640787,1.10372841,1.10513115,0,
2020-03-03T00:00:00Z,1.11442971,1.12074959,1.10973012,1.11440480,0,
2020-03-04T00:00:00Z,1.11773050,1.11856818,1.10969317,1.11806798,0,
2020-03-05T00:00:00Z,1.11390829,1.12044823,1.11217380,1.11390829,0,
2020-03-06T00:00:00Z,1.12238491,1.13547337,1.12139058,1.12238491,0,
2020-03-09T00:00:00Z,1.13861501,1.14958382,1.13567960,1.13860202,0,
2020-03-10T00:00:00Z,1.13974392,1.14229584,1.13341415,1.13979602,0,
2020-03-11T00:00:00Z,1.13161850,1.13659608,1.12590051,1.13165057,0,
2020-03-12T00:00:00Z,1.12607539,1.13328576,1.10808241,1.12615156,0,
2020-03-13T00:00:00Z,1.11835563,1.12213290,1.10653734,1.11849320,0,
2020-03-16T00:00:00Z,1.11595941,1.12354004,1.10886872,1.11553609,0,
2020-03-17T00:00:00Z,1.11633313,1.11890614,1.09579432,1.11632061,0,
2020-03-18T00:00:00Z,1.10168552,1.10450006,1.08318889,1.10155213,0,
2020-03-20T00:00:00Z,1.06584811,1.08298945,1.06545055,1.06573451,0,
2020-03-23T00:00:00Z,1.06875288,1.08248544,1.06604123,1.06943870,0,
2020-03-24T00:00:00Z,1.07647264,1.08885014,1.07533824,1.07646108,0,
2020-03-25T00:00:00Z,1.08012354,1.08495176,1.07701755,1.08026361,0,
2020-03-26T00:00:00Z,1.08875537,1.10254800,1.08765399,1.08895695,0,
2020-03-27T00:00:00Z,1.10461843,1.10864747,1.09551823,1.10482585,0,
2020-03-30T23:00:00Z,1.10283983,1.10436225,1.09296787,1.10304666,0,
2020-03-31T23:00:00Z,1.10281551,1.10375273,1.09186995,1.10265744,0,
2020-04-01T23:00:00Z,1.09509826,1.09629893,1.08443403,1.09536219,0,
2020-04-02T23:00:00Z,1.08438694,1.08589423,1.07761991,1.08473992,0,
2020-04-05T23:00:00Z,1.08082402,1.08343530,1.07692480,1.08069551,0,
2020-04-06T23:00:00Z,1.08019364,1.09233510,1.07913983,1.08038032,0,
2020-04-07T23:00:00Z,1.08943141,1.08962131,1.08317709,1.08951449,0,
2020-04-08T23:00:00Z,1.08611834,1.09435534,1.08418012,1.08636618,0,
2020-04-09T23:00:00Z,1.09259760,1.09541023,1.09210837,1.09274089,0,
2020-04-12T23:00:00Z,1.09313512,1.09685206,1.08936024,1.09326661,0,
2020-04-13T23:00:00Z,1.09195340,1.09839416,1.09157205,1.09229934,0,
2020-04-14T23:00:00Z,1.09823728,1.09890103,1.08576453,1.09853888,0,
2020-04-15T23:00:00Z,1.09038174,1.09077418,1.08296609,1.09051013,0,
2020-04-16T23:00:00Z,1.08601224,1.08932459,1.08126819,1.08584714,0,
2020-04-19T23:00:00Z,1.08662581,1.08970439,1.08430469,1.08669662,0,
2020-04-20T23:00:00Z,1.08635426,1.08799720,1.08179450,1.08648407,0,
2020-04-21T23:00:00Z,1.08574092,1.08831692,1.08242679,1.08564675,0,
2020-04-22T23:00:00Z,1.08068383,1.08439875,1.07583570,1.08096421,0,
2020-04-23T23:00:00Z,1.07763267,1.08177114,1.07276571,1.07770228,0,
2020-04-26T23:00:00Z,1.08236825,1.08603573,1.08122134,1.08236825,0,
2020-04-27T23:00:00Z,1.08271980,1.08896875,1.08112776,1.08248544,0,
2020-04-28T23:00:00Z,1.08323586,1.08742929,1.08316553,1.08365846,0,
2020-04-29T23:00:00Z,1.08766592,1.09699643,1.08356452,1.08772504,0,
2020-04-30T23:00:00Z,1.09447503,1.10162485,1.09354150,1.09454691,0,
2020-05-04T23:00:00Z,1.09045303,1.09213233,1.08269632,1.09042931,0,
2020-05-05T23:00:00Z,1.08401084,1.08448112,1.07842290,1.08385813,0,
2020-05-06T23:00:00Z,1.08005357,1.08157218,1.07675076,1.07985532,0,
2020-05-07T23:00:00Z,1.08369362,1.08733475,1.08163059,1.08371711,0,
2020-05-10T23:00:00Z,1.08401084,1.08530498,1.08042693,1.08395207,0,
2020-05-11T23:00:00Z,1.08091748,1.08804452,1.07853925,1.08094084,0,
2020-05-12T23:00:00Z,1.08463395,1.08933640,1.08314192,1.08468103,0,
2020-05-13T23:00:00Z,1.08219254,1.08248544,1.07765591,1.08236825,0,
2020-05-14T23:00:00Z,1.08062541,1.08495176,1.07908618,1.08069551,0,
2020-05-17T23:00:00Z,1.08194661,1.09127414,1.08008862,1.08213401,0,
2020-05-18T23:00:00Z,1.09158385,1.09751415,1.09027469,1.09151244,0,
2020-05-20T23:00:00Z,1.09793591,1.10087299,1.09394825,1.09829760,0,
2020-05-21T23:00:00Z,1.09524226,1.09553027,1.08861303,1.09529030,0,
2020-05-24T23:00:00Z,1.09090507,1.09146476,1.08720469,1.09078014,0,
2020-05-25T23:00:00Z,1.09010839,1.09915483,1.08983517,1.09029973,0,
2020-05-26T23:00:00Z,1.09805644,1.10298586,1.09366119,1.09817708,0,
2020-05-27T23:00:00Z,1.10152781,1.10718668,1.09931183,1.10168552,0,
2020-05-28T23:00:00Z,1.10781229,1.11446691,1.10703969,1.10791051,0,
2020-05-31T23:00:00Z,1.11145687,1.11520016,1.11014891,1.11185241,0,
2020-06-01T23:00:00Z,1.11255741,1.11957014,1.11156809,1.11259460,0,
2020-06-02T23:00:00Z,1.11856818,1.12499857,1.11810541,1.11894369,0,
2020-06-03T23:00:00Z,1.12372172,1.13605380,1.11959517,1.12359548,0,
2020-06-04T23:00:00Z,1.13372266,1.13839459,1.12856627,1.13378680,0,
2020-06-08T23:00:00Z,1.13028836,1.13633776,1.12436616,1.13055670,0,
2020-06-10T23:00:00Z,1.13686752,1.14001691,1.13260543,1.13654447,0,
2020-06-11T23:00:00Z,1.12893581,1.13397968,1.12346923,1.12880826,0,
2020-06-14T23:00:00Z,1.12541640,1.12920344,1.12287641,1.12520111,0,
2020-06-15T23:00:00Z,1.13379967,1.13498354,1.12316644,1.13377404,0,
2020-06-16T23:00:00Z,1.12649405,1.12968814,1.12102592,1.12657011,0,
2020-06-17T23:00:00Z,1.12412596,1.12625301,1.12046075,1.12429023,0,
2020-06-18T23:00:00Z,1.12072444,1.12529981,1.11739337,1.12110007,0,
2020-06-21T23:00:00Z,1.11794293,1.12677324,1.11755562,1.11775553,0,
2020-06-22T23:00:00Z,1.12771356,1.13489985,1.12343144,1.12796795,0,
2020-06-23T23:00:00Z,1.13136256,1.13263106,1.12598670,1.13123453,0,
2020-06-24T23:00:00Z,1.12513781,1.12599933,1.11914408,1.12508726,0,
2020-06-25T23:00:00Z,1.12208259,1.12389851,1.11978328,1.12220848,0,
2020-06-28T23:00:00Z,1.12241006,1.12892306,1.12205744,1.12258649,0,
2020-06-29T23:00:00Z,1.12470758,1.12616420,1.11923182,1.12472022,0,
2020-06-30T23:00:00Z,1.12336826,1.12745929,1.11891866,1.12359548,0,
2020-07-01T23:00:00Z,1.12534034,1.13032663,1.12277555,1.12513781,0,
2020-07-02T23:00:00Z,1.12397432,1.12511253,1.12210774,1.12378490,0,
2020-07-06T23:00:00Z,1.13102973,1.13365829,1.12603736,1.13128567,0,
2020-07-07T23:00:00Z,1.12728131,1.13455868,1.12651944,1.12752283,0,
2020-07-08T23:00:00Z,1.13378680,1.13726830,1.12879550,1.13391542,0,
2020-07-09T23:00:00Z,1.12892306,1.13247716,1.12572038,1.12879550,0,
2020-07-12T23:00:00Z,1.13087630,1.13704848,1.13045442,1.13100421,0,
2020-07-13T23:00:00Z,1.13458443,1.14070618,1.13263106,1.13454962,0,
2020-07-14T23:00:00Z,1.14108360,1.14529955,1.13935447,1.14107049,0,
2020-07-15T23:00:00Z,1.14173496,1.14429963,1.13795424,1.14171934,0,
2020-07-16T23:00:00Z,1.13864994,1.14416480,1.13788939,1.13921165,0,
2020-07-19T23:00:00Z,1.14395535,1.14678907,1.14052403,1.14429569,0,
2020-07-20T23:00:00Z,1.14576411,1.14980066,1.14262211,1.14586914,0,
2020-07-21T23:00:00Z,1.15350902,1.16009283,1.15085387,1.15340257,0,
2020-07-22T23:00:00Z,1.15667117,1.16242576,1.15421462,1.15687180,0,
2020-07-23T23:00:00Z,1.15950096,1.16400886,1.15817142,1.15960848,0,
2020-07-26T23:00:00Z,1.16525674,1.17795336,1.16525674,1.16525674,0,
2020-07-27T23:00:00Z,1.17665052,1.17757893,1.17009974,1.17692757,0,
2020-07-28T23:00:00Z,1.17205811,1.17789936,1.17149520,1.17187953,0,
2020-07-29T23:00:00Z,1.17868936,1.18073511,1.17326820,1.17828655,0,
2020-07-30T23:00:00Z,1.18736649,1.19079947,1.18026125,1.18722546,0,
2020-08-02T23:00:00Z,1.17841148,1.17875874,1.17013800,1.17823100,0,
2020-08-03T23:00:00Z,1.17605543,1.18049812,1.17241538,1.17633224,0,
2020-08-04T23:00:00Z,1.18148839,1.19053292,1.17999673,1.18154430,0,
2020-08-05T23:00:00Z,1.18736649,1.19118524,1.18207502,1.18728185,0,
2020-08-06T23:00:00Z,1.18750739,1.18835413,1.17565453,1.18764842,0,
2020-08-09T23:00:00Z,1.17824483,1.18019998,1.17430019,1.17827272,0,
2020-08-10T23:00:00Z,1.17376399,1.18049812,1.17231917,1.17377782,0,
2020-08-11T23:00:00Z,1.17398453,1.18126512,1.17130303,1.17365384,0,
2020-08-13T23:00:00Z,1.18189347,1.18380046,1.17846704,1.18165588,0,
2020-08-16T23:00:00Z,1.18504477,1.18807173,1.18303990,1.18525541,0,
2020-08-17T23:00:00Z,1.18793070,1.19651580,1.18753564,1.18764842,0,
2020-08-18T23:00:00Z,1.19472885,1.19545722,1.18934345,1.19478595,0,
2020-08-19T23:00:00Z,1.18417466,1.18684494,1.18065155,1.18435001,0,
2020-08-20T23:00:00Z,1.18708456,1.18863666,1.17549002,1.18736649,0,
2020-08-23T23:00:00Z,1.17991316,1.18525541,1.17861986,1.17980182,0,
2020-08-24T23:00:00Z,1.17952347,1.18441319,1.17848086,1.17945385,0,
2020-08-25T23:00:00Z,1.18333387,1.18399239,1.17760670,1.18350196,0,
2020-08-26T23:00:00Z,1.18402052,1.18985295,1.17662287,1.18427289,0,
2020-08-27T23:00:00Z,1.18204701,1.19203711,1.18119538,1.18196321,0,
2020-08-30T23:00:00Z,1.19165373,1.19635820,1.18850946,1.19182408,0,
2020-08-31T23:00:00Z,1.19391572,1.20112908,1.19373047,1.19390154,0,
2020-09-01T23:00:00Z,1.19230723,1.19243515,1.18241048,1.19232142,0,
2020-09-02T23:00:00Z,1.18459558,1.18480599,1.17896724,1.18473589,0,
2020-09-03T23:00:00Z,1.18437099,1.18635225,1.17817545,1.18397844,0,
2020-09-06T23:00:00Z,1.18365610,1.18486214,1.18137681,1.18344593,0,
2020-09-07T23:00:00Z,1.18192136,1.18287206,1.17671978,1.18217278,0,
2020-09-08T23:00:00Z,1.17691362,1.18305397,1.17536438,1.17702448,0,
2020-09-09T23:00:00Z,1.18063760,1.19146907,1.18028915,1.18063760,0,
2020-09-13T23:00:00Z,1.18435693,1.18880057,1.18330598,1.18427289,0,
2020-09-14T23:00:00Z,1.18669009,1.19009936,1.18414664,1.18700004,0,
2020-09-15T23:00:00Z,1.18427289,1.18830049,1.18146050,1.18444121,0,
2020-09-16T23:00:00Z,1.18042850,1.18301189,1.17416370,1.18034494,0,
2020-09-17T23:00:00Z,1.18525541,1.18710005,1.18312383,1.18482006,0,
2020-09-20T23:00:00Z,1.18455338,1.18730021,1.17326820,1.18455338,0,
2020-09-21T23:00:00Z,1.17618001,1.17730165,1.16934443,1.17680001,0,
2020-09-22T23:00:00Z,1.17075455,1.17200053,1.16649365,1.17083681,0,
2020-09-23T23:00:00Z,1.16619432,1.16810012,1.16296649,1.16585445,0,
2020-09-24T23:00:00Z,1.16736507,1.16851091,1.16134584,1.16732430,0,
2020-09-27T23:00:00Z,1.16350770,1.16796505,1.16166949,1.16353488,0,
2020-09-28T23:00:00Z,1.16777408,1.17416370,1.16665697,1.16788328,0,
2020-09-29T23:00:00Z,1.17427409,1.17564070,1.16860652,1.17420506,0,
2020-09-30T23:00:00Z,1.17237413,1.17670035,1.17181087,1.17260790,0,
2020-10-01T23:00:00Z,1.17441189,1.17470026,1.16971374,1.17449462,0,
2020-10-04T23:00:00Z,1.17219555,1.17966259,1.17193043,1.17204440,0,
2020-10-05T23:00:00Z,1.17882824,1.18073511,1.17673361,1.17924535,0,
2020-10-06T23:00:00Z,1.17373657,1.17813933,1.17254055,1.17376399,0,
2020-10-07T23:00:00Z,1.17655361,1.17813385,1.17352986,1.17674744,0,
2020-10-08T23:00:00Z,1.17670596,1.18245232,1.17587566,1.17670035,0,
2020-10-11T23:00:00Z,1.18133497,1.18273211,1.17880046,1.18168390,0,
2020-10-13T23:00:00Z,1.17439818,1.17702448,1.17216802,1.17421889,0,
2020-10-14T23:00:00Z,1.17475688,1.17605543,1.16901636,1.17439818,0,
2020-10-15T23:00:00Z,1.17057645,1.17467403,1.16949487,1.17071342,0,
2020-10-18T23:00:00Z,1.17156386,1.17952347,1.17049420,1.17155015,0,
2020-10-19T23:00:00Z,1.17680287,1.18399239,1.17626297,1.17688596,0,
2020-10-20T23:00:00Z,1.18292797,1.18821287,1.18292797,1.18298399,0,
2020-10-21T23:00:00Z,1.18512905,1.18694365,1.18133497,1.18539596,0,
2020-10-22T23:00:00Z,1.18140471,1.18595827,1.17880046,1.18150246,0,
2020-10-26T00:00:00Z,1.18483412,1.18510091,1.18040061,1.18484807,0,
2020-10-27T00:00:00Z,1.18094432,1.18380046,1.17994094,1.18094432,0,
2020-10-28T00:00:00Z,1.17816162,1.17882824,1.17193043,1.17841148,0,
2020-10-29T00:00:00Z,1.17474306,1.17591727,1.16562343,1.17486727,0,
2020-10-30T00:00:00Z,1.16767859,1.17034352,1.16430700,1.16786957,0,
2020-11-02T00:00:00Z,1.16425276,1.16569948,1.16243923,1.16421211,0,
2020-11-03T00:00:00Z,1.16427994,1.17419958,1.16380560,1.16427994,0,
2020-11-04T00:00:00Z,1.17645681,1.17688596,1.16076612,1.17622149,0,
2020-11-05T00:00:00Z,1.17299306,1.18567705,1.17127562,1.17326820,0,
2020-11-06T00:00:00Z,1.18141866,1.18906057,1.17962086,1.18175375,0,
2020-11-09T00:00:00Z,1.18931520,1.19192350,1.17974615,1.18930101,0,
2020-11-10T00:00:00Z,1.18232656,1.18435693,1.17807829,1.18273211,0,
2020-11-11T00:00:00Z,1.18196321,1.18329191,1.17472923,1.18187940,0,
2020-11-12T00:00:00Z,1.17787015,1.18230009,1.17595875,1.17802978,0,
2020-11-13T00:00:00Z,1.18052602,1.18338990,1.17996883,1.18033934,0,
2020-11-16T00:00:00Z,1.18442714,1.18687320,1.18147445,1.18452537,0,
2020-11-17T00:00:00Z,1.18597233,1.18927276,1.18455338,1.18594420,0,
2020-11-18T00:00:00Z,1.18643665,1.18910027,1.18511498,1.18636632,0,
2020-11-19T00:00:00Z,1.18428695,1.18553638,1.18173981,1.18476391,0,
2020-11-20T00:00:00Z,1.18674648,1.18908894,1.18518519,1.18664777,0,
2020-11-23T00:00:00Z,1.18653524,1.19058955,1.18031704,1.18664777,0,
2020-11-24T00:00:00Z,1.18418038,1.18938589,1.18389428,1.18427289,0,
2020-11-25T00:00:00Z,1.19005120,1.19280493,1.18828356,1.19005120,0,
2020-11-26T00:00:00Z,1.19175303,1.19409978,1.18869317,1.19200027,0,
2020-11-27T00:00:00Z,1.19118524,1.19618654,1.19107175,1.19159973,0,
2020-11-30T00:00:00Z,1.19707429,1.20020640,1.19441485,1.19714606,0,
2020-12-01T00:00:00Z,1.19377327,1.20535660,1.19359946,1.19381607,0,
2020-12-02T00:00:00Z,1.20698607,1.21074164,1.20407939,1.20743787,0,
2020-12-03T00:00:00Z,1.21134305,1.21750033,1.21024346,1.21146035,0,
2020-12-04T00:00:00Z,1.21453547,1.21777463,1.21337128,1.21456504,0,
2020-12-07T00:00:00Z,1.21206248,1.21635258,1.20807970,1.21213591,0,
2020-12-08T00:00:00Z,1.21094692,1.21341550,1.20971644,1.21131361,0,
2020-12-09T00:00:00Z,1.21099091,1.21490002,1.20739400,1.21109366,0,
2020-12-11T00:00:00Z,1.21434379,1.21639705,1.21078575,1.21442938,0,
2020-12-14T00:00:00Z,1.21335661,1.21740401,1.21175396,1.21334040,0,
2020-12-15T00:00:00Z,1.21487486,1.21664858,1.21269453,1.21488965,0,
2020-12-16T00:00:00Z,1.21537685,1.22129953,1.21469784,1.21543014,0,
2020-12-17T00:00:00Z,1.21970558,1.22630024,1.21924460,1.21995854,0,
2020-12-18T00:00:00Z,1.22619641,1.22684336,1.22271812,1.22627163,0,
2020-12-21T00:00:00Z,1.22106087,1.22346616,1.21307695,1.22161281,0,
2020-12-22T00:00:00Z,1.22384048,1.22590029,1.21660423,1.22369063,0,
2020-12-23T00:00:00Z,1.21859086,1.22194123,1.21577585,1.21866512,0,
2020-12-24T00:00:00Z,1.21939325,1.22174716,1.21793783,1.21914053,0,
2020-12-25T00:00:00Z,1.21847200,1.22129953,1.21670043,1.21847200,0,
2020-12-28T00:00:00Z,1.22070312,1.22520041,1.21835327,1.22050953,0,
2020-12-29T00:00:00Z,1.22200096,1.22759938,1.22200096,1.22234452,0,
2020-12-30T00:00:00Z,1.22532499,1.23087525,1.22520494,1.22529507,0,
2020-12-31T00:00:00Z,1.22990644,1.23095095,1.22229958,1.22998965,0,
2021-01-01T00:00:00Z,1.21728539,1.22169936,1.21349943,1.21802688,0,
2021-01-04T00:00:00Z,1.22490478,1.23099947,1.21713722,1.22506976,0,
2021-01-05T00:00:00Z,1.22529507,1.22948301,1.22499478,1.22515988,0,
2021-01-06T00:00:00Z,1.22986102,1.23502529,1.22669291,1.23002744,0,
2021-01-07T00:00:00Z,1.23377585,1.23456788,1.22466469,1.23411083,0,
2021-01-08T00:00:00Z,1.22687340,1.22821462,1.22149348,1.22714448,0,
2021-01-11T00:00:00Z,1.21878386,1.21995854,1.21347439,1.21862054,0,
2021-01-12T00:00:00Z,1.21616030,1.21784878,1.21388686,1.21607018,0,
2021-01-13T00:00:00Z,1.22092664,1.22249389,1.21553946,1.22088945,0,
2021-01-14T00:00:00Z,1.21617508,1.21728539,1.21131361,1.21624911,0,
2021-01-15T00:00:00Z,1.21530008,1.21624911,1.20847380,1.21512592,0,
2021-01-18T00:00:00Z,1.20672393,1.20861983,1.20554543,1.20681131,0,
2021-01-20T00:00:00Z,1.21394587,1.21600056,1.20777321,1.21388686,0,
2021-01-21T00:00:00Z,1.21153378,1.21719646,1.21099091,1.21156311,0,
2021-01-22T00:00:00Z,1.21661901,1.21880031,1.21519971,1.21662939,0,
2021-01-25T00:00:00Z,1.21685588,1.21859980,1.21172464,1.21694469,0,
2021-01-26T00:00:00Z,1.21432912,1.21750033,1.21084440,1.21462405,0,
2021-01-27T00:00:00Z,1.21632302,1.21713722,1.20619988,1.21629930,0,
2021-01-28T00:00:00Z,1.21047783,1.21439981,1.20824015,1.21050727,0,
2021-01-29T00:00:00Z,1.21213591,1.21570051,1.20959938,1.21200371,0,
2021-02-01T00:00:00Z,1.21228278,1.21360695,1.20691323,1.21238577,0,
2021-02-02T00:00:00Z,1.20676756,1.20879519,1.20183647,1.20686948,0,
2021-02-03T00:00:00Z,1.20390546,1.20499933,1.20049465,1.20390546,0,
2021-02-04T00:00:00Z,1.20418096,1.20438397,1.19671619,1.20423889,0,
2021-02-05T00:00:00Z,1.19674480,1.20397794,1.19535720,1.19667315,0,
2021-02-08T00:00:00Z,1.20493543,1.20685494,1.20213985,1.20487738,0,
2021-02-09T00:00:00Z,1.20525491,1.21147513,1.20501959,1.20535958,0,
2021-02-10T00:00:00Z,1.21169519,1.21437335,1.21102035,1.21199930,0,
2021-02-11T00:00:00Z,1.21194494,1.21509933,1.21143115,1.21212125,0,
2021-02-12T00:00:00Z,1.21300340,1.21359229,1.20839930,1.21315062,0,
2021-02-15T00:00:00Z,1.21210647,1.21469939,1.21173930,1.21220934,0,
2021-02-16T00:00:00Z,1.21323884,1.21710026,1.20958471,1.21321964,0,
2021-02-17T00:00:00Z,1.20885372,1.20983350,1.20255899,1.20924830,0,
2021-02-18T00:00:00Z,1.20458698,1.20890033,1.20363009,1.20480049,0,
2021-02-19T00:00:00Z,1.20917523,1.21477163,1.20829999,1.20918977,0,
2021-02-22T00:00:00Z,1.21244454,1.21550989,1.20921910,1.21263564,0,
2021-02-23T00:00:00Z,1.21669304,1.21787846,1.21368062,1.21667969,0,
2021-02-24T00:00:00Z,1.21519971,1.21740401,1.21113026,1.21521449,0,
2021-02-25T00:00:00Z,1.21695065,1.22415507,1.21565771,1.21713722,0,
2021-02-26T00:00:00Z,1.21601248,1.21824932,1.20917523,1.21604204,0,
2021-03-01T00:00:00Z,1.20909047,1.21015561,1.20299304,1.20895600,0,
2021-03-02T00:00:00Z,1.20490634,1.20803583,1.19940031,1.20510960,0,
2021-03-03T00:00:00Z,1.20850301,1.21104956,1.20447099,1.20854676,0,
2021-03-04T00:00:00Z,1.20483375,1.20640063,1.20250118,1.20506608,0,
2021-03-05T00:00:00Z,1.19685936,1.19685936,1.18979621,1.19677353,0,
2021-03-08T00:00:00Z,1.19246364,1.19321775,1.18483412,1.19256318,0,
2021-03-09T00:00:00Z,1.18519926,1.19159973,1.18361413,1.18517113,0,
2021-03-10T00:00:00Z,1.18966889,1.19250631,1.18700004,1.18979061,0,
2021-03-11T00:00:00Z,1.19274807,1.19777691,1.19171047,1.19260585,0,
2021-03-12T00:00:00Z,1.19816446,1.19904077,1.19105756,1.19860959,0,
2021-03-15T00:00:00Z,1.19511437,1.19654441,1.19118524,1.19500005,0,
2021-03-16T00:00:00Z,1.19273388,1.19530010,1.18843889,1.19257736,0,
2021-03-17T00:00:00Z,1.19020975,1.19180000,1.18876374,1.19016457,0,
2021-03-18T00:00:00Z,1.19806385,1.19909978,1.19101501,1.19827926,0,
2021-03-19T00:00:00Z,1.19176733,1.19374478,1.18749332,1.19182408,0,
2021-03-22T00:00:00Z,1.18845296,1.19374478,1.18760622,1.18831170,0,
2021-03-23T00:00:00Z,1.19333172,1.19431508,1.18643665,1.19330311,0,
2021-03-24T00:00:00Z,1.18411863,1.18511498,1.18133497,1.18402052,0,
2021-03-25T00:00:00Z,1.18137681,1.18301189,1.17752337,1.18130696,0,
2021-03-26T00:00:00Z,1.17760670,1.18040061,1.17726004,1.17766213,0,
2021-03-28T23:00:00Z,1.17876017,1.17935658,1.17618001,1.17880046,0,
2021-03-29T23:00:00Z,1.17691362,1.17757893,1.17131686,1.17710066,0,
2021-03-30T23:00:00Z,1.17233300,1.17586184,1.17045307,1.17236042,0,
2021-03-31T23:00:00Z,1.17289662,1.17757893,1.17148149,1.17288303,0,
2021-04-01T23:00:00Z,1.17777312,1.17870045,1.17514336,1.17799497,0,
2021-04-04T23:00:00Z,1.17663670,1.18161404,1.17394316,1.17681670,0,
2021-04-05T23:00:00Z,1.18190730,1.18553638,1.17964864,1.18189347,0,
2021-04-06T23:00:00Z,1.18754971,1.19146907,1.18653524,1.18742287,0,
2021-04-07T23:00:00Z,1.18719721,1.19148326,1.18618333,1.18736649,0,
2021-04-08T23:00:00Z,1.19156849,1.19232142,1.18685913,1.19156849,0,
2021-04-11T23:00:00Z,1.18964064,1.19203711,1.18733823,1.19005120,0,
2021-04-12T23:00:00Z,1.19121361,1.19531441,1.18843043,1.19146907,0,
2021-04-13T23:00:00Z,1.19574308,1.19819307,1.19518578,1.19541430,0,
2021-04-14T23:00:00Z,1.19823623,1.19931400,1.19578612,1.19860959,0,
2021-04-15T23:00:00Z,1.19707429,1.19947219,1.19509006,1.19717467,0,
2021-04-18T23:00:00Z,1.19683075,1.20481932,1.19434357,1.19694543,0,
2021-04-19T23:00:00Z,1.20438397,1.20816720,1.20287728,1.20452905,0,
2021-04-20T23:00:00Z,1.20325363,1.20452905,1.20000041,1.20323920,0,
2021-04-21T23:00:00Z,1.20381844,1.20700061,1.20039368,1.20377505,0,
2021-04-22T23:00:00Z,1.20179307,1.20779943,1.20138884,1.20147538,0,
2021-04-25T23:00:00Z,1.20895600,1.21182740,1.20637441,1.20898521,0,
2021-04-26T23:00:00Z,1.20792055,1.20918977,1.20579255,1.20816720,0,
2021-04-27T23:00:00Z,1.20885372,1.21021414,1.20576358,1.20903051,0,
2021-04-28T23:00:00Z,1.21357751,1.21521449,1.21041930,1.21359229,0,
2021-04-29T23:00:00Z,1.21248865,1.21285629,1.20247233,1.21270919,0,
2021-05-02T23:00:00Z,1.20264578,1.20779943,1.20148981,1.20277607,0,
2021-05-03T23:00:00Z,1.20598161,1.20630026,1.20000482,1.20612717,0,
2021-05-04T23:00:00Z,1.20163429,1.20293510,1.19872463,1.20150435,0,
2021-05-05T23:00:00Z,1.20091271,1.20700061,1.19940031,1.20079732,0,
2021-05-06T23:00:00Z,1.20659280,1.21654499,1.20534217,1.20685494,0,
2021-05-09T23:00:00Z,1.21675217,1.21773016,1.21373951,1.21710765,0,
2021-05-10T23:00:00Z,1.21421111,1.21796751,1.21254742,1.21409321,0,
2021-05-11T23:00:00Z,1.21455026,1.21506679,1.20681131,1.21445000,0,
2021-05-12T23:00:00Z,1.20768571,1.21065378,1.20531297,1.20785058,0,
2021-05-13T23:00:00Z,1.20802128,1.21477163,1.20714629,1.20772946,0,
2021-05-16T23:00:00Z,1.21475685,1.21699953,1.21275330,1.21503735,0,
2021-05-17T23:00:00Z,1.21552467,1.22324157,1.21540654,1.21568727,0,
2021-05-18T23:00:00Z,1.22264338,1.22479975,1.21918511,1.22239971,0,
2021-05-19T23:00:00Z,1.21728539,1.22290051,1.21709287,1.21728539,0,
2021-05-20T23:00:00Z,1.22279286,1.22420001,1.21737444,1.22253871,0,
2021-05-23T23:00:00Z,1.21811581,1.22294235,1.21758187,1.21832359,0,
2021-05-24T23:00:00Z,1.22144866,1.22670031,1.22123981,1.22146356,0,
2021-05-25T23:00:00Z,1.22488976,1.22650027,1.22000313,1.22490931,0,
2021-05-26T23:00:00Z,1.21903646,1.22169936,1.21756709,1.21925950,0,
2021-05-27T23:00:00Z,1.21927428,1.22010744,1.21334195,1.21931887,0,
2021-05-30T23:00:00Z,1.21900678,1.22339129,1.21841264,1.21900678,0,
2021-05-31T23:00:00Z,1.22340620,1.22541511,1.22146356,1.22328651,0,
2021-06-01T23:00:00Z,1.22180688,1.22294235,1.21657467,1.22177696,0,
2021-06-02T23:00:00Z,1.22115040,1.22159791,1.21209037,1.22098625,0,
2021-06-03T23:00:00Z,1.21302986,1.21876907,1.21055114,1.21330070,0,
2021-06-06T23:00:00Z,1.21657467,1.22019970,1.21450603,1.21684110,0,
2021-06-07T23:00:00Z,1.21896219,1.21966100,1.21666348,1.21936345,0,
2021-06-08T23:00:00Z,1.21718180,1.22189939,1.21718180,1.21728539,0,
2021-06-09T23:00:00Z,1.21773016,1.21921480,1.21453547,1.21820045,0,
2021-06-10T23:00:00Z,1.21731508,1.21950030,1.20949984,1.21725583,0,
2021-06-13T23:00:00Z,1.21107900,1.21315062,1.20952618,1.21102035,0,
2021-06-14T23:00:00Z,1.21241510,1.21491921,1.21028745,1.21222401,0,
2021-06-15T23:00:00Z,1.21254742,1.21349943,1.21103501,1.21270919,0,
2021-06-16T23:00:00Z,1.19918454,1.20076859,1.19070303,1.19955862,0,
2021-06-17T23:00:00Z,1.19132710,1.19274807,1.18511498,1.19134140,0,
2021-06-20T23:00:00Z,1.18690133,1.19205141,1.18487620,1.18736649,0,
2021-06-21T23:00:00Z,1.19115686,1.19175303,1.18824124,1.19125617,0,
2021-06-22T23:00:00Z,1.19374478,1.19699991,1.19158268,1.19367349,0,
2021-06-23T23:00:00Z,1.19316077,1.19567168,1.19199455,1.19331741,0,
2021-06-24T23:00:00Z,1.19279075,1.19744706,1.19279075,1.19303274,0,
2021-06-27T23:00:00Z,1.19421530,1.19460034,1.19046199,1.19421530,0,
2021-06-28T23:00:00Z,1.19303274,1.19303274,1.18804359,1.19289041,0,
2021-06-29T23:00:00Z,1.18999445,1.19104326,1.18458152,1.19019282,0,
2021-06-30T23:00:00Z,1.18553638,1.18839931,1.18381023,1.18567705,0,
2021-07-01T23:00:00Z,1.18470776,1.18609893,1.18193531,1.18462360,0,
2021-07-04T23:00:00Z,1.18559265,1.18820024,1.18520069,1.18562078,0,
2021-07-05T23:00:00Z,1.18614960,1.18962646,1.18149960,1.18638039,0,
2021-07-06T23:00:00Z,1.18203306,1.18413258,1.17824483,1.18245232,0,
2021-07-07T23:00:00Z,1.17935658,1.18663383,1.17842531,1.17933989,0,
2021-07-08T23:00:00Z,1.18469381,1.18746507,1.18252230,1.18480039,0,
2021-07-11T23:00:00Z,1.18736649,1.18821287,1.18367016,1.18729591,0,
2021-07-12T23:00:00Z,1.18649304,1.18778956,1.17934263,1.18652105,0,
2021-07-13T23:00:00Z,1.17744017,1.18280065,1.17726004,1.17753732,0,
2021-07-14T23:00:00Z,1.18333387,1.18511498,1.18059576,1.18333387,0,
2021-07-15T23:00:00Z,1.18130696,1.18230009,1.17939961,1.18118143,0,
2021-07-18T23:00:00Z,1.18115354,1.18232656,1.17642903,1.18140054,0,
2021-07-19T23:00:00Z,1.17924535,1.18040061,1.17570984,1.17938435,0,
2021-07-20T23:00:00Z,1.17855036,1.18027520,1.17536438,1.17841148,0,
2021-07-21T23:00:00Z,1.17952347,1.18298399,1.17666435,1.17927301,0,
2021-07-22T23:00:00Z,1.17735708,1.17855036,1.17559934,1.17727387,0,
2021-07-25T23:00:00Z,1.17730165,1.18175375,1.17645681,1.17734325,0,
2021-07-26T23:00:00Z,1.18063760,1.18371212,1.17717695,1.18077695,0,
2021-07-27T23:00:00Z,1.18223989,1.18301189,1.17857814,1.18231261,0,
2021-07-28T23:00:00Z,1.18467975,1.18920207,1.18417466,1.18459558,0,
2021-07-29T23:00:00Z,1.18920207,1.19110012,1.18555045,1.18929970,0,
2021-08-01T23:00:00Z,1.18653524,1.18989968,1.18595827,1.18670416,0,
2021-08-02T23:00:00Z,1.18749332,1.18959951,1.18556464,1.18746507,0,
2021-08-03T23:00:00Z,1.18691540,1.19019985,1.18343186,1.18694365,0,
2021-08-04T23:00:00Z,1.18399239,1.18590057,1.18298399,1.18374014,0,
2021-08-05T23:00:00Z,1.18331993,1.18357205,1.17564070,1.18357205,0,
2021-08-08T23:00:00Z,1.17508817,1.17716300,1.17417753,1.17495000,0,
2021-08-09T23:00:00Z,1.17390049,1.17439950,1.17106986,1.17384672,0,
2021-08-10T23:00:00Z,1.17197573,1.17468786,1.17064488,1.17233300,0,
2021-08-11T23:00:00Z,1.17420506,1.17510056,1.17251170,1.17418993,0,
2021-08-12T23:00:00Z,1.17361248,1.18030035,1.17310309,1.17362618,0,
2021-08-15T23:00:00Z,1.17963469,1.18035889,1.17680287,1.17946780,0,
2021-08-16T23:00:00Z,1.17799497,1.17841148,1.17105615,1.17799497,0,
2021-08-17T23:00:00Z,1.17096019,1.17310035,1.16968644,1.17097390,0,
2021-08-18T23:00:00Z,1.17038453,1.17068601,1.16687477,1.17032981,0,
2021-08-19T23:00:00Z,1.16767859,1.16909969,1.16649365,1.16765952,0,
2021-08-22T23:00:00Z,1.16997385,1.17432916,1.16956055,1.16975486,0,
2021-08-23T23:00:00Z,1.17467403,1.17648447,1.17281413,1.17445338,0,
2021-08-24T23:00:00Z,1.17550254,1.17605543,1.17285538,1.17530918,0,
2021-08-25T23:00:00Z,1.17730021,1.17813385,1.17478442,1.17744017,0,
2021-08-26T23:00:00Z,1.17529535,1.18035889,1.17359877,1.17564070,0,
2021-08-29T23:00:00Z,1.17999673,1.18119538,1.17845321,1.17990065,0,
2021-08-30T23:00:00Z,1.17994094,1.18455338,1.17964864,1.17969048,0,
2021-08-31T23:00:00Z,1.18119538,1.18600047,1.17950964,1.18102801,0,
2021-09-01T23:00:00Z,1.18423069,1.18722546,1.18347955,1.18409061,0,
2021-09-02T23:00:00Z,1.18742287,1.19075966,1.18681693,1.18764842,0,
2021-09-05T23:00:00Z,1.18859422,1.18863666,1.18570518,1.18859422,0,
2021-09-06T23:00:00Z,1.18739462,1.18877792,1.18382978,1.18750739,0,
2021-09-07T23:00:00Z,1.18455338,1.18540013,1.18031704,1.18435693,0,
2021-09-08T23:00:00Z,1.18203306,1.18413258,1.18060970,1.18191016,0,
2021-09-09T23:00:00Z,1.18235457,1.18530035,1.18193531,1.18259227,0,
2021-09-12T23:00:00Z,1.18125117,1.18175375,1.17706048,1.18119538,0,
2021-09-13T23:00:00Z,1.18106985,1.18469942,1.18019998,1.18119538,0,
2021-09-14T23:00:00Z,1.18035889,1.18330026,1.18009973,1.18049812,0,
2021-09-15T23:00:00Z,1.18193531,1.18231261,1.17517102,1.18199956,0,
2021-09-16T23:00:00Z,1.17648447,1.17896724,1.17296553,1.17674744,0,
2021-09-19T23:00:00Z,1.17288303,1.17370892,1.17005599,1.17299306,0,
2021-09-20T23:00:00Z,1.17256665,1.17489481,1.17159128,1.17302048,0,
2021-09-21T23:00:00Z,1.17260790,1.17445338,1.17171478,1.17229164,0,
2021-09-22T23:00:00Z,1.16889346,1.17510056,1.16841948,1.16877043,0,
2021-09-23T23:00:00Z,1.17417753,1.17481208,1.17016554,1.17402589,0,
2021-09-26T23:00:00Z,1.17220926,1.17280042,1.16866124,1.17230546,0,
2021-09-27T23:00:00Z,1.16960430,1.17059970,1.16699731,1.16967952,0,
2021-09-28T23:00:00Z,1.16868842,1.16919959,1.16100872,1.16863382,0,
2021-09-29T23:00:00Z,1.16022742,1.16117048,1.15700567,1.16016018,0,
2021-09-30T23:00:00Z,1.15742075,1.16089952,1.15639019,1.15744758,0,
2021-10-03T23:00:00Z,1.16072571,1.16400886,1.15885603,1.16072571,0,
2021-10-04T23:00:00Z,1.16165602,1.16225004,1.15830564,1.16184497,0,
2021-10-05T23:00:00Z,1.15951443,1.15995824,1.15301681,1.15960848,0,
2021-10-06T23:00:00Z,1.15553498,1.15713954,1.15493453,1.15553498,0,
2021-10-07T23:00:00Z,1.15592241,1.15837276,1.15425456,1.15597582,0,
2021-10-10T23:00:00Z,1.15659082,1.15874863,1.15529466,1.15660417,0,
2021-10-11T23:00:00Z,1.15529466,1.15700567,1.15338922,1.15537477,0,
2021-10-12T23:00:00Z,1.15309668,1.15790057,1.15305674,1.15340257,0,
2021-10-13T23:00:00Z,1.15995824,1.16250002,1.15846658,1.15995824,0,
2021-10-14T23:00:00Z,1.15907085,1.16198003,1.15888286,1.15915155,0,
2021-10-17T23:00:00Z,1.15959501,1.16121089,1.15730023,1.15970266,0,
2021-10-19T23:00:00Z,1.16338587,1.16540062,1.16180456,1.16319644,0,
2021-10-20T23:00:00Z,1.16524315,1.16699731,1.16331828,1.16550124,0,
2021-10-21T23:00:00Z,1.16258800,1.16540611,1.16223669,1.16253388,0,
2021-10-24T23:00:00Z,1.16413081,1.16686118,1.15932620,1.16400886,0,
2021-10-25T23:00:00Z,1.16117048,1.16290021,1.15858746,1.16117048,0,
2021-10-26T23:00:00Z,1.15982366,1.16243923,1.15853369,1.15982366,0,
2021-10-27T23:00:00Z,1.15989101,1.16931713,1.15831912,1.16001201,0,
2021-10-28T23:00:00Z,1.16837442,1.16918039,1.15466774,1.16836083,0,
2021-11-01T00:00:00Z,1.15593565,1.15932620,1.15466774,1.15566850,0,
2021-11-02T00:00:00Z,1.16017354,1.16149950,1.15791667,1.15995824,0,
2021-11-03T00:00:00Z,1.15807760,1.15990043,1.15636349,1.15794349,0,
2021-11-04T00:00:00Z,1.16157508,1.16171002,1.15292382,1.16157508,0,
2021-11-05T00:00:00Z,1.15566850,1.15647042,1.15141046,1.15553498,0,
2021-11-08T00:00:00Z,1.15684509,1.15955472,1.15517461,1.15688515,0,
2021-11-09T00:00:00Z,1.15886939,1.16090083,1.15701902,1.15915155,0,
2021-11-10T00:00:00Z,1.15936649,1.15982366,1.15134418,1.15955472,0,
2021-11-11T00:00:00Z,1.14856720,1.14916110,1.14548850,1.14859354,0,
2021-11-12T00:00:00Z,1.14478040,1.14598739,1.14340591,1.14508188,0,
2021-11-15T00:00:00Z,1.14423025,1.14642084,1.14169586,1.14416480,0,
2021-11-16T00:00:00Z,1.13673818,1.13870060,1.13306737,1.13664782,0,
2021-11-17T00:00:00Z,1.13161850,1.13340008,1.12705266,1.13211823,0,
2021-11-18T00:00:00Z,1.13181067,1.13597643,1.13150334,1.13211823,0,
2021-11-19T00:00:00Z,1.13700974,1.13700974,1.12523913,1.13684154,0,
2021-11-22T00:00:00Z,1.12757373,1.12905049,1.12382281,1.12757373,0,
2021-11-23T00:00:00Z,1.12435353,1.12734485,1.12271249,1.12421453,0,
2021-11-24T00:00:00Z,1.12439144,1.12545443,1.11878097,1.12449265,0,
2021-11-26T00:00:00Z,1.12090039,1.13220024,1.12079978,1.12096310,0,
2021-11-29T00:00:00Z,1.12911427,1.12980056,1.12588525,1.12931824,0,
2021-11-30T00:00:00Z,1.12935650,1.13817441,1.12460637,1.12934375,0,
2021-12-01T00:00:00Z,1.13300323,1.13584733,1.13041604,1.13302898,0,
2021-12-02T00:00:00Z,1.13196445,1.13481617,1.13018620,1.13195157,0,
2021-12-03T00:00:00Z,1.13068449,1.13318300,1.12673521,1.13062060,0,
2021-12-06T00:00:00Z,1.13026273,1.13100040,1.12690020,1.13047993,0,
2021-12-07T00:00:00Z,1.12845159,1.12994349,1.12312853,1.12866819,0,
2021-12-08T00:00:00Z,1.12730670,1.13390255,1.12696373,1.12765002,0,
2021-12-09T00:00:00Z,1.13440430,1.13455868,1.12794256,1.13455868,0,
2021-12-10T00:00:00Z,1.12940753,1.13225925,1.12673521,1.12933099,0,
2021-12-13T00:00:00Z,1.13111937,1.13160574,1.12635446,1.13118339,0,
2021-12-14T00:00:00Z,1.12833714,1.13275945,1.12665904,1.12854075,0,
2021-12-15T00:00:00Z,1.12587261,1.12780011,1.12492263,1.12612617,0,
2021-12-16T00:00:00Z,1.12930548,1.13636363,1.12820983,1.12907588,0,
2021-12-17T00:00:00Z,1.13354266,1.13490629,1.12683666,1.13341415,0,
2021-12-20T00:00:00Z,1.12425232,1.13045442,1.12373435,1.12435353,0,
2021-12-21T00:00:00Z,1.12767541,1.13032663,1.12617683,1.12775171,0,
2021-12-22T00:00:00Z,1.12905049,1.13419962,1.12653208,1.12875736,0,
2021-12-23T00:00:00Z,1.13301611,1.13455868,1.12915242,1.13288772,0,
2021-12-24T00:00:00Z,1.13246441,1.13442993,1.13083792,1.13273370,0,
2021-12-27T00:00:00Z,1.13238740,1.13350022,1.13041604,1.13242590,0,
2021-12-28T00:00:00Z,1.13297760,1.13360047,1.12903774,1.13300323,0,
2021-12-29T00:00:00Z,1.13133693,1.13700056,1.12753558,1.13147771,0,
2021-12-31T00:00:00Z,1.13232327,1.13791537,1.13050556,1.13250279,0,
2022-01-03T00:00:00Z,1.13738465,1.13759172,1.12854075,1.13734591,0,
2022-01-04T00:00:00Z,1.13019884,1.13230014,1.12734485,1.13022447,0,
2022-01-05T00:00:00Z,1.12854075,1.13455868,1.12776446,1.12836254,0,
2022-01-06T00:00:00Z,1.13122177,1.13306737,1.12855351,1.13134968,0,
2022-01-07T00:00:00Z,1.12958610,1.13597643,1.12905049,1.12968814,0,
2022-01-10T00:00:00Z,1.13534439,1.13597643,1.12883377,1.13539600,0,
2022-01-11T00:00:00Z,1.13327289,1.13689971,1.13155448,1.13304174,0,
2022-01-12T00:00:00Z,1.13700974,1.14330006,1.13557649,1.13664782,0,
2022-01-13T00:00:00Z,1.14398146,1.14790797,1.14364135,1.14416480,0,
2022-01-14T00:00:00Z,1.14565909,1.14836931,1.14100540,1.14571154,0,
2022-01-17T00:00:00Z,1.14121377,1.14345837,1.13931549,1.14107049,0,
2022-01-18T00:00:00Z,1.14129186,1.14233494,1.13296473,1.14105749,0,
2022-01-19T00:00:00Z,1.13300323,1.13567960,1.13195157,1.13296473,0,
2022-01-20T00:00:00Z,1.13435268,1.13689339,1.13301611,1.13433993,0,
2022-01-21T00:00:00Z,1.13154173,1.13610542,1.13022447,1.13137531,0,
2022-01-25T00:00:00Z,1.13238740,1.13250279,1.12668443,1.13241303,0,
2022-01-26T00:00:00Z,1.13035226,1.13134968,1.12720513,1.13045442,0,
2022-01-27T00:00:00Z,1.12422705,1.12447989,1.11335015,1.12435353,0,
2022-01-28T00:00:00Z,1.11461592,1.11700642,1.11233473,1.11470294,0,
2022-01-31T00:00:00Z,1.11513805,1.12169242,1.11450410,1.11523747,0,
2022-02-01T00:00:00Z,1.12291420,1.12790430,1.12220848,1.12296462,0,
2022-02-02T00:00:00Z,1.12730670,1.13293910,1.12669706,1.12739563,0,
2022-02-03T00:00:00Z,1.12999463,1.14506876,1.12720513,1.12999463,0,
2022-02-04T00:00:00Z,1.14351058,1.14836931,1.14134407,1.14357591,0,
2022-02-07T00:00:00Z,1.14546227,1.14600039,1.14166987,1.14551473,0,
2022-02-08T00:00:00Z,1.14408624,1.14508188,1.13970506,1.14429569,0,
2022-02-09T00:00:00Z,1.14211309,1.14470041,1.14032888,1.14212620,0,
2022-02-10T00:00:00Z,1.14212620,1.14942527,1.13808370,1.14215219,0,
2022-02-11T00:00:00Z,1.14117467,1.14190054,1.13712597,1.14155257,0,
2022-02-14T00:00:00Z,1.13658321,1.13689339,1.12927997,1.13650572,0,
2022-02-15T00:00:00Z,1.13060784,1.13688040,1.13058221,1.13063347,0,
2022-02-16T00:00:00Z,1.13556361,1.13931549,1.13454580,1.13567960,0,
2022-02-17T00:00:00Z,1.13733292,1.13869274,1.13275945,1.13752699,0,
2022-02-18T00:00:00Z,1.13638937,1.13766932,1.13158011,1.13664782,0,
2022-02-21T00:00:00Z,1.13173378,1.13856316,1.13141370,1.13172102,0,
2022-02-22T00:00:00Z,1.13096583,1.13637662,1.12891018,1.13096583,0,
2022-02-23T00:00:00Z,1.13305461,1.13597643,1.13073564,1.13291335,0,
2022-02-24T00:00:00Z,1.13059497,1.13059497,1.11104941,1.13056946,0,
2022-02-25T00:00:00Z,1.11908150,1.12660825,1.11680686,1.11906898,0,
2022-02-28T00:00:00Z,1.11810541,1.12445462,1.11431789,1.11810541,0,
2022-03-01T00:00:00Z,1.12146592,1.12321687,1.11021054,1.12159181,0,
2022-03-02T00:00:00Z,1.11310232,1.11419368,1.10585213,1.11327589,0,
2022-03-03T00:00:00Z,1.11135805,1.11160517,1.10398424,1.11123455,0,
2022-03-04T00:00:00Z,1.10692942,1.10692942,1.08900428,1.10668445,0,
2022-03-07T00:00:00Z,1.08739388,1.09307539,1.08085907,1.08745301,0,
2022-03-08T00:00:00Z,1.08695650,1.09221578,1.08511651,1.08653128,0,
2022-03-09T00:00:00Z,1.09008455,1.10911477,1.08978760,1.08982325,0,
2022-03-10T00:00:00Z,1.10733390,1.11161745,1.09821320,1.10738289,0,
2022-03-11T00:00:00Z,1.10121238,1.10419154,1.09346974,1.10139441,0,
2022-03-14T00:00:00Z,1.09325469,1.09869587,1.09025097,1.09320676,0,
2022-03-15T00:00:00Z,1.09453499,1.10183120,1.09394825,1.09431934,0,
2022-03-16T00:00:00Z,1.09673166,1.10387456,1.09557819,1.09693635,0,
2022-03-17T00:00:00Z,1.10224426,1.11104941,1.10212266,1.10219550,0,
2022-03-18T00:00:00Z,1.10989022,1.11179054,1.10053372,1.10995185,0,
2022-03-21T00:00:00Z,1.10421598,1.10667217,1.10260880,1.10431349,0,
2022-03-22T00:00:00Z,1.10163701,1.10456955,1.09615469,1.10172200,0,
2022-03-23T00:00:00Z,1.10301006,1.10420012,1.09657538,1.10297358,0,
2022-03-24T00:00:00Z,1.10063064,1.10133374,1.09699643,1.10063064,0,
2022-03-25T00:00:00Z,1.10089719,1.10387456,1.09829760,1.10095787,0,
2022-03-27T23:00:00Z,1.09818912,1.09967446,1.09453499,1.09818912,0,
2022-03-28T23:00:00Z,1.09938431,1.11363530,1.09704459,1.09938431,0,
2022-03-29T23:00:00Z,1.10915160,1.11700010,1.10890555,1.10915160,0,
2022-03-30T23:00:00Z,1.11618352,1.11830556,1.10740018,1.11618352,0,
2022-03-31T23:00:00Z,1.10723579,1.10754240,1.10297358,1.10723579,0,
2022-04-03T23:00:00Z,1.10472822,1.10570550,1.09809268,1.10472822,0,
2022-04-04T23:00:00Z,1.09758639,1.09914267,1.09213233,1.09758639,0,
2022-04-05T23:00:00Z,1.09064329,1.09374487,1.08757126,1.09064329,0,
2022-04-06T23:00:00Z,1.08982325,1.09350574,1.08672035,1.08982325,0,
2022-04-07T23:00:00Z,1.08648407,1.08919406,1.08369362,1.08648407,0,
2022-04-10T23:00:00Z,1.08849466,1.09327853,1.08746481,1.08849466,0,
2022-04-11T23:00:00Z,1.08779597,1.09039366,1.08518720,1.08779597,0,
2022-04-12T23:00:00Z,1.08261430,1.08738196,1.08103430,1.08261430,0,
2022-04-13T23:00:00Z,1.08965695,1.09226346,1.07585883,1.08965695,0,
2022-04-14T23:00:00Z,1.08209884,1.08234477,1.07987869,1.08209884,0,
2022-04-17T23:00:00Z,1.08152544,1.08158386,1.07836473,1.08152544,0,
2022-04-18T23:00:00Z,1.07817876,1.08120966,1.07619452,1.07817876,0,
2022-04-19T23:00:00Z,1.07944727,1.08672035,1.07848108,1.07944727,0,
2022-04-20T23:00:00Z,1.08498704,1.09346974,1.08243859,1.08498704,0,
2022-04-21T23:00:00Z,1.08351755,1.08542275,1.07728434,1.08351755,0,
2022-04-24T23:00:00Z,1.08110452,1.08122134,1.07003367,1.08110452,0,
2022-04-25T23:00:00Z,1.07142091,1.07388318,1.06446397,1.07142091,0,
2022-04-26T23:00:00Z,1.06436193,1.06564367,1.05166852,1.06436193,0,
2022-04-27T23:00:00Z,1.05550921,1.05622268,1.04728484,1.05550921,0,
2022-05-01T23:00:00Z,1.05359650,1.05676961,1.05039811,1.05359650,0,
2022-05-02T23:00:00Z,1.05090582,1.05776453,1.04943907,1.05090582,0,
2022-05-03T23:00:00Z,1.05285323,1.05663574,1.05065191,1.05285323,0,
2022-05-04T23:00:00Z,1.06224775,1.06399965,1.05046427,1.06224775,0,
2022-05-05T23:00:00Z,1.05397403,1.05983853,1.04853678,1.05397403,0,
2022-05-08T23:00:00Z,1.05321920,1.05721653,1.04965937,1.05321920,0,
2022-05-09T23:00:00Z,1.05657983,1.05858195,1.05273128,1.05657983,0,
2022-05-10T23:00:00Z,1.05329680,1.05756319,1.05070710,1.05329680,0,
2022-05-11T23:00:00Z,1.05124831,1.05297518,1.03735518,1.05124831,0,
2022-05-12T23:00:00Z,1.03795815,1.04193807,1.03519666,1.03795815,0,
2022-05-15T23:00:00Z,1.04006326,1.04379773,1.03913379,1.04006326,0,
2022-05-16T23:00:00Z,1.04389584,1.05537558,1.04324245,1.04389584,0,
2022-05-17T23:00:00Z,1.05478561,1.05641246,1.04924095,1.05478561,0,
2022-05-18T23:00:00Z,1.04727399,1.05980480,1.04660535,1.04727399,0,
2022-05-19T23:00:00Z,1.05789876,1.05988348,1.05410731,1.05789876,0,
2022-05-22T23:00:00Z,1.05698192,1.06902707,1.05687022,1.05698192,0,
2022-05-23T23:00:00Z,1.06820488,1.07463336,1.06620038,1.06820488,0,
2022-05-24T23:00:00Z,1.07365251,1.07365251,1.06440723,1.07365251,0,
2022-05-25T23:00:00Z,1.06866145,1.07286930,1.06645048,1.06866145,0,
2022-05-26T23:00:00Z,1.07329535,1.07650745,1.06980479,1.07329535,0,
2022-05-29T23:00:00Z,1.07314563,1.07851589,1.07274270,1.07314563,0,
2022-05-30T23:00:00Z,1.07735395,1.07749331,1.06821632,1.07735395,0,
2022-05-31T23:00:00Z,1.07341051,1.07366407,1.06317377,1.07341051,0,
2022-06-01T23:00:00Z,1.06541657,1.07384861,1.06456590,1.06541657,0,
2022-06-02T23:00:00Z,1.07510698,1.07654214,1.07066381,1.07510698,0,
2022-06-05T23:00:00Z,1.07260466,1.07526886,1.06860435,1.07260466,0,
2022-06-06T23:00:00Z,1.06914139,1.07089317,1.06528044,1.06914139,0,
2022-06-07T23:00:00Z,1.06986201,1.07482970,1.06732702,1.06986201,0,
2022-06-08T23:00:00Z,1.07176542,1.07700598,1.06471324,1.07176542,0,
2022-06-09T23:00:00Z,1.06192052,1.06421471,1.05077338,1.06192052,0,
2022-06-12T23:00:00Z,1.04899871,1.04975855,1.04190540,1.04899871,0,
2022-06-13T23:00:00Z,1.04151475,1.04823995,1.03982532,1.04151475,0,
2022-06-14T23:00:00Z,1.04405928,1.05071819,1.03862655,1.04405928,0,
2022-06-15T23:00:00Z,1.04562044,1.05303061,1.03825986,1.04562044,0,
2022-06-16T23:00:00Z,1.05468547,1.05517519,1.04456091,1.05468547,0,
2022-06-19T23:00:00Z,1.04914176,1.05451858,1.04863572,1.04914176,0,
2022-06-20T23:00:00Z,1.05207789,1.05818987,1.05142522,1.05207789,0,
2022-06-21T23:00:00Z,1.05326355,1.06028795,1.04718614,1.05326355,0,
2022-06-22T23:00:00Z,1.05641246,1.05806673,1.04844880,1.05641246,0,
2022-06-23T23:00:00Z,1.05201149,1.05691481,1.05136991,1.05201149,0,
2022-06-26T23:00:00Z,1.05661333,1.06142461,1.05508602,1.05661333,0,
2022-06-27T23:00:00Z,1.05808914,1.06050158,1.05057466,1.05808914,0,
2022-06-28T23:00:00Z,1.05235457,1.05362976,1.04680252,1.05235457,0,
2022-06-29T23:00:00Z,1.04465914,1.04787755,1.03838933,1.04465914,0,
2022-06-30T23:00:00Z,1.04776776,1.04778969,1.03698945,1.04776776,0,
2022-07-03T23:00:00Z,1.04339480,1.04635346,1.04180777,1.04339480,0,
2022-07-04T23:00:00Z,1.04331863,1.04485571,1.02373004,1.04331863,0,
2022-07-05T23:00:00Z,1.02576733,1.02739024,1.01621878,1.02576733,0,
2022-07-06T23:00:00Z,1.01864111,1.02192020,1.01533151,1.01864111,0,
2022-07-07T23:00:00Z,1.01698363,1.01910830,1.00797307,1.01698363,0,
2022-07-10T23:00:00Z,1.01661146,1.01677680,1.00542927,1.01661146,0,
2022-07-11T23:00:00Z,1.00475252,1.00738418,1.00011003,1.00475252,0,
2022-07-12T23:00:00Z,1.00331092,1.01162350,0.99988997,1.00331092,0,
2022-07-13T23:00:00Z,1.00327063,1.00492406,0.99536163,1.00327063,0,
2022-07-14T23:00:00Z,1.00256658,1.00979507,1.00106108,1.00256658,0,
2022-07-17T23:00:00Z,1.00963187,1.01988780,1.00823736,1.00963187,0,
2022-07-18T23:00:00Z,1.01451778,1.02682054,1.01256597,1.01451778,0,
2022-07-19T23:00:00Z,1.02313304,1.02718973,1.01759422,1.02313304,0,
2022-07-20T23:00:00Z,1.01827812,1.02753794,1.01631176,1.01827812,0,
2022-07-21T23:00:00Z,1.02210820,1.02551484,1.01339710,1.02210820,0,
2022-07-24T23:00:00Z,1.02002311,1.02564096,1.01806045,1.02002311,0,
2022-07-25T23:00:00Z,1.02249491,1.02490520,1.01139843,1.02249491,0,
2022-07-26T23:00:00Z,1.01295578,1.01719058,1.01074421,1.01295578,0,
2022-07-27T23:00:00Z,1.02092910,1.02331102,1.01157236,1.02092910,0,
2022-07-28T23:00:00Z,1.01923287,1.02537811,1.01485753,1.01923287,0,
2022-08-01T23:00:00Z,1.02613568,1.02931488,1.01837146,1.02613568,0,
2022-08-02T23:00:00Z,1.01556873,1.02076232,1.01231992,1.01556873,0,
2022-08-03T23:00:00Z,1.01576459,1.02324820,1.01559961,1.01576459,0,
2022-08-04T23:00:00Z,1.02477920,1.02490520,1.01436341,1.02477920,0,
2022-08-07T23:00:00Z,1.01708710,1.02218139,1.01600206,1.01708710,0,
2022-08-08T23:00:00Z,1.01976299,1.02469516,1.01892138,1.01976299,0,
2022-08-09T23:00:00Z,1.02081442,1.03691411,1.02030408,1.02081442,0,
2022-08-10T23:00:00Z,1.03007829,1.03659165,1.02763307,1.03007829,0,
2022-08-11T23:00:00Z,1.03167236,1.03273785,1.02396071,1.03167236,0,
2022-08-14T23:00:00Z,1.02564096,1.02671516,1.01822627,1.02564096,0,
2022-08-15T23:00:00Z,1.01619816,1.01944077,1.01234043,1.01619816,0,
2022-08-16T23:00:00Z,1.01706636,1.01978385,1.01480603,1.01706636,0,
2022-08-17T23:00:00Z,1.01801896,1.01936793,1.01131666,1.01801896,0,
2022-08-18T23:00:00Z,1.00899005,1.01122463,1.00362313,1.00899005,0,
2022-08-21T23:00:00Z,1.00352240,1.00482321,0.99277264,1.00352240,0,
2022-08-22T23:00:00Z,0.99394679,1.00190365,0.99031466,0.99394679,0,
2022-08-23T23:00:00Z,0.99669099,0.99982005,0.99119812,0.99669099,0,
2022-08-24T23:00:00Z,0.99690956,1.00305939,0.99567872,0.99690956,0,
2022-08-25T23:00:00Z,0.99712831,1.00882721,0.99472791,0.99712831,0,
2022-08-28T23:00:00Z,0.99386781,1.00310957,0.99149305,0.99386781,0,
2022-08-29T23:00:00Z,1.00140190,1.00522721,0.99834275,1.00140190,0,
2022-08-30T23:00:00Z,1.00250626,1.00773942,0.99716800,1.00250626,0,
2022-08-31T23:00:00Z,1.00390518,1.00458086,0.99173886,1.00390518,0,
2022-09-01T23:00:00Z,0.99523288,1.00333107,0.99512392,0.99523288,0,
2022-09-04T23:00:00Z,0.99094278,0.99435210,0.98808366,0.99094278,0,
2022-09-05T23:00:00Z,0.99522299,0.99853218,0.98651439,0.99522299,0,
2022-09-06T23:00:00Z,0.98979515,0.99552011,0.98778117,0.98979515,0,
2022-09-07T23:00:00Z,0.99957019,1.00290847,0.99334455,0.99957019,0,
2022-09-08T23:00:00Z,1.00120151,1.01122463,1.00093091,1.00120151,0,
2022-09-11T23:00:00Z,1.00714064,1.01967978,1.00647163,1.00714064,0,
2022-09-12T23:00:00Z,1.01295578,1.01874495,0.99958020,1.01295578,0,
2022-09-13T23:00:00Z,0.99820328,1.00227511,0.99636334,0.99820328,0,
2022-09-14T23:00:00Z,0.99840254,1.00179315,0.99574822,0.99840254,0,
2022-09-15T23:00:00Z,0.99883133,1.00356269,0.99457955,0.99883133,0,
2022-09-18T23:00:00Z,1.00223494,1.00280786,0.99668103,1.00223494,0,
2022-09-19T23:00:00Z,1.00295877,1.00502515,0.99570847,1.00295877,0,
2022-09-20T23:00:00Z,0.99707854,0.99740678,0.98691350,0.99707854,0,
2022-09-21T23:00:00Z,0.98307151,0.99061882,0.98110390,0.98307151,0,
2022-09-22T23:00:00Z,0.98415506,0.98522168,0.97039336,0.98415506,0,
2022-09-25T23:00:00Z,0.96899229,0.96998852,0.95823079,0.96899229,0,
2022-09-26T23:00:00Z,0.96237123,0.96700579,0.95945346,0.96237123,0,
2022-09-27T23:00:00Z,0.95961916,0.96862620,0.95401639,0.95961916,0,
2022-09-28T23:00:00Z,0.97081721,0.97873223,0.96382761,0.97081721,0,
2022-09-29T23:00:00Z,0.98295557,0.98499852,0.97360557,0.98295557,0,
2022-10-02T23:00:00Z,0.97926885,0.98442632,0.97536236,0.97926885,0,
2022-10-03T23:00:00Z,0.98320687,0.99801397,0.98067105,0.98320687,0,
2022-10-04T23:00:00Z,0.99843246,0.99942040,0.98354536,0.99843246,0,
2022-10-05T23:00:00Z,0.99109989,0.99263471,0.97893333,0.99109989,0,
2022-10-06T23:00:00Z,0.97890455,0.98160470,0.97316968,0.97890455,0,
2022-10-09T23:00:00Z,0.97350127,0.97522914,0.96825111,0.97350127,0,
2022-10-10T23:00:00Z,0.97100574,0.97580963,0.96739870,0.97100574,0,
2022-10-11T23:00:00Z,0.97001678,0.97330225,0.96696836,0.97001678,0,
2022-10-12T23:00:00Z,0.97079843,0.97950864,0.96359533,0.97079843,0,
2022-10-13T23:00:00Z,0.97513402,0.98038256,0.97094923,0.97513402,0,
2022-10-16T23:00:00Z,0.97393745,0.98470747,0.97245049,0.97393745,0,
2022-10-17T23:00:00Z,0.98463964,0.98736179,0.98146021,0.98463964,0,
2022-10-18T23:00:00Z,0.98638785,0.98669934,0.97601920,0.98638785,0,
2022-10-19T23:00:00Z,0.97664827,0.98451358,0.97555262,0.97664827,0,
2022-10-20T23:00:00Z,0.97788996,0.98569751,0.97073239,0.97788996,0,
2022-10-23T23:00:00Z,0.98600858,0.98896313,0.98089224,0.98600858,0,
2022-10-24T23:00:00Z,0.98865032,0.99753606,0.98522168,0.98865032,0,
2022-10-25T23:00:00Z,0.99637312,1.00805438,0.99446082,0.99637312,0,
2022-10-26T23:00:00Z,1.00919378,1.00948918,0.99764556,1.00919378,0,
2022-10-27T23:00:00Z,0.99678040,0.99989998,0.99314731,0.99678040,0,
2022-10-31T00:00:00Z,0.99550027,0.99681014,0.98735201,0.99550027,0,
2022-11-01T00:00:00Z,0.98863077,0.99516344,0.98621273,0.98863077,0,
2022-11-02T00:00:00Z,0.98779094,0.99135536,0.98675770,0.98779094,0,
2022-11-03T00:00:00Z,0.98144090,0.98396146,0.97312242,0.98144090,0,
2022-11-04T00:00:00Z,0.97496301,0.99381846,0.97484893,0.97496301,0,
2022-11-07T00:00:00Z,0.99288106,1.00050032,0.99194545,0.99288106,0,
2022-11-08T00:00:00Z,1.00186348,1.00941789,0.99760568,1.00186348,0,
2022-11-09T00:00:00Z,1.00808477,1.00887811,1.00125158,1.00808477,0,
2022-11-10T00:00:00Z,1.00195384,1.01829886,0.99377888,1.00195384,0,
2022-11-11T00:00:00Z,1.01922250,1.03383744,1.01662171,1.01922250,0,
2022-11-14T00:00:00Z,1.03285515,1.03502524,1.02735853,1.03285515,0,
2022-11-15T00:00:00Z,1.03192782,1.04754817,1.03138506,1.03192782,0,
2022-11-16T00:00:00Z,1.03578639,1.04373240,1.03364515,1.03578639,0,
2022-11-17T00:00:00Z,1.03950107,1.04057193,1.03094912,1.03950107,0,
2022-11-18T00:00:00Z,1.03617287,1.03958750,1.03280175,1.03617287,0,
2022-11-21T00:00:00Z,1.03308988,1.03332472,1.02270401,1.03308988,0,
2022-11-22T00:00:00Z,1.02456915,1.02901828,1.02433825,1.02456915,0,
2022-11-23T00:00:00Z,1.03110862,1.03820598,1.02981305,1.03110862,0,
2022-11-24T00:00:00Z,1.04162335,1.04482293,1.03836763,1.04162335,0,
2022-11-25T00:00:00Z,1.04081023,1.04290509,1.03561473,1.04081023,0,
2022-11-28T00:00:00Z,1.03675282,1.04967046,1.03424382,1.03675282,0,
2022-11-29T00:00:00Z,1.03455412,1.03941464,1.03254580,1.03455412,0,
2022-11-30T00:00:00Z,1.03244996,1.03945780,1.02923012,1.03244996,0,
2022-12-01T00:00:00Z,1.04253542,1.05314147,1.03979290,1.04253542,0,
2022-12-02T00:00:00Z,1.05284214,1.05451858,1.04341662,1.05284214,0,
2022-12-05T00:00:00Z,1.05441856,1.05941176,1.04924095,1.05441856,0,
2022-12-06T00:00:00Z,1.04969239,1.05320811,1.04770184,1.04969239,0,
2022-12-07T00:00:00Z,1.04690111,1.05461872,1.04437554,1.04690111,0,
2022-12-08T00:00:00Z,1.05132580,1.05631196,1.04916382,1.05132580,0,
2022-12-09T00:00:00Z,1.05596614,1.05883968,1.05200040,1.05596614,0,
2022-12-12T00:00:00Z,1.05222178,1.05792117,1.05070710,1.05222178,0,
2022-12-13T00:00:00Z,1.05417395,1.06689429,1.05293083,1.05417395,0,
2022-12-14T00:00:00Z,1.06266534,1.06698537,1.06201088,1.06266534,0,
2022-12-15T00:00:00Z,1.06763470,1.07255864,1.06073785,1.06763470,0,
2022-12-16T00:00:00Z,1.06405616,1.06632543,1.05993962,1.06405616,0,
2022-12-19T00:00:00Z,1.05850351,1.06590033,1.05771983,1.05850351,0,
2022-12-20T00:00:00Z,1.06145847,1.06555283,1.05806673,1.06145847,0,
2022-12-21T00:00:00Z,1.06269932,1.06435061,1.05970371,1.06269932,0,
2022-12-22T00:00:00Z,1.06100798,1.06574583,1.05840266,1.06100798,0,
2022-12-23T00:00:00Z,1.06033301,1.06311727,1.05879486,1.06033301,0,
2022-12-27T00:00:00Z,1.06402218,1.06689990,1.06124437,1.06402218,0,
2022-12-28T00:00:00Z,1.06371665,1.06742954,1.06139088,1.06371665,0,
2022-12-29T00:00:00Z,1.06292510,1.06701946,1.06123316,1.06292510,0,
2022-12-30T00:00:00Z,1.06607533,1.06979334,1.06392038,1.06607533,0,
2023-01-02T00:00:00Z,1.07097340,1.07123733,1.06532574,1.07097340,0,
2023-01-03T00:00:00Z,1.06777143,1.06826198,1.05215538,1.06777143,0,
2023-01-04T00:00:00Z,1.05468547,1.06315124,1.05459642,1.05468547,0,
2023-01-05T00:00:00Z,1.06063652,1.06326425,1.05155790,1.06063652,0,
2023-01-06T00:00:00Z,1.05222178,1.06222510,1.04852581,1.05222178,0,
2023-01-09T00:00:00Z,1.06563234,1.07595146,1.06528044,1.06563234,0,
2023-01-10T00:00:00Z,1.07331836,1.07568526,1.07131755,1.07331836,0,
2023-01-11T00:00:00Z,1.07389462,1.07747006,1.07268512,1.07389462,0,
2023-01-12T00:00:00Z,1.07660007,1.08383465,1.07380247,1.07660007,0,
2023-01-13T00:00:00Z,1.08602393,1.08677936,1.07806253,1.08602393,0,
2023-01-16T00:00:00Z,1.08246195,1.08754754,1.08026361,1.08246195,0,
2023-01-17T00:00:00Z,1.08301294,1.08690929,1.07870209,1.08301294,0,
2023-01-18T00:00:00Z,1.07933080,1.08844721,1.07670438,1.07933080,0,
2023-01-19T00:00:00Z,1.07978535,1.08330631,1.07829499,1.07978535,0,
2023-01-20T00:00:00Z,1.08338833,1.08565843,1.08046198,1.08338833,0,
2023-01-23T00:00:00Z,1.08647239,1.09195340,1.08475161,1.08650780,0,
2023-01-24T00:00:00Z,1.08742929,1.08968079,1.08392859,1.08742929,0,
2023-01-25T00:00:00Z,1.08881462,1.09226346,1.08581161,1.08881462,0,
2023-01-26T00:00:00Z,1.09220386,1.09325469,1.08516359,1.09220386,0,
2023-01-27T00:00:00Z,1.08944321,1.09015596,1.08388162,1.08944321,0,
2023-01-30T00:00:00Z,1.08714557,1.09150052,1.08545816,1.08714557,0,
2023-01-31T00:00:00Z,1.08506942,1.08683836,1.08041525,1.08506942,0,
2023-02-01T00:00:00Z,1.08609474,1.09244251,1.08529317,1.08609474,0,
2023-02-02T00:00:00Z,1.10128522,1.10265744,1.08876717,1.10128522,0,
2023-02-03T00:00:00Z,1.09051251,1.09406793,1.08110452,1.09051251,0,
2023-02-06T00:00:00Z,1.07908618,1.08003020,1.07183433,1.07908618,0,
2023-02-07T00:00:00Z,1.07307649,1.07459974,1.06695116,1.07307649,0,
2023-02-08T00:00:00Z,1.07297289,1.07602084,1.07168496,1.07297289,0,
2023-02-09T00:00:00Z,1.07158160,1.07903969,1.07115698,1.07158160,0,
2023-02-10T00:00:00Z,1.07422924,1.07517636,1.06692839,1.07422924,0,
2023-02-13T00:00:00Z,1.06777143,1.07250106,1.06572318,1.06777143,0,
2023-02-14T00:00:00Z,1.07304192,1.07984364,1.07099640,1.07304192,0,
2023-02-15T00:00:00Z,1.07357192,1.07446003,1.06659842,1.07357192,0,
2023-02-16T00:00:00Z,1.06917572,1.07222509,1.06557548,1.06917572,0,
2023-02-17T00:00:00Z,1.06657565,1.06814778,1.06137955,1.06657565,0,
2023-02-20T00:00:00Z,1.06844449,1.07054925,1.06715608,1.06844449,0,
2023-02-21T00:00:00Z,1.06826198,1.06956446,1.06448662,1.06826198,0,
2023-02-22T00:00:00Z,1.06520092,1.06655288,1.06190932,1.06520092,0,
2023-02-23T00:00:00Z,1.06058037,1.06303811,1.05820107,1.06058037,0,
2023-02-24T00:00:00Z,1.05980480,1.06142461,1.05377412,1.05980480,0,
2023-02-27T00:00:00Z,1.05547583,1.06186426,1.05335224,1.05547583,0,
2023-02-28T00:00:00Z,1.06112051,1.06450021,1.05823469,1.06112051,0,
2023-03-01T00:00:00Z,1.05773091,1.06910706,1.05656862,1.05773091,0,
2023-03-02T00:00:00Z,1.06689429,1.06727004,1.05834663,1.06689429,0,
2023-03-03T00:00:00Z,1.05997324,1.06292510,1.05913126,1.05997324,0,
2023-03-06T00:00:00Z,1.06262016,1.06938148,1.06230414,1.06262016,0,
2023-03-07T00:00:00Z,1.06883287,1.06963313,1.05716062,1.06883287,0,
2023-03-08T00:00:00Z,1.05507493,1.05732834,1.05266476,1.05507493,0,
2023-03-09T00:00:00Z,1.05495250,1.05864918,1.05385184,1.05495250,0,
2023-03-10T00:00:00Z,1.05846989,1.06986201,1.05757439,1.05846989,0,
2023-03-13T00:00:00Z,1.06836462,1.07372177,1.06523502,1.06836462,0,
2023-03-14T00:00:00Z,1.07250106,1.07471406,1.06796527,1.07250106,0,
2023-03-15T00:00:00Z,1.07276571,1.07600927,1.05203354,1.07276571,0,
2023-03-16T00:00:00Z,1.05833542,1.06345642,1.05550921,1.05833542,0,
2023-03-17T00:00:00Z,1.06141341,1.06696260,1.06121063,1.06141341,0,
2023-03-20T00:00:00Z,1.06788552,1.07305348,1.06324160,1.06788552,0,
2023-03-21T00:00:00Z,1.07191479,1.07872534,1.07049191,1.07191479,0,
2023-03-22T00:00:00Z,1.07742369,1.08014691,1.07595146,1.07742369,0,
2023-03-23T00:00:00Z,1.08703923,1.09289980,1.08686197,1.08703923,0,
2023-03-24T00:00:00Z,1.08350575,1.08390033,1.07189178,1.08350575,0,
2023-03-26T23:00:00Z,1.07781851,1.07959998,1.07480657,1.07781851,0,
2023-03-27T23:00:00Z,1.08070719,1.08489990,1.08040357,1.08070719,0,
2023-03-28T23:00:00Z,1.08395207,1.08719993,1.08213401,1.08395207,0,
2023-03-29T23:00:00Z,1.08436346,1.09239471,1.08269632,1.08436346,0,
2023-03-30T23:00:00Z,1.09046495,1.09258568,1.08605933,1.09046495,0,
2023-04-02T23:00:00Z,1.08033359,1.09157205,1.07893491,1.08033359,0,
2023-04-03T23:00:00Z,1.09122658,1.09716487,1.08838797,1.09122658,0,
2023-04-04T23:00:00Z,1.09601057,1.09692419,1.09053624,1.09601057,0,
2023-04-05T23:00:00Z,1.09033418,1.09301567,1.08855391,1.09033418,0,
2023-04-06T23:00:00Z,1.09201300,1.09253800,1.08810377,1.09201300,0,
2023-04-09T23:00:00Z,1.09135759,1.09182227,1.08324754,1.09135759,0,
2023-04-10T23:00:00Z,1.08693290,1.09266925,1.08680296,1.08693290,0,
2023-04-11T23:00:00Z,1.09175074,1.09985590,1.09152436,1.09175074,0,
2023-04-12T23:00:00Z,1.09998906,1.10689998,1.09816492,1.09998906,0,
2023-04-13T23:00:00Z,1.10546100,1.10754240,1.09780324,1.10546100,0,
2023-04-16T23:00:00Z,1.09865963,1.09990430,1.09107172,1.09865963,0,
2023-04-17T23:00:00Z,1.09253800,1.09834588,1.09227538,1.09253800,0,
2023-04-18T23:00:00Z,1.09753823,1.09865963,1.09183419,1.09753823,0,
2023-04-19T23:00:00Z,1.09521830,1.09890103,1.09343398,1.09521830,0,
2023-04-20T23:00:00Z,1.09709275,1.09925139,1.09397221,1.09709275,0,
2023-04-23T23:00:00Z,1.09922719,1.10342383,1.09687614,1.09922719,0,
2023-04-24T23:00:00Z,1.10595000,1.10680687,1.09692419,1.10595000,0,
2023-04-25T23:00:00Z,1.09783947,1.10941005,1.09692419,1.09783947,0,
2023-04-26T23:00:00Z,1.10472822,1.10656190,1.09942067,1.10472822,0,
2023-04-27T23:00:00Z,1.10320485,1.10437441,1.09656334,1.10320485,0,
2023-04-30T23:00:00Z,1.10109115,1.10355783,1.09669566,1.10109115,0,
2023-05-01T23:00:00Z,1.09692419,1.10052168,1.09435534,1.09692419,0,
2023-05-02T23:00:00Z,1.10109115,1.10581553,1.10059440,1.10109115,0,
2023-05-03T23:00:00Z,1.10689259,1.10913932,1.09868383,1.10689259,0,
2023-05-04T23:00:00Z,1.10229278,1.10480022,1.09716487,1.10229278,0,
2023-05-07T23:00:00Z,1.10186768,1.10533881,1.10124874,1.10186768,0,
2023-05-08T23:00:00Z,1.09961402,1.10011005,1.09440327,1.09961402,0,
2023-05-09T23:00:00Z,1.09646714,1.10047317,1.09428346,1.09646714,0,
2023-05-10T23:00:00Z,1.09840620,1.09986806,1.09013212,1.09840620,0,
2023-05-11T23:00:00Z,1.09121454,1.09351766,1.08556414,1.09121454,0,
2023-05-14T23:00:00Z,1.08526969,1.08920598,1.08485758,1.08526969,0,
2023-05-15T23:00:00Z,1.08737016,1.09035802,1.08567023,1.08737016,0,
2023-05-16T23:00:00Z,1.08656681,1.08754754,1.08116293,1.08656681,0,
2023-05-17T23:00:00Z,1.08383465,1.08495176,1.07654214,1.08383465,0,
2023-05-18T23:00:00Z,1.07753968,1.08239162,1.07610190,1.07753968,0,
2023-05-21T23:00:00Z,1.08227456,1.08307159,1.07965708,1.08227456,0,
2023-05-22T23:00:00Z,1.08110452,1.08213401,1.07637990,1.08110452,0,
2023-05-23T23:00:00Z,1.07697117,1.07993698,1.07496834,1.07697117,0,
2023-05-25T23:00:00Z,1.07244360,1.07575464,1.07020545,1.07244360,0,
2023-05-28T23:00:00Z,1.07230556,1.07457554,1.07062948,1.07230556,0,
2023-05-29T23:00:00Z,1.07076693,1.07457554,1.06733847,1.07076693,0,
2023-05-30T23:00:00Z,1.07330692,1.07388318,1.06516695,1.07330692,0,
2023-05-31T23:00:00Z,1.06951869,1.07539952,1.06641638,1.06951869,0,
2023-06-01T23:00:00Z,1.07607877,1.07793474,1.07181132,1.07607877,0,
2023-06-04T23:00:00Z,1.06986201,1.07227099,1.06747508,1.06986201,0,
2023-06-05T23:00:00Z,1.07117987,1.07330692,1.06673491,1.07117987,0,
2023-06-06T23:00:00Z,1.06980479,1.07402158,1.06688297,1.06980479,0,
2023-06-07T23:00:00Z,1.07074404,1.07828343,1.07021689,1.07074404,0,
2023-06-08T23:00:00Z,1.07827175,1.07874870,1.07477188,1.07827175,0,
2023-06-11T23:00:00Z,1.07509542,1.07896972,1.07343352,1.07509542,0,
2023-06-12T23:00:00Z,1.07629883,1.08225107,1.07605565,1.07629883,0,
2023-06-13T23:00:00Z,1.07893491,1.08583534,1.07757461,1.07893491,0,
2023-06-14T23:00:00Z,1.08430469,1.09385252,1.08042693,1.08430469,0,
2023-06-15T23:00:00Z,1.09459484,1.09709990,1.09201300,1.09459484,0,
2023-06-18T23:00:00Z,1.09421158,1.09493053,1.09110034,1.09421158,0,
2023-06-19T23:00:00Z,1.09243047,1.09452295,1.08945513,1.09243047,0,
2023-06-20T23:00:00Z,1.09203684,1.09613073,1.09066713,1.09203684,0,
2023-06-21T23:00:00Z,1.09926355,1.10111547,1.09511030,1.09926355,0,
2023-06-22T23:00:00Z,1.09589040,1.09589040,1.08450460,1.09589040,0,
2023-06-25T23:00:00Z,1.09066713,1.09218001,1.08881462,1.09066713,0,
2023-06-26T23:00:00Z,1.09104800,1.09761047,1.09032238,1.09104800,0,
2023-06-27T23:00:00Z,1.09572232,1.09625089,1.08996570,1.09572232,0,
2023-06-28T23:00:00Z,1.09158385,1.09406793,1.08623624,1.09158385,0,
2023-06-29T23:00:00Z,1.08680296,1.09337413,1.08364666,1.08680296,0,
2023-07-02T23:00:00Z,1.09075046,1.09313512,1.08718109,1.09075046,0,
2023-07-03T23:00:00Z,1.09130991,1.09182227,1.08907545,1.09130991,0,
2023-07-04T23:00:00Z,1.08849466,1.09061956,1.08650780,1.08849466,0,
2023-07-05T23:00:00Z,1.08565843,1.09015596,1.08343530,1.08565843,0,
2023-07-06T23:00:00Z,1.08906364,1.09646714,1.08686197,1.08906364,0,
2023-07-09T23:00:00Z,1.09697235,1.09927559,1.09445119,1.09697235,0,
2023-07-10T23:00:00Z,1.10059440,1.10256016,1.09786355,1.10059440,0,
2023-07-11T23:00:00Z,1.10140646,1.11259460,1.10128522,1.10140646,0,
2023-07-12T23:00:00Z,1.11445451,1.11962020,1.11306524,1.11445451,0,
2023-07-13T23:00:00Z,1.12234700,1.12447989,1.12061143,1.12234700,0,
2023-07-16T23:00:00Z,1.12277555,1.12511253,1.12054861,1.12277555,0,
2023-07-17T23:00:00Z,1.12375963,1.12757373,1.12200701,1.12375963,0,
2023-07-18T23:00:00Z,1.12288904,1.12397432,1.11763060,1.12288904,0,
2023-07-19T23:00:00Z,1.12052345,1.12296462,1.11331296,1.12052345,0,
2023-07-20T23:00:00Z,1.11370981,1.11470294,1.11096299,1.11370981,0,
2023-07-23T23:00:00Z,1.11253262,1.11450410,1.10688043,1.11253262,0,
2023-07-24T23:00:00Z,1.10631704,1.10889339,1.10220766,1.10631704,0,
2023-07-25T23:00:00Z,1.10504568,1.10864747,1.10383809,1.10504568,0,
2023-07-26T23:00:00Z,1.10783684,1.11520016,1.09849072,1.10783684,0,
2023-07-27T23:00:00Z,1.09787560,1.10467947,1.09470272,1.09787560,0,
2023-07-30T23:00:00Z,1.10242641,1.10454512,1.10061860,1.10242641,0,
2023-07-31T23:00:00Z,1.09975910,1.10023105,1.09544623,1.09975910,0,
2023-08-02T23:00:00Z,1.09441519,1.09539831,1.09135759,1.09441519,0,
2023-08-03T23:00:00Z,1.09515834,1.10409403,1.09362519,1.09515834,0,
2023-08-06T23:00:00Z,1.10026741,1.10120034,1.09661150,1.10026741,0,
2023-08-07T23:00:00Z,1.10031581,1.10098207,1.09309924,1.10031581,0,
2023-08-08T23:00:00Z,1.09589040,1.09943271,1.09559023,1.09589040,0,
2023-08-09T23:00:00Z,1.09776711,1.10583997,1.09680390,1.09776711,0,
2023-08-10T23:00:00Z,1.09816492,1.10043693,1.09518230,1.09816492,0,
2023-08-13T23:00:00Z,1.09443915,1.09603453,1.08774865,1.09443915,0,
2023-08-14T23:00:00Z,1.09098840,1.09496641,1.09008455,1.09098840,0,
2023-08-15T23:00:00Z,1.09041739,1.09346974,1.08977568,1.09041739,0,
2023-08-16T23:00:00Z,1.08748841,1.09172690,1.08623624,1.08748841,0,
2023-08-17T23:00:00Z,1.08746481,1.08956194,1.08464575,1.08746481,0,
2023-08-20T23:00:00Z,1.08755946,1.09135759,1.08706284,1.08755946,0,
2023-08-21T23:00:00Z,1.08983517,1.09319961,1.08340013,1.08983517,0,
2023-08-22T23:00:00Z,1.08466923,1.08705103,1.08029854,1.08466923,0,
2023-08-23T23:00:00Z,1.08657861,1.08768952,1.08154881,1.08657861,0,
2023-08-24T23:00:00Z,1.07991362,1.08397555,1.07666969,1.07991362,0,
2023-08-28T23:00:00Z,1.08255565,1.08567023,1.07835317,1.08255565,0,
2023-08-29T23:00:00Z,1.08692110,1.09454691,1.08561134,1.08692110,0,
2023-08-30T23:00:00Z,1.09325469,1.09397221,1.08371711,1.09325469,0,
2023-08-31T23:00:00Z,1.08441043,1.08808017,1.07858574,1.08441043,0,
2023-09-03T23:00:00Z,1.07758629,1.08090580,1.07740045,1.07758629,0,
2023-09-04T23:00:00Z,1.07944727,1.07991362,1.07075548,1.07944727,0,
2023-09-05T23:00:00Z,1.07261610,1.07481813,1.07051480,1.07261610,0,
2023-09-06T23:00:00Z,1.07242048,1.07342207,1.06876433,1.07242048,0,
2023-09-07T23:00:00Z,1.06978190,1.07420611,1.06950724,1.06978190,0,
2023-09-10T23:00:00Z,1.07181132,1.07568526,1.07114553,1.07181132,0,
2023-09-11T23:00:00Z,1.07503760,1.07626414,1.07061791,1.07503760,0,
2023-09-12T23:00:00Z,1.07532668,1.07654214,1.07174242,1.07532668,0,
2023-09-13T23:00:00Z,1.07342207,1.07550013,1.06550741,1.07342207,0,
2023-09-14T23:00:00Z,1.06371665,1.06876433,1.06346774,1.06371665,0,
2023-09-17T23:00:00Z,1.06682599,1.06981623,1.06563234,1.06682599,0,
2023-09-18T23:00:00Z,1.06926715,1.07192624,1.06763470,1.06926715,0,
2023-09-19T23:00:00Z,1.06820488,1.07269669,1.06757772,1.06820488,0,
2023-09-20T23:00:00Z,1.06530309,1.06736112,1.06190932,1.06530309,0,
2023-09-21T23:00:00Z,1.06615484,1.06715608,1.06152606,1.06615484,0,
2023-09-24T23:00:00Z,1.06484926,1.06554151,1.05773091,1.06484926,0,
2023-09-25T23:00:00Z,1.05916488,1.06089532,1.05681431,1.05916488,0,
2023-09-26T23:00:00Z,1.05694830,1.05737305,1.05090582,1.05694830,0,
2023-09-27T23:00:00Z,1.05053055,1.05786526,1.04918587,1.05053055,0,
2023-09-28T23:00:00Z,1.05624509,1.06179655,1.05585468,1.05624509,0,
2023-10-01T23:00:00Z,1.05652404,1.05909765,1.04927385,1.05652404,0,
2023-10-02T23:00:00Z,1.04807520,1.04942811,1.04498672,1.04807520,0,
2023-10-03T23:00:00Z,1.04723001,1.05324137,1.04536903,1.04723001,0,
2023-10-04T23:00:00Z,1.05070710,1.05368531,1.05008924,1.05070710,0,
2023-10-05T23:00:00Z,1.05466318,1.05981600,1.04839385,1.05466318,0,
2023-10-08T23:00:00Z,1.05674732,1.05764139,1.05214429,1.05674732,0,
2023-10-09T23:00:00Z,1.05788755,1.06195438,1.05559838,1.05788755,0,
2023-10-10T23:00:00Z,1.06047916,1.06335473,1.05927718,1.06047916,0,
2023-10-11T23:00:00Z,1.06242824,1.06390893,1.05459642,1.06242824,0,
2023-10-12T23:00:00Z,1.05367410,1.05585468,1.04961526,1.05367410,0,
2023-10-15T23:00:00Z,1.05215538,1.05546474,1.05163527,1.05215538,0,
2023-10-16T23:00:00Z,1.05543125,1.05950046,1.05334115,1.05543125,0,
2023-10-17T23:00:00Z,1.05730593,1.05954659,1.05270910,1.05730593,0,
2023-10-18T23:00:00Z,1.05385184,1.05853713,1.05288649,1.05385184,0,
2023-10-19T23:00:00Z,1.05864918,1.06010807,1.05657983,1.05864918,0,
2023-10-22T23:00:00Z,1.05899668,1.06473601,1.05718303,1.05899668,0,
2023-10-23T23:00:00Z,1.06698537,1.06904995,1.05842507,1.06698537,0,
2023-10-24T23:00:00Z,1.05953526,1.06067038,1.05668032,1.05953526,0,
2023-10-25T23:00:00Z,1.05672503,1.05697072,1.05263162,1.05672503,0,
2023-10-26T23:00:00Z,1.05644596,1.05977106,1.05362976,1.05644596,0,
2023-10-30T00:00:00Z,1.05624509,1.06259990,1.05484116,1.05624509,0,
2023-10-31T00:00:00Z,1.06150353,1.06690562,1.05675852,1.06150353,0,
2023-11-01T00:00:00Z,1.05790997,1.05807781,1.05228817,1.05790997,0,
2023-11-02T00:00:00Z,1.05870521,1.06700814,1.05842507,1.05870521,0,
2023-11-03T00:00:00Z,1.06190932,1.07369983,1.06154859,1.06190932,0,
2023-11-06T00:00:00Z,1.07321477,1.07570028,1.07234001,1.07321477,0,
2023-11-07T00:00:00Z,1.07215607,1.07215607,1.06647325,1.07215607,0,
2023-11-08T00:00:00Z,1.06961024,1.07160461,1.06606400,1.06961024,0,
2023-11-09T00:00:00Z,1.07104230,1.07280028,1.06814778,1.07104230,0,
2023-11-10T00:00:00Z,1.06675768,1.06925571,1.06576860,1.06675768,0,
2023-11-13T00:00:00Z,1.06901562,1.07054925,1.06655288,1.06901562,0,
2023-11-14T00:00:00Z,1.07018256,1.08672035,1.06935859,1.07018256,0,
2023-11-15T00:00:00Z,1.08783150,1.08873165,1.08329451,1.08783150,0,
2023-11-16T00:00:00Z,1.08545816,1.08939576,1.08309507,1.08545816,0,
2023-11-17T00:00:00Z,1.08537567,1.08922970,1.08252048,1.08537567,0,
2023-11-20T00:00:00Z,1.09070277,1.09451103,1.08979952,1.09070277,0,
2023-11-21T00:00:00Z,1.09459484,1.09673166,1.09229934,1.09459484,0,
2023-11-22T00:00:00Z,1.09182227,1.09225154,1.08545816,1.09182227,0,
2023-11-23T00:00:00Z,1.08908737,1.09270513,1.08880281,1.08908737,0,
2023-11-24T00:00:00Z,1.09063148,1.09441519,1.08956194,1.09063148,0,
2023-11-27T00:00:00Z,1.09404397,1.09592640,1.09258568,1.09404397,0,
2023-11-28T00:00:00Z,1.09584236,1.10071540,1.09350574,1.09584236,0,
2023-11-29T00:00:00Z,1.10059440,1.10168552,1.09611869,1.10059440,0,
2023-11-30T00:00:00Z,1.09736955,1.09853888,1.08949077,1.09736955,0,
2023-12-01T00:00:00Z,1.08920598,1.09134567,1.08315372,1.08920598,0,
2023-12-05T00:00:00Z,1.08377588,1.08483398,1.07826006,1.08377588,0,
2023-12-06T00:00:00Z,1.07936573,1.08036864,1.07731926,1.07936573,0,
2023-12-07T00:00:00Z,1.07666969,1.07968044,1.07576621,1.07666969,0,
2023-12-08T00:00:00Z,1.07921433,1.08005357,1.07314563,1.07921433,0,
2023-12-11T00:00:00Z,1.07657695,1.07793474,1.07432163,1.07657695,0,
2023-12-12T00:00:00Z,1.07665801,1.08220422,1.07618296,1.07665801,0,
2023-12-13T00:00:00Z,1.07986701,1.08082402,1.07740045,1.07986701,0,
2023-12-14T00:00:00Z,1.08861303,1.10041261,1.08802092,1.08861303,0,
2023-12-15T00:00:00Z,1.09936023,1.10059440,1.09022713,1.09936023,0,
2023-12-18T00:00:00Z,1.08952641,1.09300363,1.08945513,1.08952641,0,
2023-12-19T00:00:00Z,1.09238279,1.09879971,1.09160769,1.09238279,0,
2023-12-21T00:00:00Z,1.09457088,1.09997690,1.09362519,1.09457088,0,
2023-12-22T00:00:00Z,1.10061860,1.10405743,1.09942067,1.10061860,0,
2023-12-25T00:00:00Z,1.10265744,1.10424030,1.09998906,1.10265744,0,
2023-12-26T00:00:00Z,1.10202551,1.10399652,1.10095787,1.10202551,0,
2023-12-27T00:00:00Z,1.10430121,1.11224806,1.10292494,1.10430121,0,
2023-12-28T00:00:00Z,1.11086428,1.11394548,1.10710096,1.11086428,0,
2023-12-29T00:00:00Z,1.10681915,1.10864747,1.10432565,1.10681915,0,
2024-01-02T00:00:00Z,1.10387456,1.10460615,1.09419966,1.10387456,0,
2024-01-03T00:00:00Z,1.09417570,1.09670043,1.08987069,1.09417570,0,
2024-01-04T00:00:00Z,1.09277678,1.09702051,1.09170306,1.09277678,0,
2024-01-05T00:00:00Z,1.09473872,1.09963822,1.08798540,1.09473872,0,
2024-01-08T00:00:00Z,1.09422362,1.09781539,1.09245443,1.09422362,0,
2024-01-09T00:00:00Z,1.09517026,1.09673166,1.09126234,1.09517026,0,
2024-01-10T00:00:00Z,1.09324265,1.09697235,1.09233510,1.09324265,0,
2024-01-11T00:00:00Z,1.09751415,1.09914267,1.09314704,1.09751415,0,
2024-01-12T00:00:00Z,1.09816492,1.09865963,1.09370899,1.09816492,0,
2024-01-15T00:00:00Z,1.09457088,1.09589040,1.09341002,1.09457088,0,
2024-01-16T00:00:00Z,1.09457088,1.09466684,1.08670843,1.09457088,0,
2024-01-17T00:00:00Z,1.08787894,1.08849466,1.08453989,1.08787894,0,
2024-01-18T00:00:00Z,1.08857751,1.09075046,1.08486938,1.08857751,0,
2024-01-19T00:00:00Z,1.08791435,1.08926535,1.08682656,1.08791435,0,
2024-01-22T00:00:00Z,1.08922970,1.09098840,1.08803272,1.08922970,0,
2024-01-23T00:00:00Z,1.08802092,1.09182227,1.08242679,1.08802092,0,
2024-01-24T00:00:00Z,1.08578813,1.09314704,1.08518720,1.08578813,0,
2024-01-25T00:00:00Z,1.08817482,1.09003711,1.08261430,1.08817482,0,
2024-01-26T00:00:00Z,1.08470464,1.08832872,1.08133829,1.08470464,0,
2024-01-29T00:00:00Z,1.08435178,1.08497524,1.07971537,1.08435178,0,
2024-01-30T00:00:00Z,1.08344710,1.08556414,1.08126819,1.08344710,0,
2024-01-31T00:00:00Z,1.08433998,1.08856571,1.08076560,1.08433998,0,
2024-02-01T00:00:00Z,1.08039200,1.08655500,1.07802761,1.08039200,0,
2024-02-02T00:00:00Z,1.08746481,1.08979952,1.07830656,1.08746481,0,
2024-02-05T00:00:00Z,1.07800436,1.07874870,1.07246649,1.07800436,0,
2024-02-06T00:00:00Z,1.07418311,1.07631040,1.07245505,1.07418311,0,
2024-02-07T00:00:00Z,1.07571995,1.07843459,1.07563889,1.07571995,0,
2024-02-08T00:00:00Z,1.07757461,1.07898140,1.07431006,1.07757461,0,
2024-02-09T00:00:00Z,1.07772553,1.07944727,1.07639146,1.07772553,0,
2024-02-12T00:00:00Z,1.07982028,1.08054376,1.07576621,1.07982028,0,
2024-02-13T00:00:00Z,1.07722640,1.07956386,1.07020545,1.07722640,0,
2024-02-14T00:00:00Z,1.07089317,1.07344508,1.06955302,1.07089317,0,
2024-02-15T00:00:00Z,1.07321477,1.07863224,1.07252407,1.07321477,0,
2024-02-16T00:00:00Z,1.07738876,1.07805085,1.07344508,1.07738876,0,
2024-02-19T00:00:00Z,1.07844615,1.07898140,1.07629883,1.07849276,0,
2024-02-20T00:00:00Z,1.07753968,1.08385813,1.07625246,1.07753968,0,
2024-02-21T00:00:00Z,1.08131492,1.08225107,1.07919109,1.08131492,0,
2024-02-22T00:00:00Z,1.08204031,1.08862495,1.08050871,1.08204031,0,
2024-02-23T00:00:00Z,1.08256745,1.08394039,1.08137333,1.08256745,0,
2024-02-26T00:00:00Z,1.08195829,1.08590603,1.08133829,1.08200514,0,
2024-02-27T00:00:00Z,1.08509302,1.08661401,1.08336496,1.08509302,0,
2024-02-28T00:00:00Z,1.08448112,1.08471632,1.07986701,1.08448112,0,
2024-02-29T00:00:00Z,1.08388162,1.08558774,1.08056712,1.08388162,0,
2024-03-01T00:00:00Z,1.08049703,1.08415186,1.07992530,1.08049703,0,
2024-03-04T00:00:00Z,1.08426940,1.08664942,1.08385813,1.08426940,0,
2024-03-05T00:00:00Z,1.08551705,1.08753574,1.08426940,1.08551705,0,
2024-03-06T00:00:00Z,1.08559954,1.09140515,1.08429301,1.08559954,0,
2024-03-07T00:00:00Z,1.08995390,1.09409189,1.08693290,1.08995390,0,
2024-03-08T00:00:00Z,1.09501445,1.09780324,1.09270513,1.09501445,0,
2024-03-11T00:00:00Z,1.09429550,1.09505033,1.09146476,1.09429550,0,
2024-03-12T00:00:00Z,1.09313512,1.09421158,1.09032238,1.09313512,0,
2024-03-13T00:00:00Z,1.09277678,1.09493053,1.09204888,1.09277678,0,
2024-03-15T00:00:00Z,1.08834064,1.09015596,1.08738196,1.08834064,0,
2024-03-18T00:00:00Z,1.08825767,1.09075046,1.08808017,1.08825767,0,
2024-03-19T00:00:00Z,1.08739388,1.08778417,1.08350575,1.08739388,0,
2024-03-20T00:00:00Z,1.08633065,1.08742929,1.08369362,1.08633065,0,
2024-03-21T00:00:00Z,1.09372103,1.09445119,1.08564675,1.09372103,0,
2024-03-22T00:00:00Z,1.08623624,1.08695650,1.08090580,1.08623624,0,
2024-03-25T00:00:00Z,1.08075392,1.08436346,1.08026361,1.08075392,0,
2024-03-26T00:00:00Z,1.08382285,1.08641338,1.08260262,1.08382285,0,
2024-03-27T00:00:00Z,1.08323586,1.08392859,1.08117461,1.08323586,0,
2024-03-28T00:00:00Z,1.08133829,1.08283699,1.07755136,1.08133829,0,
2024-03-29T00:00:00Z,1.07944727,1.08073056,1.07688987,1.07944727,0,
2024-03-31T23:00:00Z,1.07927263,1.08014691,1.07315719,1.07927263,0,
2024-04-01T23:00:00Z,1.07372177,1.07787657,1.07253551,1.07372177,0,
2024-04-02T23:00:00Z,1.07685518,1.08318889,1.07647264,1.07685518,0,
2024-04-03T23:00:00Z,1.08383465,1.08758307,1.08350575,1.08383465,0,
2024-04-04T23:00:00Z,1.08370543,1.08484578,1.07916772,1.08370543,0,
2024-04-07T23:00:00Z,1.08304811,1.08583534,1.08215737,1.08304811,0,
2024-04-08T23:00:00Z,1.08636618,1.08885014,1.08498704,1.08636618,0,
2024-04-09T23:00:00Z,1.08592963,1.08683836,1.07337594,1.08592963,0,
2024-04-10T23:00:00Z,1.07417154,1.07558107,1.07004523,1.07417154,0,
2024-04-11T23:00:00Z,1.07268512,1.07296145,1.06237185,1.07268512,0,
2024-04-14T23:00:00Z,1.06496274,1.06655288,1.06236064,1.06496274,0,
2024-04-15T23:00:00Z,1.06257498,1.06540525,1.06041169,1.06257498,0,
2024-04-16T23:00:00Z,1.06214619,1.06526899,1.06081665,1.06214619,0,
2024-04-17T23:00:00Z,1.06693983,1.06917572,1.06478131,1.06693983,0,
2024-04-18T23:00:00Z,1.06441855,1.06803381,1.06117690,1.06441855,0,
2024-04-21T23:00:00Z,1.06577992,1.06712198,1.06250727,1.06582534,0,
2024-04-22T23:00:00Z,1.06540525,1.07099640,1.06393170,1.06540525,0,
2024-04-23T23:00:00Z,1.07043457,1.07158160,1.06791973,1.07043457,0,
2024-04-24T23:00:00Z,1.06998789,1.07319164,1.06787407,1.06998789,0,
2024-04-25T23:00:00Z,1.07296145,1.07529199,1.06755483,1.07296145,0,
2024-04-28T23:00:00Z,1.07068670,1.07353723,1.06909561,1.07068670,0,
2024-04-29T23:00:00Z,1.07157016,1.07365251,1.06843317,1.07157016,0,
2024-04-30T23:00:00Z,1.06665528,1.06886709,1.06500804,1.06665528,0,
2024-05-01T23:00:00Z,1.07215607,1.07307649,1.06757772,1.07215607,0,
2024-05-02T23:00:00Z,1.07330692,1.08094084,1.07250106,1.07330692,0,
2024-05-05T23:00:00Z,1.07581246,1.07921433,1.07563889,1.07581246,0,
2024-05-06T23:00:00Z,1.07675076,1.07898140,1.07558107,1.07675076,0,
2024-05-07T23:00:00Z,1.07504916,1.07584727,1.07357192,1.07504916,0,
2024-05-08T23:00:00Z,1.07469106,1.07828343,1.07251263,1.07469106,0,
2024-05-09T23:00:00Z,1.07851589,1.07933080,1.07620621,1.07851589,0,
2024-05-12T23:00:00Z,1.07704067,1.08073056,1.07664645,1.07704067,0,
2024-05-13T23:00:00Z,1.07935417,1.08283699,1.07764423,1.07935417,0,
2024-05-14T23:00:00Z,1.08145523,1.08742929,1.08136165,1.08145523,0,
2024-05-15T23:00:00Z,1.08898056,1.08968079,1.08551705,1.08898056,0,
2024-05-16T23:00:00Z,1.08677936,1.08789062,1.08363497,1.08677936,0,
2024-05-19T23:00:00Z,1.08754754,1.08849466,1.08550525,1.08754754,0,
2024-05-20T23:00:00Z,1.08608294,1.08754754,1.08459866,1.08608294,0,
2024-05-21T23:00:00Z,1.08551705,1.08648407,1.08225107,1.08551705,0,
2024-05-22T23:00:00Z,1.08252048,1.08613014,1.08130324,1.08252048,0,
2024-05-23T23:00:00Z,1.08126819,1.08565843,1.08061373,1.08126819,0,
2024-05-26T23:00:00Z,1.08476341,1.08672035,1.08417535,1.08476341,0,
2024-05-27T23:00:00Z,1.08618915,1.08894503,1.08590603,1.08618915,0,
2024-05-28T23:00:00Z,1.08518720,1.08589423,1.08095253,1.08518720,0,
2024-05-29T23:00:00Z,1.08018196,1.08459866,1.07889998,1.08018196,0,
2024-05-30T23:00:00Z,1.08354104,1.08825767,1.08116293,1.08354104,0,
2024-06-02T23:00:00Z,1.08530498,1.08908737,1.08280194,1.08530498,0,
2024-06-03T23:00:00Z,1.09073853,1.09182227,1.08607113,1.09073853,0,
2024-06-04T23:00:00Z,1.08818662,1.08899248,1.08609474,1.08818662,0,
2024-06-05T23:00:00Z,1.08745301,1.08987069,1.08636618,1.08745301,0,
2024-06-06T23:00:00Z,1.08944321,1.09017968,1.08049703,1.08944321,0,
2024-06-09T23:00:00Z,1.07788825,1.07828343,1.07336450,1.07788825,0,
2024-06-10T23:00:00Z,1.07642627,1.07735395,1.07211018,1.07642627,0,
2024-06-11T23:00:00Z,1.07403302,1.08517540,1.07350278,1.07403302,0,
2024-06-12T23:00:00Z,1.08131492,1.08178282,1.07538450,1.08131492,0,
2024-06-13T23:00:00Z,1.07388318,1.07457554,1.06681454,1.07388318,0,
2024-06-16T23:00:00Z,1.07021689,1.07261610,1.06876433,1.07021689,0,
2024-06-17T23:00:00Z,1.07406771,1.07612503,1.07111108,1.07406771,0,
2024-06-18T23:00:00Z,1.07422924,1.07532668,1.07262754,1.07422924,0,
2024-06-20T23:00:00Z,1.07064092,1.07227099,1.06719029,1.07064092,0,
2024-06-23T23:00:00Z,1.06877577,1.07470250,1.06844449,1.06877577,0,
2024-06-24T23:00:00Z,1.07327235,1.07457554,1.06922138,1.07327235,0,
2024-06-25T23:00:00Z,1.07096195,1.07204115,1.06676912,1.07096195,0,
2024-06-26T23:00:00Z,1.06801093,1.07261610,1.06778288,1.06801093,0,
2024-06-27T23:00:00Z,1.07084727,1.07209861,1.06860435,1.07084727,0,
2024-06-30T23:00:00Z,1.07352579,1.07781851,1.07207561,1.07352579,0,
2024-07-01T23:00:00Z,1.07371020,1.07461023,1.07106519,1.07371020,0,
2024-07-02T23:00:00Z,1.07484126,1.08156049,1.07371020,1.07484126,0,
2024-07-03T23:00:00Z,1.07933080,1.08166575,1.07842290,1.07933080,0,
2024-07-04T23:00:00Z,1.08106935,1.08383465,1.08106935,1.08106935,0,
2024-07-07T23:00:00Z,1.08260262,1.08471632,1.08151364,1.08260262,0,
2024-07-08T23:00:00Z,1.08309507,1.08342361,1.08062541,1.08309507,0,
2024-07-09T23:00:00Z,1.08147860,1.08287215,1.08118629,1.08147860,0,
2024-07-10T23:00:00Z,1.08332968,1.08983517,1.08329451,1.08332968,0,
2024-07-11T23:00:00Z,1.08727562,1.09111941,1.08630717,1.08727562,0,
2024-07-14T23:00:00Z,1.08855391,1.09219193,1.08843541,1.08855391,0,
2024-07-15T23:00:00Z,1.09015596,1.09063148,1.08721650,1.09015596,0,
2024-07-16T23:00:00Z,1.09025097,1.09471476,1.08963323,1.09025097,0,
2024-07-17T23:00:00Z,1.09402013,1.09421158,1.09053624,1.09402013,0,
2024-07-18T23:00:00Z,1.09015596,1.09015596,1.08773685,1.09015596,0,
2024-07-21T23:00:00Z,1.08991826,1.09015596,1.08737016,1.08991826,0,
2024-07-22T23:00:00Z,1.08898056,1.09003711,1.08444583,1.08898056,0,
2024-07-23T23:00:00Z,1.08506942,1.08664942,1.08267283,1.08506942,0,
2024-07-24T23:00:00Z,1.08395207,1.08643687,1.08293080,1.08395207,0,
2024-07-25T23:00:00Z,1.08512831,1.08685017,1.08426940,1.08512831,0,
2024-07-28T23:00:00Z,1.08537567,1.08719289,1.08031023,1.08537567,0,
2024-07-29T23:00:00Z,1.08194661,1.08377588,1.07999527,1.08194661,0,
2024-07-30T23:00:00Z,1.08160722,1.08518720,1.08087075,1.08160722,0,
2024-07-31T23:00:00Z,1.08239162,1.08377588,1.07783008,1.08239162,0,
2024-08-01T23:00:00Z,1.07876027,1.09262156,1.07829499,1.07876027,0,
2024-08-04T23:00:00Z,1.09108365,1.10073972,1.08937216,1.09108365,0,
2024-08-05T23:00:00Z,1.09509826,1.09631085,1.09046495,1.09509826,0,
2024-08-06T23:00:00Z,1.09262156,1.09363723,1.09069097,1.09262156,0,
2024-08-07T23:00:00Z,1.09281254,1.09469068,1.08823407,1.09281254,0,
2024-08-08T23:00:00Z,1.09157205,1.09313512,1.09096456,1.09157205,0,
2024-08-11T23:00:00Z,1.09138131,1.09397221,1.09133375,1.09138131,0,
2024-08-12T23:00:00Z,1.09362519,1.09625089,1.09157205,1.09362519,0,
2024-08-13T23:00:00Z,1.09969866,1.10485029,1.09882867,1.09969866,0,
2024-08-14T23:00:00Z,1.10132158,1.10168552,1.09505033,1.10132158,0,
2024-08-18T23:00:00Z,1.10249937,1.10726035,1.10239005,1.10249937,0,
2024-08-19T23:00:00Z,1.10864747,1.11172867,1.10724807,1.10864747,0,
2024-08-20T23:00:00Z,1.11279273,1.11482716,1.11055589,1.11279273,0,
2024-08-21T23:00:00Z,1.11553609,1.11574769,1.10992718,1.11553609,0,
2024-08-22T23:00:00Z,1.11171639,1.11959517,1.11067927,1.11171639,0,
2024-08-25T23:00:00Z,1.11879349,1.12010932,1.11528730,1.11879349,0,
2024-08-26T23:00:00Z,1.11647010,1.11795545,1.11512554,1.11647010,0,
2024-08-27T23:00:00Z,1.11779308,1.11819303,1.11054349,1.11779308,0,
2024-08-28T23:00:00Z,1.11249554,1.11401999,1.10563207,1.11249554,0,
2024-08-29T23:00:00Z,1.10804546,1.10957003,1.10539997,1.10804546,0,
2024-09-01T23:00:00Z,1.10448420,1.10776329,1.10425246,1.10448420,0,
2024-09-02T23:00:00Z,1.10674560,1.10705197,1.10337520,1.10674560,0,
2024-09-03T23:00:00Z,1.10488689,1.10939765,1.10408175,1.10488689,0,
2024-09-04T23:00:00Z,1.10804546,1.11211205,1.10751784,1.10804546,0,
2024-09-05T23:00:00Z,1.11111116,1.11496401,1.10672116,1.11111116,0,
2024-09-08T23:00:00Z,1.10872126,1.10913932,1.10349703,1.10872126,0,
2024-09-09T23:00:00Z,1.10375273,1.10503340,1.10162485,1.10375273,0,
2024-09-10T23:00:00Z,1.10209835,1.10549772,1.10027945,1.10209835,0,
2024-09-11T23:00:00Z,1.10109115,1.10475266,1.10065484,1.10109115,0,
2024-09-12T23:00:00Z,1.10778773,1.11024761,1.10739517,1.10778773,0,
2024-09-15T23:00:00Z,1.10884416,1.11353612,1.10870886,1.10884416,0,
2024-09-16T23:00:00Z,1.11295366,1.11461592,1.11130869,1.11295366,0,
2024-09-17T23:00:00Z,1.11230993,1.11408198,1.11091363,1.11230993,0,
2024-09-18T23:00:00Z,1.11148167,1.11806798,1.10705197,1.11148167,0,
2024-09-19T23:00:00Z,1.11619604,1.11816800,1.11373460,1.11619604,0,
2024-09-22T23:00:00Z,1.11608386,1.11681926,1.10848773,1.11608386,0,
2024-09-23T23:00:00Z,1.11117280,1.11634552,1.11039555,1.11117280,0,
2024-09-24T23:00:00Z,1.11911905,1.12123966,1.11416888,1.11911905,0,
2024-09-25T23:00:00Z,1.11310232,1.11895621,1.11268127,1.11310232,0,
2024-09-26T23:00:00Z,1.11771798,1.11998391,1.11265647,1.11771798,0,
2024-09-29T23:00:00Z,1.11698151,1.12083757,1.11361063,1.11698151,0,
2024-09-30T23:00:00Z,1.11366022,1.11457872,1.10610902,1.11366022,0,
2024-10-01T23:00:00Z,1.10639048,1.10821748,1.10341179,1.10639048,0,
2024-10-02T23:00:00Z,1.10485029,1.10485029,1.10095787,1.10485029,0,
2024-10-03T23:00:00Z,1.10355783,1.10399652,1.09561431,1.10355783,0,
2024-10-06T23:00:00Z,1.09745395,1.09850276,1.09555423,1.09745395,0,
2024-10-07T23:00:00Z,1.09757435,1.09974706,1.09616673,1.09757435,0,
2024-10-08T23:00:00Z,1.09757435,1.09805644,1.09406793,1.09757435,0,
2024-10-09T23:00:00Z,1.09433138,1.09544623,1.09140515,1.09433138,0,
2024-10-10T23:00:00Z,1.09338605,1.09542227,1.09274089,1.09338605,0,
2024-10-13T23:00:00Z,1.09253800,1.09397221,1.09057200,1.09253800,0,
2024-10-14T23:00:00Z,1.09091699,1.09182227,1.08857751,1.09091699,0,
2024-10-15T23:00:00Z,1.08841169,1.09015596,1.08681476,1.08841169,0,
2024-10-16T23:00:00Z,1.08624816,1.08699203,1.08138502,1.08624816,0,
2024-10-17T23:00:00Z,1.08295429,1.08636618,1.08282530,1.08295429,0,
2024-10-20T23:00:00Z,1.08686197,1.08695650,1.08211052,1.08686197,0,
2024-10-21T23:00:00Z,1.08178282,1.08377588,1.08019364,1.08178282,0,
2024-10-22T23:00:00Z,1.07972705,1.08084738,1.07626414,1.07972705,0,
2024-10-23T23:00:00Z,1.07805085,1.08102262,1.07715678,1.07805085,0,
2024-10-24T23:00:00Z,1.08241510,1.08424592,1.08118629,1.08241510,0,
2024-10-28T00:00:00Z,1.07965708,1.08271980,1.07827175,1.07965708,0,
2024-10-29T00:00:00Z,1.08167744,1.08262599,1.07704067,1.08167744,0,
2024-10-30T00:00:00Z,1.08206367,1.08667302,1.08099926,1.08206367,0,
2024-10-31T00:00:00Z,1.08591783,1.08883834,1.08450460,1.08591783,0,
2024-11-01T00:00:00Z,1.08861303,1.09040546,1.08484578,1.08861303,0,
2024-11-04T00:00:00Z,1.08745301,1.09158385,1.08703923,1.08745301,0,
2024-11-05T00:00:00Z,1.08740568,1.09218001,1.08733475,1.08740568,0,
2024-11-07T00:00:00Z,1.07330692,1.08260262,1.07140946,1.07330692,0,
2024-11-08T00:00:00Z,1.07951725,1.07973862,1.07104230,1.07951725,0,
2024-11-11T00:00:00Z,1.07148981,1.07284629,1.06287992,1.07148981,0,
2024-11-13T00:00:00Z,1.06167257,1.06490600,1.05597734,1.06167257,0,
2024-11-14T00:00:00Z,1.05641246,1.05808914,1.04992390,1.05641246,0,
2024-11-15T00:00:00Z,1.05300844,1.05916488,1.05244327,1.05300844,0,
2024-11-18T00:00:00Z,1.05337453,1.05864918,1.05311930,1.05337453,0,
2024-11-19T00:00:00Z,1.05949044,1.06010807,1.05285323,1.05949044,0,
2024-11-20T00:00:00Z,1.06076038,1.06123316,1.05085063,1.06076038,0,
2024-11-21T00:00:00Z,1.05461872,1.05574322,1.04691207,1.05461872,0,
2024-11-22T00:00:00Z,1.04693413,1.04986882,1.03398716,1.04693413,0,
2024-11-25T00:00:00Z,1.04798734,1.05296409,1.04495394,1.04798734,0,
2024-11-26T00:00:00Z,1.04443002,1.05438519,1.04273105,1.04443002,0,
2024-11-27T00:00:00Z,1.04911983,1.05834663,1.04754817,1.04911983,0,
2024-11-28T00:00:00Z,1.05624509,1.05652404,1.05291975,1.05624509,0,
2024-11-29T00:00:00Z,1.05630088,1.05954659,1.05429626,1.05630088,0,
2024-12-02T00:00:00Z,1.05457425,1.05457425,1.04622209,1.05450749,0,
2024-12-03T00:00:00Z,1.05012238,1.05303061,1.04818511,1.05012238,0,
2024-12-04T00:00:00Z,1.05108261,1.05400741,1.04739463,1.05108261,0,
2024-12-05T00:00:00Z,1.05141413,1.05882847,1.05089486,1.05141413,0,
2024-12-06T00:00:00Z,1.05855954,1.06264281,1.05460751,1.05855954,0,
2024-12-09T00:00:00Z,1.05654633,1.05927718,1.05330789,1.05654633,0,
2024-12-10T00:00:00Z,1.05552042,1.05674732,1.05003405,1.05552042,0,
2024-12-11T00:00:00Z,1.05329680,1.05407393,1.04816306,1.05329680,0,
2024-12-12T00:00:00Z,1.05068505,1.05299735,1.04648483,1.05068505,0,
2024-12-13T00:00:00Z,1.04740560,1.05229926,1.04543459,1.04740560,0,
2024-12-16T00:00:00Z,1.05100524,1.05241001,1.04750431,1.05100524,0,
2024-12-17T00:00:00Z,1.05173481,1.05328572,1.04799831,1.05173481,0,
2024-12-18T00:00:00Z,1.04950511,1.05152476,1.04678059,1.04950511,0,
2024-12-20T00:00:00Z,1.03649497,1.04330766,1.03442574,1.03649497,0,
2024-12-23T00:00:00Z,1.04330766,1.04482293,1.03859413,1.04330766,0,
2024-12-24T00:00:00Z,1.04058266,1.04112446,1.03874516,1.04058266,0,
2024-12-25T00:00:00Z,1.04025793,1.04329681,1.04014981,1.04025793,0,
2024-12-26T00:00:00Z,1.03995514,1.04253542,1.03914464,1.03995514,0,
2024-12-27T00:00:00Z,1.04231811,1.04449546,1.04066944,1.04231811,0,
2024-12-30T00:00:00Z,1.04293776,1.04585004,1.03741968,1.04293776,0,
2024-12-31T00:00:00Z,1.04061520,1.04242682,1.03485394,1.04061520,0,
2025-01-02T00:00:00Z,1.03518605,1.03755963,1.02318537,1.03518605,0,
2025-01-03T00:00:00Z,1.02682054,1.03053474,1.02654648,1.02682054,0,
2025-01-06T00:00:00Z,1.03053474,1.04350364,1.02963281,1.03053474,0,
2025-01-07T00:00:00Z,1.03863728,1.04362345,1.03594732,1.03863728,0,
2025-01-08T00:00:00Z,1.03455412,1.03584003,1.02767527,1.03455412,0,
2025-01-09T00:00:00Z,1.03147018,1.03231132,1.02861607,1.03147018,0,
2025-01-10T00:00:00Z,1.02976012,1.03119361,1.02211869,1.02976012,0,
2025-01-13T00:00:00Z,1.02444315,1.02502072,1.01838183,1.02444315,0,
2025-01-14T00:00:00Z,1.02652538,1.03039670,1.02397120,1.02652538,0,
2025-01-15T00:00:00Z,1.03068352,1.03502524,1.02706313,1.03068352,0,
2025-01-16T00:00:00Z,1.02952683,1.03115106,1.02637792,1.02952683,0,
2025-01-17T00:00:00Z,1.03019500,1.03297246,1.02665186,1.03019500,0,
2025-01-21T00:00:00Z,1.04206824,1.04340565,1.03445780,1.04206824,0,
2025-01-22T00:00:00Z,1.04059350,1.04580629,1.04007399,1.04059350,0,
2025-01-23T00:00:00Z,1.04101598,1.04254627,1.03856182,1.04101598,0,
2025-01-24T00:00:00Z,1.04160154,1.05193400,1.04131961,1.04160154,0,
2025-01-27T00:00:00Z,1.04675865,1.05337453,1.04543459,1.04675865,0,
2025-01-28T00:00:00Z,1.04450643,1.04557669,1.04152560,1.04450643,0,
2025-01-29T00:00:00Z,1.04290509,1.04449546,1.03834617,1.04290509,0,
2025-01-30T00:00:00Z,1.04252458,1.04655063,1.03913379,1.04252458,0,
2025-01-31T00:00:00Z,1.03972793,1.04123282,1.03620505,1.03972793,0,
2025-02-03T00:00:00Z,1.02477920,1.03265250,1.02130437,1.02477920,0,
2025-02-04T00:00:00Z,1.03273785,1.03868043,1.02765417,1.03273785,0,
2025-02-05T00:00:00Z,1.03727984,1.04364526,1.03704321,1.03727984,0,
2025-02-06T00:00:00Z,1.04008484,1.04052866,1.03545392,1.04008484,0,
2025-02-07T00:00:00Z,1.03857255,1.04059350,1.03246057,1.03857255,0,
2025-02-10T00:00:00Z,1.03116167,1.03360236,1.02995098,1.03116167,0,
2025-02-11T00:00:00Z,1.03015256,1.03519666,1.02927256,1.03015256,0,
2025-02-12T00:00:00Z,1.03649497,1.03956592,1.03182137,1.03649497,0,
2025-02-13T00:00:00Z,1.03919864,1.04457188,1.03792572,1.03919864,0,
2025-02-14T00:00:00Z,1.04616737,1.05136991,1.04481196,1.04616737,0,
2025-02-17T00:00:00Z,1.04892170,1.05070710,1.04673684,1.04892170,0,
2025-02-18T00:00:00Z,1.04853678,1.04864669,1.04427731,1.04853678,0,
2025-02-19T00:00:00Z,1.04483378,1.04624403,1.04050696,1.04483378,0,
2025-02-20T00:00:00Z,1.04210091,1.04787755,1.04197061,1.04210091,0,
2025-02-21T00:00:00Z,1.05005622,1.05075133,1.04499757,1.05005622,0,
2025-02-24T00:00:00Z,1.04748237,1.05286431,1.04543459,1.04748237,0,
2025-02-25T00:00:00Z,1.04613447,1.05184543,1.04579532,1.04613447,0,
2025-02-26T00:00:00Z,1.05241001,1.05274248,1.04764700,1.05241001,0,
2025-02-27T00:00:00Z,1.04887772,1.04898775,1.04048526,1.04887772,0,
2025-02-28T00:00:00Z,1.03951180,1.04210091,1.03818440,1.03951180,0,
2025-03-03T00:00:00Z,1.04138470,1.05002308,1.03904736,1.04138470,0,
2025-03-04T00:00:00Z,1.04850376,1.05595505,1.04717529,1.04850376,0,
2025-03-05T00:00:00Z,1.06269932,1.07858574,1.06028795,1.06269932,0,
2025-03-06T00:00:00Z,1.07949388,1.08510470,1.07824850,1.07949388,0,
2025-03-07T00:00:00Z,1.07879519,1.08856571,1.07821357,1.07879519,0,
2025-03-10T00:00:00Z,1.08605933,1.08734655,1.08062541,1.08605933,0,
2025-03-11T00:00:00Z,1.08394039,1.09302759,1.08368194,1.08394039,0,
2025-03-12T00:00:00Z,1.09141707,1.09345782,1.08772504,1.09141707,0,
2025-03-13T00:00:00Z,1.08862495,1.08991826,1.08229792,1.08862495,0,
2025-03-14T00:00:00Z,1.08556414,1.09101224,1.08313024,1.08556414,0,
2025-03-17T00:00:00Z,1.08812749,1.09289610,1.08692110,1.08812749,0,
2025-03-18T00:00:00Z,1.09191763,1.09544623,1.08970439,1.09191763,0,
2025-03-19T00:00:00Z,1.09394825,1.09457088,1.08759487,1.09394825,0,
2025-03-20T00:00:00Z,1.09119081,1.09175074,1.08182967,1.09119081,0,
2025-03-21T00:00:00Z,1.08567023,1.08613014,1.08056712,1.08567023,0,
2025-03-24T00:00:00Z,1.08357620,1.08569384,1.07907450,1.08357620,0,
2025-03-25T00:00:00Z,1.08035696,1.08307159,1.07786500,1.08035696,0,
2025-03-26T00:00:00Z,1.07874870,1.08022857,1.07687831,1.07874870,0,
2025-03-27T00:00:00Z,1.07420611,1.08187640,1.07420611,1.07420611,0,
2025-03-28T00:00:00Z,1.08010018,1.08452809,1.07658851,1.08010018,0,
2025-03-30T23:00:00Z,1.08239162,1.08484578,1.07857406,1.08239162,0,
2025-03-31T23:00:00Z,1.08188808,1.08307159,1.07795787,1.08188808,0,
2025-04-01T23:00:00Z,1.07959878,1.08726382,1.07820201,1.07959878,0,
2025-04-02T23:00:00Z,1.09086943,1.11333787,1.08824587,1.09086943,0,
2025-04-03T23:00:00Z,1.10437441,1.11075318,1.09647918,1.10437441,0,
2025-04-06T23:00:00Z,1.09845448,1.10498452,1.09032238,1.09845448,0,
2025-04-07T23:00:00Z,1.09153616,1.09919095,1.08919406,1.09153616,0,
2025-04-08T23:00:00Z,1.09804440,1.10948384,1.09722507,1.09804440,0,
2025-04-10T23:00:00Z,1.12578380,1.14718366,1.12508726,1.12578380,0,
2025-04-13T23:00:00Z,1.13431418,1.14247847,1.12996900,1.13431418,0,
2025-04-14T23:00:00Z,1.13396680,1.13778591,1.12856627,1.13396680,0,
2025-04-21T23:00:00Z,1.15127790,1.15465438,1.14539671,1.15127790,0,
2025-04-22T23:00:00Z,1.13512528,1.14400768,1.13379967,1.13512528,0,
2025-04-23T23:00:00Z,1.13273370,1.13943231,1.13223350,1.13273370,0,
2025-04-24T23:00:00Z,1.13719070,1.13843346,1.13161850,1.13719070,0,
2025-04-27T23:00:00Z,1.13431418,1.14082325,1.13310599,1.13431418,0,
2025-04-28T23:00:00Z,1.14091432,1.14195669,1.13713896,1.14091432,0,
2025-04-29T23:00:00Z,1.13892627,1.13988698,1.13270807,1.13892627,0,
2025-04-30T23:00:00Z,1.13248992,1.13409543,1.12669706,1.13248992,0,
2025-05-01T23:00:00Z,1.12964988,1.13786352,1.12752283,1.12964988,0,
2025-05-04T23:00:00Z,1.13232327,1.13645399,1.13128567,1.13232327,0,
2025-05-05T23:00:00Z,1.13133693,1.13611829,1.12812066,1.13133693,0,
2025-05-06T23:00:00Z,1.13427556,1.13777292,1.13270807,1.13427556,0,
2025-05-07T23:00:00Z,1.13062060,1.13367116,1.12360811,1.13062060,0,
2025-05-08T23:00:00Z,1.12242270,1.12911427,1.11998391,1.12242270,0,
2025-05-11T23:00:00Z,1.12296462,1.12429023,1.10750556,1.12296462,0,
2025-05-13T23:00:00Z,1.11855567,1.12645590,1.11824298,1.11855567,0,
2025-05-14T23:00:00Z,1.11819303,1.12277555,1.11748075,1.11819303,0,
2025-05-15T23:00:00Z,1.11926937,1.12199450,1.11414409,1.11926937,0,
2025-05-18T23:00:00Z,1.11875594,1.12860453,1.11735594,1.11875594,0,
2025-05-19T23:00:00Z,1.12334299,1.12772620,1.12186861,1.12334299,0,
2025-05-20T23:00:00Z,1.12879550,1.13623452,1.12874460,1.12879550,0,
2025-05-21T23:00:00Z,1.13311875,1.13445568,1.12670982,1.13311875,0,
2025-05-22T23:00:00Z,1.12818432,1.13765645,1.12799346,1.12818432,0,
2025-05-25T23:00:00Z,1.13728118,1.14189148,1.13693213,1.13728118,0,
2025-05-26T23:00:00Z,1.13884842,1.14090133,1.13251567,1.13884842,0,
2025-05-27T23:00:00Z,1.13370979,1.13455868,1.12842619,1.13370979,0,
2025-05-28T23:00:00Z,1.12336826,1.13694501,1.12271249,1.12336826,0,
2025-05-29T23:00:00Z,1.13783765,1.13904297,1.13143933,1.13783765,0,
2025-06-02T23:00:00Z,1.14534426,1.14551473,1.13676405,1.14534426,0,
2025-06-03T23:00:00Z,1.13844645,1.14345837,1.13593757,1.13844645,0,
2025-06-04T23:00:00Z,1.14220440,1.14942527,1.14061499,1.14220440,0,
2025-06-05T23:00:00Z,1.14538348,1.14586914,1.13722956,1.14538348,0,
2025-06-08T23:00:00Z,1.14078414,1.14403379,1.13875759,1.14078414,0,
2025-06-09T23:00:00Z,1.14280486,1.14483285,1.13746238,1.14280486,0,
2025-06-10T23:00:00Z,1.14374602,1.14909506,1.14060199,1.14374602,0,
2025-06-11T23:00:00Z,1.15093338,1.16287184,1.15028465,1.15093338,0,
2025-06-12T23:00:00Z,1.16002548,1.16121089,1.14929318,1.16002548,0,
2025-06-15T23:00:00Z,1.15566850,1.16148067,1.15248525,1.15566850,0,
2025-06-16T23:00:00Z,1.15513456,1.15740740,1.15125144,1.15513456,0,
2025-06-17T23:00:00Z,1.14826381,1.15300357,1.14823747,1.14826381,0,
2025-06-18T23:00:00Z,1.14774978,1.14868593,1.14484584,1.14774978,0,
2025-06-19T23:00:00Z,1.15127790,1.15345573,1.14961028,1.15127790,0,
2025-06-22T23:00:00Z,1.15008628,1.15517461,1.14555407,1.15008628,0,
2025-06-23T23:00:00Z,1.15990448,1.16358900,1.15829217,1.15990448,0,
2025-06-24T23:00:00Z,1.16122437,1.16314232,1.15909779,1.16122437,0,
2025-06-25T23:00:00Z,1.16837442,1.17434287,1.16686118,1.16837442,0,
2025-06-26T23:00:00Z,1.16922140,1.17508817,1.16842902,1.16922140,0,
2025-06-29T23:00:00Z,1.17274535,1.17716300,1.17090535,1.17274535,0,
2025-06-30T23:00:00Z,1.17871702,1.18302596,1.17677510,1.17871702,0,
2025-07-01T23:00:00Z,1.18055391,1.18100011,1.17492247,1.18055391,0,
2025-07-02T23:00:00Z,1.18002450,1.18133497,1.17208564,1.18002450,0,
2025-07-03T23:00:00Z,1.17714918,1.17868936,1.17566836,1.17714918,0,
2025-07-06T23:00:00Z,1.17807829,1.17900896,1.17190707,1.17807829,0,
2025-07-07T23:00:00Z,1.17365384,1.17648447,1.16847003,1.17365384,0,
2025-07-08T23:00:00Z,1.17245662,1.17288303,1.16908479,1.17245662,0,
2025-07-09T23:00:00Z,1.17311692,1.17508817,1.16657531,1.17311692,0,
2025-07-10T23:00:00Z,1.17027497,1.17137170,1.16658890,1.17027497,0,
2025-07-13T23:00:00Z,1.16821063,1.16986430,1.16566420,1.16821063,0,
2025-07-14T23:00:00Z,1.16662979,1.16920781,1.16021395,1.16662979,0,
2025-07-15T23:00:00Z,1.16073918,1.17167366,1.15640354,1.16073918,0,
2025-07-16T23:00:00Z,1.16357541,1.16357541,1.15693867,1.16357541,0,
2025-07-17T23:00:00Z,1.16154814,1.16695642,1.16126490,1.16154814,0,
2025-07-20T23:00:00Z,1.16307461,1.17167366,1.16149414,1.16307461,0,
2025-07-21T23:00:00Z,1.16945386,1.17493629,1.16800594,1.16945386,0,
2025-07-22T23:00:00Z,1.17391562,1.17525387,1.17123449,1.17391562,0,
2025-07-23T23:00:00Z,1.17742646,1.17875874,1.17332327,1.17742646,0,
2025-07-24T23:00:00Z,1.17561316,1.17606938,1.17074084,1.17561316,0,
2025-07-27T23:00:00Z,1.17568219,1.17706609,1.16099524,1.17568219,0,
2025-07-28T23:00:00Z,1.15967572,1.16009283,1.15199411,1.15967572,0,
2025-07-29T23:00:00Z,1.15509450,1.15727353,1.14593470,1.15509450,0,
2025-07-30T23:00:00Z,1.14293551,1.14602673,1.14065409,1.14293551,0,
2025-07-31T23:00:00Z,1.14237404,1.15829217,1.13945830,1.14237404,0,
2025-08-03T23:00:00Z,1.15866804,1.15888286,1.15509450,1.15866804,0,
2025-08-04T23:00:00Z,1.15841293,1.15881562,1.15300357,1.15841293,0,
2025-08-05T23:00:00Z,1.15791667,1.16464603,1.15651059,1.15791667,0,
2025-08-06T23:00:00Z,1.16631675,1.16953588,1.16142666,1.16631675,0,
2025-08-07T23:00:00Z,1.16766500,1.16792417,1.16307461,1.16766500,0,
2025-08-10T23:00:00Z,1.16479528,1.16767859,1.15911114,1.16479528,0,
2025-08-11T23:00:00Z,1.16184497,1.16945386,1.15993142,1.16184497,0,
2025-08-12T23:00:00Z,1.16770589,1.17306185,1.16718793,1.16770589,0,
2025-08-13T23:00:00Z,1.17128932,1.17156386,1.16384625,1.17128932,0,
2025-08-14T23:00:00Z,1.16513455,1.17152262,1.16478169,1.16513455,0,
2025-08-17T23:00:00Z,1.17065871,1.17109728,1.16616714,1.17065871,0,
2025-08-18T23:00:00Z,1.16683388,1.16934443,1.16410375,1.16683388,0,
2025-08-19T23:00:00Z,1.16425276,1.16725612,1.16238523,1.16425276,0,
2025-08-20T23:00:00Z,1.16517520,1.16619432,1.16026783,1.16517520,0,
2025-08-21T23:00:00Z,1.16130531,1.17303431,1.15835929,1.16130531,0,
2025-08-24T23:00:00Z,1.17096019,1.17197573,1.16672504,1.17096019,0,
2025-08-25T23:00:00Z,1.16184497,1.16645288,1.16025436,1.16184497,0,
2025-08-26T23:00:00Z,1.16394114,1.16427994,1.15747440,1.16394114,0,
2025-08-27T23:00:00Z,1.16479528,1.16877043,1.16295302,1.16479528,0,
2025-08-28T23:00:00Z,1.16815603,1.17074084,1.16543329,1.16815603,0,
2025-08-31T23:00:00Z,1.16918039,1.17358494,1.16886604,1.16918039,0,
2025-09-01T23:00:00Z,1.17159128,1.17160499,1.16134584,1.17159128,0,
2025-09-02T23:00:00Z,1.16360259,1.16822433,1.16098177,1.16360259,0,
2025-09-03T23:00:00Z,1.16604483,1.16679311,1.16322351,1.16604483,0,
2025-09-04T23:00:00Z,1.16569138,1.17591727,1.16532469,1.16569138,0,
2025-09-07T23:00:00Z,1.17131686,1.17558539,1.17057645,1.17131686,0,
2025-09-08T23:00:00Z,1.17691362,1.17803669,1.17186582,1.17691362,0,
2025-09-09T23:00:00Z,1.17027497,1.17302048,1.16886604,1.17027497,0,
2025-09-10T23:00:00Z,1.17034352,1.17456365,1.16688836,1.17034352,0,
2025-09-11T23:00:00Z,1.17347479,1.17481208,1.17026126,1.17347479,0,
2025-09-14T23:00:00Z,1.17264915,1.17744017,1.17171478,1.17264915,0,
2025-09-15T23:00:00Z,1.17637372,1.18525541,1.17583430,1.17637372,0,
2025-09-16T23:00:00Z,1.18714082,1.18729591,1.18343186,1.18714082,0,
2025-09-17T23:00:00Z,1.18263412,1.18483412,1.17512965,1.18263412,0,
2025-09-18T23:00:00Z,1.17910624,1.17938435,1.17303431,1.17910624,0,
2025-09-21T23:00:00Z,1.17369509,1.17868936,1.17271781,1.17369509,0,
2025-09-22T23:00:00Z,1.18010807,1.18200517,1.17817545,1.18010807,0,
2025-09-23T23:00:00Z,1.18144655,1.18165588,1.17313063,1.18144655,0,
2025-09-24T23:00:00Z,1.17446709,1.17543340,1.16679311,1.17446709,0,
2025-09-25T23:00:00Z,1.16627598,1.17022026,1.16593599,1.16627598,0,
2025-09-28T23:00:00Z,1.17082310,1.17548871,1.17053533,1.17082310,0,
2025-09-29T23:00:00Z,1.17314434,1.17594492,1.17131686,1.17314434,0,
2025-09-30T23:00:00Z,1.17358494,1.17788398,1.17168736,1.17358494,0,
2025-10-01T23:00:00Z,1.17340589,1.17591727,1.16856551,1.17340589,0,
2025-10-02T23:00:00Z,1.17251170,1.17566836,1.17161870,1.17251170,0,
2025-10-05T23:00:00Z,1.17124820,1.17315817,1.16540611,1.17124820,0,
2025-10-06T23:00:00Z,1.17102873,1.17109728,1.16551471,1.17102873,0,
2025-10-08T23:00:00Z,1.16319644,1.16495812,1.15492117,1.16319644,0,
2025-10-09T23:00:00Z,1.15664434,1.16299355,1.15608275,1.15664434,0,
2025-10-12T23:00:00Z,1.16024089,1.16296649,1.15593565,1.16024089,0,
2025-10-13T23:00:00Z,1.15668452,1.16072571,1.15452111,1.15668452,0,
2025-10-15T23:00:00Z,1.16463244,1.16782868,1.16433406,1.16463244,0,
2025-10-16T23:00:00Z,1.16996014,1.17284167,1.16581368,1.16996014,0,
2025-10-19T23:00:00Z,1.16574574,1.16767859,1.16453755,1.16574574,0,
2025-10-20T23:00:00Z,1.16444254,1.16563702,1.15985060,1.16444254,0,
2025-10-21T23:00:00Z,1.16003895,1.16165602,1.15776920,1.16003895,0,
2025-10-22T23:00:00Z,1.16084695,1.16211510,1.15864110,1.16084695,0,
2025-10-23T23:00:00Z,1.16180456,1.16476810,1.16017354,1.16180456,0,
2025-10-27T00:00:00Z,1.16316938,1.16495812,1.16187203,1.16316938,0,
2025-10-28T00:00:00Z,1.16517520,1.16686118,1.16279066,1.16517520,0,
2025-10-29T00:00:00Z,1.16578650,1.16658890,1.16198003,1.16578650,0,
2025-10-30T00:00:00Z,1.16033518,1.16346717,1.15476108,1.16033518,0,
2025-10-31T00:00:00Z,1.15724671,1.15778267,1.15237904,1.15724671,0,
2025-11-03T00:00:00Z,1.15280426,1.15420127,1.15061557,1.15280426,0,
2025-11-04T00:00:00Z,1.15191448,1.15329611,1.14735484,1.15191448,0,
2025-11-05T00:00:00Z,1.14855397,1.14979541,1.14701259,1.14855397,0,
2025-11-06T00:00:00Z,1.14967644,1.15429449,1.14938569,1.14967644,0,
2025-11-07T00:00:00Z,1.15492117,1.15899026,1.15304351,1.15492117,0,
2025-11-10T00:00:00Z,1.15545487,1.15822506,1.15437448,1.15438783,0,
2025-11-11T00:00:00Z,1.15573537,1.16063142,1.15481448,1.15572202,0,
2025-11-12T00:00:00Z,1.15888286,1.15979683,1.15632331,1.15874863,0,
2025-11-13T00:00:00Z,1.15924549,1.16493094,1.15798378,1.15921867,0,
2025-11-14T00:00:00Z,1.16307461,1.16536534,1.16080654,1.16319644,0,
2025-11-17T00:00:00Z,1.16146719,1.16171002,1.15830564,1.16153455,0,
2025-11-18T00:00:00Z,1.15900373,1.16069877,1.15738058,1.15905738,0,
2025-11-19T00:00:00Z,1.15810442,1.15975654,1.15353560,1.15811777,0,
2025-11-20T00:00:00Z,1.15406811,1.15513456,1.15077448,1.15406811,0,
2025-11-21T00:00:00Z,1.15353560,1.15520132,1.14921391,1.15345573,0,
2025-11-24T00:00:00Z,1.15078771,1.15513456,1.15028465,1.15076125,0,
2025-11-25T00:00:00Z,1.15207374,1.15834582,1.15121162,1.15200734,0,
2025-11-26T00:00:00Z,1.15657747,1.16022742,1.15496111,1.15648377,0,
2025-11-27T00:00:00Z,1.16036201,1.16157508,1.15771556,1.16021395,0,
2025-11-28T00:00:00Z,1.16002548,1.16067183,1.15573537,1.15998518,0,
2025-12-01T00:00:00Z,1.16021395,1.16518879,1.15900373,1.16014659,0,
2025-12-02T00:00:00Z,1.16076612,1.16238523,1.15929925,1.16076612,0,
2025-12-04T00:00:00Z,1.16667056,1.16822433,1.16536534,1.16668415,0,
2025-12-05T00:00:00Z,1.16445613,1.16714716,1.16285825,1.16427994,0,
2025-12-08T00:00:00Z,1.16411722,1.16725612,1.16169655,1.16402245,0,
2025-12-09T00:00:00Z,1.16414428,1.16567779,1.16169655,1.16414428,0,
2025-12-10T00:00:00Z,1.16284478,1.16574574,1.16223669,1.16283131,0,
2025-12-11T00:00:00Z,1.17019284,1.17594492,1.16830623,1.17012429,0,
2025-12-12T00:00:00Z,1.17413616,1.17467403,1.17201698,1.17394316,0,
2025-12-15T00:00:00Z,1.17375028,1.17691362,1.17270422,1.17376399,0,
2025-12-16T00:00:00Z,1.17550254,1.18047035,1.17460501,1.17546105,0,
2025-12-17T00:00:00Z,1.17496383,1.17579281,1.17045307,1.17495000,0,
2025-12-18T00:00:00Z,1.17421889,1.17588961,1.17134428,1.17423260,0,
2025-12-19T00:00:00Z,1.17253911,1.17375028,1.17041206,1.17256665,0,
2025-12-23T00:00:00Z,1.17644286,1.18035889,1.17642903,1.17659509,0,
2025-12-24T00:00:00Z,1.17956519,1.18091631,1.17742646,1.17955136,0,
2025-12-26T00:00:00Z,1.17838371,1.17994094,1.17630446,1.17853642,0,
2025-12-29T00:00:00Z,1.17749572,1.17885602,1.17540586,1.17727387,0,
2025-12-30T00:00:00Z,1.17730165,1.17813385,1.17461884,1.17728782,0,
2025-12-31T00:00:00Z,1.17464638,1.17587566,1.17208564,1.17472923,0,
2026-01-02T00:00:00Z,1.17511582,1.17674744,1.17134428,1.17504668,0,
2026-01-05T00:00:00Z,1.17064488,1.17186582,1.16600394,1.17046678,0,
2026-01-06T00:00:00Z,1.17164612,1.17453599,1.16841543,1.17149520,0,
2026-01-07T00:00:00Z,1.16878414,1.17054892,1.16744685,1.16882515,0,
2026-01-08T00:00:00Z,1.16774678,1.16849732,1.16528380,1.16767859,0,
2026-01-09T00:00:00Z,1.16581368,1.16604483,1.16192603,1.16578650,0,
2026-01-12T00:00:00Z,1.16249335,1.16986430,1.16230416,1.16237164,0,
2026-01-13T00:00:00Z,1.16679311,1.16754234,1.16352129,1.16669786,0,
2026-01-14T00:00:00Z,1.16433406,1.16631675,1.16371083,1.16425276,0,
2026-01-15T00:00:00Z,1.16451037,1.16468668,1.15939343,1.16463244,0,
2026-01-16T00:00:00Z,1.16095471,1.16265559,1.15854716,1.16090083,0,
2026-01-19T00:00:00Z,1.16238523,1.16495812,1.16095471,1.16249335,0,
2026-01-20T00:00:00Z,1.16399527,1.17470169,1.16334534,1.16391397,0,
2026-01-21T00:00:00Z,1.17260790,1.17426026,1.16970003,1.17278659,0,
2026-01-23T00:00:00Z,1.17539203,1.17756498,1.17289662,1.17546105,0,
2026-01-26T00:00:00Z,1.18581760,1.19049037,1.18371212,1.18584573,0,
2026-01-27T00:00:00Z,1.18742287,1.19898331,1.18518519,1.18764842,0,
2026-01-28T00:00:00Z,1.20226991,1.20235658,1.19219351,1.20176423,0,
2026-01-29T00:00:00Z,1.19766223,1.19945776,1.19084477,1.19777691,0,
2026-01-30T00:00:00Z,1.19678783,1.19734669,1.18739462,1.19657302,0,
2026-02-02T00:00:00Z,1.18504477,1.18750739,1.17907846,1.18491828,0,
2026-02-03T00:00:00Z,1.17991316,1.18245232,1.17807829,1.17987144,0,
2026-02-04T00:00:00Z,1.18162811,1.18385231,1.17923141,1.18161404,0,
2026-02-05T00:00:00Z,1.18023348,1.18204701,1.17805052,1.18016386,0,
2026-02-06T00:00:00Z,1.17774534,1.18264818,1.17674744,1.17778695,0,
2026-02-09T00:00:00Z,1.18262029,1.19252050,1.18178165,1.18257821,0,
2026-02-10T00:00:00Z,1.19047618,1.19284773,1.18901825,1.19040537,0,
2026-02-11T00:00:00Z,1.18879211,1.19273388,1.18390834,1.18896174,0,
2026-02-12T00:00:00Z,1.18753564,1.18906057,1.18532574,1.18760622,0,
2026-02-13T00:00:00Z,1.18697178,1.18794465,1.18487620,1.18684494,0,
2026-02-16T00:00:00Z,1.18670416,1.18708456,1.18476391,1.18674648,0,
2026-02-17T00:00:00Z,1.18508685,1.18525541,1.18055391,1.18498850,0,
2026-02-18T00:00:00Z,1.18515706,1.18539596,1.18104184,1.18518519,0,
2026-02-19T00:00:00Z,1.17910624,1.18077695,1.17430162,1.17888391,0,
2026-02-20T00:00:00Z,1.17691362,1.18060970,1.17454982,1.17691362,0,
2026-02-24T00:00:00Z,1.17931485,1.17966259,1.17673361,1.17938435,0,
2026-02-25T00:00:00Z,1.17755115,1.18079090,1.17713523,1.17752337,0,
2026-02-26T00:00:00Z,1.18154430,1.18301189,1.17824483,1.18151641,0,
2026-02-27T00:00:00Z,1.18034494,1.18239641,1.17905068,1.18030310,0,
2026-03-02T00:00:00Z,1.17601407,1.17957914,1.16728342,1.17594492,0,
2026-03-03T00:00:00Z,1.16945386,1.17071342,1.15320301,1.16972744,0,
2026-03-04T00:00:00Z,1.16108954,1.16548765,1.15767539,1.16122437,0,
2026-03-05T00:00:00Z,1.16352129,1.16468668,1.15618968,1.16356182,0,
2026-03-06T00:00:00Z,1.16071224,1.16225004,1.15476108,1.16080654,0,
2026-03-09T00:00:00Z,1.15256500,1.15936649,1.15081418,1.15232599,0,
2026-03-10T00:00:00Z,1.16166949,1.16638482,1.16084695,1.16172349,0,
2026-03-11T00:00:00Z,1.16131878,1.16440189,1.15669787,1.16112995,0,
2026-03-12T00:00:00Z,1.15417469,1.15673804,1.15114534,1.15432119,0,
2026-03-13T00:00:00Z,1.15221977,1.15292382,1.14348447,1.15216660,0,
2026-03-16T00:00:00Z,1.14382446,1.15012598,1.14156556,1.14351058,0,
2026-03-17T00:00:00Z,1.14978218,1.15421462,1.14669693,1.14995396,0,
2026-03-18T00:00:00Z,1.15390825,1.15566850,1.14925361,1.15394819,0,
2026-03-19T00:00:00Z,1.14628947,1.15365529,1.14450526,1.14644718,0,
2026-03-20T00:00:00Z,1.15756822,1.15811777,1.15264475,1.15775573,0,
2026-03-23T00:00:00Z,1.15637684,1.16379201,1.14850116,1.15601587,0,
2026-03-24T00:00:00Z,1.16077960,1.16165602,1.15692544,1.16071224,0,
2026-03-25T00:00:00Z,1.16138625,1.16319644,1.15636349,1.16146719,0,
2026-03-26T00:00:00Z,1.15647042,1.15740740,1.15239239,1.15614963,0,
2026-03-27T00:00:00Z,1.15353560,1.15473437,1.15029788,1.15350902,0,
2026-03-29T23:00:00Z,1.14918756,1.15233922,1.14438736,1.14920068,0,
2026-03-30T23:00:00Z,1.14579034,1.15388167,1.14492452,1.14600039,0,
2026-03-31T23:00:00Z,1.15711272,1.16265559,1.15558839,1.15742075,0,
2026-04-01T23:00:00Z,1.15915155,1.15987754,1.15103936,1.15905738,0,
2026-04-02T23:00:00Z,1.15438783,1.15486777,1.15208697,1.15417469,0,
2026-04-05T23:00:00Z,1.15118515,1.15700567,1.15069497,1.15099967,0,
2026-04-06T23:00:00Z,1.15405476,1.15834582,1.15252519,1.15412128,0,
2026-04-07T23:00:00Z,1.16904366,1.17233300,1.16668415,1.16866124,0,
2026-04-08T23:00:00Z,1.16581368,1.17063117,1.16510737,1.16593599,0,
2026-04-09T23:00:00Z,1.16919410,1.17412233,1.16781497,1.16912568,0,
2026-04-12T23:00:00Z,1.16721523,1.17194819,1.16714716,1.16751504,0,
2026-04-13T23:00:00Z,1.17634594,1.18105590,1.17569602,1.17688596,0,
2026-04-14T23:00:00Z,1.17981565,1.18105590,1.17739868,1.17994094,0,
2026-04-15T23:00:00Z,1.18077695,1.18238258,1.17695522,1.18091631,0,
2026-04-16T23:00:00Z,1.17789793,1.18511498,1.17728782,1.17827272,0,
2026-04-19T23:00:00Z,1.17391562,1.17910624,1.17391562,1.17412233,0,
2026-04-20T23:00:00Z,1.17838371,1.17882824,1.17431533,1.17843926,0,
2026-04-21T23:00:00Z,1.17457747,1.17611086,1.17137170,1.17442572,0,
2026-04-22T23:00:00Z,1.17049420,1.17164612,1.16792417,1.17060375,0,
2026-04-23T23:00:00Z,1.16840172,1.17205811,1.16732430,1.16838801,0,
2026-04-26T23:00:00Z,1.17059016,1.17564070,1.17059016,1.17064488,0,
2026-04-27T23:00:00Z,1.17231917,1.17288303,1.16782868,1.17234671,0,
2026-04-28T23:00:00Z,1.17193449,1.17219555,1.16836083,1.17178345,0,
2026-04-29T23:00:00Z,1.16877043,1.17384672,1.16562343,1.16847003,0,
2026-04-30T23:00:00Z,1.17302048,1.17845321,1.17193449,1.17291045,0,
2026-05-03T23:00:00Z,1.17260790,1.17384672,1.16908479,1.17266285,0,
2026-05-04T23:00:00Z,1.16919410,1.17164612,1.16774678,1.16919410,0,
2026-05-05T23:00:00Z,1.17150891,1.17966259,1.17126191,1.17157745,0,
2026-05-06T23:00:00Z,1.17481208,1.17799497,1.17467403,1.17474306,0,
2026-05-07T23:00:00Z,1.17308927,1.17846704,1.17252541,1.17315817,0,
2026-05-10T23:00:00Z,1.17688596,1.17896724,1.17493629,1.17688596,0,
2026-05-12T23:00:00Z,1.17362618,1.17426026,1.16963172,1.17354369,0,
2026-05-13T23:00:00Z,1.17178345,1.17215431,1.16724253,1.17160499,0,
2026-05-14T23:00:00Z,1.16624880,1.16645288,1.16183150,1.16620803,0,
2026-05-17T23:00:00Z,1.16171002,1.16590881,1.16090083,1.16144013,0,
2026-05-19T23:00:00Z,1.16053712,1.16441548,1.15835929,1.16071224,0,
2026-05-20T23:00:00Z,1.16250682,1.16373789,1.15772903,1.16253388,0,
2026-05-24T23:00:00Z,1.16407669,1.16550124,1.16303408,1.16422570,0,
2026-05-25T23:00:00Z,1.16361606,1.16468668,1.16173708,1.16373789,0,
2026-05-26T23:00:00Z,1.16385984,1.16608560,1.16238523,1.16368377,0,
2026-05-27T23:00:00Z,1.16176403,1.16577291,1.15874863,1.16179097,0,
2026-05-28T23:00:00Z,1.16533816,1.16855192,1.16258800,1.16528380,0,
2026-05-31T23:00:00Z,1.16480875,1.16672504,1.16073918,1.16489017,0,
2026-06-01T23:00:00Z,1.16356182,1.16550124,1.16291237,1.16354835,0,
2026-06-02T23:00:00Z,1.16215563,1.16360259,1.15954125,1.16220963,0,
2026-06-03T23:00:00Z,1.16092789,1.16468668,1.15990448,1.16094124,0,
2026-06-04T23:00:00Z,1.16144013,1.16455114,1.15310991,1.16126490,0,
2026-06-07T23:00:00Z,1.15247202,1.15542817,1.15008628,1.15225959,0,
2026-06-08T23:00:00Z,1.15279090,1.15780950,1.15279090,1.15284407,0,
2026-06-09T23:00:00Z,1.15353560,1.15740740,1.15340257,1.15353560,0,
2026-06-10T23:00:00Z,1.15380180,1.15580213,1.15145028,1.15356219,0,
2026-06-11T23:00:00Z,1.15735376,1.15915155,1.15580213,1.15759492,0,
2026-06-14T23:00:00Z,1.16064477,1.16225004,1.15946066,1.16030812,0,
2026-06-15T23:00:00Z,1.15928578,1.16184497,1.15754139,1.15942025,0,
2026-06-16T23:00:00Z,1.16092789,1.16184497,1.15865457,1.16099524,0,
2026-06-17T23:00:00Z,1.15114534,1.15300357,1.14542282,1.15073478,0,
2026-06-18T23:00:00Z,1.14639461,1.14757860,1.14182627,1.14585602,0,
2026-06-21T23:00:00Z,1.14636827,1.14731526,1.14260900,1.14627635,0,
2026-06-22T23:00:00Z,1.14253068,1.14390302,1.13766932,1.14271355,0,
2026-06-23T23:00:00Z,1.13792825,1.13843346,1.13254130,1.13795424,0,
2026-06-24T23:00:00Z,1.13534439,1.13883543,1.13342702,1.13542175,0,
2026-06-25T23:00:00Z,1.13638937,1.14339292,1.13548613,1.13616991,0,
2026-06-28T23:00:00Z,1.13844645,1.14259601,1.13817441,1.13856316,0,
2026-06-29T23:00:00Z,1.14189148,1.14344525,1.13832986,1.14220440,0,
2026-06-30T23:00:00Z,1.14125288,1.14168286,1.13620877,1.14133108,0,
2026-07-01T23:00:00Z,1.13778591,1.14717054,1.13753998,1.13779879,0,
2026-07-02T23:00:00Z,1.14237404,1.14652598,1.14211309,1.14226961,0,
2026-07-05T23:00:00Z,1.14358902,1.14442670,1.14097941,1.14377213,0,
2026-07-06T23:00:00Z,1.14423025,1.14471483,1.14229584,1.14417779,0,
2026-07-07T23:00:00Z,1.14009488,1.14324915,1.13918567,1.14038086,0,
2026-07-08T23:00:00Z,1.14219141,1.14508188,1.14212620,1.14220440,0,
2026-07-09T23:00:00Z,1.14337981,1.14626324,1.14183927,1.14334059,0,
2026-07-12T23:00:00Z,1.14036787,1.14457071,1.13867986,1.14044595,0,
2026-07-13T23:00:00Z,1.13836873,1.14613175,1.13787651,1.13843346,0,
2026-07-14T23:00:00Z,1.14254367,1.14455760,1.14065409,1.14246547,0,
2026-07-15T23:00:00Z,1.14731526,1.14784205,1.14383757,1.14702582,0,
2026-07-16T23:00:00Z,1.14468861,1.14534426,1.14254367,1.14446592,0,
2026-07-19T23:00:00Z,1.14271355,1.14495075,1.14052403,1.14276576,0,
2026-07-20T23:00:00Z,1.14160466,1.14285719,1.14032888,1.14181316,0,
2026-07-21T23:00:00Z,1.14017284,1.14211309,1.13996494,1.14038086,0,
2026-07-22T23:00:00Z,1.14126587,1.14377213,1.13650572,1.14117467,0,
2026-07-23T23:00:00Z,1.13761759,1.13999093,1.13675117,1.13768232,0,
2026-07-26T23:00:00Z,1.13978302,1.14181316,1.13699675,1.13949728,0,
2026-07-27T23:00:00Z,1.13685453,1.14018583,1.13544750,1.13694501,0,
2026-07-28T23:00:00Z,1.13838160,1.14051092,1.13759172,1.13865387,0,
2026-07-29T23:00:00Z,1.14678907,1.15348232,1.14353669,1.14672327,0,
2026-07-30T23:00:00Z,1.15260482,1.15260482,1.14590859,1.15235257,0,
2026-08-02T23:00:00Z,1.15400147,1.15552175,1.15028465,1.15440118,0,
2026-08-03T23:00:00Z,1.15081418,1.15313649,1.15035081,1.15073478,0,
2026-08-04T23:00:00Z,1.15321636,1.15593565,1.15275109,1.15324283,0,
2026-08-05T23:00:00Z,1.15557516,1.15620303,1.15200734,1.15573537,0,
2026-08-06T23:00:00Z,1.15232599,1.15794349,1.15184808,1.15247202,0,
2026-08-09T23:00:00Z,1.15557516,1.15660417,1.15445447,1.15564179,0,
2026-08-10T23:00:00Z,1.15466774,1.15526807,1.15320301,1.15464115,0,
2026-08-11T23:00:00Z,1.15434790,1.15624309,1.15326953,1.15437448,0,
2026-08-12T23:00:00Z,1.15288401,1.15473437,1.15127790,1.15300357,0,
2026-08-13T23:00:00Z,1.15341592,1.15861428,1.15325618,1.15353560,0,
2026-08-17T23:00:00Z,1.15848005,1.15888286,1.15672457,1.15827882,0,
2026-08-18T23:00:00Z,1.15768886,1.16781497,1.15723324,1.15794349,0,
2026-08-19T23:00:00Z,1.16754234,1.17109728,1.16702449,1.16737878,0,
2026-08-20T23:00:00Z,1.16875672,1.17123449,1.16699731,1.16878414,0,
2026-08-23T23:00:00Z,1.16849732,1.16918039,1.16608560,1.16815603,0,
2026-08-24T23:00:00Z,1.16684747,1.16754234,1.16517520,1.16683388,0,
2026-08-25T23:00:00Z,1.16747415,1.16781497,1.16426635,1.16747415,0,
2026-08-26T23:00:00Z,1.16552830,1.16618073,1.16369724,1.16548765,0,
2026-08-27T23:00:00Z,1.16533816,1.16563702,1.15955472,1.16563702,0,
2026-08-30T23:00:00Z,1.15899026,1.16225004,1.15853369,1.15889621,0,
2026-08-31T23:00:00Z,1.16172349,1.16252041,1.15888286,1.16176403,0,
2026-09-01T23:00:00Z,1.15903056,1.16048324,1.15669787,1.15955472,0,
2026-09-02T23:00:00Z,1.15849352,1.16288543,1.15848005,1.15853369,0,
2026-09-03T23:00:00Z,1.16285825,1.16329122,1.15873516,1.16283131,0,
2026-09-06T23:00:00Z,1.16135919,1.16352129,1.16076612,1.16139972,0,
2026-09-07T23:00:00Z,1.16280425,1.16357541,1.16091430,1.16276371,0,
2026-09-08T23:00:00Z,1.16289890,1.16536534,1.16216910,1.16273665,0,
2026-09-09T23:00:00Z,1.16360259,1.16427994,1.15928578,1.16338587,0,
2026-09-10T23:00:00Z,1.16117048,1.16198003,1.15717971,1.16099524,0,
2026-09-13T23:00:00Z,1.15946066,1.15955472,1.15236580,1.15939343,0,
2026-09-14T23:00:00Z,1.15482771,1.15526807,1.15275109,1.15485442,0,
2026-09-15T23:00:00Z,1.15369534,1.15556169,1.15308332,1.15376186,0,
2026-09-16T23:00:00Z,1.14681530,1.14978218,1.14567220,1.14698625,0,
2026-09-17T23:00:00Z,1.14748645,1.14942527,1.14555407,1.14760494,0,
2026-09-20T23:00:00Z,1.14793432,1.14945173,1.14673638,1.14797378,0,
2026-09-21T23:00:00Z,1.14643407,1.14810562,1.14314461,1.14646029,0,
2026-09-22T23:00:00Z,1.14471483,1.14508188,1.13847244,1.14479351,0,
2026-09-23T23:00:00Z,1.13829100,1.13999093,1.13604093,1.13818729,0,
2026-09-24T23:00:00Z,1.13735878,1.14116168,1.13686752,1.13747525,0,
2026-09-27T23:00:00Z,1.13782465,1.13921165,1.13543463,1.13779879,0,
2026-09-28T23:00:00Z,1.13707423,1.13726830,1.13282359,1.13726830,0,
2026-09-29T23:00:00Z,1.13404405,1.13777292,1.13292623,1.13408256,0,
2026-09-30T23:00:00Z,1.13268244,1.13391542,1.12194419,1.13272083,0,
2026-10-01T23:00:00Z,1.12488472,1.12852800,1.12233448,1.12498593,0,
2026-10-02T21:29:47Z,1.12435353,1.12879550,1.12246037,1.12574577,0,
