timestamp,open,high,low,close,volume,spread_points
2003-12-01T00:00:00Z,1.72381091,1.72720516,1.71839023,1.71859694,0,
2003-12-02T00:00:00Z,1.71901047,1.73211169,1.71729827,1.73031342,0,
2003-12-03T00:00:00Z,1.73049295,1.73181164,1.72520888,1.72810054,0,
2003-12-04T00:00:00Z,1.72741413,1.72899711,1.71830165,1.72069657,0,
2003-12-05T00:00:00Z,1.72060776,1.73310220,1.71980882,1.73310220,0,
2003-12-08T00:00:00Z,1.72950542,1.73620152,1.72750354,1.73421431,0,
2003-12-09T00:00:00Z,1.73370326,1.74779344,1.73361290,1.74541402,0,
2003-12-10T00:00:00Z,1.74529219,1.74800718,1.73590016,1.73979616,0,
2003-12-11T00:00:00Z,1.74000800,1.74770188,1.73789120,1.74620640,0,
2003-12-12T00:00:00Z,1.74629784,1.75109875,1.74428749,1.74730492,0,
2003-12-15T00:00:00Z,1.73940277,1.74858809,1.73888862,1.74730492,0,
2003-12-16T00:00:00Z,1.74721313,1.75611126,1.74401367,1.75420129,0,
2003-12-17T00:00:00Z,1.75420129,1.76909745,1.75039375,1.76550555,0,
2003-12-18T00:00:00Z,1.76541209,1.77481174,1.76379287,1.77100861,0,
2003-12-19T00:00:00Z,1.77119684,1.77279818,1.76261139,1.76519382,0,
2003-12-22T00:00:00Z,1.76279795,1.76719034,1.76059437,1.76429081,0,
2003-12-23T00:00:00Z,1.76379287,1.83439112,1.76301539,1.76419747,0,
2003-12-24T00:00:00Z,1.76379287,1.77660906,1.76351297,1.77559972,0,
2003-12-25T00:00:00Z,1.77500093,1.77629364,1.77229559,1.77541053,0,
2003-12-26T00:00:00Z,1.77528453,1.77629364,1.77019346,1.77201283,0,
2003-12-29T00:00:00Z,1.77238977,1.77730370,1.77060091,1.77449703,0,
2003-12-30T00:00:00Z,1.77408779,1.78151500,1.77289236,1.77799892,0,
2003-12-31T00:00:00Z,1.77799892,1.79439783,1.77780938,1.78881276,0,
2004-01-01T00:00:00Z,1.78881276,1.78881276,1.78170550,1.78520429,0,
2004-01-02T00:00:00Z,1.78558671,1.79500985,1.77920115,1.79368973,0,
2004-01-05T00:00:00Z,1.79549336,1.81031525,1.79510653,1.80720711,0,
2004-01-06T00:00:00Z,1.80740309,1.82778597,1.80551040,1.82129467,0,
2004-01-07T00:00:00Z,1.82089674,1.82558370,1.81271076,1.81778526,0,
2004-01-08T00:00:00Z,1.81669533,1.83560336,1.81110203,1.83388662,0,
2004-01-09T00:00:00Z,1.83398736,1.85068655,1.82908976,1.84808719,0,
2004-01-12T00:00:00Z,1.84730208,1.85780370,1.84539294,1.84559727,0,
2004-01-13T00:00:00Z,1.84569943,1.85370553,1.84060383,1.84880483,0,
2004-01-14T00:00:00Z,1.84890735,1.84890735,1.76410389,1.83170319,0,
2004-01-15T00:00:00Z,1.83301258,1.83530009,1.81851244,1.82518387,0,
2004-01-16T00:00:00Z,1.82538378,1.82688451,1.79449451,1.79901421,0,
2004-01-19T00:00:00Z,1.79988849,1.80219138,1.78278542,1.78329408,0,
2004-01-20T00:00:00Z,1.78300786,1.82219076,1.78291249,1.81881011,0,
2004-01-21T00:00:00Z,1.81890929,1.83671606,1.81550813,1.83281100,0,
2004-01-22T00:00:00Z,1.83271027,1.84750676,1.83271027,1.84369183,0,
2004-01-23T00:00:00Z,1.84338593,1.85188615,1.81788433,1.82778597,0,
2004-01-26T00:00:00Z,1.82498395,1.83029497,1.81129897,1.81501377,0,
2004-01-27T00:00:00Z,1.81501377,1.82919025,1.80280876,1.82668424,0,
2004-01-28T00:00:00Z,1.82688451,1.83850574,1.81280923,1.81511259,0,
2004-01-29T00:00:00Z,1.81511259,1.82668424,1.80969274,1.81709158,0,
2004-01-30T00:00:00Z,1.81629944,1.82628393,1.80658686,1.82528377,0,
2004-02-02T00:00:00Z,1.82478428,1.82738519,1.81419063,1.82159317,0,
2004-02-03T00:00:00Z,1.83240795,1.84009564,1.82908976,1.83789754,0,
2004-02-04T00:00:00Z,1.83759356,1.84009564,1.82908976,1.83220649,0,
2004-02-05T00:00:00Z,1.83240795,1.84240091,1.83089817,1.83621001,0,
2004-02-06T00:00:00Z,1.83631110,1.85041261,1.83240795,1.84750676,0,
2004-02-09T00:00:00Z,1.84518874,1.86268306,1.84518874,1.85970390,0,
2004-02-10T00:00:00Z,1.85980773,1.87339592,1.85839057,1.86730909,0,
2004-02-11T00:00:00Z,1.86730909,1.89379597,1.86581087,1.89250565,0,
2004-02-12T00:00:00Z,1.89261305,1.89530337,1.88860977,1.89300728,0,
2004-02-13T00:00:00Z,1.89268482,1.89789331,1.88008809,1.88529837,0,
2004-02-16T00:00:00Z,1.88469446,1.89178967,1.88199866,1.88878822,0,
2004-02-17T00:00:00Z,1.88900220,1.90799630,1.88739789,1.90559661,0,
2004-02-18T00:00:00Z,1.90810573,1.91409528,1.88501418,1.89261305,0,
2004-02-19T00:00:00Z,1.89239824,1.89991260,1.88739789,1.89919102,0,
2004-02-20T00:00:00Z,1.89908266,1.90009308,1.85859799,1.86198926,0,
2004-02-23T00:00:00Z,1.85911608,1.87080240,1.84709728,1.86839044,0,
2004-02-24T00:00:00Z,1.86839044,1.89340138,1.86299539,1.89000189,0,
2004-02-25T00:00:00Z,1.89000189,1.89458525,1.86999774,1.87230861,0,
2004-02-26T00:00:00Z,1.87241364,1.87800479,1.85601068,1.86330783,0,
2004-02-27T00:00:00Z,1.86341190,1.86950827,1.84771168,1.86950827,0,
2004-03-01T00:00:00Z,1.87420356,1.87501168,1.86528885,1.86790204,0,
2004-03-02T00:00:00Z,1.86839044,1.86940348,1.83570457,1.83820152,0,
2004-03-03T00:00:00Z,1.83850574,1.84050202,1.81699240,1.82758558,0,
2004-03-04T00:00:00Z,1.82778597,1.83718848,1.82059836,1.82298779,0,
2004-03-05T00:00:00Z,1.82308745,1.84928334,1.81821489,1.84539294,0,
2004-03-08T00:00:00Z,1.84648335,1.85470247,1.84280849,1.85270965,0,
2004-03-09T00:00:00Z,1.85298431,1.85849416,1.82338667,1.82608378,0,
2004-03-10T00:00:00Z,1.85298431,1.85849416,1.79810834,1.80339396,0,
2004-03-11T00:00:00Z,1.80349147,1.81428933,1.79430127,1.81018412,0,
2004-03-12T00:00:00Z,1.81018412,1.81100368,1.79140830,1.80410981,0,
2004-03-15T00:00:00Z,1.79930556,1.81179106,1.79539657,1.80489111,0,
2004-03-16T00:00:00Z,1.80459821,1.81980312,1.80118513,1.81320381,0,
2004-03-17T00:00:00Z,1.81290793,1.81821489,1.80750108,1.81679451,0,
2004-03-18T00:00:00Z,1.81689346,1.83901274,1.81620049,1.83540130,0,
2004-03-19T00:00:00Z,1.83519912,1.83688474,1.82668424,1.83418930,0,
2004-03-22T00:00:00Z,1.83378577,1.84989905,1.82708466,1.84750676,0,
2004-03-23T00:00:00Z,1.84771168,1.85391188,1.84131551,1.85209203,0,
2004-03-24T00:00:00Z,1.85219479,1.85408366,1.82288826,1.82528377,0,
2004-03-25T00:00:00Z,1.82558370,1.82608378,1.79998565,1.80799139,0,
2004-03-26T00:00:00Z,1.80789340,1.82278860,1.80108786,1.81768620,0,
2004-03-28T23:00:00Z,1.81399310,1.82268882,1.80750108,1.81960440,0,
2004-03-29T23:00:00Z,1.81960440,1.82969213,1.81900871,1.82758558,0,
2004-03-30T23:00:00Z,1.82658422,1.84658563,1.82548368,1.84338593,0,
2004-03-31T23:00:00Z,1.84301209,1.85939264,1.83870840,1.85649312,0,
2004-04-01T23:00:00Z,1.85659647,1.85728610,1.82808661,1.82808661,0,
2004-04-04T23:00:00Z,1.82868838,1.83059657,1.81188965,1.82378590,0,
2004-04-05T23:00:00Z,1.82388556,1.84481418,1.82030010,1.84348786,0,
2004-04-06T23:00:00Z,1.84338593,1.84399784,1.83429015,1.84019721,0,
2004-04-07T23:00:00Z,1.84019721,1.84668803,1.82939088,1.83109939,0,
2004-04-08T23:00:00Z,1.83109939,1.83509815,1.83019459,1.83378577,0,
2004-04-11T23:00:00Z,1.83388662,1.84070539,1.83180380,1.83789754,0,
2004-04-12T23:00:00Z,1.83789754,1.84209561,1.81369698,1.81811583,0,
2004-04-13T23:00:00Z,1.81821489,1.81841338,1.78619277,1.78980529,0,
2004-04-14T23:00:00Z,1.78900480,1.79878759,1.77698803,1.79140830,0,
2004-04-15T23:00:00Z,1.79140830,1.80570602,1.78418493,1.79629970,0,
2004-04-18T23:00:00Z,1.79911125,1.81419063,1.79878759,1.80710912,0,
2004-04-19T23:00:00Z,1.79140830,1.80368674,1.78221345,1.78529990,0,
2004-04-20T23:00:00Z,1.78501308,1.78549123,1.76690936,1.76950443,0,
2004-04-21T23:00:00Z,1.76950443,1.77698803,1.76338863,1.77528453,0,
2004-04-22T23:00:00Z,1.77660906,1.78151500,1.76500702,1.77320683,0,
2004-04-25T23:00:00Z,1.77251542,1.78970921,1.76700294,1.78600132,0,
2004-04-26T23:00:00Z,1.78600132,1.79410803,1.78300786,1.79188991,0,
2004-04-27T23:00:00Z,1.79221106,1.79691303,1.77078915,1.77100861,0,
2004-04-28T23:00:00Z,1.77129090,1.78059518,1.75889122,1.77339554,0,
2004-04-29T23:00:00Z,1.77330112,1.78008783,1.76690936,1.77859986,0,
2004-05-02T23:00:00Z,1.77901125,1.77961278,1.76978624,1.77138495,0,
2004-05-03T23:00:00Z,1.77138495,1.79949963,1.77138495,1.79568672,0,
2004-05-04T23:00:00Z,1.79600930,1.80099058,1.78788543,1.79099119,0,
2004-05-05T23:00:00Z,1.79099119,1.79801142,1.78900480,1.79459107,0,
2004-05-06T23:00:00Z,1.79468763,1.79869056,1.78338957,1.78919685,0,
2004-05-09T23:00:00Z,1.78651178,1.78788543,1.77119684,1.77720904,0,
2004-05-10T23:00:00Z,1.77730370,1.77758813,1.75389373,1.76031542,0,
2004-05-11T23:00:00Z,1.76050138,1.77999282,1.75731480,1.77220118,0,
2004-05-12T23:00:00Z,1.77238977,1.77481174,1.75799441,1.76031542,0,
2004-05-13T23:00:00Z,1.76031542,1.76388621,1.74871027,1.75861287,0,
2004-05-16T23:00:00Z,1.76000559,1.77440238,1.75790179,1.77119684,0,
2004-05-17T23:00:00Z,1.77119684,1.77151048,1.76230097,1.76678455,0,
2004-05-18T23:00:00Z,1.76619160,1.78558671,1.76369953,1.78208649,0,
2004-05-19T23:00:00Z,1.78221345,1.78399396,1.76569259,1.77550507,0,
2004-05-20T23:00:00Z,1.77600968,1.79500985,1.77459145,1.78961301,0,
2004-05-23T23:00:00Z,1.78990138,1.79368973,1.78278542,1.79169714,0,
2004-05-24T23:00:00Z,1.79179358,1.81491506,1.79018974,1.81251347,0,
2004-05-25T23:00:00Z,1.81169260,1.81970382,1.80979097,1.81491506,0,
2004-05-26T23:00:00Z,1.81491506,1.84019721,1.81080687,1.83661461,0,
2004-05-27T23:00:00Z,1.83631110,1.84219742,1.82999349,1.83291161,0,
2004-05-30T23:00:00Z,1.83540130,1.83718848,1.83039558,1.83260953,0,
2004-05-31T23:00:00Z,1.83260953,1.84101033,1.82838750,1.84060383,0,
2004-06-01T23:00:00Z,1.84050202,1.84859967,1.83120000,1.83429015,0,
2004-06-02T23:00:00Z,1.83429015,1.84280849,1.82908976,1.83958781,0,
2004-06-03T23:00:00Z,1.83911443,1.84389567,1.83530009,1.83891141,0,
2004-06-06T23:00:00Z,1.84229910,1.84808719,1.83580554,1.84121358,0,
2004-06-07T23:00:00Z,1.84121358,1.84569943,1.83368468,1.83948636,0,
2004-06-08T23:00:00Z,1.83948636,1.84179032,1.82598376,1.82808661,0,
2004-06-09T23:00:00Z,1.82808661,1.84450793,1.82010114,1.84199369,0,
2004-06-10T23:00:00Z,1.84189200,1.84189200,1.81679451,1.81778526,0,
2004-06-13T23:00:00Z,1.81778526,1.81890929,1.80508673,1.81419063,0,
2004-06-14T23:00:00Z,1.81419063,1.83358395,1.81149566,1.83358395,0,
2004-06-15T23:00:00Z,1.83331501,1.83509815,1.82418501,1.82518387,0,
2004-06-16T23:00:00Z,1.82518387,1.83799875,1.82448459,1.83439112,0,
2004-06-17T23:00:00Z,1.83429015,1.83989251,1.82578373,1.83928335,0,
2004-06-20T23:00:00Z,1.83860707,1.84101033,1.82848787,1.83311331,0,
2004-06-21T23:00:00Z,1.83301258,1.83499694,1.81821489,1.82199144,0,
2004-06-22T23:00:00Z,1.82199144,1.82858813,1.81511259,1.81699240,0,
2004-06-23T23:00:00Z,1.81679451,1.82808661,1.81120062,1.82368600,0,
2004-06-24T23:00:00Z,1.82368600,1.82728505,1.81798363,1.82608378,0,
2004-06-27T23:00:00Z,1.82718480,1.83388662,1.82129467,1.82999349,0,
2004-06-28T23:00:00Z,1.82999349,1.83019459,1.80518436,1.80900526,0,
2004-06-29T23:00:00Z,1.80880892,1.82069767,1.80189908,1.82020056,0,
2004-06-30T23:00:00Z,1.82020056,1.82258916,1.81218517,1.82030010,0,
2004-07-01T23:00:00Z,1.82049882,1.83570457,1.81699240,1.82959175,0,
2004-07-04T23:00:00Z,1.83368468,1.83570457,1.82738519,1.83099866,0,
2004-07-05T23:00:00Z,1.83109939,1.84389567,1.82999349,1.84060383,0,
2004-07-06T23:00:00Z,1.84009564,1.85780370,1.83958781,1.85428989,0,
2004-07-07T23:00:00Z,1.85439301,1.85801089,1.84740436,1.85078931,0,
2004-07-08T23:00:00Z,1.85099494,1.86181617,1.84979653,1.86181617,0,
2004-07-11T23:00:00Z,1.86150420,1.86619389,1.85738969,1.86198926,0,
2004-07-12T23:00:00Z,1.86209345,1.86250961,1.85281253,1.85759664,0,
2004-07-13T23:00:00Z,1.85770023,1.86081123,1.85408366,1.85601068,0,
2004-07-14T23:00:00Z,1.85601068,1.85638964,1.84839463,1.85298431,0,
2004-07-15T23:00:00Z,1.85291553,1.87458992,1.84808719,1.87279952,0,
2004-07-18T23:00:00Z,1.87539852,1.87719393,1.86730909,1.86811125,0,
2004-07-19T23:00:00Z,1.86779726,1.86779726,1.84979653,1.85270965,0,
2004-07-20T23:00:00Z,1.85270965,1.85501218,1.83301258,1.83979094,0,
2004-07-21T23:00:00Z,1.83968949,1.84880483,1.83600783,1.84491646,0,
2004-07-22T23:00:00Z,1.84471214,1.84539294,1.83059657,1.83301258,0,
2004-07-25T23:00:00Z,1.83281100,1.84219742,1.83160233,1.84131551,0,
2004-07-26T23:00:00Z,1.84121358,1.84450793,1.82039940,1.82298779,0,
2004-07-27T23:00:00Z,1.82288826,1.82548368,1.81550813,1.82288826,0,
2004-07-28T23:00:00Z,1.82308745,1.82858813,1.81008577,1.81811583,0,
2004-07-29T23:00:00Z,1.81798363,1.82428479,1.81300652,1.82209098,0,
2004-08-01T23:00:00Z,1.82169271,1.83331501,1.81990242,1.82428479,0,
2004-08-02T23:00:00Z,1.82408524,1.82838750,1.81768620,1.82488406,0,
2004-08-03T23:00:00Z,1.82478428,1.82638395,1.81590366,1.82548368,0,
2004-08-04T23:00:00Z,1.82538378,1.82919025,1.81970382,1.82398534,0,
2004-08-05T23:00:00Z,1.82378590,1.84648335,1.82089674,1.84009564,0,
2004-08-08T23:00:00Z,1.84209561,1.84440589,1.83830285,1.84090853,0,
2004-08-09T23:00:00Z,1.84090853,1.84209561,1.82558370,1.82788634,0,
2004-08-10T23:00:00Z,1.82788634,1.83210588,1.82578373,1.83059657,0,
2004-08-11T23:00:00Z,1.83029497,1.83398736,1.82069767,1.82308745,0,
2004-08-12T23:00:00Z,1.82308745,1.84491646,1.81379580,1.84270644,0,
2004-08-15T23:00:00Z,1.84389567,1.84539294,1.83799875,1.84138322,0,
2004-08-16T23:00:00Z,1.84138322,1.84219742,1.82698464,1.82758558,0,
2004-08-17T23:00:00Z,1.82778597,1.82999349,1.82129467,1.82368600,0,
2004-08-18T23:00:00Z,1.82388556,1.83418930,1.82039940,1.83260953,0,
2004-08-19T23:00:00Z,1.83260953,1.83378577,1.81659639,1.81920719,0,
2004-08-22T23:00:00Z,1.81788433,1.81890929,1.80710912,1.80939806,0,
2004-08-23T23:00:00Z,1.80851448,1.80910337,1.78948498,1.79230738,0,
2004-08-24T23:00:00Z,1.79240370,1.80060148,1.79041421,1.79639637,0,
2004-08-25T23:00:00Z,1.79639637,1.79830241,1.79230738,1.79568672,0,
2004-08-26T23:00:00Z,1.79568672,1.80290616,1.78929293,1.79028583,0,
2004-08-29T23:00:00Z,1.79079890,1.79791439,1.78590572,1.79520333,0,
2004-08-30T23:00:00Z,1.79520333,1.80648887,1.79121590,1.80248380,0,
2004-08-31T23:00:00Z,1.80248380,1.80378425,1.79079890,1.79340017,0,
2004-09-01T23:00:00Z,1.79330385,1.79710662,1.78769350,1.79160094,0,
2004-09-02T23:00:00Z,1.79160094,1.79221106,1.77421367,1.77600968,0,
2004-09-05T23:00:00Z,1.77490640,1.78208649,1.77481174,1.78040481,0,
2004-09-06T23:00:00Z,1.78059518,1.78450346,1.77151048,1.77500093,0,
2004-09-07T23:00:00Z,1.77490640,1.79028583,1.77201283,1.78740597,0,
2004-09-08T23:00:00Z,1.78759778,1.79070258,1.78189588,1.78980529,0,
2004-09-09T23:00:00Z,1.79009366,1.80180180,1.78660762,1.80011523,0,
2004-09-12T23:00:00Z,1.79801142,1.80108786,1.79368973,1.79730046,0,
2004-09-13T23:00:00Z,1.79739738,1.80271137,1.79459107,1.79778504,0,
2004-09-14T23:00:00Z,1.79778504,1.79791439,1.77519000,1.77660906,0,
2004-09-15T23:00:00Z,1.77679861,1.79510653,1.77670395,1.79368973,0,
2004-09-16T23:00:00Z,1.79349685,1.79700983,1.79060650,1.79179358,0,
2004-09-19T23:00:00Z,1.79230738,1.79240370,1.78221345,1.78679907,0,
2004-09-20T23:00:00Z,1.78670335,1.80021238,1.78440773,1.79668689,0,
2004-09-21T23:00:00Z,1.79668689,1.80099058,1.78759778,1.79391515,0,
2004-09-22T23:00:00Z,1.79391515,1.80420732,1.79359329,1.79791439,0,
2004-09-23T23:00:00Z,1.79791439,1.80759919,1.79529989,1.80489111,0,
2004-09-26T23:00:00Z,1.80599964,1.81188965,1.80358922,1.81159425,0,
2004-09-27T23:00:00Z,1.81159425,1.81580484,1.80871081,1.81369698,0,
2004-09-28T23:00:00Z,1.81330240,1.81369698,1.79710662,1.80030978,0,
2004-09-29T23:00:00Z,1.80040693,1.81359839,1.79610598,1.81280923,0,
2004-09-30T23:00:00Z,1.81290793,1.81359839,1.79340017,1.79911125,0,
2004-10-03T23:00:00Z,1.79759133,1.79778504,1.78208649,1.78431237,0,
2004-10-04T23:00:00Z,1.78431237,1.78769350,1.78091204,1.78291249,0,
2004-10-05T23:00:00Z,1.78278542,1.78849280,1.77509534,1.77948618,0,
2004-10-06T23:00:00Z,1.77948618,1.78431237,1.77749336,1.78249943,0,
2004-10-07T23:00:00Z,1.78269017,1.79668689,1.78208649,1.79520333,0,
2004-10-10T23:00:00Z,1.79449451,1.79949963,1.79259658,1.79869056,0,
2004-10-11T23:00:00Z,1.79878759,1.79940259,1.78539538,1.79108763,0,
2004-10-12T23:00:00Z,1.79089510,1.79568672,1.78479004,1.79330385,0,
2004-10-13T23:00:00Z,1.79330385,1.80378425,1.79278946,1.79710662,0,
2004-10-14T23:00:00Z,1.79710662,1.80590165,1.79559004,1.80459821,0,
2004-10-17T23:00:00Z,1.80420732,1.80668473,1.79581571,1.79778504,0,
2004-10-18T23:00:00Z,1.79768813,1.80541265,1.79278946,1.80391443,0,
2004-10-19T23:00:00Z,1.80378425,1.81910789,1.80141234,1.81629944,0,
2004-10-20T23:00:00Z,1.81629944,1.83059657,1.81590366,1.82748532,0,
2004-10-21T23:00:00Z,1.82778597,1.83150184,1.82288826,1.82929063,0,
2004-10-24T23:00:00Z,1.82989311,1.84481418,1.82989311,1.84179032,0,
2004-10-25T23:00:00Z,1.84189200,1.84508646,1.83358395,1.83590662,0,
2004-10-26T23:00:00Z,1.83590662,1.84379375,1.82578373,1.82808661,0,
2004-10-28T23:00:00Z,1.82808661,1.83810008,1.82079709,1.83810008,0,
2004-11-01T00:00:00Z,1.84138322,1.84138322,1.83049607,1.83271027,0,
2004-11-02T00:00:00Z,1.83281100,1.84240091,1.83049607,1.83979094,0,
2004-11-03T00:00:00Z,1.83968949,1.85041261,1.83260953,1.84760928,0,
2004-11-04T00:00:00Z,1.84781396,1.85000193,1.84168839,1.84389567,0,
2004-11-05T00:00:00Z,1.84399784,1.85728610,1.83449221,1.85728610,0,
2004-11-08T00:00:00Z,1.85611403,1.86119235,1.85298431,1.85459936,0,
2004-11-09T00:00:00Z,1.85490894,1.86029220,1.85161185,1.85570073,0,
2004-11-10T00:00:00Z,1.85570073,1.86150420,1.84199369,1.84689248,0,
2004-11-11T00:00:00Z,1.84689248,1.84818971,1.83880997,1.84311414,0,
2004-11-12T00:00:00Z,1.84321606,1.85911608,1.84138322,1.85728610,0,
2004-11-15T00:00:00Z,1.85690677,1.85859799,1.84430397,1.84641528,0,
2004-11-16T00:00:00Z,1.84648335,1.85590720,1.84529078,1.85319018,0,
2004-11-17T00:00:00Z,1.85349929,1.86219740,1.85188615,1.85939264,0,
2004-11-18T00:00:00Z,1.85960019,1.86379409,1.84791660,1.84829211,0,
2004-11-19T00:00:00Z,1.84818971,1.86098444,1.84750676,1.86008441,0,
2004-11-22T00:00:00Z,1.85759664,1.86091506,1.85291553,1.85980773,0,
2004-11-23T00:00:00Z,1.85980773,1.87290466,1.85291553,1.86898434,0,
2004-11-24T00:00:00Z,1.86860001,1.88270736,1.86779726,1.88111365,0,
2004-11-25T00:00:00Z,1.88150287,1.89419043,1.88040626,1.89178967,0,
2004-11-26T00:00:00Z,1.89178967,1.90338421,1.88490760,1.89350915,0,
2004-11-29T00:00:00Z,1.89200437,1.89659750,1.88568962,1.89250565,0,
2004-11-30T00:00:00Z,1.89239824,1.91310656,1.88739789,1.90959954,0,
2004-12-01T00:00:00Z,1.90959954,1.93569613,1.90959954,1.93311417,0,
2004-12-02T00:00:00Z,1.93318903,1.94340801,1.91879654,1.92400193,0,
2004-12-03T00:00:00Z,1.92400193,1.94469297,1.91979110,1.94408810,0,
2004-12-06T00:00:00Z,1.94378567,1.94439054,1.93648338,1.93670833,0,
2004-12-07T00:00:00Z,1.93708348,1.95080078,1.93708348,1.94510889,0,
2004-12-08T00:00:00Z,1.94510889,1.94518471,1.92078674,1.93708348,0,
2004-12-09T00:00:00Z,1.93700838,1.93798459,1.91501188,1.92329872,0,
2004-12-10T00:00:00Z,1.92318785,1.92318785,1.90280473,1.91328967,0,
2004-12-13T00:00:00Z,1.91149759,1.92730224,1.91149759,1.92381680,0,
2004-12-14T00:00:00Z,1.92381680,1.92930996,1.92030728,1.92748797,0,
2004-12-15T00:00:00Z,1.92819405,1.94560111,1.91979110,1.94250190,0,
2004-12-16T00:00:00Z,1.94238877,1.95488131,1.92719066,1.93139684,0,
2004-12-17T00:00:00Z,1.93150866,1.94378567,1.92968237,1.94201148,0,
2004-12-20T00:00:00Z,1.94189847,1.95049632,1.93749642,1.94700253,0,
2004-12-21T00:00:00Z,1.94711626,1.94901383,1.92548382,1.92901230,0,
2004-12-22T00:00:00Z,1.92919838,1.93020380,1.91051173,1.91490173,0,
2004-12-23T00:00:00Z,1.91490173,1.92448330,1.91438842,1.92389095,0,
2004-12-24T00:00:00Z,1.92411292,1.92919838,1.92030728,1.92189419,0,
2004-12-27T00:00:00Z,1.92400193,1.93858564,1.92060232,1.93490958,0,
2004-12-29T00:00:00Z,1.92659664,1.93378711,1.91288722,1.91791344,0,
2004-12-30T00:00:00Z,1.91739857,1.92878914,1.91611266,1.92381680,0,
2004-12-31T00:00:00Z,1.92348373,1.93520916,1.91501188,1.91979110,0,
2005-01-03T00:00:00Z,1.91979110,1.91979110,1.90049016,1.90461695,0,
2005-01-04T00:00:00Z,1.90461695,1.90850616,1.87881637,1.88359392,0,
2005-01-05T00:00:00Z,1.88359392,1.88921630,1.87371182,1.88551176,0,
2005-01-06T00:00:00Z,1.88568962,1.88568962,1.87080240,1.87648952,0,
2005-01-07T00:00:00Z,1.87659502,1.88600969,1.86581087,1.87129259,0,
2005-01-10T00:00:00Z,1.87188804,1.87931073,1.87139761,1.87691212,0,
2005-01-11T00:00:00Z,1.87740541,1.88231742,1.87578535,1.87860453,0,
2005-01-12T00:00:00Z,1.87811053,1.89390349,1.87048745,1.89071643,0,
2005-01-13T00:00:00Z,1.89089525,1.89289987,1.88019407,1.88100755,0,
2005-01-14T00:00:00Z,1.88090122,1.88189244,1.86518443,1.87059236,0,
2005-01-17T00:00:00Z,1.87171280,1.87480080,1.85659647,1.85728610,0,
2005-01-18T00:00:00Z,1.85738969,1.87300980,1.85349929,1.86330783,0,
2005-01-19T00:00:00Z,1.86358559,1.88231742,1.86351597,1.87090743,0,
2005-01-20T00:00:00Z,1.87048745,1.87458992,1.86501062,1.87059236,0,
2005-01-21T00:00:00Z,1.87038243,1.88068914,1.86209345,1.87719393,0,
2005-01-24T00:00:00Z,1.87729979,1.88380682,1.87458992,1.87888682,0,
2005-01-25T00:00:00Z,1.87899292,1.88100755,1.86341190,1.86431515,0,
2005-01-26T00:00:00Z,1.86431515,1.88540494,1.86431515,1.88210499,0,
2005-01-27T00:00:00Z,1.88189244,1.89189696,1.88058293,1.89100266,0,
2005-01-28T00:00:00Z,1.89050210,1.89100266,1.88040626,1.88878822,0,
2005-01-31T00:00:00Z,1.88600969,1.88800371,1.87931073,1.88419724,0,
2005-02-01T00:00:00Z,1.88430369,1.88668561,1.87828696,1.88331008,0,
2005-02-02T00:00:00Z,1.88348758,1.88850284,1.88270736,1.88469446,0,
2005-02-03T00:00:00Z,1.88480091,1.89071643,1.87839293,1.88238847,0,
2005-02-04T00:00:00Z,1.88210499,1.89089525,1.87329066,1.87329066,0,
2005-02-07T00:00:00Z,1.87350118,1.87529314,1.85559750,1.85801089,0,
2005-02-08T00:00:00Z,1.85790718,1.85991144,1.85161185,1.85391188,0,
2005-02-09T00:00:00Z,1.85391188,1.86421096,1.85270965,1.85918534,0,
2005-02-10T00:00:00Z,1.85949647,1.87300980,1.85178328,1.86811125,0,
2005-02-11T00:00:00Z,1.86839044,1.87069726,1.86299539,1.86989295,0,
2005-02-14T00:00:00Z,1.86968303,1.89168227,1.86898434,1.88718414,0,
2005-02-15T00:00:00Z,1.88718414,1.89778543,1.88398433,1.89530337,0,
2005-02-16T00:00:00Z,1.89519572,1.89519572,1.87620783,1.88419724,0,
2005-02-17T00:00:00Z,1.88430369,1.89609396,1.88391328,1.89501607,0,
2005-02-18T00:00:00Z,1.89490843,1.89688528,1.89021635,1.89451337,0,
2005-02-21T00:00:00Z,1.89408290,1.89969599,1.89128876,1.89681339,0,
2005-02-22T00:00:00Z,1.89688528,1.91281390,1.89548302,1.91120529,0,
2005-02-23T00:00:00Z,1.91080368,1.91241157,1.90479815,1.90639591,0,
2005-02-24T00:00:00Z,1.90639591,1.91398549,1.90240645,1.90748703,0,
2005-02-25T00:00:00Z,1.90730500,1.91990161,1.90730500,1.91960680,0,
2005-02-28T00:00:00Z,1.91979110,1.92611420,1.91879654,1.91920173,0,
2005-03-01T00:00:00Z,1.91931212,1.92241156,1.91750872,1.91868615,0,
2005-03-02T00:00:00Z,1.91890693,1.92008603,1.90868831,1.91310656,0,
2005-03-03T00:00:00Z,1.91310656,1.91391218,1.90639591,1.90690482,0,
2005-03-04T00:00:00Z,1.90730500,1.92700517,1.90581465,1.92329872,0,
2005-03-07T00:00:00Z,1.92381680,1.92489088,1.91200924,1.91490173,0,
2005-03-08T00:00:00Z,1.91508508,1.93240440,1.91358256,1.92860317,0,
2005-03-09T00:00:00Z,1.92871475,1.93188190,1.92089736,1.92270720,0,
2005-03-10T00:00:00Z,1.92311382,1.93068826,1.92119265,1.92381680,0,
2005-03-11T00:00:00Z,1.92370582,1.92841721,1.91710448,1.92641103,0,
2005-03-14T00:00:00Z,1.92771077,1.92778528,1.91058457,1.91380227,0,
2005-03-15T00:00:00Z,1.91398549,1.92470562,1.91179013,1.91321659,0,
2005-03-16T00:00:00Z,1.91328967,1.92901230,1.91179013,1.92730224,0,
2005-03-17T00:00:00Z,1.92741358,1.92741358,1.91890693,1.92518735,0,
2005-03-18T00:00:00Z,1.92500198,1.92500198,1.91339958,1.92281806,0,
2005-03-21T00:00:00Z,1.91979110,1.92019653,1.89508796,1.89598620,0,
2005-03-22T00:00:00Z,1.89641762,1.90121293,1.88129056,1.88558280,0,
2005-03-23T00:00:00Z,1.88551176,1.88839579,1.86650741,1.87059236,0,
2005-03-24T00:00:00Z,1.87090743,1.87371182,1.86769271,1.86839044,0,
2005-03-25T00:00:00Z,1.86821616,1.87241364,1.86821616,1.87171280,0,
2005-03-27T23:00:00Z,1.87048745,1.87048745,1.86001515,1.86629832,0,
2005-03-28T23:00:00Z,1.86650741,1.87670064,1.86560214,1.87560964,0,
2005-03-29T23:00:00Z,1.87560964,1.88409078,1.87441421,1.87740541,0,
2005-03-30T23:00:00Z,1.87729979,1.89150321,1.87638390,1.88950193,0,
2005-03-31T23:00:00Z,1.88939488,1.89648962,1.87740541,1.88409078,0,
2005-04-03T23:00:00Z,1.87941670,1.88051224,1.87178278,1.87631345,0,
2005-04-04T23:00:00Z,1.87648952,1.88160920,1.87241364,1.87991130,0,
2005-04-05T23:00:00Z,1.87991130,1.88451684,1.87490618,1.87948716,0,
2005-04-06T23:00:00Z,1.87948716,1.88551176,1.86860001,1.87069726,0,
2005-04-07T23:00:00Z,1.87080240,1.88640094,1.86769271,1.88640094,0,
2005-04-10T23:00:00Z,1.88249469,1.89350915,1.88189244,1.89028764,0,
2005-04-11T23:00:00Z,1.89028764,1.89559078,1.88398433,1.89121711,0,
2005-04-12T23:00:00Z,1.89121711,1.89541125,1.88789654,1.89429820,0,
2005-04-13T23:00:00Z,1.89401102,1.89429820,1.87670064,1.87948716,0,
2005-04-14T23:00:00Z,1.87980521,1.89480054,1.87751114,1.89318645,0,
2005-04-17T23:00:00Z,1.89401102,1.90548778,1.88878822,1.90429044,0,
2005-04-18T23:00:00Z,1.90450788,1.92049170,1.90081537,1.91721463,0,
2005-04-19T23:00:00Z,1.91721463,1.92159879,1.91029263,1.91839170,0,
2005-04-20T23:00:00Z,1.91839170,1.92119265,1.90679586,1.90901625,0,
2005-04-21T23:00:00Z,1.90901625,1.91699409,1.90661407,1.91398549,0,
2005-04-24T23:00:00Z,1.91681039,1.91699409,1.90861535,1.91160738,0,
2005-04-25T23:00:00Z,1.91149759,1.91328967,1.90269625,1.90570581,0,
2005-04-26T23:00:00Z,1.90588737,1.90901625,1.89980435,1.90349305,0,
2005-04-27T23:00:00Z,1.90349305,1.91018331,1.90211701,1.90781426,0,
2005-04-28T23:00:00Z,1.90781426,1.91600239,1.90588737,1.90949023,0,
2005-05-01T23:00:00Z,1.90621412,1.90661407,1.89318645,1.89480054,0,
2005-05-02T23:00:00Z,1.89501607,1.89548302,1.88928783,1.89368844,0,
2005-05-03T23:00:00Z,1.89350915,1.90320301,1.89300728,1.90211701,0,
2005-05-04T23:00:00Z,1.90211701,1.90741408,1.89998484,1.90251517,0,
2005-05-05T23:00:00Z,1.90240645,1.90269625,1.89028764,1.89161074,0,
2005-05-08T23:00:00Z,1.89039505,1.89121711,1.88111365,1.88480091,0,
2005-05-10T23:00:00Z,1.88558280,1.88950193,1.87048745,1.87350118,0,
2005-05-11T23:00:00Z,1.87339592,1.87371182,1.86108828,1.86351597,0,
2005-05-12T23:00:00Z,1.86341190,1.86598492,1.84921503,1.84969389,0,
2005-05-15T23:00:00Z,1.84839463,1.84938610,1.83408844,1.83901274,0,
2005-05-16T23:00:00Z,1.83891141,1.84250295,1.83260953,1.83398736,0,
2005-05-17T23:00:00Z,1.83408844,1.84138322,1.82979274,1.83958781,0,
2005-05-18T23:00:00Z,1.83958781,1.84348786,1.83291161,1.83550227,0,
2005-05-19T23:00:00Z,1.83519912,1.83911443,1.82378590,1.82888913,0,
2005-05-22T23:00:00Z,1.82708466,1.83150184,1.82458436,1.82929063,0,
2005-05-23T23:00:00Z,1.82929063,1.83580554,1.82658422,1.82688451,0,
2005-05-24T23:00:00Z,1.82698464,1.83321404,1.82538378,1.83160233,0,
2005-05-25T23:00:00Z,1.83160233,1.83281100,1.81970382,1.82039940,0,
2005-05-26T23:00:00Z,1.82030010,1.82708466,1.82030010,1.82478428,0,
2005-05-29T23:00:00Z,1.82328701,1.82568383,1.82030010,1.82358623,0,
2005-05-30T23:00:00Z,1.82378590,1.82588363,1.81261218,1.81768620,0,
2005-05-31T23:00:00Z,1.81768620,1.82268882,1.80818737,1.80988932,0,
2005-06-01T23:00:00Z,1.81018412,1.82030010,1.80998755,1.81570578,0,
2005-06-02T23:00:00Z,1.81570578,1.82169271,1.81061029,1.81521153,0,
2005-06-05T23:00:00Z,1.81481612,1.82518387,1.81310511,1.82408524,0,
2005-06-06T23:00:00Z,1.82328701,1.83560336,1.82129467,1.83331501,0,
2005-06-07T23:00:00Z,1.83331501,1.83921576,1.82308745,1.82438481,0,
2005-06-08T23:00:00Z,1.82478428,1.82858813,1.81831396,1.82079709,0,
2005-06-09T23:00:00Z,1.82089674,1.82638395,1.81149566,1.81280923,0,
2005-06-12T23:00:00Z,1.81198812,1.81300652,1.80069864,1.80808938,0,
2005-06-13T23:00:00Z,1.80808938,1.81481612,1.80358922,1.80609739,0,
2005-06-14T23:00:00Z,1.80619514,1.82488406,1.80508673,1.82318735,0,
2005-06-15T23:00:00Z,1.82308745,1.82848787,1.81738889,1.82258916,0,
2005-06-16T23:00:00Z,1.82258916,1.83150184,1.81970382,1.83150184,0,
2005-06-19T23:00:00Z,1.82488406,1.82868838,1.82189190,1.82258916,0,
2005-06-20T23:00:00Z,1.82268882,1.82989311,1.81699240,1.82798648,0,
2005-06-21T23:00:00Z,1.82828724,1.83331501,1.81871104,1.82089674,0,
2005-06-22T23:00:00Z,1.82089674,1.82338667,1.81468439,1.81560695,0,
2005-06-23T23:00:00Z,1.81550813,1.82518387,1.81428933,1.82408524,0,
2005-06-26T23:00:00Z,1.82318735,1.83140123,1.82258916,1.82858813,0,
2005-06-27T23:00:00Z,1.82558370,1.82698464,1.81458569,1.81719065,0,
2005-06-28T23:00:00Z,1.81768620,1.81821489,1.80030978,1.80681527,0,
2005-06-29T23:00:00Z,1.80779517,1.81018412,1.78788543,1.79028583,0,
2005-06-30T23:00:00Z,1.79041421,1.79070258,1.76750278,1.76890957,0,
2005-07-03T23:00:00Z,1.75978887,1.76478887,1.75780916,1.76040828,0,
2005-07-04T23:00:00Z,1.76050138,1.76211452,1.75180435,1.75799441,0,
2005-07-05T23:00:00Z,1.75799441,1.76068735,1.75198853,1.75198853,0,
2005-07-06T23:00:00Z,1.75158966,1.75429368,1.74100780,1.74270678,0,
2005-07-07T23:00:00Z,1.74279785,1.74370944,1.73271179,1.73858619,0,
2005-07-10T23:00:00Z,1.73858619,1.75910783,1.73758924,1.75691342,0,
2005-07-11T23:00:00Z,1.75678992,1.77901125,1.75540221,1.77689326,0,
2005-07-12T23:00:00Z,1.77689326,1.77790415,1.75318646,1.76360619,0,
2005-07-13T23:00:00Z,1.76338863,1.76460218,1.75518656,1.75799441,0,
2005-07-14T23:00:00Z,1.75790179,1.76369953,1.75091493,1.75091493,0,
2005-07-17T23:00:00Z,1.75131357,1.75620365,1.74599290,1.74721313,0,
2005-07-18T23:00:00Z,1.74721313,1.74889386,1.73478603,1.73659348,0,
2005-07-19T23:00:00Z,1.73671412,1.74459183,1.72801101,1.74100780,0,
2005-07-20T23:00:00Z,1.74118948,1.76031542,1.74031079,1.75370908,0,
2005-07-21T23:00:00Z,1.75358617,1.75719130,1.73629189,1.73900950,0,
2005-07-24T23:00:00Z,1.73689520,1.74761009,1.73391354,1.74629784,0,
2005-07-25T23:00:00Z,1.74581015,1.74611485,1.73580980,1.73710632,0,
2005-07-26T23:00:00Z,1.73710632,1.74748790,1.73400390,1.74310172,0,
2005-07-27T23:00:00Z,1.74310172,1.75978887,1.74131083,1.75580287,0,
2005-07-28T23:00:00Z,1.75558710,1.76090443,1.75220335,1.75821090,0,
2005-07-31T23:00:00Z,1.75460136,1.77201283,1.75450909,1.76819015,0,
2005-08-01T23:00:00Z,1.76819015,1.77500093,1.76781511,1.77119684,0,
2005-08-02T23:00:00Z,1.77110267,1.78319871,1.76578617,1.77780938,0,
2005-08-03T23:00:00Z,1.77831519,1.78208649,1.77251542,1.78110254,0,
2005-08-04T23:00:00Z,1.78091204,1.78240418,1.77238977,1.77878976,0,
2005-08-07T23:00:00Z,1.77600968,1.79051030,1.77361572,1.78459895,0,
2005-08-08T23:00:00Z,1.78431237,1.79131210,1.78259468,1.78788543,0,
2005-08-09T23:00:00Z,1.78778934,1.79791439,1.78670335,1.79620290,0,
2005-08-10T23:00:00Z,1.79639637,1.81340098,1.79610598,1.81251347,0,
2005-08-11T23:00:00Z,1.81261218,1.81768620,1.80828559,1.81511259,0,
2005-08-14T23:00:00Z,1.81550813,1.81649745,1.80789340,1.80969274,0,
2005-08-15T23:00:00Z,1.80959451,1.81389451,1.80479348,1.80910337,0,
2005-08-16T23:00:00Z,1.80910337,1.81228364,1.80261374,1.80658686,0,
2005-08-17T23:00:00Z,1.80658686,1.80920148,1.79198611,1.79468763,0,
2005-08-18T23:00:00Z,1.79468763,1.79778504,1.78961301,1.79510653,0,
2005-08-21T23:00:00Z,1.79681599,1.80459821,1.79510653,1.80131507,0,
2005-08-22T23:00:00Z,1.80131507,1.80219138,1.79691303,1.80089319,0,
2005-08-23T23:00:00Z,1.80089319,1.80271137,1.79169714,1.80040693,0,
2005-08-24T23:00:00Z,1.80011523,1.80818737,1.79859352,1.80261374,0,
2005-08-25T23:00:00Z,1.80271137,1.80920148,1.79949963,1.80060148,0,
2005-08-28T23:00:00Z,1.80401218,1.80890691,1.79330385,1.79649317,0,
2005-08-29T23:00:00Z,1.79649317,1.79668689,1.78259468,1.78590572,0,
2005-08-30T23:00:00Z,1.78571427,1.80560815,1.78259468,1.80339396,0,
2005-08-31T23:00:00Z,1.80319881,1.83621001,1.80108786,1.83260953,0,
2005-09-01T23:00:00Z,1.83250868,1.84508646,1.83069718,1.84229910,0,
2005-09-04T23:00:00Z,1.83979094,1.85010457,1.83769476,1.84280849,0,
2005-09-05T23:00:00Z,1.84291029,1.84658563,1.83789754,1.84101033,0,
2005-09-06T23:00:00Z,1.84101033,1.84610844,1.83580554,1.83671606,0,
2005-09-07T23:00:00Z,1.83698595,1.84369183,1.83358395,1.83600783,0,
2005-09-08T23:00:00Z,1.83610892,1.84189200,1.83250868,1.83948636,0,
2005-09-11T23:00:00Z,1.84158671,1.84270644,1.81890929,1.82099617,0,
2005-09-12T23:00:00Z,1.82129467,1.82498395,1.81900871,1.82278860,0,
2005-09-13T23:00:00Z,1.82298779,1.82989311,1.82219076,1.82288826,0,
2005-09-14T23:00:00Z,1.82288826,1.82388556,1.80459821,1.80759919,0,
2005-09-15T23:00:00Z,1.80769718,1.81438804,1.80261374,1.80871081,0,
2005-09-18T23:00:00Z,1.80131507,1.80619514,1.79768813,1.80290616,0,
2005-09-19T23:00:00Z,1.80290616,1.80769718,1.79759133,1.79768813,0,
2005-09-21T23:00:00Z,1.80228901,1.81501377,1.78849280,1.79179358,0,
2005-09-22T23:00:00Z,1.79198611,1.79320741,1.77550507,1.77569425,0,
2005-09-25T23:00:00Z,1.77220118,1.77999282,1.77138495,1.77888465,0,
2005-09-26T23:00:00Z,1.77859986,1.77878976,1.76450861,1.76709652,0,
2005-09-27T23:00:00Z,1.76731527,1.77151048,1.76109040,1.76919127,0,
2005-09-28T23:00:00Z,1.76900363,1.77028739,1.75848913,1.75889122,0,
2005-09-29T23:00:00Z,1.75861287,1.77179301,1.75731480,1.76460218,0,
2005-10-02T23:00:00Z,1.76220763,1.76360619,1.75238764,1.75251055,0,
2005-10-03T23:00:00Z,1.75389373,1.76199043,1.75349379,1.75839627,0,
2005-10-05T23:00:00Z,1.76900363,1.78119755,1.76678455,1.77749336,0,
2005-10-06T23:00:00Z,1.77730370,1.77771449,1.75839627,1.76081133,0,
2005-10-09T23:00:00Z,1.75848913,1.76338863,1.75198853,1.75398600,0,
2005-10-10T23:00:00Z,1.75420129,1.75598788,1.74489629,1.74541402,0,
2005-10-11T23:00:00Z,1.74541402,1.75450909,1.73961449,1.75229549,0,
2005-10-12T23:00:00Z,1.75220335,1.75759280,1.74510932,1.75469387,0,
2005-10-13T23:00:00Z,1.75438595,1.77078915,1.74880207,1.76890957,0,
2005-10-16T23:00:00Z,1.76519382,1.77289236,1.75251055,1.75309408,0,
2005-10-17T23:00:00Z,1.75278699,1.75349379,1.74288905,1.74831283,0,
2005-10-18T23:00:00Z,1.74809897,1.76690936,1.74428749,1.76329517,0,
2005-10-19T23:00:00Z,1.76289105,1.77500093,1.76009858,1.77430797,0,
2005-10-20T23:00:00Z,1.77430797,1.77989793,1.76450861,1.76869071,0,
2005-10-23T23:00:00Z,1.76690936,1.77260959,1.76519382,1.76890957,0,
2005-10-24T23:00:00Z,1.76878440,1.78689504,1.76388621,1.78408957,0,
2005-10-25T23:00:00Z,1.78370750,1.78638411,1.77298689,1.77591491,0,
2005-10-26T23:00:00Z,1.77569425,1.79009366,1.77459145,1.78389847,0,
2005-10-27T23:00:00Z,1.78408957,1.78571427,1.77348983,1.77371001,0,
2005-10-31T00:00:00Z,1.77490640,1.78208649,1.76790905,1.76878440,0,
2005-11-01T00:00:00Z,1.76869071,1.77238977,1.76149368,1.76478887,0,
2005-11-02T00:00:00Z,1.76460218,1.77730370,1.76289105,1.77610433,0,
2005-11-03T00:00:00Z,1.77610433,1.77888465,1.76991153,1.77138495,0,
2005-11-04T00:00:00Z,1.77138495,1.77138495,1.74721313,1.75008750,0,
2005-11-07T00:00:00Z,1.74880207,1.75189638,1.74040163,1.74340558,0,
2005-11-08T00:00:00Z,1.74310172,1.74581015,1.73349273,1.74249434,0,
2005-11-09T00:00:00Z,1.74279785,1.74559665,1.73680460,1.74401367,0,
2005-11-11T00:00:00Z,1.73979616,1.74370944,1.73810279,1.74079549,0,
2005-11-14T00:00:00Z,1.74258530,1.74968946,1.73490632,1.73758924,0,
2005-11-15T00:00:00Z,1.73771012,1.73988688,1.73121202,1.73671412,0,
2005-11-16T00:00:00Z,1.73650312,1.73689520,1.71508932,1.71889234,0,
2005-11-17T00:00:00Z,1.71880376,1.72250450,1.71591341,1.71989739,0,
2005-11-18T00:00:00Z,1.71989739,1.72140753,1.71080554,1.71570730,0,
2005-11-21T00:00:00Z,1.71688569,1.72419739,1.71470702,1.71609008,0,
2005-11-22T00:00:00Z,1.71629620,1.72360301,1.70800030,1.72149634,0,
2005-11-23T00:00:00Z,1.72128892,1.72580421,1.71821296,1.72208917,0,
2005-11-24T00:00:00Z,1.72208917,1.72771239,1.72048938,1.72250450,0,
2005-11-25T00:00:00Z,1.72220790,1.72318721,1.71288610,1.71570730,0,
2005-11-28T00:00:00Z,1.71359050,1.73349273,1.70598972,1.72848892,0,
2005-11-29T00:00:00Z,1.72839928,1.72950542,1.71520710,1.71688569,0,
2005-11-30T00:00:00Z,1.71679711,1.73379338,1.71670878,1.73091233,0,
2005-12-01T00:00:00Z,1.73100221,1.73439491,1.72640002,1.73301208,0,
2005-12-02T00:00:00Z,1.73331261,1.73629189,1.72619152,1.73391354,0,
2005-12-05T00:00:00Z,1.73241174,1.74428749,1.72860861,1.74161410,0,
2005-12-06T00:00:00Z,1.74188709,1.74498761,1.73220158,1.74270678,0,
2005-12-07T00:00:00Z,1.74249434,1.74249434,1.72980440,1.73508692,0,
2005-12-08T00:00:00Z,1.73490632,1.75589550,1.73400390,1.75211132,0,
2005-12-09T00:00:00Z,1.75251055,1.75660479,1.74678588,1.75518656,0,
2005-12-12T00:00:00Z,1.75189638,1.77749336,1.75171232,1.77459145,0,
2005-12-13T00:00:00Z,1.77430797,1.77818871,1.76591086,1.77009952,0,
2005-12-14T00:00:00Z,1.77019346,1.78069019,1.76878440,1.77138495,0,
2005-12-15T00:00:00Z,1.77151048,1.77481174,1.76180410,1.76528740,0,
2005-12-16T00:00:00Z,1.76500702,1.77361572,1.76301539,1.77298689,0,
2005-12-19T00:00:00Z,1.77260959,1.77320683,1.76000559,1.76261139,0,
2005-12-20T00:00:00Z,1.76320195,1.76809645,1.75309408,1.75660479,0,
2005-12-21T00:00:00Z,1.75669742,1.75920057,1.73888862,1.74471354,0,
2005-12-22T00:00:00Z,1.74440908,1.74559665,1.73430455,1.73771012,0,
2005-12-23T00:00:00Z,1.73801208,1.74018967,1.73121202,1.73340261,0,
2005-12-27T00:00:00Z,1.73091233,1.73840475,1.72678757,1.73001409,0,
2005-12-28T00:00:00Z,1.72980440,1.74070466,1.71400166,1.71969044,0,
2005-12-29T00:00:00Z,1.71951294,1.72780216,1.71750486,1.72520888,0,
2005-12-30T00:00:00Z,1.72520888,1.72950542,1.71759331,1.72069657,0,
2006-01-02T00:00:00Z,1.72170377,1.72520888,1.71918786,1.71918786,0,
2006-01-03T00:00:00Z,1.71901047,1.74889386,1.71901047,1.74858809,0,
2006-01-04T00:00:00Z,1.74770188,1.76109040,1.74678588,1.75731480,0,
2006-01-05T00:00:00Z,1.75731480,1.75879836,1.74919963,1.75530982,0,
2006-01-06T00:00:00Z,1.75530982,1.77210701,1.75198853,1.77078915,0,
2006-01-09T00:00:00Z,1.76900363,1.77251542,1.76329517,1.76460218,0,
2006-01-10T00:00:00Z,1.76528740,1.76991153,1.76248717,1.76450861,0,
2006-01-11T00:00:00Z,1.76460218,1.76781511,1.75278699,1.76669073,0,
2006-01-12T00:00:00Z,1.76659715,1.77169883,1.75889122,1.76090443,0,
2006-01-13T00:00:00Z,1.76050138,1.77771449,1.75978887,1.77749336,0,
2006-01-16T00:00:00Z,1.77771449,1.77989793,1.76528740,1.76640987,0,
2006-01-17T00:00:00Z,1.76650357,1.77000546,1.75960302,1.76719034,0,
2006-01-18T00:00:00Z,1.76700294,1.77028739,1.75960302,1.76220763,0,
2006-01-19T00:00:00Z,1.76230097,1.76320195,1.75358617,1.75700617,0,
2006-01-20T00:00:00Z,1.75691342,1.77330112,1.75478625,1.77100861,0,
2006-01-23T00:00:00Z,1.77298689,1.78868484,1.77260959,1.78651178,0,
2006-01-24T00:00:00Z,1.78670335,1.78970921,1.78129292,1.78348494,0,
2006-01-25T00:00:00Z,1.78348494,1.79301441,1.78208649,1.78408957,0,
2006-01-26T00:00:00Z,1.78389847,1.78858888,1.77850509,1.78138804,0,
2006-01-27T00:00:00Z,1.78151500,1.78769350,1.76731527,1.76769018,0,
2006-01-30T00:00:00Z,1.76978624,1.77151048,1.76401067,1.76709652,0,
2006-01-31T00:00:00Z,1.76709652,1.78580987,1.76700294,1.77859986,0,
2006-02-01T00:00:00Z,1.77878976,1.78161013,1.77298689,1.77490640,0,
2006-02-02T00:00:00Z,1.77481174,1.78119755,1.77151048,1.77859986,0,
2006-02-03T00:00:00Z,1.77850509,1.78040481,1.76000559,1.76270473,0,
2006-02-06T00:00:00Z,1.76301539,1.76429081,1.74428749,1.74709105,0,
2006-02-07T00:00:00Z,1.74651122,1.75131357,1.74109864,1.74660289,0,
2006-02-08T00:00:00Z,1.74669433,1.74709105,1.73849559,1.74131083,0,
2006-02-09T00:00:00Z,1.74161410,1.74611485,1.73858619,1.74559665,0,
2006-02-10T00:00:00Z,1.74651122,1.75759280,1.74200857,1.74459183,0,
2006-02-13T00:00:00Z,1.74380088,1.74419618,1.73780072,1.74310172,0,
2006-02-14T00:00:00Z,1.74288905,1.74459183,1.72899711,1.73611116,0,
2006-02-15T00:00:00Z,1.73620152,1.74849641,1.73400390,1.74031079,0,
2006-02-16T00:00:00Z,1.74031079,1.74079549,1.73160172,1.73949349,0,
2006-02-17T00:00:00Z,1.73931181,1.74258530,1.73379338,1.74258530,0,
2006-02-20T00:00:00Z,1.74288905,1.74599290,1.74109864,1.74489629,0,
2006-02-21T00:00:00Z,1.74450040,1.74748790,1.74200857,1.74590147,0,
2006-02-22T00:00:00Z,1.74568820,1.74678588,1.73831415,1.74401367,0,
2006-02-23T00:00:00Z,1.74401367,1.75518656,1.74179614,1.75220335,0,
2006-02-24T00:00:00Z,1.75229549,1.75370908,1.74310172,1.74450040,0,
2006-02-27T00:00:00Z,1.74061382,1.74520063,1.73819339,1.73988688,0,
2006-02-28T00:00:00Z,1.73988688,1.75691342,1.73801208,1.75420129,0,
2006-03-01T00:00:00Z,1.75380135,1.75879836,1.74660289,1.74999559,0,
2006-03-02T00:00:00Z,1.74950576,1.75500166,1.74401367,1.75349379,0,
2006-03-03T00:00:00Z,1.75309408,1.75839627,1.75091493,1.75589550,0,
2006-03-06T00:00:00Z,1.75991273,1.76220763,1.74730492,1.74990368,0,
2006-03-07T00:00:00Z,1.74999559,1.75021005,1.73409402,1.73650312,0,
2006-03-08T00:00:00Z,1.73641253,1.74131083,1.73469555,1.73680460,0,
2006-03-09T00:00:00Z,1.73680460,1.74031079,1.73520732,1.73580980,0,
2006-03-10T00:00:00Z,1.73568928,1.73961449,1.72398937,1.72631073,0,
2006-03-13T00:00:00Z,1.72771239,1.73698568,1.72390020,1.73580980,0,
2006-03-14T00:00:00Z,1.73590016,1.74849641,1.73430455,1.74699962,0,
2006-03-15T00:00:00Z,1.74678588,1.74929154,1.74231207,1.74770188,0,
2006-03-16T00:00:00Z,1.74779344,1.75938630,1.74459183,1.75678992,0,
2006-03-17T00:00:00Z,1.75660479,1.75759280,1.75198853,1.75651228,0,
2006-03-20T00:00:00Z,1.75580287,1.75839627,1.75358617,1.75571048,0,
2006-03-21T00:00:00Z,1.75530982,1.75558710,1.74581015,1.74910796,0,
2006-03-22T00:00:00Z,1.74880207,1.75060833,1.74568820,1.74678588,0,
2006-03-23T00:00:00Z,1.74690783,1.74690783,1.73349273,1.73430455,0,
2006-03-24T00:00:00Z,1.73391354,1.74428749,1.73160172,1.74258530,0,
2006-03-26T23:00:00Z,1.74209952,1.74919963,1.74209952,1.74638927,0,
2006-03-27T23:00:00Z,1.74739647,1.75370908,1.74279785,1.74301064,0,
2006-03-28T23:00:00Z,1.74301064,1.74440908,1.73229170,1.73520732,0,
2006-03-29T23:00:00Z,1.73520732,1.74800718,1.73508692,1.74709105,0,
2006-03-30T23:00:00Z,1.74709105,1.74748790,1.73478603,1.73771012,0,
2006-04-02T23:00:00Z,1.73801208,1.74049258,1.72571492,1.74000800,0,
2006-04-03T23:00:00Z,1.73979616,1.75750017,1.73771012,1.75540221,0,
2006-04-04T23:00:00Z,1.75540221,1.76149368,1.74898565,1.75269473,0,
2006-04-05T23:00:00Z,1.75269473,1.75951016,1.74959755,1.75171232,0,
2006-04-06T23:00:00Z,1.75158966,1.75269473,1.74015939,1.74410486,0,
2006-04-09T23:00:00Z,1.74340558,1.74678588,1.73810279,1.74331427,0,
2006-04-10T23:00:00Z,1.74240303,1.74968946,1.74000800,1.74959755,0,
2006-04-11T23:00:00Z,1.74968946,1.75678992,1.74779344,1.75131357,0,
2006-04-12T23:00:00Z,1.75140548,1.75571048,1.74898565,1.75309408,0,
2006-04-13T23:00:00Z,1.75290990,1.75309408,1.75091493,1.75278699,0,
2006-04-16T23:00:00Z,1.75500166,1.77408779,1.75500166,1.76991153,0,
2006-04-17T23:00:00Z,1.76950443,1.78450346,1.76850295,1.78399396,0,
2006-04-18T23:00:00Z,1.78408957,1.79368973,1.77989793,1.79198611,0,
2006-04-19T23:00:00Z,1.79188991,1.79240370,1.77664065,1.77799892,0,
2006-04-20T23:00:00Z,1.77799892,1.78450346,1.77660906,1.78269017,0,
2006-04-23T23:00:00Z,1.78740597,1.79140830,1.78049994,1.78721416,0,
2006-04-24T23:00:00Z,1.78740597,1.79359329,1.78338957,1.78788543,0,
2006-04-25T23:00:00Z,1.78788543,1.79060650,1.78091204,1.78488564,0,
2006-04-26T23:00:00Z,1.78510857,1.80420732,1.78319871,1.80189908,0,
2006-04-27T23:00:00Z,1.80189908,1.82668424,1.80040693,1.82598376,0,
2006-04-30T23:00:00Z,1.82418501,1.84090853,1.82109559,1.82528377,0,
2006-05-01T23:00:00Z,1.82528377,1.84250295,1.82159317,1.83901274,0,
2006-05-02T23:00:00Z,1.83830285,1.84740436,1.83580554,1.83948636,0,
2006-05-03T23:00:00Z,1.83948636,1.85490894,1.83429015,1.85198891,0,
2006-05-04T23:00:00Z,1.85188615,1.86209345,1.84829211,1.85960019,0,
2006-05-07T23:00:00Z,1.86140013,1.86870468,1.85539091,1.85811436,0,
2006-05-08T23:00:00Z,1.85818338,1.86779726,1.85198891,1.86758804,0,
2006-05-09T23:00:00Z,1.86769271,1.87188804,1.86119235,1.86261356,0,
2006-05-10T23:00:00Z,1.86250961,1.88526285,1.85380852,1.88501418,0,
2006-05-11T23:00:00Z,1.88519192,1.89908266,1.88309729,1.89508796,0,
2006-05-15T23:00:00Z,1.87631345,1.88950193,1.87599659,1.88739789,0,
2006-05-16T23:00:00Z,1.88618731,1.90128517,1.87849879,1.88249469,0,
2006-05-17T23:00:00Z,1.88231742,1.89620197,1.88111365,1.89329398,0,
2006-05-18T23:00:00Z,1.89318645,1.89508796,1.87101233,1.88001728,0,
2006-05-21T23:00:00Z,1.87729979,1.88839579,1.86469758,1.88508511,0,
2006-05-22T23:00:00Z,1.88490760,1.88789654,1.87529314,1.87708831,0,
2006-05-23T23:00:00Z,1.87698269,1.88558280,1.86591542,1.87129259,0,
2006-05-24T23:00:00Z,1.87101233,1.87740541,1.86748326,1.87560964,0,
2006-05-25T23:00:00Z,1.87550402,1.87578535,1.85360253,1.85970390,0,
2006-05-28T23:00:00Z,1.85859799,1.86438477,1.85711372,1.85991144,0,
2006-05-29T23:00:00Z,1.85949647,1.88600969,1.85839057,1.88171530,0,
2006-05-30T23:00:00Z,1.88178623,1.88540494,1.86908901,1.87160766,0,
2006-05-31T23:00:00Z,1.87150264,1.87160766,1.85749316,1.86640275,0,
2006-06-01T23:00:00Z,1.86619389,1.88600969,1.86198926,1.88221121,0,
2006-06-05T23:00:00Z,1.87111747,1.87691212,1.85949647,1.86091506,0,
2006-06-06T23:00:00Z,1.86081123,1.86400235,1.85380852,1.85721719,0,
2006-06-07T23:00:00Z,1.85721719,1.85770023,1.83820152,1.84311414,0,
2006-06-08T23:00:00Z,1.84338593,1.84771168,1.83806646,1.84070539,0,
2006-06-11T23:00:00Z,1.83958781,1.84668803,1.83840418,1.84179032,0,
2006-06-12T23:00:00Z,1.84158671,1.84430397,1.83220649,1.83378577,0,
2006-06-13T23:00:00Z,1.83388662,1.85000193,1.83388662,1.84491646,0,
2006-06-14T23:00:00Z,1.84474623,1.85418677,1.84260464,1.85000193,0,
2006-06-15T23:00:00Z,1.85140610,1.85539091,1.84760928,1.84849727,0,
2006-06-18T23:00:00Z,1.85209203,1.85308719,1.83728969,1.84090853,0,
2006-06-19T23:00:00Z,1.84101033,1.84573352,1.83823514,1.84338593,0,
2006-06-20T23:00:00Z,1.84348786,1.84709728,1.84131551,1.84508646,0,
2006-06-21T23:00:00Z,1.84498441,1.84699500,1.82678425,1.82838750,0,
2006-06-22T23:00:00Z,1.82838750,1.83140123,1.81405902,1.82049882,0,
2006-06-25T23:00:00Z,1.81960440,1.82478428,1.81689346,1.82348657,0,
2006-06-26T23:00:00Z,1.82358623,1.82638395,1.81920719,1.82089674,0,
2006-06-27T23:00:00Z,1.82109559,1.82418501,1.81511259,1.81788433,0,
2006-06-28T23:00:00Z,1.81798363,1.82969213,1.80979097,1.82828724,0,
2006-06-29T23:00:00Z,1.82818711,1.84979653,1.82768583,1.84900975,0,
2006-07-02T23:00:00Z,1.84760928,1.84880483,1.83911443,1.84240091,0,
2006-07-03T23:00:00Z,1.84250295,1.84798479,1.84229910,1.84498441,0,
2006-07-04T23:00:00Z,1.84518874,1.84863389,1.83321404,1.83570457,0,
2006-07-05T23:00:00Z,1.83560336,1.84019721,1.83418930,1.83749235,0,
2006-07-06T23:00:00Z,1.83749235,1.85329330,1.83580554,1.85140610,0,
2006-07-09T23:00:00Z,1.85000193,1.85188615,1.83749235,1.84311414,0,
2006-07-10T23:00:00Z,1.84270644,1.84719956,1.83769476,1.84508646,0,
2006-07-11T23:00:00Z,1.84498441,1.84771168,1.83170319,1.83509815,0,
2006-07-12T23:00:00Z,1.83506441,1.84610844,1.83358395,1.84440589,0,
2006-07-13T23:00:00Z,1.84440589,1.84461010,1.83429015,1.83651352,0,
2006-07-16T23:00:00Z,1.83860707,1.83860707,1.81841338,1.81960440,0,
2006-07-17T23:00:00Z,1.82000184,1.83244157,1.81900871,1.82558370,0,
2006-07-18T23:00:00Z,1.82558370,1.84409976,1.82378590,1.84291029,0,
2006-07-19T23:00:00Z,1.84301209,1.85188615,1.84209561,1.84928334,0,
2006-07-20T23:00:00Z,1.84928334,1.86001515,1.84740436,1.85870147,0,
2006-07-23T23:00:00Z,1.85991144,1.85991144,1.84870219,1.84969389,0,
2006-07-24T23:00:00Z,1.84955716,1.85360253,1.83921576,1.84101033,0,
2006-07-25T23:00:00Z,1.84111202,1.85511553,1.83979094,1.85439301,0,
2006-07-26T23:00:00Z,1.85459936,1.86741364,1.85329330,1.85801089,0,
2006-07-27T23:00:00Z,1.85811436,1.86619389,1.85501218,1.86501062,0,
2006-07-30T23:00:00Z,1.86278713,1.86898434,1.86216271,1.86821616,0,
2006-07-31T23:00:00Z,1.86821616,1.87691212,1.86320353,1.87599659,0,
2006-08-01T23:00:00Z,1.87599659,1.87899292,1.87409806,1.87811053,0,
2006-08-02T23:00:00Z,1.87811053,1.89110994,1.87059236,1.88718414,0,
2006-08-03T23:00:00Z,1.88739789,1.91241157,1.88576055,1.90978181,0,
2006-08-06T23:00:00Z,1.90741408,1.91149759,1.90429044,1.90479815,0,
2006-08-08T23:00:00Z,1.89828956,1.91080368,1.89800131,1.90628695,0,
2006-08-09T23:00:00Z,1.90621412,1.90850616,1.88729095,1.89433396,0,
2006-08-10T23:00:00Z,1.89451337,1.89828956,1.88946617,1.89078808,0,
2006-08-13T23:00:00Z,1.89218342,1.89530337,1.88508511,1.88850284,0,
2006-08-14T23:00:00Z,1.88889515,1.89731729,1.88650763,1.89458525,0,
2006-08-15T23:00:00Z,1.89458525,1.90229797,1.88860977,1.89630985,0,
2006-08-16T23:00:00Z,1.89630985,1.89901066,1.88238847,1.88529837,0,
2006-08-17T23:00:00Z,1.88540494,1.88711286,1.87849879,1.88171530,0,
2006-08-20T23:00:00Z,1.88281369,1.89929914,1.88238847,1.89161074,0,
2006-08-21T23:00:00Z,1.89150321,1.89480054,1.88579619,1.88878822,0,
2006-08-22T23:00:00Z,1.88878822,1.89929914,1.88718414,1.89211190,0,
2006-08-23T23:00:00Z,1.89225507,1.89569867,1.88629425,1.88811052,0,
2006-08-24T23:00:00Z,1.88800371,1.89121711,1.88380682,1.88800371,0,
2006-08-27T23:00:00Z,1.88768291,1.89890254,1.88668561,1.89508796,0,
2006-08-28T23:00:00Z,1.89508796,1.90269625,1.89028764,1.89969599,0,
2006-08-29T23:00:00Z,1.89969599,1.90599632,1.89760530,1.90508854,0,
2006-08-30T23:00:00Z,1.90508854,1.90901625,1.90139377,1.90309441,0,
2006-08-31T23:00:00Z,1.90298581,1.90701389,1.89674139,1.90599632,0,
2006-09-03T23:00:00Z,1.90719581,1.90821493,1.90338421,1.90559661,0,
2006-09-04T23:00:00Z,1.90548778,1.90599632,1.89193285,1.89501607,0,
2006-09-05T23:00:00Z,1.89501607,1.89566267,1.88030005,1.88600969,0,
2006-09-06T23:00:00Z,1.88611639,1.88718414,1.87115240,1.87578535,0,
2006-09-07T23:00:00Z,1.87539852,1.87648952,1.86351597,1.86608934,0,
2006-09-10T23:00:00Z,1.86608934,1.87031257,1.86108828,1.86608934,0,
2006-09-11T23:00:00Z,1.86598492,1.87680650,1.86560214,1.87539852,0,
2006-09-12T23:00:00Z,1.87539852,1.87821651,1.87139761,1.87768745,0,
2006-09-13T23:00:00Z,1.87768745,1.89121711,1.87599659,1.88590288,0,
2006-09-14T23:00:00Z,1.88579619,1.88839579,1.87589109,1.87789905,0,
2006-09-17T23:00:00Z,1.87821651,1.88398433,1.87430882,1.88118446,0,
2006-09-18T23:00:00Z,1.88118446,1.88836002,1.87800479,1.88178623,0,
2006-09-19T23:00:00Z,1.88175082,1.89261305,1.88090122,1.88729095,0,
2006-09-20T23:00:00Z,1.88693500,1.90349305,1.88693500,1.90218949,0,
2006-09-21T23:00:00Z,1.90229797,1.90610516,1.89980435,1.90168297,0,
2006-09-24T23:00:00Z,1.90139377,1.90730500,1.89861393,1.90059876,0,
2006-09-25T23:00:00Z,1.90049016,1.90298581,1.89390349,1.89501607,0,
2006-09-26T23:00:00Z,1.89480054,1.89630985,1.88611639,1.88928783,0,
2006-09-27T23:00:00Z,1.88921630,1.89161074,1.87290466,1.87670064,0,
2006-09-28T23:00:00Z,1.87691212,1.87821651,1.86400235,1.87171280,0,
2006-10-01T23:00:00Z,1.87160766,1.88778973,1.86825085,1.88689935,0,
2006-10-03T23:00:00Z,1.88618731,1.88825309,1.87888682,1.88640094,0,
2006-10-04T23:00:00Z,1.88640094,1.88700604,1.87571514,1.87860453,0,
2006-10-05T23:00:00Z,1.87849879,1.88320386,1.86860001,1.87129259,0,
2006-10-08T23:00:00Z,1.86999774,1.87150264,1.86410654,1.86748326,0,
2006-10-09T23:00:00Z,1.86748326,1.86989295,1.85325897,1.85360253,0,
2006-10-10T23:00:00Z,1.85349929,1.85849416,1.85240078,1.85484028,0,
2006-10-11T23:00:00Z,1.85480583,1.86108828,1.85425544,1.85949647,0,
2006-10-12T23:00:00Z,1.85939264,1.86289108,1.85459936,1.85518432,0,
2006-10-15T23:00:00Z,1.85559750,1.86459315,1.85298431,1.86230135,0,
2006-10-16T23:00:00Z,1.86250961,1.87360656,1.86143482,1.87178278,0,
2006-10-17T23:00:00Z,1.87178278,1.87388742,1.86678612,1.86748326,0,
2006-10-18T23:00:00Z,1.86769271,1.88001728,1.86730909,1.87708831,0,
2006-10-19T23:00:00Z,1.87719393,1.88590288,1.87631345,1.88309729,0,
2006-10-22T23:00:00Z,1.88299096,1.88320386,1.86929870,1.87350118,0,
2006-10-23T23:00:00Z,1.87339592,1.87659502,1.86800671,1.87350118,0,
2006-10-24T23:00:00Z,1.87329066,1.87980521,1.87258899,1.87899292,0,
2006-10-25T23:00:00Z,1.87899292,1.89239824,1.87885177,1.89060926,0,
2006-10-26T23:00:00Z,1.89071643,1.90020132,1.88750470,1.89688528,0,
2006-10-30T00:00:00Z,1.89681339,1.90410912,1.89641762,1.89980435,0,
2006-10-31T00:00:00Z,1.89969599,1.90978181,1.89670539,1.90828764,0,
2006-11-01T00:00:00Z,1.90821493,1.91350937,1.90599632,1.90730500,0,
2006-11-02T00:00:00Z,1.90730500,1.91040206,1.90389156,1.90821493,0,
2006-11-03T00:00:00Z,1.90821493,1.91091323,1.89861393,1.90110457,0,
2006-11-06T00:00:00Z,1.90179145,1.90291333,1.89548302,1.89828956,0,
2006-11-07T00:00:00Z,1.89843369,1.91204584,1.89843369,1.90559661,0,
2006-11-08T00:00:00Z,1.90588737,1.90959954,1.90128517,1.90519738,0,
2006-11-09T00:00:00Z,1.90508854,1.90799630,1.89839780,1.90690482,0,
2006-11-10T00:00:00Z,1.90690482,1.91791344,1.90661407,1.91219211,0,
2006-11-13T00:00:00Z,1.91179013,1.91541529,1.90030980,1.90505230,0,
2006-11-14T00:00:00Z,1.90443552,1.90508854,1.89350915,1.89620197,0,
2006-11-15T00:00:00Z,1.89620197,1.89710128,1.88419724,1.88939488,0,
2006-11-16T00:00:00Z,1.88921630,1.89289987,1.88576055,1.88839579,0,
2006-11-17T00:00:00Z,1.88828886,1.89908266,1.88465881,1.89810956,0,
2006-11-20T00:00:00Z,1.89419043,1.89861393,1.89379597,1.89738917,0,
2006-11-21T00:00:00Z,1.89738917,1.90059876,1.89659750,1.89951575,0,
2006-11-22T00:00:00Z,1.89919102,1.91659009,1.89919102,1.91460848,0,
2006-11-23T00:00:00Z,1.89919102,1.91699409,1.89919102,1.91600239,0,
2006-11-24T00:00:00Z,1.91618598,1.93449795,1.91501188,1.93188190,0,
2006-11-27T00:00:00Z,1.93960094,1.94091845,1.93270338,1.93820977,0,
2006-11-28T00:00:00Z,1.93824744,1.95388830,1.93719602,1.95320129,0,
2006-11-29T00:00:00Z,1.95331573,1.95419371,1.94450378,1.94601750,0,
2006-11-30T00:00:00Z,1.94609332,1.96955073,1.94560111,1.96641374,0,
2006-12-01T00:00:00Z,1.96680033,1.98389089,1.96513844,1.98051178,0,
2006-12-04T00:00:00Z,1.98184621,1.98219979,1.97328174,1.98078644,0,
2006-12-05T00:00:00Z,1.98070788,1.98078644,1.96850383,1.97351539,0,
2006-12-06T00:00:00Z,1.97351539,1.97409976,1.96278560,1.96641374,0,
2006-12-07T00:00:00Z,1.96598840,1.97090936,1.96178448,1.96278560,0,
2006-12-08T00:00:00Z,1.96309376,1.97219217,1.95259118,1.95438468,0,
2006-12-11T00:00:00Z,1.95381176,1.96101487,1.94700253,1.96001554,0,
2006-12-12T00:00:00Z,1.96001554,1.97160888,1.95859528,1.97129798,0,
2006-12-13T00:00:00Z,1.97118139,1.97281456,1.96170735,1.96780658,0,
2006-12-14T00:00:00Z,1.96769047,1.97098720,1.95871031,1.96220779,0,
2006-12-15T00:00:00Z,1.96189988,1.96660686,1.95030618,1.95388830,0,
2006-12-18T00:00:00Z,1.95278168,1.95821178,1.94389915,1.94848204,0,
2006-12-19T00:00:00Z,1.94821644,1.97160888,1.94798863,1.97129798,0,
2006-12-20T00:00:00Z,1.97141445,1.97480142,1.96274698,1.96579516,0,
2006-12-21T00:00:00Z,1.96571791,1.96970582,1.95694721,1.96251607,0,
2006-12-22T00:00:00Z,1.96240032,1.96819401,1.95641124,1.95790505,0,
2006-12-25T00:00:00Z,1.95970833,1.97589409,1.95648766,1.95920920,0,
2006-12-26T00:00:00Z,1.95940125,1.96001554,1.95198119,1.95560777,0,
2006-12-27T00:00:00Z,1.95579886,1.96309376,1.95358300,1.95698535,0,
2006-12-28T00:00:00Z,1.95698535,1.96730340,1.95599020,1.96220779,0,
2006-12-29T00:00:00Z,1.96220779,1.96710980,1.95710039,1.95920920,0,
2007-01-01T00:00:00Z,1.95920920,1.96428919,1.95828855,1.96421218,0,
2007-01-02T00:00:00Z,1.96409631,1.97429466,1.96359491,1.97339869,0,
2007-01-03T00:00:00Z,1.97339869,1.97538674,1.94901383,1.95220995,0,
2007-01-04T00:00:00Z,1.95179069,1.95339215,1.94050407,1.94299257,0,
2007-01-05T00:00:00Z,1.94310594,1.95358300,1.92700517,1.93080008,0,
2007-01-08T00:00:00Z,1.92979395,1.94031584,1.92711651,1.94031584,0,
2007-01-09T00:00:00Z,1.94031584,1.94510889,1.93918705,1.93918705,0,
2007-01-10T00:00:00Z,1.93911195,1.94220006,1.93199384,1.93240440,0,
2007-01-11T00:00:00Z,1.93240440,1.95301056,1.93240440,1.94450378,0,
2007-01-12T00:00:00Z,1.94450378,1.96009254,1.94310594,1.95721531,0,
2007-01-15T00:00:00Z,1.96039987,1.96699381,1.95759845,1.96440494,0,
2007-01-16T00:00:00Z,1.96448219,1.96858144,1.95978522,1.96120727,0,
2007-01-17T00:00:00Z,1.96128428,1.97238648,1.96093810,1.97059870,0,
2007-01-18T00:00:00Z,1.97040451,1.97761345,1.96498394,1.97421682,0,
2007-01-19T00:00:00Z,1.97425580,1.97671425,1.97021031,1.97320402,0,
2007-01-22T00:00:00Z,1.97409976,1.97831762,1.97250330,1.97690964,0,
2007-01-23T00:00:00Z,1.97698796,1.99143684,1.97698796,1.98219979,0,
2007-01-24T00:00:00Z,1.98239625,1.98318267,1.96509981,1.96800029,0,
2007-01-25T00:00:00Z,1.96800029,1.97289252,1.96309376,1.96509981,0,
2007-01-26T00:00:00Z,1.96498394,1.96738088,1.95740688,1.95990038,0,
2007-01-30T00:00:00Z,1.96159196,1.96958959,1.96078432,1.96209240,0,
2007-01-31T00:00:00Z,1.96220779,1.96579516,1.94878578,1.96340215,0,
2007-02-01T00:00:00Z,1.96409631,1.97219217,1.96270847,1.96710980,0,
2007-02-02T00:00:00Z,1.96710980,1.97359324,1.96479094,1.96618164,0,
2007-02-05T00:00:00Z,1.96579516,1.96699381,1.95430815,1.96078432,0,
2007-02-06T00:00:00Z,1.96101487,1.97211432,1.95928609,1.97098720,0,
2007-02-07T00:00:00Z,1.97118139,1.97320402,1.96838772,1.97145331,0,
2007-02-08T00:00:00Z,1.97180319,1.97300923,1.95514882,1.95871031,0,
2007-02-09T00:00:00Z,1.95878720,1.99100053,1.94620693,1.98278940,0,
2007-02-12T00:00:00Z,1.95358300,1.95679414,1.94480634,1.94730580,0,
2007-02-13T00:00:00Z,1.94711626,1.95220995,1.94080532,1.94579017,0,
2007-02-14T00:00:00Z,1.94579017,1.96490669,1.94579017,1.96490669,0,
2007-02-15T00:00:00Z,1.96490669,1.96691656,1.95091510,1.95140994,0,
2007-02-16T00:00:00Z,1.95140994,1.95400274,1.94688892,1.95011592,0,
2007-02-19T00:00:00Z,1.95289624,1.95599020,1.94401240,1.95091510,0,
2007-02-20T00:00:00Z,1.95099103,1.95736849,1.94840634,1.95641124,0,
2007-02-21T00:00:00Z,1.95629621,1.95878720,1.94920373,1.95369732,0,
2007-02-22T00:00:00Z,1.95400274,1.96001554,1.94681299,1.95641124,0,
2007-02-23T00:00:00Z,1.95641124,1.96521580,1.95480478,1.96270847,0,
2007-02-26T00:00:00Z,1.96428919,1.96579516,1.96128428,1.96390331,0,
2007-02-27T00:00:00Z,1.96378779,1.96738088,1.95990038,1.96270847,0,
2007-02-28T00:00:00Z,1.96290112,1.96498394,1.95270550,1.96401918,0,
2007-03-01T00:00:00Z,1.96409631,1.96529293,1.95679414,1.95759845,0,
2007-03-02T00:00:00Z,1.95759845,1.95809674,1.94201148,1.94261527,0,
2007-03-05T00:00:00Z,1.93449795,1.93449795,1.91879654,1.92078674,0,
2007-03-06T00:00:00Z,1.92041790,1.93599606,1.92041790,1.93520916,0,
2007-03-07T00:00:00Z,1.93520916,1.93599606,1.92719066,1.93009210,0,
2007-03-08T00:00:00Z,1.93001759,1.93539643,1.92800808,1.92979395,0,
2007-03-09T00:00:00Z,1.92979395,1.93539643,1.92789662,1.93419862,0,
2007-03-12T00:00:00Z,1.93768394,1.94318140,1.92600298,1.93221784,0,
2007-03-13T00:00:00Z,1.93240440,1.93498456,1.92759943,1.92878914,0,
2007-03-14T00:00:00Z,1.92908680,1.93941271,1.92178345,1.93888628,0,
2007-03-15T00:00:00Z,1.93881118,1.93881118,1.93150866,1.93869829,0,
2007-03-16T00:00:00Z,1.93888628,1.94981182,1.93700838,1.94261527,0,
2007-03-19T00:00:00Z,1.94159687,1.94730580,1.94039118,1.94620693,0,
2007-03-20T00:00:00Z,1.94639635,1.96251607,1.94389915,1.96189988,0,
2007-03-21T00:00:00Z,1.96159196,1.96951187,1.95671737,1.96831012,0,
2007-03-22T00:00:00Z,1.96838772,1.97199774,1.96201551,1.96509981,0,
2007-03-23T00:00:00Z,1.96498394,1.96850383,1.95920920,1.96251607,0,
2007-03-25T23:00:00Z,1.95978522,1.97219217,1.95871031,1.97009397,0,
2007-03-26T23:00:00Z,1.97021031,1.97040451,1.96290112,1.96680033,0,
2007-03-27T23:00:00Z,1.96680033,1.96780658,1.96101487,1.96259296,0,
2007-03-28T23:00:00Z,1.96259296,1.96591115,1.96201551,1.96320939,0,
2007-03-29T23:00:00Z,1.96309376,1.97118139,1.95091510,1.95251477,0,
2007-04-01T23:00:00Z,1.96811664,1.98011947,1.96680033,1.97820032,0,
2007-04-02T23:00:00Z,1.97800469,1.98231781,1.97339869,1.97339869,0,
2007-04-03T23:00:00Z,1.97359324,1.97730064,1.97258103,1.97640181,0,
2007-04-04T23:00:00Z,1.97640181,1.97698796,1.96811664,1.97149229,0,
2007-04-05T23:00:00Z,1.97160888,1.98661029,1.96401918,1.98550582,0,
2007-04-08T23:00:00Z,1.96498394,1.96529293,1.95959318,1.96201551,0,
2007-04-09T23:00:00Z,1.96201551,1.97491860,1.96159196,1.97180319,0,
2007-04-10T23:00:00Z,1.97180319,1.98141432,1.97141445,1.97620642,0,
2007-04-11T23:00:00Z,1.97679257,1.98039412,1.97300923,1.98039412,0,
2007-04-12T23:00:00Z,1.98039412,1.98878324,1.97890472,1.98649180,0,
2007-04-15T23:00:00Z,1.98870420,1.99401796,1.98680770,1.98870420,0,
2007-04-16T23:00:00Z,1.98878324,2.00839520,1.98858547,2.00738716,0,
2007-04-17T23:00:00Z,2.00738716,2.01300406,2.00240302,2.00900030,0,
2007-04-18T23:00:00Z,2.00891972,2.00960588,1.99928021,2.00360656,0,
2007-04-19T23:00:00Z,2.00360656,2.00698423,2.00088048,2.00461054,0,
2007-04-22T23:00:00Z,2.00469112,2.00481153,1.99840128,2.00100064,0,
2007-04-23T23:00:00Z,2.00100064,2.00428915,1.99588835,2.00208211,0,
2007-04-24T23:00:00Z,2.00208211,2.00621915,2.00140095,2.00200200,0,
2007-04-25T23:00:00Z,2.00200200,2.00601816,1.99001014,1.99048543,0,
2007-04-26T23:00:00Z,1.99060440,2.00400805,1.98720229,1.99860096,0,
2007-04-29T23:00:00Z,1.99560964,2.00268364,1.98961413,2.00000000,0,
2007-04-30T23:00:00Z,2.00000000,2.00730658,1.99808180,1.99808180,0,
2007-05-01T23:00:00Z,1.99840128,1.99928021,1.98811102,1.98878324,0,
2007-05-02T23:00:00Z,1.98858547,1.99409759,1.98641300,1.98799253,0,
2007-05-03T23:00:00Z,1.98799253,1.99421680,1.97511363,1.97608936,0,
2007-05-06T23:00:00Z,1.99381912,1.99760294,1.99290538,1.99350119,0,
2007-05-07T23:00:00Z,1.99338198,1.99640656,1.98838794,1.98961413,0,
2007-05-08T23:00:00Z,1.98949540,1.99920046,1.98858547,1.99338198,0,
2007-05-09T23:00:00Z,1.99318337,1.99620724,1.97749615,1.97960997,0,
2007-05-10T23:00:00Z,1.97960997,1.98400891,1.97659707,1.98271072,0,
2007-05-13T23:00:00Z,1.98200333,1.98511159,1.97839582,1.97910058,0,
2007-05-14T23:00:00Z,1.97921824,1.98720229,1.97538674,1.98601842,0,
2007-05-15T23:00:00Z,1.98590016,1.98720229,1.97620642,1.97741783,0,
2007-05-16T23:00:00Z,1.97741783,1.97878742,1.97398293,1.97480142,0,
2007-05-17T23:00:00Z,1.97499645,1.97761345,1.97048223,1.97530854,0,
2007-05-20T23:00:00Z,1.97519159,1.97519159,1.96831012,1.97160888,0,
2007-05-21T23:00:00Z,1.97160888,1.97671425,1.97059870,1.97511363,0,
2007-05-22T23:00:00Z,1.97538674,1.98941636,1.97230875,1.98629463,0,
2007-05-23T23:00:00Z,1.98621559,1.98878324,1.98381209,1.98538756,0,
2007-05-24T23:00:00Z,1.98570299,1.98791337,1.98298609,1.98491478,0,
2007-05-27T23:00:00Z,1.98408759,1.98519051,1.98278940,1.98318267,0,
2007-05-28T23:00:00Z,1.98310399,1.99001014,1.97960997,1.98000193,0,
2007-05-29T23:00:00Z,1.97960997,1.98330069,1.97398293,1.97640181,0,
2007-05-30T23:00:00Z,1.97640181,1.98149276,1.97441173,1.97980595,0,
2007-05-31T23:00:00Z,1.97988439,1.98290730,1.97749615,1.98098242,0,
2007-06-03T23:00:00Z,1.98219979,1.99250817,1.98180711,1.99159551,0,
2007-06-04T23:00:00Z,1.99159551,1.99688494,1.99131799,1.99338198,0,
2007-06-05T23:00:00Z,1.99350119,1.99588835,1.99139714,1.99219072,0,
2007-06-06T23:00:00Z,1.99238920,1.99441564,1.97519159,1.97800469,0,
2007-06-07T23:00:00Z,1.97800469,1.97929657,1.96309376,1.97048223,0,
2007-06-10T23:00:00Z,1.96761322,1.97028816,1.96540868,1.96939564,0,
2007-06-11T23:00:00Z,1.96939564,1.97851336,1.96920168,1.97480142,0,
2007-06-12T23:00:00Z,1.97480142,1.97601116,1.96800029,1.97281456,0,
2007-06-13T23:00:00Z,1.97289252,1.97371030,1.96660686,1.96970582,0,
2007-06-14T23:00:00Z,1.96958959,1.97800469,1.96920168,1.97679257,0,
2007-06-17T23:00:00Z,1.97640181,1.98459947,1.97640181,1.98381209,0,
2007-06-18T23:00:00Z,1.98381209,1.98921847,1.98298609,1.98759735,0,
2007-06-19T23:00:00Z,1.98739982,1.99489307,1.98739982,1.99230969,0,
2007-06-20T23:00:00Z,1.99219072,1.99381912,1.98981214,1.99290538,0,
2007-06-21T23:00:00Z,1.99278605,1.99968004,1.99151623,1.99760294,0,
2007-06-24T23:00:00Z,1.99948013,2.00080037,1.99620724,1.99820161,0,
2007-06-25T23:00:00Z,1.99820161,2.00148106,1.99660563,1.99840128,0,
2007-06-26T23:00:00Z,1.99840128,2.00028014,1.99358070,1.99960005,0,
2007-06-27T23:00:00Z,1.99960005,2.00388765,1.99820161,2.00220251,0,
2007-06-28T23:00:00Z,2.00220251,2.01001000,2.00148106,2.00831437,0,
2007-07-01T23:00:00Z,2.00839520,2.01861167,2.00770974,2.01779699,0,
2007-07-02T23:00:00Z,2.01779699,2.01950836,2.01389599,2.01698303,0,
2007-07-03T23:00:00Z,2.01698303,2.02048779,2.01539755,2.01621032,0,
2007-07-04T23:00:00Z,2.01641369,2.01979399,2.00940394,2.01219392,0,
2007-07-05T23:00:00Z,2.01191044,2.01409864,2.00678301,2.01199150,0,
2007-07-08T23:00:00Z,2.01138449,2.01718640,2.01029277,2.01478863,0,
2007-07-09T23:00:00Z,2.01519465,2.02839756,2.01300406,2.02741051,0,
2007-07-10T23:00:00Z,2.02728724,2.03641105,2.02490640,2.03231382,0,
2007-07-11T23:00:00Z,2.03190088,2.03570628,2.02778053,2.02959156,0,
2007-07-12T23:00:00Z,2.02959156,2.03690886,2.02679420,2.03479505,0,
2007-07-15T23:00:00Z,2.03380179,2.03998351,2.03318143,2.03678441,0,
2007-07-17T23:00:00Z,2.04771161,2.05499148,2.04678965,2.05368328,0,
2007-07-18T23:00:00Z,2.05368328,2.05402088,2.04758573,2.04888630,0,
2007-07-19T23:00:00Z,2.04859257,2.05829072,2.04838276,2.05702066,0,
2007-07-22T23:00:00Z,2.05549836,2.06041121,2.05478048,2.05930805,0,
2007-07-23T23:00:00Z,2.05939293,2.06509161,2.05901122,2.06189823,0,
2007-07-24T23:00:00Z,2.06198311,2.06228089,2.04918027,2.05309296,0,
2007-07-25T23:00:00Z,2.05300879,2.05440068,2.04331827,2.04787946,0,
2007-07-26T23:00:00Z,2.04800534,2.04939032,2.02339053,2.02461934,0,
2007-07-29T23:00:00Z,2.02330852,2.02901483,2.02150893,2.02831531,0,
2007-07-30T23:00:00Z,2.02831531,2.03790498,2.02728724,2.02938557,0,
2007-07-31T23:00:00Z,2.02889156,2.03421545,2.02118206,2.03198338,0,
2007-08-01T23:00:00Z,2.03190088,2.03761435,2.02860332,2.03661847,0,
2007-08-02T23:00:00Z,2.03670120,2.04599404,2.03458810,2.04281735,0,
2007-08-05T23:00:00Z,2.03990030,2.04561734,2.02839756,2.03140545,0,
2007-08-06T23:00:00Z,2.03140545,2.03338814,2.01950836,2.02228570,0,
2007-08-07T23:00:00Z,2.02220392,2.03981709,2.01661682,2.03728223,0,
2007-08-08T23:00:00Z,2.03699183,2.03960919,2.02179480,2.02298093,0,
2007-08-09T23:00:00Z,2.02298093,2.02658892,2.01588511,2.02208114,0,
2007-08-12T23:00:00Z,2.02298093,2.02589083,2.00960588,2.01199150,0,
2007-08-13T23:00:00Z,2.01239634,2.01300406,1.99560964,1.99700451,0,
2007-08-14T23:00:00Z,1.99700451,1.99700451,1.98621559,1.98680770,0,
2007-08-15T23:00:00Z,1.98728144,1.98898101,1.97761345,1.98530865,0,
2007-08-16T23:00:00Z,1.98530865,1.99338198,1.96730340,1.98200333,0,
2007-08-19T23:00:00Z,1.97870922,1.99028754,1.97741783,1.98858547,0,
2007-08-20T23:00:00Z,1.98850644,1.98850644,1.97499645,1.98070788,0,
2007-08-21T23:00:00Z,1.98039412,1.99541056,1.98039412,1.99501240,0,
2007-08-22T23:00:00Z,1.99501240,2.00900030,1.99258745,2.00320530,0,
2007-08-23T23:00:00Z,2.00320530,2.01588511,1.99880075,2.01361203,0,
2007-08-26T23:00:00Z,2.01551962,2.01938605,2.00879860,2.00900030,0,
2007-08-27T23:00:00Z,2.00908113,2.01381469,1.99979997,2.00060010,0,
2007-08-28T23:00:00Z,2.00040007,2.01828575,1.99680507,2.01677966,0,
2007-08-29T23:00:00Z,2.01677966,2.01800060,2.00521350,2.01438260,0,
2007-08-30T23:00:00Z,2.01417994,2.02318573,2.01199150,2.01718640,0,
2007-09-02T23:00:00Z,2.01661682,2.02061033,2.01409864,2.01771545,0,
2007-09-03T23:00:00Z,2.01759338,2.01959014,2.00839520,2.01417994,0,
2007-09-04T23:00:00Z,2.01401758,2.02269459,2.00481153,2.02040601,0,
2007-09-05T23:00:00Z,2.02040601,2.02621937,2.01560068,2.02511144,0,
2007-09-06T23:00:00Z,2.02511144,2.03148818,2.01751208,2.02860332,0,
2007-09-10T23:00:00Z,2.02778053,2.03380179,2.02400470,2.03318143,0,
2007-09-11T23:00:00Z,2.03301620,2.03628659,2.02909732,2.02959156,0,
2007-09-12T23:00:00Z,2.02917957,2.03438115,2.01759338,2.01759338,0,
2007-09-13T23:00:00Z,2.01791906,2.02220392,2.00581694,2.00670242,0,
2007-09-16T23:00:00Z,2.00609851,2.00940394,1.99199224,1.99401796,0,
2007-09-17T23:00:00Z,1.99381912,2.01499152,1.98838794,2.01340938,0,
2007-09-18T23:00:00Z,2.01340938,2.01739001,1.99600804,2.00060010,0,
2007-09-19T23:00:00Z,2.00060010,2.01458549,1.99800193,2.01061606,0,
2007-09-20T23:00:00Z,2.01061606,2.02118206,2.00879860,2.02040601,0,
2007-09-23T23:00:00Z,2.02130461,2.03128171,2.02020192,2.02069187,0,
2007-09-24T23:00:00Z,2.02089596,2.02101851,2.00891972,2.01889682,0,
2007-09-25T23:00:00Z,2.01918221,2.02179480,2.01097989,2.01560068,0,
2007-09-26T23:00:00Z,2.01560068,2.02847981,2.01417994,2.02679420,0,
2007-09-27T23:00:00Z,2.02671218,2.04871845,2.02020192,2.04620337,0,
2007-09-30T23:00:00Z,2.04561734,2.04918027,2.03819585,2.04432082,0,
2007-10-01T23:00:00Z,2.04419541,2.04461360,2.03748989,2.03998351,0,
2007-10-02T23:00:00Z,2.03998351,2.04390311,2.03128171,2.03260303,0,
2007-10-03T23:00:00Z,2.03260303,2.04240012,2.02831531,2.03861117,0,
2007-10-04T23:00:00Z,2.03848672,2.04381967,2.03190088,2.04369426,0,
2007-10-07T23:00:00Z,2.04189968,2.04290104,2.03359509,2.03541636,0,
2007-10-08T23:00:00Z,2.03549910,2.03898525,2.02630138,2.03769732,0,
2007-10-09T23:00:00Z,2.03769732,2.04720879,2.03769732,2.04181623,0,
2007-10-10T23:00:00Z,2.04110789,2.04219174,2.03140545,2.03421545,0,
2007-10-11T23:00:00Z,2.03429818,2.03748989,2.02531648,2.03429818,0,
2007-10-14T23:00:00Z,2.03541636,2.04381967,2.03239632,2.04240012,0,
2007-10-15T23:00:00Z,2.04248357,2.04369426,2.02987981,2.03218985,0,
2007-10-16T23:00:00Z,2.03239632,2.04139948,2.02950907,2.03998351,0,
2007-10-17T23:00:00Z,2.03981709,2.05060911,2.03861117,2.04419541,0,
2007-10-18T23:00:00Z,2.04419541,2.05279803,2.04198313,2.05149245,0,
2007-10-21T23:00:00Z,2.05018854,2.05258727,2.02638340,2.03268552,0,
2007-10-22T23:00:00Z,2.03260303,2.05191350,2.03252029,2.05031466,0,
2007-10-23T23:00:00Z,2.05031466,2.05111384,2.04361057,2.05010462,0,
2007-10-24T23:00:00Z,2.05002046,2.05338812,2.04599404,2.05090356,0,
2007-10-25T23:00:00Z,2.05081916,2.05689359,2.04838276,2.05170298,0,
2007-10-29T00:00:00Z,2.05402088,2.06419635,2.05330372,2.06109071,0,
2007-10-30T00:00:00Z,2.06130314,2.06970787,2.05702066,2.06799579,0,
2007-10-31T00:00:00Z,2.06829524,2.08211875,2.06761098,2.07978034,0,
2007-11-01T00:00:00Z,2.07960749,2.08711624,2.07641196,2.07779264,0,
2007-11-02T00:00:00Z,2.07839727,2.09078169,2.07740402,2.08559275,0,
2007-11-05T00:00:00Z,2.08798790,2.08960223,2.07921815,2.08107877,0,
2007-11-06T00:00:00Z,2.08107877,2.08982062,2.08107877,2.08742118,0,
2007-11-07T00:00:00Z,2.08750844,2.10641623,2.08720326,2.09978151,0,
2007-11-08T00:00:00Z,2.09960532,2.11170936,2.09881210,2.10819244,0,
2007-11-09T00:00:00Z,2.10841465,2.11581993,2.08851099,2.09467959,0,
2007-11-12T00:00:00Z,2.08611465,2.08611465,2.05300879,2.05440068,0,
2007-11-13T00:00:00Z,2.05440068,2.07598090,2.05380988,2.07481790,0,
2007-11-14T00:00:00Z,2.07468891,2.08398461,2.05098772,2.05279803,0,
2007-11-15T00:00:00Z,2.05288219,2.06151557,2.04281735,2.04440451,0,
2007-11-16T00:00:00Z,2.04461360,2.05499148,2.03620362,2.05241871,0,
2007-11-19T00:00:00Z,2.05402088,2.05659747,2.04570103,2.04939032,0,
2007-11-20T00:00:00Z,2.04909635,2.06820965,2.04599404,2.06611562,0,
2007-11-21T00:00:00Z,2.06641459,2.06970787,2.05359888,2.06351495,0,
2007-11-22T00:00:00Z,2.06300402,2.06820965,2.05901122,2.06240845,0,
2007-11-23T00:00:00Z,2.06279135,2.07589459,2.05338812,2.06109071,0,
2007-11-27T00:00:00Z,2.07060766,2.07559299,2.06479311,2.06761098,0,
2007-11-28T00:00:00Z,2.06761098,2.08311629,2.05918074,2.07878590,0,
2007-11-29T00:00:00Z,2.07939124,2.07939124,2.05981708,2.06291890,0,
2007-11-30T00:00:00Z,2.06291890,2.06979346,2.05402088,2.05668211,0,
2007-12-03T00:00:00Z,2.05740142,2.06799579,2.05330372,2.06389832,0,
2007-12-04T00:00:00Z,2.06419635,2.06718349,2.05638599,2.05879927,0,
2007-12-05T00:00:00Z,2.05807900,2.05807900,2.02498841,2.02728724,0,
2007-12-06T00:00:00Z,2.02761626,2.03119922,2.01971245,2.02839756,0,
2007-12-07T00:00:00Z,2.02839756,2.03438115,2.02289915,2.03181815,0,
2007-12-10T00:00:00Z,2.03359509,2.04838276,2.03140545,2.04498982,0,
2007-12-11T00:00:00Z,2.04461360,2.05149245,2.03338814,2.03578901,0,
2007-12-12T00:00:00Z,2.03570628,2.05389428,2.03541636,2.04549170,0,
2007-12-13T00:00:00Z,2.04511523,2.04821491,2.03508472,2.04281735,0,
2007-12-14T00:00:00Z,2.04240012,2.04440451,2.01511335,2.02012038,0,
2007-12-17T00:00:00Z,2.01641369,2.02281737,2.01069689,2.02138638,0,
2007-12-20T00:00:00Z,1.98799253,1.99080253,1.98141432,1.98389089,0,
2007-12-21T00:00:00Z,1.98389089,1.98941636,1.98121810,1.98330069,0,
2007-12-24T00:00:00Z,1.98400891,1.98428440,1.97608936,1.97851336,0,
2007-12-25T00:00:00Z,1.97839582,1.98448133,1.97009397,1.97741783,0,
2007-12-26T00:00:00Z,1.97749615,1.98471773,1.97749615,1.98420584,0,
2007-12-27T00:00:00Z,1.98428440,1.99660563,1.98420584,1.99501240,0,
2007-12-28T00:00:00Z,1.99509203,2.00220251,1.99100053,1.99330246,0,
2007-12-31T00:00:00Z,1.99820161,2.01001000,1.98208201,1.98661029,0,
2008-01-01T00:00:00Z,1.98550582,1.98981214,1.97898316,1.98771584,0,
2008-01-02T00:00:00Z,1.98728144,1.98898101,1.97851336,1.98180711,0,
2008-01-03T00:00:00Z,1.98188555,1.98400891,1.97098720,1.97409976,0,
2008-01-04T00:00:00Z,1.97421682,1.98459947,1.96819401,1.97581589,0,
2008-01-07T00:00:00Z,1.97199774,1.97558188,1.96618164,1.96699381,0,
2008-01-08T00:00:00Z,1.96710980,1.98251414,1.96710980,1.97180319,0,
2008-01-09T00:00:00Z,1.97188091,1.97640181,1.95591378,1.95748341,0,
2008-01-10T00:00:00Z,1.95759845,1.96540868,1.95469022,1.96159196,0,
2008-01-11T00:00:00Z,1.96201551,1.96340215,1.94920373,1.95940125,0,
2008-01-14T00:00:00Z,1.95951629,1.96490669,1.95301056,1.95438468,0,
2008-01-15T00:00:00Z,1.95438468,1.97421682,1.95419371,1.95828855,0,
2008-01-16T00:00:00Z,1.95759845,1.97149229,1.95438468,1.96290112,0,
2008-01-17T00:00:00Z,1.96259296,1.97028816,1.96120727,1.96838772,0,
2008-01-23T00:00:00Z,1.95160043,1.95920920,1.95011592,1.95698535,0,
2008-01-24T00:00:00Z,1.95671737,1.97820032,1.95091510,1.97820032,0,
2008-01-25T00:00:00Z,1.97769177,1.98479640,1.97530854,1.98059034,0,
2008-01-28T00:00:00Z,1.98609734,1.98898101,1.97339869,1.98491478,0,
2008-01-29T00:00:00Z,1.98538756,1.99298465,1.98188555,1.98929751,0,
2008-01-30T00:00:00Z,1.98941636,1.99441564,1.98310399,1.98361528,0,
2008-01-31T00:00:00Z,1.98400891,1.99429643,1.98361528,1.99060440,0,
2008-02-01T00:00:00Z,1.99048543,1.99369991,1.96479094,1.96649098,0,
2008-02-04T00:00:00Z,1.96540868,1.97870922,1.96540868,1.97480142,0,
2008-02-05T00:00:00Z,1.97511363,1.97558188,1.96128428,1.96479094,0,
2008-02-06T00:00:00Z,1.96479094,1.96641374,1.95610511,1.96078432,0,
2008-02-07T00:00:00Z,1.96089959,1.96209240,1.93978906,1.94280374,0,
2008-02-08T00:00:00Z,1.94238877,1.95019209,1.94110692,1.94711626,0,
2008-02-11T00:00:00Z,1.94688892,1.95251477,1.94140840,1.94988799,0,
2008-02-12T00:00:00Z,1.94958389,1.96301687,1.94541180,1.96020770,0,
2008-02-13T00:00:00Z,1.95901728,1.96660686,1.95541656,1.96220779,0,
2008-02-14T00:00:00Z,1.96228492,1.97359324,1.96189988,1.96978354,0,
2008-02-15T00:00:00Z,1.96958959,1.97199774,1.95851851,1.96139956,0,
2008-02-18T00:00:00Z,1.95859528,1.96390331,1.94821644,1.95080078,0,
2008-02-19T00:00:00Z,1.95019209,1.95419371,1.94579017,1.94821644,0,
2008-02-20T00:00:00Z,1.94821644,1.95019209,1.93678343,1.94250190,0,
2008-02-21T00:00:00Z,1.94238877,1.96421218,1.94159687,1.96378779,0,
2008-02-22T00:00:00Z,1.96359491,1.97071517,1.96139956,1.96691656,0,
2008-02-25T00:00:00Z,1.96889150,1.97009397,1.96228492,1.96660686,0,
2008-02-26T00:00:00Z,1.96660686,1.98929751,1.96498394,1.98728144,0,
2008-02-27T00:00:00Z,1.98680770,1.99728358,1.97941399,1.98318267,0,
2008-02-28T00:00:00Z,1.98318267,1.99481356,1.97718322,1.98989141,0,
2008-02-29T00:00:00Z,1.98941636,1.99179387,1.97941399,1.98661029,0,
2008-03-03T00:00:00Z,1.98440266,1.99298465,1.98168910,1.98389089,0,
2008-03-04T00:00:00Z,1.98400891,1.98878324,1.98239625,1.98558474,0,
2008-03-05T00:00:00Z,1.98558474,1.99648619,1.97258103,1.99179387,0,
2008-03-06T00:00:00Z,1.99151623,2.01320672,1.98981214,2.01211286,0,
2008-03-07T00:00:00Z,2.01191044,2.02020192,2.01021194,2.01401758,0,
2008-03-10T00:00:00Z,2.01938605,2.02150893,2.00541449,2.00839520,0,
2008-03-11T00:00:00Z,2.00851607,2.01991630,2.00048018,2.00601816,0,
2008-03-12T00:00:00Z,2.00621915,2.02810955,2.00621915,2.02699971,0,
2008-03-13T00:00:00Z,2.02699971,2.03861117,2.02568579,2.03252029,0,
2008-03-14T00:00:00Z,2.03169441,2.03931808,2.01869321,2.01999784,0,
2008-03-17T00:00:00Z,2.01910067,2.02191758,1.99481356,1.99728358,0,
2008-03-18T00:00:00Z,1.99740338,2.02720499,1.99740338,2.00948477,0,
2008-03-19T00:00:00Z,2.00859666,2.01491022,1.98090410,1.98369408,0,
2008-03-20T00:00:00Z,1.98459947,1.98811102,1.97550368,1.98479640,0,
2008-03-21T00:00:00Z,1.98471773,1.98609734,1.98161077,1.98330069,0,
2008-03-24T00:00:00Z,1.97929657,1.98858547,1.97620642,1.98779500,0,
2008-03-25T00:00:00Z,1.98799253,2.00678301,1.98661029,2.00260329,0,
2008-03-26T00:00:00Z,2.00240302,2.01089907,1.99338198,2.00738716,0,
2008-03-27T00:00:00Z,2.00738716,2.01901913,2.00280380,2.00678301,0,
2008-03-28T00:00:00Z,2.00710511,2.00908113,1.98941636,1.99489307,0,
2008-03-30T23:00:00Z,1.99338198,1.99820161,1.98180711,1.98420584,0,
2008-04-01T23:00:00Z,1.97800469,1.99008942,1.97589409,1.98779500,0,
2008-04-02T23:00:00Z,1.98771584,1.99740338,1.97761345,1.99489307,0,
2008-04-03T23:00:00Z,1.99489307,2.00320530,1.99159551,1.99461460,0,
2008-04-06T23:00:00Z,1.99318337,1.99358070,1.98420584,1.98819017,0,
2008-04-07T23:00:00Z,1.98819017,1.99258745,1.96641374,1.96641374,0,
2008-04-08T23:00:00Z,1.96641374,1.97878742,1.96540868,1.97398293,0,
2008-04-09T23:00:00Z,1.97398293,1.98369408,1.97098720,1.97160888,0,
2008-04-10T23:00:00Z,1.97160888,1.98231781,1.96900773,1.98231781,0,
2008-04-13T23:00:00Z,1.96761322,1.98878324,1.96641374,1.97620642,0,
2008-04-14T23:00:00Z,1.97558188,1.97581589,1.96039987,1.96159196,0,
2008-04-15T23:00:00Z,1.96151519,1.97988439,1.96120727,1.97141445,0,
2008-04-16T23:00:00Z,1.97141445,1.99258745,1.97009397,1.99020815,0,
2008-04-17T23:00:00Z,1.99080253,1.99968004,1.98838794,1.99808180,0,
2008-04-20T23:00:00Z,1.99995995,2.00228262,1.97820032,1.98090410,0,
2008-04-21T23:00:00Z,1.98070788,1.99960005,1.97515249,1.99636662,0,
2008-04-22T23:00:00Z,1.99640656,1.99728358,1.97780907,1.97839582,0,
2008-04-23T23:00:00Z,1.97859156,1.98141432,1.96970582,1.97269797,0,
2008-04-24T23:00:00Z,1.97273672,1.98858547,1.96819401,1.98330069,0,
2008-04-27T23:00:00Z,1.98247504,1.99612749,1.97890472,1.99111962,0,
2008-04-28T23:00:00Z,1.99111962,1.99147654,1.96761322,1.96761322,0,
2008-04-29T23:00:00Z,1.96780658,1.98949540,1.96336377,1.98779500,0,
2008-05-01T23:00:00Z,1.97870922,1.98973298,1.97110367,1.97149229,0,
2008-05-04T23:00:00Z,1.97339869,1.97851336,1.96641374,1.97293127,0,
2008-05-05T23:00:00Z,1.97355449,1.97718322,1.96421218,1.97335970,0,
2008-05-06T23:00:00Z,1.97335970,1.97335970,1.95110524,1.95270550,0,
2008-05-07T23:00:00Z,1.95289624,1.96116900,1.95068669,1.95572245,0,
2008-05-08T23:00:00Z,1.95583713,1.95710039,1.94650984,1.95438468,0,
2008-05-11T23:00:00Z,1.95118141,1.96301687,1.94518471,1.95560777,0,
2008-05-12T23:00:00Z,1.95549297,1.95759845,1.94299257,1.94639635,0,
2008-05-13T23:00:00Z,1.94639635,1.94745755,1.93809724,1.94658577,0,
2008-05-14T23:00:00Z,1.94650984,1.94981182,1.94099367,1.94760919,0,
2008-05-15T23:00:00Z,1.94753349,1.95947814,1.94480634,1.95671737,0,
2008-05-18T23:00:00Z,1.95679414,1.96201551,1.94582808,1.94958389,0,
2008-05-19T23:00:00Z,1.94950771,1.97180319,1.94848204,1.96800029,0,
2008-05-20T23:00:00Z,1.96757448,1.97328174,1.96282411,1.97141445,0,
2008-05-21T23:00:00Z,1.97141445,1.98499346,1.96989989,1.98059034,0,
2008-05-22T23:00:00Z,1.98059034,1.98459947,1.97640181,1.98231781,0,
2008-05-25T23:00:00Z,1.98019803,1.98318267,1.97659707,1.98208201,0,
2008-05-26T23:00:00Z,1.98180711,1.98459947,1.97250330,1.97601116,0,
2008-05-27T23:00:00Z,1.97601116,1.98271072,1.97199774,1.98098242,0,
2008-05-28T23:00:00Z,1.98098242,1.98200333,1.96900773,1.97620642,0,
2008-05-29T23:00:00Z,1.97530854,1.98278940,1.96900773,1.98278940,0,
2008-06-01T23:00:00Z,1.97460663,1.97628462,1.96028471,1.96591115,0,
2008-06-02T23:00:00Z,1.96591115,1.97359324,1.96120727,1.96251607,0,
2008-06-03T23:00:00Z,1.96251607,1.96394193,1.95320129,1.95388830,0,
2008-06-04T23:00:00Z,1.95400274,1.95963168,1.94681299,1.95779014,0,
2008-06-05T23:00:00Z,1.95786667,1.97339869,1.95419371,1.97001624,0,
2008-06-08T23:00:00Z,1.97129798,1.98000193,1.96738088,1.97421682,0,
2008-06-09T23:00:00Z,1.97390509,1.97538674,1.95240057,1.95358300,0,
2008-06-10T23:00:00Z,1.95369732,1.96660686,1.95038235,1.96401918,0,
2008-06-11T23:00:00Z,1.96390331,1.96401918,1.94371021,1.94749546,0,
2008-06-12T23:00:00Z,1.94692683,1.95072472,1.94178534,1.94688892,0,
2008-06-15T23:00:00Z,1.94939375,1.96858144,1.94719219,1.96428919,0,
2008-06-16T23:00:00Z,1.96471381,1.96939564,1.94730580,1.95771337,0,
2008-06-17T23:00:00Z,1.95771337,1.96101487,1.94821644,1.95878720,0,
2008-06-18T23:00:00Z,1.95871031,1.97460663,1.95871031,1.97238648,0,
2008-06-19T23:00:00Z,1.97258103,1.97898316,1.97048223,1.97371030,0,
2008-06-22T23:00:00Z,1.97406089,1.97589409,1.95901728,1.96540868,0,
2008-06-23T23:00:00Z,1.96556342,1.97211432,1.96290112,1.97040451,0,
2008-06-24T23:00:00Z,1.97028816,1.97679257,1.96649098,1.97468448,0,
2008-06-25T23:00:00Z,1.97464550,1.98933709,1.97219217,1.98759735,0,
2008-06-26T23:00:00Z,1.98739982,1.99529111,1.98271072,1.99409759,0,
2008-06-29T23:00:00Z,1.99481356,1.99660563,1.98850644,1.99298465,0,
2008-07-01T23:00:00Z,1.99461460,1.99688494,1.98491478,1.99250817,0,
2008-07-02T23:00:00Z,1.99278605,1.99358070,1.98078644,1.98290730,0,
2008-07-03T23:00:00Z,1.98310399,1.98503292,1.98027635,1.98341858,0,
2008-07-06T23:00:00Z,1.98278940,1.98298609,1.96548605,1.97640181,0,
2008-07-07T23:00:00Z,1.97659707,1.97878742,1.96726477,1.96869767,0,
2008-07-08T23:00:00Z,1.96881390,1.98385155,1.96780658,1.98219979,0,
2008-07-09T23:00:00Z,1.98219979,1.98255348,1.97180319,1.97761345,0,
2008-07-10T23:00:00Z,1.97761345,1.99489307,1.97558188,1.98941636,0,
2008-07-13T23:00:00Z,1.98771584,1.99620724,1.98219979,1.99401796,0,
2008-07-14T23:00:00Z,1.99421680,2.01328778,1.99385893,2.00360656,0,
2008-07-15T23:00:00Z,2.00400805,2.00940394,1.99660563,1.99860096,0,
2008-07-16T23:00:00Z,1.99844122,2.00670242,1.99541056,1.99760294,0,
2008-07-17T23:00:00Z,1.99788225,1.99979997,1.99131799,1.99900055,0,
2008-07-20T23:00:00Z,1.99409759,2.00400805,1.99119878,2.00172138,0,
2008-07-21T23:00:00Z,2.00200200,2.00766921,1.99040627,1.99278605,0,
2008-07-22T23:00:00Z,1.99278605,2.00288415,1.99088168,1.99744332,0,
2008-07-23T23:00:00Z,1.99760294,1.99896061,1.98227847,1.98724186,0,
2008-07-24T23:00:00Z,1.98708391,1.99780250,1.98420584,1.99001014,0,
2008-07-27T23:00:00Z,1.98898101,1.99632680,1.98479640,1.99409759,0,
2008-07-28T23:00:00Z,1.99429643,1.99668550,1.97679257,1.98078644,0,
2008-07-29T23:00:00Z,1.98074722,1.98381209,1.97511363,1.98110032,0,
2008-07-30T23:00:00Z,1.98098242,1.99250817,1.97886574,1.98310399,0,
2008-07-31T23:00:00Z,1.98251414,1.98428440,1.97316492,1.97429466,0,
2008-08-03T23:00:00Z,1.97503555,1.97601116,1.96020770,1.96120727,0,
2008-08-04T23:00:00Z,1.96113050,1.96120727,1.95251477,1.95560777,0,
2008-08-05T23:00:00Z,1.95560777,1.95897913,1.94696462,1.94821644,0,
2008-08-06T23:00:00Z,1.94798863,1.95388830,1.94220006,1.94359696,0,
2008-08-07T23:00:00Z,1.94348347,1.94348347,1.91486502,1.91971731,0,
2008-08-10T23:00:00Z,1.91501188,1.92581761,1.90759611,1.91189969,0,
2008-08-11T23:00:00Z,1.91230178,1.91230178,1.89548302,1.89580643,0,
2008-08-12T23:00:00Z,1.89559078,1.90378284,1.86501062,1.86678612,0,
2008-08-13T23:00:00Z,1.86689067,1.87860453,1.86209345,1.86661184,0,
2008-08-14T23:00:00Z,1.86650741,1.86797166,1.85198891,1.86490619,0,
2008-08-17T23:00:00Z,1.86528885,1.87199306,1.86164284,1.86501062,0,
2008-08-18T23:00:00Z,1.86504531,1.86839044,1.85401487,1.86800671,0,
2008-08-19T23:00:00Z,1.86779726,1.86860001,1.85459936,1.86341190,0,
2008-08-20T23:00:00Z,1.86341190,1.87959325,1.86098444,1.87666559,0,
2008-08-21T23:00:00Z,1.87596142,1.87687683,1.85078931,1.85401487,0,
2008-08-24T23:00:00Z,1.85068655,1.85918534,1.84087479,1.84900975,0,
2008-08-25T23:00:00Z,1.83938491,1.84158671,1.83351660,1.83921576,0,
2008-08-26T23:00:00Z,1.83938491,1.84866810,1.82989311,1.83560336,0,
2008-08-27T23:00:00Z,1.83519912,1.83979094,1.82488406,1.82979274,0,
2008-08-28T23:00:00Z,1.82979274,1.83418930,1.81781828,1.82179224,0,
2008-08-31T23:00:00Z,1.81061029,1.81300652,1.78759778,1.79131210,0,
2008-09-01T23:00:00Z,1.79099119,1.79414034,1.77891636,1.78170550,0,
2008-09-02T23:00:00Z,1.78221345,1.78399396,1.76719034,1.77330112,0,
2008-09-03T23:00:00Z,1.77311254,1.78491747,1.75740755,1.76140058,0,
2008-09-04T23:00:00Z,1.76158690,1.77348983,1.75494015,1.76859689,0,
2008-09-07T23:00:00Z,1.78399396,1.79762363,1.74779344,1.76174212,0,
2008-09-08T23:00:00Z,1.76261139,1.77019346,1.75149751,1.76230097,0,
2008-09-09T23:00:00Z,1.76239407,1.76750278,1.74819064,1.75290990,0,
2008-09-10T23:00:00Z,1.75370908,1.76059437,1.74529219,1.75558710,0,
2008-09-11T23:00:00Z,1.75571048,1.79581571,1.75460136,1.79230738,0,
2008-09-14T23:00:00Z,1.79788220,1.81261218,1.77749336,1.79581571,0,
2008-09-15T23:00:00Z,1.79452658,1.79920828,1.77569425,1.78361213,0,
2008-09-16T23:00:00Z,1.78399396,1.82338667,1.77970779,1.81501377,0,
2008-09-17T23:00:00Z,1.81478333,1.82718480,1.81031525,1.81540918,0,
2008-09-18T23:00:00Z,1.81550813,1.83860707,1.79278946,1.83089817,0,
2008-09-21T23:00:00Z,1.83052969,1.86344671,1.82688451,1.85801089,0,
2008-09-22T23:00:00Z,1.85756218,1.86250961,1.84818971,1.85549402,0,
2008-09-23T23:00:00Z,1.85559750,1.85987687,1.84607434,1.84948862,0,
2008-09-24T23:00:00Z,1.84938610,1.86629832,1.83247507,1.84040046,0,
2008-09-25T23:00:00Z,1.84040046,1.84658563,1.83422303,1.84029889,0,
2008-09-28T23:00:00Z,1.83301258,1.83398736,1.79739738,1.80108786,0,
2008-09-29T23:00:00Z,1.80141234,1.81120062,1.77692485,1.78208649,0,
2008-09-30T23:00:00Z,1.78278542,1.78708649,1.76463318,1.76994288,0,
2008-10-01T23:00:00Z,1.77022493,1.77260959,1.75629640,1.76450861,0,
2008-10-02T23:00:00Z,1.76425958,1.78249943,1.75731480,1.77201283,0,
2008-10-05T23:00:00Z,1.76600432,1.76912880,1.73590016,1.74310172,0,
2008-10-06T23:00:00Z,1.74346638,1.76388621,1.73421431,1.74550533,0,
2008-10-07T23:00:00Z,1.74590147,1.76360619,1.72648954,1.72750354,0,
2008-10-08T23:00:00Z,1.72765279,1.73925149,1.70709646,1.70864236,0,
2008-10-09T23:00:00Z,1.70779610,1.71609008,1.68120909,1.70401299,0,
2008-10-13T23:00:00Z,1.74419618,1.76239407,1.73961449,1.74179614,0,
2008-10-14T23:00:00Z,1.74179614,1.75978887,1.71441317,1.71839023,0,
2008-10-15T23:00:00Z,1.71839023,1.73541820,1.71779978,1.73430455,0,
2008-10-16T23:00:00Z,1.73439491,1.73780072,1.72366238,1.73019350,0,
2008-10-19T23:00:00Z,1.73049295,1.75165093,1.71080554,1.71309149,0,
2008-10-21T23:00:00Z,1.66719460,1.66763937,1.61618769,1.62008905,0,
2008-10-22T23:00:00Z,1.62019420,1.63430738,1.60758781,1.62269175,0,
2008-10-23T23:00:00Z,1.62219155,1.62319219,1.52949631,1.59149504,0,
2008-10-27T00:00:00Z,1.58720088,1.58720088,1.53033888,1.55390489,0,
2008-10-28T00:00:00Z,1.55421889,1.61009860,1.54149699,1.60901046,0,
2008-10-29T00:00:00Z,1.60939896,1.64479089,1.59499812,1.63719702,0,
2008-10-30T00:00:00Z,1.63684869,1.66580594,1.62400925,1.63711667,0,
2008-10-31T00:00:00Z,1.63706315,1.64036620,1.60379779,1.60730350,0,
2008-11-03T00:00:00Z,1.61170757,1.63961303,1.57410908,1.57706320,0,
2008-11-04T00:00:00Z,1.57761049,1.60939896,1.56120718,1.59370160,0,
2008-11-05T00:00:00Z,1.59360003,1.61890888,1.57780969,1.58450985,0,
2008-11-06T00:00:00Z,1.58445966,1.60320652,1.55700183,1.55831206,0,
2008-11-07T00:00:00Z,1.55904090,1.58672225,1.55419481,1.56509221,0,
2008-11-10T00:00:00Z,1.57952940,1.58798218,1.55809355,1.56362379,0,
2008-11-11T00:00:00Z,1.56320834,1.57000661,1.53541434,1.53839052,0,
2008-11-12T00:00:00Z,1.53929043,1.54770005,1.48409784,1.49149108,0,
2008-11-13T00:00:00Z,1.48955822,1.49839675,1.45919359,1.49066842,0,
2008-11-14T00:00:00Z,1.49037957,1.49534953,1.46836412,1.47529626,0,
2008-11-17T00:00:00Z,1.46679175,1.50650060,1.46629715,1.49949765,0,
2008-11-18T00:00:00Z,1.49949765,1.50895560,1.49069059,1.49595344,0,
2008-11-19T00:00:00Z,1.49579680,1.52448320,1.49149108,1.49700606,0,
2008-11-20T00:00:00Z,1.49810493,1.49961007,1.47188687,1.47379589,0,
2008-11-21T00:00:00Z,1.47409999,1.50559330,1.47340512,1.49269331,0,
2008-11-24T00:00:00Z,1.49171352,1.51892579,1.48586202,1.51489902,0,
2008-11-25T00:00:00Z,1.51462376,1.55209613,1.49978995,1.54280519,0,
2008-11-26T00:00:00Z,1.54240060,1.54359090,1.52070451,1.53336608,0,
2008-11-27T00:00:00Z,1.53336608,1.54969084,1.53289592,1.54030991,0,
2008-11-28T00:00:00Z,1.53959846,1.54459238,1.52730048,1.53850889,0,
2008-12-01T00:00:00Z,1.53536713,1.53579152,1.48181081,1.48650253,0,
2008-12-02T00:00:00Z,1.48639202,1.50584257,1.47859001,1.49071288,0,
2008-12-03T00:00:00Z,1.49009085,1.49331737,1.46700704,1.47819650,0,
2008-12-04T00:00:00Z,1.47819650,1.48080134,1.44950640,1.46840715,0,
2008-12-05T00:00:00Z,1.46819162,1.47649419,1.45520163,1.47050178,0,
2008-12-08T00:00:00Z,1.47026396,1.50369155,1.47026396,1.48749757,0,
2008-12-09T00:00:00Z,1.48652470,1.48900378,1.46849346,1.47590578,0,
2008-12-10T00:00:00Z,1.47562265,1.48659086,1.47429562,1.47979343,0,
2008-12-11T00:00:00Z,1.47992480,1.50790906,1.47992480,1.50290060,0,
2008-12-12T00:00:00Z,1.50199759,1.51139593,1.48240387,1.49499178,0,
2008-12-15T00:00:00Z,1.49900305,1.53699553,1.49300516,1.52989423,0,
2008-12-16T00:00:00Z,1.52977717,1.56379509,1.52079690,1.55860341,0,
2008-12-17T00:00:00Z,1.55780232,1.57151163,1.52650785,1.55070019,0,
2008-12-18T00:00:00Z,1.55098879,1.56120718,1.49200284,1.50550258,0,
2008-12-19T00:00:00Z,1.50591075,1.51740456,1.48170102,1.49949765,0,
2008-12-22T00:00:00Z,1.49749923,1.49850893,1.47141039,1.48279953,0,
2008-12-23T00:00:00Z,1.48273349,1.48960257,1.46827781,1.47449124,0,
2008-12-24T00:00:00Z,1.47449124,1.48040676,1.46679175,1.47320974,0,
2008-12-25T00:00:00Z,1.47320974,1.51971066,1.46769607,1.47499156,0,
2008-12-26T00:00:00Z,1.47510040,1.47990298,1.45849133,1.45849133,0,
2008-12-29T00:00:00Z,1.46649063,1.47679949,1.44027877,1.44690585,0,
2008-12-30T00:00:00Z,1.44730365,1.45410132,1.44029963,1.44680119,0,
2008-12-31T00:00:00Z,1.44519103,1.46965885,1.44119215,1.46560955,0,
2009-01-01T00:00:00Z,1.44969547,1.48025346,1.44969547,1.47409999,0,
2009-01-02T00:00:00Z,1.47219026,1.47649419,1.44129598,1.45239055,0,
2009-01-05T00:00:00Z,1.45192671,1.47386110,1.44400156,1.47160530,0,
2009-01-06T00:00:00Z,1.47099924,1.49898076,1.45146298,1.49120188,0,
2009-01-07T00:00:00Z,1.49129081,1.52550638,1.48196447,1.50790906,0,
2009-01-08T00:00:00Z,1.50729537,1.53600395,1.49988008,1.52269578,0,
2009-01-09T00:00:00Z,1.52290452,1.53458965,1.51329434,1.51791131,0,
2009-01-12T00:00:00Z,1.50950241,1.51155579,1.48060405,1.48189867,0,
2009-01-13T00:00:00Z,1.48209631,1.48209631,1.44801629,1.45169485,0,
2009-01-14T00:00:00Z,1.45230627,1.46952927,1.44990575,1.46209514,0,
2009-01-15T00:00:00Z,1.46098447,1.46819162,1.44929636,1.46720076,0,
2009-01-16T00:00:00Z,1.46730840,1.49758887,1.46631861,1.47340512,0,
2009-01-19T00:00:00Z,1.48840535,1.49086833,1.43684351,1.44254351,0,
2009-01-20T00:00:00Z,1.44256425,1.44279325,1.38490736,1.38775170,0,
2009-01-21T00:00:00Z,1.38786733,1.40199363,1.36390293,1.38759768,0,
2009-01-22T00:00:00Z,1.38765538,1.39670658,1.37100863,1.38804066,0,
2009-01-23T00:00:00Z,1.38780940,1.38809848,1.35299695,1.37830269,0,
2009-01-26T00:00:00Z,1.36319649,1.40457320,1.35547268,1.39709687,0,
2009-01-27T00:00:00Z,1.39840579,1.42350781,1.39370883,1.41864085,0,
2009-01-28T00:00:00Z,1.41872156,1.43539989,1.41310799,1.42298114,0,
2009-01-29T00:00:00Z,1.42257631,1.43849707,1.40759814,1.42789829,0,
2009-01-30T00:00:00Z,1.42830622,1.45630360,1.41950691,1.45630360,0,
2009-02-02T00:00:00Z,1.43895245,1.44279325,1.40599513,1.42120159,0,
2009-02-03T00:00:00Z,1.42103982,1.44770181,1.41739428,1.44370985,0,
2009-02-04T00:00:00Z,1.44350135,1.45645201,1.43459678,1.44590163,0,
2009-02-05T00:00:00Z,1.44604790,1.47035038,1.43789721,1.46320760,0,
2009-02-06T00:00:00Z,1.46299362,1.48372352,1.45970488,1.47749770,0,
2009-02-09T00:00:00Z,1.48150349,1.49709570,1.47080457,1.48555303,0,
2009-02-10T00:00:00Z,1.48579586,1.48880422,1.44659185,1.45587957,0,
2009-02-11T00:00:00Z,1.45579481,1.45619750,1.43219280,1.43500841,0,
2009-02-12T00:00:00Z,1.43539989,1.44100523,1.41490746,1.42910230,0,
2009-02-13T00:00:00Z,1.42920434,1.45930016,1.42859185,1.43599761,0,
2009-02-16T00:00:00Z,1.42369020,1.43155730,1.41620994,1.42981744,0,
2009-02-17T00:00:00Z,1.42969477,1.43039012,1.41310799,1.42399430,0,
2009-02-18T00:00:00Z,1.42500889,1.42969477,1.41095471,1.42509019,0,
2009-02-19T00:00:00Z,1.42509019,1.44429362,1.42450142,1.42669642,0,
2009-02-20T00:00:00Z,1.42659461,1.44569254,1.41633034,1.44389749,0,
2009-02-23T00:00:00Z,1.43750453,1.46569538,1.43690550,1.44709432,0,
2009-02-24T00:00:00Z,1.44573426,1.45772600,1.43820739,1.45285487,0,
2009-02-25T00:00:00Z,1.45220077,1.45989668,1.41839945,1.42209065,0,
2009-02-26T00:00:00Z,1.42150450,1.43804204,1.41699255,1.42979693,0,
2009-02-27T00:00:00Z,1.43006277,1.43539989,1.41195083,1.42720532,0,
2009-03-02T00:00:00Z,1.42290008,1.42863262,1.39699924,1.40350878,0,
2009-03-03T00:00:00Z,1.40419865,1.41530800,1.39989364,1.40279996,0,
2009-03-04T00:00:00Z,1.40299690,1.42009139,1.39940381,1.41777599,0,
2009-03-05T00:00:00Z,1.41659117,1.42279899,1.40479040,1.41310799,0,
2009-03-06T00:00:00Z,1.41290843,1.42840827,1.40500736,1.40700400,0,
2009-03-09T00:00:00Z,1.41647077,1.41781628,1.37570512,1.37940550,0,
2009-03-10T00:00:00Z,1.37940550,1.38979614,1.37020087,1.37919629,0,
2009-03-11T00:00:00Z,1.37910116,1.38892746,1.36651230,1.38419795,0,
2009-03-12T00:00:00Z,1.38460040,1.39709687,1.37149751,1.39310694,0,
2009-03-13T00:00:00Z,1.39221466,1.40550113,1.38694322,1.40069747,0,
2009-03-16T00:00:00Z,1.39649200,1.42281914,1.39510870,1.40759814,0,
2009-03-17T00:00:00Z,1.40639055,1.41380715,1.39709687,1.40540242,0,
2009-03-18T00:00:00Z,1.40589631,1.43299329,1.38709724,1.42840827,0,
2009-03-19T00:00:00Z,1.42749059,1.45919359,1.41799724,1.44959056,0,
2009-03-20T00:00:00Z,1.44973755,1.45827866,1.44009209,1.44271004,0,
2009-03-23T00:00:00Z,1.44780660,1.46370018,1.44579709,1.45719492,0,
2009-03-24T00:00:00Z,1.45619750,1.47714841,1.45619750,1.47000456,0,
2009-03-25T00:00:00Z,1.47067475,1.47149718,1.45180023,1.45509577,0,
2009-03-26T00:00:00Z,1.45520163,1.46346462,1.44310558,1.44650817,0,
2009-03-27T00:00:00Z,1.44669652,1.44950640,1.42779624,1.43250060,0,
2009-03-29T23:00:00Z,1.42851019,1.42936778,1.41209030,1.42470431,0,
2009-03-30T23:00:00Z,1.42500889,1.43740118,1.42466378,1.43449390,0,
2009-03-31T23:00:00Z,1.43459678,1.44761801,1.42800021,1.44608986,0,
2009-04-01T23:00:00Z,1.44688487,1.47479570,1.44608986,1.47349191,0,
2009-04-02T23:00:00Z,1.47307944,1.48469281,1.46550214,1.48330534,0,
2009-04-05T23:00:00Z,1.48880422,1.49499178,1.46788990,1.47409999,0,
2009-04-06T23:00:00Z,1.47390449,1.47741044,1.46004581,1.47409999,0,
2009-04-07T23:00:00Z,1.47409999,1.47451305,1.46410739,1.46950781,0,
2009-04-08T23:00:00Z,1.46950781,1.47690856,1.46038699,1.46750224,0,
2009-04-09T23:00:00Z,1.46739447,1.46849346,1.46230900,1.46599627,0,
2009-04-12T23:00:00Z,1.46599627,1.48690033,1.46109116,1.48493528,0,
2009-04-13T23:00:00Z,1.48550892,1.49441087,1.48290944,1.49049067,0,
2009-04-14T23:00:00Z,1.49109077,1.50290060,1.48330534,1.50001502,0,
2009-04-15T23:00:00Z,1.49999249,1.50647783,1.48500156,1.49189162,0,
2009-04-16T23:00:00Z,1.49224770,1.49409831,1.47649419,1.47999060,0,
2009-04-19T23:00:00Z,1.48150349,1.48150349,1.45081019,1.45431280,0,
2009-04-20T23:00:00Z,1.45429170,1.47067475,1.44830978,1.46649063,0,
2009-04-21T23:00:00Z,1.46614671,1.46840715,1.44204426,1.44889736,0,
2009-04-22T23:00:00Z,1.44862449,1.47399139,1.44510758,1.47169209,0,
2009-04-23T23:00:00Z,1.47160530,1.47669041,1.45881045,1.47149718,0,
2009-04-26T23:00:00Z,1.46569538,1.46920550,1.45199001,1.46149683,0,
2009-04-27T23:00:00Z,1.46222353,1.46870911,1.45249605,1.46286523,0,
2009-04-28T23:00:00Z,1.46286523,1.48060405,1.46239448,1.47673404,0,
2009-04-29T23:00:00Z,1.47684312,1.49409831,1.47275400,1.47880864,0,
2009-04-30T23:00:00Z,1.47920239,1.49309444,1.47590578,1.49109077,0,
2009-05-03T23:00:00Z,1.49400902,1.50489092,1.48434031,1.50351071,0,
2009-05-04T23:00:00Z,1.50290060,1.51602435,1.49880087,1.50709093,0,
2009-05-05T23:00:00Z,1.50718176,1.51540411,1.49952018,1.51501381,0,
2009-05-06T23:00:00Z,1.51499081,1.51887977,1.49481297,1.50339770,0,
2009-05-07T23:00:00Z,1.50369155,1.52499461,1.49720776,1.52429724,0,
2009-05-10T23:00:00Z,1.52021885,1.52459943,1.50731814,1.51370668,0,
2009-05-11T23:00:00Z,1.51375234,1.53510797,1.50809097,1.52704394,0,
2009-05-12T23:00:00Z,1.52699733,1.53310740,1.50959349,1.51528931,0,
2009-05-13T23:00:00Z,1.51519740,1.52480865,1.50679564,1.52295077,0,
2009-05-14T23:00:00Z,1.52341485,1.52870131,1.51359212,1.51609337,0,
2009-05-17T23:00:00Z,1.51680624,1.53499007,1.51251614,1.53437769,0,
2009-05-18T23:00:00Z,1.53458965,1.55250585,1.53001106,1.54839516,0,
2009-05-19T23:00:00Z,1.54810739,1.57955420,1.54549944,1.57539856,0,
2009-05-20T23:00:00Z,1.57520008,1.58899152,1.55279505,1.58508754,0,
2009-05-21T23:00:00Z,1.58506238,1.59431148,1.57594478,1.59200180,0,
2009-05-24T23:00:00Z,1.59271169,1.59329545,1.58398283,1.59108996,0,
2009-05-25T23:00:00Z,1.59045720,1.59701049,1.57828283,1.59370160,0,
2009-05-26T23:00:00Z,1.59398115,1.60849285,1.59309244,1.59609282,0,
2009-05-27T23:00:00Z,1.59627104,1.60079396,1.58626926,1.59337151,0,
2009-05-28T23:00:00Z,1.59349847,1.61959064,1.59238207,1.61869919,0,
2009-05-31T23:00:00Z,1.61788738,1.64959335,1.61689329,1.64470983,0,
2009-06-01T23:00:00Z,1.64479089,1.65983379,1.63310623,1.65790749,0,
2009-06-02T23:00:00Z,1.65757751,1.66616690,1.62490666,1.63129485,0,
2009-06-03T23:00:00Z,1.63150764,1.64289939,1.60895872,1.61126590,0,
2009-06-04T23:00:00Z,1.61144769,1.62319219,1.59448946,1.59959054,0,
2009-06-07T23:00:00Z,1.59499812,1.60981345,1.58057785,1.60382354,0,
2009-06-08T23:00:00Z,1.60410655,1.63620603,1.59900224,1.63110840,0,
2009-06-09T23:00:00Z,1.63084257,1.64663267,1.62458968,1.63540328,0,
2009-06-10T23:00:00Z,1.63591146,1.66215122,1.63449430,1.65840232,0,
2009-06-11T23:00:00Z,1.65829217,1.65999889,1.63500214,1.64308846,0,
2009-06-14T23:00:00Z,1.64271057,1.64449346,1.62472177,1.62948716,0,
2009-06-15T23:00:00Z,1.62980592,1.64981103,1.62219155,1.63969362,0,
2009-06-16T23:00:00Z,1.63961303,1.64807093,1.62250733,1.63880694,0,
2009-06-17T23:00:00Z,1.63861895,1.64660549,1.61943316,1.63660753,0,
2009-06-18T23:00:00Z,1.63660753,1.65510857,1.63089561,1.65220988,0,
2009-06-21T23:00:00Z,1.64750063,1.65169132,1.63249326,1.63478827,0,
2009-06-22T23:00:00Z,1.63489521,1.64744651,1.62161279,1.64335835,0,
2009-06-23T23:00:00Z,1.64400685,1.66049516,1.63741159,1.64279139,0,
2009-06-24T23:00:00Z,1.64300728,1.64682245,1.62390375,1.63733113,0,
2009-06-25T23:00:00Z,1.63708985,1.65560174,1.63690233,1.65289247,0,
2009-06-28T23:00:00Z,1.65133667,1.65878737,1.64333141,1.65700078,0,
2009-06-29T23:00:00Z,1.65779757,1.67420053,1.64279139,1.64668679,0,
2009-06-30T23:00:00Z,1.64676833,1.65439653,1.63899493,1.64779937,0,
2009-07-01T23:00:00Z,1.64760935,1.65008342,1.63281310,1.63473475,0,
2009-07-02T23:00:00Z,1.63470817,1.64279139,1.62940753,1.62940753,0,
2009-07-05T23:00:00Z,1.62919521,1.63281310,1.60978746,1.62739217,0,
2009-07-06T23:00:00Z,1.62800157,1.62969959,1.61149955,1.61162949,0,
2009-07-07T23:00:00Z,1.61165547,1.61360598,1.59869552,1.60590982,0,
2009-07-08T23:00:00Z,1.60570335,1.63719702,1.60320652,1.63430738,0,
2009-07-09T23:00:00Z,1.63422728,1.63438749,1.61600494,1.62179697,0,
2009-07-12T23:00:00Z,1.62140250,1.62641299,1.60379779,1.62540829,0,
2009-07-13T23:00:00Z,1.62548769,1.63390672,1.62319219,1.63198698,0,
2009-07-14T23:00:00Z,1.63209343,1.64690375,1.63060319,1.64319634,0,
2009-07-15T23:00:00Z,1.64357436,1.64611757,1.63596511,1.64160478,0,
2009-07-16T23:00:00Z,1.64160478,1.64219785,1.62688923,1.63321292,0,
2009-07-19T23:00:00Z,1.65453351,1.65453351,1.65240085,1.65245557,0,
2009-07-20T23:00:00Z,1.64479089,1.64481795,1.64200926,1.64200926,0,
2009-07-21T23:00:00Z,1.64609051,1.64655125,1.64470983,1.64500737,0,
2009-07-22T23:00:00Z,1.65125501,1.65234637,1.65120029,1.65120029,0,
2009-07-23T23:00:00Z,1.64470983,1.64470983,1.64470983,1.64470983,0,
2009-07-26T23:00:00Z,1.64858711,1.64858711,1.64709377,1.64853287,0,
2009-07-27T23:00:00Z,1.64074290,1.64203608,1.63961303,1.64109290,0,
2009-07-28T23:00:00Z,1.63591146,1.63668799,1.63438749,1.63510907,0,
2009-07-29T23:00:00Z,1.64989269,1.65150034,1.64970219,1.65079153,0,
2009-07-30T23:00:00Z,1.67050886,1.67050886,1.67050886,1.67050886,0,
2009-08-02T23:00:00Z,1.69439840,1.69500148,1.69359481,1.69411123,0,
2009-08-03T23:00:00Z,1.69419730,1.69600761,1.69419730,1.69540381,0,
2009-08-04T23:00:00Z,1.70004416,1.70050669,1.69891787,1.69961071,0,
2009-08-05T23:00:00Z,1.67923295,1.68101132,1.67883825,1.68101132,0,
2009-08-06T23:00:00Z,1.66850197,1.66850197,1.66850197,1.66850197,0,
2009-08-09T23:00:00Z,1.64779937,1.64828825,1.64693093,1.64788079,0,
2009-08-10T23:00:00Z,1.64896774,1.64921248,1.64839697,1.64899492,0,
2009-08-11T23:00:00Z,1.65041018,1.65109134,1.65041018,1.65100956,0,
2009-08-12T23:00:00Z,1.65708315,1.65809977,1.65669894,1.65700078,0,
2009-08-13T23:00:00Z,1.65439653,1.65439653,1.65439653,1.65439653,0,
2009-08-16T23:00:00Z,1.63361323,1.63529634,1.63329303,1.63518929,0,
2009-08-17T23:00:00Z,1.65519071,1.65931034,1.65499902,1.65889740,0,
2009-08-18T23:00:00Z,1.65330243,1.65658915,1.65330243,1.65590322,0,
2009-08-19T23:00:00Z,1.65060079,1.65201879,1.65060079,1.65109134,0,
2009-08-20T23:00:00Z,1.65011060,1.65011060,1.65011060,1.65011060,0,
2009-08-23T23:00:00Z,1.64130855,1.64200926,1.64025843,1.64079678,0,
2009-08-24T23:00:00Z,1.63478827,1.63500214,1.63126814,1.63158751,0,
2009-08-25T23:00:00Z,1.62379837,1.62451065,1.62269175,1.62290239,0,
2009-08-26T23:00:00Z,1.62720692,1.62999189,1.62720692,1.62927485,0,
2009-08-27T23:00:00Z,1.62620139,1.62620139,1.62620139,1.62620139,0,
2009-08-30T23:00:00Z,1.62877059,1.62954032,1.62877059,1.62919521,0,
2009-08-31T23:00:00Z,1.61613548,1.61639678,1.61204529,1.61290324,0,
2009-09-01T23:00:00Z,1.62680972,1.62847888,1.62680972,1.62760413,0,
2009-09-02T23:00:00Z,1.63289297,1.63398695,1.63275969,1.63275969,0,
2009-09-03T23:00:00Z,1.63920987,1.63920987,1.63920987,1.63920987,0,
2009-09-06T23:00:00Z,1.63361323,1.63489521,1.63339984,1.63398695,0,
2009-09-07T23:00:00Z,1.65180039,1.65220988,1.65139127,1.65193689,0,
2009-09-08T23:00:00Z,1.65379465,1.65458810,1.65332985,1.65341187,0,
2009-09-09T23:00:00Z,1.66538990,1.66586149,1.66519570,1.66561174,0,
2009-09-10T23:00:00Z,1.66811240,1.66811240,1.66811240,1.66811240,0,
2009-09-13T23:00:00Z,1.65944815,1.66140556,1.65920031,1.66099155,0,
2009-09-14T23:00:00Z,1.64891338,1.64970219,1.64850569,1.64964771,0,
2009-09-15T23:00:00Z,1.64804375,1.64915824,1.64793515,1.64798939,0,
2009-09-16T23:00:00Z,1.64541340,1.64552176,1.64381754,1.64381754,0,
2009-09-17T23:00:00Z,1.62710106,1.62710106,1.62710106,1.62710106,0,
2009-09-20T23:00:00Z,1.62221789,1.62290239,1.62150764,1.62200737,0,
2009-09-21T23:00:00Z,1.63658094,1.64039302,1.63658094,1.63840413,0,
2009-09-22T23:00:00Z,1.63339984,1.63559043,1.63281310,1.63510907,0,
2009-09-23T23:00:00Z,1.60410655,1.60480154,1.59210324,1.59370160,0,
2009-09-24T23:00:00Z,1.59769940,1.59769940,1.59769940,1.59769940,0,
2009-09-27T23:00:00Z,1.58856237,1.58959770,1.58825958,1.58873904,0,
2009-09-28T23:00:00Z,1.59713805,1.59759712,1.59586358,1.59711242,0,
2009-09-29T23:00:00Z,1.60058904,1.60120404,1.60000002,1.60020483,0,
2009-09-30T23:00:00Z,1.59200180,1.59278774,1.58939552,1.59020436,0,
2009-10-01T23:00:00Z,1.58790648,1.58790648,1.58790648,1.58790648,0,
2009-10-04T23:00:00Z,1.59349847,1.59520161,1.59349847,1.59494722,0,
2009-10-05T23:00:00Z,1.59190035,1.59390485,1.59190035,1.59217918,0,
2009-10-06T23:00:00Z,1.59530342,1.59769940,1.59530342,1.59639847,0,
2009-10-07T23:00:00Z,1.60670972,1.60670972,1.60459554,1.60583234,0,
2009-10-08T23:00:00Z,1.58400786,1.58400786,1.58400786,1.58400786,0,
2009-10-11T23:00:00Z,1.58080280,1.58260405,1.58080280,1.58140266,0,
2009-10-12T23:00:00Z,1.59339690,1.59400666,1.59278774,1.59316850,0,
2009-10-13T23:00:00Z,1.59987199,1.60089648,1.59969294,1.60058904,0,
2009-10-14T23:00:00Z,1.62890315,1.63390672,1.62839937,1.63390672,0,
2009-10-15T23:00:00Z,1.63591146,1.63591146,1.63591146,1.63591146,0,
2009-10-18T23:00:00Z,1.63998950,1.64262950,1.63980114,1.64060843,0,
2009-10-19T23:00:00Z,1.63829684,1.63910234,1.63719702,1.63800168,0,
2009-10-20T23:00:00Z,1.66143310,1.66259336,1.66079855,1.66088128,0,
2009-10-21T23:00:00Z,1.66140556,1.66339529,1.66140556,1.66339529,0,
2009-10-22T23:00:00Z,1.63110840,1.63110840,1.63110840,1.63110840,0,
2009-10-26T00:00:00Z,1.62839937,1.63963997,1.62540829,1.62999189,0,
2009-10-27T00:00:00Z,1.62938094,1.64389873,1.62879705,1.63998950,0,
2009-10-28T00:00:00Z,1.64039302,1.64638865,1.62919521,1.63759923,0,
2009-10-29T00:00:00Z,1.63778698,1.66044009,1.63444090,1.65628731,0,
2009-10-30T00:00:00Z,1.65631473,1.65798986,1.64130855,1.64479089,0,
2009-11-02T00:00:00Z,1.64152408,1.64798939,1.63321292,1.63953245,0,
2009-11-03T00:00:00Z,1.63961303,1.64460158,1.62651885,1.64260256,0,
2009-11-04T00:00:00Z,1.64217091,1.65964079,1.64039302,1.65579355,0,
2009-11-05T00:00:00Z,1.65540981,1.66339529,1.64690375,1.65749514,0,
2009-11-06T00:00:00Z,1.65752268,1.66320169,1.65256476,1.66201305,0,
2009-11-09T00:00:00Z,1.66259336,1.68440902,1.66201305,1.67799306,0,
2009-11-10T00:00:00Z,1.67790866,1.67906368,1.66049516,1.67361224,0,
2009-11-11T00:00:00Z,1.67464912,1.67838740,1.65379465,1.65749514,0,
2009-11-12T00:00:00Z,1.65829217,1.66275930,1.65210068,1.65870488,0,
2009-11-13T00:00:00Z,1.65878737,1.67039728,1.65787995,1.66750050,0,
2009-11-16T00:00:00Z,1.67355609,1.68779218,1.66733360,1.68389869,0,
2009-11-17T00:00:00Z,1.68381345,1.68739343,1.67610872,1.68239713,0,
2009-11-18T00:00:00Z,1.68214250,1.68460774,1.67198920,1.67406046,0,
2009-11-19T00:00:00Z,1.67408848,1.67428458,1.66140556,1.66561174,0,
2009-11-20T00:00:00Z,1.66563952,1.66761172,1.64638865,1.65210068,0,
2009-11-23T00:00:00Z,1.65070987,1.66469681,1.65019226,1.66090894,0,
2009-11-24T00:00:00Z,1.66019201,1.66049516,1.65019226,1.65842974,0,
2009-11-25T00:00:00Z,1.65859485,1.67453694,1.65859485,1.67050886,0,
2009-11-26T00:00:00Z,1.67034137,1.67274439,1.64244068,1.64360142,0,
2009-11-27T00:00:00Z,1.64400685,1.65079153,1.62839937,1.65079153,0,
2009-11-30T00:00:00Z,1.64940286,1.65944815,1.63848484,1.64579260,0,
2009-12-01T00:00:00Z,1.64560294,1.66480768,1.63990879,1.66259336,0,
2009-12-02T00:00:00Z,1.66237223,1.66958833,1.65530026,1.66605568,0,
2009-12-03T00:00:00Z,1.66647220,1.67221284,1.65319312,1.65593076,0,
2009-12-04T00:00:00Z,1.65571141,1.66669440,1.64262950,1.64828825,0,
2009-12-07T00:00:00Z,1.64750063,1.65180039,1.63180041,1.64657843,0,
2009-12-08T00:00:00Z,1.64598215,1.64790797,1.62279701,1.62490666,0,
2009-12-09T00:00:00Z,1.62490666,1.63692915,1.61710238,1.62824023,0,
2009-12-10T00:00:00Z,1.62800157,1.63462794,1.62219155,1.62802815,0,
2009-12-11T00:00:00Z,1.62760413,1.63390672,1.62029922,1.62530267,0,
2009-12-14T00:00:00Z,1.62437868,1.63259983,1.61930203,1.63100207,0,
2009-12-15T00:00:00Z,1.63121498,1.63172066,1.62090313,1.62699509,0,
2009-12-16T00:00:00Z,1.62699509,1.64114678,1.62369287,1.63281310,0,
2009-12-17T00:00:00Z,1.63270640,1.63339984,1.60831165,1.61629212,0,
2009-12-18T00:00:00Z,1.61642277,1.62443149,1.60567772,1.61459589,0,
2009-12-21T00:00:00Z,1.61350179,1.61657965,1.60320652,1.60560024,0,
2009-12-22T00:00:00Z,1.60590982,1.60989130,1.59278774,1.59683180,0,
2009-12-23T00:00:00Z,1.59741855,1.59900224,1.59339690,1.59690845,0,
2009-12-24T00:00:00Z,1.59680629,1.60230720,1.59299088,1.59749508,0,
2009-12-25T00:00:00Z,1.59759712,1.60189664,1.59459114,1.60189664,0,
2009-12-28T00:00:00Z,1.59619462,1.60158885,1.59349847,1.60030723,0,
2009-12-29T00:00:00Z,1.60040963,1.60678709,1.58740234,1.59040666,0,
2009-12-30T00:00:00Z,1.59040666,1.60921752,1.58390760,1.60758781,0,
2009-12-31T00:00:00Z,1.60769117,1.62369287,1.60529101,1.61820161,0,
2010-01-01T00:00:00Z,1.61820161,1.61820161,1.61311138,1.61329365,0,
2010-01-04T00:00:00Z,1.61371005,1.62390375,1.60650313,1.61136985,0,
2010-01-05T00:00:00Z,1.61186326,1.61558723,1.59701049,1.59907889,0,
2010-01-06T00:00:00Z,1.59936035,1.60632253,1.59438777,1.60238433,0,
2010-01-07T00:00:00Z,1.60220456,1.60585821,1.59007788,1.59339690,0,
2010-01-08T00:00:00Z,1.59380329,1.61009860,1.59179902,1.60241008,0,
2010-01-11T00:00:00Z,1.60826004,1.61945939,1.60678709,1.61129189,0,
2010-01-12T00:00:00Z,1.61149955,1.61961687,1.60660625,1.61516964,0,
2010-01-13T00:00:00Z,1.61550879,1.63009810,1.61391842,1.62861145,0,
2010-01-14T00:00:00Z,1.62821364,1.63473475,1.62532914,1.63339984,0,
2010-01-15T00:00:00Z,1.63371992,1.63510907,1.62229681,1.62699509,0,
2010-01-18T00:00:00Z,1.62940753,1.63773334,1.62540829,1.63529634,0,
2010-01-19T00:00:00Z,1.63521600,1.64576542,1.63148105,1.63567066,0,
2010-01-20T00:00:00Z,1.63623273,1.63717031,1.62485373,1.62980592,0,
2010-01-21T00:00:00Z,1.63039052,1.63132143,1.61311138,1.62050915,0,
2010-01-22T00:00:00Z,1.61948574,1.62847888,1.60810483,1.61100650,0,
2010-01-25T00:00:00Z,1.61149955,1.62620139,1.60999489,1.62501216,0,
2010-01-26T00:00:00Z,1.62482727,1.62699509,1.60976160,1.61470020,0,
2010-01-27T00:00:00Z,1.61470020,1.62440503,1.61129189,1.61780882,0,
2010-01-28T00:00:00Z,1.61780882,1.62763059,1.61160350,1.61430931,0,
2010-01-29T00:00:00Z,1.61467421,1.61793971,1.59831214,1.59849095,0,
2010-02-01T00:00:00Z,1.59739304,1.59769940,1.58546448,1.59525251,0,
2010-02-02T00:00:00Z,1.59509993,1.59956491,1.59081149,1.59920681,0,
2010-02-03T00:00:00Z,1.59930909,1.60699368,1.58851194,1.59200180,0,
2010-02-04T00:00:00Z,1.59190035,1.59192574,1.57353926,1.57698858,0,
2010-02-05T00:00:00Z,1.57698858,1.57780969,1.55629909,1.56580281,0,
2010-02-08T00:00:00Z,1.55979466,1.56604815,1.55378425,1.55760825,0,
2010-02-09T00:00:00Z,1.55719578,1.57388604,1.55658984,1.56939065,0,
2010-02-10T00:00:00Z,1.56941533,1.57654107,1.55743825,1.56120718,0,
2010-02-11T00:00:00Z,1.56140208,1.57168460,1.55658984,1.57020378,0,
2010-02-12T00:00:00Z,1.57020378,1.57388604,1.55870068,1.56980944,0,
2010-02-15T00:00:00Z,1.56788969,1.57190681,1.56179225,1.56671059,0,
2010-02-16T00:00:00Z,1.56663692,1.57955420,1.56325722,1.57900548,0,
2010-02-17T00:00:00Z,1.57890582,1.58177793,1.56690693,1.56820929,0,
2010-02-18T00:00:00Z,1.56847978,1.56879973,1.54168725,1.54230547,0,
2010-02-19T00:00:00Z,1.54359090,1.54779589,1.53631067,1.54640782,0,
2010-02-22T00:00:00Z,1.54683816,1.55120528,1.54514134,1.54865885,0,
2010-02-23T00:00:00Z,1.55033946,1.55719578,1.53981185,1.54459238,0,
2010-02-24T00:00:00Z,1.54459238,1.54724514,1.53902972,1.54171097,0,
2010-02-25T00:00:00Z,1.54209137,1.54225779,1.51959515,1.52439022,0,
2010-02-26T00:00:00Z,1.52383280,1.53080750,1.51561081,1.52390242,0,
2010-03-01T00:00:00Z,1.51851058,1.52040374,1.48394382,1.49788058,0,
2010-03-02T00:00:00Z,1.49749923,1.50330734,1.48610485,1.50281024,0,
2010-03-03T00:00:00Z,1.50229096,1.51324844,1.49817228,1.51030028,0,
2010-03-04T00:00:00Z,1.51002645,1.51324844,1.50080287,1.50360107,0,
2010-03-05T00:00:00Z,1.50330734,1.51673722,1.50019503,1.51329434,0,
2010-03-08T00:00:00Z,1.51487601,1.51984918,1.50351071,1.50418913,0,
2010-03-09T00:00:00Z,1.50450599,1.50450599,1.49420989,1.50163686,0,
2010-03-10T00:00:00Z,1.50161421,1.50161421,1.48740911,1.49700606,0,
2010-03-11T00:00:00Z,1.49720776,1.50859141,1.49510348,1.50720453,0,
2010-03-12T00:00:00Z,1.50695455,1.52183831,1.50290060,1.52160692,0,
2010-03-15T00:00:00Z,1.51954901,1.52088940,1.50240386,1.50543451,0,
2010-03-16T00:00:00Z,1.50489092,1.52608848,1.49871111,1.52369344,0,
2010-03-17T00:00:00Z,1.52360058,1.53706634,1.52119017,1.53179228,0,
2010-03-18T00:00:00Z,1.53160465,1.53280187,1.52239442,1.52536690,0,
2010-03-19T00:00:00Z,1.52536690,1.52566946,1.49920535,1.50179458,0,
2010-03-22T00:00:00Z,1.49943018,1.51119041,1.49369657,1.51080227,0,
2010-03-23T00:00:00Z,1.51119041,1.51130462,1.49749923,1.50213301,0,
2010-03-24T00:00:00Z,1.50240386,1.50355589,1.48590612,1.48989105,0,
2010-03-25T00:00:00Z,1.48986900,1.49830687,1.48056030,1.48449445,0,
2010-03-26T00:00:00Z,1.48497939,1.49240375,1.48139369,1.48980224,0,
2010-03-28T23:00:00Z,1.49209189,1.50190747,1.48949158,1.49819469,0,
2010-03-29T23:00:00Z,1.49790299,1.51260757,1.49779081,1.50740898,0,
2010-03-30T23:00:00Z,1.50720453,1.52021885,1.50470972,1.51837242,0,
2010-03-31T23:00:00Z,1.51911032,1.52982390,1.51857972,1.52919221,0,
2010-04-01T23:00:00Z,1.52937949,1.52996433,1.51839530,1.52100515,0,
2010-04-04T23:00:00Z,1.52699733,1.53179228,1.52269578,1.52980042,0,
2010-04-05T23:00:00Z,1.52989423,1.53090131,1.51340878,1.52709055,0,
2010-04-06T23:00:00Z,1.52725375,1.52849102,1.51430261,1.52420437,0,
2010-04-07T23:00:00Z,1.52420437,1.52839756,1.51439428,1.52830422,0,
2010-04-08T23:00:00Z,1.52835095,1.53900611,1.52699733,1.53699553,0,
2010-04-11T23:00:00Z,1.54249573,1.54875481,1.53567362,1.53739727,0,
2010-04-12T23:00:00Z,1.53659403,1.54471171,1.53404820,1.53777540,0,
2010-04-13T23:00:00Z,1.53869820,1.54916263,1.53749180,1.54722118,0,
2010-04-14T23:00:00Z,1.54714930,1.55228889,1.53959846,1.54655123,0,
2010-04-15T23:00:00Z,1.54659903,1.54738879,1.53600395,1.53640509,0,
2010-04-18T23:00:00Z,1.52949631,1.53440130,1.51980293,1.53353059,0,
2010-04-19T23:00:00Z,1.53350711,1.54282892,1.52930915,1.53638160,0,
2010-04-20T23:00:00Z,1.53668845,1.54394853,1.53350711,1.54133081,0,
2010-04-21T23:00:00Z,1.54099822,1.54717326,1.53468382,1.53739727,0,
2010-04-22T23:00:00Z,1.53725541,1.53985918,1.53024530,1.53820121,0,
2010-04-25T23:00:00Z,1.53789365,1.54949868,1.53789365,1.54679048,0,
2010-04-26T23:00:00Z,1.54710150,1.54849100,1.52285802,1.52476215,0,
2010-04-27T23:00:00Z,1.52480865,1.52879477,1.51340878,1.52042687,0,
2010-04-28T23:00:00Z,1.52045000,1.53633428,1.51450896,1.53560293,0,
2010-04-29T23:00:00Z,1.53567362,1.53891134,1.52578580,1.53001106,0,
2010-05-02T23:00:00Z,1.53059661,1.53120601,1.52162993,1.52492487,0,
2010-05-03T23:00:00Z,1.52511096,1.52667093,1.50929725,1.51279068,0,
2010-05-04T23:00:00Z,1.51299667,1.51731253,1.50720453,1.50979865,0,
2010-05-05T23:00:00Z,1.50988984,1.51489902,1.47240710,1.48639202,0,
2010-05-06T23:00:00Z,1.48729849,1.49320590,1.44906533,1.47830582,0,
2010-05-09T23:00:00Z,1.47780335,1.50509477,1.47769427,1.48619318,0,
2010-05-10T23:00:00Z,1.48608291,1.50053275,1.47271073,1.49209189,0,
2010-05-11T23:00:00Z,1.49271548,1.50439286,1.48209631,1.48370147,0,
2010-05-12T23:00:00Z,1.48330534,1.49115741,1.45759845,1.46139014,0,
2010-05-13T23:00:00Z,1.46132600,1.46400023,1.45003188,1.45380533,0,
2010-05-16T23:00:00Z,1.45399559,1.45399559,1.42730725,1.44801629,0,
2010-05-17T23:00:00Z,1.44799531,1.45192671,1.42800021,1.42967427,0,
2010-05-18T23:00:00Z,1.42979693,1.44669652,1.42399430,1.44167006,0,
2010-05-19T23:00:00Z,1.44144142,1.44600618,1.42389286,1.43484378,0,
2010-05-20T23:00:00Z,1.43420577,1.44977963,1.43217230,1.44810009,0,
2010-05-23T23:00:00Z,1.44640350,1.45279157,1.43558526,1.44090140,0,
2010-05-24T23:00:00Z,1.44090140,1.44500315,1.42639112,1.44150376,0,
2010-05-25T23:00:00Z,1.44119215,1.44443965,1.43400013,1.43839359,0,
2010-05-26T23:00:00Z,1.43880749,1.46085632,1.43810403,1.45604920,0,
2010-05-27T23:00:00Z,1.45539224,1.46070695,1.44414759,1.44529557,0,
2010-05-30T23:00:00Z,1.44510758,1.45509577,1.44320965,1.45220077,0,
2010-05-31T23:00:00Z,1.45239055,1.47199523,1.44460654,1.46670580,0,
2010-06-01T23:00:00Z,1.46659815,1.47699583,1.45596445,1.46500826,0,
2010-06-02T23:00:00Z,1.46500826,1.47440434,1.45900202,1.46340036,0,
2010-06-03T23:00:00Z,1.46329319,1.46788990,1.44569254,1.44579709,0,
2010-06-06T23:00:00Z,1.44200265,1.45607042,1.43930459,1.44740844,0,
2010-06-07T23:00:00Z,1.44730365,1.45300269,1.43504965,1.44489884,0,
2010-06-08T23:00:00Z,1.44439793,1.46092045,1.44000924,1.45479929,0,
2010-06-09T23:00:00Z,1.45469356,1.47190857,1.45139992,1.47084773,0,
2010-06-10T23:00:00Z,1.47069633,1.47520912,1.45059991,1.45520163,0,
2010-06-13T23:00:00Z,1.45849133,1.48073566,1.45727992,1.47360039,0,
2010-06-14T23:00:00Z,1.47370899,1.48348141,1.46924865,1.47999060,0,
2010-06-15T23:00:00Z,1.47999060,1.48497939,1.47169209,1.47360039,0,
2010-06-16T23:00:00Z,1.47370899,1.48363554,1.46500826,1.48159122,0,
2010-06-17T23:00:00Z,1.48176682,1.48880422,1.47760689,1.48299742,0,
2010-06-20T23:00:00Z,1.48420799,1.49349570,1.47409999,1.47599292,0,
2010-06-21T23:00:00Z,1.47584045,1.48610485,1.46959412,1.48200846,0,
2010-06-22T23:00:00Z,1.48196447,1.49705076,1.48060405,1.49680436,0,
2010-06-23T23:00:00Z,1.49680436,1.50055528,1.49209189,1.49320590,0,
2010-06-24T23:00:00Z,1.49289382,1.50790906,1.48614907,1.50679564,0,
2010-06-27T23:00:00Z,1.50459659,1.51269913,1.50224590,1.50988984,0,
2010-06-28T23:00:00Z,1.50970745,1.51210439,1.50179458,1.50534391,0,
2010-06-29T23:00:00Z,1.50570667,1.50743163,1.49376357,1.49443328,0,
2010-07-01T23:00:00Z,1.51659918,1.52295077,1.51549590,1.52049637,0,
2010-07-04T23:00:00Z,1.51950276,1.52001095,1.50934279,1.51320267,0,
2010-07-05T23:00:00Z,1.51290512,1.52276528,1.50847769,1.51439428,0,
2010-07-06T23:00:00Z,1.51430261,1.52202380,1.50865972,1.51784229,0,
2010-07-07T23:00:00Z,1.51791131,1.52392566,1.51050556,1.51549590,0,
2010-07-08T23:00:00Z,1.51570272,1.52049637,1.50534391,1.50679564,0,
2010-07-11T23:00:00Z,1.50720453,1.50879633,1.49526000,1.50240386,0,
2010-07-12T23:00:00Z,1.50190747,1.51924884,1.49709570,1.51851058,0,
2010-07-13T23:00:00Z,1.51920271,1.52949631,1.51853371,1.52681088,0,
2010-07-14T23:00:00Z,1.52681088,1.54669476,1.52397203,1.54430616,0,
2010-07-15T23:00:00Z,1.54394853,1.54480720,1.52800059,1.53069031,0,
2010-07-18T23:00:00Z,1.53050303,1.53499007,1.52051938,1.52255666,0,
2010-07-19T23:00:00Z,1.52299726,1.53099501,1.51570272,1.52872479,0,
2010-07-20T23:00:00Z,1.52877140,1.53298986,1.51322567,1.51839530,0,
2010-07-21T23:00:00Z,1.51837242,1.52968359,1.51538110,1.52720726,0,
2010-07-22T23:00:00Z,1.52727711,1.54492652,1.52608848,1.54390073,0,
2010-07-25T23:00:00Z,1.54249573,1.55171072,1.54230547,1.54899466,0,
2010-07-26T23:00:00Z,1.54899466,1.55998933,1.54461634,1.55879784,0,
2010-07-28T23:00:00Z,1.55969739,1.56617081,1.55823922,1.56123161,0,
2010-07-29T23:00:00Z,1.56120718,1.57230234,1.55569386,1.56879973,0,
2010-08-01T23:00:00Z,1.57059848,1.59060907,1.57000661,1.58899152,0,
2010-08-02T23:00:00Z,1.58906722,1.59652591,1.58639503,1.59459114,0,
2010-08-03T23:00:00Z,1.59459114,1.59655154,1.58652091,1.59459114,0,
2010-08-04T23:00:00Z,1.58919346,1.59240746,1.58240366,1.58919346,0,
2010-08-05T23:00:00Z,1.58919346,1.59959054,1.58430898,1.58914292,0,
2010-08-08T23:00:00Z,1.59749508,1.59961605,1.59357464,1.59780145,0,
2010-08-10T23:00:00Z,1.58579135,1.58579135,1.56340384,1.58579135,0,
2010-08-11T23:00:00Z,1.56315947,1.57151163,1.55620229,1.56328154,0,
2010-08-12T23:00:00Z,1.55853069,1.56788969,1.55775368,1.55877364,0,
2010-08-15T23:00:00Z,1.56030583,1.56929219,1.55388081,1.56030583,0,
2010-08-16T23:00:00Z,1.56447995,1.56973553,1.55658984,1.56460238,0,
2010-08-17T23:00:00Z,1.55738986,1.56840611,1.55029154,1.55780232,0,
2010-08-18T23:00:00Z,1.56011105,1.56700516,1.55122936,1.55989206,0,
2010-08-19T23:00:00Z,1.55789936,1.55969739,1.54738879,1.55770528,0,
2010-08-22T23:00:00Z,1.55489552,1.56159723,1.55060399,1.55450892,0,
2010-08-23T23:00:00Z,1.55009913,1.55060399,1.53779912,1.54961884,0,
2010-08-24T23:00:00Z,1.54064214,1.54679048,1.53921926,1.54109323,0,
2010-08-25T23:00:00Z,1.54717326,1.55964875,1.54700577,1.54722118,0,
2010-08-26T23:00:00Z,1.55190337,1.55380833,1.54504573,1.55199969,0,
2010-08-29T23:00:00Z,1.55371177,1.55782664,1.54607296,1.55339801,0,
2010-08-30T23:00:00Z,1.54669476,1.54760432,1.53355420,1.54659903,0,
2010-08-31T23:00:00Z,1.53522575,1.54928267,1.53404820,1.53499007,0,
2010-09-01T23:00:00Z,1.54533231,1.54538000,1.53546154,1.54480720,0,
2010-09-02T23:00:00Z,1.54000151,1.54633594,1.53900611,1.53959846,0,
2010-09-05T23:00:00Z,1.54518902,1.54906666,1.53520215,1.54499805,0,
2010-09-06T23:00:00Z,1.53950369,1.54240060,1.52989423,1.53950369,0,
2010-09-07T23:00:00Z,1.53480160,1.55301213,1.53480160,1.53487229,0,
2010-09-08T23:00:00Z,1.54738879,1.54801154,1.53779912,1.54738879,0,
2010-09-09T23:00:00Z,1.54280519,1.54655123,1.53720820,1.54259098,0,
2010-09-13T23:00:00Z,1.54099822,1.55629909,1.53499007,1.54280519,0,
2010-09-14T23:00:00Z,1.55339801,1.56377053,1.54549944,1.55339801,0,
2010-09-15T23:00:00Z,1.56340384,1.56492066,1.55424309,1.56340384,0,
2010-09-16T23:00:00Z,1.56301284,1.57259905,1.56011105,1.56281745,0,
2010-09-19T23:00:00Z,1.56421089,1.56867659,1.55574226,1.56460238,0,
2010-09-20T23:00:00Z,1.55491984,1.55879784,1.55070019,1.55482304,0,
2010-09-21T23:00:00Z,1.56120718,1.57151163,1.56098783,1.56169474,0,
2010-09-22T23:00:00Z,1.56460238,1.57398510,1.56193864,1.56460238,0,
2010-09-23T23:00:00Z,1.56788969,1.58420861,1.56470037,1.56788969,0,
2010-09-26T23:00:00Z,1.58295465,1.58659637,1.57900548,1.58310509,0,
2010-09-27T23:00:00Z,1.58120263,1.58931983,1.57294536,1.58100271,0,
2010-09-28T23:00:00Z,1.58040309,1.58742762,1.57686424,1.58030307,0,
2010-09-29T23:00:00Z,1.57990360,1.59200180,1.57045043,1.57957923,0,
2010-09-30T23:00:00Z,1.57151163,1.58619380,1.57079577,1.57165980,0,
2010-10-03T23:00:00Z,1.58182800,1.58710015,1.57515049,1.58200312,0,
2010-10-04T23:00:00Z,1.58240366,1.59299088,1.57771003,1.58242869,0,
2010-10-05T23:00:00Z,1.58939552,1.59390485,1.58385730,1.58914292,0,
2010-10-06T23:00:00Z,1.58639503,1.60184538,1.58491170,1.58649576,0,
2010-10-07T23:00:00Z,1.58793163,1.59555805,1.58292973,1.58800745,0,
2010-10-10T23:00:00Z,1.59540522,1.59637296,1.58947134,1.59487092,0,
2010-10-11T23:00:00Z,1.58939552,1.59190035,1.57843232,1.58929455,0,
2010-10-12T23:00:00Z,1.58140266,1.58894098,1.57771003,1.58110261,0,
2010-10-13T23:00:00Z,1.59020436,1.60663211,1.59020436,1.59050786,0,
2010-10-14T23:00:00Z,1.60058904,1.61020231,1.59826100,1.60064018,0,
2010-10-17T23:00:00Z,1.59808230,1.60051215,1.58420861,1.59790361,0,
2010-10-18T23:00:00Z,1.58929455,1.59360003,1.57040107,1.58939552,0,
2010-10-19T23:00:00Z,1.56980944,1.58699930,1.56631792,1.57030237,0,
2010-10-20T23:00:00Z,1.58450985,1.58506238,1.57326710,1.58450985,0,
2010-10-21T23:00:00Z,1.57126462,1.57480311,1.56580281,1.57119060,0,
2010-10-24T23:00:00Z,1.56798804,1.57746112,1.56720161,1.56788969,0,
2010-10-25T23:00:00Z,1.57064772,1.58957231,1.56943977,1.57096851,0,
2010-10-26T23:00:00Z,1.58501220,1.58639503,1.57599449,1.58501220,0,
2010-10-27T23:00:00Z,1.57800877,1.59708691,1.57669032,1.57741153,0,
2010-11-01T00:00:00Z,1.60199928,1.60872579,1.60110152,1.60480154,0,
2010-11-02T00:00:00Z,1.60629666,1.60807896,1.59665346,1.60598719,0,
2010-11-03T00:00:00Z,1.60300076,1.61530006,1.60110152,1.60323203,0,
2010-11-04T00:00:00Z,1.61134386,1.62983239,1.60908818,1.61069500,0,
2010-11-05T00:00:00Z,1.62718046,1.62800157,1.61699784,1.62760413,0,
2010-11-08T00:00:00Z,1.62100816,1.62100816,1.61092854,1.62095571,0,
2010-11-09T00:00:00Z,1.61131787,1.61841106,1.60740685,1.61162949,0,
2010-11-10T00:00:00Z,1.60020483,1.61111021,1.59667897,1.60000002,0,
2010-11-11T00:00:00Z,1.61248720,1.61780882,1.61072087,1.61222708,0,
2010-11-12T00:00:00Z,1.61009860,1.61657965,1.59884882,1.61056542,0,
2010-11-15T00:00:00Z,1.61285126,1.61545670,1.60456979,1.61290324,0,
2010-11-16T00:00:00Z,1.60446680,1.60851872,1.59040666,1.60431242,0,
2010-11-17T00:00:00Z,1.58825958,1.59375250,1.58599257,1.58871377,0,
2010-11-18T00:00:00Z,1.59192574,1.60248709,1.58919346,1.59210324,0,
2010-11-19T00:00:00Z,1.60500765,1.60950255,1.59403193,1.60518801,0,
2010-11-22T00:00:00Z,1.60025609,1.60857046,1.59431148,1.60043526,0,
2010-11-23T00:00:00Z,1.59448946,1.59558332,1.58559012,1.59466743,0,
2010-11-24T00:00:00Z,1.58012831,1.58385730,1.57453036,1.58050299,0,
2010-11-25T00:00:00Z,1.57898068,1.57940459,1.57279682,1.57900548,0,
2010-11-26T00:00:00Z,1.57599449,1.57678974,1.56140208,1.57596958,0,
2010-11-29T00:00:00Z,1.56011105,1.56470037,1.55330157,1.55901647,0,
2010-11-30T00:00:00Z,1.55508900,1.55724430,1.54885077,1.55562115,0,
2010-12-01T00:00:00Z,1.55714726,1.56479824,1.55530667,1.55680788,0,
2010-12-02T00:00:00Z,1.56106091,1.56617081,1.55151820,1.56103647,0,
2010-12-03T00:00:00Z,1.55899239,1.57138813,1.55831206,1.55908954,0,
2010-12-06T00:00:00Z,1.57683933,1.57701349,1.56609714,1.57678974,0,
2010-12-07T00:00:00Z,1.57111657,1.58240366,1.57074642,1.57086980,0,
2010-12-08T00:00:00Z,1.57552266,1.58320534,1.56739807,1.57532406,0,
2010-12-09T00:00:00Z,1.57930481,1.58383214,1.57319283,1.57965398,0,
2010-12-10T00:00:00Z,1.57741153,1.58629441,1.57520008,1.57751095,0,
2010-12-13T00:00:00Z,1.57945442,1.58659637,1.57227755,1.57990360,0,
2010-12-14T00:00:00Z,1.58629441,1.59083676,1.57420814,1.58619380,0,
2010-12-15T00:00:00Z,1.57649136,1.57708812,1.56198752,1.57639194,0,
2010-12-16T00:00:00Z,1.55598438,1.56298840,1.55438805,1.55608118,0,
2010-12-17T00:00:00Z,1.56337941,1.56479824,1.54748452,1.56328154,0,
2010-12-20T00:00:00Z,1.55139780,1.55760825,1.54801154,1.55130148,0,
2010-12-21T00:00:00Z,1.55079639,1.55683219,1.54552341,1.55082047,0,
2010-12-22T00:00:00Z,1.54667079,1.54952276,1.53789365,1.54659903,0,
2010-12-23T00:00:00Z,1.54080832,1.54359090,1.53760993,1.54040480,0,
2010-12-24T00:00:00Z,1.54440165,1.54779589,1.54201996,1.54464006,0,
2010-12-27T00:00:00Z,1.54161584,1.54561889,1.53950369,1.54137838,0,
2010-12-28T00:00:00Z,1.54471171,1.55118120,1.53718448,1.54421067,0,
2010-12-29T00:00:00Z,1.53576815,1.54480720,1.53557932,1.53557932,0,
2010-12-30T00:00:00Z,1.55033946,1.55380833,1.53902972,1.55019534,0,
2010-12-31T00:00:00Z,1.54359090,1.56580281,1.54297173,1.54371011,0,
2011-01-03T00:00:00Z,1.55760825,1.55760825,1.54399621,1.55724430,0,
2011-01-04T00:00:00Z,1.54889882,1.56460238,1.54559505,1.54897070,0,
2011-01-05T00:00:00Z,1.56001377,1.56259763,1.54559505,1.55979466,0,
2011-01-06T00:00:00Z,1.55130148,1.55600858,1.54681444,1.55120528,0,
2011-01-07T00:00:00Z,1.54530847,1.55789936,1.54159224,1.54509354,0,
2011-01-10T00:00:00Z,1.55450892,1.55675948,1.54781985,1.55400157,0,
2011-01-11T00:00:00Z,1.55904090,1.56018400,1.55180705,1.55899239,0,
2011-01-12T00:00:00Z,1.56098783,1.56948912,1.55860341,1.56079292,0,
2011-01-13T00:00:00Z,1.57497668,1.58616853,1.57250011,1.57492721,0,
2011-01-14T00:00:00Z,1.58438420,1.58876431,1.58227837,1.58428383,0,
2011-01-17T00:00:00Z,1.58823431,1.59509993,1.58380723,1.58813345,0,
2011-01-18T00:00:00Z,1.58972406,1.60601294,1.58972406,1.59000218,0,
2011-01-19T00:00:00Z,1.59593987,1.60369492,1.59509993,1.59629655,0,
2011-01-20T00:00:00Z,1.59739304,1.60094786,1.58483624,1.59741855,0,
2011-01-21T00:00:00Z,1.59108996,1.60023046,1.58720088,1.59098864,0,
2011-01-24T00:00:00Z,1.59941137,1.60040963,1.59278774,1.59938574,0,
2011-01-25T00:00:00Z,1.59849095,1.60169137,1.57589519,1.59864438,0,
2011-01-26T00:00:00Z,1.58210325,1.59000218,1.57736170,1.58200312,0,
2011-01-27T00:00:00Z,1.59212852,1.59930909,1.58820915,1.59299088,0,
2011-01-28T00:00:00Z,1.59220457,1.59609282,1.58287954,1.59268630,0,
2011-01-31T00:00:00Z,1.58272922,1.60220456,1.58265412,1.58292973,0,
2011-02-02T00:00:00Z,1.61373615,1.62284982,1.61300731,1.61360598,0,
2011-02-03T00:00:00Z,1.62064052,1.62778962,1.61240900,1.62048292,0,
2011-02-04T00:00:00Z,1.61378813,1.61731172,1.60400355,1.61344969,0,
2011-02-07T00:00:00Z,1.61025405,1.61859441,1.60952842,1.60996890,0,
2011-02-08T00:00:00Z,1.61300731,1.61626613,1.60320652,1.61290324,0,
2011-02-09T00:00:00Z,1.60637403,1.61256516,1.60372066,1.60663211,0,
2011-02-10T00:00:00Z,1.61017632,1.61108422,1.60225594,1.61015034,0,
2011-02-11T00:00:00Z,1.60960615,1.61157763,1.59690845,1.60970974,0,
2011-02-14T00:00:00Z,1.60094786,1.60782051,1.59838879,1.60030723,0,
2011-02-15T00:00:00Z,1.60271823,1.61671031,1.60128105,1.60282099,0,
2011-02-16T00:00:00Z,1.61331952,1.61859441,1.59948826,1.61365795,0,
2011-02-17T00:00:00Z,1.60950255,1.61746860,1.60779464,1.60929537,0,
2011-02-18T00:00:00Z,1.61731172,1.62469542,1.61519575,1.61780882,0,
2011-02-21T00:00:00Z,1.62490666,1.62535560,1.62092948,1.62509143,0,
2011-02-22T00:00:00Z,1.62300777,1.62303412,1.61360598,1.62279701,0,
2011-02-23T00:00:00Z,1.61600494,1.62699509,1.61590052,1.61600494,0,
2011-02-24T00:00:00Z,1.62329757,1.62559342,1.60919178,1.62350845,0,
2011-02-25T00:00:00Z,1.61443961,1.61624002,1.60359204,1.61443961,0,
2011-02-28T00:00:00Z,1.61004663,1.62710106,1.60730350,1.61004663,0,
2011-03-01T00:00:00Z,1.62853193,1.63233328,1.62569904,1.62704802,0,
2011-03-02T00:00:00Z,1.62641299,1.63430738,1.62190223,1.62628067,0,
2011-03-03T00:00:00Z,1.63305306,1.63345301,1.62609553,1.63329303,0,
2011-03-04T00:00:00Z,1.62813413,1.63060319,1.62377214,1.62744522,0,
2011-03-07T00:00:00Z,1.62667739,1.63385344,1.62179697,1.62683630,0,
2011-03-08T00:00:00Z,1.61959064,1.62113965,1.61298120,1.61985290,0,
2011-03-09T00:00:00Z,1.61603105,1.62435234,1.61420500,1.61634445,0,
2011-03-10T00:00:00Z,1.62048292,1.62148130,1.60511076,1.62001038,0,
2011-03-11T00:00:00Z,1.60668385,1.60789800,1.59820998,1.60660625,0,
2011-03-14T00:00:00Z,1.60745859,1.61799216,1.60300076,1.60714865,0,
2011-03-15T00:00:00Z,1.61765182,1.61830628,1.59851658,1.61720705,0,
2011-03-16T00:00:00Z,1.60670972,1.61318946,1.60287225,1.60720026,0,
2011-03-17T00:00:00Z,1.59902787,1.61676252,1.59877217,1.59913015,0,
2011-03-18T00:00:00Z,1.61490893,1.61890888,1.60629666,1.61433542,0,
2011-03-21T00:00:00Z,1.62237585,1.62919521,1.62069297,1.62229681,0,
2011-03-22T00:00:00Z,1.63118839,1.64007020,1.62956691,1.63086903,0,
2011-03-23T00:00:00Z,1.63639331,1.63837731,1.62229681,1.63601851,0,
2011-03-24T00:00:00Z,1.62509143,1.62680972,1.61389232,1.62490666,0,
2011-03-25T00:00:00Z,1.61186326,1.61423099,1.60549724,1.61220109,0,
2011-03-27T23:00:00Z,1.60087085,1.60366917,1.59400666,1.60040963,0,
2011-03-28T23:00:00Z,1.59866989,1.60426092,1.59499812,1.59907889,0,
2011-03-29T23:00:00Z,1.60099900,1.60807896,1.59820998,1.60099900,0,
2011-03-30T23:00:00Z,1.60709691,1.61509144,1.60241008,1.60740685,0,
2011-03-31T23:00:00Z,1.60354066,1.61308527,1.59757173,1.60341215,0,
2011-04-03T23:00:00Z,1.61194134,1.61770415,1.61160350,1.61207116,0,
2011-04-04T23:00:00Z,1.61321545,1.62778962,1.61012435,1.61305940,0,
2011-04-05T23:00:00Z,1.63009810,1.63631308,1.62593699,1.63009810,0,
2011-04-06T23:00:00Z,1.63235998,1.63396025,1.62670398,1.63249326,0,
2011-04-07T23:00:00Z,1.63201368,1.64281845,1.63169396,1.63212013,0,
2011-04-10T23:00:00Z,1.63743830,1.64249468,1.63180041,1.63741159,0,
2011-04-11T23:00:00Z,1.63449430,1.63454783,1.62311316,1.63449430,0,
2011-04-12T23:00:00Z,1.62572551,1.63078928,1.62400925,1.62569904,0,
2011-04-13T23:00:00Z,1.62720692,1.63778698,1.62580478,1.62688923,0,
2011-04-17T23:00:00Z,1.63198698,1.63281310,1.61788738,1.63140118,0,
2011-04-18T23:00:00Z,1.62649226,1.63345301,1.62340307,1.62612200,0,
2011-04-19T23:00:00Z,1.63246655,1.64249468,1.63169396,1.63243985,0,
2011-04-20T23:00:00Z,1.63942492,1.65991640,1.63888752,1.63947868,0,
2011-04-21T23:00:00Z,1.65180039,1.65639699,1.65060079,1.65147305,0,
2011-04-24T23:00:00Z,1.65231895,1.65551949,1.64701235,1.65281057,0,
2011-04-25T23:00:00Z,1.65041018,1.65319312,1.64349341,1.65019226,0,
2011-04-26T23:00:00Z,1.65141869,1.65790749,1.64389873,1.65090060,0,
2011-04-27T23:00:00Z,1.66311872,1.67431271,1.66264856,1.66278672,0,
2011-04-28T23:00:00Z,1.66489077,1.66922605,1.66278672,1.66500163,0,
2011-05-01T23:00:00Z,1.67009032,1.67372429,1.66500163,1.66880834,0,
2011-05-02T23:00:00Z,1.66600025,1.66616690,1.64709377,1.66600025,0,
2011-05-03T23:00:00Z,1.64962065,1.65749514,1.64568424,1.64964771,0,
2011-05-04T23:00:00Z,1.64975679,1.65458810,1.64079678,1.64970219,0,
2011-05-05T23:00:00Z,1.63869953,1.64619887,1.63580441,1.63859212,0,
2011-05-08T23:00:00Z,1.63462794,1.64068913,1.62741876,1.63580441,0,
2011-05-09T23:00:00Z,1.64136231,1.64200926,1.63307977,1.64117384,0,
2011-05-10T23:00:00Z,1.63719702,1.65130961,1.63470817,1.63700950,0,
2011-05-11T23:00:00Z,1.63682199,1.63810897,1.62379837,1.63674152,0,
2011-05-12T23:00:00Z,1.62850535,1.63068295,1.61780882,1.62839937,0,
2011-05-15T23:00:00Z,1.61759949,1.62532914,1.61660576,1.61759949,0,
2011-05-16T23:00:00Z,1.62079799,1.63031065,1.61770415,1.62092948,0,
2011-05-17T23:00:00Z,1.62522352,1.62898290,1.61139572,1.62530267,0,
2011-05-18T23:00:00Z,1.61650133,1.62064052,1.61318946,1.61650133,0,
2011-05-19T23:00:00Z,1.62290239,1.62749815,1.61684108,1.62319219,0,
2011-05-22T23:00:00Z,1.62145519,1.62329757,1.60926938,1.62142885,0,
2011-05-23T23:00:00Z,1.61069500,1.62040412,1.60660625,1.61087668,0,
2011-05-24T23:00:00Z,1.61841106,1.62946069,1.61363196,1.61848962,0,
2011-05-25T23:00:00Z,1.62800157,1.63727760,1.62778962,1.62797511,0,
2011-05-26T23:00:00Z,1.63829684,1.65079153,1.63818944,1.63853836,0,
2011-05-30T23:00:00Z,1.64875031,1.65480721,1.64362848,1.64877748,0,
2011-05-31T23:00:00Z,1.64655125,1.64967501,1.63789439,1.64649713,0,
2011-06-01T23:00:00Z,1.63382673,1.64160478,1.63089561,1.63342655,0,
2011-06-02T23:00:00Z,1.63708985,1.63961303,1.62908900,1.63615239,0,
2011-06-05T23:00:00Z,1.64552176,1.64609051,1.63462794,1.64541340,0,
2011-06-06T23:00:00Z,1.63591146,1.64690375,1.63281310,1.63572419,0,
2011-06-07T23:00:00Z,1.64430404,1.64479089,1.63540328,1.64430404,0,
2011-06-08T23:00:00Z,1.64082372,1.64630723,1.63609886,1.64079678,0,
2011-06-09T23:00:00Z,1.63679516,1.63851154,1.62211263,1.63655412,0,
2011-06-12T23:00:00Z,1.62295508,1.63449430,1.62229681,1.62261283,0,
2011-06-13T23:00:00Z,1.63746512,1.64400685,1.63580441,1.63741159,0,
2011-06-14T23:00:00Z,1.63765299,1.63851154,1.62079799,1.63773334,0,
2011-06-15T23:00:00Z,1.61940694,1.62263906,1.60810483,1.61959064,0,
2011-06-16T23:00:00Z,1.61610937,1.61951184,1.60960615,1.61610937,0,
2011-06-19T23:00:00Z,1.61770415,1.62342930,1.61121404,1.61780882,0,
2011-06-20T23:00:00Z,1.62079799,1.62540829,1.61725938,1.62069297,0,
2011-06-21T23:00:00Z,1.62224424,1.62598979,1.60970974,1.62253368,0,
2011-06-22T23:00:00Z,1.60580671,1.60660625,1.59433699,1.60598719,0,
2011-06-23T23:00:00Z,1.60289800,1.60420954,1.59540522,1.60261548,0,
2011-06-26T23:00:00Z,1.59652591,1.60122979,1.59157097,1.59629655,0,
2011-06-27T23:00:00Z,1.59913015,1.60420954,1.59184968,1.59900224,0,
2011-06-28T23:00:00Z,1.59889996,1.60740685,1.59731650,1.59879780,0,
2011-06-29T23:00:00Z,1.60756195,1.61188924,1.59754622,1.60758781,0,
2011-06-30T23:00:00Z,1.60469854,1.60976160,1.59920681,1.60480154,0,
2011-07-03T23:00:00Z,1.60699368,1.61378813,1.60565186,1.60681295,0,
2011-07-04T23:00:00Z,1.60963202,1.61269510,1.59918118,1.60970974,0,
2011-07-05T23:00:00Z,1.60676122,1.60906231,1.59550703,1.60678709,0,
2011-07-06T23:00:00Z,1.60107589,1.60202491,1.59499812,1.60089648,0,
2011-07-07T23:00:00Z,1.59820998,1.60794973,1.59339690,1.59810781,0,
2011-07-10T23:00:00Z,1.60251284,1.60431242,1.58873904,1.60258985,0,
2011-07-11T23:00:00Z,1.59071028,1.59487092,1.57900548,1.59081149,0,
2011-07-12T23:00:00Z,1.59159636,1.61204529,1.59129250,1.59182441,0,
2011-07-13T23:00:00Z,1.61710238,1.61890888,1.60999489,1.61681485,0,
2011-07-14T23:00:00Z,1.61480451,1.61759949,1.60802734,1.61490893,0,
2011-07-17T23:00:00Z,1.61139572,1.61292922,1.60110152,1.61118805,0,
2011-07-19T23:00:00Z,1.61378813,1.61579609,1.60720026,1.61371005,0,
2011-07-20T23:00:00Z,1.61618769,1.63180041,1.61235714,1.61592662,0,
2011-07-21T23:00:00Z,1.63230658,1.63275969,1.62670398,1.63233328,0,
2011-07-24T23:00:00Z,1.63078928,1.63283968,1.62659812,1.63150764,0,
2011-07-25T23:00:00Z,1.62784255,1.64209008,1.62699509,1.62808108,0,
2011-07-26T23:00:00Z,1.64268351,1.64395273,1.63331985,1.64260256,0,
2011-07-27T23:00:00Z,1.63310623,1.63660753,1.62985897,1.63273311,0,
2011-07-28T23:00:00Z,1.63690233,1.64703941,1.62670398,1.63684869,0,
2011-07-31T23:00:00Z,1.64149702,1.64752781,1.62408853,1.64120078,0,
2011-08-01T23:00:00Z,1.63132143,1.63299966,1.62311316,1.63092232,0,
2011-08-02T23:00:00Z,1.62808108,1.64252150,1.62540829,1.62786913,0,
2011-08-03T23:00:00Z,1.64330435,1.64389873,1.62877059,1.64341235,0,
2011-08-04T23:00:00Z,1.62387753,1.63939810,1.62319219,1.62358749,0,
2011-08-07T23:00:00Z,1.64192820,1.64701235,1.63054991,1.64165878,0,
2011-08-08T23:00:00Z,1.63270640,1.64079678,1.61778259,1.63201368,0,
2011-08-09T23:00:00Z,1.63150764,1.63241315,1.61269510,1.63148105,0,
2011-08-10T23:00:00Z,1.61199319,1.62369287,1.61139572,1.61181140,0,
2011-08-11T23:00:00Z,1.62290239,1.63132143,1.61731172,1.62279701,0,
2011-08-14T23:00:00Z,1.62927485,1.64079678,1.62630725,1.62932801,0,
2011-08-15T23:00:00Z,1.63859212,1.64300728,1.63275969,1.63859212,0,
2011-08-16T23:00:00Z,1.64438534,1.65831971,1.63596511,1.64408779,0,
2011-08-17T23:00:00Z,1.65420496,1.65530026,1.64238667,1.65409553,0,
2011-08-18T23:00:00Z,1.65041018,1.66181970,1.64489913,1.65079153,0,
2011-08-21T23:00:00Z,1.64779937,1.65201879,1.64408779,1.64779937,0,
2011-08-22T23:00:00Z,1.64646995,1.65724790,1.64565718,1.64660549,0,
2011-08-23T23:00:00Z,1.64970219,1.65346658,1.63730443,1.64981103,0,
2011-08-24T23:00:00Z,1.63690233,1.63980114,1.62683630,1.63700950,0,
2011-08-25T23:00:00Z,1.62839937,1.63420057,1.62150764,1.62831974,0,
2011-08-28T23:00:00Z,1.63500214,1.64552176,1.63428068,1.63500214,0,
2011-08-29T23:00:00Z,1.64149702,1.64179361,1.62580478,1.64149702,0,
2011-08-30T23:00:00Z,1.63078928,1.63321292,1.62591052,1.63076270,0,
2011-08-31T23:00:00Z,1.62501216,1.62580478,1.61352789,1.62514424,0,
2011-09-01T23:00:00Z,1.61890888,1.62538207,1.61770415,1.61880410,0,
2011-09-04T23:00:00Z,1.61731172,1.61869919,1.60637403,1.61720705,0,
2011-09-05T23:00:00Z,1.60999489,1.61699784,1.59390485,1.60999489,0,
2011-09-06T23:00:00Z,1.59520161,1.60248709,1.59398115,1.59482002,0,
2011-09-07T23:00:00Z,1.59831214,1.60789800,1.59184968,1.59859335,0,
2011-09-08T23:00:00Z,1.59769940,1.59920681,1.58609319,1.59775031,0,
2011-09-11T23:00:00Z,1.58564043,1.58858752,1.57880604,1.58569086,0,
2011-09-12T23:00:00Z,1.58584154,1.58710015,1.57659066,1.58586681,0,
2011-09-13T23:00:00Z,1.57855678,1.58112764,1.57104242,1.57860672,0,
2011-09-14T23:00:00Z,1.57716262,1.58689868,1.57368791,1.57698858,0,
2011-09-15T23:00:00Z,1.57910526,1.58420861,1.57470405,1.57930481,0,
2011-09-18T23:00:00Z,1.57245064,1.57572126,1.56369722,1.57240117,0,
2011-09-19T23:00:00Z,1.56631792,1.57334125,1.56592548,1.56599903,0,
2011-09-20T23:00:00Z,1.57336605,1.57420814,1.55819058,1.57341564,0,
2011-09-21T23:00:00Z,1.55074823,1.55094063,1.53320146,1.55082047,0,
2011-09-25T23:00:00Z,1.54873073,1.55700183,1.54371011,1.54933071,0,
2011-09-26T23:00:00Z,1.55540347,1.57049966,1.55320501,1.55525839,0,
2011-09-27T23:00:00Z,1.56408858,1.56779134,1.56140208,1.56399071,0,
2011-09-28T23:00:00Z,1.55753529,1.57138813,1.55470216,1.55760825,0,
2011-09-29T23:00:00Z,1.55989206,1.56433320,1.55371177,1.55994081,0,
2011-10-02T23:00:00Z,1.55826342,1.55857909,1.54528451,1.55831206,0,
2011-10-03T23:00:00Z,1.54349566,1.54659903,1.53447187,1.54359090,0,
2011-10-04T23:00:00Z,1.54659903,1.54916263,1.54030991,1.54702973,0,
2011-10-05T23:00:00Z,1.54669476,1.55009913,1.52860785,1.54659903,0,
2011-10-06T23:00:00Z,1.54340041,1.56418633,1.54259098,1.54344809,0,
2011-10-10T23:00:00Z,1.56580281,1.56639159,1.55833638,1.56582737,0,
2011-10-11T23:00:00Z,1.55887079,1.57920516,1.55460560,1.55889499,0,
2011-10-12T23:00:00Z,1.57549775,1.57631743,1.56700516,1.57477832,0,
2011-10-13T23:00:00Z,1.57435691,1.58491170,1.57250011,1.57450569,0,
2011-10-16T23:00:00Z,1.58270431,1.58461022,1.57329178,1.58262897,0,
2011-10-17T23:00:00Z,1.57465434,1.58240366,1.56347728,1.57450569,0,
2011-10-18T23:00:00Z,1.57079577,1.58456004,1.57040107,1.57086980,0,
2011-10-19T23:00:00Z,1.57761049,1.58010328,1.56850445,1.57771003,0,
2011-10-20T23:00:00Z,1.57960415,1.59599090,1.57599449,1.57960415,0,
2011-10-23T23:00:00Z,1.59413350,1.60010242,1.59035599,1.59431148,0,
2011-10-24T23:00:00Z,1.59979522,1.60300076,1.59619462,1.59966731,0,
2011-10-25T23:00:00Z,1.59979522,1.60420954,1.58949661,1.59984636,0,
2011-10-26T23:00:00Z,1.59565985,1.60851872,1.59560883,1.59596539,0,
2011-10-27T23:00:00Z,1.60877740,1.61509144,1.60730350,1.60877740,0,
2011-10-31T00:00:00Z,1.61139572,1.61365795,1.59690845,1.61118805,0,
2011-11-01T00:00:00Z,1.60776865,1.60924351,1.58939552,1.60800135,0,
2011-11-02T00:00:00Z,1.59400666,1.60438955,1.59400666,1.59400666,0,
2011-11-03T00:00:00Z,1.59063435,1.60379779,1.58800745,1.59119117,0,
2011-11-04T00:00:00Z,1.60390067,1.60415792,1.59520161,1.60372066,0,
2011-11-07T00:00:00Z,1.60361779,1.60758781,1.59838879,1.60328352,0,
2011-11-08T00:00:00Z,1.60642564,1.61105824,1.60374641,1.60619342,0,
2011-11-09T00:00:00Z,1.61017632,1.61181140,1.59129250,1.60989130,0,
2011-11-10T00:00:00Z,1.59134305,1.59841430,1.58730161,1.59149504,0,
2011-11-11T00:00:00Z,1.59420991,1.60908818,1.58979976,1.59420991,0,
2011-11-14T00:00:00Z,1.60932124,1.60932124,1.58944619,1.60769117,0,
2011-11-15T00:00:00Z,1.59000218,1.59316850,1.58147776,1.59000218,0,
2011-11-16T00:00:00Z,1.58100271,1.58160281,1.57405961,1.58057785,0,
2011-11-17T00:00:00Z,1.57079577,1.58030307,1.56948912,1.57079577,0,
2011-11-18T00:00:00Z,1.57480311,1.58889055,1.57428253,1.57520008,0,
2011-11-22T00:00:00Z,1.56462693,1.56889808,1.55860341,1.56389284,0,
2011-11-23T00:00:00Z,1.56433320,1.56553328,1.55115712,1.56489623,0,
2011-11-24T00:00:00Z,1.55243337,1.55658984,1.54870689,1.55286729,0,
2011-11-25T00:00:00Z,1.54779589,1.55178297,1.54280519,1.54770005,0,
2011-11-28T00:00:00Z,1.54885077,1.55935693,1.54600120,1.54899466,0,
2011-11-29T00:00:00Z,1.54969084,1.56519020,1.54710150,1.55009913,0,
2011-11-30T00:00:00Z,1.55972183,1.57810855,1.55298793,1.55979466,0,
2011-12-01T00:00:00Z,1.56990802,1.57577097,1.56425977,1.57072163,0,
2011-12-02T00:00:00Z,1.56830764,1.57210457,1.56181669,1.56830764,0,
2011-12-05T00:00:00Z,1.56120718,1.57138813,1.55908954,1.56098783,0,
2011-12-06T00:00:00Z,1.56418633,1.56658781,1.55940557,1.56430876,0,
2011-12-07T00:00:00Z,1.56042755,1.57200575,1.55984342,1.56069553,0,
2011-12-08T00:00:00Z,1.57027781,1.57673991,1.56167042,1.57003129,0,
2011-12-09T00:00:00Z,1.56359947,1.57348990,1.55908954,1.56379509,0,
2011-12-12T00:00:00Z,1.56536162,1.56580281,1.55388081,1.56541073,0,
2011-12-13T00:00:00Z,1.55770528,1.56250000,1.55409825,1.55806923,0,
2011-12-14T00:00:00Z,1.54798758,1.55293977,1.54282892,1.54801154,0,
2011-12-15T00:00:00Z,1.54750848,1.55310857,1.54373395,1.54750848,0,
2011-12-16T00:00:00Z,1.55269861,1.55579066,1.54959476,1.55228889,0,
2011-12-19T00:00:00Z,1.55240941,1.55450892,1.54679048,1.55250585,0,
2011-12-20T00:00:00Z,1.55079639,1.57000661,1.55060399,1.55098879,0,
2011-12-21T00:00:00Z,1.56710339,1.57731199,1.56663692,1.56710339,0,
2011-12-22T00:00:00Z,1.56680882,1.57289577,1.56550872,1.56710339,0,
2011-12-23T00:00:00Z,1.56820929,1.57096851,1.56528819,1.56798804,0,
2011-12-26T00:00:00Z,1.55969739,1.56460238,1.55960011,1.55969739,0,
2011-12-27T00:00:00Z,1.56235349,1.56788969,1.55996501,1.56188977,0,
2011-12-28T00:00:00Z,1.56648970,1.56899655,1.54712546,1.56648970,0,
2011-12-29T00:00:00Z,1.54399621,1.54770005,1.53664124,1.54440165,0,
2011-12-30T00:00:00Z,1.54171097,1.55620229,1.54049969,1.54159224,0,
2012-01-02T00:00:00Z,1.55260217,1.55489552,1.54760432,1.55120528,0,
2012-01-03T00:00:00Z,1.55209613,1.56250000,1.55110908,1.55199969,0,
2012-01-04T00:00:00Z,1.56470037,1.56700516,1.55826342,1.56440663,0,
2012-01-05T00:00:00Z,1.56120718,1.56269538,1.54691005,1.56093895,0,
2012-01-06T00:00:00Z,1.55019534,1.55267453,1.53820121,1.55017138,0,
2012-01-09T00:00:00Z,1.54209137,1.54700577,1.54000151,1.54194868,0,
2012-01-10T00:00:00Z,1.54576230,1.55005121,1.54480720,1.54590559,0,
2012-01-11T00:00:00Z,1.54738879,1.54880285,1.53440130,1.54746056,0,
2012-01-12T00:00:00Z,1.53357768,1.53680658,1.52835095,1.53360128,0,
2012-01-13T00:00:00Z,1.53444827,1.53988302,1.52480865,1.53421295,0,
2012-01-16T00:00:00Z,1.53040934,1.53306043,1.52844441,1.53001106,0,
2012-01-17T00:00:00Z,1.53235579,1.54030991,1.53193319,1.53249657,0,
2012-01-18T00:00:00Z,1.53385997,1.54330516,1.53310740,1.53385997,0,
2012-01-19T00:00:00Z,1.54290032,1.54868281,1.54166353,1.54299557,0,
2012-01-20T00:00:00Z,1.54865885,1.55390489,1.54530847,1.54882669,0,
2012-01-23T00:00:00Z,1.55443633,1.56025720,1.55214429,1.55455720,0,
2012-01-24T00:00:00Z,1.55789936,1.55974615,1.55371177,1.55789936,0,
2012-01-25T00:00:00Z,1.56269538,1.56286621,1.55414641,1.56269538,0,
2012-01-26T00:00:00Z,1.56592548,1.57161045,1.56523919,1.56609714,0,
2012-01-27T00:00:00Z,1.56747186,1.57279682,0.63738924,1.56820929,0,
2012-01-30T00:00:00Z,1.57232714,1.57269788,1.56568027,1.57240117,0,
2012-01-31T00:00:00Z,1.57084513,1.57952940,1.57030237,1.57084513,0,
2012-02-01T00:00:00Z,1.57084513,1.57952940,1.57030237,1.57604408,0,
2012-02-02T00:00:00Z,1.58478606,1.58579135,1.58027816,1.58428383,0,
2012-02-03T00:00:00Z,1.58027816,1.58569086,1.57529926,1.58027816,0,
2012-02-06T00:00:00Z,1.58027816,1.58090270,1.57329178,1.58030307,0,
2012-02-07T00:00:00Z,1.58127773,1.58609319,1.57903051,1.58127773,0,
2012-02-08T00:00:00Z,1.58931983,1.59286404,1.58052778,1.58931983,0,
2012-02-09T00:00:00Z,1.58127773,1.58831012,1.57942939,1.58127773,0,
2012-02-10T00:00:00Z,1.58127773,1.58486140,1.57405961,1.58127773,0,
2012-02-13T00:00:00Z,1.57828283,1.58277941,1.57604408,1.57820821,0,
2012-02-14T00:00:00Z,1.57257426,1.57678974,1.56641603,1.57257426,0,
2012-02-15T00:00:00Z,1.56911969,1.57344031,1.56729984,1.56911969,0,
2012-02-16T00:00:00Z,1.56862748,1.57629251,1.56617081,1.56887364,0,
2012-02-17T00:00:00Z,1.58077776,1.58631957,1.57910526,1.58077776,0,
2012-02-20T00:00:00Z,1.58679771,1.58805776,1.58453488,1.58692372,0,
2012-02-21T00:00:00Z,1.58277941,1.58654618,1.57761049,1.58282936,0,
2012-02-22T00:00:00Z,1.57918012,1.58127773,1.56543517,1.57903051,0,
2012-02-23T00:00:00Z,1.56715238,1.57282162,1.56541073,1.56720161,0,
2012-02-24T00:00:00Z,1.57450569,1.58780563,1.57257426,1.57455516,0,
2012-02-27T00:00:00Z,1.58856237,1.58881474,1.58338082,1.58868849,0,
2012-02-28T00:00:00Z,1.58328044,1.58755362,1.58080280,1.58328044,0,
2012-02-29T00:00:00Z,1.59210324,1.59782696,1.59134305,1.59220457,0,
2012-03-01T00:00:00Z,1.59235668,1.59744418,1.59038138,1.59235668,0,
2012-03-02T00:00:00Z,1.59591436,1.59693384,1.58398283,1.59591436,0,
2012-03-05T00:00:00Z,1.58328044,1.58780563,1.57878113,1.58330560,0,
2012-03-06T00:00:00Z,1.58755362,1.58856237,1.57376218,1.58755362,0,
2012-03-07T00:00:00Z,1.57232714,1.57599449,1.57005596,1.57232714,0,
2012-03-08T00:00:00Z,1.57331657,1.58302999,1.57264853,1.57356405,0,
2012-03-09T00:00:00Z,1.58252883,1.58302999,1.56776679,1.58252883,0,
2012-03-12T00:00:00Z,1.56690693,1.56948912,1.56040311,1.56729984,0,
2012-03-13T00:00:00Z,1.56543517,1.57455516,1.56225586,1.56543517,0,
2012-03-14T00:00:00Z,1.57059848,1.57430720,1.56519020,1.57059848,0,
2012-03-15T00:00:00Z,1.56543517,1.56892276,1.56369722,1.56543517,0,
2012-03-16T00:00:00Z,1.57035184,1.58609319,1.56983411,1.57035184,0,
2012-03-19T00:00:00Z,1.58378208,1.59058368,1.58252883,1.58370686,0,
2012-03-20T00:00:00Z,1.58881474,1.58982515,1.58328044,1.58881474,0,
2012-03-21T00:00:00Z,1.58654618,1.59230602,1.58252883,1.58629441,0,
2012-03-22T00:00:00Z,1.58755362,1.58931983,1.57803369,1.58755362,0,
2012-03-23T00:00:00Z,1.58252883,1.59098864,1.58077776,1.58277941,0,
2012-03-25T23:00:00Z,1.58805776,1.59550703,1.58040309,1.58780563,0,
2012-03-26T23:00:00Z,1.59616911,1.59992325,1.59438777,1.59616911,0,
2012-03-27T23:00:00Z,1.59540522,1.59670436,1.58450985,1.59540522,0,
2012-03-28T23:00:00Z,1.58931983,1.59316850,1.58629441,1.58931983,0,
2012-03-29T23:00:00Z,1.59591436,1.60333490,1.59581256,1.59591436,0,
2012-04-01T23:00:00Z,1.60128105,1.60629666,1.59838879,1.60140920,0,
2012-04-02T23:00:00Z,1.60384929,1.60462129,1.59593987,1.60384929,0,
2012-04-03T23:00:00Z,1.59058368,1.59088743,1.58375692,1.59065974,0,
2012-04-04T23:00:00Z,1.59020436,1.59108996,1.58077776,1.59033084,0,
2012-04-05T23:00:00Z,1.58315527,1.58899152,1.58270431,1.58302999,0,
2012-04-08T23:00:00Z,1.58780563,1.58841097,1.58403301,1.58805776,0,
2012-04-09T23:00:00Z,1.59083676,1.59314311,1.58130264,1.59081149,0,
2012-04-10T23:00:00Z,1.58548951,1.59362555,1.58528852,1.58553994,0,
2012-04-11T23:00:00Z,1.59250879,1.59718895,1.59134305,1.59235668,0,
2012-04-12T23:00:00Z,1.59616911,1.59701049,1.58478606,1.59591436,0,
2012-04-15T23:00:00Z,1.58478606,1.58704960,1.58212829,1.58503723,0,
2012-04-16T23:00:00Z,1.58959770,1.59680629,1.58647048,1.58957231,0,
2012-04-17T23:00:00Z,1.59413350,1.60420954,1.58985043,1.59420991,0,
2012-04-18T23:00:00Z,1.60230720,1.60720026,1.60120404,1.60230720,0,
2012-04-19T23:00:00Z,1.60616767,1.61399662,1.60402930,1.60616767,0,
2012-04-22T23:00:00Z,1.61316347,1.61342371,1.60789800,1.61316347,0,
2012-04-23T23:00:00Z,1.61186326,1.61639678,1.61134386,1.61212313,0,
2012-04-24T23:00:00Z,1.61449170,1.61655343,1.60851872,1.61446559,0,
2012-04-25T23:00:00Z,1.61786127,1.62058794,1.61603105,1.61780882,0,
2012-04-26T23:00:00Z,1.61786127,1.62551403,1.61550879,1.61786127,0,
2012-04-29T23:00:00Z,1.62813413,1.62999189,1.62250733,1.62813413,0,
2012-04-30T23:00:00Z,1.62337661,1.62495935,1.61890888,1.62337661,0,
2012-05-01T23:00:00Z,1.62232316,1.62408853,1.61616170,1.62232316,0,
2012-05-02T23:00:00Z,1.61951184,1.62171805,1.61655343,1.61930203,0,
2012-05-03T23:00:00Z,1.61917090,1.61969554,1.61443961,1.61919713,0,
2012-05-06T23:00:00Z,1.61238313,1.61995792,1.61160350,1.61230505,0,
2012-05-08T23:00:00Z,1.61472631,1.61576986,1.60769117,1.61472631,0,
2012-05-09T23:00:00Z,1.61368406,1.61838484,1.60950255,1.61381423,0,
2012-05-10T23:00:00Z,1.61352789,1.61446559,1.60658062,1.61368406,0,
2012-05-13T23:00:00Z,1.60751021,1.61222708,1.60544574,1.60771704,0,
2012-05-14T23:00:00Z,1.60978746,1.61160350,1.60128105,1.60978746,0,
2012-05-15T23:00:00Z,1.59846556,1.59900224,1.58982515,1.59872091,0,
2012-05-16T23:00:00Z,1.59210324,1.59342241,1.57957923,1.59210324,0,
2012-05-17T23:00:00Z,1.57853198,1.58353126,1.57356405,1.57853198,0,
2012-05-20T23:00:00Z,1.58127773,1.58403301,1.57828283,1.58127773,0,
2012-05-21T23:00:00Z,1.58315527,1.58478606,1.57659066,1.58277941,0,
2012-05-22T23:00:00Z,1.57604408,1.57683933,1.56889808,1.57609379,0,
2012-05-23T23:00:00Z,1.56838143,1.57267320,1.56403959,1.56838143,0,
2012-05-24T23:00:00Z,1.56592548,1.56971085,1.56320834,1.56592548,0,
2012-05-27T23:00:00Z,1.56813538,1.57183278,1.56759465,1.56813538,0,
2012-05-28T23:00:00Z,1.56690693,1.57158566,1.56213391,1.56690693,0,
2012-05-29T23:00:00Z,1.56342828,1.56374609,1.55216837,1.56347728,0,
2012-05-30T23:00:00Z,1.54822731,1.55279505,1.53678298,1.54829931,0,
2012-05-31T23:00:00Z,1.53969336,1.54320991,1.52720726,1.53964591,0,
2012-06-03T23:00:00Z,1.53491950,1.54159224,1.53433061,1.53515494,0,
2012-06-04T23:00:00Z,1.53846157,1.54059470,1.53259051,1.53846157,0,
2012-06-05T23:00:00Z,1.53846157,1.55151820,1.53798831,1.53846157,0,
2012-06-06T23:00:00Z,1.54822731,1.55950284,1.54344809,1.54822731,0,
2012-06-07T23:00:00Z,1.55231285,1.55255389,1.54080832,1.55231285,0,
2012-06-10T23:00:00Z,1.55376017,1.55799639,1.55009913,1.55376017,0,
2012-06-11T23:00:00Z,1.54870689,1.55700183,1.54607296,1.54861093,0,
2012-06-12T23:00:00Z,1.55666244,1.55981910,1.55400157,1.55690479,0,
2012-06-13T23:00:00Z,1.55207205,1.55579066,1.54774809,1.55207205,0,
2012-06-14T23:00:00Z,1.55545187,1.56580281,1.54810739,1.55545187,0,
2012-06-17T23:00:00Z,1.57158566,1.57306910,1.56386840,1.57158566,0,
2012-06-18T23:00:00Z,1.56870127,1.57430720,1.56206071,1.56862748,0,
2012-06-19T23:00:00Z,1.57207990,1.57738662,1.56936598,1.57198107,0,
2012-06-20T23:00:00Z,1.57084513,1.57311845,1.56220698,1.57059848,0,
2012-06-21T23:00:00Z,1.55998933,1.56347728,1.55591178,1.56006253,0,
2012-06-24T23:00:00Z,1.55836058,1.55921113,1.55417061,1.55836058,0,
2012-06-25T23:00:00Z,1.55666244,1.56470037,1.55666244,1.55666244,0,
2012-06-26T23:00:00Z,1.56347728,1.56421089,1.55472636,1.56372166,0,
2012-06-27T23:00:00Z,1.55714726,1.56250000,1.55038762,1.55714726,0,
2012-06-28T23:00:00Z,1.55183113,1.57067239,1.55159032,1.55183113,0,
2012-07-01T23:00:00Z,1.56813538,1.57212925,1.56452906,1.56820929,0,
2012-07-02T23:00:00Z,1.56911969,1.57133877,1.56621981,1.56911969,0,
2012-07-03T23:00:00Z,1.56907058,1.56911969,1.55787504,1.56911969,0,
2012-07-04T23:00:00Z,1.55836058,1.56225586,1.55033946,1.55840921,0,
2012-07-05T23:00:00Z,1.55303621,1.55508900,1.54798758,1.55303621,0,
2012-07-08T23:00:00Z,1.54822731,1.55303621,1.54722118,1.54798758,0,
2012-07-09T23:00:00Z,1.55303621,1.55479884,1.54822731,1.55303621,0,
2012-07-10T23:00:00Z,1.55183113,1.55787504,1.55159032,1.55183113,0,
2012-07-11T23:00:00Z,1.55110908,1.55183113,1.53962207,1.55110908,0,
2012-07-12T23:00:00Z,1.54273379,1.55617797,1.54154468,1.54273379,0,
2012-07-15T23:00:00Z,1.55836058,1.56445563,1.55207205,1.55836058,0,
2012-07-16T23:00:00Z,1.56274414,1.56771755,1.55610538,1.56250000,0,
2012-07-17T23:00:00Z,1.56641603,1.56690693,1.55860341,1.56641603,0,
2012-07-18T23:00:00Z,1.56470037,1.57232714,1.56391740,1.56470037,0,
2012-07-19T23:00:00Z,1.57183278,1.57183278,1.56201184,1.57183278,0,
2012-07-22T23:00:00Z,1.56103647,1.56103647,1.54880285,1.56079292,0,
2012-07-23T23:00:00Z,1.55183113,1.55508900,1.54918671,1.55183113,0,
2012-07-24T23:00:00Z,1.55005121,1.55472636,1.54645550,1.55014729,0,
2012-07-25T23:00:00Z,1.54880285,1.57220352,1.54724514,1.54870689,0,
2012-07-26T23:00:00Z,1.56845522,1.57654107,1.56715238,1.56862748,0,
2012-07-29T23:00:00Z,1.57282162,1.57331657,1.56788969,1.57282162,0,
2012-07-30T23:00:00Z,1.57133877,1.57319283,1.56298840,1.57133877,0,
2012-07-31T23:00:00Z,1.56666148,1.56911969,1.55853069,1.56678414,0,
2012-08-01T23:00:00Z,1.55448472,1.56788969,1.54942679,1.55448472,0,
2012-08-02T23:00:00Z,1.55159032,1.56543517,1.55077231,1.55159032,0,
2012-08-05T23:00:00Z,1.56543517,1.56543517,1.55489552,1.56541073,0,
2012-08-06T23:00:00Z,1.55884647,1.56850445,1.55666244,1.55879784,0,
2012-08-07T23:00:00Z,1.56128025,1.56764388,1.55782664,1.56162155,0,
2012-08-08T23:00:00Z,1.56690693,1.56862748,1.56064677,1.56702971,0,
2012-08-09T23:00:00Z,1.56298840,1.57010520,1.55811787,1.56311059,0,
2012-08-12T23:00:00Z,1.56690693,1.57190681,1.56590092,1.56690693,0,
2012-08-13T23:00:00Z,1.56788969,1.57190681,1.56725085,1.56788969,0,
2012-08-14T23:00:00Z,1.56764388,1.57010520,1.56624436,1.56764388,0,
2012-08-15T23:00:00Z,1.56796336,1.57457995,1.56379509,1.56813538,0,
2012-08-16T23:00:00Z,1.57356405,1.57405961,1.56779134,1.57356405,0,
2012-08-19T23:00:00Z,1.56887364,1.57183278,1.56811094,1.56887364,0,
2012-08-20T23:00:00Z,1.57109189,1.58050299,1.57084513,1.57109189,0,
2012-08-21T23:00:00Z,1.57778466,1.58152771,1.57703829,1.57790923,0,
2012-08-22T23:00:00Z,1.58843625,1.59108996,1.58636987,1.58836043,0,
2012-08-23T23:00:00Z,1.58589196,1.58704960,1.58102763,1.58579135,0,
2012-08-26T23:00:00Z,1.58027816,1.58277941,1.57932973,1.58030307,0,
2012-08-27T23:00:00Z,1.57927990,1.58378208,1.57562196,1.57927990,0,
2012-08-28T23:00:00Z,1.58252883,1.58528852,1.58047795,1.58260405,0,
2012-08-29T23:00:00Z,1.58277941,1.58710015,1.58040309,1.58277941,0,
2012-08-30T23:00:00Z,1.57903051,1.58878946,1.57803369,1.57903051,0,
2012-09-02T23:00:00Z,1.58679771,1.58990085,1.58528852,1.58730161,0,
2012-09-03T23:00:00Z,1.58805776,1.59114051,1.58629441,1.58805776,0,
2012-09-04T23:00:00Z,1.58679771,1.59309244,1.58290470,1.58654618,0,
2012-09-05T23:00:00Z,1.59033084,1.59390485,1.58853710,1.59058368,0,
2012-09-06T23:00:00Z,1.59339690,1.60333490,1.59235668,1.59337151,0,
2012-09-09T23:00:00Z,1.60076833,1.60205066,1.59616911,1.60081971,0,
2012-09-11T23:00:00Z,1.60720026,1.61290324,1.60663211,1.60720026,0,
2012-09-12T23:00:00Z,1.61082470,1.61290324,1.60875165,1.61082470,0,
2012-09-13T23:00:00Z,1.61530006,1.62559342,1.61524796,1.61550879,0,
2012-09-16T23:00:00Z,1.62258649,1.62739217,1.62127101,1.62258649,0,
2012-09-17T23:00:00Z,1.62443149,1.62680972,1.62258649,1.62469542,0,
2012-09-18T23:00:00Z,1.62443149,1.62733936,1.61890888,1.62443149,0,
2012-09-19T23:00:00Z,1.62311316,1.62364030,1.61676252,1.62311316,0,
2012-09-20T23:00:00Z,1.62227058,1.63078928,1.62153399,1.62219155,0,
2012-09-23T23:00:00Z,1.62311316,1.62443149,1.61838484,1.62311316,0,
2012-09-24T23:00:00Z,1.62250733,1.62659812,1.62179697,1.62258649,0,
2012-09-25T23:00:00Z,1.61938083,1.62103450,1.61420500,1.61943316,0,
2012-09-26T23:00:00Z,1.61759949,1.62364030,1.61681485,1.61786127,0,
2012-09-27T23:00:00Z,1.62337661,1.62710106,1.61149955,1.62329757,0,
2012-09-30T23:00:00Z,1.61238313,1.61759949,1.61108422,1.61248720,0,
2012-10-01T23:00:00Z,1.61290324,1.61786127,1.61279917,1.61290324,0,
2012-10-02T23:00:00Z,1.61295533,1.61394453,1.60720026,1.61316347,0,
2012-10-03T23:00:00Z,1.61030602,1.61681485,1.60844111,1.61004663,0,
2012-10-04T23:00:00Z,1.61848962,1.62211263,1.61749482,1.61864686,0,
2012-10-07T23:00:00Z,1.61394453,1.61394453,1.60228169,1.61389232,0,
2012-10-08T23:00:00Z,1.60333490,1.60487890,1.59795463,1.60341215,0,
2012-10-09T23:00:00Z,1.59974396,1.60359204,1.59820998,1.59969294,0,
2012-10-10T23:00:00Z,1.60076833,1.60560024,1.59897661,1.60076833,0,
2012-10-11T23:00:00Z,1.60462129,1.60978746,1.60230720,1.60459554,0,
2012-10-14T23:00:00Z,1.60590982,1.60797548,1.60230720,1.60590982,0,
2012-10-15T23:00:00Z,1.60831165,1.61316347,1.60642564,1.60810483,0,
2012-10-16T23:00:00Z,1.61290324,1.61812305,1.61186326,1.61300731,0,
2012-10-17T23:00:00Z,1.61368406,1.61733782,1.61186326,1.61371005,0,
2012-10-18T23:00:00Z,1.60565186,1.60720026,1.60000002,1.60570335,0,
2012-10-21T23:00:00Z,1.59974396,1.60560024,1.59974396,1.59979522,0,
2012-10-22T23:00:00Z,1.60230720,1.60258985,1.59169769,1.60228169,0,
2012-10-23T23:00:00Z,1.59489644,1.60487890,1.59370160,1.59489644,0,
2012-10-24T23:00:00Z,1.60307801,1.61430931,1.60302651,1.60315502,0,
2012-10-25T23:00:00Z,1.61186326,1.61410081,1.60901046,1.61181140,0,
2012-10-29T00:00:00Z,1.60875165,1.60952842,1.60294950,1.60952842,0,
2012-10-30T00:00:00Z,1.60307801,1.60875165,1.60238433,1.60307801,0,
2012-10-31T00:00:00Z,1.60745859,1.61352789,1.60712278,1.60745859,0,
2012-11-01T00:00:00Z,1.61342371,1.61759949,1.61233115,1.61342371,0,
2012-11-02T00:00:00Z,1.61342371,1.61350179,1.60282099,1.61342371,0,
2012-11-05T00:00:00Z,1.60205066,1.60410655,1.59604180,1.60210192,0,
2012-11-06T00:00:00Z,1.59846556,1.60000002,1.59693384,1.59846556,0,
2012-11-07T00:00:00Z,1.59907889,1.60436380,1.59588909,1.59923244,0,
2012-11-08T00:00:00Z,1.59790361,1.60025609,1.59311783,1.59820998,0,
2012-11-09T00:00:00Z,1.59759712,1.60179400,1.59058368,1.59775031,0,
2012-11-12T00:00:00Z,1.58944619,1.59159636,1.58679771,1.58942080,0,
2012-11-13T00:00:00Z,1.58762920,1.59159636,1.58604276,1.58780563,0,
2012-11-14T00:00:00Z,1.58752835,1.59012842,1.58461022,1.58780563,0,
2012-11-15T00:00:00Z,1.58393252,1.58793163,1.58318031,1.58410823,0,
2012-11-16T00:00:00Z,1.58657134,1.58909249,1.58388245,1.58654618,0,
2012-11-19T00:00:00Z,1.59058368,1.59235668,1.58884001,1.59055853,0,
2012-11-20T00:00:00Z,1.58931983,1.59362555,1.58931983,1.58942080,0,
2012-11-21T00:00:00Z,1.59261024,1.59464204,1.58856237,1.59261024,0,
2012-11-22T00:00:00Z,1.59693384,1.59795463,1.59342241,1.59693384,0,
2012-11-23T00:00:00Z,1.59413350,1.60128105,1.59286404,1.59413350,0,
2012-11-26T00:00:00Z,1.60282099,1.60359204,1.59997439,1.60279524,0,
2012-11-27T00:00:00Z,1.60333490,1.60539412,1.60179400,1.60333490,0,
2012-11-28T00:00:00Z,1.60230720,1.60230720,1.59642398,1.60230720,0,
2012-11-29T00:00:00Z,1.60153747,1.60490453,1.60051215,1.60153747,0,
2012-11-30T00:00:00Z,1.60410655,1.60627079,1.59930909,1.60410655,0,
2012-12-03T00:00:00Z,1.60230720,1.60952842,1.60230720,1.60230720,0,
2012-12-04T00:00:00Z,1.60978746,1.61316347,1.60875165,1.60978746,0,
2012-12-05T00:00:00Z,1.61004663,1.61212313,1.60849285,1.61009860,0,
2012-12-06T00:00:00Z,1.60926938,1.61287713,1.60745859,1.60932124,0,
2012-12-07T00:00:00Z,1.60487890,1.60616767,1.60053778,1.60500765,0,
2012-12-10T00:00:00Z,1.60359204,1.60952842,1.60153747,1.60356629,0,
2012-12-11T00:00:00Z,1.60745859,1.61212313,1.60707104,1.60740685,0,
2012-12-12T00:00:00Z,1.61186326,1.61498713,1.60968375,1.61186326,0,
2012-12-13T00:00:00Z,1.61368406,1.61524796,1.61126590,1.61368406,0,
2012-12-14T00:00:00Z,1.61134386,1.61446559,1.61056542,1.61160350,0,
2012-12-17T00:00:00Z,1.61759949,1.62153399,1.61597872,1.61759949,0,
2012-12-18T00:00:00Z,1.62056160,1.62469542,1.61969554,1.62048292,0,
2012-12-19T00:00:00Z,1.62495935,1.63060319,1.62495935,1.62495935,0,
2012-12-20T00:00:00Z,1.62522352,1.62946069,1.62456346,1.62522352,0,
2012-12-21T00:00:00Z,1.62733936,1.62736583,1.61864686,1.62733936,0,
2012-12-24T00:00:00Z,1.61519575,1.62074554,1.61287713,1.61569166,0,
2012-12-25T00:00:00Z,1.61316347,1.61449170,1.59979522,1.61316347,0,
2012-12-26T00:00:00Z,1.61368406,1.61707640,1.61199319,1.61368406,0,
2012-12-27T00:00:00Z,1.61264312,1.62022030,1.61264312,1.61264312,0,
2012-12-28T00:00:00Z,1.61160350,1.61524796,1.60844111,1.61160350,0,
2012-12-31T00:00:00Z,1.61629212,1.62744522,1.61344969,1.61629212,0,
2013-01-01T00:00:00Z,1.62364030,1.63220000,1.62337661,1.62364030,0,
2013-01-02T00:00:00Z,1.62469542,1.63840413,1.62443149,1.62469542,0,
2013-01-03T00:00:00Z,1.62522352,1.62548769,1.61509144,1.62524986,0,
2013-01-04T00:00:00Z,1.60779464,1.60901046,1.60153747,1.60823417,0,
2013-01-07T00:00:00Z,1.60668385,1.60826004,1.60228169,1.60678709,0,
2013-01-08T00:00:00Z,1.61240900,1.61240900,1.60307801,1.61220109,0,
2013-01-09T00:00:00Z,1.60616767,1.60745859,1.59941137,1.60616767,0,
2013-01-10T00:00:00Z,1.60153747,1.61170757,1.60058904,1.60153747,0,
2013-01-11T00:00:00Z,1.61629212,1.61681485,1.60895872,1.61629212,0,
2013-01-14T00:00:00Z,1.61238313,1.61576986,1.60366917,1.61269510,0,
2013-01-15T00:00:00Z,1.60771704,1.60952842,1.60348916,1.60771704,0,
2013-01-16T00:00:00Z,1.60745859,1.60823417,1.59805667,1.60745859,0,
2013-01-17T00:00:00Z,1.60025609,1.60410655,1.59644949,1.60025609,0,
2013-01-18T00:00:00Z,1.59769940,1.59974396,1.58662164,1.59769940,0,
2013-01-21T00:00:00Z,1.58553994,1.58934498,1.58373189,1.58553994,0,
2013-01-22T00:00:00Z,1.58378208,1.58828485,1.58152771,1.58378208,0,
2013-01-23T00:00:00Z,1.58378208,1.58904195,1.58085263,1.58390760,0,
2013-01-24T00:00:00Z,1.58328044,1.58503723,1.57584536,1.58328044,0,
2013-01-25T00:00:00Z,1.57828283,1.58282936,1.57564676,1.57828283,0,
2013-01-28T00:00:00Z,1.57753587,1.57788444,1.57020378,1.57751095,0,
2013-01-29T00:00:00Z,1.56985867,1.57728708,1.56934130,1.56985867,0,
2013-01-30T00:00:00Z,1.57480311,1.58002841,1.57304430,1.57480311,0,
2013-01-31T00:00:00Z,1.57977879,1.58513784,1.57790923,1.57977879,0,
2013-02-01T00:00:00Z,1.58704960,1.58805776,1.57410908,1.58702445,0,
2013-02-04T00:00:00Z,1.57035184,1.57505131,1.56936598,1.57049966,0,
2013-02-05T00:00:00Z,1.57589519,1.57980382,1.56617081,1.57554746,0,
2013-02-06T00:00:00Z,1.56666148,1.56788969,1.56347728,1.56666148,0,
2013-02-07T00:00:00Z,1.56641603,1.57666540,1.56470037,1.56641603,0,
2013-02-08T00:00:00Z,1.57109189,1.58428383,1.57077110,1.57101786,0,
2013-02-11T00:00:00Z,1.58002841,1.58107758,1.56558228,1.58022821,0,
2013-02-12T00:00:00Z,1.56568027,1.56671059,1.55797207,1.56568027,0,
2013-02-13T00:00:00Z,1.56764388,1.56911969,1.55320501,1.56764388,0,
2013-02-14T00:00:00Z,1.55327737,1.55448472,1.54877877,1.55330157,0,
2013-02-15T00:00:00Z,1.54870689,1.55499232,1.54659903,1.54865885,0,
2013-02-18T00:00:00Z,1.54774809,1.54990697,1.54418695,1.54801154,0,
2013-02-19T00:00:00Z,1.54774809,1.55038762,1.54444921,1.54774809,0,
2013-02-20T00:00:00Z,1.54273379,1.54490256,1.52879477,1.54273379,0,
2013-02-21T00:00:00Z,1.52299726,1.52718389,1.51423383,1.52299726,0,
2013-02-22T00:00:00Z,1.52625155,1.53162813,1.52462268,1.52625155,0,
2013-02-25T00:00:00Z,1.50966179,1.51630020,1.50900126,1.50973010,0,
2013-02-26T00:00:00Z,1.51657617,1.52200055,1.51269913,1.51641524,0,
2013-02-27T00:00:00Z,1.51308823,1.51887977,1.50850046,1.51299667,0,
2013-02-28T00:00:00Z,1.51676011,1.52137530,1.51519740,1.51676011,0,
2013-03-01T00:00:00Z,1.51630020,1.51860285,1.49880087,1.51653016,0,
2013-03-04T00:00:00Z,1.50353336,1.50749981,1.50082541,1.50360107,0,
2013-03-05T00:00:00Z,1.51285923,1.51984918,1.51098490,1.51285923,0,
2013-03-06T00:00:00Z,1.51377535,1.51561081,1.50443816,1.51377535,0,
2013-03-07T00:00:00Z,1.49970007,1.50761354,1.49700606,1.49967766,0,
2013-03-08T00:00:00Z,1.50262964,1.50466442,1.49082398,1.50262964,0,
2013-03-11T00:00:00Z,1.49097955,1.49432158,1.48683405,1.49100184,0,
2013-03-12T00:00:00Z,1.49053514,1.49142432,1.48387766,1.49053514,0,
2013-03-13T00:00:00Z,1.49053514,1.49767864,1.49009085,1.49053514,0,
2013-03-14T00:00:00Z,1.49253726,1.50443816,1.49186933,1.49253726,0,
2013-03-15T00:00:00Z,1.50897849,1.51738155,1.50711358,1.50900126,0,
2013-03-18T00:00:00Z,1.51034582,1.51400459,1.50784075,1.51075661,0,
2013-03-19T00:00:00Z,1.50988984,1.51407325,1.50740898,1.50988984,0,
2013-03-20T00:00:00Z,1.50966179,1.51814187,1.50308132,1.50966179,0,
2013-03-21T00:00:00Z,1.50966179,1.52070451,1.50943387,1.50966179,0,
2013-03-22T00:00:00Z,1.51814187,1.52439022,1.51775014,1.51821089,0,
2013-03-25T00:00:00Z,1.52439022,1.52555299,1.51469254,1.52459943,0,
2013-03-26T00:00:00Z,1.51791131,1.52070451,1.51379824,1.51791131,0,
2013-03-27T00:00:00Z,1.51630020,1.51791131,1.50959349,1.51630020,0,
2013-03-28T00:00:00Z,1.51285923,1.51982605,1.51199007,1.51290512,0,
2013-03-29T00:00:00Z,1.51975691,1.52183831,1.51791131,1.51975691,0,
2013-03-31T23:00:00Z,1.51975691,1.52394891,1.51791131,1.51959515,0,
2013-04-01T23:00:00Z,1.52230179,1.52587891,1.51125884,1.52230179,0,
2013-04-02T23:00:00Z,1.51089358,1.51584053,1.50784075,1.51080227,0,
2013-04-03T23:00:00Z,1.51400459,1.52021885,1.50398552,1.51400459,0,
2013-04-04T23:00:00Z,1.52253354,1.53609824,1.52021885,1.52262628,0,
2013-04-07T23:00:00Z,1.53491950,1.53515494,1.52485514,1.53491950,0,
2013-04-08T23:00:00Z,1.52625155,1.53259051,1.52508759,1.52625155,0,
2013-04-09T23:00:00Z,1.53233218,1.53444827,1.52966011,1.53233218,0,
2013-04-10T23:00:00Z,1.53242612,1.54114079,1.53226185,1.53256714,0,
2013-04-11T23:00:00Z,1.53959846,1.54111695,1.53468382,1.53917193,0,
2013-04-14T23:00:00Z,1.53539073,1.53822494,1.53066695,1.53539073,0,
2013-04-15T23:00:00Z,1.52975368,1.53291941,1.52741718,1.52973032,0,
2013-04-16T23:00:00Z,1.53609824,1.53706634,1.52213943,1.53609824,0,
2013-04-17T23:00:00Z,1.52462268,1.53129983,1.52204680,1.52439022,0,
2013-04-18T23:00:00Z,1.52858448,1.53678298,1.52499461,1.52835095,0,
2013-04-21T23:00:00Z,1.52253354,1.52634466,1.52091253,1.52253354,0,
2013-04-22T23:00:00Z,1.52998781,1.52998781,1.52014959,1.52998781,0,
2013-04-23T23:00:00Z,1.52299726,1.52888834,1.52276528,1.52299726,0,
2013-04-24T23:00:00Z,1.52788389,1.54798758,1.52760386,1.52797723,0,
2013-04-25T23:00:00Z,1.54368627,1.54973888,1.54221034,1.54368627,0,
2013-04-28T23:00:00Z,1.54918671,1.55460560,1.54798758,1.54918671,0,
2013-04-29T23:00:00Z,1.54942679,1.55642033,1.54734099,1.54942679,0,
2013-04-30T23:00:00Z,1.55376017,1.55952716,1.55303621,1.55376017,0,
2013-05-01T23:00:00Z,1.55714726,1.55889499,1.54995513,1.55719578,0,
2013-05-02T23:00:00Z,1.55376017,1.55960011,1.54880285,1.55371177,0,
2013-05-05T23:00:00Z,1.55763233,1.55981910,1.55260217,1.55787504,0,
2013-05-06T23:00:00Z,1.55395329,1.55520999,1.54547560,1.55376017,0,
2013-05-07T23:00:00Z,1.54798758,1.55860341,1.54726899,1.54798758,0,
2013-05-08T23:00:00Z,1.55424309,1.55840921,1.54894662,1.55429149,0,
2013-05-09T23:00:00Z,1.54464006,1.54588187,1.53169847,1.54459238,0,
2013-05-12T23:00:00Z,1.53449547,1.53839052,1.52800059,1.53418946,0,
2013-05-13T23:00:00Z,1.53080750,1.53301346,1.52355421,1.53090131,0,
2013-05-14T23:00:00Z,1.52278852,1.52674079,1.51770401,1.52271903,0,
2013-05-15T23:00:00Z,1.52394891,1.53190970,1.52001095,1.52399528,0,
2013-05-16T23:00:00Z,1.52781391,1.52821076,1.51620829,1.52769721,0,
2013-05-19T23:00:00Z,1.51779616,1.52343810,1.51699030,1.51811874,0,
2013-05-20T23:00:00Z,1.52632141,1.52639139,1.51162446,1.52622819,0,
2013-05-21T23:00:00Z,1.51623130,1.51728952,1.50366890,1.51600134,0,
2013-05-22T23:00:00Z,1.50364625,1.51231027,1.50165939,1.50351071,0,
2013-05-23T23:00:00Z,1.50954783,1.51400459,1.50690925,1.50950241,0,
2013-05-26T23:00:00Z,1.51311111,1.51540411,1.50900126,1.51311111,0,
2013-05-27T23:00:00Z,1.51119041,1.51317978,1.50360107,1.51089358,0,
2013-05-28T23:00:00Z,1.50262964,1.51414204,1.50107324,1.50260699,0,
2013-05-29T23:00:00Z,1.51329434,1.52172267,1.51123595,1.51313388,0,
2013-05-30T23:00:00Z,1.52309000,1.52392566,1.51437140,1.52290452,0,
2013-06-02T23:00:00Z,1.52082002,1.53758633,1.51980293,1.52091253,0,
2013-06-03T23:00:00Z,1.53240263,1.53426003,1.52760386,1.53214443,0,
2013-06-04T23:00:00Z,1.53050303,1.54026246,1.52940273,1.53038585,0,
2013-06-05T23:00:00Z,1.54030991,1.56069553,1.53848517,1.54033375,0,
2013-06-06T23:00:00Z,1.56013548,1.56176794,1.54892278,1.56025720,0,
2013-06-09T23:00:00Z,1.55320501,1.55729282,1.55009913,1.55310857,0,
2013-06-10T23:00:00Z,1.55320501,1.56416190,1.55009913,1.55310857,0,
2013-06-11T23:00:00Z,1.55320501,1.56929219,1.55009913,1.55310857,0,
2013-06-12T23:00:00Z,1.56811094,1.57306910,1.56477392,1.56813538,0,
2013-06-13T23:00:00Z,1.57138813,1.57190681,1.56176794,1.57138813,0,
2013-06-16T23:00:00Z,1.57227755,1.57520008,1.56924284,1.57230234,0,
2013-06-17T23:00:00Z,1.57180798,1.57232714,1.55671096,1.57178342,0,
2013-06-18T23:00:00Z,1.56359947,1.56779134,1.56054926,1.56369722,0,
2013-06-19T23:00:00Z,1.54820323,1.54877877,1.54182982,1.54825127,0,
2013-06-20T23:00:00Z,1.55171072,1.55279505,1.53706634,1.55171072,0,
2013-06-23T23:00:00Z,1.53900611,1.54320991,1.53458965,1.53891134,0,
2013-06-24T23:00:00Z,1.54475939,1.54738879,1.54000151,1.54473543,0,
2013-06-25T23:00:00Z,1.54140198,1.54421067,1.53190970,1.54168725,0,
2013-06-26T23:00:00Z,1.53254354,1.53468382,1.52077377,1.53259051,0,
2013-06-27T23:00:00Z,1.52599537,1.52800059,1.51682925,1.52583230,0,
2013-06-30T23:00:00Z,1.52061188,1.52499461,1.51851058,1.52047324,0,
2013-07-01T23:00:00Z,1.52091253,1.52390242,1.51430261,1.52165306,0,
2013-07-02T23:00:00Z,1.51531219,1.52973032,1.51315689,1.51528931,0,
2013-07-03T23:00:00Z,1.52723062,1.52839756,1.50631905,1.52744043,0,
2013-07-04T23:00:00Z,1.50405335,1.50561595,1.48650253,1.50389504,0,
2013-07-07T23:00:00Z,1.48789597,1.49467885,1.48610485,1.48794019,0,
2013-07-08T23:00:00Z,1.49521530,1.49799275,1.48189867,1.49537182,0,
2013-07-09T23:00:00Z,1.48603868,1.49450016,1.48480308,1.48614907,0,
2013-07-11T23:00:00Z,1.51775014,1.51890266,1.50790906,1.51786530,0,
2013-07-14T23:00:00Z,1.51030028,1.51263058,1.50323951,1.51036870,0,
2013-07-15T23:00:00Z,1.50991261,1.51430261,1.50459659,1.51000381,0,
2013-07-16T23:00:00Z,1.51386702,1.52636802,1.50827289,1.51384401,0,
2013-07-17T23:00:00Z,1.52091253,1.52387917,1.51595533,1.52098203,0,
2013-07-18T23:00:00Z,1.52220905,1.52800059,1.52001095,1.52220905,0,
2013-07-21T23:00:00Z,1.52860785,1.53860354,1.52667093,1.52849102,0,
2013-07-22T23:00:00Z,1.53649962,1.53796458,1.53277850,1.53652310,0,
2013-07-23T23:00:00Z,1.53746808,1.53865099,1.53193319,1.53749180,0,
2013-07-24T23:00:00Z,1.53083086,1.53813028,1.52711391,1.53085434,0,
2013-07-25T23:00:00Z,1.53808296,1.54171097,1.53600395,1.53817749,0,
2013-07-28T23:00:00Z,1.53919566,1.54140198,1.53320146,1.53924298,0,
2013-07-29T23:00:00Z,1.53418946,1.53532004,1.52439022,1.53416586,0,
2013-07-30T23:00:00Z,1.52420437,1.52441347,1.51329434,1.52420437,0,
2013-07-31T23:00:00Z,1.51758885,1.52413476,1.51359212,1.51749671,0,
2013-08-01T23:00:00Z,1.51199007,1.53047955,1.51061976,1.51203573,0,
2013-08-04T23:00:00Z,1.52907538,1.53772819,1.52669430,1.52872479,0,
2013-08-05T23:00:00Z,1.53532004,1.53898251,1.53338957,1.53539073,0,
2013-08-06T23:00:00Z,1.53449547,1.55281913,1.52311325,1.53449547,0,
2013-08-07T23:00:00Z,1.54930675,1.55724430,1.54870689,1.54969084,0,
2013-08-08T23:00:00Z,1.55380833,1.55591178,1.55005121,1.55359101,0,
2013-08-11T23:00:00Z,1.55159032,1.55195165,1.54650342,1.55139780,0,
2013-08-12T23:00:00Z,1.54569054,1.54873073,1.54323375,1.54581010,0,
2013-08-13T23:00:00Z,1.54509354,1.55438805,1.54273379,1.54506969,0,
2013-08-14T23:00:00Z,1.55175900,1.55938125,1.55110908,1.55161440,0,
2013-08-15T23:00:00Z,1.56396616,1.56528819,1.56110966,1.56421089,0,
2013-08-18T23:00:00Z,1.56262219,1.56732440,1.56101227,1.56250000,0,
2013-08-19T23:00:00Z,1.56474936,1.56939065,1.56315947,1.56489623,0,
2013-08-20T23:00:00Z,1.56644058,1.56990802,1.56543517,1.56639159,0,
2013-08-21T23:00:00Z,1.56174350,1.56247556,1.55642033,1.56167042,0,
2013-08-22T23:00:00Z,1.55969739,1.56389284,1.55429149,1.55972183,0,
2013-08-25T23:00:00Z,1.55802071,1.56110966,1.55596006,1.55809355,0,
2013-08-26T23:00:00Z,1.55831206,1.55921113,1.54839516,1.55848193,0,
2013-08-27T23:00:00Z,1.55460560,1.55479884,1.54490256,1.55479884,0,
2013-08-28T23:00:00Z,1.55277085,1.55496812,1.54863489,1.55274677,0,
2013-08-29T23:00:00Z,1.55062795,1.55269861,1.54643154,1.55065203,0,
2013-09-01T23:00:00Z,1.55190337,1.55899239,1.55074823,1.55190337,0,
2013-09-02T23:00:00Z,1.55472636,1.55989206,1.55248165,1.55470216,0,
2013-09-03T23:00:00Z,1.55629909,1.56455350,1.55576646,1.55637181,0,
2013-09-04T23:00:00Z,1.56218266,1.56675959,1.55755961,1.56220698,0,
2013-09-05T23:00:00Z,1.55899239,1.56710339,1.55666244,1.55899239,0,
2013-09-08T23:00:00Z,1.56323278,1.57316804,1.56298840,1.56359947,0,
2013-09-09T23:00:00Z,1.56985867,1.57299471,1.56862748,1.56976008,0,
2013-09-10T23:00:00Z,1.57314324,1.58165276,1.57198107,1.57329178,0,
2013-09-11T23:00:00Z,1.58245373,1.58400786,1.57900548,1.58260405,0,
2013-09-12T23:00:00Z,1.58060288,1.58750319,1.57780969,1.58045292,0,
2013-09-15T23:00:00Z,1.59375250,1.59639847,1.59179902,1.59362555,0,
2013-09-16T23:00:00Z,1.59040666,1.59314311,1.58889055,1.59030557,0,
2013-09-17T23:00:00Z,1.59050786,1.59795463,1.58942080,1.59050786,0,
2013-09-18T23:00:00Z,1.61337161,1.61472631,1.60423517,1.61331952,0,
2013-09-19T23:00:00Z,1.60364354,1.60678709,1.59900224,1.60379779,0,
2013-09-22T23:00:00Z,1.60176826,1.60707104,1.60151184,1.60169137,0,
2013-09-23T23:00:00Z,1.60384929,1.60431242,1.59576166,1.60415792,0,
2013-09-24T23:00:00Z,1.59951365,1.60782051,1.59805667,1.59959054,0,
2013-09-25T23:00:00Z,1.60756195,1.60960615,1.60035849,1.60738111,0,
2013-09-26T23:00:00Z,1.60387504,1.61389232,1.60320652,1.60374641,0,
2013-09-29T23:00:00Z,1.61686707,1.61951184,1.61318946,1.61689329,0,
2013-09-30T23:00:00Z,1.61888266,1.62591052,1.61856830,1.61869919,0,
2013-10-01T23:00:00Z,1.61930203,1.62503862,1.61650133,1.61922348,0,
2013-10-02T23:00:00Z,1.62369287,1.62419403,1.61582220,1.62356102,0,
2013-10-03T23:00:00Z,1.61576986,1.61780882,1.60366917,1.61569166,0,
2013-10-06T23:00:00Z,1.60410655,1.60968375,1.60271823,1.60359204,0,
2013-10-09T23:00:00Z,1.59619462,1.59772480,1.59167242,1.59550703,0,
2013-10-10T23:00:00Z,1.59759712,1.60002565,1.59360003,1.59800577,0,
2013-10-13T23:00:00Z,1.59678090,1.60169137,1.59568536,1.59711242,0,
2013-10-14T23:00:00Z,1.59718895,1.60074270,1.59184968,1.59718895,0,
2013-10-15T23:00:00Z,1.59838879,1.60475004,1.58992624,1.59846556,0,
2013-10-16T23:00:00Z,1.59454036,1.61710238,1.59433699,1.59438777,0,
2013-10-17T23:00:00Z,1.61503923,1.62250733,1.61443961,1.61493492,0,
2013-10-20T23:00:00Z,1.61705017,1.61830628,1.61334550,1.61720705,0,
2013-10-21T23:00:00Z,1.61331952,1.62256002,1.61199319,1.61352789,0,
2013-10-22T23:00:00Z,1.62321842,1.62556696,1.61259115,1.62327123,0,
2013-10-23T23:00:00Z,1.61660576,1.62229681,1.61420500,1.61637068,0,
2013-10-24T23:00:00Z,1.62008905,1.62408853,1.61530006,1.62008905,0,
2013-10-28T00:00:00Z,1.61731172,1.62090313,1.61259115,1.61739016,0,
2013-10-29T00:00:00Z,1.61407471,1.61423099,1.60585821,1.61417902,0,
2013-10-30T00:00:00Z,1.60482728,1.60758781,1.60258985,1.60482728,0,
2013-10-31T00:00:00Z,1.60258985,1.60650313,1.60074270,1.60261548,0,
2013-11-01T00:00:00Z,1.60438955,1.60446680,1.59182441,1.60446680,0,
2013-11-04T00:00:00Z,1.59228063,1.59800577,1.59050786,1.59238207,0,
2013-11-05T00:00:00Z,1.59726548,1.60642564,1.59537971,1.59723997,0,
2013-11-06T00:00:00Z,1.60449255,1.61157763,1.60449255,1.60480154,0,
2013-11-07T00:00:00Z,1.60859632,1.60919178,1.60107589,1.60854459,0,
2013-11-08T00:00:00Z,1.60901046,1.61059117,1.59593987,1.60888100,0,
2013-11-11T00:00:00Z,1.60040963,1.60230720,1.59680629,1.60048664,0,
2013-11-12T00:00:00Z,1.59864438,1.59930909,1.58551466,1.59869552,0,
2013-11-13T00:00:00Z,1.58921885,1.59948826,1.58823431,1.58909249,0,
2013-11-14T00:00:00Z,1.60438955,1.60978746,1.59895098,1.60490453,0,
2013-11-15T00:00:00Z,1.60549724,1.61324143,1.60526526,1.60580671,0,
2013-11-18T00:00:00Z,1.61139572,1.61496103,1.60945058,1.61139572,0,
2013-11-19T00:00:00Z,1.61131787,1.61300731,1.60621929,1.61152565,0,
2013-11-20T00:00:00Z,1.61350179,1.61791348,1.61053944,1.61389232,0,
2013-11-21T00:00:00Z,1.61020231,1.61464810,1.60758781,1.61002076,0,
2013-11-22T00:00:00Z,1.61830628,1.62177062,1.61822772,1.61869919,0,
2013-11-25T00:00:00Z,1.62332380,1.62369287,1.61571765,1.62311316,0,
2013-11-26T00:00:00Z,1.61728561,1.61940694,1.61423099,1.61671031,0,
2013-11-27T00:00:00Z,1.62106085,1.63310623,1.61993170,1.62098205,0,
2013-11-28T00:00:00Z,1.62837279,1.63572419,1.62781620,1.62829328,0,
2013-11-29T00:00:00Z,1.63406706,1.63733113,1.63153434,1.63409376,0,
2013-12-02T00:00:00Z,1.63784063,1.64392579,1.63478827,1.63778698,0,
2013-12-03T00:00:00Z,1.63585806,1.64368260,1.63486838,1.63599181,0,
2013-12-04T00:00:00Z,1.63899493,1.63990879,1.63302636,1.63888752,0,
2013-12-05T00:00:00Z,1.63784063,1.64052761,1.63118839,1.63781381,0,
2013-12-06T00:00:00Z,1.63313293,1.63934422,1.63081586,1.63339984,0,
2013-12-09T00:00:00Z,1.63286626,1.63950551,1.63251972,1.63289297,0,
2013-12-10T00:00:00Z,1.64246762,1.64649713,1.64209008,1.64252150,0,
2013-12-11T00:00:00Z,1.64590085,1.64590085,1.63417375,1.64557588,0,
2013-12-12T00:00:00Z,1.63770652,1.64176655,1.63270640,1.63762617,0,
2013-12-13T00:00:00Z,1.63398695,1.63612568,1.62651885,1.63398695,0,
2013-12-16T00:00:00Z,1.63017774,1.63486838,1.62938094,1.63049686,0,
2013-12-17T00:00:00Z,1.63028407,1.63366663,1.62269175,1.62996531,0,
2013-12-18T00:00:00Z,1.62765718,1.64041996,1.62733936,1.62778962,0,
2013-12-19T00:00:00Z,1.63826990,1.63961303,1.63371992,1.63869953,0,
2013-12-20T00:00:00Z,1.63660753,1.63947868,1.63190711,1.63647377,0,
2013-12-23T00:00:00Z,1.63299966,1.63751888,1.63299966,1.63315964,0,
2013-12-24T00:00:00Z,1.63510907,1.63818944,1.63259983,1.63502884,0,
2013-12-25T00:00:00Z,1.63708985,1.63770652,1.63438749,1.63708985,0,
2013-12-26T00:00:00Z,1.63510907,1.64370942,1.63510907,1.63540328,0,
2013-12-27T00:00:00Z,1.64155102,1.65741277,1.64095843,1.64163184,0,
2013-12-30T00:00:00Z,1.64815247,1.65300179,1.64622605,1.64823389,0,
2013-12-31T00:00:00Z,1.64915824,1.65551949,1.64763641,1.64951181,0,
2014-01-01T00:00:00Z,1.65639699,1.65639699,1.65639699,1.65639699,0,
2014-01-02T00:00:00Z,1.65766013,1.66049516,1.64238667,1.65807223,0,
2014-01-03T00:00:00Z,1.64500737,1.64750063,1.64007020,1.64479089,0,
2014-01-06T00:00:00Z,1.64120078,1.64330435,1.63425398,1.64130855,0,
2014-01-07T00:00:00Z,1.64149702,1.64354753,1.63754570,1.64179361,0,
2014-01-08T00:00:00Z,1.64004326,1.64731073,1.63789439,1.64001644,0,
2014-01-09T00:00:00Z,1.64460158,1.64940286,1.64433110,1.64470983,0,
2014-01-10T00:00:00Z,1.64777219,1.65130961,1.63840413,1.64790797,0,
2014-01-13T00:00:00Z,1.64951181,1.65100956,1.63532293,1.64943004,0,
2014-01-14T00:00:00Z,1.63929057,1.64619887,1.63692915,1.63899493,0,
2014-01-15T00:00:00Z,1.64354753,1.64397979,1.63251972,1.64341235,0,
2014-01-16T00:00:00Z,1.63644695,1.63762617,1.63230658,1.63617921,0,
2014-01-17T00:00:00Z,1.63478827,1.64560294,1.63150764,1.63529634,0,
2014-01-20T00:00:00Z,1.64209008,1.64525092,1.63980114,1.64179361,0,
2014-01-21T00:00:00Z,1.64279139,1.64834249,1.64017773,1.64241362,0,
2014-01-22T00:00:00Z,1.64755499,1.65798986,1.64530516,1.64752781,0,
2014-01-23T00:00:00Z,1.65625978,1.66333997,1.65587580,1.65620506,0,
2014-01-24T00:00:00Z,1.66339529,1.66663897,1.64845121,1.66347837,0,
2014-01-27T00:00:00Z,1.64915824,1.65867734,1.64826107,1.64904928,0,
2014-01-28T00:00:00Z,1.65752268,1.66212356,1.65428710,1.65749514,0,
2014-01-29T00:00:00Z,1.65689099,1.66055036,1.65289247,1.65700078,0,
2014-01-30T00:00:00Z,1.65582108,1.65658915,1.64489913,1.65590322,0,
2014-01-31T00:00:00Z,1.64943004,1.64994717,1.64316940,1.64983833,0,
2014-02-03T00:00:00Z,1.64379060,1.64379060,1.63270640,1.64379060,0,
2014-02-04T00:00:00Z,1.63118839,1.63449430,1.62598979,1.63089561,0,
2014-02-05T00:00:00Z,1.63310623,1.63430738,1.62591052,1.63305306,0,
2014-02-06T00:00:00Z,1.63281310,1.63380003,1.62744522,1.63270640,0,
2014-02-07T00:00:00Z,1.63217330,1.64001644,1.63185382,1.63220000,0,
2014-02-10T00:00:00Z,1.64101219,1.64287233,1.63848484,1.64103913,0,
2014-02-11T00:00:00Z,1.64066219,1.64820683,1.63945174,1.64087749,0,
2014-02-12T00:00:00Z,1.64479089,1.65848482,1.64300728,1.64487219,0,
2014-02-13T00:00:00Z,1.66099155,1.66688895,1.66016436,1.66099155,0,
2014-02-14T00:00:00Z,1.66575050,1.67425656,1.66461360,1.66572273,0,
2014-02-17T00:00:00Z,1.67644596,1.68211412,1.67115092,1.67613685,0,
2014-02-18T00:00:00Z,1.67212903,1.67406046,1.66575050,1.67198920,0,
2014-02-19T00:00:00Z,1.66850197,1.67350018,1.66414273,1.66861331,0,
2014-02-20T00:00:00Z,1.66786206,1.66958833,1.66375506,1.66758382,0,
2014-02-21T00:00:00Z,1.66625011,1.67249250,1.66350591,1.66616690,0,
2014-02-24T00:00:00Z,1.66325688,1.66800094,1.65859485,1.66333997,0,
2014-02-25T00:00:00Z,1.66575050,1.67201722,1.66508472,1.66569495,0,
2014-02-26T00:00:00Z,1.66769505,1.66981149,1.66248274,1.66772294,0,
2014-02-27T00:00:00Z,1.66680551,1.66788971,1.66201305,1.66683340,0,
2014-02-28T00:00:00Z,1.66917050,1.67594028,1.66780627,1.66919839,0,
2014-03-03T00:00:00Z,1.67372429,1.67521024,1.67011821,1.67291212,0,
2014-03-04T00:00:00Z,1.66663897,1.67151415,1.66430891,1.66683340,0,
2014-03-05T00:00:00Z,1.66680551,1.67394841,1.66588926,1.66669440,0,
2014-03-06T00:00:00Z,1.67154205,1.67366815,1.66900325,1.67190540,0,
2014-03-07T00:00:00Z,1.67425656,1.67850006,1.67095542,1.67417252,0,
2014-03-10T00:00:00Z,1.67316401,1.67417252,1.66234457,1.67310822,0,
2014-03-11T00:00:00Z,1.66400421,1.66550088,1.66016436,1.66400421,0,
2014-03-12T00:00:00Z,1.66209590,1.66369975,1.65741277,1.66206825,0,
2014-03-13T00:00:00Z,1.66209590,1.67140234,1.66099155,1.66212356,0,
2014-03-14T00:00:00Z,1.66239977,1.66394889,1.65900767,1.66251051,0,
2014-03-17T00:00:00Z,1.66419816,1.66669440,1.66068828,1.66425347,0,
2014-03-18T00:00:00Z,1.66419816,1.66477990,1.65472507,1.66392124,0,
2014-03-19T00:00:00Z,1.65961325,1.66538990,1.65889740,1.65980613,0,
2014-03-20T00:00:00Z,1.65343916,1.65667140,1.64828825,1.65390408,0,
2014-03-21T00:00:00Z,1.65081882,1.65212798,1.64763641,1.65087330,0,
2014-03-24T00:00:00Z,1.64937580,1.65103686,1.64706659,1.64902222,0,
2014-03-25T00:00:00Z,1.64983833,1.65360320,1.64828825,1.64983833,0,
2014-03-26T00:00:00Z,1.65346658,1.65763259,1.65130961,1.65330243,0,
2014-03-27T00:00:00Z,1.65793478,1.66475213,1.65560174,1.65768743,0,
2014-03-28T00:00:00Z,1.66090894,1.66489077,1.66041243,1.66079855,0,
2014-03-30T23:00:00Z,1.66480768,1.66808462,1.66162646,1.66439199,0,
2014-03-31T23:00:00Z,1.66661119,1.66741693,1.66239977,1.66663897,0,
2014-04-01T23:00:00Z,1.66289735,1.66613913,1.66239977,1.66331232,0,
2014-04-02T23:00:00Z,1.66273153,1.66630554,1.65727544,1.66273153,0,
2014-04-03T23:00:00Z,1.65988874,1.66044009,1.65593076,1.65988874,0,
2014-04-06T23:00:00Z,1.65801740,1.66239977,1.65678120,1.65790749,0,
2014-04-07T23:00:00Z,1.66107428,1.67546296,1.66099155,1.66104686,0,
2014-04-08T23:00:00Z,1.67467725,1.67638969,1.67260444,1.67501378,0,
2014-04-09T23:00:00Z,1.68002295,1.68231213,1.67579985,1.67999458,0,
2014-04-10T23:00:00Z,1.67762721,1.67869723,1.67193317,1.67773974,0,
2014-04-13T23:00:00Z,1.67299616,1.67431271,1.66995096,1.67296815,0,
2014-04-14T23:00:00Z,1.67274439,1.67490160,1.66880834,1.67291212,0,
2014-04-15T23:00:00Z,1.67260444,1.68152010,1.67218482,1.67254841,0,
2014-04-16T23:00:00Z,1.68041813,1.68421054,1.67991006,1.68058753,0,
2014-04-17T23:00:00Z,1.67850006,1.68030512,1.67759895,1.67866921,0,
2014-04-20T23:00:00Z,1.67861283,1.68211412,1.67861283,1.67917657,0,
2014-04-21T23:00:00Z,1.67900741,1.68401206,1.67878187,1.67928934,0,
2014-04-22T23:00:00Z,1.68231213,1.68372846,1.67636156,1.68268013,0,
2014-04-23T23:00:00Z,1.67838740,1.68089831,1.67689574,1.67850006,0,
2014-04-24T23:00:00Z,1.68101132,1.68299174,1.67917657,1.68095469,0,
2014-04-27T23:00:00Z,1.68047452,1.68543112,1.67799306,1.68055928,0,
2014-04-28T23:00:00Z,1.68101132,1.68480635,1.67988181,1.68101132,0,
2014-04-29T23:00:00Z,1.68256688,1.68970299,1.68089831,1.68242538,0,
2014-04-30T23:00:00Z,1.68770671,1.69130325,1.68727958,1.68764973,0,
2014-05-01T23:00:00Z,1.68950319,1.68970299,1.68299174,1.68953156,0,
2014-05-04T23:00:00Z,1.68787777,1.68847620,1.68571532,1.68790615,0,
2014-05-05T23:00:00Z,1.68690956,1.69963968,1.68676722,1.68699503,0,
2014-05-06T23:00:00Z,1.69770634,1.69883132,1.69589257,1.69767761,0,
2014-05-07T23:00:00Z,1.69546115,1.69718778,1.69393909,1.69554758,0,
2014-05-08T23:00:00Z,1.69370949,1.69370949,1.68335998,1.69353735,0,
2014-05-11T23:00:00Z,1.68611324,1.69030273,1.68497682,1.68602777,0,
2014-05-12T23:00:00Z,1.68727958,1.68853307,1.68279338,1.68736506,0,
2014-05-13T23:00:00Z,1.68324673,1.68747890,1.67585588,1.68341660,0,
2014-05-14T23:00:00Z,1.67706454,1.68064404,1.67386436,1.67700815,0,
2014-05-15T23:00:00Z,1.67940223,1.68381345,1.67852831,1.67954326,0,
2014-05-18T23:00:00Z,1.68245363,1.68440902,1.68081343,1.68242538,0,
2014-05-19T23:00:00Z,1.68160498,1.68580043,1.68055928,1.68168974,0,
2014-05-20T23:00:00Z,1.68398368,1.69181836,1.68333161,1.68372846,0,
2014-05-21T23:00:00Z,1.68973148,1.69136059,1.68545949,1.68970299,0,
2014-05-22T23:00:00Z,1.68679571,1.68770671,1.68197262,1.68673885,0,
2014-05-25T23:00:00Z,1.68347335,1.68543112,1.68279338,1.68341660,0,
2014-05-26T23:00:00Z,1.68440902,1.68813419,1.67979717,1.68438077,0,
2014-05-27T23:00:00Z,1.68120909,1.68160498,1.67020190,1.68120909,0,
2014-05-28T23:00:00Z,1.67137444,1.67408848,1.66981149,1.67159784,0,
2014-05-29T23:00:00Z,1.67240858,1.67771149,1.67184937,1.67243648,0,
2014-06-01T23:00:00Z,1.67563128,1.67619312,1.67282820,1.67565942,0,
2014-06-02T23:00:00Z,1.67459309,1.67819035,1.67330408,1.67459309,0,
2014-06-03T23:00:00Z,1.67411661,1.67689574,1.67000663,1.67411661,0,
2014-06-04T23:00:00Z,1.67380822,1.68022037,1.67254841,1.67400432,0,
2014-06-05T23:00:00Z,1.68081343,1.68443739,1.67827475,1.68101132,0,
2014-06-08T23:00:00Z,1.68109608,1.68327510,1.67855656,1.68019211,0,
2014-06-09T23:00:00Z,1.68038988,1.68171799,1.67509806,1.68038988,0,
2014-06-10T23:00:00Z,1.67521024,1.67991006,1.67417252,1.67532253,0,
2014-06-12T23:00:00Z,1.69563377,1.69929314,1.69419730,1.69589257,0,
2014-06-15T23:00:00Z,1.69787931,1.70091164,1.69620895,1.69779289,0,
2014-06-16T23:00:00Z,1.69790816,1.69888890,1.69428360,1.69785047,0,
2014-06-17T23:00:00Z,1.69629538,1.69900429,1.69342268,1.69597876,0,
2014-06-18T23:00:00Z,1.69972646,1.70610607,1.69883132,1.69987071,0,
2014-06-19T23:00:00Z,1.70351958,1.70610607,1.70073819,1.70401299,0,
2014-06-22T23:00:00Z,1.70206976,1.70491362,1.70036209,1.70227242,0,
2014-06-23T23:00:00Z,1.70247543,1.70328724,1.69687092,1.70253325,0,
2014-06-24T23:00:00Z,1.69810998,1.70039105,1.69537508,1.69805241,0,
2014-06-25T23:00:00Z,1.69839847,1.70410001,1.69747579,1.69860029,0,
2014-06-26T23:00:00Z,1.70233047,1.70505893,1.70120108,1.70253325,0,
2014-06-29T23:00:00Z,1.70360649,1.71130323,1.70094061,1.70340347,0,
2014-06-30T23:00:00Z,1.71101034,1.71600163,1.70975244,1.71098101,0,
2014-07-01T23:00:00Z,1.71476591,1.71759331,1.71423674,1.71485400,0,
2014-07-02T23:00:00Z,1.71623743,1.71647298,1.71139097,1.71609008,0,
2014-07-03T23:00:00Z,1.71529531,1.71809494,1.71329689,1.71526587,0,
2014-07-06T23:00:00Z,1.71550119,1.71558964,1.71118605,1.71514821,0,
2014-07-07T23:00:00Z,1.71350241,1.71500111,1.70896351,1.71344364,0,
2014-07-08T23:00:00Z,1.71385479,1.71479535,1.70989859,1.71403110,0,
2014-07-09T23:00:00Z,1.71582508,1.71685612,1.71065915,1.71585453,0,
2014-07-10T23:00:00Z,1.71297407,1.71508932,1.71010327,1.71309149,0,
2014-07-13T23:00:00Z,1.71229947,1.71450126,1.70715463,1.71229947,0,
2014-07-14T23:00:00Z,1.70893431,1.71871507,1.70622253,1.70878828,0,
2014-07-15T23:00:00Z,1.71429563,1.71520710,1.71221149,1.71438372,0,
2014-07-16T23:00:00Z,1.71394289,1.71450126,1.70893431,1.71397233,0,
2014-07-17T23:00:00Z,1.70931399,1.71188903,1.70395482,1.70951867,0,
2014-07-20T23:00:00Z,1.70899272,1.71010327,1.70578599,1.70910954,0,
2014-07-21T23:00:00Z,1.70721304,1.70849645,1.70471001,1.70735884,0,
2014-07-22T23:00:00Z,1.70651376,1.70960629,1.70256233,1.70654285,0,
2014-07-23T23:00:00Z,1.70412910,1.70529151,1.69707251,1.70410001,0,
2014-07-24T23:00:00Z,1.69911981,1.69989967,1.69649673,1.69917762,0,
2014-07-27T23:00:00Z,1.69819653,1.69998634,1.69744718,1.69819653,0,
2014-07-28T23:00:00Z,1.69842732,1.69949520,1.69368076,1.69845617,0,
2014-07-29T23:00:00Z,1.69482899,1.69560492,1.68907511,1.69474292,0,
2014-07-30T23:00:00Z,1.69127464,1.69290686,1.68597102,1.69101739,0,
2014-07-31T23:00:00Z,1.68898952,1.68930328,1.68197262,1.68916059,0,
2014-08-03T23:00:00Z,1.68279338,1.68449426,1.68146348,1.68299174,0,
2014-08-04T23:00:00Z,1.68665349,1.68898952,1.68486321,1.68676722,0,
2014-08-05T23:00:00Z,1.68782067,1.68839073,1.68239713,1.68782067,0,
2014-08-06T23:00:00Z,1.68540263,1.68651140,1.68242538,1.68548799,0,
2014-08-07T23:00:00Z,1.68302011,1.68350172,1.67740202,1.68299174,0,
2014-08-10T23:00:00Z,1.67779613,1.67974067,1.67740202,1.67771149,0,
2014-08-11T23:00:00Z,1.67861283,1.68120909,1.67594028,1.67875373,0,
2014-08-12T23:00:00Z,1.68058753,1.68287849,1.66869700,1.68070042,0,
2014-08-13T23:00:00Z,1.66889179,1.66981149,1.66608346,1.66897535,0,
2014-08-14T23:00:00Z,1.66861331,1.67020190,1.66772294,1.66866910,0,
2014-08-17T23:00:00Z,1.67210102,1.67400432,1.67148614,1.67201722,0,
2014-08-18T23:00:00Z,1.67240858,1.67268836,1.66140556,1.67235267,0,
2014-08-19T23:00:00Z,1.66217875,1.66761172,1.66041243,1.66215122,0,
2014-08-20T23:00:00Z,1.66019201,1.66019201,1.65658915,1.66002655,0,
2014-08-21T23:00:00Z,1.65820980,1.65942049,1.65650678,1.65798986,0,
2014-08-24T23:00:00Z,1.65499902,1.65988874,1.65494406,1.65519071,0,
2014-08-25T23:00:00Z,1.65669894,1.65961325,1.65669894,1.65702832,0,
2014-08-26T23:00:00Z,1.65477991,1.66046751,1.65395868,1.65477991,0,
2014-08-27T23:00:00Z,1.65746772,1.66140556,1.65724790,1.65763259,0,
2014-08-28T23:00:00Z,1.65900767,1.66129518,1.65801740,1.65895259,0,
2014-08-31T23:00:00Z,1.65922785,1.66453052,1.65909016,1.65925527,0,
2014-09-01T23:00:00Z,1.66159880,1.66159880,1.64934850,1.66159880,0,
2014-09-02T23:00:00Z,1.64693093,1.64981103,1.64446640,1.64687669,0,
2014-09-03T23:00:00Z,1.64611757,1.64668679,1.63465464,1.64619887,0,
2014-09-04T23:00:00Z,1.62946069,1.63398695,1.62858486,1.62940753,0,
2014-09-07T23:00:00Z,1.62174439,1.62350845,1.61069500,1.62124479,0,
2014-09-08T23:00:00Z,1.60978746,1.61490893,1.60678709,1.60950255,0,
2014-09-09T23:00:00Z,1.61248720,1.61618769,1.60549724,1.61246109,0,
2014-09-10T23:00:00Z,1.62037790,1.62665105,1.61869919,1.62008905,0,
2014-09-11T23:00:00Z,1.62503862,1.62646580,1.62184954,1.62519705,0,
2014-09-14T23:00:00Z,1.62583125,1.62688923,1.62300777,1.62580478,0,
2014-09-15T23:00:00Z,1.62277067,1.62959337,1.61660576,1.62290239,0,
2014-09-16T23:00:00Z,1.62665105,1.63569748,1.62559342,1.62659812,0,
2014-09-17T23:00:00Z,1.62699509,1.64079678,1.62554049,1.62680972,0,
2014-09-18T23:00:00Z,1.64300728,1.65251029,1.63049686,1.64370942,0,
2014-09-21T23:00:00Z,1.63134789,1.63668799,1.63134789,1.63198698,0,
2014-09-22T23:00:00Z,1.63700950,1.64130855,1.63102865,1.63719702,0,
2014-09-23T23:00:00Z,1.63953245,1.64149702,1.63286626,1.63937116,0,
2014-09-24T23:00:00Z,1.63275969,1.63438749,1.62800157,1.63241315,0,
2014-09-25T23:00:00Z,1.63329303,1.63350654,1.62408853,1.63313293,0,
2014-09-28T23:00:00Z,1.62451065,1.62731278,1.62177062,1.62382472,0,
2014-09-29T23:00:00Z,1.62419403,1.62879705,1.61699784,1.62422037,0,
2014-09-30T23:00:00Z,1.62145519,1.62453699,1.61676252,1.62137616,0,
2014-10-01T23:00:00Z,1.61930203,1.62498581,1.61149955,1.61922348,0,
2014-10-05T23:00:00Z,1.59637296,1.60269248,1.59629655,1.59639847,0,
2014-10-06T23:00:00Z,1.60756195,1.61264312,1.60284674,1.60751021,0,
2014-10-07T23:00:00Z,1.60913992,1.61066914,1.60426092,1.60890687,0,
2014-10-08T23:00:00Z,1.61650133,1.62250733,1.61251307,1.61629212,0,
2014-10-09T23:00:00Z,1.61227918,1.61360598,1.60099900,1.61227918,0,
2014-10-12T23:00:00Z,1.60913992,1.61272120,1.60534263,1.60929537,0,
2014-10-13T23:00:00Z,1.60678709,1.60820830,1.59101391,1.60668385,0,
2014-10-14T23:00:00Z,1.58949661,1.60199928,1.58800745,1.58914292,0,
2014-10-15T23:00:00Z,1.59884882,1.60632253,1.59431148,1.59920681,0,
2014-10-16T23:00:00Z,1.60989130,1.61253905,1.60318077,1.60960615,0,
2014-10-19T23:00:00Z,1.60919178,1.61509144,1.60820830,1.60921752,0,
2014-10-20T23:00:00Z,1.61543059,1.61869919,1.61259115,1.61590052,0,
2014-10-21T23:00:00Z,1.61124003,1.61318946,1.60179400,1.61149955,0,
2014-10-22T23:00:00Z,1.60451829,1.60590982,1.59966731,1.60449255,0,
2014-10-23T23:00:00Z,1.60266674,1.60989130,1.60220456,1.60294950,0,
2014-10-27T00:00:00Z,1.60919178,1.61470020,1.60872579,1.60929537,0,
2014-10-28T00:00:00Z,1.61256516,1.61830628,1.60903633,1.61248720,0,
2014-10-29T00:00:00Z,1.61423099,1.61600494,1.61056542,1.61428320,0,
2014-10-30T00:00:00Z,1.60035849,1.60276949,1.59670436,1.60056341,0,
2014-10-31T00:00:00Z,1.60000002,1.60110152,1.59527791,1.60010242,0,
2014-11-03T00:00:00Z,1.59721446,1.60174274,1.59319389,1.59736753,0,
2014-11-04T00:00:00Z,1.59759712,1.60130656,1.59660244,1.59787798,0,
2014-11-05T00:00:00Z,1.60051215,1.60241008,1.58775520,1.60064018,0,
2014-11-06T00:00:00Z,1.59652591,1.60010242,1.58906722,1.59647489,0,
2014-11-07T00:00:00Z,1.58430898,1.58518803,1.57980382,1.58413339,0,
2014-11-10T00:00:00Z,1.58833528,1.59190035,1.58674753,1.58851194,0,
2014-11-11T00:00:00Z,1.58501220,1.58780563,1.58370686,1.58533883,0,
2014-11-12T00:00:00Z,1.59271169,1.59400666,1.58027816,1.59261024,0,
2014-11-13T00:00:00Z,1.57693887,1.57808363,1.57277226,1.57688916,0,
2014-11-14T00:00:00Z,1.57027781,1.57079577,1.55969739,1.57022846,0,
2014-11-17T00:00:00Z,1.56678414,1.57358885,1.56247556,1.56663692,0,
2014-11-18T00:00:00Z,1.56399071,1.56784046,1.56311059,1.56408858,0,
2014-11-19T00:00:00Z,1.56306183,1.56971085,1.55960011,1.56286621,0,
2014-11-20T00:00:00Z,1.56734908,1.57358885,1.56337941,1.56734908,0,
2014-11-21T00:00:00Z,1.56939065,1.57133877,1.56298840,1.56948912,0,
2014-11-24T00:00:00Z,1.56467581,1.57040107,1.56306183,1.56487179,0,
2014-11-25T00:00:00Z,1.57010520,1.57200575,1.56511664,1.56971085,0,
2014-11-26T00:00:00Z,1.57217872,1.58037806,1.56838143,1.57210457,0,
2014-11-27T00:00:00Z,1.57900548,1.58182800,1.57269788,1.57890582,0,
2014-11-28T00:00:00Z,1.57259905,1.57309389,1.56379509,1.57247531,0,
2014-12-01T00:00:00Z,1.56167042,1.57619321,1.55913806,1.56120718,0,
2014-12-02T00:00:00Z,1.57329178,1.57420814,1.56394172,1.57344031,0,
2014-12-03T00:00:00Z,1.56465149,1.57131410,1.56213391,1.56465149,0,
2014-12-04T00:00:00Z,1.56889808,1.57111657,1.56479824,1.56941533,0,
2014-12-05T00:00:00Z,1.56793880,1.56948912,1.55802071,1.56786501,0,
2014-12-08T00:00:00Z,1.55680788,1.56394172,1.55438805,1.55656552,0,
2014-12-09T00:00:00Z,1.56519020,1.57020378,1.56293964,1.56516564,0,
2014-12-10T00:00:00Z,1.56840611,1.57200575,1.56492066,1.56879973,0,
2014-12-11T00:00:00Z,1.57480311,1.57579577,1.56560683,1.57470405,0,
2014-12-12T00:00:00Z,1.57173395,1.57440639,1.56990802,1.57225287,0,
2014-12-15T00:00:00Z,1.57289577,1.57470405,1.56120718,1.57279682,0,
2014-12-16T00:00:00Z,1.56359947,1.57763541,1.56228030,1.56452906,0,
2014-12-18T00:00:00Z,1.55748689,1.56693161,1.55550015,1.55734134,0,
2014-12-19T00:00:00Z,1.56693161,1.56830764,1.56188977,1.56700516,0,
2014-12-22T00:00:00Z,1.56293964,1.56671059,1.56020844,1.56296396,0,
2014-12-23T00:00:00Z,1.55799639,1.56037891,1.54899466,1.55777800,0,
2014-12-24T00:00:00Z,1.55216837,1.55579066,1.55070019,1.55221653,0,
2014-12-25T00:00:00Z,1.55620229,1.55831206,1.55450892,1.55620229,0,
2014-12-26T00:00:00Z,1.55612957,1.55690479,1.55400157,1.55620229,0,
2014-12-29T00:00:00Z,1.55530667,1.55879784,1.55248165,1.55535507,0,
2014-12-30T00:00:00Z,1.55159032,1.55719578,1.55021930,1.55159032,0,
2014-12-31T00:00:00Z,1.55658984,1.56210947,1.55523419,1.55690479,0,
2015-01-01T00:00:00Z,1.55809355,1.55809355,1.55809355,1.55809355,0,
2015-01-02T00:00:00Z,1.55802071,1.55845785,1.53874564,1.55797207,0,
2015-01-05T00:00:00Z,1.52860785,1.53200352,1.52061188,1.52849102,0,
2015-01-06T00:00:00Z,1.52583230,1.52737045,1.51579452,1.52583230,0,
2015-01-07T00:00:00Z,1.51363778,1.51561081,1.50679564,1.51379824,0,
2015-01-08T00:00:00Z,1.51071095,1.51189864,1.50362372,1.51075661,0,
2015-01-09T00:00:00Z,1.50870526,1.51699030,1.50850046,1.50879633,0,
2015-01-12T00:00:00Z,1.51920271,1.51920271,1.51027739,1.51894891,0,
2015-01-13T00:00:00Z,1.51740456,1.51920271,1.50800002,1.51703632,0,
2015-01-14T00:00:00Z,1.51689827,1.52660108,1.51469254,1.51703632,0,
2015-01-15T00:00:00Z,1.52336848,1.52660108,1.51719737,1.52343810,0,
2015-01-16T00:00:00Z,1.51839530,1.52341485,1.50927448,1.51811874,0,
2015-01-19T00:00:00Z,1.51439428,1.51800346,1.51199007,1.51421094,0,
2015-01-20T00:00:00Z,1.50920618,1.51991844,1.50606942,1.50900126,0,
2015-01-21T00:00:00Z,1.51460075,1.51795745,1.50863695,1.51473844,0,
2015-01-22T00:00:00Z,1.51469254,1.52139854,1.50711358,1.51448607,0,
2015-01-23T00:00:00Z,1.50060022,1.50260699,1.49546123,1.50132120,0,
2015-01-26T00:00:00Z,1.50019503,1.50709093,1.49934030,1.49958766,0,
2015-01-27T00:00:00Z,1.50870526,1.52220905,1.50650060,1.50854588,0,
2015-01-28T00:00:00Z,1.51885664,1.52193093,1.51565671,1.51881039,0,
2015-01-29T00:00:00Z,1.51395869,1.51613939,1.50838661,1.51423383,0,
2015-01-30T00:00:00Z,1.50797725,1.50950241,1.49949765,1.50790906,0,
2015-02-02T00:00:00Z,1.50840938,1.50891018,1.50082541,1.50870526,0,
2015-02-03T00:00:00Z,1.50276506,1.51173854,1.49920535,1.50281024,0,
2015-02-05T00:00:00Z,1.51791131,1.53115904,1.51715147,1.51800346,0,
2015-02-06T00:00:00Z,1.53214443,1.53517854,1.52411139,1.53259051,0,
2015-02-09T00:00:00Z,1.52399528,1.52662432,1.52056563,1.52390242,0,
2015-02-10T00:00:00Z,1.52158368,1.52536690,1.52014959,1.52160692,0,
2015-02-11T00:00:00Z,1.52604187,1.53001106,1.52339172,1.52620506,0,
2015-02-12T00:00:00Z,1.52397203,1.53879297,1.52183831,1.52427399,0,
2015-02-13T00:00:00Z,1.53912449,1.54221034,1.53730273,1.53919566,0,
2015-02-16T00:00:00Z,1.54030991,1.54430616,1.53699553,1.54004896,0,
2015-02-17T00:00:00Z,1.53569722,1.54012012,1.53186274,1.53562653,0,
2015-02-18T00:00:00Z,1.53520215,1.54509354,1.53440130,1.53534365,0,
2015-02-19T00:00:00Z,1.54351950,1.54669476,1.54076076,1.54390073,0,
2015-02-20T00:00:00Z,1.54230547,1.54349566,1.53470743,1.54199636,0,
2015-02-23T00:00:00Z,1.53872192,1.54514134,1.53338957,1.53891134,0,
2015-02-24T00:00:00Z,1.54533231,1.54659903,1.54073715,1.54523683,0,
2015-02-25T00:00:00Z,1.54559505,1.55380833,1.54557109,1.54590559,0,
2015-02-26T00:00:00Z,1.55284321,1.55540347,1.53990674,1.55289149,0,
2015-02-27T00:00:00Z,1.54175854,1.54561889,1.53869820,1.54180598,0,
2015-03-02T00:00:00Z,1.54061842,1.54221034,1.53543794,1.54061842,0,
2015-03-03T00:00:00Z,1.53609824,1.53981185,1.53461325,1.53590953,0,
2015-03-04T00:00:00Z,1.53680658,1.53727901,1.52632141,1.53666484,0,
2015-03-05T00:00:00Z,1.52646124,1.52681088,1.52246392,1.52650785,0,
2015-03-06T00:00:00Z,1.52483189,1.52532029,1.50600147,1.52476215,0,
2015-03-09T00:00:00Z,1.50579739,1.51263058,1.50520802,1.50577462,0,
2015-03-10T00:00:00Z,1.51087070,1.51089358,1.50375938,1.51048279,0,
2015-03-11T00:00:00Z,1.50761354,1.50966179,1.49349570,1.50820470,0,
2015-03-12T00:00:00Z,1.49360728,1.50285542,1.48962474,1.49329519,0,
2015-03-16T00:00:00Z,1.47551382,1.48189867,1.47501338,1.47557914,0,
2015-03-17T00:00:00Z,1.48246980,1.48449445,1.47297096,1.48257971,0,
2015-03-18T00:00:00Z,1.47510040,1.47703934,1.46370018,1.47520912,0,
2015-03-19T00:00:00Z,1.49599826,1.50100565,1.47318804,1.49619961,0,
2015-03-20T00:00:00Z,1.47642887,1.49231470,1.47253728,1.47616732,0,
2015-03-23T00:00:00Z,1.49452257,1.49590874,1.48423004,1.49432158,0,
2015-03-24T00:00:00Z,1.49561787,1.49835181,1.48566341,1.49519289,0,
2015-03-26T00:00:00Z,1.48774099,1.49925041,1.48148143,1.48774099,0,
2015-03-27T00:00:00Z,1.48568547,1.49231470,1.47994673,1.48583996,0,
2015-03-30T23:00:00Z,1.48102069,1.48676789,1.47579682,1.48091102,0,
2015-03-31T23:00:00Z,1.48339331,1.48729849,1.47470880,1.48295343,0,
2015-04-01T23:00:00Z,1.48350346,1.48698878,1.47817481,1.48367941,0,
2015-04-02T23:00:00Z,1.48297548,1.49458957,1.48126197,1.48306346,0,
2015-04-05T23:00:00Z,1.49226999,1.49817228,1.49029076,1.49307215,0,
2015-04-06T23:00:00Z,1.48895931,1.49191391,1.48323941,1.48907030,0,
2015-04-07T23:00:00Z,1.48220611,1.49700606,1.48220611,1.48238194,0,
2015-04-08T23:00:00Z,1.48771894,1.48860478,1.47297096,1.48785162,0,
2015-04-09T23:00:00Z,1.47173536,1.47260225,1.45900202,1.47149718,0,
2015-04-12T23:00:00Z,1.46408594,1.46735144,1.45736480,1.46406448,0,
2015-04-13T23:00:00Z,1.46713626,1.48038495,1.46070695,1.46679175,0,
2015-04-14T23:00:00Z,1.47727942,1.48082328,1.47058821,1.47719216,0,
2015-04-15T23:00:00Z,1.48290944,1.49387515,1.48148143,1.48284352,0,
2015-04-16T23:00:00Z,1.49309444,1.50529861,1.49186933,1.49218094,0,
2015-04-19T23:00:00Z,1.49651313,1.49837434,1.48931408,1.49682677,0,
2015-04-20T23:00:00Z,1.49109077,1.49543893,1.48588419,1.49097955,0,
2015-04-21T23:00:00Z,1.49309444,1.50806820,1.49171352,1.49356282,0,
2015-04-22T23:00:00Z,1.50339770,1.50591075,1.49655783,1.50375938,0,
2015-04-23T23:00:00Z,1.50509477,1.51837242,1.50299096,1.50520802,0,
2015-04-26T23:00:00Z,1.51751971,1.52392566,1.51103044,1.51765800,0,
2015-04-27T23:00:00Z,1.52251029,1.53374231,1.51837242,1.52237117,0,
2015-04-28T23:00:00Z,1.53338957,1.54870689,1.53289592,1.53348362,0,
2015-04-29T23:00:00Z,1.54256713,1.54942679,1.53256714,1.54268610,0,
2015-04-30T23:00:00Z,1.53557932,1.53964591,1.51260757,1.53546154,0,
2015-05-03T23:00:00Z,1.51561081,1.51768088,1.50918341,1.51466954,0,
2015-05-04T23:00:00Z,1.51221883,1.52091253,1.50943387,1.51228738,0,
2015-05-05T23:00:00Z,1.51703632,1.52905202,1.51561081,1.51742768,0,
2015-05-06T23:00:00Z,1.52394891,1.52529705,1.51682925,1.52420437,0,
2015-05-07T23:00:00Z,1.53969336,1.55219257,1.53579152,1.54071331,0,
2015-05-10T23:00:00Z,1.54390073,1.55957580,1.53988302,1.54340041,0,
2015-05-11T23:00:00Z,1.55794787,1.57084513,1.55600858,1.55770528,0,
2015-05-12T23:00:00Z,1.56680882,1.57621801,1.56355047,1.56710339,0,
2015-05-13T23:00:00Z,1.57381177,1.58130264,1.57309389,1.57400990,0,
2015-05-14T23:00:00Z,1.57733691,1.58077776,1.57049966,1.57721245,0,
2015-05-18T23:00:00Z,1.56639159,1.56715238,1.54559505,1.56636703,0,
2015-05-19T23:00:00Z,1.55159032,1.55908954,1.54770005,1.55161440,0,
2015-05-20T23:00:00Z,1.55426729,1.57010520,1.55274677,1.55429149,0,
2015-05-21T23:00:00Z,1.56609714,1.56911969,1.54870689,1.56639159,0,
2015-05-24T23:00:00Z,1.54774809,1.55086851,1.54590559,1.54750848,0,
2015-05-26T23:00:00Z,1.53959846,1.54368627,1.53076065,1.53985918,0,
2015-05-27T23:00:00Z,1.53489590,1.53869820,1.52648449,1.53501368,0,
2015-05-28T23:00:00Z,1.53190970,1.53430712,1.52415800,1.53190970,0,
2015-05-31T23:00:00Z,1.52879477,1.53059661,1.51745069,1.52888834,0,
2015-06-01T23:00:00Z,1.51978004,1.53421295,1.51834929,1.51998794,0,
2015-06-02T23:00:00Z,1.53350711,1.53751540,1.52555299,1.53397763,0,
2015-06-03T23:00:00Z,1.53268445,1.54416311,1.53069031,1.53266108,0,
2015-06-04T23:00:00Z,1.53623986,1.53694820,1.52021885,1.53649962,0,
2015-06-07T23:00:00Z,1.52653110,1.53059661,1.52230179,1.52678752,0,
2015-06-08T23:00:00Z,1.53449547,1.53891134,1.52601862,1.53458965,0,
2015-06-09T23:00:00Z,1.53872192,1.55545187,1.53711367,1.53940880,0,
2015-06-10T23:00:00Z,1.55000305,1.55207205,1.54320991,1.54969084,0,
2015-06-11T23:00:00Z,1.55180705,1.55981910,1.54683816,1.55089259,0,
2015-06-14T23:00:00Z,1.55610538,1.55666244,1.54894662,1.55615377,0,
2015-06-15T23:00:00Z,1.55969739,1.56494522,1.55448472,1.55960011,0,
2015-06-16T23:00:00Z,1.56421089,1.57559717,1.56298840,1.56396616,0,
2015-06-17T23:00:00Z,1.58481109,1.59314311,1.58102763,1.58481109,0,
2015-06-18T23:00:00Z,1.58800745,1.58979976,1.58373189,1.58788133,0,
2015-06-21T23:00:00Z,1.58730161,1.59108996,1.58077776,1.58851194,0,
2015-06-22T23:00:00Z,1.58280444,1.58300483,1.57257426,1.58292973,0,
2015-06-23T23:00:00Z,1.57391083,1.58052778,1.56764388,1.57410908,0,
2015-06-24T23:00:00Z,1.57054901,1.57701349,1.56811094,1.57099319,0,
2015-06-25T23:00:00Z,1.57480311,1.57654107,1.57133877,1.57450569,0,
2015-06-28T23:00:00Z,1.56961238,1.57890582,1.56862748,1.56931663,0,
2015-06-29T23:00:00Z,1.57299471,1.57753587,1.56985867,1.57319283,0,
2015-06-30T23:00:00Z,1.56899655,1.57183278,1.56154847,1.56870127,0,
2015-07-01T23:00:00Z,1.56052494,1.56379509,1.55661404,1.56050050,0,
2015-07-02T23:00:00Z,1.56101227,1.56445563,1.55683219,1.56130469,0,
2015-07-05T23:00:00Z,1.55550015,1.56250000,1.55351865,1.55559695,0,
2015-07-06T23:00:00Z,1.56011105,1.56059813,1.54178238,1.56020844,0,
2015-07-07T23:00:00Z,1.54609680,1.54702973,1.53390706,1.54628813,0,
2015-07-08T23:00:00Z,1.53687739,1.54201996,1.53600395,1.53699553,0,
2015-07-09T23:00:00Z,1.53711367,1.55520999,1.53690100,1.53739727,0,
2015-07-12T23:00:00Z,1.55190337,1.55908954,1.54961884,1.55159032,0,
2015-07-13T23:00:00Z,1.54801154,1.56225586,1.54535627,1.54822731,0,
2015-07-14T23:00:00Z,1.56379509,1.56739807,1.55811787,1.56369722,0,
2015-07-15T23:00:00Z,1.56259763,1.56509221,1.55639601,1.56340384,0,
2015-07-16T23:00:00Z,1.56130469,1.56722617,1.55617797,1.56130469,0,
2015-07-19T23:00:00Z,1.56045187,1.56298840,1.55400157,1.56003809,0,
2015-07-20T23:00:00Z,1.55712306,1.55933261,1.55327737,1.55738986,0,
2015-07-21T23:00:00Z,1.55562115,1.56445563,1.55533087,1.55559695,0,
2015-07-22T23:00:00Z,1.56147528,1.56715238,1.55187941,1.56140208,0,
2015-07-23T23:00:00Z,1.55219257,1.55279505,1.54714930,1.55195165,0,
2015-07-26T23:00:00Z,1.55240941,1.55957580,1.54942679,1.55228889,0,
2015-07-27T23:00:00Z,1.55649292,1.56176794,1.55327737,1.55642033,0,
2015-07-28T23:00:00Z,1.56108522,1.56887364,1.55908954,1.56110966,0,
2015-07-29T23:00:00Z,1.55998933,1.56396616,1.55799639,1.56020844,0,
2015-07-30T23:00:00Z,1.56047630,1.56764388,1.55545187,1.56042755,0,
2015-08-02T23:00:00Z,1.56230474,1.56470037,1.55690479,1.56269538,0,
2015-08-03T23:00:00Z,1.55908954,1.56298840,1.55666244,1.55904090,0,
2015-08-04T23:00:00Z,1.55658984,1.56499434,1.55293977,1.55690479,0,
2015-08-05T23:00:00Z,1.56059813,1.56379509,1.54726899,1.56059813,0,
2015-08-06T23:00:00Z,1.55130148,1.55400157,1.54270995,1.55142188,0,
2015-08-09T23:00:00Z,1.54921067,1.55489552,1.54602516,1.54940271,0,
2015-08-10T23:00:00Z,1.55879784,1.56152403,1.55579066,1.55853069,0,
2015-08-11T23:00:00Z,1.55860341,1.56617081,1.55371177,1.55840921,0,
2015-08-12T23:00:00Z,1.56140208,1.56372166,1.55787504,1.56159723,0,
2015-08-13T23:00:00Z,1.56152403,1.56592548,1.55930829,1.56179225,0,
2015-08-16T23:00:00Z,1.56499434,1.56899655,1.55819058,1.56519020,0,
2015-08-17T23:00:00Z,1.55860341,1.57183278,1.55642033,1.55850625,0,
2015-08-18T23:00:00Z,1.56658781,1.56985867,1.56372166,1.56648970,0,
2015-08-19T23:00:00Z,1.56850445,1.57030237,1.56103647,1.56830764,0,
2015-08-20T23:00:00Z,1.56899655,1.57250011,1.56641603,1.56909502,0,
2015-08-23T23:00:00Z,1.56675959,1.58047795,1.56330609,1.56779134,0,
2015-08-24T23:00:00Z,1.57639194,1.58177793,1.56860280,1.57629251,0,
2015-08-25T23:00:00Z,1.57030237,1.57210457,1.54822731,1.56958771,0,
2015-08-26T23:00:00Z,1.54805958,1.55098879,1.53775179,1.54820323,0,
2015-08-27T23:00:00Z,1.54118824,1.54459238,1.53397763,1.54140198,0,
2015-08-30T23:00:00Z,1.54171097,1.54416311,1.53586245,1.54180598,0,
2015-08-31T23:00:00Z,1.53649962,1.54083204,1.53045607,1.53631067,0,
2015-09-01T23:00:00Z,1.53033888,1.53209746,1.52690411,1.53052628,0,
2015-09-02T23:00:00Z,1.53069031,1.53151083,1.52227855,1.53080750,0,
2015-09-06T23:00:00Z,1.51941037,1.52905202,1.51745069,1.52010334,0,
2015-09-07T23:00:00Z,1.52751052,1.54154468,1.52751052,1.52830422,0,
2015-09-08T23:00:00Z,1.53981185,1.54059470,1.53515494,1.54019129,0,
2015-09-09T23:00:00Z,1.53609824,1.54770005,1.53444827,1.53579152,0,
2015-09-10T23:00:00Z,1.54418695,1.54640782,1.54049969,1.54421067,0,
2015-09-13T23:00:00Z,1.54471171,1.54729295,1.53798831,1.54480720,0,
2015-09-14T23:00:00Z,1.54290032,1.54583395,1.53515494,1.54270995,0,
2015-09-15T23:00:00Z,1.53458965,1.55279505,1.53327203,1.53449547,0,
2015-09-16T23:00:00Z,1.55149400,1.55508900,1.54894662,1.55180705,0,
2015-09-17T23:00:00Z,1.55709875,1.56592548,1.55620229,1.55690479,0,
2015-09-20T23:00:00Z,1.55248165,1.55690479,1.54837120,1.55289149,0,
2015-09-21T23:00:00Z,1.55082047,1.55310857,1.53444827,1.55082047,0,
2015-09-22T23:00:00Z,1.53550863,1.53657043,1.52253354,1.53539073,0,
2015-09-23T23:00:00Z,1.52506447,1.52881825,1.52031136,1.52520394,0,
2015-09-24T23:00:00Z,1.52309000,1.52601862,1.51469254,1.52269578,0,
2015-09-27T23:00:00Z,1.52049637,1.52371669,1.51630020,1.52017272,0,
2015-09-28T23:00:00Z,1.51669121,1.52068126,1.51377535,1.51650715,0,
2015-09-29T23:00:00Z,1.51579452,1.52137530,1.51103044,1.51579452,0,
2015-09-30T23:00:00Z,1.51228738,1.51814187,1.51125884,1.51240170,0,
2015-10-01T23:00:00Z,1.51409626,1.52392566,1.51382124,1.51391292,0,
2015-10-04T23:00:00Z,1.51874125,1.52415800,1.51653016,1.51941037,0,
2015-10-05T23:00:00Z,1.51542711,1.52369344,1.51423383,1.51549590,0,
2015-10-07T23:00:00Z,1.53179228,1.53727901,1.52648449,1.53155768,0,
2015-10-08T23:00:00Z,1.53520215,1.53869820,1.53022182,1.53513157,0,
2015-10-11T23:00:00Z,1.53219128,1.53749180,1.53179228,1.53230870,0,
2015-10-12T23:00:00Z,1.53376591,1.53893507,1.52045000,1.53378940,0,
2015-10-13T23:00:00Z,1.52562284,1.54487872,1.52557635,1.52580905,0,
2015-10-14T23:00:00Z,1.54779589,1.55086851,1.54201996,1.54801154,0,
2015-10-15T23:00:00Z,1.54729295,1.54870689,1.54344809,1.54719722,0,
2015-10-18T23:00:00Z,1.54380548,1.54969084,1.54297173,1.54380548,0,
2015-10-19T23:00:00Z,1.54750848,1.55062795,1.54583395,1.54719722,0,
2015-10-20T23:00:00Z,1.54480720,1.54798758,1.54178238,1.54490256,0,
2015-10-21T23:00:00Z,1.54209137,1.55062795,1.53917193,1.54244816,0,
2015-10-22T23:00:00Z,1.53860354,1.54209137,1.53289592,1.53836691,0,
2015-10-26T00:00:00Z,1.53169847,1.53810656,1.53139353,1.53174543,0,
2015-10-27T00:00:00Z,1.53560293,1.53619266,1.52858448,1.53579152,0,
2015-10-28T00:00:00Z,1.53120601,1.53480160,1.52802396,1.53129983,0,
2015-10-29T00:00:00Z,1.52699733,1.53115904,1.52459943,1.52718389,0,
2015-10-30T00:00:00Z,1.53219128,1.54440165,1.53120601,1.53237915,0,
2015-11-02T00:00:00Z,1.54421067,1.54990697,1.54230547,1.54416311,0,
2015-11-03T00:00:00Z,1.54230547,1.54464006,1.53619266,1.54240060,0,
2015-11-04T00:00:00Z,1.54199636,1.54392457,1.53709006,1.54192483,0,
2015-11-05T00:00:00Z,1.53910077,1.54012012,1.52269578,1.53900611,0,
2015-11-06T00:00:00Z,1.52109766,1.52202380,1.50375938,1.52100515,0,
2015-11-09T00:00:00Z,1.50536656,1.51148736,1.50516272,1.50550258,0,
2015-11-10T00:00:00Z,1.51219583,1.51469254,1.50943387,1.51210439,0,
2015-11-11T00:00:00Z,1.51377535,1.52045000,1.51317978,1.51388991,0,
2015-11-12T00:00:00Z,1.52230179,1.52462268,1.51763499,1.52251029,0,
2015-11-13T00:00:00Z,1.52322924,1.52625155,1.51920271,1.52346122,0,
2015-11-16T00:00:00Z,1.52220905,1.52290452,1.51860285,1.52179205,0,
2015-11-17T00:00:00Z,1.52019584,1.52411139,1.51579452,1.52049637,0,
2015-11-18T00:00:00Z,1.52169943,1.52485514,1.51906431,1.52200055,0,
2015-11-20T00:00:00Z,1.52881825,1.53115904,1.52183831,1.52881825,0,
2015-11-23T00:00:00Z,1.51901805,1.51929498,1.51272202,1.51899493,0,
2015-11-24T00:00:00Z,1.51269913,1.51584053,1.50570667,1.51290512,0,
2015-11-25T00:00:00Z,1.50809097,1.51240170,1.50579739,1.50859141,0,
2015-11-26T00:00:00Z,1.51260757,1.51329434,1.50693178,1.51235592,0,
2015-11-27T00:00:00Z,1.51030028,1.51089358,1.50342035,1.50998104,0,
2015-11-30T00:00:00Z,1.50378203,1.50579739,1.49970007,1.50389504,0,
2015-12-01T00:00:00Z,1.50577462,1.51247025,1.50534391,1.50579739,0,
2015-12-02T00:00:00Z,1.50790906,1.50820470,1.49499178,1.50779533,0,
2015-12-03T00:00:00Z,1.49499178,1.50647783,1.49164677,1.49490237,0,
2015-12-04T00:00:00Z,1.51377535,1.51584053,1.50820470,1.51350045,0,
2015-12-07T00:00:00Z,1.51125884,1.51171589,1.50579739,1.51125884,0,
2015-12-08T00:00:00Z,1.50550258,1.50602412,1.49586391,1.50502682,0,
2015-12-09T00:00:00Z,1.50138879,1.51791131,1.50069022,1.50100565,0,
2015-12-10T00:00:00Z,1.51839530,1.52031136,1.51160157,1.51839530,0,
2015-12-11T00:00:00Z,1.51620829,1.52299726,1.51285923,1.51609337,0,
2015-12-14T00:00:00Z,1.51998794,1.52068126,1.51125884,1.51989555,0,
2015-12-15T00:00:00Z,1.51593244,1.51837242,1.50398552,1.51607025,0,
2015-12-16T00:00:00Z,1.50464177,1.50620556,1.49929523,1.50437021,0,
2015-12-17T00:00:00Z,1.49790299,1.49925041,1.48831677,1.49779081,0,
2015-12-18T00:00:00Z,1.49300516,1.49521530,1.48889291,1.49296069,0,
2015-12-21T00:00:00Z,1.49097955,1.49320590,1.48869336,1.49082398,0,
2015-12-22T00:00:00Z,1.48960257,1.49097955,1.48301935,1.48969126,0,
2015-12-23T00:00:00Z,1.48220611,1.49031293,1.48220611,1.48233795,0,
2015-12-24T00:00:00Z,1.48769677,1.49409831,1.48729849,1.48769677,0,
2015-12-25T00:00:00Z,1.49142432,1.49476826,1.49142432,1.49142432,0,
2015-12-28T00:00:00Z,1.49253726,1.49320590,1.48853827,1.49320590,0,
2015-12-29T00:00:00Z,1.48913670,1.49142432,1.47918057,1.48940289,0,
2015-12-30T00:00:00Z,1.48229408,1.48500156,1.47972763,1.48222804,0,
2015-12-31T00:00:00Z,1.48176682,1.48478103,1.47449124,1.48192060,0,
2016-01-01T00:00:00Z,1.47383940,1.47383940,1.47383940,1.47383940,0,
2016-01-04T00:00:00Z,1.47399139,1.48170102,1.46914065,1.47370899,0,
2016-01-05T00:00:00Z,1.47145379,1.47297096,1.46412873,1.47141039,0,
2016-01-06T00:00:00Z,1.46769607,1.46799755,1.46049356,1.46739447,0,
2016-01-07T00:00:00Z,1.46292937,1.46434319,1.45348835,1.46299362,0,
2016-01-08T00:00:00Z,1.46230900,1.46479368,1.45285487,1.46269405,0,
2016-01-11T00:00:00Z,1.45289707,1.46049356,1.45158947,1.45249605,0,
2016-01-12T00:00:00Z,1.45450306,1.45640969,1.43595636,1.45439744,0,
2016-01-13T00:00:00Z,1.44389749,1.44780660,1.43901455,1.44362628,0,
2016-01-14T00:00:00Z,1.44133759,1.44446039,1.43636882,1.44079757,0,
2016-01-15T00:00:00Z,1.44260597,1.44279325,1.43081987,1.44271004,0,
2016-01-18T00:00:00Z,1.42740917,1.43225443,1.42509019,1.42740917,0,
2016-01-19T00:00:00Z,1.42531359,1.43430865,1.41322780,1.42531359,0,
2016-01-20T00:00:00Z,1.41823852,1.42207062,1.41310799,1.41823852,0,
2016-01-21T00:00:00Z,1.42005110,1.42049479,1.40884757,1.41984951,0,
2016-01-22T00:00:00Z,1.42287993,1.43595636,1.42063618,1.42267752,0,
2016-01-25T00:00:00Z,1.42569971,1.43129086,1.42259657,1.42600465,0,
2016-01-26T00:00:00Z,1.42429852,1.43307543,1.41783643,1.42429852,0,
2016-01-27T00:00:00Z,1.43451440,1.43554401,1.42328489,1.43430865,0,
2016-01-28T00:00:00Z,1.42470431,1.44050705,1.42409575,1.42490745,0,
2016-01-29T00:00:00Z,1.43599761,1.44154525,1.41904354,1.43620384,0,
2016-02-01T00:00:00Z,1.42448115,1.43781447,1.42389286,1.42460287,0,
2016-02-02T00:00:00Z,1.44258511,1.44466913,1.43328071,1.44279325,0,
2016-02-03T00:00:00Z,1.44085991,1.45921493,1.43864191,1.44092214,0,
2016-02-04T00:00:00Z,1.45864022,1.46681333,1.45357287,1.45857644,0,
2016-02-05T00:00:00Z,1.45800221,1.45859766,1.44592249,1.45810854,0,
2016-02-08T00:00:00Z,1.45121026,1.45454550,1.43575013,1.45121026,0,
2016-02-09T00:00:00Z,1.44362628,1.44885552,1.43802130,1.44360554,0,
2016-02-10T00:00:00Z,1.44634080,1.45793855,1.44550443,1.44659185,0,
2016-02-11T00:00:00Z,1.45249605,1.45666420,1.43884897,1.45264387,0,
2016-02-12T00:00:00Z,1.44830978,1.45687652,1.44529557,1.44822586,0,
2016-02-15T00:00:00Z,1.45222187,1.45380533,1.44279325,1.45180023,0,
2016-02-16T00:00:00Z,1.44571352,1.45158947,1.42857146,1.44592249,0,
2016-02-17T00:00:00Z,1.43081987,1.43410289,1.42389286,1.43039012,0,
2016-02-18T00:00:00Z,1.42857146,1.43947029,1.42653358,1.42816329,0,
2016-02-19T00:00:00Z,1.43309581,1.43410289,1.42531359,1.43332183,0,
2016-02-22T00:00:00Z,1.42700171,1.43010366,1.40666759,1.42659461,0,
2016-02-23T00:00:00Z,1.41510773,1.41570878,1.40660822,1.41480732,0,
2016-02-24T00:00:00Z,1.40095258,1.40173817,1.38811779,1.40134537,0,
2016-02-25T00:00:00Z,1.39310694,1.39977610,1.39043379,1.39295173,0,
2016-02-26T00:00:00Z,1.39703834,1.40423799,1.38665485,1.39664805,0,
2016-02-29T00:00:00Z,1.38650107,1.39431119,1.38389158,1.38619351,0,
2016-03-01T00:00:00Z,1.39310694,1.40171850,1.39140117,1.39279640,0,
2016-03-02T00:00:00Z,1.39649200,1.40726149,1.39178836,1.39639449,0,
2016-03-03T00:00:00Z,1.40819287,1.41542816,1.40370572,1.40809381,0,
2016-03-04T00:00:00Z,1.41759515,1.42369020,1.41123343,1.41749465,0,
2016-03-07T00:00:00Z,1.42130244,1.42200983,1.41370726,1.42150450,0,
2016-03-08T00:00:00Z,1.42620802,1.42740917,1.41769564,1.42612660,0,
2016-03-09T00:00:00Z,1.42085814,1.42429852,1.41793680,1.42085814,0,
2016-03-10T00:00:00Z,1.42065644,1.43020606,1.41242933,1.42069674,0,
2016-03-11T00:00:00Z,1.42877555,1.43936670,1.42582166,1.42877555,0,
2016-03-14T00:00:00Z,1.43781447,1.43920100,1.43129086,1.43800056,0,
2016-03-15T00:00:00Z,1.42830622,1.42877555,1.41502750,1.42820418,0,
2016-03-16T00:00:00Z,1.41582894,1.41602945,1.40567899,1.41562855,0,
2016-03-17T00:00:00Z,1.42531359,1.45011604,1.42235374,1.42551672,0,
2016-03-18T00:00:00Z,1.44780660,1.45137882,1.44150376,1.44780660,0,
2016-03-21T00:00:00Z,1.44634080,1.44690585,1.43678164,1.44680119,0,
2016-03-22T00:00:00Z,1.43678164,1.43988478,1.41984951,1.43700874,0,
2016-03-23T00:00:00Z,1.42259657,1.42277873,1.41103423,1.42249537,0,
2016-03-24T00:00:00Z,1.41163182,1.41490746,1.40597534,1.41169167,0,
2016-03-25T00:00:00Z,1.41420710,1.41602945,1.41123343,1.41300809,0,
2016-03-27T23:00:00Z,1.41330767,1.42814302,1.41230965,1.41310799,0,
2016-03-28T23:00:00Z,1.42612660,1.43102455,1.42005110,1.42633009,0,
2016-03-29T23:00:00Z,1.43880749,1.44592249,1.43709135,1.43864191,0,
2016-03-30T23:00:00Z,1.43740118,1.44237697,1.43307543,1.43740118,0,
2016-03-31T23:00:00Z,1.43663704,1.43740118,1.41739428,1.43669915,0,
2016-04-03T23:00:00Z,1.42267752,1.43225443,1.41924500,1.42245483,0,
2016-04-04T23:00:00Z,1.42653358,1.42816329,1.41242933,1.42649281,0,
2016-04-05T23:00:00Z,1.41582894,1.41723347,1.40075636,1.41562855,0,
2016-04-06T23:00:00Z,1.41362727,1.41562855,1.40548146,1.41380715,0,
2016-04-07T23:00:00Z,1.40548146,1.41402721,1.40429711,1.40579748,0,
2016-04-10T23:00:00Z,1.41340756,1.42857146,1.41091478,1.41300809,0,
2016-04-11T23:00:00Z,1.42340648,1.43472016,1.41984951,1.42340648,0,
2016-04-12T23:00:00Z,1.42689991,1.42816329,1.41984951,1.42689991,0,
2016-04-13T23:00:00Z,1.41930544,1.41930544,1.40944326,1.41920471,0,
2016-04-14T23:00:00Z,1.41450715,1.42227268,1.41362727,1.41460717,0,
2016-04-17T23:00:00Z,1.41843975,1.42804110,1.41342759,1.41743445,0,
2016-04-18T23:00:00Z,1.42877555,1.44196105,1.42857146,1.42897964,0,
2016-04-19T23:00:00Z,1.43880749,1.44100523,1.43533802,1.43895245,0,
2016-04-20T23:00:00Z,1.43379462,1.44383478,1.43061519,1.43389738,0,
2016-04-24T23:00:00Z,1.44487798,1.45180023,1.44059014,1.44466913,0,
2016-04-25T23:00:00Z,1.44885552,1.46380734,1.44877136,1.44906533,0,
2016-04-26T23:00:00Z,1.45772600,1.46198833,1.45327723,1.45772600,0,
2016-04-27T23:00:00Z,1.45412254,1.46177471,1.45277047,1.45420706,0,
2016-04-28T23:00:00Z,1.46134734,1.46670580,1.45793855,1.46113384,0,
2016-05-02T23:00:00Z,1.46670580,1.47688675,1.45348835,1.46659815,0,
2016-05-03T23:00:00Z,1.45454550,1.45730102,1.44634080,1.45509577,0,
2016-05-04T23:00:00Z,1.45074713,1.45306599,1.44466913,1.45070493,0,
2016-05-05T23:00:00Z,1.44906533,1.45475709,1.44279325,1.44927537,0,
2016-05-08T23:00:00Z,1.44279325,1.44768083,1.43769050,1.44308472,0,
2016-05-09T23:00:00Z,1.44160771,1.44738746,1.43905604,1.44154525,0,
2016-05-10T23:00:00Z,1.44529557,1.44864559,1.43969834,1.44514942,0,
2016-05-11T23:00:00Z,1.44362628,1.45306599,1.44092214,1.44383478,0,
2016-05-12T23:00:00Z,1.44460654,1.44500315,1.43428802,1.44452310,0,
2016-05-15T23:00:00Z,1.43533802,1.44154525,1.43360960,1.43492603,0,
2016-05-16T23:00:00Z,1.44481528,1.45239055,1.44391823,1.44469011,0,
2016-05-17T23:00:00Z,1.44571352,1.46262980,1.44059014,1.44552541,0,
2016-05-18T23:00:00Z,1.45959830,1.46608222,1.45653701,1.45961964,0,
2016-05-19T23:00:00Z,1.45996058,1.46130466,1.45102084,1.46010971,0,
2016-05-22T23:00:00Z,1.44919133,1.45484173,1.44458568,1.44906533,0,
2016-05-23T23:00:00Z,1.44807911,1.46372163,1.44801629,1.44818401,0,
2016-05-24T23:00:00Z,1.46160364,1.47307944,1.46066427,1.46126199,0,
2016-05-25T23:00:00Z,1.46974528,1.47386110,1.46715760,1.46983171,0,
2016-05-26T23:00:00Z,1.46664131,1.46883869,1.46139014,1.46649063,0,
2016-05-29T23:00:00Z,1.46245861,1.46389306,1.45906579,1.46265113,0,
2016-05-30T23:00:00Z,1.46348596,1.47258055,1.45298159,1.46350741,0,
2016-05-31T23:00:00Z,1.44849861,1.45091546,1.43934596,1.44824684,0,
2016-06-01T23:00:00Z,1.44210660,1.44721985,1.44144142,1.44194031,0,
2016-06-02T23:00:00Z,1.44079757,1.45832109,1.44015443,1.44054854,0,
2016-06-05T23:00:00Z,1.43922174,1.44740844,1.43589449,1.43839359,0,
2016-06-06T23:00:00Z,1.44608986,1.46087766,1.44552541,1.44592249,0,
2016-06-07T23:00:00Z,1.45435500,1.46015251,1.45089447,1.45435500,0,
2016-06-08T23:00:00Z,1.45150518,1.45283365,1.44506586,1.45184231,0,
2016-06-09T23:00:00Z,1.44638252,1.44749212,1.43184412,1.44638252,0,
2016-06-12T23:00:00Z,1.41906369,1.43051279,1.41197062,1.41888249,0,
2016-06-13T23:00:00Z,1.42061591,1.42194915,1.40956247,1.42067647,0,
2016-06-14T23:00:00Z,1.41209030,1.42156506,1.41093469,1.41236961,0,
2016-06-15T23:00:00Z,1.41952693,1.42009139,1.40150237,1.41958749,0,
2016-06-16T23:00:00Z,1.42955172,1.43192613,1.42257631,1.42957222,0,
2016-06-19T23:00:00Z,1.45870399,1.47071803,1.45346725,1.45859766,0,
2016-06-20T23:00:00Z,1.46743751,1.47808743,1.46460056,1.46750224,0,
2016-06-21T23:00:00Z,1.46666276,1.47701764,1.46470785,1.46702862,0,
2016-06-22T23:00:00Z,1.47920239,1.49470127,1.47329652,1.47893989,0,
2016-06-23T23:00:00Z,1.45600677,1.46290791,1.32392454,1.45579481,0,
2016-06-26T23:00:00Z,1.34446561,1.34756362,1.31314588,1.34509850,0,
2016-06-27T23:00:00Z,1.32271636,1.34195757,1.32219172,1.32350409,0,
2016-06-28T23:00:00Z,1.33557713,1.35292375,1.32918620,1.33509564,0,
2016-06-29T23:00:00Z,1.34560525,1.34949124,1.32425773,1.34658372,0,
2016-06-30T23:00:00Z,1.33336890,1.33520257,1.32478404,1.33287132,0,
2016-07-03T23:00:00Z,1.32853293,1.33303118,1.32453835,1.32899201,0,
2016-07-04T23:00:00Z,1.32819760,1.32823300,1.30218506,1.32798600,0,
2016-07-05T23:00:00Z,1.29637790,1.30135477,1.28280783,1.29578996,0,
2016-07-06T23:00:00Z,1.29205644,1.30476761,1.29090559,1.29259086,0,
2016-07-07T23:00:00Z,1.29118896,1.30120230,1.29098880,1.29157257,0,
2016-07-10T23:00:00Z,1.29446483,1.30143940,1.28538001,1.29461575,0,
2016-07-11T23:00:00Z,1.29851580,1.32460868,1.29792595,1.29811132,0,
2016-07-12T23:00:00Z,1.32706964,1.33361781,1.31774879,1.32782733,0,
2016-07-13T23:00:00Z,1.31211209,1.34008741,1.31092525,1.31197441,0,
2016-07-14T23:00:00Z,1.33577335,1.34812677,1.32011461,1.33579123,0,
2016-07-17T23:00:00Z,1.32390714,1.33102632,1.32168496,1.32296133,0,
2016-07-18T23:00:00Z,1.32659423,1.32715774,1.31149268,1.32689345,0,
2016-07-19T23:00:00Z,1.31075335,1.31974876,1.30679667,1.31083930,0,
2016-07-20T23:00:00Z,1.32467878,1.32678783,1.31672513,1.32645345,0,
2016-07-21T23:00:00Z,1.32381952,1.32908034,1.30819845,1.32460868,0,
2016-07-24T23:00:00Z,1.31243932,1.31623983,1.30987775,1.31297350,0,
2016-07-25T23:00:00Z,1.31068468,1.31719327,1.30659175,1.31078780,0,
2016-07-26T23:00:00Z,1.31509733,1.31625712,1.30799317,1.31528759,0,
2016-07-27T23:00:00Z,1.32413507,1.32504737,1.31230152,1.32378435,0,
2016-07-28T23:00:00Z,1.31651700,1.33017647,1.31556451,1.31618786,0,
2016-07-31T23:00:00Z,1.32192945,1.32731616,1.31658638,1.32163250,0,
2016-08-01T23:00:00Z,1.31865227,1.33310223,1.31745362,1.31854808,0,
2016-08-02T23:00:00Z,1.33383131,1.33730960,1.32872701,1.33377790,0,
2016-08-03T23:00:00Z,1.33294237,1.33450770,1.31176794,1.33280027,0,
2016-08-04T23:00:00Z,1.31285286,1.31769669,1.30240560,1.31292176,0,
2016-08-07T23:00:00Z,1.30765116,1.30979204,1.30347502,1.30857503,0,
2016-08-08T23:00:00Z,1.30342412,1.30342412,1.29594111,1.30323732,0,
2016-08-09T23:00:00Z,1.30140555,1.30946612,1.29944384,1.30071151,0,
2016-08-10T23:00:00Z,1.30225289,1.30289757,1.29406285,1.30201554,0,
2016-08-11T23:00:00Z,1.29557168,1.30361104,1.29272461,1.29548776,0,
2016-08-14T23:00:00Z,1.29098880,1.29466593,1.28683567,1.29098880,0,
2016-08-15T23:00:00Z,1.28799582,1.30293167,1.28799582,1.28831112,0,
2016-08-16T23:00:00Z,1.30323732,1.30650640,1.29988301,1.30337310,0,
2016-08-17T23:00:00Z,1.30446124,1.31726265,1.30429101,1.30446124,0,
2016-08-21T23:00:00Z,1.30684781,1.31561637,1.30361104,1.30560231,0,
2016-08-22T23:00:00Z,1.31319761,1.32117844,1.31319761,1.31371522,0,
2016-08-23T23:00:00Z,1.31994033,1.32749236,1.31630909,1.31960940,0,
2016-08-24T23:00:00Z,1.32397723,1.32643592,1.31726265,1.32345164,0,
2016-08-25T23:00:00Z,1.31926119,1.32696390,1.31492436,1.31943524,0,
2016-08-28T23:00:00Z,1.31268048,1.31354260,1.30616510,1.31285286,0,
2016-08-29T23:00:00Z,1.31095970,1.31199157,1.30633569,1.31078780,0,
2016-08-30T23:00:00Z,1.30941463,1.31578946,1.30684781,1.30907190,0,
2016-08-31T23:00:00Z,1.31337011,1.33155799,1.31302524,1.31337011,0,
2016-09-01T23:00:00Z,1.32766867,1.33511341,1.32538104,1.32749236,0,
2016-09-04T23:00:00Z,1.32943368,1.33761370,1.32943368,1.32943368,0,
2016-09-05T23:00:00Z,1.33120334,1.34426665,1.33031797,1.33138061,0,
2016-09-06T23:00:00Z,1.34156156,1.34264243,1.33370674,1.34210169,0,
2016-09-07T23:00:00Z,1.33404481,1.33761370,1.32890368,1.33386683,0,
2016-09-08T23:00:00Z,1.33084905,1.33351111,1.32467878,1.33102632,0,
2016-09-11T23:00:00Z,1.32714009,1.33244503,1.32441556,1.32731616,0,
2016-09-12T23:00:00Z,1.33386683,1.33422291,1.31734943,1.33386683,0,
2016-09-13T23:00:00Z,1.31943524,1.32292628,1.31406045,1.31943524,0,
2016-09-14T23:00:00Z,1.32643592,1.32699919,1.31839156,1.32643592,0,
2016-09-15T23:00:00Z,1.32473147,1.32502985,1.30753136,1.32476652,0,
2016-09-18T23:00:00Z,1.30143940,1.30919182,1.30138850,1.30162573,0,
2016-09-19T23:00:00Z,1.30395103,1.30650640,1.29510188,1.30446124,0,
2016-09-20T23:00:00Z,1.29853261,1.30072832,1.29500127,1.29853261,0,
2016-09-21T23:00:00Z,1.30378091,1.31199157,1.30327117,1.30361104,0,
2016-09-22T23:00:00Z,1.30840397,1.30907190,1.29165590,1.30872917,0,
2016-09-25T23:00:00Z,1.29785848,1.29903865,1.29182279,1.29785848,0,
2016-09-26T23:00:00Z,1.29694951,1.30089760,1.29451513,1.29694951,0,
2016-09-27T23:00:00Z,1.30106688,1.30327117,1.29819560,1.30123627,0,
2016-09-28T23:00:00Z,1.30395103,1.30548310,1.29684865,1.30395103,0,
2016-09-29T23:00:00Z,1.29684865,1.30225289,1.29423034,1.29634440,0,
2016-10-02T23:00:00Z,1.29315925,1.29483366,1.28188694,1.29315925,0,
2016-10-03T23:00:00Z,1.28518188,1.28600824,1.27273428,1.28485167,0,
2016-10-04T23:00:00Z,1.27291238,1.27713919,1.26871347,1.27323663,0,
2016-10-05T23:00:00Z,1.27551019,1.27567291,1.26310468,1.27551019,0,
2016-10-06T23:00:00Z,1.23989487,1.24828362,1.22324157,1.24023318,0,
2016-10-09T23:00:00Z,1.24347174,1.24455512,1.23594117,1.24347174,0,
2016-10-10T23:00:00Z,1.23472035,1.23502529,1.22040510,1.23411083,0,
2016-10-11T23:00:00Z,1.22744572,1.23274159,1.21698916,1.22789776,0,
2016-10-12T23:00:00Z,1.21906626,1.22313690,1.21373951,1.21876907,0,
2016-10-13T23:00:00Z,1.22264338,1.22639191,1.21713722,1.22219503,0,
2016-10-16T23:00:00Z,1.21773016,1.21995854,1.21403420,1.21832359,0,
2016-10-18T23:00:00Z,1.23031497,1.23289359,1.22579062,1.23046637,0,
2016-10-19T23:00:00Z,1.22925627,1.23001230,1.22144866,1.22895408,0,
2016-10-20T23:00:00Z,1.22579062,1.22609127,1.21743369,1.22564030,0,
2016-10-23T23:00:00Z,1.22201586,1.22503984,1.21891761,1.22191131,0,
2016-10-24T23:00:00Z,1.22249389,1.22414005,1.20886827,1.22174716,0,
2016-10-25T23:00:00Z,1.21775985,1.22428989,1.21599770,1.21758187,0,
2016-10-26T23:00:00Z,1.22354090,1.22729504,1.21610117,1.22354090,0,
2016-10-27T23:00:00Z,1.21684110,1.21906626,1.21168065,1.21713722,0,
2016-11-01T00:00:00Z,1.22354090,1.22789776,1.22115040,1.22369063,0,
2016-11-02T00:00:00Z,1.22387028,1.23533046,1.22240424,1.22385538,0,
2016-11-03T00:00:00Z,1.23061776,1.24937522,1.23016357,1.23046637,0,
2016-11-04T00:00:00Z,1.24657190,1.25565040,1.24517500,1.24688280,0,
2016-11-07T00:00:00Z,1.24890721,1.24984372,1.23823667,1.24890721,0,
2016-11-08T00:00:00Z,1.24007940,1.24409056,1.23638427,1.23992562,0,
2016-11-09T00:00:00Z,1.23869693,1.25486267,1.23584950,1.23885036,0,
2016-11-10T00:00:00Z,1.24208164,1.24984372,1.23793018,1.24208164,0,
2016-11-11T00:00:00Z,1.25517762,1.26726651,1.25266182,1.25533521,0,
2016-11-14T00:00:00Z,1.25770342,1.26278579,1.24486494,1.25738716,0,
2016-11-15T00:00:00Z,1.25187778,1.25297582,1.23842084,1.25203454,0,
2016-11-16T00:00:00Z,1.24517500,1.25031257,1.24146497,1.24564028,0,
2016-11-17T00:00:00Z,1.24393582,1.25031257,1.24146497,1.24424541,0,
2016-11-18T00:00:00Z,1.24115670,1.24347174,1.23046637,1.24100268,0,
2016-11-21T00:00:00Z,1.23228586,1.25093830,1.23137546,1.23243773,0,
2016-11-22T00:00:00Z,1.24953139,1.25125122,1.24054086,1.24937522,0,
2016-11-23T00:00:00Z,1.24239039,1.24316251,1.23639965,1.24239039,0,
2016-11-24T00:00:00Z,1.24285364,1.24984372,1.24069476,1.24331713,0,
2016-11-25T00:00:00Z,1.24548507,1.24734938,1.24192750,1.24528348,0,
2016-11-28T00:00:00Z,1.24828362,1.25313282,1.23869693,1.24812782,0,
2016-11-29T00:00:00Z,1.24100268,1.25281882,1.23900390,1.24115670,0,
2016-11-30T00:00:00Z,1.24906325,1.25159574,1.24223602,1.24921930,0,
2016-12-01T00:00:00Z,1.25151742,1.26968002,1.25109470,1.25172114,0,
2016-12-02T00:00:00Z,1.25897014,1.26770031,1.25722897,1.25897014,0,
2016-12-05T00:00:00Z,1.26694536,1.27388525,1.26614332,1.26678491,0,
2016-12-06T00:00:00Z,1.27286386,1.27730238,1.27097094,1.27284765,0,
2016-12-07T00:00:00Z,1.26726651,1.26758778,1.25738716,1.26710594,0,
2016-12-08T00:00:00Z,1.26292932,1.27080953,1.25517762,1.26278579,0,
2016-12-09T00:00:00Z,1.25836813,1.26214814,1.25580812,1.25849485,0,
2016-12-12T00:00:00Z,1.25928724,1.26726651,1.25683403,1.25976312,0,
2016-12-13T00:00:00Z,1.26774848,1.27275038,1.26630366,1.26758778,0,
2016-12-14T00:00:00Z,1.26630366,1.27150428,1.26390290,1.26630366,0,
2016-12-15T00:00:00Z,1.25382423,1.25675499,1.24023318,1.25382423,0,
2016-12-16T00:00:00Z,1.24239039,1.24641657,1.23854351,1.24239039,0,
2016-12-19T00:00:00Z,1.24890721,1.25046885,1.23572743,1.24890721,0,
2016-12-20T00:00:00Z,1.23885036,1.24100268,1.23167872,1.23900390,0,
2016-12-21T00:00:00Z,1.23670542,1.23931086,1.23274159,1.23655248,0,
2016-12-22T00:00:00Z,1.23533046,1.23794556,1.22970974,1.23548305,0,
2016-12-23T00:00:00Z,1.22848606,1.22986102,1.22324157,1.22850120,0,
2016-12-26T00:00:00Z,1.22895408,1.23441553,1.22699392,1.22895408,0,
2016-12-27T00:00:00Z,1.22774708,1.22880316,1.22399020,1.22759640,0,
2016-12-28T00:00:00Z,1.22759640,1.22986102,1.22025621,1.22759640,0,
2016-12-29T00:00:00Z,1.22249389,1.22759640,1.22234452,1.22249389,0,
2016-12-30T00:00:00Z,1.22850120,1.23869693,1.22699392,1.22880316,0,
2017-01-02T00:00:00Z,1.23490334,1.23594117,1.22835028,1.23490334,0,
2017-01-03T00:00:00Z,1.22819948,1.23107219,1.22040510,1.22819948,0,
2017-01-04T00:00:00Z,1.22460473,1.22970974,1.22234452,1.22455978,0,
2017-01-05T00:00:00Z,1.23280239,1.24177325,1.22714448,1.23268080,0,
2017-01-09T00:00:00Z,1.22597098,1.22729504,1.21270919,1.22609127,0,
2017-01-10T00:00:00Z,1.21713722,1.21847200,1.21124029,1.21734476,0,
2017-01-11T00:00:00Z,1.21758187,1.21966100,1.20438397,1.21743369,0,
2017-01-12T00:00:00Z,1.22115040,1.23167872,1.21698916,1.22144866,0,
2017-01-13T00:00:00Z,1.21669304,1.22264338,1.21241510,1.21654499,0,
2017-01-16T00:00:00Z,1.20374608,1.20875132,1.19951534,1.20393455,0,
2017-01-18T00:00:00Z,1.23894250,1.23998702,1.22705412,1.23880434,0,
2017-01-19T00:00:00Z,1.22624159,1.23411083,1.22543013,1.22597098,0,
2017-01-20T00:00:00Z,1.23404992,1.23721039,1.22628677,1.23383677,0,
2017-01-23T00:00:00Z,1.23851275,1.24954700,1.23822141,1.23869693,0,
2017-01-24T00:00:00Z,1.25148618,1.25454772,1.24220514,1.25172114,0,
2017-01-25T00:00:00Z,1.25316417,1.26162267,1.24934411,1.25330555,0,
2017-01-26T00:00:00Z,1.26390290,1.26742721,1.25618672,1.26340795,0,
2017-01-27T00:00:00Z,1.25960445,1.26087511,1.25220704,1.25954103,0,
2017-01-30T00:00:00Z,1.25938237,1.26001716,1.24937522,1.25919211,0,
2017-01-31T00:00:00Z,1.25015628,1.25874829,1.24158823,1.25000000,0,
2017-02-01T00:00:00Z,1.25870073,1.26599908,1.25475240,1.25897014,0,
2017-02-02T00:00:00Z,1.26628768,1.27056730,1.25313282,1.26614332,0,
2017-02-03T00:00:00Z,1.25203454,1.25407577,1.24610591,1.25200319,0,
2017-02-06T00:00:00Z,1.24820566,1.25000000,1.24288452,1.24842381,0,
2017-02-07T00:00:00Z,1.24696052,1.24873567,1.23484230,1.24683607,0,
2017-02-08T00:00:00Z,1.24965632,1.25448477,1.24809670,1.24962509,0,
2017-02-09T00:00:00Z,1.25259912,1.25827312,1.24982822,1.25280309,0,
2017-02-10T00:00:00Z,1.24959385,1.25209725,1.24421442,1.24981248,0,
2017-02-13T00:00:00Z,1.24831474,1.25407577,1.24831474,1.24845505,0,
2017-02-14T00:00:00Z,1.25233245,1.25475240,1.24506640,1.25230110,0,
2017-02-15T00:00:00Z,1.24691391,1.24719381,1.23849738,1.24703825,0,
2017-02-16T00:00:00Z,1.24658751,1.25205016,1.24570227,1.24697602,0,
2017-02-17T00:00:00Z,1.24817455,1.25115728,1.23909605,1.24892282,0,
2017-02-20T00:00:00Z,1.24305439,1.24826801,1.24100268,1.24339449,0,
2017-02-21T00:00:00Z,1.24738050,1.24812782,1.24029469,1.24733377,0,
2017-02-22T00:00:00Z,1.24865770,1.25078177,1.24280727,1.24870443,0,
2017-02-23T00:00:00Z,1.24543858,1.25541401,1.24297714,1.24537659,0,
2017-02-24T00:00:00Z,1.25549269,1.25707102,1.24848616,1.25561893,0,
2017-02-27T00:00:00Z,1.24018693,1.24727154,1.23892713,1.23995638,0,
2017-02-28T00:00:00Z,1.24373472,1.24714720,1.24084878,1.24393582,0,
2017-03-01T00:00:00Z,1.23794556,1.24024856,1.22847104,1.23780763,0,
2017-03-02T00:00:00Z,1.22711432,1.23055720,1.22607625,1.22721982,0,
2017-03-03T00:00:00Z,1.22744572,1.22835028,1.22168744,1.22747588,0,
2017-03-07T00:00:00Z,1.22399020,1.22503984,1.21709287,1.22428989,0,
2017-03-08T00:00:00Z,1.22036052,1.22159791,1.21400476,1.22044992,0,
2017-03-09T00:00:00Z,1.21744847,1.21951222,1.21412265,1.21773016,0,
2017-03-10T00:00:00Z,1.21595335,1.21869469,1.21409321,1.21573162,0,
2017-03-13T00:00:00Z,1.21698916,1.22508490,1.21586466,1.21713722,0,
2017-03-14T00:00:00Z,1.22144866,1.22189629,1.21132839,1.22059882,0,
2017-03-15T00:00:00Z,1.21586466,1.22414005,1.21555424,1.21574640,0,
2017-03-16T00:00:00Z,1.22835028,1.23710322,1.22442484,1.22842574,0,
2017-03-17T00:00:00Z,1.23533046,1.23984873,1.23254406,1.23511684,0,
2017-03-20T00:00:00Z,1.23793018,1.24362648,1.23661375,1.23845148,0,
2017-03-21T00:00:00Z,1.23662889,1.24847066,1.23435450,1.23670542,0,
2017-03-22T00:00:00Z,1.24829924,1.25029695,1.24305439,1.24820566,0,
2017-03-23T00:00:00Z,1.24710047,1.25280309,1.24669635,1.24750507,0,
2017-03-24T00:00:00Z,1.25187778,1.25187778,1.24710047,1.25187778,0,
2017-03-26T23:00:00Z,1.25126696,1.26157498,1.25109470,1.25145483,0,
2017-03-27T23:00:00Z,1.25598156,1.25966787,1.25048459,1.25579238,0,
2017-03-28T23:00:00Z,1.24239039,1.24716270,1.23814476,1.24214339,0,
2017-03-29T23:00:00Z,1.24409056,1.25233245,1.24054086,1.24404407,0,
2017-03-30T23:00:00Z,1.24769175,1.25369835,1.24348724,1.24784744,0,
2017-04-02T23:00:00Z,1.25391853,1.25549269,1.24672735,1.25407577,0,
2017-04-03T23:00:00Z,1.24890721,1.24968755,1.24220514,1.24921930,0,
2017-04-04T23:00:00Z,1.24421442,1.24948466,1.24246752,1.24399769,0,
2017-04-05T23:00:00Z,1.24875116,1.25025010,1.24523699,1.24890721,0,
2017-04-06T23:00:00Z,1.24688280,1.24781632,1.23860490,1.24686730,0,
2017-04-09T23:00:00Z,1.23766971,1.24289989,1.23690426,1.23751652,0,
2017-04-10T23:00:00Z,1.24269915,1.24903202,1.24060237,1.24254477,0,
2017-04-11T23:00:00Z,1.24921930,1.25203454,1.24812782,1.24923480,0,
2017-04-12T23:00:00Z,1.25486267,1.25770342,1.25114167,1.25498855,0,
2017-04-13T23:00:00Z,1.25062525,1.25376129,1.25018752,1.25078177,0,
2017-04-16T23:00:00Z,1.25376129,1.25960445,1.25322700,1.25350976,0,
2017-04-17T23:00:00Z,1.25577652,1.27679682,1.25198746,1.25577652,0,
2017-04-18T23:00:00Z,1.28468657,1.28594208,1.27880514,1.28445554,0,
2017-04-19T23:00:00Z,1.27810228,1.28468657,1.27730238,1.27823305,0,
2017-04-20T23:00:00Z,1.27993453,1.28336751,1.27619386,1.28019667,0,
2017-04-23T23:00:00Z,1.28287363,1.28320289,1.27733493,1.28262687,0,
2017-04-24T23:00:00Z,1.27811861,1.28460395,1.27762866,1.27766144,0,
2017-04-25T23:00:00Z,1.28336751,1.28635561,1.28065574,1.28323579,0,
2017-04-26T23:00:00Z,1.28503323,1.29132235,1.28437304,1.28483510,0,
2017-04-27T23:00:00Z,1.28949070,1.29533672,1.28927457,1.28935766,0,
2017-04-30T23:00:00Z,1.29322612,1.29382849,1.29030597,1.29315925,0,
2017-05-01T23:00:00Z,1.28980672,1.29282475,1.28665352,1.28974020,0,
2017-05-02T23:00:00Z,1.29433084,1.29500127,1.28854358,1.29416335,0,
2017-05-03T23:00:00Z,1.28731608,1.29232359,1.28323579,1.28716695,0,
2017-05-04T23:00:00Z,1.29260755,1.29683185,1.29030597,1.29249060,0,
2017-05-07T23:00:00Z,1.29686558,1.29870129,1.29315925,1.29656291,0,
2017-05-08T23:00:00Z,1.29419684,1.29587400,1.29045582,1.29433084,0,
2017-05-09T23:00:00Z,1.29500127,1.29903865,1.29289174,1.29485035,0,
2017-05-10T23:00:00Z,1.29294181,1.29500127,1.28504968,1.29305887,0,
2017-05-11T23:00:00Z,1.28887570,1.29015613,1.28455448,1.28915823,0,
2017-05-14T23:00:00Z,1.28847718,1.29416335,1.28846049,1.28865981,0,
2017-05-15T23:00:00Z,1.29028928,1.29493427,1.28685224,1.29030597,0,
2017-05-16T23:00:00Z,1.29170597,1.29900503,1.29095554,1.29168928,0,
2017-05-17T23:00:00Z,1.29698324,1.30480170,1.29374480,1.29701686,0,
2017-05-18T23:00:00Z,1.29533672,1.30347502,1.29429734,1.29584026,0,
2017-05-21T23:00:00Z,1.30093145,1.30425715,1.29664683,1.30121922,0,
2017-05-22T23:00:00Z,1.29920745,1.30272782,1.29545426,1.29952836,0,
2017-05-23T23:00:00Z,1.29577315,1.29991674,1.29317594,1.29565573,0,
2017-05-24T23:00:00Z,1.29777431,1.30072832,1.29342675,1.29802704,0,
2017-05-28T23:00:00Z,1.28139424,1.28501678,1.28124642,1.28142703,0,
2017-05-29T23:00:00Z,1.28149271,1.28880918,1.27955782,1.28141057,0,
2017-05-30T23:00:00Z,1.28091812,1.29172254,1.27717173,1.28090167,0,
2017-05-31T23:00:00Z,1.28754818,1.29132235,1.28318644,1.28754818,0,
2017-06-01T23:00:00Z,1.28865981,1.29027259,1.28467000,1.28882587,0,
2017-06-04T23:00:00Z,1.28657079,1.29399586,1.28615713,1.28700125,0,
2017-06-05T23:00:00Z,1.29067230,1.29491746,1.28749835,1.29073894,0,
2017-06-06T23:00:00Z,1.29067230,1.29657960,1.28889227,1.29067230,0,
2017-06-07T23:00:00Z,1.29622662,1.29802704,1.29097223,1.29620981,0,
2017-06-08T23:00:00Z,1.27258849,1.27988541,1.26422250,1.27229702,0,
2017-06-11T23:00:00Z,1.27440488,1.27697611,1.26500618,1.27391779,0,
2017-06-12T23:00:00Z,1.26702559,1.27469730,1.26433444,1.26697755,0,
2017-06-13T23:00:00Z,1.27507114,1.28114796,1.27250755,1.27505481,0,
2017-06-14T23:00:00Z,1.27565670,1.27947593,1.26921272,1.27544522,0,
2017-06-18T23:00:00Z,1.27749813,1.28152549,1.27273428,1.27795517,0,
2017-06-19T23:00:00Z,1.27310681,1.27552640,1.26063657,1.27323663,0,
2017-06-20T23:00:00Z,1.26326430,1.27090633,1.25908113,1.26324832,0,
2017-06-21T23:00:00Z,1.26758778,1.26871347,1.26548636,1.26757181,0,
2017-06-22T23:00:00Z,1.26806998,1.27437246,1.26773238,1.26781273,0,
2017-06-25T23:00:00Z,1.27440488,1.27599847,1.27077723,1.27433991,0,
2017-06-26T23:00:00Z,1.27242649,1.27947593,1.27176297,1.27245891,0,
2017-06-27T23:00:00Z,1.28129566,1.29723561,1.27973795,1.28129566,0,
2017-06-28T23:00:00Z,1.29391217,1.30010271,1.29391217,1.29414654,0,
2017-06-29T23:00:00Z,1.30089760,1.30310130,1.29562211,1.30111766,0,
2017-07-02T23:00:00Z,1.30174434,1.30225289,1.29332650,1.30164266,0,
2017-07-03T23:00:00Z,1.29463243,1.29584026,1.29178941,1.29486716,0,
2017-07-04T23:00:00Z,1.29366100,1.29483366,1.28957379,1.29349375,0,
2017-07-05T23:00:00Z,1.29295862,1.29721880,1.29205644,1.29317594,0,
2017-07-06T23:00:00Z,1.29688227,1.29769003,1.28683567,1.29735339,0,
2017-07-09T23:00:00Z,1.28904188,1.29098880,1.28605783,1.28912497,0,
2017-07-11T23:00:00Z,1.28600824,1.29052246,1.28126276,1.28595865,0,
2017-07-12T23:00:00Z,1.28922474,1.29528642,1.28907514,1.28937435,0,
2017-07-13T23:00:00Z,1.29483366,1.30941463,1.29366100,1.29471624,0,
2017-07-16T23:00:00Z,1.31095970,1.31130338,1.30512524,1.31113148,0,
2017-07-17T23:00:00Z,1.30514228,1.31238770,1.30067766,1.30531263,0,
2017-07-18T23:00:00Z,1.30371296,1.30517638,1.30130398,1.30386591,0,
2017-07-19T23:00:00Z,1.30311835,1.30361104,1.29354393,1.30327117,0,
2017-07-20T23:00:00Z,1.29657960,1.30198157,1.29555488,1.29654598,0,
2017-07-23T23:00:00Z,1.30054235,1.30526161,1.29920745,1.30047464,0,
2017-07-24T23:00:00Z,1.30267704,1.30842102,1.30116844,1.30310130,0,
2017-07-25T23:00:00Z,1.30281270,1.30662584,1.30040705,1.30276191,0,
2017-07-26T23:00:00Z,1.31150973,1.31561637,1.30633569,1.31147540,0,
2017-07-27T23:00:00Z,1.30748010,1.31314588,1.30705285,1.30766809,0,
2017-07-30T23:00:00Z,1.31428504,1.31964421,1.31003225,1.31449223,0,
2017-08-01T23:00:00Z,1.32077706,1.32432783,1.31927860,1.32079458,0,
2017-08-02T23:00:00Z,1.32287383,1.32608402,1.31147540,1.32283890,0,
2017-08-03T23:00:00Z,1.31457865,1.31665564,1.30332208,1.31440592,0,
2017-08-06T23:00:00Z,1.30454636,1.30616510,1.30159187,1.30469954,0,
2017-08-07T23:00:00Z,1.30349207,1.30548310,1.29550457,1.30378091,0,
2017-08-08T23:00:00Z,1.29858327,1.30279589,1.29696643,1.29861701,0,
2017-08-09T23:00:00Z,1.30157495,1.30174434,1.29567254,1.30140555,0,
2017-08-10T23:00:00Z,1.29777431,1.30096531,1.29459894,1.29767334,0,
2017-08-13T23:00:00Z,1.30081296,1.30225289,1.29609227,1.30059302,0,
2017-08-14T23:00:00Z,1.29659641,1.29735339,1.28480208,1.29651237,0,
2017-08-15T23:00:00Z,1.28680253,1.29032266,1.28445554,1.28670323,0,
2017-08-16T23:00:00Z,1.28907514,1.29115558,1.28541315,1.28915823,0,
2017-08-17T23:00:00Z,1.28658736,1.29148912,1.28356528,1.28650463,0,
2017-08-20T23:00:00Z,1.28728294,1.29147243,1.28518188,1.28736579,0,
2017-08-21T23:00:00Z,1.28985655,1.29115558,1.28119707,1.28982329,0,
2017-08-22T23:00:00Z,1.28246236,1.28336751,1.27828205,1.28239655,0,
2017-08-23T23:00:00Z,1.28029501,1.28369713,1.27774298,1.28037691,0,
2017-08-24T23:00:00Z,1.28018022,1.28867638,1.27963960,1.28039336,0,
2017-08-27T23:00:00Z,1.29055572,1.29307556,1.28743207,1.29052246,0,
2017-08-28T23:00:00Z,1.29277468,1.29787540,1.29269111,1.29270780,0,
2017-08-29T23:00:00Z,1.29229021,1.29399586,1.28836095,1.29265773,0,
2017-08-30T23:00:00Z,1.29190624,1.29332650,1.28551233,1.29205644,0,
2017-08-31T23:00:00Z,1.29401255,1.29951143,1.29062223,1.29416335,0,
2017-09-03T23:00:00Z,1.29651237,1.29684865,1.29327619,1.29651237,0,
2017-09-04T23:00:00Z,1.29245722,1.30310130,1.29113889,1.29240716,0,
2017-09-05T23:00:00Z,1.30413806,1.30821562,1.30208337,1.30412102,0,
2017-09-06T23:00:00Z,1.30463147,1.31161308,1.30340707,1.30497193,0,
2017-09-07T23:00:00Z,1.31051302,1.32213926,1.30996358,1.31047857,0,
2017-09-10T23:00:00Z,1.31952238,1.32222664,1.31677711,1.31976616,0,
2017-09-11T23:00:00Z,1.31717598,1.32872701,1.31622243,1.31696773,0,
2017-09-12T23:00:00Z,1.32908034,1.33285344,1.32058525,1.32892132,0,
2017-09-13T23:00:00Z,1.32089925,1.33983600,1.31927860,1.32060277,0,
2017-09-14T23:00:00Z,1.34012330,1.36158156,1.33838356,1.33990777,0,
2017-09-17T23:00:00Z,1.35786545,1.36156309,1.34825397,1.35751522,0,
2017-09-18T23:00:00Z,1.35146093,1.35521555,1.34727311,1.35166180,0,
2017-09-19T23:00:00Z,1.35151577,1.35991514,1.35100436,1.35153401,0,
2017-09-20T23:00:00Z,1.34885406,1.35786545,1.34725487,1.34896338,0,
2017-09-21T23:00:00Z,1.35801291,1.35980415,1.34943664,1.35797608,0,
2017-09-24T23:00:00Z,1.35078549,1.35701787,1.34634805,1.35073078,0,
2017-09-25T23:00:00Z,1.34765434,1.35133302,1.34109378,1.34778154,0,
2017-09-26T23:00:00Z,1.34414029,1.34498990,1.33657682,1.34480906,0,
2017-09-27T23:00:00Z,1.33994377,1.34527934,1.33486390,1.33988976,0,
2017-09-28T23:00:00Z,1.34294891,1.34318340,1.33529174,1.34302104,0,
2017-10-01T23:00:00Z,1.33935142,1.33967447,1.32590830,1.33940530,0,
2017-10-02T23:00:00Z,1.32743955,1.32872701,1.32259393,1.32756281,0,
2017-10-04T23:00:00Z,1.32345164,1.32490695,1.31228423,1.32327640,0,
2017-10-05T23:00:00Z,1.31147540,1.31147540,1.30289757,1.31126904,0,
2017-10-08T23:00:00Z,1.30835247,1.31842625,1.30765116,1.30840397,0,
2017-10-09T23:00:00Z,1.31411231,1.32233155,1.31411231,1.31440592,0,
2017-10-10T23:00:00Z,1.32100391,1.32222664,1.31752300,1.32110870,0,
2017-10-11T23:00:00Z,1.32390714,1.32661188,1.31271493,1.32397723,0,
2017-10-12T23:00:00Z,1.32638311,1.33365345,1.32603133,1.32643592,0,
2017-10-15T23:00:00Z,1.32888603,1.33120334,1.32564461,1.32888603,0,
2017-10-16T23:00:00Z,1.32555676,1.32858586,1.31563365,1.32529330,0,
2017-10-17T23:00:00Z,1.31936562,1.32013202,1.31449223,1.31948745,0,
2017-10-18T23:00:00Z,1.32117844,1.32287383,1.31385326,1.32130075,0,
2017-10-19T23:00:00Z,1.31552982,1.32009709,1.30907190,1.31506264,0,
2017-10-22T23:00:00Z,1.31917417,1.32222664,1.31615317,1.31898284,0,
2017-10-23T23:00:00Z,1.32027149,1.32292628,1.31137216,1.32065499,0,
2017-10-24T23:00:00Z,1.31299078,1.32710481,1.31120026,1.31319761,0,
2017-10-25T23:00:00Z,1.32729852,1.32819760,1.31632638,1.32735145,0,
2017-10-26T23:00:00Z,1.31290460,1.31395686,1.30749726,1.31302524,0,
2017-10-30T00:00:00Z,1.31371522,1.32013202,1.31285286,1.31340456,0,
2017-10-31T00:00:00Z,1.32110870,1.32846236,1.31929600,1.32124829,0,
2017-11-01T00:00:00Z,1.32911563,1.33180618,1.32538104,1.32922161,0,
2017-11-02T00:00:00Z,1.32555676,1.32996404,1.30650640,1.32553911,0,
2017-11-03T00:00:00Z,1.30544889,1.31231880,1.30415499,1.30532968,0,
2017-11-06T00:00:00Z,1.30797601,1.31528759,1.30599451,1.30804443,0,
2017-11-07T00:00:00Z,1.31740165,1.31771410,1.31120026,1.31750572,0,
2017-11-08T00:00:00Z,1.31731486,1.31787026,1.30881488,1.31721067,0,
2017-11-09T00:00:00Z,1.31147540,1.31516647,1.30869496,1.31130338,0,
2017-11-10T00:00:00Z,1.31426775,1.32292628,1.31164753,1.31444049,0,
2017-11-13T00:00:00Z,1.31190550,1.31371522,1.30630159,1.31202602,0,
2017-11-14T00:00:00Z,1.31206048,1.31302524,1.30775368,1.31233597,0,
2017-11-15T00:00:00Z,1.31597996,1.32086432,1.31316304,1.31578946,0,
2017-11-17T00:00:00Z,1.31995773,1.32596099,1.31719327,1.32004488,0,
2017-11-20T00:00:00Z,1.32013202,1.32749236,1.31872189,1.32027149,0,
2017-11-21T00:00:00Z,1.32432783,1.32678783,1.32227910,1.32450330,0,
2017-11-22T00:00:00Z,1.32467878,1.32961047,1.32180715,1.32455587,0,
2017-11-23T00:00:00Z,1.33173525,1.33386683,1.32890368,1.33168209,0,
2017-11-24T00:00:00Z,1.33063662,1.33595181,1.32809174,1.33067203,0,
2017-11-27T00:00:00Z,1.33249831,1.33818650,1.33116794,1.33244503,0,
2017-11-28T00:00:00Z,1.33214331,1.33441865,1.32234907,1.33223200,0,
2017-11-29T00:00:00Z,1.33671975,1.34462821,1.33536303,1.33654106,0,
2017-11-30T00:00:00Z,1.34145367,1.35488498,1.34118378,1.34172356,0,
2017-12-01T00:00:00Z,1.35310674,1.35501361,1.34618497,1.35299695,0,
2017-12-04T00:00:00Z,1.34907258,1.35385787,1.34224594,1.34940028,0,
2017-12-05T00:00:00Z,1.34752727,1.34807229,1.33761370,1.34752727,0,
2017-12-06T00:00:00Z,1.34156156,1.34372485,1.33605886,1.34152567,0,
2017-12-07T00:00:00Z,1.33915424,1.34311128,1.33233857,1.33922589,0,
2017-12-08T00:00:00Z,1.34829032,1.35195434,1.33582687,1.34843588,0,
2017-12-11T00:00:00Z,1.33920801,1.34264243,1.33500659,1.33920801,0,
2017-12-12T00:00:00Z,1.33466804,1.33773899,1.33129203,1.33493519,0,
2017-12-13T00:00:00Z,1.33200133,1.33763158,1.33136284,1.33194816,0,
2017-12-14T00:00:00Z,1.34111178,1.34556913,1.33951294,1.34096789,0,
2017-12-15T00:00:00Z,1.34327364,1.34498990,1.33081365,1.34329152,0,
2017-12-18T00:00:00Z,1.33175302,1.34177756,1.33113253,1.33173525,0,
2017-12-19T00:00:00Z,1.33790004,1.33994377,1.33356452,1.33807898,0,
2017-12-20T00:00:00Z,1.33863425,1.34188557,1.33791792,1.33868814,0,
2017-12-21T00:00:00Z,1.33698773,1.33886731,1.33360004,1.33720231,0,
2017-12-22T00:00:00Z,1.33781052,1.33994377,1.33643377,1.33804321,0,
2017-12-25T00:00:00Z,1.33671975,1.33958471,1.33630884,1.33650529,0,
2017-12-26T00:00:00Z,1.33748853,1.33797169,1.33491743,1.33761370,0,
2017-12-27T00:00:00Z,1.33738112,1.34318340,1.33704138,1.33747053,0,
2017-12-28T00:00:00Z,1.34026706,1.34571397,1.33992577,1.34039271,0,
2017-12-29T00:00:00Z,1.34426665,1.35415113,1.34392345,1.34408593,0,
2018-01-01T00:00:00Z,1.35160708,1.35160708,1.34819949,1.35160708,0,
2018-01-02T00:00:00Z,1.35111403,1.35967481,1.35093141,1.35113227,0,
2018-01-03T00:00:00Z,1.35945296,1.36147046,1.34987378,1.35961938,0,
2018-01-04T00:00:00Z,1.35116875,1.35611606,1.35065782,1.35113227,0,
2018-01-05T00:00:00Z,1.35538089,1.35803139,1.35266745,1.35528898,0,
2018-01-08T00:00:00Z,1.35755205,1.35854805,1.35257602,1.35758901,0,
2018-01-09T00:00:00Z,1.35701787,1.35851109,1.35098624,1.35712826,0,
2018-01-10T00:00:00Z,1.35317993,1.35602415,1.34852672,1.35323489,0,
2018-01-11T00:00:00Z,1.35129654,1.35552788,1.34593129,1.35127831,0,
2018-01-12T00:00:00Z,1.35416949,1.36948788,1.35400450,1.35418785,0,
2018-01-15T00:00:00Z,1.37315476,1.38195992,1.37315476,1.37330568,0,
2018-01-16T00:00:00Z,1.37938643,1.38064337,1.37426817,1.37982416,0,
2018-01-17T00:00:00Z,1.37969100,1.38446629,1.37585652,1.37988138,0,
2018-01-18T00:00:00Z,1.38259041,1.39101398,1.38066244,1.38280082,0,
2018-01-19T00:00:00Z,1.38937128,1.39470017,1.38437045,1.38946784,0,
2018-01-22T00:00:00Z,1.38894677,1.39692116,1.38580930,1.38915896,0,
2018-01-23T00:00:00Z,1.39848411,1.40291798,1.39178836,1.39848411,0,
2018-01-24T00:00:00Z,1.40124714,1.42397404,1.40016794,1.40173817,0,
2018-01-25T00:00:00Z,1.42237389,1.43395901,1.42166615,1.42209065,0,
2018-01-26T00:00:00Z,1.41502750,1.42812264,1.41470730,1.41502750,0,
2018-01-29T00:00:00Z,1.41492748,1.41582894,1.40272129,1.41492748,0,
2018-01-30T00:00:00Z,1.40728128,1.41498756,1.39832759,1.40765774,0,
2018-01-31T00:00:00Z,1.41530800,1.42247510,1.41298819,1.41558850,0,
2018-02-01T00:00:00Z,1.42001081,1.42732763,1.41625011,1.42005110,0,
2018-02-02T00:00:00Z,1.42671680,1.42763329,1.41043723,1.42667603,0,
2018-02-05T00:00:00Z,1.41121352,1.41502750,1.39899278,1.41113389,0,
2018-02-06T00:00:00Z,1.39411688,1.39987409,1.38404477,1.39436948,0,
2018-02-07T00:00:00Z,1.39596558,1.39922762,1.38717425,1.39586818,0,
2018-02-08T00:00:00Z,1.38792503,1.40637088,1.38481140,1.38792503,0,
2018-02-09T00:00:00Z,1.39337873,1.39866006,1.37879694,1.39349508,0,
2018-02-12T00:00:00Z,1.38255227,1.38748217,1.37986231,1.38274336,0,
2018-02-13T00:00:00Z,1.38481140,1.39240861,1.38333631,1.38523340,0,
2018-02-14T00:00:00Z,1.38869607,1.39803433,1.38070059,1.38869607,0,
2018-02-15T00:00:00Z,1.40150237,1.40984070,1.40012884,1.40158105,0,
2018-02-16T00:00:00Z,1.41057646,1.41446722,1.40063870,1.41041732,0,
2018-02-19T00:00:00Z,1.40331185,1.40528381,1.39623857,1.40315437,0,
2018-02-20T00:00:00Z,1.39926684,1.40234756,1.39337873,1.39926684,0,
2018-02-21T00:00:00Z,1.39991319,1.40095258,1.39107215,1.40010917,0,
2018-02-22T00:00:00Z,1.39101398,1.39520609,1.38580930,1.39101398,0,
2018-02-23T00:00:00Z,1.39512825,1.40048182,1.39250553,1.39530337,0,
2018-02-26T00:00:00Z,1.39692116,1.40726149,1.39333987,1.39680421,0,
2018-02-27T00:00:00Z,1.39645302,1.39944303,1.38617432,1.39664805,0,
2018-02-28T00:00:00Z,1.39033711,1.39159477,1.37777102,1.39060783,0,
2018-03-01T00:00:00Z,1.37530768,1.37771416,1.37153518,1.37542117,0,
2018-03-02T00:00:00Z,1.37746739,1.38157797,1.37593222,1.37754333,0,
2018-03-05T00:00:00Z,1.37988138,1.38773239,1.37691736,1.37950063,0,
2018-03-06T00:00:00Z,1.38500321,1.39283526,1.38205540,1.38523340,0,
2018-03-07T00:00:00Z,1.39002788,1.39101398,1.38486886,1.39000857,0,
2018-03-08T00:00:00Z,1.39062715,1.39120758,1.38146353,1.39062715,0,
2018-03-09T00:00:00Z,1.38031936,1.38865745,1.37892997,1.38056707,0,
2018-03-12T00:00:00Z,1.38580930,1.39062715,1.38438964,1.38554049,0,
2018-03-13T00:00:00Z,1.39082062,1.39879704,1.38757837,1.39076257,0,
2018-03-14T00:00:00Z,1.39725292,1.39977610,1.39269948,1.39723349,0,
2018-03-15T00:00:00Z,1.39707732,1.39879704,1.39244747,1.39715528,0,
2018-03-16T00:00:00Z,1.39378655,1.39801478,1.38925552,1.39386427,0,
2018-03-19T00:00:00Z,1.39435005,1.40874827,1.39140117,1.39435005,0,
2018-03-20T00:00:00Z,1.40232778,1.40686548,1.39854264,1.40252459,0,
2018-03-21T00:00:00Z,1.40040338,1.40789545,1.40036404,1.40048182,0,
2018-03-22T00:00:00Z,1.41442716,1.41995037,1.40795493,1.41462719,0,
2018-03-23T00:00:00Z,1.41129315,1.41709292,1.40880787,1.41147244,0,
2018-03-25T23:00:00Z,1.41462719,1.42450142,1.41462719,1.41476727,0,
2018-03-26T23:00:00Z,1.42366993,1.42429852,1.40690506,1.42389286,0,
2018-03-27T23:00:00Z,1.41757512,1.42045450,1.40934396,1.41763544,0,
2018-03-28T23:00:00Z,1.40845072,1.40964198,1.40209198,1.40803421,0,
2018-03-29T23:00:00Z,1.40285897,1.40617311,1.40144360,1.40293777,0,
2018-04-01T23:00:00Z,1.40358758,1.40773690,1.40276062,1.40382397,0,
2018-04-02T23:00:00Z,1.40508640,1.40884757,1.40232778,1.40467191,0,
2018-04-03T23:00:00Z,1.40712285,1.40984070,1.40173817,1.40686548,0,
2018-04-04T23:00:00Z,1.40878808,1.40960217,1.39676511,1.40880787,0,
2018-04-05T23:00:00Z,1.40077603,1.41025817,1.39840579,1.40087414,0,
2018-04-08T23:00:00Z,1.40908575,1.41643071,1.40813339,1.40916514,0,
2018-04-09T23:00:00Z,1.41338754,1.41876173,1.41222990,1.41382718,0,
2018-04-10T23:00:00Z,1.41817820,1.42227268,1.41622996,1.41821837,0,
2018-04-11T23:00:00Z,1.41878188,1.42466378,1.41470730,1.41890252,0,
2018-04-12T23:00:00Z,1.42395377,1.42959249,1.42231321,1.42381179,0,
2018-04-15T23:00:00Z,1.42464352,1.43369174,1.42383206,1.42468405,0,
2018-04-16T23:00:00Z,1.43418515,1.43771112,1.42940855,1.43420577,0,
2018-04-17T23:00:00Z,1.42975616,1.43163931,1.41747463,1.42965388,0,
2018-04-18T23:00:00Z,1.42031336,1.42470431,1.41667140,1.42043436,0,
2018-04-19T23:00:00Z,1.40843093,1.40884757,1.40089381,1.40864909,0,
2018-04-22T23:00:00Z,1.40034449,1.40429711,1.39388371,1.40016794,0,
2018-04-23T23:00:00Z,1.39384472,1.39819074,1.39198220,1.39382529,0,
2018-04-25T23:00:00Z,1.39359224,1.39961934,1.38960302,1.39392245,0,
2018-04-26T23:00:00Z,1.39171100,1.39353406,1.37502408,1.39194334,0,
2018-04-29T23:00:00Z,1.37699318,1.37931025,1.37166679,1.37710702,0,
2018-04-30T23:00:00Z,1.37722075,1.37760019,1.35910189,1.37722075,0,
2018-05-01T23:00:00Z,1.36106277,1.36647499,1.35825264,1.36093295,0,
2018-05-02T23:00:00Z,1.35736775,1.36289918,1.35402286,1.35738623,0,
2018-05-03T23:00:00Z,1.35723889,1.35869563,1.34945488,1.35723889,0,
2018-05-06T23:00:00Z,1.35332656,1.35758901,1.35171676,1.35319829,0,
2018-05-07T23:00:00Z,1.35692573,1.35912037,1.34856308,1.35703623,0,
2018-05-08T23:00:00Z,1.35538089,1.36059976,1.35000134,1.35534406,0,
2018-05-09T23:00:00Z,1.35464644,1.36176705,1.34618497,1.35446286,0,
2018-05-10T23:00:00Z,1.35244787,1.35961938,1.35034776,1.35233819,0,
2018-05-13T23:00:00Z,1.35503185,1.36072934,1.35448122,1.35538089,0,
2018-05-14T23:00:00Z,1.35611606,1.35740459,1.34529746,1.35624480,0,
2018-05-15T23:00:00Z,1.35025656,1.35215533,1.34578633,1.35001957,0,
2018-05-16T23:00:00Z,1.35501361,1.35692573,1.34756362,1.35483003,0,
2018-05-17T23:00:00Z,1.35124183,1.35281384,1.34562337,1.35153401,0,
2018-05-21T23:00:00Z,1.34309316,1.34909070,1.34143567,1.34318340,0,
2018-05-22T23:00:00Z,1.34444749,1.34444749,1.33079600,1.34410405,0,
2018-05-23T23:00:00Z,1.33714867,1.34224594,1.33509564,1.33713078,0,
2018-05-24T23:00:00Z,1.33840144,1.33850896,1.33067203,1.33834767,0,
2018-05-27T23:00:00Z,1.33079600,1.33475709,1.32973421,1.33090222,0,
2018-05-28T23:00:00Z,1.33138061,1.33262265,1.32077706,1.33155799,0,
2018-05-29T23:00:00Z,1.32557428,1.33084905,1.32432783,1.32538104,0,
2018-05-30T23:00:00Z,1.32865644,1.33493519,1.32786250,1.32835639,0,
2018-05-31T23:00:00Z,1.32890368,1.33618391,1.32562697,1.32893908,0,
2018-06-03T23:00:00Z,1.33547008,1.33994377,1.32969880,1.33564842,0,
2018-06-04T23:00:00Z,1.33180618,1.33924389,1.33033574,1.33164656,0,
2018-06-05T23:00:00Z,1.34069824,1.34444749,1.33999753,1.34060836,0,
2018-06-06T23:00:00Z,1.34246206,1.34734571,1.33750641,1.34215581,0,
2018-06-07T23:00:00Z,1.34156156,1.34363449,1.33577335,1.34192169,0,
2018-06-10T23:00:00Z,1.34111178,1.34404993,1.33457899,1.34138155,0,
2018-06-11T23:00:00Z,1.33714867,1.34228182,1.33473921,1.33743489,0,
2018-06-12T23:00:00Z,1.33745265,1.33815062,1.33139837,1.33725595,0,
2018-06-13T23:00:00Z,1.33832979,1.34455585,1.33074284,1.33827603,0,
2018-06-14T23:00:00Z,1.32552159,1.32978725,1.32133555,1.32566214,0,
2018-06-17T23:00:00Z,1.32749236,1.32766867,1.32282138,1.32751000,0,
2018-06-18T23:00:00Z,1.32555676,1.32749236,1.31518376,1.32587302,0,
2018-06-19T23:00:00Z,1.31740165,1.32159758,1.31499350,1.31733215,0,
2018-06-20T23:00:00Z,1.31729746,1.32701671,1.31032407,1.31752300,0,
2018-06-21T23:00:00Z,1.32485425,1.33155799,1.32464361,1.32478404,0,
2018-06-24T23:00:00Z,1.32627749,1.32908034,1.32227910,1.32624233,0,
2018-06-25T23:00:00Z,1.32786250,1.32943368,1.32135308,1.32784498,0,
2018-06-26T23:00:00Z,1.32201684,1.32343411,1.31278384,1.32210422,0,
2018-06-27T23:00:00Z,1.31195712,1.31216383,1.30519331,1.31204319,0,
2018-06-28T23:00:00Z,1.30775368,1.32082951,1.30705285,1.30751419,0,
2018-07-01T23:00:00Z,1.32082951,1.32082951,1.30963755,1.32077706,0,
2018-07-02T23:00:00Z,1.31407762,1.32082951,1.31178510,1.31440592,0,
2018-07-03T23:00:00Z,1.31943524,1.32275140,1.31726265,1.31943524,0,
2018-07-04T23:00:00Z,1.32292628,1.32735145,1.32062018,1.32292628,0,
2018-07-05T23:00:00Z,1.32229662,1.32800364,1.32046330,1.32257640,0,
2018-07-08T23:00:00Z,1.32943368,1.33600533,1.32103884,1.32978725,0,
2018-07-09T23:00:00Z,1.32555676,1.33014095,1.32271636,1.32555676,0,
2018-07-10T23:00:00Z,1.32599616,1.32837415,1.32313645,1.32573247,0,
2018-07-11T23:00:00Z,1.32068992,1.32429290,1.31821775,1.32100391,0,
2018-07-12T23:00:00Z,1.31783557,1.32199943,1.31035841,1.31804395,0,
2018-07-15T23:00:00Z,1.32292628,1.32927465,1.32240140,1.32276881,0,
2018-07-16T23:00:00Z,1.32362676,1.32696390,1.31463051,1.32364428,0,
2018-07-17T23:00:00Z,1.31094241,1.31199157,1.30123627,1.31061602,0,
2018-07-18T23:00:00Z,1.30782211,1.30838680,1.29590762,1.30782211,0,
2018-07-19T23:00:00Z,1.30225289,1.31147540,1.29979849,1.30230379,0,
2018-07-22T23:00:00Z,1.31487250,1.31578946,1.30992925,1.31471694,0,
2018-07-23T23:00:00Z,1.31044424,1.31578946,1.30736041,1.31027257,0,
2018-07-24T23:00:00Z,1.31527030,1.31771410,1.31342185,1.31521833,0,
2018-07-25T23:00:00Z,1.31997514,1.32126582,1.31156147,1.31995773,0,
2018-07-26T23:00:00Z,1.31097674,1.31302524,1.30835247,1.31087375,0,
2018-07-29T23:00:00Z,1.31113148,1.31527030,1.30991220,1.31118309,0,
2018-07-30T23:00:00Z,1.31364620,1.31752300,1.30953479,1.31354260,0,
2018-07-31T23:00:00Z,1.31183672,1.31457865,1.30975771,1.31216383,0,
2018-08-01T23:00:00Z,1.31252539,1.31285286,1.30189693,1.31261158,0,
2018-08-02T23:00:00Z,1.30157495,1.30430806,1.29762268,1.30181217,0,
2018-08-05T23:00:00Z,1.30015337,1.30072832,1.29207313,1.30035627,0,
2018-08-06T23:00:00Z,1.29424703,1.29735339,1.29382849,1.29449844,0,
2018-08-07T23:00:00Z,1.29466593,1.29617631,1.28554535,1.29466593,0,
2018-08-08T23:00:00Z,1.28799582,1.29113889,1.28435659,1.28816175,0,
2018-08-09T23:00:00Z,1.28300524,1.28386176,1.27260458,1.28284073,0,
2018-08-12T23:00:00Z,1.27588451,1.27926314,1.27330148,1.27588451,0,
2018-08-13T23:00:00Z,1.27588451,1.28180480,1.27351224,1.27627528,0,
2018-08-14T23:00:00Z,1.27194095,1.27325273,1.26633573,1.27177918,0,
2018-08-15T23:00:00Z,1.26968002,1.27544522,1.26893890,1.26938999,0,
2018-08-16T23:00:00Z,1.27127802,1.27485979,1.27000248,1.27145588,0,
2018-08-19T23:00:00Z,1.27459979,1.27767766,1.27304208,1.27471352,0,
2018-08-20T23:00:00Z,1.28027856,1.28771389,1.28001642,1.28042614,0,
2018-08-21T23:00:00Z,1.29072225,1.29366100,1.28716695,1.29055572,0,
2018-08-22T23:00:00Z,1.29057240,1.29092216,1.28175557,1.29047251,0,
2018-08-23T23:00:00Z,1.28104937,1.28801239,1.28008199,1.28106582,0,
2018-08-26T23:00:00Z,1.28569412,1.28932440,1.28300524,1.28609097,0,
2018-08-27T23:00:00Z,1.28947401,1.29315925,1.28628945,1.28967357,0,
2018-08-28T23:00:00Z,1.28716695,1.30140555,1.28462052,1.28676939,0,
2018-08-29T23:00:00Z,1.30361104,1.30429101,1.29900503,1.30359399,0,
2018-08-30T23:00:00Z,1.30116844,1.30286372,1.29617631,1.30110073,0,
2018-09-02T23:00:00Z,1.29220676,1.29349375,1.28562796,1.29230690,0,
2018-09-03T23:00:00Z,1.28678596,1.28700125,1.28139424,1.28690195,0,
2018-09-04T23:00:00Z,1.28594208,1.29792595,1.27932858,1.28584290,0,
2018-09-05T23:00:00Z,1.29140568,1.29599142,1.28972352,1.29148912,0,
2018-09-06T23:00:00Z,1.29282475,1.30242252,1.29185617,1.29254067,0,
2018-09-09T23:00:00Z,1.29280818,1.30521035,1.28982329,1.29302549,0,
2018-09-10T23:00:00Z,1.30279589,1.30804443,1.29767334,1.30264306,0,
2018-09-11T23:00:00Z,1.30174434,1.30444419,1.29841471,1.30155790,0,
2018-09-12T23:00:00Z,1.30451238,1.31200886,1.30276191,1.30454636,0,
2018-09-13T23:00:00Z,1.31106269,1.31433678,1.30736041,1.31113148,0,
2018-09-16T23:00:00Z,1.30710411,1.31566823,1.30701864,1.30732632,0,
2018-09-17T23:00:00Z,1.31466508,1.31710660,1.31207764,1.31463051,0,
2018-09-18T23:00:00Z,1.31665564,1.32117844,1.31204319,1.31684637,0,
2018-09-19T23:00:00Z,1.31406045,1.32961047,1.31400859,1.31411231,0,
2018-09-20T23:00:00Z,1.32714009,1.32784498,1.30584109,1.32708716,0,
2018-09-23T23:00:00Z,1.30809581,1.31665564,1.30645525,1.30804443,0,
2018-09-24T23:00:00Z,1.31171632,1.31757510,1.30972338,1.31173337,0,
2018-09-25T23:00:00Z,1.31804395,1.31960940,1.31411231,1.31799197,0,
2018-09-26T23:00:00Z,1.31696773,1.31804395,1.30970621,1.31728005,0,
2018-09-27T23:00:00Z,1.30777073,1.30907190,1.30025482,1.30787349,0,
2018-09-30T23:00:00Z,1.30395103,1.30975771,1.30140555,1.30390000,0,
2018-10-01T23:00:00Z,1.30439317,1.30497193,1.29441464,1.30435920,0,
2018-10-02T23:00:00Z,1.29797637,1.30201554,1.29646194,1.29819560,0,
2018-10-03T23:00:00Z,1.29416335,1.30369592,1.29245722,1.29406285,0,
2018-10-04T23:00:00Z,1.30220211,1.31075335,1.30055928,1.30242252,0,
2018-10-07T23:00:00Z,1.31261158,1.31326663,1.30301654,1.31271493,0,
2018-10-08T23:00:00Z,1.30931187,1.31471694,1.30354309,1.30931187,0,
2018-10-09T23:00:00Z,1.31558180,1.32100391,1.31378424,1.31570292,0,
2018-10-10T23:00:00Z,1.32048059,1.32457352,1.31849587,1.32067251,0,
2018-10-11T23:00:00Z,1.32315385,1.32573247,1.31523573,1.32341647,0,
2018-10-14T23:00:00Z,1.31025541,1.31790507,1.31025541,1.31039274,0,
2018-10-15T23:00:00Z,1.31547797,1.32369673,1.31426775,1.31547797,0,
2018-10-16T23:00:00Z,1.31880879,1.31926119,1.31018674,1.31872189,0,
2018-10-17T23:00:00Z,1.31016958,1.31319761,1.30580688,1.31044424,0,
2018-10-18T23:00:00Z,1.30201554,1.30580688,1.30133772,1.30242252,0,
2018-10-21T23:00:00Z,1.30684781,1.30898619,1.29612589,1.30654049,0,
2018-10-22T23:00:00Z,1.29651237,1.30408704,1.29399586,1.29659641,0,
2018-10-23T23:00:00Z,1.29812801,1.29920745,1.28907514,1.29812801,0,
2018-10-24T23:00:00Z,1.28856015,1.29188955,1.28121352,1.28882587,0,
2018-10-25T23:00:00Z,1.28226507,1.28336751,1.27787364,1.28246236,0,
2018-10-29T00:00:00Z,1.28310406,1.28518188,1.28006554,1.28310406,0,
2018-10-30T00:00:00Z,1.28018022,1.28155839,1.27305830,1.28024590,0,
2018-10-31T00:00:00Z,1.27064800,1.28292298,1.27024460,1.27089036,0,
2018-11-01T00:00:00Z,1.27655232,1.29740393,1.27648711,1.27694356,0,
2018-11-02T00:00:00Z,1.29993367,1.30395103,1.29624355,1.30037320,0,
2018-11-05T00:00:00Z,1.30055928,1.30352604,1.29671419,1.30055928,0,
2018-11-06T00:00:00Z,1.30599451,1.30956900,1.30237162,1.30580688,0,
2018-11-07T00:00:00Z,1.31149268,1.31743622,1.30756557,1.31125188,0,
2018-11-08T00:00:00Z,1.31273222,1.31502819,1.30893481,1.31285286,0,
2018-11-09T00:00:00Z,1.30664301,1.30701864,1.29743755,1.30667710,0,
2018-11-12T00:00:00Z,1.29384518,1.29483366,1.28282428,1.29384518,0,
2018-11-13T00:00:00Z,1.28554535,1.30401897,1.28531396,1.28579330,0,
2018-11-14T00:00:00Z,1.30176127,1.30298257,1.28934097,1.30140555,0,
2018-11-15T00:00:00Z,1.29853261,1.30284679,1.27448606,1.29861701,0,
2018-11-16T00:00:00Z,1.27661741,1.28771389,1.27661741,1.27665007,0,
2018-11-19T00:00:00Z,1.28551233,1.28811204,1.28049171,1.28331816,0,
2018-11-20T00:00:00Z,1.28569412,1.28811204,1.28042614,1.28597510,0,
2018-11-21T00:00:00Z,1.27877235,1.28205132,1.27751446,1.27891958,0,
2018-11-22T00:00:00Z,1.27766144,1.29212320,1.27738392,1.27772665,0,
2018-11-23T00:00:00Z,1.28758121,1.28849375,1.28008199,1.28759789,0,
2018-11-26T00:00:00Z,1.28190339,1.28627288,1.27983618,1.28122997,0,
2018-11-27T00:00:00Z,1.28122997,1.28205132,1.27273428,1.28122997,0,
2018-11-28T00:00:00Z,1.27420998,1.28060651,1.27338254,1.27437246,0,
2018-11-29T00:00:00Z,1.28229785,1.28518188,1.27567291,1.28241301,0,
2018-11-30T00:00:00Z,1.27841270,1.28068841,1.27369058,1.27844548,0,
2018-12-03T00:00:00Z,1.27502227,1.28242946,1.27000248,1.27534759,0,
2018-12-04T00:00:00Z,1.27291238,1.28340054,1.27171457,1.27258849,0,
2018-12-05T00:00:00Z,1.27197325,1.27926314,1.26733077,1.27205420,0,
2018-12-06T00:00:00Z,1.27271807,1.28001642,1.27003479,1.27276659,0,
2018-12-07T00:00:00Z,1.27808595,1.27885413,1.27338254,1.27785730,0,
2018-12-10T00:00:00Z,1.27203798,1.27567291,1.25134528,1.27210283,0,
2018-12-11T00:00:00Z,1.25596583,1.26347172,1.25037515,1.25612354,0,
2018-12-12T00:00:00Z,1.24943769,1.26707387,1.24812782,1.24929726,0,
2018-12-13T00:00:00Z,1.26248276,1.26866519,1.26109767,1.26286554,0,
2018-12-17T00:00:00Z,1.25862157,1.26447821,1.25760853,1.25855815,0,
2018-12-18T00:00:00Z,1.26154304,1.27050269,1.26117718,1.26157498,0,
2018-12-19T00:00:00Z,1.26545441,1.26790929,1.26084316,1.26550245,0,
2018-12-20T00:00:00Z,1.26251471,1.27053511,1.26151133,1.26278579,0,
2018-12-21T00:00:00Z,1.26699352,1.26972842,1.26336002,1.26697755,0,
2018-12-24T00:00:00Z,1.26500618,1.27365828,1.26369536,1.26489413,0,
2018-12-25T00:00:00Z,1.27129424,1.27779198,1.26678491,1.27108407,0,
2018-12-26T00:00:00Z,1.26893890,1.27197325,1.26651216,1.26887453,0,
2018-12-27T00:00:00Z,1.26484609,1.26712203,1.26187742,1.26487815,0,
2018-12-28T00:00:00Z,1.26460624,1.27000248,1.26364732,1.26462209,0,
2018-12-31T00:00:00Z,1.26892281,1.28139424,1.26818264,1.26935768,0,
2019-01-01T00:00:00Z,1.27502227,1.27567291,1.27145588,1.27380431,0,
2019-01-02T00:00:00Z,1.27523375,1.27733493,1.25846314,1.27542889,0,
2019-01-03T00:00:00Z,1.25187778,1.26382303,1.25187778,1.25219131,0,
2019-01-04T00:00:00Z,1.26289737,1.27396643,1.26178193,1.26288140,0,
2019-01-07T00:00:00Z,1.27328527,1.27877235,1.27242649,1.27349603,0,
2019-01-08T00:00:00Z,1.27869058,1.27923048,1.27148819,1.27860880,0,
2019-01-09T00:00:00Z,1.27388525,1.28029501,1.27177918,1.27378798,0,
2019-01-10T00:00:00Z,1.27995086,1.28011465,1.27305830,1.27996719,0,
2019-01-11T00:00:00Z,1.27583563,1.28374648,1.27166605,1.27539635,0,
2019-01-14T00:00:00Z,1.28498363,1.29277468,1.28210056,1.28498363,0,
2019-01-15T00:00:00Z,1.28761446,1.29165590,1.27562404,1.28749835,0,
2019-01-16T00:00:00Z,1.28728294,1.28957379,1.28272557,1.28721666,0,
2019-01-17T00:00:00Z,1.28847718,1.29399586,1.28361464,1.28857684,0,
2019-01-18T00:00:00Z,1.29829657,1.29937637,1.28920805,1.29839778,0,
2019-01-21T00:00:00Z,1.28534710,1.29107225,1.28316998,1.28534710,0,
2019-01-22T00:00:00Z,1.28927457,1.29671419,1.28559494,1.28917480,0,
2019-01-23T00:00:00Z,1.29567254,1.30802739,1.29458225,1.29577315,0,
2019-01-24T00:00:00Z,1.30831826,1.30958617,1.30137169,1.30821562,0,
2019-01-25T00:00:00Z,1.31121743,1.31766188,1.30635285,1.31216383,0,
2019-01-28T00:00:00Z,1.32077706,1.32100391,1.31387055,1.32084703,0,
2019-01-29T00:00:00Z,1.31599724,1.31966162,1.31314588,1.31601465,0,
2019-01-30T00:00:00Z,1.30806160,1.31199157,1.30580688,1.30804443,0,
2019-01-31T00:00:00Z,1.31168187,1.31606650,1.31011808,1.31171632,0,
2019-02-01T00:00:00Z,1.31092525,1.31147540,1.30458045,1.31094241,0,
2019-02-04T00:00:00Z,1.30785632,1.30987775,1.30422306,1.30773652,0,
2019-02-05T00:00:00Z,1.30308449,1.30514228,1.29299200,1.30310130,0,
2019-02-06T00:00:00Z,1.29584026,1.29785848,1.29299200,1.29572284,0,
2019-02-07T00:00:00Z,1.29344356,1.29947758,1.28562796,1.29344356,0,
2019-02-08T00:00:00Z,1.29490066,1.29769003,1.29245722,1.29491746,0,
2019-02-11T00:00:00Z,1.29372799,1.29399586,1.28600824,1.29367781,0,
2019-02-12T00:00:00Z,1.28647137,1.28965700,1.28343344,1.28640521,0,
2019-02-13T00:00:00Z,1.28909171,1.29570603,1.28609097,1.28920805,0,
2019-02-14T00:00:00Z,1.28567755,1.28784668,1.27740026,1.28567755,0,
2019-02-15T00:00:00Z,1.27991807,1.28597510,1.27865791,1.27983618,0,
2019-02-18T00:00:00Z,1.29032266,1.29372799,1.28939080,1.29055572,0,
2019-02-19T00:00:00Z,1.29227352,1.30466545,1.28965700,1.29240716,0,
2019-02-20T00:00:00Z,1.30616510,1.30854082,1.30137169,1.30613101,0,
2019-02-21T00:00:00Z,1.30439317,1.30924320,1.30276191,1.30451238,0,
2019-02-22T00:00:00Z,1.30408704,1.30806160,1.29721880,1.30413806,0,
2019-02-25T00:00:00Z,1.30643821,1.30958617,1.30570471,1.30655754,0,
2019-02-26T00:00:00Z,1.31266320,1.32802117,1.31233597,1.31271493,0,
2019-02-27T00:00:00Z,1.32610166,1.33488178,1.32345164,1.32580280,0,
2019-02-28T00:00:00Z,1.33161116,1.33209002,1.32650626,1.33182395,0,
2019-03-01T00:00:00Z,1.32648861,1.32863879,1.32147527,1.32648861,0,
2019-03-04T00:00:00Z,1.32378435,1.32548642,1.31689847,1.32397723,0,
2019-03-05T00:00:00Z,1.31787026,1.31973124,1.30994642,1.31785297,0,
2019-03-06T00:00:00Z,1.31561637,1.31708920,1.31259429,1.31566823,0,
2019-03-07T00:00:00Z,1.31800926,1.31873930,1.30893481,1.31821775,0,
2019-03-08T00:00:00Z,1.30924320,1.31080496,1.30059302,1.30924320,0,
2019-03-11T00:00:00Z,1.29841471,1.30975771,1.29622662,1.29883623,0,
2019-03-13T00:00:00Z,1.30647218,1.32304883,1.30647218,1.30667710,0,
2019-03-14T00:00:00Z,1.32842696,1.33315551,1.32110870,1.32856822,0,
2019-03-15T00:00:00Z,1.32573247,1.32961047,1.32072484,1.32585549,0,
2019-03-18T00:00:00Z,1.32975185,1.32996404,1.31319761,1.32971644,0,
2019-03-19T00:00:00Z,1.32643592,1.33086681,1.32427526,1.32643592,0,
2019-03-21T00:00:00Z,1.32065499,1.32292628,1.30679667,1.32053304,0,
2019-03-22T00:00:00Z,1.31302524,1.32220912,1.30840397,1.31323218,0,
2019-03-25T00:00:00Z,1.32065499,1.32457352,1.31629169,1.32065499,0,
2019-03-26T00:00:00Z,1.32081199,1.32615447,1.31648242,1.32152772,0,
2019-03-27T00:00:00Z,1.32103884,1.32460868,1.31679440,1.32114363,0,
2019-03-28T00:00:00Z,1.31528759,1.31995773,1.30763400,1.31527030,0,
2019-03-29T00:00:00Z,1.30541480,1.31283557,1.29804385,1.30565345,0,
2019-03-31T23:00:00Z,1.30218506,1.31478608,1.30115151,1.30228674,0,
2019-04-01T23:00:00Z,1.30693328,1.30838680,1.30167663,1.30689919,0,
2019-04-02T23:00:00Z,1.31254268,1.31960940,1.31238770,1.31276667,0,
2019-04-03T23:00:00Z,1.31783557,1.31908727,1.30684781,1.31769669,0,
2019-04-04T23:00:00Z,1.30734336,1.31193995,1.30057609,1.30770242,0,
2019-04-07T23:00:00Z,1.30371296,1.30718958,1.30352604,1.30381501,0,
2019-04-08T23:00:00Z,1.30618215,1.31166458,1.30340707,1.30633569,0,
2019-04-09T23:00:00Z,1.30531263,1.31039274,1.30493796,1.30572164,0,
2019-04-10T23:00:00Z,1.30975771,1.31095970,1.30643821,1.30992925,0,
2019-04-11T23:00:00Z,1.30546606,1.31302524,1.30514228,1.30560231,0,
2019-04-14T23:00:00Z,1.30847239,1.31199157,1.30806160,1.30838680,0,
2019-04-15T23:00:00Z,1.30991220,1.31044424,1.30451238,1.31027257,0,
2019-04-16T23:00:00Z,1.30446124,1.30679667,1.30318630,1.30463147,0,
2019-04-17T23:00:00Z,1.30393398,1.30524445,1.29976475,1.30393398,0,
2019-04-18T23:00:00Z,1.29937637,1.30099916,1.29886997,1.29944384,0,
2019-04-21T23:00:00Z,1.29937637,1.30005193,1.29769003,1.29937637,0,
2019-04-22T23:00:00Z,1.29819560,1.30187988,1.29294181,1.29814494,0,
2019-04-23T23:00:00Z,1.29387867,1.29634440,1.29167259,1.29381168,0,
2019-04-24T23:00:00Z,1.29038918,1.29167259,1.28670323,1.29048908,0,
2019-04-25T23:00:00Z,1.28977334,1.29433084,1.28882587,1.28960705,0,
2019-04-28T23:00:00Z,1.29210651,1.29466593,1.29058897,1.29202306,0,
2019-04-29T23:00:00Z,1.29317594,1.30461442,1.29279137,1.29324281,0,
2019-04-30T23:00:00Z,1.30407000,1.30924320,1.30352604,1.30398500,0,
2019-05-01T23:00:00Z,1.30548310,1.30801022,1.30189693,1.30531263,0,
2019-05-02T23:00:00Z,1.30316937,1.31769669,1.29915690,1.30332208,0,
2019-05-06T23:00:00Z,1.30974054,1.31295621,1.30420613,1.30992925,0,
2019-05-07T23:00:00Z,1.30683088,1.30821562,1.29910624,1.30688202,0,
2019-05-08T23:00:00Z,1.30140555,1.30260909,1.29683185,1.30120230,0,
2019-05-09T23:00:00Z,1.30098224,1.30463147,1.29930878,1.30096531,0,
2019-05-12T23:00:00Z,1.30089760,1.30408704,1.29508519,1.30106688,0,
2019-05-13T23:00:00Z,1.29639471,1.29718506,1.29092216,1.29631066,0,
2019-05-14T23:00:00Z,1.29060566,1.29225683,1.28290653,1.29065561,0,
2019-05-15T23:00:00Z,1.28458750,1.28551233,1.27903402,1.28475249,0,
2019-05-16T23:00:00Z,1.27978706,1.27991807,1.27213514,1.27977061,0,
2019-05-19T23:00:00Z,1.27302587,1.27575421,1.27168214,1.27315557,0,
2019-05-20T23:00:00Z,1.27278280,1.27942681,1.26861703,1.27291238,0,
2019-05-22T23:00:00Z,1.26633573,1.26834345,1.26058888,1.26641595,0,
2019-05-23T23:00:00Z,1.26646399,1.27171457,1.26494217,1.26646399,0,
2019-05-26T23:00:00Z,1.27228081,1.27485979,1.26683307,1.27247512,0,
2019-05-27T23:00:00Z,1.26808608,1.27000248,1.26558256,1.26823080,0,
2019-05-28T23:00:00Z,1.26598299,1.26696146,1.26125681,1.26596701,0,
2019-05-29T23:00:00Z,1.26294518,1.26406264,1.25839984,1.26294518,0,
2019-05-30T23:00:00Z,1.26070011,1.26364732,1.25601315,1.26097047,0,
2019-06-02T23:00:00Z,1.26404679,1.26582277,1.26130450,1.26395082,0,
2019-06-03T23:00:00Z,1.26630366,1.27058351,1.26446235,1.26641595,0,
2019-06-04T23:00:00Z,1.27037358,1.27440488,1.26932549,1.27027678,0,
2019-06-05T23:00:00Z,1.26868141,1.27419376,1.26696146,1.26885843,0,
2019-06-06T23:00:00Z,1.26984119,1.27617753,1.26893890,1.26984119,0,
2019-06-09T23:00:00Z,1.27226460,1.27291238,1.26561451,1.27229702,0,
2019-06-10T23:00:00Z,1.26921272,1.27276659,1.26729858,1.26911604,0,
2019-06-11T23:00:00Z,1.27231324,1.27586830,1.26884234,1.27244270,0,
2019-06-12T23:00:00Z,1.26935768,1.27056730,1.26649618,1.26934159,0,
2019-06-13T23:00:00Z,1.26798964,1.26839173,1.25901771,1.26800561,0,
2019-06-16T23:00:00Z,1.25944579,1.26055717,1.25552428,1.25960445,0,
2019-06-17T23:00:00Z,1.25406003,1.25609207,1.25071919,1.25415444,0,
2019-06-18T23:00:00Z,1.25664449,1.26385498,1.25454772,1.25666034,0,
2019-06-19T23:00:00Z,1.26537430,1.27257228,1.26537430,1.26566255,0,
2019-06-20T23:00:00Z,1.27055109,1.27244270,1.26449418,1.27079332,0,
2019-06-23T23:00:00Z,1.27505481,1.27666628,1.27110028,1.27508736,0,
2019-06-24T23:00:00Z,1.27395034,1.27839637,1.27124572,1.27396643,0,
2019-06-25T23:00:00Z,1.26908386,1.27069640,1.26641595,1.26906776,0,
2019-06-26T23:00:00Z,1.26956713,1.27242649,1.26668859,1.26984119,0,
2019-06-27T23:00:00Z,1.26739502,1.27341497,1.26660836,1.26774848,0,
2019-06-30T23:00:00Z,1.26937377,1.27080953,1.26329613,1.26945436,0,
2019-07-01T23:00:00Z,1.26441431,1.26486218,1.25863743,1.26446235,0,
2019-07-02T23:00:00Z,1.25976312,1.26023948,1.25588703,1.25982666,0,
2019-07-03T23:00:00Z,1.25838399,1.25928724,1.25705528,1.25827312,0,
2019-07-04T23:00:00Z,1.25833642,1.25870073,1.24829924,1.25830483,0,
2019-07-07T23:00:00Z,1.25261486,1.25407577,1.25012493,1.25255203,0,
2019-07-08T23:00:00Z,1.25187778,1.25203454,1.24412155,1.25164270,0,
2019-07-09T23:00:00Z,1.24573338,1.25211287,1.24452400,1.24585760,0,
2019-07-10T23:00:00Z,1.25062525,1.25722897,1.25062525,1.25081301,0,
2019-07-11T23:00:00Z,1.25226974,1.25626564,1.25226974,1.25234818,0,
2019-07-14T23:00:00Z,1.25722897,1.25764012,1.25118864,1.25719750,0,
2019-07-15T23:00:00Z,1.25203454,1.25203454,1.23974109,1.25179946,0,
2019-07-16T23:00:00Z,1.24087954,1.24393582,1.23834407,1.24120295,0,
2019-07-17T23:00:00Z,1.24350262,1.24954700,1.24291539,1.24347174,0,
2019-07-18T23:00:00Z,1.25439036,1.25549269,1.24964070,1.25418580,0,
2019-07-21T23:00:00Z,1.25103211,1.25156438,1.24576437,1.25128257,0,
2019-07-22T23:00:00Z,1.24730277,1.24817455,1.24203539,1.24748945,0,
2019-07-23T23:00:00Z,1.24378109,1.25212860,1.24294627,1.24390495,0,
2019-07-24T23:00:00Z,1.24856412,1.25179946,1.24652529,1.24859536,0,
2019-07-25T23:00:00Z,1.24537659,1.24595058,1.23777688,1.24534547,0,
2019-07-28T23:00:00Z,1.23777688,1.23839009,1.22159791,1.23766971,0,
2019-07-29T23:00:00Z,1.22174716,1.22201586,1.21210647,1.22174716,0,
2019-07-30T23:00:00Z,1.21579063,1.22467971,1.21472728,1.21616030,0,
2019-07-31T23:00:00Z,1.21546555,1.21546555,1.20819640,1.21537685,0,
2019-08-01T23:00:00Z,1.21272385,1.21449125,1.20917523,1.21242988,0,
2019-08-04T23:00:00Z,1.21491921,1.21881366,1.21031678,1.21521449,0,
2019-08-05T23:00:00Z,1.21561337,1.22097147,1.21428478,1.21582031,0,
2019-08-06T23:00:00Z,1.21722615,1.21914053,1.21222401,1.21697438,0,
2019-08-07T23:00:00Z,1.21416688,1.21832359,1.20977497,1.21432912,0,
2019-08-08T23:00:00Z,1.21447659,1.21477163,1.20573449,1.21437335,0,
2019-08-11T23:00:00Z,1.20219767,1.21006775,1.20192301,1.20219767,0,
2019-08-12T23:00:00Z,1.20802128,1.20976031,1.20435500,1.20787537,0,
2019-08-13T23:00:00Z,1.20641816,1.20999455,1.20467412,1.20641816,0,
2019-08-14T23:00:00Z,1.20603991,1.21425533,1.20510960,1.20603991,0,
2019-08-15T23:00:00Z,1.20921910,1.21773016,1.20831323,1.20916057,0,
2019-08-18T23:00:00Z,1.21598291,1.21727061,1.21058047,1.21610117,0,
2019-08-19T23:00:00Z,1.21297395,1.21672261,1.20669472,1.21315062,0,
2019-08-20T23:00:00Z,1.21653020,1.21758187,1.21147513,1.21623433,0,
2019-08-21T23:00:00Z,1.21315062,1.22697878,1.21096170,1.21322417,0,
2019-08-22T23:00:00Z,1.22514486,1.22779226,1.21964610,1.22518992,0,
2019-08-25T23:00:00Z,1.22619641,1.22838056,1.22094154,1.22624159,0,
2019-08-26T23:00:00Z,1.22216511,1.23052692,1.22100127,1.22219503,0,
2019-08-27T23:00:00Z,1.22821462,1.22895408,1.21636748,1.22832012,0,
2019-08-28T23:00:00Z,1.22174716,1.22310698,1.21845722,1.22185159,0,
2019-08-29T23:00:00Z,1.21853149,1.22237432,1.21621943,1.21865022,0,
2019-09-01T23:00:00Z,1.21593857,1.21758187,1.20390546,1.21592379,0,
2019-09-02T23:00:00Z,1.20653462,1.21024346,1.19594336,1.20666564,0,
2019-09-03T23:00:00Z,1.20918977,1.22204566,1.20867825,1.20904362,0,
2019-09-04T23:00:00Z,1.22454476,1.23533046,1.22129953,1.22488976,0,
2019-09-05T23:00:00Z,1.23258972,1.23441553,1.22889376,1.23239219,0,
2019-09-08T23:00:00Z,1.22869742,1.23811412,1.22369063,1.22830510,0,
2019-09-09T23:00:00Z,1.23464417,1.23751652,1.23084497,1.23453736,0,
2019-09-10T23:00:00Z,1.23531520,1.23711848,1.23228586,1.23548305,0,
2019-09-11T23:00:00Z,1.23351717,1.23592591,1.22863710,1.23347139,0,
2019-09-12T23:00:00Z,1.23304570,1.24703825,1.23286319,1.23293912,0,
2019-09-15T23:00:00Z,1.24984372,1.24984372,1.24020243,1.24973440,0,
2019-09-16T23:00:00Z,1.24273002,1.24953139,1.23946452,1.24285364,0,
2019-09-17T23:00:00Z,1.25031257,1.25062525,1.24413705,1.25026560,0,
2019-09-18T23:00:00Z,1.24700713,1.24985933,1.24424541,1.24705386,0,
2019-09-19T23:00:00Z,1.25266182,1.25830483,1.24647868,1.25250506,0,
2019-09-22T23:00:00Z,1.24708498,1.24917245,1.24152660,1.24719381,0,
2019-09-23T23:00:00Z,1.24356461,1.25021875,1.24155736,1.24345624,0,
2019-09-24T23:00:00Z,1.24859536,1.24878240,1.23568153,1.24859536,0,
2019-09-25T23:00:00Z,1.23592591,1.23808348,1.23049664,1.23595643,0,
2019-09-26T23:00:00Z,1.23304570,1.23365414,1.22731006,1.23319769,0,
2019-09-29T23:00:00Z,1.22928655,1.23438501,1.22848606,1.22931671,0,
2019-09-30T23:00:00Z,1.22905993,1.23137546,1.22106087,1.22899950,0,
2019-10-01T23:00:00Z,1.22931671,1.23178506,1.22286761,1.22922611,0,
2019-10-02T23:00:00Z,1.23052692,1.24126458,1.22669291,1.23043609,0,
2019-10-03T23:00:00Z,1.23398900,1.23578846,1.22774708,1.23423266,0,
2019-10-06T23:00:00Z,1.23350191,1.23380625,1.22895408,1.23344111,0,
2019-10-07T23:00:00Z,1.22887862,1.23031497,1.21992874,1.22880316,0,
2019-10-08T23:00:00Z,1.22207558,1.22832012,1.22003293,1.22195613,0,
2019-10-09T23:00:00Z,1.22126961,1.23848212,1.22095656,1.22129953,0,
2019-10-10T23:00:00Z,1.24316251,1.27003479,1.24300814,1.24331713,0,
2019-10-13T23:00:00Z,1.26109767,1.26467025,1.25221956,1.26189971,0,
2019-10-14T23:00:00Z,1.26090693,1.27895236,1.26036644,1.26117718,0,
2019-10-15T23:00:00Z,1.27591705,1.28617370,1.26681697,1.27606356,0,
2019-10-16T23:00:00Z,1.28200030,1.29784167,1.27557528,1.28238010,0,
2019-10-17T23:00:00Z,1.28669989,1.29148912,1.28407609,1.28686047,0,
2019-10-20T23:00:00Z,1.29027259,1.30127001,1.28907514,1.29002297,0,
2019-10-21T23:00:00Z,1.29715145,1.29886997,1.28940749,1.29716825,0,
2019-10-22T23:00:00Z,1.28847718,1.28949070,1.28425753,1.28847718,0,
2019-10-23T23:00:00Z,1.29208982,1.29478335,1.28080332,1.29232359,0,
2019-10-24T23:00:00Z,1.28409266,1.28602481,1.28052449,1.28402674,0,
2019-10-28T00:00:00Z,1.28285718,1.28751493,1.28122997,1.28320289,0,
2019-10-29T00:00:00Z,1.28574359,1.29047251,1.28098381,1.28574359,0,
2019-10-30T00:00:00Z,1.28667009,1.29045582,1.28589249,1.28667009,0,
2019-11-01T00:00:00Z,1.29386187,1.29735339,1.29347706,1.29396236,0,
2019-11-04T00:00:00Z,1.29399586,1.29449844,1.29012275,1.29376149,0,
2019-11-05T00:00:00Z,1.28869307,1.29145575,1.28610742,1.28915823,0,
2019-11-06T00:00:00Z,1.28783000,1.28977334,1.28676939,1.28806233,0,
2019-11-07T00:00:00Z,1.28566110,1.28771389,1.27962327,1.28567755,0,
2019-11-08T00:00:00Z,1.28114796,1.28221560,1.27697611,1.27799928,0,
2019-11-11T00:00:00Z,1.27965605,1.28917480,1.27867424,1.27963960,0,
2019-11-12T00:00:00Z,1.28544617,1.28683567,1.28172266,1.28584290,0,
2019-11-13T00:00:00Z,1.28534710,1.28600824,1.28249514,1.28521490,0,
2019-11-14T00:00:00Z,1.28519833,1.28915823,1.28259397,1.28538001,0,
2019-11-15T00:00:00Z,1.28827798,1.29173934,1.28691840,1.28817844,0,
2019-11-18T00:00:00Z,1.29197299,1.29821229,1.29165590,1.29212320,0,
2019-11-19T00:00:00Z,1.29496777,1.29718506,1.29254067,1.29508519,0,
2019-11-21T00:00:00Z,1.29269111,1.29701686,1.29000628,1.29270780,0,
2019-11-22T00:00:00Z,1.29192293,1.29299200,1.28267622,1.29198968,0,
2019-11-25T00:00:00Z,1.28509927,1.29132235,1.28419161,1.28534710,0,
2019-11-26T00:00:00Z,1.28975677,1.29048908,1.28384542,1.28972352,0,
2019-11-27T00:00:00Z,1.28592551,1.28927457,1.28282428,1.28609097,0,
2019-11-28T00:00:00Z,1.29307556,1.29516912,1.29012275,1.29299200,0,
2019-11-29T00:00:00Z,1.29107225,1.29433084,1.28819501,1.29128897,0,
2019-12-02T00:00:00Z,1.29112232,1.29433084,1.28980672,1.29128897,0,
2019-12-03T00:00:00Z,1.29384518,1.30081296,1.29314244,1.29406285,0,
2019-12-04T00:00:00Z,1.29969716,1.31199157,1.29844832,1.29978168,0,
2019-12-05T00:00:00Z,1.31105077,1.31665564,1.31061602,1.31113148,0,
2019-12-06T00:00:00Z,1.31585872,1.31651700,1.31018674,1.31584144,0,
2019-12-09T00:00:00Z,1.31440592,1.31804395,1.31371522,1.31395686,0,
2019-12-10T00:00:00Z,1.31459606,1.31887841,1.31345642,1.31457865,0,
2019-12-11T00:00:00Z,1.31321490,1.31870461,1.31132066,1.31312871,0,
2019-12-12T00:00:00Z,1.32004488,1.32292628,1.31164753,1.32000995,0,
2019-12-13T00:00:00Z,1.34765434,1.35098624,1.33095539,1.34752727,0,
2019-12-16T00:00:00Z,1.33552361,1.34170556,1.33262265,1.33532739,0,
2019-12-17T00:00:00Z,1.32717526,1.33049488,1.31040990,1.32724571,0,
2019-12-18T00:00:00Z,1.31221545,1.31255984,1.30623341,1.31221545,0,
2019-12-19T00:00:00Z,1.30847239,1.31295621,1.29966342,1.30872917,0,
2019-12-20T00:00:00Z,1.30164266,1.30783916,1.30082989,1.30174434,0,
2019-12-23T00:00:00Z,1.30052543,1.30325413,1.29070556,1.30054235,0,
2019-12-24T00:00:00Z,1.29444814,1.29694951,1.29230690,1.29449844,0,
2019-12-25T00:00:00Z,1.29349375,1.29869962,1.29230022,1.29349375,0,
2019-12-26T00:00:00Z,1.29718506,1.30157495,1.29612589,1.29735339,0,
2019-12-27T00:00:00Z,1.30028868,1.31181943,1.29721880,1.30022097,0,
2019-12-30T00:00:00Z,1.30914044,1.31527030,1.30876350,1.30919182,0,
2019-12-31T00:00:00Z,1.31164753,1.32819760,1.31095970,1.31130338,0,
2020-01-01T00:00:00Z,1.32540035,1.32709956,1.32187700,1.32625997,0,
2020-01-02T00:00:00Z,1.32504737,1.32678783,1.31250823,1.32502985,0,
2020-01-03T00:00:00Z,1.31438863,1.31611860,1.30548310,1.31527030,0,
2020-01-06T00:00:00Z,1.30813003,1.31739986,1.30654049,1.30801022,0,
2020-01-07T00:00:00Z,1.31719327,1.32121348,1.30963755,1.31700253,0,
2020-01-08T00:00:00Z,1.31113148,1.31695056,1.30826688,1.31137216,0,
2020-01-09T00:00:00Z,1.31058168,1.31245649,1.30150712,1.31051302,0,
2020-01-10T00:00:00Z,1.30693328,1.30956900,1.30493796,1.30701864,0,
2020-01-13T00:00:00Z,1.30437613,1.30463147,1.29619312,1.30456340,0,
2020-01-14T00:00:00Z,1.29877055,1.30189693,1.29567254,1.29881942,0,
2020-01-15T00:00:00Z,1.30225289,1.30412102,1.29892063,1.30225289,0,
2020-01-16T00:00:00Z,1.30412102,1.30816424,1.30289757,1.30412102,0,
2020-01-17T00:00:00Z,1.30778790,1.31157851,1.30177820,1.30787349,0,
2020-01-20T00:00:00Z,1.30071151,1.30096531,1.29647875,1.30072832,0,
2020-01-21T00:00:00Z,1.30072832,1.30840397,1.29959917,1.30055928,0,
2020-01-22T00:00:00Z,1.30463147,1.31497633,1.30378091,1.30480170,0,
2020-01-23T00:00:00Z,1.31475151,1.31518376,1.30984342,1.31447494,0,
2020-01-24T00:00:00Z,1.31199157,1.31606650,1.30599451,1.31199157,0,
2020-01-27T00:00:00Z,1.30616510,1.31030679,1.30514228,1.30618215,0,
2020-01-28T00:00:00Z,1.30599451,1.30684781,1.29775739,1.30601156,0,
2020-01-29T00:00:00Z,1.30240035,1.30310130,1.29912305,1.30245638,0,
2020-01-30T00:00:00Z,1.30225289,1.31095970,1.29804385,1.30220211,0,
2020-01-31T00:00:00Z,1.30862653,1.31960940,1.30862653,1.30890048,0,
2020-02-03T00:00:00Z,1.31807876,1.31833935,1.30013645,1.31816566,0,
2020-02-04T00:00:00Z,1.29973102,1.30425715,1.29439783,1.29974794,0,
2020-02-05T00:00:00Z,1.30313540,1.30700159,1.29585707,1.30327117,0,
2020-02-06T00:00:00Z,1.29971409,1.30005193,1.29240716,1.29971409,0,
2020-02-07T00:00:00Z,1.29300869,1.29550457,1.29000628,1.29302549,0,
2020-02-10T00:00:00Z,1.28889227,1.29483366,1.28741550,1.28915823,0,
2020-02-11T00:00:00Z,1.29165590,1.29684865,1.28960705,1.29182279,0,
2020-02-12T00:00:00Z,1.29565573,1.29920745,1.29533672,1.29565573,0,
2020-02-13T00:00:00Z,1.29585707,1.30686498,1.29453182,1.29575646,0,
2020-02-14T00:00:00Z,1.30447829,1.30633569,1.30039012,1.30468249,0,
2020-02-17T00:00:00Z,1.30509114,1.30531263,1.30044079,1.30529559,0,
2020-02-18T00:00:00Z,1.30054235,1.30490375,1.29725242,1.30089760,0,
2020-02-19T00:00:00Z,1.29998434,1.30216813,1.29280818,1.30022097,0,
2020-02-20T00:00:00Z,1.29282475,1.29304206,1.28514886,1.29282475,0,
2020-02-21T00:00:00Z,1.28814518,1.29769003,1.28796268,1.28832781,0,
2020-02-24T00:00:00Z,1.29520261,1.29549956,1.28889227,1.29537034,0,
2020-02-25T00:00:00Z,1.29252410,1.30179513,1.29165590,1.29265773,0,
2020-02-26T00:00:00Z,1.30023789,1.30106688,1.29132235,1.30033946,0,
2020-02-27T00:00:00Z,1.29072225,1.29453182,1.28625631,1.29068899,0,
2020-02-28T00:00:00Z,1.28892553,1.29188955,1.27544522,1.28889227,0,
2020-03-02T00:00:00Z,1.28055727,1.28518188,1.27419376,1.28070486,0,
2020-03-03T00:00:00Z,1.27663374,1.28374648,1.27598214,1.27671528,0,
2020-03-04T00:00:00Z,1.28211713,1.28460395,1.27715552,1.28208411,0,
2020-03-05T00:00:00Z,1.28721666,1.29458225,1.28617370,1.28749835,0,
2020-03-06T00:00:00Z,1.29499960,1.30497193,1.29499960,1.29506838,0,
2020-03-09T00:00:00Z,1.30965483,1.31997514,1.30364501,1.30992925,0,
2020-03-10T00:00:00Z,1.30753136,1.30883205,1.29344356,1.30753136,0,
2020-03-11T00:00:00Z,1.29068899,1.29774070,1.28554535,1.29097223,0,
2020-03-12T00:00:00Z,1.28175557,1.28518188,1.25429595,1.28182125,0,
2020-03-13T00:00:00Z,1.25727654,1.26249874,1.24006391,1.25702357,0,
2020-03-16T00:00:00Z,1.24003327,1.24003327,1.22228479,1.23998702,0,
2020-03-17T00:00:00Z,1.22693372,1.22705412,1.20092714,1.22666276,0,
2020-03-18T00:00:00Z,1.21160722,1.21303284,1.17464638,1.21216524,0,
2020-03-19T00:00:00Z,1.16110313,1.17885602,1.14768398,1.16253388,0,
2020-03-20T00:00:00Z,1.14963663,1.19243515,1.14821112,1.14943850,0,
2020-03-23T00:00:00Z,1.16086042,1.17116594,1.14802647,1.16230416,0,
2020-03-24T00:00:00Z,1.15978336,1.17896724,1.15837276,1.15955472,0,
2020-03-25T00:00:00Z,1.17914796,1.19731796,1.16471386,1.17920363,0,
2020-03-26T00:00:00Z,1.18441319,1.21391630,1.18225670,1.18511498,0,
2020-03-27T00:00:00Z,1.21933377,1.23799145,1.21534741,1.22006261,0,
2020-03-29T23:00:00Z,1.24486494,1.24672735,1.23198223,1.24531913,0,
2020-03-30T23:00:00Z,1.23655248,1.24694502,1.22673798,1.23716438,0,
2020-03-31T23:00:00Z,1.24115670,1.24384296,1.23350191,1.24084878,0,
2020-04-01T23:00:00Z,1.23817539,1.24655640,1.23549831,1.23823667,0,
2020-04-05T23:00:00Z,1.22195613,1.23274159,1.22128451,1.22201586,0,
2020-04-06T23:00:00Z,1.22348106,1.23823667,1.22204566,1.22405016,0,
2020-04-07T23:00:00Z,1.23374534,1.24180400,1.22895408,1.23386729,0,
2020-04-08T23:00:00Z,1.23917270,1.24752057,1.23624671,1.23931086,0,
2020-04-09T23:00:00Z,1.24598169,1.24881363,1.24495792,1.24548507,0,
2020-04-12T23:00:00Z,1.24590409,1.25333703,1.24557817,1.24610591,0,
2020-04-13T23:00:00Z,1.25203454,1.26208448,1.25117302,1.25239515,0,
2020-04-14T23:00:00Z,1.26240313,1.26278579,1.24407506,1.26262629,0,
2020-04-15T23:00:00Z,1.25219131,1.25266182,1.24143410,1.25209725,0,
2020-04-16T23:00:00Z,1.24878240,1.25231671,1.24086416,1.24878240,0,
2020-04-19T23:00:00Z,1.24875116,1.24915683,1.24181950,1.24875116,0,
2020-04-20T23:00:00Z,1.24424541,1.24440014,1.22634685,1.24427629,0,
2020-04-21T23:00:00Z,1.23023927,1.23831344,1.22759640,1.22986102,0,
2020-04-22T23:00:00Z,1.23225558,1.24157286,1.23093581,1.23239219,0,
2020-04-23T23:00:00Z,1.23531520,1.23742461,1.22996688,1.23522365,0,
2020-04-26T23:00:00Z,1.23685837,1.24537659,1.23612452,1.23665953,0,
2020-04-27T23:00:00Z,1.24223602,1.25184643,1.24057174,1.24226689,0,
2020-04-28T23:00:00Z,1.24339449,1.24862647,1.23904991,1.24356461,0,
2020-04-29T23:00:00Z,1.24691391,1.26377523,1.24299264,1.24714720,0,
2020-05-03T23:00:00Z,1.24565578,1.24688280,1.24064863,1.24542308,0,
2020-05-04T23:00:00Z,1.24481845,1.24803436,1.24222052,1.24455512,0,
2020-05-05T23:00:00Z,1.24452400,1.24501991,1.23377585,1.24442029,0,
2020-05-06T23:00:00Z,1.23274159,1.24146497,1.22699392,1.23255932,0,
2020-05-07T23:00:00Z,1.23740935,1.24635446,1.23577321,1.23759317,0,
2020-05-10T23:00:00Z,1.24163449,1.24378109,1.22857666,1.24174237,0,
2020-05-11T23:00:00Z,1.23322809,1.23762369,1.22886360,1.23334980,0,
2020-05-12T23:00:00Z,1.22537005,1.23374534,1.22219503,1.22549021,0,
2020-05-14T23:00:00Z,1.22339129,1.22381043,1.21163654,1.22339129,0,
2020-05-18T23:00:00Z,1.22025621,1.22693372,1.21848691,1.22000313,0,
2020-05-19T23:00:00Z,1.22594094,1.22869742,1.22231460,1.22559536,0,
2020-05-20T23:00:00Z,1.22354090,1.22494984,1.21865022,1.22369063,0,
2020-05-21T23:00:00Z,1.22261345,1.22354090,1.21633792,1.22234452,0,
2020-05-24T23:00:00Z,1.21866512,1.22039020,1.21650064,1.21860564,0,
2020-05-25T23:00:00Z,1.22004783,1.23627734,1.21985435,1.22013712,0,
2020-05-26T23:00:00Z,1.23350191,1.23493385,1.22094154,1.23350191,0,
2020-05-27T23:00:00Z,1.22631669,1.23350191,1.22354090,1.22648227,0,
2020-05-28T23:00:00Z,1.23196709,1.23921883,1.22933185,1.23214924,0,
2020-05-31T23:00:00Z,1.23453736,1.24850178,1.23453736,1.23479962,0,
2020-06-01T23:00:00Z,1.24884486,1.25754523,1.24795651,1.24870443,0,
2020-06-02T23:00:00Z,1.25789332,1.26130450,1.25549269,1.25814652,0,
2020-06-03T23:00:00Z,1.25745034,1.26222789,1.25015628,1.25751364,0,
2020-06-04T23:00:00Z,1.26028705,1.27297723,1.25843143,1.26090693,0,
2020-06-08T23:00:00Z,1.27323663,1.27549398,1.26269007,1.27352834,0,
2020-06-09T23:00:00Z,1.27113259,1.28003275,1.27074492,1.27113259,0,
2020-06-10T23:00:00Z,1.27142346,1.27503860,1.26249874,1.27106798,0,
2020-06-11T23:00:00Z,1.25756109,1.26508617,1.25233245,1.25770342,0,
2020-06-14T23:00:00Z,1.25123560,1.25784588,1.24562478,1.25087559,0,
2020-06-15T23:00:00Z,1.26382303,1.26871347,1.25602901,1.26377523,0,
2020-06-16T23:00:00Z,1.25838399,1.25873244,1.25142348,1.25851071,0,
2020-06-17T23:00:00Z,1.25516188,1.25632870,1.24046385,1.25527215,0,
2020-06-18T23:00:00Z,1.24248290,1.24548507,1.23508632,1.24268377,0,
2020-06-21T23:00:00Z,1.23455262,1.24550068,1.23373020,1.23481178,0,
2020-06-22T23:00:00Z,1.24993753,1.25316417,1.24337900,1.25015628,0,
2020-06-23T23:00:00Z,1.25280309,1.25430071,1.24169612,1.25248933,0,
2020-06-24T23:00:00Z,1.24151123,1.24641657,1.23935699,1.24129546,0,
2020-06-25T23:00:00Z,1.24242115,1.24368834,1.23172438,1.24254477,0,
2020-06-28T23:00:00Z,1.23409557,1.23900390,1.22541511,1.23421741,0,
2020-06-29T23:00:00Z,1.23107219,1.23920345,1.22600102,1.23105717,0,
2020-06-30T23:00:00Z,1.23886573,1.24773848,1.23603284,1.23892713,0,
2020-07-01T23:00:00Z,1.24682069,1.25297582,1.24618351,1.24647868,0,
2020-07-02T23:00:00Z,1.24669635,1.24862647,1.24407506,1.24664032,0,
2020-07-06T23:00:00Z,1.24945331,1.25909698,1.24638546,1.24954700,0,
2020-07-07T23:00:00Z,1.25379276,1.26003301,1.25101638,1.25428021,0,
2020-07-08T23:00:00Z,1.26127255,1.26694536,1.26022351,1.26135218,0,
2020-07-09T23:00:00Z,1.26065254,1.26639986,1.25691307,1.26050949,0,
2020-07-12T23:00:00Z,1.26269007,1.26664054,1.25930309,1.26275063,0,
2020-07-13T23:00:00Z,1.25497282,1.25596583,1.24819016,1.25517762,0,
2020-07-14T23:00:00Z,1.25711846,1.26497412,1.25643933,1.25692880,0,
2020-07-15T23:00:00Z,1.25903356,1.26243496,1.25209725,1.25910020,0,
2020-07-16T23:00:00Z,1.25601315,1.25722897,1.25134528,1.25595009,0,
2020-07-19T23:00:00Z,1.25722897,1.26593494,1.25190914,1.25711846,0,
2020-07-20T23:00:00Z,1.26646399,1.27513611,1.26527822,1.26617539,0,
2020-07-21T23:00:00Z,1.27344739,1.27408016,1.26457417,1.27307451,0,
2020-07-22T23:00:00Z,1.27309072,1.27598214,1.26742721,1.27299345,0,
2020-07-23T23:00:00Z,1.27305830,1.27947593,1.27200568,1.27307451,0,
2020-07-27T23:00:00Z,1.28887570,1.29488385,1.28414214,1.28897536,0,
2020-07-28T23:00:00Z,1.29272461,1.29937637,1.29127228,1.29237378,0,
2020-07-29T23:00:00Z,1.29826295,1.30698442,1.29456544,1.29824615,0,
2020-07-30T23:00:00Z,1.31175065,1.31696773,1.31066751,1.31178510,0,
2020-08-02T23:00:00Z,1.31010091,1.31116593,1.30059302,1.31016958,0,
2020-08-03T23:00:00Z,1.30780506,1.31063318,1.29841971,1.30787349,0,
2020-08-04T23:00:00Z,1.30869496,1.31620502,1.30604565,1.30860937,0,
2020-08-05T23:00:00Z,1.31269777,1.31851327,1.31197441,1.31268048,0,
2020-08-06T23:00:00Z,1.31343913,1.31480336,1.30116844,1.31380153,0,
2020-08-09T23:00:00Z,1.30529559,1.31020391,1.30196464,1.30522740,0,
2020-08-10T23:00:00Z,1.30761683,1.31312871,1.30573869,1.30771947,0,
2020-08-11T23:00:00Z,1.30543184,1.30667710,1.30072832,1.30507410,0,
2020-08-12T23:00:00Z,1.30497193,1.31216383,1.30450034,1.30480170,0,
2020-08-13T23:00:00Z,1.30700159,1.31416404,1.30507410,1.30705285,0,
2020-08-16T23:00:00Z,1.31044424,1.31212926,1.30748010,1.31070018,0,
2020-08-17T23:00:00Z,1.31078780,1.32404733,1.31071913,1.31078780,0,
2020-08-18T23:00:00Z,1.32531071,1.32673502,1.31736684,1.32539856,0,
2020-08-19T23:00:00Z,1.31075335,1.31936562,1.30660892,1.31107998,0,
2020-08-20T23:00:00Z,1.32215667,1.32548642,1.30640399,1.32203436,0,
2020-08-23T23:00:00Z,1.30927753,1.31492436,1.30645525,1.30941463,0,
2020-08-24T23:00:00Z,1.30720663,1.31705451,1.30597746,1.30713820,0,
2020-08-25T23:00:00Z,1.31492436,1.32124829,1.31181943,1.31521833,0,
2020-08-26T23:00:00Z,1.32189453,1.32798064,1.31667304,1.32198191,0,
2020-08-27T23:00:00Z,1.31997001,1.33536303,1.31882620,1.31995773,0,
2020-08-30T23:00:00Z,1.33550572,1.33931565,1.33026481,1.33564842,0,
2020-08-31T23:00:00Z,1.33650529,1.34807229,1.33564842,1.33645165,0,
2020-09-01T23:00:00Z,1.34005141,1.34014118,1.32853293,1.33994377,0,
2020-09-03T23:00:00Z,1.32669973,1.33182395,1.31780076,1.32622480,0,
2020-09-06T23:00:00Z,1.32483673,1.32590830,1.31430221,1.32457352,0,
2020-09-07T23:00:00Z,1.31625712,1.31665564,1.30121922,1.31622243,0,
2020-09-08T23:00:00Z,1.29679811,1.30179513,1.28872621,1.29684865,0,
2020-09-09T23:00:00Z,1.29988301,1.30335617,1.28440607,1.29991674,0,
2020-09-10T23:00:00Z,1.28108227,1.28600824,1.27658486,1.28082955,0,
2020-09-13T23:00:00Z,1.28098381,1.29150569,1.27919769,1.28065574,0,
2020-09-14T23:00:00Z,1.28468657,1.29249060,1.28172266,1.28496718,0,
2020-09-15T23:00:00Z,1.28832781,1.30057609,1.28783000,1.28847718,0,
2020-09-16T23:00:00Z,1.29610908,1.29951143,1.28665352,1.29599988,0,
2020-09-17T23:00:00Z,1.29841471,1.29991674,1.29366100,1.29755545,0,
2020-09-20T23:00:00Z,1.29334307,1.29661322,1.27815950,1.29327619,0,
2020-09-21T23:00:00Z,1.28167343,1.28658736,1.27140725,1.28205132,0,
2020-09-22T23:00:00Z,1.27435613,1.27757978,1.26795745,1.27440488,0,
2020-09-23T23:00:00Z,1.27179539,1.27744925,1.26927710,1.27174687,0,
2020-09-24T23:00:00Z,1.27565670,1.28037691,1.26913214,1.27570546,0,
2020-09-27T23:00:00Z,1.27653921,1.29190624,1.27531493,1.27668262,0,
2020-09-28T23:00:00Z,1.28728294,1.28987324,1.28364754,1.28734922,0,
2020-09-29T23:00:00Z,1.28650463,1.29396236,1.28078687,1.28665352,0,
2020-09-30T23:00:00Z,1.29182279,1.29802704,1.28229785,1.29175603,0,
2020-10-01T23:00:00Z,1.28856015,1.29510188,1.28396070,1.28862655,0,
2020-10-04T23:00:00Z,1.29280818,1.29875195,1.29015613,1.29310906,0,
2020-10-05T23:00:00Z,1.29920745,1.30089760,1.29234028,1.29925811,0,
2020-10-06T23:00:00Z,1.28847718,1.29292512,1.28503323,1.28832781,0,
2020-10-07T23:00:00Z,1.29165590,1.29693282,1.28965700,1.29175603,0,
2020-10-08T23:00:00Z,1.29392886,1.30150712,1.29267442,1.29404616,0,
2020-10-11T23:00:00Z,1.30293167,1.30797601,1.30055928,1.30316937,0,
2020-10-12T23:00:00Z,1.30659175,1.30674541,1.29619312,1.30657470,0,
2020-10-13T23:00:00Z,1.29332650,1.30626750,1.28667009,1.29352725,0,
2020-10-14T23:00:00Z,1.30143940,1.30293167,1.28925788,1.30123627,0,
2020-10-15T23:00:00Z,1.29030597,1.29617631,1.28733265,1.29020607,0,
2020-10-18T23:00:00Z,1.29277468,1.30228674,1.29249060,1.29277468,0,
2020-10-19T23:00:00Z,1.29469955,1.29779112,1.29127228,1.29486716,0,
2020-10-21T23:00:00Z,1.31311142,1.31499350,1.30717242,1.31319761,0,
2020-10-22T23:00:00Z,1.30783916,1.31144094,1.30226994,1.30780506,0,
2020-10-26T00:00:00Z,1.30536377,1.30725789,1.29954517,1.30546606,0,
2020-10-27T00:00:00Z,1.30172741,1.30778790,1.30025482,1.30157495,0,
2020-10-28T00:00:00Z,1.30316937,1.30635285,1.29183948,1.30318630,0,
2020-10-29T00:00:00Z,1.29878569,1.30252433,1.28836095,1.29898810,0,
2020-10-30T00:00:00Z,1.29320931,1.29875195,1.29000628,1.29319263,0,
2020-11-02T00:00:00Z,1.29270780,1.29424703,1.28567755,1.29267442,0,
2020-11-03T00:00:00Z,1.29240048,1.30770242,1.29160583,1.29239035,0,
2020-11-04T00:00:00Z,1.31326663,1.31376696,1.29178941,1.31216383,0,
2020-11-05T00:00:00Z,1.29610908,1.31324935,1.29426384,1.29668045,0,
2020-11-06T00:00:00Z,1.31383610,1.31759250,1.30955184,1.31393957,0,
2020-11-09T00:00:00Z,1.31792247,1.32058525,1.31216383,1.31806135,0,
2020-11-10T00:00:00Z,1.31675971,1.32763338,1.31587613,1.31696773,0,
2020-11-11T00:00:00Z,1.32615447,1.32945132,1.31943524,1.32615447,0,
2020-11-12T00:00:00Z,1.32240140,1.32287383,1.31255984,1.32241893,0,
2020-11-13T00:00:00Z,1.31238770,1.31868708,1.31113148,1.31216383,0,
2020-11-16T00:00:00Z,1.32198191,1.32418764,1.31686378,1.32205188,0,
2020-11-17T00:00:00Z,1.32231402,1.32714009,1.31938314,1.32220912,0,
2020-11-18T00:00:00Z,1.32592583,1.33111477,1.32450330,1.32590830,0,
2020-11-19T00:00:00Z,1.32448578,1.32634974,1.31995773,1.32564461,0,
2020-11-23T00:00:00Z,1.33033574,1.33976424,1.32666469,1.33051264,0,
2020-11-24T00:00:00Z,1.33235633,1.33797169,1.32959270,1.33290672,0,
2020-11-25T00:00:00Z,1.33623743,1.33935142,1.33070743,1.33632672,0,
2020-11-26T00:00:00Z,1.33847308,1.33987010,1.33230305,1.33854473,0,
2020-11-27T00:00:00Z,1.33522046,1.33811486,1.32959270,1.33545232,0,
2020-11-30T00:00:00Z,1.33306670,1.33813286,1.33063662,1.33319116,0,
2020-12-01T00:00:00Z,1.33372462,1.34385121,1.33191264,1.33368897,0,
2020-12-02T00:00:00Z,1.34222782,1.34414029,1.32916868,1.34226382,0,
2020-12-03T00:00:00Z,1.33709502,1.35000134,1.33543444,1.33707714,0,
2020-12-04T00:00:00Z,1.34526122,1.35376620,1.34181356,1.34549665,0,
2020-12-07T00:00:00Z,1.34156156,1.34365261,1.32274079,1.34174156,0,
2020-12-08T00:00:00Z,1.33570206,1.33849096,1.32916868,1.33573759,0,
2020-12-09T00:00:00Z,1.33664823,1.34765434,1.33627307,1.33655894,0,
2020-12-10T00:00:00Z,1.33666599,1.33895695,1.32499480,1.33670187,0,
2020-12-11T00:00:00Z,1.33022952,1.33249998,1.31369793,1.33056581,0,
2020-12-14T00:00:00Z,1.33182395,1.34437513,1.32932758,1.33182395,0,
2020-12-15T00:00:00Z,1.33253920,1.34486330,1.32851529,1.33308446,0,
2020-12-16T00:00:00Z,1.34476018,1.35501361,1.34354424,1.34444749,0,
2020-12-17T00:00:00Z,1.35029292,1.36219370,1.34967339,1.35029292,0,
2020-12-18T00:00:00Z,1.35694420,1.35723889,1.34747291,1.35701787,0,
2020-12-21T00:00:00Z,1.34026706,1.34118378,1.31922638,1.34019518,0,
2020-12-22T00:00:00Z,1.34482718,1.34565949,1.33095539,1.34495366,0,
2020-12-23T00:00:00Z,1.33974624,1.35613453,1.33729172,1.33994377,0,
2020-12-25T00:00:00Z,1.35696256,1.36129987,1.35153401,1.35520089,0,
2020-12-28T00:00:00Z,1.35736775,1.35777318,1.34359837,1.35723889,0,
2020-12-29T00:00:00Z,1.34656560,1.35206389,1.34618497,1.34660184,0,
2020-12-30T00:00:00Z,1.34976447,1.36174846,1.34945488,1.34999037,0,
2020-12-31T00:00:00Z,1.36299205,1.36845696,1.36093295,1.36306632,0,
2021-01-01T00:00:00Z,1.36900043,1.36900043,1.36660004,1.36730075,0,
2021-01-04T00:00:00Z,1.36826980,1.37037921,1.35490334,1.36841965,0,
2021-01-05T00:00:00Z,1.35729408,1.36258340,1.35556459,1.35715961,0,
2021-01-06T00:00:00Z,1.36263907,1.36697924,1.35429776,1.36295497,0,
2021-01-07T00:00:00Z,1.36223090,1.36338222,1.35413289,1.36252773,0,
2021-01-08T00:00:00Z,1.35681522,1.36317790,1.35404122,1.35696256,0,
2021-01-11T00:00:00Z,1.35210049,1.35297859,1.34542418,1.35162532,0,
2021-01-12T00:00:00Z,1.35257602,1.36356819,1.35076714,1.35241139,0,
2021-01-13T00:00:00Z,1.36688960,1.36999440,1.36224937,1.36705399,0,
2021-01-14T00:00:00Z,1.36472189,1.36931908,1.36172998,1.36492682,0,
2021-01-15T00:00:00Z,1.36836350,1.36978793,1.35740459,1.36836350,0,
2021-01-18T00:00:00Z,1.35742307,1.35899103,1.35210049,1.35753357,0,
2021-01-20T00:00:00Z,1.36449850,1.37145996,1.36241639,1.36442411,0,
2021-01-21T00:00:00Z,1.36666167,1.37453270,1.36606431,1.36684847,0,
2021-01-22T00:00:00Z,1.37304175,1.37373960,1.36371696,1.37294745,0,
2021-01-25T00:00:00Z,1.36871922,1.37228799,1.36511314,1.36882043,0,
2021-01-26T00:00:00Z,1.36755872,1.37441933,1.36104417,1.36789930,0,
2021-01-27T00:00:00Z,1.37417376,1.37598896,1.36623228,1.37415481,0,
2021-01-28T00:00:00Z,1.36735308,1.37326801,1.36315930,1.36694193,0,
2021-01-29T00:00:00Z,1.37264597,1.37511861,1.36587763,1.37250090,0,
2021-02-01T00:00:00Z,1.36980677,1.37568617,1.36580300,1.36976910,0,
2021-02-02T00:00:00Z,1.36755872,1.37095225,1.36135912,1.36787677,0,
2021-02-03T00:00:00Z,1.36621356,1.36823237,1.36210084,1.36593366,0,
2021-02-04T00:00:00Z,1.36503863,1.36986303,1.35714674,1.36490822,0,
2021-02-05T00:00:00Z,1.36727834,1.37400377,1.36675501,1.36761487,0,
2021-02-08T00:00:00Z,1.37392831,1.37498617,1.36825109,1.37387168,0,
2021-02-09T00:00:00Z,1.37457037,1.37988138,1.37438154,1.37457037,0,
2021-02-10T00:00:00Z,1.38165438,1.38659906,1.38045287,1.38179946,0,
2021-02-11T00:00:00Z,1.38324058,1.38561726,1.38108194,1.38325977,0,
2021-02-12T00:00:00Z,1.38110101,1.38567495,1.37769508,1.38102472,0,
2021-02-15T00:00:00Z,1.38715494,1.39197052,1.38668942,1.38715494,0,
2021-02-16T00:00:00Z,1.39136243,1.39514768,1.38705873,1.39147854,0,
2021-02-17T00:00:00Z,1.38863814,1.39025986,1.38314509,1.38881171,0,
2021-02-18T00:00:00Z,1.38659716,1.39844489,1.38406396,1.38663554,0,
2021-02-19T00:00:00Z,1.39680421,1.40350878,1.39520609,1.39674556,0,
2021-02-22T00:00:00Z,1.40276062,1.40759814,1.39815164,1.40311491,0,
2021-02-23T00:00:00Z,1.40702391,1.41147244,1.40573823,1.40712285,0,
2021-02-24T00:00:00Z,1.41209030,1.42170668,1.40870869,1.41203058,0,
2021-02-25T00:00:00Z,1.41454720,1.41821837,1.41005933,1.41482747,0,
2021-02-26T00:00:00Z,1.40054059,1.40201330,1.38908184,1.40081525,0,
2021-03-01T00:00:00Z,1.39762402,1.39997208,1.39056921,1.39725292,0,
2021-03-02T00:00:00Z,1.39287412,1.39621902,1.38598216,1.39295173,0,
2021-03-03T00:00:00Z,1.39547861,1.40032494,1.39229226,1.39549816,0,
2021-03-04T00:00:00Z,1.39236975,1.40110958,1.39178836,1.39269948,0,
2021-03-05T00:00:00Z,1.38950646,1.39053047,1.37816978,1.38940990,0,
2021-03-08T00:00:00Z,1.38481140,1.38599944,1.38028133,1.38536775,0,
2021-03-09T00:00:00Z,1.38243747,1.39211774,1.38033843,1.38236105,0,
2021-03-10T00:00:00Z,1.38870955,1.39341748,1.38467717,1.38904321,0,
2021-03-11T00:00:00Z,1.39313018,1.39805388,1.39217603,1.39314568,0,
2021-03-12T00:00:00Z,1.39864051,1.40040338,1.38678944,1.39899278,0,
2021-03-15T00:00:00Z,1.39308751,1.39489472,1.38542521,1.39295173,0,
2021-03-16T00:00:00Z,1.39002788,1.39012456,1.38113916,1.38991201,0,
2021-03-17T00:00:00Z,1.39027917,1.39269948,1.38688564,1.39022124,0,
2021-03-18T00:00:00Z,1.39731157,1.40005040,1.38983476,1.39758492,0,
2021-03-19T00:00:00Z,1.39231169,1.39565396,1.38327897,1.39250553,0,
2021-03-22T00:00:00Z,1.38348949,1.38752067,1.38188350,1.38325977,0,
2021-03-23T00:00:00Z,1.38602054,1.38630879,1.37559152,1.38625121,0,
2021-03-24T00:00:00Z,1.37362635,1.37424934,1.36748397,1.37304175,0,
2021-03-25T00:00:00Z,1.36901915,1.37390947,1.36707270,1.36888790,0,
2021-03-26T00:00:00Z,1.37477839,1.38098657,1.37434375,1.37491059,0,
2021-03-28T23:00:00Z,1.37892997,1.38465798,1.37572396,1.37910116,0,
2021-03-29T23:00:00Z,1.37746739,1.37835979,1.37082076,1.37750530,0,
2021-03-30T23:00:00Z,1.37475944,1.38102472,1.37181747,1.37466490,0,
2021-03-31T23:00:00Z,1.37887299,1.38370001,1.37492955,1.37862587,0,
2021-04-01T23:00:00Z,1.38350856,1.38542521,1.38144445,1.38350856,0,
2021-04-04T23:00:00Z,1.38297284,1.39138174,1.38142538,1.38312590,0,
2021-04-05T23:00:00Z,1.39132369,1.39198220,1.38194084,1.39140117,0,
2021-04-06T23:00:00Z,1.38306856,1.38396811,1.37302279,1.38312590,0,
2021-04-07T23:00:00Z,1.37402272,1.37835979,1.37204325,1.37438154,0,
2021-04-08T23:00:00Z,1.37362635,1.37532663,1.36718488,1.37343776,0,
2021-04-11T23:00:00Z,1.37085831,1.37771416,1.36705399,1.37121546,0,
2021-04-12T23:00:00Z,1.37542117,1.37690032,1.37027597,1.37538350,0,
2021-04-13T23:00:00Z,1.37627304,1.38089120,1.37506187,1.37597001,0,
2021-04-14T23:00:00Z,1.37779009,1.38089120,1.37627304,1.37792289,0,
2021-04-15T23:00:00Z,1.37847376,1.38276243,1.37189269,1.37854981,0,
2021-04-18T23:00:00Z,1.38194084,1.39918852,1.38104379,1.38184536,0,
2021-04-19T23:00:00Z,1.39920795,1.40095258,1.39359224,1.39938426,0,
2021-04-20T23:00:00Z,1.39372826,1.39489472,1.38869607,1.39388371,0,
2021-04-21T23:00:00Z,1.39327967,1.39508939,1.38285804,1.39318454,0,
2021-04-22T23:00:00Z,1.38440883,1.38966084,1.38371921,1.38402557,0,
2021-04-26T23:00:00Z,1.38946784,1.39235044,1.38594377,1.38956439,0,
2021-04-27T23:00:00Z,1.39030051,1.39219546,1.38625121,1.39035642,0,
2021-04-28T23:00:00Z,1.39567339,1.39758492,1.39330101,1.39567339,0,
2021-04-29T23:00:00Z,1.39505041,1.39586818,1.38102472,1.39528394,0,
2021-05-02T23:00:00Z,1.38192165,1.39310694,1.38054812,1.38197911,0,
2021-05-03T23:00:00Z,1.39039516,1.39062715,1.38406396,1.39037585,0,
2021-05-04T23:00:00Z,1.38886964,1.39264131,1.38779020,1.38881171,0,
2021-05-05T23:00:00Z,1.39124632,1.39382529,1.38665485,1.39097536,0,
2021-05-06T23:00:00Z,1.38964164,1.40006995,1.38919759,1.38985407,0,
2021-05-09T23:00:00Z,1.40374911,1.41576886,1.40158105,1.40411973,0,
2021-05-10T23:00:00Z,1.41322780,1.41578889,1.41065609,1.41312790,0,
2021-05-11T23:00:00Z,1.41372728,1.41502750,1.40783608,1.41382718,0,
2021-05-12T23:00:00Z,1.40603471,1.40793514,1.40079570,1.40637088,0,
2021-05-13T23:00:00Z,1.40469170,1.41103423,1.40370572,1.40508640,0,
2021-05-16T23:00:00Z,1.40999973,1.41282856,1.40785575,1.41017866,0,
2021-05-17T23:00:00Z,1.41484749,1.42205036,1.41468728,1.41486740,0,
2021-05-18T23:00:00Z,1.41900325,1.42020035,1.41340756,1.41880202,0,
2021-05-19T23:00:00Z,1.41079545,1.41813803,1.41031790,1.41061628,0,
2021-05-20T23:00:00Z,1.41868114,1.42334569,1.41542816,1.41856039,0,
2021-05-23T23:00:00Z,1.41402721,1.41713321,1.41185117,1.41428709,0,
2021-05-24T23:00:00Z,1.41568863,1.42103982,1.41177142,1.41560853,0,
2021-05-25T23:00:00Z,1.41432703,1.41763544,1.41193080,1.41438723,0,
2021-05-26T23:00:00Z,1.41131306,1.41948676,1.40922487,1.41161191,0,
2021-05-27T23:00:00Z,1.42035365,1.42065644,1.41370726,1.42037392,0,
2021-05-30T23:00:00Z,1.41823852,1.42168641,1.41659117,1.41803741,0,
2021-05-31T23:00:00Z,1.42275846,1.42472470,1.41556835,1.42267752,0,
2021-06-01T23:00:00Z,1.41566861,1.41843975,1.41151237,1.41570878,0,
2021-06-02T23:00:00Z,1.41721356,1.42019236,1.40930426,1.41719341,0,
2021-06-03T23:00:00Z,1.41103423,1.42005110,1.40859950,1.41099441,0,
2021-06-06T23:00:00Z,1.41618991,1.41839945,1.41123343,1.41643071,0,
2021-06-07T23:00:00Z,1.41764939,1.41864085,1.41236961,1.41765559,0,
2021-06-08T23:00:00Z,1.41482747,1.41884220,1.41157210,1.41498756,0,
2021-06-09T23:00:00Z,1.41111398,1.41705275,1.40755856,1.41123343,0,
2021-06-10T23:00:00Z,1.41711307,1.41864085,1.41063631,1.41701269,0,
2021-06-13T23:00:00Z,1.41203058,1.41242933,1.40716243,1.41193080,0,
2021-06-14T23:00:00Z,1.41103423,1.41284835,1.40368617,1.41099441,0,
2021-06-15T23:00:00Z,1.40831184,1.41322780,1.40769720,1.40815318,0,
2021-06-16T23:00:00Z,1.39834726,1.40095258,1.39120758,1.39907098,0,
2021-06-17T23:00:00Z,1.39390302,1.39450562,1.37971008,1.39386427,0,
2021-06-20T23:00:00Z,1.38165438,1.39198220,1.37872076,1.38171172,0,
2021-06-21T23:00:00Z,1.39231169,1.39304864,1.38632810,1.39254045,0,
2021-06-22T23:00:00Z,1.39487517,1.40016794,1.39248610,1.39499199,0,
2021-06-23T23:00:00Z,1.39682364,1.39866006,1.38915896,1.39674556,0,
2021-06-24T23:00:00Z,1.39178836,1.39372826,1.38921690,1.39169157,0,
2021-06-27T23:00:00Z,1.38969958,1.39392245,1.38767469,1.38950646,0,
2021-06-28T23:00:00Z,1.38792503,1.38811779,1.38159716,1.38790584,0,
2021-06-29T23:00:00Z,1.38417876,1.38715494,1.38052905,1.38427460,0,
2021-06-30T23:00:00Z,1.38276243,1.38331723,1.37638664,1.38291538,0,
2021-07-01T23:00:00Z,1.37597001,1.37976706,1.37387168,1.37595117,0,
2021-07-04T23:00:00Z,1.38293457,1.38638568,1.38192165,1.38312590,0,
2021-07-05T23:00:00Z,1.38532937,1.38985407,1.37898695,1.38561726,0,
2021-07-06T23:00:00Z,1.38009083,1.38405049,1.37574291,1.38056707,0,
2021-07-07T23:00:00Z,1.37995756,1.38028133,1.37424934,1.38010991,0,
2021-07-08T23:00:00Z,1.37931025,1.38773239,1.37604582,1.37908208,0,
2021-07-11T23:00:00Z,1.38985407,1.39101398,1.38404477,1.38995063,0,
2021-07-12T23:00:00Z,1.38896608,1.39062715,1.38016701,1.38869607,0,
2021-07-13T23:00:00Z,1.38043368,1.38910115,1.38024318,1.38060522,0,
2021-07-14T23:00:00Z,1.38571334,1.38975751,1.38140619,1.38580930,0,
2021-07-15T23:00:00Z,1.38297284,1.38619351,1.37742949,1.38297284,0,
2021-07-19T23:00:00Z,1.36686718,1.36886919,1.35736775,1.36699796,0,
2021-07-20T23:00:00Z,1.36345661,1.36948788,1.35919428,1.36332655,0,
2021-07-21T23:00:00Z,1.37126064,1.37875879,1.36930025,1.37140357,0,
2021-07-22T23:00:00Z,1.37741041,1.37809384,1.37211859,1.37738967,0,
2021-07-25T23:00:00Z,1.37572396,1.38329804,1.37379622,1.37578082,0,
2021-07-26T23:00:00Z,1.38255227,1.38927484,1.37680352,1.38291538,0,
2021-07-27T23:00:00Z,1.38867676,1.38966084,1.38463879,1.38827193,0,
2021-07-28T23:00:00Z,1.39082062,1.39821029,1.38998926,1.39068520,0,
2021-07-29T23:00:00Z,1.39643347,1.39840579,1.38971889,1.39643347,0,
2021-08-01T23:00:00Z,1.38966084,1.39333987,1.38850319,1.38962233,0,
2021-08-02T23:00:00Z,1.38910115,1.39400017,1.38859963,1.38927484,0,
2021-08-03T23:00:00Z,1.39159477,1.39569294,1.39014387,1.39178836,0,
2021-08-04T23:00:00Z,1.38902390,1.39475846,1.38759768,1.38904321,0,
2021-08-05T23:00:00Z,1.39277709,1.39332044,1.38625121,1.39275765,0,
2021-08-08T23:00:00Z,1.38677025,1.38935196,1.38465798,1.38684714,0,
2021-08-09T23:00:00Z,1.38484967,1.38705873,1.38337457,1.38490736,0,
2021-08-10T23:00:00Z,1.38370001,1.38721263,1.38052905,1.38360429,0,
2021-08-11T23:00:00Z,1.38684714,1.38780940,1.38236105,1.38669324,0,
2021-08-12T23:00:00Z,1.38115823,1.38621271,1.37931025,1.38115823,0,
2021-08-15T23:00:00Z,1.38663554,1.38742435,1.38297284,1.38638568,0,
2021-08-16T23:00:00Z,1.38427460,1.38427460,1.37366402,1.38427460,0,
2021-08-17T23:00:00Z,1.37400377,1.37703121,1.37339997,1.37404168,0,
2021-08-18T23:00:00Z,1.37443817,1.37496734,1.36541140,1.37438154,0,
2021-08-19T23:00:00Z,1.36317790,1.36425650,1.36035919,1.36308491,0,
2021-08-23T23:00:00Z,1.37245750,1.37475944,1.36958158,1.37247634,0,
2021-08-24T23:00:00Z,1.37277782,1.37428713,1.36991930,1.37255180,0,
2021-08-25T23:00:00Z,1.37646258,1.37695527,1.37106502,1.37665200,0,
2021-08-26T23:00:00Z,1.36960042,1.37809384,1.36810136,1.37023842,0,
2021-08-29T23:00:00Z,1.37651932,1.37767613,1.37362635,1.37629962,0,
2021-08-30T23:00:00Z,1.37606466,1.38043368,1.37441933,1.37604582,0,
2021-08-31T23:00:00Z,1.37537014,1.37982416,1.37317371,1.37533987,0,
2021-09-01T23:00:00Z,1.37741041,1.38358510,1.37682259,1.37716389,0,
2021-09-02T23:00:00Z,1.38379574,1.38746285,1.38197911,1.38368082,0,
2021-09-05T23:00:00Z,1.38593030,1.38600147,1.38194084,1.38592458,0,
2021-09-06T23:00:00Z,1.38402557,1.38569403,1.37701213,1.38394892,0,
2021-09-07T23:00:00Z,1.37797987,1.37912011,1.37285316,1.37797987,0,
2021-09-08T23:00:00Z,1.37665200,1.38540614,1.37540042,1.37676573,0,
2021-09-09T23:00:00Z,1.38389158,1.38888884,1.38343203,1.38396811,0,
2021-09-12T23:00:00Z,1.38402557,1.38523340,1.37978613,1.38408303,0,
2021-09-13T23:00:00Z,1.38412142,1.39132369,1.38312590,1.38381493,0,
2021-09-14T23:00:00Z,1.38085306,1.38519502,1.37931025,1.38102472,0,
2021-09-15T23:00:00Z,1.38469636,1.38504159,1.37646258,1.38488817,0,
2021-09-16T23:00:00Z,1.37993848,1.38140619,1.37436271,1.37970054,0,
2021-09-19T23:00:00Z,1.37287211,1.37298512,1.36474061,1.37296629,0,
2021-09-20T23:00:00Z,1.36606431,1.36935651,1.36421919,1.36626959,0,
2021-09-21T23:00:00Z,1.36593366,1.36780190,1.36178553,1.36574697,0,
2021-09-22T23:00:00Z,1.36200809,1.37494850,1.36128509,1.36171138,0,
2021-09-23T23:00:00Z,1.37219381,1.37376976,1.36595225,1.37225032,0,
2021-09-26T23:00:00Z,1.36694193,1.37287211,1.36593366,1.36690450,0,
2021-09-27T23:00:00Z,1.37009943,1.37177968,1.35253930,1.37016332,0,
2021-09-28T23:00:00Z,1.35415113,1.35545433,1.34240794,1.35422444,0,
2021-09-29T23:00:00Z,1.34262431,1.35171676,1.34174156,1.34264243,0,
2021-09-30T23:00:00Z,1.34696460,1.35734940,1.34363449,1.34698272,0,
2021-10-03T23:00:00Z,1.35709155,1.36397731,1.35336304,1.35709155,0,
2021-10-04T23:00:00Z,1.36076641,1.36500144,1.35858488,1.36074793,0,
2021-10-05T23:00:00Z,1.36256480,1.36314058,1.35446286,1.36276913,0,
2021-10-06T23:00:00Z,1.35926819,1.36373556,1.35718358,1.35921276,0,
2021-10-07T23:00:00Z,1.36195254,1.36537409,1.35849261,1.36202669,0,
2021-10-10T23:00:00Z,1.36182272,1.36742783,1.36128509,1.36165583,0,
2021-10-11T23:00:00Z,1.35928667,1.36373556,1.35703623,1.35906494,0,
2021-10-12T23:00:00Z,1.35771799,1.36475921,1.35769951,1.35788381,0,
2021-10-13T23:00:00Z,1.36707270,1.37343776,1.36589634,1.36692321,0,
2021-10-14T23:00:00Z,1.36686718,1.37735355,1.36686718,1.36688590,0,
2021-10-17T23:00:00Z,1.37600791,1.37640560,1.37108386,1.37615943,0,
2021-10-19T23:00:00Z,1.37948155,1.38236105,1.37432480,1.37931979,0,
2021-10-20T23:00:00Z,1.38236105,1.38339949,1.37872076,1.38229990,0,
2021-10-21T23:00:00Z,1.37912011,1.38142538,1.37430608,1.37912011,0,
2021-10-24T23:00:00Z,1.37665200,1.37917721,1.37434375,1.37627304,0,
2021-10-25T23:00:00Z,1.37661409,1.38295376,1.37581861,1.37644362,0,
2021-10-26T23:00:00Z,1.37684155,1.37803686,1.37108386,1.37661409,0,
2021-10-27T23:00:00Z,1.37324905,1.38152075,1.37230682,1.37328684,0,
2021-10-28T23:00:00Z,1.38007176,1.38045287,1.36817622,1.38007176,0,
2021-11-01T00:00:00Z,1.36864436,1.36924410,1.36423790,1.36832595,0,
2021-11-02T00:00:00Z,1.36593366,1.36671770,1.36108124,1.36554193,0,
2021-11-03T00:00:00Z,1.36174846,1.36645627,1.36113679,1.36173928,0,
2021-11-05T00:00:00Z,1.35094965,1.35098624,1.34258819,1.35086024,0,
2021-11-08T00:00:00Z,1.34896338,1.35797608,1.34518886,1.34912717,0,
2021-11-09T00:00:00Z,1.35637367,1.36054420,1.35263085,1.35645080,0,
2021-11-10T00:00:00Z,1.35609770,1.35666800,1.34683764,1.35600019,0,
2021-11-11T00:00:00Z,1.34127367,1.34327364,1.33702350,1.34127367,0,
2021-11-12T00:00:00Z,1.33671975,1.34228182,1.33539879,1.33664823,0,
2021-11-15T00:00:00Z,1.34168756,1.34495366,1.34039271,1.34170556,0,
2021-11-17T00:00:00Z,1.34242606,1.34901786,1.34026706,1.34246206,0,
2021-11-18T00:00:00Z,1.34896338,1.35138965,1.34654021,1.34916353,0,
2021-11-19T00:00:00Z,1.34983730,1.35098624,1.34084201,1.34996486,0,
2021-11-22T00:00:00Z,1.34336019,1.34498990,1.33922589,1.34345400,0,
2021-11-23T00:00:00Z,1.33976424,1.34084201,1.33441865,1.33976424,0,
2021-11-24T00:00:00Z,1.33757794,1.33897483,1.33248055,1.33759582,0,
2021-11-25T00:00:00Z,1.33310223,1.33530068,1.33065426,1.33306670,0,
2021-11-26T00:00:00Z,1.33134520,1.33484614,1.32805657,1.33141613,0,
2021-11-29T00:00:00Z,1.33395588,1.33630884,1.32902730,1.33409822,0,
2021-11-30T00:00:00Z,1.33166432,1.33693409,1.32062018,1.33150470,0,
2021-12-01T00:00:00Z,1.32959270,1.33511341,1.32772148,1.32959270,0,
2021-12-02T00:00:00Z,1.32793307,1.33326221,1.32724571,1.32800007,0,
2021-12-03T00:00:00Z,1.33007026,1.33081365,1.32114363,1.32999945,0,
2021-12-06T00:00:00Z,1.32329392,1.32855058,1.32238400,1.32373190,0,
2021-12-07T00:00:00Z,1.32641828,1.32897425,1.32105637,1.32643592,0,
2021-12-08T00:00:00Z,1.32485425,1.32625997,1.31747103,1.32460868,0,
2021-12-09T00:00:00Z,1.32100391,1.32170236,1.31762719,1.32100391,0,
2021-12-10T00:00:00Z,1.32248890,1.32710481,1.31908727,1.32240140,0,
2021-12-13T00:00:00Z,1.32580280,1.32687581,1.32224405,1.32571483,0,
2021-12-14T00:00:00Z,1.32133555,1.32555676,1.31908727,1.32135308,0,
2021-12-15T00:00:00Z,1.32313645,1.32828581,1.32081199,1.32305062,0,
2021-12-16T00:00:00Z,1.32640064,1.33732748,1.32431030,1.32631266,0,
2021-12-17T00:00:00Z,1.33242738,1.33404481,1.32576764,1.33237398,0,
2021-12-20T00:00:00Z,1.32299638,1.32434547,1.31740165,1.32294381,0,
2021-12-21T00:00:00Z,1.32098651,1.32611930,1.31997514,1.32100046,0,
2021-12-22T00:00:00Z,1.32699919,1.33623743,1.32413507,1.32696390,0,
2021-12-23T00:00:00Z,1.33520257,1.34372485,1.33450770,1.33520257,0,
2021-12-24T00:00:00Z,1.34091389,1.34257019,1.33940530,1.34066236,0,
2021-12-27T00:00:00Z,1.34052026,1.34406972,1.33922589,1.34043038,0,
2021-12-28T00:00:00Z,1.34444749,1.34625745,1.34183156,1.34426665,0,
2021-12-29T00:00:00Z,1.34339988,1.34992850,1.34091389,1.34332776,0,
2021-12-30T00:00:00Z,1.34976447,1.35215533,1.34553277,1.34987926,0,
2021-12-31T00:00:00Z,1.34989202,1.35484838,1.34674692,1.34983730,0,
2022-01-03T00:00:00Z,1.35222840,1.35317993,1.34327364,1.35222840,0,
2022-01-04T00:00:00Z,1.34827948,1.35567486,1.34607613,1.34832668,0,
2022-01-05T00:00:00Z,1.35305178,1.35733092,1.35226512,1.35314333,0,
2022-01-06T00:00:00Z,1.35554624,1.35574830,1.34910893,1.35556459,0,
2022-01-07T00:00:00Z,1.35339975,1.35834491,1.35294199,1.35336304,0,
2022-01-10T00:00:00Z,1.35908341,1.36019266,1.35341799,1.35923111,0,
2022-01-11T00:00:00Z,1.35816979,1.36241639,1.35628164,1.35803139,0,
2022-01-12T00:00:00Z,1.36340082,1.36993802,1.36221230,1.36332655,0,
2022-01-13T00:00:00Z,1.37068915,1.37494850,1.37055767,1.37099934,0,
2022-01-14T00:00:00Z,1.37129068,1.37419271,1.36676991,1.37136590,0,
2022-01-17T00:00:00Z,1.36735308,1.36889923,1.36386573,1.36735308,0,
2022-01-18T00:00:00Z,1.36480021,1.36612022,1.35762572,1.36480021,0,
2022-01-19T00:00:00Z,1.36008155,1.36481512,1.35893571,1.36002612,0,
2022-01-20T00:00:00Z,1.36095154,1.36615753,1.36015558,1.36085892,0,
2022-01-21T00:00:00Z,1.36002612,1.36035919,1.35475659,1.35976720,0,
2022-01-24T00:00:00Z,1.35549116,1.35666800,1.34430289,1.35558307,0,
2022-01-25T00:00:00Z,1.34898150,1.35005593,1.34370673,1.34892690,0,
2022-01-26T00:00:00Z,1.35104096,1.35244787,1.34941840,1.35107756,0,
2022-01-28T00:00:00Z,1.33884943,1.34320128,1.33655894,1.33883154,0,
2022-01-31T00:00:00Z,1.34021306,1.34542418,1.33953094,1.34033883,0,
2022-02-01T00:00:00Z,1.34426665,1.35140610,1.34358037,1.34453785,0,
2022-02-02T00:00:00Z,1.35239303,1.35849261,1.35171676,1.35253930,0,
2022-02-03T00:00:00Z,1.35644722,1.36254632,1.35391283,1.35650241,0,
2022-02-04T00:00:00Z,1.35961938,1.36165583,1.35080373,1.35984123,0,
2022-02-07T00:00:00Z,1.35336304,1.35503185,1.34918165,1.35334480,0,
2022-02-08T00:00:00Z,1.35383952,1.35666800,1.35098624,1.35378075,0,
2022-02-09T00:00:00Z,1.35481155,1.35882485,1.35382116,1.35475659,0,
2022-02-10T00:00:00Z,1.35339975,1.36433101,1.35253930,1.35332656,0,
2022-02-11T00:00:00Z,1.35497677,1.36087751,1.35153401,1.35517883,0,
2022-02-14T00:00:00Z,1.35701787,1.35722041,1.34958231,1.35696256,0,
2022-02-15T00:00:00Z,1.35332656,1.35668647,1.34901786,1.35328984,0,
2022-02-16T00:00:00Z,1.35411453,1.35899103,1.35391283,1.35411453,0,
2022-02-17T00:00:00Z,1.35823429,1.36364257,1.35580349,1.35849261,0,
2022-02-18T00:00:00Z,1.36154449,1.36407042,1.35744154,1.36187828,0,
2022-02-21T00:00:00Z,1.35917950,1.36382854,1.35871410,1.35934210,0,
2022-02-22T00:00:00Z,1.35952687,1.36054420,1.35400450,1.35960078,0,
2022-02-23T00:00:00Z,1.35908341,1.36195254,1.35492182,1.35893571,0,
2022-02-24T00:00:00Z,1.35446286,1.35473824,1.32759809,1.35457301,0,
2022-02-25T00:00:00Z,1.33722019,1.34390545,1.33689833,1.33732748,0,
2022-02-28T00:00:00Z,1.33700562,1.34311128,1.33425844,1.33732748,0,
2022-03-01T00:00:00Z,1.34228182,1.34372485,1.33120334,1.34228182,0,
2022-03-02T00:00:00Z,1.33333337,1.33709502,1.32740426,1.33351111,0,
2022-03-03T00:00:00Z,1.33972824,1.34179556,1.33203685,1.33969247,0,
2022-03-04T00:00:00Z,1.33513129,1.33513129,1.32053304,1.33509564,0,
2022-03-07T00:00:00Z,1.32124829,1.32259393,1.31039274,1.32124829,0,
2022-03-08T00:00:00Z,1.31140661,1.31428504,1.30836964,1.31122959,0,
2022-03-09T00:00:00Z,1.31025541,1.31823516,1.30992925,1.30992925,0,
2022-03-10T00:00:00Z,1.31884372,1.31947017,1.31073630,1.31856537,0,
2022-03-11T00:00:00Z,1.31030679,1.31249094,1.30524445,1.31032407,0,
2022-03-14T00:00:00Z,1.30495501,1.30787349,1.30104995,1.30502987,0,
2022-03-15T00:00:00Z,1.30108380,1.30886626,1.30013645,1.30118537,0,
2022-03-16T00:00:00Z,1.30450034,1.31144094,1.30366194,1.30464852,0,
2022-03-17T00:00:00Z,1.31407762,1.32110870,1.30895185,1.31411231,0,
2022-03-18T00:00:00Z,1.31604922,1.31816566,1.31120026,1.31604064,0,
2022-03-21T00:00:00Z,1.31606650,1.32098651,1.31283557,1.31608391,0,
2022-03-22T00:00:00Z,1.31679440,1.32724571,1.31209493,1.31682909,0,
2022-03-23T00:00:00Z,1.32696390,1.32989335,1.31762719,1.32664704,0,
2022-03-24T00:00:00Z,1.32065499,1.32147527,1.31578946,1.32060277,0,
2022-03-25T00:00:00Z,1.31959200,1.32255888,1.31617045,1.31957459,0,
2022-03-27T23:00:00Z,1.31769669,1.31788766,1.30686498,1.31762719,0,
2022-03-28T23:00:00Z,1.30999792,1.31592798,1.30522740,1.31035841,0,
2022-03-29T23:00:00Z,1.30929470,1.31806135,1.30915761,1.30938041,0,
2022-03-30T23:00:00Z,1.31368065,1.31708920,1.31095970,1.31388783,0,
2022-04-03T23:00:00Z,1.31051302,1.31362891,1.30951762,1.31037557,0,
2022-04-04T23:00:00Z,1.31130338,1.31669033,1.31004941,1.31145823,0,
2022-04-05T23:00:00Z,1.30763400,1.31068468,1.30466545,1.30773652,0,
2022-04-06T23:00:00Z,1.30717242,1.31066751,1.30550003,1.30720663,0,
2022-04-07T23:00:00Z,1.30686498,1.30787349,1.29848206,1.30693328,0,
2022-04-10T23:00:00Z,1.30294847,1.30575573,1.29898810,1.30322027,0,
2022-04-11T23:00:00Z,1.30235457,1.30536377,1.29969716,1.30242252,0,
2022-04-12T23:00:00Z,1.30034947,1.30715537,1.29743755,1.30025482,0,
2022-04-13T23:00:00Z,1.31221545,1.31475151,1.30381501,1.31202602,0,
2022-04-14T23:00:00Z,1.30616510,1.30766809,1.30527854,1.30700159,0,
2022-04-17T23:00:00Z,1.30577290,1.30577290,1.30079603,1.30575573,0,
2022-04-18T23:00:00Z,1.30076230,1.30398500,1.29833043,1.30098224,0,
2022-04-19T23:00:00Z,1.30157495,1.30667710,1.29979849,1.30137169,0,
2022-04-20T23:00:00Z,1.30681372,1.30883205,1.30242252,1.30688202,0,
2022-04-21T23:00:00Z,1.30240560,1.30337310,1.28407609,1.30262613,0,
2022-04-25T23:00:00Z,1.27372313,1.27723718,1.26130450,1.27399898,0,
2022-04-26T23:00:00Z,1.25844729,1.26008058,1.25039077,1.25839984,0,
2022-04-27T23:00:00Z,1.25396574,1.25667608,1.24140322,1.25418580,0,
2022-05-01T23:00:00Z,1.25737917,1.25963628,1.25053144,1.25738716,0,
2022-05-02T23:00:00Z,1.25010943,1.25664449,1.24937999,1.24982822,0,
2022-05-03T23:00:00Z,1.24993753,1.25376129,1.24674284,1.25004053,0,
2022-05-04T23:00:00Z,1.26189327,1.26316857,1.23275685,1.26181376,0,
2022-05-05T23:00:00Z,1.23664427,1.23802221,1.22776973,1.23641479,0,
2022-05-08T23:00:00Z,1.23289359,1.24049473,1.22621155,1.23266566,0,
2022-05-09T23:00:00Z,1.23348665,1.23747063,1.22937715,1.23388243,0,
2022-05-10T23:00:00Z,1.23075402,1.23980260,1.22819948,1.23092079,0,
2022-05-11T23:00:00Z,1.22346616,1.22481477,1.21713722,1.22342122,0,
2022-05-12T23:00:00Z,1.22043502,1.22451484,1.21571672,1.22061372,0,
2022-05-15T23:00:00Z,1.22615135,1.22972488,1.22189629,1.22585070,0,
2022-05-16T23:00:00Z,1.23271120,1.24981248,1.23220992,1.23248327,0,
2022-05-17T23:00:00Z,1.24904764,1.25006247,1.23742461,1.24843943,0,
2022-05-18T23:00:00Z,1.23476613,1.25226974,1.23406518,1.23458314,0,
2022-05-19T23:00:00Z,1.24655640,1.24987507,1.24396682,1.24621463,0,
2022-05-22T23:00:00Z,1.25068784,1.26011240,1.25012493,1.25040638,0,
2022-05-23T23:00:00Z,1.25677085,1.25968385,1.24727154,1.25675499,0,
2022-05-24T23:00:00Z,1.25415444,1.25579238,1.24842381,1.25429595,0,
2022-05-25T23:00:00Z,1.25870073,1.26211631,1.25530362,1.25861049,0,
2022-05-26T23:00:00Z,1.26186156,1.26662445,1.25871658,1.26173413,0,
2022-05-29T23:00:00Z,1.26251471,1.26603103,1.26176596,1.26283360,0,
2022-05-30T23:00:00Z,1.26452625,1.26484609,1.25624990,1.26470208,0,
2022-05-31T23:00:00Z,1.26097047,1.26168633,1.24601281,1.26089096,0,
2022-06-01T23:00:00Z,1.24842381,1.25696039,1.24703825,1.24831474,0,
2022-06-02T23:00:00Z,1.25778246,1.25900185,1.24945331,1.25792491,0,
2022-06-05T23:00:00Z,1.24882925,1.25770342,1.24798763,1.24923015,0,
2022-06-06T23:00:00Z,1.25231671,1.25944579,1.24344087,1.25234818,0,
2022-06-07T23:00:00Z,1.25860572,1.25898600,1.25150180,1.25873244,0,
2022-06-08T23:00:00Z,1.25421727,1.25539827,1.24929726,1.25402856,0,
2022-06-09T23:00:00Z,1.24937522,1.25181520,1.23155737,1.24929726,0,
2022-06-12T23:00:00Z,1.22780740,1.23001230,1.21276808,1.22749090,0,
2022-06-13T23:00:00Z,1.21440279,1.22027111,1.19925642,1.21447659,0,
2022-06-14T23:00:00Z,1.20134544,1.21253276,1.19921327,1.20125890,0,
2022-06-15T23:00:00Z,1.21814549,1.23449171,1.20503700,1.21743369,0,
2022-06-19T23:00:00Z,1.22282279,1.22777724,1.22006261,1.22282279,0,
2022-06-20T23:00:00Z,1.22500980,1.23192155,1.22491968,1.22517490,0,
2022-06-21T23:00:00Z,1.22640705,1.23146653,1.21685588,1.22666276,0,
2022-06-22T23:00:00Z,1.22532499,1.22946787,1.21718180,1.22508490,0,
2022-06-23T23:00:00Z,1.22619641,1.23167872,1.22434986,1.22607625,0,
2022-06-26T23:00:00Z,1.22880316,1.23307598,1.22397530,1.22824466,0,
2022-06-27T23:00:00Z,1.22675312,1.22910523,1.21876907,1.22673798,0,
2022-06-28T23:00:00Z,1.21863532,1.22122490,1.21068311,1.21897697,0,
2022-06-29T23:00:00Z,1.21310639,1.21862054,1.20943844,1.21317995,0,
2022-06-30T23:00:00Z,1.21599770,1.21620476,1.19806385,1.21608639,0,
2022-07-03T23:00:00Z,1.21058047,1.21651542,1.20863450,1.21027279,0,
2022-07-04T23:00:00Z,1.21140170,1.21260619,1.19005120,1.21144569,0,
2022-07-05T23:00:00Z,1.19495726,1.19863832,1.18776131,1.19491446,0,
2022-07-06T23:00:00Z,1.19189513,1.20218313,1.19100082,1.19232142,0,
2022-07-07T23:00:00Z,1.20319569,1.20553100,1.19219351,1.20280492,0,
2022-07-10T23:00:00Z,1.20177865,1.20199525,1.18694365,1.20166302,0,
2022-07-11T23:00:00Z,1.18999445,1.19121361,1.18112564,1.19009364,0,
2022-07-12T23:00:00Z,1.18826938,1.19594336,1.18352997,1.18777537,0,
2022-07-13T23:00:00Z,1.18619740,1.18841064,1.17631841,1.18638039,0,
2022-07-14T23:00:00Z,1.18386626,1.18736649,1.18059576,1.18396437,0,
2022-07-17T23:00:00Z,1.18879211,1.20302200,1.18754971,1.18883443,0,
2022-07-18T23:00:00Z,1.19507158,1.20428240,1.19293308,1.19482875,0,
2022-07-19T23:00:00Z,1.20042253,1.20365918,1.19582891,1.20035052,0,
2022-07-20T23:00:00Z,1.19661593,1.20023525,1.18930101,1.19717467,0,
2022-07-21T23:00:00Z,1.19968808,1.20641816,1.19202304,1.19961619,0,
2022-07-24T23:00:00Z,1.19842291,1.20831323,1.19621515,1.19869578,0,
2022-07-25T23:00:00Z,1.20576358,1.20921910,1.19654441,1.20551646,0,
2022-07-26T23:00:00Z,1.20381844,1.20866370,1.20222652,1.20368803,0,
2022-07-27T23:00:00Z,1.21666348,1.21905136,1.21044862,1.21630824,0,
2022-07-28T23:00:00Z,1.21744847,1.22425985,1.20670927,1.21734476,0,
2022-07-31T23:00:00Z,1.21678185,1.22919583,1.21648574,1.21673739,0,
2022-08-01T23:00:00Z,1.22595596,1.22783756,1.21817517,1.22541511,0,
2022-08-02T23:00:00Z,1.21478641,1.22073293,1.21015561,1.21429956,0,
2022-08-03T23:00:00Z,1.21394587,1.21951222,1.20717549,1.21382785,0,
2022-08-04T23:00:00Z,1.21592379,1.21675217,1.20076859,1.21584976,0,
2022-08-07T23:00:00Z,1.20638907,1.21351862,1.20486283,1.20595264,0,
2022-08-08T23:00:00Z,1.20850301,1.21292984,1.20682573,1.20847380,0,
2022-08-09T23:00:00Z,1.20726287,1.22744572,1.20672393,1.20742321,0,
2022-08-10T23:00:00Z,1.22128451,1.22488976,1.21829391,1.22129953,0,
2022-08-11T23:00:00Z,1.21966100,1.22100127,1.21036065,1.21961629,0,
2022-08-14T23:00:00Z,1.21298862,1.21477163,1.20512414,1.21279740,0,
2022-08-15T23:00:00Z,1.20556009,1.21163654,1.20094156,1.20569086,0,
2022-08-16T23:00:00Z,1.20967257,1.21381319,1.20299304,1.20981896,0,
2022-08-17T23:00:00Z,1.20458698,1.20781696,1.19688809,1.20451462,0,
2022-08-18T23:00:00Z,1.19337440,1.19337440,1.17932868,1.19327474,0,
2022-08-21T23:00:00Z,1.18176770,1.18385231,1.17426026,1.18180954,0,
2022-08-22T23:00:00Z,1.17670596,1.18732405,1.17200315,1.17665052,0,
2022-08-23T23:00:00Z,1.18315196,1.18653524,1.17587566,1.18327796,0,
2022-08-24T23:00:00Z,1.17902279,1.18629587,1.17859209,1.17917573,0,
2022-08-25T23:00:00Z,1.18259227,1.19000864,1.17530918,1.18240070,0,
2022-08-28T23:00:00Z,1.16918039,1.17426026,1.16495812,1.16945386,0,
2022-08-29T23:00:00Z,1.17212677,1.17580652,1.16230416,1.17225051,0,
2022-08-30T23:00:00Z,1.16608560,1.16945386,1.16002548,1.16597676,0,
2022-08-31T23:00:00Z,1.15968919,1.16171002,1.15032446,1.15985060,0,
2022-09-01T23:00:00Z,1.15473437,1.15885603,1.15313649,1.15489447,0,
2022-09-04T23:00:00Z,1.14785516,1.15207374,1.14451838,1.14746010,0,
2022-09-05T23:00:00Z,1.15688515,1.16076612,1.14962351,1.15664434,0,
2022-09-06T23:00:00Z,1.15127790,1.15236580,1.14095330,1.15118515,0,
2022-09-07T23:00:00Z,1.15224636,1.15601587,1.14615810,1.15198088,0,
2022-09-08T23:00:00Z,1.15204716,1.16486299,1.15166247,1.15216005,0,
2022-09-11T23:00:00Z,1.16180456,1.17112482,1.16017354,1.16193950,0,
2022-09-12T23:00:00Z,1.16897547,1.17376399,1.15203393,1.16897547,0,
2022-09-13T23:00:00Z,1.15035081,1.15893650,1.14807928,1.15061557,0,
2022-09-14T23:00:00Z,1.15429449,1.15486777,1.14698625,1.15449440,0,
2022-09-15T23:00:00Z,1.14547539,1.14806616,1.13526702,1.14526546,0,
2022-09-18T23:00:00Z,1.14364135,1.14416480,1.13557649,1.14331448,0,
2022-09-19T23:00:00Z,1.14484584,1.14603984,1.13839459,1.14432180,0,
2022-09-20T23:00:00Z,1.13807070,1.13856316,1.13062060,1.13805783,0,
2022-09-21T23:00:00Z,1.12551773,1.13628614,1.12131512,1.12559378,0,
2022-09-22T23:00:00Z,1.12630367,1.12734485,1.08985889,1.12641788,0,
2022-09-25T23:00:00Z,1.07991362,1.09156013,1.03790426,1.07973862,0,
2022-09-26T23:00:00Z,1.07700598,1.08354104,1.07384861,1.07728434,0,
2022-09-27T23:00:00Z,1.07284629,1.08396387,1.05416286,1.07275414,0,
2022-09-28T23:00:00Z,1.08345878,1.10656190,1.07644939,1.08359969,0,
2022-09-29T23:00:00Z,1.11618352,1.12339354,1.10268164,1.11694407,0,
2022-10-02T23:00:00Z,1.11364782,1.13323438,1.10879493,1.11405718,0,
2022-10-03T23:00:00Z,1.13396680,1.14459693,1.12822247,1.13341415,0,
2022-10-04T23:00:00Z,1.14505565,1.14949131,1.12277555,1.14513433,0,
2022-10-05T23:00:00Z,1.13558936,1.13834274,1.11203790,1.13553786,0,
2022-10-06T23:00:00Z,1.11652005,1.12237227,1.10920084,1.11620843,0,
2022-10-09T23:00:00Z,1.10744417,1.11108637,1.10235357,1.10727262,0,
2022-10-10T23:00:00Z,1.10784912,1.11713123,1.10018265,1.10764050,0,
2022-10-11T23:00:00Z,1.09677994,1.10986567,1.09264541,1.09677994,0,
2022-10-12T23:00:00Z,1.10992718,1.13619578,1.10582769,1.11055589,0,
2022-10-13T23:00:00Z,1.13014781,1.13587320,1.11619604,1.13039052,0,
2022-10-16T23:00:00Z,1.12387335,1.14386368,1.12170506,1.12441671,0,
2022-10-17T23:00:00Z,1.13552487,1.14120078,1.12580919,1.13539600,0,
2022-10-18T23:00:00Z,1.13395405,1.13498354,1.12224627,1.13442993,0,
2022-10-19T23:00:00Z,1.12095058,1.13332427,1.11736834,1.12110138,0,
2022-10-20T23:00:00Z,1.12253606,1.12931824,1.10637820,1.12214553,0,
2022-10-23T23:00:00Z,1.13364542,1.13798010,1.12748468,1.13446856,0,
2022-10-24T23:00:00Z,1.13054395,1.14995396,1.12737036,1.13077402,0,
2022-10-25T23:00:00Z,1.14606607,1.16235828,1.14341903,1.14622378,0,
2022-10-26T23:00:00Z,1.16334534,1.16441548,1.15509450,1.16381919,0,
2022-10-27T23:00:00Z,1.15673804,1.16001201,1.15061557,1.15660417,0,
2022-10-31T00:00:00Z,1.16007936,1.16133225,1.14798701,1.15959501,0,
2022-11-01T00:00:00Z,1.14718366,1.15652394,1.14467549,1.14681530,0,
2022-11-02T00:00:00Z,1.14921391,1.15273774,1.14585602,1.14894986,0,
2022-11-03T00:00:00Z,1.13822615,1.14217842,1.11625826,1.13843346,0,
2022-11-04T00:00:00Z,1.11708128,1.13337564,1.11633313,1.11711872,0,
2022-11-07T00:00:00Z,1.13378680,1.14831650,1.12953508,1.13315737,0,
2022-11-08T00:00:00Z,1.15134418,1.15975654,1.14313149,1.15179503,0,
2022-11-09T00:00:00Z,1.15488112,1.15668452,1.13592482,1.15526807,0,
2022-11-10T00:00:00Z,1.13690627,1.16827893,1.13650572,1.13681579,0,
2022-11-11T00:00:00Z,1.16991901,1.17999673,1.16489017,1.16956329,0,
2022-11-14T00:00:00Z,1.17974615,1.18282998,1.17119336,1.17991316,0,
2022-11-15T00:00:00Z,1.17525387,1.20040810,1.17428780,1.17524970,0,
2022-11-16T00:00:00Z,1.18811417,1.19414389,1.18324983,1.18804359,0,
2022-11-17T00:00:00Z,1.19189513,1.19557166,1.17647052,1.19152594,0,
2022-11-18T00:00:00Z,1.18594420,1.19500005,1.18593013,1.18601453,0,
2022-11-21T00:00:00Z,1.18866491,1.18876374,1.17805052,1.18863666,0,
2022-11-22T00:00:00Z,1.18245232,1.19022119,1.18231261,1.18276000,0,
2022-11-23T00:00:00Z,1.18989539,1.20783162,1.18733823,1.18945670,0,
2022-11-24T00:00:00Z,1.20784616,1.21542132,1.20605433,1.20735037,0,
2022-11-25T00:00:00Z,1.21102035,1.21300054,1.20618534,1.21134305,0,
2022-11-28T00:00:00Z,1.20605433,1.21179807,1.20226991,1.20547283,0,
2022-11-29T00:00:00Z,1.19631529,1.20637441,1.19548583,1.19602919,0,
2022-11-30T00:00:00Z,1.19438636,1.20274711,1.19037700,1.19468606,0,
2022-12-01T00:00:00Z,1.20755446,1.22969460,1.20736492,1.20774984,0,
2022-12-02T00:00:00Z,1.22544515,1.22964931,1.21391630,1.22592592,0,
2022-12-05T00:00:00Z,1.22975516,1.23447645,1.21654499,1.22972488,0,
2022-12-06T00:00:00Z,1.21936345,1.22633183,1.21589410,1.21924460,0,
2022-12-07T00:00:00Z,1.21338606,1.22237432,1.21078575,1.21330070,0,
2022-12-08T00:00:00Z,1.22134423,1.22466469,1.21564281,1.22123981,0,
2022-12-09T00:00:00Z,1.22348106,1.23234665,1.22228479,1.22360075,0,
2022-12-12T00:00:00Z,1.22367561,1.23001230,1.22134423,1.22391534,0,
2022-12-13T00:00:00Z,1.22700894,1.24415255,1.22514486,1.22708428,0,
2022-12-14T00:00:00Z,1.23555934,1.24220514,1.23438501,1.23566628,0,
2022-12-15T00:00:00Z,1.24192750,1.24254477,1.22043502,1.24194288,0,
2022-12-16T00:00:00Z,1.21912563,1.22225487,1.21223879,1.21891761,0,
2022-12-19T00:00:00Z,1.21607161,1.22415507,1.21234155,1.21602726,0,
2022-12-20T00:00:00Z,1.21560001,1.22192621,1.20869291,1.21533263,0,
2022-12-21T00:00:00Z,1.21891761,1.21903646,1.20710254,1.21891761,0,
2022-12-22T00:00:00Z,1.20772946,1.21462405,1.19942915,1.20773971,0,
2022-12-23T00:00:00Z,1.20389092,1.20901442,1.20205307,1.20399249,0,
2022-12-26T00:00:00Z,1.20600057,1.20961404,1.20540023,1.20600057,0,
2022-12-27T00:00:00Z,1.20835698,1.21122563,1.20033610,1.20841539,0,
2022-12-28T00:00:00Z,1.20277607,1.21241510,1.20033610,1.20273268,0,
2022-12-29T00:00:00Z,1.20329702,1.20758355,1.20154762,1.20284832,0,
2022-12-30T00:00:00Z,1.20566177,1.21068311,1.20127344,1.20563269,0,
2023-01-02T00:00:00Z,1.21201837,1.21234155,1.20376050,1.21203303,0,
2023-01-03T00:00:00Z,1.20640361,1.20899975,1.19037700,1.20628715,0,
2023-01-04T00:00:00Z,1.19677353,1.20866370,1.19677353,1.19697404,0,
2023-01-05T00:00:00Z,1.20526946,1.20781696,1.18780363,1.20570540,0,
2023-01-06T00:00:00Z,1.19102919,1.20675290,1.18445528,1.19122779,0,
2023-01-09T00:00:00Z,1.21207714,1.22073293,1.20952618,1.21163654,0,
2023-01-10T00:00:00Z,1.21847200,1.21980965,1.21125495,1.21848691,0,
2023-01-11T00:00:00Z,1.21545076,1.21778941,1.21018493,1.21545076,0,
2023-01-12T00:00:00Z,1.21601248,1.22373557,1.20971644,1.21595335,0,
2023-01-13T00:00:00Z,1.22164261,1.22469473,1.21518493,1.22177696,0,
2023-01-16T00:00:00Z,1.22246397,1.22886360,1.21743369,1.22267330,0,
2023-01-17T00:00:00Z,1.22088194,1.22998202,1.21706319,1.22077763,0,
2023-01-18T00:00:00Z,1.22836542,1.24331713,1.22565544,1.22847104,0,
2023-01-19T00:00:00Z,1.23467457,1.23754716,1.23139060,1.23476613,0,
2023-01-20T00:00:00Z,1.23920345,1.23999941,1.23365414,1.23932624,0,
2023-01-23T00:00:00Z,1.24072552,1.24492693,1.23246813,1.24063325,0,
2023-01-24T00:00:00Z,1.23793018,1.24137247,1.22649717,1.23797619,0,
2023-01-25T00:00:00Z,1.23324335,1.23991024,1.22856152,1.23292398,0,
2023-01-26T00:00:00Z,1.24115670,1.24308538,1.23459840,1.24124920,0,
2023-01-27T00:00:00Z,1.24149573,1.24192750,1.23481178,1.24152660,0,
2023-01-30T00:00:00Z,1.24012542,1.24175787,1.23687375,1.24003017,0,
2023-01-31T00:00:00Z,1.23522365,1.23701143,1.22863710,1.23536098,0,
2023-02-01T00:00:00Z,1.23078442,1.23472035,1.23031497,1.23089039,0,
2023-02-02T00:00:00Z,1.23886573,1.24018693,1.22406507,1.23900390,0,
2023-02-03T00:00:00Z,1.22219503,1.22661757,1.20657825,1.22229958,0,
2023-02-06T00:00:00Z,1.20445645,1.20784616,1.20063877,1.20451462,0,
2023-02-07T00:00:00Z,1.20271814,1.20600057,1.19631529,1.20267475,0,
2023-02-08T00:00:00Z,1.20547283,1.21103501,1.20396340,1.20545828,0,
2023-02-09T00:00:00Z,1.20729208,1.21924460,1.20577812,1.20714629,0,
2023-02-10T00:00:00Z,1.21166599,1.21384263,1.20603991,1.21168065,0,
2023-02-13T00:00:00Z,1.20512414,1.21437335,1.20325363,1.20522583,0,
2023-02-14T00:00:00Z,1.21512592,1.22570050,1.21210647,1.21521449,0,
2023-02-15T00:00:00Z,1.21747816,1.21814549,1.19911265,1.21743369,0,
2023-02-16T00:00:00Z,1.20418096,1.20739400,1.19671619,1.20397794,0,
2023-02-17T00:00:00Z,1.19746137,1.20313776,1.19168210,1.19753313,0,
2023-02-20T00:00:00Z,1.20283389,1.20564723,1.20154762,1.20297861,0,
2023-02-21T00:00:00Z,1.20371711,1.21438813,1.19912696,1.20392001,0,
2023-02-22T00:00:00Z,1.21099091,1.21356273,1.20585084,1.21093225,0,
2023-02-23T00:00:00Z,1.20490634,1.20753992,1.20134544,1.20499349,0,
2023-02-24T00:00:00Z,1.20173526,1.20406497,1.19314659,1.20177865,0,
2023-02-27T00:00:00Z,1.19511437,1.20569086,1.19232142,1.19524288,0,
2023-02-28T00:00:00Z,1.20630169,1.21425533,1.20276153,1.20615625,0,
2023-03-01T00:00:00Z,1.20313776,1.20882440,1.19668758,1.20335495,0,
2023-03-02T00:00:00Z,1.20303643,1.20363009,1.19276237,1.20299304,0,
2023-03-03T00:00:00Z,1.19504297,1.20187974,1.19492865,1.19515729,0,
2023-03-06T00:00:00Z,1.20305097,1.20480478,1.19944346,1.20284832,0,
2023-03-07T00:00:00Z,1.20267475,1.20640361,1.18525541,1.20264578,0,
2023-03-08T00:00:00Z,1.18294191,1.18578947,1.18079090,1.18277407,0,
2023-03-09T00:00:00Z,1.18494642,1.19354522,1.18337595,1.18501663,0,
2023-03-10T00:00:00Z,1.19239259,1.21097636,1.19115686,1.19225037,0,
2023-03-13T00:00:00Z,1.20771480,1.21761155,1.20515323,1.20793366,0,
2023-03-14T00:00:00Z,1.21681142,1.22021163,1.21415210,1.21713722,0,
2023-03-15T00:00:00Z,1.21519971,1.21814549,1.20190871,1.21521449,0,
2023-03-16T00:00:00Z,1.20682573,1.21166599,1.20293510,1.20692778,0,
2023-03-17T00:00:00Z,1.21118021,1.21765602,1.21031678,1.21104956,0,
2023-03-20T00:00:00Z,1.21881366,1.22651231,1.21681142,1.21876907,0,
2023-03-21T00:00:00Z,1.22747588,1.22818434,1.21829391,1.22762644,0,
2023-03-22T00:00:00Z,1.22258353,1.22957373,1.22092664,1.22250879,0,
2023-03-23T00:00:00Z,1.22786772,1.23426318,1.22666276,1.22797322,0,
2023-03-24T00:00:00Z,1.22794306,1.22899950,1.21922970,1.22815418,0,
2023-03-26T23:00:00Z,1.22418499,1.22910523,1.22198594,1.22460032,0,
2023-03-27T23:00:00Z,1.22972488,1.23490334,1.22819948,1.22975516,0,
2023-03-28T23:00:00Z,1.23362362,1.23600233,1.23049974,1.23304570,0,
2023-03-29T23:00:00Z,1.23111773,1.23835945,1.22954345,1.23136032,0,
2023-03-30T23:00:00Z,1.23872757,1.24226689,1.23450696,1.23872757,0,
2023-04-02T23:00:00Z,1.22889376,1.24200463,1.22768676,1.22869742,0,
2023-04-03T23:00:00Z,1.24209714,1.25203454,1.23963356,1.24231315,0,
2023-04-04T23:00:00Z,1.24995315,1.25147045,1.24362648,1.24984372,0,
2023-04-05T23:00:00Z,1.24647868,1.24862647,1.24143410,1.24630785,0,
2023-04-06T23:00:00Z,1.24410605,1.24562478,1.23943388,1.24390018,0,
2023-04-09T23:00:00Z,1.24345624,1.24427629,1.23487282,1.24316251,0,
2023-04-10T23:00:00Z,1.23951066,1.24573338,1.23877358,1.23921883,0,
2023-04-11T23:00:00Z,1.24300814,1.24834585,1.23995638,1.24310076,0,
2023-04-12T23:00:00Z,1.24914122,1.25366700,1.24798763,1.24926603,0,
2023-04-13T23:00:00Z,1.25231671,1.25470519,1.24143410,1.25253010,0,
2023-04-16T23:00:00Z,1.24020243,1.24393582,1.23549831,1.24001789,0,
2023-04-17T23:00:00Z,1.23742461,1.24497342,1.23681247,1.23754716,0,
2023-04-18T23:00:00Z,1.24296165,1.24733377,1.23935699,1.24254477,0,
2023-04-19T23:00:00Z,1.24288452,1.24663401,1.24063325,1.24288452,0,
2023-04-20T23:00:00Z,1.24393582,1.24470997,1.23704195,1.24409056,0,
2023-04-23T23:00:00Z,1.24483395,1.24683607,1.24135709,1.24497342,0,
2023-04-24T23:00:00Z,1.24995315,1.25068784,1.23885036,1.25000000,0,
2023-04-25T23:00:00Z,1.24161899,1.25115728,1.24035621,1.24148035,0,
2023-04-26T23:00:00Z,1.24714720,1.24937522,1.24387395,1.24714720,0,
2023-04-27T23:00:00Z,1.25006247,1.25813067,1.24486494,1.24975002,0,
2023-04-30T23:00:00Z,1.25583959,1.25699997,1.24895394,1.25576079,0,
2023-05-01T23:00:00Z,1.24873567,1.25121987,1.24365735,1.24859536,0,
2023-05-02T23:00:00Z,1.24797201,1.25520921,1.24696052,1.24766064,0,
2023-05-03T23:00:00Z,1.25686562,1.25968385,1.25522482,1.25689721,0,
2023-05-04T23:00:00Z,1.25825739,1.26510215,1.25659716,1.25833642,0,
2023-05-07T23:00:00Z,1.26310468,1.26694536,1.26281762,1.26305687,0,
2023-05-08T23:00:00Z,1.26127255,1.26391888,1.25805151,1.26127255,0,
2023-05-09T23:00:00Z,1.26256251,1.26790929,1.26041424,1.26246679,0,
2023-05-10T23:00:00Z,1.26289737,1.26406264,1.24998438,1.26269960,0,
2023-05-11T23:00:00Z,1.25101638,1.25409150,1.24595058,1.25081301,0,
2023-05-14T23:00:00Z,1.24537659,1.25253642,1.24455512,1.24509740,0,
2023-05-15T23:00:00Z,1.25259912,1.25457919,1.24668074,1.25252080,0,
2023-05-16T23:00:00Z,1.24870443,1.24940658,1.24220514,1.24843943,0,
2023-05-17T23:00:00Z,1.24825251,1.24937522,1.24006391,1.24828053,0,
2023-05-18T23:00:00Z,1.24131083,1.24786305,1.23938775,1.24123383,0,
2023-05-21T23:00:00Z,1.24612141,1.24725604,1.24149573,1.24610591,0,
2023-05-22T23:00:00Z,1.24359548,1.24469447,1.23733282,1.24344087,0,
2023-05-23T23:00:00Z,1.24185038,1.24641657,1.23580372,1.24172699,0,
2023-05-24T23:00:00Z,1.23684311,1.23858953,1.23190641,1.23710322,0,
2023-05-25T23:00:00Z,1.23190641,1.23943388,1.23122382,1.23183048,0,
2023-05-28T23:00:00Z,1.23459840,1.23731744,1.23366928,1.23468983,0,
2023-05-29T23:00:00Z,1.23473561,1.24452400,1.23284805,1.23493385,0,
2023-05-30T23:00:00Z,1.24146497,1.24251390,1.23490334,1.24118757,0,
2023-05-31T23:00:00Z,1.24455512,1.25369835,1.24032545,1.24469447,0,
2023-06-01T23:00:00Z,1.25296009,1.25451934,1.24581087,1.25259912,0,
2023-06-04T23:00:00Z,1.24299264,1.24409056,1.23696542,1.24302363,0,
2023-06-05T23:00:00Z,1.24328625,1.24584198,1.23935699,1.24331713,0,
2023-06-06T23:00:00Z,1.24314713,1.24996877,1.23961818,1.24285364,0,
2023-06-07T23:00:00Z,1.24472547,1.25571346,1.24419892,1.24458599,0,
2023-06-08T23:00:00Z,1.25588703,1.25912869,1.25357270,1.25595009,0,
2023-06-11T23:00:00Z,1.25781417,1.25993776,1.24879801,1.25809908,0,
2023-06-12T23:00:00Z,1.25148618,1.26195705,1.25148618,1.25153315,0,
2023-06-13T23:00:00Z,1.26071608,1.26998639,1.26008058,1.26068437,0,
2023-06-14T23:00:00Z,1.26715410,1.27653599,1.26310468,1.26708984,0,
2023-06-15T23:00:00Z,1.27862525,1.28476906,1.27689457,1.27857614,0,
2023-06-18T23:00:00Z,1.28336751,1.28400040,1.27865791,1.28303826,0,
2023-06-19T23:00:00Z,1.27949226,1.28057373,1.27152050,1.27947593,0,
2023-06-20T23:00:00Z,1.27647078,1.27978706,1.26935935,1.27653599,0,
2023-06-21T23:00:00Z,1.27712286,1.28172266,1.27302587,1.27720451,0,
2023-06-22T23:00:00Z,1.27451861,1.27504992,1.26919663,1.27471352,0,
2023-06-25T23:00:00Z,1.27325273,1.27482724,1.26897120,1.27296102,0,
2023-06-26T23:00:00Z,1.27092254,1.27591705,1.27048659,1.27119720,0,
2023-06-27T23:00:00Z,1.27445352,1.27513611,1.26082742,1.27446985,0,
2023-06-28T23:00:00Z,1.26412666,1.26659226,1.25925553,1.26425445,0,
2023-06-29T23:00:00Z,1.26149535,1.27262080,1.26014411,1.26146364,0,
2023-07-02T23:00:00Z,1.26935768,1.27194095,1.26603103,1.26932549,0,
2023-07-03T23:00:00Z,1.26903558,1.27364194,1.26847219,1.26929319,0,
2023-07-04T23:00:00Z,1.27208662,1.27341497,1.26892281,1.27176297,0,
2023-07-05T23:00:00Z,1.27063191,1.27803695,1.26761997,1.27045429,0,
2023-07-06T23:00:00Z,1.27422631,1.28401017,1.27271807,1.27427495,0,
2023-07-10T23:00:00Z,1.28632259,1.29332650,1.28597510,1.28647137,0,
2023-07-11T23:00:00Z,1.29349375,1.30022097,1.29050577,1.29347706,0,
2023-07-12T23:00:00Z,1.29979849,1.31133783,1.29902184,1.29962957,0,
2023-07-13T23:00:00Z,1.31314588,1.31423306,1.30951762,1.31285286,0,
2023-07-16T23:00:00Z,1.30912328,1.31071913,1.30544889,1.30902040,0,
2023-07-17T23:00:00Z,1.30708706,1.31245649,1.30512524,1.30717242,0,
2023-07-18T23:00:00Z,1.30350900,1.30395103,1.28716695,1.30350900,0,
2023-07-19T23:00:00Z,1.29397917,1.29651237,1.28419161,1.29397917,0,
2023-07-20T23:00:00Z,1.28696823,1.29038918,1.28178835,1.28723323,0,
2023-07-23T23:00:00Z,1.28518188,1.28834438,1.27991807,1.28534710,0,
2023-07-24T23:00:00Z,1.28124642,1.28773046,1.28106582,1.28126276,0,
2023-07-25T23:00:00Z,1.28934097,1.29362750,1.28761446,1.28939080,0,
2023-07-26T23:00:00Z,1.29285824,1.29954517,1.28272557,1.29272461,0,
2023-07-27T23:00:00Z,1.27942681,1.28852689,1.27647078,1.27937770,0,
2023-07-30T23:00:00Z,1.28538001,1.28733265,1.28295588,1.28539658,0,
2023-07-31T23:00:00Z,1.28320289,1.28386176,1.27416134,1.28340054,0,
2023-08-01T23:00:00Z,1.27911580,1.27973795,1.26818264,1.27957416,0,
2023-08-02T23:00:00Z,1.27176297,1.27284765,1.26259434,1.27203798,0,
2023-08-03T23:00:00Z,1.27161741,1.27826560,1.26916444,1.27163363,0,
2023-08-06T23:00:00Z,1.27511990,1.27860880,1.27139115,1.27479482,0,
2023-08-07T23:00:00Z,1.27859259,1.27859259,1.26858473,1.27820027,0,
2023-08-08T23:00:00Z,1.27443731,1.27784097,1.27124572,1.27416134,0,
2023-08-09T23:00:00Z,1.27189243,1.28113151,1.27108407,1.27200568,0,
2023-08-10T23:00:00Z,1.26662445,1.27370691,1.26662445,1.26700950,0,
2023-08-13T23:00:00Z,1.26950276,1.27163363,1.26190925,1.26950276,0,
2023-08-14T23:00:00Z,1.26861703,1.27526617,1.26770031,1.26852036,0,
2023-08-15T23:00:00Z,1.27001870,1.27658486,1.26884234,1.27013159,0,
2023-08-16T23:00:00Z,1.27270186,1.27867424,1.27051890,1.27281511,0,
2023-08-17T23:00:00Z,1.27479482,1.27663374,1.26908386,1.27502227,0,
2023-08-20T23:00:00Z,1.27417743,1.27650344,1.27110028,1.27419376,0,
2023-08-21T23:00:00Z,1.27612877,1.28009832,1.27210283,1.27607989,0,
2023-08-22T23:00:00Z,1.27317166,1.27640557,1.26163864,1.27315557,0,
2023-08-23T23:00:00Z,1.27208662,1.27289617,1.26294518,1.27205420,0,
2023-08-24T23:00:00Z,1.25933480,1.26470208,1.25487828,1.25928724,0,
2023-08-27T23:00:00Z,1.25919211,1.26106584,1.25673926,1.25897014,0,
2023-08-28T23:00:00Z,1.26129973,1.26356757,1.25639188,1.26111364,0,
2023-08-29T23:00:00Z,1.26390290,1.27437246,1.26200485,1.26367939,0,
2023-08-30T23:00:00Z,1.27131033,1.27346349,1.26543832,1.27117944,0,
2023-08-31T23:00:00Z,1.26713812,1.27100337,1.25904942,1.26728261,0,
2023-09-03T23:00:00Z,1.25912869,1.26435030,1.25890672,1.25914454,0,
2023-09-04T23:00:00Z,1.26262629,1.26318455,1.25294435,1.26230741,0,
2023-09-05T23:00:00Z,1.25683403,1.25882745,1.24848616,1.25705528,0,
2023-09-06T23:00:00Z,1.24995315,1.25079739,1.24486494,1.24987507,0,
2023-09-07T23:00:00Z,1.24755168,1.25131392,1.24688280,1.24750507,0,
2023-09-10T23:00:00Z,1.24890721,1.25475240,1.24837708,1.24899924,0,
2023-09-11T23:00:00Z,1.25075042,1.25217569,1.24607491,1.25087559,0,
2023-09-12T23:00:00Z,1.24953139,1.25115728,1.24424541,1.24917245,0,
2023-09-13T23:00:00Z,1.24876678,1.25070357,1.24034083,1.24895394,0,
2023-09-14T23:00:00Z,1.24004853,1.24455512,1.23865080,1.24018693,0,
2023-09-17T23:00:00Z,1.23975658,1.24103355,1.23711848,1.23975658,0,
2023-09-18T23:00:00Z,1.23860490,1.24243665,1.23717976,1.23837471,0,
2023-09-19T23:00:00Z,1.23934162,1.24094105,1.23371494,1.23935699,0,
2023-09-20T23:00:00Z,1.23275685,1.23316729,1.22479975,1.23289359,0,
2023-09-24T23:00:00Z,1.22427487,1.22518992,1.21960151,1.22418499,0,
2023-09-25T23:00:00Z,1.22143364,1.22152328,1.21608639,1.22131431,0,
2023-09-26T23:00:00Z,1.21465361,1.21642661,1.21295929,1.21468306,0,
2023-09-27T23:00:00Z,1.21372485,1.22234452,1.21212125,1.21353328,0,
2023-09-28T23:00:00Z,1.22085214,1.22714448,1.21824932,1.22047961,0,
2023-10-01T23:00:00Z,1.21911073,1.22195613,1.21163654,1.21930397,0,
2023-10-02T23:00:00Z,1.20888281,1.21009707,1.20545828,1.20911682,0,
2023-10-03T23:00:00Z,1.20784616,1.21759665,1.20425344,1.20784616,0,
2023-10-04T23:00:00Z,1.21365118,1.21738911,1.21090305,1.21373951,0,
2023-10-05T23:00:00Z,1.21887302,1.22607625,1.21077108,1.21876907,0,
2023-10-08T23:00:00Z,1.22219503,1.22243404,1.21642661,1.22209048,0,
2023-10-09T23:00:00Z,1.22524989,1.22877300,1.22132933,1.22503984,0,
2023-10-10T23:00:00Z,1.22919583,1.23360837,1.22705412,1.22913551,0,
2023-10-11T23:00:00Z,1.23169398,1.23307598,1.22071803,1.23163331,0,
2023-10-12T23:00:00Z,1.21839786,1.22234452,1.21326828,1.21832359,0,
2023-10-15T23:00:00Z,1.21548033,1.21995854,1.21443236,1.21537685,0,
2023-10-16T23:00:00Z,1.22125471,1.22168744,1.21347439,1.22115040,0,
2023-10-17T23:00:00Z,1.21780431,1.22116530,1.21403420,1.21787846,0,
2023-10-18T23:00:00Z,1.21435857,1.21589410,1.20927763,1.21434379,0,
2023-10-19T23:00:00Z,1.21372485,1.21602726,1.20948231,1.21372485,0,
2023-10-22T23:00:00Z,1.21638227,1.22361577,1.21432912,1.21639705,0,
2023-10-23T23:00:00Z,1.22514486,1.22883332,1.21595335,1.22502482,0,
2023-10-24T23:00:00Z,1.21632302,1.21773016,1.21156311,1.21618998,0,
2023-10-25T23:00:00Z,1.21021414,1.21319473,1.20704436,1.21034598,0,
2023-10-26T23:00:00Z,1.21360695,1.21617508,1.21065378,1.21371007,0,
2023-10-30T00:00:00Z,1.21131361,1.21658945,1.20926297,1.21137238,0,
2023-10-31T00:00:00Z,1.21651983,1.21992874,1.21200371,1.21657467,0,
2023-11-01T00:00:00Z,1.21512592,1.21651542,1.20977497,1.21521449,0,
2023-11-02T00:00:00Z,1.21842754,1.22241914,1.21564281,1.21821976,0,
2023-11-03T00:00:00Z,1.21909595,1.23745525,1.21854627,1.21918511,0,
2023-11-06T00:00:00Z,1.23722565,1.24294627,1.23669004,1.23737872,0,
2023-11-07T00:00:00Z,1.23444605,1.23475993,1.22771692,1.23455262,0,
2023-11-08T00:00:00Z,1.22901452,1.23013341,1.22433484,1.22918081,0,
2023-11-09T00:00:00Z,1.22860694,1.23092079,1.22538507,1.22850120,0,
2023-11-10T00:00:00Z,1.22159791,1.22382545,1.21890271,1.22170234,0,
2023-11-13T00:00:00Z,1.22303212,1.22717452,1.22246397,1.22282279,0,
2023-11-14T00:00:00Z,1.22803354,1.24879801,1.22654235,1.22806370,0,
2023-11-15T00:00:00Z,1.24940658,1.24992180,1.24057174,1.24945331,0,
2023-11-16T00:00:00Z,1.24237490,1.24551618,1.23782301,1.24223602,0,
2023-11-17T00:00:00Z,1.24157286,1.24424541,1.23759317,1.24149573,0,
2023-11-20T00:00:00Z,1.24540746,1.25101638,1.24467897,1.24545407,0,
2023-11-21T00:00:00Z,1.25090694,1.25583959,1.25057840,1.25090694,0,
2023-11-22T00:00:00Z,1.25454772,1.25487828,1.24492693,1.25442183,0,
2023-11-23T00:00:00Z,1.24910998,1.25628138,1.24898517,1.24900079,0,
2023-11-24T00:00:00Z,1.25328982,1.26167047,1.25253642,1.25335264,0,
2023-11-27T00:00:00Z,1.26009655,1.26441431,1.25920796,1.26003301,0,
2023-11-28T00:00:00Z,1.26356757,1.27140725,1.26082742,1.26343977,0,
2023-11-29T00:00:00Z,1.27134264,1.27325273,1.26664054,1.27122951,0,
2023-11-30T00:00:00Z,1.26958334,1.27100337,1.26055717,1.26963973,0,
2023-12-01T00:00:00Z,1.26318455,1.26897120,1.26160681,1.26316857,0,
2023-12-05T00:00:00Z,1.26340795,1.26505411,1.25833642,1.26340795,0,
2023-12-06T00:00:00Z,1.25949347,1.26138401,1.25817823,1.25944579,0,
2023-12-07T00:00:00Z,1.25580025,1.25938237,1.25454772,1.25587118,0,
2023-12-08T00:00:00Z,1.25881016,1.26011240,1.25046885,1.25895441,0,
2023-12-11T00:00:00Z,1.25574505,1.25912869,1.25358844,1.25547707,0,
2023-12-12T00:00:00Z,1.25541401,1.26084316,1.25186217,1.25546122,0,
2023-12-13T00:00:00Z,1.25696993,1.25707102,1.25062525,1.25707102,0,
2023-12-14T00:00:00Z,1.26216412,1.27790630,1.26141584,1.26229155,0,
2023-12-15T00:00:00Z,1.27710652,1.27909958,1.26855266,1.27713919,0,
2023-12-18T00:00:00Z,1.26728261,1.27035749,1.26305687,1.26723433,0,
2023-12-19T00:00:00Z,1.26534224,1.27614510,1.26502216,1.26518214,0,
2023-12-21T00:00:00Z,1.26406264,1.26921272,1.26147938,1.26412666,0,
2023-12-22T00:00:00Z,1.26861703,1.27453482,1.26806998,1.26849949,0,
2023-12-25T00:00:00Z,1.26770031,1.27466476,1.26770031,1.26770031,0,
2023-12-26T00:00:00Z,1.27048659,1.27194095,1.26855266,1.27048659,0,
2023-12-27T00:00:00Z,1.27283144,1.28011465,1.27005088,1.27271807,0,
2023-12-28T00:00:00Z,1.28022945,1.28267622,1.27401519,1.28008199,0,
2023-12-29T00:00:00Z,1.27354467,1.27725339,1.27027678,1.27339864,0,
2024-01-01T00:00:00Z,1.27299988,1.27329981,1.26935768,1.27299988,0,
2024-01-02T00:00:00Z,1.27284765,1.27606356,1.26124084,1.27288008,0,
2024-01-03T00:00:00Z,1.26237130,1.26524627,1.26182961,1.26230741,0,
2024-01-04T00:00:00Z,1.26752353,1.27281511,1.26579070,1.26742721,0,
2024-01-05T00:00:00Z,1.26821470,1.27700877,1.26128852,1.26840782,0,
2024-01-08T00:00:00Z,1.27169836,1.27650344,1.26750743,1.27177918,0,
2024-01-09T00:00:00Z,1.27419376,1.27650344,1.26916444,1.27451861,0,
2024-01-10T00:00:00Z,1.27145588,1.27420998,1.26872957,1.27129424,0,
2024-01-11T00:00:00Z,1.27451861,1.27746546,1.26909995,1.27451861,0,
2024-01-12T00:00:00Z,1.27795517,1.27846169,1.27213514,1.27777565,0,
2024-01-15T00:00:00Z,1.27364194,1.27401519,1.27142346,1.27365828,0,
2024-01-16T00:00:00Z,1.27171457,1.27171457,1.26210034,1.27161741,0,
2024-01-17T00:00:00Z,1.26392043,1.26955116,1.25974727,1.26385498,0,
2024-01-18T00:00:00Z,1.26776457,1.27048659,1.26505411,1.26768422,0,
2024-01-19T00:00:00Z,1.27119720,1.27161741,1.26631963,1.27098715,0,
2024-01-22T00:00:00Z,1.27008319,1.27307451,1.26882625,1.26998639,0,
2024-01-23T00:00:00Z,1.27082574,1.27471352,1.26553440,1.27069640,0,
2024-01-24T00:00:00Z,1.26942217,1.27736759,1.26868141,1.26919663,0,
2024-01-25T00:00:00Z,1.27184391,1.27422631,1.26929319,1.27187634,0,
2024-01-26T00:00:00Z,1.27069640,1.27575421,1.26773238,1.27082574,0,
2024-01-29T00:00:00Z,1.26971221,1.27194095,1.26631963,1.26976073,0,
2024-01-30T00:00:00Z,1.27140725,1.27213514,1.26428640,1.27132642,0,
2024-01-31T00:00:00Z,1.26951885,1.27492476,1.26678491,1.26955116,0,
2024-02-01T00:00:00Z,1.26806998,1.27253985,1.26262939,1.26784492,0,
2024-02-02T00:00:00Z,1.27472985,1.27728605,1.26237130,1.27472985,0,
2024-02-05T00:00:00Z,1.26168633,1.26299310,1.25200319,1.26219594,0,
2024-02-06T00:00:00Z,1.25344694,1.25946164,1.25344694,1.25344694,0,
2024-02-07T00:00:00Z,1.26039827,1.26419055,1.25976312,1.26065254,0,
2024-02-08T00:00:00Z,1.26275384,1.26390290,1.25748205,1.26273787,0,
2024-02-09T00:00:00Z,1.26214814,1.26422250,1.26009655,1.26205254,0,
2024-02-12T00:00:00Z,1.26387095,1.26540625,1.26074791,1.26372719,0,
2024-02-13T00:00:00Z,1.26275384,1.26834345,1.25778246,1.26275384,0,
2024-02-14T00:00:00Z,1.25912869,1.26109934,1.25369835,1.25906527,0,
2024-02-15T00:00:00Z,1.25681818,1.25965214,1.25426447,1.25683403,0,
2024-02-16T00:00:00Z,1.25992191,1.26023948,1.25544548,1.25992191,0,
2024-02-19T00:00:00Z,1.26111364,1.26297712,1.25833642,1.26111364,0,
2024-02-20T00:00:00Z,1.25882745,1.26670468,1.25801992,1.25876415,0,
2024-02-21T00:00:00Z,1.26264226,1.26379108,1.26039827,1.26273787,0,
2024-02-22T00:00:00Z,1.26388693,1.27097094,1.26125681,1.26380706,0,
2024-02-23T00:00:00Z,1.26614332,1.27017999,1.26497412,1.26636779,0,
2024-02-26T00:00:00Z,1.26710594,1.26995420,1.26572669,1.26726651,0,
2024-02-27T00:00:00Z,1.26845598,1.26968968,1.26619136,1.26845598,0,
2024-02-28T00:00:00Z,1.26806998,1.26842380,1.26246679,1.26816642,0,
2024-02-29T00:00:00Z,1.26619136,1.26821470,1.26291335,1.26630366,0,
2024-03-01T00:00:00Z,1.26272202,1.26561451,1.26011240,1.26254654,0,
2024-03-04T00:00:00Z,1.26612735,1.27066422,1.26567852,1.26603103,0,
2024-03-05T00:00:00Z,1.26903558,1.27335012,1.26726651,1.26919663,0,
2024-03-06T00:00:00Z,1.27050269,1.27611244,1.26903558,1.27048659,0,
2024-03-07T00:00:00Z,1.27364194,1.27988541,1.27239406,1.27354467,0,
2024-03-08T00:00:00Z,1.28137779,1.28905845,1.28019667,1.28155839,0,
2024-03-11T00:00:00Z,1.28561139,1.28623986,1.27960682,1.28551233,0,
2024-03-12T00:00:00Z,1.28185403,1.28254461,1.27482724,1.28198063,0,
2024-03-13T00:00:00Z,1.27965605,1.28090167,1.27761233,1.27959061,0,
2024-03-14T00:00:00Z,1.28019667,1.28234720,1.27307451,1.28021300,0,
2024-03-15T00:00:00Z,1.27464855,1.27591705,1.27307451,1.27458358,0,
2024-03-18T00:00:00Z,1.27318788,1.27485979,1.27226460,1.27313936,0,
2024-03-19T00:00:00Z,1.27271807,1.27291238,1.26697755,1.27271807,0,
2024-03-20T00:00:00Z,1.27177918,1.27300966,1.26850426,1.27194095,0,
2024-03-21T00:00:00Z,1.27983618,1.28039336,1.26604712,1.27983618,0,
2024-03-22T00:00:00Z,1.26614332,1.26758778,1.25773501,1.26619136,0,
2024-03-25T00:00:00Z,1.25979483,1.26518214,1.25927138,1.25979483,0,
2024-03-26T00:00:00Z,1.26369536,1.26678491,1.26259434,1.26379108,0,
2024-03-27T00:00:00Z,1.26283360,1.26390290,1.26060486,1.26284957,0,
2024-03-28T00:00:00Z,1.26171029,1.26497412,1.25865006,1.26167047,0,
2024-03-29T00:00:00Z,1.26241910,1.26481414,1.26103413,1.26262629,0,
2024-03-31T23:00:00Z,1.26382303,1.26438236,1.25407577,1.26372719,0,
2024-04-01T23:00:00Z,1.25475240,1.25786161,1.25407577,1.25454772,0,
2024-04-02T23:00:00Z,1.25765598,1.26355159,1.25636029,1.25768769,0,
2024-04-03T23:00:00Z,1.26539040,1.26816642,1.26454222,1.26518214,0,
2024-04-04T23:00:00Z,1.26396680,1.26500618,1.25757682,1.26401949,0,
2024-04-07T23:00:00Z,1.26262629,1.26558256,1.26135218,1.26253057,0,
2024-04-08T23:00:00Z,1.26598299,1.27090633,1.26502216,1.26587093,0,
2024-04-09T23:00:00Z,1.26776934,1.27053511,1.25349402,1.26776457,0,
2024-04-10T23:00:00Z,1.25369835,1.25776672,1.25116992,1.25376129,0,
2024-04-11T23:00:00Z,1.25563467,1.25588703,1.24288452,1.25547707,0,
2024-04-14T23:00:00Z,1.24601281,1.24984372,1.24435377,1.24618351,0,
2024-04-15T23:00:00Z,1.24469447,1.24734938,1.24113989,1.24474096,0,
2024-04-16T23:00:00Z,1.24310076,1.24817455,1.24177325,1.24310076,0,
2024-04-17T23:00:00Z,1.24536097,1.24845505,1.24378109,1.24537659,0,
2024-04-18T23:00:00Z,1.24362648,1.24688280,1.23920345,1.24376571,0,
2024-04-21T23:00:00Z,1.23762369,1.23926485,1.23011827,1.23757780,0,
2024-04-22T23:00:00Z,1.23501003,1.24579549,1.23333454,1.23502529,0,
2024-04-23T23:00:00Z,1.24550068,1.24672735,1.24239039,1.24533010,0,
2024-04-24T23:00:00Z,1.24596620,1.25234818,1.24557817,1.24595058,0,
2024-04-25T23:00:00Z,1.25079739,1.25415444,1.24506640,1.25090694,0,
2024-04-28T23:00:00Z,1.25109470,1.25549269,1.25084436,1.25104773,0,
2024-04-29T23:00:00Z,1.25599742,1.25628138,1.25056279,1.25598156,0,
2024-04-30T23:00:00Z,1.24893844,1.24984372,1.24682069,1.24901640,0,
2024-05-01T23:00:00Z,1.25371408,1.25470519,1.24728715,1.25393426,0,
2024-05-02T23:00:00Z,1.25399709,1.26294518,1.25299156,1.25406003,0,
2024-05-05T23:00:00Z,1.25410724,1.25943005,1.25395000,1.25410724,0,
2024-05-06T23:00:00Z,1.25599742,1.25702357,1.25316417,1.25598156,0,
2024-05-07T23:00:00Z,1.25032818,1.25056279,1.24672735,1.25014067,0,
2024-05-08T23:00:00Z,1.24935973,1.25206590,1.24491143,1.24932849,0,
2024-05-09T23:00:00Z,1.25253642,1.25415444,1.25039077,1.25256777,0,
2024-05-12T23:00:00Z,1.25234818,1.25691307,1.25186217,1.25228548,0,
2024-05-13T23:00:00Z,1.25596583,1.25930309,1.25117302,1.25618672,0,
2024-05-14T23:00:00Z,1.25846314,1.26710594,1.25846314,1.25852656,0,
2024-05-15T23:00:00Z,1.26892281,1.27005088,1.26454222,1.26900327,0,
2024-05-16T23:00:00Z,1.26726651,1.27085793,1.26454222,1.26720071,0,
2024-05-19T23:00:00Z,1.27079332,1.27129424,1.26914823,1.27064800,0,
2024-05-20T23:00:00Z,1.27105176,1.27273428,1.26929319,1.27108407,0,
2024-05-21T23:00:00Z,1.27103567,1.27612877,1.27009940,1.27113259,0,
2024-05-22T23:00:00Z,1.27208662,1.27469730,1.27061570,1.27210283,0,
2024-05-23T23:00:00Z,1.26937377,1.27513611,1.26827908,1.26940608,0,
2024-05-26T23:00:00Z,1.27344739,1.27789974,1.27344739,1.27360952,0,
2024-05-27T23:00:00Z,1.27726972,1.27998364,1.27630782,1.27723718,0,
2024-05-28T23:00:00Z,1.27600014,1.27717173,1.27071261,1.27583563,0,
2024-05-29T23:00:00Z,1.26982522,1.27476227,1.26818264,1.26979935,0,
2024-05-30T23:00:00Z,1.27302587,1.27655232,1.27016389,1.27304208,0,
2024-06-02T23:00:00Z,1.27440488,1.27939403,1.26955116,1.27437246,0,
2024-06-03T23:00:00Z,1.28101659,1.28172266,1.27443731,1.28101659,0,
2024-06-04T23:00:00Z,1.27730238,1.27952504,1.27577055,1.27730238,0,
2024-06-05T23:00:00Z,1.27939403,1.28106582,1.27655232,1.27947593,0,
2024-06-06T23:00:00Z,1.27942681,1.28108227,1.27174687,1.27932858,0,
2024-06-09T23:00:00Z,1.27287030,1.27323663,1.26890671,1.27294481,0,
2024-06-10T23:00:00Z,1.27258849,1.27494109,1.27076101,1.27263701,0,
2024-06-11T23:00:00Z,1.27383661,1.28600824,1.27335978,1.27404761,0,
2024-06-12T23:00:00Z,1.27967250,1.28060651,1.27528250,1.27962327,0,
2024-06-13T23:00:00Z,1.27544522,1.27648711,1.26580679,1.27551019,0,
2024-06-16T23:00:00Z,1.26839173,1.26908386,1.26598299,1.26831126,0,
2024-06-17T23:00:00Z,1.27142346,1.27203798,1.26694536,1.27159977,0,
2024-06-18T23:00:00Z,1.27082574,1.27399898,1.27024460,1.27074492,0,
2024-06-20T23:00:00Z,1.26604712,1.26697755,1.26256251,1.26604712,0,
2024-06-23T23:00:00Z,1.26396680,1.26984119,1.26336002,1.26390290,0,
2024-06-24T23:00:00Z,1.26831126,1.27024460,1.26715410,1.26834345,0,
2024-06-25T23:00:00Z,1.26847219,1.26919663,1.26208448,1.26839972,0,
2024-06-26T23:00:00Z,1.26214814,1.26694536,1.26135218,1.26217997,0,
2024-06-27T23:00:00Z,1.26438236,1.26617539,1.26202083,1.26457417,0,
2024-06-30T23:00:00Z,1.26502216,1.26953495,1.26374316,1.26486218,0,
2024-07-01T23:00:00Z,1.26462209,1.26853645,1.26163864,1.26457417,0,
2024-07-02T23:00:00Z,1.26881015,1.27771032,1.26790929,1.26903558,0,
2024-07-03T23:00:00Z,1.27477849,1.27673161,1.27404761,1.27477849,0,
2024-07-07T23:00:00Z,1.28073776,1.28468657,1.28024590,1.28065085,0,
2024-07-08T23:00:00Z,1.28146970,1.28246236,1.27792263,1.28155839,0,
2024-07-09T23:00:00Z,1.27887058,1.28475249,1.27852714,1.27877235,0,
2024-07-10T23:00:00Z,1.28542972,1.29486716,1.28504968,1.28526449,0,
2024-07-11T23:00:00Z,1.29252410,1.29920745,1.29032266,1.29237378,0,
2024-07-14T23:00:00Z,1.29678142,1.29954517,1.29627705,1.29668045,0,
2024-07-15T23:00:00Z,1.29700005,1.29802704,1.29401255,1.29700005,0,
2024-07-16T23:00:00Z,1.29780805,1.30446124,1.29668045,1.29776931,0,
2024-07-17T23:00:00Z,1.30086386,1.30128694,1.29696643,1.30074537,0,
2024-07-21T23:00:00Z,1.29324281,1.29414654,1.29067230,1.29330969,0,
2024-07-22T23:00:00Z,1.29332650,1.29349375,1.28885913,1.29324281,0,
2024-07-23T23:00:00Z,1.29032266,1.29382849,1.28784668,1.29015613,0,
2024-07-24T23:00:00Z,1.28983986,1.29133904,1.28628945,1.28998971,0,
2024-07-25T23:00:00Z,1.28556180,1.28749835,1.28504968,1.28567755,0,
2024-07-28T23:00:00Z,1.28671980,1.28884256,1.28070486,1.28683567,0,
2024-07-29T23:00:00Z,1.28579330,1.28650463,1.28210056,1.28604126,0,
2024-07-30T23:00:00Z,1.28381240,1.28544617,1.28224862,1.28369713,0,
2024-07-31T23:00:00Z,1.28534710,1.28617370,1.27560782,1.28531396,0,
2024-08-01T23:00:00Z,1.27284765,1.28402674,1.27089036,1.27289617,0,
2024-08-04T23:00:00Z,1.27882135,1.28162408,1.27114880,1.27878869,0,
2024-08-05T23:00:00Z,1.27878869,1.28016388,1.26731467,1.27887058,0,
2024-08-06T23:00:00Z,1.26832736,1.27357709,1.26832736,1.26847219,0,
2024-08-07T23:00:00Z,1.26848829,1.27420998,1.26662445,1.26803780,0,
2024-08-08T23:00:00Z,1.27459979,1.27741659,1.27271807,1.27474594,0,
2024-08-11T23:00:00Z,1.27498984,1.27945960,1.27489221,1.27503860,0,
2024-08-12T23:00:00Z,1.27723718,1.28361464,1.27651978,1.27712286,0,
2024-08-13T23:00:00Z,1.28662038,1.28688538,1.28239655,1.28667009,0,
2024-08-14T23:00:00Z,1.28252816,1.28706753,1.27998364,1.28287363,0,
2024-08-15T23:00:00Z,1.28597510,1.29145575,1.28584290,1.28594208,0,
2024-08-18T23:00:00Z,1.29483366,1.29974794,1.29416335,1.29471624,0,
2024-08-19T23:00:00Z,1.29902184,1.30444419,1.29755545,1.29903865,0,
2024-08-20T23:00:00Z,1.30350900,1.30787349,1.30116844,1.30354309,0,
2024-08-21T23:00:00Z,1.30929470,1.31290460,1.30821562,1.30934608,0,
2024-08-22T23:00:00Z,1.30975771,1.32299638,1.30927753,1.30977476,0,
2024-08-25T23:00:00Z,1.32147527,1.32224405,1.31825244,1.32126582,0,
2024-08-26T23:00:00Z,1.31921077,1.32459104,1.31808054,1.31917417,0,
2024-08-27T23:00:00Z,1.32564461,1.32625997,1.31926119,1.32575011,0,
2024-08-28T23:00:00Z,1.31945276,1.32270062,1.31466508,1.31936562,0,
2024-08-29T23:00:00Z,1.31651700,1.32013202,1.31264603,1.31662107,0,
2024-09-01T23:00:00Z,1.31307697,1.31544328,1.31207764,1.31285286,0,
2024-09-02T23:00:00Z,1.31411231,1.31475151,1.30900335,1.31419861,0,
2024-09-03T23:00:00Z,1.31135499,1.31748843,1.31023812,1.31140661,0,
2024-09-04T23:00:00Z,1.31447494,1.31880879,1.31388783,1.31447494,0,
2024-09-05T23:00:00Z,1.31773138,1.32343411,1.31299078,1.31774879,0,
2024-09-08T23:00:00Z,1.31323218,1.31438863,1.30715537,1.31333554,0,
2024-09-09T23:00:00Z,1.30698442,1.31075335,1.30498898,1.30713820,0,
2024-09-10T23:00:00Z,1.30821562,1.31116593,1.30032253,1.30802739,0,
2024-09-11T23:00:00Z,1.30391705,1.30838680,1.30327117,1.30395103,0,
2024-09-12T23:00:00Z,1.31331837,1.31568563,1.31164753,1.31323218,0,
2024-09-15T23:00:00Z,1.31359446,1.32138789,1.31359446,1.31379974,0,
2024-09-16T23:00:00Z,1.32107377,1.32303131,1.31599724,1.32107377,0,
2024-09-17T23:00:00Z,1.31675971,1.32529330,1.31561637,1.31674230,0,
2024-09-18T23:00:00Z,1.32034111,1.33118570,1.31551242,1.32011461,0,
2024-09-19T23:00:00Z,1.32830358,1.33413386,1.32705200,1.32817996,0,
2024-09-22T23:00:00Z,1.33127427,1.33602321,1.32513523,1.33139837,0,
2024-09-23T23:00:00Z,1.33497095,1.33992577,1.33333337,1.33498871,0,
2024-09-24T23:00:00Z,1.34273243,1.34296679,1.33368897,1.34273243,0,
2024-09-25T23:00:00Z,1.33148706,1.34329152,1.33141613,1.33157921,0,
2024-09-26T23:00:00Z,1.34120178,1.34282255,1.33616602,1.34138155,0,
2024-09-29T23:00:00Z,1.33832979,1.34246206,1.33630884,1.33832979,0,
2024-09-30T23:00:00Z,1.33779263,1.33904660,1.32647097,1.33761370,0,
2024-10-01T23:00:00Z,1.32747471,1.33054805,1.32487178,1.32740426,0,
2024-10-03T23:00:00Z,1.31304240,1.31752300,1.30730915,1.31302524,0,
2024-10-06T23:00:00Z,1.31240475,1.31340456,1.30601156,1.31252539,0,
2024-10-07T23:00:00Z,1.30860937,1.31137216,1.30654049,1.30847239,0,
2024-10-08T23:00:00Z,1.30941463,1.31037557,1.30584109,1.30948329,0,
2024-10-09T23:00:00Z,1.30671120,1.30934608,1.30276191,1.30683088,0,
2024-10-10T23:00:00Z,1.30616510,1.30821562,1.30432510,1.30621636,0,
2024-10-13T23:00:00Z,1.30493796,1.30722368,1.30315232,1.30490375,0,
2024-10-14T23:00:00Z,1.30684781,1.31018674,1.30362797,1.30674541,0,
2024-10-15T23:00:00Z,1.30655754,1.30773652,1.29836404,1.30659175,0,
2024-10-16T23:00:00Z,1.29917371,1.30203247,1.29758906,1.29902184,0,
2024-10-17T23:00:00Z,1.30160868,1.30686498,1.30123627,1.30157495,0,
2024-10-20T23:00:00Z,1.30514228,1.30531263,1.29797637,1.30526161,0,
2024-10-21T23:00:00Z,1.29831350,1.30152416,1.29464924,1.29829657,0,
2024-10-22T23:00:00Z,1.29819560,1.29961264,1.29376149,1.29827976,0,
2024-10-23T23:00:00Z,1.29163921,1.29868448,1.29122221,1.29137230,0,
2024-10-24T23:00:00Z,1.29740393,1.29991674,1.29570603,1.29733658,0,
2024-10-28T00:00:00Z,1.29582357,1.30008578,1.29406285,1.29582357,0,
2024-10-29T00:00:00Z,1.29755545,1.30076230,1.29584026,1.29747117,0,
2024-10-30T00:00:00Z,1.30116844,1.30393398,1.29394567,1.30140555,0,
2024-10-31T00:00:00Z,1.29587400,1.29988301,1.28475249,1.29595792,0,
2024-11-01T00:00:00Z,1.28947401,1.29792595,1.28854358,1.28977334,0,
2024-11-04T00:00:00Z,1.29530323,1.30005193,1.29362750,1.29534018,0,
2024-11-05T00:00:00Z,1.29533672,1.30213416,1.29488385,1.29545426,0,
2024-11-06T00:00:00Z,1.30405307,1.30437613,1.28363121,1.30435920,0,
2024-11-07T00:00:00Z,1.28832781,1.30091453,1.28774714,1.28832781,0,
2024-11-08T00:00:00Z,1.29836404,1.29853261,1.29032266,1.29822922,0,
2024-11-11T00:00:00Z,1.29157257,1.29265773,1.28566110,1.29170597,0,
2024-11-13T00:00:00Z,1.27373922,1.27624273,1.26895499,1.27391779,0,
2024-11-14T00:00:00Z,1.27077723,1.27203798,1.26313984,1.27068031,0,
2024-11-15T00:00:00Z,1.26664054,1.26984119,1.26160681,1.26678491,0,
2024-11-18T00:00:00Z,1.26197290,1.26622355,1.26149535,1.26176596,0,
2024-11-19T00:00:00Z,1.26792538,1.26887453,1.26147938,1.26792538,0,
2024-11-20T00:00:00Z,1.26948655,1.27145588,1.26331210,1.26945436,0,
2024-11-21T00:00:00Z,1.26559854,1.26614332,1.25816238,1.26553440,0,
2024-11-22T00:00:00Z,1.25854230,1.25944579,1.24886048,1.25847900,0,
2024-11-25T00:00:00Z,1.25890672,1.26127255,1.25423312,1.25938237,0,
2024-11-26T00:00:00Z,1.25305438,1.26165450,1.25087559,1.25330555,0,
2024-11-27T00:00:00Z,1.25754523,1.26929319,1.25677085,1.25738716,0,
2024-11-28T00:00:00Z,1.26749146,1.26914823,1.26457417,1.26776457,0,
2024-11-29T00:00:00Z,1.26964784,1.27487612,1.26736283,1.26968002,0,
2024-12-02T00:00:00Z,1.27056730,1.27221608,1.26194119,1.27016389,0,
2024-12-03T00:00:00Z,1.26580679,1.26968002,1.26403069,1.26585484,0,
2024-12-04T00:00:00Z,1.26742721,1.27174687,1.26358354,1.26742721,0,
2024-12-05T00:00:00Z,1.27013159,1.27702498,1.26935768,1.27011549,0,
2024-12-06T00:00:00Z,1.27593338,1.28096747,1.27315557,1.27593338,0,
2024-12-09T00:00:00Z,1.27466476,1.27980340,1.27177918,1.27492964,0,
2024-12-10T00:00:00Z,1.27484345,1.27665007,1.27252376,1.27490854,0,
2024-12-11T00:00:00Z,1.27803695,1.27821660,1.27147198,1.27800429,0,
2024-12-12T00:00:00Z,1.27665007,1.27877235,1.26733077,1.27663374,0,
2024-12-13T00:00:00Z,1.26755571,1.26792538,1.26090693,1.26773238,0,
2024-12-17T00:00:00Z,1.26951885,1.27205420,1.26676881,1.26903558,0,
2024-12-18T00:00:00Z,1.27089036,1.27231324,1.26803780,1.27108407,0,
2024-12-19T00:00:00Z,1.25703943,1.26662445,1.25266182,1.25677085,0,
2024-12-20T00:00:00Z,1.24975002,1.25911283,1.24762011,1.24979687,0,
2024-12-23T00:00:00Z,1.25719750,1.25881171,1.25109470,1.25699198,0,
2024-12-24T00:00:00Z,1.25336838,1.25740302,1.25242662,1.25344694,0,
2024-12-25T00:00:00Z,1.25360417,1.28130555,1.24099970,1.25360417,0,
2024-12-26T00:00:00Z,1.25439036,1.25499964,1.25026560,1.25437462,0,
2024-12-27T00:00:00Z,1.25294435,1.25914454,1.25067222,1.25297582,0,
2024-12-30T00:00:00Z,1.25795662,1.26074791,1.25081301,1.25788069,0,
2024-12-31T00:00:00Z,1.25490034,1.25681818,1.25148618,1.25490987,0,
2025-01-02T00:00:00Z,1.25210035,1.25407577,1.23606336,1.25192487,0,
2025-01-03T00:00:00Z,1.23802221,1.24198914,1.23788428,1.23802221,0,
2025-01-06T00:00:00Z,1.24251390,1.25506735,1.24189663,1.24268377,0,
2025-01-07T00:00:00Z,1.25106347,1.25764012,1.24850178,1.25109470,0,
2025-01-08T00:00:00Z,1.24766064,1.24940658,1.23225558,1.24778521,0,
2025-01-09T00:00:00Z,1.23594117,1.23664427,1.22458971,1.23598707,0,
2025-01-10T00:00:00Z,1.22990644,1.23219478,1.21967578,1.22993672,0,
2025-01-13T00:00:00Z,1.22042012,1.22076273,1.21012640,1.22049451,0,
2025-01-14T00:00:00Z,1.22312188,1.22428989,1.21416688,1.22333145,0,
2025-01-15T00:00:00Z,1.22107577,1.23069346,1.21694469,1.22134423,0,
2025-01-16T00:00:00Z,1.22433484,1.22484481,1.21770048,1.22433484,0,
2025-01-17T00:00:00Z,1.22346616,1.22442484,1.21624911,1.22369063,0,
2025-01-20T00:00:00Z,1.21756709,1.23239219,1.21666348,1.21710026,0,
2025-01-21T00:00:00Z,1.23331940,1.23452222,1.22319674,1.23313677,0,
2025-01-22T00:00:00Z,1.23412609,1.23754716,1.23093581,1.23353994,0,
2025-01-23T00:00:00Z,1.23156953,1.23580372,1.22942257,1.23142087,0,
2025-01-24T00:00:00Z,1.23546779,1.24956274,1.23502529,1.23539150,0,
2025-01-27T00:00:00Z,1.24596620,1.25239515,1.24271452,1.24593520,0,
2025-01-28T00:00:00Z,1.24540746,1.24657190,1.24161899,1.24605930,0,
2025-01-29T00:00:00Z,1.24426079,1.24627674,1.23943388,1.24416804,0,
2025-01-30T00:00:00Z,1.24551618,1.24758291,1.24259102,1.24553013,0,
2025-01-31T00:00:00Z,1.24225152,1.24554718,1.23889649,1.24239039,0,
2025-02-03T00:00:00Z,1.22913551,1.24353361,1.22503984,1.22919583,0,
2025-02-04T00:00:00Z,1.24356461,1.24931288,1.23829806,1.24317801,0,
2025-02-05T00:00:00Z,1.24775410,1.25484681,1.24646318,1.24781632,0,
2025-02-06T00:00:00Z,1.25023448,1.25098515,1.23685837,1.25040638,0,
2025-02-07T00:00:00Z,1.24357998,1.24904764,1.23898852,1.24375021,0,
2025-02-10T00:00:00Z,1.23903453,1.24215889,1.23731744,1.23915744,0,
2025-02-11T00:00:00Z,1.23615503,1.24257565,1.23345625,1.23606336,0,
2025-02-12T00:00:00Z,1.24525249,1.24641657,1.23793018,1.24515939,0,
2025-02-13T00:00:00Z,1.24520588,1.25402856,1.24444675,1.24506640,0,
2025-02-14T00:00:00Z,1.25670767,1.26302493,1.25506735,1.25634456,0,
2025-02-17T00:00:00Z,1.25846314,1.26139987,1.25811493,1.25841558,0,
2025-02-18T00:00:00Z,1.26216412,1.26238716,1.25836813,1.26214814,0,
2025-02-19T00:00:00Z,1.26262629,1.26390290,1.25711846,1.26257849,0,
2025-02-20T00:00:00Z,1.25838399,1.26487815,1.25814652,1.25841558,0,
2025-02-21T00:00:00Z,1.26700950,1.26787710,1.26318455,1.26704013,0,
2025-02-24T00:00:00Z,1.26492608,1.26919663,1.26141584,1.26499009,0,
2025-02-25T00:00:00Z,1.26189327,1.26781273,1.26090693,1.26178193,0,
2025-02-26T00:00:00Z,1.26734686,1.27079332,1.26367939,1.26744318,0,
2025-02-27T00:00:00Z,1.26810050,1.26889062,1.26170230,1.26823080,0,
2025-02-28T00:00:00Z,1.25979483,1.26225972,1.25751364,1.25989008,0,
2025-03-03T00:00:00Z,1.26015997,1.27113259,1.25844729,1.26039827,0,
2025-03-04T00:00:00Z,1.27024460,1.27539635,1.26792049,1.27014768,0,
2025-03-05T00:00:00Z,1.27957416,1.28781343,1.27687836,1.27942681,0,
2025-03-06T00:00:00Z,1.28899205,1.29230690,1.28685224,1.28919137,0,
2025-03-07T00:00:00Z,1.28837752,1.29449844,1.28769743,1.28853035,0,
2025-03-10T00:00:00Z,1.29332650,1.29463243,1.28761446,1.29324281,0,
2025-03-11T00:00:00Z,1.28759789,1.29552138,1.28733265,1.28754818,0,
2025-03-12T00:00:00Z,1.29448164,1.29881942,1.29145074,1.29448164,0,
2025-03-13T00:00:00Z,1.29649568,1.29735339,1.29222345,1.29642832,0,
2025-03-14T00:00:00Z,1.29567254,1.29590762,1.29123890,1.29584026,0,
2025-03-17T00:00:00Z,1.29279137,1.29947758,1.29279137,1.29305887,0,
2025-03-18T00:00:00Z,1.29860008,1.30060995,1.29543746,1.29853261,0,
2025-03-19T00:00:00Z,1.30005193,1.30037320,1.29555488,1.30005193,0,
2025-03-20T00:00:00Z,1.30106688,1.30152416,1.29374480,1.30106688,0,
2025-03-21T00:00:00Z,1.29664683,1.29711783,1.28914154,1.29679811,0,
2025-03-24T00:00:00Z,1.29252410,1.29723561,1.29098880,1.29245722,0,
2025-03-25T00:00:00Z,1.29229021,1.29609227,1.29045582,1.29242384,0,
2025-03-26T00:00:00Z,1.29453182,1.29473293,1.28761446,1.29433084,0,
2025-03-27T00:00:00Z,1.28773046,1.29922438,1.28773046,1.28776371,0,
2025-03-28T00:00:00Z,1.29511869,1.29688227,1.29235697,1.29520261,0,
2025-03-30T23:00:00Z,1.29399586,1.29725242,1.28907514,1.29382849,0,
2025-03-31T23:00:00Z,1.29198968,1.29409635,1.28801072,1.29208982,0,
2025-04-01T23:00:00Z,1.29224002,1.29797637,1.29030597,1.29230690,0,
2025-04-02T23:00:00Z,1.30447829,1.32044578,1.30284679,1.30463147,0,
2025-04-03T23:00:00Z,1.30900335,1.31121743,1.29155588,1.30886626,0,
2025-04-06T23:00:00Z,1.29123890,1.29335988,1.27228081,1.29107225,0,
2025-04-07T23:00:00Z,1.27388525,1.27959061,1.27265322,1.27349603,0,
2025-04-08T23:00:00Z,1.27875602,1.28605783,1.27539635,1.27909958,0,
2025-04-09T23:00:00Z,1.28267622,1.29782486,1.28242946,1.28254461,0,
2025-04-10T23:00:00Z,1.29942691,1.31428504,1.29875195,1.29920745,0,
2025-04-14T23:00:00Z,1.31734943,1.32518780,1.31662107,1.31745362,0,
2025-04-15T23:00:00Z,1.32318890,1.32925689,1.32280385,1.32310128,0,
2025-04-16T23:00:00Z,1.32332897,1.32735145,1.32058525,1.32339895,0,
2025-04-21T23:00:00Z,1.33815062,1.34217370,1.33582687,1.33797169,0,
2025-04-22T23:00:00Z,1.32731616,1.33392024,1.32534587,1.32731616,0,
2025-04-23T23:00:00Z,1.32654142,1.33308446,1.32610166,1.32645345,0,
2025-04-24T23:00:00Z,1.33274698,1.33301342,1.32749236,1.33262265,0,
2025-04-27T23:00:00Z,1.32900965,1.34193957,1.32812703,1.32900965,0,
2025-04-28T23:00:00Z,1.34350824,1.34423053,1.33815062,1.34361649,0,
2025-04-29T23:00:00Z,1.34127367,1.34143567,1.33106160,1.34107947,0,
2025-04-30T23:00:00Z,1.33216107,1.33452559,1.32659423,1.33239174,0,
2025-05-01T23:00:00Z,1.32865644,1.33306670,1.32678783,1.32863879,0,
2025-05-04T23:00:00Z,1.32708716,1.33361781,1.32624233,1.32719290,0,
2025-05-05T23:00:00Z,1.32902730,1.34005141,1.32622480,1.32925689,0,
2025-05-06T23:00:00Z,1.33530962,1.33770311,1.33242738,1.33559489,0,
2025-05-07T23:00:00Z,1.32913327,1.33570206,1.32515264,1.32941592,0,
2025-05-08T23:00:00Z,1.32408237,1.33178842,1.32135308,1.32353914,0,
2025-05-11T23:00:00Z,1.32847989,1.32996404,1.31419861,1.32890368,0,
2025-05-12T23:00:00Z,1.31783557,1.32812703,1.31754041,1.31778347,0,
2025-05-13T23:00:00Z,1.33045959,1.33605886,1.32874477,1.33044183,0,
2025-05-14T23:00:00Z,1.32643592,1.33187723,1.32606649,1.32634795,0,
2025-05-15T23:00:00Z,1.33031797,1.33319116,1.32546890,1.33068967,0,
2025-05-18T23:00:00Z,1.33056581,1.34033883,1.32918620,1.33054984,0,
2025-05-19T23:00:00Z,1.33596957,1.33962059,1.33354664,1.33600533,0,
2025-05-20T23:00:00Z,1.33985400,1.34680128,1.33897483,1.33978212,0,
2025-05-21T23:00:00Z,1.34224594,1.34410405,1.33920801,1.34190369,0,
2025-05-26T23:00:00Z,1.35666800,1.35871410,1.35014713,1.35652077,0,
2025-05-27T23:00:00Z,1.35151577,1.35224676,1.34511650,1.35133302,0,
2025-05-28T23:00:00Z,1.34269643,1.35074902,1.34210169,1.34314728,0,
2025-05-29T23:00:00Z,1.34996486,1.35115051,1.34509850,1.34989929,0,
2025-06-02T23:00:00Z,1.35573006,1.35582197,1.34947312,1.35567486,0,
2025-06-03T23:00:00Z,1.35316169,1.35810518,1.35025656,1.35314333,0,
2025-06-04T23:00:00Z,1.35517883,1.36172998,1.35413289,1.35521555,0,
2025-06-05T23:00:00Z,1.35799456,1.35854065,1.35080373,1.35795760,0,
2025-06-08T23:00:00Z,1.35372961,1.35816050,1.35244787,1.35382116,0,
2025-06-09T23:00:00Z,1.35538089,1.35648394,1.34589505,1.35567486,0,
2025-06-10T23:00:00Z,1.35085845,1.35573006,1.34647489,1.35082197,0,
2025-06-11T23:00:00Z,1.35687053,1.36236072,1.35261250,1.35674167,0,
2025-06-12T23:00:00Z,1.36306632,1.36325216,1.35171676,1.36276913,0,
2025-06-15T23:00:00Z,1.35470140,1.36232352,1.35360122,1.35570061,0,
2025-06-16T23:00:00Z,1.35685217,1.35801291,1.34976447,1.35655761,0,
2025-06-17T23:00:00Z,1.34307516,1.34770894,1.34278655,1.34300292,0,
2025-06-18T23:00:00Z,1.34150755,1.34500802,1.33838356,1.34165156,0,
2025-06-19T23:00:00Z,1.34787238,1.35113227,1.34560525,1.34767258,0,
2025-06-22T23:00:00Z,1.34368861,1.35053003,1.33734536,1.34359837,0,
2025-06-23T23:00:00Z,1.35464644,1.36466610,1.35374784,1.35453641,0,
2025-06-24T23:00:00Z,1.36148894,1.36343813,1.35924971,1.36148894,0,
2025-06-25T23:00:00Z,1.36913157,1.37648141,1.36787677,1.36918783,0,
2025-06-26T23:00:00Z,1.37268353,1.37517536,1.37053883,1.37247634,0,
2025-06-29T23:00:00Z,1.37206209,1.37413609,1.36761487,1.37196803,0,
2025-06-30T23:00:00Z,1.37343776,1.37887299,1.37053883,1.37306058,0,
2025-07-01T23:00:00Z,1.37472165,1.37532663,1.35676003,1.37472165,0,
2025-07-02T23:00:00Z,1.36515045,1.36752141,1.35919428,1.36500144,0,
2025-07-03T23:00:00Z,1.36664307,1.36817622,1.36353099,1.36682975,0,
2025-07-06T23:00:00Z,1.36507595,1.36578441,1.35758901,1.36515045,0,
2025-07-07T23:00:00Z,1.36254632,1.36466610,1.35281384,1.36236072,0,
2025-07-08T23:00:00Z,1.35852957,1.36182272,1.35661280,1.35852957,0,
2025-07-09T23:00:00Z,1.35971165,1.36202669,1.35343635,1.35930514,0,
2025-07-10T23:00:00Z,1.35803139,1.35812366,1.34838128,1.35795760,0,
2025-07-13T23:00:00Z,1.34970987,1.35047531,1.34327364,1.34938204,0,
2025-07-14T23:00:00Z,1.34273243,1.34665620,1.33820438,1.34280455,0,
2025-07-15T23:00:00Z,1.33942318,1.34772706,1.33673751,1.33933353,0,
2025-07-16T23:00:00Z,1.34107578,1.34186757,1.33759582,1.34110999,0,
2025-07-17T23:00:00Z,1.34314728,1.34749091,1.34116566,1.34325552,0,
2025-07-20T23:00:00Z,1.34163356,1.35100436,1.34032083,1.34159756,0,
2025-07-21T23:00:00Z,1.34894514,1.35200906,1.34631181,1.34894514,0,
2025-07-22T23:00:00Z,1.35217369,1.35758901,1.35171676,1.35215533,0,
2025-07-23T23:00:00Z,1.35795760,1.35889876,1.35237467,1.35795760,0,
2025-07-24T23:00:00Z,1.35098624,1.35122359,1.34181356,1.35100436,0,
2025-07-27T23:00:00Z,1.34399569,1.34533381,1.33922589,1.34408593,0,
2025-07-28T23:00:00Z,1.33584476,1.33620167,1.33086681,1.33602321,0,
2025-07-29T23:00:00Z,1.33561277,1.33854473,1.32729852,1.33536303,0,
2025-07-30T23:00:00Z,1.32555676,1.32821524,1.31882620,1.32576764,0,
2025-07-31T23:00:00Z,1.32074225,1.33054805,1.31440592,1.32098651,0,
2025-08-03T23:00:00Z,1.32922161,1.33308446,1.32546890,1.32899201,0,
2025-08-04T23:00:00Z,1.32999945,1.33095539,1.32631266,1.32975185,0,
2025-08-05T23:00:00Z,1.32985806,1.33589828,1.32833874,1.32994640,0,
2025-08-06T23:00:00Z,1.33577335,1.34372485,1.33475709,1.33579123,0,
2025-08-07T23:00:00Z,1.34518886,1.34547853,1.34199369,1.34515274,0,
2025-08-10T23:00:00Z,1.34439313,1.34765434,1.34003353,1.34444749,0,
2025-08-11T23:00:00Z,1.34343588,1.35239303,1.34222782,1.34352612,0,
2025-08-12T23:00:00Z,1.35053003,1.35851109,1.34941840,1.35042071,0,
2025-08-13T23:00:00Z,1.35856652,1.35945296,1.35292375,1.35852957,0,
2025-08-14T23:00:00Z,1.35301518,1.35755205,1.35283220,1.35307014,0,
2025-08-17T23:00:00Z,1.35576677,1.35659993,1.35129654,1.35563815,0,
2025-08-18T23:00:00Z,1.35080373,1.35310674,1.34881783,1.35082197,0,
2025-08-19T23:00:00Z,1.34856308,1.35089493,1.34489942,1.34867954,0,
2025-08-20T23:00:00Z,1.34661996,1.34830856,1.34102190,1.34663808,0,
2025-08-21T23:00:00Z,1.34168756,1.35437131,1.33915424,1.34193957,0,
2025-08-24T23:00:00Z,1.35098076,1.35281384,1.34843588,1.35111403,0,
2025-08-25T23:00:00Z,1.34542418,1.34927273,1.34350824,1.34535182,0,
2025-08-27T23:00:00Z,1.35047531,1.35281384,1.34852672,1.35038412,0,
2025-08-28T23:00:00Z,1.35098624,1.35138786,1.34484529,1.35111403,0,
2025-08-31T23:00:00Z,1.35042071,1.35495842,1.35036588,1.35038412,0,
2025-09-01T23:00:00Z,1.35470140,1.35488498,1.33416939,1.35479319,0,
2025-09-02T23:00:00Z,1.33836567,1.34533381,1.33363557,1.33834767,0,
2025-09-03T23:00:00Z,1.34421253,1.34585881,1.34179556,1.34415829,0,
2025-09-04T23:00:00Z,1.34444749,1.35545433,1.34426665,1.34444749,0,
2025-09-07T23:00:00Z,1.34921813,1.35563815,1.34849036,1.34929097,0,
2025-09-08T23:00:00Z,1.35527062,1.35915732,1.35252118,1.35530734,0,
2025-09-09T23:00:00Z,1.35208225,1.35615277,1.35162532,1.35210967,0,
2025-09-10T23:00:00Z,1.35325313,1.35779166,1.34952772,1.35347307,0,
2025-09-14T23:00:00Z,1.35552788,1.36197102,1.35494018,1.35534406,0,
2025-09-15T23:00:00Z,1.36017418,1.36707270,1.35987806,1.36026669,0,
2025-09-16T23:00:00Z,1.36546731,1.36692321,1.36314058,1.36539280,0,
2025-09-17T23:00:00Z,1.36289918,1.36574697,1.35363793,1.36297345,0,
2025-09-18T23:00:00Z,1.35556459,1.35593033,1.34658372,1.35560131,0,
2025-09-21T23:00:00Z,1.34629357,1.35135138,1.34536994,1.34647489,0,
2025-09-22T23:00:00Z,1.35138786,1.35360122,1.34907258,1.35149741,0,
2025-09-23T23:00:00Z,1.35261250,1.35261250,1.34287679,1.35244787,0,
2025-09-24T23:00:00Z,1.34500802,1.34661996,1.33424056,1.34523964,0,
2025-09-25T23:00:00Z,1.33351111,1.34138155,1.33313787,1.33365345,0,
2025-09-28T23:00:00Z,1.34077013,1.34560525,1.34077013,1.34082413,0,
2025-09-29T23:00:00Z,1.34352982,1.34658372,1.34157956,1.34372485,0,
2025-09-30T23:00:00Z,1.34417629,1.35259426,1.34356236,1.34433901,0,
2025-10-01T23:00:00Z,1.34778154,1.35098624,1.34019518,1.34801781,0,
2025-10-02T23:00:00Z,1.34459209,1.34843588,1.34298491,1.34466434,0,
2025-10-05T23:00:00Z,1.34334576,1.34843588,1.34179556,1.34338176,0,
2025-10-07T23:00:00Z,1.34210169,1.34385121,1.33850896,1.34210169,0,
2025-10-08T23:00:00Z,1.34001553,1.34197569,1.32922161,1.34014118,0,
2025-10-09T23:00:00Z,1.33037102,1.33593392,1.32666469,1.33049488,0,
2025-10-12T23:00:00Z,1.33381355,1.33661246,1.33161116,1.33361781,0,
2025-10-13T23:00:00Z,1.33335114,1.33529174,1.32506502,1.33326221,0,
2025-10-14T23:00:00Z,1.33210778,1.34035671,1.33210778,1.33216107,0,
2025-10-15T23:00:00Z,1.34023106,1.34542418,1.34006941,1.34044659,0,
2025-10-16T23:00:00Z,1.34444749,1.34734571,1.33924389,1.34455585,0,
2025-10-19T23:00:00Z,1.34267831,1.34444749,1.33994377,1.34258819,0,
2025-10-20T23:00:00Z,1.34039271,1.34174156,1.33613026,1.34051847,0,
2025-10-21T23:00:00Z,1.33666599,1.33872390,1.33067203,1.33652318,0,
2025-10-22T23:00:00Z,1.33502436,1.33577335,1.33118570,1.33518481,0,
2025-10-23T23:00:00Z,1.33272922,1.33589828,1.32932758,1.33274698,0,
2025-10-27T00:00:00Z,1.33235633,1.33522046,1.33111477,1.33223915,0,
2025-10-28T00:00:00Z,1.33393800,1.33700562,1.32501221,1.33410001,0,
2025-10-29T00:00:00Z,1.32784498,1.32807422,1.31976616,1.32793307,0,
2025-10-30T00:00:00Z,1.31940043,1.32192945,1.31178510,1.31953979,0,
2025-10-31T00:00:00Z,1.31601465,1.31652915,1.30994642,1.31591070,0,
2025-11-03T00:00:00Z,1.31364620,1.31502819,1.31109715,1.31347358,0,
2025-11-04T00:00:00Z,1.31318033,1.31406045,1.30357707,1.31352544,0,
2025-11-05T00:00:00Z,1.30218506,1.30514228,1.30116844,1.30216980,0,
2025-11-06T00:00:00Z,1.30527854,1.31240475,1.30515075,1.30525982,0,
2025-11-07T00:00:00Z,1.31406045,1.31745362,1.30955184,1.31409502,0,
2025-11-10T00:00:00Z,1.31506264,1.31908727,1.31383610,1.31426775,0,
2025-11-11T00:00:00Z,1.31731486,1.31835675,1.31176794,1.31729746,0,
2025-11-12T00:00:00Z,1.31528759,1.31559896,1.30859220,1.31528759,0,
2025-11-13T00:00:00Z,1.31302524,1.32135308,1.31040990,1.31278384,0,
2025-11-14T00:00:00Z,1.31535685,1.31922638,1.31082213,1.31521833,0,
2025-11-17T00:00:00Z,1.31573761,1.31933081,1.31371522,1.31601465,0,
2025-11-18T00:00:00Z,1.31537402,1.31757510,1.31369793,1.31561637,0,
2025-11-19T00:00:00Z,1.31475151,1.31566823,1.30696750,1.31475151,0,
2025-11-20T00:00:00Z,1.30609679,1.31216383,1.30393398,1.30618215,0,
2025-11-21T00:00:00Z,1.30836964,1.31028974,1.30403602,1.30848944,0,
2025-11-24T00:00:00Z,1.30968904,1.31181943,1.30813003,1.30963755,0,
2025-11-25T00:00:00Z,1.31061602,1.31955707,1.30964971,1.31061602,0,
2025-11-26T00:00:00Z,1.31610119,1.32359171,1.31259429,1.31587076,0,
2025-11-27T00:00:00Z,1.32450330,1.32696390,1.32107377,1.32449973,0,
2025-11-28T00:00:00Z,1.32413507,1.32508242,1.32018423,1.32411754,0,
2025-12-01T00:00:00Z,1.32408237,1.32747471,1.32082951,1.32397723,0,
2025-12-02T00:00:00Z,1.32098651,1.32222664,1.31818295,1.32093418,0,
2025-12-03T00:00:00Z,1.32208669,1.33472145,1.32182467,1.32194698,0,
2025-12-04T00:00:00Z,1.33468580,1.33841932,1.33244503,1.33488178,0,
2025-12-05T00:00:00Z,1.33239174,1.33623743,1.33187723,1.33217883,0,
2025-12-08T00:00:00Z,1.33265817,1.33472145,1.33077824,1.33245933,0,
2025-12-09T00:00:00Z,1.33297789,1.33550572,1.32902730,1.33267939,0,
2025-12-10T00:00:00Z,1.33036041,1.33404481,1.32976961,1.33035326,0,
2025-12-11T00:00:00Z,1.33890319,1.34379709,1.33559489,1.33883154,0,
2025-12-12T00:00:00Z,1.33938742,1.34003353,1.33440077,1.33904660,0,
2025-12-15T00:00:00Z,1.33684480,1.34014118,1.33547008,1.33677328,0,
2025-12-16T00:00:00Z,1.33797169,1.34540617,1.33566630,1.33806121,0,
2025-12-17T00:00:00Z,1.34262431,1.34264243,1.33136284,1.34249985,0,
2025-12-18T00:00:00Z,1.33745265,1.34453785,1.33424056,1.33745980,0,
2025-12-19T00:00:00Z,1.33841932,1.33874190,1.33577335,1.33853936,0,
2025-12-23T00:00:00Z,1.34689200,1.35206389,1.34689200,1.34698999,0,
2025-12-24T00:00:00Z,1.35138786,1.35354626,1.34938204,1.35136044,0,
2025-12-26T00:00:00Z,1.35071254,1.35266745,1.34778154,1.35089493,0,
2025-12-29T00:00:00Z,1.35007429,1.35135138,1.34712791,1.34972799,0,
2025-12-30T00:00:00Z,1.35098624,1.35301518,1.34517086,1.35109937,0,
2025-12-31T00:00:00Z,1.34678316,1.34765434,1.34033883,1.34671974,0,
2026-01-02T00:00:00Z,1.34749091,1.35016537,1.34352612,1.34736383,0,
2026-01-05T00:00:00Z,1.34394145,1.35255766,1.34154356,1.34379709,0,
2026-01-06T00:00:00Z,1.35345471,1.35681522,1.34929097,1.35339975,0,
2026-01-07T00:00:00Z,1.35003781,1.35175323,1.34701896,1.35005593,0,
2026-01-08T00:00:00Z,1.34594941,1.34663808,1.34175956,1.34593129,0,
2026-01-09T00:00:00Z,1.34358037,1.34471858,1.33940530,1.34380054,0,
2026-01-12T00:00:00Z,1.33944118,1.34865403,1.33922589,1.33942318,0,
2026-01-13T00:00:00Z,1.34661996,1.34887230,1.34266031,1.34656560,0,
2026-01-14T00:00:00Z,1.34257019,1.34625745,1.34206569,1.34267831,0,
2026-01-15T00:00:00Z,1.34406805,1.34466434,1.33655894,1.34426665,0,
2026-01-16T00:00:00Z,1.33818650,1.34129167,1.33673751,1.33813286,0,
2026-01-19T00:00:00Z,1.34033883,1.34336376,1.33820438,1.34042871,0,
2026-01-20T00:00:00Z,1.34192169,1.34916353,1.34109914,1.34183156,0,
2026-01-21T00:00:00Z,1.34399569,1.34585881,1.34024906,1.34408593,0,
2026-01-22T00:00:00Z,1.34174156,1.34980094,1.34105790,1.34193957,0,
2026-01-23T00:00:00Z,1.35000134,1.35971165,1.34834492,1.35012889,0,
2026-01-26T00:00:00Z,1.36625087,1.37125301,1.36433101,1.36625087,0,
2026-01-27T00:00:00Z,1.36752141,1.37908208,1.36651230,1.36774576,0,
2026-01-28T00:00:00Z,1.38255227,1.38293457,1.37519431,1.38243747,0,
2026-01-29T00:00:00Z,1.38234198,1.38467717,1.37483501,1.38253307,0,
2026-01-30T00:00:00Z,1.38091028,1.38144445,1.37147880,1.38064337,0,
2026-02-02T00:00:00Z,1.36810136,1.37144113,1.36275053,1.36791420,0,
2026-02-03T00:00:00Z,1.36742783,1.37072682,1.36526227,1.36731565,0,
2026-02-04T00:00:00Z,1.36975050,1.37332451,1.36442411,1.36975050,0,
2026-02-05T00:00:00Z,1.36462879,1.36546731,1.35211885,1.36446118,0,
2026-02-06T00:00:00Z,1.35211885,1.36156309,1.35098624,1.35208225,0,
2026-02-09T00:00:00Z,1.36085892,1.36916912,1.35886180,1.36089599,0,
2026-02-10T00:00:00Z,1.36830723,1.36986303,1.36537409,1.36834478,0,
2026-02-11T00:00:00Z,1.36332655,1.37129068,1.36195254,1.36345661,0,
2026-02-12T00:00:00Z,1.36237931,1.36712885,1.36054420,1.36239970,0,
2026-02-13T00:00:00Z,1.36195254,1.36462879,1.35921276,1.36202669,0,
2026-02-16T00:00:00Z,1.36474061,1.36625087,1.36271346,1.36477780,0,
2026-02-17T00:00:00Z,1.36286199,1.36295497,1.34980094,1.36276913,0,
2026-02-18T00:00:00Z,1.35641038,1.35823429,1.35345471,1.35644722,0,
2026-02-19T00:00:00Z,1.34954596,1.35175323,1.34352612,1.34958231,0,
2026-02-20T00:00:00Z,1.34605801,1.35142434,1.34363449,1.34611249,0,
2026-02-23T00:00:00Z,1.35286868,1.35356462,1.34778154,1.35332656,0,
2026-02-24T00:00:00Z,1.34963703,1.35374784,1.34714603,1.34969163,0,
2026-02-25T00:00:00Z,1.34963703,1.35512364,1.34919989,1.34974623,0,
2026-02-26T00:00:00Z,1.35582197,1.35740459,1.34970987,1.35580349,0,
2026-02-27T00:00:00Z,1.34923637,1.35054827,1.34417629,1.34914529,0,
2026-03-02T00:00:00Z,1.34075212,1.34565949,1.33168209,1.34066236,0,
2026-03-03T00:00:00Z,1.34089601,1.34251618,1.32548642,1.34105790,0,
2026-03-04T00:00:00Z,1.33530962,1.34046459,1.33054805,1.33536303,0,
2026-03-05T00:00:00Z,1.33695209,1.33863425,1.33012331,1.33695209,0,
2026-03-06T00:00:00Z,1.33568418,1.34087801,1.33138061,1.33573759,0,
2026-03-09T00:00:00Z,1.33070743,1.33987200,1.32849753,1.33010554,0,
2026-03-10T00:00:00Z,1.34239006,1.34814489,1.34150755,1.34249806,0,
2026-03-11T00:00:00Z,1.34219182,1.34573209,1.33958471,1.34190369,0,
2026-03-12T00:00:00Z,1.33806121,1.34094989,1.33416939,1.33818650,0,
2026-03-13T00:00:00Z,1.33523834,1.33696997,1.32336402,1.33525074,0,
2026-03-16T00:00:00Z,1.32492447,1.33164656,1.32324135,1.32476652,0,
2026-03-17T00:00:00Z,1.33127427,1.33589828,1.32742190,1.33143377,0,
2026-03-18T00:00:00Z,1.33579123,1.33761370,1.33063662,1.33595181,0,
2026-03-19T00:00:00Z,1.32643592,1.33883154,1.32490695,1.32650626,0,
2026-03-20T00:00:00Z,1.34246206,1.34363449,1.33028257,1.34257019,0,
2026-03-23T00:00:00Z,1.33347559,1.34763634,1.32599616,1.33315551,0,
2026-03-24T00:00:00Z,1.34257019,1.34441125,1.33677328,1.34242606,0,
2026-03-25T00:00:00Z,1.34147155,1.34361649,1.33613026,1.34163356,0,
2026-03-26T00:00:00Z,1.33636236,1.33759582,1.33235633,1.33636236,0,
2026-03-27T00:00:00Z,1.33361959,1.33479977,1.32752764,1.33356452,0,
2026-03-29T23:00:00Z,1.32378435,1.32819760,1.31759250,1.32383704,0,
2026-03-30T23:00:00Z,1.31734943,1.32633030,1.31611860,1.31728005,0,
2026-03-31T23:00:00Z,1.32409990,1.33360004,1.32227910,1.32432783,0,
2026-04-01T23:00:00Z,1.33028257,1.33145154,1.31839156,1.33026481,0,
2026-04-02T23:00:00Z,1.32336402,1.32450330,1.31978357,1.32303131,0,
2026-04-06T23:00:00Z,1.32332897,1.32855058,1.32124829,1.32341647,0,
2026-04-07T23:00:00Z,1.34024906,1.34841764,1.33809698,1.34017718,0,
2026-04-08T23:00:00Z,1.33940530,1.34439313,1.33820438,1.33940530,0,
2026-04-09T23:00:00Z,1.34302104,1.34790874,1.34127367,1.34300292,0,
2026-04-12T23:00:00Z,1.33895695,1.34654737,1.33868814,1.33944118,0,
2026-04-13T23:00:00Z,1.35118699,1.35889876,1.35042977,1.35153401,0,
2026-04-14T23:00:00Z,1.35747838,1.35795760,1.35446286,1.35753357,0,
2026-04-15T23:00:00Z,1.35742307,1.35943449,1.35191774,1.35736966,0,
2026-04-16T23:00:00Z,1.35226512,1.35985970,1.35056663,1.35261250,0,
2026-04-19T23:00:00Z,1.34843588,1.35446286,1.34818137,1.34843588,0,
2026-04-20T23:00:00Z,1.35301518,1.35381937,1.34861767,1.35312510,0,
2026-04-21T23:00:00Z,1.35122359,1.35354626,1.34934556,1.35096800,0,
2026-04-22T23:00:00Z,1.34985554,1.35182631,1.34796333,1.35003781,0,
2026-04-23T23:00:00Z,1.34676516,1.35197246,1.34542418,1.34663808,0,
2026-04-26T23:00:00Z,1.35138786,1.35758901,1.35135138,1.35151029,0,
2026-04-27T23:00:00Z,1.35380292,1.35427952,1.34643865,1.35382116,0,
2026-04-28T23:00:00Z,1.35266745,1.35281384,1.34734571,1.35244787,0,
2026-04-29T23:00:00Z,1.34898150,1.35928667,1.34553277,1.34885967,0,
2026-04-30T23:00:00Z,1.36034071,1.36578441,1.35888028,1.36026669,0,
2026-05-03T23:00:00Z,1.35814202,1.36006308,1.35266745,1.35814202,0,
2026-05-04T23:00:00Z,1.35317993,1.35781014,1.35144269,1.35314333,0,
2026-05-05T23:00:00Z,1.35685217,1.36433101,1.35641038,1.35687053,0,
2026-05-06T23:00:00Z,1.35906494,1.36319649,1.35906494,1.35917580,0,
2026-05-07T23:00:00Z,1.35560131,1.36295497,1.35497677,1.35556459,0,
2026-05-10T23:00:00Z,1.35939753,1.36522496,1.35806835,1.35947144,0,
2026-05-11T23:00:00Z,1.36006308,1.36048865,1.35034776,1.36047018,0,
2026-05-12T23:00:00Z,1.35363793,1.35506868,1.34878135,1.35370016,0,
2026-05-13T23:00:00Z,1.35263085,1.35336304,1.34750915,1.35263085,0,
2026-05-14T23:00:00Z,1.33904660,1.33924389,1.33173525,1.33913624,0,
2026-05-17T23:00:00Z,1.33106160,1.34240794,1.33044183,1.33084905,0,
2026-05-18T23:00:00Z,1.34336376,1.34336376,1.33804321,1.34320128,0,
2026-05-19T23:00:00Z,1.33924389,1.34618497,1.33786416,1.33960271,0,
2026-05-20T23:00:00Z,1.34345400,1.34524322,1.33935142,1.34339988,0,
2026-05-21T23:00:00Z,1.34298491,1.34594941,1.34143567,1.34325552,0,
2026-05-24T23:00:00Z,1.34816313,1.35080373,1.34716427,1.34816313,0,
2026-05-25T23:00:00Z,1.34958231,1.34970987,1.34363449,1.34963703,0,
2026-05-26T23:00:00Z,1.34571397,1.34589505,1.34174156,1.34553277,0,
2026-05-27T23:00:00Z,1.34156156,1.34475482,1.33684480,1.34165156,0,
2026-05-28T23:00:00Z,1.34446561,1.34854484,1.34098589,1.34444749,0,
2026-05-31T23:00:00Z,1.34504414,1.34763634,1.34087801,1.34515274,0,
2026-06-01T23:00:00Z,1.34602189,1.34814489,1.34517086,1.34600019,0,
2026-06-02T23:00:00Z,1.34531558,1.34734571,1.34224594,1.34542418,0,
2026-06-03T23:00:00Z,1.34271443,1.34625745,1.34127367,1.34271443,0,
2026-06-04T23:00:00Z,1.34246206,1.34827220,1.33573759,1.34270000,0,
2026-06-07T23:00:00Z,1.33356452,1.33695209,1.33068967,1.33356452,0,
2026-06-08T23:00:00Z,1.33328009,1.34093189,1.33322668,1.33333337,0,
2026-06-09T23:00:00Z,1.33720231,1.34226382,1.33693409,1.33722019,0,
2026-06-10T23:00:00Z,1.33657682,1.33922589,1.33256936,1.33620167,0,
2026-06-11T23:00:00Z,1.34121978,1.34264243,1.33852684,1.34138155,0,
2026-06-14T23:00:00Z,1.34531558,1.34611249,1.34181356,1.34497178,0,
2026-06-15T23:00:00Z,1.34174156,1.34412217,1.33915961,1.34159946,0,
2026-06-16T23:00:00Z,1.34249806,1.34354424,1.33888519,1.34264243,0,
2026-06-17T23:00:00Z,1.33047724,1.33262265,1.32070732,1.33012331,0,
2026-06-18T23:00:00Z,1.32055032,1.32415247,1.31637836,1.32020175,0,
2026-06-21T23:00:00Z,1.32082951,1.32721055,1.31851327,1.32079458,0,
2026-06-22T23:00:00Z,1.32464361,1.32502985,1.31863487,1.32471383,0,
2026-06-23T23:00:00Z,1.32007980,1.32093418,1.31430221,1.32000995,0,
2026-06-24T23:00:00Z,1.31627440,1.32170236,1.31532216,1.31665564,0,
2026-06-25T23:00:00Z,1.31903493,1.32320642,1.31811345,1.31879139,0,
2026-06-28T23:00:00Z,1.31960940,1.32555676,1.31947017,1.31971383,0,
2026-06-29T23:00:00Z,1.32527566,1.32756281,1.32147527,1.32539856,0,
2026-06-30T23:00:00Z,1.32501221,1.32902730,1.32215667,1.32506502,0,
2026-07-01T23:00:00Z,1.32792068,1.33845520,1.32756281,1.32793307,0,
2026-07-02T23:00:00Z,1.33404481,1.33816850,1.33351111,1.33387041,0,
2026-07-05T23:00:00Z,1.33509564,1.33675539,1.33303118,1.33530962,0,
2026-07-06T23:00:00Z,1.33947706,1.34017718,1.33618391,1.33978939,0,
2026-07-07T23:00:00Z,1.33448982,1.33779263,1.33244503,1.33489072,0,
2026-07-08T23:00:00Z,1.33940530,1.34300292,1.33847308,1.33962059,0,
2026-07-09T23:00:00Z,1.34138155,1.34517086,1.34012330,1.34156156,0,
2026-07-12T23:00:00Z,1.33865225,1.34114766,1.33670187,1.33868814,0,
2026-07-13T23:00:00Z,1.33511341,1.34374285,1.33431172,1.33479261,0,
2026-07-14T23:00:00Z,1.33949494,1.34976447,1.33825815,1.33971035,0,
2026-07-15T23:00:00Z,1.35391283,1.35446286,1.34807229,1.35412920,0,
2026-07-16T23:00:00Z,1.34785426,1.34825397,1.34271443,1.34789050,0,
2026-07-19T23:00:00Z,1.34442937,1.34807229,1.34154356,1.34462821,0,
2026-07-20T23:00:00Z,1.34318340,1.34553277,1.33609462,1.34316528,0,
2026-07-21T23:00:00Z,1.33788216,1.33931565,1.33566630,1.33791792,0,
2026-07-22T23:00:00Z,1.33759582,1.33940530,1.33005250,1.33752418,0,
2026-07-23T23:00:00Z,1.33125663,1.33491743,1.33074284,1.33127427,0,
2026-07-26T23:00:00Z,1.33534527,1.33643377,1.33003485,1.33513129,0,
2026-07-27T23:00:00Z,1.32888603,1.33111477,1.32731616,1.32899201,0,
2026-07-28T23:00:00Z,1.32839179,1.33093762,1.32798600,1.32872701,0,
2026-07-29T23:00:00Z,1.33686268,1.34627557,1.33333337,1.33673036,0,
2026-07-30T23:00:00Z,1.34609425,1.34721863,1.34042871,1.34609425,0,
2026-08-02T23:00:00Z,1.34892690,1.35012889,1.34251976,1.34916353,0,
2026-08-03T23:00:00Z,1.34280455,1.34571397,1.34200084,1.34270000,0,
2026-08-04T23:00:00Z,1.34517086,1.34852672,1.34444749,1.34509850,0,
2026-08-05T23:00:00Z,1.34680128,1.34792686,1.34517086,1.34696460,0,
2026-08-06T23:00:00Z,1.34540617,1.35078549,1.34352612,1.34553277,0,
2026-08-09T23:00:00Z,1.34890878,1.35299695,1.34838128,1.34907067,0,
2026-08-10T23:00:00Z,1.35111403,1.35171676,1.34929097,1.35113227,0,
2026-08-11T23:00:00Z,1.35089493,1.35400450,1.35023832,1.35098624,0,
2026-08-12T23:00:00Z,1.34992850,1.35127831,1.34761810,1.34978271,0,
2026-08-13T23:00:00Z,1.34916353,1.35604250,1.34890878,1.34907258,0,
2026-08-17T23:00:00Z,1.35507047,1.35541761,1.35200906,1.35503185,0,
2026-08-18T23:00:00Z,1.35372961,1.36293638,1.35252118,1.35367453,0,
2026-08-19T23:00:00Z,1.36006308,1.36582172,1.35956383,1.35998917,0,
2026-08-20T23:00:00Z,1.36423790,1.36750269,1.36198950,1.36434960,0,
2026-08-23T23:00:00Z,1.36545062,1.36574697,1.36241639,1.36535549,0,
2026-08-24T23:00:00Z,1.36379135,1.36526227,1.36221230,1.36382854,0,
2026-08-25T23:00:00Z,1.36462879,1.36500144,1.35851109,1.36470330,0,
2026-08-26T23:00:00Z,1.35998917,1.36035919,1.35712826,1.35969329,0,
2026-08-27T23:00:00Z,1.35967481,1.35998917,1.35305178,1.35971165,0,
2026-08-30T23:00:00Z,1.35404122,1.35646570,1.35349143,1.35404122,0,
2026-08-31T23:00:00Z,1.35483003,1.35611606,1.35248446,1.35501361,0,
2026-09-01T23:00:00Z,1.35135138,1.35153401,1.34752727,1.35153401,0,
2026-09-02T23:00:00Z,1.34819949,1.35427952,1.34807229,1.34836316,0,
2026-09-03T23:00:00Z,1.35285044,1.35490334,1.34896338,1.35317993,0,
2026-09-06T23:00:00Z,1.35184455,1.35501361,1.35062122,1.35171676,0,
2026-09-07T23:00:00Z,1.35473824,1.35615277,1.35226512,1.35468316,0,
2026-09-08T23:00:00Z,1.35453641,1.35703623,1.35325313,1.35446286,0,
2026-09-09T23:00:00Z,1.35483003,1.35611606,1.34929097,1.35519719,0,
2026-09-10T23:00:00Z,1.35111403,1.35328984,1.34849036,1.35093141,0,
2026-09-13T23:00:00Z,1.35261250,1.35281384,1.34651124,1.35257602,0,
2026-09-14T23:00:00Z,1.35007429,1.35025656,1.34651124,1.35009253,0,
2026-09-15T23:00:00Z,1.34710979,1.34952772,1.34457397,1.34734571,0,
2026-09-16T23:00:00Z,1.33824015,1.34066236,1.33379567,1.33829403,0,
2026-09-17T23:00:00Z,1.33564842,1.33779263,1.33367121,1.33580005,0,
2026-09-20T23:00:00Z,1.33906460,1.33994377,1.33689833,1.33886731,0,
2026-09-21T23:00:00Z,1.33695209,1.33886731,1.33244503,1.33708966,0,
2026-09-22T23:00:00Z,1.33431172,1.33443654,1.32487178,1.33431172,0,
2026-09-23T23:00:00Z,1.32397723,1.32557428,1.32112610,1.32415247,0,
2026-09-24T23:00:00Z,1.32100391,1.32634795,1.32100391,1.32107377,0,
2026-09-27T23:00:00Z,1.32287383,1.32740426,1.32283890,1.32292628,0,
2026-09-28T23:00:00Z,1.32548642,1.32557428,1.32034111,1.32543373,0,
2026-09-29T23:00:00Z,1.32306635,1.33067203,1.32240140,1.32327640,0,
2026-09-30T23:00:00Z,1.32636547,1.32731616,1.31851327,1.32643592,0,
2026-10-01T23:00:00Z,1.31985331,1.32557428,1.31821775,1.31995773,0,
2026-10-02T21:29:47Z,1.31936562,1.32559192,1.31826985,1.32404733,0,
