variant,entry_time,exit_time,entry_index,reason,net_pnl,net_pips,stopped,won,holding_seconds,atr_pips,atr_fast_slow_ratio,ema_slope_atr,distance_from_ema_atr,zscore20,completed_bar_body_fraction,current_quote_spread_pips,current_quote_hour_utc
gbpusd_rsi2_m5_usd100000_smaller_stop_and_time,2017-01-05T07:15:00+00:00,2017-01-05T07:30:00+00:00,659,stop,-1.1571991540451538,-17.885612890960648,True,False,900,6.6472113913861595,1.1194386029813015,1.265961744986448,4.640863193564362,-0.04952911310229016,-0.23880597014917954,1.0999999999983245,7.25
gbpusd_rsi2_m5_usd100000_smaller_stop_and_time,2017-01-05T07:35:00+00:00,2017-01-05T07:45:00+00:00,663,stop,-1.2167905526238654,-18.777631984936193,True,False,600,7.19560611592513,1.1905749550538416,1.1822433999096853,2.2432841586206926,-1.8135020117715412,-0.6628571428572023,0.9000000000014552,7.583333333333333
gbpusd_rsi2_m5_usd100000_smaller_stop_and_time,2017-01-05T08:15:00+00:00,2017-01-05T08:40:00+00:00,671,stop,-1.5202913693620146,-23.389097990184837,True,False,1500,9.306087456631639,1.4289287577812035,0.7772517118267515,-2.728070117928098,-2.120857176107174,-0.7643312101909638,1.2999999999996348,8.25
gbpusd_rsi2_m5_usd100000_smaller_stop_and_time,2017-01-05T08:45:00+00:00,2017-01-05T09:10:00+00:00,677,signal_exit,-0.004699999999876969,-0.07219662058182748,False,False,1500,10.242236877605379,1.4978076547492607,0.22114247310306673,-5.462886145658121,-1.8295856058032822,-0.8456375838926484,0.9999999999998899,8.75
gbpusd_rsi2_m5_usd100000_smaller_stop_and_time,2017-01-05T10:10:00+00:00,2017-01-05T10:40:00+00:00,694,signal_exit,0.8985000000001244,13.823076923078837,False,True,1800,11.671642462857474,1.5190205363704963,-0.7109282637124231,-2.9390857904073644,-0.09435586724620723,-0.7553191489362054,0.9999999999998899,10.166666666666666
gbpusd_rsi2_m5_usd100000_smaller_stop_and_time,2017-01-05T11:00:00+00:00,2017-01-05T11:10:00+00:00,704,signal_exit,0.5995000000001862,9.223076923079788,False,True,600,11.651826754378819,1.4374136650683735,-0.4875263596143112,-2.7861014553583314,-1.124899425612029,-0.42105263157900885,0.5000000000010552,11.0
gbpusd_rsi2_m5_usd100000_smaller_stop_and_time,2017-01-05T12:45:00+00:00,2017-01-05T13:05:00+00:00,725,stop,-1.4094976345684906,-21.68457899336139,True,False,1200,8.703827958219298,1.078533782667212,-0.18300059364224927,-1.0262135931273448,-0.9260450232347196,-0.5795454545454718,0.8000000000008001,12.75
gbpusd_rsi2_m5_usd100000_smaller_stop_and_time,2017-01-05T13:10:00+00:00,2017-01-05T13:35:00+00:00,730,signal_exit,0.4379799999999876,6.727803379416092,False,True,1500,8.548566620476446,1.0599162805705273,-0.1873158481297884,-3.430995075204164,-2.730316732396799,-0.7280701754385487,0.9999999999998899,13.166666666666666
gbpusd_rsi2_m5_usd100000_smaller_stop_and_time,2017-01-06T07:35:00+00:00,2017-01-06T08:00:00+00:00,948,signal_exit,-0.07725999999976968,-1.1959752321945771,False,False,1500,4.155319426308583,0.7809260919085925,-0.19211143413430593,-1.524909625664276,-2.018776803451276,-0.6415094339623748,0.8999999999992347,7.583333333333333
gbpusd_rsi2_m5_usd100000_smaller_stop_and_time,2017-01-06T10:35:00+00:00,2017-01-06T11:20:00+00:00,984,stop,-0.9714564752838373,-15.038025933186336,True,False,2700,5.621025350495159,1.0470939913690267,0.07575717446247493,-0.9006712446195733,-1.781082056385058,-0.652173913044024,0.2999999999997449,10.583333333333334
gbpusd_rsi2_m5_usd100000_smaller_stop_and_time,2017-01-06T11:25:00+00:00,2017-01-06T12:25:00+00:00,994,holding_bars,-0.3811599999998938,-5.8911901081900115,False,False,3600,6.475127761021428,1.1698686923163115,-0.051792536366725775,-3.74881055701244,-2.595953383601555,-0.6532258064516432,0.9000000000014552,11.416666666666666
gbpusd_rsi2_m5_usd100000_smaller_stop_and_time,2017-01-06T12:30:00+00:00,2017-01-06T12:50:00+00:00,1007,signal_exit,0.15585000000017632,2.4088098918110714,False,True,1200,6.586745248715449,1.1585295396827362,-0.543608086153424,-5.09951075605383,-2.238645733102487,-0.9891304347827766,1.0999999999983245,12.5
gbpusd_rsi2_m5_usd100000_smaller_stop_and_time,2017-01-06T13:50:00+00:00,2017-01-06T14:50:00+00:00,1023,holding_bars,-0.8091199999998178,-12.486419753083608,False,False,3600,13.804645913232463,1.9291856739207978,-0.7197635205194362,-6.042204159569491,-2.867003219307186,-0.7339055793992025,0.9999999999998899,13.833333333333334
gbpusd_rsi2_m5_usd100000_smaller_stop_and_time,2017-01-06T15:05:00+00:00,2017-01-06T15:40:00+00:00,1038,signal_exit,-0.08317999999981113,-1.281664098610341,False,False,2100,12.345875848713018,1.5764835570740348,-1.0597162181452164,-6.623568663263198,-1.4765798382077757,-0.28057553956826603,0.8999999999992347,15.083333333333334
gbpusd_rsi2_m5_usd100000_smaller_stop_and_time,2017-01-09T07:00:00+00:00,2017-01-09T07:10:00+00:00,1221,target,0.5420489580529335,8.262941433733742,False,True,600,6.45586096076909,1.1510860494807549,-3.349936097700956,-15.798611151787082,-1.4551014655557952,-0.6530612244898607,1.2000000000012,7.0
gbpusd_rsi2_m5_usd100000_smaller_stop_and_time,2017-01-09T07:30:00+00:00,2017-01-09T08:00:00+00:00,1227,signal_exit,0.2927500000001646,4.4558599695611045,False,True,1800,8.185076170455805,1.3792017378948365,-3.3637393945114145,-15.046672766913709,-2.635813236381489,-0.4823008849557831,0.700000000000145,7.5
gbpusd_rsi2_m5_usd100000_smaller_stop_and_time,2017-01-09T08:40:00+00:00,2017-01-09T09:05:00+00:00,1241,signal_exit,0.023040000000004557,0.3512195121951914,False,True,1500,8.320571293035957,1.3217541547075207,-3.007232322727276,-11.543988272535548,-0.34926839408147775,-0.6195652173912387,0.9999999999998899,8.666666666666666
gbpusd_rsi2_m5_usd100000_smaller_stop_and_time,2017-01-09T09:30:00+00:00,2017-01-09T10:00:00+00:00,1251,stop,-1.532727155013013,-23.293725760076182,True,False,1800,9.477106041132318,1.4271894862222751,-2.715520511324067,-13.969729553803386,-3.6794062329663038,-0.8515624999999885,0.9000000000014552,9.5
gbpusd_rsi2_m5_usd100000_smaller_stop_and_time,2017-01-09T10:05:00+00:00,2017-01-09T10:45:00+00:00,1258,signal_exit,0.9400700000000061,14.265098634294477,False,True,2400,10.913183373857189,1.541910452246317,-2.6804913635882217,-14.620379903220813,-1.8145380444306323,-0.48117154811712526,0.8000000000008001,10.083333333333334
gbpusd_rsi2_m5_usd100000_smaller_stop_and_time,2017-01-09T12:50:00+00:00,2017-01-09T13:00:00+00:00,1291,stop,-1.3969196360278213,-21.262094916709607,True,False,600,8.45897744313402,1.1180937421076695,-1.8005134871353452,-7.1471725421026155,-1.0422605362687305,-0.6800000000000889,0.9000000000014552,12.833333333333334
gbpusd_rsi2_m5_usd100000_smaller_stop_and_time,2017-01-09T13:05:00+00:00,2017-01-09T13:20:00+00:00,1294,stop,-1.4648694406127625,-22.26245350475323,True,False,900,9.011469913471599,1.1739322835164343,-1.7430741152505094,-9.118378610098834,-2.8641252286104315,-0.6818181818181451,0.8000000000008001,13.083333333333334
gbpusd_rsi2_m5_usd100000_smaller_stop_and_time,2017-01-09T14:00:00+00:00,2017-01-09T14:15:00+00:00,1305,signal_exit,0.6817200000000783,10.360486322189638,False,True,900,9.581717882442607,1.2021085001736525,-1.8490410074517536,-8.699923637644742,-1.0733501936682628,-0.4421052631580866,0.9000000000014552,14.0
gbpusd_rsi2_m5_usd100000_smaller_stop_and_time,2017-01-09T14:55:00+00:00,2017-01-09T15:05:00+00:00,1316,signal_exit,0.3799199999999947,5.765098634294305,False,True,600,9.699887268859603,1.1934481858073056,-1.873881271956425,-7.961003116997875,-1.2458961603820613,-0.38461538461548317,0.9000000000014552,14.916666666666666
gbpusd_rsi2_m5_usd100000_smaller_stop_and_time,2017-01-09T15:55:00+00:00,2017-01-09T16:10:00+00:00,1328,signal_exit,0.24676000000015505,3.7558599695609596,False,True,900,9.283959145316286,1.125896075238058,-1.4163080201197125,-4.567549693674423,0.43305276572101165,-0.4361702127660077,0.8999999999992347,15.916666666666666
gbpusd_rsi2_m5_usd100000_smaller_stop_and_time,2017-01-10T07:20:00+00:00,2017-01-10T07:30:00+00:00,1512,target,0.4908538115725303,7.448464515516392,False,True,600,5.991682940610166,1.0164192544990571,-0.7044800432837571,-4.750375533209129,-2.602189670756342,-0.8673469387755449,1.100000000000545,7.333333333333333
gbpusd_rsi2_m5_usd100000_smaller_stop_and_time,2017-01-10T08:25:00+00:00,2017-01-10T09:05:00+00:00,1525,signal_exit,0.2026000000001462,3.0696969696991845,False,True,2400,9.262986175685647,1.4188963291414511,-0.765321202870325,-6.409652391437411,-3.0354024256842926,-0.6136363636363522,0.9999999999998899,8.416666666666666
gbpusd_rsi2_m5_usd100000_smaller_stop_and_time,2017-01-10T10:30:00+00:00,2017-01-10T10:50:00+00:00,1550,signal_exit,0.18822000000005953,2.8604863221893546,False,True,1200,8.422127047746654,1.205500828233284,-0.8362882780996921,-1.897010777925051,0.546043620375171,-0.6391752577320815,0.9000000000014552,10.5
gbpusd_rsi2_m5_usd100000_smaller_stop_and_time,2017-01-10T11:40:00+00:00,2017-01-10T12:30:00+00:00,1564,signal_exit,0.27376000000003553,4.16048632218899,False,True,3000,7.632979491945011,1.0876360672460568,-0.2501799388734921,-1.4483949171436574,-0.9429823734390964,-0.24444444444434577,0.700000000000145,11.666666666666666
gbpusd_rsi2_m5_usd100000_smaller_stop_and_time,2017-01-10T13:10:00+00:00,2017-01-10T13:15:00+00:00,1582,signal_exit,0.29350000000016485,4.460486322190955,False,True,300,7.756982420120994,1.0789410975795366,-0.19761842779688096,-0.7997672030092575,0.16761484023637452,-0.20779220779237256,0.8000000000008001,13.166666666666666
gbpusd_rsi2_m5_usd100000_smaller_stop_and_time,2017-01-10T15:10:00+00:00,2017-01-10T15:25:00+00:00,1606,signal_exit,0.2540200000001984,3.8604863221914654,False,True,900,8.428115892992217,1.1344186009810164,0.3555823612083447,0.09534169864290966,-1.9796659710738571,-0.38961038961066674,0.8000000000008001,15.166666666666666
gbpusd_rsi2_m5_usd100000_smaller_stop_and_time,2017-01-11T08:05:00+00:00,2017-01-11T08:25:00+00:00,1802,signal_exit,0.050040000000177,0.7604863221911398,False,True,1200,5.7424188066319735,1.1473031886572822,-0.23986758741221206,-1.905650936032649,-1.081982683975322,-0.7415730337078708,0.7999999999985796,8.083333333333334
gbpusd_rsi2_m5_usd100000_smaller_stop_and_time,2017-01-11T09:00:00+00:00,2017-01-11T09:15:00+00:00,1813,stop,-1.109342208300446,-16.859304077514377,True,False,900,6.3598951998527085,1.2177023716923798,-0.20334859211607814,-1.8381949814448026,-1.3996898537724292,-0.4600000000001954,0.700000000000145,9.0
gbpusd_rsi2_m5_usd100000_smaller_stop_and_time,2017-01-11T09:45:00+00:00,2017-01-11T09:50:00+00:00,1822,target,1.110560755079133,16.82667810725959,False,True,300,10.578490568780886,1.7531682036013174,-0.45698456520139974,-7.822787946021753,-2.696331799788502,-0.5978835978836544,0.9000000000014552,9.75
gbpusd_rsi2_m5_usd100000_smaller_stop_and_time,2017-01-11T11:40:00+00:00,2017-01-11T12:10:00+00:00,1845,stop,-1.4018958877435928,-21.27307872145057,True,False,1800,8.519088677872796,1.2639212349000177,-1.0758348988573365,-3.6089677542294383,0.16822528500003803,-0.8030303030303234,0.8000000000008001,11.666666666666666
gbpusd_rsi2_m5_usd100000_smaller_stop_and_time,2017-01-11T12:15:00+00:00,2017-01-11T12:40:00+00:00,1852,signal_exit,0.35440000000011485,5.36969696969871,False,True,1500,8.96145717941449,1.2935735772369399,-0.9216000914564072,-5.481377279806982,-1.8962051918263503,-0.11643835616438461,0.8000000000008001,12.25
gbpusd_rsi2_m5_usd100000_smaller_stop_and_time,2017-01-11T13:30:00+00:00,2017-01-11T13:40:00+00:00,1867,signal_exit,0.5920000000000594,8.96969696969787,False,True,600,8.891024344087366,1.2394045883760345,-1.0514919648551135,-5.620632609829701,-1.7283291752046046,-0.718309859154956,0.700000000000145,13.5
gbpusd_rsi2_m5_usd100000_smaller_stop_and_time,2017-01-11T14:25:00+00:00,2017-01-11T14:55:00+00:00,1878,stop,-1.3599038080014925,-20.604603151537763,True,False,1800,8.187150060617828,1.1316836790583555,-0.9719309815558105,-3.9428234298605718,-0.38065802247365593,-0.7920792079209596,0.8000000000008001,14.416666666666666
gbpusd_rsi2_m5_usd100000_smaller_stop_and_time,2017-01-11T15:00:00+00:00,2017-01-11T15:15:00+00:00,1885,stop,-1.3934173245237202,-21.11238370490485,True,False,900,8.591040337300859,1.167647980717836,-0.9389040230498745,-5.302289807948437,-2.1642133620198907,-0.41726618705037694,0.5000000000010552,15.0
gbpusd_rsi2_m5_usd100000_smaller_stop_and_time,2017-01-11T15:20:00+00:00,2017-01-11T15:25:00+00:00,1889,stop,-2.0399509133419276,-30.814968479485312,True,False,300,13.246910221617124,1.6343553432862425,-0.8974354454765732,-9.081685910004817,-3.66343360743031,-0.6028708133971126,0.8999999999992347,15.333333333333334
gbpusd_rsi2_m5_usd100000_smaller_stop_and_time,2017-01-11T15:30:00+00:00,2017-01-11T15:55:00+00:00,1891,signal_exit,1.1326300000001917,17.08340874811752,False,True,1500,14.578203201292252,1.7334053200698833,-0.9791717059098611,-10.604484187855537,-2.6173671288856473,-0.29844961240307344,0.7999999999985796,15.5
gbpusd_rsi2_m5_usd100000_smaller_stop_and_time,2017-01-12T09:10:00+00:00,2017-01-12T09:35:00+00:00,2103,signal_exit,0.6606400000001369,10.132515337425412,False,True,1500,12.321487421372845,1.3975827393690907,1.8720045234696967,6.746318023365714,-0.27478867623715203,-0.36224489795918485,0.9999999999998899,9.166666666666666
gbpusd_rsi2_m5_usd100000_smaller_stop_and_time,2017-01-12T10:10:00+00:00,2017-01-12T10:35:00+00:00,2115,signal_exit,0.23032000000021322,3.532515337426583,False,True,1500,11.148292916474833,1.2392659168430074,1.8348286565810634,4.669953869043208,-1.5568725181062086,-0.2543859649122124,0.09999999999843467,10.166666666666666
gbpusd_rsi2_m5_usd100000_smaller_stop_and_time,2017-01-12T13:35:00+00:00,2017-01-12T13:45:00+00:00,2156,stop,-1.4139872660605808,-21.72023450169863,True,False,600,8.674018940558412,0.9794146620829592,1.6086295039860372,5.157726559407262,-1.2627289804156627,-0.3359999999998991,0.8999999999992347,13.583333333333334
gbpusd_rsi2_m5_usd100000_smaller_stop_and_time,2017-01-12T13:50:00+00:00,2017-01-12T14:50:00+00:00,2159,holding_bars,-0.39559999999983364,-6.067484662574135,False,False,3600,9.4981485467954,1.0582081076046363,1.5283702436933237,3.044771992838951,-2.436915648209411,-0.17355371900812644,0.5999999999994898,13.833333333333334
gbpusd_rsi2_m5_usd100000_smaller_stop_and_time,2017-01-12T15:35:00+00:00,2017-01-12T15:35:00+00:00,2180,stop,-1.6009923006409812,-24.55509663559787,True,False,0,9.943805986512173,1.0995198810511213,0.7713732011351392,0.984368491008969,-1.8878205258900749,-0.8917748917748572,1.1999999999989797,15.583333333333334
gbpusd_rsi2_m5_usd100000_smaller_stop_and_time,2017-01-12T15:40:00+00:00,2017-01-12T15:55:00+00:00,2181,stop,-1.7637091213902223,-26.968029379055384,True,False,900,11.454962701761424,1.2352330669190046,0.6835103511254843,-1.7292701027958108,-3.145378978667201,-0.8070739549838831,0.5999999999994898,15.666666666666666
gbpusd_rsi2_m5_usd100000_smaller_stop_and_time,2017-01-13T11:35:00+00:00,2017-01-13T11:50:00+00:00,2420,stop,-1.2438721176974965,-18.9904140106488,True,False,900,7.3684894480732765,1.13194852995001,1.1929000712492919,3.4643841534461566,-1.910874567073752,-0.6521739130432264,0.8000000000008001,11.583333333333334
gbpusd_rsi2_m5_usd100000_smaller_stop_and_time,2017-01-13T11:55:00+00:00,2017-01-13T12:00:00+00:00,2424,stop,-1.2422938619061883,-18.937406431496772,True,False,300,7.49431297184578,1.1417830736518715,1.0897607628234136,0.41906393640483414,-2.560594796347876,-0.6538461538462114,0.5000000000010552,11.916666666666666
gbpusd_rsi2_m5_usd100000_smaller_stop_and_time,2017-01-13T12:05:00+00:00,2017-01-13T12:35:00+00:00,2426,signal_exit,0.31168000000000196,4.751219512195151,False,True,1800,7.783361695112082,1.1748792872165252,0.9745417266442017,-0.8732002545823463,-2.280597416431256,-0.43333333333317914,0.700000000000145,12.083333333333334
gbpusd_rsi2_m5_usd100000_smaller_stop_and_time,2017-01-13T12:50:00+00:00,2017-01-13T13:10:00+00:00,2435,signal_exit,0.44386000000013337,6.755859969560629,False,True,1200,8.191613028581603,1.2095929978988558,0.4223062825637876,-2.817051048712158,-1.7749974216345643,-0.6769230769230297,0.5999999999994898,12.833333333333334
gbpusd_rsi2_m5_usd100000_smaller_stop_and_time,2017-01-13T13:35:00+00:00,2017-01-13T13:45:00+00:00,2444,target,1.1542095692196521,17.541178863520546,False,True,600,10.940346270664266,1.5012370873187284,-0.1721436368162013,-5.885907650373613,-3.6133497317405014,-0.7338877338877436,0.8999999999992347,13.583333333333334
gbpusd_rsi2_m5_usd100000_smaller_stop_and_time,2017-01-13T14:10:00+00:00,2017-01-13T14:30:00+00:00,2451,signal_exit,0.13558000000015297,2.0604863221907745,False,True,1200,10.735143210405697,1.428906936377687,-0.4216673722349432,-3.987088322851718,-1.4291491539057675,-0.6849315068492318,1.0999999999983245,14.166666666666666
gbpusd_rsi2_m5_usd100000_smaller_stop_and_time,2017-01-13T14:55:00+00:00,2017-01-13T15:25:00+00:00,2460,signal_exit,0.36015000000015784,5.465098634296781,False,True,1800,10.84866872428234,1.3888489616754502,-0.7317386023331727,-5.491542384809128,-1.5886553098376084,-0.4166666666665896,0.7999999999985796,14.916666666666666
gbpusd_rsi2_m5_usd100000_smaller_stop_and_time,2017-01-16T07:10:00+00:00,2017-01-16T07:15:00+00:00,2655,stop,-1.2849536714766396,-19.322611601152477,True,False,300,7.457546402080993,1.0268617282243049,-1.9275508940012696,-8.808467900547411,-3.3094050661319403,-0.7633587786259154,0.9999999999998899,7.166666666666667
gbpusd_rsi2_m5_usd100000_smaller_stop_and_time,2017-01-16T07:20:00+00:00,2017-01-16T07:45:00+00:00,2657,signal_exit,0.42604000000010855,6.3969969969986265,False,True,1500,8.575639499753528,1.1538008344554318,-1.9151666265075347,-10.692382436540484,-3.235708378697129,-0.558510638297905,0.5999999999994898,7.333333333333333
gbpusd_rsi2_m5_usd100000_smaller_stop_and_time,2017-01-16T10:35:00+00:00,2017-01-16T10:55:00+00:00,2696,signal_exit,0.40424000000012517,6.0879518072308,False,True,1200,13.288102424645178,1.3219193978063934,-0.415972375233391,-2.3526422601661183,-0.8475523930713875,-0.9703703703705044,0.9999999999998899,10.583333333333334
gbpusd_rsi2_m5_usd100000_smaller_stop_and_time,2017-01-16T12:05:00+00:00,2017-01-16T12:35:00+00:00,2714,signal_exit,-0.35248999999996844,-5.316591251884893,False,False,1800,11.184488383629413,1.1105117112270133,-0.2554950063411375,-1.0868607904295167,-0.1582939959638711,-0.27192982456139836,0.6000000000017103,12.083333333333334
gbpusd_rsi2_m5_usd100000_smaller_stop_and_time,2017-01-16T13:35:00+00:00,2017-01-16T14:00:00+00:00,2732,signal_exit,0.11161000000012761,1.6834087481165552,False,True,1500,8.63578010537737,0.8968310270318604,-0.21889388244859573,-1.5085669626448905,-0.7371116801323548,-0.4574468085108293,0.9000000000014552,13.583333333333334
gbpusd_rsi2_m5_usd100000_smaller_stop_and_time,2017-01-16T15:10:00+00:00,2017-01-16T15:45:00+00:00,2751,stop,-1.440114288670162,-21.75399227598432,True,False,2100,8.616422119865977,0.9189772984207673,-0.04523182684418214,0.05106691820316269,0.2108068260643717,-0.4516129032260144,1.100000000000545,15.166666666666666
gbpusd_rsi2_m5_usd100000_smaller_stop_and_time,2017-01-17T10:10:00+00:00,2017-01-17T10:20:00+00:00,2977,stop,-1.9623031169044625,-29.82223581921675,True,False,600,12.791361070702848,1.4710714267736427,1.6882805353077328,6.7776884465701395,0.1521319427181362,-0.7739130434783213,0.8000000000008001,10.166666666666666
gbpusd_rsi2_m5_usd100000_smaller_stop_and_time,2017-01-17T10:25:00+00:00,2017-01-17T10:40:00+00:00,2980,signal_exit,0.7687300000000543,11.66509863429521,False,True,900,12.79253654239578,1.4503274372898098,1.6429916780309777,4.359922466550646,-0.9542838447579957,-0.12389380530977624,0.30000000000196536,10.416666666666666
gbpusd_rsi2_m5_usd100000_smaller_stop_and_time,2017-01-17T14:45:00+00:00,2017-01-17T14:50:00+00:00,3032,target,2.0152216705178874,31.147166468591767,False,True,300,17.61917828839205,1.3133061798431356,3.559335299522302,14.398871939335681,0.7038189259483637,-0.38636363636355037,0.6000000000017103,14.75
gbpusd_rsi2_m5_usd100000_smaller_stop_and_time,2017-01-17T15:30:00+00:00,2017-01-17T16:00:00+00:00,3041,signal_exit,1.008020000000168,15.604024767804457,False,True,1800,16.6619823678111,1.2194149500574636,3.551654516722959,13.371849348823394,-0.12164998090153942,-0.7625899280574368,1.1999999999989797,15.5
gbpusd_rsi2_m5_usd100000_smaller_stop_and_time,2017-01-18T07:25:00+00:00,2017-01-18T07:40:00+00:00,3232,stop,-1.0545417075507035,-16.273791783189868,True,False,900,5.943686015052861,0.841603967104197,0.1720692717710809,0.19068301545841138,-0.6670311059418043,-0.6632653061225021,0.8999999999992347,7.416666666666667
gbpusd_rsi2_m5_usd100000_smaller_stop_and_time,2017-01-18T08:45:00+00:00,2017-01-18T09:20:00+00:00,3248,signal_exit,-0.41416999999981785,-6.381664098610444,False,False,2100,8.607498839979097,1.1532998501300504,0.0031006637092506352,-1.8340547405607062,-1.9198655106347122,-0.7029702970297226,1.0999999999983245,8.75
gbpusd_rsi2_m5_usd100000_smaller_stop_and_time,2017-01-18T09:55:00+00:00,2017-01-18T10:00:00+00:00,3262,target,1.0753074739371782,16.568682187013533,False,True,300,10.625173142812738,1.3303882278090828,-0.33073529987955846,-3.286620575607091,-1.700511860822803,-0.6418918918919284,1.2000000000012,9.916666666666666
gbpusd_rsi2_m5_usd100000_smaller_stop_and_time,2017-01-18T10:35:00+00:00,2017-01-18T11:05:00+00:00,3270,signal_exit,0.08556000000014147,1.3183359013889286,False,True,1800,10.331907751006115,1.26416939611792,-0.44924394631602305,-3.0860311775562623,-1.387364035873898,-0.7901234567901133,0.9999999999998899,10.583333333333334
gbpusd_rsi2_m5_usd100000_smaller_stop_and_time,2017-01-18T11:35:00+00:00,2017-01-18T11:55:00+00:00,3282,stop,-1.434572589318417,-22.070347527975642,True,False,1200,8.996712225527999,1.1049882374900004,-0.5620840482354146,-4.166138030888117,-2.1832352317662367,-0.9626865671641037,0.5999999999994898,11.583333333333334
gbpusd_rsi2_m5_usd100000_smaller_stop_and_time,2017-01-18T12:00:00+00:00,2017-01-18T12:20:00+00:00,3287,signal_exit,0.41845000000014876,6.427803379418568,False,True,1200,9.630794409235964,1.1657257331215836,-0.6833112902651957,-5.44691882290429,-2.6948333210419593,-0.5753968253969272,0.5000000000010552,12.0
gbpusd_rsi2_m5_usd100000_smaller_stop_and_time,2017-01-18T13:00:00+00:00,2017-01-18T13:15:00+00:00,3299,signal_exit,0.3663700000000967,5.6278033794177675,False,True,900,9.043911577801493,1.0903273217483682,-0.9875272393618548,-6.03367923911556,-1.6929943009694215,-0.7865853658536255,0.8000000000008001,13.0
gbpusd_rsi2_m5_usd100000_smaller_stop_and_time,2017-01-19T07:15:00+00:00,2017-01-19T07:15:00+00:00,3517,stop,-0.8299361290617895,-12.748634855019807,True,False,0,4.338219117219033,0.8102548244373209,-0.18525776722365733,-1.2824084400876643,-1.2258888918415038,-0.9111111111110344,0.5999999999994898,7.25
gbpusd_rsi2_m5_usd100000_smaller_stop_and_time,2017-01-19T07:20:00+00:00,2017-01-19T07:25:00+00:00,3518,stop,-0.9151406912717093,-14.05746069541796,True,False,300,4.742632037417754,0.8778529222057069,-0.1950322036956651,-2.5777216930233298,-2.7432448453027733,-0.7199999999999733,1.100000000000545,7.333333333333333
gbpusd_rsi2_m5_usd100000_smaller_stop_and_time,2017-01-19T07:30:00+00:00,2017-01-19T07:50:00+00:00,3520,signal_exit,0.3607200000000541,5.532515337424142,False,True,1200,5.149004154712211,0.9445948566037231,-0.23274175662936833,-3.4045678104931465,-2.3720121173475883,-0.11290322580646317,0.9999999999998899,7.5
gbpusd_rsi2_m5_usd100000_smaller_stop_and_time,2017-01-19T10:00:00+00:00,2017-01-19T10:10:00+00:00,3550,signal_exit,0.27377000000007756,4.218335901387944,False,True,600,8.583756800040119,1.3410063365238745,1.066003032402234,3.2854100473279724,-0.9438284754866048,-0.5164835164835031,0.40000000000040004,10.0
gbpusd_rsi2_m5_usd100000_smaller_stop_and_time,2017-01-19T11:20:00+00:00,2017-01-19T11:55:00+00:00,3566,signal_exit,-0.679519999999832,-10.486419753083828,False,False,2100,7.96468039413674,1.2158253097632468,1.2265669122467153,4.9801191817567885,0.43450707260865096,-0.8,1.100000000000545,11.333333333333334
gbpusd_rsi2_m5_usd100000_smaller_stop_and_time,2017-01-19T13:35:00+00:00,2017-01-19T13:50:00+00:00,3593,target,1.057794208448215,16.27375705304946,False,True,900,10.47534006498541,1.4394595080398955,0.8624593551041825,-0.5024339966390137,-3.8358975989118504,-0.9069767441860997,1.2000000000012,13.583333333333334
gbpusd_rsi2_m5_usd100000_smaller_stop_and_time,2017-01-19T15:00:00+00:00,2017-01-19T15:25:00+00:00,3610,signal_exit,0.23550000000011082,3.623076923078628,False,True,1500,11.326431318883131,1.4060167492655025,0.3206529708333952,-0.2519077793968787,-0.8523935668797081,-0.48958333333326587,0.5999999999994898,15.0
gbpusd_rsi2_m5_usd100000_smaller_stop_and_time,2017-01-20T07:25:00+00:00,2017-01-20T07:50:00+00:00,3807,stop,-1.0606361139751046,-16.39313931955339,True,False,1500,6.150974605682154,1.0722021865946467,0.7963428626876745,1.9413783255205026,-1.3086769264505174,-0.7870967741935779,0.5999999999994898,7.416666666666667
gbpusd_rsi2_m5_usd100000_smaller_stop_and_time,2017-01-20T09:35:00+00:00,2017-01-20T09:35:00+00:00,3833,stop,-1.6299734982896144,-25.11515405685076,True,False,0,10.266744979119737,1.5320133200599135,-0.028467447777716388,-4.142375852568833,-2.842001199916948,-0.5379061371841242,1.100000000000545,9.583333333333334
gbpusd_rsi2_m5_usd100000_smaller_stop_and_time,2017-01-20T09:40:00+00:00,2017-01-20T10:25:00+00:00,3834,signal_exit,-0.4924999999998956,-7.57692307692147,False,False,2700,11.13340605203977,1.6217637457838165,-0.1001286465653551,-5.791758579014398,-2.9800674952104513,-0.5535714285713825,0.8000000000008001,9.666666666666666
gbpusd_rsi2_m5_usd100000_smaller_stop_and_time,2017-01-20T11:10:00+00:00,2017-01-20T11:25:00+00:00,3852,stop,-1.5247578475369674,-23.421779532057872,True,False,900,9.57479145573733,1.313304146520579,-1.1352356184033248,-6.782833535847645,-1.679083446753487,-0.573770491803398,0.8000000000008001,11.166666666666666
gbpusd_rsi2_m5_usd100000_smaller_stop_and_time,2017-01-20T11:30:00+00:00,2017-01-20T11:50:00+00:00,3856,signal_exit,0.07384000000020147,1.1325153374264028,False,True,1200,9.200794428553463,1.2574774533093709,-1.4342820869781154,-8.588999652283206,-2.4671076806609653,-0.46788990825687515,0.9999999999998899,11.5
gbpusd_rsi2_m5_usd100000_smaller_stop_and_time,2017-01-20T13:00:00+00:00,2017-01-20T13:25:00+00:00,3874,signal_exit,-0.011209999999775067,-0.17219662058026214,False,False,1500,8.733636936870031,1.1575210584007878,-1.414375434929169,-5.890320696031942,-0.41513403546906125,-0.834710743801662,0.8999999999992347,13.0
gbpusd_rsi2_m5_usd100000_smaller_stop_and_time,2017-01-20T14:40:00+00:00,2017-01-20T15:05:00+00:00,3894,signal_exit,0.4760000000000988,7.3230769230784425,False,True,1500,7.868072668181971,1.0441770798262195,-0.907048955972013,-2.437103424909687,0.5868253109663566,-0.816091954022836,0.9999999999998899,14.666666666666666
gbpusd_rsi2_m5_usd100000_smaller_stop_and_time,2017-01-23T08:10:00+00:00,2017-01-23T08:40:00+00:00,4104,signal_exit,-0.4632199999998712,-7.215264797505781,False,False,1800,7.94538814828825,1.2336242177680525,2.233951231480952,8.094955682233532,-0.16764524667812886,-0.4000000000000592,1.100000000000545,8.166666666666666
gbpusd_rsi2_m5_usd100000_smaller_stop_and_time,2017-01-23T09:00:00+00:00,2017-01-23T09:05:00+00:00,4114,target,0.7419741766076426,11.539256245842031,False,True,300,7.82483807626378,1.1907079563252843,2.0119855633869097,3.8548092956277653,-2.1182322404621075,-0.8728813559323071,0.5999999999994898,9.0
gbpusd_rsi2_m5_usd100000_smaller_stop_and_time,2017-01-23T09:50:00+00:00,2017-01-23T10:05:00+00:00,4124,signal_exit,0.30076000000014447,4.684735202494462,False,True,900,7.761587576991063,1.157709757596261,1.6231410096975496,5.879179074834257,0.16144382911996694,-0.5593220338983306,0.4999999999988347,9.833333333333334
gbpusd_rsi2_m5_usd100000_smaller_stop_and_time,2017-01-23T11:05:00+00:00,2017-01-23T11:25:00+00:00,4139,stop,-1.1478211007460821,-17.87883334495455,True,False,1200,6.831784273724955,1.0318423777022505,1.7614231376945693,6.390671640908228,-0.29287955792580384,-0.7363636363635483,0.6999999999979245,11.083333333333334
gbpusd_rsi2_m5_usd100000_smaller_stop_and_time,2017-01-23T11:55:00+00:00,2017-01-23T12:15:00+00:00,4149,signal_exit,0.4880100000000813,7.589580093313861,False,True,1200,7.669796120698972,1.1321276209861955,1.555659758808879,3.0794650567137314,-2.1408288275570775,-0.5064102564102984,0.8000000000008001,11.916666666666666
gbpusd_rsi2_m5_usd100000_smaller_stop_and_time,2017-01-23T13:05:00+00:00,2017-01-23T13:20:00+00:00,4163,signal_exit,0.6089200000001675,9.484735202494821,False,True,900,7.014653435021861,1.0367718516837852,1.0895558073955691,3.1689365030315666,-0.8419891555763666,-0.5533333333333846,0.40000000000040004,13.083333333333334
gbpusd_rsi2_m5_usd100000_smaller_stop_and_time,2017-01-23T14:15:00+00:00,2017-01-23T14:35:00+00:00,4177,target,0.6914243585127859,10.769849821071432,False,True,1200,7.342557309288392,1.0676056284010358,1.091434233339379,3.1726099717331846,-1.0092922503752133,-0.6136363636363522,0.40000000000040004,14.25
gbpusd_rsi2_m5_usd100000_smaller_stop_and_time,2017-01-24T07:10:00+00:00,2017-01-24T07:35:00+00:00,4380,signal_exit,0.15896000000007435,2.47987519500896,False,True,1500,5.6960243771582055,1.01693073692368,0.007489062102621186,-4.815867965076496,-2.217474233569402,-0.5876288659796198,0.20000000000131024,7.166666666666667
gbpusd_rsi2_m5_usd100000_smaller_stop_and_time,2017-01-24T08:00:00+00:00,2017-01-24T08:05:00+00:00,4390,target,0.5368415789829688,8.3750636346797,False,True,300,6.397594219834642,1.1201572822602572,-0.5483076105507957,-4.6909108913117405,-1.2525586864047693,-0.4487179487178976,0.8999999999992347,8.0
gbpusd_rsi2_m5_usd100000_smaller_stop_and_time,2017-01-24T08:35:00+00:00,2017-01-24T08:50:00+00:00,4397,signal_exit,0.2743400000001186,4.27987519500965,False,True,900,6.654622211992854,1.1453086396785812,-0.7591197948099333,-3.32658190305175,-0.281554473894435,-0.5346534653464258,0.8999999999992347,8.583333333333334
gbpusd_rsi2_m5_usd100000_smaller_stop_and_time,2017-01-24T10:50:00+00:00,2017-01-24T11:20:00+00:00,4424,signal_exit,-0.3410199999997852,-5.320124804988849,False,False,1800,13.92249961725554,1.702735214151718,-0.18590501351159358,-4.093894285240498,-1.543705805308782,-0.6894409937887377,0.5999999999994898,10.833333333333334
gbpusd_rsi2_m5_usd100000_smaller_stop_and_time,2017-01-24T11:35:00+00:00,2017-01-24T12:00:00+00:00,4433,signal_exit,0.7052200000000857,10.984735202493546,False,True,1500,11.812580355593502,1.4234887734839163,-0.6832037914791836,-5.836230046698655,-1.6012194025860202,-0.36434108527129117,0.40000000000040004,11.583333333333334
gbpusd_rsi2_m5_usd100000_smaller_stop_and_time,2017-01-24T12:25:00+00:00,2017-01-24T12:55:00+00:00,4443,stop,-1.444234773439676,-22.49586874516629,True,False,1800,9.090301973829742,1.116544488544664,-1.0289386564969243,-5.028528241596616,-1.132051599763812,-0.25396825396819245,0.8000000000008001,12.416666666666666
gbpusd_rsi2_m5_usd100000_smaller_stop_and_time,2017-01-24T13:00:00+00:00,2017-01-24T13:05:00+00:00,4450,target,0.9359695173089627,14.556291093451986,False,True,300,9.333355500069272,1.13411447719794,-1.2006855238043963,-7.399358259221779,-3.260987818234713,-0.7771739130435681,0.6000000000017103,13.0
gbpusd_rsi2_m5_usd100000_smaller_stop_and_time,2017-01-24T15:25:00+00:00,2017-01-24T15:45:00+00:00,4479,target,0.9505614877702705,14.829352383311551,False,True,1200,9.524738594150712,1.1122311147033022,-0.24446210788308484,-1.3540362524560778,-0.6281327078215566,-0.5797101449275922,0.700000000000145,15.416666666666666
gbpusd_rsi2_m5_usd100000_smaller_stop_and_time,2017-01-25T07:05:00+00:00,2017-01-25T07:25:00+00:00,4665,stop,-0.9091623254522463,-14.227892417093056,True,False,1200,5.0490009816300025,0.9132663669369613,0.0051509976520512,-2.33797425856605,-2.793554413139668,-0.8865979381444927,0.6000000000017103,7.083333333333333
gbpusd_rsi2_m5_usd100000_smaller_stop_and_time,2017-01-25T08:00:00+00:00,2017-01-25T08:00:00+00:00,4676,target,0.6311178165889999,9.861215884203125,False,True,0,7.093107942101107,1.2067611888607146,-0.2423103824410683,-2.9683245062548775,-1.464852108410375,-0.8951612903227814,0.8000000000008001,8.0
gbpusd_rsi2_m5_usd100000_smaller_stop_and_time,2017-01-25T10:25:00+00:00,2017-01-25T11:00:00+00:00,4705,signal_exit,-0.10459999999993991,-1.6446540880493694,False,False,2100,10.140286256158511,1.424183104588813,1.3885913310149651,7.316114518164067,0.38287501254148637,-0.9326923076922892,0.700000000000145,10.416666666666666
gbpusd_rsi2_m5_usd100000_smaller_stop_and_time,2017-01-25T11:30:00+00:00,2017-01-25T12:00:00+00:00,4718,signal_exit,0.28972000000010145,4.555345911951281,False,True,1800,8.186742198843609,1.1509498651361703,1.9501176568971663,6.039570401590178,-1.0378592545449816,-0.8333333333333334,0.700000000000145,11.5
gbpusd_rsi2_m5_usd100000_smaller_stop_and_time,2017-01-25T12:55:00+00:00,2017-01-25T13:35:00+00:00,4735,stop,-1.402549920283237,-22.087400319421054,True,False,2400,8.868897010105085,1.2038289433360478,1.7020004264785447,6.550524520945673,0.2913250608752124,-0.5568181818183022,0.8000000000008001,12.916666666666666
gbpusd_rsi2_m5_usd100000_smaller_stop_and_time,2017-01-25T13:40:00+00:00,2017-01-25T13:45:00+00:00,4744,target,0.7703351931574114,12.112188571657411,False,True,300,8.22842132985343,1.1161463480048222,1.5841455665070667,3.876066109972557,-2.193362487025308,-0.5595238095236584,0.8000000000008001,13.666666666666666
gbpusd_rsi2_m5_usd100000_smaller_stop_and_time,2017-01-25T14:15:00+00:00,2017-01-25T14:20:00+00:00,4751,stop,-1.3976264159217715,-21.97525811197754,True,False,300,8.865302011964712,1.1742401936456617,1.4547045004903987,3.343899617934848,-1.970763097943094,-0.857142857142892,0.700000000000145,14.25
gbpusd_rsi2_m5_usd100000_smaller_stop_and_time,2017-01-25T14:25:00+00:00,2017-01-25T14:45:00+00:00,4753,target,0.9354780831163688,14.708774891766804,False,True,1200,9.326714489908394,1.2196363643764678,1.3159186620749743,1.5132309590843733,-2.5226665353124256,-0.35398230088489313,0.40000000000040004,14.416666666666666
gbpusd_rsi2_m5_usd100000_smaller_stop_and_time,2017-01-26T07:30:00+00:00,2017-01-26T07:30:00+00:00,4958,target,0.3995253785454318,6.311617354588179,False,True,0,5.4855875082575745,1.1009969464206346,1.174477839150297,0.7994526918458089,-2.743990606678316,-0.7623762376237864,1.100000000000545,7.5
gbpusd_rsi2_m5_usd100000_smaller_stop_and_time,2017-01-26T09:40:00+00:00,2017-01-26T10:15:00+00:00,4984,stop,-1.4924433447713534,-23.61460988562268,True,False,2100,9.575026461800414,1.5682682041306857,0.8939367249829159,1.3380224174994253,-1.506250006057494,-0.8214285714285927,0.8999999999992347,9.666666666666666
gbpusd_rsi2_m5_usd100000_smaller_stop_and_time,2017-01-26T10:20:00+00:00,2017-01-26T10:35:00+00:00,4992,stop,-1.6311771240062325,-25.76899090057239,True,False,900,10.554716619323242,1.6081340298560918,0.681310303192173,-2.4086057084689747,-1.8643645754007925,-0.4896551724138797,1.100000000000545,10.333333333333334
gbpusd_rsi2_m5_usd100000_smaller_stop_and_time,2017-01-26T10:40:00+00:00,2017-01-26T10:50:00+00:00,4996,signal_exit,0.6178600000000085,9.74542586750802,False,True,600,10.729455470754115,1.588247620850958,0.3353368002135954,-5.2543408188244785,-1.7689900727178858,-0.7142857142856496,0.40000000000040004,10.666666666666666
gbpusd_rsi2_m5_usd100000_smaller_stop_and_time,2017-01-26T11:45:00+00:00,2017-01-26T12:00:00+00:00,5009,stop,-1.4730091387735968,-23.233582630498372,True,False,900,9.489504249004034,1.345585054220595,-0.5218706268998672,-2.9160524285729843,-0.4659899019738358,-0.34848484848472105,0.700000000000145,11.75
gbpusd_rsi2_m5_usd100000_smaller_stop_and_time,2017-01-26T12:05:00+00:00,2017-01-26T12:50:00+00:00,5013,signal_exit,-0.10474999999994,-1.6496062992116534,False,False,2700,9.76493208183585,1.3593552243347506,-0.7075506485872126,-6.62468199302734,-2.7426054633851806,-0.7135922330097658,0.6000000000017103,12.083333333333334
gbpusd_rsi2_m5_usd100000_smaller_stop_and_time,2017-01-26T13:05:00+00:00,2017-01-26T13:30:00+00:00,5025,target,0.9327088224887606,14.66523305799938,False,True,1500,9.454943573023575,1.2811700629275111,-1.122764427544908,-8.028474323235521,-1.6869875024085252,-0.6081081081082217,0.700000000000145,13.083333333333334
gbpusd_rsi2_m5_usd100000_smaller_stop_and_time,2017-01-26T14:35:00+00:00,2017-01-26T14:55:00+00:00,5043,signal_exit,-0.3714499999998542,-5.8496062992103015,False,False,1200,9.296253727045903,1.1994082007723754,-1.2700006361895932,-4.304707985910443,0.3846043395845124,-0.1704545454543591,1.0999999999983245,14.583333333333334
gbpusd_rsi2_m5_usd100000_smaller_stop_and_time,2017-01-26T15:35:00+00:00,2017-01-26T15:55:00+00:00,5055,signal_exit,0.5950000000001243,9.35534591195164,False,True,1200,9.485323013031573,1.1934705226822366,-0.9739176934150967,-5.082445659052944,-1.9334986845364153,-0.6597222222222789,1.100000000000545,15.583333333333334
gbpusd_rsi2_m5_usd100000_smaller_stop_and_time,2017-01-27T08:20:00+00:00,2017-01-27T09:00:00+00:00,5255,signal_exit,-0.4356899999998467,-6.8397174254293045,False,False,2400,6.878366569685746,1.1517621310781365,-1.4637839459195914,-5.353102870237247,0.19393067305147965,-0.3846153846154897,0.700000000000145,8.333333333333334
gbpusd_rsi2_m5_usd100000_smaller_stop_and_time,2017-01-27T10:00:00+00:00,2017-01-27T10:40:00+00:00,5275,stop,-1.3122175427082332,-20.599961423991104,True,False,2400,8.1301219992804,1.2781025031271454,-0.9403302975769159,-3.937916947791327,-0.23929107153820356,-0.9496855345912837,0.8000000000008001,10.0
gbpusd_rsi2_m5_usd100000_smaller_stop_and_time,2017-01-27T10:45:00+00:00,2017-01-27T11:25:00+00:00,5284,signal_exit,0.3104000000000855,4.865203761756826,False,True,2400,8.397914504140669,1.2803787041344463,-0.8564879100679991,-6.559442089794431,-2.1580217077062542,-0.6422018348624975,0.700000000000145,10.75
gbpusd_rsi2_m5_usd100000_smaller_stop_and_time,2017-01-27T12:00:00+00:00,2017-01-27T12:25:00+00:00,5299,signal_exit,0.17004000000001593,2.6652037617557354,False,True,1500,7.81555942384733,1.157955190238185,-1.1264372303715726,-4.718400637340159,-0.392980262244704,-0.5476190476188211,0.700000000000145,12.0
gbpusd_rsi2_m5_usd100000_smaller_stop_and_time,2017-01-27T14:55:00+00:00,2017-01-27T15:40:00+00:00,5334,signal_exit,0.20703999999998343,3.2553459119494246,False,True,2700,9.749608399626798,1.2890076293347463,-0.2359195643846288,0.2108896085302962,0.4090612701779892,-0.641975308642087,0.9000000000014552,14.916666666666666
gbpusd_rsi2_m5_usd100000_smaller_stop_and_time,2017-01-30T07:45:00+00:00,2017-01-30T07:45:00+00:00,5534,target,0.22148196808369144,3.4824208818190474,False,True,0,3.963537484933446,0.8221477232060502,-0.2605459115537036,-2.84715317561596,-2.902172539759803,-0.6915887850467561,0.8999999999992347,7.75
gbpusd_rsi2_m5_usd100000_smaller_stop_and_time,2017-01-30T08:05:00+00:00,2017-01-30T08:40:00+00:00,5538,stop,-0.8661259498451506,-13.596953686737056,True,False,2100,4.728618130653395,0.963231291552103,-0.369410057128281,-3.7964816953485783,-2.6225584678748515,-0.385542168674499,0.5999999999994898,8.083333333333334
gbpusd_rsi2_m5_usd100000_smaller_stop_and_time,2017-01-30T08:45:00+00:00,2017-01-30T08:55:00+00:00,5546,stop,-1.0324282923100745,-16.207665499373224,True,False,600,6.133974036972034,1.1927372829959042,-0.6279806370984293,-5.82300024452625,-2.0451451160359566,-0.6712328767123079,0.3999999999981796,8.75
gbpusd_rsi2_m5_usd100000_smaller_stop_and_time,2017-01-30T09:00:00+00:00,2017-01-30T09:30:00+00:00,5549,signal_exit,0.30481000000004377,4.7701095461665695,False,True,1800,7.5239216323715885,1.39757489954995,-0.807898124212477,-10.185100687836517,-2.793078916725916,-0.9378238341968286,1.100000000000545,9.0
gbpusd_rsi2_m5_usd100000_smaller_stop_and_time,2017-01-30T11:20:00+00:00,2017-01-30T11:30:00+00:00,5577,stop,-1.0445731991460596,-16.372620676270525,True,False,600,6.018912219013263,1.0964849759155202,-1.2386921636890436,-4.2624669082188404,0.015785942494158108,-0.636363636363667,0.8000000000008001,11.333333333333334
gbpusd_rsi2_m5_usd100000_smaller_stop_and_time,2017-01-30T11:35:00+00:00,2017-01-30T12:05:00+00:00,5580,stop,-1.0398186583540523,-16.298098093323702,True,False,1800,6.031650927540831,1.0952298712511963,-1.1719036995682592,-6.347577500760599,-1.9410300422928988,-0.718309859154956,0.700000000000145,11.583333333333334
gbpusd_rsi2_m5_usd100000_smaller_stop_and_time,2017-01-30T12:10:00+00:00,2017-01-30T12:40:00+00:00,5587,signal_exit,0.07477000000009743,1.170109546167409,False,True,1800,8.164817328004332,1.3889743281396665,-1.1404451148593981,-8.942223250571395,-2.4707131725932245,-0.755999999999995,0.9999999999998899,12.166666666666666
gbpusd_rsi2_m5_usd100000_smaller_stop_and_time,2017-01-30T14:30:00+00:00,2017-01-30T15:05:00+00:00,5615,stop,-1.24061320004739,-19.445347963125233,True,False,2100,7.605275862441213,1.1692976665718022,-1.0876405964451614,-3.4824114556330117,0.20249499139667101,-0.5517241379307265,0.700000000000145,14.5
gbpusd_rsi2_m5_usd100000_smaller_stop_and_time,2017-01-30T15:10:00+00:00,2017-01-30T15:40:00+00:00,5623,signal_exit,0.4837300000000808,7.570109546167148,False,True,1800,8.404023508270983,1.2486353584156473,-0.8779251155464727,-6.150391234670567,-2.897925179268375,-0.7822580645159789,0.7999999999985796,15.166666666666666
gbpusd_rsi2_m5_usd100000_smaller_stop_and_time,2017-01-31T07:00:00+00:00,2017-01-31T07:05:00+00:00,5808,target,0.25390411977990657,3.96725187156104,False,True,300,4.496125935779117,0.8948352886810601,0.061976532891041734,-3.261866935517049,-3.3405939393176736,-0.6108108108106889,1.4999999999987246,7.0
gbpusd_rsi2_m5_usd100000_smaller_stop_and_time,2017-01-31T07:45:00+00:00,2017-01-31T08:00:00+00:00,5817,target,0.47007484928481635,7.344919520075255,False,True,900,5.8849597600377095,1.1259209404484272,-0.23701378940830936,-4.564072339275908,-2.1247306776584183,-0.7608695652174228,0.9000000000014552,7.75
gbpusd_rsi2_m5_usd100000_smaller_stop_and_time,2017-01-31T08:50:00+00:00,2017-01-31T09:35:00+00:00,5830,stop,-1.295950131539493,-20.28090972675263,True,False,2700,8.02550963646006,1.3886136316650879,-0.4405149588816294,-1.5677629497160575,0.06368388826281468,-0.3333333333333333,0.700000000000145,8.833333333333334
gbpusd_rsi2_m5_usd100000_smaller_stop_and_time,2017-01-31T09:45:00+00:00,2017-01-31T09:50:00+00:00,5841,stop,-1.6171624425280355,-25.1894461452965,True,False,300,10.43709067389534,1.6344038813309556,-0.44793128242410524,-7.891649394207468,-3.615123952252456,-0.7419354838709331,0.8000000000008001,9.75
gbpusd_rsi2_m5_usd100000_smaller_stop_and_time,2017-01-31T09:55:00+00:00,2017-01-31T10:45:00+00:00,5843,signal_exit,0.13436000000004883,2.089580093313357,False,True,3000,11.344226142287468,1.717515445333919,-0.5598449459024658,-10.738052769398811,-2.860414923420276,-0.857142857142874,0.6000000000017103,9.916666666666666
gbpusd_rsi2_m5_usd100000_smaller_stop_and_time,2017-01-31T15:15:00+00:00,2017-01-31T15:25:00+00:00,5907,signal_exit,1.229120000000154,19.2652037617579,False,True,600,12.848683978784917,1.4309557919942402,0.4437591551600572,3.088591057015705,0.4608651991446288,-0.2543859649124071,0.2999999999997449,15.25
gbpusd_rsi2_m5_usd100000_smaller_stop_and_time,2017-02-01T12:40:00+00:00,2017-02-01T13:00:00+00:00,6161,stop,-1.3183153660440157,-20.859420348797716,True,False,1200,8.24743169338674,1.1826786139062737,1.982427347229544,7.482966455457959,-0.04877966529106026,-0.7611940298508205,0.8000000000008001,12.666666666666666
gbpusd_rsi2_m5_usd100000_smaller_stop_and_time,2017-02-01T14:10:00+00:00,2017-02-01T14:50:00+00:00,6179,signal_exit,-0.09255999999985748,-1.4645569620230612,False,False,2400,9.365604259754708,1.256207031149462,1.7060147573636761,6.06588289731799,-0.08688954691006269,-0.717391304347674,0.4999999999988347,14.166666666666666
gbpusd_rsi2_m5_usd100000_smaller_stop_and_time,2017-02-01T15:20:00+00:00,2017-02-01T15:45:00+00:00,6193,signal_exit,0.5912500000001237,9.340442338074624,False,True,1500,9.364728706369911,1.219746357854751,1.4934319515933678,4.183308816266938,-1.3151582392400136,-0.6057692307690542,0.10000000000065512,15.333333333333334
gbpusd_rsi2_m5_usd100000_smaller_stop_and_time,2017-02-02T10:15:00+00:00,2017-02-02T10:20:00+00:00,6415,stop,-1.327839539270932,-21.076818083665586,True,False,300,8.35110745453163,1.4208888963121675,1.3110975888126626,3.7398373641470335,-1.7418609908727163,-0.4555555555555172,0.8000000000008001,10.25
gbpusd_rsi2_m5_usd100000_smaller_stop_and_time,2017-02-02T10:25:00+00:00,2017-02-02T10:45:00+00:00,6417,stop,-1.3940304569834019,-22.092400269150584,True,False,1200,8.961414080693261,1.4879698444896228,1.2355397166490085,1.489248364497886,-2.585431511725608,-0.30927835051538605,0.5999999999994898,10.416666666666666
gbpusd_rsi2_m5_usd100000_smaller_stop_and_time,2017-02-02T10:50:00+00:00,2017-02-02T11:30:00+00:00,6422,signal_exit,0.07808000000013776,1.2354430379768633,False,True,2400,10.907869894729249,1.685949401115707,0.8885326226827661,-2.296763599502567,-2.4951511565803104,-0.5168918918918897,0.5999999999994898,10.833333333333334
gbpusd_rsi2_m5_usd100000_smaller_stop_and_time,2017-02-02T12:10:00+00:00,2017-02-02T12:25:00+00:00,6438,stop,-2.253137704119817,-35.538449591795214,True,False,900,15.591937729651587,2.0139945994110287,-0.21105868991603788,-6.699305290274918,-3.0374871084623383,-0.63742690058482,0.8000000000008001,12.166666666666666
gbpusd_rsi2_m5_usd100000_smaller_stop_and_time,2017-02-02T13:05:00+00:00,2017-02-02T13:50:00+00:00,6449,signal_exit,0.2706400000001177,4.255345911951536,False,True,2700,17.684564613459237,1.9698320047552906,-1.0207736476395413,-10.561955039828591,-1.6788697221780589,-0.655502392344496,0.8000000000008001,13.083333333333334
gbpusd_rsi2_m5_usd100000_smaller_stop_and_time,2017-02-02T14:20:00+00:00,2017-02-02T14:55:00+00:00,6464,signal_exit,-0.10459999999979869,-1.644654088047149,False,False,2100,14.80877682171927,1.5215199080591817,-2.0247153000987237,-8.239937309335621,-0.2965977749033667,-0.5619047619048505,0.4999999999988347,14.333333333333334
gbpusd_rsi2_m5_usd100000_smaller_stop_and_time,2017-02-02T15:25:00+00:00,2017-02-02T15:55:00+00:00,6477,stop,-1.6153187872141115,-25.358222719216823,True,False,1800,10.659252646893753,1.1129023979774355,-2.0005183670225266,-8.40471990740037,-1.6174611098962073,-0.678571428571641,0.4999999999988347,15.416666666666666
gbpusd_rsi2_m5_usd100000_smaller_stop_and_time,2017-02-03T08:00:00+00:00,2017-02-03T08:10:00+00:00,6676,target,0.2344663324187268,3.6750208843060626,False,True,600,4.054908561274371,0.8313694939086416,-1.0112981661127893,-3.9336922573309607,-0.148018182703684,-0.8260869565215853,0.8999999999992347,8.0
gbpusd_rsi2_m5_usd100000_smaller_stop_and_time,2017-02-03T09:00:00+00:00,2017-02-03T09:30:00+00:00,6688,stop,-1.0784497564573068,-16.903601198390387,True,False,1800,6.384402480074261,1.2213014208501791,-0.5875045163695949,-2.889735760251863,-1.2048684630123865,-0.7410714285713206,0.5999999999994898,9.0
gbpusd_rsi2_m5_usd100000_smaller_stop_and_time,2017-02-03T09:35:00+00:00,2017-02-03T10:05:00+00:00,6695,signal_exit,-0.3599999999999113,-5.6249999999986136,False,False,1800,8.925780266784207,1.570871206559463,-0.5118238077972879,-8.236744991896382,-3.928437396356115,-0.9679999999999692,0.8999999999992347,9.583333333333334
gbpusd_rsi2_m5_usd100000_smaller_stop_and_time,2017-02-03T10:55:00+00:00,2017-02-03T11:25:00+00:00,6711,stop,-1.1885820775448908,-18.57159496163892,True,False,1800,7.023297480820303,1.2161329769942424,-1.455684513679509,-8.30310199302316,-0.8690027952063538,-0.9809523809524675,0.9999999999998899,10.916666666666666
gbpusd_rsi2_m5_usd100000_smaller_stop_and_time,2017-02-03T11:30:00+00:00,2017-02-03T11:55:00+00:00,6718,signal_exit,0.4794600000001814,7.47987519501063,False,True,1500,6.540314880068119,1.1338119099445296,-1.9073531329486295,-9.546720726234494,-2.3012947726564588,-0.5368421052631652,0.40000000000040004,11.5
gbpusd_rsi2_m5_usd100000_smaller_stop_and_time,2017-02-03T12:50:00+00:00,2017-02-03T13:15:00+00:00,6734,stop,-1.0942435498208567,-17.097555465950883,True,False,1500,6.5362777329760595,1.1090357974169933,-1.5696451383876429,-4.747861041656653,0.5108659823031451,-0.9468085106384185,0.5000000000010552,12.833333333333334
gbpusd_rsi2_m5_usd100000_smaller_stop_and_time,2017-02-03T14:25:00+00:00,2017-02-03T15:20:00+00:00,6753,signal_exit,0.5680000000001997,8.87500000000312,False,True,3300,14.769002446017904,1.8575065961059543,-0.8144407470692205,-4.5036356754479305,-1.0198124987000297,-0.5066666666667101,0.700000000000145,14.416666666666666
gbpusd_rsi2_m5_usd100000_smaller_stop_and_time,2017-02-06T07:05:00+00:00,2017-02-06T07:15:00+00:00,6947,stop,-0.7590651458410889,-11.860392903767012,True,False,600,3.617696451883765,0.7796298264197705,-0.19161130209287958,-1.6687004914977683,-1.9695285407109404,-0.6111111111110837,1.100000000000545,7.083333333333333
gbpusd_rsi2_m5_usd100000_smaller_stop_and_time,2017-02-06T07:20:00+00:00,2017-02-06T07:25:00+00:00,6950,stop,-0.8784596666956588,-13.725932292119667,True,False,300,4.550466146060165,0.9574782825885595,-0.17916324243916748,-1.9777488174864624,-1.9881308846451218,-0.18478260869564955,1.100000000000545,7.333333333333333
gbpusd_rsi2_m5_usd100000_smaller_stop_and_time,2017-02-06T07:30:00+00:00,2017-02-06T07:55:00+00:00,6952,signal_exit,0.049600000000071975,0.7750000000011246,False,True,1500,5.191473360633569,1.0721605782974963,-0.19616969834950765,-3.2953714180472913,-2.912007453279657,-0.5984848484849058,0.40000000000040004,7.5
gbpusd_rsi2_m5_usd100000_smaller_stop_and_time,2017-02-06T08:25:00+00:00,2017-02-06T09:00:00+00:00,6963,target,0.6601718788535125,10.283051072484618,False,True,2100,7.3491579349956,1.4049017634098449,-0.47621788398176385,-7.287033397698199,-3.32889970523016,-0.9841897233202296,0.9000000000014552,8.416666666666666
gbpusd_rsi2_m5_usd100000_smaller_stop_and_time,2017-02-06T10:10:00+00:00,2017-02-06T10:25:00+00:00,6984,signal_exit,0.4345900000000298,6.779875195008264,False,True,900,8.092952689408792,1.4024141025095087,-0.8420162395801435,-3.6237861477033846,-0.3420941140492858,-0.6181818181818989,0.8000000000008001,10.166666666666666
gbpusd_rsi2_m5_usd100000_smaller_stop_and_time,2017-02-06T11:25:00+00:00,2017-02-06T11:30:00+00:00,6999,stop,-1.2910985756718327,-20.14194345821892,True,False,300,7.860909326614716,1.291991545838355,-0.2943096575921659,-2.333756639827137,-1.2557197512003537,-0.8861788617884198,0.8999999999992347,11.416666666666666
gbpusd_rsi2_m5_usd100000_smaller_stop_and_time,2017-02-06T13:05:00+00:00,2017-02-06T13:35:00+00:00,7019,signal_exit,-0.19358999999995802,-3.0201248049915446,False,False,1800,7.275773902093453,1.152990019673039,-0.3253606216110424,-2.369818913651521,-0.9915830639200276,-0.8902439024391086,0.6000000000017103,13.083333333333334
gbpusd_rsi2_m5_usd100000_smaller_stop_and_time,2017-02-06T13:55:00+00:00,2017-02-06T14:30:00+00:00,7029,signal_exit,-0.10369999999993934,-1.6152647975068433,False,False,2100,7.803742767194977,1.2014729730432854,-0.4280939730094985,-4.183950656751569,-1.850335380914905,-0.6770833333333237,0.40000000000040004,13.916666666666666
gbpusd_rsi2_m5_usd100000_smaller_stop_and_time,2017-02-06T14:50:00+00:00,2017-02-06T15:10:00+00:00,7040,stop,-1.3141088018002507,-20.468984451717297,True,False,1200,7.92685982710547,1.1910651335987799,-0.7720831798607061,-4.837452726752524,-1.831120240483242,-0.68275862068971,1.100000000000545,14.833333333333334
gbpusd_rsi2_m5_usd100000_smaller_stop_and_time,2017-02-06T15:15:00+00:00,2017-02-06T15:35:00+00:00,7045,signal_exit,0.21152000000012602,3.289580093314557,False,True,1200,8.338847589147036,1.2286075390063642,-0.9319023433024567,-6.169462963659689,-2.4515593411271808,-0.15068493150694515,0.6000000000017103,15.25
gbpusd_rsi2_m5_usd100000_smaller_stop_and_time,2017-02-07T07:05:00+00:00,2017-02-07T08:00:00+00:00,7229,stop,-0.9160910520755186,-14.247139223569494,True,False,3300,4.9683596584422505,1.0470386188954741,-0.4672944972079691,-6.851702145164677,-2.5090317475517008,-0.9491525423727443,0.7999999999985796,7.083333333333333
gbpusd_rsi2_m5_usd100000_smaller_stop_and_time,2017-02-07T08:05:00+00:00,2017-02-07T08:05:00+00:00,7241,stop,-1.0357293753741397,-16.107766335523166,True,False,0,5.998673214419495,1.2095032614166987,-1.042315403713559,-7.780087615799417,-1.9106581275257069,-0.42372881355929015,0.5999999999994898,8.083333333333334
gbpusd_rsi2_m5_usd100000_smaller_stop_and_time,2017-02-07T08:10:00+00:00,2017-02-07T08:10:00+00:00,7242,stop,-1.3378053557557623,-20.741168306290888,True,False,0,7.770196556246653,1.4860416466735986,-1.1091748102986319,-12.948659963323053,-3.4652783700235306,-0.9675324675324708,1.7000000000000348,8.166666666666666
gbpusd_rsi2_m5_usd100000_smaller_stop_and_time,2017-02-07T08:15:00+00:00,2017-02-07T08:20:00+00:00,7243,stop,-1.5594844382764048,-24.14062597951091,True,False,300,9.972325373657588,1.788307332895454,-1.190810172154059,-16.050886073782735,-3.3837497820876283,-0.5880829015544066,0.700000000000145,8.25
gbpusd_rsi2_m5_usd100000_smaller_stop_and_time,2017-02-07T08:25:00+00:00,2017-02-07T08:50:00+00:00,7245,signal_exit,0.6139600000000252,9.504024767802246,False,True,1500,11.467974429327208,1.9460704480742477,-1.4459817479210495,-16.849689397309614,-2.3228159723211768,0.0344827586206972,0.5999999999994898,8.416666666666666
gbpusd_rsi2_m5_usd100000_smaller_stop_and_time,2017-02-07T09:10:00+00:00,2017-02-07T09:45:00+00:00,7254,signal_exit,-0.38087999999989397,-5.8959752321965,False,False,2100,9.58614518772912,1.5798987350227092,-2.3828136549823173,-14.367165842603244,-0.895127291525972,-0.6698113207546675,0.2999999999997449,9.166666666666666
gbpusd_rsi2_m5_usd100000_smaller_stop_and_time,2017-02-07T11:15:00+00:00,2017-02-07T11:50:00+00:00,7279,signal_exit,0.4847600000000394,7.504024767802467,False,True,2100,8.459091584939094,1.3026968560801022,-2.7683885739769027,-11.421244331786239,-1.595568091367897,-0.7578124999999648,0.8000000000008001,11.25
gbpusd_rsi2_m5_usd100000_smaller_stop_and_time,2017-02-07T13:10:00+00:00,2017-02-07T13:45:00+00:00,7302,signal_exit,-0.10955999999998128,-1.6959752321978525,False,False,2100,7.204938647868352,1.0792696879381263,-2.122084102671091,-8.469899949857892,-1.2357046159770675,-0.7659574468080181,0.2999999999997449,13.166666666666666
gbpusd_rsi2_m5_usd100000_smaller_stop_and_time,2017-02-07T15:10:00+00:00,2017-02-07T15:40:00+00:00,7326,signal_exit,0.36848000000013825,5.704024767803998,False,True,1800,8.565750110493616,1.1914901862127532,-1.3153186121568072,-5.172687198600137,-0.4199518040715273,-0.3593750000002873,0.9000000000014552,15.166666666666666
gbpusd_rsi2_m5_usd100000_smaller_stop_and_time,2017-02-08T07:45:00+00:00,2017-02-08T07:55:00+00:00,7524,stop,-1.0978073631591507,-17.18008393050314,True,False,600,6.475096738336508,1.2023615119505193,0.7920620905056381,2.028173791734718,-1.2188985398097536,-0.3571428571428147,0.6999999999979245,7.75
gbpusd_rsi2_m5_usd100000_smaller_stop_and_time,2017-02-08T08:10:00+00:00,2017-02-08T08:25:00+00:00,7529,target,0.8105596699631292,12.664994843173895,False,True,900,8.44499742158631,1.4635966580090085,0.5979419147491409,-1.2165373224972569,-2.3341633142384226,-0.44871794871803994,0.700000000000145,8.166666666666666
gbpusd_rsi2_m5_usd100000_smaller_stop_and_time,2017-02-08T09:30:00+00:00,2017-02-08T10:30:00+00:00,7545,holding_bars,-1.1584999999998946,-18.129890453832466,False,False,3600,8.443309923764302,1.364078190545141,0.43447166580437196,1.3957729329596265,-0.12397948148493712,-0.5229357798164596,0.09999999999843467,9.5
gbpusd_rsi2_m5_usd100000_smaller_stop_and_time,2017-02-08T11:15:00+00:00,2017-02-08T12:00:00+00:00,7566,signal_exit,-0.11679999999988128,-1.8249999999981448,False,False,2700,7.1578432409946195,1.1271696819050285,0.1469154593493617,-0.5960443188419349,-1.2518669646992582,-0.44285714285723804,0.8999999999992347,11.25
gbpusd_rsi2_m5_usd100000_smaller_stop_and_time,2017-02-08T15:05:00+00:00,2017-02-08T15:50:00+00:00,7612,signal_exit,0.6995800000000851,10.96520376175682,False,True,2700,8.608869472043438,1.2397988695873634,0.9024548810211886,2.8913110756684652,-0.6289450955327975,-0.7121212121211739,0.700000000000145,15.083333333333334
gbpusd_rsi2_m5_usd100000_smaller_stop_and_time,2017-02-09T07:00:00+00:00,2017-02-09T07:00:00+00:00,7802,target,0.14819790200811672,2.319215993867241,False,True,0,3.324553223850487,0.7255531564871958,-0.3008251739698692,-2.8648020462133044,-2.2093397144979576,-0.290322580645092,0.8000000000008001,7.0
gbpusd_rsi2_m5_usd100000_smaller_stop_and_time,2017-02-09T10:05:00+00:00,2017-02-09T10:30:00+00:00,7839,signal_exit,0.11164000000006452,1.7553459119507,False,True,1500,8.181423207909983,1.3965408464166476,1.7957527986014952,5.894330503348647,-0.8209172766727685,-0.7307692307695264,0.5000000000010552,10.083333333333334
gbpusd_rsi2_m5_usd100000_smaller_stop_and_time,2017-02-09T11:35:00+00:00,2017-02-09T11:55:00+00:00,7857,signal_exit,0.13124000000018982,2.0602825745712687,False,True,1200,8.788715548125731,1.4131595270917992,1.4649895969063946,3.171821912534515,-2.25904549208821,-0.5263157894737935,0.9999999999998899,11.583333333333334
gbpusd_rsi2_m5_usd100000_smaller_stop_and_time,2017-02-09T13:05:00+00:00,2017-02-09T13:15:00+00:00,7875,signal_exit,0.4360000000000712,6.855345911950805,False,True,600,7.134027258192123,1.1378685799446766,0.9871442886996518,3.0632177946415218,-0.5374497868411506,-0.7466666666667929,0.9000000000014552,13.083333333333334
gbpusd_rsi2_m5_usd100000_smaller_stop_and_time,2017-02-09T14:35:00+00:00,2017-02-09T14:55:00+00:00,7893,stop,-1.1904464625914892,-18.71771167596681,True,False,1200,7.3865287939605615,1.1419338215560066,0.9777989244875929,2.9273140730016327,-1.006103719190734,-0.5737704918030341,0.3999999999981796,14.583333333333334
gbpusd_rsi2_m5_usd100000_smaller_stop_and_time,2017-02-09T15:00:00+00:00,2017-02-09T15:20:00+00:00,7898,stop,-1.2256645474023409,-19.241201686065004,True,False,1200,7.750742130317771,1.1824287538343408,0.8911794481398473,0.22222510428647002,-3.0405590945869534,-0.8021978021978411,0.1999999999990898,15.0
gbpusd_rsi2_m5_usd100000_smaller_stop_and_time,2017-02-09T15:25:00+00:00,2017-02-09T15:40:00+00:00,7903,target,1.07414485229052,16.836126211450154,False,True,900,10.585461224846847,1.4945535370085785,0.6165447361975902,-2.40757177594041,-2.4321798314304113,-0.820359281437152,0.8000000000008001,15.416666666666666
gbpusd_rsi2_m5_usd100000_smaller_stop_and_time,2017-02-10T07:30:00+00:00,2017-02-10T07:35:00+00:00,8090,stop,-0.7528399640813945,-11.781533084215877,True,False,300,3.775821315192247,0.8546491743354633,-0.4869029512076294,-2.162058288818658,-0.47355864550829235,-0.31250000000008676,0.700000000000145,7.5
gbpusd_rsi2_m5_usd100000_smaller_stop_and_time,2017-02-10T07:40:00+00:00,2017-02-10T07:55:00+00:00,8092,stop,-0.8217299180089124,-12.859623130029927,True,False,900,4.264866338099399,0.9526396301925542,-0.46663518024049794,-3.221185186532672,-1.515534568712247,-0.6451612903225961,0.7999999999985796,7.666666666666667
gbpusd_rsi2_m5_usd100000_smaller_stop_and_time,2017-02-10T08:00:00+00:00,2017-02-10T08:25:00+00:00,8096,stop,-1.15940274046626,-18.115667819785312,True,False,1500,6.895333909893155,1.4144601913739223,-0.4417222502395516,-5.846585958355489,-3.1803265497307835,-0.6022727272727254,0.8000000000008001,8.0
gbpusd_rsi2_m5_usd100000_smaller_stop_and_time,2017-02-10T11:50:00+00:00,2017-02-10T11:55:00+00:00,8142,stop,-1.298565979997801,-20.290093437465643,True,False,300,7.982546718732885,1.2589235406656778,-0.3394342482259198,-3.8283937096913054,-2.2229087820427953,-0.9829059829058726,0.8000000000008001,11.833333333333334
gbpusd_rsi2_m5_usd100000_smaller_stop_and_time,2017-02-10T12:00:00+00:00,2017-02-10T12:25:00+00:00,8144,signal_exit,-0.0715999999998716,-1.115264797505788,False,False,1500,10.28648160951982,1.5330720418814383,-0.40215697896806574,-7.461871748005517,-3.379673455801243,-0.7224880382775049,0.8000000000008001,12.0
gbpusd_rsi2_m5_usd100000_smaller_stop_and_time,2017-02-10T13:10:00+00:00,2017-02-10T13:15:00+00:00,8158,signal_exit,0.2230600000000673,3.47987519500885,False,True,300,8.909111346339392,1.283425042003924,-1.1132422086136982,-6.044101791008968,-0.7053020993591788,-0.047619047619005664,0.700000000000145,13.166666666666666
gbpusd_rsi2_m5_usd100000_smaller_stop_and_time,2017-02-10T14:05:00+00:00,2017-02-10T14:25:00+00:00,8169,stop,-1.2911899089058407,-20.14336831366366,True,False,1200,8.011621754336764,1.1472570028184848,-1.2666004383288163,-5.182662647618528,-1.286069977988748,-0.5822784810127685,0.5999999999994898,14.083333333333334
gbpusd_rsi2_m5_usd100000_smaller_stop_and_time,2017-02-10T14:30:00+00:00,2017-02-10T14:30:00+00:00,8174,target,0.8095715660192042,12.610149003414396,False,True,0,8.412706900459934,1.1847845127287087,-1.1941277676886113,-6.949823153560334,-2.7904238039278124,-0.6981132075470947,0.700000000000145,14.5
gbpusd_rsi2_m5_usd100000_smaller_stop_and_time,2017-02-13T08:45:00+00:00,2017-02-13T09:25:00+00:00,8386,stop,-1.1488429989311273,-18.00694355691422,True,False,2400,7.03607365933555,1.3748102434978706,1.1313063777167394,4.894527618442137,0.2436491552612197,-0.9821428571431333,0.40000000000040004,8.75
gbpusd_rsi2_m5_usd100000_smaller_stop_and_time,2017-02-13T10:35:00+00:00,2017-02-13T11:05:00+00:00,8408,signal_exit,0.23384000000015057,3.6652037617578457,False,True,1800,6.188830053986796,1.1551056176924295,0.8191372827371634,2.934410525666874,0.04880517242165558,-0.35555555555536916,0.700000000000145,10.583333333333334
gbpusd_rsi2_m5_usd100000_smaller_stop_and_time,2017-02-13T12:35:00+00:00,2017-02-13T12:55:00+00:00,8432,stop,-0.9903689831865659,-15.523024814836454,True,False,1200,5.744114288297523,1.0570681270317883,0.974377328214519,4.237615283943962,0.3339652620929616,-0.8888888888889802,0.4999999999988347,12.583333333333334
gbpusd_rsi2_m5_usd100000_smaller_stop_and_time,2017-02-13T13:00:00+00:00,2017-02-13T14:00:00+00:00,8437,holding_bars,-0.512619999999923,-8.034796238243308,False,False,3600,5.736758170785908,1.0537356253093548,0.9824766319116566,2.0207009391695845,-1.7283757910832487,-0.5625000000001388,0.700000000000145,13.0
gbpusd_rsi2_m5_usd100000_smaller_stop_and_time,2017-02-13T14:10:00+00:00,2017-02-13T15:10:00+00:00,8451,holding_bars,-0.2255599999998837,-3.5298904538322957,False,False,3600,6.507265754726029,1.1574315972079592,0.6180728630616125,-1.918649854763628,-3.0778835176196395,-0.941605839416004,0.700000000000145,14.166666666666666
gbpusd_rsi2_m5_usd100000_smaller_stop_and_time,2017-02-13T15:40:00+00:00,2017-02-13T15:55:00+00:00,8469,signal_exit,0.21600000000016736,3.3750000000026152,False,True,900,6.83759249530296,1.163472359063192,-0.33767135189821945,-3.7504962559027497,-2.3110923278721387,-0.8617021276596046,0.700000000000145,15.666666666666666
gbpusd_rsi2_m5_usd100000_smaller_stop_and_time,2017-02-14T07:25:00+00:00,2017-02-14T07:45:00+00:00,8654,target,0.20789913140877167,3.263722628081188,False,True,1200,3.7517200267549295,0.9788511215283702,1.1493108426059568,2.616156203680549,-2.5348781313752453,-0.6578947368416593,0.6999999999979245,7.416666666666667
gbpusd_rsi2_m5_usd100000_smaller_stop_and_time,2017-02-14T08:05:00+00:00,2017-02-14T08:30:00+00:00,8662,signal_exit,-0.040499999999946745,-0.6347962382436794,False,False,1500,5.851271074282329,1.4084481136407199,0.880803737223544,-0.6455040810147155,-2.8077106451519316,-0.32748538011687783,0.5999999999994898,8.083333333333334
gbpusd_rsi2_m5_usd100000_smaller_stop_and_time,2017-02-14T09:15:00+00:00,2017-02-14T09:30:00+00:00,8676,stop,-1.0825792465841204,-16.968326748967403,True,False,900,6.3667652553623,1.4236118092318364,0.282126453051543,-0.8512259729279793,-1.1663473540210467,-0.42553191489383313,0.700000000000145,9.25
gbpusd_rsi2_m5_usd100000_smaller_stop_and_time,2017-02-14T09:35:00+00:00,2017-02-14T09:35:00+00:00,8680,stop,-1.4721432151882086,-23.002237737315756,True,False,0,9.388618868658995,1.8798034760757771,0.03133639389797333,-9.157150030164006,-3.952292775554452,-0.8860465116279342,0.700000000000145,9.583333333333334
gbpusd_rsi2_m5_usd100000_smaller_stop_and_time,2017-02-14T09:40:00+00:00,2017-02-14T10:10:00+00:00,8681,stop,-1.6683665861788917,-26.02755984678458,True,False,1800,10.753717520897492,2.0525034686721413,-0.10697415266563536,-11.420142089487783,-3.28943917112896,-0.5157894736842762,0.9999999999998899,9.666666666666666
gbpusd_rsi2_m5_usd100000_smaller_stop_and_time,2017-02-14T10:15:00+00:00,2017-02-14T10:50:00+00:00,8688,signal_exit,0.133320000000191,2.07987519501078,False,True,2100,12.325447579972616,2.098588956366349,-0.7826943732551073,-10.881977412958213,-1.5892722517869189,-0.44727272727274575,0.700000000000145,10.25
gbpusd_rsi2_m5_usd100000_smaller_stop_and_time,2017-02-14T11:55:00+00:00,2017-02-14T12:15:00+00:00,8708,signal_exit,0.23588000000015127,3.67987519501016,False,True,1200,7.015043234114236,1.2083099517189781,-2.133355065201756,-7.9893175825936,0.003668778610224974,-0.6951219512194263,0.3999999999981796,11.916666666666666
gbpusd_rsi2_m5_usd100000_smaller_stop_and_time,2017-02-14T13:35:00+00:00,2017-02-14T14:35:00+00:00,8728,holding_bars,-1.0703999999998757,-16.724999999998055,False,False,3600,6.5557972543869205,1.1070846773947038,-1.2751732876787512,-5.240296776771717,-0.6405926439478515,-0.42647058823521006,0.5999999999994898,13.583333333333334
gbpusd_rsi2_m5_usd100000_smaller_stop_and_time,2017-02-14T15:10:00+00:00,2017-02-14T15:10:00+00:00,8747,target,0.8519300852020446,13.290640954790089,False,True,0,8.75538287989016,1.3669353981034293,-1.2044070443936454,-5.732068290095677,-1.677000208787249,-0.5371900826446903,0.700000000000145,15.166666666666666
gbpusd_rsi2_m5_usd100000_smaller_stop_and_time,2017-02-14T15:35:00+00:00,2017-02-14T15:55:00+00:00,8752,signal_exit,0.6012500000001253,9.379875195009754,False,True,1200,10.559130079027897,1.543444450017659,-1.1668622809330995,-6.23399964480497,-2.476510507125547,-0.6744186046512709,0.9000000000014552,15.583333333333334
gbpusd_rsi2_m5_usd100000_smaller_stop_and_time,2017-02-15T07:15:00+00:00,2017-02-15T07:20:00+00:00,8931,target,0.12535453355786846,1.9556089478606622,False,True,300,3.037866876426606,0.7426782472265475,-0.25948295677976835,-3.3180284278764605,-2.7739031745890284,-0.23684210526351157,0.6000000000017103,7.25
gbpusd_rsi2_m5_usd100000_smaller_stop_and_time,2017-02-15T08:00:00+00:00,2017-02-15T08:25:00+00:00,8940,signal_exit,-0.02692999999986251,-0.4201248049900547,False,False,1500,4.28413091359289,1.0106283236376687,-0.3520243693345465,-3.0582858653116554,-1.7083006698279668,-0.9074074074072094,0.5999999999994898,8.0
gbpusd_rsi2_m5_usd100000_smaller_stop_and_time,2017-02-15T08:45:00+00:00,2017-02-15T08:50:00+00:00,8949,target,0.285242715169985,4.449964355225974,False,True,300,4.285044580108288,1.0096114238551337,-0.529512902052491,-2.921859400390634,-1.3814797190056065,-0.35714285714288546,0.5999999999994898,8.75
gbpusd_rsi2_m5_usd100000_smaller_stop_and_time,2017-02-15T09:35:00+00:00,2017-02-15T10:20:00+00:00,8959,signal_exit,-0.013529999999920606,-0.21041990668616806,False,False,2700,7.44774869903956,1.5608310238198535,-0.5605683927979598,-8.202184335113412,-3.917787315069054,-0.841328413284076,0.8999999999992347,9.583333333333334
gbpusd_rsi2_m5_usd100000_smaller_stop_and_time,2017-02-15T11:20:00+00:00,2017-02-15T11:40:00+00:00,8980,stop,-0.9913809851549749,-15.41805575668701,True,False,1200,5.8038179250008595,1.1611737198460799,-1.5171592857196545,-6.317266284083877,-0.6952939005107109,-0.7173913043475008,0.2999999999997449,11.333333333333334
gbpusd_rsi2_m5_usd100000_smaller_stop_and_time,2017-02-15T11:45:00+00:00,2017-02-15T12:10:00+00:00,8985,stop,-1.046662983115524,-16.277806891376734,True,False,1500,6.033693492345666,1.1899104879256142,-1.5019414377038576,-6.932172134804357,-2.7320477463194095,-0.45967741935475787,0.700000000000145,11.75
gbpusd_rsi2_m5_usd100000_smaller_stop_and_time,2017-02-15T13:00:00+00:00,2017-02-15T13:30:00+00:00,9000,stop,-1.1372278755081695,-17.68628111210217,True,False,1800,6.737930602707886,1.252385634398894,-1.5174480521832745,-6.854563961498308,-0.8844325604098926,-0.5999999999999013,0.700000000000145,13.0
gbpusd_rsi2_m5_usd100000_smaller_stop_and_time,2017-02-15T15:45:00+00:00,2017-02-15T16:05:00+00:00,9033,signal_exit,0.5190400000001489,8.084735202494532,False,True,1200,10.983996909912996,1.5720742552935003,-0.8856430605389567,-0.1294704260516435,0.7344341911796662,-0.6184210526314636,0.5999999999994898,15.75
gbpusd_rsi2_m5_usd100000_smaller_stop_and_time,2017-02-16T11:10:00+00:00,2017-02-16T11:30:00+00:00,9264,stop,-1.1088543550762167,-17.352963303227178,True,False,1200,6.611536424698183,1.220332256210727,1.7985129294126634,6.420361503599701,-0.2960584031669013,-0.9583333333330635,0.5999999999994898,11.166666666666666
gbpusd_rsi2_m5_usd100000_smaller_stop_and_time,2017-02-16T11:40:00+00:00,2017-02-16T12:05:00+00:00,9270,signal_exit,0.1322800000001904,2.070109546168864,False,True,1500,5.97287098681227,1.1092017750778902,1.6048073786370898,3.550311734479754,-1.9178464823206332,-0.795918367346911,0.09999999999843467,11.666666666666666
gbpusd_rsi2_m5_usd100000_smaller_stop_and_time,2017-02-16T12:45:00+00:00,2017-02-16T13:05:00+00:00,9283,signal_exit,0.030040000000088163,0.4701095461672639,False,True,1200,6.356077572833814,1.1460250775850598,1.1417382574127783,3.4923746510063856,-0.37740846728915245,-0.7903225806455252,0.5000000000010552,12.75
gbpusd_rsi2_m5_usd100000_smaller_stop_and_time,2017-02-16T13:35:00+00:00,2017-02-16T14:25:00+00:00,9293,signal_exit,-0.2958499999999185,-4.62989045383284,False,False,3000,8.00458779396571,1.3570960327106998,0.9185860854911126,2.7960287285728667,-0.9890725825260345,-0.17763157894736745,0.700000000000145,13.583333333333334
gbpusd_rsi2_m5_usd100000_smaller_stop_and_time,2017-02-16T15:10:00+00:00,2017-02-16T15:50:00+00:00,9312,signal_exit,0.11950000000010669,1.8701095461675536,False,True,2400,7.947068286308586,1.2830281809161628,0.637109138111574,1.422055308869204,-0.7299026643928973,-0.8103448275862762,0.40000000000040004,15.166666666666666
gbpusd_rsi2_m5_usd100000_smaller_stop_and_time,2017-02-17T07:20:00+00:00,2017-02-17T08:15:00+00:00,9498,target,0.13126968185143822,2.0510887789287224,False,True,3300,3.188044389462661,0.7784367599102716,0.30677347745767647,-1.7022412689062938,-2.8322344852478594,-0.9425287356318172,0.7999999999985796,7.333333333333333
gbpusd_rsi2_m5_usd100000_smaller_stop_and_time,2017-02-17T08:50:00+00:00,2017-02-17T08:55:00+00:00,9516,stop,-0.8671734260072526,-13.54958478136332,True,False,300,4.662292390682865,1.098765745299866,-0.219253067005823,-1.6322714768836235,-0.8155373045752066,-0.28888888888891084,0.700000000000145,8.833333333333334
gbpusd_rsi2_m5_usd100000_smaller_stop_and_time,2017-02-17T09:05:00+00:00,2017-02-17T09:25:00+00:00,9519,stop,-1.1752803965796381,-18.33510759094599,True,False,1200,7.007491392977545,1.520798129029244,-0.3295657999504497,-7.137172662276654,-3.7436436217685367,-0.6293436293436148,0.8000000000008001,9.083333333333334
gbpusd_rsi2_m5_usd100000_smaller_stop_and_time,2017-02-17T09:35:00+00:00,2017-02-17T10:05:00+00:00,9525,stop,-1.678207430492726,-26.09964899677645,True,False,1800,10.844614545045621,2.0277530268770554,-0.6596361292368347,-13.005290243084847,-3.0191751683718193,-0.768156424581032,0.8999999999992347,9.583333333333334
gbpusd_rsi2_m5_usd100000_smaller_stop_and_time,2017-02-17T10:10:00+00:00,2017-02-17T10:30:00+00:00,9532,signal_exit,0.7933000000000625,12.299224806202519,False,True,1200,11.439800901962755,1.9582363516439267,-1.4142146330447503,-16.129802452647947,-1.845412455854024,-0.7628205128205255,0.8000000000008001,10.166666666666666
gbpusd_rsi2_m5_usd100000_smaller_stop_and_time,2017-02-17T14:45:00+00:00,2017-02-17T15:10:00+00:00,9587,signal_exit,-0.1742799999999743,-2.710419906687003,False,False,1500,5.875461864015604,0.9988598395622243,-1.4200736513268453,-5.391878121849343,-0.18764965277741263,-0.5384615384616479,0.8000000000008001,14.75
gbpusd_rsi2_m5_usd100000_smaller_stop_and_time,2017-02-20T07:35:00+00:00,2017-02-20T08:15:00+00:00,9779,target,0.23845623074700925,3.7084950349457113,False,True,2400,4.009457470815708,0.9612317744489304,-0.01621528763346979,0.6653140045482326,0.3378356409798554,-0.7846153846153531,0.8000000000008001,7.583333333333333
gbpusd_rsi2_m5_usd100000_smaller_stop_and_time,2017-02-20T10:00:00+00:00,2017-02-20T10:45:00+00:00,9808,signal_exit,-0.05897999999978781,-0.9201248049888894,False,False,2700,6.612660459326413,1.3494979576534039,1.408924719422466,5.776812807730678,-0.07055498876975141,-0.5400000000000444,0.6999999999979245,10.0
gbpusd_rsi2_m5_usd100000_smaller_stop_and_time,2017-02-20T12:20:00+00:00,2017-02-20T13:05:00+00:00,9836,signal_exit,-0.20640999999989967,-3.2201248049906344,False,False,2700,5.506031492872596,1.0866362137402532,1.3140211934850992,4.283690240807759,-1.2539933697087207,-0.5172413793102656,0.7999999999985796,12.333333333333334
gbpusd_rsi2_m5_usd100000_smaller_stop_and_time,2017-02-20T14:15:00+00:00,2017-02-20T14:35:00+00:00,9859,signal_exit,-0.014109999999920853,-0.22012480499096493,False,False,1200,4.8894362550350845,0.9764417829375048,0.9879465358850573,3.8895902637026762,0.1455465045483685,-0.3725490196080992,0.8000000000008001,14.25
gbpusd_rsi2_m5_usd100000_smaller_stop_and_time,2017-02-21T07:20:00+00:00,2017-02-21T07:25:00+00:00,10055,stop,-0.7605160681820744,-11.846044675733244,True,False,300,3.7153899391135004,0.9951826066298713,-0.29243623912881084,-2.1775014634688885,-1.1241728522696681,-0.9493670886078155,0.8999999999992347,7.333333333333333
gbpusd_rsi2_m5_usd100000_smaller_stop_and_time,2017-02-21T07:30:00+00:00,2017-02-21T07:35:00+00:00,10057,stop,-0.8356460996058932,-13.016294386384628,True,False,300,4.4005147944397605,1.1470801330102365,-0.3053458212347616,-4.593693497085754,-2.528032781920802,-0.583333333333069,0.700000000000145,7.5
gbpusd_rsi2_m5_usd100000_smaller_stop_and_time,2017-02-21T07:40:00+00:00,2017-02-21T08:05:00+00:00,10059,target,0.41169442976270054,6.402712749031112,False,True,1500,5.356566327858699,1.343332881930542,-0.3598442849569827,-7.1378364660885385,-2.848092416613977,-0.6477272727272326,0.8000000000008001,7.666666666666667
gbpusd_rsi2_m5_usd100000_smaller_stop_and_time,2017-02-21T08:25:00+00:00,2017-02-21T08:55:00+00:00,10068,signal_exit,-0.0006699999999791317,-0.010419906687078253,False,False,1800,6.113264500510499,1.4403048666668539,-0.6575374488553728,-6.425257183365587,-1.3308797288958427,-0.6753246753248289,1.0000000000021103,8.416666666666666
gbpusd_rsi2_m5_usd100000_smaller_stop_and_time,2017-02-21T09:25:00+00:00,2017-02-21T09:45:00+00:00,10080,signal_exit,0.37227000000017973,5.789580093315392,False,True,1200,6.220414988587849,1.3954892843478834,-1.1974277250234022,-5.555164438908487,-1.2173603704541307,-0.5185185185186404,0.700000000000145,9.416666666666666
gbpusd_rsi2_m5_usd100000_smaller_stop_and_time,2017-02-21T10:10:00+00:00,2017-02-21T10:55:00+00:00,10089,stop,-1.107688933526425,-17.226888546289658,True,False,2700,6.408234319802881,1.380082747135102,-1.0927100589720993,-4.586329620821318,-0.7613931604563466,-0.59770114942517,0.8999999999992347,10.166666666666666
gbpusd_rsi2_m5_usd100000_smaller_stop_and_time,2017-02-21T12:05:00+00:00,2017-02-21T12:35:00+00:00,10112,signal_exit,-0.019679999999819675,-0.30559006210900114,False,False,1800,6.6098192039829575,1.307666508234036,-1.1346406746448883,-6.38515270578601,-1.8267556131590925,-0.9104477611940991,0.5000000000010552,12.083333333333334
gbpusd_rsi2_m5_usd100000_smaller_stop_and_time,2017-02-21T14:40:00+00:00,2017-02-21T14:45:00+00:00,10143,target,0.47736121407037246,7.412441212272864,False,True,300,5.909015637191493,1.113250414631347,-0.8601700805559273,-4.455728049438554,-2.420292648836119,-0.6422018348624245,0.8999999999992347,14.666666666666666
gbpusd_rsi2_m5_usd100000_smaller_stop_and_time,2017-02-22T08:55:00+00:00,2017-02-22T09:30:00+00:00,10354,target,0.8030608858596113,12.528250949447916,False,True,2100,8.524187877219296,1.7359352762613807,0.43081655312956446,-3.584336285926248,-3.2558910927131604,-0.7442748091602468,0.9999999999998899,8.916666666666666
gbpusd_rsi2_m5_usd100000_smaller_stop_and_time,2017-02-22T09:40:00+00:00,2017-02-22T10:20:00+00:00,10363,signal_exit,0.40348000000010464,6.284735202493842,False,True,2400,10.31574430267774,1.8786970378722827,-0.0518182541245537,-6.640525711902844,-2.2874444748789142,-0.9224489795918674,1.1999999999989797,9.666666666666666
gbpusd_rsi2_m5_usd100000_smaller_stop_and_time,2017-02-22T11:35:00+00:00,2017-02-22T11:45:00+00:00,10386,stop,-1.2639185130300392,-19.687204252804346,True,False,600,7.735969727648607,1.3076894384703248,-1.137960140816918,-5.780674387582661,-1.6091774997012525,-0.9076923076920502,0.700000000000145,11.583333333333334
gbpusd_rsi2_m5_usd100000_smaller_stop_and_time,2017-02-22T11:50:00+00:00,2017-02-22T12:25:00+00:00,10389,signal_exit,0.32726000000002764,5.089580093313026,False,True,2100,8.131022409491354,1.3485782694887025,-1.141037189106751,-7.2067851879995395,-2.478090498038567,-0.3965517241380234,0.6000000000017103,11.833333333333334
gbpusd_rsi2_m5_usd100000_smaller_stop_and_time,2017-02-22T14:05:00+00:00,2017-02-22T14:25:00+00:00,10416,signal_exit,0.28150000000016084,4.384735202494717,False,True,1200,6.031843539553818,1.0166087547473828,-0.9956754497130831,-3.9027696385286896,-0.8052582491292305,-0.6627906976745657,0.5000000000010552,14.083333333333334
gbpusd_rsi2_m5_usd100000_smaller_stop_and_time,2017-02-22T15:35:00+00:00,2017-02-22T15:35:00+00:00,10434,target,0.6071967816887318,9.472648700292227,False,True,0,6.796386752640894,1.1078959023934674,-0.3931303086242257,-1.9462997277613316,-0.4978308323721618,-0.4396551724137832,0.5999999999994898,15.583333333333334
gbpusd_rsi2_m5_usd100000_smaller_stop_and_time,2017-02-23T10:25:00+00:00,2017-02-23T10:45:00+00:00,10650,signal_exit,-0.02692999999986251,-0.4201248049900547,False,False,1200,6.373327002740673,1.1770870991744682,0.7474423593037577,1.670040347557323,-1.3723054693923238,-0.6290322580644988,0.7999999999985796,10.416666666666666
gbpusd_rsi2_m5_usd100000_smaller_stop_and_time,2017-02-23T11:00:00+00:00,2017-02-23T11:05:00+00:00,10657,target,0.5380201407626457,8.380376024340276,False,True,300,6.397820410922359,1.1709753141633,0.6064873515152964,-0.3709609668641306,-2.57902814926072,-0.6836734693877158,0.8999999999992347,11.0
gbpusd_rsi2_m5_usd100000_smaller_stop_and_time,2017-02-23T13:20:00+00:00,2017-02-23T13:40:00+00:00,10685,target,0.716613875342307,11.197091802223548,False,True,1200,7.711045901111429,1.2851993846069762,1.0645284898266076,3.6953535142984535,-0.5490394182251184,-0.827067669172808,0.700000000000145,13.333333333333334
gbpusd_rsi2_m5_usd100000_smaller_stop_and_time,2017-02-23T15:05:00+00:00,2017-02-23T15:40:00+00:00,10706,target,0.7003909906758348,10.960735378338573,False,True,2100,7.7453129160857745,1.206639582651441,1.4327964125405948,5.495504933089858,-0.06648720713623373,-0.6868686868686688,0.9999999999998899,15.083333333333334
gbpusd_rsi2_m5_usd100000_smaller_stop_and_time,2017-02-24T07:10:00+00:00,2017-02-24T07:55:00+00:00,10889,stop,-0.9076061686822097,-14.270537243430969,True,False,2700,4.912941577690981,1.106917579944061,1.1950401866640055,4.00148706417003,-0.40397721702659245,-0.5820895522390187,0.9000000000014552,7.166666666666667
gbpusd_rsi2_m5_usd100000_smaller_stop_and_time,2017-02-24T09:00:00+00:00,2017-02-24T09:50:00+00:00,10911,signal_exit,-0.015269999999921346,-0.2397174254304764,False,False,3000,7.455884833698345,1.464580659805156,0.5539713268249333,-1.0925560379176795,-3.152107509945646,-0.5273972602739236,0.8000000000008001,9.0
gbpusd_rsi2_m5_usd100000_smaller_stop_and_time,2017-02-24T11:50:00+00:00,2017-02-24T11:50:00+00:00,10945,target,0.6552044223473334,10.285783710319206,False,True,0,6.962750567875279,1.2436286357377635,0.18114094297601185,-1.135636689629472,-2.5934915245626464,-0.44444444444439307,0.10000000000065512,11.833333333333334
gbpusd_rsi2_m5_usd100000_smaller_stop_and_time,2017-02-24T13:25:00+00:00,2017-02-24T14:05:00+00:00,10964,signal_exit,0.04206000000017135,0.6602825745709787,False,True,2400,7.380976920425325,1.2401998721731413,0.39940414189195816,0.5757348307999289,-1.1452208762612108,-0.2738095238094829,0.700000000000145,13.416666666666666
gbpusd_rsi2_m5_usd100000_smaller_stop_and_time,2017-02-24T14:10:00+00:00,2017-02-24T14:25:00+00:00,10973,stop,-1.3377862583639035,-20.96843665147184,True,False,900,8.716820206614173,1.3927788481644592,0.36319027633522005,-4.086570022881395,-3.71377106072806,-0.9307479224377094,0.0,14.166666666666666
gbpusd_rsi2_m5_usd100000_smaller_stop_and_time,2017-02-24T14:35:00+00:00,2017-02-24T15:35:00+00:00,10978,holding_bars,-0.3661399999998114,-5.729890453831164,False,False,3600,9.635281662726952,1.4733880877900565,0.03471971082272023,-4.688535999897207,-1.8234262904636596,-0.5161290322578104,0.7999999999985796,14.583333333333334
gbpusd_rsi2_m5_usd100000_smaller_stop_and_time,2017-02-24T15:45:00+00:00,2017-02-24T15:45:00+00:00,10992,stop,-1.318718739028326,-20.6372259628846,True,False,0,8.203667754526387,1.2271559632051625,-0.8349623849429602,-5.0700637041591605,-1.6533472538251421,-0.6093749999998537,0.700000000000145,15.75
gbpusd_rsi2_m5_usd100000_smaller_stop_and_time,2017-02-24T15:50:00+00:00,2017-02-24T16:50:00+00:00,10993,holding_bars,-0.008299999999879237,-0.12989045383222592,False,False,3600,9.089120057774469,1.3307539840161804,-0.8853034968252114,-6.246674695573879,-2.75041535669857,-0.446601941747599,0.5999999999994898,15.833333333333334
gbpusd_rsi2_m5_usd100000_smaller_stop_and_time,2017-02-27T07:05:00+00:00,2017-02-27T07:15:00+00:00,11166,target,0.2831764448681666,4.397149765033642,False,True,600,4.001369913571939,0.7544838019610003,-1.361865259559165,-7.111547502893479,-1.8875320250225989,-0.571428571428647,0.10000000000065512,7.083333333333333
gbpusd_rsi2_m5_usd100000_smaller_stop_and_time,2017-02-27T07:45:00+00:00,2017-02-27T07:55:00+00:00,11174,stop,-0.9109570423623143,-14.16729459350411,True,False,600,4.928437343409979,0.918087617450851,-1.3452539720863663,-5.740810809298458,-0.7362462613637561,-0.5,0.7999999999985796,7.75
gbpusd_rsi2_m5_usd100000_smaller_stop_and_time,2017-02-27T08:05:00+00:00,2017-02-27T08:30:00+00:00,11178,stop,-1.0724798507574966,-16.653413831638144,True,False,1500,6.1739118847650465,1.113857716390342,-1.3823639397581102,-7.256533364869625,-2.5224148854008717,-0.5508474576269831,0.7999999999985796,8.083333333333334
gbpusd_rsi2_m5_usd100000_smaller_stop_and_time,2017-02-27T08:35:00+00:00,2017-02-27T08:50:00+00:00,11184,target,0.7443342112750975,11.540065291086782,False,True,900,8.020420242441286,1.3625451935745843,-1.412984782554038,-8.716990583485767,-2.2817022581775634,-0.4558139534883899,0.9999999999998899,8.583333333333334
gbpusd_rsi2_m5_usd100000_smaller_stop_and_time,2017-02-27T10:40:00+00:00,2017-02-27T11:30:00+00:00,11209,stop,-1.2297560616892798,-19.125288673239186,True,False,3000,7.557434383276413,1.1885965163133427,-0.8204573759265765,-3.1411884429538506,-0.3145300889307924,-0.8615384615385877,0.5000000000010552,10.666666666666666
gbpusd_rsi2_m5_usd100000_smaller_stop_and_time,2017-02-27T14:20:00+00:00,2017-02-27T14:40:00+00:00,11253,signal_exit,0.07649000000009804,1.1895800933141218,False,True,1200,5.75002232179994,0.9159649784746908,-0.6240375752383039,-1.7392263783465993,0.4979021863827995,-0.4285714285715041,0.8000000000008001,14.333333333333334
gbpusd_rsi2_m5_usd100000_smaller_stop_and_time,2017-02-28T07:05:00+00:00,2017-02-28T07:30:00+00:00,11448,stop,-0.7931198565313797,-12.334678950721301,True,False,1500,3.962129522018691,0.9586643722678415,0.28091882222820197,-1.630085586292947,-2.625289054541105,-0.8644067796609022,0.8999999999992347,7.083333333333333
gbpusd_rsi2_m5_usd100000_smaller_stop_and_time,2017-02-28T08:10:00+00:00,2017-02-28T08:25:00+00:00,11461,target,0.5558518210158991,8.644662846281479,False,True,900,6.477541376484234,1.4141238545804118,-0.14951229524642867,-4.495099931724451,-1.7319408532567109,-0.6222222222222661,0.8000000000008001,8.166666666666666
gbpusd_rsi2_m5_usd100000_smaller_stop_and_time,2017-02-28T09:55:00+00:00,2017-02-28T10:00:00+00:00,11482,stop,-1.0949762128361555,-17.029179048773802,True,False,300,6.359379571044243,1.2834033404304035,-0.20727660915622625,-1.2499722078390738,-0.8732074025723698,-0.47540983606577664,0.8000000000008001,9.916666666666666
gbpusd_rsi2_m5_usd100000_smaller_stop_and_time,2017-02-28T11:30:00+00:00,2017-02-28T11:55:00+00:00,11501,signal_exit,0.1858000000001003,2.889580093314157,False,True,1500,6.484370966670981,1.2187032071189503,-0.050882961287789324,-0.9042917277218174,-0.6656017002926002,-0.4761904761903251,0.700000000000145,11.5
gbpusd_rsi2_m5_usd100000_smaller_stop_and_time,2017-02-28T12:25:00+00:00,2017-02-28T12:55:00+00:00,11512,stop,-1.0836959711109906,-16.853747606702807,True,False,1800,6.321663850008575,1.1656339995965341,-0.05417801910365921,-1.4087880188831186,-1.339655664591608,-0.9729729729733947,0.700000000000145,12.416666666666666
gbpusd_rsi2_m5_usd100000_smaller_stop_and_time,2017-02-28T13:00:00+00:00,2017-02-28T13:15:00+00:00,11519,signal_exit,0.2629600000001775,4.089580093315358,False,True,900,7.01365021468742,1.2536785941138153,-0.1879664875495099,-3.6040399080154653,-2.4485801906161875,-0.47183098591546435,0.4999999999988347,13.0
gbpusd_rsi2_m5_usd100000_smaller_stop_and_time,2017-02-28T15:50:00+00:00,2017-02-28T15:55:00+00:00,11553,target,1.3284796700146815,20.660648056215887,False,True,300,12.585533981450208,1.7904541058054377,0.23388811492026432,-2.605182116548785,-1.9659203792886342,-0.6898148148148815,0.9999999999998899,15.833333333333334
gbpusd_rsi2_m5_usd100000_smaller_stop_and_time,2017-03-01T07:10:00+00:00,2017-03-01T07:25:00+00:00,11732,signal_exit,0.1882000000002446,2.9088098918121266,False,True,900,4.35303224184619,0.8603285747449203,-1.0925632966199827,-7.008209684829511,-2.591013076732636,-0.25000000000026024,0.9999999999998899,7.166666666666667
gbpusd_rsi2_m5_usd100000_smaller_stop_and_time,2017-03-01T08:50:00+00:00,2017-03-01T09:00:00+00:00,11752,signal_exit,0.3684799999999948,5.704024767801777,False,True,600,5.7670370986801665,1.0849526685164899,-1.0408360444580986,-3.811476748411508,-0.05312681564850898,-0.5199999999999112,0.9999999999998899,8.833333333333334
gbpusd_rsi2_m5_usd100000_smaller_stop_and_time,2017-03-01T09:40:00+00:00,2017-03-01T09:50:00+00:00,11762,signal_exit,0.5106000000002087,7.904024767805088,False,True,600,7.358370639041768,1.3051611297950276,-0.6362705431643726,-3.0385629686076485,-0.6441614936166675,-0.47572815533964885,0.7999999999985796,9.666666666666666
gbpusd_rsi2_m5_usd100000_smaller_stop_and_time,2017-03-01T11:10:00+00:00,2017-03-01T11:15:00+00:00,11780,stop,-1.1326266031969285,-17.532919554132018,True,False,300,6.718472160968005,1.1560588208060092,-0.4234940699789092,-3.0282897541285188,-2.010766066403404,-0.7083333333335132,0.5999999999994898,11.166666666666666
gbpusd_rsi2_m5_usd100000_smaller_stop_and_time,2017-03-01T11:20:00+00:00,2017-03-01T11:50:00+00:00,11782,stop,-1.3531928586700475,-20.914881895982184,True,False,1800,8.411845893895954,1.3842365056635912,-0.4953878151144116,-6.9687879417742336,-3.7106876064745538,-0.658064516129024,0.5999999999994898,11.333333333333334
gbpusd_rsi2_m5_usd100000_smaller_stop_and_time,2017-03-01T11:55:00+00:00,2017-03-01T12:10:00+00:00,11789,stop,-1.4239347320787337,-21.97430142096811,True,False,900,8.943940833941936,1.4109317895174762,-0.9216163972772939,-8.444435040209706,-1.5764383054591584,-0.09166666666672217,0.5999999999994898,11.916666666666666
gbpusd_rsi2_m5_usd100000_smaller_stop_and_time,2017-03-01T12:15:00+00:00,2017-03-01T12:40:00+00:00,11793,signal_exit,0.19589000000014375,3.018335901388964,False,True,1500,9.642167174047596,1.4719126395103959,-1.2064607933259426,-11.242794765324138,-1.7560182786427017,-0.6939890710383091,0.40000000000040004,12.25
gbpusd_rsi2_m5_usd100000_smaller_stop_and_time,2017-03-01T13:35:00+00:00,2017-03-01T14:35:00+00:00,11809,holding_bars,-0.21949999999998343,-3.3769230769228216,False,False,3600,8.904653994653987,1.308224876134877,-2.2027881522993606,-10.388826535312822,-2.090769746388273,-0.2617801047120328,0.20000000000131024,13.583333333333334
gbpusd_rsi2_m5_usd100000_smaller_stop_and_time,2017-03-02T07:00:00+00:00,2017-03-02T07:30:00+00:00,12012,target,0.15072325763814606,2.3152574137964064,False,True,1800,3.39372701718932,0.767559974401197,-1.0522565492922764,-5.087232640650587,-1.7256894928176412,-0.9074074074076206,0.9999999999998899,7.0
gbpusd_rsi2_m5_usd100000_smaller_stop_and_time,2017-03-02T09:20:00+00:00,2017-03-02T09:40:00+00:00,12040,stop,-1.0647906410295287,-16.356231045000442,True,False,1200,6.192017212209488,1.2624504888121872,-0.4443311020843455,-3.3032670931044805,-2.2752714779396737,-0.8988764044944493,0.4999999999988347,9.333333333333334
gbpusd_rsi2_m5_usd100000_smaller_stop_and_time,2017-03-02T09:45:00+00:00,2017-03-02T10:20:00+00:00,12045,signal_exit,0.047380000000030564,0.7278033794167521,False,True,2100,7.12466187223496,1.3926204528570558,-0.4885262650973164,-5.053026004932043,-2.422522002110827,-0.6446280991735917,0.8000000000008001,9.75
gbpusd_rsi2_m5_usd100000_smaller_stop_and_time,2017-03-02T12:05:00+00:00,2017-03-02T12:45:00+00:00,12073,signal_exit,0.05389000000007321,0.8278033794174072,False,True,2400,6.527815740056907,1.1840917921053535,-0.5632356664901673,-2.324217824490909,-0.7912602425590539,-0.70422535211261,0.0,12.083333333333334
gbpusd_rsi2_m5_usd100000_smaller_stop_and_time,2017-03-02T14:10:00+00:00,2017-03-02T15:10:00+00:00,12098,holding_bars,0.405430000000208,6.227803379419478,False,True,3600,7.722610238733944,1.2644383190775454,-0.26832934289657606,-2.98630170383892,-1.9239486615742305,-0.7794117647059111,0.8999999999992347,14.166666666666666
gbpusd_rsi2_m5_usd100000_smaller_stop_and_time,2017-03-03T07:40:00+00:00,2017-03-03T07:45:00+00:00,12302,target,0.21344962862166736,3.2787961385816793,False,True,300,3.7254963795815943,0.9023486110565789,-0.42748921165355874,-2.0478044739463854,-0.9534859929481936,-1.0,0.700000000000145,7.666666666666667
gbpusd_rsi2_m5_usd100000_smaller_stop_and_time,2017-03-03T08:05:00+00:00,2017-03-03T08:15:00+00:00,12307,target,0.42062110035116995,6.451243870416716,False,True,600,5.359364266495966,1.2308249007562255,-0.36228937827988433,-4.707929048180952,-3.276567070208943,-0.7557603686636322,0.8000000000008001,8.083333333333334
gbpusd_rsi2_m5_usd100000_smaller_stop_and_time,2017-03-03T08:40:00+00:00,2017-03-03T08:50:00+00:00,12314,target,0.5331490953625606,8.17713336445645,False,True,600,5.972309013515262,1.3112575940573803,-0.42404624287269327,-3.964477855558516,-1.6968822461213706,-0.872727272727258,0.2999999999997449,8.666666666666666
gbpusd_rsi2_m5_usd100000_smaller_stop_and_time,2017-03-03T09:35:00+00:00,2017-03-03T10:05:00+00:00,12325,stop,-1.2724074850738938,-19.485566387042784,True,False,1800,7.511389625374951,1.5283036672372334,-0.5487565398194084,-6.906128637810536,-3.3028595793161,-0.7634730538922037,0.9999999999998899,9.583333333333334
gbpusd_rsi2_m5_usd100000_smaller_stop_and_time,2017-03-03T10:10:00+00:00,2017-03-03T11:00:00+00:00,12332,signal_exit,0.015820000000106915,0.24189602446646657,False,True,3000,7.99757419126746,1.5419286746453567,-0.8847015764581323,-8.056338741864908,-1.691484118905067,-0.11926605504603789,0.700000000000145,10.166666666666666
gbpusd_rsi2_m5_usd100000_smaller_stop_and_time,2017-03-03T11:30:00+00:00,2017-03-03T11:50:00+00:00,12348,signal_exit,0.3297400000001305,5.041896024466826,False,True,1200,7.314782710568621,1.3356524378229038,-1.6098905381503714,-6.603976296201427,-0.7113024495119664,-0.8297872340428447,0.5000000000010552,11.5
gbpusd_rsi2_m5_usd100000_smaller_stop_and_time,2017-03-03T13:00:00+00:00,2017-03-03T13:20:00+00:00,12366,signal_exit,0.3289299999999853,5.037212863705747,False,True,1200,6.94203976617155,1.2220120491920887,-1.150600550156061,-4.189935733242606,0.0338810694787997,-0.6730769230771079,0.6000000000017103,13.0
gbpusd_rsi2_m5_usd100000_smaller_stop_and_time,2017-03-03T14:20:00+00:00,2017-03-03T14:50:00+00:00,12382,target,0.4564060900642666,6.989373507875445,False,True,1800,5.576080322083915,0.9949122928821907,-0.7680932451225164,-3.393721764932909,-1.4226487866336026,-0.2698412698413146,0.700000000000145,14.333333333333334
gbpusd_rsi2_m5_usd100000_smaller_stop_and_time,2017-03-06T07:35:00+00:00,2017-03-06T08:00:00+00:00,12581,target,0.3677032027543419,5.648282684398493,False,True,1500,4.960239652489316,1.1222695402178569,0.375125809037768,-2.444330157324463,-3.0366275983603237,-0.5909090909088707,0.7999999999985796,7.583333333333333
gbpusd_rsi2_m5_usd100000_smaller_stop_and_time,2017-03-06T09:35:00+00:00,2017-03-06T10:15:00+00:00,12605,signal_exit,0.17816000000016105,2.732515337425783,False,True,2400,6.773519432433887,1.353526877576625,-0.3225421663236287,-3.514825257150082,-2.6764908968911167,-0.8130081300813492,0.8000000000008001,9.583333333333334
gbpusd_rsi2_m5_usd100000_smaller_stop_and_time,2017-03-06T12:25:00+00:00,2017-03-06T12:35:00+00:00,12639,signal_exit,0.06732000000001398,1.0325153374235272,False,True,600,5.141207745698961,0.9854419786599139,-0.6497776798638937,-2.9221959675633307,-1.5132633527826767,-0.6122448979589895,0.5000000000010552,12.416666666666666
gbpusd_rsi2_m5_usd100000_smaller_stop_and_time,2017-03-06T14:40:00+00:00,2017-03-06T15:40:00+00:00,12666,holding_bars,-0.4673199999998692,-7.16748466257468,False,False,3600,5.130044023458531,0.9951234125488803,-0.026042722113970896,-2.4171379409474474,-2.9949512951142516,-0.7014925373137741,0.5000000000010552,14.666666666666666
gbpusd_rsi2_m5_usd100000_smaller_stop_and_time,2017-03-06T15:55:00+00:00,2017-03-06T16:40:00+00:00,12681,stop,-0.9933422027623349,-15.235309858318018,True,False,2700,5.483912597871822,1.0534413198157087,-0.3847382032504287,-4.224452719227299,-2.2732926655770833,-0.7416666666666112,0.7999999999985796,15.916666666666666
gbpusd_rsi2_m5_usd100000_smaller_stop_and_time,2017-03-07T08:00:00+00:00,2017-03-07T08:20:00+00:00,12866,stop,-0.8994219367137637,-13.77368968933788,True,False,1200,4.705451276523294,1.3002416311479228,-0.8439052722913934,-5.340497706365235,-1.6005766001722201,-0.4571428571428934,0.8999999999992347,8.0
gbpusd_rsi2_m5_usd100000_smaller_stop_and_time,2017-03-07T08:25:00+00:00,2017-03-07T09:20:00+00:00,12871,stop,-0.9885243068409284,-15.115050563316947,True,False,3300,5.5284732938919205,1.4568625732911769,-0.9803197044225394,-7.034682761472715,-2.4388425141206675,-0.49112426035497125,0.5999999999994898,8.416666666666666
gbpusd_rsi2_m5_usd100000_smaller_stop_and_time,2017-03-07T09:25:00+00:00,2017-03-07T10:00:00+00:00,12883,stop,-1.0927474353982123,-16.683166952644463,True,False,2100,6.214865919070991,1.4978690157643126,-1.278261420461342,-8.736459316712375,-1.904671687184241,-0.9000000000002221,0.8000000000008001,9.416666666666666
gbpusd_rsi2_m5_usd100000_smaller_stop_and_time,2017-03-07T10:05:00+00:00,2017-03-07T10:50:00+00:00,12891,signal_exit,0.34365000000007107,5.246564885497268,False,True,2700,7.756500558764127,1.6994632627831512,-1.525079678907666,-10.640220181286844,-3.2867137489882783,-0.707547169811381,0.8000000000008001,10.083333333333334
gbpusd_rsi2_m5_usd100000_smaller_stop_and_time,2017-03-07T11:30:00+00:00,2017-03-07T12:05:00+00:00,12908,signal_exit,-0.19344999999981166,-2.953435114500941,False,False,2100,6.3348805451720125,1.3292676630608542,-1.8284142077283292,-7.777251682686206,-0.6891888465208256,-0.7619047619048375,0.5999999999994898,11.5
gbpusd_rsi2_m5_usd100000_smaller_stop_and_time,2017-03-07T13:50:00+00:00,2017-03-07T14:30:00+00:00,12936,stop,-0.9591658718928529,-14.64375376935653,True,False,2400,5.2951593274272675,1.085833654233489,-1.499184892315118,-5.782074460152538,-0.45595221633971844,-0.5384615384618012,0.5999999999994898,13.833333333333334
gbpusd_rsi2_m5_usd100000_smaller_stop_and_time,2017-03-07T14:35:00+00:00,2017-03-07T14:50:00+00:00,12945,stop,-1.0145913585350967,-15.46633168498623,True,False,900,5.708775598590544,1.1516643899277366,-1.3280900426587658,-7.176342060532332,-2.7540499464573505,-0.3448275862070352,0.6000000000017103,14.583333333333334
gbpusd_rsi2_m5_usd100000_smaller_stop_and_time,2017-03-08T07:30:00+00:00,2017-03-08T07:30:00+00:00,13135,stop,-0.7107380537255035,-10.850962652297763,True,False,0,3.2487637688986006,1.0503755000087869,-0.18926072984537437,-3.311055853618412,-3.317255583551492,-0.6640625000000406,0.8999999999992347,7.5
gbpusd_rsi2_m5_usd100000_smaller_stop_and_time,2017-03-08T07:35:00+00:00,2017-03-08T07:40:00+00:00,13136,stop,-0.7252531927452575,-11.07256782817187,True,False,300,3.559566356834482,1.133654871466501,-0.22228654232195336,-5.057905939149359,-3.393777682199156,-0.7631578947367806,0.5000000000010552,7.583333333333333
gbpusd_rsi2_m5_usd100000_smaller_stop_and_time,2017-03-08T07:45:00+00:00,2017-03-08T08:00:00+00:00,13138,target,0.27296710671855995,4.161083943880486,False,True,900,4.204932215842099,1.2965686977800683,-0.32621792048785725,-8.612272019439128,-3.1922177181719076,-0.941666666666659,0.8000000000008001,7.75
gbpusd_rsi2_m5_usd100000_smaller_stop_and_time,2017-03-08T08:20:00+00:00,2017-03-08T09:10:00+00:00,13145,stop,-0.9413200545966027,-14.349391076167723,True,False,3000,5.200305294183027,1.4909427352391036,-0.7255692543005142,-8.467139176485214,-1.5729411655352579,-0.6999999999997779,0.4999999999988347,8.333333333333334
gbpusd_rsi2_m5_usd100000_smaller_stop_and_time,2017-03-08T09:15:00+00:00,2017-03-08T09:50:00+00:00,13156,signal_exit,-0.016039999999961918,-0.24414003044082067,False,False,2100,5.726249412111194,1.5074721647150557,-1.5488006256950728,-10.134815658819285,-2.0293624060711335,-0.41379310344828907,0.6000000000017103,9.25
gbpusd_rsi2_m5_usd100000_smaller_stop_and_time,2017-03-08T11:05:00+00:00,2017-03-08T11:50:00+00:00,13178,signal_exit,-0.0028999999998758352,-0.04414003043951043,False,False,2700,5.457275973782781,1.3390548411541234,-2.0939929597206977,-10.677906292907046,-2.5258306064464713,-0.38356164383574975,0.5000000000010552,11.083333333333334
gbpusd_rsi2_m5_usd100000_smaller_stop_and_time,2017-03-08T13:25:00+00:00,2017-03-08T13:40:00+00:00,13206,signal_exit,0.7920700000000804,12.055859969559823,False,True,900,8.943616640212067,1.7295909294496932,-1.2362312870436145,-4.07391366269564,0.0695421869849751,-0.3636363636362617,0.700000000000145,13.416666666666666
gbpusd_rsi2_m5_usd100000_smaller_stop_and_time,2017-03-08T14:40:00+00:00,2017-03-08T14:55:00+00:00,13221,signal_exit,0.45700000000021945,6.955859969561939,False,True,900,7.781942161679126,1.4132419349853367,-0.5465937112012095,-3.5682156430938123,-1.9614362675344046,-0.8879310344826035,0.7999999999985796,14.666666666666666
gbpusd_rsi2_m5_usd100000_smaller_stop_and_time,2017-03-08T15:15:00+00:00,2017-03-08T15:55:00+00:00,13228,signal_exit,0.3913000000000808,5.955859969559829,False,True,2400,7.4595234043744485,1.3286152401566917,-0.5887429350512565,-4.230085556789103,-2.362877997080966,-0.7936507936505419,0.700000000000145,15.25
gbpusd_rsi2_m5_usd100000_smaller_stop_and_time,2017-03-09T07:10:00+00:00,2017-03-09T07:10:00+00:00,13410,target,0.20806006353259662,3.1668198406787917,False,True,0,3.555479935559759,1.0031030523829132,-0.5836549830908437,-2.6609919775060926,-0.6765821094042309,-0.376623376623459,0.5000000000010552,7.166666666666667
gbpusd_rsi2_m5_usd100000_smaller_stop_and_time,2017-03-09T10:15:00+00:00,2017-03-09T10:25:00+00:00,13447,signal_exit,0.3593000000000115,5.460486322188625,False,True,600,6.590370316815744,1.4245570106093428,-0.5499733088238924,-3.966684876499507,-1.5131467471998148,-0.6216216216213378,0.40000000000040004,10.25
gbpusd_rsi2_m5_usd100000_smaller_stop_and_time,2017-03-09T15:00:00+00:00,2017-03-09T15:00:00+00:00,13504,stop,-1.3136357118736024,-20.024934632219548,True,False,0,7.888077072208026,1.348717846435107,0.8023698764979805,2.1369528274281513,-0.9335766841059416,-0.8285714285713621,0.8000000000008001,15.0
gbpusd_rsi2_m5_usd100000_smaller_stop_and_time,2017-03-09T15:05:00+00:00,2017-03-09T15:10:00+00:00,13505,stop,-1.377390946767512,-20.964854593112815,True,False,300,8.51035728133602,1.4277760549899148,0.7610974570452823,0.03290907676853329,-2.385658402098206,-0.7409638554217278,0.5000000000010552,15.083333333333334
gbpusd_rsi2_m5_usd100000_smaller_stop_and_time,2017-03-09T15:15:00+00:00,2017-03-09T15:55:00+00:00,13507,signal_exit,-0.18685999999991393,-2.8441400304400903,False,False,2400,9.128828472172335,1.4949461579158099,0.6521201404671072,-2.448561256357757,-2.5626850136636135,-0.38461538461538464,0.5999999999994898,15.25
gbpusd_rsi2_m5_usd100000_smaller_stop_and_time,2017-03-10T07:35:00+00:00,2017-03-10T08:05:00+00:00,13696,signal_exit,0.04966000000017673,0.7558599695612896,False,True,1800,3.601149412239777,0.9440556551924612,-0.19920215076795564,-0.9921477641136134,-0.3512799236562544,-0.4246575342466795,0.8000000000008001,7.583333333333333
gbpusd_rsi2_m5_usd100000_smaller_stop_and_time,2017-03-10T10:10:00+00:00,2017-03-10T11:10:00+00:00,13727,holding_bars,-0.9150399999998775,-13.94878048780301,False,False,3600,6.06754540857689,1.3547329861102468,0.28710679322745747,0.8926333248996888,-0.44521960196432775,-0.6923076923078613,0.8000000000008001,10.166666666666666
gbpusd_rsi2_m5_usd100000_smaller_stop_and_time,2017-03-10T11:15:00+00:00,2017-03-10T11:30:00+00:00,13740,signal_exit,-0.0554599999999284,-0.8441400304403104,False,False,900,5.824256800523242,1.2547601181145769,0.20198202276606092,-1.3438875092355218,-1.4485460534157328,-0.14634146341450205,0.9999999999998899,11.25
gbpusd_rsi2_m5_usd100000_smaller_stop_and_time,2017-03-10T11:55:00+00:00,2017-03-10T12:10:00+00:00,13748,signal_exit,0.14874000000009308,2.2604863221898643,False,True,900,6.3929508991966895,1.3245922532656953,-0.12518271488484567,-4.025980001003407,-2.4490042161101178,-0.8673469387755449,0.5000000000010552,11.916666666666666
gbpusd_rsi2_m5_usd100000_smaller_stop_and_time,2017-03-10T14:25:00+00:00,2017-03-10T15:00:00+00:00,13778,stop,-1.5508760002032895,-23.641402442123315,True,False,2100,9.896310977160262,1.6390625898647926,0.03949513679367978,1.3404152322495344,0.41636720283658013,-0.4477611940298359,0.40000000000040004,14.416666666666666
gbpusd_rsi2_m5_usd100000_smaller_stop_and_time,2017-03-13T08:10:00+00:00,2017-03-13T08:55:00+00:00,13995,signal_exit,-0.167299999999931,-2.558103975534113,False,False,2700,6.887881338136483,1.4468035058496749,1.9193096008739257,7.48370080495707,-0.23900084847646047,-0.4363636363638052,0.5000000000010552,8.166666666666666
gbpusd_rsi2_m5_usd100000_smaller_stop_and_time,2017-03-13T09:55:00+00:00,2017-03-13T10:35:00+00:00,14016,signal_exit,-0.0037999999998764022,-0.05810397553327832,False,False,2400,6.885370756080252,1.3163171518529762,1.4838084179750304,3.9057791616575583,-2.355259873009885,-0.48091603053430976,0.5999999999994898,9.916666666666666
gbpusd_rsi2_m5_usd100000_smaller_stop_and_time,2017-03-13T12:55:00+00:00,2017-03-13T13:15:00+00:00,14052,signal_exit,-0.1476799999999477,-2.258103975534368,False,False,1200,6.871029404221016,1.1788946158427247,1.1546496173262484,3.8178644507100796,-0.8615155744245235,-0.2941176470590028,0.30000000000196536,12.916666666666666
gbpusd_rsi2_m5_usd100000_smaller_stop_and_time,2017-03-13T14:30:00+00:00,2017-03-13T15:20:00+00:00,14071,signal_exit,-0.22611999999988114,-3.462787136292207,False,False,3000,5.766675069426302,1.003945728800292,1.0915590142927172,4.32268746828832,0.3303294078734063,-0.7083333333332947,0.700000000000145,14.5
gbpusd_rsi2_m5_usd100000_smaller_stop_and_time,2017-03-14T07:05:00+00:00,2017-03-14T08:05:00+00:00,14267,holding_bars,-0.10129999999979172,-1.5395136778083849,False,False,3600,8.68702042506194,1.9210528269530698,-1.4247794287125475,-16.355893961770818,-2.0102838019914193,-0.7816091954022812,1.100000000000545,7.083333333333333
gbpusd_rsi2_m5_usd100000_smaller_stop_and_time,2017-03-14T08:10:00+00:00,2017-03-14T08:15:00+00:00,14280,stop,-1.403684258673768,-21.300216368342454,True,False,300,8.582657501319337,1.6946016377788762,-2.658678852383329,-13.789908965108268,-1.4923869553346991,-0.80459770114966,0.700000000000145,8.166666666666666
gbpusd_rsi2_m5_usd100000_smaller_stop_and_time,2017-03-14T09:50:00+00:00,2017-03-14T10:25:00+00:00,14300,signal_exit,-0.24612999999986324,-3.734901365703539,False,False,2100,7.784398980113268,1.3692721609742526,-2.4720779960718375,-9.74962942680522,-0.3927346869958612,-0.8571428571427747,0.4999999999988347,9.833333333333334
gbpusd_rsi2_m5_usd100000_smaller_stop_and_time,2017-03-14T10:50:00+00:00,2017-03-14T11:10:00+00:00,14312,target,0.5682806415636243,8.623378475927531,False,True,1200,6.329139920815882,1.1177597528356424,-2.208565622819588,-9.331084619856222,-0.9819982915277725,-0.7192982456141239,0.5999999999994898,10.833333333333334
gbpusd_rsi2_m5_usd100000_smaller_stop_and_time,2017-03-14T11:55:00+00:00,2017-03-14T12:05:00+00:00,14325,signal_exit,-0.07478999999991137,-1.1349013657042697,False,False,600,5.483120925154586,0.9811843082043068,-2.0869489153257286,-7.851716243513432,-0.7261985538013915,-0.40624999999976147,0.700000000000145,11.916666666666666
gbpusd_rsi2_m5_usd100000_smaller_stop_and_time,2017-03-14T14:05:00+00:00,2017-03-14T14:20:00+00:00,14351,signal_exit,0.30666000000010496,4.660486322190045,False,True,900,7.140406543090234,1.201007906929886,-1.0472462038317094,-3.937418246333815,-0.2721046935042032,-0.18072289156640367,0.40000000000040004,14.083333333333334
gbpusd_rsi2_m5_usd100000_smaller_stop_and_time,2017-03-14T14:45:00+00:00,2017-03-14T15:35:00+00:00,14359,signal_exit,0.7212000000000447,10.960486322189128,False,True,3000,8.096341531433712,1.3055148295646621,-0.7502865866553635,-3.296382055965058,-0.6291313618876805,-0.5111111111110197,0.2999999999997449,14.75
gbpusd_rsi2_m5_usd100000_smaller_stop_and_time,2017-03-15T08:55:00+00:00,2017-03-15T09:05:00+00:00,14568,signal_exit,0.30281000000010416,4.637212863707568,False,True,600,7.315651901198274,1.4136261894485866,2.465402551767134,9.041282206427574,-0.09223027967496708,-0.5000000000001983,0.5000000000010552,8.916666666666666
gbpusd_rsi2_m5_usd100000_smaller_stop_and_time,2017-03-15T09:35:00+00:00,2017-03-15T10:35:00+00:00,14576,holding_bars,-1.0121999999997942,-15.453435114500673,False,False,3600,9.70530420375324,1.7037230568668529,2.1098687814454355,2.2386882794822727,-4.105384214307454,-0.7446300715990236,1.5999999999993797,9.583333333333334
gbpusd_rsi2_m5_usd100000_smaller_stop_and_time,2017-03-15T11:40:00+00:00,2017-03-15T12:00:00+00:00,14601,signal_exit,0.12750000000010936,1.9465648854978528,False,True,1200,6.321875181083871,1.0807473334376998,0.3230558515924602,0.6354723600440253,-0.37638518769074336,-0.9259259259258498,0.5999999999994898,11.666666666666666
gbpusd_rsi2_m5_usd100000_smaller_stop_and_time,2017-03-15T12:35:00+00:00,2017-03-15T13:15:00+00:00,14612,signal_exit,0.06200000000011657,0.9465648854979628,False,True,2400,6.08782740106231,1.0434056949845525,0.3513713732714798,1.4454006339790668,-0.02384253734394227,-0.5757575757575077,0.5999999999994898,12.583333333333334
gbpusd_rsi2_m5_usd100000_smaller_stop_and_time,2017-03-15T14:10:00+00:00,2017-03-15T14:25:00+00:00,14631,signal_exit,0.1799000000001618,2.7465648854986533,False,True,900,5.684353262073958,0.9866880656401376,0.5038270798795876,1.0133425478935139,-1.288371018422214,-0.1960784313729588,0.5000000000010552,14.166666666666666
gbpusd_rsi2_m5_usd100000_smaller_stop_and_time,2017-03-16T07:55:00+00:00,2017-03-16T08:50:00+00:00,14842,stop,-1.0674307859551728,-16.396786266592517,True,False,3300,6.112294823005417,1.145525150188784,0.8382411965370156,1.9233712317032698,-1.6084412270232051,-0.9032258064513472,0.700000000000145,7.916666666666667
gbpusd_rsi2_m5_usd100000_smaller_stop_and_time,2017-03-16T08:55:00+00:00,2017-03-16T09:15:00+00:00,14854,signal_exit,-0.14791999999994793,-2.2721966205829176,False,False,1200,7.593666977034976,1.327435540803929,0.658777859434873,-0.061686847940248445,-2.0825473954956846,-0.47826086956515446,0.5999999999994898,8.916666666666666
gbpusd_rsi2_m5_usd100000_smaller_stop_and_time,2017-03-16T10:55:00+00:00,2017-03-16T11:30:00+00:00,14878,signal_exit,-0.3171799999999004,-4.872196620582186,False,False,2100,7.294432702044404,1.200506574196713,-0.09932174106005956,-0.2714542894259357,0.10138285381648458,-0.6545454545456454,0.700000000000145,10.916666666666666
gbpusd_rsi2_m5_usd100000_smaller_stop_and_time,2017-03-16T13:45:00+00:00,2017-03-16T14:10:00+00:00,14912,signal_exit,-0.051189999999887104,-0.7911901081899088,False,False,1500,9.761150280419457,1.3156082693846418,2.375681151988047,8.930819900323202,-1.1564039844273002,-0.28571428571416213,0.700000000000145,13.75
gbpusd_rsi2_m5_usd100000_smaller_stop_and_time,2017-03-16T15:10:00+00:00,2017-03-16T15:45:00+00:00,14929,signal_exit,-0.05787999999978616,-0.8959752321948321,False,False,2100,7.176818830775224,0.9898153649603922,2.379404240537778,9.076855944529834,0.41355005805254064,-0.4999999999998265,0.6999999999979245,15.166666666666666
gbpusd_rsi2_m5_usd100000_smaller_stop_and_time,2017-03-17T07:15:00+00:00,2017-03-17T07:20:00+00:00,15117,stop,-0.9073386591493815,-14.023781439712232,True,False,300,5.1662956657601296,1.2880624859191196,0.9385840593269252,-0.5008986240659636,-2.325876412390942,-0.7511111111111431,0.20000000000131024,7.25
gbpusd_rsi2_m5_usd100000_smaller_stop_and_time,2017-03-17T07:25:00+00:00,2017-03-17T07:45:00+00:00,15119,signal_exit,0.19528000000014353,3.013580246915795,False,True,1200,6.2336937118035,1.4862357886964594,0.7824482074232816,-3.173255174148635,-2.5815371816304498,-0.47260273972607636,0.8999999999992347,7.416666666666667
gbpusd_rsi2_m5_usd100000_smaller_stop_and_time,2017-03-17T11:10:00+00:00,2017-03-17T11:20:00+00:00,15164,stop,-1.2648481902523194,-19.579693347559125,True,False,600,7.791859057681121,1.4301983928341337,1.6180266239881782,1.5308314462298194,-3.262665463722729,-0.7687074829932055,0.5000000000010552,11.166666666666666
gbpusd_rsi2_m5_usd100000_smaller_stop_and_time,2017-03-17T11:25:00+00:00,2017-03-17T11:45:00+00:00,15167,signal_exit,0.42759000000008895,6.608809891809721,False,True,1200,9.159298232407172,1.6010768083845832,1.3322095748605907,-1.6750048320820705,-2.9099386021708487,-0.8030888030888749,1.2999999999996348,11.416666666666666
gbpusd_rsi2_m5_usd100000_smaller_stop_and_time,2017-03-17T13:00:00+00:00,2017-03-17T13:45:00+00:00,15186,signal_exit,0.10362000000012433,1.6040247678037822,False,True,2700,7.239569936510069,1.212720247281123,0.15743442470698651,0.23155839434955014,-0.04686105791476791,-0.9145299145299162,0.8000000000008001,13.0
gbpusd_rsi2_m5_usd100000_smaller_stop_and_time,2017-03-17T15:10:00+00:00,2017-03-17T15:25:00+00:00,15212,signal_exit,0.24574000000019477,3.8040247678048726,False,True,900,6.297239770283471,1.0344257548316724,0.31377692822988673,0.562264776072917,-0.8040947610035974,-0.8200000000001332,0.700000000000145,15.166666666666666
gbpusd_rsi2_m5_usd100000_smaller_stop_and_time,2017-03-20T08:50:00+00:00,2017-03-20T09:05:00+00:00,15417,signal_exit,0.23792000000015198,3.694409937890559,False,True,900,6.154091494624859,1.4719625330975865,1.6667122497733022,3.934548579207817,-2.1392994743002003,-0.9574468085108293,0.5000000000010552,8.833333333333334
gbpusd_rsi2_m5_usd100000_smaller_stop_and_time,2017-03-20T10:00:00+00:00,2017-03-20T10:40:00+00:00,15431,signal_exit,-0.3028799999999601,-4.7104199066867825,False,False,2400,5.960080807683697,1.351233601248031,1.3533674603128965,4.197033858215318,-0.5494246761403726,-0.6440677966101503,0.5000000000010552,10.0
gbpusd_rsi2_m5_usd100000_smaller_stop_and_time,2017-03-20T11:30:00+00:00,2017-03-20T11:50:00+00:00,15449,stop,-1.0033106556205629,-15.579358006530478,True,False,1200,5.6868839722097,1.2292321483618587,0.95788769940188,2.8274191071271777,-0.4648902145037411,-0.5254237288137316,0.700000000000145,11.5
gbpusd_rsi2_m5_usd100000_smaller_stop_and_time,2017-03-20T11:55:00+00:00,2017-03-20T11:55:00+00:00,15454,stop,-1.072684375738781,-16.656589685384795,True,False,0,6.275499811636741,1.317780417048642,0.759392460974144,-0.696707419612689,-3.0896991419892865,-0.8449612403100962,0.6000000000017103,11.916666666666666
gbpusd_rsi2_m5_usd100000_smaller_stop_and_time,2017-03-20T12:00:00+00:00,2017-03-20T12:05:00+00:00,15455,stop,-1.1618009417223063,-18.012417701121027,True,False,300,6.855821253662764,1.4099177723232197,0.6796313115011394,-2.5690727611215154,-3.1798652061621095,-0.6458333333331984,0.7999999999985796,12.0
gbpusd_rsi2_m5_usd100000_smaller_stop_and_time,2017-03-20T12:10:00+00:00,2017-03-20T12:25:00+00:00,15457,target,0.7133212546402363,11.042124684833379,False,True,900,7.519049958515432,1.5038890518568786,0.5164784575966697,-5.101601482650619,-2.8115996546627438,-0.7413793103448034,0.5000000000010552,12.166666666666666
gbpusd_rsi2_m5_usd100000_smaller_stop_and_time,2017-03-20T14:05:00+00:00,2017-03-20T14:15:00+00:00,15480,signal_exit,0.15475000000003256,2.399224806202055,False,True,600,5.72363326036065,1.1243205891666672,-0.4352874661232126,-1.3450037814623326,0.03153183736619858,-0.24074074074067983,0.5000000000010552,14.083333333333334
gbpusd_rsi2_m5_usd100000_smaller_stop_and_time,2017-03-20T14:45:00+00:00,2017-03-20T15:15:00+00:00,15488,stop,-0.996763486403561,-15.4536974636211,True,False,1800,5.676461134912601,1.1057708856091173,-0.23190877664151294,-1.3449986599354755,-1.4842463975869225,-0.5432098765432201,0.5999999999994898,14.75
gbpusd_rsi2_m5_usd100000_smaller_stop_and_time,2017-03-20T15:20:00+00:00,2017-03-20T15:55:00+00:00,15495,stop,-1.0409363384065338,-16.13854788227184,True,False,2100,6.018886344238226,1.1498406624990367,-0.2225635215342201,-3.243760228660898,-2.4826497224625483,-0.583333333333102,0.5999999999994898,15.333333333333334
gbpusd_rsi2_m5_usd100000_smaller_stop_and_time,2017-03-21T10:30:00+00:00,2017-03-21T10:45:00+00:00,15719,signal_exit,0.9602100000000572,14.979875195008692,False,True,900,9.749416421486995,1.6620436412035207,2.3683659498023295,12.687275398139636,0.6903650666015049,-0.11111111111121391,0.5000000000010552,10.5
gbpusd_rsi2_m5_usd100000_smaller_stop_and_time,2017-03-21T11:25:00+00:00,2017-03-21T12:05:00+00:00,15730,signal_exit,-0.039749999999804164,-0.6201248049891445,False,False,2400,8.320628507175156,1.3788259445709312,3.1659522813507817,12.385445428519438,0.2643445166389457,-0.5846153846156211,0.700000000000145,11.416666666666666
gbpusd_rsi2_m5_usd100000_smaller_stop_and_time,2017-03-21T12:20:00+00:00,2017-03-21T12:45:00+00:00,15741,signal_exit,0.2807500000001606,4.379875195010305,False,True,1500,8.505268639308465,1.3462278242922694,2.8023492759322552,8.40937856764136,-2.4162632294094446,-0.683168316831422,0.7999999999985796,12.333333333333334
gbpusd_rsi2_m5_usd100000_smaller_stop_and_time,2017-03-21T15:00:00+00:00,2017-03-21T15:15:00+00:00,15773,signal_exit,0.24870000000009293,3.87987519500925,False,True,900,7.876360047918161,1.1925578507277816,1.9575341906855694,6.1130608005542495,-1.9731070760792233,-0.7789473684210083,0.5999999999994898,15.0
gbpusd_rsi2_m5_usd100000_smaller_stop_and_time,2017-03-22T07:15:00+00:00,2017-03-22T07:25:00+00:00,15961,stop,-0.9388491221358606,-14.66951753337282,True,False,600,5.172258766686888,1.2243669270604112,0.8939219078399631,3.6662649973837285,0.12508042086915114,-0.48192771084338637,0.8000000000008001,7.25
gbpusd_rsi2_m5_usd100000_smaller_stop_and_time,2017-03-22T07:30:00+00:00,2017-03-22T07:35:00+00:00,15964,target,0.42321877599600843,6.612793374937631,False,True,300,5.418896687467546,1.2644579712788384,0.8737005712888488,1.2198644092653816,-1.096234391083701,-0.6899224806201923,0.700000000000145,7.5
gbpusd_rsi2_m5_usd100000_smaller_stop_and_time,2017-03-22T07:55:00+00:00,2017-03-22T08:15:00+00:00,15969,signal_exit,0.3696000000000368,5.775000000000574,False,True,1200,5.99658328334149,1.3527011949606256,0.8485370064246394,0.4947290184848127,-1.6285850554984638,-0.7884615384616329,0.40000000000040004,7.916666666666667
gbpusd_rsi2_m5_usd100000_smaller_stop_and_time,2017-03-22T08:50:00+00:00,2017-03-22T09:20:00+00:00,15980,stop,-1.1891923276958893,-18.58113012024827,True,False,1800,7.178065060124818,1.4928146032935394,0.6206852820457011,0.23769910499334737,-1.6848477214316482,-0.6299212598423986,0.700000000000145,8.833333333333334
gbpusd_rsi2_m5_usd100000_smaller_stop_and_time,2017-03-22T09:25:00+00:00,2017-03-22T09:40:00+00:00,15987,signal_exit,0.4345900000000298,6.779875195008264,False,True,900,6.457357323520285,1.331600829835614,0.24714295063569197,-2.2102372417419645,-1.9450638923394519,-0.6486486486487297,0.5000000000010552,9.416666666666666
gbpusd_rsi2_m5_usd100000_smaller_stop_and_time,2017-03-22T12:10:00+00:00,2017-03-22T12:30:00+00:00,16020,signal_exit,0.10816000000016562,1.6847352024947917,False,True,1200,6.418015754610123,1.2155991562686024,-0.45723385483713136,-4.313005653885312,-2.858152675269062,-0.747368421052789,0.7999999999985796,12.166666666666666
gbpusd_rsi2_m5_usd100000_smaller_stop_and_time,2017-03-22T13:15:00+00:00,2017-03-22T13:15:00+00:00,16033,stop,-1.0138817250225756,-15.792550233996502,True,False,0,5.888642718244662,1.1120499528113177,-0.6611903687509803,-3.223918514164399,-0.6435234537914557,-0.5157894736843138,0.5000000000010552,13.25
gbpusd_rsi2_m5_usd100000_smaller_stop_and_time,2017-03-22T13:20:00+00:00,2017-03-22T14:05:00+00:00,16034,signal_exit,-0.31555999999990175,-4.915264797506257,False,False,2700,6.696596809798574,1.2356914616121804,-0.6642356049534068,-3.995710774543155,-1.376814393540334,-0.2790697674418905,0.700000000000145,13.333333333333334
gbpusd_rsi2_m5_usd100000_smaller_stop_and_time,2017-03-23T07:25:00+00:00,2017-03-23T07:35:00+00:00,16243,stop,-1.005303252033906,-15.732445258746573,True,False,600,5.751277402456993,1.4941114041316867,1.0758185781124479,3.0944364875863943,-0.43662573034922886,-0.8,0.700000000000145,7.416666666666667
gbpusd_rsi2_m5_usd100000_smaller_stop_and_time,2017-03-23T07:40:00+00:00,2017-03-23T08:10:00+00:00,16246,signal_exit,-0.03359999999990465,-0.5249999999985102,False,False,1800,6.426806287608523,1.604435306576361,1.024867355277592,1.1025417209665587,-1.235430544018003,-0.45454545454544143,0.700000000000145,7.666666666666667
gbpusd_rsi2_m5_usd100000_smaller_stop_and_time,2017-03-23T09:00:00+00:00,2017-03-23T09:30:00+00:00,16262,signal_exit,-0.1743999999998323,-2.7249999999973795,False,False,1800,6.267011356223313,1.4488980983398534,0.5267509742249776,-1.503902865944258,-2.3582444500821427,-0.9219858156029508,0.8000000000008001,9.0
gbpusd_rsi2_m5_usd100000_smaller_stop_and_time,2017-03-23T11:45:00+00:00,2017-03-23T12:35:00+00:00,16295,signal_exit,-0.32779999999984405,-5.129890453831675,False,False,3000,7.951408085570321,1.3471743451016662,0.840452076583029,1.9875348351670272,-1.5604251413329517,-0.2571428571425852,0.7999999999985796,11.75
gbpusd_rsi2_m5_usd100000_smaller_stop_and_time,2017-03-23T15:30:00+00:00,2017-03-23T15:55:00+00:00,16340,target,0.4594614258820482,7.201589747367525,False,True,1500,5.7181929928055135,0.9660590808766425,1.0333353455289982,3.0799867559659746,-1.4009883286820644,-0.7272727272729567,0.700000000000145,15.5
gbpusd_rsi2_m5_usd100000_smaller_stop_and_time,2017-03-24T09:05:00+00:00,2017-03-24T09:45:00+00:00,16548,signal_exit,0.1328000000000486,2.0750000000007596,False,True,2400,6.329486426448317,1.5641415962940715,-0.42655796167702575,-2.214060803058814,-0.5863688763824035,-0.8196721311474515,0.9999999999998899,9.083333333333334
gbpusd_rsi2_m5_usd100000_smaller_stop_and_time,2017-03-24T11:05:00+00:00,2017-03-24T11:20:00+00:00,16572,signal_exit,0.024000000000046373,0.37500000000072453,False,True,900,5.407347041632071,1.2506310244125003,-0.23974714715462317,-2.0174570509633005,-1.421328270900323,-0.10000000000005552,0.40000000000040004,11.083333333333334
gbpusd_rsi2_m5_usd100000_smaller_stop_and_time,2017-03-24T12:15:00+00:00,2017-03-24T12:35:00+00:00,16586,stop,-0.9251410488724292,-14.477950686579486,True,False,1200,5.124030116373054,1.1589491598285595,-0.17929729491857938,-0.5316525800134727,0.2195083739719161,-0.9374999999996096,0.700000000000145,12.25
gbpusd_rsi2_m5_usd100000_smaller_stop_and_time,2017-03-24T12:40:00+00:00,2017-03-24T13:35:00+00:00,16591,signal_exit,-0.0463999999998464,-0.7249999999975999,False,False,3300,5.036289221006412,1.1349699515867893,-0.2079915345902914,-2.639920741621949,-2.1641399273373514,-0.5238095238093224,0.4999999999988347,12.666666666666666
gbpusd_rsi2_m5_usd100000_smaller_stop_and_time,2017-03-24T14:00:00+00:00,2017-03-24T14:25:00+00:00,16607,signal_exit,0.2928000000001021,4.5750000000015945,False,True,1500,5.90426311974907,1.2609810673850572,-0.5058863809916558,-3.928187303886075,-1.8269308079935098,-0.666666666666864,0.6000000000017103,14.0
gbpusd_rsi2_m5_usd100000_smaller_stop_and_time,2017-03-27T09:30:00+00:00,2017-03-27T09:40:00+00:00,16829,signal_exit,0.16252000000011543,2.5553459119515005,False,True,600,6.247106227032933,1.3170692425481478,2.2819533591692567,7.405378497705362,-1.3808200110589277,-0.4615384615381988,0.7999999999985796,9.5
gbpusd_rsi2_m5_usd100000_smaller_stop_and_time,2017-03-27T13:00:00+00:00,2017-03-27T13:10:00+00:00,16871,target,0.41130637220307187,6.487482211404918,False,True,600,5.421028171946506,1.065107707436595,2.5740307366563178,10.00899085323392,0.22228361601075752,-0.5423728813556388,0.7999999999985796,13.0
gbpusd_rsi2_m5_usd100000_smaller_stop_and_time,2017-03-27T13:50:00+00:00,2017-03-27T14:25:00+00:00,16881,stop,-1.0805690102329824,-17.04367524026786,True,False,2100,6.444550553888315,1.2188669551076539,2.48648983272577,7.110454552022862,-2.7123412138042804,-0.7407407407408855,0.6000000000017103,13.833333333333334
gbpusd_rsi2_m5_usd100000_smaller_stop_and_time,2017-03-27T14:30:00+00:00,2017-03-27T15:15:00+00:00,16889,signal_exit,0.14290000000013142,2.250393700789471,False,True,2700,6.999024506415556,1.2838462708060308,2.0563708365254754,3.532952447633516,-2.336233359553341,-0.8114754098361043,0.700000000000145,14.5
gbpusd_rsi2_m5_usd100000_smaller_stop_and_time,2017-03-28T09:45:00+00:00,2017-03-28T10:15:00+00:00,17114,signal_exit,0.11800000000010619,1.8553459119513551,False,True,1800,7.457281589352093,1.5846823861327217,0.9386091920517498,-0.9629181510910154,-3.2770391849773644,-0.8786407766989857,0.8999999999992347,9.75
gbpusd_rsi2_m5_usd100000_smaller_stop_and_time,2017-03-28T10:55:00+00:00,2017-03-28T11:20:00+00:00,17128,signal_exit,-0.07915999999991447,-1.2446540880489694,False,False,1500,6.226447387568029,1.2981066796726142,0.33970026405219717,-1.7958996835581487,-1.320378126942273,-0.5795454545454718,0.5000000000010552,10.916666666666666
gbpusd_rsi2_m5_usd100000_smaller_stop_and_time,2017-03-28T12:05:00+00:00,2017-03-28T12:15:00+00:00,17142,signal_exit,0.33424000000011067,5.255345911951426,False,True,600,5.5773525821051555,1.1431696131117755,-0.35287139395034567,-3.099017137274509,-1.405307893846405,-0.25675675675695137,0.6000000000017103,12.083333333333334
gbpusd_rsi2_m5_usd100000_smaller_stop_and_time,2017-03-28T13:25:00+00:00,2017-03-28T13:45:00+00:00,17158,signal_exit,0.25226999999999267,3.9602825745681733,False,True,1200,6.128807951635363,1.2043827335709996,-0.5151646134337691,-3.4289244926508378,-2.543595080434586,-0.75,0.40000000000040004,13.416666666666666
gbpusd_rsi2_m5_usd100000_smaller_stop_and_time,2017-03-28T14:05:00+00:00,2017-03-28T14:25:00+00:00,17166,stop,-1.1265786809581098,-17.685693578620246,True,False,1200,6.722988076595557,1.2772197421303138,-0.4967371258362923,-4.161454430682526,-2.874871658308713,-0.809160305343606,0.700000000000145,14.083333333333334
gbpusd_rsi2_m5_usd100000_smaller_stop_and_time,2017-03-28T15:10:00+00:00,2017-03-28T16:00:00+00:00,17179,stop,-1.3275151285206075,-20.807447155495414,True,False,3000,8.286325458625877,1.4522310189693584,-0.8665361264400254,-7.638478331310178,-2.5194286944825706,-0.7827868852459344,0.700000000000145,15.166666666666666
gbpusd_rsi2_m5_usd100000_smaller_stop_and_time,2017-03-29T07:30:00+00:00,2017-03-29T07:50:00+00:00,17368,target,0.6204096555181222,9.633690303076431,False,True,1200,7.019640182594002,1.3121959678377073,-2.2512394107727856,-7.742544721777486,0.3542151875772642,-0.5,0.9000000000014552,7.5
gbpusd_rsi2_m5_usd100000_smaller_stop_and_time,2017-03-29T09:20:00+00:00,2017-03-29T10:00:00+00:00,17390,signal_exit,-0.4567999999998291,-7.115264797505126,False,False,2400,9.061923404666581,1.4611846084272548,-0.7366593603734033,-0.5051614722924392,0.7336226827001694,-0.8933333333337913,0.40000000000040004,9.333333333333334
gbpusd_rsi2_m5_usd100000_smaller_stop_and_time,2017-03-29T10:40:00+00:00,2017-03-29T11:05:00+00:00,17406,signal_exit,0.4172800000000463,6.489580093313316,False,True,1500,7.275580311472151,1.1579874894453595,-0.13622858856544318,-1.6143296956317412,-1.0191799544717477,-0.3777777777777339,0.6000000000017103,10.666666666666666
gbpusd_rsi2_m5_usd100000_smaller_stop_and_time,2017-03-29T12:05:00+00:00,2017-03-29T12:25:00+00:00,17423,stop,-1.5029924145933526,-23.447619572439198,True,False,1200,9.513747383724255,1.3955155470842575,0.2122700499107343,1.407418877991522,0.24115267646231656,-0.7938931297709859,0.8999999999992347,12.083333333333334
gbpusd_rsi2_m5_usd100000_smaller_stop_and_time,2017-03-29T12:30:00+00:00,2017-03-29T13:30:00+00:00,17428,holding_bars,-0.8108499999998613,-12.610419906685244,False,False,3600,10.461270429257548,1.473632576426625,0.2002341587975792,-2.8246396205363267,-2.111978386138935,-0.7833333333333703,0.2999999999997449,12.5
gbpusd_rsi2_m5_usd100000_smaller_stop_and_time,2017-03-29T15:00:00+00:00,2017-03-29T16:00:00+00:00,17458,holding_bars,-0.3285999999998431,-5.110419906684962,False,False,3600,9.614491793376072,1.2639879884897325,-0.44312145313555507,-3.3143395285448483,-1.6919825381206304,-0.713592233009658,0.7999999999985796,15.0
gbpusd_rsi2_m5_usd100000_smaller_stop_and_time,2017-03-30T07:30:00+00:00,2017-03-30T07:35:00+00:00,17651,stop,-0.873722839186877,-13.588224559671492,True,False,300,4.838902326492681,1.197705466928669,-0.2810018249024428,-3.4853056556241704,-1.7266485197299348,-0.14893617021280617,0.40000000000040004,7.5
gbpusd_rsi2_m5_usd100000_smaller_stop_and_time,2017-03-30T07:40:00+00:00,2017-03-30T08:10:00+00:00,17653,stop,-0.9452727541967971,-14.700975959514729,True,False,1800,5.295278026414532,1.2841564794437164,-0.3813151013307654,-5.044474853752378,-2.2490348290649718,-0.37037037037033993,0.5999999999994898,7.666666666666667
gbpusd_rsi2_m5_usd100000_smaller_stop_and_time,2017-03-30T08:15:00+00:00,2017-03-30T08:20:00+00:00,17660,target,0.4995078815898968,7.756333565060508,False,True,300,5.930961813585081,1.3783286580487162,-0.6972288773589935,-6.2074958829596785,-1.7886956361164854,-0.2280701754384598,0.5999999999994898,8.25
gbpusd_rsi2_m5_usd100000_smaller_stop_and_time,2017-03-30T12:15:00+00:00,2017-03-30T12:30:00+00:00,17708,signal_exit,0.08845000000018172,1.379875195010635,False,True,900,6.837148088441202,1.317937869603754,1.0348398076436613,4.036061294327549,-0.15555982334595791,-0.457446808510485,0.2999999999997449,12.25
gbpusd_rsi2_m5_usd100000_smaller_stop_and_time,2017-03-30T12:45:00+00:00,2017-03-30T12:55:00+00:00,17714,signal_exit,0.3128000000000859,4.87987519500914,False,True,600,7.142668356671722,1.3384668423890553,1.1381877459869627,2.3955003539146698,-2.1566826929101834,-0.7454545454545161,0.40000000000040004,12.75
gbpusd_rsi2_m5_usd100000_smaller_stop_and_time,2017-03-30T14:35:00+00:00,2017-03-30T15:35:00+00:00,17736,holding_bars,-1.0818199999998177,-16.929890453831263,False,False,3600,9.852931217832703,1.4979526889676873,1.7031387229746449,6.929637024075501,-0.0814540630438917,-0.7118644067795908,0.5999999999994898,14.583333333333334
gbpusd_rsi2_m5_usd100000_smaller_stop_and_time,2017-03-30T15:40:00+00:00,2017-03-30T16:00:00+00:00,17749,signal_exit,0.19040000000014176,2.975000000002215,False,True,1200,8.432926271495823,1.2522084785918852,1.7252605441048758,4.013748980526329,-1.7868507543569878,-0.13953488372135053,0.20000000000131024,15.666666666666666
gbpusd_rsi2_m5_usd100000_smaller_stop_and_time,2017-03-31T08:40:00+00:00,2017-03-31T08:45:00+00:00,17947,stop,-1.188824840285934,-18.546409364835164,True,False,300,7.363142279922203,1.3072854891977894,-0.6006746619606144,-2.252200998540126,-0.09050706306529353,-0.38356164383574975,0.2999999999997449,8.666666666666666
gbpusd_rsi2_m5_usd100000_smaller_stop_and_time,2017-03-31T08:50:00+00:00,2017-03-31T09:00:00+00:00,17949,target,0.7539406235581849,11.743623419909422,False,True,600,7.879444108708262,1.3717793740305764,-0.6211687358188026,-5.187691509375176,-2.698519147909823,-0.814285714285746,0.5000000000010552,8.833333333333334
gbpusd_rsi2_m5_usd100000_smaller_stop_and_time,2017-03-31T09:50:00+00:00,2017-03-31T09:55:00+00:00,17961,stop,-1.2024305987586497,-18.758667687342427,True,False,300,7.419271441175567,1.2494825300749026,-0.5395810692909221,-3.567743903126211,-1.31768278978736,-0.7978723404256123,0.40000000000040004,9.833333333333334
gbpusd_rsi2_m5_usd100000_smaller_stop_and_time,2017-03-31T10:00:00+00:00,2017-03-31T10:20:00+00:00,17963,signal_exit,0.4291600000001303,6.684735202494242,False,True,1200,8.056412620197102,1.328057906335088,-0.599644194267549,-5.328571614856563,-2.1277356222046917,0.07526881720432675,0.7999999999985796,10.0
gbpusd_rsi2_m5_usd100000_smaller_stop_and_time,2017-03-31T12:35:00+00:00,2017-03-31T12:55:00+00:00,17994,stop,-1.2722269699671473,-19.878546405736678,True,False,1200,7.876773202868499,1.2386541364533703,0.16963174826183777,1.80632188479108,0.293872456857166,-0.500000000000073,0.6000000000017103,12.583333333333334
gbpusd_rsi2_m5_usd100000_smaller_stop_and_time,2017-03-31T13:00:00+00:00,2017-03-31T13:45:00+00:00,17999,signal_exit,-0.16799999999979037,-2.6249999999967244,False,False,2700,7.966215068150025,1.2357142344212464,0.338452978961866,0.08392941251977898,-1.3311819829355929,-0.15789473684214628,0.4999999999988347,13.0
gbpusd_rsi2_m5_usd100000_smaller_stop_and_time,2017-04-03T07:00:00+00:00,2017-04-03T07:15:00+00:00,18204,stop,-0.8180846999503535,-12.842773939565987,True,False,900,4.351528257068161,0.9922727564765579,0.9632040878999418,0.6163169458317483,-2.2069092814316003,-0.7066666666665324,0.5999999999994898,7.0
gbpusd_rsi2_m5_usd100000_smaller_stop_and_time,2017-04-03T07:20:00+00:00,2017-04-03T07:45:00+00:00,18208,signal_exit,0.18280000000009952,2.8652037617570456,False,True,1500,5.512320349597014,1.206771726461104,0.7341327192778085,-0.7761602324272914,-2.1821586805144384,-0.5638297872339922,0.8000000000008001,7.333333333333333
gbpusd_rsi2_m5_usd100000_smaller_stop_and_time,2017-04-03T08:35:00+00:00,2017-04-03T09:00:00+00:00,18223,stop,-1.2488442278494722,-19.5743609380795,True,False,1500,7.669782349917969,1.5205749853731891,0.07322156558770447,-3.825111697945688,-3.578034682125597,-0.8595041322314072,0.700000000000145,8.583333333333334
gbpusd_rsi2_m5_usd100000_smaller_stop_and_time,2017-04-03T09:05:00+00:00,2017-04-03T09:40:00+00:00,18229,signal_exit,0.3942700000002042,6.170109546169079,False,True,2100,8.662574423526875,1.6206736562357489,-0.2439852442264801,-5.78348872365673,-2.3866899810542055,-0.610837438423607,0.4999999999988347,9.083333333333334
gbpusd_rsi2_m5_usd100000_smaller_stop_and_time,2017-04-03T10:35:00+00:00,2017-04-03T10:40:00+00:00,18247,stop,-1.2417952788302915,-19.463875843734975,True,False,300,7.664539802745974,1.345586287397615,-0.6615235353009682,-3.129495159268081,-0.3402271231858522,-0.7959183673469573,0.5999999999994898,10.583333333333334
gbpusd_rsi2_m5_usd100000_smaller_stop_and_time,2017-04-03T10:45:00+00:00,2017-04-03T11:35:00+00:00,18249,signal_exit,0.47734000000018084,7.470109546168714,False,True,3000,8.295955238081984,1.4227343666819363,-0.6832550263211322,-5.484189396394764,-1.6461530578297587,-0.725925925925932,0.700000000000145,10.75
gbpusd_rsi2_m5_usd100000_smaller_stop_and_time,2017-04-03T11:55:00+00:00,2017-04-03T11:55:00+00:00,18263,target,0.5282734280115835,8.267189796738396,False,True,0,6.198540125284895,1.0889055293841905,-0.7441699758916451,-5.926398229684988,-2.042722258934663,-0.7031249999999513,0.5999999999994898,11.916666666666666
gbpusd_rsi2_m5_usd100000_smaller_stop_and_time,2017-04-03T12:35:00+00:00,2017-04-03T13:30:00+00:00,18271,signal_exit,-0.4364299999998462,-6.829890453831709,False,False,3300,6.389697101701535,1.10710087304443,-0.9651354714899105,-4.930290016163525,-1.8316325254539974,-0.4727272727270966,0.5999999999994898,12.583333333333334
gbpusd_rsi2_m5_usd100000_smaller_stop_and_time,2017-04-03T14:55:00+00:00,2017-04-03T14:55:00+00:00,18299,stop,-1.2064548894048979,-18.88035820664942,True,False,0,7.225233876408271,1.1984477516869387,-0.6140593197919989,-2.3725070633796475,-0.268032901583525,-0.7485029940119331,0.9000000000014552,14.916666666666666
gbpusd_rsi2_m5_usd100000_smaller_stop_and_time,2017-04-03T15:00:00+00:00,2017-04-03T15:40:00+00:00,18300,signal_exit,-0.6351999999998668,-9.924999999997917,False,False,2400,8.866288599521823,1.4116923134220176,-0.6006874597692312,-4.981836631139148,-2.165405107431971,-0.5728476821192462,0.8000000000008001,15.0
gbpusd_rsi2_m5_usd100000_smaller_stop_and_time,2017-04-04T07:45:00+00:00,2017-04-04T08:10:00+00:00,18489,signal_exit,0.04434000000017296,0.6895800933152871,False,True,1500,6.2363210719510125,1.2643122697139613,-2.1918283014155664,-9.829141447452498,-1.959895843627157,-0.7272727272728741,0.5999999999994898,7.75
gbpusd_rsi2_m5_usd100000_smaller_stop_and_time,2017-04-04T10:50:00+00:00,2017-04-04T11:10:00+00:00,18526,stop,-1.09425273772218,-17.04443516701215,True,False,1200,6.41458518475299,1.1790186351250105,-0.7398931420116898,-3.5026535825725023,-1.2061315313693228,-0.666666666666891,0.700000000000145,10.833333333333334
gbpusd_rsi2_m5_usd100000_smaller_stop_and_time,2017-04-04T11:15:00+00:00,2017-04-04T12:05:00+00:00,18531,signal_exit,-0.04591999999998847,-0.7152647975076085,False,False,3000,6.021654253068653,1.110624284786528,-0.6977878775501739,-5.7402855734976415,-2.2468515058244036,-0.36363636363611895,0.40000000000040004,11.25
gbpusd_rsi2_m5_usd100000_smaller_stop_and_time,2017-04-04T12:55:00+00:00,2017-04-04T13:15:00+00:00,18551,signal_exit,0.3071800000001865,4.784735202495117,False,True,1200,5.85105397717698,1.0733931727973407,-1.1188698281733382,-5.370035313499605,-2.051671432239249,-0.5683453237410555,0.5999999999994898,12.916666666666666
gbpusd_rsi2_m5_usd100000_smaller_stop_and_time,2017-04-04T13:55:00+00:00,2017-04-04T14:20:00+00:00,18563,signal_exit,-0.052339999999887976,-0.8152647975060432,False,False,1500,7.088425520325047,1.236953150684952,-0.761153914571839,-1.974362682107504,0.483803646430174,-0.35483870967740394,0.7999999999985796,13.916666666666666
gbpusd_rsi2_m5_usd100000_smaller_stop_and_time,2017-04-04T15:35:00+00:00,2017-04-04T15:35:00+00:00,18583,stop,-1.1376249411128518,-17.72001465907869,True,False,0,6.752374930785882,1.1438041457202837,-0.3041277921883981,-2.3272595872118482,-1.7108322549364985,-0.5,0.700000000000145,15.583333333333334
gbpusd_rsi2_m5_usd100000_smaller_stop_and_time,2017-04-04T15:40:00+00:00,2017-04-04T16:30:00+00:00,18584,signal_exit,-0.19999999999985746,-3.1152647975055676,False,False,3000,7.67006243572972,1.268594830503543,-0.3320127342344782,-4.181980787327629,-3.1037016732489224,-0.6020408163265214,0.8000000000008001,15.666666666666666
gbpusd_rsi2_m5_usd100000_smaller_stop_and_time,2017-04-05T07:45:00+00:00,2017-04-05T08:05:00+00:00,18771,signal_exit,0.018280000000147012,0.28473520249450174,False,True,1200,4.96081424733019,1.424645546015489,-0.43373208460593926,-1.8692391739023002,0.029603949332640128,-0.7017543859648849,0.700000000000145,7.75
gbpusd_rsi2_m5_usd100000_smaller_stop_and_time,2017-04-05T10:15:00+00:00,2017-04-05T11:15:00+00:00,18801,holding_bars,-0.12959999999996513,-2.024999999999455,False,False,3600,6.953290296900339,1.4624905479573878,1.2702615802209656,5.0113731879208405,-0.6693711056351889,-0.6896551724139515,0.5000000000010552,10.25
gbpusd_rsi2_m5_usd100000_smaller_stop_and_time,2017-04-05T11:20:00+00:00,2017-04-05T11:35:00+00:00,18814,signal_exit,0.12640000000014878,1.9750000000023247,False,True,900,5.417428745700748,1.1402464843016493,1.4023318009359067,4.153561333793749,-1.8366688944986576,-0.7941176470587851,0.700000000000145,11.333333333333334
gbpusd_rsi2_m5_usd100000_smaller_stop_and_time,2017-04-05T12:20:00+00:00,2017-04-05T12:40:00+00:00,18826,target,0.635308808652826,9.926700135200408,False,True,1200,7.075850067599909,1.3922735707460883,1.2912791817273237,3.4913676367935262,-1.0599455439484062,-0.6945812807881417,0.700000000000145,12.333333333333334
gbpusd_rsi2_m5_usd100000_smaller_stop_and_time,2017-04-05T13:00:00+00:00,2017-04-05T13:40:00+00:00,18834,signal_exit,-0.25759999999995103,-4.024999999999235,False,False,2400,7.277951778855581,1.3747799230901425,1.187085208012065,2.861849569073601,-1.76213769217224,-0.8928571428570367,0.40000000000040004,13.0
gbpusd_rsi2_m5_usd100000_smaller_stop_and_time,2017-04-05T15:00:00+00:00,2017-04-05T16:00:00+00:00,18858,holding_bars,0.41440000000004606,6.475000000000719,False,True,3600,6.904876556918272,1.244070621942453,0.7971877275934788,2.454994340371142,-0.5043419913809631,-0.5294117647059812,0.40000000000040004,15.0
gbpusd_rsi2_m5_usd100000_smaller_stop_and_time,2017-04-06T07:10:00+00:00,2017-04-06T07:15:00+00:00,19047,target,0.25036302025238233,3.9119221914434736,False,True,300,4.5184610957200855,1.1236862851752207,0.36057417043961454,-1.1525256461371023,-3.2813300164607817,-0.7428571428571489,1.5999999999993797,7.166666666666667
gbpusd_rsi2_m5_usd100000_smaller_stop_and_time,2017-04-06T08:20:00+00:00,2017-04-06T08:25:00+00:00,19061,stop,-0.9008800535233206,-14.076250836301883,True,False,300,4.9256254181520305,1.169759037777945,0.19607400728802313,-0.013282086139928106,-0.9901064849240822,-0.37931034482775783,0.700000000000145,8.333333333333334
gbpusd_rsi2_m5_usd100000_smaller_stop_and_time,2017-04-06T08:30:00+00:00,2017-04-06T09:05:00+00:00,19063,signal_exit,0.08204000000013972,1.2798751950099798,False,True,2100,6.28178926361071,1.4190948544588433,0.10356835370296155,-3.6634675304488735,-3.2381066573760684,-0.4583333333332948,0.7999999999985796,8.5
gbpusd_rsi2_m5_usd100000_smaller_stop_and_time,2017-04-06T10:30:00+00:00,2017-04-06T10:40:00+00:00,19087,stop,-1.0031878431853556,-15.67481004977118,True,False,600,5.674905024886155,1.193490541489963,-0.35768341005630205,-1.8330692395195252,-0.7835829944102992,-0.6388888888890174,0.8000000000008001,10.5
gbpusd_rsi2_m5_usd100000_smaller_stop_and_time,2017-04-06T10:45:00+00:00,2017-04-06T11:20:00+00:00,19090,signal_exit,0.18460000000024232,2.8798751950115804,False,True,2100,6.501955663146708,1.325152439548217,-0.34025232198978655,-4.609528471300338,-2.8937432997367223,-0.5333333333333333,0.4999999999988347,10.75
gbpusd_rsi2_m5_usd100000_smaller_stop_and_time,2017-04-06T15:20:00+00:00,2017-04-06T16:20:00+00:00,19145,holding_bars,-0.9028999999997807,-14.129890453830683,False,False,3600,6.146935207737137,1.1715718688229504,0.3075990538549511,2.282452910582798,0.426549787901217,-0.7258064516129263,0.700000000000145,15.333333333333334
gbpusd_rsi2_m5_usd100000_smaller_stop_and_time,2017-04-07T07:15:00+00:00,2017-04-07T07:45:00+00:00,19321,signal_exit,0.3192100000001279,4.979875195009795,False,True,1800,5.215255765804508,1.4060618067258819,-0.12530839059869875,-4.5506935610598696,-2.7383453095075407,-0.44871794871803994,0.40000000000040004,7.25
gbpusd_rsi2_m5_usd100000_smaller_stop_and_time,2017-04-07T08:35:00+00:00,2017-04-07T09:35:00+00:00,19337,holding_bars,-0.9896599999998987,-15.41526479750621,False,False,3600,7.942208625996343,1.7951482630968134,-0.47834606725155504,-7.413387472031001,-3.4384869604513635,-0.8316151202748903,0.8000000000008001,8.583333333333334
gbpusd_rsi2_m5_usd100000_smaller_stop_and_time,2017-04-07T10:10:00+00:00,2017-04-07T11:00:00+00:00,19356,signal_exit,0.08292000000014016,1.289580093314777,False,True,3000,7.42154991321095,1.5125150494112771,-1.394538256664092,-8.37662890614117,-2.0277732884002644,-0.5394736842106455,0.5999999999994898,10.166666666666666
gbpusd_rsi2_m5_usd100000_smaller_stop_and_time,2017-04-07T11:30:00+00:00,2017-04-07T11:45:00+00:00,19372,signal_exit,0.12793000000014948,1.989580093314922,False,True,900,6.735825400632308,1.298780696292568,-1.768406181337815,-7.831919824369477,-1.2167505308044808,-0.4062499999999024,0.40000000000040004,11.5
gbpusd_rsi2_m5_usd100000_smaller_stop_and_time,2017-04-07T12:55:00+00:00,2017-04-07T13:55:00+00:00,19389,holding_bars,-0.06475999999982901,-1.005590062109146,False,False,3600,11.748743803393443,1.8950448396515578,-1.2441720053819418,-8.979772696933185,-2.982021870907293,-0.7299703264094953,0.1999999999990898,12.916666666666666
gbpusd_rsi2_m5_usd100000_smaller_stop_and_time,2017-04-07T15:45:00+00:00,2017-04-07T16:05:00+00:00,19423,signal_exit,0.34740000000001126,5.394409937888373,False,True,1200,7.726563331717182,1.1492261571287328,-1.4542432265205507,-6.3359053811400985,-1.196330791445811,-0.8064516129031719,0.5000000000010552,15.75
gbpusd_rsi2_m5_usd100000_smaller_stop_and_time,2017-04-10T07:25:00+00:00,2017-04-10T07:35:00+00:00,19598,target,0.16949037811818465,2.6277578002819326,False,True,600,3.3642664970394613,0.9442792323668334,-0.09511643593861487,-0.9229511278959143,-1.1013741731985993,-0.4098360655739077,0.5999999999994898,7.416666666666667
gbpusd_rsi2_m5_usd100000_smaller_stop_and_time,2017-04-10T09:10:00+00:00,2017-04-10T10:00:00+00:00,19619,signal_exit,-0.07763999999977039,-1.2055900621082358,False,False,3000,4.2868506963710695,1.1299530679938095,0.3639106906009894,0.6016268365870848,-1.3348073493330856,-0.46511627906979147,0.5999999999994898,9.166666666666666
gbpusd_rsi2_m5_usd100000_smaller_stop_and_time,2017-04-10T10:20:00+00:00,2017-04-10T10:45:00+00:00,19633,signal_exit,0.16708000000011689,2.594409937890014,False,True,1500,4.152708611572857,1.0859497935159272,0.29834693060205836,0.17961080206537092,-1.009770021626789,-0.5753424657533205,0.4999999999988347,10.333333333333334
gbpusd_rsi2_m5_usd100000_smaller_stop_and_time,2017-04-10T12:00:00+00:00,2017-04-10T12:40:00+00:00,19653,signal_exit,0.14776000000013328,2.2944099378902685,False,True,2400,4.09414896491869,1.049595277063571,0.36020980813408143,0.297623346461676,-1.2482429818559637,-0.9189189189189838,0.700000000000145,12.0
gbpusd_rsi2_m5_usd100000_smaller_stop_and_time,2017-04-10T14:30:00+00:00,2017-04-10T14:45:00+00:00,19683,target,0.36526124222355194,5.671758419620371,False,True,900,4.838674240865876,1.1787835715176167,0.762134783941829,2.681061623802131,-0.31362128930123445,-0.6666666666666666,0.5000000000010552,14.5
gbpusd_rsi2_m5_usd100000_smaller_stop_and_time,2017-04-10T15:45:00+00:00,2017-04-10T16:45:00+00:00,19698,holding_bars,-0.019959999999819955,-0.31041990668460273,False,False,3600,4.697303233464088,1.1212707941486355,1.1557684942327184,3.854362496486605,-0.2681966005701451,-0.5161290322581723,0.5999999999994898,15.75
gbpusd_rsi2_m5_usd100000_smaller_stop_and_time,2017-04-11T08:00:00+00:00,2017-04-11T08:25:00+00:00,19888,target,0.3701467188452148,5.747619857844949,False,True,1500,5.276604959977742,1.4557939097812758,-0.14933692053819964,-3.4468259893364417,-2.5098321315425705,-0.883720930232324,1.2999999999996348,8.0
gbpusd_rsi2_m5_usd100000_smaller_stop_and_time,2017-04-11T09:15:00+00:00,2017-04-11T09:45:00+00:00,19903,signal_exit,0.05720000000011444,0.8895800933143769,False,True,1800,7.647598436784691,1.7464206239566542,-0.07137590948284078,-1.2907045493040203,-0.5287298845077084,-0.9047619047618293,1.100000000000545,9.25
gbpusd_rsi2_m5_usd100000_smaller_stop_and_time,2017-04-11T09:55:00+00:00,2017-04-11T10:15:00+00:00,19911,signal_exit,0.1665100000001167,2.589580093314412,False,True,1200,5.710992266943987,1.3270102064201643,0.003940989156729625,-0.6124402299231043,-0.5651004283884752,-0.800000000000148,0.5000000000010552,9.916666666666666
gbpusd_rsi2_m5_usd100000_smaller_stop_and_time,2017-04-11T12:50:00+00:00,2017-04-11T13:15:00+00:00,19946,signal_exit,-0.03307999999990435,-0.5152647975062983,False,False,1500,4.431743481416181,1.048005442425751,0.8333591785779922,3.4029210366925224,0.02933478837651676,-0.9687499999997832,0.4999999999988347,12.833333333333334
gbpusd_rsi2_m5_usd100000_smaller_stop_and_time,2017-04-11T13:40:00+00:00,2017-04-11T13:45:00+00:00,19956,signal_exit,0.16594000000011652,2.5847352024940267,False,True,300,4.4379643851639505,1.0428087145829446,0.925467966674834,2.4946549938635108,-1.1337766386275137,-0.20588235294121487,0.700000000000145,13.666666666666666
gbpusd_rsi2_m5_usd100000_smaller_stop_and_time,2017-04-12T08:05:00+00:00,2017-04-12T08:15:00+00:00,20166,target,0.2992902871364982,4.683729063168986,False,True,600,4.1568097585005175,1.2200259457042688,0.9890489247820142,3.3115094446082427,-0.3699385449291552,-0.9272727272726612,0.10000000000065512,8.083333333333334
gbpusd_rsi2_m5_usd100000_smaller_stop_and_time,2017-04-12T09:35:00+00:00,2017-04-12T09:50:00+00:00,20184,signal_exit,0.3175900000001275,4.970109546167879,False,True,900,6.257974367867802,1.531385809275115,1.1149398069148175,3.1226172700419284,-0.9269926708502605,-0.7101449275365257,0.5000000000010552,9.583333333333334
gbpusd_rsi2_m5_usd100000_smaller_stop_and_time,2017-04-12T10:05:00+00:00,2017-04-12T11:00:00+00:00,20190,signal_exit,0.25369000000013453,3.9701095461679894,False,True,3300,6.410453127602156,1.511234251108736,1.072951753088038,1.7990873590982037,-2.8551088909005085,-0.735849056603734,0.5000000000010552,10.083333333333334
gbpusd_rsi2_m5_usd100000_smaller_stop_and_time,2017-04-12T11:30:00+00:00,2017-04-12T12:10:00+00:00,20207,signal_exit,0.04282000000017189,0.6701095461685741,False,True,2400,5.655933144714385,1.2699242283091716,0.6302234348555379,2.263682707722053,0.162081092602369,-0.5084745762710525,0.700000000000145,11.5
gbpusd_rsi2_m5_usd100000_smaller_stop_and_time,2017-04-12T12:30:00+00:00,2017-04-12T13:10:00+00:00,20219,signal_exit,-0.2575099999998092,-4.02989045383113,False,False,2400,4.855006859818008,1.0946311393859758,0.6049266534308672,1.9486742968471162,-1.7373156545744888,-0.31578947368435406,0.9999999999998899,12.5
gbpusd_rsi2_m5_usd100000_smaller_stop_and_time,2017-04-12T15:05:00+00:00,2017-04-12T15:40:00+00:00,20250,signal_exit,-0.06601999999997227,-1.0347962382440794,False,False,2100,5.7751964249099155,1.238397143014138,0.7459681918696618,3.7808027944140057,0.4861008070685079,-0.18918918918923786,0.40000000000040004,15.083333333333334
gbpusd_rsi2_m5_usd100000_smaller_stop_and_time,2017-04-12T15:55:00+00:00,2017-04-12T16:15:00+00:00,20260,stop,-0.8689586244733793,-13.598726517580271,True,False,1200,4.784418031873058,1.0425896121818126,0.9521955823892208,2.7951750611376074,-1.2996108822223373,-0.8571428571429327,0.5000000000010552,15.916666666666666
gbpusd_rsi2_m5_usd100000_smaller_stop_and_time,2017-04-13T07:00:00+00:00,2017-04-13T07:15:00+00:00,20438,signal_exit,0.23953000000005062,3.7602825745690835,False,True,900,5.028742516933146,1.1167538660962857,1.2146178294931125,0.9530915314043081,-2.3392516339228013,-0.7500000000002776,0.8000000000008001,7.0
gbpusd_rsi2_m5_usd100000_smaller_stop_and_time,2017-04-13T08:35:00+00:00,2017-04-13T09:00:00+00:00,20457,signal_exit,0.07391000000009712,1.1602825745698133,False,True,1500,5.767669443400468,1.2192259036097586,0.6856744413535152,0.2698205632885613,-2.1288375648885727,-0.7286821705427544,0.5000000000010552,8.583333333333334
gbpusd_rsi2_m5_usd100000_smaller_stop_and_time,2017-04-13T09:30:00+00:00,2017-04-13T09:35:00+00:00,20468,stop,-0.9924911601055906,-15.580708949852283,True,False,300,5.670495762211347,1.1772680315387332,0.4948978802650499,0.34867995525986806,-1.1122420911581858,-0.7313432835822973,0.700000000000145,9.5
gbpusd_rsi2_m5_usd100000_smaller_stop_and_time,2017-04-13T09:40:00+00:00,2017-04-13T10:10:00+00:00,20470,signal_exit,0.4115200000001873,6.460282574571228,False,True,1800,5.99139685619253,1.2275311272814529,0.4001719049683987,-1.5439179566200618,-2.176153546807734,-0.6320754716980282,0.5999999999994898,9.666666666666666
gbpusd_rsi2_m5_usd100000_smaller_stop_and_time,2017-04-13T10:40:00+00:00,2017-04-13T11:00:00+00:00,20482,signal_exit,0.11850000000010635,1.8602825745699585,False,True,1200,5.49735925740251,1.12124008058979,0.0698729660895382,-1.0795182373772225,-1.2235459987745065,-0.2941176470587851,0.700000000000145,10.666666666666666
gbpusd_rsi2_m5_usd100000_smaller_stop_and_time,2017-04-13T11:40:00+00:00,2017-04-13T12:05:00+00:00,20494,signal_exit,-0.0343799999999051,-0.5397174254302213,False,False,1500,5.0851819391852775,1.042595806692497,-0.10988596757356964,-2.337232349197187,-2.6378446973869765,-0.549999999999778,0.700000000000145,11.666666666666666
gbpusd_rsi2_m5_usd100000_smaller_stop_and_time,2017-04-13T13:40:00+00:00,2017-04-13T14:20:00+00:00,20518,signal_exit,-0.35311999999986976,-5.534796238242473,False,False,2400,5.64674190711431,1.1225950168558188,-0.498974035639677,-4.192736023514354,-2.6733592482678525,-0.562043795620354,0.5999999999994898,13.666666666666666
gbpusd_rsi2_m5_usd100000_smaller_stop_and_time,2017-04-13T15:35:00+00:00,2017-04-13T16:20:00+00:00,20541,signal_exit,-0.002219999999979294,-0.03479623824418956,False,False,2700,5.221273794623358,1.0268345407623507,-0.8638150287182699,-3.3844634957304587,-0.44013015112111836,-0.5142857142851704,0.40000000000040004,15.583333333333334
gbpusd_rsi2_m5_usd100000_smaller_stop_and_time,2017-04-17T10:25:00+00:00,2017-04-17T10:55:00+00:00,21017,signal_exit,-0.18725999999991655,-2.939717425430401,False,False,1800,3.2888767818470512,1.1595488820335196,0.7682283472687144,3.29334898417598,-0.051025466947432936,-0.8297872340428447,1.100000000000545,10.416666666666666
gbpusd_rsi2_m5_usd100000_smaller_stop_and_time,2017-04-17T12:40:00+00:00,2017-04-17T13:25:00+00:00,21044,signal_exit,0.13708000000008996,2.1553459119511,False,True,2700,3.7701964412197206,1.2615336892498157,0.9569596794524531,3.3871586383981827,-0.19575874384214423,-0.9456521739129307,0.5999999999994898,12.666666666666666
gbpusd_rsi2_m5_usd100000_smaller_stop_and_time,2017-04-17T15:30:00+00:00,2017-04-17T16:30:00+00:00,21078,holding_bars,-0.21901999999984306,-3.454574132489638,False,False,3600,4.669501534401504,1.3247214175767645,2.5167482744516816,10.739895600911497,0.30507690340222177,-0.7199999999991473,0.5999999999994898,15.5
gbpusd_rsi2_m5_usd100000_smaller_stop_and_time,2017-04-18T07:35:00+00:00,2017-04-18T07:45:00+00:00,21257,target,0.40303741428522244,6.347045894255471,False,True,600,5.398326096732194,1.4086975630565548,0.9309693170474498,4.190216752162415,0.2113374950589395,-0.7227722772276531,0.8999999999992347,7.583333333333333
gbpusd_rsi2_m5_usd100000_smaller_stop_and_time,2017-04-18T08:30:00+00:00,2017-04-18T09:00:00+00:00,21268,stop,-1.0586837195842496,-16.69848138145504,True,False,1800,6.1719536244834945,1.475532810780641,1.3539438155234798,5.59760373615729,0.010251184511434017,-0.4603174603173708,0.7999999999985796,8.5
gbpusd_rsi2_m5_usd100000_smaller_stop_and_time,2017-04-18T09:05:00+00:00,2017-04-18T09:10:00+00:00,21275,stop,-1.4583090865088861,-22.92938815265544,True,False,300,9.092367032302558,1.912978423502094,1.1442021180217667,-4.282837093008008,-3.6583455053221408,-0.8468677494199305,1.2000000000012,9.083333333333334
gbpusd_rsi2_m5_usd100000_smaller_stop_and_time,2017-04-18T09:15:00+00:00,2017-04-18T09:55:00+00:00,21277,target,1.1467073450581893,17.973469358278827,False,True,2400,11.304132798260838,2.1874587100165277,0.8228388136293203,-9.226064734059229,-3.136857792503936,-0.7690217391304242,1.100000000000545,9.25
gbpusd_rsi2_m5_usd100000_smaller_stop_and_time,2017-04-18T15:15:00+00:00,2017-04-18T16:00:00+00:00,21349,signal_exit,0.7139600000001496,11.405111821088651,False,True,2700,8.870408595408762,1.0534253108115206,3.827986277529676,14.49446138019993,0.09206158905509754,-0.5945945945946189,0.4999999999988347,15.25
gbpusd_rsi2_m5_usd100000_smaller_stop_and_time,2017-04-19T07:55:00+00:00,2017-04-19T08:40:00+00:00,21543,signal_exit,0.20495000000016292,3.289727126808393,False,True,2700,8.349826607992965,1.4357740031107533,1.2813712990276038,3.0939842166976903,-1.0820203291743442,-0.7222222222222565,0.8000000000008001,7.916666666666667
gbpusd_rsi2_m5_usd100000_smaller_stop_and_time,2017-04-19T09:20:00+00:00,2017-04-19T09:30:00+00:00,21560,signal_exit,0.3170900000000676,5.089727126806864,False,True,600,8.296682358471614,1.340116221467305,0.9218404548398043,1.7793592230114537,-1.0234849063717255,-0.38709677419353683,0.700000000000145,9.333333333333334
gbpusd_rsi2_m5_usd100000_smaller_stop_and_time,2017-04-19T12:30:00+00:00,2017-04-19T12:50:00+00:00,21598,stop,-1.0557455667118119,-16.973401394080575,True,False,1200,6.57898365524046,1.0433362670417086,1.321187598757041,4.596451803861421,-0.7394714722869987,-0.9065420560747683,0.1999999999990898,12.5
gbpusd_rsi2_m5_usd100000_smaller_stop_and_time,2017-04-19T12:55:00+00:00,2017-04-19T13:55:00+00:00,21603,holding_bars,-0.7784599999999224,-12.515434083600038,False,False,3600,6.973879704708597,1.0937393749823423,1.299599264852181,2.581764942303131,-2.7337352022891834,-0.3636363636362617,0.4999999999988347,12.916666666666666
gbpusd_rsi2_m5_usd100000_smaller_stop_and_time,2017-04-19T14:00:00+00:00,2017-04-19T14:20:00+00:00,21616,stop,-1.2343188550996103,-19.81250168699214,True,False,1200,7.60111440689979,1.1623285249651276,0.7957251448872943,0.1925637076440485,-1.6073808850796205,-0.4684684684683603,0.9999999999998899,14.0
gbpusd_rsi2_m5_usd100000_smaller_stop_and_time,2017-04-19T15:00:00+00:00,2017-04-19T15:40:00+00:00,21628,stop,-1.3342807819567037,-21.4170269976999,True,False,2400,8.503377062253715,1.2402088678165741,0.20643692993759147,-1.2130865358081495,-2.035390582841643,-0.5522388059701641,0.8000000000008001,15.0
gbpusd_rsi2_m5_usd100000_smaller_stop_and_time,2017-04-19T15:45:00+00:00,2017-04-19T16:15:00+00:00,21637,signal_exit,0.417760000000029,6.694871794872259,False,True,1800,9.042677317639088,1.2825651270656446,-0.11631478544328155,-4.536479942932947,-3.293933868069887,-0.851239669421436,0.700000000000145,15.75
gbpusd_rsi2_m5_usd100000_smaller_stop_and_time,2017-04-20T09:55:00+00:00,2017-04-20T10:00:00+00:00,21849,stop,-0.9454814643466383,-15.200666629367173,True,False,300,5.492616272884342,1.1749154483561577,1.5942700463952109,5.994874628291696,-0.3255115364434725,-0.5714285714284959,0.5999999999994898,9.916666666666666
gbpusd_rsi2_m5_usd100000_smaller_stop_and_time,2017-04-20T10:05:00+00:00,2017-04-20T10:35:00+00:00,21851,stop,-0.9529069769110177,-15.320047860305749,True,False,1800,5.6023068883542315,1.1898155516629274,1.5800952571493703,4.227260022128824,-2.4353188732948654,-0.31666666666655563,0.4999999999988347,10.083333333333334
gbpusd_rsi2_m5_usd100000_smaller_stop_and_time,2017-04-20T10:40:00+00:00,2017-04-20T11:00:00+00:00,21858,stop,-1.0203286739519644,-16.377667318651113,True,False,1200,5.983697222730617,1.2383394881464842,1.2953174237012108,0.5742726437157581,-2.421399946268818,-0.8584905660376548,0.7999999999985796,10.666666666666666
gbpusd_rsi2_m5_usd100000_smaller_stop_and_time,2017-04-20T11:05:00+00:00,2017-04-20T11:45:00+00:00,21863,signal_exit,0.12448000000018594,1.9948717948747745,False,True,2400,6.973930863850003,1.3857213482944406,0.8935674838053063,-2.633840338955182,-2.3213736253445103,-0.5594059405941214,0.5999999999994898,11.083333333333334
gbpusd_rsi2_m5_usd100000_smaller_stop_and_time,2017-04-20T12:45:00+00:00,2017-04-20T12:55:00+00:00,21883,signal_exit,0.3928000000001426,6.294871794874079,False,True,600,5.915942135964648,1.154061701577803,-0.2832068431237448,-1.788869345804072,-0.7506913675010605,-0.7204301075269228,0.700000000000145,12.75
gbpusd_rsi2_m5_usd100000_smaller_stop_and_time,2017-04-20T15:25:00+00:00,2017-04-20T15:35:00+00:00,21915,target,0.6365674580749048,10.234203506027407,False,True,600,7.224818794813315,1.2440428051236831,0.5404684846437878,3.044093323565602,0.3987764698042144,-0.645161290322442,0.5999999999994898,15.416666666666666
gbpusd_rsi2_m5_usd100000_smaller_stop_and_time,2017-04-21T08:20:00+00:00,2017-04-21T08:25:00+00:00,22113,stop,-1.0978321588587572,-17.621703994522587,True,False,300,6.855715560665624,1.6512005649322832,0.48161188072886985,0.4461034812797573,-1.1696137727773432,-0.7093023255813263,0.2999999999997449,8.333333333333334
gbpusd_rsi2_m5_usd100000_smaller_stop_and_time,2017-04-21T08:35:00+00:00,2017-04-21T08:50:00+00:00,22116,target,0.7708388062794775,12.35318599806855,False,True,900,8.429157101597049,1.8862964363577446,0.3687417196925346,-4.736545027603427,-3.1694874269489537,-0.7510204081632494,0.8999999999992347,8.583333333333334
gbpusd_rsi2_m5_usd100000_smaller_stop_and_time,2017-04-21T09:15:00+00:00,2017-04-21T09:30:00+00:00,22124,signal_exit,0.2680000000000178,4.29487179487208,False,True,900,7.996252854248181,1.6949381653284188,0.07969340106492151,-2.3862869252310173,-0.9221160988924945,-0.5057471264368197,0.40000000000040004,9.25
gbpusd_rsi2_m5_usd100000_smaller_stop_and_time,2017-04-21T09:55:00+00:00,2017-04-21T10:45:00+00:00,22132,signal_exit,-0.3310399999998886,-5.30512820512642,False,False,3000,7.141915814894266,1.4793729299805662,-0.18013745927583977,-2.654756230288803,-0.9254728786540632,-0.6935483870965894,0.5999999999994898,9.916666666666666
gbpusd_rsi2_m5_usd100000_smaller_stop_and_time,2017-04-21T11:10:00+00:00,2017-04-21T11:50:00+00:00,22147,signal_exit,-0.012499999999881883,-0.19999999999811013,False,False,2400,5.915346894984032,1.2082954662766803,-0.614652976188012,-4.077505295272077,-1.1742848445455747,-0.5599999999998313,0.4999999999988347,11.166666666666666
gbpusd_rsi2_m5_usd100000_smaller_stop_and_time,2017-04-21T12:05:00+00:00,2017-04-21T12:15:00+00:00,22158,target,0.7066310604091746,11.288036108772756,False,True,600,7.841462143843285,1.478802251848984,-0.9119797906506321,-6.987925711103637,-2.4389762139847178,-0.5752212389381062,0.8000000000008001,12.083333333333334
gbpusd_rsi2_m5_usd100000_smaller_stop_and_time,2017-04-21T14:05:00+00:00,2017-04-21T14:35:00+00:00,22182,signal_exit,0.18064000000013822,2.8948717948740095,False,True,1800,6.583987016068221,1.188751440958747,-0.49793110301605936,-1.804829964699878,-0.5227026004613747,-0.26966292134831743,0.4999999999988347,14.083333333333334
gbpusd_rsi2_m5_usd100000_smaller_stop_and_time,2017-04-21T14:50:00+00:00,2017-04-21T14:55:00+00:00,22191,stop,-1.0223042684499688,-16.383081225159756,True,False,300,6.088976510016701,1.0957075808934438,-0.28382516904804067,-1.4812807988680217,-1.0037366576068973,-0.7564102564100849,0.5999999999994898,14.833333333333334
gbpusd_rsi2_m5_usd100000_smaller_stop_and_time,2017-04-21T15:00:00+00:00,2017-04-21T15:30:00+00:00,22193,target,0.5718348406843268,9.149357450949228,False,True,1800,6.674678725473501,1.1803890214856745,-0.2959147252664188,-4.044315032505226,-3.297872764415842,-0.7795275590552269,0.5999999999994898,15.0
gbpusd_rsi2_m5_usd100000_smaller_stop_and_time,2017-04-21T15:50:00+00:00,2017-04-21T15:55:00+00:00,22203,target,0.5975429130678558,9.56068660908569,False,True,300,6.780343304542173,1.178212711621784,-0.46791522438650845,-5.077210724976248,-2.2346963051865756,-0.8759124087591099,0.40000000000040004,15.833333333333334
gbpusd_rsi2_m5_usd100000_smaller_stop_and_time,2017-04-24T08:40:00+00:00,2017-04-24T08:55:00+00:00,22400,signal_exit,0.2236400000000087,3.5897271268059177,False,True,900,6.883754489092425,1.1858368711167118,0.14733513005512572,2.4195222206219835,0.5490508943407884,-0.1750000000000555,0.5000000000010552,8.666666666666666
gbpusd_rsi2_m5_usd100000_smaller_stop_and_time,2017-04-24T09:45:00+00:00,2017-04-24T10:20:00+00:00,22413,stop,-1.0500795912804344,-16.85521013291227,True,False,2100,6.272468629861167,1.0785585155163158,0.8556150711667175,3.2824081870561335,-0.16801762522024524,-0.9818181818184607,0.6999999999979245,9.75
gbpusd_rsi2_m5_usd100000_smaller_stop_and_time,2017-04-24T10:25:00+00:00,2017-04-24T10:45:00+00:00,22421,target,0.48261909914051326,7.746695010281112,False,True,1200,5.9784839417365445,1.031210594909643,0.8100178384234199,0.6477517773524818,-2.5347668307804274,-0.5079365079365583,0.5999999999994898,10.416666666666666
gbpusd_rsi2_m5_usd100000_smaller_stop_and_time,2017-04-24T11:45:00+00:00,2017-04-24T12:05:00+00:00,22437,stop,-1.066079385029071,-17.112028652152024,True,False,1200,6.450877889479168,1.0789975873604194,0.5587947444029274,0.9949484395001924,-0.989731955144586,-0.5964912280702301,0.6000000000017103,11.75
gbpusd_rsi2_m5_usd100000_smaller_stop_and_time,2017-04-24T12:10:00+00:00,2017-04-24T12:35:00+00:00,22442,signal_exit,0.49888000000014476,7.994871794874114,False,True,1500,7.109223285346746,1.1658152806636526,0.3842903067089367,-2.4185926696993207,-2.993447444681096,-0.8910256410256392,0.4999999999988347,12.166666666666666
gbpusd_rsi2_m5_usd100000_smaller_stop_and_time,2017-04-24T12:55:00+00:00,2017-04-24T13:15:00+00:00,22451,signal_exit,0.055840000000151935,0.8948717948742297,False,True,1200,7.088275609776269,1.1454036910560315,0.0800254376447834,-2.253001691669843,-1.1940233890716225,-0.8749999999999369,0.7999999999985796,12.916666666666666
gbpusd_rsi2_m5_usd100000_smaller_stop_and_time,2017-04-24T13:35:00+00:00,2017-04-24T14:15:00+00:00,22459,signal_exit,-0.3310399999998886,-5.30512820512642,False,False,2400,7.111371144027391,1.13391126075761,-0.3006646157664998,-2.887910461822462,-1.265713333718814,-0.5243902439025976,0.5000000000010552,13.583333333333334
gbpusd_rsi2_m5_usd100000_smaller_stop_and_time,2017-04-24T15:55:00+00:00,2017-04-24T16:30:00+00:00,22487,signal_exit,-0.012500000000020661,-0.20000000000033058,False,False,2100,6.148695149065996,0.980982676378512,-0.7443167724588233,-2.8852235379247335,-0.2650481887004806,-0.8815789473685017,0.5000000000010552,15.916666666666666
gbpusd_rsi2_m5_usd100000_smaller_stop_and_time,2017-04-25T07:55:00+00:00,2017-04-25T08:10:00+00:00,22668,signal_exit,0.018400000000045214,0.29487179487251947,False,True,900,5.998466705345422,1.4544791093595502,0.812481882617542,2.958379833249018,-0.1461798790207218,-0.18965517241387891,0.6000000000017103,7.916666666666667
gbpusd_rsi2_m5_usd100000_smaller_stop_and_time,2017-04-25T09:55:00+00:00,2017-04-25T10:30:00+00:00,22692,signal_exit,-0.038019999999907184,-0.6102728731927316,False,False,2100,6.0031533603177945,1.3330304037485858,1.0728743472472202,3.6792709103217103,-0.4508245770045204,-0.8723404255318093,0.40000000000040004,9.916666666666666
gbpusd_rsi2_m5_usd100000_smaller_stop_and_time,2017-04-25T12:50:00+00:00,2017-04-25T13:40:00+00:00,22727,signal_exit,0.04920000000011088,0.7897271268075581,False,True,3000,4.896304981515903,1.023345945645483,1.1408502583385045,3.9953806310912623,-0.7302690966715433,-0.5897435897432978,0.40000000000040004,12.833333333333334
gbpusd_rsi2_m5_usd100000_smaller_stop_and_time,2017-04-25T13:55:00+00:00,2017-04-25T14:00:00+00:00,22740,stop,-0.948618406659179,-15.226619689553434,True,False,300,5.408173408180633,1.1092068971085054,0.9979237551052409,1.9947948240821416,-2.470317960791601,-0.7878787878787776,0.8000000000008001,13.916666666666666
gbpusd_rsi2_m5_usd100000_smaller_stop_and_time,2017-04-25T14:05:00+00:00,2017-04-25T14:20:00+00:00,22742,signal_exit,0.3170900000000676,5.089727126806864,False,True,900,6.469802581543411,1.282791736395021,0.8937004582918938,0.06326842054809824,-3.140682915393077,-0.5747126436781462,0.700000000000145,14.083333333333334
gbpusd_rsi2_m5_usd100000_smaller_stop_and_time,2017-04-26T08:00:00+00:00,2017-04-26T08:45:00+00:00,22954,signal_exit,-0.013099999999882261,-0.21027287319233162,False,False,2700,5.238060268167721,1.3920651352311362,-0.3895828077968932,-4.226121474791252,-1.9927619292791259,-0.6761904761904681,0.7999999999985796,8.0
gbpusd_rsi2_m5_usd100000_smaller_stop_and_time,2017-04-26T10:25:00+00:00,2017-04-26T10:40:00+00:00,22983,signal_exit,0.20495000000002458,3.2897271268061727,False,True,900,5.133724237524625,1.2153320237238578,-0.4619828690616117,-1.5475608884202272,-0.2325139695440907,-0.41176470588242975,0.5000000000010552,10.416666666666666
gbpusd_rsi2_m5_usd100000_smaller_stop_and_time,2017-04-26T12:30:00+00:00,2017-04-26T12:45:00+00:00,23008,signal_exit,-0.06293999999979377,-1.0102728731909112,False,False,900,5.402815120390144,1.1958185961572674,0.00080290040954475,-0.8325985648119804,-1.1258476733215879,-0.17391304347847075,0.5999999999994898,12.5
gbpusd_rsi2_m5_usd100000_smaller_stop_and_time,2017-04-26T13:20:00+00:00,2017-04-26T13:40:00+00:00,23018,signal_exit,0.08035000000017661,1.2897271268086132,False,True,1200,6.263410926963469,1.3129209181803985,-0.09142100124076576,-2.507290941283936,-1.9109842382013535,-0.36781609195416676,0.5999999999994898,13.333333333333334
gbpusd_rsi2_m5_usd100000_smaller_stop_and_time,2017-04-26T15:25:00+00:00,2017-04-26T15:40:00+00:00,23043,stop,-1.2096011033244345,-19.446963075955537,True,False,900,7.6657644961785785,1.4116190471766576,0.38256209533337215,2.6819631613524333,0.38381277922531826,-0.5263157894736638,0.4999999999988347,15.416666666666666
gbpusd_rsi2_m5_usd100000_smaller_stop_and_time,2017-04-26T15:45:00+00:00,2017-04-26T16:45:00+00:00,23047,holding_bars,-0.5731999999999589,-9.215434083600625,False,False,3600,7.412312572244612,1.354633640713618,0.5092506834988546,0.2735606338999702,-1.3393642278324365,-0.6258992805756453,0.30000000000196536,15.75
gbpusd_rsi2_m5_usd100000_smaller_stop_and_time,2017-04-27T07:50:00+00:00,2017-04-27T08:20:00+00:00,23238,signal_exit,-0.3299899999998895,-5.3310177705959525,False,False,1800,6.7169073932757035,1.4764696630320076,1.710444316758075,7.39737346190871,0.23112840198146234,-0.749999999999819,0.6999999999979245,7.833333333333333
gbpusd_rsi2_m5_usd100000_smaller_stop_and_time,2017-04-27T11:15:00+00:00,2017-04-27T11:30:00+00:00,23279,signal_exit,0.022840000000085403,0.3689822294036414,False,True,900,4.7958380145159385,0.9905720802757405,1.611922406026324,5.220526775193242,-1.880181735040405,-0.11111111111179643,0.5000000000010552,11.25
gbpusd_rsi2_m5_usd100000_smaller_stop_and_time,2017-04-27T11:50:00+00:00,2017-04-27T12:10:00+00:00,23286,stop,-0.8657141762917142,-13.98568943928456,True,False,1200,4.877335834344946,1.0074415635573375,1.486853021447379,4.051102425156677,-2.302066218486098,-0.3698630136986718,0.5999999999994898,11.833333333333334
gbpusd_rsi2_m5_usd100000_smaller_stop_and_time,2017-04-27T13:10:00+00:00,2017-04-27T13:30:00+00:00,23302,signal_exit,0.22780000000004927,3.674193548387891,False,True,1200,7.75255357670487,1.449519964850013,0.9140934681287058,1.372423323311861,-1.7315660318055635,-0.6015037593985728,0.6000000000017103,13.166666666666666
gbpusd_rsi2_m5_usd100000_smaller_stop_and_time,2017-04-27T13:40:00+00:00,2017-04-27T14:10:00+00:00,23308,signal_exit,0.22780000000004927,3.674193548387891,False,True,1800,7.8876675105904575,1.4301445111712094,0.6891231070453687,-0.21118323691216576,-2.1367234327615354,-0.7611940298508205,0.700000000000145,13.666666666666666
gbpusd_rsi2_m5_usd100000_smaller_stop_and_time,2017-04-27T15:45:00+00:00,2017-04-27T16:20:00+00:00,23333,signal_exit,0.04141000000006961,0.6689822294033863,False,True,2100,7.820255901074674,1.300030635968851,0.6304790008059201,2.116529453997212,-0.5804505455980614,-0.5161290322579895,0.5000000000010552,15.75
gbpusd_rsi2_m5_usd100000_smaller_stop_and_time,2017-04-28T08:25:00+00:00,2017-04-28T08:25:00+00:00,23528,stop,-1.1703804102711248,-18.938194340956713,True,False,0,7.250974193134053,1.6005452865563528,0.9120730420142966,5.444686860876606,0.4148315552849469,-0.4382022471908599,0.7999999999985796,8.416666666666666
gbpusd_rsi2_m5_usd100000_smaller_stop_and_time,2017-04-28T08:30:00+00:00,2017-04-28T08:45:00+00:00,23529,signal_exit,0.4859800000001029,7.863754045309108,False,True,900,8.054476036481713,1.7225758368669797,0.9055387477918803,2.660726173375512,-0.3578612763575203,-0.6540540540540923,1.80000000000069,8.5
gbpusd_rsi2_m5_usd100000_smaller_stop_and_time,2017-04-28T09:30:00+00:00,2017-04-28T09:55:00+00:00,23541,signal_exit,0.3871000000001412,6.263754045309728,False,True,1500,10.268392505944284,1.85919447136216,1.3270382961962324,3.611322399095919,-0.896309571271418,-0.7651515151514884,0.5999999999994898,9.5
gbpusd_rsi2_m5_usd100000_smaller_stop_and_time,2017-04-28T11:05:00+00:00,2017-04-28T12:00:00+00:00,23560,signal_exit,-0.11361999999984512,-1.8414910858970037,False,False,3300,7.601020701960178,1.307986163021687,1.2675176142220506,4.632376253260472,0.06810893540326486,-0.6382978723403954,0.5999999999994898,11.083333333333334
gbpusd_rsi2_m5_usd100000_smaller_stop_and_time,2017-04-28T12:50:00+00:00,2017-04-28T13:15:00+00:00,23581,signal_exit,0.48709000000010305,7.868982229403926,False,True,1500,9.211107876846018,1.4631071619552978,0.7967320115914688,-2.3572448254142566,-3.1239757055547788,-0.9239766081871603,0.6000000000017103,12.833333333333334
gbpusd_rsi2_m5_usd100000_smaller_stop_and_time,2017-04-28T14:10:00+00:00,2017-04-28T14:30:00+00:00,23597,signal_exit,-0.24943999999991223,-4.036245954691136,False,False,1200,7.8321994034450535,1.2099574773494404,0.13828891668895651,-0.3581709626223029,-0.4103516016484271,-0.5178571428568597,0.700000000000145,14.166666666666666
gbpusd_rsi2_m5_usd100000_smaller_stop_and_time,2017-05-01T07:00:00+00:00,2017-05-01T07:00:00+00:00,23788,target,0.12664586907972247,2.049285907438875,False,True,0,3.2927659310657016,0.8886831079195506,-0.8684450507117577,-3.4581470585265848,-0.39656986158261043,-0.8636363636364783,0.9000000000014552,7.0
gbpusd_rsi2_m5_usd100000_smaller_stop_and_time,2017-05-01T08:50:00+00:00,2017-05-01T08:50:00+00:00,23810,target,0.12686443887762983,2.052822635560353,False,True,0,3.2445342951253813,0.8966939966979083,-0.18943523664357984,-0.8148538088544425,-0.4473580886140487,-0.7567567567566513,0.7999999999985796,8.833333333333334
gbpusd_rsi2_m5_usd100000_smaller_stop_and_time,2017-05-01T11:05:00+00:00,2017-05-01T11:25:00+00:00,23837,stop,-0.6969091254190076,-11.276846689627954,True,False,1200,3.670300367468013,1.0196161436411266,0.42488586866508526,-0.005503909678704348,-1.7536626648245521,-0.75,0.30000000000196536,11.083333333333334
gbpusd_rsi2_m5_usd100000_smaller_stop_and_time,2017-05-01T11:30:00+00:00,2017-05-01T11:45:00+00:00,23842,signal_exit,0.003940000000238253,0.0637540453112986,False,True,900,3.7201107320209346,1.0317198790372573,0.3708060631274585,-2.547270319518274,-2.525664080823104,-0.7543859649119184,0.7999999999985796,11.5
gbpusd_rsi2_m5_usd100000_smaller_stop_and_time,2017-05-01T13:10:00+00:00,2017-05-01T13:50:00+00:00,23862,stop,-0.7649803173811642,-12.378322287721103,True,False,2400,4.071038166514945,1.1209739820688756,0.09011627293634306,0.2070973076277907,-0.19210561370452314,-0.7586206896551329,0.5999999999994898,13.166666666666666
gbpusd_rsi2_m5_usd100000_smaller_stop_and_time,2017-05-01T13:55:00+00:00,2017-05-01T14:00:00+00:00,23871,target,0.24460563019163326,3.958019906013483,False,True,300,4.297132930351881,1.1563005318751285,0.17006618976880358,-1.9141345371081615,-2.1478923918989974,-0.27777777777781204,0.9999999999998899,13.916666666666666
gbpusd_rsi2_m5_usd100000_smaller_stop_and_time,2017-05-01T15:05:00+00:00,2017-05-01T15:55:00+00:00,23885,stop,-0.8229950494525753,-13.317071997614486,True,False,3000,4.54041302146197,1.1639773469027728,0.11602254001297524,0.2838143941732885,-0.1425833249965113,-0.5510204081631358,0.5999999999994898,15.083333333333334
gbpusd_rsi2_m5_usd100000_smaller_stop_and_time,2017-05-02T08:00:00+00:00,2017-05-02T08:10:00+00:00,24084,target,0.5677271546254476,9.142144196867111,False,True,600,6.781378056565528,1.7318918793219955,-1.4420171609957195,-8.308233575735628,-1.7290701566916016,-0.5221238938054575,0.8000000000008001,8.0
gbpusd_rsi2_m5_usd100000_smaller_stop_and_time,2017-05-02T11:40:00+00:00,2017-05-02T12:15:00+00:00,24128,signal_exit,-0.20617999999990327,-3.336245954690991,False,False,2100,5.605827070262625,1.1374316992581825,0.7955185209464272,2.7157549541626738,-0.7302558780870693,-0.44117647058850423,0.5000000000010552,11.666666666666666
gbpusd_rsi2_m5_usd100000_smaller_stop_and_time,2017-05-02T13:20:00+00:00,2017-05-02T13:35:00+00:00,24148,signal_exit,0.23330000000008974,3.7689822294037114,False,True,900,5.758417506769737,1.1347894183405767,0.5736902881282713,0.9534296818582155,-1.7702065159948168,-0.6790123456786333,0.700000000000145,13.333333333333334
gbpusd_rsi2_m5_usd100000_smaller_stop_and_time,2017-05-02T14:45:00+00:00,2017-05-02T15:00:00+00:00,24165,signal_exit,-0.14437999999991008,-2.336245954691101,False,False,900,5.87397624088188,1.1265853731036248,0.6217375018963133,3.3529488217525114,0.8362169073613565,-0.5098039215684738,0.5999999999994898,14.75
gbpusd_rsi2_m5_usd100000_smaller_stop_and_time,2017-05-03T08:15:00+00:00,2017-05-03T08:30:00+00:00,24369,signal_exit,0.2017000000001616,3.2637540453100584,False,True,900,6.177352146244235,1.4739408786939159,-0.5303285819467917,-0.20622922127832172,0.4504125060351759,-0.5789473684209911,0.5999999999994898,8.25
gbpusd_rsi2_m5_usd100000_smaller_stop_and_time,2017-05-03T09:00:00+00:00,2017-05-03T09:15:00+00:00,24378,signal_exit,0.41182000000016594,6.663754045310128,False,True,900,6.793409707418203,1.5137233243496206,-0.06107120580340064,-2.3171518060014598,-2.020567560701425,-0.7826086956520983,1.3999999999980695,9.0
gbpusd_rsi2_m5_usd100000_smaller_stop_and_time,2017-05-03T12:40:00+00:00,2017-05-03T13:10:00+00:00,24422,signal_exit,0.325300000000148,5.263754045309838,False,True,1800,5.707541664359189,1.1699150347136058,0.05318866442563568,-1.1220108402810587,-3.2674642050366804,-0.7121212121216302,0.5000000000010552,12.666666666666666
gbpusd_rsi2_m5_usd100000_smaller_stop_and_time,2017-05-03T14:45:00+00:00,2017-05-03T15:25:00+00:00,24447,signal_exit,0.20235000000016187,3.2689822294048767,False,True,2400,7.651832232112914,1.4247083993725613,-0.12857687491149716,-4.157996891442753,-3.877530004926928,-0.6550724637681263,0.700000000000145,14.75
gbpusd_rsi2_m5_usd100000_smaller_stop_and_time,2017-05-04T09:55:00+00:00,2017-05-04T10:35:00+00:00,24673,signal_exit,-0.12571999999992572,-2.0310177705965384,False,False,2400,6.625154590549703,1.3450570148858811,0.48735570207871975,2.3711486121667367,0.10604772966298211,-0.5555555555556652,0.5000000000010552,9.916666666666666
gbpusd_rsi2_m5_usd100000_smaller_stop_and_time,2017-05-04T10:45:00+00:00,2017-05-04T11:15:00+00:00,24683,signal_exit,-0.051199999999988866,-0.8258064516127236,False,False,1800,5.8250676835888715,1.1787110954159852,0.6437043896140562,0.4076216546111423,-2.5599654736964568,-0.6666666666672361,0.6000000000017103,10.75
gbpusd_rsi2_m5_usd100000_smaller_stop_and_time,2017-05-04T12:00:00+00:00,2017-05-04T12:15:00+00:00,24698,signal_exit,0.1658000000000561,2.674193548388001,False,True,900,4.73082653651453,0.9778089828584023,0.3065436289084389,0.0295736981738767,-1.2519755281696536,-0.6382978723403954,0.5000000000010552,12.0
gbpusd_rsi2_m5_usd100000_smaller_stop_and_time,2017-05-04T13:30:00+00:00,2017-05-04T13:55:00+00:00,24716,target,0.47921120884690627,7.741699658269891,False,True,1500,5.886358714432723,1.1473086258004537,0.3227519395142224,1.8753002434706185,0.5535510051852535,-0.3023255813953128,0.40000000000040004,13.5
gbpusd_rsi2_m5_usd100000_smaller_stop_and_time,2017-05-04T15:05:00+00:00,2017-05-04T15:25:00+00:00,24735,stop,-1.0433923929903168,-16.883372054859493,True,False,1200,6.373563050085057,1.1819716565376202,0.9206900046296048,4.3178605212589325,0.44089218121710894,-0.2857142857141158,0.4999999999988347,15.083333333333334
gbpusd_rsi2_m5_usd100000_smaller_stop_and_time,2017-05-05T07:15:00+00:00,2017-05-05T08:15:00+00:00,24925,holding_bars,-0.17531999999997533,-2.841491085899114,False,False,3600,3.7439972660144036,1.1342247434323247,1.0122044122779739,5.1425042020239236,0.5435972569056433,-0.7090909090910485,0.6000000000017103,7.25
gbpusd_rsi2_m5_usd100000_smaller_stop_and_time,2017-05-05T11:20:00+00:00,2017-05-05T11:50:00+00:00,24974,signal_exit,-0.35424999999991447,-5.741491085898127,False,False,1800,4.3014799439638995,1.147286253027615,0.8465327643611771,2.12524132182243,-1.3697897326484185,-0.19354838709658934,0.40000000000040004,11.333333333333334
gbpusd_rsi2_m5_usd100000_smaller_stop_and_time,2017-05-05T13:05:00+00:00,2017-05-05T13:50:00+00:00,24995,signal_exit,0.28126000000013884,4.558508914102736,False,True,2700,8.527591956597032,1.8185029935385173,0.7191979254293812,2.273314579396199,-0.3105661471631334,-0.8064516129032682,0.8999999999992347,13.083333333333334
gbpusd_rsi2_m5_usd100000_smaller_stop_and_time,2017-05-08T08:30:00+00:00,2017-05-08T08:40:00+00:00,25225,signal_exit,0.13825000000003101,2.247967479675301,False,True,600,5.6250024723234215,1.3066195389328756,0.948223743909356,2.505609986481005,-1.5888395462472127,-0.33333333333347037,0.6000000000017103,8.5
gbpusd_rsi2_m5_usd100000_smaller_stop_and_time,2017-05-08T09:05:00+00:00,2017-05-08T09:10:00+00:00,25232,stop,-0.9341089811383039,-15.164106836660777,True,False,300,5.45867679495417,1.250092420846881,0.8526735241364379,1.4187324908372327,-2.208914222849679,-0.696969696970013,0.6000000000017103,9.083333333333334
gbpusd_rsi2_m5_usd100000_smaller_stop_and_time,2017-05-08T09:15:00+00:00,2017-05-08T10:00:00+00:00,25234,signal_exit,0.33592000000022826,5.4532467532504585,False,True,2700,6.010287644628871,1.3445144123792634,0.7492342639545004,-1.1372226731511212,-3.061992580619366,-0.6532258064516432,1.0999999999983245,9.25
gbpusd_rsi2_m5_usd100000_smaller_stop_and_time,2017-05-08T11:55:00+00:00,2017-05-08T11:55:00+00:00,25266,stop,-0.8338660072141664,-13.536785831398804,True,False,0,4.695016292324169,1.0177649775364086,-0.10904965680747516,-2.021924058441082,-2.067320373330886,-0.8095238095240864,0.4999999999988347,11.916666666666666
gbpusd_rsi2_m5_usd100000_smaller_stop_and_time,2017-05-08T12:00:00+00:00,2017-05-08T12:30:00+00:00,25267,target,0.356491795439164,5.777824885561815,False,True,1800,5.059657985729572,1.08411271944843,-0.15404509062638302,-3.5059955393808977,-2.9184815285245684,-0.7346938775510897,0.700000000000145,12.0
gbpusd_rsi2_m5_usd100000_smaller_stop_and_time,2017-05-08T13:40:00+00:00,2017-05-08T14:15:00+00:00,25287,signal_exit,-0.11361999999984512,-1.8414910858970037,False,False,2100,5.591214036797635,1.1597352217402355,-0.37264058899486885,-2.9080361685441583,-1.1934440072777828,-0.5500000000000556,0.5000000000010552,13.666666666666666
gbpusd_rsi2_m5_usd100000_smaller_stop_and_time,2017-05-09T07:00:00+00:00,2017-05-09T07:15:00+00:00,25488,target,0.26838972533657834,4.349914511127688,False,True,900,4.545702798512473,1.148458978662727,-0.059938688857425204,-3.224960277322055,-2.0315401758337823,-0.506329113923951,1.100000000000545,7.0
gbpusd_rsi2_m5_usd100000_smaller_stop_and_time,2017-05-09T08:25:00+00:00,2017-05-09T09:00:00+00:00,25505,stop,-0.8763258596327277,-14.203012311713577,True,False,2100,4.930760612907498,1.1876144845279848,-0.12917237069273363,-0.006816895180512307,0.2516388946397045,-0.6666666666668208,0.700000000000145,8.416666666666666
gbpusd_rsi2_m5_usd100000_smaller_stop_and_time,2017-05-09T09:05:00+00:00,2017-05-09T09:20:00+00:00,25513,stop,-0.8732535660773144,-14.153218250847884,True,False,900,4.955863582475089,1.173476058681013,-0.1107774208973758,-2.6469727050249308,-1.7537406631832861,-0.4897959183672822,0.5999999999994898,9.083333333333334
gbpusd_rsi2_m5_usd100000_smaller_stop_and_time,2017-05-09T09:25:00+00:00,2017-05-09T09:50:00+00:00,25517,signal_exit,0.14608000000020888,2.3637540453108232,False,True,1500,5.522491143770133,1.2740626757790197,-0.21113801199734153,-6.466658231969646,-2.489926306009496,-0.7580645161289051,0.4999999999988347,9.416666666666666
gbpusd_rsi2_m5_usd100000_smaller_stop_and_time,2017-05-09T10:50:00+00:00,2017-05-09T11:05:00+00:00,25534,signal_exit,0.31912000000010754,5.163754045309183,False,True,900,5.230802406615991,1.1772026108172087,-0.9164456202236649,-4.988827455886553,-1.1095270986004864,-0.7874999999999722,0.4999999999988347,10.833333333333334
gbpusd_rsi2_m5_usd100000_smaller_stop_and_time,2017-05-09T11:30:00+00:00,2017-05-09T11:45:00+00:00,25542,stop,-0.9108658001233996,-14.738928804585752,True,False,900,5.201341424947872,1.1551029919062619,-0.8861114995859127,-4.183102152074794,-1.6071980843246383,-0.7636363636364517,0.700000000000145,11.5
gbpusd_rsi2_m5_usd100000_smaller_stop_and_time,2017-05-09T12:25:00+00:00,2017-05-09T13:00:00+00:00,25553,signal_exit,-0.008419999999979944,-0.13624595469223208,False,False,2100,5.404539530569406,1.166531389422251,-0.990803834224563,-6.271159822918968,-1.863914332973664,-0.3913043478263178,0.5000000000010552,12.416666666666666
gbpusd_rsi2_m5_usd100000_smaller_stop_and_time,2017-05-09T14:10:00+00:00,2017-05-09T14:20:00+00:00,25574,signal_exit,0.18316000000004015,2.963754045308093,False,True,600,5.3668324685634206,1.1179946295821017,-0.8975491276343949,-1.9260679835565022,0.6668220607212475,-0.38666666666681665,0.5000000000010552,14.166666666666666
gbpusd_rsi2_m5_usd100000_smaller_stop_and_time,2017-05-10T07:40:00+00:00,2017-05-10T08:05:00+00:00,25780,signal_exit,0.0833600000000782,1.3532467532480226,False,True,1500,5.897490014701578,1.4179864011207897,1.3356640396096304,4.844240480057092,-0.3743313440645663,-0.6705882352940562,0.700000000000145,7.666666666666667
gbpusd_rsi2_m5_usd100000_smaller_stop_and_time,2017-05-10T08:40:00+00:00,2017-05-10T08:50:00+00:00,25792,stop,-0.9884854912646432,-16.07293481731127,True,False,600,5.9104511484938715,1.3491601907964144,1.4366181742503905,5.065038089067279,-0.21574387360871058,-0.6888888888886202,0.5999999999994898,8.666666666666666
gbpusd_rsi2_m5_usd100000_smaller_stop_and_time,2017-05-10T08:55:00+00:00,2017-05-10T09:00:00+00:00,25795,stop,-0.9906692771657208,-16.08229346048248,True,False,300,5.917770106866238,1.3358991584321738,1.328170624549747,2.4723332666452515,-1.630633790384242,-0.22727272727270434,0.5999999999994898,8.916666666666666
gbpusd_rsi2_m5_usd100000_smaller_stop_and_time,2017-05-10T09:05:00+00:00,2017-05-10T10:00:00+00:00,25797,signal_exit,0.1578600000001524,2.5585089141029562,False,True,3300,7.359199735002,1.574106586982713,1.140397881727149,-1.9244159399165872,-2.8167470355125754,-0.6565656565655534,0.4999999999988347,9.083333333333334
gbpusd_rsi2_m5_usd100000_smaller_stop_and_time,2017-05-10T10:30:00+00:00,2017-05-10T10:45:00+00:00,25814,signal_exit,0.05914000000005365,0.9585089141013557,False,True,900,6.300104532934973,1.2942562591158182,0.01458348819863464,-1.5759499148545952,-0.7918776432992533,-0.6144578313253979,0.40000000000040004,10.5
gbpusd_rsi2_m5_usd100000_smaller_stop_and_time,2017-05-10T12:35:00+00:00,2017-05-10T13:35:00+00:00,25839,holding_bars,-0.5640299999999188,-9.141491085898197,False,False,3600,5.4344326515338315,1.0825495199123587,-0.16472952049432343,-0.3127525254516056,0.22315244358986644,-0.5081967213115292,0.5999999999994898,12.583333333333334
gbpusd_rsi2_m5_usd100000_smaller_stop_and_time,2017-05-10T13:40:00+00:00,2017-05-10T14:20:00+00:00,25852,signal_exit,-0.1938299999998226,-3.1414910858966385,False,False,2400,4.964295402134443,1.000512029601292,-0.10896904382682575,-2.815674740573885,-2.4848298057548153,-0.8913043478261027,0.40000000000040004,13.666666666666666
gbpusd_rsi2_m5_usd100000_smaller_stop_and_time,2017-05-10T15:40:00+00:00,2017-05-10T16:30:00+00:00,25876,signal_exit,-0.2925499999999213,-4.741491085898239,False,False,3000,5.649503191406646,1.090002346429533,-0.5321651850979362,-1.893194832148076,-0.06707876062044701,-0.6052631578954749,0.6000000000017103,15.666666666666666
gbpusd_rsi2_m5_usd100000_smaller_stop_and_time,2017-05-11T07:50:00+00:00,2017-05-11T08:30:00+00:00,26068,signal_exit,0.015950000000044706,0.2585089141012108,False,True,2400,5.178316792050468,1.4354057592585412,0.11453093478868723,-1.8374691736517512,-2.0907969160429394,-0.6263736263736049,0.5999999999994898,7.833333333333333
gbpusd_rsi2_m5_usd100000_smaller_stop_and_time,2017-05-11T08:35:00+00:00,2017-05-11T09:25:00+00:00,26077,signal_exit,-0.30505999999986494,-4.936245954690372,False,False,3000,6.392074739009192,1.6268803789259072,-0.11318651124550866,-6.173973432325757,-3.500432243169325,-0.9869565217391414,0.5000000000010552,8.583333333333334
gbpusd_rsi2_m5_usd100000_smaller_stop_and_time,2017-05-11T11:05:00+00:00,2017-05-11T11:05:00+00:00,26107,stop,-1.491026636884835,-24.087667801047417,True,False,0,9.478325015225174,1.9499185162832298,-0.8835096589659482,-7.290031423341286,-3.286038648143065,-0.43181818181818094,1.500000000000945,11.083333333333334
gbpusd_rsi2_m5_usd100000_smaller_stop_and_time,2017-05-11T11:10:00+00:00,2017-05-11T11:40:00+00:00,26108,stop,-1.5747899946100263,-25.399838622742358,True,False,1800,10.437016085566162,2.0672311396292424,-0.8934042467244699,-10.106023469535268,-3.4937368925017154,-0.7030567685589333,0.8999999999992347,11.166666666666666
gbpusd_rsi2_m5_usd100000_smaller_stop_and_time,2017-05-11T11:45:00+00:00,2017-05-11T12:45:00+00:00,26115,holding_bars,0.09808000000002232,1.5793880837362693,False,True,3600,12.272467084240192,2.1451193926994483,-1.0844700132889025,-12.60299086135763,-2.3405849975568995,-0.8980392156862964,0.5000000000010552,11.75
gbpusd_rsi2_m5_usd100000_smaller_stop_and_time,2017-05-11T13:15:00+00:00,2017-05-11T13:25:00+00:00,26133,signal_exit,0.22228000000000867,3.5793880837360494,False,True,600,9.31125731575804,1.4992948213104442,-2.290383294322848,-10.172865333474117,-1.0943524614750395,-0.3529411764702809,0.40000000000040004,13.25
gbpusd_rsi2_m5_usd100000_smaller_stop_and_time,2017-05-11T14:55:00+00:00,2017-05-11T15:35:00+00:00,26153,signal_exit,0.17819999999999966,2.874193548387091,False,True,2400,7.66518947470731,1.1939803196114986,-1.6000651276899802,-5.271371997318244,0.2196803200481077,-0.7558139534885402,0.6000000000017103,14.916666666666666
gbpusd_rsi2_m5_usd100000_smaller_stop_and_time,2017-05-12T07:00:00+00:00,2017-05-12T07:15:00+00:00,26340,stop,-0.6763709505106916,-10.909208879204703,True,False,900,3.3917012137975173,0.9236820690226815,-0.2837845280230811,-2.4417453065503825,-2.6195383339657377,-0.5081967213115292,0.4999999999988347,7.0
gbpusd_rsi2_m5_usd100000_smaller_stop_and_time,2017-05-12T07:25:00+00:00,2017-05-12T07:35:00+00:00,26345,stop,-0.8221915108436437,-13.26115340070393,True,False,600,4.8176734745466625,1.2406940608993366,-0.40310300744229655,-5.483719448419937,-2.9835053226005113,-0.5697674418605282,0.0,7.416666666666667
gbpusd_rsi2_m5_usd100000_smaller_stop_and_time,2017-05-12T07:40:00+00:00,2017-05-12T08:05:00+00:00,26348,signal_exit,0.28438000000013974,4.57938808373816,False,True,1500,5.307371947368463,1.3321147262967015,-0.5541283844132514,-8.505578892899386,-2.7797222003876727,-0.9122807017543894,0.5999999999994898,7.666666666666667
gbpusd_rsi2_m5_usd100000_smaller_stop_and_time,2017-05-12T08:55:00+00:00,2017-05-12T08:55:00+00:00,26363,stop,-0.8834675511425902,-14.226530614212402,True,False,0,5.252959348974877,1.2610043589180848,-1.2881891167555068,-6.719128522810456,-1.3108631094467074,-0.676470588235467,0.10000000000065512,8.916666666666666
gbpusd_rsi2_m5_usd100000_smaller_stop_and_time,2017-05-12T09:00:00+00:00,2017-05-12T09:10:00+00:00,26364,target,0.4288820117754315,6.906312588976352,False,True,600,5.663462252619442,1.3367041025420978,-1.3330856032040816,-8.737031165282756,-2.9283901396188643,-0.8545454545454949,0.8000000000008001,9.0
gbpusd_rsi2_m5_usd100000_smaller_stop_and_time,2017-05-12T10:55:00+00:00,2017-05-12T11:55:00+00:00,26387,holding_bars,-0.3304099999998891,-5.320611916262305,False,False,3600,5.505567985122136,1.2192105904610597,-1.196559624195314,-5.245398750613535,-0.9254335340249606,-0.6438356164382103,0.5999999999994898,10.916666666666666
gbpusd_rsi2_m5_usd100000_smaller_stop_and_time,2017-05-12T13:25:00+00:00,2017-05-12T13:40:00+00:00,26417,signal_exit,0.40140000000008524,6.474193548388472,False,True,900,8.707797802755874,1.6003746386328714,-0.54634123089423,-0.21496628574336127,0.568656548047135,-0.5846153846154214,0.5000000000010552,13.416666666666666
gbpusd_rsi2_m5_usd100000_smaller_stop_and_time,2017-05-12T15:30:00+00:00,2017-05-12T16:30:00+00:00,26442,holding_bars,-0.7951999999999069,-12.8258064516114,False,False,3600,6.856766094532022,1.2118349751322262,0.3968364741427518,-0.5731860622697248,-3.170998950832734,-0.4492753623187473,0.700000000000145,15.5
gbpusd_rsi2_m5_usd100000_smaller_stop_and_time,2017-05-15T08:40:00+00:00,2017-05-15T08:55:00+00:00,26637,target,0.2914576954694639,4.716143939635337,False,True,900,4.326194947163388,1.2073780107933585,1.9995089927248166,6.644065102566351,-1.100530963011818,-0.7586206896552252,0.2999999999997449,8.666666666666666
gbpusd_rsi2_m5_usd100000_smaller_stop_and_time,2017-05-15T09:35:00+00:00,2017-05-15T10:10:00+00:00,26648,signal_exit,0.02866000000012575,0.46375404530947817,False,True,2100,5.1067264630334686,1.338023992879846,1.8511058635759763,6.903614813922924,-0.0016514403885010017,-0.8148148148148301,0.700000000000145,9.583333333333334
gbpusd_rsi2_m5_usd100000_smaller_stop_and_time,2017-05-15T10:50:00+00:00,2017-05-15T11:10:00+00:00,26663,signal_exit,-0.002239999999939457,-0.03624595469157697,False,False,1200,4.6250311854378685,1.1885619538972014,1.777728143221835,5.866044255196069,-0.8392812732473511,-0.08064516129048432,0.5000000000010552,10.833333333333334
gbpusd_rsi2_m5_usd100000_smaller_stop_and_time,2017-05-15T11:50:00+00:00,2017-05-15T11:55:00+00:00,26675,stop,-0.7331995560877103,-11.864070486856152,True,False,300,4.013912266082132,1.0410369240677144,1.5379804244147897,4.38650078192813,-3.098647236101809,-0.9743589743588138,0.20000000000131024,11.833333333333334
gbpusd_rsi2_m5_usd100000_smaller_stop_and_time,2017-05-15T12:00:00+00:00,2017-05-15T12:20:00+00:00,26677,signal_exit,0.26350000000015483,4.263754045309948,False,True,1200,4.382914147795231,1.119628994227901,1.427148065373862,1.5936953737728219,-3.290150832453231,-0.7384615384618012,0.40000000000040004,12.0
gbpusd_rsi2_m5_usd100000_smaller_stop_and_time,2017-05-15T13:50:00+00:00,2017-05-15T14:40:00+00:00,26699,signal_exit,-0.057859999999892164,-0.9362459546908116,False,False,3000,4.6266611724114695,1.1244940100772483,0.5196934988945382,0.5285596626792345,-2.3878620700168587,-0.872340425531543,0.4999999999988347,13.833333333333334
gbpusd_rsi2_m5_usd100000_smaller_stop_and_time,2017-05-16T08:55:00+00:00,2017-05-16T09:00:00+00:00,26926,stop,-1.3196791825742862,-21.354032080490068,True,False,300,8.308893062899724,2.0057821873174317,1.1282071965950056,-1.0356945436826004,-3.4839257300426403,-0.5161290322580991,1.100000000000545,8.916666666666666
gbpusd_rsi2_m5_usd100000_smaller_stop_and_time,2017-05-16T09:05:00+00:00,2017-05-16T09:05:00+00:00,26928,stop,-1.397008890002932,-22.568802746412473,True,False,0,9.168892487908257,2.1038400581519974,0.9144589821477378,-4.470268849924329,-2.888060162244029,-0.5821917808220115,0.5999999999994898,9.083333333333334
gbpusd_rsi2_m5_usd100000_smaller_stop_and_time,2017-05-16T09:10:00+00:00,2017-05-16T09:50:00+00:00,26929,signal_exit,0.31460000000006727,5.074193548388182,False,True,2400,9.985400167343506,2.205570074054609,0.7620761677670691,-7.409414580326023,-2.901098842123609,-0.6990291262134781,0.2999999999997449,9.166666666666666
gbpusd_rsi2_m5_usd100000_smaller_stop_and_time,2017-05-16T11:50:00+00:00,2017-05-16T12:30:00+00:00,26961,signal_exit,0.14720000000007188,2.374193548388256,False,True,2400,6.324993634832797,1.2458876123403009,-0.8631129514531705,-5.645982857825332,-2.8698721198429733,-0.841584158415711,0.700000000000145,11.833333333333334
gbpusd_rsi2_m5_usd100000_smaller_stop_and_time,2017-05-16T13:50:00+00:00,2017-05-16T14:40:00+00:00,26985,signal_exit,0.3013900000001235,4.868982229404257,False,True,3000,6.321923504385402,1.1858288097037795,-0.5209158062265913,-1.1227849250724415,0.2766967250878835,-0.6222222222222661,0.2999999999997449,13.833333333333334
gbpusd_rsi2_m5_usd100000_smaller_stop_and_time,2017-05-17T07:25:00+00:00,2017-05-17T07:50:00+00:00,27194,signal_exit,0.01630000000004478,0.26375404530816793,False,True,1500,6.888558075459583,1.5571011818405862,0.354139835207496,-1.8555606711609307,-1.5367360410842592,-0.7096774193548773,0.5000000000010552,7.416666666666667
gbpusd_rsi2_m5_usd100000_smaller_stop_and_time,2017-05-17T09:40:00+00:00,2017-05-17T09:50:00+00:00,27221,signal_exit,0.25658000000011416,4.158508914102336,False,True,600,7.206774002594229,1.3927304754128058,0.6928016812163487,2.3893402374885366,-0.5251495016439204,-0.8571428571429578,0.4999999999988347,9.666666666666666
gbpusd_rsi2_m5_usd100000_smaller_stop_and_time,2017-05-17T11:20:00+00:00,2017-05-17T12:00:00+00:00,27241,signal_exit,-0.4525599999998764,-7.3467532467512395,False,False,2400,6.004905885681354,1.1390879343618185,1.3268531403206696,6.749329690784723,0.7327847392501466,-0.4999999999997477,0.4999999999988347,11.333333333333334
gbpusd_rsi2_m5_usd100000_smaller_stop_and_time,2017-05-17T13:45:00+00:00,2017-05-17T14:10:00+00:00,27270,signal_exit,0.2936000000000827,4.758508914101826,False,True,1500,6.759579966553429,1.2373758584362515,1.220509791082174,1.931574927174548,-2.9429210493481532,-0.7105263157895608,0.5000000000010552,13.75
gbpusd_rsi2_m5_usd100000_smaller_stop_and_time,2017-05-17T15:15:00+00:00,2017-05-17T15:20:00+00:00,27288,stop,-1.309151589953971,-21.25246087587615,True,False,300,8.602853814562613,1.4181719532911898,0.9753994456148868,1.7994967266104014,-0.8846209426188363,-0.8439306358381555,0.40000000000040004,15.25
gbpusd_rsi2_m5_usd100000_smaller_stop_and_time,2017-05-17T15:25:00+00:00,2017-05-17T16:05:00+00:00,27290,signal_exit,0.4725300000001589,7.658508914103061,False,True,2400,8.99684844214849,1.455486710292335,0.8504499101484643,-1.0626129444044639,-1.8575905860199493,-0.2575757575757219,0.1999999999990898,15.416666666666666
gbpusd_rsi2_m5_usd100000_smaller_stop_and_time,2017-05-18T08:00:00+00:00,2017-05-18T08:10:00+00:00,27488,signal_exit,0.27432000000009826,4.453246753248348,False,True,600,5.8972618199520666,1.2579982006784538,-0.2783308523275389,-1.1173873834140338,-0.07363418734610515,-0.5245901639344054,0.6000000000017103,8.0
gbpusd_rsi2_m5_usd100000_smaller_stop_and_time,2017-05-18T11:25:00+00:00,2017-05-18T12:05:00+00:00,27529,signal_exit,-0.02222999999992431,-0.36264274061866736,False,False,2400,7.567220641395127,1.1809645093376828,2.2746020892535044,7.223729099493992,-1.9847021006050307,-0.6981132075472409,0.5999999999994898,11.416666666666666
gbpusd_rsi2_m5_usd100000_smaller_stop_and_time,2017-05-18T12:30:00+00:00,2017-05-18T13:05:00+00:00,27542,signal_exit,-0.5800599999999037,-9.46264274061833,False,False,2100,6.740403948710841,1.0578568017239125,1.8438944537571826,5.732221455376665,-0.9265872776677218,-0.8108108108110622,0.9000000000014552,12.5
gbpusd_rsi2_m5_usd100000_smaller_stop_and_time,2017-05-18T13:40:00+00:00,2017-05-18T14:05:00+00:00,27556,signal_exit,-0.12643999999992644,-2.0626427406187022,False,False,1500,6.6008727109237855,1.0331552366755297,1.3382870673073786,4.272499082834678,-0.6435927330528269,-0.6931818181818239,0.5999999999994898,13.666666666666666
gbpusd_rsi2_m5_usd100000_smaller_stop_and_time,2017-05-18T14:30:00+00:00,2017-05-18T15:10:00+00:00,27566,signal_exit,-0.028079999999828076,-0.45732899022521295,False,False,2400,7.69022962138677,1.1696686589504155,1.0345501609808032,1.6156525654638103,-2.7928065282440557,-0.7393939393938709,0.5999999999994898,14.5
gbpusd_rsi2_m5_usd100000_smaller_stop_and_time,2017-05-18T15:35:00+00:00,2017-05-18T15:45:00+00:00,27579,signal_exit,0.3771600000001001,6.142671009773617,False,True,600,7.581178474100027,1.123629771592105,0.5759975128076342,0.8129845329444996,-0.8975261032714761,-0.654761904761738,0.2999999999997449,15.583333333333334
gbpusd_rsi2_m5_usd100000_smaller_stop_and_time,2017-05-19T10:35:00+00:00,2017-05-19T11:00:00+00:00,27803,signal_exit,-0.11403999999998221,-1.8573289902277232,False,False,1500,5.037808753981938,1.0264039761912327,1.9987285727804966,6.391670716921981,-1.2717861480182193,-0.9210526315790243,0.5000000000010552,10.583333333333334
gbpusd_rsi2_m5_usd100000_smaller_stop_and_time,2017-05-19T13:25:00+00:00,2017-05-19T13:35:00+00:00,27837,signal_exit,0.38848000000018024,6.337357259383038,False,True,600,6.248631622960193,1.1958094191515873,1.6737322841555917,5.901199849666879,-0.623992261328267,-0.650000000000259,0.5000000000010552,13.416666666666666
gbpusd_rsi2_m5_usd100000_smaller_stop_and_time,2017-05-19T14:20:00+00:00,2017-05-19T14:30:00+00:00,27848,signal_exit,0.13102000000012687,2.1373572593821675,False,True,600,6.208923766169287,1.1626110154965137,1.650564525232296,5.223039899198333,-1.5050469328333402,-0.4615384615384287,0.4999999999988347,14.333333333333334
gbpusd_rsi2_m5_usd100000_smaller_stop_and_time,2017-05-19T15:45:00+00:00,2017-05-19T16:30:00+00:00,27865,signal_exit,-0.23677999999983262,-3.8626427406171713,False,False,2700,5.912902828732043,1.0922848775435532,1.5529799457040856,5.365277025622882,-0.43996479848951103,-0.602040816326408,0.3999999999981796,15.75
gbpusd_rsi2_m5_usd100000_smaller_stop_and_time,2017-05-22T07:05:00+00:00,2017-05-22T07:30:00+00:00,28046,stop,-0.9035308261188442,-14.715485767407886,True,False,1500,5.329078388591213,1.3087116399876544,-0.44338446804501985,-2.937265694471177,-0.8815811167739867,-0.9157894736841269,0.3999999999981796,7.083333333333333
gbpusd_rsi2_m5_usd100000_smaller_stop_and_time,2017-05-22T07:35:00+00:00,2017-05-22T08:00:00+00:00,28052,signal_exit,0.6131200000001293,9.953246753248854,False,True,1500,7.433098550528997,1.6595779652297555,-0.5224133704556342,-7.445566367062073,-2.7622776179230986,-0.8737864077670228,0.4999999999988347,7.583333333333333
gbpusd_rsi2_m5_usd100000_smaller_stop_and_time,2017-05-22T08:40:00+00:00,2017-05-22T09:05:00+00:00,28065,signal_exit,-0.21844999999984777,-3.5520325203227276,False,False,1500,6.77438333279175,1.4224575438913636,-0.8350042152123305,-4.802325471367609,-0.7560688376168,-0.903846153845965,0.2999999999997449,8.666666666666666
gbpusd_rsi2_m5_usd100000_smaller_stop_and_time,2017-05-22T10:40:00+00:00,2017-05-22T11:25:00+00:00,28089,signal_exit,0.21138000000010468,3.442671009773692,False,True,2700,7.710885188836339,1.4336489778757078,-0.4845299409510344,-0.14219395644642135,0.4688653365782898,-0.35211267605646135,0.5000000000010552,10.666666666666666
gbpusd_rsi2_m5_usd100000_smaller_stop_and_time,2017-05-22T12:30:00+00:00,2017-05-22T12:55:00+00:00,28111,signal_exit,0.08244000000021429,1.342671009775477,False,True,1500,6.550261567964726,1.1687028162833677,0.2827163119509202,2.044762337722696,0.5130355361522021,-0.354838709677558,0.4999999999988347,12.5
gbpusd_rsi2_m5_usd100000_smaller_stop_and_time,2017-05-22T14:45:00+00:00,2017-05-22T15:15:00+00:00,28138,stop,-1.141956443466462,-18.628979501899867,True,False,1800,7.333168380640732,1.221323429253194,0.58876738730408,2.498795711348955,0.10162345318655369,-0.4032258064517053,0.2999999999997449,14.75
gbpusd_rsi2_m5_usd100000_smaller_stop_and_time,2017-05-23T07:00:00+00:00,2017-05-23T07:05:00+00:00,28328,target,0.5449952507421785,8.84732549906134,False,True,300,6.5970393729060595,1.4242888081849066,-0.5197647419496167,-6.63561788184956,-2.656745111456477,-0.8507462686567213,0.700000000000145,7.0
gbpusd_rsi2_m5_usd100000_smaller_stop_and_time,2017-05-23T08:05:00+00:00,2017-05-23T08:25:00+00:00,28341,signal_exit,0.24280000000003318,3.9479674796753357,False,True,1200,9.538626128273823,1.719065693535059,-0.5121730137441901,-3.0546386870781097,-0.6750098164653452,-0.6981132075471435,0.0,8.083333333333334
gbpusd_rsi2_m5_usd100000_smaller_stop_and_time,2017-05-23T10:05:00+00:00,2017-05-23T10:15:00+00:00,28365,stop,-0.9224970569125299,-14.999952144919186,True,False,600,5.573959812297362,1.0244709288384173,-0.10405325469985295,-0.6218221598266362,-0.8108141448417295,-0.7901234567901133,0.20000000000131024,10.083333333333334
gbpusd_rsi2_m5_usd100000_smaller_stop_and_time,2017-05-23T10:20:00+00:00,2017-05-23T10:55:00+00:00,28368,signal_exit,-0.12004999999988591,-1.9520325203233482,False,False,2100,6.102292167499104,1.1042364343860884,-0.10236368711346984,-3.4355228467957004,-2.909677479685026,-0.7647058823529719,0.30000000000196536,10.333333333333334
gbpusd_rsi2_m5_usd100000_smaller_stop_and_time,2017-05-23T12:00:00+00:00,2017-05-23T12:50:00+00:00,28388,target,0.38915990178383897,6.327803281038032,False,True,3000,5.239917900680081,0.9588082631151683,-0.6628286625120533,-3.036550069894692,-0.5268543262228859,-0.7213114754098301,0.4999999999988347,12.0
gbpusd_rsi2_m5_usd100000_smaller_stop_and_time,2017-05-23T14:00:00+00:00,2017-05-23T14:10:00+00:00,28412,stop,-0.8956735657124923,-14.56379781646329,True,False,600,5.005882648070594,0.9250768751283021,-0.17351615856388788,-0.010328884510404064,0.2811105927598028,-0.4146341463414502,0.8999999999992347,14.0
gbpusd_rsi2_m5_usd100000_smaller_stop_and_time,2017-05-23T14:15:00+00:00,2017-05-23T14:45:00+00:00,28415,signal_exit,-0.3168499999999462,-5.152032520324328,False,False,1800,5.476794525441395,1.0009135177152804,-0.12485747831110135,-1.6952597403246077,-1.3043824654326561,-0.3043478260866627,0.4999999999988347,14.25
gbpusd_rsi2_m5_usd100000_smaller_stop_and_time,2017-05-23T15:55:00+00:00,2017-05-23T15:55:00+00:00,28435,stop,-1.4724007940102313,-23.980468957821355,True,False,0,9.861569983798168,1.5431585604096572,0.18704021393298076,0.9307963245035038,0.030016151039083366,-0.48214285714283944,0.5999999999994898,15.916666666666666
gbpusd_rsi2_m5_usd100000_smaller_stop_and_time,2017-05-24T09:35:00+00:00,2017-05-24T10:05:00+00:00,28644,stop,-0.9021677525638159,-14.669394350631153,True,False,1800,5.25868091515486,1.230493481073606,0.6383992334665252,3.2698634279918655,0.30360037809873924,-0.5862068965514865,0.4999999999988347,9.583333333333334
gbpusd_rsi2_m5_usd100000_smaller_stop_and_time,2017-05-24T10:10:00+00:00,2017-05-24T10:40:00+00:00,28651,stop,-1.0064271320670268,-16.364668814097996,True,False,1800,6.156318146887215,1.3748632313326226,0.6931163681864992,-1.2279879827116713,-3.1787601556825686,-0.8306010928961569,0.40000000000040004,10.166666666666666
gbpusd_rsi2_m5_usd100000_smaller_stop_and_time,2017-05-24T11:45:00+00:00,2017-05-24T11:55:00+00:00,28670,signal_exit,0.12648000000008713,2.0532467532481675,False,True,600,5.173699142086383,1.1294364475922358,-0.3059051266643294,-2.594147872054003,-0.9697097744831218,-0.6153846153848344,0.700000000000145,11.75
gbpusd_rsi2_m5_usd100000_smaller_stop_and_time,2017-05-24T13:10:00+00:00,2017-05-24T13:25:00+00:00,28687,stop,-1.0278116948742333,-16.68525478691937,True,False,900,6.319250770083723,1.2972166372854683,-0.38626802924234765,-3.5336502419333287,-2.9067393145143035,-0.4580152671757187,0.40000000000040004,13.166666666666666
gbpusd_rsi2_m5_usd100000_smaller_stop_and_time,2017-05-24T13:30:00+00:00,2017-05-24T13:50:00+00:00,28691,target,0.71262844860368,11.549893818536141,False,True,1200,7.645692452216701,1.4921867856416786,-0.4905782894695486,-7.5224787731630505,-3.575114713329608,-0.8220338983051357,0.10000000000065512,13.5
gbpusd_rsi2_m5_usd100000_smaller_stop_and_time,2017-05-24T14:35:00+00:00,2017-05-24T14:45:00+00:00,28704,signal_exit,0.22504000000018573,3.653246753249768,False,True,600,6.889736402693615,1.2960508218390312,-0.7541610466025407,-3.366902629562418,-0.10271686166865443,-0.43181818181849146,0.40000000000040004,14.583333333333334
gbpusd_rsi2_m5_usd100000_smaller_stop_and_time,2017-05-24T15:05:00+00:00,2017-05-24T15:45:00+00:00,28710,stop,-1.033927870437252,-16.78454335125409,True,False,2400,6.368895052251443,1.1966530135566436,-0.8371671448064281,-3.575772310076735,-0.20705648482503738,-0.23404255319162004,0.40000000000040004,15.083333333333334
gbpusd_rsi2_m5_usd100000_smaller_stop_and_time,2017-05-24T15:50:00+00:00,2017-05-24T16:15:00+00:00,28719,signal_exit,-0.1382999999998698,-2.2414910858974038,False,False,1500,5.455595898170686,1.0373242612066162,-0.8594167035208524,-5.502572199315327,-1.6407405117135432,-0.7916666666667053,0.5000000000010552,15.833333333333334
gbpusd_rsi2_m5_usd100000_smaller_stop_and_time,2017-05-25T09:00:00+00:00,2017-05-25T09:30:00+00:00,28923,stop,-1.2759652077626138,-20.74740175223762,True,False,1800,8.347684615957514,1.8078297923075037,0.681650220764288,-0.31521855083367506,-2.19350564687467,-0.6833333333332593,0.3999999999981796,9.0
gbpusd_rsi2_m5_usd100000_smaller_stop_and_time,2017-05-25T09:35:00+00:00,2017-05-25T10:10:00+00:00,28930,stop,-1.175870547654939,-19.088807591800958,True,False,2100,7.571027172525157,1.5995458778373224,0.33384274270747555,-3.385023963007767,-1.7704530766864612,-0.5703124999998441,0.2999999999997449,9.583333333333334
gbpusd_rsi2_m5_usd100000_smaller_stop_and_time,2017-05-25T10:15:00+00:00,2017-05-25T10:20:00+00:00,28938,target,0.6905641609130746,11.192287859207042,False,True,300,7.466889472552574,1.5105030739378498,-0.24021579249988598,-6.228388063763247,-1.5966545351572417,-0.3411764705883736,0.10000000000065512,10.25
gbpusd_rsi2_m5_usd100000_smaller_stop_and_time,2017-05-25T11:25:00+00:00,2017-05-25T12:00:00+00:00,28952,signal_exit,0.17576000000013645,2.853246753248968,False,True,2100,6.981804688194604,1.336918887888496,-0.7911033941158968,-3.2631216351998185,-0.21559236836382137,-0.636363636363881,0.40000000000040004,11.416666666666666
gbpusd_rsi2_m5_usd100000_smaller_stop_and_time,2017-05-25T12:30:00+00:00,2017-05-25T12:50:00+00:00,28965,signal_exit,-0.06447999999979609,-1.0467532467499365,False,False,1200,6.196567475864426,1.1757577308848444,-0.6556024991099084,-3.686666096489408,-1.5345070806771686,-0.7704918032786408,1.1999999999989797,12.5
gbpusd_rsi2_m5_usd100000_smaller_stop_and_time,2017-05-25T13:50:00+00:00,2017-05-25T14:35:00+00:00,28981,stop,-0.9098365877321839,-14.770074476171816,True,False,2700,5.361660614710612,1.0205947717171162,-0.6122577671298761,-3.5231898362432204,-1.6103381656413709,-0.782608695651964,0.3999999999981796,13.833333333333334
gbpusd_rsi2_m5_usd100000_smaller_stop_and_time,2017-05-25T14:40:00+00:00,2017-05-25T14:55:00+00:00,28991,target,0.42357019825359754,6.864995109458631,False,True,900,5.453243097678495,1.0390564930805661,-0.6926998377624041,-5.8679612984358975,-2.8034591306049728,-0.6861313868614972,0.40000000000040004,14.666666666666666
gbpusd_rsi2_m5_usd100000_smaller_stop_and_time,2017-05-26T07:55:00+00:00,2017-05-26T08:20:00+00:00,29193,signal_exit,-0.2867999999998803,-4.6258064516109725,False,False,1500,6.566418100929309,1.311926110091607,-1.8108797586311434,-6.018136885957051,0.49243889452223333,-0.5322580645165276,0.5000000000010552,7.916666666666667
gbpusd_rsi2_m5_usd100000_smaller_stop_and_time,2017-05-26T09:25:00+00:00,2017-05-26T09:40:00+00:00,29211,signal_exit,0.4893100000002413,7.879388083739794,False,True,900,6.980570811356172,1.3093967570788698,-1.4326956490253342,-8.210676255812473,-2.865029249643661,-0.9423076923077375,0.3999999999981796,9.416666666666666
gbpusd_rsi2_m5_usd100000_smaller_stop_and_time,2017-05-26T10:35:00+00:00,2017-05-26T11:00:00+00:00,29225,stop,-1.0283027582358524,-16.55882058350809,True,False,1500,6.16910433362346,1.143916167617554,-1.491986491808216,-6.9716933363069975,-1.4604069635162509,-0.8599999999999867,0.5999999999994898,10.583333333333334
gbpusd_rsi2_m5_usd100000_smaller_stop_and_time,2017-05-26T11:05:00+00:00,2017-05-26T11:15:00+00:00,29231,signal_exit,0.1601800000001534,2.57938808373838,False,True,600,6.1632993347094995,1.1351676376984638,-1.5779862342962219,-8.775727655281385,-2.176979412112475,-0.34210526315801776,0.40000000000040004,11.083333333333334
gbpusd_rsi2_m5_usd100000_smaller_stop_and_time,2017-05-26T11:50:00+00:00,2017-05-26T12:05:00+00:00,29240,stop,-0.9073628474049475,-14.611317993638446,True,False,900,5.4953530386885125,1.0231808433074068,-1.7329290716908559,-8.866746511964815,-1.4518579643832619,-0.6923076923077449,0.0,11.833333333333334
gbpusd_rsi2_m5_usd100000_smaller_stop_and_time,2017-05-26T12:10:00+00:00,2017-05-26T12:15:00+00:00,29244,target,0.4235552530292892,6.8095699843937165,False,True,300,5.462502033995817,1.016704306846617,-1.8973416495965383,-10.727391972564865,-2.2180534670167154,-0.7857142857139836,0.4999999999988347,12.166666666666666
gbpusd_rsi2_m5_usd100000_smaller_stop_and_time,2017-05-26T12:40:00+00:00,2017-05-26T13:40:00+00:00,29250,holding_bars,-1.072199999999904,-17.21027287319268,False,False,3600,8.056168332313153,1.3954229456736258,-1.980381957115834,-12.710237498221005,-3.174623214634458,-0.7932203389830517,0.700000000000145,12.666666666666666
gbpusd_rsi2_m5_usd100000_smaller_stop_and_time,2017-05-26T14:45:00+00:00,2017-05-26T15:15:00+00:00,29275,stop,-1.416259583690974,-22.696467687355348,True,False,1800,9.195669741114857,1.387787674877995,-2.445679899114734,-11.059541523991845,-1.630825197292105,-0.27659574468066006,0.700000000000145,14.75
gbpusd_rsi2_m5_usd100000_smaller_stop_and_time,2017-05-26T15:20:00+00:00,2017-05-26T15:55:00+00:00,29282,signal_exit,0.40625000000008593,6.500000000001374,False,True,2100,8.981128037226911,1.3276655813285514,-2.536951140965451,-13.110083848569449,-2.1396587986787106,-0.6938775510204359,0.40000000000040004,15.333333333333334
gbpusd_rsi2_m5_usd100000_smaller_stop_and_time,2017-05-29T10:05:00+00:00,2017-05-29T10:15:00+00:00,29502,signal_exit,0.04258000000020806,0.6845659164020588,False,True,600,3.5805605341881535,1.0123998152959381,0.8188432348463179,2.6401895953544026,-1.1322560625186506,-0.5312499999998482,0.5999999999994898,10.083333333333334
gbpusd_rsi2_m5_usd100000_smaller_stop_and_time,2017-05-29T13:30:00+00:00,2017-05-29T14:10:00+00:00,29543,signal_exit,-0.15023999999981213,-2.4154340835982655,False,False,2400,3.2095635106201597,0.9510945361444691,0.8417223827185881,0.025455362755985565,-3.659470707832727,-0.7906976744185447,0.5999999999994898,13.5
gbpusd_rsi2_m5_usd100000_smaller_stop_and_time,2017-05-30T08:40:00+00:00,2017-05-30T09:15:00+00:00,29768,signal_exit,-0.23725999999983044,-3.8206119162613597,False,False,2100,7.160264819135825,1.5926401525317997,0.9098010084552969,6.16662167631272,0.6704587298110521,-0.3249999999997641,0.40000000000040004,8.666666666666666
gbpusd_rsi2_m5_usd100000_smaller_stop_and_time,2017-05-30T11:35:00+00:00,2017-05-30T11:40:00+00:00,29803,target,0.3974348102039642,6.39991642840522,False,True,300,5.310264172334359,1.1272868976831851,1.5288884745865345,5.69774656121725,-0.07121224223728709,-0.6944444444448385,0.6000000000017103,11.583333333333334
gbpusd_rsi2_m5_usd100000_smaller_stop_and_time,2017-05-30T12:55:00+00:00,2017-05-30T13:25:00+00:00,29819,stop,-1.1219597209183132,-18.066984233789263,True,False,1800,6.973186158762998,1.3266369408642502,1.344908562878816,3.728675150463273,-1.445590502010085,-0.5979381443298379,0.5000000000010552,12.916666666666666
gbpusd_rsi2_m5_usd100000_smaller_stop_and_time,2017-05-30T13:30:00+00:00,2017-05-30T13:40:00+00:00,29826,signal_exit,0.2471200000001714,3.97938808373867,False,True,600,6.91075180583404,1.2869240519796492,1.057806018718625,1.0297061837681711,-2.037362660529067,-0.7090909090910485,0.40000000000040004,13.5
gbpusd_rsi2_m5_usd100000_smaller_stop_and_time,2017-05-30T14:45:00+00:00,2017-05-30T15:10:00+00:00,29841,signal_exit,-0.026399999999826396,-0.42580645161010316,False,False,1500,7.251563745824294,1.2716890154057476,0.9460248061214116,4.061282222308752,0.2647842940169567,-0.9423076923077498,0.40000000000040004,14.75
gbpusd_rsi2_m5_usd100000_smaller_stop_and_time,2017-05-30T15:45:00+00:00,2017-05-30T16:00:00+00:00,29853,stop,-1.0799275340393153,-17.418186032892184,True,False,900,6.7461897906409884,1.1613031616305218,1.055174659202017,3.0358481390913195,-0.9997414817728454,-0.8113207547166333,0.2999999999997449,15.75
gbpusd_rsi2_m5_usd100000_smaller_stop_and_time,2017-05-31T07:45:00+00:00,2017-05-31T08:10:00+00:00,30044,stop,-1.1206689442227962,-17.988265557348253,True,False,1500,6.938996342078715,1.3938644106033782,-0.8170541145232559,-3.0244047628900756,-0.09721182475951021,-0.942028985507195,0.4999999999988347,7.75
gbpusd_rsi2_m5_usd100000_smaller_stop_and_time,2017-05-31T08:15:00+00:00,2017-05-31T08:35:00+00:00,30050,stop,-1.1087375648758107,-17.76823020634312,True,False,1200,6.781551000607997,1.3387071598442448,-0.7965813334096605,-5.9020896358101975,-1.821067130009371,-0.9206349206347696,0.6000000000017103,8.25
gbpusd_rsi2_m5_usd100000_smaller_stop_and_time,2017-05-31T08:40:00+00:00,2017-05-31T08:50:00+00:00,30055,target,0.8178270716044991,13.085233145671983,False,True,600,8.592616572835466,1.5842350479836729,-0.7476654889966605,-9.424745226635526,-3.061255206617915,-0.9503311258278535,0.5000000000010552,8.666666666666666
gbpusd_rsi2_m5_usd100000_smaller_stop_and_time,2017-05-31T11:00:00+00:00,2017-05-31T12:00:00+00:00,30083,holding_bars,0.06746000000009483,1.0845659164002384,False,True,3600,9.287920733986098,1.4470508699529512,-0.07749771620775794,2.6057425580625146,0.6979304729536,-0.9743589743588065,0.2999999999997449,11.0
gbpusd_rsi2_m5_usd100000_smaller_stop_and_time,2017-06-01T09:20:00+00:00,2017-06-01T09:55:00+00:00,30349,stop,-1.2839882067919592,-20.676138595683724,True,False,2100,8.377763339710489,1.521347951923864,0.16706917884523825,-2.141707270303332,-2.3554641865685104,-0.8461538461537745,0.2999999999997449,9.333333333333334
gbpusd_rsi2_m5_usd100000_smaller_stop_and_time,2017-06-01T10:10:00+00:00,2017-06-01T10:50:00+00:00,30359,signal_exit,0.6023800000000084,9.684565916398848,False,True,2400,8.4154429399179,1.4526509394242475,-0.18274323175199145,-5.117169892706116,-1.5338106241836456,-0.6941176470586545,0.700000000000145,10.166666666666666
gbpusd_rsi2_m5_usd100000_smaller_stop_and_time,2017-06-01T12:20:00+00:00,2017-06-01T12:30:00+00:00,30385,target,0.7469104971255971,12.027544237127167,False,True,600,8.024078076693291,1.3070000589375046,-0.4895811985013602,-2.424332811966924,-1.1262924227594655,-0.3238095238094261,0.3999999999981796,12.333333333333334
gbpusd_rsi2_m5_usd100000_smaller_stop_and_time,2017-06-02T07:00:00+00:00,2017-06-02T07:40:00+00:00,30601,signal_exit,-0.13789999999986896,-2.22061191626198,False,False,2400,4.491164052578958,1.2309111375475752,-0.3394952746975587,-5.016623884956156,-2.9171148044165425,-0.4909090909090322,0.5999999999994898,7.0
gbpusd_rsi2_m5_usd100000_smaller_stop_and_time,2017-06-02T08:45:00+00:00,2017-06-02T09:05:00+00:00,30622,stop,-1.0243106709721463,-16.494535764446802,True,False,1200,6.186961924092762,1.4812590151309877,-0.7158312638147067,-3.9516465383714805,-1.1032972645088102,-0.8214285714283944,0.4999999999988347,8.75
gbpusd_rsi2_m5_usd100000_smaller_stop_and_time,2017-06-02T09:10:00+00:00,2017-06-02T09:30:00+00:00,30627,signal_exit,0.3402700000002301,5.4793880837396145,False,True,1200,5.903339668148395,1.3974829219794285,-0.7810949896050403,-5.52755439597245,-2.0247078677156876,-0.2179487179487216,0.3999999999981796,9.166666666666666
gbpusd_rsi2_m5_usd100000_smaller_stop_and_time,2017-06-02T10:30:00+00:00,2017-06-02T10:30:00+00:00,30643,stop,-0.927978595417853,-14.967396700287951,True,False,0,5.470795124338757,1.2567242030746626,-0.5883098646438747,-2.377102825002887,-0.07754819546604041,-0.4698795180723633,0.40000000000040004,10.5
gbpusd_rsi2_m5_usd100000_smaller_stop_and_time,2017-06-02T10:35:00+00:00,2017-06-02T11:35:00+00:00,30644,holding_bars,-0.15031999999995033,-2.42061191626329,False,False,3600,6.115738329743096,1.3715756923811562,-0.6041307944015472,-4.362619305908072,-1.2713514916602453,-0.6413793103447631,0.1999999999990898,10.583333333333334
gbpusd_rsi2_m5_usd100000_smaller_stop_and_time,2017-06-02T13:40:00+00:00,2017-06-02T14:05:00+00:00,30681,signal_exit,0.3837400000001012,6.179388083737539,False,True,1500,10.608854050612457,1.7568579738235832,-0.10586672627755501,-2.2038952812522568,-0.8858190255697115,-0.7357512953367804,0.5999999999994898,13.666666666666666
gbpusd_rsi2_m5_usd100000_smaller_stop_and_time,2017-06-05T07:35:00+00:00,2017-06-05T07:45:00+00:00,30894,target,0.32802452102341584,5.2907180810228365,False,True,600,4.658262266316178,1.1824466141910535,0.07757868581307188,-1.2058845657921877,-1.408119107974915,-0.7613636363635847,0.3999999999981796,7.583333333333333
gbpusd_rsi2_m5_usd100000_smaller_stop_and_time,2017-06-05T10:35:00+00:00,2017-06-05T11:20:00+00:00,30930,signal_exit,0.05379000000015072,0.8689822294046965,False,True,2700,6.964607652003876,1.3868498757347896,1.0633765576249308,5.07354533281082,0.32551289033952463,-0.5434782608698591,0.40000000000040004,10.583333333333334
gbpusd_rsi2_m5_usd100000_smaller_stop_and_time,2017-06-05T12:30:00+00:00,2017-06-05T13:10:00+00:00,30953,signal_exit,-0.2680899999998963,-4.331017770596063,False,False,2400,5.693210068135795,1.1056897776859713,1.275888101105193,3.9551843105071045,-1.1634263710005062,-0.6811594202897339,0.5999999999994898,12.5
gbpusd_rsi2_m5_usd100000_smaller_stop_and_time,2017-06-05T14:05:00+00:00,2017-06-05T14:50:00+00:00,30972,signal_exit,0.12754000000008742,2.063754045308858,False,True,2700,7.7800866487803795,1.3613867739447096,1.2309766007140799,6.288497845003553,0.6418200108010633,-0.5757575757576522,0.5000000000010552,14.083333333333334
gbpusd_rsi2_m5_usd100000_smaller_stop_and_time,2017-06-05T15:50:00+00:00,2017-06-05T16:20:00+00:00,30993,signal_exit,-0.23707999999996848,-3.836245954692046,False,False,1800,5.660542308470095,1.0013317793996346,1.4265840260261686,4.820137647309062,-0.6449079145698987,-0.2857142857142291,0.40000000000040004,15.833333333333334
gbpusd_rsi2_m5_usd100000_smaller_stop_and_time,2017-06-06T07:10:00+00:00,2017-06-06T07:35:00+00:00,31168,signal_exit,-0.02695999999996418,-0.43624595469197697,False,False,1500,5.947095649559523,1.4414605932454192,0.7935612058772479,-0.6147167526865133,-2.290581890333285,-0.7314814814815652,0.30000000000196536,7.166666666666667
gbpusd_rsi2_m5_usd100000_smaller_stop_and_time,2017-06-06T09:10:00+00:00,2017-06-06T10:10:00+00:00,31192,holding_bars,-0.5522599999998377,-8.93624595468993,False,False,3600,6.356061057357005,1.3589304281502113,0.28328886009002835,0.17934100274648335,-1.2240171193576477,-0.35632183908027204,0.4999999999988347,9.166666666666666
gbpusd_rsi2_m5_usd100000_smaller_stop_and_time,2017-06-06T10:30:00+00:00,2017-06-06T11:00:00+00:00,31208,signal_exit,0.14664000000020921,2.3689822294056415,False,True,1800,5.544685721829629,1.1769897389257016,-0.04139810321136703,-2.9409175886648384,-2.6650684884748137,-0.7826086956521879,0.09999999999843467,10.5
gbpusd_rsi2_m5_usd100000_smaller_stop_and_time,2017-06-06T12:35:00+00:00,2017-06-06T12:35:00+00:00,31233,stop,-0.9778457979619579,-15.797185750597059,True,False,0,5.883083990000829,1.1795056340568129,-0.46728284948656307,-2.6019474519742536,-1.2660326947553207,-0.5882352941180056,0.40000000000040004,12.583333333333334
gbpusd_rsi2_m5_usd100000_smaller_stop_and_time,2017-06-06T12:40:00+00:00,2017-06-06T13:00:00+00:00,31234,signal_exit,0.5688000000002182,9.174193548390617,False,True,1200,7.470006562143612,1.4287074938239024,-0.5045129356188154,-7.304956727812451,-3.8752925504369093,-0.9110320284697205,0.1999999999990898,12.666666666666666
gbpusd_rsi2_m5_usd100000_smaller_stop_and_time,2017-06-07T07:25:00+00:00,2017-06-07T07:35:00+00:00,31453,stop,-0.7930132311076072,-12.811199210139051,True,False,600,4.440090719772129,1.2887369227003642,0.343494034569589,-1.2650178589087104,-3.0455217997634016,-0.5612244897959808,0.2999999999997449,7.416666666666667
gbpusd_rsi2_m5_usd100000_smaller_stop_and_time,2017-06-07T07:40:00+00:00,2017-06-07T07:45:00+00:00,31456,target,0.3420165811750471,5.525308258078304,False,True,300,4.828163014336462,1.3662168026603814,0.2254114512067259,-4.076234843274112,-3.0158734691729694,-0.8192771084338639,0.4999999999988347,7.666666666666667
gbpusd_rsi2_m5_usd100000_smaller_stop_and_time,2017-06-07T10:15:00+00:00,2017-06-07T11:10:00+00:00,31487,signal_exit,0.20235000000002443,3.2689822294026563,False,True,3300,7.183121773201393,1.5969174978231337,0.22082890887698112,-0.8700845057432197,-1.2316426233776587,-0.8181818181818182,0.40000000000040004,10.25
gbpusd_rsi2_m5_usd100000_smaller_stop_and_time,2017-06-07T15:35:00+00:00,2017-06-07T15:50:00+00:00,31551,stop,-1.1435188017166924,-18.563616910985267,True,False,900,7.208431832117178,1.2214836510328635,1.672121697434256,6.670754929463637,0.08018133041350699,-0.8035714285716905,0.4999999999988347,15.583333333333334
gbpusd_rsi2_m5_usd100000_smaller_stop_and_time,2017-06-07T15:55:00+00:00,2017-06-07T16:05:00+00:00,31555,stop,-1.129826907021654,-18.31161923860055,True,False,600,7.085064076350775,1.1948123334696554,1.6768837231735492,3.7095199912562133,-2.594528363928809,-0.7739130434783213,0.5000000000010552,15.916666666666666
gbpusd_rsi2_m5_usd100000_smaller_stop_and_time,2017-06-08T08:35:00+00:00,2017-06-08T09:20:00+00:00,31753,stop,-0.8835963914496154,-14.344097263792458,True,False,2700,5.148672008519801,1.3053362608918535,1.114700907455959,2.672064068110979,-2.7615181723929543,-0.699999999999963,0.40000000000040004,8.583333333333334
gbpusd_rsi2_m5_usd100000_smaller_stop_and_time,2017-06-08T09:25:00+00:00,2017-06-08T09:50:00+00:00,31763,stop,-0.8733136255720353,-14.177169246299274,True,False,1500,5.1152079997739595,1.2655527247285756,0.7749200638887896,-0.19612988063900974,-2.134309305268675,-0.8536585365852272,0.2999999999997449,9.416666666666666
gbpusd_rsi2_m5_usd100000_smaller_stop_and_time,2017-06-08T09:55:00+00:00,2017-06-08T10:20:00+00:00,31769,signal_exit,0.022120000000085127,0.35850891410186586,False,True,1500,6.034209015028537,1.418241437982329,0.39464297641300305,-3.3763031763211835,-2.4308351879958012,-0.6198347107436758,0.4999999999988347,9.916666666666666
gbpusd_rsi2_m5_usd100000_smaller_stop_and_time,2017-06-08T11:50:00+00:00,2017-06-08T12:40:00+00:00,31792,stop,-1.007811524888358,-16.334060370962042,True,False,3000,5.896284642532475,1.2901469543217419,-0.5730656838172545,-2.9955789321116977,-1.5261448214046742,-0.18978102189774396,0.8999999999992347,11.833333333333334
gbpusd_rsi2_m5_usd100000_smaller_stop_and_time,2017-06-08T12:45:00+00:00,2017-06-08T13:20:00+00:00,31803,stop,-1.120193300936175,-18.126105193141992,True,False,2100,7.1449296192245075,1.4566071177589275,-0.5202070321677477,-5.659841038138014,-3.2480843408167286,-0.718309859154956,0.20000000000131024,12.75
gbpusd_rsi2_m5_usd100000_smaller_stop_and_time,2017-06-08T14:15:00+00:00,2017-06-08T14:30:00+00:00,31821,signal_exit,0.46744000000011865,7.563754045309363,False,True,900,8.444553157025478,1.5034737731136871,-1.0976818383122504,-6.553876794411988,-2.361435006236771,-0.8240740740741502,0.5000000000010552,14.25
gbpusd_rsi2_m5_usd100000_smaller_stop_and_time,2017-06-08T15:55:00+00:00,2017-06-08T16:15:00+00:00,31841,stop,-1.1728950864558216,-19.009644837209425,True,False,1200,7.634076875655506,1.2575751853148653,-0.4856677483658587,-1.2453252448886807,0.07083053821184568,-0.925925925926261,0.10000000000065512,15.916666666666666
gbpusd_rsi2_m5_usd100000_smaller_stop_and_time,2017-06-09T08:10:00+00:00,2017-06-09T08:20:00+00:00,32034,target,1.6494091152704982,26.222720433553228,False,True,600,15.101185336012696,1.0544510976535733,-1.8726636356537332,-6.817490884441396,0.22809381549135074,-0.6502732240437298,0.40000000000040004,8.166666666666666
gbpusd_rsi2_m5_usd100000_smaller_stop_and_time,2017-06-09T09:05:00+00:00,2017-06-09T09:30:00+00:00,32045,signal_exit,-0.06811999999983326,-1.0847133757935232,False,False,1500,15.194703461711612,1.0468627614559802,-1.3280447029882754,-4.448438868314304,0.2413089623230444,-0.1346153846154503,0.7999999999985796,9.083333333333334
gbpusd_rsi2_m5_usd100000_smaller_stop_and_time,2017-06-09T12:00:00+00:00,2017-06-09T13:00:00+00:00,32080,holding_bars,-1.5521599999998235,-24.794888178910917,False,False,3600,12.168103404181034,0.9029526164201868,-0.27708975674653913,-2.1197494777119226,-2.107828475758724,-0.5775862068966334,0.700000000000145,12.0
gbpusd_rsi2_m5_usd100000_smaller_stop_and_time,2017-06-09T13:05:00+00:00,2017-06-09T13:15:00+00:00,32093,signal_exit,0.6778000000001818,10.810207336526027,False,True,600,10.48281757505281,0.8072013717097701,-0.38726921072184467,-3.6548368555320776,-1.7036513535805384,-0.3246753246754595,0.40000000000040004,13.083333333333334
gbpusd_rsi2_m5_usd100000_smaller_stop_and_time,2017-06-09T14:45:00+00:00,2017-06-09T15:00:00+00:00,32113,signal_exit,0.6652600000000997,10.610207336524716,False,True,900,7.990800354756738,0.6678584015548108,-0.6703418169777349,-2.9383206228721246,-1.1643915428046587,-0.7666666666665927,0.0,14.75
gbpusd_rsi2_m5_usd100000_smaller_stop_and_time,2017-06-12T07:05:00+00:00,2017-06-12T07:30:00+00:00,32306,signal_exit,0.18247000000013888,2.9102073365253407,False,True,1500,5.153155383648037,0.9733617832560316,0.3658369451757853,-1.8725143745376134,-1.9908913456144375,-0.6352941176470281,0.5999999999994898,7.083333333333333
gbpusd_rsi2_m5_usd100000_smaller_stop_and_time,2017-06-12T08:10:00+00:00,2017-06-12T08:35:00+00:00,32319,signal_exit,-0.12475999999992476,-1.989792663475674,False,False,1500,5.584719050781568,1.0415610495091556,-0.17008592479501983,-3.30482740397759,-2.274339162480898,-0.7794117647060744,0.6000000000017103,8.166666666666666
gbpusd_rsi2_m5_usd100000_smaller_stop_and_time,2017-06-12T09:20:00+00:00,2017-06-12T09:35:00+00:00,32333,stop,-0.9866312463994171,-15.735745556609523,True,False,900,5.9729764465665856,1.0906517924451762,-0.5936238408813925,-4.288195367121353,-2.014885891078979,-0.6764705882353581,0.20000000000131024,9.333333333333334
gbpusd_rsi2_m5_usd100000_smaller_stop_and_time,2017-06-12T09:55:00+00:00,2017-06-12T10:30:00+00:00,32340,stop,-1.0732050920349898,-17.089253057882004,True,False,2100,6.652269841044079,1.1836507509687726,-0.9254008733214381,-7.712412645095639,-2.1643400916322277,-0.5338345864661352,0.1999999999990898,9.916666666666666
gbpusd_rsi2_m5_usd100000_smaller_stop_and_time,2017-06-12T10:35:00+00:00,2017-06-12T11:05:00+00:00,32348,signal_exit,0.17740000000009812,2.8203497615277917,False,True,1800,7.245297494956876,1.249627596695824,-1.2569484502456447,-9.144993435925972,-1.786824687675288,-0.34090909090897237,0.2999999999997449,10.583333333333334
gbpusd_rsi2_m5_usd100000_smaller_stop_and_time,2017-06-12T12:00:00+00:00,2017-06-12T12:25:00+00:00,32365,stop,-1.0534638682437538,-16.748233199423748,True,False,1500,6.534291480476023,1.1195019424943382,-1.7729826034761806,-8.54083539845687,-2.010907664564864,-0.743801652892521,0.10000000000065512,12.0
gbpusd_rsi2_m5_usd100000_smaller_stop_and_time,2017-06-12T12:35:00+00:00,2017-06-12T12:50:00+00:00,32372,signal_exit,0.09610000000012126,1.52539682539875,False,True,900,6.439895093949171,1.0994584892318953,-1.94480812882926,-11.119558848946577,-2.1086694044070375,-0.5816326530611944,0.2999999999997449,12.583333333333334
gbpusd_rsi2_m5_usd100000_smaller_stop_and_time,2017-06-12T13:50:00+00:00,2017-06-12T13:55:00+00:00,32387,stop,-0.9656672121137542,-15.328050985932606,True,False,300,5.726723905665575,0.9890208240254231,-2.1440886688675875,-8.506078799673718,-0.3260013072623187,-0.5967741935482946,0.2999999999997449,13.833333333333334
gbpusd_rsi2_m5_usd100000_smaller_stop_and_time,2017-06-12T14:20:00+00:00,2017-06-12T14:40:00+00:00,32393,signal_exit,0.014540000000144493,0.2304278922368382,False,True,1200,6.149028265271818,1.0476864787425095,-2.1782470879893983,-10.471128891281989,-1.8718423413071092,-0.49230769230747157,0.4999999999988347,14.333333333333334
gbpusd_rsi2_m5_usd100000_smaller_stop_and_time,2017-06-12T15:30:00+00:00,2017-06-12T15:50:00+00:00,32407,stop,-1.1649720589910606,-18.49161998398509,True,False,1200,7.458508404691799,1.2080095728709777,-1.8988591372545187,-7.583042374732488,-0.21555824027391718,-0.8240740740741502,0.0,15.5
gbpusd_rsi2_m5_usd100000_smaller_stop_and_time,2017-06-12T15:55:00+00:00,2017-06-12T16:30:00+00:00,32412,signal_exit,0.06502000000019498,1.0304278922376384,False,True,2100,7.5715757591763015,1.2107299521124872,-1.9151165158343602,-9.286553096832629,-1.6387175089611885,-0.6595744680851131,0.2999999999997449,15.916666666666666
gbpusd_rsi2_m5_usd100000_smaller_stop_and_time,2017-06-13T07:00:00+00:00,2017-06-13T07:00:00+00:00,32590,target,0.44006545586834167,6.985165966164153,False,True,0,5.429884570383164,1.2278313499990312,-0.06287131152329581,1.060655287801683,0.32583317176099563,-0.8412698412695392,0.2999999999997449,7.0
gbpusd_rsi2_m5_usd100000_smaller_stop_and_time,2017-06-13T12:35:00+00:00,2017-06-13T12:50:00+00:00,32657,stop,-0.9318812335678603,-14.8625396103327,True,False,900,5.536373473427934,0.994338678069849,1.8993084246082843,6.667256991476669,-0.8641365399896849,-0.5937500000000976,0.20000000000131024,12.583333333333334
gbpusd_rsi2_m5_usd100000_smaller_stop_and_time,2017-06-13T13:20:00+00:00,2017-06-13T13:35:00+00:00,32666,signal_exit,0.4280000000000703,6.8152866242049415,False,True,900,6.263262315323337,1.0993532440262668,1.6313805561905232,3.7762682353804693,-2.119919941260494,-0.41791044776131275,0.30000000000196536,13.333333333333334
gbpusd_rsi2_m5_usd100000_smaller_stop_and_time,2017-06-13T14:25:00+00:00,2017-06-13T14:50:00+00:00,32679,signal_exit,0.32041000000006803,5.110207336524211,False,True,1500,6.267719204320699,1.083988685330305,1.2589948856250817,4.726853848020227,0.26730878575949474,-0.7674418604651643,0.5000000000010552,14.416666666666666
gbpusd_rsi2_m5_usd100000_smaller_stop_and_time,2017-06-14T08:05:00+00:00,2017-06-14T08:15:00+00:00,32882,stop,-1.1396061961802761,-18.233699138884415,True,False,600,7.116849569442532,1.5906693393698466,2.059541865124668,6.058692889814,-2.105664247067333,-0.663043478261006,0.40000000000040004,8.083333333333334
gbpusd_rsi2_m5_usd100000_smaller_stop_and_time,2017-06-14T08:20:00+00:00,2017-06-14T08:30:00+00:00,32885,stop,-1.2358335688803734,-19.773337102085975,True,False,600,7.7866685510440155,1.6730523611548143,1.9256652977294055,2.9669985028640657,-2.7545223641315957,-0.6086956521739431,0.5999999999994898,8.333333333333334
gbpusd_rsi2_m5_usd100000_smaller_stop_and_time,2017-06-14T10:20:00+00:00,2017-06-14T11:05:00+00:00,32909,signal_exit,0.0884200000000796,1.4102073365243954,False,True,2700,8.634055488021604,1.4882206236559439,-0.27636388225260855,-3.3935031137641776,-1.485917776049009,-0.7281553398059487,0.5000000000010552,10.333333333333334
gbpusd_rsi2_m5_usd100000_smaller_stop_and_time,2017-06-14T13:45:00+00:00,2017-06-14T14:10:00+00:00,32950,signal_exit,0.39904000000018347,6.394871794874734,False,True,1500,10.444432871685402,1.5249554987240295,0.7560072076187917,4.401794020067746,0.22411430796040938,-0.7627118644067222,0.4999999999988347,13.75
gbpusd_rsi2_m5_usd100000_smaller_stop_and_time,2017-06-14T14:45:00+00:00,2017-06-14T14:55:00+00:00,32962,target,0.9674739880809803,15.479583809295683,False,True,600,9.78979190464636,1.3648064757375713,1.2140864500440638,1.938671279631706,-1.8474456327571596,-0.8095238095238725,0.4999999999988347,14.75
gbpusd_rsi2_m5_usd100000_smaller_stop_and_time,2017-06-15T07:00:00+00:00,2017-06-15T07:10:00+00:00,33154,stop,-0.7885445372376483,-12.576467898527085,True,False,600,4.293337617526689,0.9422935091628721,-0.5427618918157706,-3.4532349116202607,-1.1871619127973114,-0.6571428571427937,0.3999999999981796,7.0
gbpusd_rsi2_m5_usd100000_smaller_stop_and_time,2017-06-15T08:10:00+00:00,2017-06-15T08:20:00+00:00,33168,stop,-0.9509606166513842,-15.166835991250146,True,False,600,5.738521663886844,1.193346832464922,-0.8733010471648097,-6.457426754136049,-2.1704862654580994,-0.7073170731708154,0.10000000000065512,8.166666666666666
gbpusd_rsi2_m5_usd100000_smaller_stop_and_time,2017-06-15T08:30:00+00:00,2017-06-15T09:20:00+00:00,33172,stop,-1.150827955165064,-18.32528591027172,True,False,3000,6.420286267239547,1.2952057936818193,-0.9678123591353278,-7.889224278593735,-2.2850682768473223,-0.2264150943398835,1.8999999999991246,8.5
gbpusd_rsi2_m5_usd100000_smaller_stop_and_time,2017-06-15T09:25:00+00:00,2017-06-15T09:35:00+00:00,33183,signal_exit,0.20256000000012328,3.2203497615281917,False,True,600,5.859623876440622,1.164668902753293,-1.5474515680842535,-9.364199586847919,-1.5609143554484923,-0.322033898304887,0.10000000000065512,9.416666666666666
gbpusd_rsi2_m5_usd100000_smaller_stop_and_time,2017-06-15T10:30:00+00:00,2017-06-15T10:50:00+00:00,33196,signal_exit,0.15224000000007296,2.4203497615273917,False,True,1200,7.1285035005755555,1.322630334447776,-1.7804737840092495,-7.609127740390047,-0.9642289334552188,-0.5416666666664739,0.2999999999997449,10.5
gbpusd_rsi2_m5_usd100000_smaller_stop_and_time,2017-06-15T11:50:00+00:00,2017-06-15T12:05:00+00:00,33212,stop,-1.8698810617671313,-29.9180969882741,True,False,900,12.859048494137046,1.8425704193248733,-0.24225739030862398,3.2126668677444714,0.6898276651803862,-0.40000000000012687,0.6000000000017103,11.833333333333334
gbpusd_rsi2_m5_usd100000_smaller_stop_and_time,2017-06-15T12:10:00+00:00,2017-06-15T12:55:00+00:00,33216,signal_exit,-0.08713999999995675,-1.3897926634761841,False,False,2700,13.551048626641217,1.8534836102607484,0.05259678699332724,-0.5015997859494302,-0.32586179957173134,-0.9297520661157036,0.5000000000010552,12.166666666666666
gbpusd_rsi2_m5_usd100000_smaller_stop_and_time,2017-06-15T14:10:00+00:00,2017-06-15T14:15:00+00:00,33240,target,0.8377223417324857,13.36080289844475,False,True,300,8.675297780960111,1.1619200434862056,0.00262898816346731,-0.359866390106275,-0.44612820869261,-0.358974358974432,0.40000000000040004,14.166666666666666
gbpusd_rsi2_m5_usd100000_smaller_stop_and_time,2017-06-15T15:40:00+00:00,2017-06-15T15:50:00+00:00,33258,signal_exit,0.357140000000175,5.705111821089058,False,True,600,7.888479968483405,1.0404722786335159,0.4934659956932431,1.7901793882919814,-0.17995222733792163,-0.4126984126987092,0.40000000000040004,15.666666666666666
gbpusd_rsi2_m5_usd100000_smaller_stop_and_time,2017-06-16T07:00:00+00:00,2017-06-16T07:15:00+00:00,33429,stop,-0.9032066087366006,-14.45130573978561,True,False,900,5.17565286989375,1.2035726664371431,0.5234908533827146,1.2632017525069188,-0.6932774560468036,-0.814285714285746,0.4999999999988347,7.0
gbpusd_rsi2_m5_usd100000_smaller_stop_and_time,2017-06-16T08:30:00+00:00,2017-06-16T08:45:00+00:00,33447,signal_exit,0.2937500000001816,4.700000000002905,False,True,900,6.237116859190743,1.313405768003037,0.4700771440635356,0.15965556444025045,-1.302648133600451,-0.57999999999996,0.0,8.5
gbpusd_rsi2_m5_usd100000_smaller_stop_and_time,2017-06-16T09:30:00+00:00,2017-06-16T10:30:00+00:00,33459,holding_bars,-0.06874999999997283,-1.0999999999995653,False,False,3600,6.287984758013599,1.2694851531097107,0.3619645261974857,0.8176093536222049,-0.379084310940644,-0.5185185185186404,0.40000000000040004,9.5
gbpusd_rsi2_m5_usd100000_smaller_stop_and_time,2017-06-16T11:25:00+00:00,2017-06-16T12:05:00+00:00,33482,signal_exit,-0.3062499999998634,-4.899999999997814,False,False,2400,4.977888740036148,1.0104099507907986,0.21972054311049982,0.14370736767547165,-0.8736703702421489,-0.6744186046506945,0.3999999999981796,11.416666666666666
gbpusd_rsi2_m5_usd100000_smaller_stop_and_time,2017-06-16T12:55:00+00:00,2017-06-16T13:25:00+00:00,33500,signal_exit,-0.0999999999999,-1.5999999999984,False,False,1800,5.633829534544633,1.1247941437191864,0.2699396106880041,1.4883522104471216,0.4218670155735487,-0.816091954022836,0.2999999999997449,12.916666666666666
gbpusd_rsi2_m5_usd100000_smaller_stop_and_time,2017-06-16T13:35:00+00:00,2017-06-16T14:05:00+00:00,33508,signal_exit,0.21875000000010655,3.500000000001705,False,True,1800,6.14753219961879,1.192722871420496,0.264337956751224,0.03722724016659619,-0.9361208805319438,-0.7058823529412149,0.1999999999990898,13.583333333333334
gbpusd_rsi2_m5_usd100000_smaller_stop_and_time,2017-06-16T15:50:00+00:00,2017-06-16T16:10:00+00:00,33535,signal_exit,0.1500000000000725,2.40000000000116,False,True,1200,6.775720615949559,1.2062520286582958,0.7084787193930303,1.0006688823002812,-1.8744778407370828,-0.8,0.10000000000065512,15.833333333333334
gbpusd_rsi2_m5_usd100000_smaller_stop_and_time,2017-06-19T07:25:00+00:00,2017-06-19T07:25:00+00:00,33717,target,0.3409320625707204,5.454913001131525,False,True,0,4.777456500565911,1.2824159437586349,0.08926202336903166,0.2686483004184769,-0.07039832738067846,-0.5833333333335183,0.5000000000010552,7.416666666666667
gbpusd_rsi2_m5_usd100000_smaller_stop_and_time,2017-06-19T09:45:00+00:00,2017-06-19T10:30:00+00:00,33745,stop,-0.924077596982366,-14.83270621159496,True,False,2700,5.411216669201536,1.2533462101114792,1.3184979393425746,5.339360282174937,0.19293560610680854,-0.7812500000005638,0.40000000000040004,9.75
gbpusd_rsi2_m5_usd100000_smaller_stop_and_time,2017-06-19T10:35:00+00:00,2017-06-19T11:00:00+00:00,33755,signal_exit,0.2555200000000746,4.09487179487299,False,True,1500,4.927138147693978,1.1399298870247137,1.2514237485870954,2.1493511335695783,-2.212778931294621,-0.2976190476191641,0.40000000000040004,10.583333333333334
gbpusd_rsi2_m5_usd100000_smaller_stop_and_time,2017-06-19T11:55:00+00:00,2017-06-19T12:15:00+00:00,33771,signal_exit,-0.0003199999999388692,-0.005128205127225467,False,False,1200,5.47068628075337,1.2071489857722766,0.7366630039595263,1.2874414981420839,-1.6040500154230621,-0.7241379310346939,0.5000000000010552,11.916666666666666
gbpusd_rsi2_m5_usd100000_smaller_stop_and_time,2017-06-19T12:30:00+00:00,2017-06-19T13:10:00+00:00,33778,stop,-1.0276583174882112,-16.44253307981138,True,False,2400,6.171266539906905,1.3131562399566865,0.5164058593337183,-2.137077251395444,-3.156220886824539,-0.9160839160838347,0.4999999999988347,12.5
gbpusd_rsi2_m5_usd100000_smaller_stop_and_time,2017-06-19T13:15:00+00:00,2017-06-19T13:40:00+00:00,33787,signal_exit,0.5386800000001133,8.605111821088071,False,True,1500,7.08246679814789,1.4195807056768388,0.03422628950990627,-5.705475729030812,-2.262070734726574,-0.9419354838710149,0.40000000000040004,13.25
gbpusd_rsi2_m5_usd100000_smaller_stop_and_time,2017-06-19T14:00:00+00:00,2017-06-19T14:15:00+00:00,33796,signal_exit,0.21875000000010655,3.500000000001705,False,True,900,6.290905979168951,1.2527758958794288,-0.5185422052583735,-4.699661117142202,-1.3705340735671094,-0.730158730158428,0.2999999999997449,14.0
gbpusd_rsi2_m5_usd100000_smaller_stop_and_time,2017-06-19T14:40:00+00:00,2017-06-19T15:05:00+00:00,33804,stop,-1.0362073987294715,-16.579318379671545,True,False,1500,6.289659189836592,1.2278806023895075,-0.8069184602558962,-4.102038029407487,-1.0564057497748294,-0.7777777777779605,0.40000000000040004,14.666666666666666
gbpusd_rsi2_m5_usd100000_smaller_stop_and_time,2017-06-19T15:10:00+00:00,2017-06-19T16:00:00+00:00,33810,signal_exit,0.37056999999997897,5.91020733652279,False,True,3000,8.791706698053503,1.574713775016071,-0.9324278473580334,-8.480243457024871,-3.0695941880301176,-0.5266666666666573,0.700000000000145,15.166666666666666
gbpusd_rsi2_m5_usd100000_smaller_stop_and_time,2017-06-20T07:05:00+00:00,2017-06-20T07:05:00+00:00,33997,target,0.23432181997881082,3.7431600635592783,False,True,0,3.9690241212350714,1.223694931960398,-0.07864474745990524,-0.5703266821646044,-0.5389867023397165,-0.1147540983603156,0.5999999999994898,7.083333333333333
gbpusd_rsi2_m5_usd100000_smaller_stop_and_time,2017-06-20T07:35:00+00:00,2017-06-20T08:15:00+00:00,34003,signal_exit,0.2717500000001576,4.320349761528737,False,True,2400,10.336905215619398,2.418855990097292,-0.06221013438455396,-15.04989543563034,-4.225861509010518,-0.9720998531571347,0.2999999999997449,7.583333333333333
gbpusd_rsi2_m5_usd100000_smaller_stop_and_time,2017-06-20T09:20:00+00:00,2017-06-20T09:30:00+00:00,34024,target,0.5922600702931242,9.415899368730114,False,True,600,6.647774803602385,1.410279233428114,-2.3921088673074946,-9.398021767476504,0.20326325562025083,-1.0,0.30000000000196536,9.333333333333334
gbpusd_rsi2_m5_usd100000_smaller_stop_and_time,2017-06-20T10:10:00+00:00,2017-06-20T10:20:00+00:00,34034,stop,-0.9872531526887789,-15.695598611904273,True,False,600,5.957974186717122,1.244838479385826,-2.0372671974838306,-7.505712119580631,-0.3415533116588052,-0.8571428571427924,0.1999999999990898,10.166666666666666
gbpusd_rsi2_m5_usd100000_smaller_stop_and_time,2017-06-20T10:25:00+00:00,2017-06-20T10:45:00+00:00,34037,stop,-1.0263317530301828,-16.290980206828298,True,False,1200,6.1581885161140955,1.270189357104497,-1.9588868365269088,-10.763567787120921,-3.2549260804552294,-0.9099099099099153,0.3999999999981796,10.416666666666666
gbpusd_rsi2_m5_usd100000_smaller_stop_and_time,2017-06-20T11:25:00+00:00,2017-06-20T11:35:00+00:00,34049,signal_exit,0.04570000000007085,0.72539682539795,False,True,600,5.583014994378756,1.1332183572493093,-2.267773628079346,-11.660301206942803,-1.0295815690640189,-0.42857142857176844,0.5000000000010552,11.416666666666666
gbpusd_rsi2_m5_usd100000_smaller_stop_and_time,2017-06-20T12:15:00+00:00,2017-06-20T13:10:00+00:00,34059,stop,-1.0203399902314245,-16.195872860816262,True,False,3300,6.060634843106588,1.202081049247551,-2.5528729274976825,-11.397959324898762,-2.481348415899727,-0.793650793650858,0.5000000000010552,12.25
gbpusd_rsi2_m5_usd100000_smaller_stop_and_time,2017-06-20T13:45:00+00:00,2017-06-20T13:50:00+00:00,34077,stop,-1.211593276745977,-19.170779695347736,True,False,300,7.603111366661668,1.3885205767162252,-2.4187570644534753,-12.628308206028546,-2.987907098788141,-0.5275862068965398,0.40000000000040004,13.75
gbpusd_rsi2_m5_usd100000_smaller_stop_and_time,2017-06-20T13:55:00+00:00,2017-06-20T14:35:00+00:00,34079,signal_exit,0.4446400000001536,7.035443037977113,False,True,2400,8.913907249825629,1.560014773382365,-2.420708532987259,-13.92968647510133,-2.808942913921605,-0.24651162790692824,0.5999999999994898,13.916666666666666
gbpusd_rsi2_m5_usd100000_smaller_stop_and_time,2017-06-20T15:00:00+00:00,2017-06-20T15:35:00+00:00,34092,signal_exit,0.014880000000144722,0.23544303797697344,False,True,2100,9.4406932836571,1.5185948230498585,-2.5724445768146844,-12.335854939921587,-1.403116973366216,-0.7045454545455349,0.5000000000010552,15.0
gbpusd_rsi2_m5_usd100000_smaller_stop_and_time,2017-06-21T07:30:00+00:00,2017-06-21T07:35:00+00:00,34284,stop,-0.9412518719297864,-14.869697818795993,True,False,300,5.455070078434587,1.4497365293228717,-1.2458486848408037,-8.78234965921385,-1.8093677875190586,-0.5841584158416995,0.40000000000040004,7.5
gbpusd_rsi2_m5_usd100000_smaller_stop_and_time,2017-06-21T07:40:00+00:00,2017-06-21T08:20:00+00:00,34286,signal_exit,-0.13025999999996546,-2.0545741324915685,False,False,2400,6.029116547221801,1.552003689666194,-1.3618173681960088,-10.442152585509517,-2.1233598160713516,-0.4269662921348567,0.40000000000040004,7.666666666666667
gbpusd_rsi2_m5_usd100000_smaller_stop_and_time,2017-06-21T13:20:00+00:00,2017-06-21T14:15:00+00:00,34354,stop,-1.2992443578264465,-20.65571316099279,True,False,3300,8.28803146126074,1.2961355484995238,2.2515544004298307,6.529773515670482,-2.1928635629448965,-0.850000000000111,0.4999999999988347,13.333333333333334
gbpusd_rsi2_m5_usd100000_smaller_stop_and_time,2017-06-21T14:20:00+00:00,2017-06-21T14:55:00+00:00,34366,signal_exit,0.2221000000001074,3.5253968253985297,False,True,2100,7.776328423276079,1.1971339334307427,1.6241130831016,1.5226790797342291,-2.0249308888427735,-0.942528735632313,0.30000000000196536,14.333333333333334
gbpusd_rsi2_m5_usd100000_smaller_stop_and_time,2017-06-21T15:25:00+00:00,2017-06-21T15:45:00+00:00,34379,signal_exit,0.07720000000013733,1.225396825399005,False,True,1200,6.254263826038517,0.9819218295629772,0.7746423904101438,1.4670771708801877,-1.1639050793138952,-0.8139534883719249,0.3999999999981796,15.416666666666666
gbpusd_rsi2_m5_usd100000_smaller_stop_and_time,2017-06-22T07:15:00+00:00,2017-06-22T07:45:00+00:00,34561,stop,-0.8723896569322662,-13.847454871940734,True,False,1800,4.78642584866982,1.3092144701991972,0.5728871643006359,0.2122831538064968,-1.174751036577699,-0.7634408602149614,0.700000000000145,7.25
gbpusd_rsi2_m5_usd100000_smaller_stop_and_time,2017-06-22T11:10:00+00:00,2017-06-22T11:30:00+00:00,34608,signal_exit,-0.01729999999992221,-0.27460317460193984,False,False,1200,5.021645382175274,1.155623605404904,-0.07442295517770406,-0.2782735234167212,-0.046396937599124034,-0.7727272727272957,0.40000000000040004,11.166666666666666
gbpusd_rsi2_m5_usd100000_smaller_stop_and_time,2017-06-22T12:45:00+00:00,2017-06-22T13:30:00+00:00,34627,signal_exit,-0.2881999999998784,-4.574603174601243,False,False,2700,4.892451624582631,1.1058048059937988,0.044150069525121224,-1.2175967472015254,-1.8406566442818975,-0.4468085106384185,0.30000000000196536,12.75
gbpusd_rsi2_m5_usd100000_smaller_stop_and_time,2017-06-22T15:45:00+00:00,2017-06-22T16:10:00+00:00,34663,signal_exit,0.1969000000000822,3.1253968253981297,False,True,1500,5.350203772625816,1.1306382497453935,-0.07431856366952869,-1.2665205767401782,-1.1041742987118046,-0.8867924528298962,0.40000000000040004,15.75
gbpusd_rsi2_m5_usd100000_smaller_stop_and_time,2017-06-23T08:50:00+00:00,2017-06-23T09:40:00+00:00,34860,stop,-1.0494900402326262,-16.7382781536304,True,False,3000,6.3742427450775825,1.4631632220039454,2.2801634973694473,7.274313746340559,-1.6376990164734047,-0.9516129032261935,0.40000000000040004,8.833333333333334
gbpusd_rsi2_m5_usd100000_smaller_stop_and_time,2017-06-23T11:25:00+00:00,2017-06-23T12:00:00+00:00,34891,stop,-0.823949477173997,-13.141139986826108,True,False,2100,4.575673661675094,1.044920745094678,1.4622875416614465,5.7430855091183535,-0.01930984149802206,-0.6511627906979146,0.40000000000040004,11.416666666666666
gbpusd_rsi2_m5_usd100000_smaller_stop_and_time,2017-06-23T12:05:00+00:00,2017-06-23T12:20:00+00:00,34899,target,0.30321850448745624,4.836020805222588,False,True,900,4.462906734347697,1.0226283625750394,1.4757810874229063,2.779876038021843,-2.6828556894556104,-0.9866666666665799,0.4999999999988347,12.083333333333334
gbpusd_rsi2_m5_usd100000_smaller_stop_and_time,2017-06-23T12:55:00+00:00,2017-06-23T13:35:00+00:00,34909,stop,-0.8215686249216068,-13.103167861588624,True,False,2400,4.656687599056791,1.0574784138080828,1.2047653393787545,2.1404130780405013,-2.235614604931662,-1.0,0.1999999999990898,12.916666666666666
gbpusd_rsi2_m5_usd100000_smaller_stop_and_time,2017-06-23T15:40:00+00:00,2017-06-23T16:30:00+00:00,34942,signal_exit,-0.41944999999976695,-6.689792663473157,False,False,3000,5.625736895379816,1.1506810855734335,0.8767044543436487,3.7021682662366726,0.04429389580128997,-0.8125000000001518,0.2999999999997449,15.666666666666666
gbpusd_rsi2_m5_usd100000_smaller_stop_and_time,2017-06-26T08:10:00+00:00,2017-06-26T08:15:00+00:00,35134,stop,-0.8261313722099779,-13.196986776517218,True,False,300,4.701049298803654,1.4390840778025409,0.9175835128118637,1.8176168327613378,-1.5934181955659128,-0.6049382716048063,0.1999999999990898,8.166666666666666
gbpusd_rsi2_m5_usd100000_smaller_stop_and_time,2017-06-26T08:20:00+00:00,2017-06-26T08:20:00+00:00,35136,stop,-0.876505700866347,-13.979357270595646,True,False,0,5.09478230356024,1.519549592542937,0.8507634767717682,-0.7472079912995883,-2.8165235412979093,-0.7948717948717609,0.1999999999990898,8.333333333333334
gbpusd_rsi2_m5_usd100000_smaller_stop_and_time,2017-06-26T08:25:00+00:00,2017-06-26T08:35:00+00:00,35137,target,0.4622210079476945,7.371945900282208,False,True,600,5.530869281877373,1.6103549218980795,0.7738703550501917,-2.5670343528750723,-2.94252318440867,-0.5714285714285431,0.09999999999843467,8.416666666666666
gbpusd_rsi2_m5_usd100000_smaller_stop_and_time,2017-06-26T09:20:00+00:00,2017-06-26T09:30:00+00:00,35148,stop,-1.038984765625844,-16.57072991428778,True,False,600,6.390468625406793,1.6554631778870348,0.26947852360374924,-2.9252611309870487,-1.77096350420547,-0.952380952380902,0.1999999999990898,9.333333333333334
gbpusd_rsi2_m5_usd100000_smaller_stop_and_time,2017-06-26T09:35:00+00:00,2017-06-26T10:00:00+00:00,35151,signal_exit,-0.09951999999989952,-1.5847133757945782,False,False,1500,6.768425499278002,1.6946827751986082,-0.03207569570507479,-6.804282119785887,-2.4705511722475166,-0.9047619047619887,0.2999999999997449,9.583333333333334
gbpusd_rsi2_m5_usd100000_smaller_stop_and_time,2017-06-26T11:15:00+00:00,2017-06-26T11:45:00+00:00,35171,signal_exit,0.15112000000007272,2.410207336524286,False,True,1800,6.144701382202602,1.4088886274960633,-0.574326125363744,-2.0178958470190222,-0.02645165767983415,-0.684210526316097,0.10000000000065512,11.25
gbpusd_rsi2_m5_usd100000_smaller_stop_and_time,2017-06-26T13:05:00+00:00,2017-06-26T13:25:00+00:00,35193,signal_exit,-0.005629999999840429,-0.08979266347432902,False,False,1200,6.442691428792787,1.3536102575825646,-0.0800829773779988,-0.28811192886210885,-0.20124248463503508,-0.7884615384614646,0.2999999999997449,13.083333333333334
gbpusd_rsi2_m5_usd100000_smaller_stop_and_time,2017-06-26T14:10:00+00:00,2017-06-26T14:45:00+00:00,35206,signal_exit,0.09469000000012068,1.5102073365250506,False,True,2100,6.2142607972451485,1.2668999988134606,0.1346253888713405,-0.7814952850288155,-1.402712664009545,-0.49253731343278634,0.3999999999981796,14.166666666666666
gbpusd_rsi2_m5_usd100000_smaller_stop_and_time,2017-06-26T15:30:00+00:00,2017-06-26T16:20:00+00:00,35222,stop,-0.9068395163613479,-14.46315018120172,True,False,3000,5.286678758863226,1.0766000737558938,0.019291218228642423,-1.1281404582353323,-1.196637563123932,-0.7111111111115826,0.2999999999997449,15.5
gbpusd_rsi2_m5_usd100000_smaller_stop_and_time,2017-06-27T07:00:00+00:00,2017-06-27T07:00:00+00:00,35395,stop,-0.6166605954658011,-9.835097216360463,True,False,0,3.0226522764423427,1.064541887873685,0.529260128923968,-0.6161516123544583,-2.3964408108165425,-0.681818181818113,0.20000000000131024,7.0
gbpusd_rsi2_m5_usd100000_smaller_stop_and_time,2017-06-27T07:05:00+00:00,2017-06-27T07:30:00+00:00,35396,target,0.1591319815040448,2.5379901356306984,False,True,1500,3.2638913995535854,1.1346815975044293,0.4781487755692804,-2.082162135999959,-2.7843997604097206,-0.6718749999999187,0.40000000000040004,7.083333333333333
gbpusd_rsi2_m5_usd100000_smaller_stop_and_time,2017-06-27T09:50:00+00:00,2017-06-27T10:20:00+00:00,35429,signal_exit,-0.20625999999990202,-3.2948881789121724,False,False,1800,7.2413182176723545,1.7585061075907968,1.0075641224468765,4.084447732326731,-0.10003667579061556,-0.4599999999999556,0.2999999999997449,9.833333333333334
gbpusd_rsi2_m5_usd100000_smaller_stop_and_time,2017-06-27T12:40:00+00:00,2017-06-27T13:00:00+00:00,35463,signal_exit,0.09422000000012049,1.5051118210881866,False,True,1200,6.074708109637856,1.3023342156869617,1.118880172247367,4.023653862174172,-0.36152130915128644,-0.959595959595921,0.1999999999990898,12.666666666666666
gbpusd_rsi2_m5_usd100000_smaller_stop_and_time,2017-06-28T08:15:00+00:00,2017-06-28T08:55:00+00:00,35696,signal_exit,0.3046300000001243,4.889727126807774,False,True,2400,7.402270654859889,1.6298113110072552,0.5061907944953526,2.237788813969967,0.20381610946319825,-0.7142857142856136,0.1999999999990898,8.25
gbpusd_rsi2_m5_usd100000_smaller_stop_and_time,2017-06-28T10:05:00+00:00,2017-06-28T10:20:00+00:00,35718,signal_exit,0.3544700000000358,5.689727126806353,False,True,900,6.5697498199380755,1.3182412157770225,0.6682973826747651,1.2297517979829722,-1.421246684907081,-0.5000000000001791,0.0,10.083333333333334
gbpusd_rsi2_m5_usd100000_smaller_stop_and_time,2017-06-28T11:35:00+00:00,2017-06-28T11:55:00+00:00,35736,target,0.3827926172443108,6.154222142191491,False,True,1200,5.034828112895422,1.0222882451138708,0.6830680011988568,2.2246914377060505,-0.3430514640466128,-0.4893617021275892,0.2999999999997449,11.583333333333334
gbpusd_rsi2_m5_usd100000_smaller_stop_and_time,2017-06-28T15:00:00+00:00,2017-06-28T16:00:00+00:00,35777,holding_bars,-0.5578599999998783,-9.041491085897542,False,False,3600,13.653783469862578,1.751242195714144,2.9139539292129277,13.489916613824644,0.2285174668136035,-0.7197231833910723,0.20000000000131024,15.0
gbpusd_rsi2_m5_usd100000_smaller_stop_and_time,2017-06-29T08:00:00+00:00,2017-06-29T08:30:00+00:00,35978,signal_exit,0.3166000000002436,5.147967479678758,False,True,1800,6.801007436360634,1.4359573002860329,2.135967527562895,8.415632528866809,0.10203465954801351,-0.7543859649126019,0.0,8.0
gbpusd_rsi2_m5_usd100000_smaller_stop_and_time,2017-06-29T09:00:00+00:00,2017-06-29T09:10:00+00:00,35990,signal_exit,0.4642000000001181,7.547967479676717,False,True,600,6.450444131053441,1.299703099664018,2.1332243342573207,6.757758078524716,-1.1890516626579122,-0.49019607843152624,0.2999999999997449,9.0
gbpusd_rsi2_m5_usd100000_smaller_stop_and_time,2017-06-29T09:40:00+00:00,2017-06-29T10:00:00+00:00,35998,stop,-1.2978312277103587,-21.102946792038352,True,False,1200,8.525457135856847,1.5615617058108324,1.8289082322532983,5.331129865382223,-1.1636376811206934,-0.838461538461658,0.40000000000040004,9.666666666666666
gbpusd_rsi2_m5_usd100000_smaller_stop_and_time,2017-06-29T10:50:00+00:00,2017-06-29T11:05:00+00:00,36012,signal_exit,0.6624000000000418,10.753246753247433,False,True,900,7.718312418934727,1.337000338884031,1.1203303054786606,1.7970301314063684,-1.02912199999094,-0.4393939393937202,0.1999999999990898,10.833333333333334
gbpusd_rsi2_m5_usd100000_smaller_stop_and_time,2017-06-29T12:35:00+00:00,2017-06-29T12:55:00+00:00,36033,signal_exit,0.12648000000008713,2.0532467532481675,False,True,1200,7.592931674162704,1.2353831363889352,0.7309793990026129,1.8691052465094307,-1.2522695615040842,-0.2708333333334329,0.20000000000131024,12.583333333333334
gbpusd_rsi2_m5_usd100000_smaller_stop_and_time,2017-06-30T07:00:00+00:00,2017-06-30T07:05:00+00:00,36250,target,0.3126131113441921,5.091418751534073,False,True,300,4.624373870879215,1.2012671260865644,0.6097999977728775,0.5262370523081519,-1.0209419133629967,-0.8571428571428248,0.4999999999988347,7.0
gbpusd_rsi2_m5_usd100000_smaller_stop_and_time,2017-06-30T07:35:00+00:00,2017-06-30T07:45:00+00:00,36257,target,0.4587150927521655,7.470929849383802,False,True,600,5.714129419805975,1.389685611664586,0.4170400217756965,0.0668710692959439,-1.1117236779168818,-0.33999999999989344,0.30000000000196536,7.583333333333333
gbpusd_rsi2_m5_usd100000_smaller_stop_and_time,2017-06-30T08:30:00+00:00,2017-06-30T08:40:00+00:00,36268,stop,-1.1005178231914639,-17.923743048720908,True,False,600,6.533207029247052,1.4662043297953136,0.3388993108649346,-1.6112293583398298,-2.274415744010205,-0.580357142857173,1.2000000000012,8.5
gbpusd_rsi2_m5_usd100000_smaller_stop_and_time,2017-06-30T10:25:00+00:00,2017-06-30T10:35:00+00:00,36291,stop,-1.0443166033017157,-16.98075777726367,True,False,600,6.514362628470565,1.2905119660886446,-0.729540672448235,-3.896466064030806,-1.2547676413578583,-0.6981132075472409,0.2999999999997449,10.416666666666666
gbpusd_rsi2_m5_usd100000_smaller_stop_and_time,2017-06-30T10:40:00+00:00,2017-06-30T10:55:00+00:00,36294,target,0.6179893944583317,10.032295364583307,False,True,900,7.139524305666793,1.3778120371401124,-0.8146234037257997,-7.241561830139477,-3.1517441606588137,-0.8263157894737162,0.5999999999994898,10.666666666666666
gbpusd_rsi2_m5_usd100000_smaller_stop_and_time,2017-06-30T11:30:00+00:00,2017-06-30T11:35:00+00:00,36304,signal_exit,0.2674000000000578,4.347967479675736,False,True,300,6.583852957454934,1.2464165233436781,-0.9714518509399735,-5.294468895116971,-0.8736857395440969,-0.23333333333340736,0.2999999999997449,11.5
gbpusd_rsi2_m5_usd100000_smaller_stop_and_time,2017-06-30T12:25:00+00:00,2017-06-30T12:40:00+00:00,36315,stop,-0.9348901530085161,-15.201465902577498,True,False,900,5.524716691128108,1.055266827301927,-1.0557773333045029,-3.809000577818151,-0.04941360411860068,-0.5217391304346777,0.4999999999988347,12.416666666666666
gbpusd_rsi2_m5_usd100000_smaller_stop_and_time,2017-06-30T12:45:00+00:00,2017-06-30T13:25:00+00:00,36319,signal_exit,0.1628500000001922,2.647967479677922,False,True,2400,6.292254097649644,1.1728294502021492,-0.9799710892697616,-5.297302047212976,-2.0382034885022176,-0.012987012986810754,0.09999999999843467,12.75
gbpusd_rsi2_m5_usd100000_smaller_stop_and_time,2017-06-30T13:50:00+00:00,2017-06-30T14:00:00+00:00,36332,target,0.5793140008600708,9.419739851383264,False,True,600,6.735886185852349,1.2134137270207335,-0.9105205927686407,-4.524944271106971,-1.0451096906594342,-0.629629629629386,0.3999999999981796,13.833333333333334
gbpusd_rsi2_m5_usd100000_smaller_stop_and_time,2017-06-30T14:35:00+00:00,2017-06-30T14:40:00+00:00,36341,stop,-1.0743087097378266,-17.468434304680105,True,False,300,6.7082008921784615,1.187878774829924,-0.8214436948089926,-3.356417397864815,-0.42460915527117044,-0.8640776699030821,0.40000000000040004,14.583333333333334
gbpusd_rsi2_m5_usd100000_smaller_stop_and_time,2017-06-30T14:45:00+00:00,2017-06-30T14:50:00+00:00,36343,target,0.7229225976322298,11.735756455068666,False,True,300,7.941254850909176,1.3578705954779309,-0.7955741840432157,-6.372325452066915,-2.668469081931318,-0.6599999999999272,0.4999999999988347,14.75
gbpusd_rsi2_m5_usd100000_smaller_stop_and_time,2017-07-03T08:05:00+00:00,2017-07-03T08:30:00+00:00,36548,stop,-1.015732012944562,-16.542866660334884,True,False,1500,6.242768835054272,1.581007458985193,0.1517080261963117,-1.6454484544690489,-1.9934198097348947,-0.6791044776120206,0.40000000000040004,8.083333333333334
gbpusd_rsi2_m5_usd100000_smaller_stop_and_time,2017-07-03T08:35:00+00:00,2017-07-03T08:55:00+00:00,36554,stop,-1.1240268295082068,-18.276859016393605,True,False,1200,7.212413248035261,1.707414073020462,-0.04082823230832423,-5.777365643492435,-2.286970282684367,-0.42424242424240965,0.1999999999990898,8.583333333333334
gbpusd_rsi2_m5_usd100000_smaller_stop_and_time,2017-07-03T09:00:00+00:00,2017-07-03T09:35:00+00:00,36559,signal_exit,0.5330400000001518,8.653246753249219,False,True,2100,7.338814281442909,1.6672455412917466,-0.39583340286706414,-8.79913178394831,-1.8623194600879678,-0.6296296296296601,0.5999999999994898,9.0
gbpusd_rsi2_m5_usd100000_smaller_stop_and_time,2017-07-03T10:15:00+00:00,2017-07-03T10:50:00+00:00,36574,stop,-0.930738918809406,-15.133966159502537,True,False,2100,5.6909668195894785,1.2703845377824716,-1.497819686103002,-7.071274732362812,-1.1449004416732724,-0.7045454545455349,0.10000000000065512,10.25
gbpusd_rsi2_m5_usd100000_smaller_stop_and_time,2017-07-03T11:20:00+00:00,2017-07-03T11:40:00+00:00,36587,signal_exit,0.255840000000114,4.153246753248603,False,True,1200,6.2302218901257165,1.3163674019459644,-1.6358197647390402,-9.755582333845975,-2.3229520034948217,-0.7833333333333703,0.4999999999988347,11.333333333333334
gbpusd_rsi2_m5_usd100000_smaller_stop_and_time,2017-07-03T13:05:00+00:00,2017-07-03T14:00:00+00:00,36608,stop,-1.0350811361635823,-16.80326519746075,True,False,3300,6.378255975354898,1.2477699615621964,-1.3956441473784669,-5.174810768129175,-0.17084387194220232,-0.8055555555555298,0.40000000000040004,13.083333333333334
gbpusd_rsi2_m5_usd100000_smaller_stop_and_time,2017-07-03T14:05:00+00:00,2017-07-03T14:20:00+00:00,36620,stop,-1.0281476433915795,-16.690708496616548,True,False,900,6.371977624932599,1.2205824939794894,-1.1600698081926495,-6.211534092210406,-1.4569530635115313,-0.28859060402680065,0.2999999999997449,14.083333333333334
gbpusd_rsi2_m5_usd100000_smaller_stop_and_time,2017-07-03T14:25:00+00:00,2017-07-03T14:45:00+00:00,36624,signal_exit,0.268920000000058,4.358508914101426,False,True,1200,7.488378616870416,1.376311745057758,-1.2092392635965252,-8.159735559843025,-2.744681370247603,-0.8461538461538866,0.5000000000010552,14.416666666666666
gbpusd_rsi2_m5_usd100000_smaller_stop_and_time,2017-07-04T07:15:00+00:00,2017-07-04T07:25:00+00:00,36818,stop,-0.9284800240652575,-15.072727663397037,True,False,600,5.512987208323103,1.3831842112088704,-0.23008592057149144,-0.45260484830610986,0.2582737070008381,-0.7571428571425852,0.40000000000040004,7.25
gbpusd_rsi2_m5_usd100000_smaller_stop_and_time,2017-07-04T07:30:00+00:00,2017-07-04T07:40:00+00:00,36821,target,0.41714988318209234,6.760938139093879,False,True,600,5.451214612494649,1.3543172917688988,-0.27650352054985633,-3.0575155022435467,-1.4342650350162605,-0.4999999999996299,0.4999999999988347,7.5
gbpusd_rsi2_m5_usd100000_smaller_stop_and_time,2017-07-04T08:35:00+00:00,2017-07-04T08:45:00+00:00,36834,target,0.6258716220390326,10.12737252490344,False,True,600,7.131809239796171,1.5621147692955517,-0.3379476469462745,-6.1404592708907195,-2.288758957535512,-0.5703703703703399,0.4999999999988347,8.583333333333334
gbpusd_rsi2_m5_usd100000_smaller_stop_and_time,2017-07-04T09:15:00+00:00,2017-07-04T09:55:00+00:00,36842,signal_exit,0.11518000000014367,1.863754045309768,False,True,2400,6.68304079672834,1.4223895859330076,-0.7421903803375973,-5.6437224350757225,-1.445048875058965,-0.5000000000001354,0.10000000000065512,9.25
gbpusd_rsi2_m5_usd100000_smaller_stop_and_time,2017-07-04T11:05:00+00:00,2017-07-04T11:40:00+00:00,36864,signal_exit,-0.38509999999997957,-6.241491085899182,False,False,2100,4.787498641974912,1.0295292233108788,-0.7324254156714632,-1.9150575202392564,0.263472333750281,-0.6923076923074295,0.40000000000040004,11.083333333333334
gbpusd_rsi2_m5_usd100000_smaller_stop_and_time,2017-07-04T12:30:00+00:00,2017-07-04T12:50:00+00:00,36881,signal_exit,-0.0765999999998766,-1.241491085897514,False,False,1200,3.9551859945945176,0.8845421435889916,-0.5943625131331751,-4.21671207424046,-2.253879807336601,-0.8611111111114024,0.4999999999988347,12.5
gbpusd_rsi2_m5_usd100000_smaller_stop_and_time,2017-07-04T13:30:00+00:00,2017-07-04T13:50:00+00:00,36893,signal_exit,-0.00841999999984272,-0.13624595469001163,False,False,1200,4.752096271550541,1.0397423735690583,-0.7680174543106848,-4.567049057239049,-1.587844645443579,-0.33333333333312776,0.3999999999981796,13.5
gbpusd_rsi2_m5_usd100000_smaller_stop_and_time,2017-07-04T15:05:00+00:00,2017-07-04T16:05:00+00:00,36912,holding_bars,-0.6504099999999366,-10.541491085898487,False,False,3600,5.061305424903633,1.0961152567955303,-0.5763179150507441,-2.191197997392403,-0.18804767762747748,-0.3015873015875589,0.40000000000040004,15.083333333333334
gbpusd_rsi2_m5_usd100000_smaller_stop_and_time,2017-07-05T07:25:00+00:00,2017-07-05T07:25:00+00:00,37096,stop,-0.9732364066270518,-15.748161919531581,True,False,0,5.855957982420559,1.4791153981378238,-0.5424549426176976,-3.781686384857597,-1.3445958732005867,-0.8382352941175703,0.40000000000040004,7.416666666666667
gbpusd_rsi2_m5_usd100000_smaller_stop_and_time,2017-07-05T07:30:00+00:00,2017-07-05T07:50:00+00:00,37097,signal_exit,0.41182000000016594,6.663754045310128,False,True,1200,6.4162466979620145,1.580137408008647,-0.5733814219984368,-6.673877306532149,-2.7344078869560224,-0.9051094890509659,0.3999999999981796,7.5
gbpusd_rsi2_m5_usd100000_smaller_stop_and_time,2017-07-05T08:20:00+00:00,2017-07-05T09:05:00+00:00,37107,target,0.5076876934528227,8.215011220919461,False,True,2700,5.975628587805903,1.4187408241924218,-0.734143626468082,-5.37763579564886,-1.1914639245941587,-0.6153846153854037,0.10000000000065512,8.333333333333334
gbpusd_rsi2_m5_usd100000_smaller_stop_and_time,2017-07-05T10:15:00+00:00,2017-07-05T10:45:00+00:00,37130,signal_exit,-0.03931999999990793,-0.6362459546910668,False,False,1800,5.969260696643263,1.2767102725500845,-0.8028445077105993,-3.598359079386905,-0.5910405719220899,-0.6052631578951213,0.20000000000131024,10.25
gbpusd_rsi2_m5_usd100000_smaller_stop_and_time,2017-07-05T12:10:00+00:00,2017-07-05T12:40:00+00:00,37153,signal_exit,-0.23707999999983126,-3.8362459546898258,False,False,1800,4.249429778892012,0.9251135658445672,-0.5313851188342349,-1.1434518208871483,0.6082374441822705,-0.33333333333355764,0.1999999999990898,12.166666666666666
gbpusd_rsi2_m5_usd100000_smaller_stop_and_time,2017-07-05T13:30:00+00:00,2017-07-05T13:50:00+00:00,37169,target,0.32909938191958754,5.325232717145429,False,True,1200,4.580739335918437,0.997285694004987,-0.33447953053325735,-3.2511599470121855,-2.6593264541034194,-0.834862385321213,0.20000000000131024,13.5
gbpusd_rsi2_m5_usd100000_smaller_stop_and_time,2017-07-05T15:15:00+00:00,2017-07-05T15:30:00+00:00,37190,signal_exit,0.2944000000000828,4.763754045308783,False,True,900,5.462940802483673,1.136381874736716,-0.1507471269620748,-1.3276719674642046,-0.7808560539146467,-0.8405797101448669,0.20000000000131024,15.25
gbpusd_rsi2_m5_usd100000_smaller_stop_and_time,2017-07-06T07:40:00+00:00,2017-07-06T08:20:00+00:00,37382,signal_exit,0.05297000000015023,0.8585089141029211,False,True,2400,4.3137823408917315,1.2066860709303968,0.5694943259947628,-0.009296804793841856,-1.780591717022698,-0.5000000000002776,0.0,7.666666666666667
gbpusd_rsi2_m5_usd100000_smaller_stop_and_time,2017-07-06T08:45:00+00:00,2017-07-06T09:20:00+00:00,37395,target,0.2991247963133885,4.848051804106783,False,True,2100,4.394771445002351,1.1857135307946716,0.19156882699480293,-0.14134939006931158,-0.4789791948002366,-0.8867924528302678,0.2999999999997449,8.75
gbpusd_rsi2_m5_usd100000_smaller_stop_and_time,2017-07-06T11:00:00+00:00,2017-07-06T11:45:00+00:00,37422,signal_exit,-0.27391999999993716,-4.446753246752226,False,False,2700,6.437132227388809,1.451162098558605,1.0747620028675084,3.661885041779511,-0.44787627738336455,-0.9251700680273177,0.40000000000040004,11.0
gbpusd_rsi2_m5_usd100000_smaller_stop_and_time,2017-07-06T13:45:00+00:00,2017-07-06T14:05:00+00:00,37455,signal_exit,0.3244500000001478,5.258508914102881,False,True,1200,6.7209669452045055,1.3320652222138836,0.25177778610717816,-1.977551590824573,-2.752195657525849,-0.9016393442623786,0.5000000000010552,13.75
gbpusd_rsi2_m5_usd100000_smaller_stop_and_time,2017-07-07T07:00:00+00:00,2017-07-07T07:05:00+00:00,37655,signal_exit,0.08952000000011856,1.4532467532486777,False,True,300,3.5957263591043898,1.0736813511880074,-0.1920949102474902,-2.50029946630799,-1.1484753244719865,-0.4444444444452668,0.2999999999997449,7.0
gbpusd_rsi2_m5_usd100000_smaller_stop_and_time,2017-07-07T08:35:00+00:00,2017-07-07T09:35:00+00:00,37674,holding_bars,-0.4467999999998358,-7.241491085896851,False,False,3600,7.914670357856866,1.8798849581312327,-0.4302648539036233,-8.80528167150239,-3.845772644687235,-0.8005050505050875,0.40000000000040004,8.583333333333334
gbpusd_rsi2_m5_usd100000_smaller_stop_and_time,2017-07-07T09:50:00+00:00,2017-07-07T10:05:00+00:00,37689,stop,-0.9505186145354523,-15.380560105751654,True,False,900,5.872157075530551,1.3508707522520564,-1.6066697793106317,-8.965207809860795,-0.7055551882532496,-0.5555555555559211,0.0,9.833333333333334
gbpusd_rsi2_m5_usd100000_smaller_stop_and_time,2017-07-07T10:10:00+00:00,2017-07-07T10:30:00+00:00,37693,signal_exit,-0.40393999999982655,-6.53624595468975,False,False,1200,5.8387853559515035,1.3256552242167998,-1.9112290126875,-10.244770377948997,-2.1766276520244667,-0.2142857142854877,0.3999999999981796,10.166666666666666
gbpusd_rsi2_m5_usd100000_smaller_stop_and_time,2017-07-07T12:10:00+00:00,2017-07-07T12:10:00+00:00,37717,target,0.5370136425606933,8.675503110835109,False,True,0,6.353260440715553,1.3232608219914286,-2.417239903230352,-11.6880638236506,-2.5086980270591317,-0.9500000000000431,0.40000000000040004,12.166666666666666
gbpusd_rsi2_m5_usd100000_smaller_stop_and_time,2017-07-07T13:00:00+00:00,2017-07-07T14:00:00+00:00,37727,holding_bars,0.09760000000002228,1.574193548387456,False,True,3600,12.678745257214693,2.080779350259655,-1.7357111142835435,-10.0987442247079,-2.666792631815718,-0.6151419558359067,0.2999999999997449,13.0
gbpusd_rsi2_m5_usd100000_smaller_stop_and_time,2017-07-07T14:20:00+00:00,2017-07-07T15:20:00+00:00,37743,holding_bars,0.3084000000001643,4.9741935483897475,False,True,3600,8.201267767645952,1.3337159272866517,-1.8424007565701261,-8.59325074107735,-1.2018262703981457,-0.7246376811592571,0.1999999999990898,14.333333333333334
gbpusd_rsi2_m5_usd100000_smaller_stop_and_time,2017-07-10T07:35:00+00:00,2017-07-10T07:55:00+00:00,37944,signal_exit,0.14045000000016866,2.2689822294049864,False,True,1200,3.588933817547195,1.0933472765362766,0.11526975250072717,-3.6111897179444745,-2.0591225458725066,-0.6025641025640625,0.1999999999990898,7.583333333333333
gbpusd_rsi2_m5_usd100000_smaller_stop_and_time,2017-07-10T08:40:00+00:00,2017-07-10T08:40:00+00:00,37957,stop,-0.7995182471088786,-12.916288321629704,True,False,0,4.542635275517404,1.2888970048665576,-0.44855904502253174,-3.6440714467579993,-1.72765298097115,-0.9480519480518919,0.1999999999990898,8.666666666666666
gbpusd_rsi2_m5_usd100000_smaller_stop_and_time,2017-07-10T08:45:00+00:00,2017-07-10T08:55:00+00:00,37958,stop,-0.8984234331522376,-14.49070053471351,True,False,600,5.232447041551859,1.4392093391074892,-0.49455475155702966,-6.05724742244442,-3.0471827194279593,-0.6619718309858846,0.3999999999981796,8.75
gbpusd_rsi2_m5_usd100000_smaller_stop_and_time,2017-07-10T09:00:00+00:00,2017-07-10T10:00:00+00:00,37961,holding_bars,-0.5657999999997807,-9.125806451609366,False,False,3600,5.673172795294914,1.5130157489889127,-0.6396052362204437,-7.233385853618771,-2.473987131627325,-0.4741379310344052,0.3999999999981796,9.0
gbpusd_rsi2_m5_usd100000_smaller_stop_and_time,2017-07-10T10:05:00+00:00,2017-07-10T10:10:00+00:00,37974,signal_exit,0.28980000000018014,4.674193548390002,False,True,300,5.624148318845145,1.4022557597225682,-1.2549896970744019,-7.847472256323102,-1.260241960325825,-0.6086956521738711,0.2999999999997449,10.083333333333334
gbpusd_rsi2_m5_usd100000_smaller_stop_and_time,2017-07-10T12:05:00+00:00,2017-07-10T12:40:00+00:00,37998,signal_exit,0.28980000000018014,4.674193548390002,False,True,2100,4.679143388171241,1.146858913353989,-0.6801932791552768,-3.6028184784886066,-1.034817023712704,-0.9154929577462366,0.3999999999981796,12.083333333333334
gbpusd_rsi2_m5_usd100000_smaller_stop_and_time,2017-07-10T13:25:00+00:00,2017-07-10T14:05:00+00:00,38014,stop,-0.8597944024035173,-13.867651651669634,True,False,2400,4.92092260003036,1.1616985006504437,-0.542296005722155,-3.916803473867353,-1.7783830302296961,-0.6875000000001446,0.3999999999981796,13.416666666666666
gbpusd_rsi2_m5_usd100000_smaller_stop_and_time,2017-07-10T14:10:00+00:00,2017-07-10T14:25:00+00:00,38023,signal_exit,-0.03259999999986701,-0.5258064516107582,False,False,900,5.1469827089813815,1.1874307040304275,-0.7299350268705901,-5.425247927320227,-2.150169733294408,-0.08695652173923538,0.40000000000040004,14.166666666666666
gbpusd_rsi2_m5_usd100000_smaller_stop_and_time,2017-07-11T09:30:00+00:00,2017-07-11T09:35:00+00:00,38249,target,0.3534738492138938,5.719641573040352,False,True,300,4.677943763865946,1.394452712644615,1.5218111248815287,5.808576205214577,0.018895935949682405,-0.3999999999998224,0.0,9.5
gbpusd_rsi2_m5_usd100000_smaller_stop_and_time,2017-07-11T11:40:00+00:00,2017-07-11T12:10:00+00:00,38275,signal_exit,0.016300000000182002,0.2637540453103884,False,True,1800,4.31615632079157,1.1576387866336157,1.3113025288500462,4.801093056120933,0.05138705715766246,-0.18518518518475877,0.1999999999990898,11.666666666666666
gbpusd_rsi2_m5_usd100000_smaller_stop_and_time,2017-07-11T12:35:00+00:00,2017-07-11T12:50:00+00:00,38286,stop,-1.0068776799589405,-16.266198383827795,True,False,900,6.2175903066155245,1.5380409629457594,1.1473163760313274,0.25047269081659157,-3.1583750886555353,-0.7147435897436945,0.20000000000131024,12.583333333333334
gbpusd_rsi2_m5_usd100000_smaller_stop_and_time,2017-07-11T12:55:00+00:00,2017-07-11T13:05:00+00:00,38290,stop,-1.0884308099920268,-17.55533564503269,True,False,600,6.864764596710949,1.6217612439098246,0.8757277511061388,-3.3454032486947765,-2.496632142532443,-0.8160000000000341,0.1999999999990898,12.916666666666666
gbpusd_rsi2_m5_usd100000_smaller_stop_and_time,2017-07-11T13:10:00+00:00,2017-07-11T13:45:00+00:00,38293,signal_exit,0.4955200000000062,7.9793880837360085,False,True,2100,8.19780897192931,1.8202127139909858,0.5334465058604965,-8.121659754232983,-2.598404862103336,-0.6854304635761592,0.10000000000065512,13.166666666666666
gbpusd_rsi2_m5_usd100000_smaller_stop_and_time,2017-07-11T14:10:00+00:00,2017-07-11T15:05:00+00:00,38305,stop,-1.1927264910422866,-19.206545749473214,True,False,3300,7.7929669166057565,1.5929863430412918,-0.6787216046182684,-7.28867361880491,-1.32678065405889,-0.8244274809160564,0.0,14.166666666666666
gbpusd_rsi2_m5_usd100000_smaller_stop_and_time,2017-07-11T15:10:00+00:00,2017-07-11T15:20:00+00:00,38317,target,0.7256121803086877,11.665790680203981,False,True,600,7.690612381902023,1.4752689355728301,-1.546563554632337,-9.536838487654117,-2.0295920979767628,-0.8396226415094399,0.10000000000065512,15.166666666666666
gbpusd_rsi2_m5_usd100000_smaller_stop_and_time,2017-07-12T08:00:00+00:00,2017-07-12T08:10:00+00:00,38514,signal_exit,0.16757000000005637,2.689727126806683,False,True,600,5.7569530746269555,1.233591287532792,-1.6124748571016452,-7.8283848257796675,-2.219915859185753,-0.3207547169811874,0.5000000000010552,8.0
gbpusd_rsi2_m5_usd100000_smaller_stop_and_time,2017-07-12T09:10:00+00:00,2017-07-12T09:20:00+00:00,38528,target,0.6958666224736172,11.205581682344882,False,True,600,7.563096799303406,1.450330520196865,-0.8466229198123718,-0.286610248789373,0.7962974369663296,-0.6212121212120549,0.2999999999997449,9.166666666666666
gbpusd_rsi2_m5_usd100000_smaller_stop_and_time,2017-07-12T10:10:00+00:00,2017-07-12T10:35:00+00:00,38540,signal_exit,0.04219000000020773,0.6793880837392547,False,True,1500,6.753040688990713,1.259538662201996,0.09165402772345305,0.6347230107319061,-0.590401911589361,-0.2894736842102188,0.4999999999988347,10.166666666666666
gbpusd_rsi2_m5_usd100000_smaller_stop_and_time,2017-07-12T13:10:00+00:00,2017-07-12T13:30:00+00:00,38576,signal_exit,-0.014299999999883017,-0.2310177705958484,False,False,1200,10.050917176773199,1.598286387962692,1.0126583127295454,4.0530307753946495,-0.008565983024837505,-0.6305732484076442,0.4999999999988347,13.166666666666666
gbpusd_rsi2_m5_usd100000_smaller_stop_and_time,2017-07-12T13:45:00+00:00,2017-07-12T14:15:00+00:00,38583,signal_exit,-0.23099999999992776,-3.7258064516117377,False,False,1800,9.459937551571366,1.466631054749924,1.0521464528048805,2.2990079238179595,-1.4638760664520638,-0.6382978723403954,0.10000000000065512,13.75
gbpusd_rsi2_m5_usd100000_smaller_stop_and_time,2017-07-12T15:20:00+00:00,2017-07-12T15:25:00+00:00,38602,signal_exit,0.25806000000011453,4.168982229404112,False,True,300,9.180357736302332,1.2931405727248038,0.7009062583061685,2.7402340285455753,0.16750691518224364,-0.24096385542162874,0.2999999999997449,15.333333333333334
gbpusd_rsi2_m5_usd100000_smaller_stop_and_time,2017-07-13T07:50:00+00:00,2017-07-13T08:20:00+00:00,38791,signal_exit,0.003610000000100866,0.058508914102121,False,True,1800,6.1459505710374405,1.3777633798338091,1.8668239388144745,8.705338099764136,0.4522498759011589,-0.42647058823514045,0.2999999999997449,7.833333333333333
gbpusd_rsi2_m5_usd100000_smaller_stop_and_time,2017-07-13T08:45:00+00:00,2017-07-13T08:55:00+00:00,38802,target,0.5001333103319086,8.105888336011484,False,True,600,6.1236897109553965,1.3260889831490743,2.0907239359584846,5.231472233974638,-2.3747155163398084,-0.6700000000000222,0.5000000000010552,8.75
gbpusd_rsi2_m5_usd100000_smaller_stop_and_time,2017-07-13T10:05:00+00:00,2017-07-13T10:55:00+00:00,38818,signal_exit,0.12754000000008742,2.063754045308858,False,True,3000,6.073642142393816,1.2610663660368355,1.4394046038696138,2.866852774559324,-2.4495741219303695,-0.8082191780821251,0.40000000000040004,10.083333333333334
gbpusd_rsi2_m5_usd100000_smaller_stop_and_time,2017-07-13T13:55:00+00:00,2017-07-13T14:55:00+00:00,38864,holding_bars,-0.10127999999990128,-1.641491085897914,False,False,3600,7.180293270607544,1.2827876050096287,1.220417980228052,2.075672503261758,-2.9041206125618393,-0.7058823529412149,0.40000000000040004,13.916666666666666
gbpusd_rsi2_m5_usd100000_smaller_stop_and_time,2017-07-13T15:45:00+00:00,2017-07-13T16:15:00+00:00,38886,signal_exit,-0.2246799999998877,-3.6414910858976937,False,False,1800,6.3807870218302885,1.097392518043828,0.4982892681946511,0.7271765952534016,-1.8969487955314424,-0.7462686567163932,0.3999999999981796,15.75
gbpusd_rsi2_m5_usd100000_smaller_stop_and_time,2017-07-14T07:20:00+00:00,2017-07-14T07:30:00+00:00,39064,target,0.3434066498607333,5.574783276959956,False,True,600,4.860768261856397,1.3346308600991692,1.2309829416191078,2.4224955344200394,-2.62117408128269,-0.9883720930231807,0.5000000000010552,7.333333333333333
gbpusd_rsi2_m5_usd100000_smaller_stop_and_time,2017-07-14T08:00:00+00:00,2017-07-14T08:35:00+00:00,39072,signal_exit,-0.002879999999939653,-0.046753246752267094,False,False,2100,5.169866517872986,1.3612255871503551,1.0187141142743794,2.2670447031682492,-1.5986609896420363,-0.7605633802816814,0.2999999999997449,8.0
gbpusd_rsi2_m5_usd100000_smaller_stop_and_time,2017-07-14T12:10:00+00:00,2017-07-14T12:30:00+00:00,39122,target,0.21362323128915414,3.473548476246408,False,True,1200,3.7127904982852127,0.9667039450241197,1.4292103142647512,5.548316668217315,0.044889401551302575,-0.6399999999999822,0.2999999999997449,12.166666666666666
gbpusd_rsi2_m5_usd100000_smaller_stop_and_time,2017-07-14T15:45:00+00:00,2017-07-14T16:05:00+00:00,39165,signal_exit,0.013500000000044199,0.22131147541056065,False,True,1200,9.08158743740713,1.4716343170906523,3.886430205941087,14.753182151437711,-0.22291851269948257,-0.2580645161293557,0.10000000000065512,15.75
gbpusd_rsi2_m5_usd100000_smaller_stop_and_time,2017-07-17T07:25:00+00:00,2017-07-17T07:40:00+00:00,39349,stop,-0.8028477913099661,-13.161439201802724,True,False,900,4.6413753386081105,1.2077896397830763,0.6594804291311424,1.0010186043062856,-0.9888465169203913,-0.9666666666666913,0.1999999999990898,7.416666666666667
gbpusd_rsi2_m5_usd100000_smaller_stop_and_time,2017-07-17T07:55:00+00:00,2017-07-17T08:25:00+00:00,39355,signal_exit,0.1843000000000796,3.0213114754111405,False,True,1800,4.876155603316199,1.24080207218075,0.3974724569744303,-1.8780284439350072,-1.9324023526454912,-0.5689655172412539,0.5000000000010552,7.916666666666667
gbpusd_rsi2_m5_usd100000_smaller_stop_and_time,2017-07-17T10:10:00+00:00,2017-07-17T10:35:00+00:00,39382,signal_exit,0.007740000000139913,0.12667757774369742,False,True,1500,5.02271781784677,1.2014419433558072,-0.24201517225544797,-2.732166897745871,-2.796719551236183,-0.7692307692309663,0.2999999999997449,10.166666666666666
gbpusd_rsi2_m5_usd100000_smaller_stop_and_time,2017-07-17T11:15:00+00:00,2017-07-17T11:45:00+00:00,39395,signal_exit,0.06273000000009316,1.0266775777429322,False,True,1800,5.201732760103869,1.196094724429773,-0.42326866198442015,-3.205398291742825,-1.2561472641438425,-0.47499999999983344,0.0,11.25
gbpusd_rsi2_m5_usd100000_smaller_stop_and_time,2017-07-17T14:00:00+00:00,2017-07-17T14:35:00+00:00,39428,signal_exit,0.19104000000011975,3.1266775777433673,False,True,2100,4.090879305981114,0.953436074571185,-0.2064710107580274,-1.3396230582654236,-1.4401585314457377,-0.37499999999965306,0.2999999999997449,14.0
gbpusd_rsi2_m5_usd100000_smaller_stop_and_time,2017-07-17T14:50:00+00:00,2017-07-17T15:30:00+00:00,39438,stop,-0.8726921322763928,-14.283013621544889,True,False,2400,5.204845599643821,1.1618944457098006,-0.14240772470097854,-2.004831985512423,-2.0868283829057046,-0.7300000000001998,0.20000000000131024,14.833333333333334
gbpusd_rsi2_m5_usd100000_smaller_stop_and_time,2017-07-17T15:35:00+00:00,2017-07-17T16:10:00+00:00,39447,signal_exit,0.14216000000007084,2.326677577742567,False,True,2100,5.485125925853243,1.1861161753658664,-0.3468829037633577,-3.8786999010147496,-2.0859572571404716,-0.7555555555554678,0.2999999999997449,15.583333333333334
gbpusd_rsi2_m5_usd100000_smaller_stop_and_time,2017-07-18T08:20:00+00:00,2017-07-18T08:30:00+00:00,39641,stop,-1.1827587227545844,-19.389487258271874,True,False,600,7.705399366841414,1.7292336816050207,1.2192156115593853,-0.1775338878632278,-2.948177988702693,-0.6627450980391901,0.2999999999997449,8.333333333333334
gbpusd_rsi2_m5_usd100000_smaller_stop_and_time,2017-07-18T08:35:00+00:00,2017-07-18T09:35:00+00:00,39644,holding_bars,-0.32239999999985064,-5.2679738562067095,False,False,3600,11.293681635914936,2.219993624002557,0.7876021057516518,-8.744321304659115,-3.3959466640495464,-0.6960784313725235,0.1999999999990898,8.583333333333334
gbpusd_rsi2_m5_usd100000_smaller_stop_and_time,2017-07-18T10:20:00+00:00,2017-07-18T11:10:00+00:00,39665,stop,-1.4417325479951124,-23.557721372469153,True,False,3000,9.744873758130607,1.6375017165166004,-1.6089028942688117,-7.463610029817739,-0.8280791796432359,-0.38095238095238726,0.40000000000040004,10.333333333333334
gbpusd_rsi2_m5_usd100000_smaller_stop_and_time,2017-07-18T14:25:00+00:00,2017-07-18T15:05:00+00:00,39714,signal_exit,0.3884800000000441,6.337357259380817,False,True,2400,6.740651329034072,1.0645369490041883,-1.212538139398064,-5.47194260898417,-1.4824311103943226,-0.856060606060671,0.40000000000040004,14.416666666666666
gbpusd_rsi2_m5_usd100000_smaller_stop_and_time,2017-07-19T07:35:00+00:00,2017-07-19T07:45:00+00:00,39914,stop,-0.8526919335014422,-13.932874730415723,True,False,600,4.932450437104427,1.319519839901614,0.05739942691394531,-1.689053661083133,-1.4351254490833638,-0.9577464788732747,0.40000000000040004,7.583333333333333
gbpusd_rsi2_m5_usd100000_smaller_stop_and_time,2017-07-19T07:50:00+00:00,2017-07-19T07:50:00+00:00,39917,stop,-0.9066519958545367,-14.790407762716747,True,False,0,5.413882511048913,1.4080741074754304,-0.03704316175893977,-4.1558194603277006,-2.3880479038919056,-0.6428571428571853,0.2999999999997449,7.833333333333333
gbpusd_rsi2_m5_usd100000_smaller_stop_and_time,2017-07-19T07:55:00+00:00,2017-07-19T08:20:00+00:00,39918,signal_exit,0.18006000000003983,2.9373572593807475,False,True,1500,5.8200337602596655,1.4845287543233452,-0.0882510563996228,-4.514968915815763,-2.281798110898857,-0.1711711711711009,0.40000000000040004,7.916666666666667
gbpusd_rsi2_m5_usd100000_smaller_stop_and_time,2017-07-19T09:05:00+00:00,2017-07-19T09:15:00+00:00,39932,signal_exit,0.18619000000007999,3.0373572593814027,False,True,600,5.0294715354534745,1.2458569945621172,-0.516881013797255,-2.7040221045705377,-0.15609546913871986,-0.33333333333317916,0.10000000000065512,9.083333333333334
gbpusd_rsi2_m5_usd100000_smaller_stop_and_time,2017-07-19T09:45:00+00:00,2017-07-19T10:15:00+00:00,39940,signal_exit,-0.10207999999976619,-1.66797385620533,False,False,1800,4.9014473808811205,1.198220463000268,-0.5265224254668286,-1.5121086647642243,0.11811230703861081,-0.37931034482775783,0.2999999999997449,9.75
gbpusd_rsi2_m5_usd100000_smaller_stop_and_time,2017-07-19T11:20:00+00:00,2017-07-19T12:05:00+00:00,39959,signal_exit,-0.2367199999998329,-3.8679738562064196,False,False,2700,5.703419741226171,1.2902560183158587,0.05961227428733312,-0.22222422132958225,-0.19746808845775707,-0.8656716417911486,0.40000000000040004,11.333333333333334
gbpusd_rsi2_m5_usd100000_smaller_stop_and_time,2017-07-19T13:55:00+00:00,2017-07-19T13:55:00+00:00,39990,stop,-0.9055516385912685,-14.796595401818113,True,False,0,5.364310772805202,1.1394833166688414,-0.11719288209948141,-0.8652767529177288,-0.6636887698012306,-0.5822784810124875,0.40000000000040004,13.916666666666666
gbpusd_rsi2_m5_usd100000_smaller_stop_and_time,2017-07-19T14:00:00+00:00,2017-07-19T14:10:00+00:00,39991,target,0.5254070364070227,8.571077266019945,False,True,600,6.166860003319112,1.276373569767915,-0.14517906932933375,-4.0928283810811035,-3.582016782434661,-0.957831325301196,0.10000000000065512,14.0
gbpusd_rsi2_m5_usd100000_smaller_stop_and_time,2017-07-19T15:25:00+00:00,2017-07-19T15:55:00+00:00,40008,signal_exit,0.02644000000012453,0.43202614379288445,False,True,1800,7.101022559723767,1.3564942718190627,-0.10989261026312372,0.36221170772005473,0.5650818567053425,-0.7234042553192093,0.1999999999990898,15.416666666666666
gbpusd_rsi2_m5_usd100000_smaller_stop_and_time,2017-07-20T07:20:00+00:00,2017-07-20T07:25:00+00:00,40196,stop,-0.7594293961986427,-12.388734032604283,True,False,300,4.163045645994452,1.2594387311091373,-0.24116039631220865,-3.1525961346167652,-2.496383888073317,-0.9324324324322865,0.3999999999981796,7.333333333333333
gbpusd_rsi2_m5_usd100000_smaller_stop_and_time,2017-07-20T07:30:00+00:00,2017-07-20T08:05:00+00:00,40198,stop,-1.0078828515326859,-16.41503015525547,True,False,2100,6.128850582515414,1.6979737842131732,-0.31002290527828447,-8.505216306691533,-3.765744072332652,-0.6130030959752217,0.4999999999988347,7.5
gbpusd_rsi2_m5_usd100000_smaller_stop_and_time,2017-07-20T08:20:00+00:00,2017-07-20T08:25:00+00:00,40208,target,0.6564501252347212,10.673985776174328,False,True,300,7.363009148248859,1.8103552587412677,-1.0740256612203067,-11.579874700060145,-1.7846777143593755,-0.694915254237218,0.40000000000040004,8.333333333333334
gbpusd_rsi2_m5_usd100000_smaller_stop_and_time,2017-07-20T09:10:00+00:00,2017-07-20T09:20:00+00:00,40218,stop,-1.340911345627672,-21.838946997193354,True,False,600,8.990809003484332,1.8850605738166568,-1.338580716859515,-5.6353068967613895,-0.05885095443447589,-0.619047619047317,0.1999999999990898,9.166666666666666
gbpusd_rsi2_m5_usd100000_smaller_stop_and_time,2017-07-20T09:25:00+00:00,2017-07-20T10:20:00+00:00,40221,stop,-1.425966074278513,-23.18644023217094,True,False,3300,9.567203855923813,1.9179873057950754,-1.4771136102726152,-9.390284974349433,-2.012516680703856,-0.6363636363636608,0.40000000000040004,9.416666666666666
gbpusd_rsi2_m5_usd100000_smaller_stop_and_time,2017-07-20T10:25:00+00:00,2017-07-20T11:25:00+00:00,40233,holding_bars,-0.14455999999991037,-2.3467532467517915,False,False,3600,9.16861628262909,1.6781114950988316,-1.7810416801132756,-12.483241523758378,-1.751410365661357,-0.8843537414966027,0.40000000000040004,10.416666666666666
gbpusd_rsi2_m5_usd100000_smaller_stop_and_time,2017-07-20T15:40:00+00:00,2017-07-20T16:10:00+00:00,40296,stop,-1.3406577505848887,-21.834816784770172,True,False,1800,8.838743897271382,1.2953211611744617,-0.3881042347602612,-0.9766461783420328,0.2501612329795581,-0.695238095238212,0.5000000000010552,15.666666666666666
gbpusd_rsi2_m5_usd100000_smaller_stop_and_time,2017-07-21T10:55:00+00:00,2017-07-21T11:00:00+00:00,40517,target,0.5015580107016422,8.168697242697755,False,True,300,6.113013116461731,1.2313790863773073,1.211470435957485,2.7091909263440552,-1.6935891120262598,-0.5833333333334104,0.40000000000040004,10.916666666666666
gbpusd_rsi2_m5_usd100000_smaller_stop_and_time,2017-07-21T11:55:00+00:00,2017-07-21T12:35:00+00:00,40529,signal_exit,0.10700000000010251,1.7426710097736564,False,True,2400,5.765320872492418,1.1412975067469755,1.1534728949435071,1.9533829960085833,-1.8782757099092193,-0.6923076923074734,0.2999999999997449,11.916666666666666
gbpusd_rsi2_m5_usd100000_smaller_stop_and_time,2017-07-21T13:40:00+00:00,2017-07-21T14:25:00+00:00,40550,signal_exit,0.35350000000007564,5.747967479676027,False,True,2700,6.489260398585705,1.2360351813226382,0.37069353723807574,-2.0166072990814636,-3.28279752419878,-0.749999999999896,0.10000000000065512,13.666666666666666
gbpusd_rsi2_m5_usd100000_smaller_stop_and_time,2017-07-21T15:10:00+00:00,2017-07-21T16:10:00+00:00,40568,holding_bars,-0.48289999999980493,-7.85203252032203,False,False,3600,8.406326184565888,1.438841979443431,-0.13347493043861158,-2.9926163872915876,-2.0846004616551035,-0.939189189189097,0.2999999999997449,15.166666666666666
gbpusd_rsi2_m5_usd100000_smaller_stop_and_time,2017-07-24T07:00:00+00:00,2017-07-24T07:00:00+00:00,40752,target,0.2872654590273387,4.6785905379045385,False,True,0,4.217959764065306,1.1497018478276453,0.5041617182771115,-2.590938125106605,-1.8038635436587298,-0.44339622641525045,0.10000000000065512,7.0
gbpusd_rsi2_m5_usd100000_smaller_stop_and_time,2017-07-24T08:15:00+00:00,2017-07-24T08:25:00+00:00,40767,signal_exit,0.43752000000009317,7.137357259381617,False,True,600,5.701225615151093,1.3765487527605875,0.19888753585893185,0.7255487898220583,-0.07711511899425268,-0.9215686274509035,0.40000000000040004,8.25
gbpusd_rsi2_m5_usd100000_smaller_stop_and_time,2017-07-24T10:05:00+00:00,2017-07-24T10:40:00+00:00,40789,signal_exit,-0.05311999999998901,-0.8679738562089707,False,False,2100,7.18769335599457,1.4518343002842535,1.1653828010310936,5.280675561923647,0.17020661176182764,-0.5319148936172323,0.20000000000131024,10.083333333333334
gbpusd_rsi2_m5_usd100000_smaller_stop_and_time,2017-07-24T11:05:00+00:00,2017-07-24T11:15:00+00:00,40801,signal_exit,-0.022519999999924434,-0.36797385620791556,False,False,600,5.826391649292184,1.176224529744493,1.426119418309235,4.304264897096571,-1.2751155240127678,-0.42222222222197003,0.2999999999997449,11.083333333333334
gbpusd_rsi2_m5_usd100000_smaller_stop_and_time,2017-07-24T12:10:00+00:00,2017-07-24T12:35:00+00:00,40814,signal_exit,-0.12043999999988647,-1.9679738562072953,False,False,1500,5.009093450560447,1.0239946176977242,1.1573215263118584,3.634954417953729,-1.6971138970469317,-0.6382978723408678,0.40000000000040004,12.166666666666666
gbpusd_rsi2_m5_usd100000_smaller_stop_and_time,2017-07-24T13:00:00+00:00,2017-07-24T13:20:00+00:00,40824,signal_exit,0.0019600000001000484,0.03202614379248445,False,True,1200,4.7333170878696444,0.9721795611925307,0.9827836958646821,2.3107236209501916,-2.091110874117462,-1.0,0.2999999999997449,13.0
gbpusd_rsi2_m5_usd100000_smaller_stop_and_time,2017-07-24T13:40:00+00:00,2017-07-24T13:55:00+00:00,40832,signal_exit,0.12489000000008671,2.0373572593815124,False,True,900,4.961750039369789,1.013997203706339,0.7584825209695587,0.8921828170825123,-2.1872239011209618,-0.8113207547169732,0.40000000000040004,13.666666666666666
gbpusd_rsi2_m5_usd100000_smaller_stop_and_time,2017-07-24T15:40:00+00:00,2017-07-24T16:00:00+00:00,40856,signal_exit,0.03907000000020505,0.6373572593834429,False,True,1200,7.071060814423389,1.2899620674071761,0.5454112707502611,0.9989690420289742,-0.9507194198654217,-0.03921568627433053,0.09999999999843467,15.666666666666666
gbpusd_rsi2_m5_usd100000_smaller_stop_and_time,2017-07-25T07:10:00+00:00,2017-07-25T07:15:00+00:00,41040,target,0.21803119071403462,3.5567894080592923,False,True,300,3.7097160743378463,1.0957322883546736,0.4232208329544968,-1.2639805605141659,-2.1426779674020824,-0.7142857142854877,0.1999999999990898,7.166666666666667
gbpusd_rsi2_m5_usd100000_smaller_stop_and_time,2017-07-25T07:40:00+00:00,2017-07-25T07:45:00+00:00,41046,target,0.350352094142083,5.715368583068238,False,True,300,4.739005661843964,1.3236340614210296,0.33100055829366504,-2.553878687819075,-2.1770600030066105,-0.6714285714289203,0.10000000000065512,7.666666666666667
gbpusd_rsi2_m5_usd100000_smaller_stop_and_time,2017-07-25T09:45:00+00:00,2017-07-25T09:55:00+00:00,41071,stop,-0.9306611634551227,-15.206881755802659,True,False,600,5.619453949797908,1.3722403999744808,0.10612760087166413,-0.030058178800598,-0.49630783991120686,-0.6666666666666666,0.2999999999997449,9.75
gbpusd_rsi2_m5_usd100000_smaller_stop_and_time,2017-07-25T10:00:00+00:00,2017-07-25T10:30:00+00:00,41074,signal_exit,0.13102000000012687,2.1373572593821675,False,True,1800,6.216924317677081,1.4697057381694891,0.055797459513257486,-2.9262763366536424,-2.4434503939512218,-0.36956521739126935,0.4999999999988347,10.0
gbpusd_rsi2_m5_usd100000_smaller_stop_and_time,2017-07-25T13:00:00+00:00,2017-07-25T13:25:00+00:00,41110,stop,-0.9501469671806315,-15.57617978984642,True,False,1500,5.648745632627934,1.1964258265235945,1.5670682506586482,8.73814273248729,0.6009471906385756,-0.6296296296296601,0.6000000000017103,13.0
gbpusd_rsi2_m5_usd100000_smaller_stop_and_time,2017-07-25T13:30:00+00:00,2017-07-25T13:55:00+00:00,41116,signal_exit,0.38656000000017965,6.326677577744347,False,True,1500,6.720387598688632,1.357904560082927,1.7986977992884279,4.070233901808458,-2.332841675970438,-0.8384615384615148,0.4999999999988347,13.5
gbpusd_rsi2_m5_usd100000_smaller_stop_and_time,2017-07-25T14:10:00+00:00,2017-07-25T14:40:00+00:00,41124,signal_exit,-0.3527499999999153,-5.773322422257206,False,False,1800,6.585578240578517,1.2971371045609759,1.7214285879324338,3.631756126693846,-1.5788661642113244,-0.6301369863013282,0.2999999999997449,14.166666666666666
gbpusd_rsi2_m5_usd100000_smaller_stop_and_time,2017-07-25T15:20:00+00:00,2017-07-25T16:00:00+00:00,41138,signal_exit,0.34468000000017107,5.632026143793644,False,True,2400,6.667645158892497,1.2543367269982384,0.735561829819784,-0.1786377552614756,-1.9145587511653515,-0.9230769230767654,0.2999999999997449,15.333333333333334
gbpusd_rsi2_m5_usd100000_smaller_stop_and_time,2017-07-26T08:35:00+00:00,2017-07-26T09:05:00+00:00,41340,signal_exit,0.49269000000018237,8.037357259383072,False,True,1800,8.549625425151373,2.0025453333532486,-0.37447729027131754,-4.068239313142786,-1.6670313201560016,-0.8427947598253576,0.2999999999997449,8.583333333333334
gbpusd_rsi2_m5_usd100000_smaller_stop_and_time,2017-07-26T09:25:00+00:00,2017-07-26T09:30:00+00:00,41350,target,0.5338866276591971,8.7094066502316,False,True,300,6.286024695425789,1.4699328058362433,-0.31229123340134574,-3.5377727517421853,-1.3300516441511006,-0.7631578947370727,0.20000000000131024,9.416666666666666
gbpusd_rsi2_m5_usd100000_smaller_stop_and_time,2017-07-26T11:55:00+00:00,2017-07-26T12:05:00+00:00,41380,stop,-0.9729363683363377,-15.923672149530894,True,False,600,5.9751748636373785,1.2308638061500599,0.945095295160365,4.433111970967166,0.036632532813080994,-0.8095238095239438,0.2999999999997449,11.916666666666666
gbpusd_rsi2_m5_usd100000_smaller_stop_and_time,2017-07-26T12:10:00+00:00,2017-07-26T12:25:00+00:00,41383,target,0.5056136600111245,8.261661111292884,False,True,900,6.114817483750526,1.2465931956647969,1.0727177933396215,1.8830954937688924,-2.575676733292864,-0.879310344827375,0.2999999999997449,12.166666666666666
gbpusd_rsi2_m5_usd100000_smaller_stop_and_time,2017-07-26T13:20:00+00:00,2017-07-26T14:10:00+00:00,41397,stop,-0.9045899479268218,-14.780881502072251,True,False,3000,5.406453822932962,1.1015120083527636,0.9630576933131978,2.2624975913929215,-1.1833617763297843,-0.5192307692306789,0.2999999999997449,13.333333333333334
gbpusd_rsi2_m5_usd100000_smaller_stop_and_time,2017-07-26T15:50:00+00:00,2017-07-26T16:35:00+00:00,41427,signal_exit,-0.15722999999985549,-2.5733224222562274,False,False,2700,6.452331750457978,1.2148574919352004,0.6578415480797069,2.3617989271692115,-0.27044692583169466,-0.733333333333284,0.1999999999990898,15.833333333333334
gbpusd_rsi2_m5_usd100000_smaller_stop_and_time,2017-07-27T07:25:00+00:00,2017-07-27T07:30:00+00:00,41612,target,0.5345517797361012,8.791970061449033,False,True,300,6.390721872828522,1.280213641621828,1.4845379380333743,2.9050042545077286,-2.9305312525322718,-0.9677419354840153,0.2999999999997449,7.416666666666667
gbpusd_rsi2_m5_usd100000_smaller_stop_and_time,2017-07-27T11:15:00+00:00,2017-07-27T11:45:00+00:00,41658,signal_exit,-0.23641999999996904,-3.8948929159797205,False,False,1800,5.489472248359691,1.0365737818496814,1.136630072242305,3.8868450761597475,-0.5694268902086829,-0.30769230769252665,0.20000000000131024,11.25
gbpusd_rsi2_m5_usd100000_smaller_stop_and_time,2017-07-27T13:05:00+00:00,2017-07-27T13:45:00+00:00,41680,stop,-1.0289057124177556,-16.950670715284275,True,False,2400,6.427888899652329,1.1575721704206787,0.8488120132754522,2.827062397451578,-0.49330446116307053,-0.8749999999998073,0.40000000000040004,13.083333333333334
gbpusd_rsi2_m5_usd100000_smaller_stop_and_time,2017-07-27T13:50:00+00:00,2017-07-27T14:05:00+00:00,41689,stop,-1.0776304604178548,-17.72418520424103,True,False,900,6.867355760016676,1.2098963034015626,0.6720044242161903,-0.4313782834361557,-2.4416986053329923,-0.3544303797469279,0.2999999999997449,13.833333333333334
gbpusd_rsi2_m5_usd100000_smaller_stop_and_time,2017-07-27T14:10:00+00:00,2017-07-27T14:30:00+00:00,41693,stop,-1.147160201478468,-18.86776647168533,True,False,1200,7.589146393738004,1.3012731101124533,0.4753845456726696,-2.440340830013894,-2.3600380600185247,-0.687861271676311,0.0,14.166666666666666
gbpusd_rsi2_m5_usd100000_smaller_stop_and_time,2017-07-27T14:35:00+00:00,2017-07-27T14:50:00+00:00,41698,stop,-1.1792430963175522,-19.3635976406823,True,False,900,7.58976269554747,1.280808517886322,0.13435481591955908,-4.522908005441517,-1.8779145608942984,-0.044444444444236106,0.4999999999988347,14.583333333333334
gbpusd_rsi2_m5_usd100000_smaller_stop_and_time,2017-07-27T14:55:00+00:00,2017-07-27T15:40:00+00:00,41702,stop,-1.1802746123072283,-19.34876413618407,True,False,2700,7.585037805798002,1.265936328642107,-0.2622214253630076,-7.168319035500726,-1.901284421979485,-0.5581395348837089,0.4999999999988347,14.916666666666666
gbpusd_rsi2_m5_usd100000_smaller_stop_and_time,2017-07-27T15:50:00+00:00,2017-07-27T16:45:00+00:00,41713,signal_exit,-0.06557999999993341,-1.0733224222575026,False,False,3300,8.008282760085766,1.2789000256508858,-1.1522584193066503,-8.86849853140523,-1.8892636744486366,-0.6507936507935501,0.40000000000040004,15.833333333333334
gbpusd_rsi2_m5_usd100000_smaller_stop_and_time,2017-07-28T07:25:00+00:00,2017-07-28T08:05:00+00:00,41893,signal_exit,-0.03529999999986916,-0.578688524588019,False,False,2400,4.881476689863558,1.2191359695493396,-0.1445359840969485,-2.5784977308241643,-2.098793940088759,-0.19148936170244932,0.40000000000040004,7.416666666666667
gbpusd_rsi2_m5_usd100000_smaller_stop_and_time,2017-07-28T09:55:00+00:00,2017-07-28T10:25:00+00:00,41923,stop,-0.8131506114697571,-13.330337892946838,True,False,1800,4.775824684178629,1.127315245570837,0.11933789142543288,0.74364642717513,-0.018089957031471447,-0.5000000000002643,0.10000000000065512,9.916666666666666
gbpusd_rsi2_m5_usd100000_smaller_stop_and_time,2017-07-28T11:45:00+00:00,2017-07-28T12:15:00+00:00,41945,signal_exit,0.3612000000000195,5.921311475410156,False,True,1800,5.19829849753461,1.1731975156455148,0.06873671160784582,0.2777353458541143,0.07980890873584895,-0.9180327868850728,0.10000000000065512,11.75
gbpusd_rsi2_m5_usd100000_smaller_stop_and_time,2017-07-28T13:00:00+00:00,2017-07-28T13:20:00+00:00,41960,signal_exit,0.21480000000014396,3.5213114754121957,False,True,1200,9.052097753810639,1.7245456214566177,0.315479272462545,-0.8455166077998335,-2.02603886222455,-0.6300578034682252,0.40000000000040004,13.0
gbpusd_rsi2_m5_usd100000_smaller_stop_and_time,2017-07-31T07:00:00+00:00,2017-07-31T07:30:00+00:00,42168,target,0.27296460564987246,4.482177432674424,False,True,1800,4.383124841130436,1.1610228319526699,0.014027459909898442,-3.959660485763757,-2.3444760091125265,-0.5599999999999645,0.5999999999994898,7.0
gbpusd_rsi2_m5_usd100000_smaller_stop_and_time,2017-07-31T08:35:00+00:00,2017-07-31T09:10:00+00:00,42187,signal_exit,-0.2182399999998495,-3.5894736842080506,False,False,2100,5.699795401923252,1.3568391466166194,-0.43433170036376345,-2.6472359233407237,-0.970727991183457,-0.8571428571427439,0.10000000000065512,8.583333333333334
gbpusd_rsi2_m5_usd100000_smaller_stop_and_time,2017-07-31T09:40:00+00:00,2017-07-31T09:50:00+00:00,42200,target,0.5027420183978917,8.255205556615627,False,True,600,6.119638903101929,1.380038522440715,-0.4839576020027756,-4.9321231431955335,-2.1385369676175316,-0.9612903225805389,0.2999999999997449,9.666666666666666
gbpusd_rsi2_m5_usd100000_smaller_stop_and_time,2017-07-31T12:00:00+00:00,2017-07-31T12:25:00+00:00,42228,signal_exit,-0.23039999999992916,-3.789473684209361,False,False,1500,5.540062944597012,1.155568183716507,-0.025862624377379823,-0.4325206606644605,-0.5794872359967317,-0.8888888888887518,0.2999999999997449,12.0
gbpusd_rsi2_m5_usd100000_smaller_stop_and_time,2017-07-31T13:05:00+00:00,2017-07-31T13:15:00+00:00,42241,signal_exit,0.18911999999998416,3.1105263157892127,False,True,600,4.37991539901918,0.9415584915275125,0.0054672034037620805,-1.172609674475958,-1.2984652643988723,-0.6206896551716217,0.40000000000040004,13.083333333333334
gbpusd_rsi2_m5_usd100000_smaller_stop_and_time,2017-07-31T15:40:00+00:00,2017-07-31T15:55:00+00:00,42272,signal_exit,-0.1031999999999032,-1.705785123965342,False,False,900,8.89651801565519,1.545796004222027,1.1996570134937448,8.39701393469167,0.7770664784403849,-0.48275862068973435,0.40000000000040004,15.666666666666666
gbpusd_rsi2_m5_usd100000_smaller_stop_and_time,2017-08-01T08:00:00+00:00,2017-08-01T08:00:00+00:00,42462,target,0.36091839557215644,5.9754701253668285,False,True,0,5.043364201755139,1.1513078018185596,0.8129040665966131,1.6111749537495892,-2.109692370623517,-0.42857142857160985,0.40000000000040004,8.0
gbpusd_rsi2_m5_usd100000_smaller_stop_and_time,2017-08-01T09:20:00+00:00,2017-08-01T09:35:00+00:00,42478,signal_exit,-0.09145999999982452,-1.5167495854033917,False,False,900,6.499697735132479,1.3340786161384728,0.9924706124749006,5.443948937959137,0.6951694544399015,-0.37037037037033993,0.3999999999981796,9.333333333333334
gbpusd_rsi2_m5_usd100000_smaller_stop_and_time,2017-08-01T10:25:00+00:00,2017-08-01T10:50:00+00:00,42491,signal_exit,0.19260000000015795,3.18874172185692,False,True,1500,5.578120272388182,1.1457645117495345,1.2868825396129504,2.3675530364163335,-2.70411249398974,-0.8135593220338345,0.1999999999990898,10.416666666666666
gbpusd_rsi2_m5_usd100000_smaller_stop_and_time,2017-08-01T11:25:00+00:00,2017-08-01T12:25:00+00:00,42503,holding_bars,-0.09127999999995834,-1.5112582781450057,False,False,3600,5.43077039548602,1.1051230132766405,0.8285510525883949,0.0778680188260024,-1.9938850685460174,-0.8636363636361648,0.10000000000065512,11.416666666666666
gbpusd_rsi2_m5_usd100000_smaller_stop_and_time,2017-08-01T14:45:00+00:00,2017-08-01T14:55:00+00:00,42543,target,0.655417584658528,10.851284514214038,False,True,600,7.481271396179508,1.3507672838802547,0.8523678994075701,1.432047982986941,-1.4708648666927462,-0.623188405797103,0.40000000000040004,14.75
gbpusd_rsi2_m5_usd100000_smaller_stop_and_time,2017-08-01T15:25:00+00:00,2017-08-01T16:15:00+00:00,42551,signal_exit,-0.13355999999983298,-2.21125827814293,False,False,3000,8.263630632386526,1.410843047300059,0.7428393978212563,0.22110877937496215,-1.7017064121486367,-0.4745762711866448,0.2999999999997449,15.416666666666666
gbpusd_rsi2_m5_usd100000_smaller_stop_and_time,2017-08-02T10:00:00+00:00,2017-08-02T10:15:00+00:00,42763,signal_exit,0.1919500000000238,3.1832504145940925,False,True,900,5.454465472437953,1.208261633010863,1.3050982623186247,3.252087151579027,-2.5025445544806386,-0.6700000000000222,0.2999999999997449,10.0
gbpusd_rsi2_m5_usd100000_smaller_stop_and_time,2017-08-02T11:00:00+00:00,2017-08-02T11:20:00+00:00,42775,signal_exit,-0.025129999999791652,-0.4167495854028466,False,False,1200,4.670550338698148,1.0433460155573082,1.1169309936699876,2.7589558243914922,-1.7366206541351126,-0.7812500000005638,0.2999999999997449,11.0
gbpusd_rsi2_m5_usd100000_smaller_stop_and_time,2017-08-02T11:40:00+00:00,2017-08-02T12:10:00+00:00,42783,signal_exit,0.24622000000011154,4.083250414595548,False,True,1800,4.462701003017169,1.0011085192893066,0.8666621529410712,1.2463572385370043,-2.1721088814275493,-0.7560975609756494,0.2999999999997449,11.666666666666666
gbpusd_rsi2_m5_usd100000_smaller_stop_and_time,2017-08-02T12:50:00+00:00,2017-08-02T13:40:00+00:00,42797,signal_exit,0.04723000000001293,0.7832504145939124,False,True,3000,5.973793040617163,1.2545653221681614,0.4433513715115096,-0.018052530908816724,-1.7758199052458852,-0.6718749999999187,0.2999999999997449,12.833333333333334
gbpusd_rsi2_m5_usd100000_smaller_stop_and_time,2017-08-02T14:55:00+00:00,2017-08-02T15:05:00+00:00,42822,signal_exit,0.24622000000011154,4.083250414595548,False,True,600,6.501353559555903,1.264716202962502,0.2663461167723407,0.28607802770605706,-0.9081590409626372,-0.300000000000037,0.10000000000065512,14.916666666666666
gbpusd_rsi2_m5_usd100000_smaller_stop_and_time,2017-08-02T15:45:00+00:00,2017-08-02T15:55:00+00:00,42832,signal_exit,0.2703400000000018,4.483250414593727,False,True,600,6.233111048932638,1.1865655029842508,0.44792120676258435,1.4991964470363954,-0.23181122224813597,-0.2830188679243307,0.2999999999997449,15.75
gbpusd_rsi2_m5_usd100000_smaller_stop_and_time,2017-08-03T08:00:00+00:00,2017-08-03T08:30:00+00:00,43021,target,0.34274996019827864,5.684078941928335,False,True,1800,4.900414263667006,1.3419583545189018,0.4023323091108703,0.3595706025691476,-0.8634947323184304,-0.9178082191781405,0.40000000000040004,8.0
gbpusd_rsi2_m5_usd100000_smaller_stop_and_time,2017-08-03T09:25:00+00:00,2017-08-03T09:50:00+00:00,43038,stop,-1.1311877461516011,-18.79049412211962,True,False,1500,7.334117492953722,1.6442775103779697,0.8168845657060152,4.870909126668444,0.6265725822848085,-0.7575757575758085,0.40000000000040004,9.416666666666666
gbpusd_rsi2_m5_usd100000_smaller_stop_and_time,2017-08-03T11:05:00+00:00,2017-08-03T11:25:00+00:00,43058,stop,-1.530134806533062,-25.249749282723794,True,False,1200,10.474709624861394,1.9745104647221363,0.4637078123577428,-11.269200868216378,-4.173633202862195,-0.9751098096632502,0.5999999999994898,11.083333333333334
gbpusd_rsi2_m5_usd100000_smaller_stop_and_time,2017-08-03T12:05:00+00:00,2017-08-03T13:05:00+00:00,43070,holding_bars,-1.1954799999999175,-19.69489291597887,False,False,3600,13.052680378159996,2.0231676617469256,-1.2021261758494186,-12.782051424349053,-1.1926566125927955,-0.3706293706294586,0.5000000000010552,12.083333333333334
gbpusd_rsi2_m5_usd100000_smaller_stop_and_time,2017-08-03T13:35:00+00:00,2017-08-03T14:05:00+00:00,43088,signal_exit,0.14656000000011032,2.410526315791288,False,True,1800,8.836305673815415,1.3163068797492863,-2.9722081848156523,-12.779347209342628,-1.2061796745349351,-0.23404255319162004,0.40000000000040004,13.583333333333334
gbpusd_rsi2_m5_usd100000_smaller_stop_and_time,2017-08-04T08:10:00+00:00,2017-08-04T08:45:00+00:00,43307,signal_exit,-0.5393599999999357,-8.900330033002238,False,False,2100,4.804712393750717,1.3159894108097905,0.06522081415007669,1.7415755687178855,0.5071796014750115,-0.6111111111115566,0.40000000000040004,8.166666666666666
gbpusd_rsi2_m5_usd100000_smaller_stop_and_time,2017-08-04T09:05:00+00:00,2017-08-04T09:30:00+00:00,43318,signal_exit,0.17634000000017422,2.905107084022639,False,True,1500,4.494311269527766,1.2058486908600414,0.27270517723529697,-0.37309796781059684,-1.0502252886662167,-0.06153846153851935,0.2999999999997449,9.083333333333334
gbpusd_rsi2_m5_usd100000_smaller_stop_and_time,2017-08-04T10:30:00+00:00,2017-08-04T11:30:00+00:00,43335,holding_bars,-0.4670799999999975,-7.694892915980189,False,False,3600,4.7715995398782685,1.2192131236747803,0.10380493583674742,-0.7344858158041063,-1.147416439715263,-0.9473684210526726,0.20000000000131024,10.5
gbpusd_rsi2_m5_usd100000_smaller_stop_and_time,2017-08-04T12:35:00+00:00,2017-08-04T12:50:00+00:00,43360,stop,-1.2025678553051637,-19.74659860928019,True,False,900,7.781263179845341,1.7278937957760714,-0.35967873192060124,-9.841890808697087,-4.173449573379352,-0.769709543568514,0.5000000000010552,12.583333333333334
gbpusd_rsi2_m5_usd100000_smaller_stop_and_time,2017-08-04T13:00:00+00:00,2017-08-04T13:45:00+00:00,43365,stop,-1.3900946950670612,-22.788437624050182,True,False,2700,9.354874549730757,1.8939922324537943,-0.7961356644631048,-12.496339254331682,-2.1321385781175706,-0.6228070175437725,0.40000000000040004,13.0
gbpusd_rsi2_m5_usd100000_smaller_stop_and_time,2017-08-04T13:50:00+00:00,2017-08-04T14:05:00+00:00,43375,stop,-1.2850938453576,-21.03263249357774,True,False,900,8.529655035660722,1.6334660312353257,-1.845590309372384,-14.983445430489956,-1.4166597774233942,-0.8888888888888168,0.2999999999997449,13.833333333333334
gbpusd_rsi2_m5_usd100000_smaller_stop_and_time,2017-08-04T14:10:00+00:00,2017-08-04T15:10:00+00:00,43379,holding_bars,-0.7315699999998193,-11.973322422255634,False,False,3600,9.05208708542021,1.6657319786165545,-2.3675593719703563,-16.373516909727897,-1.8834842146892028,-0.3115942028985146,0.0,14.166666666666666
gbpusd_rsi2_m5_usd100000_smaller_stop_and_time,2017-08-04T15:15:00+00:00,2017-08-04T15:20:00+00:00,43392,signal_exit,0.06316000000009331,1.0320261437923743,False,True,300,8.632826688440252,1.47635143940205,-3.3037367601793837,-14.868385515338932,-1.029890789070139,-0.16393442622949028,0.1999999999990898,15.25
gbpusd_rsi2_m5_usd100000_smaller_stop_and_time,2017-08-07T07:45:00+00:00,2017-08-07T07:45:00+00:00,43578,target,0.3830209916328784,6.258512935177751,False,True,0,5.113243395691927,1.374625093934558,-0.7984043140376068,-5.55145071513382,-1.61957095181711,-0.2045454545452825,0.2999999999997449,7.75
gbpusd_rsi2_m5_usd100000_smaller_stop_and_time,2017-08-07T08:30:00+00:00,2017-08-07T08:35:00+00:00,43587,signal_exit,-0.03503000000000461,-0.5733224222586679,False,False,300,5.089130601918094,1.312222872963252,-0.8308203229807006,-3.3108070655673005,-0.05466565994965604,-0.27777777777764073,0.5000000000010552,8.5
gbpusd_rsi2_m5_usd100000_smaller_stop_and_time,2017-08-07T11:35:00+00:00,2017-08-07T12:05:00+00:00,43624,signal_exit,-0.04724999999981333,-0.7733224222555373,False,False,1800,4.5323563377921,1.09658340868475,-0.3645698828049282,-1.9023916740039695,-1.3379549122584227,-0.8363636363637245,0.3999999999981796,11.583333333333334
gbpusd_rsi2_m5_usd100000_smaller_stop_and_time,2017-08-07T12:20:00+00:00,2017-08-07T12:20:00+00:00,43633,stop,-0.760807397324238,-12.431493420330685,True,False,0,4.331759782061912,1.0542411902293334,-0.3903500958392874,-4.367613387418342,-3.088160348680176,-0.835443037974463,0.09999999999843467,12.333333333333334
gbpusd_rsi2_m5_usd100000_smaller_stop_and_time,2017-08-07T12:25:00+00:00,2017-08-07T12:55:00+00:00,43634,stop,-0.8383411546582342,-13.698384880036507,True,False,1800,4.815205511914593,1.151491194113702,-0.4254215227794082,-6.379662788693384,-3.3349049808106117,-0.8108108108109622,0.40000000000040004,12.416666666666666
gbpusd_rsi2_m5_usd100000_smaller_stop_and_time,2017-08-07T13:25:00+00:00,2017-08-07T13:45:00+00:00,43646,signal_exit,0.19232000000012014,3.137357259382058,False,True,1200,5.545641059101971,1.2572803329817364,-1.0709606049050289,-8.241474471119425,-1.451300202107146,-0.422535211267566,0.40000000000040004,13.416666666666666
gbpusd_rsi2_m5_usd100000_smaller_stop_and_time,2017-08-07T15:10:00+00:00,2017-08-07T15:25:00+00:00,43667,target,0.3511817375311379,5.728902732971254,False,True,900,4.89577273679387,1.0936012161612942,-1.3940949640105404,-6.52369132193424,-2.2077916987421684,-0.6833333333328214,0.3999999999981796,15.166666666666666
gbpusd_rsi2_m5_usd100000_smaller_stop_and_time,2017-08-08T07:00:00+00:00,2017-08-08T07:20:00+00:00,43851,target,0.1957416924241315,3.198393667060972,False,True,1200,3.5831837616338893,1.2341276339631642,0.19673404680196258,-1.964100660525201,-1.7711003192934596,-0.42857142857132785,0.2999999999997449,7.0
gbpusd_rsi2_m5_usd100000_smaller_stop_and_time,2017-08-08T08:10:00+00:00,2017-08-08T08:20:00+00:00,43865,signal_exit,0.032560000000164624,0.5320261437935396,False,True,600,4.280473280486996,1.355136013115771,-0.02222527734857461,-0.43312484248495814,-0.1898655663147012,-0.21875000000013012,0.2999999999997449,8.166666666666666
gbpusd_rsi2_m5_usd100000_smaller_stop_and_time,2017-08-08T08:40:00+00:00,2017-08-08T09:40:00+00:00,43871,holding_bars,-0.29791999999996205,-4.86797385620853,False,False,3600,4.44949139688194,1.3685459138957112,0.01651374466770362,-1.1354395517339935,-1.1615404971374546,-0.9310344827589375,0.20000000000131024,8.666666666666666
gbpusd_rsi2_m5_usd100000_smaller_stop_and_time,2017-08-08T10:55:00+00:00,2017-08-08T11:05:00+00:00,43898,stop,-0.7506084614856661,-12.264844141922648,True,False,600,4.198435142857002,1.2122246315701697,-0.3714271368842054,-3.041190756350242,-1.7474637486032276,-0.5609756097564939,0.20000000000131024,10.916666666666666
gbpusd_rsi2_m5_usd100000_smaller_stop_and_time,2017-08-08T11:45:00+00:00,2017-08-08T12:10:00+00:00,43908,signal_exit,0.19232000000012014,3.137357259382058,False,True,1500,4.858792579527743,1.3244722653210936,-0.5922088442356374,-5.500978523187043,-2.4812220476109657,-0.7374999999999168,0.1999999999990898,11.75
gbpusd_rsi2_m5_usd100000_smaller_stop_and_time,2017-08-08T12:45:00+00:00,2017-08-08T13:45:00+00:00,43920,holding_bars,-0.6045799999999282,-9.862642740618728,False,False,3600,4.867481800955161,1.285826232519045,-0.9041179512373553,-6.445675373428124,-2.4380281330710614,-0.6617647058824297,0.40000000000040004,12.75
gbpusd_rsi2_m5_usd100000_smaller_stop_and_time,2017-08-08T13:55:00+00:00,2017-08-08T14:00:00+00:00,43934,stop,-0.8014882466192683,-13.074849047622646,True,False,300,4.556103153501847,1.1730245995954527,-1.362611528659862,-7.577785905480031,-1.4238382528386588,-0.38636363636364784,0.30000000000196536,13.916666666666666
gbpusd_rsi2_m5_usd100000_smaller_stop_and_time,2017-08-08T14:05:00+00:00,2017-08-08T14:15:00+00:00,43936,stop,-0.9334677549246451,-15.203057897795523,True,False,600,5.572864453785005,1.376518149323872,-1.4116593491116538,-10.769985276664169,-3.194498028071265,-0.9677419354838063,0.40000000000040004,14.083333333333334
gbpusd_rsi2_m5_usd100000_smaller_stop_and_time,2017-08-08T14:20:00+00:00,2017-08-08T14:25:00+00:00,43939,stop,-1.0120816451204115,-16.45661211577905,True,False,300,6.20228979772783,1.4806270378207589,-1.6215302124913997,-12.60068246022412,-2.6262624408533144,-0.666666666666787,0.40000000000040004,14.333333333333334
gbpusd_rsi2_m5_usd100000_smaller_stop_and_time,2017-08-08T14:30:00+00:00,2017-08-08T15:05:00+00:00,43941,signal_exit,0.16344000000005574,2.653246753247658,False,True,2100,7.05860701946934,1.6199093401787648,-1.7784569944400255,-16.196697108117565,-2.675566881486287,-0.7548387096775229,0.5000000000010552,14.5
gbpusd_rsi2_m5_usd100000_smaller_stop_and_time,2017-08-09T07:30:00+00:00,2017-08-09T07:50:00+00:00,44139,signal_exit,0.43752000000009317,7.137357259381617,False,True,1200,6.285299289312611,1.57237664627348,0.7294058685918543,1.9831004787546966,-0.5887967061398613,-0.7386363636364153,0.30000000000196536,7.5
gbpusd_rsi2_m5_usd100000_smaller_stop_and_time,2017-08-09T08:55:00+00:00,2017-08-09T09:25:00+00:00,44156,signal_exit,-0.08965999999995772,-1.4626427406192124,False,False,1800,6.588377971874708,1.482014954502001,0.7940030326399103,1.2516638406779383,-1.550654750954924,-0.3484848484848383,0.40000000000040004,8.916666666666666
gbpusd_rsi2_m5_usd100000_smaller_stop_and_time,2017-08-09T10:15:00+00:00,2017-08-09T11:15:00+00:00,44172,holding_bars,-0.6107099999999683,-9.962642740619383,False,False,3600,6.199722091701329,1.3128968474209068,0.5293306259735078,1.6464709933845114,-0.16225723738261935,-0.5909090909093662,0.20000000000131024,10.25
gbpusd_rsi2_m5_usd100000_smaller_stop_and_time,2017-08-09T11:30:00+00:00,2017-08-09T12:00:00+00:00,44187,signal_exit,0.051740000000013164,0.8426710097722013,False,True,1800,5.830401660288735,1.208474988644489,0.4504983252689447,-2.3175582831900514,-2.685648344635318,-0.6269841269839858,0.2999999999997449,11.5
gbpusd_rsi2_m5_usd100000_smaller_stop_and_time,2017-08-09T12:20:00+00:00,2017-08-09T12:25:00+00:00,44197,target,0.4337247820527532,7.063921531803798,False,True,300,5.56062526101505,1.1445530011130607,-0.06603796024375498,-3.524129638632804,-1.5993322157015775,-0.5365853658536255,0.40000000000040004,12.333333333333334
gbpusd_rsi2_m5_usd100000_smaller_stop_and_time,2017-08-09T13:15:00+00:00,2017-08-09T13:40:00+00:00,44208,signal_exit,0.2551000000001138,4.147967479676646,False,True,1500,6.663239377417244,1.300719916602293,-0.39800844254027,-3.887236340304131,-2.8056828663868734,-0.8750000000000173,0.2999999999997449,13.25
gbpusd_rsi2_m5_usd100000_smaller_stop_and_time,2017-08-10T07:20:00+00:00,2017-08-10T07:45:00+00:00,44421,stop,-0.7820154857905357,-12.71569895594367,True,False,1500,4.3818332178102954,1.2259234874048752,-1.4255095171082621,-7.93057186508288,-2.760659588614077,-1.0,0.2999999999997449,7.333333333333333
gbpusd_rsi2_m5_usd100000_smaller_stop_and_time,2017-08-10T07:50:00+00:00,2017-08-10T08:05:00+00:00,44427,signal_exit,0.2804800000001386,4.553246753249003,False,True,900,5.317579305315162,1.4112642104925828,-1.4656294379710517,-9.449871584143546,-2.1656413261012,-0.3873873873875442,0.40000000000040004,7.833333333333333
gbpusd_rsi2_m5_usd100000_smaller_stop_and_time,2017-08-10T11:35:00+00:00,2017-08-10T12:30:00+00:00,44472,target,0.3932771790490823,6.405165782558344,False,True,3300,5.2312473863927345,1.1419826943438451,0.3236964532450668,0.6559949376303326,-0.7533713021565839,-0.9523809523810027,0.40000000000040004,11.583333333333334
gbpusd_rsi2_m5_usd100000_smaller_stop_and_time,2017-08-10T13:40:00+00:00,2017-08-10T14:10:00+00:00,44497,stop,-1.1208157877068383,-18.254328790013652,True,False,1800,7.248499899893684,1.391608803354096,0.3223680704760569,1.2457997507721972,-0.08552658719014548,-0.8648648648646134,0.10000000000065512,13.666666666666666
gbpusd_rsi2_m5_usd100000_smaller_stop_and_time,2017-08-10T14:15:00+00:00,2017-08-10T15:15:00+00:00,44504,holding_bars,-0.38419999999997967,-6.257328990227681,False,False,3600,7.70705492052509,1.4232978137243155,0.3441195505978757,-1.4624262434094077,-2.7106621537649054,-0.7413793103446757,0.2999999999997449,14.25
gbpusd_rsi2_m5_usd100000_smaller_stop_and_time,2017-08-10T15:20:00+00:00,2017-08-10T15:55:00+00:00,44517,signal_exit,-0.24297999999987258,-3.9573289902259376,False,False,2100,7.433717295618326,1.3163218893721444,0.02188219496158376,-1.9004428851523143,-1.4305432813567798,-0.315789473683903,0.2999999999997449,15.333333333333334
gbpusd_rsi2_m5_usd100000_smaller_stop_and_time,2017-08-11T07:15:00+00:00,2017-08-11T07:35:00+00:00,44706,signal_exit,-0.027799999999964353,-0.45203252032462365,False,False,1200,3.662976489851122,1.0408726020106913,0.0004709463201153511,-1.4386848376293773,-1.2132177947925482,-0.29629629629577847,0.40000000000040004,7.25
gbpusd_rsi2_m5_usd100000_smaller_stop_and_time,2017-08-11T08:05:00+00:00,2017-08-11T09:05:00+00:00,44716,holding_bars,-0.6735499999999615,-10.952032520324577,False,False,3600,3.952899462542526,1.104085059873096,-0.20986699793838148,-2.169967630968836,-2.311839430292071,-0.3584905660376252,0.10000000000065512,8.083333333333334
gbpusd_rsi2_m5_usd100000_smaller_stop_and_time,2017-08-11T09:10:00+00:00,2017-08-11T09:50:00+00:00,44729,stop,-0.7117636778932432,-11.5733931364755,True,False,2400,3.7606803080758104,1.0439869837742337,-0.5127024296682615,-4.071630409936471,-1.6213042189917126,-0.5500000000003331,0.40000000000040004,9.166666666666666
gbpusd_rsi2_m5_usd100000_smaller_stop_and_time,2017-08-11T09:55:00+00:00,2017-08-11T10:15:00+00:00,44738,stop,-0.6737127345842862,-10.954678611126605,True,False,1200,3.6513230454017327,1.0153867402151011,-0.8372309533761605,-5.505072432166072,-2.076096967080386,-0.729166666666763,0.0,9.916666666666666
gbpusd_rsi2_m5_usd100000_smaller_stop_and_time,2017-08-11T10:20:00+00:00,2017-08-11T10:30:00+00:00,44743,target,0.2264502741039138,3.676140813375224,False,True,600,3.8614470300626262,1.0654613459022437,-1.0205269302476399,-7.76575340347577,-2.728737256467076,-0.8651685393257166,0.3999999999981796,10.333333333333334
gbpusd_rsi2_m5_usd100000_smaller_stop_and_time,2017-08-11T12:55:00+00:00,2017-08-11T13:25:00+00:00,44774,signal_exit,0.4088500000000286,6.647967479675262,False,True,1800,10.127875221369623,2.0485996047950477,-0.014558980605311727,-3.2948775927182963,-2.219269286284993,-0.8275862068966234,0.5000000000010552,12.916666666666666
gbpusd_rsi2_m5_usd100000_smaller_stop_and_time,2017-08-11T13:35:00+00:00,2017-08-11T13:55:00+00:00,44782,target,1.0776058099098682,17.493600810225132,False,True,1200,10.870177028488518,1.9916693889633907,-0.1377826275980307,-5.2039561806464425,-2.2236282756044115,-0.6825938566552676,0.5999999999994898,13.583333333333334
gbpusd_rsi2_m5_usd100000_smaller_stop_and_time,2017-08-11T15:20:00+00:00,2017-08-11T15:25:00+00:00,44803,signal_exit,0.4642000000001181,7.547967479676717,False,True,300,7.722524089427585,1.3156382907504862,-0.16581769093934748,-1.1160036344463982,-0.6748337862605323,-0.8285714285721355,0.2999999999997449,15.333333333333334
gbpusd_rsi2_m5_usd100000_smaller_stop_and_time,2017-08-14T07:30:00+00:00,2017-08-14T07:35:00+00:00,44991,stop,-0.7500812477970991,-12.236235690001614,True,False,300,4.086796474691558,1.0748815147360524,0.19974554464172362,-0.10123224877152212,-1.3871099285299435,-0.5102040816327178,0.40000000000040004,7.5
gbpusd_rsi2_m5_usd100000_smaller_stop_and_time,2017-08-14T07:40:00+00:00,2017-08-14T08:30:00+00:00,44993,stop,-0.7876033908088467,-12.827416788417699,True,False,3000,4.43504389909628,1.1489394449359738,0.15842625579027142,-2.343289939166975,-2.806140521262895,-0.6142857142856826,0.2999999999997449,7.666666666666667
gbpusd_rsi2_m5_usd100000_smaller_stop_and_time,2017-08-14T08:35:00+00:00,2017-08-14T09:10:00+00:00,45004,stop,-0.8996545811551526,-14.652354741940597,True,False,2100,5.397512875857241,1.313700335419403,-0.1714832637779578,-4.592068757456878,-1.9079601288291979,-0.5783132530121706,0.1999999999990898,8.583333333333334
gbpusd_rsi2_m5_usd100000_smaller_stop_and_time,2017-08-14T09:25:00+00:00,2017-08-14T09:35:00+00:00,45014,signal_exit,-0.009349999999980041,-0.1520325203248787,False,False,600,5.376590923923305,1.2627431515977106,-0.8467663791463598,-6.454723058666326,-1.4893305983452245,-0.7560975609751078,0.2999999999997449,9.416666666666666
gbpusd_rsi2_m5_usd100000_smaller_stop_and_time,2017-08-14T10:55:00+00:00,2017-08-14T11:20:00+00:00,45032,signal_exit,0.21205000000010485,3.447967479676501,False,True,1500,4.341429292272701,1.031870781966918,-1.3853727061999355,-6.978237283158463,-2.375252476908653,-0.4897959183672822,0.40000000000040004,10.916666666666666
gbpusd_rsi2_m5_usd100000_smaller_stop_and_time,2017-08-14T12:00:00+00:00,2017-08-14T12:40:00+00:00,45045,target,0.29924085035015224,4.865704883742312,False,True,2400,4.358868702032863,1.023911867614506,-1.3451053078980402,-5.987767068904832,-1.23086088379924,-0.7692307692305721,0.1999999999990898,12.0
gbpusd_rsi2_m5_usd100000_smaller_stop_and_time,2017-08-15T07:15:00+00:00,2017-08-15T07:50:00+00:00,45269,stop,-0.876149232661368,-14.223201828918311,True,False,2100,5.138224291083939,1.474177838888189,-0.5493320663718259,-6.324190447288642,-2.9732661805351333,-0.8045977011494048,0.2999999999997449,7.25
gbpusd_rsi2_m5_usd100000_smaller_stop_and_time,2017-08-15T07:55:00+00:00,2017-08-15T08:05:00+00:00,45277,target,0.38948171031445145,6.312507460525955,False,True,600,5.026999273211292,1.3977361175485676,-0.9778115634703813,-8.83710495504676,-1.782615494725722,-0.5312500000002168,0.09999999999843467,7.916666666666667
gbpusd_rsi2_m5_usd100000_smaller_stop_and_time,2017-08-15T09:35:00+00:00,2017-08-15T10:00:00+00:00,45297,stop,-1.1700755511860779,-18.93326134605304,True,False,1500,7.3985076956810305,1.60987968508162,-1.775133847461727,-10.218089391558427,-1.3684193509754867,-0.5897435897436335,0.5000000000010552,9.583333333333334
gbpusd_rsi2_m5_usd100000_smaller_stop_and_time,2017-08-15T10:05:00+00:00,2017-08-15T10:20:00+00:00,45303,stop,-1.1617341263246537,-18.767918034323966,True,False,900,7.318450131865012,1.545979549524047,-2.0863256665699237,-14.808463460606635,-2.247498028695277,-0.7977528089886996,0.4999999999988347,10.083333333333334
gbpusd_rsi2_m5_usd100000_smaller_stop_and_time,2017-08-15T10:25:00+00:00,2017-08-15T11:25:00+00:00,45307,holding_bars,0.3208000000001079,5.174193548388837,False,True,3600,8.046424776556522,1.6255733420382341,-2.4136393797247564,-17.14230634804789,-2.339275151636587,-0.7777777777777386,0.09999999999843467,10.416666666666666
gbpusd_rsi2_m5_usd100000_smaller_stop_and_time,2017-08-15T11:55:00+00:00,2017-08-15T12:05:00+00:00,45325,signal_exit,0.29600000000022075,4.774193548390657,False,True,600,5.744344657500374,1.1412577827061092,-3.3509101531359304,-14.2069197665532,-2.149000669041228,-0.8863636363633955,0.09999999999843467,11.916666666666666
gbpusd_rsi2_m5_usd100000_smaller_stop_and_time,2017-08-15T12:35:00+00:00,2017-08-15T13:25:00+00:00,45333,signal_exit,-0.1007999999999008,-1.6258064516113033,False,False,3000,7.4583793638967935,1.3874532038845495,-2.9867370430071434,-14.250794756289066,-3.0371310553518516,-0.8281938325991668,0.20000000000131024,12.583333333333334
gbpusd_rsi2_m5_usd100000_smaller_stop_and_time,2017-08-15T14:05:00+00:00,2017-08-15T14:50:00+00:00,45351,signal_exit,-0.10699999999994142,-1.7258064516119584,False,False,2700,7.397715037830073,1.3046698664390934,-2.804155692771482,-11.35427641514935,-0.33114004527501684,-0.42016806722710087,0.30000000000196536,14.083333333333334
gbpusd_rsi2_m5_usd100000_smaller_stop_and_time,2017-08-16T07:50:00+00:00,2017-08-16T07:55:00+00:00,45558,stop,-0.9897110122189632,-15.963080842241341,True,False,300,6.0686371953152465,1.6183874768082074,-0.7181732323803754,-4.126570996924367,-0.7192419139473354,-0.5660377358490803,0.1999999999990898,7.833333333333333
gbpusd_rsi2_m5_usd100000_smaller_stop_and_time,2017-08-16T08:00:00+00:00,2017-08-16T08:10:00+00:00,45560,target,0.5626891887870518,9.061017532802765,False,True,600,6.590814724532063,1.7014753282544395,-0.7710409406450717,-7.054016570426908,-2.1025720448042575,-0.7285714285714082,0.4999999999988347,8.0
gbpusd_rsi2_m5_usd100000_smaller_stop_and_time,2017-08-16T10:05:00+00:00,2017-08-16T11:05:00+00:00,45585,holding_bars,-0.7323399999999138,-11.831017770596347,False,False,3600,6.527908923426831,1.3910966773404667,0.5320333213477696,1.5027560832554052,-0.8207222092113867,-0.4523809523806503,0.40000000000040004,10.083333333333334
gbpusd_rsi2_m5_usd100000_smaller_stop_and_time,2017-08-16T11:25:00+00:00,2017-08-16T12:10:00+00:00,45601,signal_exit,0.07279999999999748,1.174193548387056,False,True,2700,5.577371979925824,1.1662573860038885,0.21750576993267504,-1.8581105978409738,-1.7977072273539862,-0.8750000000002168,0.20000000000131024,11.416666666666666
gbpusd_rsi2_m5_usd100000_smaller_stop_and_time,2017-08-16T12:30:00+00:00,2017-08-16T12:30:00+00:00,45614,target,0.33515822724391264,5.405777858772785,False,True,0,4.865792155192308,1.0259956282797655,-0.24640060939683814,-2.583230861945167,-1.8245511866601734,-0.9047619047618041,0.700000000000145,12.5
gbpusd_rsi2_m5_usd100000_smaller_stop_and_time,2017-08-16T13:00:00+00:00,2017-08-16T13:05:00+00:00,45620,stop,-0.9531370257455893,-15.37317783460628,True,False,300,5.673685691497037,1.1580896141672992,-0.254830626601964,-2.2602542325908312,-1.2963084972059606,-0.6739130434781454,0.40000000000040004,13.0
gbpusd_rsi2_m5_usd100000_smaller_stop_and_time,2017-08-16T13:15:00+00:00,2017-08-16T13:40:00+00:00,45623,signal_exit,0.060820000000054,0.9793880837367792,False,True,1500,6.000651408243062,1.2063097529181974,-0.3492668087411292,-4.075246047786401,-2.361761356390539,-0.5777777777775366,0.1999999999990898,13.25
gbpusd_rsi2_m5_usd100000_smaller_stop_and_time,2017-08-16T14:25:00+00:00,2017-08-16T14:40:00+00:00,45637,signal_exit,0.21607000000010587,3.4793880837376148,False,True,900,4.966452059369815,1.0175298411666904,-0.609714178221363,-3.769428598724316,-1.236187317642667,-0.6200000000001332,0.20000000000131024,14.416666666666666
gbpusd_rsi2_m5_usd100000_smaller_stop_and_time,2017-08-16T15:40:00+00:00,2017-08-16T16:00:00+00:00,45652,signal_exit,-0.0015999999999392611,-0.025806451611923565,False,False,1200,5.477859192150074,1.0964850748137336,-0.5232408366516477,-3.0807264214801684,-1.2189672547191486,-0.7435897435897728,0.10000000000065512,15.666666666666666
gbpusd_rsi2_m5_usd100000_smaller_stop_and_time,2017-08-17T09:25:00+00:00,2017-08-17T09:40:00+00:00,45862,signal_exit,0.36948000000015724,5.968982229404801,False,True,900,7.464260372724692,1.664940450570573,-0.002450424945205424,-2.2974292206269014,-2.101669420944315,-0.4901960784313085,0.3999999999981796,9.416666666666666
gbpusd_rsi2_m5_usd100000_smaller_stop_and_time,2017-08-17T10:10:00+00:00,2017-08-17T10:25:00+00:00,45871,stop,-1.1055231249939714,-17.85982431331133,True,False,900,6.9144032713580454,1.4931845792068723,-0.13022968486646272,-2.9553449286033753,-1.6542197575477489,-0.10204081632652136,0.40000000000040004,10.166666666666666
gbpusd_rsi2_m5_usd100000_smaller_stop_and_time,2017-08-17T10:55:00+00:00,2017-08-17T11:00:00+00:00,45880,signal_exit,0.05420000000001329,0.8741935483873112,False,True,300,5.8791919418892435,1.2622930697390595,-0.669459197995483,-5.864886556506288,-1.3771834876753035,-0.16666666666666666,0.2999999999997449,10.916666666666666
gbpusd_rsi2_m5_usd100000_smaller_stop_and_time,2017-08-17T14:35:00+00:00,2017-08-17T14:55:00+00:00,45924,signal_exit,0.5985100000001458,9.668982229404616,False,True,1200,7.080186596724059,1.3003982598157942,-0.06586533905358431,-1.027205817015102,-0.8582757681184112,-0.8145161290322827,0.2999999999997449,14.583333333333334
gbpusd_rsi2_m5_usd100000_smaller_stop_and_time,2017-08-18T08:15:00+00:00,2017-08-18T08:35:00+00:00,46131,signal_exit,0.32615000000014827,5.268982229404656,False,True,1200,4.872802742733606,1.3387199933778402,0.531316334877359,0.1817456859982519,-1.6521774503052704,-0.7846153846150115,0.1999999999990898,8.25
gbpusd_rsi2_m5_usd100000_smaller_stop_and_time,2017-08-18T09:55:00+00:00,2017-08-18T10:30:00+00:00,46151,signal_exit,0.27044000000019564,4.368982229405423,False,True,2100,6.186556560444244,1.4673048213346425,0.636133230466722,-0.1746678743662417,-1.5028027351614008,-0.9374999999996096,0.3999999999981796,9.916666666666666
gbpusd_rsi2_m5_usd100000_smaller_stop_and_time,2017-08-18T11:15:00+00:00,2017-08-18T11:30:00+00:00,46167,stop,-0.842383247309481,-13.608776208553813,True,False,900,4.888879218979354,1.144068315809301,0.32311787393080177,0.1563147714878414,-0.8826150806256486,-0.5128205128203085,0.1999999999990898,11.25
gbpusd_rsi2_m5_usd100000_smaller_stop_and_time,2017-08-18T11:35:00+00:00,2017-08-18T12:25:00+00:00,46171,signal_exit,-0.11333999999984462,-1.831017770595228,False,False,3000,5.00251404032858,1.160604086823025,0.15805486986209524,-2.290593404584063,-2.6059932025496915,-0.46478873239460405,0.40000000000040004,11.583333333333334
gbpusd_rsi2_m5_usd100000_smaller_stop_and_time,2017-08-18T14:10:00+00:00,2017-08-18T14:15:00+00:00,46202,stop,-1.0403218093942406,-16.806491266465923,True,False,300,6.487736747934958,1.3726012948909068,-0.08269228439868698,-1.8433469449549398,-1.9675700695913818,-0.4107142857141972,0.1999999999990898,14.166666666666666
gbpusd_rsi2_m5_usd100000_smaller_stop_and_time,2017-08-18T14:20:00+00:00,2017-08-18T15:15:00+00:00,46204,signal_exit,-0.485199999999941,-7.825806451611951,False,False,3300,7.087895461229835,1.460103285494491,-0.10768605925286275,-3.477638250472561,-2.444553977728918,-0.1063829787233741,0.2999999999997449,14.333333333333334
gbpusd_rsi2_m5_usd100000_smaller_stop_and_time,2017-08-18T15:25:00+00:00,2017-08-18T15:45:00+00:00,46217,signal_exit,0.32785000000014874,5.279388083738304,False,True,1200,7.73998072101068,1.4836932821338344,-0.660024614462425,-8.351972583671083,-2.2673996139985033,-0.8214285714285808,0.4999999999988347,15.416666666666666
gbpusd_rsi2_m5_usd100000_smaller_stop_and_time,2017-08-21T10:10:00+00:00,2017-08-21T10:20:00+00:00,46431,signal_exit,0.08474000000007859,1.3689822294035312,False,True,600,3.882702599313333,1.045976553478819,0.08618219793470638,0.6093609552213283,0.20463305176925137,-0.11627906976770605,0.20000000000131024,10.166666666666666
gbpusd_rsi2_m5_usd100000_smaller_stop_and_time,2017-08-21T11:30:00+00:00,2017-08-21T11:45:00+00:00,46447,stop,-0.8110564354460146,-13.102688779418653,True,False,900,4.6358355044120465,1.177846785485501,0.7405043234035574,3.4734987832369315,0.23948760179592082,-0.6444444444444554,0.1999999999990898,11.5
gbpusd_rsi2_m5_usd100000_smaller_stop_and_time,2017-08-21T12:00:00+00:00,2017-08-21T12:20:00+00:00,46453,signal_exit,0.14045000000003122,2.268982229402766,False,True,1200,4.547681149969449,1.1472431907798428,0.7695921316643786,0.8481367356678567,-1.9957311874578871,-0.5744680851064031,0.20000000000131024,12.0
gbpusd_rsi2_m5_usd100000_smaller_stop_and_time,2017-08-21T13:45:00+00:00,2017-08-21T14:00:00+00:00,46474,target,0.3381861432501079,5.463427193055054,False,True,900,4.6472224818257075,1.1310632647570567,0.7090057809455781,1.6350367271028345,-0.892808275955445,-0.6721311475410194,0.20000000000131024,13.75
gbpusd_rsi2_m5_usd100000_smaller_stop_and_time,2017-08-21T15:35:00+00:00,2017-08-21T15:45:00+00:00,46496,signal_exit,0.16462000000005592,2.663754045308348,False,True,600,6.461474357625006,1.3723804943280022,1.0227371123405928,3.202811131131455,-0.963671311750431,-0.3199999999999112,0.0,15.583333333333334
gbpusd_rsi2_m5_usd100000_smaller_stop_and_time,2017-08-22T07:15:00+00:00,2017-08-22T07:30:00+00:00,46680,stop,-0.7953914604991705,-12.82889452418017,True,False,900,4.501544036284899,1.4036840129413304,-0.8742222563504883,-6.85329565407238,-2.0849347128624713,-0.5784313725488788,0.1999999999990898,7.25
gbpusd_rsi2_m5_usd100000_smaller_stop_and_time,2017-08-22T07:35:00+00:00,2017-08-22T08:15:00+00:00,46684,stop,-0.8777279754091303,-14.15690282917952,True,False,2400,5.165548188784274,1.538388756875143,-0.96062504147971,-10.113280200117641,-2.4248234666476822,-0.6324786324786584,0.1999999999990898,7.583333333333333
gbpusd_rsi2_m5_usd100000_smaller_stop_and_time,2017-08-22T08:55:00+00:00,2017-08-22T09:35:00+00:00,46700,stop,-0.9377149090283985,-15.100079050376786,True,False,2400,5.5397335670581835,1.4870933644722244,-1.8803386342749442,-9.390278708063946,-1.0999014917820795,-0.7209302325583317,0.3999999999981796,8.916666666666666
gbpusd_rsi2_m5_usd100000_smaller_stop_and_time,2017-08-22T09:45:00+00:00,2017-08-22T10:45:00+00:00,46710,holding_bars,-0.5980799999998456,-9.615434083598805,False,False,3600,5.9659155893982145,1.5061480251873274,-2.1644386446253,-11.927596816343033,-2.2525399777322974,-0.3851851851852522,0.40000000000040004,9.75
gbpusd_rsi2_m5_usd100000_smaller_stop_and_time,2017-08-22T11:10:00+00:00,2017-08-22T11:15:00+00:00,46727,target,0.5233170822727751,8.413457914353296,False,True,300,6.214445998976323,1.442969160228871,-2.5424464976093653,-13.305006482325597,-2.271714103533194,-0.5645161290323158,0.40000000000040004,11.166666666666666
gbpusd_rsi2_m5_usd100000_smaller_stop_and_time,2017-08-22T12:30:00+00:00,2017-08-22T13:05:00+00:00,46743,signal_exit,-0.2684199999998958,-4.315434083599611,False,False,2100,5.390241133054983,1.2066327093552278,-2.364573392322337,-8.581173435077295,0.16813484935985096,-0.8000000000005921,0.20000000000131024,12.5
gbpusd_rsi2_m5_usd100000_smaller_stop_and_time,2017-08-22T14:00:00+00:00,2017-08-22T14:20:00+00:00,46761,stop,-1.0222644473452671,-16.43511973223902,True,False,1200,6.30984282431965,1.3176119949617608,-1.7025325639240059,-7.159215748223766,-0.601756040872992,-0.8437499999999133,0.20000000000131024,14.0
gbpusd_rsi2_m5_usd100000_smaller_stop_and_time,2017-08-22T14:25:00+00:00,2017-08-22T14:40:00+00:00,46766,signal_exit,0.1856400000000404,2.9845659163993634,False,True,900,6.397813730458465,1.3104761095390227,-1.699690529404486,-8.853017203301876,-2.189126017455773,-0.4909090909090322,0.40000000000040004,14.416666666666666
gbpusd_rsi2_m5_usd100000_smaller_stop_and_time,2017-08-22T15:55:00+00:00,2017-08-22T16:40:00+00:00,46784,signal_exit,0.04219000000020773,0.6793880837392547,False,True,2700,5.0718583232439105,1.0438935903669242,-1.2545650912260948,-3.732256920424888,0.3934240479043468,-0.9655172413790859,0.09999999999843467,15.916666666666666
gbpusd_rsi2_m5_usd100000_smaller_stop_and_time,2017-08-23T07:20:00+00:00,2017-08-23T07:30:00+00:00,46958,target,0.35141901032083234,5.649823317055182,False,True,600,4.782628700328029,1.3368711277000431,-0.3342579615808801,-3.794560483117961,-2.3871944495385726,-0.5764705882354016,0.30000000000196536,7.333333333333333
gbpusd_rsi2_m5_usd100000_smaller_stop_and_time,2017-08-23T08:25:00+00:00,2017-08-23T09:20:00+00:00,46971,signal_exit,-0.23737999999996823,-3.810272873193711,False,False,3300,7.132481768761499,1.6874581724789208,-0.5484941375194562,-4.860692690821891,-1.8072142541856366,-0.6571428571429357,0.10000000000065512,8.416666666666666
gbpusd_rsi2_m5_usd100000_smaller_stop_and_time,2017-08-23T10:05:00+00:00,2017-08-23T10:55:00+00:00,46991,signal_exit,0.018050000000183475,0.2897271268087235,False,True,3000,5.266934183877984,1.2032862123878436,-1.1578305992383642,-5.546384991903061,-1.070360982313801,-0.7368421052632194,0.40000000000040004,10.083333333333334
gbpusd_rsi2_m5_usd100000_smaller_stop_and_time,2017-08-23T12:15:00+00:00,2017-08-23T12:35:00+00:00,47017,signal_exit,0.04297000000007006,0.689727126806903,False,True,1200,5.3869459188720095,1.176091691594753,-0.6051432832513984,-2.43204849579571,-0.4564857349474439,-0.5769230769229291,0.2999999999997449,12.25
gbpusd_rsi2_m5_usd100000_smaller_stop_and_time,2017-08-23T13:15:00+00:00,2017-08-23T13:35:00+00:00,47029,stop,-0.8571763110417903,-13.758849294410759,True,False,1200,4.974288210609745,1.0810650241563355,-0.457669990176948,-3.9425991527612125,-2.0448357503910883,-0.4642857142854877,0.1999999999990898,13.25
gbpusd_rsi2_m5_usd100000_smaller_stop_and_time,2017-08-23T13:40:00+00:00,2017-08-23T14:05:00+00:00,47034,signal_exit,0.26176000000011546,4.194871794873645,False,True,1500,5.59056492938579,1.1869046855929006,-0.6058283403777979,-5.014036458321884,-2.1627529785330504,-0.577235772357684,0.2999999999997449,13.666666666666666
gbpusd_rsi2_m5_usd100000_smaller_stop_and_time,2017-08-23T15:35:00+00:00,2017-08-23T16:15:00+00:00,47057,signal_exit,-0.0751999999998752,-1.205128205126205,False,False,2400,5.981766094437518,1.1955998274380413,-0.8602800239861847,-4.886998425884249,-2.5428016964220044,-0.8375000000000278,0.2999999999997449,15.583333333333334
gbpusd_rsi2_m5_usd100000_smaller_stop_and_time,2017-08-24T08:35:00+00:00,2017-08-24T08:55:00+00:00,47254,signal_exit,0.417760000000029,6.694871794872259,False,True,1200,6.176187483553116,1.6193926621571515,0.20406784455063026,-2.7216514188782113,-2.6780318654249924,-0.9353233830845975,0.20000000000131024,8.583333333333334
gbpusd_rsi2_m5_usd100000_smaller_stop_and_time,2017-08-24T11:05:00+00:00,2017-08-24T11:45:00+00:00,47284,signal_exit,-0.21865999999984603,-3.5154340835988105,False,False,2400,5.343070797884121,1.2197322213341208,1.2049906860986181,4.360654831417061,-0.4186512867824245,-0.44736842105258545,0.2999999999997449,11.083333333333334
gbpusd_rsi2_m5_usd100000_smaller_stop_and_time,2017-08-24T12:30:00+00:00,2017-08-24T13:00:00+00:00,47301,signal_exit,-0.0755999999998756,-1.215434083599286,False,False,1800,4.434480779213256,1.0272184026780158,1.2162587106279192,4.633605236276622,0.2072070236812571,-0.2857142857145123,1.40000000000029,12.5
gbpusd_rsi2_m5_usd100000_smaller_stop_and_time,2017-08-24T13:25:00+00:00,2017-08-24T13:25:00+00:00,47312,stop,-0.8234893576179216,-13.239378739837967,True,False,0,4.6119723281195215,1.0528374327756238,1.1824481332768912,3.518110947178931,-1.4893429003452026,-0.7045454545455349,0.40000000000040004,13.416666666666666
gbpusd_rsi2_m5_usd100000_smaller_stop_and_time,2017-08-24T13:30:00+00:00,2017-08-24T14:00:00+00:00,47313,signal_exit,-0.1315799999999661,-2.115434083600741,False,False,1800,5.011117161825284,1.128341129249112,1.1457412718114444,1.652145117778611,-2.9149235739423713,-0.7843137254903113,0.20000000000131024,13.5
gbpusd_rsi2_m5_usd100000_smaller_stop_and_time,2017-08-24T14:15:00+00:00,2017-08-24T14:50:00+00:00,47322,stop,-0.8598904188529342,-13.802414427815958,True,False,2100,5.046070777311426,1.1213370593590817,0.7978684589204827,0.4620599804133662,-1.5234845790956941,-0.8363636363637905,0.10000000000065512,14.25
gbpusd_rsi2_m5_usd100000_smaller_stop_and_time,2017-08-24T14:55:00+00:00,2017-08-24T15:15:00+00:00,47330,signal_exit,-0.15638999999999098,-2.510272873194076,False,False,1200,5.302201960015711,1.154875787448165,0.41155041325652436,-1.2734228436286081,-1.9447878351760484,-0.253333333333207,0.2999999999997449,14.916666666666666
gbpusd_rsi2_m5_usd100000_smaller_stop_and_time,2017-08-25T07:20:00+00:00,2017-08-25T07:55:00+00:00,47522,signal_exit,-0.044249999999809664,-0.7102728731911664,False,False,2100,3.1493569224858042,1.0902274489450783,0.15033086551542724,-1.7996950530234022,-1.6211945937821572,-0.4878048780487012,0.09999999999843467,7.333333333333333
gbpusd_rsi2_m5_usd100000_smaller_stop_and_time,2017-08-25T12:00:00+00:00,2017-08-25T12:25:00+00:00,47578,stop,-0.7385563308541008,-11.87389599443892,True,False,1500,3.9792309554203182,1.1566167806797252,1.5910693003257548,4.580127449956175,-1.4425517361921925,-0.6333333333334814,0.2999999999997449,12.0
gbpusd_rsi2_m5_usd100000_smaller_stop_and_time,2017-08-25T12:30:00+00:00,2017-08-25T12:50:00+00:00,47584,signal_exit,0.07368000000013558,1.1845659164008935,False,True,1200,3.8946480086820134,1.1261617766847256,1.4244065864413011,2.0110624870890885,-2.1835020392599396,-0.7608695652177061,0.40000000000040004,12.5
gbpusd_rsi2_m5_usd100000_smaller_stop_and_time,2017-08-25T13:45:00+00:00,2017-08-25T13:55:00+00:00,47599,stop,-0.8643122409500783,-13.895695192123444,True,False,600,5.040130554262167,1.3548692355524246,0.9601781451919185,3.1842080482230024,-0.16797957300336136,-0.7173913043478926,0.1999999999990898,13.75
gbpusd_rsi2_m5_usd100000_smaller_stop_and_time,2017-08-28T07:35:00+00:00,2017-08-28T08:00:00+00:00,47808,signal_exit,0.20235000000002443,3.2689822294026563,False,True,1500,4.521282680313061,1.2160338085774363,1.0642081335378055,1.9570170917949088,-1.3625653371532886,-0.9619047619047236,0.40000000000040004,7.583333333333333
gbpusd_rsi2_m5_usd100000_smaller_stop_and_time,2017-08-28T09:30:00+00:00,2017-08-28T10:00:00+00:00,47831,stop,-0.6418432125074489,-10.385812500120531,True,False,1800,3.2247832727146624,0.8917089003589991,1.2027238682851005,5.806836071980266,0.653620732667962,-0.749999999999653,0.2999999999997449,9.5
gbpusd_rsi2_m5_usd100000_smaller_stop_and_time,2017-08-28T10:15:00+00:00,2017-08-28T10:40:00+00:00,47840,signal_exit,-0.06403999999979543,-1.0362459546892464,False,False,1500,3.4548722824217077,0.9515497926205445,1.2981054079438499,3.2137425880451422,-1.9076963846532056,-0.5588235294121489,0.2999999999997449,10.25
gbpusd_rsi2_m5_usd100000_smaller_stop_and_time,2017-08-28T13:20:00+00:00,2017-08-28T13:30:00+00:00,47877,target,0.20950733129610308,3.3900862669272342,False,True,600,3.6631661108091143,1.0152502972532205,1.614603856657521,4.366978316548364,-2.4753831585175807,-0.5660377358490803,0.2999999999997449,13.333333333333334
gbpusd_rsi2_m5_usd100000_smaller_stop_and_time,2017-08-28T14:25:00+00:00,2017-08-28T14:45:00+00:00,47890,signal_exit,-0.002559999999939555,-0.04149108589853411,False,False,1200,4.137740770824855,1.1048655815042068,1.5021978397884106,5.837030628786795,0.2708016575112444,-0.24999999999965306,0.2999999999997449,14.416666666666666
gbpusd_rsi2_m5_usd100000_smaller_stop_and_time,2017-08-28T15:25:00+00:00,2017-08-28T15:55:00+00:00,47902,signal_exit,0.02212000000022213,0.3585089141040863,False,True,1800,4.835641674479011,1.235147323930256,1.5478936848657012,5.265845650544149,-0.5949564691220194,-0.2790697674421847,0.2999999999997449,15.416666666666666
gbpusd_rsi2_m5_usd100000_smaller_stop_and_time,2017-08-29T08:30:00+00:00,2017-08-29T09:15:00+00:00,48105,signal_exit,-0.12004999999988591,-1.9520325203233482,False,False,2700,6.082015395252957,1.622673499664204,1.606720902255872,7.016611913211474,0.4277892426999715,-0.8070175438595397,0.4999999999988347,8.5
gbpusd_rsi2_m5_usd100000_smaller_stop_and_time,2017-08-29T10:10:00+00:00,2017-08-29T10:50:00+00:00,48125,stop,-0.902661754731072,-14.677426906196294,True,False,2400,5.3626971929368095,1.3451907083172896,1.6489478479402628,4.895104177168762,-1.3028292508022743,-0.9726027397261482,0.2999999999997449,10.166666666666666
gbpusd_rsi2_m5_usd100000_smaller_stop_and_time,2017-08-29T10:55:00+00:00,2017-08-29T11:15:00+00:00,48134,target,0.3987800488570692,6.473702091835539,False,True,1200,5.160227669294425,1.269715989891774,1.2927830960177062,0.9002021936206013,-2.378405199271896,-0.8571428571431744,0.20000000000131024,10.916666666666666
gbpusd_rsi2_m5_usd100000_smaller_stop_and_time,2017-08-29T11:45:00+00:00,2017-08-29T12:00:00+00:00,48144,signal_exit,0.12032000000018356,1.9532467532497328,False,True,900,4.779847804732916,1.1627505446847872,0.8402090651992994,1.2552234405778282,-1.2571130145738076,-0.48148148148135966,0.2999999999997449,11.75
gbpusd_rsi2_m5_usd100000_smaller_stop_and_time,2017-08-29T13:15:00+00:00,2017-08-29T13:45:00+00:00,48162,stop,-0.8309582915203755,-13.48958265455155,True,False,1800,4.821414703899286,1.1337147064116264,0.6317063412583672,0.7818288330429249,-1.236908572717586,-0.6600000000003997,0.20000000000131024,13.25
gbpusd_rsi2_m5_usd100000_smaller_stop_and_time,2017-08-29T13:50:00+00:00,2017-08-29T14:35:00+00:00,48169,stop,-0.8612675990369307,-13.981616867482641,True,False,2700,4.967431810365321,1.1544217668224555,0.5057246957617623,-1.4604793838768237,-2.050447850084697,-0.7904761904762972,0.40000000000040004,13.833333333333334
gbpusd_rsi2_m5_usd100000_smaller_stop_and_time,2017-08-29T14:40:00+00:00,2017-08-29T14:50:00+00:00,48179,target,0.568400051730303,9.212318504542997,False,True,600,6.4769047952211904,1.393875169727194,-0.008498797041746511,-3.9288844897380364,-2.4652847993559113,-0.506329113923951,0.10000000000065512,14.666666666666666
gbpusd_rsi2_m5_usd100000_smaller_stop_and_time,2017-08-30T07:20:00+00:00,2017-08-30T07:35:00+00:00,48370,target,0.4167571249096047,6.743642797890043,False,True,900,5.33994437629053,1.545449369109076,-0.808505825807861,-8.386587809087885,-2.030219607447479,-0.6434782608695417,0.2999999999997449,7.333333333333333
gbpusd_rsi2_m5_usd100000_smaller_stop_and_time,2017-08-30T10:50:00+00:00,2017-08-30T11:20:00+00:00,48412,signal_exit,0.028290000000125548,0.458508914102521,False,True,1800,5.145451852170678,1.213526857493434,-0.23633184055985465,-0.3187111657277187,0.11988024017628068,-0.8108108108107621,0.2999999999997449,10.833333333333334
gbpusd_rsi2_m5_usd100000_smaller_stop_and_time,2017-08-30T11:30:00+00:00,2017-08-30T11:45:00+00:00,48420,signal_exit,0.20722000000006477,3.358508914101536,False,True,900,4.979064554021298,1.1639170089917228,0.03861020239863666,-1.2032395798465372,-2.2460361905085264,-0.70422535211261,0.40000000000040004,11.5
gbpusd_rsi2_m5_usd100000_smaller_stop_and_time,2017-08-30T12:25:00+00:00,2017-08-30T12:30:00+00:00,48431,stop,-1.0322593596105485,-16.70322588366583,True,False,300,6.333489964488381,1.3818054918715523,-0.03980135293966158,-2.5725479608387745,-2.3543810988120986,-0.23749999999991672,0.3999999999981796,12.416666666666666
gbpusd_rsi2_m5_usd100000_smaller_stop_and_time,2017-08-30T12:35:00+00:00,2017-08-30T12:45:00+00:00,48433,target,0.7621406313012253,12.312449617144187,False,True,600,8.121733693870068,1.6644152896339586,-0.18013397734688263,-8.509407237131043,-3.727443401380176,-0.8226299694190142,0.2999999999997449,12.583333333333334
gbpusd_rsi2_m5_usd100000_smaller_stop_and_time,2017-08-31T07:15:00+00:00,2017-08-31T07:25:00+00:00,48655,target,0.3056421678690835,4.945666146748923,False,True,600,4.3409560507205,1.233844339066154,-0.03879018921244153,-2.9969325603008845,-2.6560599356000734,-0.7685185185186404,0.10000000000065512,7.25
gbpusd_rsi2_m5_usd100000_smaller_stop_and_time,2017-08-31T07:45:00+00:00,2017-08-31T08:20:00+00:00,48661,stop,-0.9091830626095276,-14.711700042225365,True,False,2100,5.387727043767646,1.439054774413931,-0.3252564770917568,-5.145766609903975,-2.115891365019971,-0.5405405405405082,0.2999999999997449,7.75
gbpusd_rsi2_m5_usd100000_smaller_stop_and_time,2017-08-31T09:15:00+00:00,2017-08-31T09:35:00+00:00,48679,signal_exit,0.165210000000056,2.6689822294031664,False,True,1200,5.258761156732181,1.318048339740951,-1.1764540519630609,-8.058052408571298,-2.443343858499038,-0.6666666666666666,0.2999999999997449,9.25
gbpusd_rsi2_m5_usd100000_smaller_stop_and_time,2017-08-31T09:50:00+00:00,2017-08-31T10:00:00+00:00,48686,signal_exit,0.2518700000002114,4.068982229405678,False,True,600,5.809990977457145,1.3946585744459847,-1.375144642747632,-8.417154595424266,-2.0645033361128813,-0.7317073170730518,0.09999999999843467,9.833333333333334
gbpusd_rsi2_m5_usd100000_smaller_stop_and_time,2017-08-31T10:30:00+00:00,2017-08-31T11:30:00+00:00,48694,holding_bars,-0.6711999999997829,-10.8258064516094,False,False,3600,6.387976259694275,1.4518311462110012,-1.5496243513011934,-8.977479462204906,-1.9230508746762123,-0.3186813186811444,0.09999999999843467,10.5
gbpusd_rsi2_m5_usd100000_smaller_stop_and_time,2017-08-31T11:50:00+00:00,2017-08-31T12:20:00+00:00,48710,signal_exit,-0.21239999999994358,-3.425806451611993,False,False,1800,5.64589629956783,1.2261148367240036,-1.9228664601661898,-9.731501940663007,-1.6023177271606235,-0.36842105263102537,0.1999999999990898,11.833333333333334
gbpusd_rsi2_m5_usd100000_smaller_stop_and_time,2017-08-31T13:10:00+00:00,2017-08-31T13:25:00+00:00,48726,signal_exit,0.24640000000017112,3.9741935483898563,False,True,900,6.117570893203329,1.2588472624599394,-1.8558833396188839,-5.9723623834845565,0.5108645663836276,-0.810810810810819,0.40000000000040004,13.166666666666666
gbpusd_rsi2_m5_usd100000_smaller_stop_and_time,2017-08-31T14:50:00+00:00,2017-08-31T14:55:00+00:00,48746,target,0.49572622286710577,7.995584239792029,False,True,300,5.910695345700851,1.1752576587790444,-1.0847025696824022,-5.242726906313063,-1.3702722849841777,-0.2968749999998753,0.1999999999990898,14.833333333333334
gbpusd_rsi2_m5_usd100000_smaller_stop_and_time,2017-09-01T07:50:00+00:00,2017-09-01T07:55:00+00:00,48947,target,0.24515558299416426,3.966918818675797,False,True,300,3.9515823866830093,1.1675046006592054,-0.563908297390652,-3.751133395916444,-1.515731255449914,-0.40000000000009867,0.2999999999997449,7.833333333333333
gbpusd_rsi2_m5_usd100000_smaller_stop_and_time,2017-09-01T09:15:00+00:00,2017-09-01T09:30:00+00:00,48964,target,0.4941952649477299,8.009647730109075,False,True,900,6.025569408003811,1.526554053331487,-0.25252767540530446,-1.621254113226295,-0.5696028044345937,-0.8783783783784757,0.40000000000040004,9.25
gbpusd_rsi2_m5_usd100000_smaller_stop_and_time,2017-09-01T10:30:00+00:00,2017-09-01T10:35:00+00:00,48979,signal_exit,-0.008729999999842974,-0.1414910858969688,False,False,300,5.277748139835689,1.2832544911318018,0.15121841152678847,0.04463331022629011,-0.5593003516920342,-0.11111111111083698,0.09999999999843467,10.5
gbpusd_rsi2_m5_usd100000_smaller_stop_and_time,2017-09-01T13:45:00+00:00,2017-09-01T14:00:00+00:00,49018,stop,-1.7091292152800464,-27.79071894764303,True,False,900,11.91934321365946,1.9181754412575598,1.4863444428393964,5.6085883017979965,-0.15457443870630186,-0.2905982905982679,0.2999999999997449,13.75
gbpusd_rsi2_m5_usd100000_smaller_stop_and_time,2017-09-01T14:05:00+00:00,2017-09-01T14:50:00+00:00,49022,signal_exit,0.594640000000145,9.653246753249109,False,True,2700,11.738902059697223,1.8314278676683888,1.4831733380926464,2.4325169858936486,-1.7423288745901049,-0.4451219512194866,0.1999999999990898,14.083333333333334
gbpusd_rsi2_m5_usd100000_smaller_stop_and_time,2017-09-04T07:25:00+00:00,2017-09-04T07:50:00+00:00,49230,signal_exit,-0.16303999999989466,-2.6467532467515364,False,False,1500,3.8091385434691554,1.1978557917738935,-0.0025808025768067674,-2.868253213109541,-2.6547136132627194,-0.5757575757576981,0.40000000000040004,7.416666666666667
gbpusd_rsi2_m5_usd100000_smaller_stop_and_time,2017-09-04T08:00:00+00:00,2017-09-04T08:25:00+00:00,49237,target,0.2472380710473889,4.013605049470598,False,True,1500,3.9801791481122364,1.2244425558070824,-0.20666983777288186,-4.279974547381471,-1.821923710167181,-0.8666666666667983,0.30000000000196536,8.0
gbpusd_rsi2_m5_usd100000_smaller_stop_and_time,2017-09-04T09:45:00+00:00,2017-09-04T09:55:00+00:00,49258,target,0.40969045317620645,6.650819045068286,False,True,600,5.298786145909848,1.3932887020479414,-0.5638669004753438,-3.071943700389593,-0.8415668397790752,-0.44230769230815214,0.2999999999997449,9.75
gbpusd_rsi2_m5_usd100000_smaller_stop_and_time,2017-09-04T10:20:00+00:00,2017-09-04T10:45:00+00:00,49265,signal_exit,-0.08911999999995751,-1.446753246752557,False,False,1500,5.42648183249825,1.3767962259233608,-0.449633514627276,-2.1730151346712474,-0.41160743164937075,-0.5740740740741502,0.40000000000040004,10.333333333333334
gbpusd_rsi2_m5_usd100000_smaller_stop_and_time,2017-09-04T13:25:00+00:00,2017-09-04T13:45:00+00:00,49302,signal_exit,0.21272000000010502,3.453246753248458,False,True,1200,4.083304989742907,1.0225934998283401,0.3204225876318949,-0.27290612647771134,-2.6980876616741467,-0.9454545454545968,0.2999999999997449,13.416666666666666
gbpusd_rsi2_m5_usd100000_smaller_stop_and_time,2017-09-04T14:10:00+00:00,2017-09-04T14:35:00+00:00,49311,signal_exit,-0.11991999999988573,-1.9467532467513917,False,False,1500,4.038264304420642,1.0109856947876323,0.2914792780984663,-0.5447666446012711,-2.4066601541339367,-0.9818181818184607,0.20000000000131024,14.166666666666666
gbpusd_rsi2_m5_usd100000_smaller_stop_and_time,2017-09-04T15:50:00+00:00,2017-09-04T16:00:00+00:00,49331,stop,-0.7412828416658275,-12.03381236470499,True,False,600,4.093529558977287,1.023268613377509,0.08597303610486087,-0.8077003424862033,-1.1043846159653254,-0.5999999999992228,0.1999999999990898,15.833333333333334
gbpusd_rsi2_m5_usd100000_smaller_stop_and_time,2017-09-05T07:45:00+00:00,2017-09-05T08:15:00+00:00,49509,signal_exit,-0.002559999999939555,-0.04149108589853411,False,False,1800,5.9445177147259125,1.627130554528733,-0.3139555755177456,-2.902414294532933,-0.9944533567859732,-0.62721893491129,0.40000000000040004,7.75
gbpusd_rsi2_m5_usd100000_smaller_stop_and_time,2017-09-05T11:35:00+00:00,2017-09-05T12:05:00+00:00,49555,signal_exit,-0.24304999999987237,-3.9520325203231277,False,False,1800,6.537357571387372,1.3709212115286948,0.9613289314259453,5.29286784516904,0.4433150977987476,-0.5199999999999112,0.1999999999990898,11.583333333333334
gbpusd_rsi2_m5_usd100000_smaller_stop_and_time,2017-09-05T15:40:00+00:00,2017-09-05T16:10:00+00:00,49604,signal_exit,0.3700900000001959,6.037357259383293,False,True,1800,7.229738697565707,1.3042788460868338,2.5165167134581887,10.108577974244685,0.10132715609472849,-0.8088235294118223,0.40000000000040004,15.666666666666666
gbpusd_rsi2_m5_usd100000_smaller_stop_and_time,2017-09-06T07:00:00+00:00,2017-09-06T07:05:00+00:00,49784,target,0.2159061939852915,3.5221238823049186,False,True,300,3.6423833114618533,1.079680773844597,0.9312135609804082,-0.09463287532680477,-1.8389572034642896,-0.604166666666416,0.10000000000065512,7.0
gbpusd_rsi2_m5_usd100000_smaller_stop_and_time,2017-09-06T09:15:00+00:00,2017-09-06T09:45:00+00:00,49811,stop,-0.8337123212242996,-13.622750346802281,True,False,1800,4.827388245296096,1.2607878537725923,0.8920316795129418,3.411879936705983,-0.17646962973017472,-0.7894736842106339,0.30000000000196536,9.25
gbpusd_rsi2_m5_usd100000_smaller_stop_and_time,2017-09-06T09:50:00+00:00,2017-09-06T10:15:00+00:00,49818,signal_exit,0.23452000000012882,3.8320261437929544,False,True,1500,5.297627684168164,1.3326350926529835,0.9010909064125688,0.7461921098987119,-2.2166945559147617,-0.8750000000002776,0.20000000000131024,9.833333333333334
gbpusd_rsi2_m5_usd100000_smaller_stop_and_time,2017-09-06T11:50:00+00:00,2017-09-06T12:05:00+00:00,49842,signal_exit,0.05662000000005313,0.9266775777422771,False,True,900,5.006012245050018,1.1886514629161204,0.8765733108469942,3.0332729813207866,-0.83539583709909,-0.5227272727271695,0.2999999999997449,11.833333333333334
gbpusd_rsi2_m5_usd100000_smaller_stop_and_time,2017-09-06T13:10:00+00:00,2017-09-06T13:25:00+00:00,49858,signal_exit,0.14216000000007084,2.326677577742567,False,True,900,4.662226336180388,1.086044700569264,1.0099179988682045,3.6645402016624864,-0.09183553068795716,-0.3437500000003036,0.10000000000065512,13.166666666666666
gbpusd_rsi2_m5_usd100000_smaller_stop_and_time,2017-09-06T13:50:00+00:00,2017-09-06T14:00:00+00:00,49866,target,0.2781533545096275,4.552428060714035,False,True,600,4.212875241485463,0.99492644042411,1.0593888400311697,3.6342727786762254,-0.9909162750246381,-0.6153846153842869,0.1999999999990898,13.833333333333334
gbpusd_rsi2_m5_usd100000_smaller_stop_and_time,2017-09-07T13:50:00+00:00,2017-09-07T14:10:00+00:00,50150,signal_exit,0.39170000000008387,6.421311475411211,False,True,1200,10.027901689794353,1.7360892323660755,1.3845521898051487,2.2858708081332986,-2.703937599212939,-0.5294117647057776,0.0,13.833333333333334
gbpusd_rsi2_m5_usd100000_smaller_stop_and_time,2017-09-07T15:35:00+00:00,2017-09-07T16:05:00+00:00,50171,stop,-1.2657210320381878,-20.783596585191916,True,False,1800,8.449762167801262,1.3763454992908961,1.143952023146478,4.03525636117203,-0.32093608006049507,-0.8809523809524858,0.20000000000131024,15.583333333333334
gbpusd_rsi2_m5_usd100000_smaller_stop_and_time,2017-09-08T07:25:00+00:00,2017-09-08T07:40:00+00:00,50361,signal_exit,0.19455000000015873,3.205107084022384,False,True,900,6.413463240846825,1.2934421634883644,1.4533366345199783,3.7787645709995688,-1.7382927690459278,-0.7934782608698591,0.2999999999997449,7.416666666666667
gbpusd_rsi2_m5_usd100000_smaller_stop_and_time,2017-09-08T08:55:00+00:00,2017-09-08T09:00:00+00:00,50379,target,0.5698021208222261,9.387184857038323,False,True,300,6.691038886508408,1.2813028470995438,1.2015760349476465,3.456145564339446,-1.1015526628641548,-0.6236559139784561,0.2999999999997449,8.916666666666666
gbpusd_rsi2_m5_usd100000_smaller_stop_and_time,2017-09-08T12:30:00+00:00,2017-09-08T12:30:00+00:00,50422,target,0.4463583405453584,7.390038750750967,False,True,0,5.7006485144481065,1.0295041724371155,3.1637390647316934,12.715965900475746,0.33587492475090924,-0.5483870967741473,0.30000000000196536,12.5
gbpusd_rsi2_m5_usd100000_smaller_stop_and_time,2017-09-08T12:55:00+00:00,2017-09-08T13:35:00+00:00,50427,signal_exit,-0.11543999999984839,-1.9112582781431853,False,False,2400,6.66105229382658,1.1646339153619212,3.15192524950808,10.68546170906516,-1.3453910028497875,-0.40540540540568115,0.2999999999997449,12.916666666666666
gbpusd_rsi2_m5_usd100000_smaller_stop_and_time,2017-09-08T13:55:00+00:00,2017-09-08T14:55:00+00:00,50439,holding_bars,-0.7013199999999313,-11.61125827814456,False,False,3600,7.053627526282055,1.2030346481049383,2.7098271445598954,7.838902287996976,-1.8134364638668434,-0.5324675324676036,0.30000000000196536,13.916666666666666
gbpusd_rsi2_m5_usd100000_smaller_stop_and_time,2017-09-11T09:15:00+00:00,2017-09-11T10:00:00+00:00,50668,signal_exit,0.06015000000009224,0.9942148760345824,False,True,2700,4.754235150054747,1.1758188803007021,0.6025098287253459,1.4188072855737788,-1.3993613175932897,-0.6666666666663583,0.1999999999990898,9.25
gbpusd_rsi2_m5_usd100000_smaller_stop_and_time,2017-09-11T11:30:00+00:00,2017-09-11T12:30:00+00:00,50695,holding_bars,-0.7065199999998371,-11.716749585403598,False,False,3600,5.453285164298581,1.2386316536637838,1.122046161720049,5.971113194561612,0.6070254105123747,-0.7941176470587851,0.40000000000040004,11.5
gbpusd_rsi2_m5_usd100000_smaller_stop_and_time,2017-09-11T12:45:00+00:00,2017-09-11T13:45:00+00:00,50710,holding_bars,-0.6952799999998918,-11.511258278143904,False,False,3600,6.147305056908201,1.3146578346059912,1.283867396478316,1.5712452698791133,-2.779950810430883,-0.7752808988764437,0.40000000000040004,12.75
gbpusd_rsi2_m5_usd100000_smaller_stop_and_time,2017-09-11T14:25:00+00:00,2017-09-11T15:15:00+00:00,50730,stop,-0.947401484848339,-15.659528675179155,True,False,3000,5.9268717756077525,1.222334654843618,0.2714189800173342,-0.26878054322519596,-1.1720372770190424,-0.6666666666666666,0.09999999999843467,14.416666666666666
gbpusd_rsi2_m5_usd100000_smaller_stop_and_time,2017-09-11T15:20:00+00:00,2017-09-11T15:50:00+00:00,50741,stop,-0.8907653062511431,-14.72339349175443,True,False,1800,5.4088041838954375,1.1113485422416551,-0.05572575465903154,-2.628070036256805,-1.6036538842378016,-0.5,0.1999999999990898,15.333333333333334
gbpusd_rsi2_m5_usd100000_smaller_stop_and_time,2017-09-12T07:50:00+00:00,2017-09-12T08:05:00+00:00,50931,signal_exit,-0.0006799999999012596,-0.011258278144060588,False,False,900,4.106150562943412,1.2109915784359255,1.0821774391504158,5.352387492268703,0.5103842057803867,-0.2307692307697563,0.30000000000196536,7.833333333333333
gbpusd_rsi2_m5_usd100000_smaller_stop_and_time,2017-09-12T09:20:00+00:00,2017-09-12T09:35:00+00:00,50949,signal_exit,0.2936400000000259,4.877740863787805,False,True,900,10.624542370682716,2.1141079365061444,2.1221996791940834,11.934299924835402,0.5773530795020565,-0.7471264367812719,0.0,9.333333333333334
gbpusd_rsi2_m5_usd100000_smaller_stop_and_time,2017-09-12T11:10:00+00:00,2017-09-12T12:00:00+00:00,50971,signal_exit,0.08247000000011567,1.372212978371309,False,True,3000,8.231354871091137,1.498830807615973,3.0716647131374613,11.35940672593072,-0.21985732294903018,-0.3611111111109826,0.09999999999843467,11.166666666666666
gbpusd_rsi2_m5_usd100000_smaller_stop_and_time,2017-09-12T12:35:00+00:00,2017-09-12T12:55:00+00:00,50988,stop,-0.9984819580723661,-16.613676507027723,True,False,1200,6.242944742699378,1.1432364220907818,2.863687570535104,9.445565795210571,-0.9058670368266375,-0.7628865979381726,0.40000000000040004,12.583333333333334
gbpusd_rsi2_m5_usd100000_smaller_stop_and_time,2017-09-12T13:00:00+00:00,2017-09-12T13:55:00+00:00,50993,signal_exit,-0.2722399999998049,-4.522259136209383,False,False,3300,6.518891277352815,1.1757229799282733,2.5059748268349833,6.795097658151472,-1.9916114247652756,-0.5869565217390937,0.0,13.0
gbpusd_rsi2_m5_usd100000_smaller_stop_and_time,2017-09-13T08:00:00+00:00,2017-09-13T08:20:00+00:00,51221,stop,-0.7821113832674094,-13.056951306634545,True,False,1200,4.559026571514112,1.107739316342123,1.629754803330639,6.584642193176604,0.07434380043334077,-0.6428571428580492,0.20000000000131024,8.0
gbpusd_rsi2_m5_usd100000_smaller_stop_and_time,2017-09-13T08:25:00+00:00,2017-09-13T08:30:00+00:00,51226,stop,-0.8561045507218672,-14.292229561299951,True,False,300,5.2266656988479125,1.232051237500103,1.6137627852879035,3.089821918140427,-1.9400846952010622,-0.6528925619835636,0.10000000000065512,8.416666666666666
gbpusd_rsi2_m5_usd100000_smaller_stop_and_time,2017-09-13T08:35:00+00:00,2017-09-13T08:55:00+00:00,51228,stop,-1.0311876549623509,-17.18646091603918,True,False,1200,6.676563791353521,1.4912399022534055,1.4238604966052844,-1.9537176852492455,-2.9917831791227116,-0.6238095238094896,0.10000000000065512,8.583333333333334
gbpusd_rsi2_m5_usd100000_smaller_stop_and_time,2017-09-13T09:10:00+00:00,2017-09-13T10:05:00+00:00,51235,stop,-1.1219047293290296,-18.667299988835765,True,False,3300,7.319756483603058,1.5408969050896257,0.7301706157569271,-4.188204795989943,-1.4582728877519664,-0.44736842105258545,0.2999999999997449,9.166666666666666
gbpusd_rsi2_m5_usd100000_smaller_stop_and_time,2017-09-13T10:10:00+00:00,2017-09-13T11:00:00+00:00,51247,signal_exit,0.08848000000015505,1.4722129783719642,False,True,3000,6.36162816852764,1.3112504243523178,-0.6365868928230133,-6.110590793457586,-2.1842606741438395,-0.5128205128205956,0.40000000000040004,10.166666666666666
gbpusd_rsi2_m5_usd100000_smaller_stop_and_time,2017-09-13T12:55:00+00:00,2017-09-13T13:20:00+00:00,51280,stop,-0.9057537530344169,-15.07077792070577,True,False,1500,5.421495449538563,1.1266463705806045,-0.44768166520154573,-2.810179554762098,-1.6556095651308904,-0.5315315315314396,0.4999999999988347,12.916666666666666
gbpusd_rsi2_m5_usd100000_smaller_stop_and_time,2017-09-13T13:25:00+00:00,2017-09-13T13:55:00+00:00,51286,stop,-0.8946775754310092,-14.886482120316293,True,False,1800,5.429347549343368,1.1170635654357342,-0.4918520843767147,-4.810810394424593,-1.9663682512799927,-0.7499999999999075,0.2999999999997449,13.416666666666666
gbpusd_rsi2_m5_usd100000_smaller_stop_and_time,2017-09-13T14:00:00+00:00,2017-09-13T14:55:00+00:00,51293,signal_exit,-0.3384599999998377,-5.622259136209928,False,False,3300,6.449810641897531,1.273959657212596,-0.7265831950870287,-7.210614590705365,-1.8205124895185738,-0.6228070175437725,0.2999999999997449,14.0
gbpusd_rsi2_m5_usd100000_smaller_stop_and_time,2017-09-13T15:30:00+00:00,2017-09-13T16:00:00+00:00,51311,signal_exit,0.06531999999999755,1.0832504145936575,False,True,1800,8.548813583507735,1.4978346845797605,-1.6098949196829033,-10.452188001330203,-3.0172593582062945,-0.670138888888886,0.20000000000131024,15.5
gbpusd_rsi2_m5_usd100000_smaller_stop_and_time,2017-09-14T08:15:00+00:00,2017-09-14T08:35:00+00:00,51509,signal_exit,0.13220000000003046,2.1887417218548086,False,True,1200,5.318734223137165,1.3868691369675858,-0.1253728885486253,-2.6922558392479914,-1.7747154306924773,-0.8124999999998048,0.2999999999997449,8.25
gbpusd_rsi2_m5_usd100000_smaller_stop_and_time,2017-09-14T08:55:00+00:00,2017-09-14T09:15:00+00:00,51517,stop,-0.828062206677229,-13.709639183397831,True,False,1200,4.799190452627119,1.2448467655131084,-0.2274653963130753,-3.5004003637564645,-1.8752814030231066,-0.9264705882351405,0.40000000000040004,8.916666666666666
gbpusd_rsi2_m5_usd100000_smaller_stop_and_time,2017-09-14T09:20:00+00:00,2017-09-14T09:30:00+00:00,51522,signal_exit,0.12012000000021955,1.9887417218579395,False,True,600,4.708324694932279,1.210662417333829,-0.4098850755617326,-5.898889492166466,-1.9205897380924901,-0.5199999999999112,0.3999999999981796,9.333333333333334
gbpusd_rsi2_m5_usd100000_smaller_stop_and_time,2017-09-14T10:35:00+00:00,2017-09-14T10:50:00+00:00,51537,signal_exit,0.12012000000008544,1.988741721855719,False,True,900,4.894762590030837,1.2128162764275259,-0.8148777199669058,-3.2986197813933655,0.06899188307360807,-0.591836734694007,0.10000000000065512,10.583333333333334
gbpusd_rsi2_m5_usd100000_smaller_stop_and_time,2017-09-14T14:55:00+00:00,2017-09-14T15:05:00+00:00,51589,target,0.9525929413999691,15.956330676716398,False,True,600,9.953207214405005,1.2401575731570298,3.270957810124596,10.572188635758943,-1.7478506552009,-0.6909090909091129,0.20000000000131024,14.916666666666666
gbpusd_rsi2_m5_usd100000_smaller_stop_and_time,2017-09-15T07:15:00+00:00,2017-09-15T07:35:00+00:00,51782,signal_exit,0.3821200000001206,6.4329966329986625,False,True,1200,7.31962761211396,1.469521795953289,2.061773473455181,9.144733495626724,0.47983306176019974,-0.563380281690088,0.2999999999997449,7.25
gbpusd_rsi2_m5_usd100000_smaller_stop_and_time,2017-09-15T11:00:00+00:00,2017-09-15T11:15:00+00:00,51827,signal_exit,0.5865800000000698,9.992844974447527,False,True,900,13.605650072677575,1.6444126347934622,4.596563129468708,18.351604882879933,0.362390259382004,-0.7971014492753437,0.40000000000040004,11.0
gbpusd_rsi2_m5_usd100000_smaller_stop_and_time,2017-09-15T12:00:00+00:00,2017-09-15T12:15:00+00:00,51839,signal_exit,1.0289200000000864,17.49863945578378,False,True,900,12.196829793876034,1.4094233028978993,4.257519127834326,13.852098740829254,-1.613444076866126,-0.6666666666667352,0.5000000000010552,12.0
gbpusd_rsi2_m5_usd100000_smaller_stop_and_time,2017-09-15T13:05:00+00:00,2017-09-15T13:25:00+00:00,51852,signal_exit,0.1345900000001065,2.2928449744481516,False,True,1200,11.022465134883232,1.237408900186439,3.589990551654554,12.495043041064433,-0.8125952356977661,-0.49999999999972244,0.2999999999997449,13.083333333333334
gbpusd_rsi2_m5_usd100000_smaller_stop_and_time,2017-09-15T15:30:00+00:00,2017-09-15T16:30:00+00:00,51881,holding_bars,-0.8750499999998604,-14.907155025551283,False,False,3600,8.217399017120286,0.9518777043349389,2.970761672790466,10.174408378859981,-1.4284661286975862,-0.9215686274509035,0.40000000000040004,15.5
gbpusd_rsi2_m5_usd100000_smaller_stop_and_time,2017-09-18T07:00:00+00:00,2017-09-18T07:05:00+00:00,52060,stop,-0.9883499135858869,-16.83730687539841,True,False,300,6.265075924923903,1.2261760003818207,1.0126114970542992,3.7089299889981797,-0.057889365750380756,-0.23376623376634237,0.4999999999988347,7.0
gbpusd_rsi2_m5_usd100000_smaller_stop_and_time,2017-09-18T07:10:00+00:00,2017-09-18T07:15:00+00:00,52062,stop,-1.0816966601837643,-18.427541059348624,True,False,300,7.110193016898556,1.3522956092188507,0.9343540253081088,0.5123058309457056,-1.909426315268884,-0.6257668711657345,0.40000000000040004,7.166666666666667
gbpusd_rsi2_m5_usd100000_smaller_stop_and_time,2017-09-18T07:20:00+00:00,2017-09-18T07:30:00+00:00,52064,stop,-1.2353735719133896,-21.009754624377376,True,False,600,8.354197040080917,1.5244828737172529,0.822582052205866,-1.185709587668981,-2.313223513490898,-0.5781990521326854,0.4999999999988347,7.333333333333333
gbpusd_rsi2_m5_usd100000_smaller_stop_and_time,2017-09-18T07:55:00+00:00,2017-09-18T08:05:00+00:00,52071,target,0.8931024581678699,15.163029850048725,False,True,600,9.729307794292438,1.635553724108336,0.3383021186754155,-4.74695280378542,-1.6344454205142138,-0.6355932203389097,0.4999999999988347,7.916666666666667
gbpusd_rsi2_m5_usd100000_smaller_stop_and_time,2017-09-18T08:30:00+00:00,2017-09-18T08:50:00+00:00,52078,signal_exit,0.6010400000000164,10.20441426146038,False,True,1200,8.862152818944104,1.4611827030765199,-0.1203973456211698,-4.129205665708755,-1.1675534357133857,-0.813008130081496,0.30000000000196536,8.5
gbpusd_rsi2_m5_usd100000_smaller_stop_and_time,2017-09-18T09:25:00+00:00,2017-09-18T10:05:00+00:00,52089,signal_exit,0.6540500000001022,11.104414261461836,False,True,2400,9.140878928678317,1.42966024577823,-0.5698766924176472,-4.176092246363766,-1.8866505945975063,-0.9277777777779135,0.5000000000010552,9.416666666666666
gbpusd_rsi2_m5_usd100000_smaller_stop_and_time,2017-09-18T10:25:00+00:00,2017-09-18T11:25:00+00:00,52101,holding_bars,-0.5180599999999911,-8.795585738539746,False,False,3600,8.753395106380715,1.3105064307591492,-0.5791761813351074,-3.252838557355954,-0.9908958711219599,-0.6935483870969474,0.6000000000017103,10.416666666666666
gbpusd_rsi2_m5_usd100000_smaller_stop_and_time,2017-09-18T12:10:00+00:00,2017-09-18T12:35:00+00:00,52122,signal_exit,-0.06452999999989723,-1.095585738538153,False,False,1500,7.03223363001411,1.0483561395174315,-0.7692931643613552,-3.545571633918642,-1.005346634166676,-0.7236842105262927,0.10000000000065512,12.166666666666666
gbpusd_rsi2_m5_usd100000_smaller_stop_and_time,2017-09-18T14:15:00+00:00,2017-09-18T14:45:00+00:00,52147,stop,-0.9781504289445537,-16.63521137660806,True,False,1800,6.266925416195132,0.9474403650167349,-0.2145625844589955,0.3275637094475395,0.5689308058850927,-0.6,0.30000000000196536,14.25
gbpusd_rsi2_m5_usd100000_smaller_stop_and_time,2017-09-18T15:05:00+00:00,2017-09-18T15:15:00+00:00,52157,target,1.022477486302451,17.33012688648222,False,True,600,10.859978697477551,1.4924579779370761,-0.08652824712850175,-7.173788324960066,-3.880510663129414,-0.9343339587241898,0.5999999999994898,15.083333333333334
gbpusd_rsi2_m5_usd100000_smaller_stop_and_time,2017-09-18T15:55:00+00:00,2017-09-18T16:05:00+00:00,52167,stop,-1.788291691840313,-30.258742670732875,True,False,600,13.087323958040741,1.630100522869216,-0.6179276119110745,-7.760538177460561,-1.8266991147946359,-0.6353383458646247,0.2999999999997449,15.916666666666666
gbpusd_rsi2_m5_usd100000_smaller_stop_and_time,2017-09-19T08:05:00+00:00,2017-09-19T08:20:00+00:00,52357,stop,-1.1391057814617156,-19.306877651893483,True,False,900,7.658523571709769,1.3502301885628782,0.4376050000311401,-0.7338527375348927,-2.087337305073162,-0.7704918032786408,0.20000000000131024,8.083333333333334
gbpusd_rsi2_m5_usd100000_smaller_stop_and_time,2017-09-19T08:25:00+00:00,2017-09-19T08:25:00+00:00,52361,stop,-1.247930649321194,-21.151366937647353,True,False,0,8.480768214587558,1.4435919741104661,0.25888253341631673,-3.401325794684095,-2.6686438714194365,-0.8563829787233992,0.40000000000040004,8.416666666666666
gbpusd_rsi2_m5_usd100000_smaller_stop_and_time,2017-09-19T08:30:00+00:00,2017-09-19T09:10:00+00:00,52362,signal_exit,0.07186000000007503,1.2159052453481394,False,True,2400,9.603570484974066,1.5832698796190277,0.17524167474899321,-6.493305856744029,-3.1123257447136976,-0.8181818181819016,0.40000000000040004,8.5
gbpusd_rsi2_m5_usd100000_smaller_stop_and_time,2017-09-19T10:05:00+00:00,2017-09-19T10:25:00+00:00,52381,signal_exit,0.3910000000000662,6.615905245347989,False,True,1200,8.466237452042371,1.2991307843804145,-0.9942876271842406,-4.6775378064432775,-0.22788328995436863,-0.8930817610062858,0.40000000000040004,10.083333333333334
gbpusd_rsi2_m5_usd100000_smaller_stop_and_time,2017-09-19T11:05:00+00:00,2017-09-19T12:05:00+00:00,52393,holding_bars,-0.938749999999853,-15.884094754650642,False,False,3600,8.042425026813067,1.2089728031364217,-0.702116535179161,-2.5887972844672564,-0.22873810219188262,-0.07954545454547175,0.0,11.083333333333334
gbpusd_rsi2_m5_usd100000_smaller_stop_and_time,2017-09-19T13:15:00+00:00,2017-09-19T14:10:00+00:00,52419,stop,-1.3121441836380865,-22.23973192606926,True,False,3300,9.02495070879835,1.2331394957678676,-0.12076550039328196,0.6594789316550721,0.33549773516082393,-0.12820512820539828,0.40000000000040004,13.25
gbpusd_rsi2_m5_usd100000_smaller_stop_and_time,2017-09-19T15:45:00+00:00,2017-09-19T16:00:00+00:00,52449,signal_exit,0.0950000000000985,1.6101694915270932,False,True,900,7.405001977825069,0.989561643055204,-0.1231510174320151,-0.44092553660011924,-0.0017401289580626748,-0.5400000000000444,0.2999999999997449,15.75
gbpusd_rsi2_m5_usd100000_smaller_stop_and_time,2017-09-20T07:35:00+00:00,2017-09-20T08:00:00+00:00,52636,signal_exit,-0.18229999999988405,-3.089830508472611,False,False,1500,6.246199754475019,1.2408455585310796,0.2153440700676158,0.3871733201316722,-0.5006480790202452,-0.7469879518074094,0.40000000000040004,7.583333333333333
gbpusd_rsi2_m5_usd100000_smaller_stop_and_time,2017-09-20T09:25:00+00:00,2017-09-20T10:25:00+00:00,52658,holding_bars,-1.1600699999998814,-19.695585738537883,False,False,3600,15.356394641010796,2.1034416663558573,0.8327311558493257,2.625975329910713,-0.23908757016263577,-0.4158004158004178,0.1999999999990898,9.416666666666666
gbpusd_rsi2_m5_usd100000_smaller_stop_and_time,2017-09-20T11:45:00+00:00,2017-09-20T12:10:00+00:00,52686,signal_exit,0.21819000000012398,3.704414261462207,False,True,1500,8.027347618053124,1.088842067367105,0.4184995990327695,1.0333632025685033,-0.35926954064605254,-0.8281250000002548,0.40000000000040004,11.75
gbpusd_rsi2_m5_usd100000_smaller_stop_and_time,2017-09-20T13:05:00+00:00,2017-09-20T13:20:00+00:00,52702,signal_exit,0.13573000000010688,2.3044142614619165,False,True,900,5.752872542052245,0.8231756827626356,0.3438993146929832,0.35170696467878376,-1.5150051072728767,-0.4444444444443348,0.3999999999981796,13.083333333333334
gbpusd_rsi2_m5_usd100000_smaller_stop_and_time,2017-09-20T15:05:00+00:00,2017-09-20T15:50:00+00:00,52726,signal_exit,-0.2470399999999165,-4.201360544216267,False,False,2700,8.22243062259486,1.145363770309643,0.7884438054934105,3.328903915815178,0.016603000590683734,-0.9191919191918422,0.2999999999997449,15.083333333333334
gbpusd_rsi2_m5_usd100000_smaller_stop_and_time,2017-09-21T07:10:00+00:00,2017-09-21T07:35:00+00:00,52919,signal_exit,-0.23545999999983863,-3.9840947546503993,False,False,1500,7.8687632598332,1.2751941041603838,-0.36827946462866784,-2.1037590007166687,-0.7465227145115612,-0.23711340206205625,0.5000000000010552,7.166666666666667
gbpusd_rsi2_m5_usd100000_smaller_stop_and_time,2017-09-21T08:45:00+00:00,2017-09-21T09:15:00+00:00,52938,signal_exit,0.17824000000011583,3.0159052453488293,False,True,1800,8.098985357035996,1.237782370787665,-0.12405221332878358,-1.8883155282158477,-0.9852263606404147,-0.77310924369749,0.2999999999997449,8.75
gbpusd_rsi2_m5_usd100000_smaller_stop_and_time,2017-09-21T10:00:00+00:00,2017-09-21T10:40:00+00:00,52953,signal_exit,-0.2768299999998472,-4.684094754650545,False,False,2400,6.966236975869796,1.0594504050731606,-0.08716436946109292,-1.1920929027526115,-0.8743218620949228,-0.4647887323942913,0.2999999999997449,10.0
gbpusd_rsi2_m5_usd100000_smaller_stop_and_time,2017-09-21T11:00:00+00:00,2017-09-21T11:45:00+00:00,52965,signal_exit,-0.11711999999998285,-1.9783783783780886,False,False,2700,6.326401673725254,0.9755949466710067,-0.2546907003865694,-3.7244413662374476,-2.4101357750981593,-0.930769230769123,0.5000000000010552,11.0
gbpusd_rsi2_m5_usd100000_smaller_stop_and_time,2017-09-21T14:20:00+00:00,2017-09-21T14:35:00+00:00,53005,signal_exit,0.3487000000000575,5.910169491526398,False,True,900,7.046113727504176,1.0396862658831378,0.22246364859275114,0.5963605100043565,-0.440614316457739,-0.7200000000001332,0.40000000000040004,14.333333333333334
gbpusd_rsi2_m5_usd100000_smaller_stop_and_time,2017-09-22T08:05:00+00:00,2017-09-22T08:40:00+00:00,53212,stop,-0.9740149587055749,-16.59309980759071,True,False,2100,6.2929723910197355,1.4016186617298345,0.8023046821754527,2.8608448575606213,0.2080919067323831,-0.4918032786884709,0.1999999999990898,8.083333333333334
gbpusd_rsi2_m5_usd100000_smaller_stop_and_time,2017-09-22T08:45:00+00:00,2017-09-22T09:05:00+00:00,53220,signal_exit,-0.0059599999999038755,-0.1013605442160523,False,False,1200,6.43068556937438,1.3824969153117077,0.5310205012902961,-0.8152369396330987,-2.111382753215325,-0.6122448979591282,0.2999999999997449,8.75
gbpusd_rsi2_m5_usd100000_smaller_stop_and_time,2017-09-22T09:20:00+00:00,2017-09-22T10:00:00+00:00,53227,signal_exit,-0.1000399999998674,-1.701360544215432,False,False,2400,6.201032092354598,1.3112938652200214,0.3854140628240205,-2.03481246701838,-1.7492981987100655,-0.7176470588235141,0.2999999999997449,9.333333333333334
gbpusd_rsi2_m5_usd100000_smaller_stop_and_time,2017-09-22T10:15:00+00:00,2017-09-22T10:30:00+00:00,53238,signal_exit,0.5303600000000765,9.0044142614614,False,True,900,6.776018430083059,1.360801274394638,-0.23109648637733085,-4.709541290678738,-2.7108574833283474,-0.8870967741935368,0.30000000000196536,10.25
gbpusd_rsi2_m5_usd100000_smaller_stop_and_time,2017-09-22T12:00:00+00:00,2017-09-22T12:45:00+00:00,53259,target,0.6019096087501119,10.236557971940677,False,True,2700,7.118959258078893,1.3017975857520574,-0.31826875554912276,-0.9380867143553154,0.043376747930901426,-0.8333333333334104,0.20000000000131024,12.0
gbpusd_rsi2_m5_usd100000_smaller_stop_and_time,2017-09-22T13:25:00+00:00,2017-09-22T13:35:00+00:00,53276,stop,-1.3488689851578624,-22.93994872717453,True,False,600,9.41929409147925,1.5509497671668087,0.10578013098779065,-2.733517643500939,-2.7217056638778145,-0.7079207920792602,0.2999999999997449,13.416666666666666
gbpusd_rsi2_m5_usd100000_smaller_stop_and_time,2017-09-22T13:45:00+00:00,2017-09-22T13:50:00+00:00,53280,stop,-1.807301084360641,-30.684228936513428,True,False,300,13.144321598988236,1.932644023024401,-0.060421496548877796,-5.4704404895154015,-2.6335939106962076,-0.41176470588238173,0.5999999999994898,13.75
gbpusd_rsi2_m5_usd100000_smaller_stop_and_time,2017-09-22T13:55:00+00:00,2017-09-22T14:20:00+00:00,53282,signal_exit,1.1570000000001124,19.610169491527326,False,True,1500,15.044848725658124,2.083873723543529,-0.21901581616365118,-7.950563521039766,-2.4303804918437426,-0.21259842519684558,0.5000000000010552,13.916666666666666
gbpusd_rsi2_m5_usd100000_smaller_stop_and_time,2017-09-22T15:10:00+00:00,2017-09-22T15:45:00+00:00,53297,signal_exit,0.30740000000004897,5.210169491526253,False,True,2100,17.24677004041989,1.9483634473732756,-0.7849811374775717,-5.406946225609494,-0.9135388518319936,-0.46391752577324663,0.40000000000040004,15.166666666666666
gbpusd_rsi2_m5_usd100000_smaller_stop_and_time,2017-09-25T07:00:00+00:00,2017-09-25T07:10:00+00:00,53484,signal_exit,0.14751000000005327,2.5044142614610063,False,True,600,6.702832256532334,1.1424374726573758,0.7246510864466098,1.5203797431048394,-0.8371384917050357,-0.22448979591848295,0.40000000000040004,7.0
gbpusd_rsi2_m5_usd100000_smaller_stop_and_time,2017-09-25T07:45:00+00:00,2017-09-25T07:45:00+00:00,53493,stop,-1.1448566979164565,-19.437295380585,True,False,0,7.620854821022834,1.2502749260346728,0.7208287986253147,1.1137615496274769,-1.465219429707669,-0.748571428571546,0.40000000000040004,7.75
gbpusd_rsi2_m5_usd100000_smaller_stop_and_time,2017-09-25T07:50:00+00:00,2017-09-25T08:15:00+00:00,53494,signal_exit,-0.19409999999983035,-3.2898305084717006,False,False,1500,8.497936619521159,1.3620361517975816,0.6764756250493632,-1.5568834890291274,-2.703062494980317,-0.8341708542713809,0.40000000000040004,7.833333333333333
gbpusd_rsi2_m5_usd100000_smaller_stop_and_time,2017-09-25T09:40:00+00:00,2017-09-25T09:55:00+00:00,53516,signal_exit,0.2543000000000941,4.310169491527019,False,True,900,7.369545900797371,1.1498367123838582,-0.20747951650193683,-1.6091267171268742,-1.103872997634391,-0.44594594594588916,0.40000000000040004,9.666666666666666
gbpusd_rsi2_m5_usd100000_smaller_stop_and_time,2017-09-25T10:10:00+00:00,2017-09-25T10:20:00+00:00,53522,stop,-1.1362370566560154,-19.25825519755958,True,False,600,7.4842123445430175,1.1536003358511133,-0.1733181639407645,-2.6319355574206815,-2.5634438252643252,-0.8428571428573649,0.5000000000010552,10.166666666666666
gbpusd_rsi2_m5_usd100000_smaller_stop_and_time,2017-09-25T10:25:00+00:00,2017-09-25T10:50:00+00:00,53525,stop,-1.1731303703998566,-19.849921664972193,True,False,1500,7.93291345516051,1.2060769188973297,-0.25601944540571187,-4.929879693706518,-3.1617081329055186,-0.9027027027026605,0.1999999999990898,10.416666666666666
gbpusd_rsi2_m5_usd100000_smaller_stop_and_time,2017-09-25T10:55:00+00:00,2017-09-25T11:20:00+00:00,53531,signal_exit,-0.11134999999981293,-1.884094754649965,False,False,1500,8.093602522332121,1.2110762503440373,-0.5457938482721642,-6.26326891946777,-1.8987577722700395,-0.32967032967054954,0.40000000000040004,10.916666666666666
gbpusd_rsi2_m5_usd100000_smaller_stop_and_time,2017-09-25T13:35:00+00:00,2017-09-25T13:45:00+00:00,53563,target,0.677019122399998,11.474900379660982,False,True,600,7.882365444066617,1.1435476379104434,-0.6292093130003722,-2.5613936280483593,-0.44916774765081946,-0.5384615384615384,0.4999999999988347,13.583333333333334
gbpusd_rsi2_m5_usd100000_smaller_stop_and_time,2017-09-25T14:45:00+00:00,2017-09-25T14:55:00+00:00,53577,stop,-1.045542244781654,-17.72105499629922,True,False,600,6.915612243914278,1.0138406069537818,-0.24548445597166219,-2.3427188968157306,-1.9907180787321477,-0.733333333333284,0.09999999999843467,14.75
gbpusd_rsi2_m5_usd100000_smaller_stop_and_time,2017-09-25T15:00:00+00:00,2017-09-25T15:05:00+00:00,53580,target,0.7874309153811763,13.323704151965757,False,True,300,8.653899453308894,1.221765089722518,-0.3375298624768987,-5.0429204694212295,-3.1731606981405425,-0.6837606837607008,0.20000000000131024,15.0
gbpusd_rsi2_m5_usd100000_smaller_stop_and_time,2017-09-25T15:40:00+00:00,2017-09-25T15:55:00+00:00,53588,stop,-1.4138478682994888,-23.882565342896772,True,False,900,9.95209348226089,1.3348016745071485,-0.5345412321763713,-6.119635191340165,-2.090380039084468,-0.7131147540983009,0.1999999999990898,15.666666666666666
gbpusd_rsi2_m5_usd100000_smaller_stop_and_time,2017-09-26T07:55:00+00:00,2017-09-26T08:30:00+00:00,53776,signal_exit,0.012760000000212768,0.21590524535046984,False,True,2100,7.6510460937632025,1.501786549163377,0.3523136067728204,-1.0712178150585956,-1.7475583816137679,-0.7213114754098301,0.1999999999990898,7.916666666666667
gbpusd_rsi2_m5_usd100000_smaller_stop_and_time,2017-09-26T10:05:00+00:00,2017-09-26T10:15:00+00:00,53802,stop,-1.038138917771353,-17.53613036775934,True,False,600,6.678875994691277,1.215570440573046,-0.26029303998945336,-2.8619399060843578,-2.3654593680846796,-0.42647058823546696,0.40000000000040004,10.083333333333334
gbpusd_rsi2_m5_usd100000_smaller_stop_and_time,2017-09-26T10:20:00+00:00,2017-09-26T10:35:00+00:00,53805,stop,-1.0464898033730743,-17.647382856206985,True,False,900,6.787350787294814,1.2229611609781197,-0.35177907215431126,-5.269257912393961,-2.4486720590370967,-0.5,0.2999999999997449,10.333333333333334
gbpusd_rsi2_m5_usd100000_smaller_stop_and_time,2017-09-26T10:40:00+00:00,2017-09-26T11:00:00+00:00,53809,stop,-1.087667485009912,-18.341778836592106,True,False,1200,7.084548777486767,1.2523140867093712,-0.5836279272763659,-7.286997170374424,-1.943118634819366,-0.7499999999996916,0.40000000000040004,10.666666666666666
gbpusd_rsi2_m5_usd100000_smaller_stop_and_time,2017-09-26T11:05:00+00:00,2017-09-26T11:20:00+00:00,53814,target,0.6847265816805972,11.527383529976383,False,True,900,7.697193448487774,1.3230931874076954,-0.9511711087962116,-10.146679203396063,-2.04841160208932,-0.8143712574848843,0.09999999999843467,11.083333333333334
gbpusd_rsi2_m5_usd100000_smaller_stop_and_time,2017-09-26T11:50:00+00:00,2017-09-26T12:10:00+00:00,53823,target,0.6258739023303257,10.536597682328715,False,True,1200,7.351800524665273,1.2448852578020209,-1.5730356274375996,-9.312855697731589,-1.6050228816861378,-0.5546875000000135,0.40000000000040004,11.833333333333334
gbpusd_rsi2_m5_usd100000_smaller_stop_and_time,2017-09-26T14:25:00+00:00,2017-09-26T15:15:00+00:00,53854,signal_exit,0.39994000000010543,6.7329966329984074,False,True,3000,9.228382527049892,1.3863513795600007,-1.1496971111786962,-7.162898490028054,-2.8504693738732785,-0.7685950413222958,0.40000000000040004,14.416666666666666
gbpusd_rsi2_m5_usd100000_smaller_stop_and_time,2017-09-26T15:35:00+00:00,2017-09-26T16:00:00+00:00,53868,signal_exit,0.2700500000001729,4.538655462187779,False,True,1500,8.237727102043621,1.2147787507429144,-1.1970382959953534,-7.004899481373834,-2.212080362244008,-0.8974358974359375,0.4999999999988347,15.583333333333334
gbpusd_rsi2_m5_usd100000_smaller_stop_and_time,2017-09-27T07:20:00+00:00,2017-09-27T07:25:00+00:00,54056,target,0.5965760490197509,10.009665252009244,False,True,300,7.082684974996665,1.5561502416015223,-2.141993475117667,-15.25530629525884,-1.5940824051595033,-0.6326530612245684,0.40000000000040004,7.333333333333333
gbpusd_rsi2_m5_usd100000_smaller_stop_and_time,2017-09-27T08:20:00+00:00,2017-09-27T08:40:00+00:00,54068,signal_exit,0.032440000000067026,0.5442953020145475,False,True,1200,6.985100838749135,1.4405484270225406,-2.5565819747637337,-10.421744808773523,-0.2858592880830229,-0.954545454545661,0.20000000000131024,8.333333333333334
gbpusd_rsi2_m5_usd100000_smaller_stop_and_time,2017-09-27T09:50:00+00:00,2017-09-27T10:00:00+00:00,54086,target,0.5401609119362907,9.078334654391439,False,True,600,6.619839596102084,1.2734972260935562,-1.7857704744207008,-6.6655854673638295,0.006458662739798906,-0.1458333333333526,0.40000000000040004,9.833333333333334
gbpusd_rsi2_m5_usd100000_smaller_stop_and_time,2017-09-27T11:15:00+00:00,2017-09-27T11:35:00+00:00,54103,signal_exit,0.3295500000001663,5.538655462187669,False,True,1200,7.24851688008499,1.2846778851570582,-0.5564838896909974,-2.5043417008049116,-0.36839554648658923,-0.7980769230770811,0.40000000000040004,11.25
gbpusd_rsi2_m5_usd100000_smaller_stop_and_time,2017-09-27T12:25:00+00:00,2017-09-27T12:35:00+00:00,54117,stop,-1.1006975584993672,-18.499118630241465,True,False,600,7.168887046213561,1.2267301999620073,-0.23892427899354593,-2.506761245677116,-1.3760192669432103,-0.15217391304346778,0.40000000000040004,12.416666666666666
gbpusd_rsi2_m5_usd100000_smaller_stop_and_time,2017-09-27T12:40:00+00:00,2017-09-27T13:05:00+00:00,54120,signal_exit,-0.3368499999999717,-5.661344537814651,False,False,1500,7.4177641547125335,1.252547322478153,-0.367376965312293,-4.862806825566636,-2.4130770978189076,-0.4431818181816978,0.2999999999997449,12.666666666666666
gbpusd_rsi2_m5_usd100000_smaller_stop_and_time,2017-09-27T14:00:00+00:00,2017-09-27T14:10:00+00:00,54136,target,0.6935386404684591,11.63655437027616,False,True,600,8.09612953412992,1.291452568350394,-0.9304329221071327,-5.183365551171472,-1.1761258975259965,-0.9415584415584864,0.7999999999985796,14.0
gbpusd_rsi2_m5_usd100000_smaller_stop_and_time,2017-09-28T07:00:00+00:00,2017-09-28T07:00:00+00:00,54337,stop,-0.9754491496553077,-16.366596470726638,True,False,0,6.0554458863709835,1.3055084528730887,-0.911051348197091,-3.211148713489294,0.08715529385918055,-0.7285714285714082,0.4999999999988347,7.0
gbpusd_rsi2_m5_usd100000_smaller_stop_and_time,2017-09-28T07:05:00+00:00,2017-09-28T07:05:00+00:00,54338,stop,-1.0660799246797603,-17.88724705838524,True,False,0,6.865771180201681,1.438968407198287,-0.8822780588660638,-4.501624192143722,-0.7379658919697788,-0.3908045977011406,0.3999999999981796,7.083333333333333
gbpusd_rsi2_m5_usd100000_smaller_stop_and_time,2017-09-28T07:10:00+00:00,2017-09-28T07:20:00+00:00,54339,target,0.6720892875649276,11.257777011137815,False,True,600,7.753930381615837,1.575152034681207,-0.8832304506083231,-6.612592909139981,-1.8750633653627122,-0.5906735751296106,0.5000000000010552,7.166666666666667
gbpusd_rsi2_m5_usd100000_smaller_stop_and_time,2017-09-28T08:45:00+00:00,2017-09-28T09:05:00+00:00,54358,signal_exit,0.5402800000002101,9.049916247909717,False,True,1200,10.662804369220012,1.7547934237091933,-0.523166778437187,-6.460266709169428,-1.8475815642692783,-0.6842105263157847,0.2999999999997449,8.75
gbpusd_rsi2_m5_usd100000_smaller_stop_and_time,2017-09-28T12:40:00+00:00,2017-09-28T13:20:00+00:00,54405,signal_exit,-0.46729999999990457,-7.86700336700176,False,False,2400,7.666981033070049,1.1295256878109987,1.1341468264527665,4.655236730637413,0.33570643220155644,-0.6081081081079216,0.2999999999997449,12.666666666666666
gbpusd_rsi2_m5_usd100000_smaller_stop_and_time,2017-09-29T07:05:00+00:00,2017-09-29T07:20:00+00:00,54617,stop,-0.890047808655857,-14.958786700098434,True,False,900,5.348721081142848,1.3267768957219652,-0.3430906009974772,-3.550239374530412,-1.912615477429832,-0.8644067796610648,0.4999999999988347,7.083333333333333
gbpusd_rsi2_m5_usd100000_smaller_stop_and_time,2017-09-29T07:25:00+00:00,2017-09-29T07:45:00+00:00,54621,signal_exit,0.24625000000014904,4.138655462187379,False,True,1200,6.956961234863739,1.6078380381595798,-0.4344728916722886,-4.454840305407323,-1.9748743283438148,-0.17372881355933717,0.0,7.416666666666667
gbpusd_rsi2_m5_usd100000_smaller_stop_and_time,2017-09-29T08:35:00+00:00,2017-09-29T09:00:00+00:00,54635,stop,-1.4453831744379482,-24.251395544260877,True,False,1500,10.097845423137802,1.9383396303364966,-0.4157178300846218,-6.201873684455713,-2.811753287713042,-0.9008264462809543,0.2999999999997449,8.583333333333334
gbpusd_rsi2_m5_usd100000_smaller_stop_and_time,2017-09-29T09:25:00+00:00,2017-09-29T09:45:00+00:00,54645,signal_exit,0.24775000000014955,4.149916247908703,False,True,1200,9.378494323303302,1.6876153854333076,-0.9400551203787135,-9.636346296769592,-1.7773245041184969,-0.6932515337423689,0.4999999999988347,9.416666666666666
gbpusd_rsi2_m5_usd100000_smaller_stop_and_time,2017-09-29T13:15:00+00:00,2017-09-29T13:30:00+00:00,54691,stop,-1.2554219680329726,-21.09952887450374,True,False,900,8.619092168345103,1.3352386296039902,-0.4985004793521123,-2.068543295556761,-0.410398803814194,-0.5416666666664739,0.10000000000065512,13.25
gbpusd_rsi2_m5_usd100000_smaller_stop_and_time,2017-09-29T13:35:00+00:00,2017-09-29T14:05:00+00:00,54695,stop,-1.2206028096958015,-20.479912914359087,True,False,1800,8.212104108186809,1.2681173693393375,-0.5089106606078729,-4.521335963144648,-2.4006599518215013,-0.8225806451613683,0.2999999999997449,13.583333333333334
gbpusd_rsi2_m5_usd100000_smaller_stop_and_time,2017-09-29T14:10:00+00:00,2017-09-29T14:30:00+00:00,54702,signal_exit,0.599980000000071,10.049916247907387,False,True,1200,9.876036624665357,1.4336783598190728,-0.6326277238236149,-6.228412566823542,-2.049787615818144,-0.6929133858268295,0.10000000000065512,14.166666666666666
gbpusd_rsi2_m5_usd100000_smaller_stop_and_time,2017-09-29T15:30:00+00:00,2017-09-29T16:20:00+00:00,54718,stop,-1.4663895167212204,-24.645201961701183,True,False,3000,10.191928711944666,1.3581093553778683,-0.4467776619299017,0.930002774214566,0.8119727235825377,-0.5555555555554528,0.4999999999988347,15.5
gbpusd_rsi2_m5_usd100000_smaller_stop_and_time,2017-10-02T07:15:00+00:00,2017-10-02T07:30:00+00:00,54895,stop,-0.9282131489391598,-15.521959012360531,True,False,900,5.688738703505844,1.2214492153488352,-1.2497876179382934,-8.016626991257578,-3.1020377446720158,-0.6617647058824297,0.40000000000040004,7.25
gbpusd_rsi2_m5_usd100000_smaller_stop_and_time,2017-10-02T07:35:00+00:00,2017-10-02T08:20:00+00:00,54899,stop,-0.9606317353928213,-16.064075842689316,True,False,2700,5.959797118670107,1.2569681747568777,-1.3954949278904074,-9.7823751599793,-2.312399675435726,-0.3717948717947441,0.40000000000040004,7.583333333333333
gbpusd_rsi2_m5_usd100000_smaller_stop_and_time,2017-10-02T08:25:00+00:00,2017-10-02T08:40:00+00:00,54909,stop,-0.9736140641336195,-16.25399105398363,True,False,900,5.957546445189682,1.228126878808993,-1.9163291702150163,-11.68493468579637,-1.5165020865993992,-0.6015037593984058,0.5999999999994898,8.416666666666666
gbpusd_rsi2_m5_usd100000_smaller_stop_and_time,2017-10-02T09:20:00+00:00,2017-10-02T10:10:00+00:00,54920,signal_exit,-0.43959999999997357,-7.338898163605569,False,False,3000,6.663094477997335,1.294447090108645,-2.436302047267097,-10.865222234682545,-1.0509398066150522,-0.6379310344826992,0.20000000000131024,9.333333333333334
gbpusd_rsi2_m5_usd100000_smaller_stop_and_time,2017-10-02T11:25:00+00:00,2017-10-02T12:10:00+00:00,54945,stop,-0.9989773809271572,-16.64962301545262,True,False,2700,6.25814484106059,1.1862072469098806,-2.481378410488535,-11.279197987757836,-2.3294425648793737,-0.8187919463087289,0.40000000000040004,11.416666666666666
gbpusd_rsi2_m5_usd100000_smaller_stop_and_time,2017-10-02T12:15:00+00:00,2017-10-02T12:15:00+00:00,54955,stop,-1.0482069240840939,-17.470115401401564,True,False,0,6.61839103403402,1.2240580452034957,-2.4513374229418754,-12.128602729067442,-1.8203958998403131,-0.12949640287774725,0.5000000000010552,12.25
gbpusd_rsi2_m5_usd100000_smaller_stop_and_time,2017-10-02T12:20:00+00:00,2017-10-02T12:55:00+00:00,54956,signal_exit,0.3409000000000739,5.672212978370614,False,True,2100,7.452791674460161,1.3449709671457726,-2.429536176313068,-13.950255393965502,-2.483510273778317,-0.6830601092896036,0.20000000000131024,12.333333333333334
gbpusd_rsi2_m5_usd100000_smaller_stop_and_time,2017-10-02T14:05:00+00:00,2017-10-02T14:05:00+00:00,54977,target,0.815152572066604,13.563270749860298,False,True,0,8.845528885743562,1.4501486174592437,-2.5701981186607634,-11.52632971865926,-1.544307836701553,-0.791530944625352,0.3999999999981796,14.083333333333334
gbpusd_rsi2_m5_usd100000_smaller_stop_and_time,2017-10-02T14:55:00+00:00,2017-10-02T15:55:00+00:00,54987,holding_bars,-0.9079999999999753,-15.13333333333292,False,False,3600,9.999794359887323,1.5059643910680043,-2.0289262878794556,-7.791262607646702,-0.5164941835923876,-0.40217391304344413,0.5000000000010552,14.916666666666666
gbpusd_rsi2_m5_usd100000_smaller_stop_and_time,2017-10-03T07:45:00+00:00,2017-10-03T08:00:00+00:00,55183,signal_exit,0.28080000000008054,4.672212978370725,False,True,900,6.5359229949682245,1.353350909789487,-0.34587652773022787,-0.7617813212442829,0.0014312724580617749,-0.9655172413794687,0.30000000000196536,7.75
gbpusd_rsi2_m5_usd100000_smaller_stop_and_time,2017-10-03T08:35:00+00:00,2017-10-03T09:35:00+00:00,55193,holding_bars,-0.3923199999999254,-6.527787021629374,False,False,3600,8.092851982379937,1.5515048871044463,0.09159671422598438,-3.431632922863049,-3.1080006384763617,-0.7784810126582559,0.5000000000010552,8.583333333333334
gbpusd_rsi2_m5_usd100000_smaller_stop_and_time,2017-10-03T09:55:00+00:00,2017-10-03T10:20:00+00:00,55209,signal_exit,0.3899600000001222,6.477740863789405,False,True,1500,7.06324819928039,1.2925960074673832,-0.5192223761917097,-5.11806166556865,-1.3552851893801865,-0.8813559322035494,0.40000000000040004,9.916666666666666
gbpusd_rsi2_m5_usd100000_smaller_stop_and_time,2017-10-03T11:40:00+00:00,2017-10-03T12:10:00+00:00,55230,stop,-0.9336074985280864,-15.508430208107749,True,False,1800,5.69308553594926,1.0418179370434908,-0.6031547294670523,-2.782047334374218,-1.0120608101823159,-0.8749999999996035,0.3999999999981796,11.666666666666666
gbpusd_rsi2_m5_usd100000_smaller_stop_and_time,2017-10-03T12:15:00+00:00,2017-10-03T12:30:00+00:00,55237,stop,-0.9432210631252469,-15.668123972180181,True,False,900,5.772932417984617,1.052201897429071,-0.5835087677896376,-5.124728300961526,-2.5088633377212632,-0.6794871794870736,0.40000000000040004,12.25
gbpusd_rsi2_m5_usd100000_smaller_stop_and_time,2017-10-03T14:35:00+00:00,2017-10-03T15:15:00+00:00,55265,signal_exit,-0.41034999999991006,-6.827787021629119,False,False,2400,6.7955243893144255,1.1461923220703507,-0.5515546224747354,-0.9711021952799228,0.5108629586363991,-0.700000000000222,0.40000000000040004,14.583333333333334
gbpusd_rsi2_m5_usd100000_smaller_stop_and_time,2017-10-04T07:05:00+00:00,2017-10-04T07:30:00+00:00,55462,stop,-0.872128213889183,-14.511284756891564,True,False,1500,5.2417488676312525,1.274951403258105,0.75781781041007,0.14133306092983172,-1.9261264309194166,-0.6666666666667694,0.2999999999997449,7.083333333333333
gbpusd_rsi2_m5_usd100000_smaller_stop_and_time,2017-10-04T09:55:00+00:00,2017-10-04T10:10:00+00:00,55496,signal_exit,0.5151900000001481,8.57221297837185,False,True,900,7.202223086876549,1.3938116948848485,0.3797456824655578,0.8537377676384892,-0.568084691235708,-0.6923076923077449,0.40000000000040004,9.916666666666666
gbpusd_rsi2_m5_usd100000_smaller_stop_and_time,2017-10-04T11:15:00+00:00,2017-10-04T11:35:00+00:00,55512,signal_exit,0.004000000000004167,0.06666666666673611,False,True,1200,5.795655546721984,1.1147757859747307,0.7496105553915327,2.749075583035518,-0.13733062402427654,-0.5813953488374975,0.30000000000196536,11.25
gbpusd_rsi2_m5_usd100000_smaller_stop_and_time,2017-10-04T12:00:00+00:00,2017-10-04T12:25:00+00:00,55521,stop,-0.9393646167482261,-15.63002690096882,True,False,1500,5.751119939671059,1.1026786677129843,0.8028333223803814,1.4248829741003548,-2.602176319274703,-0.7373737373735991,0.3999999999981796,12.0
gbpusd_rsi2_m5_usd100000_smaller_stop_and_time,2017-10-04T12:40:00+00:00,2017-10-04T13:00:00+00:00,55529,signal_exit,0.5452400000000781,9.072212978370684,False,True,1200,6.737555902193373,1.2433561156867918,0.569340588898193,-1.023828337644221,-2.5755634510988314,-0.5755395683452594,0.2999999999997449,12.666666666666666
gbpusd_rsi2_m5_usd100000_smaller_stop_and_time,2017-10-05T07:05:00+00:00,2017-10-05T07:05:00+00:00,55746,stop,-0.9422269174667337,-15.625653689332232,True,False,0,5.804452051964109,1.5531174102717016,-0.7152390532375487,-9.083936493989,-2.9620497935025187,-0.8307692307691572,0.2999999999997449,7.083333333333333
gbpusd_rsi2_m5_usd100000_smaller_stop_and_time,2017-10-05T07:10:00+00:00,2017-10-05T07:35:00+00:00,55747,stop,-1.156545107314475,-19.148097803219784,True,False,1500,7.518419762538088,1.8754892900365168,-0.7959377760705175,-13.151008913856087,-3.389322539830774,-0.6476510067114088,0.40000000000040004,7.166666666666667
gbpusd_rsi2_m5_usd100000_smaller_stop_and_time,2017-10-05T09:00:00+00:00,2017-10-05T09:35:00+00:00,55769,signal_exit,-0.2,-3.3112582781456954,False,False,2100,8.157825326520221,1.6271867789888834,-2.11266357546233,-8.596623888076588,-0.6141935080572541,-0.6206896551724336,0.5000000000010552,9.0
gbpusd_rsi2_m5_usd100000_smaller_stop_and_time,2017-10-05T10:45:00+00:00,2017-10-05T11:25:00+00:00,55790,stop,-0.9906783949017537,-16.374849502508322,True,False,2400,6.334532189272,1.212430073847148,-1.8407813681397334,-8.536096717882202,-2.0058552997548023,-0.5636363636359673,0.0,10.75
gbpusd_rsi2_m5_usd100000_smaller_stop_and_time,2017-10-05T11:30:00+00:00,2017-10-05T12:30:00+00:00,55799,holding_bars,-0.41779999999981476,-6.905785123963881,False,False,3600,6.1744745286851925,1.16621978915162,-1.9269481411097498,-10.206411407305877,-1.9737263465694748,-0.6705882352940562,0.40000000000040004,11.5
gbpusd_rsi2_m5_usd100000_smaller_stop_and_time,2017-10-05T12:50:00+00:00,2017-10-05T13:50:00+00:00,55815,holding_bars,-0.2849799999998828,-4.694892915978301,False,False,3600,8.66733138948391,1.4828747044158215,-2.139532470162202,-12.234514691402175,-2.756083787816401,-0.2755905511811368,0.5000000000010552,12.833333333333334
gbpusd_rsi2_m5_usd100000_smaller_stop_and_time,2017-10-05T15:10:00+00:00,2017-10-05T16:00:00+00:00,55843,target,0.6941745353171718,11.436153794352089,False,True,3000,7.715523355165861,1.2243558125650076,-2.4574710242887194,-11.242729584331931,-3.0684049498432024,-0.8169934640523986,0.30000000000196536,15.166666666666666
gbpusd_rsi2_m5_usd100000_smaller_stop_and_time,2017-10-06T07:00:00+00:00,2017-10-06T07:10:00+00:00,56029,target,0.38892905553054047,6.375886156238368,False,True,600,5.277287340413914,1.2612196883080549,-2.25786780800941,-11.665097814973736,-2.010452453376718,-0.04000000000028422,0.5000000000010552,7.0
gbpusd_rsi2_m5_usd100000_smaller_stop_and_time,2017-10-06T08:00:00+00:00,2017-10-06T08:10:00+00:00,56041,stop,-0.914573340316833,-14.993005578964476,True,False,600,5.657158527188097,1.2786384187144733,-2.105549473034052,-8.631492981337711,-0.3984884278447381,-0.6129032258068213,0.0,8.0
gbpusd_rsi2_m5_usd100000_smaller_stop_and_time,2017-10-06T09:15:00+00:00,2017-10-06T09:45:00+00:00,56056,signal_exit,-0.0535999999998536,-0.8786885245877638,False,False,1800,5.280995741526681,1.1585241092284189,-1.8590152843828094,-7.047392045804864,-0.015807518589809513,-0.5692307692307061,0.40000000000040004,9.25
gbpusd_rsi2_m5_usd100000_smaller_stop_and_time,2017-10-06T10:00:00+00:00,2017-10-06T10:00:00+00:00,56065,stop,-0.8570479572599974,-14.049966512458974,True,False,0,4.935638993935613,1.0845887457422536,-1.8124897564303009,-8.601036800512071,-2.4952894671627392,-0.7777777777771382,0.4999999999988347,10.0
gbpusd_rsi2_m5_usd100000_smaller_stop_and_time,2017-10-06T10:05:00+00:00,2017-10-06T10:30:00+00:00,56066,signal_exit,0.25214000000011305,4.126677577743258,False,True,1500,5.325950494368732,1.1548951698110923,-1.8067787962331114,-10.05602309108288,-3.039999157728018,-0.7403846153848186,0.2999999999997449,10.083333333333334
gbpusd_rsi2_m5_usd100000_smaller_stop_and_time,2017-10-06T11:05:00+00:00,2017-10-06T11:20:00+00:00,56078,target,0.41921316517526974,6.872346970086389,False,True,900,5.3755177473377485,1.1445631360575916,-1.7465475123929113,-7.480721286657046,-0.6318398473855268,-0.7777777777781204,0.20000000000131024,11.083333333333334
gbpusd_rsi2_m5_usd100000_smaller_stop_and_time,2017-10-06T12:20:00+00:00,2017-10-06T12:30:00+00:00,56093,stop,-1.073124046807323,-17.59219748864464,True,False,600,6.806754482028699,1.3098001961795562,-1.0427000274758988,-4.9269799901958224,-0.8313240098547231,-0.814814814814693,0.2999999999997449,12.333333333333334
gbpusd_rsi2_m5_usd100000_smaller_stop_and_time,2017-10-06T12:35:00+00:00,2017-10-06T13:05:00+00:00,56096,signal_exit,0.19715000000015978,3.2266775777440224,False,True,1800,9.120313264218982,1.629955354492871,-0.9451098766328242,-7.617230425513241,-2.1709101819575545,-0.30000000000002774,0.2999999999997449,12.583333333333334
gbpusd_rsi2_m5_usd100000_smaller_stop_and_time,2017-10-06T13:35:00+00:00,2017-10-06T14:20:00+00:00,56108,target,0.9928435817301652,16.22293434199616,False,True,2700,10.095454099101344,1.6123160199629338,-1.1905640204245584,-8.383962090458136,-1.5828087801186912,-0.8437499999998644,0.2999999999997449,13.583333333333334
gbpusd_rsi2_m5_usd100000_smaller_stop_and_time,2017-10-06T15:25:00+00:00,2017-10-06T15:35:00+00:00,56130,signal_exit,0.7348300000001549,12.026677577743941,False,True,600,9.12088391610253,1.3432110056443944,-1.432464594486386,-6.320853234884869,-0.9054232004972366,-0.9714285714286983,0.5000000000010552,15.416666666666666
gbpusd_rsi2_m5_usd100000_smaller_stop_and_time,2017-10-09T08:10:00+00:00,2017-10-09T08:30:00+00:00,56330,signal_exit,0.268160000000097,4.410526315791069,False,True,1200,5.675331652628165,1.2293685104017917,1.3688581108246978,3.6877904247082696,-1.8114946011724704,-0.8846153846154832,0.40000000000040004,8.166666666666666
gbpusd_rsi2_m5_usd100000_smaller_stop_and_time,2017-10-09T09:00:00+00:00,2017-10-09T09:10:00+00:00,56340,target,0.4416992833210245,7.264790844095797,False,True,600,5.5271322641512635,1.181761055655137,1.2763237114618653,3.169963158498852,-1.7890338575508096,-0.990476190476128,0.09999999999843467,9.0
gbpusd_rsi2_m5_usd100000_smaller_stop_and_time,2017-10-09T12:05:00+00:00,2017-10-09T12:45:00+00:00,56377,stop,-0.885587886385045,-14.63781630388504,True,False,2400,5.46601558996031,1.0849006373905397,2.773326393874335,11.68378156583541,0.46829626129809526,-0.7435897435902692,0.0,12.083333333333334
gbpusd_rsi2_m5_usd100000_smaller_stop_and_time,2017-10-09T12:50:00+00:00,2017-10-09T13:10:00+00:00,56386,signal_exit,-0.030319999999964875,-0.5003300330027207,False,False,1200,4.2946102515123386,0.8842847471346327,2.9290931516838605,8.879985128016497,-2.1272176514368324,-0.8518518518516995,0.20000000000131024,12.833333333333334
gbpusd_rsi2_m5_usd100000_smaller_stop_and_time,2017-10-09T13:45:00+00:00,2017-10-09T14:15:00+00:00,56397,stop,-0.7794154040560215,-12.861640330957451,True,False,1800,4.5306551489777664,0.9409162917779549,2.368166726147627,5.744497706964514,-2.38529889382156,-0.6627906976743075,0.10000000000065512,13.75
gbpusd_rsi2_m5_usd100000_smaller_stop_and_time,2017-10-09T14:20:00+00:00,2017-10-09T15:10:00+00:00,56404,stop,-0.8706799319259322,-14.343985698944516,True,False,3000,5.124546391482891,1.0480880847109897,1.8379679387059138,3.29520212154162,-2.343475845331946,-0.8214285714285573,0.40000000000040004,14.333333333333334
gbpusd_rsi2_m5_usd100000_smaller_stop_and_time,2017-10-10T07:00:00+00:00,2017-10-10T07:00:00+00:00,56602,stop,-0.7093233662106067,-11.724353160505894,True,False,0,3.959284018270137,1.113625502143718,1.3690740750825416,4.592074212465401,-1.1685872451046388,-0.8571428571427439,0.10000000000065512,7.0
gbpusd_rsi2_m5_usd100000_smaller_stop_and_time,2017-10-10T07:05:00+00:00,2017-10-10T07:10:00+00:00,56603,target,0.2854119927990617,4.7097688580703245,False,True,300,4.30504944553655,1.192553531240169,1.3327332243071404,3.4902548347165214,-2.570876714386498,-0.40909090909081736,0.20000000000131024,7.083333333333333
gbpusd_rsi2_m5_usd100000_smaller_stop_and_time,2017-10-10T10:15:00+00:00,2017-10-10T11:15:00+00:00,56641,holding_bars,-0.5925999999998897,-9.81125827814387,False,False,3600,7.219778626467215,1.4833630599933356,1.4622740860540124,5.753351588583176,0.11327903367277768,-0.7083333333335132,0.2999999999997449,10.25
gbpusd_rsi2_m5_usd100000_smaller_stop_and_time,2017-10-10T12:30:00+00:00,2017-10-10T12:55:00+00:00,56668,stop,-0.8936806589414183,-14.796037399692358,True,False,1500,5.392389560774566,1.0779864265369299,1.1485847427990887,4.111028484984603,-0.07912884639281924,-0.5757575757574126,0.2999999999997449,12.5
gbpusd_rsi2_m5_usd100000_smaller_stop_and_time,2017-10-11T07:00:00+00:00,2017-10-11T07:25:00+00:00,56888,target,0.2618082937586037,4.334574399976882,False,True,1500,4.172916339060506,1.1282525204822815,-0.23084905600901598,-2.374131874859512,-1.2642063654629054,-0.4693877551020593,0.2999999999997449,7.0
gbpusd_rsi2_m5_usd100000_smaller_stop_and_time,2017-10-11T08:35:00+00:00,2017-10-11T08:40:00+00:00,56907,target,0.42136703994332625,6.976275495750435,False,True,300,5.4937668869465535,1.344099708499172,-0.03715889165126676,-0.23317028790151334,-0.06994683034896339,-0.8260869565215713,0.2999999999997449,8.583333333333334
gbpusd_rsi2_m5_usd100000_smaller_stop_and_time,2017-10-11T09:05:00+00:00,2017-10-11T09:30:00+00:00,56913,stop,-1.0199439041476113,-16.886488479265086,True,False,1500,6.437615100560588,1.4867270205492185,0.10556318727973299,-1.2960102062917223,-1.8111577453973964,-0.6470588235292837,0.2999999999997449,9.083333333333334
gbpusd_rsi2_m5_usd100000_smaller_stop_and_time,2017-10-11T09:35:00+00:00,2017-10-11T09:55:00+00:00,56919,signal_exit,0.4050000000002021,6.694214876036398,False,True,1200,6.594664120859746,1.4719556994075151,0.03410336404486428,-4.1403383336269295,-2.177439108900467,-0.6551724137931122,0.1999999999990898,9.583333333333334
gbpusd_rsi2_m5_usd100000_smaller_stop_and_time,2017-10-11T11:10:00+00:00,2017-10-11T11:35:00+00:00,56938,signal_exit,0.08435000000011644,1.3942148760349824,False,True,1500,5.618993977606859,1.210499608685542,-0.38820650074102975,-2.8027807883104567,-1.2866823564710357,-0.882352941176486,0.2999999999997449,11.166666666666666
gbpusd_rsi2_m5_usd100000_smaller_stop_and_time,2017-10-11T14:10:00+00:00,2017-10-11T14:35:00+00:00,56974,stop,-0.923498047783126,-15.289702777866326,True,False,1500,5.589222249860694,1.1514905674846845,0.3668592322163757,0.33347952712597256,-2.020879007685391,-0.5961538461540761,0.40000000000040004,14.166666666666666
gbpusd_rsi2_m5_usd100000_smaller_stop_and_time,2017-10-11T14:40:00+00:00,2017-10-11T14:55:00+00:00,56980,stop,-0.9719225713510775,-16.091433300514527,True,False,900,6.090087511186204,1.2209610902392154,0.32966584256136516,-1.8096073762813136,-1.99794436132067,-0.37735849056605353,0.1999999999990898,14.666666666666666
gbpusd_rsi2_m5_usd100000_smaller_stop_and_time,2017-10-12T07:10:00+00:00,2017-10-12T07:45:00+00:00,57172,target,0.3436444599762789,5.708379733825231,False,True,2100,4.865319435019461,1.1144798803521048,1.1627790865236658,1.0093149230583427,-2.110104314803167,-0.5750000000000625,0.30000000000196536,7.166666666666667
gbpusd_rsi2_m5_usd100000_smaller_stop_and_time,2017-10-12T08:20:00+00:00,2017-10-12T08:30:00+00:00,57186,signal_exit,0.08294000000011587,1.3777408637893,False,True,600,5.8555867081284525,1.2588278446406156,0.5934677563017873,1.4383847333509285,-0.5988219432156082,-0.6363636363632693,0.2999999999997449,8.333333333333334
gbpusd_rsi2_m5_usd100000_smaller_stop_and_time,2017-10-12T09:00:00+00:00,2017-10-12T09:30:00+00:00,57194,signal_exit,0.11906000000008515,1.9777408637887899,False,True,1800,5.817908469365559,1.2273985174209123,0.3968921747640695,-1.2109246722520501,-2.416218632573272,-0.8817204301076912,0.5000000000010552,9.0
gbpusd_rsi2_m5_usd100000_smaller_stop_and_time,2017-10-12T09:55:00+00:00,2017-10-12T10:20:00+00:00,57205,stop,-0.9518916341115258,-15.78593091395565,True,False,1500,5.934590664275079,1.2244838417175365,0.10444336541323992,-2.8499377650029944,-2.398957829329946,-0.7777777777777386,0.20000000000131024,9.916666666666666
gbpusd_rsi2_m5_usd100000_smaller_stop_and_time,2017-10-12T10:25:00+00:00,2017-10-12T10:35:00+00:00,57211,stop,-0.9680528550382614,-16.0539445279977,True,False,600,6.018597471296887,1.2239483020778779,-0.24585732122288986,-4.446448454049808,-1.9765757610019028,-0.25882352941188763,0.2999999999997449,10.416666666666666
gbpusd_rsi2_m5_usd100000_smaller_stop_and_time,2017-10-12T10:40:00+00:00,2017-10-12T11:00:00+00:00,57214,stop,-1.3275250349769196,-21.942562561601974,True,False,1200,8.818388718818843,1.6451780268553122,-0.45393240590536876,-9.546613558857523,-3.1899034180045693,-0.6711711711711673,0.5999999999994898,10.666666666666666
gbpusd_rsi2_m5_usd100000_smaller_stop_and_time,2017-10-12T11:05:00+00:00,2017-10-12T11:50:00+00:00,57219,stop,-1.5669114322755524,-25.85662429497611,True,False,2700,10.978147130987859,1.87536298602377,-0.9009023238422134,-12.784479002685345,-2.3168602418543633,-0.5308310991956742,0.1999999999990898,11.083333333333334
gbpusd_rsi2_m5_usd100000_smaller_stop_and_time,2017-10-12T11:55:00+00:00,2017-10-12T12:55:00+00:00,57229,holding_bars,0.13992000000020516,2.3051070840231493,False,True,3600,8.765916365217093,1.4699936929361228,-2.2041859988933252,-14.718263356295452,-1.2008886874419635,-0.8311688311688649,0.2999999999997449,11.916666666666666
gbpusd_rsi2_m5_usd100000_smaller_stop_and_time,2017-10-12T14:00:00+00:00,2017-10-12T14:15:00+00:00,57254,target,0.6479561539322889,10.674730707286473,False,True,900,7.234811811632284,1.1491759236063765,-2.7417903418154634,-10.39949196204892,-0.4260424323514828,-0.7741935483870737,0.10000000000065512,14.0
gbpusd_rsi2_m5_usd100000_smaller_stop_and_time,2017-10-13T08:55:00+00:00,2017-10-13T09:30:00+00:00,57472,stop,-1.0524988468468932,-17.570932334672673,True,False,2100,6.766017085534196,1.179453005059324,1.9435443468463813,6.867448004168103,-0.5477288996569543,-0.5161290322578104,0.2999999999997449,8.916666666666666
gbpusd_rsi2_m5_usd100000_smaller_stop_and_time,2017-10-13T09:35:00+00:00,2017-10-13T09:45:00+00:00,57480,stop,-1.0506906445779005,-17.511510742965008,True,False,600,6.689088704816151,1.1528364436074656,1.7592050979924545,3.564329309162034,-2.185629181089792,-0.6179775280899045,0.40000000000040004,9.583333333333334
gbpusd_rsi2_m5_usd100000_smaller_stop_and_time,2017-10-13T09:50:00+00:00,2017-10-13T09:50:00+00:00,57483,stop,-1.3540789182633524,-22.530431252302034,True,False,0,9.151322115335613,1.4796237215337398,1.452862286458726,-0.4048675388619754,-3.0781012381620334,-0.5022123893805456,0.5000000000010552,9.833333333333334
gbpusd_rsi2_m5_usd100000_smaller_stop_and_time,2017-10-13T09:55:00+00:00,2017-10-13T10:35:00+00:00,57484,signal_exit,0.29883000000019866,4.97221297837269,False,True,2400,10.347656249954408,1.6192846614296437,1.3140133274437573,-1.782335826145227,-2.833801382803866,-0.34749034749032665,0.4999999999988347,9.916666666666666
gbpusd_rsi2_m5_usd100000_smaller_stop_and_time,2017-10-13T11:45:00+00:00,2017-10-13T12:25:00+00:00,57506,stop,-1.1978211538655748,-19.963685897759575,True,False,2400,7.865176282213183,1.1737361731856526,0.2942354311702671,1.1937226048853284,-0.11888886566970688,-0.5306122448981534,0.5000000000010552,11.75
gbpusd_rsi2_m5_usd100000_smaller_stop_and_time,2017-10-13T15:05:00+00:00,2017-10-13T15:40:00+00:00,57546,signal_exit,0.2560000000000564,4.266666666667606,False,True,2100,9.970891698784152,1.2642218606708233,0.9281772804527864,1.330384441391878,-1.651048447800463,-0.6603773584905713,0.2999999999997449,15.083333333333334
gbpusd_rsi2_m5_usd100000_smaller_stop_and_time,2017-10-16T07:45:00+00:00,2017-10-16T08:45:00+00:00,57739,holding_bars,-0.13410999999983436,-2.2388981636032446,False,False,3600,6.458049776893021,1.3797926768462156,0.06578985948245866,1.8665592981803394,0.5958533444151921,-0.9157894736843606,0.2999999999997449,7.75
gbpusd_rsi2_m5_usd100000_smaller_stop_and_time,2017-10-16T09:45:00+00:00,2017-10-16T10:40:00+00:00,57763,signal_exit,-0.15207999999981908,-2.5388981636029895,False,False,3300,5.1652158488111395,1.103405048174509,0.5057984270659772,1.2963907441048443,-0.7945552438748117,-0.5200000000003553,0.40000000000040004,9.75
gbpusd_rsi2_m5_usd100000_smaller_stop_and_time,2017-10-16T11:40:00+00:00,2017-10-16T12:10:00+00:00,57786,signal_exit,-0.29583999999996285,-4.93889816360539,False,False,1800,4.504096215589364,0.9765789091141116,0.35959032143903563,1.6849380034107133,0.3327577619268457,-0.3272727272729548,0.30000000000196536,11.666666666666666
gbpusd_rsi2_m5_usd100000_smaller_stop_and_time,2017-10-16T12:35:00+00:00,2017-10-16T12:40:00+00:00,57797,target,0.6379399672695469,10.614641718295289,False,True,300,7.421214369962108,1.4821555771045678,0.2686398681663683,-7.300262223287223,-4.1389375640660635,-0.7979381443299017,0.5000000000010552,12.583333333333334
gbpusd_rsi2_m5_usd100000_smaller_stop_and_time,2017-10-16T15:25:00+00:00,2017-10-16T15:45:00+00:00,57831,signal_exit,0.3820000000002157,6.366666666670262,False,True,1200,6.932987889944484,1.2162284988738807,-0.4139590557692918,-2.509874684773333,-1.7860281367752862,-0.7692307692306378,0.3999999999981796,15.416666666666666
gbpusd_rsi2_m5_usd100000_smaller_stop_and_time,2017-10-17T08:40:00+00:00,2017-10-17T08:50:00+00:00,58032,signal_exit,0.23272000000016588,3.8722129783721444,False,True,600,8.091616803273688,1.6566334746249625,0.28711713651783194,2.4877170406524596,0.5252924903848261,-0.1720430107528422,0.40000000000040004,8.666666666666666
gbpusd_rsi2_m5_usd100000_smaller_stop_and_time,2017-10-17T09:05:00+00:00,2017-10-17T09:45:00+00:00,58037,signal_exit,-0.3201999999998533,-5.327787021628175,False,False,2400,8.754315868644685,1.7014353612585698,0.44619876516930335,-0.33120692765746235,-1.4039800304316945,-0.6641221374045634,0.3999999999981796,9.083333333333334
gbpusd_rsi2_m5_usd100000_smaller_stop_and_time,2017-10-17T10:45:00+00:00,2017-10-17T10:50:00+00:00,58057,stop,-1.3434807639241506,-22.316956211364626,True,False,300,9.047348537576141,1.5522659899364346,-0.23236377030635982,-4.382362411417727,-2.7197562935432655,-0.47058823529408883,0.5000000000010552,10.75
gbpusd_rsi2_m5_usd100000_smaller_stop_and_time,2017-10-17T10:55:00+00:00,2017-10-17T11:20:00+00:00,58059,stop,-1.3928336198149107,-23.09840165530532,True,False,1500,9.490826034950768,1.592703015776163,-0.40695755709384207,-7.186861476207834,-3.0951253231990647,-0.8915662650603329,0.40000000000040004,10.916666666666666
gbpusd_rsi2_m5_usd100000_smaller_stop_and_time,2017-10-17T11:25:00+00:00,2017-10-17T12:25:00+00:00,58065,holding_bars,-0.6831999999999467,-11.311258278144814,False,False,3600,9.282591214509706,1.5099425167019493,-0.9117279691960367,-9.800836005266582,-1.7124985487298667,-0.7790697674419835,0.10000000000065512,11.416666666666666
gbpusd_rsi2_m5_usd100000_smaller_stop_and_time,2017-10-17T12:35:00+00:00,2017-10-17T13:20:00+00:00,58079,signal_exit,-0.1576499999998569,-2.605785123964577,False,False,2700,8.477824504035508,1.3261661655317927,-2.029570888880873,-9.889305561472392,-1.3113324539589377,-0.3000000000001211,0.2999999999997449,12.583333333333334
gbpusd_rsi2_m5_usd100000_smaller_stop_and_time,2017-10-17T13:45:00+00:00,2017-10-17T14:15:00+00:00,58093,stop,-1.0866883180762374,-17.96179038142541,True,False,1800,7.028002628729464,1.102539495057505,-2.304481802470452,-9.398560437965164,-1.5964292317853046,-0.35714285714274385,0.20000000000131024,13.75
gbpusd_rsi2_m5_usd100000_smaller_stop_and_time,2017-10-17T14:35:00+00:00,2017-10-17T14:50:00+00:00,58103,signal_exit,0.39387999999998846,6.4996699669965095,False,True,900,8.403143026949943,1.2614527637735935,-2.2184148503511723,-10.739617059310433,-2.5027408969147538,-0.6095890410959227,0.30000000000196536,14.583333333333334
gbpusd_rsi2_m5_usd100000_smaller_stop_and_time,2017-10-18T07:05:00+00:00,2017-10-18T07:15:00+00:00,58296,target,0.2995681979905276,4.951540462653348,False,True,600,4.328662793309723,1.1711765434018062,-1.0428231942564592,-7.3623352731587515,-2.9576222477084686,-0.6960784313725235,0.0,7.083333333333333
gbpusd_rsi2_m5_usd100000_smaller_stop_and_time,2017-10-18T07:55:00+00:00,2017-10-18T08:00:00+00:00,58306,target,0.37334482297695115,6.170988809536382,False,True,300,5.088386966751372,1.299133089797346,-1.034493180942527,-4.739642619505917,-0.7182350602214215,-0.5,0.30000000000196536,7.916666666666667
gbpusd_rsi2_m5_usd100000_smaller_stop_and_time,2017-10-18T08:50:00+00:00,2017-10-18T09:10:00+00:00,58317,stop,-1.2798559591318914,-21.154643952593243,True,False,1200,8.574429414314734,1.83961215996761,-0.723216305688244,-5.723296977150549,-2.5331065684637117,-0.7101449275361362,0.2999999999997449,8.833333333333334
gbpusd_rsi2_m5_usd100000_smaller_stop_and_time,2017-10-18T09:15:00+00:00,2017-10-18T09:25:00+00:00,58322,target,0.9043022494500891,14.922479363862857,False,True,600,9.461404698431647,1.8963742430825268,-0.7754933979924895,-9.057415986266044,-2.6328893148308623,-0.6729857819904924,0.2999999999997449,9.25
gbpusd_rsi2_m5_usd100000_smaller_stop_and_time,2017-10-18T11:20:00+00:00,2017-10-18T11:40:00+00:00,58347,signal_exit,0.169050000000134,2.794214876035273,False,True,1200,7.136507502089312,1.3048779667765038,-0.5191325711279589,-2.795169937871174,-0.9170855191523163,-0.883116883116973,0.10000000000065512,11.333333333333334
gbpusd_rsi2_m5_usd100000_smaller_stop_and_time,2017-10-18T12:00:00+00:00,2017-10-18T12:15:00+00:00,58355,stop,-1.0729203577567723,-17.734220789368134,True,False,900,6.864217832701614,1.2384276015753475,-0.3658849824130547,-2.8091900624242827,-1.652568444903228,-0.6847826086955289,0.2999999999997449,12.0
gbpusd_rsi2_m5_usd100000_smaller_stop_and_time,2017-10-18T12:20:00+00:00,2017-10-18T12:40:00+00:00,58359,signal_exit,0.5514400000000788,9.099669966997999,False,True,1200,7.320859160760762,1.2905266276907486,-0.4267621960211867,-4.965748230751839,-2.403607517636734,-0.6865671641793468,0.10000000000065512,12.333333333333334
gbpusd_rsi2_m5_usd100000_smaller_stop_and_time,2017-10-18T14:00:00+00:00,2017-10-18T14:25:00+00:00,58379,signal_exit,0.44842000000007665,7.399669966997965,False,True,1500,7.73505651160627,1.2496111729975992,-0.6430512376293857,-3.4555892011557723,-1.4778836724629338,-0.9035087719297699,0.1999999999990898,14.0
gbpusd_rsi2_m5_usd100000_smaller_stop_and_time,2017-10-19T07:10:00+00:00,2017-10-19T07:50:00+00:00,58583,signal_exit,0.15636000000005465,2.5887417218552096,False,True,2400,5.899321062961136,1.3496577354870678,0.26194117267725386,-2.6920145502396013,-2.6068879967286294,-0.3711340206185024,0.5000000000010552,7.166666666666667
gbpusd_rsi2_m5_usd100000_smaller_stop_and_time,2017-10-19T08:05:00+00:00,2017-10-19T08:30:00+00:00,58594,signal_exit,-0.042699999999909866,-0.7057851239654523,False,False,1500,8.341387210564253,1.6799222617984444,-0.2452207510831801,-5.801510972534261,-2.4081013373190787,-0.6515151515152203,0.40000000000040004,8.083333333333334
gbpusd_rsi2_m5_usd100000_smaller_stop_and_time,2017-10-19T08:35:00+00:00,2017-10-19T09:15:00+00:00,58600,signal_exit,0.7635400000001227,12.599669966998723,False,True,2400,11.651135031486108,2.0585610491295236,-0.5933352407247611,-9.576688115370901,-2.6105326196559373,-0.6143141153081746,0.5000000000010552,8.583333333333334
gbpusd_rsi2_m5_usd100000_smaller_stop_and_time,2017-10-19T12:45:00+00:00,2017-10-19T13:25:00+00:00,58650,signal_exit,-0.1515999999999516,-2.505785123966142,False,False,2400,7.264755770507182,1.1431439024856263,-0.4828772556113756,-2.504817816845367,-1.9603090878973692,-0.39705882352939253,0.40000000000040004,12.75
gbpusd_rsi2_m5_usd100000_smaller_stop_and_time,2017-10-19T15:30:00+00:00,2017-10-19T15:55:00+00:00,58683,stop,-1.0057053669493088,-16.650751108432264,True,False,1500,6.319746415144761,0.9990840482431519,0.28714854463255224,1.7308817476518348,0.3942147359107121,-0.5526315789477375,0.2999999999997449,15.5
gbpusd_rsi2_m5_usd100000_smaller_stop_and_time,2017-10-20T09:05:00+00:00,2017-10-20T09:25:00+00:00,58892,signal_exit,0.07315000000017208,1.2051070840226041,False,True,1200,6.973650202410706,1.207666662816079,-0.2935146227751565,-1.613595831465647,-0.778203326079184,-0.3492063492062205,0.4999999999988347,9.083333333333334
gbpusd_rsi2_m5_usd100000_smaller_stop_and_time,2017-10-20T12:50:00+00:00,2017-10-20T13:35:00+00:00,58937,stop,-1.0193435357293055,-16.848653483129013,True,False,2700,6.4214341795818735,1.020226767242093,1.4480424484090553,4.518246593349815,-1.7833424706378236,-0.8732394366195113,0.2999999999997449,12.833333333333334
gbpusd_rsi2_m5_usd100000_smaller_stop_and_time,2017-10-20T15:05:00+00:00,2017-10-20T15:20:00+00:00,58964,signal_exit,0.216760000000048,3.5887417218550994,False,True,900,7.32128918404138,1.1208953436173705,0.9471443550667035,4.733347828805047,0.6300844235187514,-0.3461538461538352,0.2999999999997449,15.083333333333334
gbpusd_rsi2_m5_usd100000_smaller_stop_and_time,2017-10-20T15:40:00+00:00,2017-10-20T16:05:00+00:00,58971,signal_exit,0.18115000000007894,2.9942148760343628,False,True,1500,6.776285296680046,1.0451814904184036,1.068436747714374,2.9773367801686006,-0.8874839990265326,-0.9381443298969544,0.20000000000131024,15.666666666666666
gbpusd_rsi2_m5_usd100000_smaller_stop_and_time,2017-10-23T07:10:00+00:00,2017-10-23T07:40:00+00:00,59155,signal_exit,0.3134000000001447,5.1887417218567,False,True,1800,5.098765709304152,1.236196703371151,1.058913101621753,-0.2522386503878048,-2.395520062104649,-0.8955223880595234,0.4999999999988347,7.166666666666667
gbpusd_rsi2_m5_usd100000_smaller_stop_and_time,2017-10-23T08:05:00+00:00,2017-10-23T08:10:00+00:00,59166,stop,-0.8067728871591455,-13.357167005946119,True,False,300,4.722954363901133,1.1319228001784962,0.6635591931727106,0.42903734433999896,-0.9992427211473678,-0.177777777778019,0.1999999999990898,8.083333333333334
gbpusd_rsi2_m5_usd100000_smaller_stop_and_time,2017-10-23T08:15:00+00:00,2017-10-23T08:20:00+00:00,59168,stop,-0.9062321111601432,-14.979043159671788,True,False,300,5.386629017853506,1.2587118596633429,0.4759836202699718,-3.3121454371033514,-3.056897624632189,-0.9493670886075416,0.4999999999988347,8.25
gbpusd_rsi2_m5_usd100000_smaller_stop_and_time,2017-10-23T08:25:00+00:00,2017-10-23T08:45:00+00:00,59170,signal_exit,0.417100000000147,6.8942148760354875,False,True,1200,5.859899510291985,1.339402812773347,0.2529125864394986,-4.70097564041168,-2.405179610040228,-0.11764705882331812,0.4999999999988347,8.416666666666666
gbpusd_rsi2_m5_usd100000_smaller_stop_and_time,2017-10-23T09:40:00+00:00,2017-10-23T10:20:00+00:00,59185,signal_exit,-0.10319999999976887,-1.7057851239631217,False,False,2400,5.115729672316906,1.152584667248509,-0.3895150634424633,-2.538188725201218,-0.4445696281711781,-0.7428571428574148,0.2999999999997449,9.666666666666666
gbpusd_rsi2_m5_usd100000_smaller_stop_and_time,2017-10-23T11:20:00+00:00,2017-10-23T12:10:00+00:00,59205,signal_exit,0.4726600000001009,7.799669966998365,False,True,3000,6.327464636790852,1.311515556213424,-0.6701813711741563,-5.092005305816601,-2.7177186593026392,-0.9907407407406817,0.40000000000040004,11.333333333333334
gbpusd_rsi2_m5_usd100000_smaller_stop_and_time,2017-10-23T13:10:00+00:00,2017-10-23T13:20:00+00:00,59227,signal_exit,0.1509000000000151,2.4942148760333076,False,True,600,5.460905998549317,1.0973658057425437,-0.580508598050376,-2.5654244449809793,-0.5355246965935447,-0.7647058823527106,0.2999999999997449,13.166666666666666
gbpusd_rsi2_m5_usd100000_smaller_stop_and_time,2017-10-23T14:55:00+00:00,2017-10-23T15:50:00+00:00,59248,signal_exit,-0.05503999999998915,-0.9112582781455156,False,False,3300,7.288472454310184,1.3481264454576605,0.28255196066181293,0.2792916398051698,-0.7869974527865204,-0.703703703703728,0.20000000000131024,14.916666666666666
gbpusd_rsi2_m5_usd100000_smaller_stop_and_time,2017-10-24T07:10:00+00:00,2017-10-24T07:15:00+00:00,59437,stop,-0.8868812293821262,-14.683464062617984,True,False,300,5.286102892237208,1.4768637803893065,0.4164367299118355,-2.1810240667281686,-2.7692614675823495,-0.38709677419353683,0.40000000000040004,7.166666666666667
gbpusd_rsi2_m5_usd100000_smaller_stop_and_time,2017-10-24T07:20:00+00:00,2017-10-24T08:10:00+00:00,59439,signal_exit,0.22280000000022168,3.688741721857975,False,True,3000,5.453323412184131,1.498611398076053,0.24768170458825595,-5.16584757199644,-2.9022704579234833,-0.910256410256392,0.2999999999997449,7.333333333333333
gbpusd_rsi2_m5_usd100000_smaller_stop_and_time,2017-10-24T09:20:00+00:00,2017-10-24T09:35:00+00:00,59463,target,0.5260479192475855,8.695006929712157,False,True,900,6.400396026837426,1.5409840702548447,-0.7319131751142973,-8.392578257577705,-3.1062551312088487,-0.8687499999999766,0.3999999999981796,9.333333333333334
gbpusd_rsi2_m5_usd100000_smaller_stop_and_time,2017-10-24T10:05:00+00:00,2017-10-24T10:25:00+00:00,59472,signal_exit,0.27190000000013614,4.494214876035308,False,True,1200,5.846801025357416,1.3754877636173133,-0.8552423806006179,-6.722860276362184,-1.2632977140275232,-0.9255319148935969,0.1999999999990898,10.083333333333334
gbpusd_rsi2_m5_usd100000_smaller_stop_and_time,2017-10-24T11:35:00+00:00,2017-10-24T11:50:00+00:00,59490,stop,-0.9189042270600476,-15.188499620827232,True,False,900,5.641357248430446,1.2924237584999902,-1.0525292966454427,-6.092152708313836,-2.0800274956392997,-0.9757575757575537,0.20000000000131024,11.583333333333334
gbpusd_rsi2_m5_usd100000_smaller_stop_and_time,2017-10-24T13:10:00+00:00,2017-10-24T13:20:00+00:00,59509,stop,-0.9424565622910883,-15.577794418034516,True,False,600,5.786004647035045,1.238193031382624,-1.2059628630200456,-5.466988256516319,-0.46487432786209826,-0.5588235294114958,0.2999999999997449,13.166666666666666
gbpusd_rsi2_m5_usd100000_smaller_stop_and_time,2017-10-24T13:35:00+00:00,2017-10-24T14:35:00+00:00,59514,holding_bars,-0.8059999999997987,-13.300330032999979,False,False,3600,6.751292473767794,1.381776284647698,-1.3698979625629064,-8.636730418432023,-2.4196377350074774,-0.4553571428571482,0.2999999999997449,13.583333333333334
gbpusd_rsi2_m5_usd100000_smaller_stop_and_time,2017-10-24T14:50:00+00:00,2017-10-24T15:00:00+00:00,59529,stop,-1.1148820426693755,-18.36708472272447,True,False,600,7.23609590337392,1.3787849304137219,-1.657534049519633,-10.342703841840995,-2.086237872735321,-0.5161290322578104,0.1999999999990898,14.833333333333334
gbpusd_rsi2_m5_usd100000_smaller_stop_and_time,2017-10-24T15:05:00+00:00,2017-10-24T15:35:00+00:00,59532,signal_exit,0.11616000000018117,1.9105263157924535,False,True,1800,8.129082616513417,1.4912136544809154,-1.8046978809852763,-11.89907950783368,-2.1504188913159656,-0.1369863013698255,0.0,15.083333333333334
gbpusd_rsi2_m5_usd100000_smaller_stop_and_time,2017-10-25T07:05:00+00:00,2017-10-25T07:20:00+00:00,59716,target,0.336661440041236,5.537194737520329,False,True,900,4.663334210863194,1.2937431121442993,-0.5870388697752207,-7.285147784273721,-2.509680054884095,-0.586776859504155,0.09999999999843467,7.083333333333333
gbpusd_rsi2_m5_usd100000_smaller_stop_and_time,2017-10-25T11:55:00+00:00,2017-10-25T12:05:00+00:00,59774,target,0.7416354763829498,12.319526185763285,False,True,600,8.070892660986134,1.3158190228702775,3.3857542395344615,13.85125454126321,0.35984532906785327,-0.6382978723403954,0.09999999999843467,11.916666666666666
gbpusd_rsi2_m5_usd100000_smaller_stop_and_time,2017-10-25T12:35:00+00:00,2017-10-25T12:55:00+00:00,59782,signal_exit,0.06487999999999755,1.0777408637873347,False,True,1200,8.202009392634986,1.299993861735738,3.4703418057213957,12.16988574763356,-1.0812561229455075,-0.33582089552240413,0.5000000000010552,12.583333333333334
gbpusd_rsi2_m5_usd100000_smaller_stop_and_time,2017-10-25T13:25:00+00:00,2017-10-25T13:55:00+00:00,59792,signal_exit,-0.04347999999991031,-0.7222591362111347,False,False,1800,9.234667130233662,1.387097361703639,3.050941121547941,9.413094314198535,-1.9149814574030222,-0.9672131147541262,0.40000000000040004,13.416666666666666
gbpusd_rsi2_m5_usd100000_smaller_stop_and_time,2017-10-25T14:10:00+00:00,2017-10-25T14:40:00+00:00,59801,target,0.8552906310554926,14.207485565705857,False,True,1800,9.1648723509576,1.3404305109662333,2.5479451288136166,6.699917466204944,-1.8122586488072923,-0.6302521008402782,0.3999999999981796,14.166666666666666
gbpusd_rsi2_m5_usd100000_smaller_stop_and_time,2017-10-26T07:10:00+00:00,2017-10-26T07:30:00+00:00,59995,stop,-0.7904339635716247,-13.130132285242935,True,False,1200,4.5539365745149665,1.0401987561800214,0.5417014079318385,-1.6580973333687727,-1.8651392840532175,-0.3232323232324071,0.30000000000196536,7.166666666666667
gbpusd_rsi2_m5_usd100000_smaller_stop_and_time,2017-10-26T07:50:00+00:00,2017-10-26T08:15:00+00:00,60003,signal_exit,-0.21203999999981155,-3.522259136209494,False,False,1500,5.546546740022294,1.2130970376245227,-0.013199221907793412,-3.2327622150629205,-1.6094267528984874,-0.5294117647062473,0.5999999999994898,7.833333333333333
gbpusd_rsi2_m5_usd100000_smaller_stop_and_time,2017-10-26T08:40:00+00:00,2017-10-26T09:10:00+00:00,60013,stop,-1.0832855561435684,-17.964934596079075,True,False,1800,7.024092505338291,1.4328317873161072,-0.5563962868812715,-6.003304078607445,-2.8499874252126634,-0.592592592592585,0.1999999999990898,8.666666666666666
gbpusd_rsi2_m5_usd100000_smaller_stop_and_time,2017-10-26T09:15:00+00:00,2017-10-26T09:15:00+00:00,60020,stop,-1.145127125999256,-18.959058377471123,True,False,0,7.473900049663257,1.4600472366467934,-0.939861023622696,-8.619940548282033,-2.333350395973886,-0.6013071895424922,0.2999999999997449,9.25
gbpusd_rsi2_m5_usd100000_smaller_stop_and_time,2017-10-26T09:20:00+00:00,2017-10-26T09:30:00+00:00,60021,target,0.7246437598566928,11.997413242660476,False,True,600,8.15433576040162,1.555368030827447,-1.0070454577030534,-11.165359208422789,-2.794973783226329,-0.882352941176486,0.5999999999994898,9.333333333333334
gbpusd_rsi2_m5_usd100000_smaller_stop_and_time,2017-10-26T11:10:00+00:00,2017-10-26T11:20:00+00:00,60043,signal_exit,0.005020000000004188,0.08325041459376763,False,True,600,6.355132618077817,1.1495977688553922,-1.1817641688041631,-4.293582527510921,-0.5655443703194941,-0.4893617021275892,0.2999999999997449,11.166666666666666
gbpusd_rsi2_m5_usd100000_smaller_stop_and_time,2017-10-26T12:05:00+00:00,2017-10-26T12:45:00+00:00,60054,signal_exit,-0.012759999999980398,-0.21125827814537085,False,False,2400,8.546766156348921,1.4401513255658094,-0.8188341345538489,-6.14898353321695,-2.5931170509970056,-0.41702127659576277,0.6000000000017103,12.083333333333334
gbpusd_rsi2_m5_usd100000_smaller_stop_and_time,2017-10-26T13:35:00+00:00,2017-10-26T14:05:00+00:00,60072,signal_exit,-0.1637599999998967,-2.711258278143985,False,False,1800,10.646285565679676,1.5403572449112597,-1.0204395665273773,-5.8757856636387515,-1.4981142641398504,-0.8571428571429189,0.5000000000010552,13.583333333333334
gbpusd_rsi2_m5_usd100000_smaller_stop_and_time,2017-10-26T14:30:00+00:00,2017-10-26T15:20:00+00:00,60083,signal_exit,-0.4843499999999821,-8.005785123966646,False,False,3000,9.45588237293618,1.341022795007731,-1.1466317985981223,-6.9513190878270406,-1.6703632777057256,-0.2661290322580371,0.10000000000065512,14.5
gbpusd_rsi2_m5_usd100000_smaller_stop_and_time,2017-10-27T07:05:00+00:00,2017-10-27T07:15:00+00:00,60280,signal_exit,0.15264000000015018,2.5105263157919433,False,True,600,5.2765013317286975,1.2002305921742469,-1.7850440896158006,-10.299882938416927,-1.7381001642263638,-0.6176470588238463,0.40000000000040004,7.083333333333333
gbpusd_rsi2_m5_usd100000_smaller_stop_and_time,2017-10-27T07:45:00+00:00,2017-10-27T08:05:00+00:00,60288,stop,-1.021141716176825,-16.767515864972495,True,False,1200,6.391721807692254,1.3710839957263428,-1.945541960402242,-11.33833462719038,-1.667201864132103,-0.26966292134831743,0.2999999999997449,7.75
gbpusd_rsi2_m5_usd100000_smaller_stop_and_time,2017-10-27T08:10:00+00:00,2017-10-27T08:40:00+00:00,60293,signal_exit,0.18367000000007946,3.015927750411814,False,True,1800,6.463334408920933,1.358611910687173,-2.258034006285794,-13.535190331154341,-2.1654701985818683,-0.5783132530121706,0.5000000000010552,8.166666666666666
gbpusd_rsi2_m5_usd100000_smaller_stop_and_time,2017-10-27T12:40:00+00:00,2017-10-27T12:50:00+00:00,60347,signal_exit,0.28720000000021684,4.715927750414069,False,True,600,7.444627737347203,1.3075434592469284,-1.2967009320013305,-6.643333275750792,-2.4197434450685074,-0.5052631578945376,0.3999999999981796,12.666666666666666
gbpusd_rsi2_m5_usd100000_smaller_stop_and_time,2017-10-27T13:50:00+00:00,2017-10-27T14:00:00+00:00,60361,target,0.6423215236311739,10.547151455355893,False,True,600,7.315611852472391,1.2363788124946211,-1.2269280450867748,-4.872236585476864,-0.31570532469039847,-0.18309859154924732,0.40000000000040004,13.833333333333334
gbpusd_rsi2_m5_usd100000_smaller_stop_and_time,2017-10-27T15:50:00+00:00,2017-10-27T16:05:00+00:00,60385,signal_exit,0.20128000000006382,3.310526315790523,False,True,900,8.848311561277914,1.2827053738510557,-0.18981754726212333,-1.481476529027737,-1.1841581235403698,-0.422680412371193,0.2999999999997449,15.833333333333334
gbpusd_rsi2_m5_usd100000_smaller_stop_and_time,2017-10-30T07:15:00+00:00,2017-10-30T07:25:00+00:00,60559,target,0.1318714293494982,2.1725111919192455,False,True,600,3.1337020539485936,0.8530814882560318,0.785119260940639,-0.9579662986237227,-3.03469716902235,-0.5882352941175703,0.40000000000040004,7.25
gbpusd_rsi2_m5_usd100000_smaller_stop_and_time,2017-10-30T07:55:00+00:00,2017-10-30T07:55:00+00:00,60567,target,0.23293484621643953,3.837476873417455,False,True,0,3.9661848946971086,1.0500207703963962,0.4847917335476883,-0.7214955772362668,-1.4293813313996901,-0.6896551724137755,0.3999999999981796,7.916666666666667
gbpusd_rsi2_m5_usd100000_smaller_stop_and_time,2017-10-30T09:30:00+00:00,2017-10-30T09:45:00+00:00,60586,signal_exit,0.14542000000010996,2.399669966998514,False,True,900,5.592117856693744,1.2884590467341799,1.1396232138752282,4.13393778927812,-0.4223295332502089,-0.8604651162787215,0.40000000000040004,9.5
gbpusd_rsi2_m5_usd100000_smaller_stop_and_time,2017-10-30T13:25:00+00:00,2017-10-30T14:15:00+00:00,60633,stop,-1.0350130735713587,-17.135978039260905,True,False,3000,6.462359880558275,1.277672429461019,1.9340350198642984,6.9652458011000355,-0.3764439088403473,-0.6491228070174311,0.5000000000010552,13.416666666666666
gbpusd_rsi2_m5_usd100000_smaller_stop_and_time,2017-10-30T14:20:00+00:00,2017-10-30T14:55:00+00:00,60644,signal_exit,-0.12739999999979307,-2.1057851239635217,False,False,2100,6.308642608983211,1.2156166799330024,1.7519749629094155,3.529011100588149,-2.5233277114318096,-0.681818181818113,0.3999999999981796,14.333333333333334
gbpusd_rsi2_m5_usd100000_smaller_stop_and_time,2017-10-31T08:05:00+00:00,2017-10-31T08:10:00+00:00,60855,target,0.524537270460739,8.684391895045346,False,True,300,6.2478250865950145,1.5882537021073373,0.9502010763625616,1.4086011343661622,-2.299148945761914,-0.8333333333334174,0.10000000000065512,8.083333333333334
gbpusd_rsi2_m5_usd100000_smaller_stop_and_time,2017-10-31T08:40:00+00:00,2017-10-31T09:15:00+00:00,60862,signal_exit,-0.1758799999999759,-2.916749585405902,False,False,2100,6.4619048462636925,1.5603746088517216,0.8019981492838159,1.8492570036938523,-1.0980042912981363,-0.1904761904760562,0.2999999999997449,8.666666666666666
gbpusd_rsi2_m5_usd100000_smaller_stop_and_time,2017-10-31T09:45:00+00:00,2017-10-31T10:10:00+00:00,60875,signal_exit,0.05368000000005252,0.8887417218551742,False,True,1500,5.900232600663512,1.36146772329596,0.5293854321218835,0.8260345452132916,-1.0935938840495982,-0.6530612244897034,0.2999999999997449,9.75
gbpusd_rsi2_m5_usd100000_smaller_stop_and_time,2017-10-31T11:05:00+00:00,2017-10-31T11:20:00+00:00,60891,signal_exit,0.14974000000014892,2.483250414596168,False,True,900,6.191971054259148,1.3315446728599916,0.473426986668655,1.5960495885112078,-0.1045059476433457,-0.500000000000427,0.2999999999997449,11.083333333333334
gbpusd_rsi2_m5_usd100000_smaller_stop_and_time,2017-10-31T12:45:00+00:00,2017-10-31T12:50:00+00:00,60911,target,0.5795118479930104,9.594567019751826,False,True,300,6.752912648947589,1.335565874071898,0.48897070220193223,-0.17716034650571091,-2.474738316034126,-0.6842105263157126,0.1999999999990898,12.75
gbpusd_rsi2_m5_usd100000_smaller_stop_and_time,2017-10-31T14:05:00+00:00,2017-10-31T14:10:00+00:00,60927,signal_exit,0.13110000000016403,2.1777408637901,False,True,300,8.351629680307207,1.4412854917602733,1.0510909252532759,5.825324255017282,0.5518635460890632,-0.14285714285714285,0.5000000000010552,14.083333333333334
gbpusd_rsi2_m5_usd100000_smaller_stop_and_time,2017-10-31T15:10:00+00:00,2017-10-31T15:25:00+00:00,60940,signal_exit,0.06488000000013122,1.0777408637895551,False,True,900,6.412346864575385,1.1116833124355443,1.4697107775816736,4.410461941813294,-2.172887460560868,-0.7551020408164745,0.10000000000065512,15.166666666666666
gbpusd_rsi2_m5_usd100000_smaller_stop_and_time,2017-11-01T08:30:00+00:00,2017-11-01T08:35:00+00:00,61147,signal_exit,0.29118000000002575,4.861101836394419,False,True,300,5.595077682737739,1.3335412753103506,1.3136069576732798,6.271708096151747,0.6020439330992639,-0.5,0.5000000000010552,8.5
gbpusd_rsi2_m5_usd100000_smaller_stop_and_time,2017-11-01T09:15:00+00:00,2017-11-01T09:25:00+00:00,61156,stop,-0.9643129915179791,-16.071883191966318,True,False,600,5.969274929316999,1.3593110344538066,1.4718222749971321,4.045995083255204,-1.6895754212408407,-0.6320754716983701,0.40000000000040004,9.25
gbpusd_rsi2_m5_usd100000_smaller_stop_and_time,2017-11-01T10:55:00+00:00,2017-11-01T11:00:00+00:00,61176,signal_exit,0.5367700000000386,8.961101836394635,False,True,300,7.284874007317057,1.4023138466012468,1.0361620010610268,2.9941550628405325,-0.5944563623731137,-0.7560975609756494,0.40000000000040004,10.916666666666666
gbpusd_rsi2_m5_usd100000_smaller_stop_and_time,2017-11-01T12:40:00+00:00,2017-11-01T13:40:00+00:00,61197,holding_bars,-0.9859999999999534,-16.433333333332556,False,False,3600,7.302978754276989,1.3178317646831634,0.8234617420124823,1.6010593471060615,-1.5360850933196217,-0.2688172043008981,0.2999999999997449,12.666666666666666
gbpusd_rsi2_m5_usd100000_smaller_stop_and_time,2017-11-01T14:30:00+00:00,2017-11-01T15:05:00+00:00,61219,signal_exit,0.5933200000001262,9.872212978371483,False,True,2100,10.381295029621382,1.6325414571864973,0.15485332196662685,-3.508081754165651,-3.058295156636992,-0.7105882352940562,0.4999999999988347,14.5
gbpusd_rsi2_m5_usd100000_smaller_stop_and_time,2017-11-01T15:55:00+00:00,2017-11-01T16:35:00+00:00,61236,signal_exit,0.2507500000001506,4.17221297837189,False,True,2400,8.390177634113115,1.2786851539253161,-0.3336226745073567,-4.535112956801955,-1.9895670773372232,-0.929577464788739,0.40000000000040004,15.916666666666666
gbpusd_rsi2_m5_usd100000_smaller_stop_and_time,2017-11-02T07:35:00+00:00,2017-11-02T07:40:00+00:00,61420,stop,-0.7941816210414183,-13.214336456595978,True,False,300,4.593274717483942,1.0692488108750113,0.4315781409327929,-0.8818492867830695,-2.564580843476757,-0.5428571428570975,0.2999999999997449,7.583333333333333
gbpusd_rsi2_m5_usd100000_smaller_stop_and_time,2017-11-02T07:45:00+00:00,2017-11-02T08:00:00+00:00,61422,target,0.42587614263294404,7.0861255013801,False,True,900,5.656956261504012,1.2683913189349816,0.3105338339300201,-4.392647739386844,-3.218189157081928,-0.6405228758169679,0.4999999999988347,7.75
gbpusd_rsi2_m5_usd100000_smaller_stop_and_time,2017-11-02T08:40:00+00:00,2017-11-02T09:05:00+00:00,61433,signal_exit,0.19065000000015717,3.1722129783719994,False,True,1500,6.5695270193670146,1.3822618514842921,-0.173880627910146,-4.314135786730157,-1.7354590918142394,-0.9193548387095157,0.40000000000040004,8.666666666666666
gbpusd_rsi2_m5_usd100000_smaller_stop_and_time,2017-11-02T09:15:00+00:00,2017-11-02T09:30:00+00:00,61440,signal_exit,0.5765800000001418,9.57774086378973,False,True,900,7.291947813979243,1.4620489774811136,-0.5745490417319662,-6.69114054334308,-2.761676076649561,-0.7904761904762972,0.40000000000040004,9.25
gbpusd_rsi2_m5_usd100000_smaller_stop_and_time,2017-11-02T10:30:00+00:00,2017-11-02T11:05:00+00:00,61455,signal_exit,-0.46487999999986385,-7.722259136210363,False,False,2100,7.538301740693345,1.4012203212856458,-1.0978614326007483,-7.18511908916974,-2.131848069842171,-0.6019417475728281,0.40000000000040004,10.5
gbpusd_rsi2_m5_usd100000_smaller_stop_and_time,2017-11-02T11:30:00+00:00,2017-11-02T11:55:00+00:00,61467,signal_exit,0.17386000000003918,2.8832504145943476,False,True,1500,7.765660773175161,1.3738607446172848,-1.4850746112941149,-8.945886821621373,-1.9575651101210256,-0.6,0.2999999999997449,11.5
gbpusd_rsi2_m5_usd100000_smaller_stop_and_time,2017-11-02T12:05:00+00:00,2017-11-02T13:05:00+00:00,61474,holding_bars,-0.7827199999999088,-12.894892915978728,False,False,3600,20.806315915101468,2.693585441137602,-1.4150121920564165,-17.0791919184561,-4.031847036008474,-0.5496876774559889,0.5999999999994898,12.083333333333334
gbpusd_rsi2_m5_usd100000_smaller_stop_and_time,2017-11-02T13:30:00+00:00,2017-11-02T14:10:00+00:00,61491,signal_exit,0.12832000000012583,2.1105263157915433,False,True,2400,16.563867057736317,1.8212013233302349,-2.807382363616764,-13.56047794635742,-0.6195591757452725,-0.6949152542373487,0.2999999999997449,13.5
gbpusd_rsi2_m5_usd100000_smaller_stop_and_time,2017-11-02T14:55:00+00:00,2017-11-02T15:20:00+00:00,61508,signal_exit,0.05536000000005287,0.9105263157903432,False,True,1500,12.730393848754535,1.3475675384735348,-2.897948866433082,-11.84446548262232,-1.2702148304042176,-0.8318584070795382,0.0,14.916666666666666
gbpusd_rsi2_m5_usd100000_smaller_stop_and_time,2017-11-02T15:50:00+00:00,2017-11-02T16:50:00+00:00,61519,holding_bars,-0.8831999999998705,-14.478688524588042,False,False,3600,12.546263692421595,1.293229259239625,-2.7737831279911767,-13.422682024448191,-2.0294701825412695,0.036231884057888235,0.40000000000040004,15.833333333333334
gbpusd_rsi2_m5_usd100000_smaller_stop_and_time,2017-11-03T07:10:00+00:00,2017-11-03T07:25:00+00:00,61702,stop,-0.6597598054142682,-10.815734514988003,True,False,900,3.3185229951988826,0.8665878453697972,-1.1569581122657362,-8.398541755344596,-3.162512085484922,-0.4222222222222167,0.5000000000010552,7.166666666666667
gbpusd_rsi2_m5_usd100000_smaller_stop_and_time,2017-11-03T07:50:00+00:00,2017-11-03T08:35:00+00:00,61710,signal_exit,-0.23665999999983317,-3.8733224222558618,False,False,2700,5.209007269958197,1.2635858064057381,-1.2926176300004892,-8.716422140222745,-1.7688259321687125,-1.0,0.40000000000040004,7.833333333333333
gbpusd_rsi2_m5_usd100000_smaller_stop_and_time,2017-11-03T09:05:00+00:00,2017-11-03T09:25:00+00:00,61725,signal_exit,-0.12667999999992668,-2.0733224222573927,False,False,1200,5.772687376471426,1.2986709979223234,-1.6959021062982749,-6.534495540050769,-0.08052062555011834,-0.6111111111115566,0.40000000000040004,9.083333333333334
gbpusd_rsi2_m5_usd100000_smaller_stop_and_time,2017-11-03T13:35:00+00:00,2017-11-03T13:55:00+00:00,61779,signal_exit,0.04969000000014828,0.8159277504129437,False,True,1200,9.99477470500945,1.609172723882037,0.6979461263194031,1.9984597108386157,-0.6492560549636626,-0.8840579710143901,0.4999999999988347,13.583333333333334
gbpusd_rsi2_m5_usd100000_smaller_stop_and_time,2017-11-03T14:30:00+00:00,2017-11-03T14:55:00+00:00,61790,stop,-1.3229299676674293,-21.722987974834634,True,False,1500,8.919457862622723,1.3965013058112132,0.6003841010537313,-0.6847116586151364,-1.9926803750410251,-0.46341463414649997,0.20000000000131024,14.5
gbpusd_rsi2_m5_usd100000_smaller_stop_and_time,2017-11-03T15:00:00+00:00,2017-11-03T15:25:00+00:00,61796,signal_exit,0.27580000000013727,4.521311475412086,False,True,1500,8.654155964780415,1.3353856224042693,0.3167295195199471,-2.4954969671992338,-1.872291738311391,-0.3405797101450278,0.40000000000040004,15.0
gbpusd_rsi2_m5_usd100000_smaller_stop_and_time,2017-11-06T09:35:00+00:00,2017-11-06T09:50:00+00:00,62005,signal_exit,0.5782400000001033,9.510526315791173,False,True,900,7.030800365852001,1.5587172486817815,0.8695082659605801,4.227581702571044,0.2346784322888623,-0.8421052631577963,0.40000000000040004,9.583333333333334
gbpusd_rsi2_m5_usd100000_smaller_stop_and_time,2017-11-06T10:25:00+00:00,2017-11-06T10:25:00+00:00,62015,target,0.4667572317511841,7.67692815380237,False,True,0,5.883200919006187,1.2919971774278236,1.281092397373372,3.8352200439269994,-1.2315555331716157,-0.5625000000004337,0.40000000000040004,10.416666666666666
gbpusd_rsi2_m5_usd100000_smaller_stop_and_time,2017-11-06T11:25:00+00:00,2017-11-06T12:00:00+00:00,62027,signal_exit,-0.14527999999991154,-2.3894736842090714,False,False,2100,6.208266495735874,1.299060486359274,1.4731808434424005,5.229979092777047,-0.3218622202213563,-0.38235294117657304,0.40000000000040004,11.416666666666666
gbpusd_rsi2_m5_usd100000_smaller_stop_and_time,2017-11-06T12:25:00+00:00,2017-11-06T12:55:00+00:00,62039,signal_exit,-0.21215999999994467,-3.489473684209616,False,False,1800,5.112037583008535,1.084186281617662,1.4025640590913728,3.149616238547591,-1.465116078202156,-0.9444444444446843,0.4999999999988347,12.416666666666666
gbpusd_rsi2_m5_usd100000_smaller_stop_and_time,2017-11-06T13:45:00+00:00,2017-11-06T14:35:00+00:00,62055,signal_exit,-0.47967999999980715,-7.8894736842073545,False,False,3000,4.648421738196764,0.99299927986351,0.9720948464507273,3.458890391861504,-0.03138316850975004,-0.6666666666666666,0.2999999999997449,13.75
gbpusd_rsi2_m5_usd100000_smaller_stop_and_time,2017-11-06T15:05:00+00:00,2017-11-06T15:35:00+00:00,62071,signal_exit,0.07968000000007719,1.3105263157907432,False,True,1800,4.9392507363151905,1.0383976335622873,0.8074913525685999,2.243713700355233,-0.5675753754418055,-0.7058823529412149,0.5000000000010552,15.083333333333334
gbpusd_rsi2_m5_usd100000_smaller_stop_and_time,2017-11-07T07:00:00+00:00,2017-11-07T07:10:00+00:00,62256,stop,-0.6947853841978875,-11.465105349800124,True,False,600,3.782387658399544,1.1575493092829872,0.9883529636536439,-0.6135126952145302,-2.5007935994457644,0.039473684210499405,0.1999999999990898,7.0
gbpusd_rsi2_m5_usd100000_smaller_stop_and_time,2017-11-07T07:40:00+00:00,2017-11-07T07:50:00+00:00,62264,target,0.3240582032771935,5.347495103584051,False,True,600,4.573912568293036,1.3277018682969544,0.43102191515905247,-3.2550451293241984,-1.6892219492698906,-0.6375000000000832,0.10000000000065512,7.666666666666667
gbpusd_rsi2_m5_usd100000_smaller_stop_and_time,2017-11-07T08:45:00+00:00,2017-11-07T09:15:00+00:00,62277,signal_exit,0.19996000000006361,3.2996699669977496,False,True,1800,6.18563172425199,1.590270755642633,-0.17088910625179635,-2.969616035769209,-1.9771534069306915,-0.7142857142856904,0.40000000000040004,8.75
gbpusd_rsi2_m5_usd100000_smaller_stop_and_time,2017-11-07T10:05:00+00:00,2017-11-07T10:55:00+00:00,62293,signal_exit,0.08482000000011664,1.3996699669986241,False,True,3000,6.451460714884887,1.5117516101573654,-0.28377708453606887,-1.984995899209305,-0.48949757693389756,-0.7391304347825387,0.10000000000065512,10.083333333333334
gbpusd_rsi2_m5_usd100000_smaller_stop_and_time,2017-11-07T11:15:00+00:00,2017-11-07T11:45:00+00:00,62307,stop,-0.8412411956171482,-13.881867914474393,True,False,1800,4.890768940736734,1.1523394904303828,-0.33243214552838984,-1.8525051445651561,-1.1070151653144276,-0.9090909090908174,0.40000000000040004,11.25
gbpusd_rsi2_m5_usd100000_smaller_stop_and_time,2017-11-07T11:50:00+00:00,2017-11-07T12:05:00+00:00,62314,stop,-0.8810205021313366,-14.514341056529434,True,False,900,5.359724070275509,1.2305078382913899,-0.36953003973005005,-3.1623458759823078,-2.0937901727896073,-0.060344827586216794,0.10000000000065512,11.833333333333334
gbpusd_rsi2_m5_usd100000_smaller_stop_and_time,2017-11-07T12:10:00+00:00,2017-11-07T12:40:00+00:00,62318,signal_exit,0.0003100000000992309,0.005107084021404133,False,True,1800,5.573002893875966,1.2586505322408479,-0.4819961303784314,-4.441192876272673,-1.9631848719340304,-0.0729166666666763,0.2999999999997449,12.166666666666666
gbpusd_rsi2_m5_usd100000_smaller_stop_and_time,2017-11-07T13:30:00+00:00,2017-11-07T13:40:00+00:00,62334,signal_exit,0.14599000000011014,2.405107084021584,False,True,600,6.0506782972249304,1.2928016116122283,-0.8207372985357111,-4.576311452590867,-1.6988177086668137,-0.2857142857139836,0.1999999999990898,13.5
gbpusd_rsi2_m5_usd100000_smaller_stop_and_time,2017-11-07T15:05:00+00:00,2017-11-07T15:40:00+00:00,62353,signal_exit,0.1824100000000792,3.005107084021074,False,True,2100,6.200174845048,1.2606108587595686,-0.8243040831774934,-5.209565807305454,-2.0862619786647474,-0.8928571428572278,0.40000000000040004,15.083333333333334
gbpusd_rsi2_m5_usd100000_smaller_stop_and_time,2017-11-08T07:50:00+00:00,2017-11-08T08:20:00+00:00,62554,stop,-0.8025386551639686,-13.221394648500306,True,False,1800,4.763250866260916,1.3944735377460575,-0.4439020081881463,-6.129397664125814,-3.1074430436336127,-0.6626506024096128,0.0,7.833333333333333
gbpusd_rsi2_m5_usd100000_smaller_stop_and_time,2017-11-08T10:25:00+00:00,2017-11-08T11:00:00+00:00,62585,signal_exit,0.10957000000014111,1.805107084022094,False,True,2100,6.277493816168116,1.4999847812454874,-1.2146964995944576,-8.321496694446912,-3.743122820130583,-0.6896551724138346,0.40000000000040004,10.416666666666666
gbpusd_rsi2_m5_usd100000_smaller_stop_and_time,2017-11-08T11:55:00+00:00,2017-11-08T12:10:00+00:00,62603,stop,-0.9275986432637566,-15.281690992813123,True,False,900,5.7933990384172525,1.294959608576566,-1.3723654133254,-6.513733146288286,-1.1359053390608915,-0.5802469135802266,0.0,11.916666666666666
gbpusd_rsi2_m5_usd100000_smaller_stop_and_time,2017-11-08T12:15:00+00:00,2017-11-08T12:35:00+00:00,62607,signal_exit,0.31680000000014563,5.210526315791869,False,True,1200,7.092502341114158,1.503375676431723,-1.4476386321242094,-10.589667066723786,-3.3020705655142715,-0.6138211382113997,0.40000000000040004,12.25
gbpusd_rsi2_m5_usd100000_smaller_stop_and_time,2017-11-08T13:00:00+00:00,2017-11-08T13:50:00+00:00,62616,signal_exit,0.031040000000163548,0.5105263157921636,False,True,3000,6.869186881521276,1.4038765627961387,-1.6033023363507521,-9.018943532598387,-1.244881331647065,-0.7904761904759185,0.2999999999997449,13.0
gbpusd_rsi2_m5_usd100000_smaller_stop_and_time,2017-11-08T14:05:00+00:00,2017-11-08T14:50:00+00:00,62629,signal_exit,-0.16954999999980053,-2.7840722495862154,False,False,2700,6.407057750233657,1.2712626025252225,-1.9106235309159254,-8.985697528460939,-2.4265752290303237,-0.48214285714293503,0.0,14.083333333333334
gbpusd_rsi2_m5_usd100000_smaller_stop_and_time,2017-11-09T08:25:00+00:00,2017-11-09T08:55:00+00:00,62843,stop,-0.7748324468049759,-12.764949700246719,True,False,1800,4.435028392133539,1.190360171292933,1.1923017913024252,3.243031200863848,-1.1386475899935997,-0.29032258064488403,0.20000000000131024,8.416666666666666
gbpusd_rsi2_m5_usd100000_smaller_stop_and_time,2017-11-09T09:00:00+00:00,2017-11-09T09:10:00+00:00,62850,stop,-0.8261135333839398,-13.609778144710704,True,False,600,4.807442614366271,1.2561746694594005,0.9957868353671006,-1.8539558747505227,-2.7197676975454597,-0.912698412698533,0.2999999999997449,9.0
gbpusd_rsi2_m5_usd100000_smaller_stop_and_time,2017-11-09T09:15:00+00:00,2017-11-09T10:00:00+00:00,62853,stop,-0.9542812292744258,-15.695414955171477,True,False,2700,5.852970635481931,1.4579141036129188,0.6991804041989788,-5.0980421258323,-2.415638455321569,-0.5151515151515478,0.2999999999997449,9.25
gbpusd_rsi2_m5_usd100000_smaller_stop_and_time,2017-11-09T10:05:00+00:00,2017-11-09T10:45:00+00:00,62863,signal_exit,0.05578000000018818,0.9159277504135989,False,True,2400,6.234788707163124,1.4671443103449042,-0.3515771064793003,-7.793932577734462,-1.7858196063341225,-0.4899999999999334,0.3999999999981796,10.083333333333334
gbpusd_rsi2_m5_usd100000_smaller_stop_and_time,2017-11-09T12:55:00+00:00,2017-11-09T13:55:00+00:00,62897,holding_bars,-0.5830399999999443,-9.58947368420961,False,False,3600,6.781981206929436,1.3794311693335242,-0.17475915412690196,-1.6749778537828723,-0.9742145109154239,-0.7267759562841828,0.5000000000010552,12.916666666666666
gbpusd_rsi2_m5_usd100000_smaller_stop_and_time,2017-11-09T14:00:00+00:00,2017-11-09T14:45:00+00:00,62910,signal_exit,-0.1574399999998562,-2.5894736842081607,False,False,2700,6.2570320161939,1.2372308032230717,-0.04222528221860067,-2.9142903397213753,-1.7479309028309928,-0.5142857142851704,0.2999999999997449,14.0
gbpusd_rsi2_m5_usd100000_smaller_stop_and_time,2017-11-10T07:10:00+00:00,2017-11-10T07:10:00+00:00,63114,stop,-0.7979860409695272,-13.146392767208026,True,False,0,4.475749925615036,1.2386054582020642,0.47170618386609275,-2.1480848238212835,-2.2889825477108863,-0.7684210526314658,0.4999999999988347,7.166666666666667
gbpusd_rsi2_m5_usd100000_smaller_stop_and_time,2017-11-10T07:15:00+00:00,2017-11-10T07:20:00+00:00,63115,stop,-0.8450220380431523,-13.921285634977798,True,False,300,4.86319635949955,1.3218714749302378,0.40866519684704306,-4.322442199657018,-2.742796955824177,-0.8383838383840967,0.5000000000010552,7.25
gbpusd_rsi2_m5_usd100000_smaller_stop_and_time,2017-11-10T11:05:00+00:00,2017-11-10T11:25:00+00:00,63161,signal_exit,-0.006079999999806074,-0.10033003300010021,False,False,1200,6.020373406592521,1.2798908013712198,0.5608677373658129,1.4912247883770973,-1.348008314476329,-0.5735294117650468,0.40000000000040004,11.083333333333334
gbpusd_rsi2_m5_usd100000_smaller_stop_and_time,2017-11-10T12:50:00+00:00,2017-11-10T13:00:00+00:00,63182,signal_exit,0.13880000000007015,2.294214876034217,False,True,600,6.515941335913506,1.284329243323516,0.8920767344943095,5.048100073562741,0.5873862775379037,-0.34285714285741475,0.10000000000065512,12.833333333333334
gbpusd_rsi2_m5_usd100000_smaller_stop_and_time,2017-11-13T07:10:00+00:00,2017-11-13T07:10:00+00:00,63399,stop,-0.7296499580105873,-12.000821677805712,True,False,0,4.00567399679812,1.0344352885863395,-1.5595834597909843,-9.834945080661345,-2.0143981797071664,-0.8888888888887861,0.2999999999997449,7.166666666666667
gbpusd_rsi2_m5_usd100000_smaller_stop_and_time,2017-11-13T07:15:00+00:00,2017-11-13T07:50:00+00:00,63400,stop,-0.8155892467241272,-13.414296821120514,True,False,2100,4.662411568455547,1.1745611348782654,-1.574702739292684,-12.042775358795692,-2.555981780527107,-0.7727272727271657,0.40000000000040004,7.25
gbpusd_rsi2_m5_usd100000_smaller_stop_and_time,2017-11-13T07:55:00+00:00,2017-11-13T08:00:00+00:00,63408,target,0.4784928950745386,7.857026191700141,False,True,300,5.9205492206438635,1.3930115721560143,-1.9631475131385814,-12.580352191540339,-1.84387800392737,-0.8699186991868686,0.2999999999997449,7.916666666666667
gbpusd_rsi2_m5_usd100000_smaller_stop_and_time,2017-11-13T08:25:00+00:00,2017-11-13T08:40:00+00:00,63414,signal_exit,0.37246000000009927,6.115927750412139,False,True,900,6.931431228052924,1.5341962166359528,-2.156625721789488,-11.890829947495433,-1.72610764617523,-0.6964285714285678,0.40000000000040004,8.416666666666666
gbpusd_rsi2_m5_usd100000_smaller_stop_and_time,2017-11-13T09:00:00+00:00,2017-11-13T09:45:00+00:00,63421,signal_exit,-0.10849999999994236,-1.778688524589219,False,False,2700,7.5449819033414265,1.5786088859189777,-2.332767179402241,-13.126795082454056,-2.9123244496556198,-0.7641025641026004,0.10000000000065512,9.0
gbpusd_rsi2_m5_usd100000_smaller_stop_and_time,2017-11-13T13:15:00+00:00,2017-11-13T13:40:00+00:00,63472,stop,-1.0222989026711669,-16.786517285240834,True,False,1500,6.401222517826941,1.152433578106067,-1.0916112617464144,-3.8288163627724288,0.10036088664759305,-0.8181818181816652,0.2999999999997449,13.25
gbpusd_rsi2_m5_usd100000_smaller_stop_and_time,2017-11-13T13:45:00+00:00,2017-11-13T14:05:00+00:00,63478,signal_exit,0.32374000000018577,5.315927750413559,False,True,1200,6.94397399256056,1.220684212443166,-0.9376589759919727,-6.007306267802443,-2.750073378721264,-0.9594594594594918,0.2999999999997449,13.75
gbpusd_rsi2_m5_usd100000_smaller_stop_and_time,2017-11-13T14:50:00+00:00,2017-11-13T15:05:00+00:00,63491,signal_exit,0.09232000000002188,1.5159277504108684,False,True,900,5.845610552948437,1.0410076109115733,-0.8984895312788205,-4.307863688002609,-0.811584907779771,-0.8064516129030526,0.2999999999997449,14.833333333333334
gbpusd_rsi2_m5_usd100000_smaller_stop_and_time,2017-11-14T07:15:00+00:00,2017-11-14T07:20:00+00:00,63686,target,0.15820093817240208,2.6019891146776652,False,True,300,3.4457313994426086,1.0860615176916069,-0.2773897209959322,-5.155391477181395,-1.644261399326546,-0.8000000000000986,0.5999999999994898,7.25
gbpusd_rsi2_m5_usd100000_smaller_stop_and_time,2017-11-14T07:55:00+00:00,2017-11-14T08:00:00+00:00,63694,target,0.4178525957369117,6.861290570392638,False,True,300,5.52268140999091,1.55061758245266,-0.584029893227957,-5.971770593643179,-2.037301404372678,-0.2,0.5000000000010552,7.916666666666667
gbpusd_rsi2_m5_usd100000_smaller_stop_and_time,2017-11-14T09:35:00+00:00,2017-11-14T10:05:00+00:00,63714,signal_exit,0.4759900000002366,7.815927750414394,False,True,1800,9.128524601826498,1.9996704366240312,-0.2529870130194755,-5.174747325290035,-2.865793801137353,-0.6523702031602939,0.4999999999988347,9.583333333333334
gbpusd_rsi2_m5_usd100000_smaller_stop_and_time,2017-11-14T11:00:00+00:00,2017-11-14T11:15:00+00:00,63731,signal_exit,0.23848000000016809,3.9159277504132692,False,True,900,7.019679481137793,1.4271800505196397,-0.615786288933155,-4.668656870146258,-1.1968968752639493,-0.688888888888867,0.40000000000040004,11.0
gbpusd_rsi2_m5_usd100000_smaller_stop_and_time,2017-11-14T12:10:00+00:00,2017-11-14T12:50:00+00:00,63745,signal_exit,0.15872000000019001,2.6105263157925984,False,True,2400,6.192379411941989,1.234708176835175,-0.4989898468229973,-1.1725832885684668,0.45671763485587746,-0.8055555555555298,0.3999999999981796,12.166666666666666
gbpusd_rsi2_m5_usd100000_smaller_stop_and_time,2017-11-14T13:30:00+00:00,2017-11-14T13:45:00+00:00,63761,signal_exit,0.26208000000005716,4.310526315790414,False,True,900,6.022220295640045,1.1624031213795414,-0.12238051238137758,-1.7788925325074436,-1.8317973089366262,-0.6907216494845432,0.700000000000145,13.5
gbpusd_rsi2_m5_usd100000_smaller_stop_and_time,2017-11-14T14:35:00+00:00,2017-11-14T15:00:00+00:00,63774,signal_exit,0.05536000000018787,0.9105263157925636,False,True,1500,6.564530105203951,1.2075597504561064,-0.17645971102956812,-1.4575013975860047,-1.0824188749389856,-0.517647058823514,0.40000000000040004,14.583333333333334
gbpusd_rsi2_m5_usd100000_smaller_stop_and_time,2017-11-15T09:45:00+00:00,2017-11-15T09:45:00+00:00,63997,stop,-1.4506544229006724,-23.977759056209457,True,False,0,9.985986966121947,1.8203054997915775,1.6239793243334024,4.326620306904158,-1.2719437274425638,-0.7079646017699541,0.2999999999997449,9.75
gbpusd_rsi2_m5_usd100000_smaller_stop_and_time,2017-11-15T09:50:00+00:00,2017-11-15T10:10:00+00:00,63998,signal_exit,0.7453600000001381,12.299669966998978,False,True,1200,11.35127361139893,1.9803803011329981,1.4909091585860537,-0.4257137223793917,-3.0301104831386843,-0.9003436426117166,0.40000000000040004,9.833333333333334
gbpusd_rsi2_m5_usd100000_smaller_stop_and_time,2017-11-15T10:40:00+00:00,2017-11-15T11:00:00+00:00,64008,signal_exit,0.21208000000014302,3.49966996699906,False,True,1200,12.263283109160342,1.8680068225980715,0.9510995803505674,0.6734489473381464,-0.8676572360952655,-0.6511627906979146,0.1999999999990898,10.666666666666666
gbpusd_rsi2_m5_usd100000_smaller_stop_and_time,2017-11-15T11:30:00+00:00,2017-11-15T11:55:00+00:00,64018,signal_exit,0.09040000000015608,1.4942148760356375,False,True,1500,10.36675107682439,1.5252607621682803,0.4463066605284732,1.020707875643229,-0.15572340196317225,-0.8297872340426085,0.2999999999997449,11.5
gbpusd_rsi2_m5_usd100000_smaller_stop_and_time,2017-11-15T12:15:00+00:00,2017-11-15T12:30:00+00:00,64027,signal_exit,0.2545000000001518,4.199669966999204,False,True,900,9.067031457394695,1.3186163285120842,0.35163453609448914,-0.3670518405059378,-1.9050121300662182,-0.7945205479451096,0.1999999999990898,12.25
gbpusd_rsi2_m5_usd100000_smaller_stop_and_time,2017-11-16T07:15:00+00:00,2017-11-16T07:15:00+00:00,64254,stop,-0.7011387977608139,-11.589071037368823,True,False,0,3.7916429567016534,1.021574764734799,0.31645531789884895,-1.6555229844628758,-2.3023957549516383,-0.9081632653061987,0.2999999999997449,7.25
gbpusd_rsi2_m5_usd100000_smaller_stop_and_time,2017-11-16T07:20:00+00:00,2017-11-16T07:45:00+00:00,64255,target,0.3609080458986462,5.955578315159179,False,True,1500,5.027954174080147,1.2916379291444526,0.23277994057901816,-6.776656051715277,-3.619650759817859,-0.9715639810426789,0.40000000000040004,7.333333333333333
gbpusd_rsi2_m5_usd100000_smaller_stop_and_time,2017-11-16T11:30:00+00:00,2017-11-16T12:30:00+00:00,64305,holding_bars,-0.2845599999998834,-4.711258278143765,False,False,3600,7.270915787994721,1.2987822864365017,0.7614196562449032,3.6402623674608376,0.3558680546098443,-0.4615384615383827,0.2999999999997449,11.5
gbpusd_rsi2_m5_usd100000_smaller_stop_and_time,2017-11-16T14:25:00+00:00,2017-11-16T14:55:00+00:00,64340,signal_exit,0.12012000000008544,1.988741721855719,False,True,1800,6.750984053734357,1.1460708520166374,0.7863108213173667,2.5101564086911896,-0.8583889618727332,-0.8000000000000986,0.0,14.416666666666666
gbpusd_rsi2_m5_usd100000_smaller_stop_and_time,2017-11-16T15:35:00+00:00,2017-11-16T15:50:00+00:00,64354,signal_exit,0.35055000000011405,5.794214876034943,False,True,900,7.172168471088289,1.1865496990995315,0.652539031292262,-0.062108096258768355,-3.060473026317992,-0.7391304347826577,0.40000000000040004,15.583333333333334
gbpusd_rsi2_m5_usd100000_smaller_stop_and_time,2017-11-17T08:05:00+00:00,2017-11-17T08:10:00+00:00,64551,stop,-0.9620089776281693,-15.98021557521876,True,False,300,6.078978219504731,1.3789742814349475,1.5035591018865353,5.391648002437105,-0.196264936045159,-0.3465346534652138,0.09999999999843467,8.083333333333334
gbpusd_rsi2_m5_usd100000_smaller_stop_and_time,2017-11-17T10:50:00+00:00,2017-11-17T10:55:00+00:00,64584,stop,-1.021355033234751,-16.9660304524045,True,False,300,6.4218856580961186,1.2579442530957086,1.2701188608321656,2.9578102784772935,-1.882977261539038,-0.7288135593218042,0.40000000000040004,10.833333333333334
gbpusd_rsi2_m5_usd100000_smaller_stop_and_time,2017-11-17T11:00:00+00:00,2017-11-17T11:20:00+00:00,64586,stop,-1.3009664303667836,-21.57489934273273,True,False,1200,8.779074878664519,1.6024930862283613,1.099138415687389,-2.481911751238445,-3.7374416549499583,-0.7479224376730859,0.2999999999997449,11.0
gbpusd_rsi2_m5_usd100000_smaller_stop_and_time,2017-11-17T12:50:00+00:00,2017-11-17T13:20:00+00:00,64608,signal_exit,0.09596000000019539,1.5887417218575395,False,True,1800,6.938179722494527,1.199403722746522,-0.8224520533554925,-4.7267105139827565,-1.72225182567181,-0.7244094488189898,0.40000000000040004,12.833333333333334
gbpusd_rsi2_m5_usd100000_smaller_stop_and_time,2017-11-17T13:50:00+00:00,2017-11-17T14:10:00+00:00,64620,target,0.7404189715061873,12.238330107540285,False,True,1200,8.022057615752555,1.3225283039730993,-0.886942673926647,-6.827378084522099,-3.1130110419885346,-0.8095238095238011,0.10000000000065512,13.833333333333334
gbpusd_rsi2_m5_usd100000_smaller_stop_and_time,2017-11-20T10:35:00+00:00,2017-11-20T11:30:00+00:00,64867,signal_exit,-0.4944899999999275,-8.227787021629409,False,False,3300,8.013224081550895,1.475781212521838,2.058213855924707,6.331216034294951,-1.4666329757347356,-0.7812499999998699,0.1999999999990898,10.583333333333334
gbpusd_rsi2_m5_usd100000_smaller_stop_and_time,2017-11-20T12:05:00+00:00,2017-11-20T12:35:00+00:00,64885,signal_exit,-0.1819399999998817,-3.0222591362106592,False,False,1800,7.226934150925617,1.2711515220427076,1.2949694761141708,2.6163173649639133,-2.0907756312847376,-0.3787878787876086,0.2999999999997449,12.083333333333334
gbpusd_rsi2_m5_usd100000_smaller_stop_and_time,2017-11-21T08:40:00+00:00,2017-11-21T09:30:00+00:00,65130,signal_exit,-0.2601999999998597,-4.322259136210294,False,False,3000,6.390839943499345,1.687869256697185,0.7955873536165089,0.5686168147447033,-1.5915369550607665,-0.4,0.2999999999997449,8.666666666666666
gbpusd_rsi2_m5_usd100000_smaller_stop_and_time,2017-11-21T10:55:00+00:00,2017-11-21T10:55:00+00:00,65157,stop,-1.1303748099023987,-18.776990197714262,True,False,0,7.327365530752178,1.574527766558898,-0.32104394392261476,-2.7492678774368406,-1.846748730005029,-0.6666666666665296,0.3999999999981796,10.916666666666666
gbpusd_rsi2_m5_usd100000_smaller_stop_and_time,2017-11-21T11:00:00+00:00,2017-11-21T11:25:00+00:00,65158,signal_exit,0.5718400000001025,9.483250414595398,False,True,1500,8.525410849984024,1.7555519665857173,-0.34659480526966413,-4.708245721236046,-3.1036152055556916,-0.42738589211625366,0.5999999999994898,11.0
gbpusd_rsi2_m5_usd100000_smaller_stop_and_time,2017-11-21T13:00:00+00:00,2017-11-21T13:20:00+00:00,65182,signal_exit,0.08896000000002163,1.4777408637877347,False,True,1200,7.201393932359188,1.346572215725055,-0.19621453901930544,-0.1524146040897101,0.255041394438255,-0.6029411764706074,0.10000000000065512,13.0
gbpusd_rsi2_m5_usd100000_smaller_stop_and_time,2017-11-21T15:35:00+00:00,2017-11-21T15:55:00+00:00,65213,stop,-1.000084910920007,-16.612706161461908,True,False,1200,6.345223512625505,1.128395008134154,0.33058125164351193,0.677617859253246,-1.1760401760665955,-0.6891891891892379,0.1999999999990898,15.583333333333334
gbpusd_rsi2_m5_usd100000_smaller_stop_and_time,2017-11-22T08:35:00+00:00,2017-11-22T09:10:00+00:00,65414,signal_exit,0.15518000000018814,2.577740863790501,False,True,2100,5.461458520060926,1.4710576533675856,0.32534702867398835,-1.2856454995503792,-2.0031993241493757,-0.6400000000000237,0.1999999999990898,8.583333333333334
gbpusd_rsi2_m5_usd100000_smaller_stop_and_time,2017-11-22T10:10:00+00:00,2017-11-22T10:35:00+00:00,65433,signal_exit,-0.07357999999984016,-1.2222591362099695,False,False,1500,5.165863054408583,1.3062237644584713,-0.017552650605644086,-0.3856065244607164,-0.36826390807987835,-0.4680851063827676,0.1999999999990898,10.166666666666666
gbpusd_rsi2_m5_usd100000_smaller_stop_and_time,2017-11-22T11:20:00+00:00,2017-11-22T11:40:00+00:00,65447,signal_exit,0.1973200000000632,3.277740863788425,False,True,1200,5.520753729968795,1.3273794205102525,-0.060416715123692,-2.295787736904501,-2.391294006443075,-0.6250000000002478,0.40000000000040004,11.333333333333334
gbpusd_rsi2_m5_usd100000_smaller_stop_and_time,2017-11-22T12:25:00+00:00,2017-11-22T12:35:00+00:00,65460,signal_exit,0.08294000000011587,1.3777408637893,False,True,600,5.591358407611827,1.2870950653068094,-0.1853429383204126,-2.0139607962610295,-1.163316178175945,-0.40625000000073724,0.40000000000040004,12.416666666666666
gbpusd_rsi2_m5_usd100000_smaller_stop_and_time,2017-11-22T13:00:00+00:00,2017-11-22T13:30:00+00:00,65467,signal_exit,0.6080200000002056,10.083250414597108,False,True,1800,7.894217204781824,1.647299404083345,-0.28361653064428094,-5.409651529338339,-2.904098002975483,-0.49404761904751443,0.4999999999988347,13.0
gbpusd_rsi2_m5_usd100000_smaller_stop_and_time,2017-11-23T07:25:00+00:00,2017-11-23T08:25:00+00:00,65679,holding_bars,-0.32578999999989305,-5.438898163604224,False,False,3600,4.05321672653252,1.1022216423222189,0.965906388350378,0.783734236564951,-2.566524446799514,-0.9390243902437769,0.1999999999990898,7.416666666666667
gbpusd_rsi2_m5_usd100000_smaller_stop_and_time,2017-11-23T09:15:00+00:00,2017-11-23T09:25:00+00:00,65701,stop,-0.9175460550265602,-15.317964190760602,True,False,600,5.639533013576825,1.3802593280120112,0.16853105423119513,-2.6606325018248294,-2.903822733434065,-0.4960629921261329,0.30000000000196536,9.25
gbpusd_rsi2_m5_usd100000_smaller_stop_and_time,2017-11-23T09:30:00+00:00,2017-11-23T09:30:00+00:00,65704,target,0.47800673604216937,7.966778934036156,False,True,0,6.150056133683828,1.4609763947513363,0.010058445772339556,-4.255052789380769,-2.2972275096534553,0.01020408163272011,0.5999999999994898,9.5
gbpusd_rsi2_m5_usd100000_smaller_stop_and_time,2017-11-23T10:15:00+00:00,2017-11-23T10:30:00+00:00,65713,signal_exit,0.1294500000000302,2.161101836394494,False,True,900,6.162068949655218,1.3999374650126795,-0.1676383236723237,-1.9305264486315283,-0.7061921345944386,-0.45205479452053127,0.5000000000010552,10.25
gbpusd_rsi2_m5_usd100000_smaller_stop_and_time,2017-11-23T13:55:00+00:00,2017-11-23T14:50:00+00:00,65757,signal_exit,0.0695500000000368,1.1611018363946044,False,True,3300,5.055449006071706,1.0794725399731415,0.16176030082284024,0.31684970892520964,-0.4114191454772244,-0.34693877551013935,0.2999999999997449,13.916666666666666
gbpusd_rsi2_m5_usd100000_smaller_stop_and_time,2017-11-23T15:05:00+00:00,2017-11-23T15:20:00+00:00,65771,signal_exit,0.15940000000009344,2.6611018363955496,False,True,900,5.071336610166534,1.0731210190127025,0.17410490347322705,-1.135846241801894,-2.298378173321909,-0.3285714285713969,0.10000000000065512,15.083333333333334
gbpusd_rsi2_m5_usd100000_smaller_stop_and_time,2017-11-24T07:35:00+00:00,2017-11-24T07:50:00+00:00,65955,signal_exit,0.1294500000001632,2.1611018363967145,False,True,900,3.9104078805465528,1.2364651207309332,-0.7599027666903183,-2.3358050630033627,0.4030698793845473,-0.31999999999984013,0.2999999999997449,7.583333333333333
gbpusd_rsi2_m5_usd100000_smaller_stop_and_time,2017-11-24T09:30:00+00:00,2017-11-24T09:50:00+00:00,65978,signal_exit,0.0033200000001369356,0.05551839465111932,False,True,1200,6.252724463839411,1.5872810248427378,0.8911548836843699,4.068805273782058,-0.026410617524651642,-0.4743589743589488,0.40000000000040004,9.5
gbpusd_rsi2_m5_usd100000_smaller_stop_and_time,2017-11-24T10:25:00+00:00,2017-11-24T10:35:00+00:00,65989,stop,-0.8953121751732971,-14.971775504570184,True,False,600,5.313646949610435,1.324031086964321,1.3203117273720453,4.73507442059917,-0.1560974883516218,-0.5744680851064031,0.5999999999994898,10.416666666666666
gbpusd_rsi2_m5_usd100000_smaller_stop_and_time,2017-11-24T10:40:00+00:00,2017-11-24T11:25:00+00:00,65992,signal_exit,0.08704000000002149,1.4555183946491888,False,True,2700,5.292632051127661,1.3074043197725693,1.2388751244669947,2.864592478785447,-1.592410729508969,-0.12676056338048872,0.5000000000010552,10.666666666666666
gbpusd_rsi2_m5_usd100000_smaller_stop_and_time,2017-11-24T11:45:00+00:00,2017-11-24T12:00:00+00:00,66005,target,0.3872668565881974,6.4652229814390205,False,True,900,5.302060572521785,1.2585445609051882,0.8418226843326326,0.49581636273447066,-1.7595196688343488,-0.5555555555558982,0.40000000000040004,11.75
gbpusd_rsi2_m5_usd100000_smaller_stop_and_time,2017-11-24T15:20:00+00:00,2017-11-24T15:50:00+00:00,66048,signal_exit,-0.10447999999990448,-1.7500837520922023,False,False,1800,6.64018169285255,1.3198424081909963,1.3702053713745985,5.43576737766328,-0.1433581081467283,-0.863013698630437,0.40000000000040004,15.333333333333334
gbpusd_rsi2_m5_usd100000_smaller_stop_and_time,2017-11-27T11:05:00+00:00,2017-11-27T11:55:00+00:00,66279,signal_exit,0.05671000000009102,0.9499162479077222,False,True,3000,5.277278293879221,1.2754660806643443,1.295376125546052,3.6249785362975535,-1.5013717001369504,-0.8024691358025402,0.4999999999988347,11.083333333333334
gbpusd_rsi2_m5_usd100000_smaller_stop_and_time,2017-11-27T12:20:00+00:00,2017-11-27T12:45:00+00:00,66294,signal_exit,-0.15820999999999136,-2.6500837520936575,False,False,1500,4.599905710243613,1.0936591885081437,1.0795845352313838,3.6452226688074196,-0.24595274201517925,-0.17241379310387073,0.30000000000196536,12.333333333333334
gbpusd_rsi2_m5_usd100000_smaller_stop_and_time,2017-11-27T14:15:00+00:00,2017-11-27T14:50:00+00:00,66317,stop,-0.9919268853441217,-16.643068546042308,True,False,2100,6.29368192402906,1.3108246769358416,1.5173686115960074,6.956520962031189,0.33669258478138536,-0.9166666666670522,0.2999999999997449,14.25
gbpusd_rsi2_m5_usd100000_smaller_stop_and_time,2017-11-27T14:55:00+00:00,2017-11-27T15:05:00+00:00,66325,stop,-0.9538900198261737,-16.004866104466,True,False,600,6.024580703241481,1.2364492314045445,1.7218543211272144,3.652885961754966,-2.5065725558992242,-0.5357142857143282,0.1999999999990898,14.916666666666666
gbpusd_rsi2_m5_usd100000_smaller_stop_and_time,2017-11-27T15:10:00+00:00,2017-11-27T15:40:00+00:00,66328,stop,-0.9825966743147192,-16.458905767415732,True,False,1800,6.254411007661016,1.2649519255072403,1.5646860551162916,1.1287046825640716,-2.3965418133591534,-0.44999999999997226,0.20000000000131024,15.166666666666666
gbpusd_rsi2_m5_usd100000_smaller_stop_and_time,2017-11-27T15:45:00+00:00,2017-11-27T16:00:00+00:00,66335,target,0.6100561204373423,10.201607365172947,False,True,900,7.123044485260524,1.3781197936949585,1.0318356303642715,-2.0089158884179357,-2.058868598575742,-0.5412844036695865,0.2999999999997449,15.75
gbpusd_rsi2_m5_usd100000_smaller_stop_and_time,2017-11-28T07:10:00+00:00,2017-11-28T07:20:00+00:00,66516,stop,-0.9803146318521614,-16.39322126843079,True,False,600,6.124369831540814,1.6361601612136272,0.30077163932216433,-1.911669127736029,-2.5312868726896123,-0.38461538461541495,0.40000000000040004,7.166666666666667
gbpusd_rsi2_m5_usd100000_smaller_stop_and_time,2017-11-28T08:35:00+00:00,2017-11-28T08:50:00+00:00,66533,stop,-1.1786168296007573,-19.70931153178524,True,False,900,7.832414963217689,1.7549475722885493,-0.16032112018601594,-2.7076327351424436,-1.4893364145417107,-0.6570048309178826,0.2999999999997449,8.583333333333334
gbpusd_rsi2_m5_usd100000_smaller_stop_and_time,2017-11-28T08:55:00+00:00,2017-11-28T09:10:00+00:00,66537,signal_exit,0.297170000000065,4.961101836395074,False,True,900,8.217906699408248,1.7621970804278988,-0.33626669486868843,-5.238158992955767,-2.1786317166309597,-0.42105263157889816,0.40000000000040004,8.916666666666666
gbpusd_rsi2_m5_usd100000_smaller_stop_and_time,2017-11-28T09:20:00+00:00,2017-11-28T09:55:00+00:00,66542,signal_exit,0.2672200000000018,4.461101836394019,False,True,2100,7.9545796248276694,1.6574759707796498,-0.4615632682296207,-5.270953391912169,-1.727324845466966,-0.7499999999999043,0.5000000000010552,9.333333333333334
gbpusd_rsi2_m5_usd100000_smaller_stop_and_time,2017-11-28T10:20:00+00:00,2017-11-28T10:25:00+00:00,66554,signal_exit,0.3091500000001435,5.1611018363963845,False,True,300,7.1936501460715565,1.4321913314208792,-0.8531939652226816,-4.9992205209161105,-1.8463976231809178,-0.10526315789472454,0.2999999999997449,10.333333333333334
gbpusd_rsi2_m5_usd100000_smaller_stop_and_time,2017-11-28T12:05:00+00:00,2017-11-28T12:50:00+00:00,66575,stop,-1.0300313459612684,-17.167189099354474,True,False,2700,6.666927883011115,1.2515386393270342,-1.0329353184020615,-5.3000374189508594,-1.6648336886697885,-0.7826086956523138,0.10000000000065512,12.083333333333334
gbpusd_rsi2_m5_usd100000_smaller_stop_and_time,2017-11-28T12:55:00+00:00,2017-11-28T13:35:00+00:00,66585,signal_exit,0.09400000000006087,1.5666666666676812,False,True,2400,6.959677061152478,1.2669821572014486,-1.0349548965025666,-6.907333788529454,-2.4643959922623013,-0.7735849056603734,0.40000000000040004,12.916666666666666
gbpusd_rsi2_m5_usd100000_smaller_stop_and_time,2017-11-28T14:30:00+00:00,2017-11-28T14:40:00+00:00,66604,stop,-0.9064626815122654,-15.107711358537756,True,False,600,5.537189012603014,1.0224155140136375,-1.4179966029327047,-6.027401538632453,-1.0947888590710917,-0.7499999999998739,0.2999999999997449,14.5
gbpusd_rsi2_m5_usd100000_smaller_stop_and_time,2017-11-28T14:45:00+00:00,2017-11-28T15:45:00+00:00,66607,holding_bars,-0.11585999999998259,-1.9277870216303257,False,False,3600,6.081634205790347,1.1063800173055995,-1.4323817229979767,-7.759540282976826,-3.368235344962059,-0.7152777777778945,0.40000000000040004,14.75
gbpusd_rsi2_m5_usd100000_smaller_stop_and_time,2017-11-29T09:10:00+00:00,2017-11-29T10:10:00+00:00,66824,holding_bars,-0.5391499999998437,-9.061344537812499,False,False,3600,9.318761327560788,1.368463261539537,1.953597495431502,5.90533554859811,-1.5357873479971091,-0.6598984771572786,0.09999999999843467,9.166666666666666
gbpusd_rsi2_m5_usd100000_smaller_stop_and_time,2017-11-29T12:10:00+00:00,2017-11-29T12:30:00+00:00,66860,signal_exit,0.02015000000012107,0.3386554621869088,False,True,1200,6.964808229407928,0.986854190684683,1.171288630142464,3.766562424112597,-0.98588527426682,-0.15555555555556652,0.1999999999990898,12.166666666666666
gbpusd_rsi2_m5_usd100000_smaller_stop_and_time,2017-11-29T12:50:00+00:00,2017-11-29T12:55:00+00:00,66868,stop,-0.9819587182972365,-16.50350787054179,True,False,300,6.37108166636372,0.9168912045339423,1.0181034915587235,3.0631199420464426,-1.3456983601979662,-0.7368421052629733,0.0,12.833333333333334
gbpusd_rsi2_m5_usd100000_smaller_stop_and_time,2017-11-29T13:00:00+00:00,2017-11-29T13:15:00+00:00,66870,signal_exit,0.472350000000177,7.938655462187849,False,True,900,7.383228579670905,1.0419641130426651,0.9423918395066911,0.7906264529161189,-3.4694974265775764,-0.9281767955801342,0.5999999999994898,13.0
gbpusd_rsi2_m5_usd100000_smaller_stop_and_time,2017-11-30T07:05:00+00:00,2017-11-30T07:20:00+00:00,67085,signal_exit,0.267680000000172,4.521621621624527,False,True,900,4.985904833265512,0.9708105351637034,1.6472300117363696,3.6522927400130283,-2.83683076481344,-0.4189189189189838,0.40000000000040004,7.083333333333333
gbpusd_rsi2_m5_usd100000_smaller_stop_and_time,2017-11-30T09:45:00+00:00,2017-11-30T10:45:00+00:00,67117,holding_bars,-0.549279999999922,-9.278378378377061,False,False,3600,8.38020439960579,1.325321470977498,0.8544735874127066,2.4870028879088877,-0.6412342934533933,-0.6235294117645983,0.4999999999988347,9.75
gbpusd_rsi2_m5_usd100000_smaller_stop_and_time,2017-11-30T13:40:00+00:00,2017-11-30T14:30:00+00:00,67164,signal_exit,0.47488000000008346,8.021621621623032,False,True,3000,7.993725295618568,1.1310947467494075,0.4287896262156174,1.0965743391940794,-0.6282268293776347,-0.6176470588236447,0.40000000000040004,13.666666666666666
gbpusd_rsi2_m5_usd100000_smaller_stop_and_time,2017-12-01T07:40:00+00:00,2017-12-01T07:55:00+00:00,67374,target,0.3018764509140035,5.1252368576231495,False,True,900,4.610411298080762,0.9138452418965572,0.5481967727789968,-0.014495832723493883,-1.890561345213488,-0.7714285714283902,0.2999999999997449,7.666666666666667
gbpusd_rsi2_m5_usd100000_smaller_stop_and_time,2017-12-01T08:50:00+00:00,2017-12-01T09:15:00+00:00,67388,stop,-1.2576854140911298,-21.31670193374796,True,False,1500,8.56343571263766,1.47354614172642,0.1792915507946229,-1.7594069121145144,-2.1060848274805837,-0.44642857142851833,0.40000000000040004,8.833333333333334
gbpusd_rsi2_m5_usd100000_smaller_stop_and_time,2017-12-01T09:20:00+00:00,2017-12-01T09:30:00+00:00,67394,target,0.8582607151329906,14.52217792103199,False,True,600,9.403136337840962,1.5429756092633338,-0.012333718871591444,-4.77313828985399,-2.909996537646961,-0.862831858407061,0.4999999999988347,9.333333333333334
gbpusd_rsi2_m5_usd100000_smaller_stop_and_time,2017-12-01T10:15:00+00:00,2017-12-01T10:30:00+00:00,67405,signal_exit,0.42646000000016726,7.215905245349699,False,True,900,9.896089196499004,1.5060754894095019,-0.5054996466927794,-5.165019784857802,-1.686551173420114,-0.5135135135135027,0.1999999999990898,10.25
gbpusd_rsi2_m5_usd100000_smaller_stop_and_time,2017-12-01T12:25:00+00:00,2017-12-01T13:10:00+00:00,67431,stop,-0.9775536214680389,-16.568705448610828,True,False,2700,6.2394374700694115,0.9662110089587641,-0.4461235530115184,-1.679981721445532,-0.22186834109205353,-0.34848484848472105,0.2999999999997449,12.416666666666666
gbpusd_rsi2_m5_usd100000_smaller_stop_and_time,2017-12-01T13:15:00+00:00,2017-12-01T13:35:00+00:00,67441,stop,-0.9581578511314977,-16.21248479071908,True,False,1200,6.0141950180332895,0.9415999624566254,-0.3670319977974493,-3.3519625043871137,-2.4816652876504914,-0.4565217391304033,0.40000000000040004,13.25
gbpusd_rsi2_m5_usd100000_smaller_stop_and_time,2017-12-01T13:40:00+00:00,2017-12-01T14:05:00+00:00,67446,signal_exit,0.24916000000005553,4.215905245347809,False,True,1500,7.839505322987794,1.1798029805866772,-0.4956024146145933,-5.474119547106998,-2.499899405860504,-0.28947368421059294,0.5000000000010552,13.666666666666666
gbpusd_rsi2_m5_usd100000_smaller_stop_and_time,2017-12-01T14:10:00+00:00,2017-12-01T15:10:00+00:00,67452,holding_bars,-0.5611199999998682,-9.478378378376151,False,False,3600,7.6031611175702265,1.138783237834949,-0.7180182001266743,-5.452740152322685,-1.6446774248102316,-0.852459016393386,0.2999999999997449,14.166666666666666
gbpusd_rsi2_m5_usd100000_smaller_stop_and_time,2017-12-04T07:10:00+00:00,2017-12-04T07:10:00+00:00,67652,stop,-0.908365258197994,-15.318132515986406,True,False,0,5.622725617184464,1.040368302942576,-0.9702100233640631,-7.792769868247625,-3.3128110858573354,-0.5350140056022519,0.2999999999997449,7.166666666666667
gbpusd_rsi2_m5_usd100000_smaller_stop_and_time,2017-12-04T07:15:00+00:00,2017-12-04T07:45:00+00:00,67653,signal_exit,0.2091700000001788,3.5273187183841284,False,True,1800,6.278245215957107,1.140996630122475,-1.008752253038515,-8.675574166124235,-3.0163968163953814,-0.4121621621621206,0.2999999999997449,7.25
gbpusd_rsi2_m5_usd100000_smaller_stop_and_time,2017-12-04T08:55:00+00:00,2017-12-04T09:25:00+00:00,67673,stop,-1.1229192017256573,-18.936242862152735,True,False,1800,7.481780790268685,1.2604885865695454,-1.3215667731944571,-4.319984165722637,0.4672597368192165,-0.40243902439015145,0.1999999999990898,8.916666666666666
gbpusd_rsi2_m5_usd100000_smaller_stop_and_time,2017-12-04T09:55:00+00:00,2017-12-04T10:45:00+00:00,67685,signal_exit,-0.19999999999986834,-3.3726812816166665,False,False,3000,7.40028523406018,1.2177749572012206,-1.1256697511400058,-6.570084770832914,-2.00057982072879,-0.6125000000001943,0.40000000000040004,9.916666666666666
gbpusd_rsi2_m5_usd100000_smaller_stop_and_time,2017-12-04T13:55:00+00:00,2017-12-04T13:55:00+00:00,67733,stop,-1.4400687885250263,-24.449385204160038,True,False,0,10.176899732811215,1.2619710200764098,1.4804074790410013,5.094257942752224,-0.643284293350065,-0.6146788990827052,0.2999999999997449,13.916666666666666
gbpusd_rsi2_m5_usd100000_smaller_stop_and_time,2017-12-04T14:00:00+00:00,2017-12-04T15:00:00+00:00,67734,holding_bars,-0.052499999999819746,-0.8898305084715211,False,False,3600,11.378549751896232,1.3772921877433026,1.4392348066871679,4.096266576685798,-1.504852039944485,-0.25555555555548887,0.1999999999990898,14.0
gbpusd_rsi2_m5_usd100000_smaller_stop_and_time,2017-12-04T15:25:00+00:00,2017-12-04T15:30:00+00:00,67751,stop,-1.399018719756766,-23.712181690792644,True,False,300,9.861175591159357,1.1858728099183562,1.0520066676034787,2.5837171981546936,-1.373662298020414,-0.45454545454549533,0.20000000000131024,15.416666666666666
gbpusd_rsi2_m5_usd100000_smaller_stop_and_time,2017-12-04T15:35:00+00:00,2017-12-04T15:45:00+00:00,67753,target,1.0755581192546428,18.198952948471113,False,True,600,11.041523851560672,1.295655664998346,0.9169932560315074,-0.41105784338430307,-3.1139893775540455,-0.6839826839827027,0.09999999999843467,15.583333333333334
gbpusd_rsi2_m5_usd100000_smaller_stop_and_time,2017-12-05T07:30:00+00:00,2017-12-05T07:35:00+00:00,67935,stop,-0.9039796429016751,-15.244176102895025,True,False,300,5.535747410639145,1.1296314618279042,-0.844747488251687,-7.425450917712464,-1.379795530294304,-0.612244897959267,0.40000000000040004,7.5
gbpusd_rsi2_m5_usd100000_smaller_stop_and_time,2017-12-05T07:45:00+00:00,2017-12-05T07:50:00+00:00,67938,stop,-0.9646604065068725,-16.267460480722974,True,False,300,6.097389599553345,1.2180484797110442,-1.0395390233666375,-8.410165565232521,-1.518627651524565,-0.6799999999999882,0.2999999999997449,7.75
gbpusd_rsi2_m5_usd100000_smaller_stop_and_time,2017-12-05T07:55:00+00:00,2017-12-05T08:15:00+00:00,67940,signal_exit,-0.033679999999833676,-0.5670033670005669,False,False,1200,6.773769603696665,1.3210802384958955,-1.204222324827011,-10.496348185512524,-2.1340757761865583,-0.7019867549667238,0.1999999999990898,7.916666666666667
gbpusd_rsi2_m5_usd100000_smaller_stop_and_time,2017-12-05T08:30:00+00:00,2017-12-05T08:55:00+00:00,67947,signal_exit,0.34145000000011216,5.738655462186759,False,True,1500,9.557216421073067,1.688202945229793,-1.7099806293963735,-13.947347510472804,-2.675314317183138,-0.639506172839492,0.2999999999997449,8.5
gbpusd_rsi2_m5_usd100000_smaller_stop_and_time,2017-12-05T10:45:00+00:00,2017-12-05T11:35:00+00:00,67974,stop,-1.1719903165369816,-19.730476709376795,True,False,3000,7.781736671187577,1.2474900984269628,-1.637667217549013,-4.963848189414579,0.2849991355072266,-0.9263157894736694,0.40000000000040004,10.75
gbpusd_rsi2_m5_usd100000_smaller_stop_and_time,2017-12-05T11:40:00+00:00,2017-12-05T11:45:00+00:00,67985,signal_exit,0.2692600000001726,4.532996632999539,False,True,300,8.214392102338666,1.2681469929402283,-1.1527216469551904,-6.291592536108344,-1.9750087826785916,0.023255813953644486,0.4999999999988347,11.666666666666666
gbpusd_rsi2_m5_usd100000_smaller_stop_and_time,2017-12-05T13:00:00+00:00,2017-12-05T13:10:00+00:00,68001,target,0.8867221601893245,14.927982494769772,False,True,600,9.4474929308864,1.3366590768184954,-0.9423786791739676,-3.658751799010799,-0.11795296073035694,-0.39759036144576704,0.20000000000131024,13.0
gbpusd_rsi2_m5_usd100000_smaller_stop_and_time,2017-12-05T14:10:00+00:00,2017-12-05T14:40:00+00:00,68015,signal_exit,0.3167800000000882,5.3329966329981175,False,True,1800,8.83008146334593,1.2208287232295314,-0.585858358103274,-3.1048689785575867,-1.2953662472237313,-0.3407407407408443,0.0,14.166666666666666
gbpusd_rsi2_m5_usd100000_smaller_stop_and_time,2017-12-06T07:35:00+00:00,2017-12-06T07:45:00+00:00,68219,target,0.5719004522105711,9.611772306060017,False,True,600,6.786558421936245,1.457939600285815,-0.5362857243139805,-7.34882087916675,-3.4897688313576567,-0.7424657534246237,0.1999999999990898,7.583333333333333
gbpusd_rsi2_m5_usd100000_smaller_stop_and_time,2017-12-06T08:10:00+00:00,2017-12-06T08:45:00+00:00,68226,signal_exit,0.27600000000007974,4.638655462186214,False,True,2100,7.56149997167668,1.5288040905892792,-0.7889086060493296,-5.987456497634364,-1.4870134645281967,-0.8313253012047612,0.2999999999997449,8.166666666666666
gbpusd_rsi2_m5_usd100000_smaller_stop_and_time,2017-12-06T09:15:00+00:00,2017-12-06T10:15:00+00:00,68239,holding_bars,-0.8544999999999279,-14.361344537813912,False,False,3600,7.814268380811012,1.4827121294023866,-1.088033140712617,-6.985996860585799,-3.0267592828598238,-0.6891191709843731,0.1999999999990898,9.25
gbpusd_rsi2_m5_usd100000_smaller_stop_and_time,2017-12-06T10:20:00+00:00,2017-12-06T10:25:00+00:00,68252,target,0.6948783714200977,11.659033077518417,False,True,300,7.9573688877516835,1.4307616811118056,-1.3495257033240873,-9.90598650212521,-2.61472955727257,-0.7500000000000661,0.5000000000010552,10.333333333333334
gbpusd_rsi2_m5_usd100000_smaller_stop_and_time,2017-12-06T11:15:00+00:00,2017-12-06T11:20:00+00:00,68263,target,0.8626534465763698,14.474051117053184,False,True,300,9.314877907518635,1.536950817873195,-1.5260553719132688,-8.838882863333616,-2.4144438227068163,-0.850806451612913,0.40000000000040004,11.25
gbpusd_rsi2_m5_usd100000_smaller_stop_and_time,2017-12-06T11:55:00+00:00,2017-12-06T12:15:00+00:00,68271,signal_exit,-0.033119999999965455,-0.5557046979859975,False,False,1200,10.416600012601883,1.5971661162067874,-1.535638146108623,-6.974121141976235,-1.1843213698127235,-0.06787330316746218,0.5000000000010552,11.916666666666666
gbpusd_rsi2_m5_usd100000_smaller_stop_and_time,2017-12-06T12:40:00+00:00,2017-12-06T13:05:00+00:00,68280,signal_exit,0.11588000000021664,1.9442953020170577,False,True,1500,8.458524319168024,1.2960543571672267,-1.5076172905900023,-6.302694366525458,-0.6668378788701455,-0.8260869565216132,0.2999999999997449,12.666666666666666
gbpusd_rsi2_m5_usd100000_smaller_stop_and_time,2017-12-06T14:20:00+00:00,2017-12-06T14:20:00+00:00,68300,target,0.5711145319311142,9.582458589448224,False,True,0,6.7190816437164615,1.0363665233492456,-1.064106771489811,-4.296013636077567,-0.4092181310408304,-0.6666666666667518,0.10000000000065512,14.333333333333334
gbpusd_rsi2_m5_usd100000_smaller_stop_and_time,2017-12-06T14:45:00+00:00,2017-12-06T15:10:00+00:00,68305,target,0.7113489167168965,11.93538450867276,False,True,1500,7.995544603328257,1.1902232846115628,-0.8946817743962507,-4.904745686572983,-2.523024538410463,-0.9000000000000341,0.2999999999997449,14.75
gbpusd_rsi2_m5_usd100000_smaller_stop_and_time,2017-12-07T07:40:00+00:00,2017-12-07T07:55:00+00:00,68506,signal_exit,0.03840000000010607,0.6442953020152025,False,True,900,3.7496380203789683,1.0158661435581635,-0.7632243901235801,-3.0360737175460146,-0.30820261303072594,-0.42105263157900885,0.1999999999990898,7.666666666666667
gbpusd_rsi2_m5_usd100000_smaller_stop_and_time,2017-12-07T11:10:00+00:00,2017-12-07T11:15:00+00:00,68548,target,0.6587806972149959,11.071944491008335,False,True,300,7.566644514410979,1.5960652952567491,0.4751801415911029,1.4836987715893948,-0.2283449356108509,-0.4166666666667695,0.2999999999997449,11.166666666666666
gbpusd_rsi2_m5_usd100000_smaller_stop_and_time,2017-12-07T11:35:00+00:00,2017-12-07T11:55:00+00:00,68553,stop,-1.3806613991366454,-23.16545971705781,True,False,1200,9.45487750953689,1.8175056283030788,0.41978997582574384,-2.3413734096893273,-2.0059432083096818,-0.49275362318835914,0.4999999999988347,11.583333333333334
gbpusd_rsi2_m5_usd100000_smaller_stop_and_time,2017-12-07T12:00:00+00:00,2017-12-07T12:35:00+00:00,68558,signal_exit,0.7328800000001363,12.255518394651109,False,True,2100,10.782915108192526,1.9288944406391715,0.21704341619404335,-8.91088942550532,-2.8261620166957306,-0.797843665768192,0.0,12.0
gbpusd_rsi2_m5_usd100000_smaller_stop_and_time,2017-12-07T14:50:00+00:00,2017-12-07T14:55:00+00:00,68592,target,0.5728613173761523,9.627921300439533,False,True,300,6.844632919127337,1.0966135150661152,0.14735005344710383,0.7929549980478968,0.06219501098855367,-0.754716981132526,0.30000000000196536,14.833333333333334
gbpusd_rsi2_m5_usd100000_smaller_stop_and_time,2017-12-08T07:00:00+00:00,2017-12-08T07:30:00+00:00,68776,target,1.2314863803567517,20.802134803323508,False,True,1800,12.590256590849943,1.7982266273976097,1.5207602474181263,-0.505688813984492,-2.7974433948713484,-0.8507462686567379,0.5999999999994898,7.0
gbpusd_rsi2_m5_usd100000_smaller_stop_and_time,2017-12-08T09:15:00+00:00,2017-12-08T10:00:00+00:00,68803,signal_exit,-0.30637999999977833,-5.184094754649379,False,False,2700,10.870514035112835,1.3811264613086918,0.9007779399380927,1.2664863366252408,-1.9899350115939705,-0.6780821917808458,0.0,9.25
gbpusd_rsi2_m5_usd100000_smaller_stop_and_time,2017-12-08T12:05:00+00:00,2017-12-08T12:10:00+00:00,68837,stop,-1.096195848805604,-18.516821770364935,True,False,300,7.119221695995278,0.936344475311464,-0.02813655202619076,-2.437291409259275,-2.7214598057352584,-0.6571428571427242,0.4999999999988347,12.083333333333334
gbpusd_rsi2_m5_usd100000_smaller_stop_and_time,2017-12-08T12:15:00+00:00,2017-12-08T12:15:00+00:00,68839,stop,-1.2031069803137089,-20.288481961445342,True,False,0,8.207900339914213,1.0590371913197356,-0.1244761439641038,-5.393167582749532,-3.3611135354885207,-0.8542510121457814,0.10000000000065512,12.25
gbpusd_rsi2_m5_usd100000_smaller_stop_and_time,2017-12-08T12:20:00+00:00,2017-12-08T12:35:00+00:00,68840,signal_exit,0.7444600000001202,12.532996632998657,False,True,900,9.021621744206026,1.1457808687027844,-0.1875245635400004,-5.884499763062218,-2.7921457457617103,-0.2551020408163034,0.40000000000040004,12.333333333333334
gbpusd_rsi2_m5_usd100000_smaller_stop_and_time,2017-12-08T13:05:00+00:00,2017-12-08T13:20:00+00:00,68849,stop,-1.3025787416529226,-21.928935044661998,True,False,900,8.930965838830097,1.116733873634929,-0.6089030684089661,-5.152417145979543,-1.1987254583229041,-0.6741573033710865,0.2999999999997449,13.083333333333334
gbpusd_rsi2_m5_usd100000_smaller_stop_and_time,2017-12-08T13:25:00+00:00,2017-12-08T13:30:00+00:00,68853,target,0.8440190613377812,14.209075106696652,False,True,300,9.038039236849771,1.1224614106362212,-0.8682869796479085,-7.381580709368585,-1.8083234548411884,-0.5100000000000666,0.10000000000065512,13.416666666666666
gbpusd_rsi2_m5_usd100000_smaller_stop_and_time,2017-12-08T14:50:00+00:00,2017-12-08T15:00:00+00:00,68870,signal_exit,0.36430000000000384,6.132996632996697,False,True,600,9.629371332264812,1.139240294613947,-1.2351048339379227,-5.465868741443267,-0.830486613598353,-0.5806451612903842,0.2999999999997449,14.833333333333334
gbpusd_rsi2_m5_usd100000_smaller_stop_and_time,2017-12-08T15:40:00+00:00,2017-12-08T15:55:00+00:00,68880,stop,-1.489934066987032,-25.04090868885768,True,False,900,10.389782075523037,1.2013023936839775,-1.1262263713321266,-6.778973321190521,-3.0994774841561736,-0.6324503311258219,0.4999999999988347,15.666666666666666
gbpusd_rsi2_m5_usd100000_smaller_stop_and_time,2017-12-11T07:30:00+00:00,2017-12-11T07:40:00+00:00,69067,stop,-0.8430900083558204,-14.193434484104719,True,False,600,5.213215558551712,1.16167784461459,0.13076635375479942,1.8847487901756472,0.4872976419602825,-0.7820512820512784,0.0,7.5
gbpusd_rsi2_m5_usd100000_smaller_stop_and_time,2017-12-11T07:50:00+00:00,2017-12-11T07:50:00+00:00,69071,stop,-0.9430163160808689,-15.849013715644853,True,False,0,5.8938345889158885,1.27342034822568,0.17513929974900458,-2.685876652192542,-1.9556506399374893,0.0,0.2999999999997449,7.833333333333333
gbpusd_rsi2_m5_usd100000_smaller_stop_and_time,2017-12-11T07:55:00+00:00,2017-12-11T08:15:00+00:00,69072,stop,-1.0748187220751146,-18.064180202943103,True,False,1200,6.951417832564765,1.4494916330961365,0.13248695756470422,-4.816548874462266,-2.56848181068447,-0.5265700483091917,0.40000000000040004,7.916666666666667
gbpusd_rsi2_m5_usd100000_smaller_stop_and_time,2017-12-11T08:20:00+00:00,2017-12-11T09:00:00+00:00,69077,signal_exit,-0.07483999999984176,-1.255704697983922,False,False,2400,7.5669134908568605,1.515736836292869,-0.059361420187512656,-7.048631517978636,-2.0159830396032627,-0.6742424242424739,0.4999999999988347,8.333333333333334
gbpusd_rsi2_m5_usd100000_smaller_stop_and_time,2017-12-11T10:00:00+00:00,2017-12-11T10:10:00+00:00,69097,stop,-0.9834888472895364,-16.501490726334502,True,False,600,6.172893014174333,1.1874581150070302,-1.3046093051195469,-5.238347374631873,-0.29617887459314235,-0.0606060606064684,0.40000000000040004,10.0
gbpusd_rsi2_m5_usd100000_smaller_stop_and_time,2017-12-11T10:15:00+00:00,2017-12-11T10:25:00+00:00,69100,target,0.6936570432529088,11.619045950634987,False,True,600,7.684564851363378,1.4093126631517303,-1.3094852893765114,-7.9046720249969695,-3.308047319627328,-0.42372881355938424,0.0,10.25
gbpusd_rsi2_m5_usd100000_smaller_stop_and_time,2017-12-11T12:00:00+00:00,2017-12-11T12:30:00+00:00,69121,stop,-1.1129226140506958,-18.67319822232711,True,False,1800,7.258746762170706,1.2668290570368455,-0.7345529688649056,-3.738696802346122,-1.3466812856338348,-0.9396551724137832,0.40000000000040004,12.0
gbpusd_rsi2_m5_usd100000_smaller_stop_and_time,2017-12-11T13:20:00+00:00,2017-12-11T13:35:00+00:00,69137,signal_exit,0.1933600000001949,3.2442953020166927,False,True,900,6.768258066390123,1.1487177549072904,-0.8460042345648879,-4.659163858179449,-0.8470106621548089,-0.7111111111107383,0.4999999999988347,13.333333333333334
gbpusd_rsi2_m5_usd100000_smaller_stop_and_time,2017-12-11T13:55:00+00:00,2017-12-11T14:15:00+00:00,69144,signal_exit,0.12184000000012335,2.0442953020154926,False,True,1200,6.610230575764399,1.118447853125914,-1.0125616794724168,-4.898844727526297,-1.7236377792632378,-0.2845528455284993,0.10000000000065512,13.916666666666666
gbpusd_rsi2_m5_usd100000_smaller_stop_and_time,2017-12-11T14:55:00+00:00,2017-12-11T15:05:00+00:00,69156,target,0.5605738750352094,9.389847153018582,False,True,600,6.719965452555516,1.1272496531732832,-0.9216300247454798,-5.142278416748217,-2.3502225564873975,-0.5769230769230113,0.2999999999997449,14.916666666666666
gbpusd_rsi2_m5_usd100000_smaller_stop_and_time,2017-12-11T15:50:00+00:00,2017-12-11T16:00:00+00:00,69167,signal_exit,0.31939000000008866,5.349916247907682,False,True,600,7.79426194677799,1.2472286974502136,-0.9234376603246965,-5.004308039726219,-1.7200776844673056,-0.16666666666651248,0.40000000000040004,15.833333333333334
gbpusd_rsi2_m5_usd100000_smaller_stop_and_time,2017-12-12T08:50:00+00:00,2017-12-12T09:05:00+00:00,69365,stop,-0.8745262404363108,-14.648680744326814,True,False,900,5.299298496117151,1.3651326848439758,-0.04440958040766607,0.6645511451329911,0.3887930044295231,-0.7234042553192093,0.2999999999997449,8.833333333333334
gbpusd_rsi2_m5_usd100000_smaller_stop_and_time,2017-12-12T09:10:00+00:00,2017-12-12T09:20:00+00:00,69369,target,0.41323556651165094,6.921868785789798,False,True,600,5.535976268940196,1.3931932265383797,0.00726685488811188,-1.525259177032222,-1.1228167630114037,-0.10666666666650482,0.3999999999981796,9.166666666666666
gbpusd_rsi2_m5_usd100000_smaller_stop_and_time,2017-12-12T09:55:00+00:00,2017-12-12T10:05:00+00:00,69378,stop,-1.288793482626474,-21.58783052975668,True,False,600,8.768873388831558,1.8637010585953435,0.22426095458353806,-0.1952636496690774,-0.782975842032911,-0.7816901408452004,0.30000000000196536,9.916666666666666
gbpusd_rsi2_m5_usd100000_smaller_stop_and_time,2017-12-12T10:10:00+00:00,2017-12-12T10:25:00+00:00,69381,stop,-1.420543926493154,-23.754915158748396,True,False,900,9.805216776699082,1.9682286039736916,0.1780507086645869,-3.695390003749304,-2.196854548260895,-0.4658634538153033,0.40000000000040004,10.166666666666666
gbpusd_rsi2_m5_usd100000_smaller_stop_and_time,2017-12-12T10:30:00+00:00,2017-12-12T10:50:00+00:00,69385,target,0.8851984465996712,14.802649608690153,False,True,1200,9.523565607020618,1.8596867078312977,-0.0866771843353937,-7.191315940488175,-2.3458660884926434,-0.8579234972677994,0.5000000000010552,10.5
gbpusd_rsi2_m5_usd100000_smaller_stop_and_time,2017-12-12T13:15:00+00:00,2017-12-12T13:35:00+00:00,69418,signal_exit,-0.11655999999998273,-1.9557046979862873,False,False,1200,6.119193875598423,1.1428049887927867,0.2455587787018339,1.9947048847707056,0.4553445752605966,-0.6296296296296601,0.2999999999997449,13.25
gbpusd_rsi2_m5_usd100000_smaller_stop_and_time,2017-12-12T14:00:00+00:00,2017-12-12T14:10:00+00:00,69427,stop,-1.0694046347501251,-17.912975456451008,True,False,600,6.9314458521796185,1.249547632454061,0.4653168097348575,-0.53173463182663,-2.6016669977082687,-0.5,0.2999999999997449,14.0
gbpusd_rsi2_m5_usd100000_smaller_stop_and_time,2017-12-12T14:15:00+00:00,2017-12-12T14:35:00+00:00,69430,signal_exit,0.12238000000012356,2.0499162479082673,False,True,1200,7.208632119984958,1.2806571997747813,0.3719634391431785,-2.7295504472771044,-2.5773617298098888,-0.5535714285714817,0.40000000000040004,14.25
gbpusd_rsi2_m5_usd100000_smaller_stop_and_time,2017-12-12T15:35:00+00:00,2017-12-12T16:05:00+00:00,69446,stop,-1.05704778803181,-17.676384415247657,True,False,1800,6.765951404949285,1.1688927727737835,-0.35886636475523065,-3.04355245865989,-1.3505802716104014,-0.8725490196078816,0.40000000000040004,15.583333333333334
gbpusd_rsi2_m5_usd100000_smaller_stop_and_time,2017-12-13T10:40:00+00:00,2017-12-13T11:20:00+00:00,69668,signal_exit,0.14029000000010833,2.3499162479080122,False,True,2400,7.375482705927639,1.572231231348129,0.9190058944014575,3.3470635251121292,-0.4614655739516352,-0.7789473684210083,0.3999999999981796,10.666666666666666
gbpusd_rsi2_m5_usd100000_smaller_stop_and_time,2017-12-13T13:20:00+00:00,2017-12-13T13:30:00+00:00,69700,target,0.7189677147099676,12.022871483444273,False,True,600,7.9836765443971816,1.4651047396429087,0.7749260853243615,-1.0227965074351344,-2.986852351912469,-0.8636363636363774,0.20000000000131024,13.333333333333334
gbpusd_rsi2_m5_usd100000_smaller_stop_and_time,2017-12-13T14:20:00+00:00,2017-12-13T14:30:00+00:00,69712,signal_exit,0.05074000000018447,0.8499162479092877,False,True,600,8.63198601936202,1.447027877259384,0.46188783053179305,1.4494959515530526,-0.18782122596995734,-0.39705882352939253,0.2999999999997449,14.333333333333334
gbpusd_rsi2_m5_usd100000_smaller_stop_and_time,2017-12-14T07:10:00+00:00,2017-12-14T07:20:00+00:00,69906,target,0.22866785570747503,3.8496272004625425,False,True,600,4.008315283732693,0.8714783028180759,1.5445475670204902,3.414508250948955,-2.8685675951653153,-0.6071428571428642,0.40000000000040004,7.166666666666667
gbpusd_rsi2_m5_usd100000_smaller_stop_and_time,2017-12-14T09:10:00+00:00,2017-12-14T09:15:00+00:00,69930,target,0.4485516687782367,7.564109085636369,False,True,300,5.768395183626606,1.1708754051860486,1.1217529533412867,3.9943536973756117,-0.2159821274291524,-0.5714285714284582,0.1999999999990898,9.166666666666666
gbpusd_rsi2_m5_usd100000_smaller_stop_and_time,2017-12-14T10:20:00+00:00,2017-12-14T10:25:00+00:00,69944,stop,-1.136413375973777,-19.163800606640418,True,False,300,7.495559662511893,1.3754299179456302,1.3537091498622567,4.572202954770258,-0.523308916449029,-0.8333333333335536,0.40000000000040004,10.333333333333334
gbpusd_rsi2_m5_usd100000_smaller_stop_and_time,2017-12-14T10:30:00+00:00,2017-12-14T10:45:00+00:00,69946,target,0.7923131145726099,13.33860462243451,False,True,900,8.752803994717025,1.5424696550513461,1.2772322786813193,1.2090928092336015,-2.498824243946496,-0.821292775665335,0.3999999999981796,10.5
gbpusd_rsi2_m5_usd100000_smaller_stop_and_time,2017-12-14T12:05:00+00:00,2017-12-14T12:45:00+00:00,69965,signal_exit,0.4949800000000686,8.332996632997787,False,True,2400,9.749770329480702,1.5307848513039275,0.8788898309380064,-0.12069577652096199,-2.3094673836520854,-0.7430939226519194,0.40000000000040004,12.083333333333334
gbpusd_rsi2_m5_usd100000_smaller_stop_and_time,2017-12-14T13:35:00+00:00,2017-12-14T14:00:00+00:00,69983,stop,-1.221050323025155,-20.591067841908178,True,False,1500,8.25919328014617,1.2437557865353377,0.4177677267467604,0.5515498173526499,-0.6606015866622762,-0.5594405594404812,0.2999999999997449,13.583333333333334
gbpusd_rsi2_m5_usd100000_smaller_stop_and_time,2017-12-14T15:30:00+00:00,2017-12-14T15:50:00+00:00,70006,signal_exit,0.20460000000014042,3.438655462187234,False,True,1200,8.342085172619125,1.1742636363402084,-0.2936972917789066,-2.9158031417900254,-2.362573771851045,-0.4782608695651964,0.40000000000040004,15.5
gbpusd_rsi2_m5_usd100000_smaller_stop_and_time,2017-12-15T07:40:00+00:00,2017-12-15T08:05:00+00:00,70195,signal_exit,-0.12883999999992884,-2.1726812816176873,False,False,1500,3.8816201135210613,0.9860751956031955,0.4435822406025822,0.8253927199380312,-0.8874152511728686,-0.6810344827586504,0.40000000000040004,7.666666666666667
gbpusd_rsi2_m5_usd100000_smaller_stop_and_time,2017-12-15T08:20:00+00:00,2017-12-15T08:35:00+00:00,70203,target,0.3602547286872675,6.0751219002911885,False,True,900,5.073901590954041,1.2280260597779604,0.274906749677981,-1.6122857172413838,-2.3360333924884693,-0.5789473684209757,0.2999999999997449,8.333333333333334
gbpusd_rsi2_m5_usd100000_smaller_stop_and_time,2017-12-15T09:25:00+00:00,2017-12-15T09:55:00+00:00,70216,signal_exit,0.1380100000001076,2.3273187183829274,False,True,1800,6.332261857502904,1.4079837592704578,0.052119403419268455,-1.8272146486415135,-1.935437256738087,-0.7558139534885402,0.40000000000040004,9.416666666666666
gbpusd_rsi2_m5_usd100000_smaller_stop_and_time,2017-12-15T10:10:00+00:00,2017-12-15T10:30:00+00:00,70225,stop,-0.9745296609879357,-16.406223248955143,True,False,1200,6.219609940977186,1.336040462631282,-0.13546203974154192,-2.217130678994386,-1.72311651577343,-0.5949367088608377,0.1999999999990898,10.166666666666666
gbpusd_rsi2_m5_usd100000_smaller_stop_and_time,2017-12-15T11:55:00+00:00,2017-12-15T12:10:00+00:00,70246,stop,-1.0814124372801734,-18.174998945885267,True,False,900,7.006827204035473,1.35824503679861,-0.7950848212146697,-6.360069582866604,-2.8681714984807627,-0.8421052631578684,0.40000000000040004,11.916666666666666
gbpusd_rsi2_m5_usd100000_smaller_stop_and_time,2017-12-15T12:15:00+00:00,2017-12-15T12:35:00+00:00,70250,stop,-1.1413926312252776,-19.183069432357605,True,False,1200,7.510862447273501,1.414475541106801,-0.9906962005389379,-8.308705341311306,-2.472157216206927,-0.5049504950494266,0.3999999999981796,12.25
gbpusd_rsi2_m5_usd100000_smaller_stop_and_time,2017-12-15T12:40:00+00:00,2017-12-15T13:30:00+00:00,70255,stop,-1.1764911524137123,-19.739784436471684,True,False,3000,7.892039869242716,1.4444080829132022,-1.2375459148824828,-9.816148553729322,-2.006723953917252,-0.4577114427860702,0.20000000000131024,12.666666666666666
gbpusd_rsi2_m5_usd100000_smaller_stop_and_time,2017-12-15T13:35:00+00:00,2017-12-15T13:40:00+00:00,70266,stop,-1.1963292943279784,-20.07263916657682,True,False,300,7.958467234296284,1.395702257705593,-1.8124308968187324,-11.197370778303563,-2.3656978905973203,-0.844086021505427,0.40000000000040004,13.583333333333334
gbpusd_rsi2_m5_usd100000_smaller_stop_and_time,2017-12-15T13:45:00+00:00,2017-12-15T14:45:00+00:00,70268,holding_bars,-0.7372999999999408,-12.35008375209281,False,False,3600,9.589698788755417,1.6007533793256363,-1.9099161271976288,-13.991316525442661,-3.0519072178254114,-0.6480000000000845,0.5000000000010552,13.75
gbpusd_rsi2_m5_usd100000_smaller_stop_and_time,2017-12-15T15:55:00+00:00,2017-12-15T16:05:00+00:00,70294,target,0.7213116200826679,12.04193021840848,False,True,600,8.090414191006623,1.2580694335784632,-2.9176226231895663,-14.084543566165246,-3.5651270088757405,-0.8834355828220049,0.40000000000040004,15.916666666666666
gbpusd_rsi2_m5_usd100000_smaller_stop_and_time,2017-12-18T09:30:00+00:00,2017-12-18T09:40:00+00:00,70503,signal_exit,0.03880000000010625,0.6499162479079774,False,True,600,5.193607899010224,1.3275756611671878,0.5511880323801492,1.780272736411786,-0.4762309483673047,-0.1411764705883736,0.5000000000010552,9.5
gbpusd_rsi2_m5_usd100000_smaller_stop_and_time,2017-12-18T10:05:00+00:00,2017-12-18T10:40:00+00:00,70510,stop,-0.9017908279787927,-15.105374002994854,True,False,2100,5.527645125451819,1.3630393944409922,0.5516177210472112,0.5315260854432976,-1.9625257275211088,-0.6575342465752841,0.2999999999997449,10.083333333333334
gbpusd_rsi2_m5_usd100000_smaller_stop_and_time,2017-12-18T10:45:00+00:00,2017-12-18T10:50:00+00:00,70518,target,0.36680085356002623,6.14406789882791,False,True,300,5.147075825460599,1.2532946337501538,0.394451784871465,-1.6077652482550133,-2.3506827948910245,-0.6363636363638199,0.40000000000040004,10.75
gbpusd_rsi2_m5_usd100000_smaller_stop_and_time,2017-12-18T14:45:00+00:00,2017-12-18T15:35:00+00:00,70566,signal_exit,-0.24157999999987673,-4.067003367001291,False,False,3000,6.761052134320327,1.3380739537308184,1.8709669669599711,10.08505975570656,0.8334864585934635,-0.5903614457833356,0.2999999999997449,14.75
gbpusd_rsi2_m5_usd100000_smaller_stop_and_time,2017-12-19T07:25:00+00:00,2017-12-19T07:35:00+00:00,70760,target,0.24102089068412733,4.05077127200214,False,True,600,4.106057904908445,1.155943252946456,0.35825420360838234,1.3161732665367865,-0.0014934707770661504,-0.6346153846151793,0.40000000000040004,7.416666666666667
gbpusd_rsi2_m5_usd100000_smaller_stop_and_time,2017-12-19T08:20:00+00:00,2017-12-19T08:55:00+00:00,70771,stop,-0.8863844681300457,-14.897217951765471,True,False,2100,5.367936706977083,1.3883776483778365,0.6261540026995109,3.1190158814279703,0.31766832509951315,-0.6987951807227497,0.3999999999981796,8.333333333333334
gbpusd_rsi2_m5_usd100000_smaller_stop_and_time,2017-12-19T09:00:00+00:00,2017-12-19T09:40:00+00:00,70779,stop,-0.9009305704230006,-15.141690259210092,True,False,2400,5.390172860697007,1.3551208276211026,0.6999099064618703,0.05104829468789673,-2.143827857624746,-0.8089887640449522,0.6000000000017103,9.0
gbpusd_rsi2_m5_usd100000_smaller_stop_and_time,2017-12-19T10:05:00+00:00,2017-12-19T10:10:00+00:00,70792,stop,-0.9305518096699259,-15.613285397146406,True,False,300,5.778790349581025,1.3650713785702673,0.14417268727203714,-2.1880469384821604,-1.2509746572290998,-0.18987341772167554,0.2999999999997449,10.083333333333334
gbpusd_rsi2_m5_usd100000_smaller_stop_and_time,2017-12-19T10:15:00+00:00,2017-12-19T10:30:00+00:00,70794,signal_exit,0.25296000000005603,4.244295302014363,False,True,900,6.432222291220479,1.4744768941387305,-0.02065615117014438,-4.408039339537844,-2.058995887237244,-0.44354838709658934,0.2999999999997449,10.25
gbpusd_rsi2_m5_usd100000_smaller_stop_and_time,2017-12-19T12:00:00+00:00,2017-12-19T13:00:00+00:00,70815,holding_bars,-0.3370799999999717,-5.655704697986102,False,False,3600,6.534814134148353,1.3858327102442694,-0.27122360644937327,-1.988544425689007,-1.0925480122247602,-0.8653846153845784,0.5000000000010552,12.0
gbpusd_rsi2_m5_usd100000_smaller_stop_and_time,2017-12-19T13:20:00+00:00,2017-12-19T13:40:00+00:00,70831,signal_exit,-0.11044999999981103,-1.850083752090637,False,False,1200,5.743756119025241,1.1957308732816547,-0.3800356861717304,-4.51365431776662,-2.132669474001018,-0.8082191780818793,0.3999999999981796,13.333333333333334
gbpusd_rsi2_m5_usd100000_smaller_stop_and_time,2017-12-19T14:00:00+00:00,2017-12-19T14:05:00+00:00,70839,target,0.5096962472971833,8.537625582867392,False,True,300,6.2438546674794235,1.2616695054977485,-0.7150339611532426,-5.705984062346411,-2.1911900942053206,-0.5878787878787618,0.1999999999990898,14.0
gbpusd_rsi2_m5_usd100000_smaller_stop_and_time,2017-12-19T14:35:00+00:00,2017-12-19T14:50:00+00:00,70846,signal_exit,0.182080000000117,3.0499162479081576,False,True,900,6.48944528158245,1.2735119019234575,-0.7899451344182686,-4.4290363616941715,-1.2508431492238246,-0.4909090909090322,0.3999999999981796,14.583333333333334
gbpusd_rsi2_m5_usd100000_smaller_stop_and_time,2017-12-19T15:20:00+00:00,2017-12-19T15:35:00+00:00,70855,signal_exit,0.3364000000000733,5.644295302014653,False,True,900,6.186534605184578,1.1955630319865158,-0.8025999915848522,-3.07821394127021,-0.19438725370826496,-0.8571428571429327,0.2999999999997449,15.333333333333334
gbpusd_rsi2_m5_usd100000_smaller_stop_and_time,2017-12-20T07:55:00+00:00,2017-12-20T08:00:00+00:00,71046,target,0.22492245327891422,3.780209298805281,False,True,300,3.970776918309939,1.254921898711353,0.2657921781157294,-1.1463281922947006,-1.4650471353512693,-0.6379310344826992,0.40000000000040004,7.916666666666667
gbpusd_rsi2_m5_usd100000_smaller_stop_and_time,2017-12-20T10:00:00+00:00,2017-12-20T10:10:00+00:00,71071,target,0.42325469261104387,7.113524245563762,False,True,600,5.687434391687666,1.4550134266098051,0.44894254447642673,1.2577244955445075,-0.502415249779345,-0.4791666666667534,0.4999999999988347,10.0
gbpusd_rsi2_m5_usd100000_smaller_stop_and_time,2017-12-20T10:55:00+00:00,2017-12-20T11:10:00+00:00,71082,signal_exit,0.23435000000007108,3.9386554621860688,False,True,900,6.579527943153155,1.5338824666673545,0.6858967641303427,1.7639344466659868,-0.5863704280959707,-0.7303370786516826,0.40000000000040004,10.916666666666666
gbpusd_rsi2_m5_usd100000_smaller_stop_and_time,2017-12-20T11:35:00+00:00,2017-12-20T12:10:00+00:00,71090,signal_exit,-0.0571999999998572,-0.961344537812726,False,False,2100,6.700331324999342,1.4880165741985407,0.6712369243392686,1.0190676523749194,-1.2071050600083044,-0.7722772277228093,0.40000000000040004,11.583333333333334
gbpusd_rsi2_m5_usd100000_smaller_stop_and_time,2017-12-21T07:10:00+00:00,2017-12-21T07:25:00+00:00,71323,stop,-0.6227460231374724,-10.448758777474367,True,False,900,3.0965270397451747,0.9298414546884373,-0.901260589219676,-4.78534086072329,-2.143500629377207,-0.7765957446807907,0.4999999999988347,7.166666666666667
gbpusd_rsi2_m5_usd100000_smaller_stop_and_time,2017-12-21T07:35:00+00:00,2017-12-21T07:40:00+00:00,71328,target,0.17535813640092665,2.9373222177709657,False,True,300,3.5937029849319573,1.057220302675205,-0.90125586268696,-5.909327593910812,-2.2820509371109963,-0.39393939394002603,0.5000000000010552,7.583333333333333
gbpusd_rsi2_m5_usd100000_smaller_stop_and_time,2017-12-21T11:30:00+00:00,2017-12-21T12:15:00+00:00,71375,stop,-0.8207654799721957,-13.771232885439524,True,False,2700,4.907764093727128,1.1515425344049681,0.31984463422370557,-0.6321525943453964,-1.9740270327882832,-0.4137931034488303,0.20000000000131024,11.5
gbpusd_rsi2_m5_usd100000_smaller_stop_and_time,2017-12-21T12:30:00+00:00,2017-12-21T12:30:00+00:00,71387,stop,-0.8675963695056572,-14.532602504282366,True,False,0,5.341259376095886,1.2181994216170335,-0.15504345460321423,-4.196276146163269,-2.424840493097791,-0.7025316455695242,0.09999999999843467,12.5
gbpusd_rsi2_m5_usd100000_smaller_stop_and_time,2017-12-21T12:35:00+00:00,2017-12-21T12:55:00+00:00,71388,signal_exit,0.1701400000000388,2.8499162479068474,False,True,1200,6.131169420660527,1.3595474476564915,-0.21499136358683943,-5.400349574350333,-2.6693531795991983,-0.3780487804878247,0.10000000000065512,12.583333333333334
gbpusd_rsi2_m5_usd100000_smaller_stop_and_time,2017-12-21T14:05:00+00:00,2017-12-21T14:15:00+00:00,71406,stop,-0.9599107941700853,-16.078907775043305,True,False,600,5.964412011475959,1.2604693766563306,-0.8053282329403755,-4.508360532325772,-1.4011036135487704,-0.649999999999889,0.40000000000040004,14.083333333333334
gbpusd_rsi2_m5_usd100000_smaller_stop_and_time,2017-12-21T14:20:00+00:00,2017-12-21T14:30:00+00:00,71409,target,0.5099519295889894,8.54190836832478,False,True,600,6.295996060208715,1.306992047337191,-0.9044390543047585,-6.435753877393801,-2.499056416762868,-0.46774193548392584,0.2999999999997449,14.333333333333334
gbpusd_rsi2_m5_usd100000_smaller_stop_and_time,2017-12-21T15:40:00+00:00,2017-12-21T16:00:00+00:00,71425,signal_exit,-0.19999999999986745,-3.350083752091582,False,False,1200,5.888596294047933,1.1803723360632297,-0.819020084787627,-2.818909531222446,0.26220875373879177,-0.46153846153835204,0.2999999999997449,15.666666666666666
gbpusd_rsi2_m5_usd100000_smaller_stop_and_time,2017-12-22T08:10:00+00:00,2017-12-22T08:15:00+00:00,71614,target,0.1588901192430223,2.6659415980372865,False,True,300,3.3608231480112787,1.110137028751261,0.25490536142203296,-2.125474942321904,-3.750132802730584,-0.7415730337076858,0.2999999999997449,8.166666666666666
gbpusd_rsi2_m5_usd100000_smaller_stop_and_time,2017-12-22T08:35:00+00:00,2017-12-22T08:50:00+00:00,71619,signal_exit,0.020520000000121275,0.34429530201545766,False,True,900,4.1635111283515585,1.3105556709267534,0.14582080449477156,-2.5450073971304614,-2.519378880015294,-0.7702702702702541,0.40000000000040004,8.583333333333334
gbpusd_rsi2_m5_usd100000_smaller_stop_and_time,2017-12-22T11:15:00+00:00,2017-12-22T11:55:00+00:00,71651,signal_exit,-0.30709999999977683,-5.161344537811376,False,False,2400,6.699224178387985,1.5659622896867473,0.3491577371324532,-0.13165985982797979,-1.4294328817879145,-0.757142857142984,0.4999999999988347,11.25
gbpusd_rsi2_m5_usd100000_smaller_stop_and_time,2017-12-22T12:35:00+00:00,2017-12-22T12:50:00+00:00,71667,signal_exit,0.34236000000011235,5.744295302015308,False,True,900,6.726171021177933,1.436379913207088,0.030164825155667856,-0.8294559398596505,-0.5534650985120876,-0.32758620689638673,0.3999999999981796,12.583333333333334
gbpusd_rsi2_m5_usd100000_smaller_stop_and_time,2017-12-22T13:40:00+00:00,2017-12-22T14:05:00+00:00,71680,signal_exit,-0.00959999999994171,-0.1613445378141464,False,False,1500,7.026536063557902,1.4056154294918004,0.17888191601699582,0.6647158094647808,-0.1785232967113673,-0.6391752577320815,0.40000000000040004,13.666666666666666
gbpusd_rsi2_m5_usd100000_smaller_stop_and_time,2017-12-22T14:45:00+00:00,2017-12-22T15:20:00+00:00,71693,signal_exit,-0.0033199999999025676,-0.0557046979849424,False,False,2100,6.220303262061632,1.2280412914731764,0.2111262049491094,-1.7602536818142678,-2.44782460421767,-0.5373134328360682,0.40000000000040004,14.75
gbpusd_rsi2_m5_usd100000_smaller_stop_and_time,2017-12-26T15:10:00+00:00,2017-12-26T15:25:00+00:00,71912,signal_exit,0.09253000000006056,1.5499162479072122,False,True,900,4.057611044684727,1.2669809826570035,-0.92817188343944,-3.5804042030499694,-0.24355871444744545,-0.4081632653061779,0.40000000000040004,15.166666666666666
gbpusd_rsi2_m5_usd100000_smaller_stop_and_time,2017-12-27T08:50:00+00:00,2017-12-27T09:00:00+00:00,72119,signal_exit,0.1629500000001318,2.738655462187089,False,True,600,3.8043056994484266,1.4913009184869805,0.9147913943870354,3.35166836636008,-0.12733899401010496,-0.36363636363587426,0.10000000000065512,8.833333333333334
gbpusd_rsi2_m5_usd100000_smaller_stop_and_time,2017-12-27T12:05:00+00:00,2017-12-27T12:40:00+00:00,72158,target,0.3819494266037411,6.430125026999008,False,True,2100,5.248564196999743,1.488364998942222,1.9238325369558908,6.430769605264649,-0.4794643828992772,-0.6415094339623748,0.2999999999997449,12.083333333333334
gbpusd_rsi2_m5_usd100000_smaller_stop_and_time,2017-12-27T13:40:00+00:00,2017-12-27T14:15:00+00:00,72177,stop,-0.8332639714086738,-14.028012986678009,True,False,2100,5.03050480983722,1.3114931308412814,1.8855924454642514,7.630819360963048,0.4281511748804573,-0.4285714285715041,0.20000000000131024,13.666666666666666
gbpusd_rsi2_m5_usd100000_smaller_stop_and_time,2017-12-27T14:20:00+00:00,2017-12-27T14:55:00+00:00,72185,signal_exit,-0.021799999999887743,-0.3670033670014771,False,False,2100,5.027406749398007,1.278295418703282,1.7504042820983488,4.237018294423947,-2.2882986851114153,-0.583333333333282,0.40000000000040004,14.333333333333334
gbpusd_rsi2_m5_usd100000_smaller_stop_and_time,2017-12-27T15:10:00+00:00,2017-12-27T15:35:00+00:00,72195,signal_exit,0.04948000000005165,0.8329966329975025,False,True,1500,4.814757410075683,1.204341645185195,1.4030589138911012,3.3450125146405387,-1.3693182049499062,-0.5999999999997779,0.2999999999997449,15.166666666666666
gbpusd_rsi2_m5_usd100000_smaller_stop_and_time,2017-12-28T09:10:00+00:00,2017-12-28T10:10:00+00:00,72401,holding_bars,-0.347999999999918,-5.8783783783769925,False,False,3600,4.010623438489588,1.2134631467087094,2.363861483789697,9.522317763882686,0.4285726989546193,-0.3636363636367918,0.5000000000010552,9.166666666666666
gbpusd_rsi2_m5_usd100000_smaller_stop_and_time,2017-12-28T10:45:00+00:00,2017-12-28T11:10:00+00:00,72420,signal_exit,-0.21778999999998488,-3.672681281618632,False,False,1500,4.385319566340029,1.2624753576413013,1.9289478935908262,4.822885493355311,-2.643368526196665,-0.5423728813556388,0.40000000000040004,10.75
gbpusd_rsi2_m5_usd100000_smaller_stop_and_time,2017-12-28T11:20:00+00:00,2017-12-28T12:20:00+00:00,72427,holding_bars,-0.6210299999998614,-10.472681281616548,False,False,3600,4.130865480564053,1.1835961169437237,1.551752195693577,3.2727867275030182,-1.7509054777517683,-0.41379310344828907,0.20000000000131024,11.333333333333334
gbpusd_rsi2_m5_usd100000_smaller_stop_and_time,2017-12-28T13:40:00+00:00,2017-12-28T14:15:00+00:00,72455,signal_exit,-0.08732999999978858,-1.4726812816153219,False,False,2100,4.141254879027187,1.143156180928555,0.5750806017496698,2.8271973319091197,0.5294828706501887,-0.4615384615378046,0.3999999999981796,13.666666666666666
gbpusd_rsi2_m5_usd100000_smaller_stop_and_time,2017-12-29T09:20:00+00:00,2017-12-29T09:30:00+00:00,72683,signal_exit,0.1422000000000147,2.410169491525673,False,True,600,5.377838792100596,1.505939223734955,2.164105825302302,12.338875084940373,0.8750024378666469,-0.8644067796612275,0.40000000000040004,9.333333333333334
gbpusd_rsi2_m5_usd100000_smaller_stop_and_time,2017-12-29T10:05:00+00:00,2017-12-29T10:40:00+00:00,72692,signal_exit,0.171700000000208,2.910169491528949,False,True,2100,5.552179724314071,1.4798734602106225,2.7343576849465867,8.677821362331974,-1.4513397719128982,-0.9687500000000289,0.2999999999997449,10.083333333333334
gbpusd_rsi2_m5_usd100000_smaller_stop_and_time,2017-12-29T12:40:00+00:00,2017-12-29T13:00:00+00:00,72723,signal_exit,-0.09986999999986718,-1.695585738537643,False,False,1200,4.780803163148776,1.162560209848933,2.3558243409776165,10.032859775347072,0.7464615747040698,-0.3387096774193895,0.40000000000040004,12.666666666666666
gbpusd_rsi2_m5_usd100000_smaller_stop_and_time,2017-12-29T14:15:00+00:00,2017-12-29T14:35:00+00:00,72742,signal_exit,-0.1411000000000065,-2.3955857385400083,False,False,1200,4.677584049009349,1.1142358774006842,2.4730025950053114,8.888956272299822,-0.2301147080288688,-0.9666666666668147,0.40000000000040004,14.25
gbpusd_rsi2_m5_usd100000_smaller_stop_and_time,2017-12-29T15:10:00+00:00,2017-12-29T15:45:00+00:00,72753,target,0.29081553010012606,4.929076781358068,False,True,2100,4.5594536449152905,1.082341970440775,2.3036675371111746,6.6055020730995375,-2.1142737836333323,-0.9444444444444902,0.40000000000040004,15.166666666666666
