variant,entry_time,exit_time,entry_index,reason,net_pnl,net_pips,stopped,won,holding_seconds,atr_pips,atr_fast_slow_ratio,ema_slope_atr,distance_from_ema_atr,zscore20,completed_bar_body_fraction,current_quote_spread_pips,current_quote_hour_utc
gbpusd_rsi2_m15_usd100000_smaller_stop_and_time_confirmed_rebound,2017-01-11T12:45:00+00:00,2017-01-11T14:00:00+00:00,611,signal_exit,0.3610000000001581,5.469696969699365,False,True,4500,14.38032497541772,1.2438038201669595,-0.8259004058678648,-4.872222227173803,-1.0491443646446035,0.20454545454545073,0.8000000000008001,12.75
gbpusd_rsi2_m15_usd100000_smaller_stop_and_time_confirmed_rebound,2017-01-11T15:45:00+00:00,2017-01-11T16:15:00+00:00,623,target,2.244292801227817,33.85057015426572,False,True,1800,18.98358070307524,1.5025058584319464,-1.1107461528643443,-8.485351535099369,-2.4583793271475343,0.5269461077844072,0.700000000000145,15.75
gbpusd_rsi2_m15_usd100000_smaller_stop_and_time_confirmed_rebound,2017-01-12T10:30:00+00:00,2017-01-12T11:00:00+00:00,698,signal_exit,0.37376000000013954,5.732515337425452,False,True,1800,17.00883927573646,1.1280817066318292,1.017415841977826,4.533762735530009,0.20964286458611545,0.08602150537630172,0.7999999999985796,10.5
gbpusd_rsi2_m15_usd100000_smaller_stop_and_time_confirmed_rebound,2017-01-12T14:00:00+00:00,2017-01-12T15:00:00+00:00,712,signal_exit,0.28174000000012045,4.327803379418133,False,True,3600,15.258479083542623,1.0229756419699922,1.3590987996092385,4.5961933188160256,-0.3964437289467835,0.29770992366422566,0.700000000000145,14.0
gbpusd_rsi2_m15_usd100000_smaller_stop_and_time_confirmed_rebound,2017-01-13T12:30:00+00:00,2017-01-13T13:30:00+00:00,802,stop,-1.95633790662787,-29.822224186400458,True,False,3600,12.686721849299271,0.9800487292333414,0.033628795914368514,-0.5959491720892699,-0.823216161812215,0.35576923076923694,0.9999999999998899,12.5
gbpusd_rsi2_m15_usd100000_smaller_stop_and_time_confirmed_rebound,2017-01-13T14:00:00+00:00,2017-01-13T14:45:00+00:00,808,stop,-2.3232467272077457,-35.36144181442535,True,False,2700,15.60865089199327,1.165569930744831,0.050268296305491095,-1.963632699986005,-1.5614027900988299,0.39864864864872973,0.700000000000145,14.0
gbpusd_rsi2_m15_usd100000_smaller_stop_and_time_confirmed_rebound,2017-01-16T07:45:00+00:00,2017-01-16T07:45:00+00:00,879,target,1.6246180859119697,24.43034715657097,False,True,0,14.368932976781368,1.001192316746029,-2.088991636753566,-8.698225336752598,-1.7347185618392469,0.4166666666665536,0.9000000000014552,7.75
gbpusd_rsi2_m15_usd100000_smaller_stop_and_time_confirmed_rebound,2017-01-16T12:30:00+00:00,2017-01-16T13:00:00+00:00,898,signal_exit,0.728200000000045,10.983408748115309,False,True,1800,18.75996108686105,1.1881762751447433,-1.3381360437689782,-4.685377984635662,0.018711034616709334,0.6705882352940562,0.700000000000145,12.5
gbpusd_rsi2_m15_usd100000_smaller_stop_and_time_confirmed_rebound,2017-01-18T09:15:00+00:00,2017-01-18T09:30:00+00:00,1075,signal_exit,0.7929700000001645,12.218335901389281,False,True,900,13.487852951368776,0.8843038534907298,1.5188046534671866,4.1397949330691,-2.1006584843867873,0.08208955223883936,0.700000000000145,9.25
gbpusd_rsi2_m15_usd100000_smaller_stop_and_time_confirmed_rebound,2017-01-18T12:15:00+00:00,2017-01-18T14:30:00+00:00,1087,signal_exit,0.5030799999999804,7.727803379415982,False,True,8100,15.79052231574699,1.014549614186389,1.0984000999124468,1.9289165167063285,-1.9908947083645028,0.31404958677691563,0.9000000000014552,12.25
gbpusd_rsi2_m15_usd100000_smaller_stop_and_time_confirmed_rebound,2017-01-19T07:45:00+00:00,2017-01-19T08:00:00+00:00,1164,target,0.850319339784001,13.041707665398787,False,True,900,8.75459616398717,0.6833806952320534,0.16243309571066708,-0.25934677753840507,-2.269893117775921,0.19642857142846876,0.9999999999998899,7.75
gbpusd_rsi2_m15_usd100000_smaller_stop_and_time_confirmed_rebound,2017-01-19T14:15:00+00:00,2017-01-19T14:45:00+00:00,1190,signal_exit,0.9440000000001337,14.523076923078978,False,True,1800,15.695678782468512,1.1530355269852366,0.7692378798839327,1.536416940299441,-1.8008358445214165,0.19620253164546023,0.40000000000040004,14.25
gbpusd_rsi2_m15_usd100000_smaller_stop_and_time_confirmed_rebound,2017-01-20T08:30:00+00:00,2017-01-20T09:15:00+00:00,1263,signal_exit,1.018240000000211,15.713580246916834,False,True,2700,10.871898788587156,0.9012417682652397,0.975966004518258,2.1808937320330983,-1.4813088326129857,0.7457627118644259,0.700000000000145,8.5
gbpusd_rsi2_m15_usd100000_smaller_stop_and_time_confirmed_rebound,2017-01-20T10:30:00+00:00,2017-01-20T11:15:00+00:00,1271,stop,-2.315328355839874,-35.62043624369037,True,False,2700,15.62175658338348,1.2205199346269264,0.5775416739390438,-1.1429413947961526,-1.6955429635228751,0.6772151898733937,0.9000000000014552,10.5
gbpusd_rsi2_m15_usd100000_smaller_stop_and_time_confirmed_rebound,2017-01-20T11:45:00+00:00,2017-01-20T12:00:00+00:00,1276,signal_exit,1.508240000000188,23.132515337426195,False,True,900,15.158438758988511,1.1777936867202496,0.2695024201828365,-3.231706265556749,-1.6130616388114514,0.1428571428572939,0.3999999999981796,11.75
gbpusd_rsi2_m15_usd100000_smaller_stop_and_time_confirmed_rebound,2017-01-23T08:45:00+00:00,2017-01-23T10:15:00+00:00,1360,signal_exit,0.5575600000001162,8.684735202494021,False,True,5400,12.484689509417862,1.0253765093449536,1.8507980704316307,7.710319143708573,0.719556114392987,0.7468354430379889,0.5000000000010552,8.75
gbpusd_rsi2_m15_usd100000_smaller_stop_and_time_confirmed_rebound,2017-01-23T11:45:00+00:00,2017-01-23T14:45:00+00:00,1372,holding_bars,-0.27061999999989245,-4.215264797506113,False,False,10800,12.463607920069935,1.017449037009899,1.8822199024203075,7.1575545594748755,0.04474571997127156,0.8279569892471578,0.8000000000008001,11.75
gbpusd_rsi2_m15_usd100000_smaller_stop_and_time_confirmed_rebound,2017-01-24T07:30:00+00:00,2017-01-24T08:45:00+00:00,1451,target,0.9832680242491826,15.33959476207773,False,True,4500,9.729859783534486,0.8564235678180172,1.72141246619673,3.0916357475139713,-1.9273351132106349,0.379310344827551,0.6000000000017103,7.5
gbpusd_rsi2_m15_usd100000_smaller_stop_and_time_confirmed_rebound,2017-01-24T10:00:00+00:00,2017-01-24T11:30:00+00:00,1461,stop,-2.7815064341774143,-43.393236102611766,True,False,5400,19.28655564880977,1.5117882643015712,1.0322949841559983,2.7006526846791425,-0.7304220194633659,0.9130434782607436,1.3000000000018552,10.0
gbpusd_rsi2_m15_usd100000_smaller_stop_and_time_confirmed_rebound,2017-01-24T11:45:00+00:00,2017-01-24T13:45:00+00:00,1468,signal_exit,0.987700000000083,15.384735202493504,False,True,7200,18.83582823981254,1.4315003746314472,0.7020618344014948,0.43315300742630414,-1.5977074333318184,0.2,0.5999999999994898,11.75
gbpusd_rsi2_m15_usd100000_smaller_stop_and_time_confirmed_rebound,2017-01-25T14:45:00+00:00,2017-01-25T15:15:00+00:00,1575,signal_exit,1.3264000000001142,20.855345911951478,False,True,1800,15.417204748799637,1.179960732259999,1.5228240123350525,5.113140727219798,-1.338389925439277,0.30000000000002963,0.5999999999994898,14.75
gbpusd_rsi2_m15_usd100000_smaller_stop_and_time_confirmed_rebound,2017-01-26T07:00:00+00:00,2017-01-26T07:15:00+00:00,1640,stop,-1.0647245573127477,-16.846907552416894,True,False,900,6.39117529519571,0.591345512741604,2.097308088544123,7.596714714721642,-0.5786439308535916,0.11428571428552396,0.5000000000010552,7.0
gbpusd_rsi2_m15_usd100000_smaller_stop_and_time_confirmed_rebound,2017-01-26T11:00:00+00:00,2017-01-26T12:00:00+00:00,1656,stop,-2.1358316500401364,-33.68819637287281,True,False,3600,14.666811120192142,1.2324931140296507,1.485541193763548,3.128129628009274,-1.439086266644751,0.841379310344855,0.7999999999985796,11.0
gbpusd_rsi2_m15_usd100000_smaller_stop_and_time_confirmed_rebound,2017-01-26T12:30:00+00:00,2017-01-26T14:00:00+00:00,1662,signal_exit,0.06035000000015461,0.9503937007898364,False,True,5400,14.52063525776952,1.2050881443812729,1.121958665793537,0.47602146592081046,-1.6798552545614913,0.29166666666639685,0.9000000000014552,12.5
gbpusd_rsi2_m15_usd100000_smaller_stop_and_time_confirmed_rebound,2017-01-27T11:15:00+00:00,2017-01-27T11:45:00+00:00,1752,signal_exit,0.45714000000005517,7.1652037617563495,False,True,1800,13.652234957997305,1.1542343641449748,-0.6438888988479283,-3.538371172566924,-1.1672016428457543,0.3614457831324914,0.9000000000014552,11.25
gbpusd_rsi2_m15_usd100000_smaller_stop_and_time_confirmed_rebound,2017-01-30T07:15:00+00:00,2017-01-30T08:00:00+00:00,1830,stop,-1.0415489137083662,-16.37655524698689,True,False,2700,5.965950579469798,0.5674812161743898,0.23863412356633681,-0.5500700465574132,-1.5476497116906107,0.23809523809581712,0.8999999999992347,7.25
gbpusd_rsi2_m15_usd100000_smaller_stop_and_time_confirmed_rebound,2017-01-30T09:30:00+00:00,2017-01-30T10:30:00+00:00,1839,signal_exit,0.4762800000000389,7.4652037617560945,False,True,3600,9.759141778710848,0.9057129330332764,-0.19164262020977774,-4.273292111343492,-1.7569161214734315,0.6328125000000081,0.8000000000008001,9.5
gbpusd_rsi2_m15_usd100000_smaller_stop_and_time_confirmed_rebound,2017-01-30T12:30:00+00:00,2017-01-30T13:15:00+00:00,1851,signal_exit,0.4453900000001134,6.9701095461676585,False,True,2700,11.828811369058458,1.0785629765954639,-0.6902511444077388,-5.315950068426966,-1.624153579346801,0.3919999999999119,0.8000000000008001,12.5
gbpusd_rsi2_m15_usd100000_smaller_stop_and_time_confirmed_rebound,2017-01-30T15:30:00+00:00,2017-01-30T16:45:00+00:00,1863,stop,-1.9798364190431206,-30.983355540580916,True,False,4500,13.526732543373644,1.1897835728678534,-0.8831424925131729,-4.618197901114552,-1.0966537348691525,0.6666666666666666,0.40000000000040004,15.5
gbpusd_rsi2_m15_usd100000_smaller_stop_and_time_confirmed_rebound,2017-01-31T07:15:00+00:00,2017-01-31T07:45:00+00:00,1922,stop,-1.3339620807048336,-20.843157511013025,True,False,1800,8.309078755506967,0.8019354872868568,-0.5588596839339351,-3.2847561576296798,-2.293705041062865,0.34306569343066756,0.700000000000145,7.25
gbpusd_rsi2_m15_usd100000_smaller_stop_and_time_confirmed_rebound,2017-01-31T08:00:00+00:00,2017-01-31T08:00:00+00:00,1925,target,0.891579989544016,13.93093733662525,False,True,0,9.27796866831231,0.8883090340924708,-0.5915630469565757,-4.287218423355649,-2.215662476058923,0.10447761194031087,1.100000000000545,8.0
gbpusd_rsi2_m15_usd100000_smaller_stop_and_time_confirmed_rebound,2017-01-31T10:15:00+00:00,2017-01-31T11:45:00+00:00,1934,signal_exit,0.7645000000000366,11.889580093313166,False,True,5400,17.054675529151144,1.4628575979191045,-0.745949278688224,-7.861780774207184,-2.19701980239023,0.5880398671096593,0.8000000000008001,10.25
gbpusd_rsi2_m15_usd100000_smaller_stop_and_time_confirmed_rebound,2017-02-01T07:00:00+00:00,2017-02-01T07:00:00+00:00,2015,stop,-1.1985264604404522,-18.844755667302707,True,False,0,7.050050789626781,0.6378555107404484,0.6759858422696354,1.7869028421205095,-1.541927608107645,0.29310344827572016,1.2000000000012,7.0
gbpusd_rsi2_m15_usd100000_smaller_stop_and_time_confirmed_rebound,2017-02-02T07:15:00+00:00,2017-02-02T08:00:00+00:00,2110,target,0.5425595892843282,8.59840870498143,False,True,2700,6.633990406372865,0.6169542964730068,1.5405761460528808,5.4600167262928725,-0.3781073061040866,0.1803278688523665,1.100000000000545,7.25
gbpusd_rsi2_m15_usd100000_smaller_stop_and_time_confirmed_rebound,2017-02-02T11:30:00+00:00,2017-02-02T12:00:00+00:00,2127,signal_exit,0.8744000000001624,13.835443037977251,False,True,1800,13.417137263640948,1.167243036422261,1.3062813473541548,3.078543671161321,-1.2881449175281234,0.66438356164377,0.2999999999997449,11.5
gbpusd_rsi2_m15_usd100000_smaller_stop_and_time_confirmed_rebound,2017-02-02T12:45:00+00:00,2017-02-02T13:00:00+00:00,2132,stop,-3.0480739049310945,-48.00116385718259,True,False,900,21.625778778985435,1.6734749534059403,0.9237632063432218,-2.2722115377957453,-2.289546623539041,0.1266968325791087,1.2000000000012,12.75
gbpusd_rsi2_m15_usd100000_smaller_stop_and_time_confirmed_rebound,2017-02-02T13:45:00+00:00,2017-02-02T16:45:00+00:00,2136,holding_bars,-2.114359999999973,-33.24465408804989,False,False,10800,23.16197333680259,1.711329917233423,0.5437414564380484,-3.925161872505759,-1.5325612470575933,0.3696498054474789,0.8000000000008001,13.75
gbpusd_rsi2_m15_usd100000_smaller_stop_and_time_confirmed_rebound,2017-02-03T10:15:00+00:00,2017-02-03T11:15:00+00:00,2218,stop,-1.7194839821501207,-26.866937221095633,True,False,3600,11.220968610548256,1.0092031533813595,-1.1929800351822542,-6.685756925987098,-1.7820623152797974,0.9010989010987376,0.9000000000014552,10.25
gbpusd_rsi2_m15_usd100000_smaller_stop_and_time_confirmed_rebound,2017-02-06T08:00:00+00:00,2017-02-06T08:15:00+00:00,2300,stop,-1.2424178921097795,-19.382494416689227,True,False,900,7.581184805849177,0.7210155431925113,-0.954057604014672,-4.648846922958895,-2.0847800219177732,0.0573770491801578,0.700000000000145,8.0
gbpusd_rsi2_m15_usd100000_smaller_stop_and_time_confirmed_rebound,2017-02-06T08:45:00+00:00,2017-02-06T09:15:00+00:00,2303,target,0.9862898001346948,15.362769472503034,False,True,1800,9.739017135003902,0.9051633580556683,-0.9780174439030814,-5.6920204474868425,-2.2219081026130274,0.3919999999999119,0.5999999999994898,8.75
gbpusd_rsi2_m15_usd100000_smaller_stop_and_time_confirmed_rebound,2017-02-06T11:45:00+00:00,2017-02-06T13:00:00+00:00,2315,signal_exit,0.41536000000004614,6.479875195008519,False,True,4500,13.416889866242487,1.1862289344619514,-0.9541084793004284,-3.8613941619900913,-0.15373271235080133,0.8351648351648472,0.8000000000008001,11.75
gbpusd_rsi2_m15_usd100000_smaller_stop_and_time_confirmed_rebound,2017-02-06T14:15:00+00:00,2017-02-06T16:15:00+00:00,2325,signal_exit,-0.3476599999999695,-5.415264797507312,False,False,7200,13.397043823328145,1.1678010707740172,-0.977427656036652,-4.95257849510516,-1.6238014446330726,0.5714285714284204,0.6000000000017103,14.25
gbpusd_rsi2_m15_usd100000_smaller_stop_and_time_confirmed_rebound,2017-02-07T07:00:00+00:00,2017-02-07T07:45:00+00:00,2389,stop,-1.2166632009976701,-18.95114020245592,True,False,2700,7.4679377024750035,0.7612334178986031,-0.6159394083060736,-4.384776816173293,-2.228209037141858,0.15068493150694515,0.4999999999988347,7.0
gbpusd_rsi2_m15_usd100000_smaller_stop_and_time_confirmed_rebound,2017-02-07T08:45:00+00:00,2017-02-07T10:30:00+00:00,2396,signal_exit,-0.36795999999980933,-5.69597523219519,False,False,6300,14.123018003260002,1.3146626200475493,-0.9463791795866713,-10.461946614716167,-2.2274051256099745,0.1578947368419515,1.100000000000545,8.75
gbpusd_rsi2_m15_usd100000_smaller_stop_and_time_confirmed_rebound,2017-02-09T15:15:00+00:00,2017-02-09T16:45:00+00:00,2612,stop,-2.0540174578087007,-32.24517202211461,True,False,5400,14.202727298342934,1.2361184717988278,1.0578390830760456,2.4583390469613406,-2.106920384961401,0.05035971223022617,0.2999999999997449,15.25
gbpusd_rsi2_m15_usd100000_smaller_stop_and_time_confirmed_rebound,2017-02-10T08:45:00+00:00,2017-02-10T09:30:00+00:00,2679,signal_exit,0.5296000000000902,8.275000000001409,False,True,2700,9.78801406248446,0.9612181342990782,-0.245265639248856,-3.0475005873235244,-1.930293569940643,0.21582733812947227,0.4999999999988347,8.75
gbpusd_rsi2_m15_usd100000_smaller_stop_and_time_confirmed_rebound,2017-02-10T12:30:00+00:00,2017-02-10T15:15:00+00:00,2694,signal_exit,0.005120000000205127,0.07987519501100042,False,True,9900,15.890392299169083,1.3971758911959917,-0.4447073931666815,-3.99950341296493,-1.3695817728240043,0.7566137566138001,0.8999999999992347,12.5
gbpusd_rsi2_m15_usd100000_smaller_stop_and_time_confirmed_rebound,2017-02-13T14:30:00+00:00,2017-02-13T16:00:00+00:00,2794,signal_exit,-0.1680499999997907,-2.6298904538308405,False,False,5400,11.218459999676037,1.0927913026359446,0.41749533175742987,-0.09712880096597892,-1.7321324340615425,0.8345323741007539,0.4999999999988347,14.5
gbpusd_rsi2_m15_usd100000_smaller_stop_and_time_confirmed_rebound,2017-02-14T07:45:00+00:00,2017-02-14T08:00:00+00:00,2860,stop,-1.0888023605388208,-17.09265872117458,True,False,900,6.426470647872049,0.7574218956656953,0.6743756309451391,2.906539859655474,0.25915596460909673,0.4583333333332948,0.700000000000145,7.75
gbpusd_rsi2_m15_usd100000_smaller_stop_and_time_confirmed_rebound,2017-02-14T10:30:00+00:00,2017-02-14T11:30:00+00:00,2871,signal_exit,0.08204000000013972,1.2798751950099798,False,True,3600,14.834435201613223,1.5142195896653312,0.28736416188476527,-4.904360226228697,-2.032755210840883,0.4475524475524161,0.5000000000010552,10.5
gbpusd_rsi2_m15_usd100000_smaller_stop_and_time_confirmed_rebound,2017-02-14T14:15:00+00:00,2017-02-14T15:00:00+00:00,2886,stop,-1.8057653652166883,-28.171066540041938,True,False,2700,11.975470867525532,1.2143516898953426,-0.6842465919261435,-3.67793885175179,-0.2385411959912209,0.6969696969697445,0.700000000000145,14.25
gbpusd_rsi2_m15_usd100000_smaller_stop_and_time_confirmed_rebound,2017-02-15T07:30:00+00:00,2017-02-15T09:15:00+00:00,2951,stop,-1.0399272100029542,-16.223513416582747,True,False,6300,6.0516943057949275,0.6848299507013433,-0.7133267415634089,-2.7431359690249697,-0.6310803852188919,0.7032967032967006,0.6000000000017103,7.5
gbpusd_rsi2_m15_usd100000_smaller_stop_and_time_confirmed_rebound,2017-02-15T10:15:00+00:00,2017-02-15T12:00:00+00:00,2962,stop,-1.5090954889231698,-23.469603249193927,True,False,6300,9.929591671254077,1.0780017513997486,-0.764599059719068,-5.7195966669871146,-1.9330946138701206,0.8979591836734786,0.10000000000065512,10.25
gbpusd_rsi2_m15_usd100000_smaller_stop_and_time_confirmed_rebound,2017-02-15T12:30:00+00:00,2017-02-15T13:30:00+00:00,2971,stop,-1.5772536598061855,-24.491516456617784,True,False,3600,10.242963197254326,1.100617927042298,-1.0541739519829847,-7.0290280672520025,-1.5971281356231177,0.12499999999988436,0.4999999999988347,12.5
gbpusd_rsi2_m15_usd100000_smaller_stop_and_time_confirmed_rebound,2017-02-15T14:00:00+00:00,2017-02-15T14:45:00+00:00,2977,signal_exit,0.9545500000001162,14.799224806203352,False,True,2700,12.538528515857463,1.287935232310267,-1.2529593856745502,-8.143404571332345,-1.8981948198343104,0.4594594594594919,0.8000000000008001,14.0
gbpusd_rsi2_m15_usd100000_smaller_stop_and_time_confirmed_rebound,2017-02-16T07:00:00+00:00,2017-02-16T07:00:00+00:00,3043,target,0.49702498605843326,7.7538999385090985,False,True,0,5.937012371750749,0.6632769528657766,-0.049902118064742755,-0.229343940613191,-0.21345353882274395,0.3124999999999783,0.6000000000017103,7.0
gbpusd_rsi2_m15_usd100000_smaller_stop_and_time_confirmed_rebound,2017-02-17T07:00:00+00:00,2017-02-17T07:45:00+00:00,3134,stop,-1.0091983936371605,-15.768724900580631,True,False,2700,5.571862450290932,0.6377448004630589,0.5864260143081566,1.4504815240815334,-2.0219759797340675,0.3999999999997039,1.100000000000545,7.0
gbpusd_rsi2_m15_usd100000_smaller_stop_and_time_confirmed_rebound,2017-02-17T08:00:00+00:00,2017-02-17T08:45:00+00:00,3138,stop,-1.0244880081389283,-16.00762512717075,True,False,2700,5.791312563587149,0.6701345105162007,0.5057897405152012,0.5130307155996331,-1.9120298568929281,0.15624999999998915,0.8999999999992347,8.0
gbpusd_rsi2_m15_usd100000_smaller_stop_and_time_confirmed_rebound,2017-02-17T10:30:00+00:00,2017-02-17T11:45:00+00:00,3148,signal_exit,0.23792000000015198,3.694409937890559,False,True,4500,14.083782355223288,1.4306297023548562,-0.12522014062482179,-7.390610541338107,-1.934985364261667,0.7621951219511633,0.700000000000145,10.5
gbpusd_rsi2_m15_usd100000_smaller_stop_and_time_confirmed_rebound,2017-02-17T15:45:00+00:00,2017-02-17T16:00:00+00:00,3169,signal_exit,0.3015400000001447,4.689580093314848,False,True,900,10.473612038275737,1.073133691556464,-1.3617934659958353,-4.765540044522787,0.06561462626895458,0.1585365853660716,0.6999999999979245,15.75
gbpusd_rsi2_m15_usd100000_smaller_stop_and_time_confirmed_rebound,2017-02-20T12:45:00+00:00,2017-02-20T14:45:00+00:00,3247,signal_exit,0.5371500000001324,8.379875195009864,False,True,7200,9.493553035175578,1.0337115163993886,0.1794818942543752,1.153208142635844,0.05939710180475391,0.5816326530611944,0.8000000000008001,12.75
gbpusd_rsi2_m15_usd100000_smaller_stop_and_time_confirmed_rebound,2017-02-21T08:15:00+00:00,2017-02-21T10:45:00+00:00,3320,stop,-1.308536850729847,-20.350495345720788,True,False,9000,8.07003771951791,1.008017943781663,-0.30966182564670514,-2.78183363335619,-1.5532480908414676,0.15492957746471164,0.700000000000145,8.25
gbpusd_rsi2_m15_usd100000_smaller_stop_and_time_confirmed_rebound,2017-02-21T11:15:00+00:00,2017-02-21T13:45:00+00:00,3332,signal_exit,-0.006799999999878292,-0.10559006210991136,False,False,9000,10.189546227120166,1.210714273458914,-0.546312811203506,-3.8884017740894135,-1.1258554249598376,0.440298507462715,0.4999999999988347,11.25
gbpusd_rsi2_m15_usd100000_smaller_stop_and_time_confirmed_rebound,2017-02-22T07:15:00+00:00,2017-02-22T07:15:00+00:00,3408,target,0.5184925198214387,8.10144562220998,False,True,0,6.1632228111041,0.754453320484965,1.170725140261979,3.310270675740386,-1.9307651779640702,0.2599999999999556,0.700000000000145,7.25
gbpusd_rsi2_m15_usd100000_smaller_stop_and_time_confirmed_rebound,2017-02-22T09:15:00+00:00,2017-02-22T09:30:00+00:00,3416,stop,-1.750969305089679,-27.31621380795131,True,False,900,11.648044501480106,1.3003164613974065,0.8589396979909335,0.9239849386390998,-2.048977600869836,0.48571428571431835,0.5000000000010552,9.25
gbpusd_rsi2_m15_usd100000_smaller_stop_and_time_confirmed_rebound,2017-02-22T10:15:00+00:00,2017-02-22T11:00:00+00:00,3420,signal_exit,0.3457000000001538,5.384735202494607,False,True,2700,14.113572443949767,1.4894897134752556,0.5930486908218823,-1.5223229914349499,-1.7822444073661146,0.6740740740740679,0.8999999999992347,10.25
gbpusd_rsi2_m15_usd100000_smaller_stop_and_time_confirmed_rebound,2017-02-23T07:00:00+00:00,2017-02-23T07:45:00+00:00,3498,signal_exit,0.29511000000010257,4.589580093314193,False,True,2700,7.699389473101659,0.8020846946807328,-0.3501062093897362,-1.7660313436628152,-0.7910763692343074,0.8554216867468623,0.8999999999992347,7.0
gbpusd_rsi2_m15_usd100000_smaller_stop_and_time_confirmed_rebound,2017-02-24T07:30:00+00:00,2017-02-24T08:15:00+00:00,3592,stop,-1.231449424529019,-19.33201608365807,True,False,2700,7.546149329114193,0.8428971166886412,1.4732558644901488,5.861086422941165,0.43458684962539457,0.919999999999775,0.700000000000145,7.5
gbpusd_rsi2_m15_usd100000_smaller_stop_and_time_confirmed_rebound,2017-02-24T14:00:00+00:00,2017-02-24T14:00:00+00:00,3618,stop,-1.6620534674981569,-26.091891169515808,True,False,0,10.87608687204347,1.1190770900307352,0.9464660944228162,3.8868504883075463,0.5034719453485125,0.33846153846168564,0.7999999999985796,14.0
gbpusd_rsi2_m15_usd100000_smaller_stop_and_time_confirmed_rebound,2017-02-27T11:30:00+00:00,2017-02-27T13:30:00+00:00,3699,signal_exit,-0.013239999999777485,-0.20559006210834604,False,False,7200,11.105895849323813,1.0546507328239552,-1.3227971311388342,-5.431140168072532,-0.4717826025546793,0.422535211267566,0.5999999999994898,11.5
gbpusd_rsi2_m15_usd100000_smaller_stop_and_time_confirmed_rebound,2017-02-28T07:30:00+00:00,2017-02-28T08:00:00+00:00,3776,stop,-1.1417298588332918,-17.756296404872344,True,False,1800,6.67293824909338,0.7416281297172471,-0.5285008369343006,-2.5748303095061744,-0.9288657795207511,0.37037037037033993,0.8999999999992347,7.5
gbpusd_rsi2_m15_usd100000_smaller_stop_and_time_confirmed_rebound,2017-02-28T10:15:00+00:00,2017-02-28T11:15:00+00:00,3787,signal_exit,0.17294000000015883,2.689580093315067,False,True,3600,10.186573680873172,1.0830213183888857,-0.4557117453016641,-1.879199754482601,-0.30426837961309466,0.7868852459015777,0.700000000000145,10.25
gbpusd_rsi2_m15_usd100000_smaller_stop_and_time_confirmed_rebound,2017-02-28T13:15:00+00:00,2017-02-28T14:30:00+00:00,3799,signal_exit,0.7066300000000858,10.989580093313931,False,True,4500,11.792276967395145,1.2107388976460682,-0.47898872321468305,-2.673084278539515,-1.3311374417662307,0.5062500000000416,0.9999999999998899,13.25
gbpusd_rsi2_m15_usd100000_smaller_stop_and_time_confirmed_rebound,2017-03-01T12:45:00+00:00,2017-03-01T14:15:00+00:00,3890,stop,-2.0232560805988737,-31.174978129412537,True,False,5400,13.446657015400994,1.2465204490800694,-1.294808668640645,-8.949820395269597,-1.683423303782191,0.7714285714285533,0.7999999999985796,12.75
gbpusd_rsi2_m15_usd100000_smaller_stop_and_time_confirmed_rebound,2017-03-02T10:15:00+00:00,2017-03-02T10:45:00+00:00,3972,signal_exit,0.28825000000001855,4.427803379416567,False,True,1800,9.815935264946026,0.9895467797540963,-1.6689877538349116,-7.332768954119803,-1.5119890947305246,0.4347826086956102,0.6000000000017103,10.25
gbpusd_rsi2_m15_usd100000_smaller_stop_and_time_confirmed_rebound,2017-03-03T10:30:00+00:00,2017-03-03T12:30:00+00:00,4066,signal_exit,0.19240000000010202,2.9418960244663914,False,True,7200,10.316807860069687,1.090402956417412,-1.1166208092766794,-7.333989094408124,-2.093900911978645,0.12264150943392077,0.2999999999997449,10.5
gbpusd_rsi2_m15_usd100000_smaller_stop_and_time_confirmed_rebound,2017-03-06T10:15:00+00:00,2017-03-06T13:00:00+00:00,4156,signal_exit,-0.13479999999986242,-2.067484662574577,False,False,9900,8.99771648089031,0.9508919868342371,-0.10962327769206251,-1.6235911224119477,-1.2572130459916069,0.7,0.4999999999988347,10.25
gbpusd_rsi2_m15_usd100000_smaller_stop_and_time_confirmed_rebound,2017-03-07T07:15:00+00:00,2017-03-07T07:30:00+00:00,4235,target,0.4289779189104672,6.559295396184513,False,True,900,5.358699685858862,0.6957349576988969,-0.7153264932071616,-4.302236323565388,-1.8670254122617271,0.24390243902441666,0.700000000000145,7.25
gbpusd_rsi2_m15_usd100000_smaller_stop_and_time_confirmed_rebound,2017-03-07T09:00:00+00:00,2017-03-07T10:00:00+00:00,4242,stop,-1.3020502692928337,-19.878630065539447,True,False,3600,7.8625974755188395,0.987224003064415,-0.8394593449614867,-6.0420619931807575,-1.8380872140488034,0.24299065420556093,0.700000000000145,9.0
gbpusd_rsi2_m15_usd100000_smaller_stop_and_time_confirmed_rebound,2017-03-07T10:30:00+00:00,2017-03-07T11:00:00+00:00,4248,signal_exit,0.2847000000001212,4.346564885498033,False,True,1800,9.313095529155012,1.1357691716261102,-1.069686500457024,-7.470437679216024,-1.79574389670536,0.14516129032244202,0.40000000000040004,10.5
gbpusd_rsi2_m15_usd100000_smaller_stop_and_time_confirmed_rebound,2017-03-08T08:00:00+00:00,2017-03-08T08:15:00+00:00,4327,stop,-1.0937135106177045,-16.672462052099153,True,False,900,6.161840782148728,0.8625463069910432,-0.8678748573215477,-6.054314344599056,-2.459231474659298,0.4945054945055803,0.8999999999992347,8.0
gbpusd_rsi2_m15_usd100000_smaller_stop_and_time_confirmed_rebound,2017-03-08T09:30:00+00:00,2017-03-08T11:00:00+00:00,4333,stop,-1.2898841049488388,-19.63293919252418,True,False,5400,7.794399581042247,1.0579618384010818,-1.0824708221452646,-7.732256151926796,-1.6787171153291938,0.354838709677558,0.5999999999994898,9.5
gbpusd_rsi2_m15_usd100000_smaller_stop_and_time_confirmed_rebound,2017-03-09T09:30:00+00:00,2017-03-09T11:30:00+00:00,4424,signal_exit,-0.08155999999980851,-1.23951367780864,False,False,7200,9.233928761646952,1.1896135821837406,-0.9450011426151687,-4.212253233676964,-1.2398299560149868,0.26543209876536017,0.5999999999994898,9.5
gbpusd_rsi2_m15_usd100000_smaller_stop_and_time_confirmed_rebound,2017-03-09T15:45:00+00:00,2017-03-09T16:45:00+00:00,4449,signal_exit,0.6159200000000855,9.360486322189749,False,True,3600,13.805455321269626,1.534699108496586,-0.5104992935493013,-3.4971287978478043,-1.1068778576126106,0.6230769230768679,0.5000000000010552,15.75
gbpusd_rsi2_m15_usd100000_smaller_stop_and_time_confirmed_rebound,2017-03-10T11:30:00+00:00,2017-03-10T11:45:00+00:00,4522,stop,-1.4546310976957464,-22.140503770102683,True,False,900,8.898181869832122,1.0703483370771116,-0.3122995929295061,-1.4048158130048554,-0.47849589494703515,0.4864864864863973,0.8999999999992347,11.5
gbpusd_rsi2_m15_usd100000_smaller_stop_and_time_confirmed_rebound,2017-03-10T12:15:00+00:00,2017-03-10T13:00:00+00:00,4525,signal_exit,0.14216000000004997,2.160486322189209,False,True,2700,9.797633224497398,1.1564064900431592,-0.33688460108238616,-2.7668511704625747,-1.6071975459911143,0.5267857142857904,0.8000000000008001,12.25
gbpusd_rsi2_m15_usd100000_smaller_stop_and_time_confirmed_rebound,2017-03-13T13:15:00+00:00,2017-03-13T14:00:00+00:00,4624,signal_exit,0.5717200000001184,8.74189602446664,False,True,2700,11.031621101955029,1.206216225614516,1.0542911403212103,4.1526121636059035,0.5060821579553821,0.7656250000001897,0.40000000000040004,13.25
gbpusd_rsi2_m15_usd100000_smaller_stop_and_time_confirmed_rebound,2017-03-14T07:45:00+00:00,2017-03-14T08:00:00+00:00,4695,stop,-1.7295020221457165,-26.284225260573194,True,False,900,11.072355791382211,1.2925442797096327,-0.2152508933432472,-6.3588696230761785,-1.7713436231988255,0.1257485029940502,0.700000000000145,7.75
gbpusd_rsi2_m15_usd100000_smaller_stop_and_time_confirmed_rebound,2017-03-14T08:30:00+00:00,2017-03-14T09:00:00+00:00,4698,signal_exit,0.7555500000001143,11.46509863429612,False,True,1800,12.544703233843675,1.41515661198332,-0.4767875016981494,-7.526055021345138,-1.4878454401218084,0.6596858638743388,0.700000000000145,8.5
gbpusd_rsi2_m15_usd100000_smaller_stop_and_time_confirmed_rebound,2017-03-14T10:15:00+00:00,2017-03-14T11:00:00+00:00,4705,signal_exit,0.16904000000022276,2.5650986342977653,False,True,2700,12.141899086560818,1.3414472902578867,-0.951168843577141,-7.0078719068701965,-0.9110561977875268,0.049019607843022006,0.5999999999994898,10.25
gbpusd_rsi2_m15_usd100000_smaller_stop_and_time_confirmed_rebound,2017-03-15T10:00:00+00:00,2017-03-15T12:15:00+00:00,4794,signal_exit,-0.27204999999989027,-4.153435114502141,False,False,8100,13.611142516796104,1.4297538994970747,0.7228074721708931,2.610695449239802,-0.3147855345724431,0.4461538461538952,0.700000000000145,10.0
gbpusd_rsi2_m15_usd100000_smaller_stop_and_time_confirmed_rebound,2017-03-16T09:15:00+00:00,2017-03-16T10:30:00+00:00,4886,signal_exit,0.184680000000059,2.832515337424218,False,True,4500,11.112302608877165,1.0501125785967655,1.1502188215519153,3.5047764733719156,-1.1747925107843027,0.582089552238853,0.5000000000010552,9.25
gbpusd_rsi2_m15_usd100000_smaller_stop_and_time_confirmed_rebound,2017-03-17T07:45:00+00:00,2017-03-17T08:30:00+00:00,4971,signal_exit,0.6488800000000936,10.013580246915025,False,True,2700,9.163881990377895,0.9232008167385357,1.550474807344557,4.455683260599143,-1.3690994497941247,0.9928057553956363,0.6000000000017103,7.75
gbpusd_rsi2_m15_usd100000_smaller_stop_and_time_confirmed_rebound,2017-03-17T11:45:00+00:00,2017-03-17T12:45:00+00:00,4987,signal_exit,0.3111300000000443,4.808809891809031,False,True,3600,14.108507762259848,1.3128912574812897,1.518237295710913,4.745791373193313,-0.43248425128354956,0.7165775401069671,0.6000000000017103,11.75
gbpusd_rsi2_m15_usd100000_smaller_stop_and_time_confirmed_rebound,2017-03-20T12:30:00+00:00,2017-03-20T13:30:00+00:00,5081,signal_exit,-0.019399999999819395,-0.30077519379564954,False,False,3600,11.678751333760031,1.248126532122899,1.4299533602709682,3.0460449873913937,-1.7527968672489964,0.9417475728155884,0.7999999999985796,12.5
gbpusd_rsi2_m15_usd100000_smaller_stop_and_time_confirmed_rebound,2017-03-20T15:45:00+00:00,2017-03-20T16:15:00+00:00,5094,stop,-1.6060254968814798,-24.861075803118883,True,False,1800,10.382550285461857,1.1071781930414184,0.8839200011130737,1.4302805170807222,-1.1555099546338505,0.5930232558140616,0.5999999999994898,15.75
gbpusd_rsi2_m15_usd100000_smaller_stop_and_time_confirmed_rebound,2017-03-22T09:45:00+00:00,2017-03-22T12:00:00+00:00,5254,stop,-1.6383140578425146,-25.558721651209275,True,False,8100,10.769298423110211,1.1429991854140922,1.3097558208957858,3.5040219421875287,-1.3792441558076638,0.4906832298136732,0.4999999999988347,9.75
gbpusd_rsi2_m15_usd100000_smaller_stop_and_time_confirmed_rebound,2017-03-22T12:30:00+00:00,2017-03-22T13:00:00+00:00,5265,signal_exit,0.1916200000001422,2.9847352024944267,False,True,1800,10.502997597632737,1.1062136307930974,0.9715769248451454,1.8104715944879877,-1.254713544159798,0.7872340425532015,0.5999999999994898,12.5
gbpusd_rsi2_m15_usd100000_smaller_stop_and_time_confirmed_rebound,2017-03-23T09:30:00+00:00,2017-03-23T09:30:00+00:00,5343,target,0.941995445729691,14.71867883952642,False,True,0,9.771839419762477,1.1002157397001135,0.8978676866491713,2.1339600769123237,-1.1394457384744971,0.6279069767442701,1.2999999999996348,9.5
gbpusd_rsi2_m15_usd100000_smaller_stop_and_time_confirmed_rebound,2017-03-23T12:30:00+00:00,2017-03-23T13:00:00+00:00,5355,signal_exit,0.049600000000071975,0.7750000000011246,False,True,1800,12.17307016044056,1.2577358166397543,0.9123826059522305,3.1128729251805867,-0.048961542361793044,0.18072289156613613,1.900000000001345,12.5
gbpusd_rsi2_m15_usd100000_smaller_stop_and_time_confirmed_rebound,2017-03-28T10:00:00+00:00,2017-03-28T12:30:00+00:00,5618,signal_exit,-0.49891999999998116,-7.844654088050018,False,False,9000,10.546771590828458,1.289127246220267,0.8873997324138319,2.540777053515929,-0.41058758131090006,0.22222222222203947,0.6000000000017103,10.0
gbpusd_rsi2_m15_usd100000_smaller_stop_and_time_confirmed_rebound,2017-03-28T14:45:00+00:00,2017-03-28T15:00:00+00:00,5637,stop,-1.689264217758453,-26.519061503272418,True,False,900,11.139672038921535,1.2841920484451883,0.3875864302723739,-1.0573896939307945,-1.7365418177132532,0.7419354838707367,0.700000000000145,14.75
gbpusd_rsi2_m15_usd100000_smaller_stop_and_time_confirmed_rebound,2017-03-28T15:30:00+00:00,2017-03-28T16:00:00+00:00,5640,stop,-1.847228552590959,-28.95342558919998,True,False,1800,12.609314675477684,1.4041240245036375,0.13850491585308655,-3.135234931180913,-2.1002284185532867,0.5157894736840801,0.20000000000131024,15.5
gbpusd_rsi2_m15_usd100000_smaller_stop_and_time_confirmed_rebound,2017-03-29T12:45:00+00:00,2017-03-29T14:00:00+00:00,5721,signal_exit,-0.23214999999992508,-3.6104199066862375,False,False,4500,15.091004122719587,1.4051457711133581,-1.2917895576165448,-5.022403239868375,-0.45352675507041745,0.5062499999999713,0.700000000000145,12.75
gbpusd_rsi2_m15_usd100000_smaller_stop_and_time_confirmed_rebound,2017-03-29T15:15:00+00:00,2017-03-29T17:15:00+00:00,5731,signal_exit,-0.30947999999985926,-4.805590062109616,False,False,7200,15.794675413722404,1.3979379877532283,-1.0962459526023896,-5.298662076983594,-0.9186558472663306,0.3999999999999694,0.7999999999985796,15.25
gbpusd_rsi2_m15_usd100000_smaller_stop_and_time_confirmed_rebound,2017-03-30T15:15:00+00:00,2017-03-30T18:15:00+00:00,5822,holding_bars,-0.8463999999998293,-13.224999999997332,False,False,10800,15.345724468927996,1.4170755280533136,0.32922867264296957,3.2097062190187176,0.7233378647107478,0.2199999999999852,0.9999999999998899,15.25
gbpusd_rsi2_m15_usd100000_smaller_stop_and_time_confirmed_rebound,2017-03-31T07:15:00+00:00,2017-03-31T08:15:00+00:00,5882,signal_exit,0.25511000000013495,3.9798751950099054,False,True,3600,10.00667354534897,1.003330580902707,0.3765987607189048,-0.6023353726422316,-1.8626720798629925,0.1207729468598355,0.700000000000145,7.25
gbpusd_rsi2_m15_usd100000_smaller_stop_and_time_confirmed_rebound,2017-03-31T10:15:00+00:00,2017-03-31T11:00:00+00:00,5894,signal_exit,0.3906400000001631,6.084735202494752,False,True,2700,11.854478193839768,1.147683091377962,-0.04983119550967422,-2.252318798296956,-1.564189675696009,0.5199999999997957,0.700000000000145,10.25
gbpusd_rsi2_m15_usd100000_smaller_stop_and_time_confirmed_rebound,2017-03-31T13:30:00+00:00,2017-03-31T14:30:00+00:00,5907,signal_exit,0.4474100000001138,6.9798751950095745,False,True,3600,13.393343430140122,1.2384899062751769,-0.07682652669336149,-0.31802077559678343,-0.0018718690658609206,0.32800000000002416,0.5999999999994898,13.5
gbpusd_rsi2_m15_usd100000_smaller_stop_and_time_confirmed_rebound,2017-04-03T11:00:00+00:00,2017-04-03T12:15:00+00:00,5986,signal_exit,-0.2447299999998674,-3.8298904538320406,False,False,4500,11.900471166734352,1.1499767300057988,0.6092838414364187,0.2338947040633881,-1.1835978619720287,0.9406779661016805,0.700000000000145,11.0
gbpusd_rsi2_m15_usd100000_smaller_stop_and_time_confirmed_rebound,2017-04-03T13:30:00+00:00,2017-04-03T13:45:00+00:00,5996,signal_exit,0.5488000000000739,8.575000000001154,False,True,900,10.913818581500475,1.05967693133039,0.1403347062578492,-1.200942485345254,-1.373819342585741,0.3103448275861453,0.700000000000145,13.5
gbpusd_rsi2_m15_usd100000_smaller_stop_and_time_confirmed_rebound,2017-04-03T15:45:00+00:00,2017-04-03T16:15:00+00:00,6005,signal_exit,0.40800000000014625,6.375000000002284,False,True,1800,12.936479438962293,1.204914491409285,-0.06108557928927888,-2.0034398952820656,-1.4270034924745978,0.9066666666663549,0.6000000000017103,15.75
gbpusd_rsi2_m15_usd100000_smaller_stop_and_time_confirmed_rebound,2017-04-04T11:30:00+00:00,2017-04-04T13:15:00+00:00,6076,target,1.1841482930705398,18.44467746215794,False,True,6300,11.179971129831385,1.1439223753174088,-1.1069899851758533,-4.168144802922737,-0.05803222705732504,0.6476190476190637,0.3999999999981796,11.5
gbpusd_rsi2_m15_usd100000_smaller_stop_and_time_confirmed_rebound,2017-04-05T13:45:00+00:00,2017-04-05T14:00:00+00:00,6176,signal_exit,0.3640800000001372,5.67987519500994,False,True,900,10.775169245263204,1.1977964976695894,0.3133672476762629,0.7995132681861266,-1.15375391237261,0.24242424242452787,0.5999999999994898,13.75
gbpusd_rsi2_m15_usd100000_smaller_stop_and_time_confirmed_rebound,2017-04-07T07:30:00+00:00,2017-04-07T08:30:00+00:00,6330,stop,-1.37508294770827,-21.418737503244078,True,False,3600,8.451736352868759,1.0594632514078899,-0.13312833378378244,-1.8755484051759412,-2.0816528389873974,0.23870967741935206,0.9999999999998899,7.5
gbpusd_rsi2_m15_usd100000_smaller_stop_and_time_confirmed_rebound,2017-04-07T09:15:00+00:00,2017-04-07T09:30:00+00:00,6337,stop,-1.6046142134138393,-24.99399086314391,True,False,900,10.539363032819058,1.2616804629876708,-0.23374781705672779,-3.672556654491731,-1.9683450109067746,0.46428571428577803,0.40000000000040004,9.25
gbpusd_rsi2_m15_usd100000_smaller_stop_and_time_confirmed_rebound,2017-04-07T14:15:00+00:00,2017-04-07T14:30:00+00:00,6357,signal_exit,0.23860000000015222,3.6992248062039104,False,True,900,14.038498073905691,1.4719371235897851,-1.160020401065513,-6.909500723092607,-1.661413767385144,0.04697986577182208,0.9999999999998899,14.25
gbpusd_rsi2_m15_usd100000_smaller_stop_and_time_confirmed_rebound,2017-04-11T07:45:00+00:00,2017-04-11T08:30:00+00:00,6515,signal_exit,0.03828000000013104,0.5944099378902336,False,True,2700,6.198310383335995,0.9226904459814084,0.003719818456138578,-0.9992298532311235,-1.4300618535475424,0.4461538461536675,0.5000000000010552,7.75
gbpusd_rsi2_m15_usd100000_smaller_stop_and_time_confirmed_rebound,2017-04-12T10:45:00+00:00,2017-04-12T11:15:00+00:00,6618,signal_exit,0.20960000000012544,3.27500000000196,False,True,1800,8.820059911841819,1.2249164119136124,1.3471122159487872,4.834150825979404,-0.41431221033646465,0.4545454545454379,0.700000000000145,10.75
gbpusd_rsi2_m15_usd100000_smaller_stop_and_time_confirmed_rebound,2017-04-13T07:15:00+00:00,2017-04-13T09:30:00+00:00,6698,stop,-1.284189452941424,-20.159960014779028,True,False,8100,7.860121294673416,1.029448425061301,2.1392717572958992,6.767797574245186,-1.5118319550592112,0.9529411764705421,0.9000000000014552,7.25
gbpusd_rsi2_m15_usd100000_smaller_stop_and_time_confirmed_rebound,2017-04-13T12:00:00+00:00,2017-04-13T12:15:00+00:00,6717,signal_exit,0.4826600000000807,7.56520376175675,False,True,900,8.938713296728514,1.122243914013238,1.3226360213196242,2.6821586314053523,-1.8063065572783046,0.06329113924037114,0.5000000000010552,12.0
gbpusd_rsi2_m15_usd100000_smaller_stop_and_time_confirmed_rebound,2017-04-13T14:00:00+00:00,2017-04-13T14:45:00+00:00,6725,signal_exit,0.2466000000000925,3.8652037617569355,False,True,2700,9.695024471066944,1.1855289883190405,0.9132543922790946,1.0500239358323769,-1.789714473119055,0.44444444444423126,0.700000000000145,14.0
gbpusd_rsi2_m15_usd100000_smaller_stop_and_time_confirmed_rebound,2017-04-18T09:30:00+00:00,2017-04-18T09:45:00+00:00,6967,target,1.5829234223053503,24.810711948359724,False,True,900,14.772754093300257,1.9440485240194896,0.821131873517487,-3.180629716997239,-2.4076030802876427,0.18226600985220975,1.1999999999989797,9.5
gbpusd_rsi2_m15_usd100000_smaller_stop_and_time_confirmed_rebound,2017-04-19T14:30:00+00:00,2017-04-19T15:30:00+00:00,7078,stop,-1.9514745869579757,-31.273631201249607,True,False,3600,13.484251498061553,1.1701874930663605,2.5669570119596816,7.8568941122451035,-1.7672866746145741,0.10389610389605708,0.700000000000145,14.5
gbpusd_rsi2_m15_usd100000_smaller_stop_and_time_confirmed_rebound,2017-04-20T10:30:00+00:00,2017-04-20T11:00:00+00:00,7155,stop,-1.3568248877177498,-21.778890653575438,True,False,1800,8.78430889019163,0.9319832192699326,1.6545987821637935,6.114124472919769,-0.29938274296767764,0.14999999999988897,0.5999999999994898,10.5
gbpusd_rsi2_m15_usd100000_smaller_stop_and_time_confirmed_rebound,2017-04-20T11:45:00+00:00,2017-04-20T12:30:00+00:00,7160,signal_exit,0.07456000000013602,1.1948717948739747,False,True,2700,10.086085598199263,1.0487473438937602,1.5312280155855469,3.528673728175356,-1.6387799918658,0.4912280701755753,0.2999999999997449,11.75
gbpusd_rsi2_m15_usd100000_smaller_stop_and_time_confirmed_rebound,2017-04-21T09:00:00+00:00,2017-04-21T11:00:00+00:00,7240,stop,-1.6963480004917253,-27.185064110444312,True,False,7200,11.439967952659442,1.2560583784237345,0.46237851454184764,1.3191531048988283,-0.46840012116093643,0.6387434554973555,0.700000000000145,9.0
gbpusd_rsi2_m15_usd100000_smaller_stop_and_time_confirmed_rebound,2017-04-21T15:15:00+00:00,2017-04-21T16:15:00+00:00,7265,signal_exit,0.28750000000014064,4.60000000000225,False,True,3600,11.600028451943091,1.2025372547142643,-0.03536752169254319,-0.549441790152314,-0.33137768077943214,0.8407079646018847,0.4999999999988347,15.25
gbpusd_rsi2_m15_usd100000_smaller_stop_and_time_confirmed_rebound,2017-04-24T07:00:00+00:00,2017-04-24T07:15:00+00:00,7325,signal_exit,0.3437500000000928,5.500000000001484,False,True,900,8.623002849165374,0.9216357951152003,-0.04482768147056911,-1.0232624056140252,-1.1539032715609534,0.83333333333321,0.8000000000008001,7.0
gbpusd_rsi2_m15_usd100000_smaller_stop_and_time_confirmed_rebound,2017-04-24T12:30:00+00:00,2017-04-24T15:30:00+00:00,7347,holding_bars,-0.8249999999999311,-13.199999999998898,False,False,10800,11.675921954077467,1.171114601469416,0.36122957396731153,-0.5460478604417072,-2.2227008632117147,0.38211382113816733,0.5999999999994898,12.5
gbpusd_rsi2_m15_usd100000_smaller_stop_and_time_confirmed_rebound,2017-04-26T07:15:00+00:00,2017-04-26T08:15:00+00:00,7511,stop,-0.9983078451219394,-16.0242029714597,True,False,3600,5.956965049132857,0.7979503192794571,0.7068344402912827,0.771256469673047,-2.1352263582294086,0.10714285714274385,0.5000000000010552,7.25
gbpusd_rsi2_m15_usd100000_smaller_stop_and_time_confirmed_rebound,2017-04-26T13:45:00+00:00,2017-04-26T14:00:00+00:00,7537,signal_exit,0.43546000000001306,6.989727126805988,False,True,900,9.274696268701668,1.1580555315178591,0.1516451905049768,0.19339403657191914,-0.9468090302138844,0.5368421052631652,0.40000000000040004,13.75
gbpusd_rsi2_m15_usd100000_smaller_stop_and_time_confirmed_rebound,2017-04-28T13:15:00+00:00,2017-04-28T13:45:00+00:00,7721,signal_exit,0.530420000000112,8.568982229404071,False,True,1800,13.4816497708219,1.3922803823851568,1.3061890449684106,2.865783005827777,-1.5889097203274014,0.4344827586207942,0.5999999999994898,13.25
gbpusd_rsi2_m15_usd100000_smaller_stop_and_time_confirmed_rebound,2017-05-01T11:45:00+00:00,2017-05-01T12:15:00+00:00,7805,signal_exit,0.3199600000001077,5.168982229404001,False,True,1800,6.457082638782278,0.8093215617083889,0.39983455626664316,1.1182971724701103,-0.7069724630906786,0.8333333333334704,0.5999999999994898,11.75
gbpusd_rsi2_m15_usd100000_smaller_stop_and_time_confirmed_rebound,2017-05-01T15:30:00+00:00,2017-05-01T16:00:00+00:00,7820,stop,-1.1893189440279595,-19.244643107248535,True,False,1800,7.5041985762791885,0.9404186795778958,0.490276210171496,1.604747887052164,-0.17360564999036737,0.5,0.5999999999994898,15.5
gbpusd_rsi2_m15_usd100000_smaller_stop_and_time_confirmed_rebound,2017-05-02T07:15:00+00:00,2017-05-02T08:30:00+00:00,7879,signal_exit,0.28438000000013974,4.57938808373816,False,True,4500,8.063755480909432,1.1154297333518384,-0.35846911540293686,-4.32321891519719,-1.9028703584778126,0.38345864661659784,0.5999999999994898,7.25
gbpusd_rsi2_m15_usd100000_smaller_stop_and_time_confirmed_rebound,2017-05-02T12:15:00+00:00,2017-05-02T14:15:00+00:00,7899,signal_exit,0.3013900000001235,4.868982229404257,False,True,7200,9.81451662305863,1.2340534526118014,-0.2914095363996464,1.2344729550939182,0.8638186274584086,0.5657894736843412,0.3999999999981796,12.25
gbpusd_rsi2_m15_usd100000_smaller_stop_and_time_confirmed_rebound,2017-05-03T13:00:00+00:00,2017-05-03T14:30:00+00:00,7992,stop,-1.4052838996864963,-22.73922167777502,True,False,5400,9.351487861541965,1.177997395226245,0.13267785032038928,0.6039262475036249,0.20814281297956308,0.5657894736840491,0.40000000000040004,13.0
gbpusd_rsi2_m15_usd100000_smaller_stop_and_time_confirmed_rebound,2017-05-03T15:15:00+00:00,2017-05-03T15:45:00+00:00,8001,signal_exit,0.171400000000234,2.768982229406042,False,True,1800,11.34669446624484,1.353095921217299,0.014581660345475268,-1.4550346813443353,-1.6562780640664838,0.8000000000000386,0.4999999999988347,15.25
gbpusd_rsi2_m15_usd100000_smaller_stop_and_time_confirmed_rebound,2017-05-04T07:00:00+00:00,2017-05-04T07:30:00+00:00,8060,target,0.730981191895846,11.752109194466977,False,True,1800,7.983771639033985,1.04007103509512,-0.99124713147718,-6.495635667190179,-2.18250964118858,0.7724137931033628,0.6000000000017103,7.0
gbpusd_rsi2_m15_usd100000_smaller_stop_and_time_confirmed_rebound,2017-05-04T11:00:00+00:00,2017-05-04T13:00:00+00:00,8076,signal_exit,0.44480000000009423,7.174193548388617,False,True,7200,10.076558670209968,1.2124811835006806,-0.6253420669030166,-1.2040183300214096,0.5064081016895944,0.24358974358991511,0.4999999999988347,11.0
gbpusd_rsi2_m15_usd100000_smaller_stop_and_time_confirmed_rebound,2017-05-08T09:30:00+00:00,2017-05-08T12:30:00+00:00,8255,holding_bars,-1.0069599999999521,-16.346753246752467,False,False,10800,9.785879886006235,1.2242059450993166,0.9305509218245989,2.5279615925499557,-1.1952382722606036,0.27067669172924924,0.20000000000131024,9.5
gbpusd_rsi2_m15_usd100000_smaller_stop_and_time_confirmed_rebound,2017-05-08T14:15:00+00:00,2017-05-08T17:15:00+00:00,8274,holding_bars,-1.0884799999999295,-17.641491085898373,False,False,10800,9.839629998167284,1.1919447537745873,0.4752533818583508,0.6402429821264044,-1.0130489388269717,0.8785046728972448,0.5999999999994898,14.25
gbpusd_rsi2_m15_usd100000_smaller_stop_and_time_confirmed_rebound,2017-05-09T09:45:00+00:00,2017-05-09T12:30:00+00:00,8348,stop,-1.3593083540784088,-21.99528081033024,True,False,9900,8.879517427818584,1.1478834732560397,0.0029079683697003857,-2.8431646428978166,-1.970355225116465,0.7439024390243506,0.6000000000017103,9.75
gbpusd_rsi2_m15_usd100000_smaller_stop_and_time_confirmed_rebound,2017-05-10T09:30:00+00:00,2017-05-10T11:45:00+00:00,8441,signal_exit,-0.18765999999991917,-3.041491085898204,False,False,8100,10.31034671650196,1.2934930585904565,0.5799569542935434,0.35632081204049465,-1.270875494307362,0.12500000000013012,0.5999999999994898,9.5
gbpusd_rsi2_m15_usd100000_smaller_stop_and_time_confirmed_rebound,2017-05-10T13:30:00+00:00,2017-05-10T13:45:00+00:00,8457,stop,-1.3382731952080669,-21.690003163826045,True,False,900,8.724256038964153,1.0822245929314847,0.26036789343740047,-0.04271959302607912,-0.6319116811283753,0.24444444444453217,0.5999999999994898,13.5
gbpusd_rsi2_m15_usd100000_smaller_stop_and_time_confirmed_rebound,2017-05-10T14:00:00+00:00,2017-05-10T15:00:00+00:00,8459,signal_exit,0.4798000000001996,7.763754045310673,False,True,3600,9.180098319311037,1.126972730760696,0.17099440055365625,-1.1191041045918695,-1.8652283506183378,0.4888888888888176,0.40000000000040004,14.0
gbpusd_rsi2_m15_usd100000_smaller_stop_and_time_confirmed_rebound,2017-05-11T09:30:00+00:00,2017-05-11T10:00:00+00:00,8535,signal_exit,0.46852000000011884,7.568982229404181,False,True,1800,8.466426473116405,1.1589042499287627,-0.21946145623325805,-4.1001025689813835,-2.031948340321022,0.3249999999999445,0.700000000000145,9.5
gbpusd_rsi2_m15_usd100000_smaller_stop_and_time_confirmed_rebound,2017-05-11T12:30:00+00:00,2017-05-11T14:00:00+00:00,8547,signal_exit,0.2098600000000652,3.3793880837369596,False,True,5400,13.897470858197941,1.6468365295971517,-0.7970877058962429,-8.94260305179288,-1.6747759520538408,0.4461538461538383,1.80000000000069,12.5
gbpusd_rsi2_m15_usd100000_smaller_stop_and_time_confirmed_rebound,2017-05-12T08:00:00+00:00,2017-05-12T08:45:00+00:00,8621,stop,-1.223406455352059,-19.700587042706264,True,False,2700,7.739987563221894,1.0030400942802433,-0.8668046107173301,-5.971752015054637,-2.2683496018506006,0.5319148936169962,0.5999999999994898,8.0
gbpusd_rsi2_m15_usd100000_smaller_stop_and_time_confirmed_rebound,2017-05-12T09:15:00+00:00,2017-05-12T10:00:00+00:00,8626,signal_exit,0.09856000000002235,1.5845659163990733,False,True,2700,8.682716841032274,1.1049647020210356,-0.9918983799376097,-6.602720419764976,-1.6252972288477512,0.4347826086956242,0.6000000000017103,9.25
gbpusd_rsi2_m15_usd100000_smaller_stop_and_time_confirmed_rebound,2017-05-12T15:45:00+00:00,2017-05-12T17:15:00+00:00,8652,signal_exit,-0.5471999999999342,-8.825806451611841,False,False,5400,11.584376817399301,1.3240925530623673,-0.7755356912628719,-2.058510840002827,0.4008535645574525,0.5339805825241756,0.6000000000017103,15.75
gbpusd_rsi2_m15_usd100000_smaller_stop_and_time_confirmed_rebound,2017-05-15T12:15:00+00:00,2017-05-15T14:30:00+00:00,8727,stop,-1.171881651570839,-18.9624862713728,True,False,8100,7.513120158341694,1.013862373950841,0.9266277733417725,2.405851283342762,-1.5098788297001913,0.666666666666774,0.2999999999997449,12.25
gbpusd_rsi2_m15_usd100000_smaller_stop_and_time_confirmed_rebound,2017-05-16T09:45:00+00:00,2017-05-16T10:15:00+00:00,8811,signal_exit,0.4634000000000784,7.474193548388362,False,True,1800,12.947483474923393,1.6624547355871455,0.3255046878536794,-2.892879711491448,-1.9320908269239876,0.1434262948207714,0.5999999999994898,9.75
gbpusd_rsi2_m15_usd100000_smaller_stop_and_time_confirmed_rebound,2017-05-16T12:15:00+00:00,2017-05-16T12:45:00+00:00,8821,signal_exit,0.4138000000001665,6.674193548389782,False,True,1800,10.914697264104438,1.3780335953707556,-0.010300530063652969,-3.02486043912391,-0.956825293659828,0.5903614457833356,0.5999999999994898,12.25
gbpusd_rsi2_m15_usd100000_smaller_stop_and_time_confirmed_rebound,2017-05-17T07:15:00+00:00,2017-05-17T08:00:00+00:00,8895,signal_exit,0.4612600000002154,7.463754045310928,False,True,2700,9.1693741884028,1.1979686237671363,0.517257335265155,0.8868067427254572,-1.3399321720098414,0.1699346405228246,0.5999999999994898,7.25
gbpusd_rsi2_m15_usd100000_smaller_stop_and_time_confirmed_rebound,2017-05-17T14:00:00+00:00,2017-05-17T14:15:00+00:00,8922,target,1.045356734202457,16.942572677511457,False,True,900,10.692031881705217,1.252486464545507,1.0661840174567478,3.6370733241801525,-0.5056607074442286,0.30434782608702365,0.8000000000008001,14.0
gbpusd_rsi2_m15_usd100000_smaller_stop_and_time_confirmed_rebound,2017-05-17T15:45:00+00:00,2017-05-17T16:30:00+00:00,8929,signal_exit,0.43551000000005335,7.058508914101351,False,True,2700,12.926539372922676,1.4224894854856671,1.0833221990158692,1.963584490945705,-2.0071742672679145,0.125,0.30000000000196536,15.75
gbpusd_rsi2_m15_usd100000_smaller_stop_and_time_confirmed_rebound,2017-05-18T12:00:00+00:00,2017-05-18T12:15:00+00:00,9009,signal_exit,0.5356000000000551,8.737357259380996,False,True,900,13.540251928073513,1.3845657662492001,1.3747914888122275,7.064524766150573,0.360212001435794,0.10126582278462157,0.5000000000010552,12.0
gbpusd_rsi2_m15_usd100000_smaller_stop_and_time_confirmed_rebound,2017-05-22T08:00:00+00:00,2017-05-22T09:45:00+00:00,9179,signal_exit,-0.15694999999985454,-2.552032520322838,False,False,6300,9.829519595535428,1.1254169978807882,0.19196155344809088,-0.6767206291142256,-1.4077422803196482,0.8364779874213107,0.40000000000040004,8.0
gbpusd_rsi2_m15_usd100000_smaller_stop_and_time_confirmed_rebound,2017-05-22T15:45:00+00:00,2017-05-22T16:30:00+00:00,9210,signal_exit,-0.009659999999843738,-0.15732899022546804,False,False,2700,12.890071169132648,1.3008611499353553,0.43101586849219775,1.374234428464477,-0.32863511910157167,0.9722222222220424,0.40000000000040004,15.75
gbpusd_rsi2_m15_usd100000_smaller_stop_and_time_confirmed_rebound,2017-05-23T10:45:00+00:00,2017-05-23T11:45:00+00:00,9281,signal_exit,0.1696000000000961,2.753246753248313,False,True,3600,11.159721342829977,1.193852032008059,-0.1919397823774542,-2.049934020207305,-1.336495868377489,0.3097345132742441,0.30000000000196536,10.75
gbpusd_rsi2_m15_usd100000_smaller_stop_and_time_confirmed_rebound,2017-05-23T14:45:00+00:00,2017-05-23T15:00:00+00:00,9297,target,0.91494883186141,14.853065452295615,False,True,900,9.499909349524456,1.02694528700149,-0.2674352909844717,-1.4692111912675905,-0.34154397454135466,0.0873786407766174,0.5000000000010552,14.75
gbpusd_rsi2_m15_usd100000_smaller_stop_and_time_confirmed_rebound,2017-05-24T11:15:00+00:00,2017-05-24T11:30:00+00:00,9376,signal_exit,0.12648000000008713,2.0532467532481675,False,True,900,9.120568200645206,1.0559223902115553,-0.1398607473167034,-1.725394849917328,-1.1349721385319416,0.6307692307692255,0.2999999999997449,11.25
gbpusd_rsi2_m15_usd100000_smaller_stop_and_time_confirmed_rebound,2017-05-24T13:45:00+00:00,2017-05-24T16:45:00+00:00,9386,holding_bars,-1.1254999999998982,-18.241491085897863,False,False,10800,11.381306965603319,1.2599886169977714,-0.2515748417927455,-3.67451064129361,-1.6122360989697146,0.9302325581394228,0.10000000000065512,13.75
gbpusd_rsi2_m15_usd100000_smaller_stop_and_time_confirmed_rebound,2017-05-26T09:00:00+00:00,2017-05-26T09:15:00+00:00,9554,signal_exit,0.12913000000008784,2.0793880837373244,False,True,900,9.73264821978137,1.118848660307118,-1.8251919953700615,-7.651544315260931,-1.074644795303625,0.13432835820880684,0.2999999999997449,9.0
gbpusd_rsi2_m15_usd100000_smaller_stop_and_time_confirmed_rebound,2017-05-26T11:15:00+00:00,2017-05-26T12:00:00+00:00,9563,stop,-1.5677679482122322,-25.24586067974609,True,False,2700,10.66262438174237,1.1871829652602341,-1.8261056224760874,-8.507592569687738,-1.734927439539512,0.19708029197081595,0.2999999999997449,11.25
gbpusd_rsi2_m15_usd100000_smaller_stop_and_time_confirmed_rebound,2017-05-26T12:15:00+00:00,2017-05-26T12:30:00+00:00,9567,stop,-1.51706659053219,-24.39013811145,True,False,900,10.287352013925094,1.1450404393444953,-1.9017493437638364,-9.727495138718748,-1.7815566935771303,0.5263157894736227,0.20000000000131024,12.25
gbpusd_rsi2_m15_usd100000_smaller_stop_and_time_confirmed_rebound,2017-05-26T13:15:00+00:00,2017-05-26T14:30:00+00:00,9571,signal_exit,0.11773000000014483,1.889727126808103,False,True,4500,12.334911517850026,1.3155839056265943,-1.9694275410587736,-11.839603628017418,-2.0084293111984355,0.06730769230769641,0.5000000000010552,13.25
gbpusd_rsi2_m15_usd100000_smaller_stop_and_time_confirmed_rebound,2017-05-29T07:45:00+00:00,2017-05-29T08:00:00+00:00,9640,signal_exit,0.2797100000000994,4.489727126807374,False,True,900,5.475378620869866,0.6907409957614421,-1.5785169020171466,-5.802469773946732,-0.11695135943689458,0.17647058823514045,0.40000000000040004,7.75
gbpusd_rsi2_m15_usd100000_smaller_stop_and_time_confirmed_rebound,2017-05-29T13:45:00+00:00,2017-05-29T15:15:00+00:00,9664,signal_exit,0.26650000000015583,4.284565916401219,False,True,5400,5.7070595544974125,0.7622434616152859,-0.827994318754937,-3.8192950309133247,-1.995424389971363,0.3191489361698107,0.10000000000065512,13.75
gbpusd_rsi2_m15_usd100000_smaller_stop_and_time_confirmed_rebound,2017-05-31T08:30:00+00:00,2017-05-31T08:30:00+00:00,9831,stop,-1.6370152299640504,-26.23421842891106,True,False,0,11.014545111892167,1.246839871097919,-0.7588901337857615,-3.792786731198581,-0.7140543088161316,0.9705882352941433,0.5999999999994898,8.5
gbpusd_rsi2_m15_usd100000_smaller_stop_and_time_confirmed_rebound,2017-06-01T10:30:00+00:00,2017-06-01T11:00:00+00:00,9934,signal_exit,0.6459200000001555,10.384565916401213,False,True,1800,12.194580748996469,1.244382289497049,0.08397433910947295,-1.9150492164213602,-1.6902070275690195,0.10280373831781713,0.40000000000040004,10.5
gbpusd_rsi2_m15_usd100000_smaller_stop_and_time_confirmed_rebound,2017-06-02T07:45:00+00:00,2017-06-02T08:15:00+00:00,10014,signal_exit,0.37753000000019843,6.079388083739104,False,True,1800,6.488065706814603,0.788540816363703,0.16277408494616014,-0.9174618744759244,-1.7134822924247288,0.19587628865967582,0.2999999999997449,7.75
gbpusd_rsi2_m15_usd100000_smaller_stop_and_time_confirmed_rebound,2017-06-02T11:30:00+00:00,2017-06-02T12:30:00+00:00,10029,target,0.9127908794550282,14.675094525000453,False,True,3600,9.24526430430009,1.0782769788208324,-0.11299539067253869,-1.6801000993049509,-1.3868754241351058,0.3650793650793427,0.20000000000131024,11.5
gbpusd_rsi2_m15_usd100000_smaller_stop_and_time_confirmed_rebound,2017-06-05T13:15:00+00:00,2017-06-05T13:15:00+00:00,10130,target,0.9547352231819654,15.423832361582638,False,True,0,9.727425066089365,1.106727903332058,0.6418395287321215,3.017358378274036,0.24535446767297753,0.4910714285714693,0.40000000000040004,13.25
gbpusd_rsi2_m15_usd100000_smaller_stop_and_time_confirmed_rebound,2017-06-06T07:30:00+00:00,2017-06-06T07:30:00+00:00,10198,target,0.8083617651007937,13.059156140562093,False,True,0,8.495086955578534,1.0602472475781972,0.9407460799956063,1.889972789326349,-2.191574658760528,0.3561643835614855,0.2999999999997449,7.5
gbpusd_rsi2_m15_usd100000_smaller_stop_and_time_confirmed_rebound,2017-06-06T13:00:00+00:00,2017-06-06T16:00:00+00:00,10220,holding_bars,0.4634000000002161,7.474193548390582,False,True,10800,11.483328427472383,1.3102696820665833,0.31759830906470893,-1.2848477214848326,-1.8169815044615722,0.5254237288136656,0.3999999999981796,13.0
gbpusd_rsi2_m15_usd100000_smaller_stop_and_time_confirmed_rebound,2017-06-07T08:00:00+00:00,2017-06-07T09:00:00+00:00,10291,target,0.5557659544209239,8.963967006789096,False,True,3600,6.494886729200732,0.8554501153615817,0.0893972472585563,-0.7094922212246064,-1.5667710638651755,0.19047619047598907,0.40000000000040004,8.0
gbpusd_rsi2_m15_usd100000_smaller_stop_and_time_confirmed_rebound,2017-06-07T11:00:00+00:00,2017-06-07T11:30:00+00:00,10303,signal_exit,0.17140000000009656,2.7689822294038215,False,True,1800,10.440786762522784,1.2662562039134249,0.13377339139627956,0.07391005571881147,-0.3865512426860747,0.3424657534246159,0.2999999999997449,11.0
gbpusd_rsi2_m15_usd100000_smaller_stop_and_time_confirmed_rebound,2017-06-08T09:15:00+00:00,2017-06-08T09:15:00+00:00,10390,stop,-1.0864756222876248,-17.637591270903,True,False,0,6.89541901207599,0.8921165777131229,1.0738765643655828,3.8714106542574886,-0.2177590157736167,0.10606060606061116,0.1999999999990898,9.25
gbpusd_rsi2_m15_usd100000_smaller_stop_and_time_confirmed_rebound,2017-06-08T09:45:00+00:00,2017-06-08T09:45:00+00:00,10392,stop,-1.2058521700469438,-19.543795300598767,True,False,0,7.901152107351338,1.004463353293131,1.0220011822402388,2.6247417194141613,-1.2382293477885817,0.3921568627450468,0.09999999999843467,9.75
gbpusd_rsi2_m15_usd100000_smaller_stop_and_time_confirmed_rebound,2017-06-08T13:30:00+00:00,2017-06-08T14:45:00+00:00,10407,target,1.0999796812284925,17.799023968098584,False,True,4500,10.917634961394345,1.29461239594889,0.42215333592764487,-1.3245571293163534,-1.6338302006399468,0.2857142857143289,0.40000000000040004,13.5
gbpusd_rsi2_m15_usd100000_smaller_stop_and_time_confirmed_rebound,2017-06-09T07:00:00+00:00,2017-06-09T07:30:00+00:00,10476,signal_exit,2.298760000000117,36.430427892236395,False,True,1800,31.853638944451625,1.7511318791402504,-1.9808733971182548,-11.443752769031763,-2.152002974713945,0.26780626780625844,0.700000000000145,7.0
gbpusd_rsi2_m15_usd100000_smaller_stop_and_time_confirmed_rebound,2017-06-09T13:15:00+00:00,2017-06-09T14:15:00+00:00,10501,signal_exit,0.3517600000001342,5.610207336525265,False,True,3600,22.87290691568096,1.1896249837231303,-1.4904938490592352,-5.544632978772699,-0.40699827586371135,0.6373056994819029,0.4999999999988347,13.25
gbpusd_rsi2_m15_usd100000_smaller_stop_and_time_confirmed_rebound,2017-06-12T07:30:00+00:00,2017-06-12T08:00:00+00:00,10571,stop,-1.2006937724983076,-19.14982093298736,True,False,1800,7.580014134755642,0.5618404245219673,-0.769217001267256,-3.4147195159172004,-1.3345575351002583,0.9230769230766791,0.40000000000040004,7.5
gbpusd_rsi2_m15_usd100000_smaller_stop_and_time_confirmed_rebound,2017-06-12T08:30:00+00:00,2017-06-12T09:15:00+00:00,10575,stop,-1.2853665793695503,-20.467620690597936,True,False,2700,8.291453657402037,0.6203757811189266,-0.7840024151803712,-4.487504192630449,-1.8716199347671565,0.376623376623459,0.2999999999997449,8.5
gbpusd_rsi2_m15_usd100000_smaller_stop_and_time_confirmed_rebound,2017-06-12T10:15:00+00:00,2017-06-12T10:30:00+00:00,10582,stop,-1.49105342788955,-23.705141937830682,True,False,900,9.86274584967968,0.7430134313301932,-0.9546342943928575,-6.1448425180284705,-1.6862570448248462,0.5312499999999711,0.40000000000040004,10.25
gbpusd_rsi2_m15_usd100000_smaller_stop_and_time_confirmed_rebound,2017-06-12T11:00:00+00:00,2017-06-12T12:15:00+00:00,10585,stop,-1.5239529269678087,-24.189728999489027,True,False,4500,10.007562912444005,0.7583973336372712,-1.0761609069345368,-6.9819204145118565,-1.5759723018493472,0.6666666666670368,0.5999999999994898,11.0
gbpusd_rsi2_m15_usd100000_smaller_stop_and_time_confirmed_rebound,2017-06-13T13:30:00+00:00,2017-06-13T14:15:00+00:00,10689,signal_exit,0.5033600000000062,8.01528662420392,False,True,2700,10.73570446996187,0.9976155485002017,-0.006775585658543265,0.30252205770733265,0.003062441031848123,0.1607142857143459,0.40000000000040004,13.5
gbpusd_rsi2_m15_usd100000_smaller_stop_and_time_confirmed_rebound,2017-06-14T08:45:00+00:00,2017-06-14T08:45:00+00:00,10761,stop,-1.702798031164702,-27.201246504228465,True,False,0,11.503179162658528,1.2533829877804095,0.7894140506629506,2.808999856038384,-0.16106155329767954,0.29200000000002807,0.5999999999994898,8.75
gbpusd_rsi2_m15_usd100000_smaller_stop_and_time_confirmed_rebound,2017-06-19T13:30:00+00:00,2017-06-19T15:00:00+00:00,11056,stop,-1.5924011381411467,-25.43771786167966,True,False,5400,10.821414841384579,1.2232400980358695,0.5955800399183677,-0.9459630239946906,-1.8631925217626766,0.7631578947370267,0.1999999999990898,13.5
gbpusd_rsi2_m15_usd100000_smaller_stop_and_time_confirmed_rebound,2017-06-20T08:15:00+00:00,2017-06-20T09:45:00+00:00,11128,signal_exit,0.5245000000001301,8.32539682539889,False,True,5400,12.477776177872352,1.4794008098262343,-0.6958810126180196,-7.884139623301642,-2.0655994510979894,0.5031446540881408,0.3999999999981796,8.25
gbpusd_rsi2_m15_usd100000_smaller_stop_and_time_confirmed_rebound,2017-06-20T11:00:00+00:00,2017-06-20T12:00:00+00:00,11139,signal_exit,-0.11165999999984161,-1.7695721077629414,False,False,3600,11.913100550933226,1.3646720930750185,-1.1915012932518458,-8.747653121309787,-1.1689656864702602,0.2822580645160294,0.40000000000040004,11.0
gbpusd_rsi2_m15_usd100000_smaller_stop_and_time_confirmed_rebound,2017-06-20T13:30:00+00:00,2017-06-20T13:30:00+00:00,11149,stop,-1.6512115111842074,-26.168169749353524,True,False,0,11.049298820794705,1.246847121510802,-1.968171191366788,-9.563398373835126,-1.174078561221176,0.5833333333332232,0.5000000000010552,13.5
gbpusd_rsi2_m15_usd100000_smaller_stop_and_time_confirmed_rebound,2017-06-20T14:15:00+00:00,2017-06-20T16:00:00+00:00,11152,signal_exit,-0.4468699999999306,-7.059557661926234,False,False,6300,13.538378101051855,1.451243886858011,-1.9838311085447122,-11.329501855217952,-1.6190080670313811,0.8244274809159167,0.40000000000040004,14.25
gbpusd_rsi2_m15_usd100000_smaller_stop_and_time_confirmed_rebound,2017-06-21T15:00:00+00:00,2017-06-21T18:00:00+00:00,11247,holding_bars,-0.8246899999998891,-13.069572107763694,False,False,10800,13.35166866661718,1.3729900785354627,-0.2555675813830066,-1.049930101753189,-0.40914355305952343,0.4352941176471418,0.20000000000131024,15.0
gbpusd_rsi2_m15_usd100000_smaller_stop_and_time_confirmed_rebound,2017-06-22T13:15:00+00:00,2017-06-22T14:30:00+00:00,11328,signal_exit,0.46255000000013724,7.330427892236723,False,True,4500,8.155790409979089,0.9862565227242851,-0.21593027905697307,-1.5675865653198373,-1.5293539905944642,0.13559322033877255,0.2999999999997449,13.25
gbpusd_rsi2_m15_usd100000_smaller_stop_and_time_confirmed_rebound,2017-06-23T09:45:00+00:00,2017-06-23T10:30:00+00:00,11405,signal_exit,0.597560000000205,9.515286624207086,False,True,2700,8.868660959225195,1.1693418489653644,1.204752007683132,4.744941829398271,0.02252116505506079,0.14516129032285213,0.1999999999990898,9.75
gbpusd_rsi2_m15_usd100000_smaller_stop_and_time_confirmed_rebound,2017-06-26T10:00:00+00:00,2017-06-26T10:15:00+00:00,11498,target,0.9401194419744413,14.970054808510211,False,True,900,9.527384092153152,1.3016343992294834,0.9398604407296811,-0.346584972652383,-2.222985334104489,0.6493506493504434,0.5000000000010552,10.0
gbpusd_rsi2_m15_usd100000_smaller_stop_and_time_confirmed_rebound,2017-06-28T07:15:00+00:00,2017-06-28T07:15:00+00:00,11670,target,0.693807317348518,11.118707008790352,False,True,0,7.511917606958041,0.9928304766555207,1.6786679058419722,4.321192265396965,-2.102990913800471,0.018292682926812756,0.2999999999997449,7.25
gbpusd_rsi2_m15_usd100000_smaller_stop_and_time_confirmed_rebound,2017-06-30T09:00:00+00:00,2017-06-30T10:00:00+00:00,11864,signal_exit,0.04600000000010945,0.7479674796765765,False,True,3600,10.476783911461634,1.156171673200149,1.7988570421354109,3.9796598552390914,-2.2355981052910288,0.07142857142860233,0.9999999999998899,9.0
gbpusd_rsi2_m15_usd100000_smaller_stop_and_time_confirmed_rebound,2017-06-30T11:00:00+00:00,2017-06-30T14:00:00+00:00,11872,holding_bars,-0.3170399999999461,-5.146753246752371,False,False,10800,11.306636282819706,1.216392791777841,1.309791541598349,2.579296009885179,-1.2633956655705085,0.6993865030674261,0.30000000000196536,11.0
gbpusd_rsi2_m15_usd100000_smaller_stop_and_time_confirmed_rebound,2017-07-03T09:15:00+00:00,2017-07-03T11:00:00+00:00,11959,stop,-1.398828256559077,-22.708250918166833,True,False,6300,9.330748835709123,1.1227462647733752,0.5120403801363343,-1.2675898718641136,-1.9705117908611636,0.818181818181887,0.3999999999981796,9.25
gbpusd_rsi2_m15_usd100000_smaller_stop_and_time_confirmed_rebound,2017-07-03T11:45:00+00:00,2017-07-03T12:15:00+00:00,11969,signal_exit,0.2997700000001231,4.858508914102481,False,True,1800,9.982767746138576,1.1706966403453316,0.04967818160359134,-2.845078961903647,-1.1207525703301546,0.4301075268817307,0.2999999999997449,11.75
gbpusd_rsi2_m15_usd100000_smaller_stop_and_time_confirmed_rebound,2017-07-03T14:45:00+00:00,2017-07-03T15:45:00+00:00,11981,signal_exit,-0.021069999999923816,-0.34149108589827903,False,False,3600,11.160648659868263,1.24763441668637,-0.5093324561714768,-3.4166495580892207,-1.4737309847012376,0.7619047619045731,0.20000000000131024,14.75
gbpusd_rsi2_m15_usd100000_smaller_stop_and_time_confirmed_rebound,2017-07-05T07:45:00+00:00,2017-07-05T09:15:00+00:00,12133,signal_exit,-0.13190999999982883,-2.131017770594973,False,False,5400,8.756256050542085,1.138236711427968,-0.48269041380997535,-4.035676241970077,-1.464885415077246,0.8484848484847601,0.2999999999997449,7.75
gbpusd_rsi2_m15_usd100000_smaller_stop_and_time_confirmed_rebound,2017-07-06T14:00:00+00:00,2017-07-06T15:00:00+00:00,12251,signal_exit,0.47362000000015914,7.663754045310018,False,True,3600,10.620538991482311,1.2936247209547773,0.3369030901946455,-0.017111486054818867,-1.189133548860602,0.4545454545454687,1.5999999999993797,14.0
gbpusd_rsi2_m15_usd100000_smaller_stop_and_time_confirmed_rebound,2017-07-07T09:00:00+00:00,2017-07-07T10:00:00+00:00,12323,stop,-1.479949473512284,-23.94740248401754,True,False,3600,10.005578264663589,1.3009985121880983,0.303129165240737,-3.3853066300166765,-2.4111109105703243,0.5048543689319634,0.2999999999997449,9.0
gbpusd_rsi2_m15_usd100000_smaller_stop_and_time_confirmed_rebound,2017-07-07T10:30:00+00:00,2017-07-07T11:45:00+00:00,12329,signal_exit,-0.20618999999990312,-3.331017770596173,False,False,4500,9.660126071258746,1.2438327248415044,-0.15498066322469387,-5.412620657673112,-1.5931291938550476,0.6555555555557283,0.40000000000040004,10.5
gbpusd_rsi2_m15_usd100000_smaller_stop_and_time_confirmed_rebound,2017-07-10T09:15:00+00:00,2017-07-10T10:30:00+00:00,12415,signal_exit,-0.23725999999983044,-3.8206119162613597,False,False,4500,8.188448829856119,1.0882779170384254,-0.7941736999992062,-5.507821896964518,-1.8938031705282823,0.3893805309734218,0.4999999999988347,9.25
gbpusd_rsi2_m15_usd100000_smaller_stop_and_time_confirmed_rebound,2017-07-11T13:45:00+00:00,2017-07-11T14:30:00+00:00,12524,stop,-1.7690763322497183,-28.487541582121068,True,False,2700,12.283464832929019,1.5944720824925307,0.13528411875669466,-3.660621630381699,-1.7402567088521783,0.8208955223878964,0.2999999999997449,13.75
gbpusd_rsi2_m15_usd100000_smaller_stop_and_time_confirmed_rebound,2017-07-11T15:00:00+00:00,2017-07-11T15:45:00+00:00,12529,signal_exit,0.2354000000002283,3.784565916402384,False,True,2700,11.761973634893005,1.4995473511448234,-0.18521840806273845,-6.352404186423644,-1.6099949941774396,0.13636363636352167,0.2999999999997449,15.0
gbpusd_rsi2_m15_usd100000_smaller_stop_and_time_confirmed_rebound,2017-07-12T08:15:00+00:00,2017-07-12T08:15:00+00:00,12595,target,0.8157629106797994,13.094107715566603,False,True,0,8.502190294379178,1.1209767891082356,-1.1337573995710482,-6.893779594798865,-1.24409011699289,0.540229885057483,0.2999999999997449,8.25
gbpusd_rsi2_m15_usd100000_smaller_stop_and_time_confirmed_rebound,2017-07-13T10:45:00+00:00,2017-07-13T11:15:00+00:00,12696,signal_exit,0.4488999999999972,7.263754045307397,False,True,1800,9.029653885587582,1.08471031223533,1.1161610559975077,3.595306865324119,-0.8160064267712583,0.2343750000001572,0.40000000000040004,10.75
gbpusd_rsi2_m15_usd100000_smaller_stop_and_time_confirmed_rebound,2017-07-13T14:15:00+00:00,2017-07-13T17:15:00+00:00,12710,holding_bars,-0.3606799999999548,-5.836245954691825,False,False,10800,11.715931131778328,1.3054736973947407,1.1219044438774592,3.82276108791927,-0.3081143959052109,0.3387096774193895,0.2999999999997449,14.25
gbpusd_rsi2_m15_usd100000_smaller_stop_and_time_confirmed_rebound,2017-07-18T09:30:00+00:00,2017-07-18T10:00:00+00:00,12966,signal_exit,0.7930600000001085,12.937357259381868,False,True,1800,14.385046956651081,1.6780154743041933,1.0736068366483653,-2.410782678069564,-1.837023957620864,0.5328467153283559,0.2999999999997449,9.5
gbpusd_rsi2_m15_usd100000_smaller_stop_and_time_confirmed_rebound,2017-07-18T11:30:00+00:00,2017-07-18T14:00:00+00:00,12974,signal_exit,0.972740000000048,15.842671009772769,False,True,9000,13.77471877990931,1.5387533061449823,0.3893978785511478,-3.9724056773731378,-1.194219397599712,0.3239436619717693,0.5000000000010552,11.5
gbpusd_rsi2_m15_usd100000_smaller_stop_and_time_confirmed_rebound,2017-07-19T14:15:00+00:00,2017-07-19T14:45:00+00:00,13078,target,1.0385200526343237,16.914007371894524,False,True,1800,10.435668181059997,1.2302687065707987,-0.1935871477431128,-1.931088304941404,-1.3954199224703474,0.47945205479446223,0.2999999999997449,14.25
gbpusd_rsi2_m15_usd100000_smaller_stop_and_time_confirmed_rebound,2017-07-20T07:45:00+00:00,2017-07-20T08:00:00+00:00,13146,stop,-1.272127330772631,-20.684997248335463,True,False,900,8.36648236400455,1.136511654664331,-0.430489429157857,-4.832747446396569,-2.809144389450918,0.08870967741922631,0.30000000000196536,7.75
gbpusd_rsi2_m15_usd100000_smaller_stop_and_time_confirmed_rebound,2017-07-20T08:30:00+00:00,2017-07-20T08:30:00+00:00,13149,target,0.9901263832754071,16.099615988218,False,True,0,10.375824254270519,1.348042243126775,-0.5314050119666414,-5.720915431932367,-2.0780238251133305,0.1578947368420868,0.9999999999998899,8.5
gbpusd_rsi2_m15_usd100000_smaller_stop_and_time_confirmed_rebound,2017-07-20T11:15:00+00:00,2017-07-20T12:45:00+00:00,13160,signal_exit,0.5959300000001453,9.65850891410284,False,True,5400,13.695891660899072,1.570947783098038,-1.0761300382132595,-8.802990938535267,-1.5079324463968147,0.3377483443708405,0.40000000000040004,11.25
gbpusd_rsi2_m15_usd100000_smaller_stop_and_time_confirmed_rebound,2017-07-21T12:30:00+00:00,2017-07-21T13:30:00+00:00,13257,stop,-1.3536652703951457,-22.010817404799116,True,False,3600,9.079392442238628,1.0644714793362742,0.09674577677708776,-0.2678761533909794,-0.9776899069240665,0.21052631578969921,0.1999999999990898,12.5
gbpusd_rsi2_m15_usd100000_smaller_stop_and_time_confirmed_rebound,2017-07-21T14:15:00+00:00,2017-07-21T14:45:00+00:00,13264,signal_exit,0.4406400000000936,7.153246753248273,False,True,1800,10.787856042727524,1.2190749215252232,0.06108635728704187,-1.8336106842036533,-1.6160592523211652,0.4166666666665896,0.1999999999990898,14.25
gbpusd_rsi2_m15_usd100000_smaller_stop_and_time_confirmed_rebound,2017-07-21T15:45:00+00:00,2017-07-21T16:45:00+00:00,13270,signal_exit,0.8595200000001022,13.953246753248411,False,True,3600,12.251889444149278,1.3303201770643354,-0.08367331401154994,-3.1906180288666217,-1.8235884660861204,0.36559139784943157,0.1999999999990898,15.75
gbpusd_rsi2_m15_usd100000_smaller_stop_and_time_confirmed_rebound,2017-07-24T13:15:00+00:00,2017-07-24T14:00:00+00:00,13352,signal_exit,-0.003839999999939947,-0.06264274061892246,False,False,2700,8.692384550105208,1.0472983809319056,0.8029877572117504,2.795110101155058,-0.7502725920279659,0.09589041095893744,0.40000000000040004,13.25
gbpusd_rsi2_m15_usd100000_smaller_stop_and_time_confirmed_rebound,2017-07-25T07:30:00+00:00,2017-07-25T08:30:00+00:00,13423,signal_exit,0.5049500000001266,8.237357259382161,False,True,3600,6.302869712265292,0.8431115932726113,0.47355809882217215,1.1556382898582238,-1.2655805242827898,0.14035087719293804,0.40000000000040004,7.5
gbpusd_rsi2_m15_usd100000_smaller_stop_and_time_confirmed_rebound,2017-07-25T10:15:00+00:00,2017-07-25T11:00:00+00:00,13434,signal_exit,0.8008200000001489,13.04267100977441,False,True,2700,9.439946176766652,1.1893496197809361,0.37106847366178425,-0.24211798973170168,-1.833748454813849,0.09565217391289908,0.20000000000131024,10.25
gbpusd_rsi2_m15_usd100000_smaller_stop_and_time_confirmed_rebound,2017-07-25T13:45:00+00:00,2017-07-25T15:15:00+00:00,13448,stop,-1.6155147964558694,-26.397300595684136,True,False,5400,11.314663369738511,1.3327824622714,0.6865544960942102,4.672188045167514,0.7292092737555127,0.5206611570246509,0.10000000000065512,13.75
gbpusd_rsi2_m15_usd100000_smaller_stop_and_time_confirmed_rebound,2017-07-26T14:15:00+00:00,2017-07-26T14:45:00+00:00,13543,signal_exit,0.4988200000000864,8.137357259381506,False,True,1800,10.117347435611444,1.2339291068980915,0.3468922950527535,1.4105305812136513,-0.17603037672912147,0.3196721311476335,0.2999999999997449,14.25
gbpusd_rsi2_m15_usd100000_smaller_stop_and_time_confirmed_rebound,2017-07-27T11:45:00+00:00,2017-07-27T12:45:00+00:00,13627,signal_exit,0.122240000000086,2.010526315790888,False,True,3600,9.314099397318426,1.0450673617179247,1.7955652038417689,6.966754769917235,0.5378463033374667,0.8444444444441868,0.10000000000065512,11.75
gbpusd_rsi2_m15_usd100000_smaller_stop_and_time_confirmed_rebound,2017-07-27T15:15:00+00:00,2017-07-27T15:30:00+00:00,13641,stop,-1.6847599265880242,-27.61901518996761,True,False,900,11.820163332690136,1.2529613640709327,1.2855263322994217,0.5885268709576743,-1.8010288300633996,0.4062500000000759,0.2999999999997449,15.25
gbpusd_rsi2_m15_usd100000_smaller_stop_and_time_confirmed_rebound,2017-07-31T07:15:00+00:00,2017-07-31T08:00:00+00:00,13793,signal_exit,0.12886000000012604,2.1159277504125784,False,True,2700,6.381783837436389,0.8022928186858888,0.7040157221419633,0.7870821579273689,-2.160597507564661,0.3164556962024178,0.40000000000040004,7.25
gbpusd_rsi2_m15_usd100000_smaller_stop_and_time_confirmed_rebound,2017-08-01T11:15:00+00:00,2017-08-01T13:00:00+00:00,13902,signal_exit,0.3626500000001933,5.994214876036253,False,True,6300,9.29680935775317,1.079553109178897,1.6993367840393252,6.032541502718833,-0.2315048484412435,0.3333333333331632,0.0,11.25
gbpusd_rsi2_m15_usd100000_smaller_stop_and_time_confirmed_rebound,2017-08-03T12:30:00+00:00,2017-08-03T14:15:00+00:00,14090,signal_exit,-0.13311999999983187,-2.189473684207761,False,False,6300,17.974536101504068,1.8699362002998696,0.05580115729574291,-7.989082593388303,-1.8251299305367514,0.15384615384619138,1.7999999999984695,12.5
gbpusd_rsi2_m15_usd100000_smaller_stop_and_time_confirmed_rebound,2017-08-04T11:30:00+00:00,2017-08-04T12:00:00+00:00,14179,signal_exit,-0.06015999999989391,-0.9894736842087813,False,False,1800,7.358866863904239,0.9457339359405917,-0.777867022834795,-3.575975222362863,-1.0662840062507495,0.2926829268290041,0.2999999999997449,11.5
gbpusd_rsi2_m15_usd100000_smaller_stop_and_time_confirmed_rebound,2017-08-04T13:30:00+00:00,2017-08-04T13:45:00+00:00,14187,stop,-1.7131983169390606,-28.039252323061547,True,False,900,12.032964950402638,1.4095948326366086,-0.9150275190388127,-10.059718342468024,-2.21603889014795,0.4186046511626526,0.2999999999997449,13.5
gbpusd_rsi2_m15_usd100000_smaller_stop_and_time_confirmed_rebound,2017-08-04T14:45:00+00:00,2017-08-04T17:30:00+00:00,14192,signal_exit,-0.5121199999998705,-8.367973856207033,False,False,9900,13.29564235759253,1.490864741821086,-1.392794524936284,-12.538953588431095,-1.4966720548172265,0.8062499999999853,0.1999999999990898,14.75
gbpusd_rsi2_m15_usd100000_smaller_stop_and_time_confirmed_rebound,2017-08-07T13:15:00+00:00,2017-08-07T16:15:00+00:00,14277,holding_bars,-0.5064999999998301,-8.26264274061713,False,False,10800,8.42622829223063,1.0748706292805612,-1.7076277515331844,-9.029521160087587,-2.085031528958397,0.24324324324334867,0.0,13.25
gbpusd_rsi2_m15_usd100000_smaller_stop_and_time_confirmed_rebound,2017-08-08T07:15:00+00:00,2017-08-08T07:30:00+00:00,14344,signal_exit,0.0574600000000533,0.9373572593809674,False,True,900,5.206737950900405,0.8179567288244591,-0.8933056575825827,-4.371250294510671,-1.6527358337795781,0.4583333333332177,0.40000000000040004,7.25
gbpusd_rsi2_m15_usd100000_smaller_stop_and_time_confirmed_rebound,2017-08-08T10:00:00+00:00,2017-08-08T11:00:00+00:00,14355,stop,-1.0274866339647748,-16.761609036945753,True,False,3600,6.3494831481643015,0.9815256060577151,-0.9087437256857511,-4.778015518295381,-1.6544586600069122,0.7021276595748601,0.3999999999981796,10.0
gbpusd_rsi2_m15_usd100000_smaller_stop_and_time_confirmed_rebound,2017-08-08T12:00:00+00:00,2017-08-08T12:45:00+00:00,14363,stop,-1.1276890675010625,-18.39623274879384,True,False,2700,7.266795004088463,1.0985483815849466,-1.029338435272477,-5.775361178282502,-1.7834567337910257,0.9555555555552705,0.1999999999990898,12.0
gbpusd_rsi2_m15_usd100000_smaller_stop_and_time_confirmed_rebound,2017-08-08T13:30:00+00:00,2017-08-08T14:00:00+00:00,14369,stop,-1.2034075999186595,-19.59947231137882,True,False,1800,7.821071660576322,1.158406859452733,-1.1749996203044029,-7.652311451585049,-1.8880999021323415,0.052631578947414555,0.2999999999997449,13.5
gbpusd_rsi2_m15_usd100000_smaller_stop_and_time_confirmed_rebound,2017-08-09T09:15:00+00:00,2017-08-09T09:30:00+00:00,14444,signal_exit,0.22980000000008902,3.742671009773437,False,True,900,9.500544697992531,1.295289075706243,-0.8653292485711045,-2.722276651089722,0.10648880456335072,0.08791208791193507,0.40000000000040004,9.25
gbpusd_rsi2_m15_usd100000_smaller_stop_and_time_confirmed_rebound,2017-08-09T11:45:00+00:00,2017-08-09T13:00:00+00:00,14454,signal_exit,0.08905000000011837,1.4479674796767212,False,True,4500,9.634564310427281,1.2706470691097493,-0.5016753628530564,-3.8699180873306926,-2.053461283159106,0.4482758620689919,0.40000000000040004,11.75
gbpusd_rsi2_m15_usd100000_smaller_stop_and_time_confirmed_rebound,2017-08-10T12:00:00+00:00,2017-08-10T13:00:00+00:00,14549,signal_exit,0.6179500000000329,10.04796747967533,False,True,3600,9.34776067120251,1.1947212891430536,-0.6851767297013436,-1.0710181125555782,0.7650601919747587,0.43820224719110934,0.40000000000040004,12.0
gbpusd_rsi2_m15_usd100000_smaller_stop_and_time_confirmed_rebound,2017-08-10T14:30:00+00:00,2017-08-10T17:15:00+00:00,14559,signal_exit,-0.7288999999997778,-11.852032520321591,False,False,9900,11.546113743400555,1.376420549139853,-0.28017709303469374,-1.9150802263037368,-1.561610214002653,0.2278481012656093,0.2999999999997449,14.5
gbpusd_rsi2_m15_usd100000_smaller_stop_and_time_confirmed_rebound,2017-08-11T07:00:00+00:00,2017-08-11T08:15:00+00:00,14623,stop,-0.8894387150848413,-14.462418131460835,True,False,4500,5.25519280556916,0.7554099369371733,-0.2996936870518833,-1.8251147639576313,-1.0387137104095863,0.1219512195124461,0.2999999999997449,7.0
gbpusd_rsi2_m15_usd100000_smaller_stop_and_time_confirmed_rebound,2017-08-11T08:45:00+00:00,2017-08-11T09:45:00+00:00,14630,stop,-0.965668463074796,-15.676436088876558,True,False,3600,5.864841421062452,0.846016243564142,-0.30689740736655063,-2.771989154322772,-1.6651148653639498,0.450000000000037,0.2999999999997449,8.75
gbpusd_rsi2_m15_usd100000_smaller_stop_and_time_confirmed_rebound,2017-08-14T14:30:00+00:00,2017-08-14T14:45:00+00:00,14745,signal_exit,0.09568000000015892,1.5532467532493328,False,True,900,8.45736163154567,1.0929215129592287,-0.6581956975784296,-2.9849713075061213,-1.228998503713109,0.07954545454547175,0.40000000000040004,14.5
gbpusd_rsi2_m15_usd100000_smaller_stop_and_time_confirmed_rebound,2017-08-15T08:15:00+00:00,2017-08-15T08:15:00+00:00,14811,target,0.7124022311966871,11.546227409994927,False,True,0,7.843859247945373,1.1149495540400458,-0.768974944467068,-5.349854609925159,-1.637503054034674,0.4079601990049828,0.4999999999988347,8.25
gbpusd_rsi2_m15_usd100000_smaller_stop_and_time_confirmed_rebound,2017-08-15T10:45:00+00:00,2017-08-15T12:15:00+00:00,14821,signal_exit,0.24640000000003345,3.974193548387636,False,True,5400,11.750658757841315,1.484776321684293,-1.3143921478576917,-11.965579093593501,-1.8391405700313168,0.3199999999999112,0.20000000000131024,10.75
gbpusd_rsi2_m15_usd100000_smaller_stop_and_time_confirmed_rebound,2017-08-15T13:15:00+00:00,2017-08-15T13:45:00+00:00,14831,signal_exit,0.981800000000146,15.78456591640106,False,True,1800,12.136227469956152,1.4591280304050196,-2.1809222528616026,-13.020380796522153,-1.3518537341604075,0.36619718309849464,0.10000000000065512,13.25
gbpusd_rsi2_m15_usd100000_smaller_stop_and_time_confirmed_rebound,2017-08-16T11:15:00+00:00,2017-08-16T13:00:00+00:00,14915,stop,-1.4803154038057893,-23.83760714663107,True,False,6300,9.958497615184333,1.2481792230318876,-1.2545361047655892,-4.50833656643553,0.02459347210558839,0.19117647058817766,0.2999999999997449,11.25
gbpusd_rsi2_m15_usd100000_smaller_stop_and_time_confirmed_rebound,2017-08-17T11:00:00+00:00,2017-08-17T12:30:00+00:00,15008,signal_exit,0.3030100000001239,4.879388083737905,False,True,5400,9.258299650575408,1.187924288816298,-0.2802629978783515,-3.8292363034963266,-1.7263776832810682,0.506329113923951,0.5000000000010552,11.0
gbpusd_rsi2_m15_usd100000_smaller_stop_and_time_confirmed_rebound,2017-08-18T10:15:00+00:00,2017-08-18T12:45:00+00:00,15098,signal_exit,-0.4355999999998914,-7.025806451611151,False,False,9000,9.499311090112707,1.2380348044647647,0.17591231254376588,0.1267779186254891,-0.775371194067938,0.3823529411766819,0.2999999999997449,10.25
gbpusd_rsi2_m15_usd100000_smaller_stop_and_time_confirmed_rebound,2017-08-21T12:15:00+00:00,2017-08-21T12:45:00+00:00,15197,signal_exit,0.5006000000000468,8.074193548387852,False,True,1800,7.25725798415796,0.9798455618823636,-0.1208222303687798,0.14648995698334719,0.1942605404770939,0.1515151515151617,0.20000000000131024,12.25
gbpusd_rsi2_m15_usd100000_smaller_stop_and_time_confirmed_rebound,2017-08-22T08:00:00+00:00,2017-08-22T08:15:00+00:00,15274,stop,-1.0661966360435617,-17.16902795561291,True,False,900,6.574208019675005,0.9905382421376399,-0.2273582752117913,-4.2644392284920905,-2.10342390094878,0.5319148936167599,0.40000000000040004,8.0
gbpusd_rsi2_m15_usd100000_smaller_stop_and_time_confirmed_rebound,2017-08-22T08:30:00+00:00,2017-08-22T09:30:00+00:00,15276,stop,-1.1918622434816832,-19.161772403242495,True,False,3600,7.573169159821844,1.1162220767028939,-0.3436273192051771,-4.599848093069955,-1.6616647068310313,0.40506329113918893,0.40000000000040004,8.5
gbpusd_rsi2_m15_usd100000_smaller_stop_and_time_confirmed_rebound,2017-08-22T10:00:00+00:00,2017-08-22T11:00:00+00:00,15282,stop,-1.3116390899940447,-21.08744517675313,True,False,3600,8.536005546577067,1.2224604828028556,-0.675012770193703,-6.538409683951861,-1.4733393719224037,0.4854368932040049,0.40000000000040004,10.0
gbpusd_rsi2_m15_usd100000_smaller_stop_and_time_confirmed_rebound,2017-08-22T11:30:00+00:00,2017-08-22T12:00:00+00:00,15288,signal_exit,0.03051000000012677,0.4897271268078133,False,True,1800,9.033698981752503,1.262376899555941,-1.0968679489983901,-7.933906570285169,-1.3187658386145822,0.3899999999998468,0.30000000000196536,11.5
gbpusd_rsi2_m15_usd100000_smaller_stop_and_time_confirmed_rebound,2017-08-23T09:00:00+00:00,2017-08-23T11:00:00+00:00,15370,signal_exit,0.13072000000008827,2.0948717948732094,False,True,7200,9.619102872443362,1.2971084428696307,-1.12173721210938,-6.280739315407711,-1.7372926866388652,0.7578947368421569,0.40000000000040004,9.0
gbpusd_rsi2_m15_usd100000_smaller_stop_and_time_confirmed_rebound,2017-08-23T13:30:00+00:00,2017-08-23T14:45:00+00:00,15388,signal_exit,-0.33727999999992947,-5.405128205127075,False,False,4500,8.283133118536435,1.1051422587070232,-1.2989836656071265,-5.462357217748453,-0.725442703279201,0.15068493150689932,0.2999999999997449,13.5
gbpusd_rsi2_m15_usd100000_smaller_stop_and_time_confirmed_rebound,2017-08-24T14:00:00+00:00,2017-08-24T14:45:00+00:00,15481,stop,-1.3943539997407242,-22.381284104987547,True,False,2700,9.035505615897385,1.1973827573715383,0.06720685487936737,-0.11591322297177126,-1.1065849759429682,0.35416666666664737,0.700000000000145,14.0
gbpusd_rsi2_m15_usd100000_smaller_stop_and_time_confirmed_rebound,2017-08-24T15:15:00+00:00,2017-08-24T17:30:00+00:00,15486,signal_exit,-0.2998399999999613,-4.805128205127585,False,False,8100,9.311293818504414,1.2141514840914398,0.07142553924880826,-1.7242291839447563,-1.6757037947560396,0.746666666666497,0.30000000000196536,15.25
gbpusd_rsi2_m15_usd100000_smaller_stop_and_time_confirmed_rebound,2017-08-25T07:00:00+00:00,2017-08-25T07:30:00+00:00,15546,stop,-0.7972018057590204,-12.775669964086866,True,False,1800,4.435270879480206,0.7198046470137371,-0.1323101246947203,-0.9748957322789102,-1.4223541705028218,0.4615384615383827,0.2999999999997449,7.0
gbpusd_rsi2_m15_usd100000_smaller_stop_and_time_confirmed_rebound,2017-08-25T12:45:00+00:00,2017-08-25T13:15:00+00:00,15569,signal_exit,0.14888000000007223,2.3897271268069376,False,True,1800,6.9172711165429925,1.0730274678793774,0.3293266644372197,1.8474428504403868,0.12272683021037227,0.45263157894729217,0.10000000000065512,12.75
gbpusd_rsi2_m15_usd100000_smaller_stop_and_time_confirmed_rebound,2017-08-28T10:30:00+00:00,2017-08-28T11:15:00+00:00,15653,signal_exit,0.2704400000000582,4.368982229403202,False,True,2700,5.8817716106930735,0.8509085159817743,1.551665591948769,6.28631459404028,0.20718240868906448,0.8461538461537804,0.2999999999997449,10.5
gbpusd_rsi2_m15_usd100000_smaller_stop_and_time_confirmed_rebound,2017-08-29T11:15:00+00:00,2017-08-29T12:30:00+00:00,15750,signal_exit,0.7501800000000598,12.158508914101454,False,True,4500,8.261520592128248,1.2147421527763997,1.9916283947475248,6.931041733052649,-0.6921900654341056,0.7532467532468469,0.2999999999997449,11.25
gbpusd_rsi2_m15_usd100000_smaller_stop_and_time_confirmed_rebound,2017-08-30T07:00:00+00:00,2017-08-30T07:15:00+00:00,15825,stop,-0.9302117149447167,-15.027652907022887,True,False,900,5.448317568213193,0.8312712889539352,0.26538370954689927,-1.614502992536079,-2.33930260066323,0.12631578947357597,0.5000000000010552,7.0
gbpusd_rsi2_m15_usd100000_smaller_stop_and_time_confirmed_rebound,2017-08-30T13:00:00+00:00,2017-08-30T13:15:00+00:00,15849,target,1.1823577473237925,19.10109446403542,False,True,900,11.566056117316377,1.4952415408805586,-0.04941005199986772,-2.6889363872133547,-2.073232021551143,0.2751677852349153,0.40000000000040004,13.0
gbpusd_rsi2_m15_usd100000_smaller_stop_and_time_confirmed_rebound,2017-08-31T07:00:00+00:00,2017-08-31T07:30:00+00:00,15919,stop,-0.929565323342979,-15.04151008645597,True,False,1800,5.652632065882612,0.8166313288274027,-0.0897251546906834,-0.4147492108347158,-0.2079493337472286,0.06249999999971811,0.10000000000065512,7.0
gbpusd_rsi2_m15_usd100000_smaller_stop_and_time_confirmed_rebound,2017-08-31T08:00:00+00:00,2017-08-31T08:15:00+00:00,15923,stop,-1.0909147132675163,-17.623824123869408,True,False,900,6.896403176636788,0.9747764071240906,-0.13111596507437537,-2.3197300752677834,-1.8567782418262948,0.47540983606541265,0.1999999999990898,8.0
gbpusd_rsi2_m15_usd100000_smaller_stop_and_time_confirmed_rebound,2017-08-31T08:45:00+00:00,2017-08-31T09:15:00+00:00,15926,stop,-1.1771085441139986,-19.016293119773803,True,False,1800,7.6926376745887755,1.0690515606192217,-0.2000968744126588,-2.9910402819224773,-1.6315409485922272,0.3195876288659676,0.0,8.75
gbpusd_rsi2_m15_usd100000_smaller_stop_and_time_confirmed_rebound,2017-08-31T09:30:00+00:00,2017-08-31T10:15:00+00:00,15929,stop,-1.2521302829491487,-20.195649724986268,True,False,2700,8.13492163668778,1.1176535705470438,-0.29101063053199766,-4.205937606919035,-1.6357426196985865,0.4578313253013241,0.2999999999997449,9.5
gbpusd_rsi2_m15_usd100000_smaller_stop_and_time_confirmed_rebound,2017-09-01T14:30:00+00:00,2017-09-01T15:00:00+00:00,16043,signal_exit,0.8489000000001585,13.758508914103054,False,True,1800,16.170042021769373,1.7382709967980945,0.636792113568823,3.506657312413661,0.381213511096859,0.9512195121949855,0.2999999999997449,14.5
gbpusd_rsi2_m15_usd100000_smaller_stop_and_time_confirmed_rebound,2017-09-04T07:45:00+00:00,2017-09-04T08:30:00+00:00,16112,signal_exit,0.05297000000015023,0.8585089141029211,False,True,2700,5.060906449803448,0.717117577161668,0.5348534132158355,0.7521367245935435,-2.257713256596901,0.3846153846154503,0.2999999999997449,7.75
gbpusd_rsi2_m15_usd100000_smaller_stop_and_time_confirmed_rebound,2017-09-06T14:30:00+00:00,2017-09-06T14:45:00+00:00,16319,target,0.8767720959728591,14.326341437465018,False,True,900,9.0971576468371,1.1714703956510308,1.6189876835839785,6.5399186425608224,0.5545756286217329,0.4149659863945342,0.20000000000131024,14.5
gbpusd_rsi2_m15_usd100000_smaller_stop_and_time_confirmed_rebound,2017-09-08T15:15:00+00:00,2017-09-08T15:30:00+00:00,16512,signal_exit,0.2484400000001121,4.099669966998549,False,True,900,11.380767376225357,1.2446777066993178,2.6817768663001567,9.367128490007032,-0.9278676459975902,0.4675324675325499,0.1999999999990898,15.25
gbpusd_rsi2_m15_usd100000_smaller_stop_and_time_confirmed_rebound,2017-09-11T09:45:00+00:00,2017-09-11T10:00:00+00:00,16584,target,0.6538137344426544,10.789005518855683,False,True,900,7.394667775928868,0.9353249933239925,1.2935206953525353,5.492599741015331,0.5945399423977553,0.7500000000000867,0.2999999999997449,9.75
gbpusd_rsi2_m15_usd100000_smaller_stop_and_time_confirmed_rebound,2017-09-12T13:15:00+00:00,2017-09-12T14:15:00+00:00,16689,signal_exit,0.21607000000004792,3.5832504145944926,False,True,3600,11.977982010456264,1.3835297996664868,2.223962141647998,8.35207829454289,-0.4578965748736739,0.10465116279088381,0.1999999999990898,13.25
gbpusd_rsi2_m15_usd100000_smaller_stop_and_time_confirmed_rebound,2017-09-13T09:15:00+00:00,2017-09-13T10:00:00+00:00,16769,stop,-1.4657919576637264,-24.348703615676516,True,False,2700,10.163222239733397,1.171550023547756,1.9347308921931392,3.8221416659785303,-2.0224907180558493,0.08088235294121489,0.2999999999997449,9.25
gbpusd_rsi2_m15_usd100000_smaller_stop_and_time_confirmed_rebound,2017-09-13T10:45:00+00:00,2017-09-13T11:15:00+00:00,16775,signal_exit,0.588620000000087,9.77774086378882,False,True,1800,9.726220138365,1.1184535489554044,1.5076331539863588,1.5615615218613836,-1.3902526235500583,0.40845070422521995,0.40000000000040004,10.75
gbpusd_rsi2_m15_usd100000_smaller_stop_and_time_confirmed_rebound,2017-09-13T13:45:00+00:00,2017-09-13T14:00:00+00:00,16787,stop,-1.3881152459304489,-23.05839278954234,True,False,900,9.66806682666584,1.1025606344203678,0.8002693803111989,1.2641784538800929,-1.2287040366662445,0.06194690265487595,0.0,13.75
gbpusd_rsi2_m15_usd100000_smaller_stop_and_time_confirmed_rebound,2017-09-13T14:30:00+00:00,2017-09-13T15:15:00+00:00,16790,stop,-1.5334977054930328,-25.43113939457766,True,False,2700,10.757194904586378,1.199242923326636,0.5328372581489642,-0.6339547696646074,-1.7315876292469599,0.6206896551724336,0.20000000000131024,14.5
gbpusd_rsi2_m15_usd100000_smaller_stop_and_time_confirmed_rebound,2017-09-14T08:30:00+00:00,2017-09-14T09:15:00+00:00,16860,stop,-1.1099549446631507,-18.34636272170497,True,False,2700,7.120288798870089,0.9181357393472614,-0.7080685332562127,-2.5739539583934192,-0.028818037336919445,0.2631578947366371,0.40000000000040004,8.5
gbpusd_rsi2_m15_usd100000_smaller_stop_and_time_confirmed_rebound,2017-09-14T09:30:00+00:00,2017-09-14T10:15:00+00:00,16864,signal_exit,0.27190000000013614,4.494214876035308,False,True,2700,7.322836015840429,0.9434158810544075,-0.6948804404626873,-3.671890792699499,-1.3971898429134448,0.4729729729730946,0.09999999999843467,9.5
gbpusd_rsi2_m15_usd100000_smaller_stop_and_time_confirmed_rebound,2017-09-18T08:00:00+00:00,2017-09-18T11:00:00+00:00,17044,holding_bars,-0.6770899999998559,-11.49558573853745,False,False,10800,12.32593026794656,1.0796636785521516,2.6158577483937284,6.64765257680967,-2.3544377091816826,0.16216216216215812,0.5999999999994898,8.0
gbpusd_rsi2_m15_usd100000_smaller_stop_and_time_confirmed_rebound,2017-09-18T15:45:00+00:00,2017-09-18T15:45:00+00:00,17075,stop,-2.1470813463080836,-36.329633609273834,True,False,0,16.072769427310856,1.2974906686917704,1.0872370376800804,1.4343144164410762,-1.9955333347005757,0.2574257425741965,0.40000000000040004,15.75
gbpusd_rsi2_m15_usd100000_smaller_stop_and_time_confirmed_rebound,2017-09-19T09:00:00+00:00,2017-09-19T09:30:00+00:00,17141,signal_exit,1.264710000000115,21.32731871838305,False,True,1800,13.956774885752784,1.2137684809940756,0.465588882510296,-2.3158446258299548,-2.252333520158089,0.22666666666669627,0.4999999999988347,9.0
gbpusd_rsi2_m15_usd100000_smaller_stop_and_time_confirmed_rebound,2017-09-22T07:00:00+00:00,2017-09-22T07:15:00+00:00,17416,target,0.6123761857628081,10.396879214988251,False,True,900,7.296232476762549,0.7398265364128165,1.1476319496091552,3.247382248554516,-1.8084959597841057,0.37254901960788156,0.3999999999981796,7.0
gbpusd_rsi2_m15_usd100000_smaller_stop_and_time_confirmed_rebound,2017-09-22T09:00:00+00:00,2017-09-22T10:00:00+00:00,17424,stop,-1.2568916299113724,-21.339416467086117,True,False,3600,8.521915364273621,0.8615978175530137,1.0219069978081647,2.6385041010764265,-1.5450603397014142,0.49206349206326266,0.5000000000010552,9.0
gbpusd_rsi2_m15_usd100000_smaller_stop_and_time_confirmed_rebound,2017-09-22T14:15:00+00:00,2017-09-22T14:15:00+00:00,17445,target,1.866438715535431,31.58102733562489,False,True,0,17.832561045138167,1.5567855535631707,0.2979261304129254,-3.046960406020237,-2.3004875434857595,0.39393939393937694,0.2999999999997449,14.25
gbpusd_rsi2_m15_usd100000_smaller_stop_and_time_confirmed_rebound,2017-09-25T08:15:00+00:00,2017-09-25T10:15:00+00:00,17514,stop,-1.8491171372524502,-31.287938024576146,True,False,7200,13.60192163496295,1.1373575565936762,0.05516366857010146,-0.9155077106078707,-1.1625097724868994,0.5722543352601394,0.2999999999997449,8.25
gbpusd_rsi2_m15_usd100000_smaller_stop_and_time_confirmed_rebound,2017-09-25T11:15:00+00:00,2017-09-25T12:15:00+00:00,17526,signal_exit,0.16112000000013113,2.7216216216238367,False,True,3600,13.860965540867848,1.1402216618760224,-0.10544531015854791,-3.7876259062884867,-1.7823042767607262,0.8367346938776111,0.2999999999997449,11.25
gbpusd_rsi2_m15_usd100000_smaller_stop_and_time_confirmed_rebound,2017-09-25T15:15:00+00:00,2017-09-25T15:30:00+00:00,17542,stop,-2.0628191301988226,-34.84491773984497,True,False,900,15.38326968073328,1.2195488992786232,-0.5099738800913991,-2.172661308397325,-0.03907263678412332,0.6629629629629115,0.30000000000196536,15.25
gbpusd_rsi2_m15_usd100000_smaller_stop_and_time_confirmed_rebound,2017-09-26T11:30:00+00:00,2017-09-26T13:00:00+00:00,17618,signal_exit,0.13915000000010797,2.3386554621866886,False,True,5400,11.70516741569525,1.0641104117406923,-0.6742058101681551,-6.13368707917544,-1.7386094126630631,0.27927927927932256,0.40000000000040004,11.5
gbpusd_rsi2_m15_usd100000_smaller_stop_and_time_confirmed_rebound,2017-09-27T07:30:00+00:00,2017-09-27T08:00:00+00:00,17697,signal_exit,0.3850600000001212,6.449916247908227,False,True,1800,9.52562927633129,0.979782469467618,-1.1730072543901688,-8.636643438929974,-1.7500597635338002,0.37566137566138,0.40000000000040004,7.5
gbpusd_rsi2_m15_usd100000_smaller_stop_and_time_confirmed_rebound,2017-09-27T13:15:00+00:00,2017-09-27T13:45:00+00:00,17720,signal_exit,0.39700000000006685,6.649916247907317,False,True,1800,12.101119122326494,1.1674032129588965,-1.3421845088634639,-6.280056730064151,-1.0578647619491757,0.24347826086961893,0.2999999999997449,13.25
gbpusd_rsi2_m15_usd100000_smaller_stop_and_time_confirmed_rebound,2017-09-28T09:00:00+00:00,2017-09-28T10:00:00+00:00,17797,signal_exit,0.5355400000001713,8.955518394651694,False,True,3600,14.644873436652782,1.4011599638770567,-1.0867017376937014,-5.44523980632107,-1.260823862184272,0.6928104575163655,0.4999999999988347,9.0
gbpusd_rsi2_m15_usd100000_smaller_stop_and_time_confirmed_rebound,2017-09-29T09:15:00+00:00,2017-09-29T11:15:00+00:00,17890,signal_exit,0.6119200000000167,10.249916247906476,False,True,7200,12.852613761473402,1.3058805597545198,-0.29311326480362976,-4.3817328382818275,-2.459845656895057,0.224806201550481,0.2999999999997449,9.25
gbpusd_rsi2_m15_usd100000_smaller_stop_and_time_confirmed_rebound,2017-10-02T08:00:00+00:00,2017-10-02T08:15:00+00:00,17976,stop,-1.2690330903066767,-21.185861273901114,True,False,900,8.623481555148535,0.8860131549544,-1.0118911686429095,-7.008412263640891,-2.1829161168793476,0.11235955056177813,0.1999999999990898,8.0
gbpusd_rsi2_m15_usd100000_smaller_stop_and_time_confirmed_rebound,2017-10-03T09:15:00+00:00,2017-10-03T10:45:00+00:00,18073,signal_exit,0.22813000000012693,3.783250414595803,False,True,5400,11.607825438695205,1.18600888967735,-1.5930976442446256,-6.578782631446016,-0.6019201002738012,0.5869565217390937,0.2999999999997449,9.25
gbpusd_rsi2_m15_usd100000_smaller_stop_and_time_confirmed_rebound,2017-10-03T15:15:00+00:00,2017-10-03T17:15:00+00:00,18097,signal_exit,0.23416000000003254,3.8832504145942375,False,True,7200,11.567244777806147,1.1477385748368838,-1.4556023456187421,-5.072142748572328,0.3082222646346666,0.5736434108526784,0.20000000000131024,15.25
gbpusd_rsi2_m15_usd100000_smaller_stop_and_time_confirmed_rebound,2017-10-04T07:45:00+00:00,2017-10-04T08:30:00+00:00,18162,target,0.8143772030279488,13.505426252536465,False,True,2700,8.761087918970473,1.0144052031856061,-0.45012670527520493,-2.757941484186681,-1.5007159976850102,0.5076923076923576,0.2999999999997449,7.75
gbpusd_rsi2_m15_usd100000_smaller_stop_and_time_confirmed_rebound,2017-10-05T07:30:00+00:00,2017-10-05T07:30:00+00:00,18253,stop,-1.3594766899393873,-22.470689089907225,True,False,0,9.282451982972002,1.1163927346969018,-0.8796517138388472,-7.214722482310839,-2.4631687277613006,0.6223776223777407,0.1999999999990898,7.5
gbpusd_rsi2_m15_usd100000_smaller_stop_and_time_confirmed_rebound,2017-10-05T11:45:00+00:00,2017-10-05T12:30:00+00:00,18270,stop,-1.5355414241729028,-25.338967395592455,True,False,2700,10.569318681296231,1.1904930836890306,-1.6283520075238946,-8.87528658147109,-1.4503741485507824,0.3411764705883736,0.4999999999988347,11.75
gbpusd_rsi2_m15_usd100000_smaller_stop_and_time_confirmed_rebound,2017-10-05T13:15:00+00:00,2017-10-05T16:15:00+00:00,18276,holding_bars,-0.8505599999999418,-13.98947368420957,False,False,10800,11.97485500232019,1.2998210442804612,-1.9267419133478578,-11.141206865511897,-1.8876245284598716,0.504672897196188,0.5000000000010552,13.25
gbpusd_rsi2_m15_usd100000_smaller_stop_and_time_confirmed_rebound,2017-10-06T13:00:00+00:00,2017-10-06T14:30:00+00:00,18367,signal_exit,-0.2305999999997928,-3.7679738562057645,False,False,5400,13.283973885083025,1.4216467173948169,-2.4715827708598326,-11.183534809800541,-1.7620000374435327,0.5217391304347166,0.1999999999990898,13.0
gbpusd_rsi2_m15_usd100000_smaller_stop_and_time_confirmed_rebound,2017-10-09T13:15:00+00:00,2017-10-09T14:00:00+00:00,18463,stop,-1.3791944054625516,-22.721489381590633,True,False,2700,9.363298232806262,1.0443202163055323,0.7059539554786969,4.369688575621735,0.5439568944042809,0.5156250000002764,0.2999999999997449,13.25
gbpusd_rsi2_m15_usd100000_smaller_stop_and_time_confirmed_rebound,2017-10-09T14:45:00+00:00,2017-10-09T16:15:00+00:00,18469,signal_exit,-0.41887999999981385,-6.889473684207465,False,False,5400,9.504925334017168,1.0539779897796986,0.8511941487047017,1.4462842372422644,-1.635091668119037,0.12162162162182437,0.09999999999843467,14.75
gbpusd_rsi2_m15_usd100000_smaller_stop_and_time_confirmed_rebound,2017-10-10T13:15:00+00:00,2017-10-10T13:45:00+00:00,18557,signal_exit,0.09694000000006148,1.599669966997714,False,True,1800,9.662769228229424,1.1457618533973248,1.2076868259422235,4.405416218166541,-0.40669615695509603,0.5384615384616699,0.1999999999990898,13.25
gbpusd_rsi2_m15_usd100000_smaller_stop_and_time_confirmed_rebound,2017-10-11T09:45:00+00:00,2017-10-11T11:00:00+00:00,18637,signal_exit,0.3211600000000503,5.29966996699753,False,True,4500,9.00155962062789,1.1555168141561136,0.6627998843440093,0.9698942063133001,-1.7657159451149411,0.050505050505166044,0.2999999999997449,9.75
gbpusd_rsi2_m15_usd100000_smaller_stop_and_time_confirmed_rebound,2017-10-11T14:30:00+00:00,2017-10-11T15:30:00+00:00,18656,signal_exit,0.02990000000016274,0.49421487603574776,False,True,3600,10.085271012789875,1.2328315322244503,0.4929299576667322,1.719027269320689,-0.051939678477892694,0.26399999999995877,0.0,14.5
gbpusd_rsi2_m15_usd100000_smaller_stop_and_time_confirmed_rebound,2017-10-12T07:00:00+00:00,2017-10-12T08:00:00+00:00,18719,signal_exit,0.11356000000004579,1.8832504145944575,False,True,3600,7.5323265705266795,0.9527325115590077,1.5979876972361486,5.351014936467567,-1.017317744204233,0.4380165289257609,0.2999999999997449,7.0
gbpusd_rsi2_m15_usd100000_smaller_stop_and_time_confirmed_rebound,2017-10-12T09:15:00+00:00,2017-10-12T10:15:00+00:00,18728,stop,-1.4013971980522761,-23.20194036510391,True,False,3600,9.545341043480297,1.1570654609237823,1.3376553528086652,2.8512440214179944,-1.8709046845713246,0.23076923076928707,0.40000000000040004,9.25
gbpusd_rsi2_m15_usd100000_smaller_stop_and_time_confirmed_rebound,2017-10-12T12:45:00+00:00,2017-10-12T13:00:00+00:00,18742,signal_exit,0.012800000000044054,0.21052631579019823,False,True,900,13.56379219317268,1.4556026915981397,-0.10698318332330722,-7.0906087588216575,-1.2992153201928096,0.11904761904771136,0.40000000000040004,12.75
gbpusd_rsi2_m15_usd100000_smaller_stop_and_time_confirmed_rebound,2017-10-13T10:30:00+00:00,2017-10-13T10:30:00+00:00,18825,target,1.2724459445795229,21.136975823580116,False,True,0,12.529617479894496,1.2012238196931384,1.3531453712994135,2.7366893850364553,-1.4969450745649198,0.7761194029852477,0.1999999999990898,10.5
gbpusd_rsi2_m15_usd100000_smaller_stop_and_time_confirmed_rebound,2017-10-16T13:15:00+00:00,2017-10-16T13:30:00+00:00,18928,target,1.0544483837202745,17.515753882396584,False,True,900,10.769006509303798,1.1018985715971465,0.6006679012503596,-0.45187379039118153,-2.058614679560621,0.3381294964030156,0.2999999999997449,13.25
gbpusd_rsi2_m15_usd100000_smaller_stop_and_time_confirmed_rebound,2017-10-17T09:45:00+00:00,2017-10-17T10:30:00+00:00,19007,stop,-1.647286208486832,-27.36355828051216,True,False,2700,11.620649572150326,1.255253039217353,-0.18249694576570338,-0.735975925991651,-0.09275125443850073,0.6878980891719241,0.40000000000040004,9.75
gbpusd_rsi2_m15_usd100000_smaller_stop_and_time_confirmed_rebound,2017-10-17T11:45:00+00:00,2017-10-17T13:45:00+00:00,19015,stop,-1.851527975996311,-30.60376819828613,True,False,7200,13.44899153716093,1.375464725902953,-0.3955245646520783,-6.332098311564205,-1.9127471719292488,0.14285714285707315,0.0,11.75
gbpusd_rsi2_m15_usd100000_smaller_stop_and_time_confirmed_rebound,2017-10-17T15:00:00+00:00,2017-10-17T15:30:00+00:00,19028,signal_exit,0.15813000000005492,2.605107084020674,False,True,1800,12.97774846059353,1.2798315635711768,-1.3335502316371917,-8.175976434228595,-1.0146774540245194,0.5145631067963217,0.1999999999990898,15.0
gbpusd_rsi2_m15_usd100000_smaller_stop_and_time_confirmed_rebound,2017-10-18T11:45:00+00:00,2017-10-18T12:15:00+00:00,19109,stop,-1.5950067801556913,-26.3202438969586,True,False,1800,11.259956931978152,1.2445657430356347,-1.162741754001405,-4.172999310062606,0.16827322798745833,0.5192307692307898,0.10000000000065512,11.75
gbpusd_rsi2_m15_usd100000_smaller_stop_and_time_confirmed_rebound,2017-10-19T08:00:00+00:00,2017-10-19T08:00:00+00:00,19188,stop,-1.326043680147868,-21.881908913331156,True,False,0,8.940789440165199,1.050522995682572,0.04118328848105549,-1.8572406045331515,-1.9814032667476962,0.11428571428582908,0.2999999999997449,8.0
gbpusd_rsi2_m15_usd100000_smaller_stop_and_time_confirmed_rebound,2017-10-20T14:15:00+00:00,2017-10-20T14:15:00+00:00,19308,target,1.0631979093880461,17.51561629963832,False,True,0,10.805254607807433,1.090841215112196,-0.07357365393542083,-0.11593733440244391,-0.2911654837531834,0.09183673469402782,0.3999999999981796,14.25
gbpusd_rsi2_m15_usd100000_smaller_stop_and_time_confirmed_rebound,2017-10-23T08:45:00+00:00,2017-10-23T11:15:00+00:00,19380,stop,-1.3022591401038728,-21.48942475418932,True,False,9000,8.644547360594794,0.9921305625397073,0.5242415777820667,-0.0936632393191796,-1.6585375097147528,0.8904109589042888,0.4999999999988347,8.75
gbpusd_rsi2_m15_usd100000_smaller_stop_and_time_confirmed_rebound,2017-10-24T07:45:00+00:00,2017-10-24T08:45:00+00:00,19469,signal_exit,0.2423800000000724,3.9996699669978946,False,True,3600,6.972315438828405,0.9138122230143133,0.7536332101060124,-0.40731888135462924,-2.220540699765443,0.17582417582411417,0.2999999999997449,7.75
gbpusd_rsi2_m15_usd100000_smaller_stop_and_time_confirmed_rebound,2017-10-24T09:45:00+00:00,2017-10-24T11:15:00+00:00,19477,signal_exit,-0.024259999999925175,-0.40033003300206554,False,False,5400,8.899991246889304,1.1277364256648466,0.3635219415464851,-1.5178825260793858,-1.394103181184056,0.8584070796458856,0.10000000000065512,9.75
gbpusd_rsi2_m15_usd100000_smaller_stop_and_time_confirmed_rebound,2017-10-24T12:15:00+00:00,2017-10-24T13:30:00+00:00,19487,stop,-1.352567184334868,-22.319590500575377,True,False,4500,9.159630233785752,1.1457060517501374,-0.1643608618861192,-2.6027775158009576,-1.276367669840828,0.6086956521738542,0.30000000000196536,12.25
gbpusd_rsi2_m15_usd100000_smaller_stop_and_time_confirmed_rebound,2017-10-24T15:15:00+00:00,2017-10-24T16:45:00+00:00,19499,signal_exit,0.2506600000001127,4.115927750412359,False,True,5400,11.44473356719415,1.3372769181117272,-0.7539790451146734,-7.684495411613987,-2.0674658170606146,0.1456310679612446,0.40000000000040004,15.25
gbpusd_rsi2_m15_usd100000_smaller_stop_and_time_confirmed_rebound,2017-10-26T07:30:00+00:00,2017-10-26T08:30:00+00:00,19652,stop,-1.090950292553351,-18.09204465262605,True,False,3600,7.087647533609583,0.8115953317060964,1.4953918651539733,3.145101895247821,-2.2219300667575674,0.4430379746835977,0.20000000000131024,7.5
gbpusd_rsi2_m15_usd100000_smaller_stop_and_time_confirmed_rebound,2017-10-26T12:45:00+00:00,2017-10-26T14:15:00+00:00,19673,stop,-1.918845548380419,-31.71645534513089,True,False,5400,13.855335110583326,1.385638395226221,0.14842321946636586,-1.0118324072841547,-1.0005365169618194,0.4377880184331816,0.2999999999997449,12.75
gbpusd_rsi2_m15_usd100000_smaller_stop_and_time_confirmed_rebound,2017-10-26T15:30:00+00:00,2017-10-26T15:45:00+00:00,19684,signal_exit,0.08481999999998208,1.3996699669964037,False,True,900,14.290177712844384,1.3557530252518697,-0.26829704521549,-3.9659744483122963,-1.514058643084799,0.15384615384594738,0.30000000000196536,15.5
gbpusd_rsi2_m15_usd100000_smaller_stop_and_time_confirmed_rebound,2017-10-27T07:15:00+00:00,2017-10-27T07:15:00+00:00,19745,stop,-1.229035077747143,-20.181199963007273,True,False,0,7.948563856710483,0.871617149004479,-1.5941088357462552,-7.639739990497918,-1.8470207946479713,0.2285714285714467,0.5999999999994898,7.25
gbpusd_rsi2_m15_usd100000_smaller_stop_and_time_confirmed_rebound,2017-10-30T07:30:00+00:00,2017-10-30T08:00:00+00:00,19837,target,0.4666998089499075,7.6759836998340045,False,True,1800,5.882728692021132,0.7069462871857757,-0.15758521731731764,-1.185150524781019,-1.3426998075900463,0.7157894736842204,0.40000000000040004,7.5
gbpusd_rsi2_m15_usd100000_smaller_stop_and_time_confirmed_rebound,2017-10-30T14:45:00+00:00,2017-10-30T15:30:00+00:00,19866,signal_exit,0.9150400000001732,15.099669966999558,False,True,2700,10.62898741660152,1.1745376265238734,0.7124095012360925,2.188862379621669,-0.524502385006745,0.6144578313252336,0.40000000000040004,14.75
gbpusd_rsi2_m15_usd100000_smaller_stop_and_time_confirmed_rebound,2017-11-01T13:45:00+00:00,2017-11-01T14:15:00+00:00,20051,signal_exit,0.7255400000001917,12.072212978372573,False,True,1800,11.661062188092997,1.3214431829297277,1.5808566961771469,4.207763603196434,-1.7191214747540977,0.050000000000041636,0.3999999999981796,13.75
gbpusd_rsi2_m15_usd100000_smaller_stop_and_time_confirmed_rebound,2017-11-02T08:00:00+00:00,2017-11-02T09:00:00+00:00,20122,stop,-1.321748695714665,-21.955958400575827,True,False,3600,8.81684963218227,0.9941875977332086,0.65599508254127,0.5565243215963929,-2.057172268456595,0.8301886792452277,0.5999999999994898,8.0
gbpusd_rsi2_m15_usd100000_smaller_stop_and_time_confirmed_rebound,2017-11-02T09:30:00+00:00,2017-11-02T10:15:00+00:00,20128,stop,-1.5786935525009929,-26.18065592870635,True,False,2700,10.781953171651484,1.1747441592793528,0.4064470412990749,-0.6942500044448519,-1.4142244594963842,0.7828571428572327,0.8999999999992347,9.5
gbpusd_rsi2_m15_usd100000_smaller_stop_and_time_confirmed_rebound,2017-11-02T11:15:00+00:00,2017-11-02T11:30:00+00:00,20135,stop,-1.6392998216095416,-27.14072552333678,True,False,900,11.514733622597335,1.2189231533651057,0.023621463369488838,-3.129030910212239,-1.3280115763318276,0.3214285714286918,0.3999999999981796,11.25
gbpusd_rsi2_m15_usd100000_smaller_stop_and_time_confirmed_rebound,2017-11-02T12:30:00+00:00,2017-11-02T14:30:00+00:00,20140,signal_exit,-0.6620799999999221,-10.889473684209245,False,False,7200,25.547914728489467,2.1725269281372652,-0.41396979394164546,-10.092153459883761,-2.547120232106359,0.2474226804123735,1.1999999999989797,12.5
gbpusd_rsi2_m15_usd100000_smaller_stop_and_time_confirmed_rebound,2017-11-03T07:45:00+00:00,2017-11-03T08:00:00+00:00,20216,stop,-1.0334874102880158,-16.887049187712677,True,False,900,6.359537665753716,0.6618614284783026,-2.414772767832403,-10.237778443624322,-2.2109169324105054,0.12800000000013073,0.4999999999988347,7.75
gbpusd_rsi2_m15_usd100000_smaller_stop_and_time_confirmed_rebound,2017-11-06T14:30:00+00:00,2017-11-06T14:45:00+00:00,20333,signal_exit,0.39780000000012383,6.521311475411866,False,True,900,8.616410534389995,0.9756904775669686,0.028189997820392707,-0.536522382188802,-1.0536656704525664,0.5263157894736638,0.1999999999990898,14.5
gbpusd_rsi2_m15_usd100000_smaller_stop_and_time_confirmed_rebound,2017-11-07T08:00:00+00:00,2017-11-07T08:15:00+00:00,20400,signal_exit,0.3098800000001056,5.10510708402151,False,True,900,6.919437426414977,0.9208220665665544,1.1814775204027572,2.2232506349481294,-1.620278959153394,0.31538461538461277,0.1999999999990898,8.0
gbpusd_rsi2_m15_usd100000_smaller_stop_and_time_confirmed_rebound,2017-11-08T11:00:00+00:00,2017-11-08T12:00:00+00:00,20508,stop,-1.3842914516216966,-22.7679515069358,True,False,3600,9.339238911364511,1.2270994560772936,-0.035163426117505836,-2.706447093024779,-1.5007263574601162,0.5268817204302872,0.3999999999981796,11.0
gbpusd_rsi2_m15_usd100000_smaller_stop_and_time_confirmed_rebound,2017-11-08T12:30:00+00:00,2017-11-08T15:15:00+00:00,20514,signal_exit,-0.5044999999998312,-8.284072249586718,False,False,9900,11.009612721225512,1.3802966340605571,-0.3693198942177727,-5.053100268671916,-2.1585799460827175,0.3933333333333787,0.1999999999990898,12.5
gbpusd_rsi2_m15_usd100000_smaller_stop_and_time_confirmed_rebound,2017-11-09T09:30:00+00:00,2017-11-09T10:00:00+00:00,20594,stop,-1.2355455409298146,-20.288104120358202,True,False,1800,8.252015935385083,1.1044464004560102,0.02720774868053214,-2.9559319409839837,-2.10775736045014,0.28000000000002667,0.10000000000065512,9.5
gbpusd_rsi2_m15_usd100000_smaller_stop_and_time_confirmed_rebound,2017-11-09T10:45:00+00:00,2017-11-09T11:15:00+00:00,20599,target,0.8625881999111786,14.140790162478337,False,True,1800,9.10973934353399,1.1899879296685414,-0.1652228969598495,-4.301923895960303,-1.4559398456030963,0.6634615384616596,0.40000000000040004,10.75
gbpusd_rsi2_m15_usd100000_smaller_stop_and_time_confirmed_rebound,2017-11-13T07:30:00+00:00,2017-11-13T08:15:00+00:00,20775,stop,-1.1611440219175528,-19.03514790028775,True,False,2700,7.528229687850231,0.9281829097641786,-0.9060675821946285,-5.823942504983825,-2.4025327622312944,0.2222222222221674,0.2999999999997449,7.5
gbpusd_rsi2_m15_usd100000_smaller_stop_and_time_confirmed_rebound,2017-11-14T07:00:00+00:00,2017-11-14T07:15:00+00:00,20867,stop,-0.805982173079935,-13.234518441378242,True,False,900,4.625223095895175,0.6314160848579963,-0.2912458231503179,-2.7052758227178972,-2.4121093164815095,0.3846153846154897,0.2999999999997449,7.0
gbpusd_rsi2_m15_usd100000_smaller_stop_and_time_confirmed_rebound,2017-11-17T11:45:00+00:00,2017-11-17T14:45:00+00:00,21168,holding_bars,-0.042699999999909866,-0.7057851239654523,False,False,10800,13.416638944219875,1.4284123825817256,1.1392149043149642,0.01189957044197011,-2.091319317866489,0.26388888888874756,0.6000000000017103,11.75
gbpusd_rsi2_m15_usd100000_smaller_stop_and_time_confirmed_rebound,2017-11-20T11:30:00+00:00,2017-11-20T13:15:00+00:00,21262,signal_exit,-0.6643099999998283,-11.016749585403453,False,False,6300,11.434310800775764,1.2698671811225781,1.0370150410096368,4.895367466008055,0.20707014994874695,0.3678160919539115,0.2999999999997449,11.5
gbpusd_rsi2_m15_usd100000_smaller_stop_and_time_confirmed_rebound,2017-11-21T11:15:00+00:00,2017-11-21T12:30:00+00:00,21356,signal_exit,0.9113600000000385,15.08874172185494,False,True,4500,10.792641539467882,1.327640058704966,0.5126158483065837,0.1854552741505959,-1.2872788669369457,0.780141843971629,0.2999999999997449,11.25
gbpusd_rsi2_m15_usd100000_smaller_stop_and_time_confirmed_rebound,2017-11-23T07:45:00+00:00,2017-11-23T08:45:00+00:00,21528,signal_exit,-0.13399999999983409,-2.233333333330568,False,False,3600,5.776761967100001,0.7730762600670026,1.7511129962156917,5.202253161840372,-1.9518061678400396,0.24999999999991326,0.1999999999990898,7.75
gbpusd_rsi2_m15_usd100000_smaller_stop_and_time_confirmed_rebound,2017-11-24T07:00:00+00:00,2017-11-24T07:00:00+00:00,21614,target,0.3357656270710596,5.586782480383688,False,True,0,4.807284751006315,0.7220011563508059,0.14545214455618458,-0.6794987485254175,-1.5497600373027096,0.08333333333341043,0.2999999999997449,7.0
gbpusd_rsi2_m15_usd100000_smaller_stop_and_time_confirmed_rebound,2017-11-27T11:45:00+00:00,2017-11-27T12:45:00+00:00,21725,target,0.7142810119751271,11.944498528012158,False,True,3600,8.04449006668098,1.1166242450100516,0.7641098632551111,4.113819625379298,0.6017313478042393,0.3893129770992017,0.40000000000040004,11.75
gbpusd_rsi2_m15_usd100000_smaller_stop_and_time_confirmed_rebound,2017-11-28T09:00:00+00:00,2017-11-28T12:00:00+00:00,21808,holding_bars,-0.9679999999999687,-16.13333333333281,False,False,10800,11.18201630454082,1.4376601755276985,0.10719257146927215,-1.9513547486956622,-2.2018854779417283,0.06870229007628154,0.10000000000065512,9.0
gbpusd_rsi2_m15_usd100000_smaller_stop_and_time_confirmed_rebound,2017-11-28T13:15:00+00:00,2017-11-28T15:45:00+00:00,21825,stop,-1.6469263508322336,-27.403100679404883,True,False,9000,11.68765682888762,1.3875458632305486,-0.5381069400099298,-5.06058968089741,-1.9502273698989814,0.44444444444458153,0.2999999999997449,13.25
gbpusd_rsi2_m15_usd100000_smaller_stop_and_time_confirmed_rebound,2017-11-29T09:30:00+00:00,2017-11-29T10:45:00+00:00,21904,signal_exit,0.06820000000016896,1.1442953020162576,False,True,4500,13.012230029307704,1.122295791287753,1.1211396178858568,5.621752153767809,0.6679765911660642,0.1677419354838303,1.7000000000000348,9.5
gbpusd_rsi2_m15_usd100000_smaller_stop_and_time_confirmed_rebound,2017-11-29T13:15:00+00:00,2017-11-29T14:15:00+00:00,21919,signal_exit,0.32448000000012756,5.444295302015563,False,True,3600,12.78987015939185,1.089495048963438,1.322809980745498,4.069032634461625,-1.1166600291562612,0.8482758620690384,0.2999999999997449,13.25
gbpusd_rsi2_m15_usd100000_smaller_stop_and_time_confirmed_rebound,2017-11-30T07:15:00+00:00,2017-11-30T08:30:00+00:00,21990,signal_exit,0.24475000000014854,4.127318718383618,False,True,4500,8.49428504159579,0.7761332930320979,1.8304107997169874,6.137466066820165,-2.004525325701084,0.08088235294121489,0.2999999999997449,7.25
gbpusd_rsi2_m15_usd100000_smaller_stop_and_time_confirmed_rebound,2017-12-01T07:00:00+00:00,2017-12-01T08:00:00+00:00,22081,target,0.5206141340693022,8.809037801511035,False,True,3600,6.446566278081156,0.5976701011688232,1.690273323456973,5.46950775937544,-2.2116385765397175,0.20588235294121487,0.2999999999997449,7.0
gbpusd_rsi2_m15_usd100000_smaller_stop_and_time_confirmed_rebound,2017-12-01T14:00:00+00:00,2017-12-01T15:30:00+00:00,22109,signal_exit,-0.3302399999999331,-5.578378378377248,False,False,5400,12.791654566744812,1.0934334481044838,0.5726229455422269,0.5529597885905753,-1.4539860079119924,0.7714285714285533,0.2999999999997449,14.0
gbpusd_rsi2_m15_usd100000_smaller_stop_and_time_confirmed_rebound,2017-12-04T07:45:00+00:00,2017-12-04T08:15:00+00:00,22178,signal_exit,0.2752000000002115,4.632996633000194,False,True,1800,9.522341022675487,0.8338075520768198,-0.2765395851366943,-3.1805132103974296,-1.7356094553657784,0.6074074074074561,0.09999999999843467,7.75
gbpusd_rsi2_m15_usd100000_smaller_stop_and_time_confirmed_rebound,2017-12-04T09:45:00+00:00,2017-12-04T11:15:00+00:00,22186,signal_exit,-0.18811999999992218,-3.167003367002057,False,False,5400,11.126954275459095,0.9616276963369275,-0.4528478201203066,-2.8808509306500647,-0.9071693152855435,0.4122137404580282,0.2999999999997449,9.75
gbpusd_rsi2_m15_usd100000_smaller_stop_and_time_confirmed_rebound,2017-12-05T07:15:00+00:00,2017-12-05T07:30:00+00:00,22268,stop,-1.1328825276714767,-19.072096425445736,True,False,900,7.452546529221431,0.6662032180550298,-0.17495882398633192,-2.4743916983338496,-1.9386172448731744,0.5647058823531195,0.40000000000040004,7.25
gbpusd_rsi2_m15_usd100000_smaller_stop_and_time_confirmed_rebound,2017-12-05T08:15:00+00:00,2017-12-05T08:15:00+00:00,22272,stop,-1.3511077959470552,-22.70769404953034,True,False,0,9.273174755859303,0.8186633195992851,-0.33234654754411574,-4.791040384428153,-1.9408869998077043,0.4444444444445499,0.3999999999981796,8.25
gbpusd_rsi2_m15_usd100000_smaller_stop_and_time_confirmed_rebound,2017-12-05T09:00:00+00:00,2017-12-05T09:15:00+00:00,22275,target,1.2195123544767954,20.46161668585227,False,True,900,12.308660691917881,1.0466346122478267,-0.523301077180556,-6.789789825323008,-1.7632483980414044,0.40952380952395656,0.3999999999981796,9.0
gbpusd_rsi2_m15_usd100000_smaller_stop_and_time_confirmed_rebound,2017-12-06T07:15:00+00:00,2017-12-06T07:30:00+00:00,22361,stop,-1.0834696418562682,-18.20957381271039,True,False,900,7.024114637448602,0.6892944368700963,-0.4900400979619063,-2.9500669325147983,-1.9078150523033623,0.32558139534887326,0.40000000000040004,7.25
gbpusd_rsi2_m15_usd100000_smaller_stop_and_time_confirmed_rebound,2017-12-06T10:45:00+00:00,2017-12-06T13:30:00+00:00,22375,signal_exit,0.0029800000001367066,0.049916247908487546,False,True,9900,12.504978993729974,1.1409698629014942,-0.8339045016794883,-5.604234892941923,-1.4897532667710294,0.37301587301583805,0.40000000000040004,10.75
gbpusd_rsi2_m15_usd100000_smaller_stop_and_time_confirmed_rebound,2017-12-06T15:00:00+00:00,2017-12-06T15:15:00+00:00,22392,signal_exit,0.7611700000000665,12.749916247907311,False,True,900,13.990999243444707,1.1959347083330727,-1.2056279577800715,-5.062057327007279,-0.6434812584007592,0.020202020202151602,0.2999999999997449,15.0
gbpusd_rsi2_m15_usd100000_smaller_stop_and_time_confirmed_rebound,2017-12-07T12:15:00+00:00,2017-12-07T12:45:00+00:00,22476,target,1.6611590677996244,27.732204804668182,False,True,1800,15.985551484135433,1.5366699146956413,-0.595675918110301,-5.707710929405206,-2.12271105748284,0.30281690140848483,0.4999999999988347,12.25
gbpusd_rsi2_m15_usd100000_smaller_stop_and_time_confirmed_rebound,2017-12-08T07:15:00+00:00,2017-12-08T08:00:00+00:00,22548,signal_exit,0.6657800000001417,11.227318718383502,False,True,2700,15.03921777535866,1.2482300671581155,1.2188599296359222,3.8059003212277704,-0.7199886826245409,0.9519230769230841,0.4999999999988347,7.25
gbpusd_rsi2_m15_usd100000_smaller_stop_and_time_confirmed_rebound,2017-12-08T09:30:00+00:00,2017-12-08T12:00:00+00:00,22557,stop,-2.2759640443738727,-38.4453385873965,True,False,9000,16.48348010450955,1.3114047653561436,1.1979709706925592,3.540426971443475,-0.9249259937943302,0.16969696969698927,1.7000000000000348,9.5
gbpusd_rsi2_m15_usd100000_smaller_stop_and_time_confirmed_rebound,2017-12-08T12:30:00+00:00,2017-12-08T13:15:00+00:00,22569,stop,-2.1732304765695374,-36.58637165941982,True,False,2700,16.259684146209256,1.2616129809018644,0.7380998517774645,-0.4726979986572477,-2.0044132552146805,0.25746268656721366,0.2999999999997449,12.5
gbpusd_rsi2_m15_usd100000_smaller_stop_and_time_confirmed_rebound,2017-12-11T09:00:00+00:00,2017-12-11T10:00:00+00:00,22648,stop,-1.477813596681428,-24.753996594328775,True,False,3600,10.30195642111836,0.9398388131516956,-0.47378620167779384,-3.9517699243014013,-1.6668215233639325,0.3611111111109826,0.40000000000040004,9.0
gbpusd_rsi2_m15_usd100000_smaller_stop_and_time_confirmed_rebound,2017-12-11T12:45:00+00:00,2017-12-11T13:45:00+00:00,22663,signal_exit,-0.12835999999992836,-2.1500837520926024,False,False,3600,12.288209173408813,1.0886728245625181,-0.7236544411547307,-3.7919427531082572,-0.876616712579904,0.4646464646465711,0.2999999999997449,12.75
gbpusd_rsi2_m15_usd100000_smaller_stop_and_time_confirmed_rebound,2017-12-12T07:15:00+00:00,2017-12-12T08:15:00+00:00,22734,signal_exit,0.26644000000013457,4.4555183946510795,False,True,3600,5.487025839466241,0.6223158253926437,-1.0967082977281009,-3.7332756688019293,0.66362022800665,0.6489361702128891,0.1999999999990898,7.25
gbpusd_rsi2_m15_usd100000_smaller_stop_and_time_confirmed_rebound,2017-12-12T10:45:00+00:00,2017-12-12T11:15:00+00:00,22748,signal_exit,0.9860200000000555,16.461101836394917,False,True,1800,13.443835909847548,1.3645436044340558,-0.785727604975135,-4.848229084646713,-1.6652458717836716,0.8965517241380155,0.2999999999997449,10.75
gbpusd_rsi2_m15_usd100000_smaller_stop_and_time_confirmed_rebound,2017-12-13T07:45:00+00:00,2017-12-13T08:15:00+00:00,22828,stop,-0.8509787596874041,-14.206657089939966,True,False,1800,5.033879463167744,0.6289593057102175,-0.708192119890558,-2.212121120617117,0.43930137438033345,0.4032258064514916,0.40000000000040004,7.75
gbpusd_rsi2_m15_usd100000_smaller_stop_and_time_confirmed_rebound,2017-12-13T08:45:00+00:00,2017-12-13T08:45:00+00:00,22832,target,0.47924981922731025,8.000831706632892,False,True,0,6.019864935118956,0.7489697174948894,-0.6547519244910435,-3.099746374820196,-1.195736390814385,0.48780487804897205,0.2999999999997449,8.75
gbpusd_rsi2_m15_usd100000_smaller_stop_and_time_confirmed_rebound,2017-12-14T10:45:00+00:00,2017-12-14T11:30:00+00:00,22933,signal_exit,0.5425000000001161,9.132996632998587,False,True,2700,13.470972749796168,1.3302166863420066,1.3699547200838236,5.220169447152146,0.27234402018083703,0.49328859060398283,0.40000000000040004,10.75
gbpusd_rsi2_m15_usd100000_smaller_stop_and_time_confirmed_rebound,2017-12-14T12:30:00+00:00,2017-12-14T15:15:00+00:00,22940,stop,-1.891785617370667,-31.79471625833054,True,False,9900,13.816685860258685,1.3311328360827093,1.281837748011469,3.6832409536028754,-1.2403888617588061,0.2519083969465351,0.40000000000040004,12.5
gbpusd_rsi2_m15_usd100000_smaller_stop_and_time_confirmed_rebound,2017-12-14T15:45:00+00:00,2017-12-14T16:00:00+00:00,22953,signal_exit,1.0873600000002286,18.244295302017257,False,True,900,13.408576615006272,1.2520938931521677,0.8904999524367355,0.9541564916055285,-1.4828438572751346,0.2285714285714875,0.3999999999981796,15.75
gbpusd_rsi2_m15_usd100000_smaller_stop_and_time_confirmed_rebound,2017-12-15T13:15:00+00:00,2017-12-15T13:30:00+00:00,23036,stop,-1.61635887869957,-27.07468808541993,True,False,900,11.512302166664048,1.2154560041970945,0.05214087441233168,-3.7247473893856684,-1.6020028819369716,0.5555555555557155,0.2999999999997449,13.25
gbpusd_rsi2_m15_usd100000_smaller_stop_and_time_confirmed_rebound,2017-12-15T14:15:00+00:00,2017-12-15T15:45:00+00:00,23040,stop,-1.9453355083666506,-32.476385782414866,True,False,5400,14.168743809404651,1.4186468797976877,-0.3259254909665602,-7.373451653643683,-1.7980534439541687,0.5944055944055889,0.40000000000040004,14.25
gbpusd_rsi2_m15_usd100000_smaller_stop_and_time_confirmed_rebound,2017-12-19T10:30:00+00:00,2017-12-19T11:30:00+00:00,23211,target,0.8101984925322561,13.571164029016014,False,True,3600,8.860623890554454,1.1147552859486014,0.1928799271710631,-0.9808349933696981,-1.4810342671243828,0.8645833333331502,0.40000000000040004,10.5
gbpusd_rsi2_m15_usd100000_smaller_stop_and_time_confirmed_rebound,2017-12-21T11:15:00+00:00,2017-12-21T12:15:00+00:00,23400,stop,-1.1895780085232481,-19.925929791009178,True,False,3600,7.937923019458486,1.064294160048297,-0.36722025211770254,-0.36804532150616764,0.7781175094352528,0.41025641025653437,0.2999999999997449,11.25
gbpusd_rsi2_m15_usd100000_smaller_stop_and_time_confirmed_rebound,2017-12-21T13:00:00+00:00,2017-12-21T14:15:00+00:00,23407,stop,-1.358153504650378,-22.711597067732075,True,False,4500,9.2335577311914,1.1989349256512294,-0.3577120793828053,-2.9244902822974175,-1.520409869510362,0.581632653061421,0.4999999999988347,13.0
gbpusd_rsi2_m15_usd100000_smaller_stop_and_time_confirmed_rebound,2017-12-22T15:00:00+00:00,2017-12-22T17:00:00+00:00,23506,signal_exit,0.12835000000016267,2.1499162479089224,False,True,7200,11.024136379960034,1.3648471730416767,0.0963954967440558,-0.7907117067565258,-1.387113726275963,0.1086956521738973,0.700000000000145,15.0
gbpusd_rsi2_m15_usd100000_smaller_stop_and_time_confirmed_rebound,2017-12-26T10:30:00+00:00,2017-12-26T11:45:00+00:00,23558,stop,-0.7531817252184063,-12.61610930014081,True,False,4500,4.233012774024811,0.6217282853883429,-0.1472860741135621,-1.5700695356696175,-1.7412996475706743,0.2765957446812632,0.3999999999981796,10.5
gbpusd_rsi2_m15_usd100000_smaller_stop_and_time_confirmed_rebound,2017-12-26T12:15:00+00:00,2017-12-26T13:00:00+00:00,23565,stop,-0.7675721081994877,-12.835653983269024,True,False,2700,4.395586188958802,0.6607235519911927,-0.26335035427578973,-2.2666598179383146,-1.236109040917402,0.6734693877548431,0.30000000000196536,12.25
gbpusd_rsi2_m15_usd100000_smaller_stop_and_time_confirmed_rebound,2017-12-27T15:00:00+00:00,2017-12-27T15:45:00+00:00,23669,stop,-1.199731061847722,-20.163547257944906,True,False,2700,7.901101360066121,1.2668428584603808,1.3242580417397802,4.966992718658388,-0.20328428305717672,0.4651162790699296,0.5999999999994898,15.0
gbpusd_rsi2_m15_usd100000_smaller_stop_and_time_confirmed_rebound,2017-12-28T12:45:00+00:00,2017-12-28T13:00:00+00:00,23752,signal_exit,0.055420000000090563,0.9329966329981576,False,True,900,6.151238319685332,1.021092295843386,1.7132354755283592,4.569193552631437,-1.3987191310106484,0.23529411764685393,0.40000000000040004,12.75
