variant,entry_time,exit_time,entry_index,reason,net_pnl,net_pips,stopped,won,holding_seconds,atr_pips,atr_fast_slow_ratio,ema_slope_atr,distance_from_ema_atr,zscore20,completed_bar_body_fraction,current_quote_spread_pips,current_quote_hour_utc
gbpusd_rsi2_m5_usd500000_smaller_stop_and_time_confirmed_rebound,2017-01-05T07:30:00+00:00,2017-01-05T07:30:00+00:00,662,stop,-4.913471387423491,-15.169717157837267,True,False,0,6.402960432534818,1.08099386917773,1.2364221988461754,4.27035553553067,-0.31505498120830283,0.3409090909093088,1.100000000000545,7.5
gbpusd_rsi2_m5_usd500000_smaller_stop_and_time_confirmed_rebound,2017-01-05T07:40:00+00:00,2017-01-05T07:45:00+00:00,664,stop,-5.629441963138894,-17.3694599294628,True,False,300,7.7030628219305095,1.256656104886207,1.1503243169830917,3.239643175318834,-0.9961738811219397,0.4545454545454687,0.700000000000145,7.666666666666667
gbpusd_rsi2_m5_usd500000_smaller_stop_and_time_confirmed_rebound,2017-01-05T08:20:00+00:00,2017-01-05T08:40:00+00:00,672,stop,-6.702469394344574,-20.62933023805655,True,False,1200,9.284224066872325,1.4199226143390589,0.7001187386217476,-2.0391270028609014,-1.6545552861224044,0.47777777777763525,0.7999999999985796,8.333333333333334
gbpusd_rsi2_m5_usd500000_smaller_stop_and_time_confirmed_rebound,2017-01-05T10:15:00+00:00,2017-01-05T10:40:00+00:00,695,signal_exit,2.7433766687503165,8.438562500000973,False,True,1500,11.987953715510432,1.5425864350706648,-0.6984747674548505,-1.8450934890611055,0.48971790742038174,0.5031055900621324,0.5000000000010552,10.25
gbpusd_rsi2_m5_usd500000_smaller_stop_and_time_confirmed_rebound,2017-01-05T12:55:00+00:00,2017-01-05T13:05:00+00:00,727,stop,-5.931600702514345,-18.251079084659523,True,False,600,8.145137372138139,1.0182477576912239,-0.16407900478853957,-0.9874668322502305,-0.801010364333431,0.49999999999975864,0.700000000000145,12.916666666666666
gbpusd_rsi2_m5_usd500000_smaller_stop_and_time_confirmed_rebound,2017-01-06T07:00:00+00:00,2017-01-06T07:10:00+00:00,941,signal_exit,0.07543754955017612,0.23348050000054507,False,True,600,3.813385128551259,0.7102996099727754,-0.20631677255593098,-1.2326822889674105,-0.8798675345301857,0.1647058823529719,1.40000000000029,7.0
gbpusd_rsi2_m5_usd500000_smaller_stop_and_time_confirmed_rebound,2017-01-06T07:40:00+00:00,2017-01-06T08:00:00+00:00,949,signal_exit,-0.5061288802493293,-1.5664774999979243,False,False,1200,4.222796610143692,0.793950871785575,-0.19421088721131652,-0.9705705017023222,-0.7398877643850172,0.5686274509806226,0.5999999999994898,7.666666666666667
gbpusd_rsi2_m5_usd500000_smaller_stop_and_time_confirmed_rebound,2017-01-06T10:40:00+00:00,2017-01-06T10:55:00+00:00,985,stop,-4.265309384747451,-13.205292212840405,True,False,900,5.5695235397455765,1.038443615331488,0.0789675697201142,-0.5417881471085273,-1.1663493262816307,0.38775510204101055,0.7999999999985796,10.666666666666666
gbpusd_rsi2_m5_usd500000_smaller_stop_and_time_confirmed_rebound,2017-01-06T11:30:00+00:00,2017-01-06T12:25:00+00:00,995,stop,-4.917194515008148,-15.204683101447582,True,False,3300,6.6197614923770525,1.189362882535884,-0.08049045574088821,-2.9616014656124894,-1.7704674895619168,0.48235294117648597,0.700000000000145,11.5
gbpusd_rsi2_m5_usd500000_smaller_stop_and_time_confirmed_rebound,2017-01-06T12:45:00+00:00,2017-01-06T12:50:00+00:00,1010,signal_exit,2.4722944357007757,7.635251500002395,False,True,300,6.867521614951674,1.1934502004849108,-0.6916975006315268,-5.358288778888178,-1.714509921666779,0.4086021505377397,0.8999999999992347,12.75
gbpusd_rsi2_m5_usd500000_smaller_stop_and_time_confirmed_rebound,2017-01-06T13:55:00+00:00,2017-01-06T14:55:00+00:00,1024,holding_bars,-5.530211964899134,-17.06328899999733,False,False,3600,13.890028348001612,1.9192021907753125,-0.7447015542955556,-5.011687722577872,-1.7772982469131255,0.4400000000000533,0.8999999999992347,13.916666666666666
gbpusd_rsi2_m5_usd500000_smaller_stop_and_time_confirmed_rebound,2017-01-06T15:10:00+00:00,2017-01-06T15:40:00+00:00,1039,signal_exit,-0.3448800341989838,-1.0624769999968693,False,False,1800,12.17831328809074,1.550613910943931,-1.1007583494860316,-6.286682199696024,-1.2097688493640644,0.1999999999999556,0.8999999999992347,15.166666666666666
gbpusd_rsi2_m5_usd500000_smaller_stop_and_time_confirmed_rebound,2017-01-09T07:05:00+00:00,2017-01-09T07:25:00+00:00,1222,stop,-5.1664820421920234,-15.741870939037243,True,False,1200,6.644728034999845,1.1771278150965059,-3.373146230750753,-14.803997880694771,-1.011215845983511,0.46153846153857414,1.2000000000012,7.083333333333333
gbpusd_rsi2_m5_usd500000_smaller_stop_and_time_confirmed_rebound,2017-01-09T07:35:00+00:00,2017-01-09T08:00:00+00:00,1228,signal_exit,1.3291765046010624,4.047431500003235,False,True,1500,8.128999301137506,1.3662386669099522,-3.3809264529912815,-14.409464570914807,-1.8619713259684725,0.36486486486487296,0.5999999999994898,7.583333333333333
gbpusd_rsi2_m5_usd500000_smaller_stop_and_time_confirmed_rebound,2017-01-09T09:45:00+00:00,2017-01-09T10:00:00+00:00,1254,stop,-7.400045261484881,-22.478873819820414,True,False,900,10.064614421416906,1.4754739588298933,-2.6784881992023006,-13.876639763477005,-1.9502828406601405,0.27192982456139836,1.0999999999983245,9.75
gbpusd_rsi2_m5_usd500000_smaller_stop_and_time_confirmed_rebound,2017-01-09T10:10:00+00:00,2017-01-09T10:45:00+00:00,1259,signal_exit,3.672716779800296,11.1497170000009,False,True,2100,10.833670275724518,1.5245678645993441,-2.704420395200607,-13.69265177067855,-1.3643824405392952,0.530612244898047,0.8999999999992347,10.166666666666666
gbpusd_rsi2_m5_usd500000_smaller_stop_and_time_confirmed_rebound,2017-01-09T13:10:00+00:00,2017-01-09T13:15:00+00:00,1295,stop,-6.624220363884477,-20.128290379472734,True,False,300,8.939222062509279,1.1640092098367014,-1.7397429242771683,-8.430661892107365,-1.9646860656221956,0.5749999999999444,0.9999999999998899,13.166666666666666
gbpusd_rsi2_m5_usd500000_smaller_stop_and_time_confirmed_rebound,2017-01-09T13:25:00+00:00,2017-01-09T13:30:00+00:00,1298,target,5.600837233657969,16.992831412797234,False,True,300,9.47141795602498,1.2134466004090665,-1.7769530774027633,-10.039467976970963,-1.9857128489410756,0.48275862068979597,0.6999999999979245,13.416666666666666
gbpusd_rsi2_m5_usd500000_smaller_stop_and_time_confirmed_rebound,2017-01-09T15:00:00+00:00,2017-01-09T15:05:00+00:00,1317,signal_exit,1.9269993879005614,5.850028500001704,False,True,300,9.45703817822671,1.1663005582349422,-1.8764031176613867,-7.607256577600595,-1.088214375167848,0.38095238095246486,0.5999999999994898,15.0
gbpusd_rsi2_m5_usd500000_smaller_stop_and_time_confirmed_rebound,2017-01-10T07:25:00+00:00,2017-01-10T07:30:00+00:00,1513,target,3.4569999700388157,10.491653930315069,False,True,300,6.4208484448523615,1.0775969321634513,-0.7175800201287656,-4.453522447763053,-2.0207218247766505,0.09999999999990748,1.100000000000545,7.416666666666667
gbpusd_rsi2_m5_usd500000_smaller_stop_and_time_confirmed_rebound,2017-01-10T08:35:00+00:00,2017-01-10T09:05:00+00:00,1527,signal_exit,1.1715873959007193,3.55134100000218,False,True,1800,9.7915544065861,1.4694066145962952,-0.8314602530934962,-5.912706482814948,-1.8139376475595705,0.3333333333333333,1.0999999999983245,8.583333333333334
gbpusd_rsi2_m5_usd500000_smaller_stop_and_time_confirmed_rebound,2017-01-10T10:40:00+00:00,2017-01-10T10:50:00+00:00,1552,signal_exit,1.86106866030013,5.6498745000003945,False,True,600,8.25122179116923,1.1802996463556101,-0.7717917813850858,-1.9397344946668225,0.36586062928216767,0.28358208955213,0.9000000000014552,10.666666666666666
gbpusd_rsi2_m5_usd500000_smaller_stop_and_time_confirmed_rebound,2017-01-10T15:15:00+00:00,2017-01-10T15:25:00+00:00,1607,signal_exit,1.8255505940006447,5.548786000001959,False,True,600,8.247536186349821,1.1124983574013931,0.3545456076173079,0.21478763319849115,-1.5822733463349725,0.1525423728816366,0.40000000000040004,15.25
gbpusd_rsi2_m5_usd500000_smaller_stop_and_time_confirmed_rebound,2017-01-11T08:15:00+00:00,2017-01-11T08:25:00+00:00,1804,signal_exit,1.00310241150037,3.0489435000011245,False,True,600,5.646269277146966,1.1276868031003717,-0.25264490512301313,-1.9044295551410149,-1.019784523551847,0.27777777777781204,0.9000000000014552,8.25
gbpusd_rsi2_m5_usd500000_smaller_stop_and_time_confirmed_rebound,2017-01-11T09:10:00+00:00,2017-01-11T09:15:00+00:00,1815,stop,-4.962803722141716,-15.07992622954031,True,False,300,6.814909636607881,1.2820718061846896,-0.21608666982221156,-2.38789668936879,-1.4458703657546492,0.5862068965516362,0.20000000000131024,9.166666666666666
gbpusd_rsi2_m5_usd500000_smaller_stop_and_time_confirmed_rebound,2017-01-11T09:50:00+00:00,2017-01-11T10:00:00+00:00,1823,stop,-7.63265654191975,-23.136273240132613,True,False,600,10.744312671010832,1.7597906046133225,-0.5191715999551035,-6.843430085243644,-1.9611909463561117,0.3875968992249316,0.40000000000040004,9.833333333333334
gbpusd_rsi2_m5_usd500000_smaller_stop_and_time_confirmed_rebound,2017-01-11T11:45:00+00:00,2017-01-11T12:10:00+00:00,1846,stop,-6.148879079808321,-18.65557973242816,True,False,1500,8.303439486596204,1.234292522522271,-1.0414393751390025,-3.38859914920565,0.1985924818765791,0.2363636363635483,0.8000000000008001,11.75
gbpusd_rsi2_m5_usd500000_smaller_stop_and_time_confirmed_rebound,2017-01-11T12:20:00+00:00,2017-01-11T12:40:00+00:00,1853,signal_exit,1.1386262621505032,3.4514285000015255,False,True,1200,8.778495952313435,1.2681695864025442,-0.9094171075646225,-4.887647579908215,-1.3944294892056024,0.5937500000000976,1.100000000000545,12.333333333333334
gbpusd_rsi2_m5_usd500000_smaller_stop_and_time_confirmed_rebound,2017-01-11T13:35:00+00:00,2017-01-11T13:40:00+00:00,1868,signal_exit,3.3521692672003334,10.15193600000101,False,True,300,8.727379748081043,1.2176068136929061,-1.080350796734606,-5.4726556342945365,-1.562377787931089,0.10606060606064684,0.9999999999998899,13.583333333333334
gbpusd_rsi2_m5_usd500000_smaller_stop_and_time_confirmed_rebound,2017-01-11T14:30:00+00:00,2017-01-11T14:55:00+00:00,1879,stop,-6.079891508495005,-18.423913662106077,True,False,1500,8.188067913430713,1.1302392842089297,-0.9562543048862852,-3.6248492165197916,-0.038710583723149825,0.24390243902441666,0.8000000000008001,14.5
gbpusd_rsi2_m5_usd500000_smaller_stop_and_time_confirmed_rebound,2017-01-11T15:05:00+00:00,2017-01-11T15:15:00+00:00,1886,stop,-6.450851718114265,-19.53028070879281,True,False,600,8.791680313207882,1.1881180561106988,-0.9340881316864974,-4.831647762942746,-1.5997899721104298,0.2543859649124071,0.700000000000145,15.083333333333334
gbpusd_rsi2_m5_usd500000_smaller_stop_and_time_confirmed_rebound,2017-01-11T15:35:00+00:00,2017-01-11T15:55:00+00:00,1892,signal_exit,4.329190701800744,13.055460500002244,False,True,1200,14.429760115485644,1.7071073123323723,-1.0251664652774597,-9.708148273635505,-1.9733277685774435,0.5039999999999375,0.700000000000145,15.583333333333334
gbpusd_rsi2_m5_usd500000_smaller_stop_and_time_confirmed_rebound,2017-01-12T09:15:00+00:00,2017-01-12T09:35:00+00:00,2104,signal_exit,1.674767406600508,5.140477000001559,False,True,1200,12.234238319846174,1.3839521084867987,1.891612601304915,7.512383652001259,0.13803018749870818,0.6846846846848036,0.5999999999994898,9.25
gbpusd_rsi2_m5_usd500000_smaller_stop_and_time_confirmed_rebound,2017-01-12T10:15:00+00:00,2017-01-12T10:35:00+00:00,2116,signal_exit,1.2205363422011386,3.7416810000034904,False,True,1200,11.159129136726687,1.237169697997933,1.790336872912133,4.764852140516069,-1.3496835952828972,0.1238938053097519,0.6999999999979245,10.25
gbpusd_rsi2_m5_usd500000_smaller_stop_and_time_confirmed_rebound,2017-01-12T13:40:00+00:00,2017-01-12T13:40:00+00:00,2157,stop,-6.229979536511547,-19.139722078376487,True,False,0,8.590160444804258,0.9714957172500017,1.6091218872723958,5.360896261044045,-1.0595577217516052,0.29333333333317146,0.700000000000145,13.666666666666666
gbpusd_rsi2_m5_usd500000_smaller_stop_and_time_confirmed_rebound,2017-01-12T13:55:00+00:00,2017-01-12T14:55:00+00:00,2160,holding_bars,-0.6057995408992405,-1.8588509999976695,False,False,3600,9.412566507738664,1.0494962187077597,1.5079152879424627,3.3921675542654386,-1.91820873194233,0.4096385542168223,0.2999999999997449,13.916666666666666
gbpusd_rsi2_m5_usd500000_smaller_stop_and_time_confirmed_rebound,2017-01-13T12:55:00+00:00,2017-01-13T13:10:00+00:00,2436,signal_exit,2.1187755039003924,6.447886500001193,False,True,900,8.227926383682863,1.2113631368245998,0.34713728579375114,-2.4309489299666063,-1.474879971799227,0.27586206896556126,0.700000000000145,12.916666666666666
gbpusd_rsi2_m5_usd500000_smaller_stop_and_time_confirmed_rebound,2017-01-13T13:40:00+00:00,2017-01-13T14:30:00+00:00,2445,signal_exit,0.312108668300227,0.9489470000006902,False,True,3000,11.330321537045293,1.534759159797233,-0.22848698470301368,-3.754204734984119,-1.8148358730340102,0.9085365853659239,0.8000000000008001,13.666666666666666
gbpusd_rsi2_m5_usd500000_smaller_stop_and_time_confirmed_rebound,2017-01-13T15:10:00+00:00,2017-01-13T15:25:00+00:00,2463,signal_exit,3.3774328272505483,10.250175500001662,False,True,900,11.274061657160576,1.4144248322726372,-0.8571214129420557,-5.466278130287265,-1.316104677854605,0.793650793650858,0.2999999999997449,15.166666666666666
gbpusd_rsi2_m5_usd500000_smaller_stop_and_time_confirmed_rebound,2017-01-16T07:30:00+00:00,2017-01-16T07:45:00+00:00,2659,signal_exit,1.7519066396499983,5.259401499999995,False,True,900,9.7830769156037,1.2803912811335834,-1.8969332822894824,-9.812366155064653,-1.7750006875896742,0.6287878787879667,0.9999999999998899,7.5
gbpusd_rsi2_m5_usd500000_smaller_stop_and_time_confirmed_rebound,2017-01-16T10:40:00+00:00,2017-01-16T10:55:00+00:00,2697,signal_exit,1.9105358840003484,5.75636000000105,False,True,900,12.881809394313446,1.2847654451036463,-0.41060001390569345,-2.098184734345843,-0.728455738356958,0.31578947368419513,1.100000000000545,10.666666666666666
gbpusd_rsi2_m5_usd500000_smaller_stop_and_time_confirmed_rebound,2017-01-16T12:20:00+00:00,2017-01-16T12:35:00+00:00,2717,signal_exit,2.5087533520005776,7.556486000001739,False,True,900,10.454417266338947,1.045903396476711,-0.28585862892948355,-2.1515614183112035,-1.6103881223208218,0.5283018867920023,1.100000000000545,12.333333333333334
gbpusd_rsi2_m5_usd500000_smaller_stop_and_time_confirmed_rebound,2017-01-16T15:25:00+00:00,2017-01-16T16:00:00+00:00,2754,signal_exit,1.84284492860065,5.555758000001959,False,True,2100,8.35104934305585,0.8966501859910411,-0.059546903307371515,-0.8935267362164784,-0.9362344263178813,0.13636363636352167,0.7999999999985796,15.416666666666666
gbpusd_rsi2_m5_usd500000_smaller_stop_and_time_confirmed_rebound,2017-01-17T10:30:00+00:00,2017-01-17T10:40:00+00:00,2981,signal_exit,3.0818928288008007,9.350403000002428,False,True,600,12.635926789367552,1.42956775704822,1.628410451739806,4.77792724612122,-0.7736699777987615,0.39622641509439893,0.5999999999994898,10.5
gbpusd_rsi2_m5_usd500000_smaller_stop_and_time_confirmed_rebound,2017-01-17T15:40:00+00:00,2017-01-17T16:00:00+00:00,3043,signal_exit,5.34533195470096,16.533659000002967,False,True,1200,15.877423572245226,1.1667954142746533,3.55303959177689,13.297876664688916,-0.24048267443007204,0.8508771929824425,0.700000000000145,15.666666666666666
gbpusd_rsi2_m5_usd500000_smaller_stop_and_time_confirmed_rebound,2017-01-18T07:45:00+00:00,2017-01-18T07:55:00+00:00,3236,signal_exit,0.9199578628506598,2.8367495000020346,False,True,600,6.591316541959903,0.9252540552199746,0.14968281253153604,-0.8217941517210716,-1.5513912087710937,0.2500000000002313,0.8999999999992347,7.75
gbpusd_rsi2_m5_usd500000_smaller_stop_and_time_confirmed_rebound,2017-01-18T11:40:00+00:00,2017-01-18T11:55:00+00:00,3283,stop,-6.352425596838714,-19.539912632539874,True,False,900,8.789804209418856,1.0824031817128557,-0.5992414938222581,-3.635624739797247,-1.4772903459074807,0.6721311475410194,0.6999999999979245,11.666666666666666
gbpusd_rsi2_m5_usd500000_smaller_stop_and_time_confirmed_rebound,2017-01-18T12:10:00+00:00,2017-01-18T12:20:00+00:00,3289,signal_exit,2.4875421604007797,7.6398715000023945,False,True,600,9.71379722020853,1.1698184442209743,-0.7686254940112542,-5.250630202039991,-1.8309840506678319,0.2352941176470281,0.9999999999998899,12.166666666666666
gbpusd_rsi2_m5_usd500000_smaller_stop_and_time_confirmed_rebound,2017-01-18T13:05:00+00:00,2017-01-18T13:15:00+00:00,3300,signal_exit,1.6096210902008048,4.940519000002469,False,True,600,8.762203607958538,1.0606199767385907,-1.0265645100878937,-5.662151859035908,-1.3626921668979508,0.5490196078432397,0.8999999999992347,13.083333333333334
gbpusd_rsi2_m5_usd500000_smaller_stop_and_time_confirmed_rebound,2017-01-19T07:35:00+00:00,2017-01-19T07:50:00+00:00,3521,signal_exit,2.034620279000686,6.2411665000021035,False,True,900,5.5383610008040804,1.006123392294451,-0.2536679904373809,-2.9781350783697964,-1.7586779848975354,0.18867924528302676,0.4999999999988347,7.583333333333333
gbpusd_rsi2_m5_usd500000_smaller_stop_and_time_confirmed_rebound,2017-01-19T10:05:00+00:00,2017-01-19T10:10:00+00:00,3551,signal_exit,1.181623212000921,3.6380025000028353,False,True,300,8.520631314322921,1.3283364368920176,1.0852796960768192,3.6008519006166693,-0.6279582832863886,0.2987012987012613,0.8999999999992347,10.083333333333334
gbpusd_rsi2_m5_usd500000_smaller_stop_and_time_confirmed_rebound,2017-01-19T11:30:00+00:00,2017-01-19T11:55:00+00:00,3568,signal_exit,-1.642787415498841,-5.062518999996428,False,False,1500,7.646586666373057,1.1706009169914642,1.1859121684544027,4.5221132601781235,0.030230169130670215,0.20689655172433594,0.3999999999981796,11.5
gbpusd_rsi2_m5_usd500000_smaller_stop_and_time_confirmed_rebound,2017-01-19T13:40:00+00:00,2017-01-19T14:25:00+00:00,3594,signal_exit,0.07756238750017713,0.238653500000545,False,True,2700,10.848530060343645,1.4729824111861483,0.8307359727813313,0.4898018287768141,-2.292921871359196,0.464968152866297,0.40000000000040004,13.666666666666666
gbpusd_rsi2_m5_usd500000_smaller_stop_and_time_confirmed_rebound,2017-01-19T15:05:00+00:00,2017-01-19T15:25:00+00:00,3611,signal_exit,0.6950589750006143,2.13864300000189,False,True,1200,11.31025765324874,1.39850374128071,0.2797995306596322,0.1922844111489791,-0.40917036485484365,0.3243243243242,0.700000000000145,15.083333333333334
gbpusd_rsi2_m5_usd500000_smaller_stop_and_time_confirmed_rebound,2017-01-20T07:30:00+00:00,2017-01-20T07:50:00+00:00,3808,stop,-4.652606143142927,-14.373204025773639,True,False,1200,6.004476419562016,1.049785433346571,0.7864201180626346,2.2220505911001465,-1.0345672302494013,0.4146341463414502,1.100000000000545,7.5
gbpusd_rsi2_m5_usd500000_smaller_stop_and_time_confirmed_rebound,2017-01-20T09:45:00+00:00,2017-01-20T10:25:00+00:00,3835,signal_exit,-3.497335237499429,-10.761031499998243,False,False,2400,11.352448476894057,1.6354683945234854,-0.15150933839560468,-4.929337877832652,-2.1181637744538575,0.366197183098651,0.9999999999998899,9.75
gbpusd_rsi2_m5_usd500000_smaller_stop_and_time_confirmed_rebound,2017-01-20T11:40:00+00:00,2017-01-20T11:50:00+00:00,3858,signal_exit,1.8396026572508526,5.641222500002614,False,True,600,8.804256420538364,1.2066002365023683,-1.5222897451407271,-8.723428967152257,-1.8826688605168713,0.10714285714278633,0.8000000000008001,11.666666666666666
gbpusd_rsi2_m5_usd500000_smaller_stop_and_time_confirmed_rebound,2017-01-23T09:55:00+00:00,2017-01-23T10:05:00+00:00,4125,signal_exit,1.4228826727504544,4.428517500001414,False,True,600,7.550045607206013,1.1294982647847556,1.5921099463025936,6.163801136645737,0.4897341876443374,0.4583333333330635,0.8000000000008001,9.916666666666666
gbpusd_rsi2_m5_usd500000_smaller_stop_and_time_confirmed_rebound,2017-01-23T11:15:00+00:00,2017-01-23T11:25:00+00:00,4141,stop,-5.207971247060857,-16.22420949240142,True,False,600,7.076385419691423,1.0620604216001437,1.7511035833129094,6.440869628871052,-0.11005605300436584,0.919999999999775,0.8000000000008001,11.25
gbpusd_rsi2_m5_usd500000_smaller_stop_and_time_confirmed_rebound,2017-01-23T12:05:00+00:00,2017-01-23T12:15:00+00:00,4151,signal_exit,3.80423357520105,11.829084500003264,False,True,600,7.725997675500617,1.1358292776705559,1.4695019233435052,2.7910418517501783,-1.705349103345693,0.07999999999992895,0.2999999999997449,12.083333333333334
gbpusd_rsi2_m5_usd500000_smaller_stop_and_time_confirmed_rebound,2017-01-23T13:15:00+00:00,2017-01-23T13:15:00+00:00,4165,target,3.8602762785380347,12.007080182077868,False,True,0,6.939165461830086,1.0266005181684594,1.028976800465865,2.864107169349276,-0.9517660285050699,0.14492753623185142,0.6000000000017103,13.25
gbpusd_rsi2_m5_usd500000_smaller_stop_and_time_confirmed_rebound,2017-01-24T07:00:00+00:00,2017-01-24T07:05:00+00:00,4378,stop,-3.92298292530998,-12.247839292257197,True,False,300,4.887105194810751,0.8899740865237246,0.12998554565315404,-2.5790377951816126,-1.7800734307395825,0.5476190476188211,1.2000000000012,7.0
gbpusd_rsi2_m5_usd500000_smaller_stop_and_time_confirmed_rebound,2017-01-24T07:20:00+00:00,2017-01-24T07:35:00+00:00,4382,signal_exit,1.3230382942005354,4.12675700000167,False,True,900,5.657286325202765,1.0105986494095427,-0.12263999775297865,-4.756319911667435,-1.6730566006019174,0.24444444444453217,0.9999999999998899,7.333333333333333
gbpusd_rsi2_m5_usd500000_smaller_stop_and_time_confirmed_rebound,2017-01-24T08:40:00+00:00,2017-01-24T08:50:00+00:00,4398,signal_exit,1.8993932520007561,5.926344000002359,False,True,600,6.550720625421991,1.1286613962694734,-0.783591441665137,-3.1094497191064807,0.05571751854539643,0.21153846153810843,0.40000000000040004,8.666666666666666
gbpusd_rsi2_m5_usd500000_smaller_stop_and_time_confirmed_rebound,2017-01-24T11:40:00+00:00,2017-01-24T12:00:00+00:00,4434,signal_exit,3.801692273901049,11.828538500003264,False,True,1200,11.533110330194015,1.390506183825462,-0.7625202568781959,-5.673618601198133,-1.3810042296243314,0.11392405063280465,0.8999999999992347,11.666666666666666
gbpusd_rsi2_m5_usd500000_smaller_stop_and_time_confirmed_rebound,2017-01-24T13:05:00+00:00,2017-01-24T13:10:00+00:00,4451,target,5.4034621453592955,16.791367760594454,False,True,300,9.280972964350099,1.1272209516771081,-1.2154936848620077,-6.636895008093825,-2.077454901566864,0.6627906976743075,0.5000000000010552,13.083333333333334
gbpusd_rsi2_m5_usd500000_smaller_stop_and_time_confirmed_rebound,2017-01-24T15:30:00+00:00,2017-01-24T15:50:00+00:00,4480,signal_exit,3.9531146433006734,12.326519000002099,False,True,1200,9.27297155171133,1.086218776478438,-0.21702800754384322,-0.9040608093788393,-0.22348654148206207,0.6333333333331113,0.8000000000008001,15.5
gbpusd_rsi2_m5_usd500000_smaller_stop_and_time_confirmed_rebound,2017-01-25T07:15:00+00:00,2017-01-25T07:40:00+00:00,4667,signal_exit,1.2879809600010352,4.024940500003235,False,True,1500,5.495822274976931,0.983712889695013,-0.05915775065708976,-2.912865750944087,-2.100705177997445,0.33823529411757025,0.9999999999998899,7.25
gbpusd_rsi2_m5_usd500000_smaller_stop_and_time_confirmed_rebound,2017-01-25T11:35:00+00:00,2017-01-25T12:00:00+00:00,4719,signal_exit,0.9919959120005661,3.1194840000017803,False,True,1500,8.137689184640514,1.1434056836240567,1.9279422927774723,6.462971213182787,-0.4861959513443349,0.4666666666667456,0.8999999999992347,11.583333333333334
gbpusd_rsi2_m5_usd500000_smaller_stop_and_time_confirmed_rebound,2017-01-25T13:05:00+00:00,2017-01-25T13:35:00+00:00,4737,stop,-6.050033550777505,-19.04322804777307,True,False,1800,8.531344870957925,1.1611618646420008,1.6868292244674967,6.575851992365703,0.3297812158594356,0.4492753623185141,0.700000000000145,13.083333333333334
gbpusd_rsi2_m5_usd500000_smaller_stop_and_time_confirmed_rebound,2017-01-25T14:30:00+00:00,2017-01-25T14:50:00+00:00,4754,signal_exit,3.6350033473509114,11.420054500002863,False,True,1200,9.36766345491497,1.2212434419725666,1.263944563886548,2.487435538549858,-1.517442022935539,0.7777777777776781,0.2999999999997449,14.5
gbpusd_rsi2_m5_usd500000_smaller_stop_and_time_confirmed_rebound,2017-01-26T10:00:00+00:00,2017-01-26T10:15:00+00:00,4988,stop,-7.212342164880014,-22.787810947488193,True,False,900,10.452109297570772,1.636152997404947,0.8348475385283028,0.11697572279113586,-1.635265544020891,0.1999999999999704,0.5999999999994898,10.0
gbpusd_rsi2_m5_usd500000_smaller_stop_and_time_confirmed_rebound,2017-01-26T10:45:00+00:00,2017-01-26T10:50:00+00:00,4997,signal_exit,2.163923220900506,6.817653500001593,False,True,300,10.648780079986015,1.569421980528771,0.2540004707892216,-4.478955040083853,-1.4151671527988303,0.5,0.7999999999985796,10.75
gbpusd_rsi2_m5_usd500000_smaller_stop_and_time_confirmed_rebound,2017-01-26T12:15:00+00:00,2017-01-26T12:50:00+00:00,5015,signal_exit,-0.057445006849248,-0.18070149999763446,False,False,2100,9.777926131787138,1.3504355639673737,-0.8248552122462712,-6.352389300487019,-1.781177006707191,0.8533333333332662,0.7999999999985796,12.25
gbpusd_rsi2_m5_usd500000_smaller_stop_and_time_confirmed_rebound,2017-01-26T13:10:00+00:00,2017-01-26T13:35:00+00:00,5026,signal_exit,1.565529044600786,4.9199530000024705,False,True,1500,9.265304746378886,1.2565020200329242,-1.1780836381484692,-7.149515036000843,-1.208207802549592,0.88235294117697,0.7999999999985796,13.166666666666666
gbpusd_rsi2_m5_usd500000_smaller_stop_and_time_confirmed_rebound,2017-01-27T07:00:00+00:00,2017-01-27T07:20:00+00:00,5239,signal_exit,1.5382896155005787,4.822224500001814,False,True,1200,6.455580431639094,1.114143725936405,-1.4745567208791337,-8.273695175451122,-1.484682260342262,0.5217391304344469,1.500000000000945,7.0
gbpusd_rsi2_m5_usd500000_smaller_stop_and_time_confirmed_rebound,2017-01-27T08:35:00+00:00,2017-01-27T09:00:00+00:00,5258,signal_exit,0.5810672116506842,1.8220985000021455,False,True,1500,6.729071193002698,1.1256590893249065,-1.4637731576643422,-6.247114925238423,-0.8969286795339226,0.150943396226589,0.7999999999985796,8.583333333333334
gbpusd_rsi2_m5_usd500000_smaller_stop_and_time_confirmed_rebound,2017-01-27T10:10:00+00:00,2017-01-27T10:40:00+00:00,5277,stop,-5.911129898866292,-18.541812731701043,True,False,1800,8.23209498917542,1.283355418842031,-0.9356075371510645,-4.191772500061638,-0.5043674336065574,0.2647058823527107,0.8000000000008001,10.166666666666666
gbpusd_rsi2_m5_usd500000_smaller_stop_and_time_confirmed_rebound,2017-01-30T07:50:00+00:00,2017-01-30T08:00:00+00:00,5535,stop,-3.496853421718821,-10.982579842081725,True,False,600,4.351856236009586,0.8938520695816256,-0.2807685769234043,-2.099810884826796,-1.5852409018979394,0.36170212765960463,0.9999999999998899,7.833333333333333
gbpusd_rsi2_m5_usd500000_smaller_stop_and_time_confirmed_rebound,2017-01-30T08:55:00+00:00,2017-01-30T08:55:00+00:00,5548,stop,-4.951666810892641,-15.512740635628575,True,False,0,6.6180694502463355,1.2636978507751064,-0.7403951437402533,-7.119086433444419,-2.0156374699776665,0.12048192771081437,0.9999999999998899,8.916666666666666
gbpusd_rsi2_m5_usd500000_smaller_stop_and_time_confirmed_rebound,2017-01-30T09:05:00+00:00,2017-01-30T09:30:00+00:00,5550,signal_exit,1.029983811750778,3.2237365000024347,False,True,1500,7.586498658630727,1.4010215269145656,-0.8821337743356287,-9.257334776975272,-2.1021376102201392,0.49999999999986783,0.700000000000145,9.083333333333334
gbpusd_rsi2_m5_usd500000_smaller_stop_and_time_confirmed_rebound,2017-01-30T11:45:00+00:00,2017-01-30T12:05:00+00:00,5582,stop,-4.572208589182062,-14.319475694275171,True,False,1200,6.02167860588975,1.091242715436666,-1.1596656335535478,-6.118365651846951,-1.6049090025058423,0.3611111111117108,0.9999999999998899,11.75
gbpusd_rsi2_m5_usd500000_smaller_stop_and_time_confirmed_rebound,2017-01-30T12:20:00+00:00,2017-01-30T12:40:00+00:00,5589,signal_exit,0.6794697858006045,2.1246710000018902,False,True,1200,8.940582287921911,1.479405511120641,-1.1864767253732538,-8.259894271404054,-1.6663946390415396,0.31451612903219306,0.700000000000145,12.333333333333334
gbpusd_rsi2_m5_usd500000_smaller_stop_and_time_confirmed_rebound,2017-01-30T14:35:00+00:00,2017-01-30T14:35:00+00:00,5616,stop,-5.441896647895,-17.04320904445662,True,False,0,7.433470443695466,1.1452749529024595,-1.0445788042620698,-2.9058436383620587,0.542710201976034,0.6923076923074295,0.8999999999992347,14.583333333333334
gbpusd_rsi2_m5_usd500000_smaller_stop_and_time_confirmed_rebound,2017-01-30T15:20:00+00:00,2017-01-30T15:40:00+00:00,5625,signal_exit,3.494766424100579,10.924559000001809,False,True,1200,8.525408024988888,1.256735208449156,-0.8966167065180309,-6.132709201266182,-1.8824931085997945,0.5842696629213959,0.7999999999985796,15.333333333333334
gbpusd_rsi2_m5_usd500000_smaller_stop_and_time_confirmed_rebound,2017-01-31T07:05:00+00:00,2017-01-31T07:40:00+00:00,5809,stop,-3.8169288714851173,-11.924176418260286,True,False,2100,4.874974083223451,0.9607235421600063,0.03232497155701994,-2.924595483397111,-2.423331377968221,0.14285714285694864,0.9000000000014552,7.083333333333333
gbpusd_rsi2_m5_usd500000_smaller_stop_and_time_confirmed_rebound,2017-01-31T07:50:00+00:00,2017-01-31T08:00:00+00:00,5818,target,3.183970895726602,9.940589746258516,False,True,600,6.157462634320828,1.1676473264108422,-0.2822069139315147,-4.384859482956609,-1.8222322194261267,0.0515463917526788,1.100000000000545,7.833333333333333
gbpusd_rsi2_m5_usd500000_smaller_stop_and_time_confirmed_rebound,2017-01-31T09:30:00+00:00,2017-01-31T09:40:00+00:00,5838,stop,-5.735788742689714,-17.918740214588297,True,False,600,7.972451893112617,1.338494627603866,-0.41680062671303497,-2.379373113173134,-1.0860249683127388,0.23684210526351157,0.6999999999979245,9.5
gbpusd_rsi2_m5_usd500000_smaller_stop_and_time_confirmed_rebound,2017-02-01T14:15:00+00:00,2017-02-01T14:50:00+00:00,6180,signal_exit,-0.18501410899937812,-0.5847474999980344,False,False,2100,9.11091824120082,1.2248791670031811,1.6889421141490657,6.192482779178727,0.0621413308231935,0.22413793103441015,0.5999999999994898,14.25
gbpusd_rsi2_m5_usd500000_smaller_stop_and_time_confirmed_rebound,2017-02-02T10:35:00+00:00,2017-02-02T10:45:00+00:00,6419,stop,-6.518225220783538,-20.653438595638587,True,False,600,9.383566222638487,1.5262014639442751,1.120002166643294,1.1205083633623973,-1.801048445634789,0.5841584158416995,0.5999999999994898,10.583333333333334
gbpusd_rsi2_m5_usd500000_smaller_stop_and_time_confirmed_rebound,2017-02-02T11:00:00+00:00,2017-02-02T11:30:00+00:00,6424,signal_exit,0.03610458000066688,0.11425500000211038,False,True,1800,11.350153123516622,1.712211070408469,0.7157056105364069,-1.7204458400235996,-1.539368517478854,0.9323308270677294,0.8999999999992347,11.0
gbpusd_rsi2_m5_usd500000_smaller_stop_and_time_confirmed_rebound,2017-02-02T12:15:00+00:00,2017-02-02T12:20:00+00:00,6439,stop,-10.700794381769493,-33.76710123625589,True,False,300,15.74251360610508,2.00655872558469,-0.293833274217976,-5.7120777001741665,-2.1600377615420974,0.3728813559322523,0.9999999999998899,12.25
gbpusd_rsi2_m5_usd500000_smaller_stop_and_time_confirmed_rebound,2017-02-02T12:30:00+00:00,2017-02-02T12:55:00+00:00,6442,signal_exit,2.642793168600807,8.31851800000254,False,True,1500,16.411917781564632,2.0036607041771117,-0.5539868746463305,-8.81505687951459,-2.1493171065756953,0.2709677419355116,0.8999999999992347,12.5
gbpusd_rsi2_m5_usd500000_smaller_stop_and_time_confirmed_rebound,2017-02-02T13:15:00+00:00,2017-02-02T13:50:00+00:00,6451,signal_exit,2.68111697040031,8.420593500000974,False,True,2100,17.559650100380633,1.920865109817156,-1.1866002198478394,-10.360332856669718,-1.3415778521016883,0.7279411764706074,0.8000000000008001,13.25
gbpusd_rsi2_m5_usd500000_smaller_stop_and_time_confirmed_rebound,2017-02-03T08:05:00+00:00,2017-02-03T08:15:00+00:00,6677,signal_exit,1.2207715478506147,3.823274500001925,False,True,600,4.479557949754853,0.9084951687429552,-0.9875749139042478,-3.3102681649959833,0.41424734012988806,0.26999999999996227,0.700000000000145,8.083333333333334
gbpusd_rsi2_m5_usd500000_smaller_stop_and_time_confirmed_rebound,2017-02-03T09:05:00+00:00,2017-02-03T09:30:00+00:00,6689,stop,-4.681415482945744,-14.661495405404773,True,False,1500,6.29265944578325,1.2040574814886387,-0.5682887856188106,-2.6722701857871973,-0.9233128848099272,0.1960784313725234,0.8000000000008001,9.083333333333334
gbpusd_rsi2_m5_usd500000_smaller_stop_and_time_confirmed_rebound,2017-02-03T09:45:00+00:00,2017-02-03T10:05:00+00:00,6697,signal_exit,0.9051692413506518,2.8260045000020346,False,True,1200,8.933453393298688,1.5531965783052102,-0.6443257986589954,-8.996071470567179,-2.4203469332161056,0.19444444444416176,0.700000000000145,9.75
gbpusd_rsi2_m5_usd500000_smaller_stop_and_time_confirmed_rebound,2017-02-03T11:05:00+00:00,2017-02-03T11:25:00+00:00,6713,stop,-4.915366329479473,-15.34613278014197,True,False,1200,6.736414664584882,1.169926884005746,-1.5717508354960175,-7.887444507284672,-0.6575113393207058,0.3829787234044262,0.5999999999994898,11.083333333333334
gbpusd_rsi2_m5_usd500000_smaller_stop_and_time_confirmed_rebound,2017-02-03T11:35:00+00:00,2017-02-03T11:55:00+00:00,6719,signal_exit,2.605395654401106,8.12662400000345,False,True,1200,6.487435245777558,1.1245807234982106,-1.9184517359679267,-9.22808022576829,-1.8761446669903148,0.22413793103441015,0.700000000000145,11.583333333333334
gbpusd_rsi2_m5_usd500000_smaller_stop_and_time_confirmed_rebound,2017-02-06T07:10:00+00:00,2017-02-06T07:15:00+00:00,6948,stop,-3.1501849698894753,-9.83510761751319,True,False,300,3.9307181338921637,0.8407464600652313,-0.1833896462451787,-1.5126717746675622,-1.7147343999980162,0.07499999999992367,0.700000000000145,7.166666666666667
gbpusd_rsi2_m5_usd500000_smaller_stop_and_time_confirmed_rebound,2017-02-06T07:25:00+00:00,2017-02-06T07:25:00+00:00,6951,stop,-3.691267856622948,-11.52440791952216,True,False,0,4.575432849913083,0.9624205768332912,-0.1810905947739733,-1.7283596383195694,-1.5018657677666363,0.22448979591843207,1.0999999999983245,7.416666666666667
gbpusd_rsi2_m5_usd500000_smaller_stop_and_time_confirmed_rebound,2017-02-06T07:40:00+00:00,2017-02-06T07:55:00+00:00,6954,signal_exit,1.1623161657509087,3.626571500002835,False,True,900,5.242647948709719,1.0792523361420436,-0.2524357634172993,-3.4003366591452013,-2.0846030746830735,0.10869565217411242,0.6999999999979245,7.666666666666667
gbpusd_rsi2_m5_usd500000_smaller_stop_and_time_confirmed_rebound,2017-02-06T08:30:00+00:00,2017-02-06T09:05:00+00:00,6964,signal_exit,2.7061677038510257,8.427803500003193,False,True,2100,7.367075225353124,1.4017147128617389,-0.5319309677269027,-6.615530055566562,-2.4101167563318526,0.39473684210546306,0.6999999999979245,8.5
gbpusd_rsi2_m5_usd500000_smaller_stop_and_time_confirmed_rebound,2017-02-06T10:15:00+00:00,2017-02-06T10:25:00+00:00,6985,signal_exit,2.1573472965003013,6.726995000000939,False,True,600,7.972027497308144,1.3798917785295222,-0.8499151786066064,-3.1552344600434497,-0.152148680289377,0.3906250000001464,0.5999999999994898,10.25
gbpusd_rsi2_m5_usd500000_smaller_stop_and_time_confirmed_rebound,2017-02-06T13:20:00+00:00,2017-02-06T13:35:00+00:00,7022,signal_exit,1.2598990128008276,3.92736600000258,False,True,900,7.361652792601814,1.1587022102500852,-0.3984470990848011,-2.944990501915779,-1.8512184499060704,0.14864864864872976,0.1999999999990898,13.333333333333334
gbpusd_rsi2_m5_usd500000_smaller_stop_and_time_confirmed_rebound,2017-02-06T14:05:00+00:00,2017-02-06T14:30:00+00:00,7031,signal_exit,0.8439248135502327,2.6282305000007247,False,True,1500,8.072104732938502,1.2298480164180698,-0.5028515473476277,-4.379889459805189,-1.5177509249575691,0.5529411764705421,0.5999999999994898,14.083333333333334
gbpusd_rsi2_m5_usd500000_smaller_stop_and_time_confirmed_rebound,2017-02-06T14:55:00+00:00,2017-02-06T15:10:00+00:00,7041,stop,-5.835894775728721,-18.163382433018114,True,False,900,8.146369839454994,1.2157803903743314,-0.8110640619543426,-4.742194506400761,-1.600589413172624,0.009090909090969648,0.5999999999994898,14.916666666666666
gbpusd_rsi2_m5_usd500000_smaller_stop_and_time_confirmed_rebound,2017-02-06T15:20:00+00:00,2017-02-06T15:35:00+00:00,7046,signal_exit,1.391867056500958,4.329291000002979,False,True,900,8.25750133277943,1.2158521257059844,-0.9627752424690874,-5.885542763925755,-1.9238292155605003,0.20833333333344897,0.2999999999997449,15.333333333333334
gbpusd_rsi2_m5_usd500000_smaller_stop_and_time_confirmed_rebound,2017-02-07T07:10:00+00:00,2017-02-07T07:55:00+00:00,7230,stop,-4.004116626947891,-12.454484065156736,True,False,2700,5.0420482542677565,1.0596488722243171,-0.5090525001823902,-5.87018477381588,-1.7799377205802973,0.7166666666666297,1.100000000000545,7.166666666666667
gbpusd_rsi2_m5_usd500000_smaller_stop_and_time_confirmed_rebound,2017-02-07T08:30:00+00:00,2017-02-07T08:50:00+00:00,7246,signal_exit,1.2071983204004104,3.7339880000012693,False,True,1200,11.527404827232454,1.9342489372362761,-1.5700005464439548,-15.199428386168023,-1.7656751013832344,0.6341463414633838,0.7999999999985796,8.5
gbpusd_rsi2_m5_usd500000_smaller_stop_and_time_confirmed_rebound,2017-02-07T09:30:00+00:00,2017-02-07T09:45:00+00:00,7258,signal_exit,1.9528805342009756,6.034859500003014,False,True,900,9.118877361170645,1.4855391094278516,-2.8086883556256326,-15.200957537607394,-0.8565308433229817,0.6296296296296601,0.5999999999994898,9.5
gbpusd_rsi2_m5_usd500000_smaller_stop_and_time_confirmed_rebound,2017-02-07T11:25:00+00:00,2017-02-07T11:50:00+00:00,7281,signal_exit,2.566767401000692,7.934366000002138,False,True,1500,8.521359580891438,1.3022773689867246,-2.6696717453604175,-10.81680409846901,-1.262881473201559,0.5978260869563145,0.700000000000145,11.416666666666666
gbpusd_rsi2_m5_usd500000_smaller_stop_and_time_confirmed_rebound,2017-02-07T13:15:00+00:00,2017-02-07T13:45:00+00:00,7303,signal_exit,-0.5386501889995406,-1.6655849999985795,False,False,1800,7.083157315877792,1.0629775075016517,-2.0958709191941334,-8.133594784905165,-1.02805462458944,0.32727272727241896,0.700000000000145,13.25
gbpusd_rsi2_m5_usd500000_smaller_stop_and_time_confirmed_rebound,2017-02-07T15:15:00+00:00,2017-02-07T15:40:00+00:00,7327,signal_exit,1.0120655900005748,3.1333300000017794,False,True,1500,8.38248224545847,1.1680101795515507,-1.2867317145390373,-4.481677661945924,-0.10588285248329926,0.7833333333334506,0.9999999999998899,15.25
gbpusd_rsi2_m5_usd500000_smaller_stop_and_time_confirmed_rebound,2017-02-08T07:55:00+00:00,2017-02-08T07:55:00+00:00,7526,stop,-5.204162761081815,-16.26300862838067,True,False,0,7.094343616218859,1.2895072662473863,0.7350221216769312,1.6363985795177702,-1.1464430295381753,0.6078431372549532,0.7999999999985796,7.916666666666667
gbpusd_rsi2_m5_usd500000_smaller_stop_and_time_confirmed_rebound,2017-02-08T08:15:00+00:00,2017-02-08T08:30:00+00:00,7530,signal_exit,3.8505383633007533,12.02541650000235,False,True,900,8.434640462901493,1.455155471236468,0.561491281325448,-0.24245002725196685,-1.4675561984705456,0.674698795180955,0.8999999999992347,8.25
gbpusd_rsi2_m5_usd500000_smaller_stop_and_time_confirmed_rebound,2017-02-08T09:35:00+00:00,2017-02-08T10:35:00+00:00,7546,holding_bars,-3.030956210099555,-9.474698999998608,False,False,3600,8.418787786352551,1.3557580660956818,0.4238027946630226,1.4093439355062034,-0.11359699500818983,0.024691358024579675,0.8000000000008001,9.583333333333334
gbpusd_rsi2_m5_usd500000_smaller_stop_and_time_confirmed_rebound,2017-02-08T11:25:00+00:00,2017-02-08T12:00:00+00:00,7568,signal_exit,0.2003816403003026,0.6258015000009449,False,True,2100,6.725385243510759,1.0672461445237948,0.08278079181070756,-0.570540408351264,-0.9692325855747939,0.3777777777777339,0.6000000000017103,11.416666666666666
gbpusd_rsi2_m5_usd500000_smaller_stop_and_time_confirmed_rebound,2017-02-08T15:10:00+00:00,2017-02-08T15:50:00+00:00,7613,signal_exit,3.4888793426005775,10.923229000001808,False,True,2400,8.386807366897514,1.2104404289945074,0.9403640872794836,3.1688254619063283,-0.508404075445329,0.38181818181822585,0.8999999999992347,15.166666666666666
gbpusd_rsi2_m5_usd500000_smaller_stop_and_time_confirmed_rebound,2017-02-09T10:25:00+00:00,2017-02-09T10:30:00+00:00,7843,signal_exit,1.6304226016004966,5.12067400000156,False,True,300,7.121174204527203,1.2317135985026848,1.7568440679798383,5.54108569252607,-0.8940559779611574,0.16071428571411578,0.5999999999994898,10.416666666666666
gbpusd_rsi2_m5_usd500000_smaller_stop_and_time_confirmed_rebound,2017-02-09T11:40:00+00:00,2017-02-09T11:55:00+00:00,7858,signal_exit,0.7392728980010193,2.3211080000032003,False,True,900,8.71095015183099,1.3971900797642376,1.4005410844834167,3.4659694909392593,-1.6531756332359828,0.27272727272735137,0.8999999999992347,11.666666666666666
gbpusd_rsi2_m5_usd500000_smaller_stop_and_time_confirmed_rebound,2017-02-09T14:45:00+00:00,2017-02-09T14:55:00+00:00,7895,stop,-5.08575565885562,-15.972850687360614,True,False,600,6.997057990711019,1.0884083902346589,0.9661856023921056,3.0256867618721364,-0.935899635893862,0.18749999999982653,0.700000000000145,14.75
gbpusd_rsi2_m5_usd500000_smaller_stop_and_time_confirmed_rebound,2017-02-09T15:05:00+00:00,2017-02-09T15:20:00+00:00,7899,stop,-5.9206544808190955,-18.571689086634553,True,False,900,8.29711769243784,1.2482368753541428,0.8528673398109827,0.3063314354589674,-2.3720630336391935,0.038961038961009,0.700000000000145,15.083333333333334
gbpusd_rsi2_m5_usd500000_smaller_stop_and_time_confirmed_rebound,2017-02-09T15:30:00+00:00,2017-02-09T15:45:00+00:00,7904,signal_exit,3.837614718000043,12.022602500000135,False,True,900,10.486499708786223,1.4759850572227002,0.5635587825093149,-1.9581649644188364,-1.8899780054080912,0.3260869565217706,0.9000000000014552,15.5
gbpusd_rsi2_m5_usd500000_smaller_stop_and_time_confirmed_rebound,2017-02-10T07:35:00+00:00,2017-02-10T07:35:00+00:00,8091,stop,-3.1436542432850647,-9.830063299828218,True,False,0,3.8775483641071404,0.8760595598214951,-0.4710546145784211,-1.9352907951755947,-0.32228933017534767,0.17307692307675063,0.8000000000008001,7.583333333333333
gbpusd_rsi2_m5_usd500000_smaller_stop_and_time_confirmed_rebound,2017-02-10T08:10:00+00:00,2017-02-10T08:20:00+00:00,8098,stop,-5.15726593545088,-16.106389554812242,True,False,600,7.166384850877342,1.4453606254184936,-0.48593909194323165,-4.653311204833692,-1.6496779355038065,0.7974683544304758,0.4999999999988347,8.166666666666666
gbpusd_rsi2_m5_usd500000_smaller_stop_and_time_confirmed_rebound,2017-02-10T08:30:00+00:00,2017-02-10T08:50:00+00:00,8102,signal_exit,0.8738313915004423,2.7264630000013796,False,True,1200,7.291332198196443,1.4395246069417342,-0.6336262410708963,-6.429951505820591,-1.5457055853248978,0.4038461538461785,0.700000000000145,8.5
gbpusd_rsi2_m5_usd500000_smaller_stop_and_time_confirmed_rebound,2017-02-10T11:55:00+00:00,2017-02-10T11:55:00+00:00,8143,stop,-5.700695958365437,-17.79798925496546,True,False,0,7.862364810252058,1.2400527693633796,-0.35742251777177786,-3.212796462633255,-1.5083025258009033,0.5873015873014362,0.8000000000008001,11.916666666666666
gbpusd_rsi2_m5_usd500000_smaller_stop_and_time_confirmed_rebound,2017-02-10T12:20:00+00:00,2017-02-10T12:25:00+00:00,8148,signal_exit,1.5508568658005828,4.828321500001814,False,True,300,10.318151323653913,1.5019284816954825,-0.6810662136654446,-7.548198336208391,-1.720576899643632,0.17073170731709958,0.9999999999998899,12.333333333333334
gbpusd_rsi2_m5_usd500000_smaller_stop_and_time_confirmed_rebound,2017-02-13T08:55:00+00:00,2017-02-13T09:55:00+00:00,8388,holding_bars,-1.1425468567492665,-3.576046499997704,False,False,3600,6.986716573610778,1.3560239246260077,1.1414556208504243,3.7421841302042673,-0.3239421663018371,0.6,0.3999999999981796,8.916666666666666
gbpusd_rsi2_m5_usd500000_smaller_stop_and_time_confirmed_rebound,2017-02-13T10:45:00+00:00,2017-02-13T11:05:00+00:00,8410,signal_exit,1.764787963500626,5.523593000001958,False,True,1200,5.956185097570231,1.1151990902391276,0.774929291452661,2.979007386844869,0.1490516163358886,0.3124999999998699,0.6000000000017103,10.75
gbpusd_rsi2_m5_usd500000_smaller_stop_and_time_confirmed_rebound,2017-02-13T12:55:00+00:00,2017-02-13T13:45:00+00:00,8436,stop,-4.151366786118437,-13.00146190453629,True,False,3000,5.562662645461814,1.026831700613592,1.0015458986505072,2.881816429626722,-0.8842681062818537,0.24489795918397866,0.5999999999994898,12.916666666666666
gbpusd_rsi2_m5_usd500000_smaller_stop_and_time_confirmed_rebound,2017-02-13T14:20:00+00:00,2017-02-13T15:20:00+00:00,8453,holding_bars,-1.6878835199992765,-5.27463599999774,False,False,3600,7.002183227289264,1.225046210944695,0.4470056641724035,-1.889901910724788,-1.9293540370048992,0.7500000000001261,0.6999999999979245,14.333333333333334
gbpusd_rsi2_m5_usd500000_smaller_stop_and_time_confirmed_rebound,2017-02-13T15:45:00+00:00,2017-02-13T15:55:00+00:00,8470,signal_exit,1.096948364500488,3.4258225000015243,False,True,600,6.834907317067046,1.1611156306974584,-0.38582812643913816,-3.3370945532623866,-1.902151438916791,0.32352941176485955,0.700000000000145,15.75
gbpusd_rsi2_m5_usd500000_smaller_stop_and_time_confirmed_rebound,2017-02-14T08:15:00+00:00,2017-02-14T08:30:00+00:00,8664,signal_exit,-0.05645099879995372,-0.176851499999855,False,False,900,5.909514344661791,1.4077272775387666,0.7641881409411199,-0.2641869194970065,-1.6722931080198904,0.7246376811592571,0.9000000000014552,8.25
gbpusd_rsi2_m5_usd500000_smaller_stop_and_time_confirmed_rebound,2017-02-14T09:25:00+00:00,2017-02-14T09:30:00+00:00,8678,stop,-4.736339721330542,-14.828865752443775,True,False,300,6.426445551817468,1.421901295582633,0.19985057167090237,-1.3886359350816224,-1.2525007625313722,0.04938271604943348,0.700000000000145,9.416666666666666
gbpusd_rsi2_m5_usd500000_smaller_stop_and_time_confirmed_rebound,2017-02-14T09:45:00+00:00,2017-02-14T10:10:00+00:00,8682,stop,-7.687698515938941,-23.986578832882806,True,False,1500,11.007023412261988,2.063675129949385,-0.2200724202009189,-9.231657369173718,-2.2012197290382773,0.7062937062938095,0.700000000000145,9.75
gbpusd_rsi2_m5_usd500000_smaller_stop_and_time_confirmed_rebound,2017-02-14T10:20:00+00:00,2017-02-14T10:50:00+00:00,8689,signal_exit,1.2604018181008279,3.92770900000258,False,True,1800,12.059344181403201,2.0433986189440643,-0.8834658853862692,-10.604414417357672,-1.4029757820444202,0.08139534883721831,0.40000000000040004,10.333333333333334
gbpusd_rsi2_m5_usd500000_smaller_stop_and_time_confirmed_rebound,2017-02-14T15:40:00+00:00,2017-02-14T15:55:00+00:00,8753,signal_exit,1.773754212400629,5.527436000001959,False,True,900,10.4691922162401,1.5245904795238683,-1.1699250669592243,-5.240632631789885,-1.232592865884738,0.6774193548389408,0.700000000000145,15.666666666666666
gbpusd_rsi2_m5_usd500000_smaller_stop_and_time_confirmed_rebound,2017-02-15T08:05:00+00:00,2017-02-15T08:25:00+00:00,8941,signal_exit,0.16946649300080585,0.5279330000025104,False,True,1200,4.270978705479127,1.0078701542154058,-0.37634801906129933,-2.7018040819135014,-1.2417230508140717,0.34146341463419916,0.4999999999988347,8.083333333333334
gbpusd_rsi2_m5_usd500000_smaller_stop_and_time_confirmed_rebound,2017-02-15T09:50:00+00:00,2017-02-15T10:20:00+00:00,8962,signal_exit,0.3313199559504327,1.0299035000013448,False,True,1800,7.5024431092526775,1.5415762914636755,-0.7353645669463025,-7.540607211144679,-1.866210321249145,0.21818181818210444,0.5999999999994898,9.833333333333334
gbpusd_rsi2_m5_usd500000_smaller_stop_and_time_confirmed_rebound,2017-02-15T11:25:00+00:00,2017-02-15T11:40:00+00:00,8981,stop,-4.409019334556597,-13.705375612547707,True,False,900,5.917830930357914,1.178087522910968,-1.5355854664666801,-5.730524292599504,0.031622776586425344,0.3378378378376675,0.5999999999994898,11.416666666666666
gbpusd_rsi2_m5_usd500000_smaller_stop_and_time_confirmed_rebound,2017-02-15T11:55:00+00:00,2017-02-15T12:10:00+00:00,8987,stop,-4.718665819506995,-14.658794096014274,True,False,900,6.394868368400141,1.242735931468517,-1.4880471757277365,-6.938408591108188,-1.9865730765399758,0.34666666666655616,0.6000000000017103,11.916666666666666
gbpusd_rsi2_m5_usd500000_smaller_stop_and_time_confirmed_rebound,2017-02-15T13:10:00+00:00,2017-02-15T13:30:00+00:00,9002,stop,-4.775904451778454,-14.832001403038676,True,False,1200,6.581685060497983,1.2223061510027016,-1.5475508667162106,-6.694380195850819,-0.7077885895420508,0.052631578947716966,0.3999999999981796,13.166666666666666
gbpusd_rsi2_m5_usd500000_smaller_stop_and_time_confirmed_rebound,2017-02-16T11:35:00+00:00,2017-02-16T12:05:00+00:00,9269,signal_exit,-0.023988021399033693,-0.07498599999697934,False,False,1800,6.055399524259459,1.1234630953301745,1.6529646474927864,4.3061679111244135,-1.6414937914226313,0.07499999999994449,0.5999999999994898,11.583333333333334
gbpusd_rsi2_m5_usd500000_smaller_stop_and_time_confirmed_rebound,2017-02-16T12:55:00+00:00,2017-02-16T13:05:00+00:00,9285,signal_exit,0.5838007052506863,1.8249475000021451,False,True,600,6.387128111270031,1.1474844140229643,1.0509642068148868,3.5370171586261288,0.002817192025863364,0.18390804597690882,0.700000000000145,12.916666666666666
gbpusd_rsi2_m5_usd500000_smaller_stop_and_time_confirmed_rebound,2017-02-16T13:45:00+00:00,2017-02-16T14:25:00+00:00,9295,signal_exit,-0.8236876371493007,-2.574828499997814,False,False,2400,7.767731312143934,1.3150930277440265,0.9045065890212562,2.789607653932451,-0.9382696338999947,0.30508474576278205,0.5999999999994898,13.75
gbpusd_rsi2_m5_usd500000_smaller_stop_and_time_confirmed_rebound,2017-02-17T07:30:00+00:00,2017-02-17T08:15:00+00:00,9500,target,1.328158872355791,4.147904036089291,False,True,2700,3.1111199072407127,0.7652625699295443,0.225244745977724,-1.5829573919738165,-1.8932876516832726,0.2857142857139836,0.8000000000008001,7.5
gbpusd_rsi2_m5_usd500000_smaller_stop_and_time_confirmed_rebound,2017-02-17T09:15:00+00:00,2017-02-17T09:25:00+00:00,9521,stop,-5.4968937656496655,-17.134955628583743,True,False,600,7.531459415373452,1.5902112651374984,-0.4563526463866642,-5.633313914499564,-1.806697999276027,0.6036036036035873,0.7999999999985796,9.25
gbpusd_rsi2_m5_usd500000_smaller_stop_and_time_confirmed_rebound,2017-02-17T09:45:00+00:00,2017-02-17T10:05:00+00:00,9527,stop,-8.24427865679534,-25.61926245119745,True,False,1200,11.575203357718003,2.0770720550820045,-0.8673360221367175,-11.701831793968537,-1.8236861137815674,0.8310810810810415,1.1999999999989797,9.75
gbpusd_rsi2_m5_usd500000_smaller_stop_and_time_confirmed_rebound,2017-02-17T10:15:00+00:00,2017-02-17T10:30:00+00:00,9533,signal_exit,3.4298594889006657,10.631926500002063,False,True,900,11.265529408965346,1.9176065265128384,-1.548124797931619,-15.18893032835037,-1.534692611582519,0.45555555555562954,0.5999999999994898,10.25
gbpusd_rsi2_m5_usd500000_smaller_stop_and_time_confirmed_rebound,2017-02-17T14:55:00+00:00,2017-02-17T15:10:00+00:00,9589,signal_exit,1.0073099448005727,3.1302360000017795,False,True,900,6.057923750095048,1.024965219136378,-1.4043855439149573,-5.852430330031597,-0.8453383358687185,0.4576271186441571,0.7999999999985796,14.916666666666666
gbpusd_rsi2_m5_usd500000_smaller_stop_and_time_confirmed_rebound,2017-02-20T07:40:00+00:00,2017-02-20T08:15:00+00:00,9780,target,1.963753186718686,6.1042996167817405,False,True,2100,4.137353365757461,0.9878753055556942,0.01442158674364887,0.7269436689675765,0.3296805873609845,0.051724137930988276,0.8999999999992347,7.666666666666667
gbpusd_rsi2_m5_usd500000_smaller_stop_and_time_confirmed_rebound,2017-02-20T10:15:00+00:00,2017-02-20T10:45:00+00:00,9811,signal_exit,1.292457000451038,4.027600500003235,False,True,1800,6.955071074759489,1.389274124975161,1.4931467100728426,4.931744303575972,-0.4950489478268069,0.6716417910449196,0.8999999999992347,10.25
gbpusd_rsi2_m5_usd500000_smaller_stop_and_time_confirmed_rebound,2017-02-21T07:45:00+00:00,2017-02-21T08:00:00+00:00,10060,stop,-4.200295829581351,-13.060621360638528,True,False,900,5.645383018725893,1.396024490155221,-0.38057735701639417,-4.960718719597976,-1.6423796502045034,0.8723404255320154,0.4999999999988347,7.75
gbpusd_rsi2_m5_usd500000_smaller_stop_and_time_confirmed_rebound,2017-02-21T08:35:00+00:00,2017-02-21T08:55:00+00:00,10070,signal_exit,0.5245930503002687,1.6301835000008351,False,True,1200,6.011947451970769,1.4085083555446107,-0.7620005349094212,-6.051257974401773,-1.0305983088343602,0.43750000000005784,0.700000000000145,8.583333333333334
gbpusd_rsi2_m5_usd500000_smaller_stop_and_time_confirmed_rebound,2017-02-21T12:15:00+00:00,2017-02-21T12:35:00+00:00,10114,signal_exit,0.3000513276009377,0.9312580000029104,False,True,1200,6.622242068740338,1.3013452198930906,-1.1646005336653849,-6.058810425880925,-1.316373892377202,0.29850746268655726,0.700000000000145,12.25
gbpusd_rsi2_m5_usd500000_smaller_stop_and_time_confirmed_rebound,2017-02-21T14:45:00+00:00,2017-02-21T14:45:00+00:00,10144,target,2.8451898333470527,8.833250025914476,False,True,0,5.651228805963496,1.071005823806873,-0.8685482337525581,-4.231192551692399,-2.1085961164145193,0.4782608695655532,1.1999999999989797,14.75
gbpusd_rsi2_m5_usd500000_smaller_stop_and_time_confirmed_rebound,2017-02-22T07:00:00+00:00,2017-02-22T07:10:00+00:00,10331,signal_exit,0.3923208019501392,1.2256195000004348,False,True,600,3.6361132159186225,0.9234825413640777,1.251084232406783,2.216480442934465,-1.822290130110062,0.4999999999995374,1.100000000000545,7.0
gbpusd_rsi2_m5_usd500000_smaller_stop_and_time_confirmed_rebound,2017-02-22T09:05:00+00:00,2017-02-22T09:30:00+00:00,10356,target,4.78989578479376,14.935752369172935,False,True,1500,8.454529343112588,1.6995687013164533,0.320115309168321,-2.9707366426768105,-1.93371269486367,0.28235294117648596,0.700000000000145,9.083333333333334
gbpusd_rsi2_m5_usd500000_smaller_stop_and_time_confirmed_rebound,2017-02-22T09:45:00+00:00,2017-02-22T10:20:00+00:00,10364,signal_exit,2.064803846600384,6.428405500001195,False,True,2100,10.364619709629244,1.8680746132918609,-0.12089357769736003,-6.06034493758326,-1.8265346390030028,0.22727272727262635,0.8000000000008001,9.75
gbpusd_rsi2_m5_usd500000_smaller_stop_and_time_confirmed_rebound,2017-02-22T11:40:00+00:00,2017-02-22T11:45:00+00:00,10387,stop,-5.529162910727199,-17.208723656169308,True,False,300,7.569114747102268,1.2806472792758161,-1.1300181780945981,-5.276079744004761,-1.2002598142072125,0.5,0.7999999999985796,11.666666666666666
gbpusd_rsi2_m5_usd500000_smaller_stop_and_time_confirmed_rebound,2017-02-23T10:35:00+00:00,2017-02-23T10:45:00+00:00,10652,signal_exit,0.3616904512006417,1.1274640000020002,False,True,600,5.850980936036654,1.092394437122553,0.715494019024288,1.7660896938077333,-0.9962656231059691,0.3809523809526831,0.8999999999992347,10.583333333333334
gbpusd_rsi2_m5_usd500000_smaller_stop_and_time_confirmed_rebound,2017-02-23T15:10:00+00:00,2017-02-23T15:45:00+00:00,10707,signal_exit,3.0768338814506953,9.624128500002175,False,True,2100,7.6849334220797045,1.1962991145426753,1.4367948274919435,5.806464909750524,0.21188155797980646,0.34782608695650774,0.7999999999985796,15.166666666666666
gbpusd_rsi2_m5_usd500000_smaller_stop_and_time_confirmed_rebound,2017-02-24T07:20:00+00:00,2017-02-24T08:20:00+00:00,10891,holding_bars,-0.7259501717993849,-2.278562999998069,False,False,3600,5.293301666478564,1.1745121833444203,1.1551876174291038,3.1317641308882216,-0.9444634386579664,0.6842105263153794,0.9999999999998899,7.333333333333333
gbpusd_rsi2_m5_usd500000_smaller_stop_and_time_confirmed_rebound,2017-02-24T09:20:00+00:00,2017-02-24T09:50:00+00:00,10915,signal_exit,1.347432457750742,4.222602500002325,False,True,1800,7.2609102128086525,1.4082781213007487,0.3641245151851442,-1.4474973772141702,-1.660755684942058,0.1494252873562925,0.8000000000008001,9.333333333333334
gbpusd_rsi2_m5_usd500000_smaller_stop_and_time_confirmed_rebound,2017-02-24T14:15:00+00:00,2017-02-24T14:25:00+00:00,10974,stop,-6.511432764367292,-20.392836718970532,True,False,600,9.108475906141717,1.4363725112880321,0.3054585400220521,-3.1656544523825536,-2.5228550635069444,0.37323943661966763,0.9000000000014552,14.25
gbpusd_rsi2_m5_usd500000_smaller_stop_and_time_confirmed_rebound,2017-02-24T14:40:00+00:00,2017-02-24T15:40:00+00:00,10979,holding_bars,-2.548221612749963,-7.975654499999884,False,False,3600,9.38276154396074,1.4357789749841108,-0.03564208559388708,-4.236084894363213,-1.470933764565009,0.4426229508196602,0.40000000000040004,14.666666666666666
gbpusd_rsi2_m5_usd500000_smaller_stop_and_time_confirmed_rebound,2017-02-24T15:55:00+00:00,2017-02-24T16:55:00+00:00,10994,holding_bars,-2.0072918851992414,-6.274747999997628,False,False,3600,9.475611482219115,1.3712999407766797,-0.9392236042718459,-5.353632963025423,-1.7284472692984731,0.36551724137926705,0.700000000000145,15.916666666666666
gbpusd_rsi2_m5_usd500000_smaller_stop_and_time_confirmed_rebound,2017-02-27T07:10:00+00:00,2017-02-27T07:15:00+00:00,11167,target,2.025488640644348,6.290337393305428,False,True,300,4.02984349117394,0.7612034316362679,-1.3783401128703359,-6.828887464341612,-1.4856542561413497,0.272727272727548,0.4999999999988347,7.166666666666667
gbpusd_rsi2_m5_usd500000_smaller_stop_and_time_confirmed_rebound,2017-02-27T07:55:00+00:00,2017-02-27T07:55:00+00:00,11176,stop,-4.058380605867396,-12.603666477849055,True,False,0,5.267377097123974,0.9737554111123963,-1.3584022374609117,-5.669609624070535,-0.6573397725115644,0.34523809523790644,0.8000000000008001,7.916666666666667
gbpusd_rsi2_m5_usd500000_smaller_stop_and_time_confirmed_rebound,2017-02-27T08:10:00+00:00,2017-02-27T08:20:00+00:00,11179,stop,-5.031154760446909,-15.619853338860318,True,False,600,6.725775321567545,1.1946584189985792,-1.3700692025563772,-6.545669260280629,-1.6304706399838582,0.21582733812947227,0.8999999999992347,8.166666666666666
gbpusd_rsi2_m5_usd500000_smaller_stop_and_time_confirmed_rebound,2017-02-27T10:45:00+00:00,2017-02-27T11:05:00+00:00,11210,stop,-5.381693926370373,-16.718527264275778,True,False,1200,7.4247604987566405,1.1689909178380427,-0.7791750166794181,-2.8171215802236236,-0.21669119408300302,0.33333333333359305,0.5999999999994898,10.75
gbpusd_rsi2_m5_usd500000_smaller_stop_and_time_confirmed_rebound,2017-02-27T11:25:00+00:00,2017-02-27T11:50:00+00:00,11218,signal_exit,1.6526812497005023,5.130957000001559,False,True,1500,6.938956939523053,1.090002843661418,-0.6146738501550693,-4.165462299653405,-1.5014322427152853,0.4358974358973191,0.700000000000145,11.416666666666666
gbpusd_rsi2_m5_usd500000_smaller_stop_and_time_confirmed_rebound,2017-02-28T07:15:00+00:00,2017-02-28T07:30:00+00:00,11450,stop,-3.57421882223695,-11.110409767600094,True,False,900,4.470407598067245,1.0624493128881853,0.23710562037663802,-2.3530745723514253,-2.072687410594003,0.7058823529409972,0.8999999999992347,7.25
gbpusd_rsi2_m5_usd500000_smaller_stop_and_time_confirmed_rebound,2017-02-28T08:15:00+00:00,2017-02-28T08:30:00+00:00,11462,signal_exit,2.9389869156010753,9.13012400000334,False,True,900,6.543431278163905,1.4194078144067857,-0.20816482543487663,-3.1334449877677386,-0.9890960836433147,0.8108108108107621,0.700000000000145,8.25
gbpusd_rsi2_m5_usd500000_smaller_stop_and_time_confirmed_rebound,2017-02-28T10:05:00+00:00,2017-02-28T10:20:00+00:00,11484,signal_exit,3.226527628050828,10.029616500002575,False,True,900,7.729260956665618,1.4889411991369113,-0.2015818022719749,-1.3775036920789756,-0.9503643733048851,0.6490066225165865,0.8999999999992347,10.083333333333334
gbpusd_rsi2_m5_usd500000_smaller_stop_and_time_confirmed_rebound,2017-02-28T11:40:00+00:00,2017-02-28T11:55:00+00:00,11503,signal_exit,2.872706043900653,8.929767000002029,False,True,900,6.461523945751944,1.2095807528721658,-0.08634464849258537,-1.5013813987783808,-1.5193702329647796,0.5272727272729034,0.2999999999997449,11.666666666666666
gbpusd_rsi2_m5_usd500000_smaller_stop_and_time_confirmed_rebound,2017-02-28T13:05:00+00:00,2017-02-28T13:15:00+00:00,11520,signal_exit,1.7492379719511353,5.430729500003524,False,True,600,6.976960913638188,1.245021225693171,-0.22644409928284168,-3.420835156057491,-1.9580442091455261,0.12307692307673913,0.5999999999994898,13.083333333333334
gbpusd_rsi2_m5_usd500000_smaller_stop_and_time_confirmed_rebound,2017-02-28T15:55:00+00:00,2017-02-28T15:55:00+00:00,11554,target,7.4827926391197055,23.24570562012956,False,True,0,12.557995839918048,1.77295108511538,0.22670948027737745,-2.000541362275312,-1.6032965417676401,0.3278688524591626,0.5999999999994898,15.916666666666666
gbpusd_rsi2_m5_usd500000_smaller_stop_and_time_confirmed_rebound,2017-03-01T07:15:00+00:00,2017-03-01T07:25:00+00:00,11733,signal_exit,1.338032606001259,4.134835000003891,False,True,600,4.570672796000007,0.8990113813517504,-1.0978381008419065,-6.652052599217591,-1.9980542120648708,0.1756756756759352,0.6999999999979245,7.25
gbpusd_rsi2_m5_usd500000_smaller_stop_and_time_confirmed_rebound,2017-03-01T09:45:00+00:00,2017-03-01T09:50:00+00:00,11763,signal_exit,2.2086442448005155,6.833676500001595,False,True,300,7.475629879110301,1.3177736871353531,-0.6190345973056356,-2.3963819313685333,-0.2426345077535013,0.3777777777777339,0.700000000000145,9.75
gbpusd_rsi2_m5_usd500000_smaller_stop_and_time_confirmed_rebound,2017-03-01T11:35:00+00:00,2017-03-01T11:55:00+00:00,11785,stop,-6.196175695738992,-19.1180984132644,True,False,1200,8.627633173793523,1.3934512016134821,-0.6939023753894596,-7.495199139495264,-1.976355352895502,0.21568627450947098,0.6000000000017103,11.583333333333334
gbpusd_rsi2_m5_usd500000_smaller_stop_and_time_confirmed_rebound,2017-03-01T12:20:00+00:00,2017-03-01T12:40:00+00:00,11794,signal_exit,0.27239664735073277,0.8384015000022553,False,True,1200,9.696298090187005,1.4711711524323028,-1.2854712241520034,-10.402262792523947,-1.4059687566799302,0.4230769230769477,0.40000000000040004,12.333333333333334
gbpusd_rsi2_m5_usd500000_smaller_stop_and_time_confirmed_rebound,2017-03-01T13:40:00+00:00,2017-03-01T14:20:00+00:00,11810,stop,-6.448157430599848,-19.84048440184569,True,False,2400,8.990035852178671,1.31414545216731,-2.221277537603241,-9.495786708385825,-1.1188457543583814,0.5049504950495376,0.5999999999994898,13.666666666666666
gbpusd_rsi2_m5_usd500000_smaller_stop_and_time_confirmed_rebound,2017-03-02T09:50:00+00:00,2017-03-02T10:20:00+00:00,12046,signal_exit,0.534819661550272,1.6410545000008347,False,True,1800,7.087186024218094,1.381122133133605,-0.5132333245038488,-4.601802912059068,-1.8429420392480396,0.3030303030303234,0.10000000000065512,9.833333333333334
gbpusd_rsi2_m5_usd500000_smaller_stop_and_time_confirmed_rebound,2017-03-02T12:20:00+00:00,2017-03-02T12:40:00+00:00,12076,target,3.5950490316016444,11.034527414369688,False,True,1200,6.64694285018408,1.1954141407209098,-0.5320184659260544,-3.3963992522501925,-2.290640942168314,0.16417910447737452,0.9999999999998899,12.333333333333334
gbpusd_rsi2_m5_usd500000_smaller_stop_and_time_confirmed_rebound,2017-03-02T14:15:00+00:00,2017-03-02T15:10:00+00:00,12099,signal_exit,2.3264517888004366,7.140736000001339,False,True,3300,7.620995221681455,1.2473912405167016,-0.2618263557997535,-2.663927774739435,-1.7993955062072688,0.28571428571443674,0.40000000000040004,14.25
gbpusd_rsi2_m5_usd500000_smaller_stop_and_time_confirmed_rebound,2017-03-03T07:45:00+00:00,2017-03-03T07:50:00+00:00,12303,signal_exit,1.121886457000497,3.441369500001524,False,True,300,3.773675209611478,0.9133926674682218,-0.4142758418450176,-1.5467715799541373,-0.1994620438939852,0.4545454545454087,0.700000000000145,7.75
gbpusd_rsi2_m5_usd500000_smaller_stop_and_time_confirmed_rebound,2017-03-03T08:45:00+00:00,2017-03-03T08:55:00+00:00,12315,signal_exit,1.2536581414506283,3.8420415000019252,False,True,600,5.874286941121246,1.289602460692557,-0.43878771875972855,-3.2508411845674674,-1.0938779137367582,0.6739130434784707,0.700000000000145,8.75
gbpusd_rsi2_m5_usd500000_smaller_stop_and_time_confirmed_rebound,2017-03-03T09:55:00+00:00,2017-03-03T10:35:00+00:00,12329,stop,-5.852134955554095,-17.90738970487789,True,False,2400,7.925827756412231,1.5570779198090066,-0.760053864812784,-6.538091652717674,-1.6833676559511932,0.13043478260882158,0.7999999999985796,9.916666666666666
gbpusd_rsi2_m5_usd500000_smaller_stop_and_time_confirmed_rebound,2017-03-03T10:45:00+00:00,2017-03-03T11:00:00+00:00,12339,signal_exit,1.7159472299999983,5.244337499999994,False,True,900,7.5335123818627086,1.4208621340327987,-1.2324760619816826,-7.878671452501538,-0.9970400251690239,0.39682539682544715,0.700000000000145,10.75
gbpusd_rsi2_m5_usd500000_smaller_stop_and_time_confirmed_rebound,2017-03-03T13:05:00+00:00,2017-03-03T13:20:00+00:00,12367,signal_exit,1.0272663880005817,3.14341000000178,False,True,900,6.967608354302239,1.2228821677838868,-1.1197131076174716,-3.406159550397919,0.6599815456298224,0.5753424657534496,0.4999999999988347,13.083333333333334
gbpusd_rsi2_m5_usd500000_smaller_stop_and_time_confirmed_rebound,2017-03-03T14:40:00+00:00,2017-03-03T14:50:00+00:00,12386,target,3.1774668572875715,9.71702402840236,False,True,600,5.586712049121083,0.9966672440541434,-0.7765501577992108,-3.8647181331812877,-1.8682103193228803,0.24074074074067983,0.1999999999990898,14.666666666666666
gbpusd_rsi2_m5_usd500000_smaller_stop_and_time_confirmed_rebound,2017-03-06T07:40:00+00:00,2017-03-06T08:00:00+00:00,12582,target,2.5871454210138882,7.938464010475263,False,True,1200,4.948793963025661,1.1186775962066302,0.32697526767846113,-2.126900429526111,-2.2698491758387216,0.27083333333336224,0.700000000000145,7.666666666666667
gbpusd_rsi2_m5_usd500000_smaller_stop_and_time_confirmed_rebound,2017-03-06T09:40:00+00:00,2017-03-06T10:15:00+00:00,12606,signal_exit,1.0570836403507942,3.2415935000024354,False,True,2100,7.061125187260016,1.3941789774515243,-0.3316362334570157,-3.1451525588395715,-1.9629172893113498,0.13888888888898027,0.9999999999998899,9.666666666666666
gbpusd_rsi2_m5_usd500000_smaller_stop_and_time_confirmed_rebound,2017-03-06T14:45:00+00:00,2017-03-06T15:45:00+00:00,12667,holding_bars,-2.334290161348977,-7.158203499996863,False,False,3600,5.056469450354365,0.9829472196443468,-0.023517559709917143,-1.628361235046021,-1.8131802161093247,0.9756097560979441,0.7999999999985796,14.75
gbpusd_rsi2_m5_usd500000_smaller_stop_and_time_confirmed_rebound,2017-03-07T08:35:00+00:00,2017-03-07T09:35:00+00:00,12873,holding_bars,-4.012149819399007,-12.254580999996966,False,False,3600,6.001081564631364,1.5373875749981425,-1.0563644181030705,-7.170225904462073,-1.8086689862231218,0.6212121212117185,0.700000000000145,8.583333333333334
gbpusd_rsi2_m5_usd500000_smaller_stop_and_time_confirmed_rebound,2017-03-07T10:10:00+00:00,2017-03-07T10:50:00+00:00,12892,signal_exit,1.0976211680002852,3.3464060000008695,False,True,2400,7.866750518852474,1.7051881550956436,-1.5601885758142118,-9.520372265887888,-2.1658001083853513,0.4516129032258527,0.700000000000145,10.166666666666666
gbpusd_rsi2_m5_usd500000_smaller_stop_and_time_confirmed_rebound,2017-03-07T11:40:00+00:00,2017-03-07T12:05:00+00:00,12910,signal_exit,0.37606938400065604,1.1465530000020001,False,True,1500,6.149463327214524,1.2892967858722455,-1.8490843739602607,-8.0273606590941,-0.9229009014379363,0.04999999999996299,0.700000000000145,11.666666666666666
gbpusd_rsi2_m5_usd500000_smaller_stop_and_time_confirmed_rebound,2017-03-07T14:45:00+00:00,2017-03-07T15:05:00+00:00,12947,signal_exit,-0.6736816991996651,-2.0526559999989793,False,False,1200,5.933076919192862,1.1846453249863658,-1.3218522028118385,-7.274886435031485,-2.057748803174952,0.04545454545433901,0.5000000000010552,14.75
gbpusd_rsi2_m5_usd500000_smaller_stop_and_time_confirmed_rebound,2017-03-08T07:50:00+00:00,2017-03-08T08:15:00+00:00,13139,stop,-3.5975977792963407,-10.961602008824926,True,False,1500,4.554579914710497,1.3784495454683585,-0.377237572269136,-6.870939597113397,-2.0967952664600475,0.5494505494505092,0.5999999999994898,7.833333333333333
gbpusd_rsi2_m5_usd500000_smaller_stop_and_time_confirmed_rebound,2017-03-08T09:05:00+00:00,2017-03-08T09:35:00+00:00,13154,stop,-4.2868242756902815,-13.049693381096748,True,False,1800,5.499082158424733,1.4755718130322917,-1.3752619239537403,-8.251560476441266,-1.1260707270832044,0.26923076923078565,0.8000000000008001,9.083333333333334
gbpusd_rsi2_m5_usd500000_smaller_stop_and_time_confirmed_rebound,2017-03-08T11:15:00+00:00,2017-03-08T11:50:00+00:00,13180,signal_exit,0.3124505019009578,0.9494090000029103,False,True,2100,5.716732854945309,1.3794554531191032,-2.083419906805498,-9.957006704697834,-1.5940847199431423,0.34482758620684373,0.2999999999997449,11.25
gbpusd_rsi2_m5_usd500000_smaller_stop_and_time_confirmed_rebound,2017-03-08T14:45:00+00:00,2017-03-08T14:55:00+00:00,13222,signal_exit,2.481076576300572,7.5481490000017395,False,True,600,7.697517721559105,1.3950241261332146,-0.5499558738450014,-3.184506494156308,-1.4422712812203196,0.2878787878787063,0.5000000000010552,14.75
gbpusd_rsi2_m5_usd500000_smaller_stop_and_time_confirmed_rebound,2017-03-08T15:25:00+00:00,2017-03-08T15:50:00+00:00,13230,target,4.057966084832875,12.33799356896587,False,True,1500,7.094691098669751,1.2672368815817958,-0.6131765926952673,-4.507072093554643,-1.9693131035180411,0.18421052631580484,0.5999999999994898,15.416666666666666
gbpusd_rsi2_m5_usd500000_smaller_stop_and_time_confirmed_rebound,2017-03-09T15:25:00+00:00,2017-03-09T15:55:00+00:00,13509,signal_exit,-0.11537373884965274,-0.3505734999989448,False,False,1800,10.034040876515803,1.59024810772689,0.5262144617424648,-2.3428961416021137,-1.8048665009275755,0.7608695652174647,0.5000000000010552,15.416666666666666
gbpusd_rsi2_m5_usd500000_smaller_stop_and_time_confirmed_rebound,2017-03-10T07:45:00+00:00,2017-03-10T08:05:00+00:00,13698,signal_exit,1.0685153550508009,3.2487545000024345,False,True,1200,3.718338013614951,0.9714219465668469,-0.1922279045584533,-1.0697842593606106,-0.41355867811098357,0.15555555555556652,0.8999999999992347,7.75
gbpusd_rsi2_m5_usd500000_smaller_stop_and_time_confirmed_rebound,2017-03-10T10:15:00+00:00,2017-03-10T11:05:00+00:00,13728,stop,-4.4754412161909345,-13.619723725474541,True,False,3000,5.934149307964318,1.3258085503673198,0.3117783877973913,1.370958321843799,-0.09152044654363495,0.5238095238096748,0.4999999999988347,10.25
gbpusd_rsi2_m5_usd500000_smaller_stop_and_time_confirmed_rebound,2017-03-10T12:05:00+00:00,2017-03-10T12:10:00+00:00,13750,signal_exit,1.2348002489004182,3.7497730000012695,False,True,300,6.146472969205181,1.2747592548537665,-0.25215127143302,-3.7841890771653803,-1.7060533304703935,0.3404255319152555,0.40000000000040004,12.083333333333334
gbpusd_rsi2_m5_usd500000_smaller_stop_and_time_confirmed_rebound,2017-03-10T14:40:00+00:00,2017-03-10T15:40:00+00:00,13781,holding_bars,5.0135764308003665,15.248103500001115,False,True,3600,9.67368630350615,1.579404774957041,0.10516079561587427,0.03272484881539151,-0.34445690040946125,0.49253731343278634,0.2999999999997449,14.666666666666666
gbpusd_rsi2_m5_usd500000_smaller_stop_and_time_confirmed_rebound,2017-03-13T10:05:00+00:00,2017-03-13T10:35:00+00:00,14018,signal_exit,0.14582543375060764,0.44526850000185536,False,True,1800,7.152181927436474,1.347789897115862,1.387989740814353,4.074294836354353,-1.428151426316309,0.39705882352939253,0.700000000000145,10.083333333333334
gbpusd_rsi2_m5_usd500000_smaller_stop_and_time_confirmed_rebound,2017-03-13T13:05:00+00:00,2017-03-13T13:15:00+00:00,14054,signal_exit,0.8656291297502371,2.644757500000724,False,True,600,6.819408006700824,1.1672521943834673,1.142281042765549,3.2137534667194356,-1.4673076544031554,0.046875000000308996,0.700000000000145,13.083333333333334
gbpusd_rsi2_m5_usd500000_smaller_stop_and_time_confirmed_rebound,2017-03-14T07:10:00+00:00,2017-03-14T08:10:00+00:00,14268,holding_bars,-5.0231250197996244,-15.24931699999886,False,False,3600,9.1450903947003,1.974244462520523,-1.5220423200751505,-13.798875109276336,-1.444575182354883,0.6225165562915397,0.5999999999994898,7.166666666666667
gbpusd_rsi2_m5_usd500000_smaller_stop_and_time_confirmed_rebound,2017-03-14T08:20:00+00:00,2017-03-14T08:45:00+00:00,14282,signal_exit,0.5443444261510074,1.6510295000030555,False,True,1500,9.744740396545808,1.834436590610731,-2.6336592105580494,-12.826104640841535,-1.0765822892121018,0.7485714285714511,0.3999999999981796,8.333333333333334
gbpusd_rsi2_m5_usd500000_smaller_stop_and_time_confirmed_rebound,2017-03-14T10:05:00+00:00,2017-03-14T10:25:00+00:00,14303,signal_exit,0.049786348500695826,0.15100500000211048,False,True,1200,7.772275714033782,1.3527107179443505,-2.428939486492841,-9.744285358735576,-1.0282888635873506,0.2058823529409972,1.100000000000545,10.083333333333334
gbpusd_rsi2_m5_usd500000_smaller_stop_and_time_confirmed_rebound,2017-03-14T14:10:00+00:00,2017-03-14T14:20:00+00:00,14352,signal_exit,1.1027037924002863,3.3496470000008696,False,True,600,7.266091790012402,1.215853826796303,-1.014503075267382,-3.3148938717496654,0.25192929868803143,0.38202247191009553,0.5000000000010552,14.166666666666666
gbpusd_rsi2_m5_usd500000_smaller_stop_and_time_confirmed_rebound,2017-03-14T14:50:00+00:00,2017-03-14T15:35:00+00:00,14360,signal_exit,3.242392029000416,9.849307500001263,False,True,2700,7.832317136331301,1.2667750151053658,-0.7315574526745456,-2.793105466870796,-0.2671958867894543,0.681818181818113,0.5999999999994898,14.833333333333334
gbpusd_rsi2_m5_usd500000_smaller_stop_and_time_confirmed_rebound,2017-03-15T09:00:00+00:00,2017-03-15T09:05:00+00:00,14569,signal_exit,1.355032410000546,4.143830000001669,False,True,300,7.300248193969818,1.4052051703236244,2.442367640750768,9.393200927248808,0.3333886053115955,0.35211267605646135,0.700000000000145,9.0
gbpusd_rsi2_m5_usd500000_smaller_stop_and_time_confirmed_rebound,2017-03-15T09:40:00+00:00,2017-03-15T10:40:00+00:00,14577,holding_bars,-4.082226158999435,-12.453404999998277,False,False,3600,9.59063961777085,1.676227196332737,2.0433879034967988,2.5354871251957087,-2.80710407126159,0.23456790123446636,0.6000000000017103,9.666666666666666
gbpusd_rsi2_m5_usd500000_smaller_stop_and_time_confirmed_rebound,2017-03-15T11:50:00+00:00,2017-03-15T12:00:00+00:00,14603,signal_exit,0.9664831600008824,2.94659500000269,False,True,600,6.01784135511811,1.0351806384649893,0.29120209263817654,0.8657076375144295,0.19748262810880435,0.3777777777779203,0.3999999999981796,11.833333333333334
gbpusd_rsi2_m5_usd500000_smaller_stop_and_time_confirmed_rebound,2017-03-16T08:00:00+00:00,2017-03-16T08:50:00+00:00,14843,stop,-4.620334310611212,-14.181504943558046,True,False,3000,6.161416621362184,1.1514399052642605,0.8388779386975455,2.2133388949961166,-1.2303825697824968,0.25,0.5999999999994898,8.0
gbpusd_rsi2_m5_usd500000_smaller_stop_and_time_confirmed_rebound,2017-03-16T09:05:00+00:00,2017-03-16T09:15:00+00:00,14856,signal_exit,1.2857991762001173,3.9417510000003593,False,True,600,7.7608659138718314,1.3416897309968163,0.5487344072348913,-0.7513301664466498,-1.8862270052891685,0.2111111111112838,0.700000000000145,9.083333333333334
gbpusd_rsi2_m5_usd500000_smaller_stop_and_time_confirmed_rebound,2017-03-16T14:00:00+00:00,2017-03-16T14:10:00+00:00,14915,signal_exit,1.6316142660010124,5.035846500003125,False,True,600,9.264594448280606,1.2496232882549978,2.6027406308579546,8.146153826499297,-1.6987888888630778,0.18181818181833473,1.0999999999983245,14.0
gbpusd_rsi2_m5_usd500000_smaller_stop_and_time_confirmed_rebound,2017-03-16T15:15:00+00:00,2017-03-16T15:45:00+00:00,14930,signal_exit,-0.15046955499915227,-0.4651299999973795,False,False,1800,7.014188914291194,0.9706637178887647,2.3671534530216456,9.263605862221914,0.6315968653571401,0.36734693877528823,0.700000000000145,15.25
gbpusd_rsi2_m5_usd500000_smaller_stop_and_time_confirmed_rebound,2017-03-17T07:35:00+00:00,2017-03-17T07:45:00+00:00,15121,signal_exit,2.5738390557006934,7.936599000002138,False,True,600,6.5142563127285715,1.52195978923005,0.6306487601733233,-3.6115471111069417,-1.8889392988224898,0.6290322580646317,0.6999999999979245,7.583333333333333
gbpusd_rsi2_m5_usd500000_smaller_stop_and_time_confirmed_rebound,2017-03-17T11:15:00+00:00,2017-03-17T11:20:00+00:00,15165,stop,-5.673908578059968,-17.549980136281988,True,False,300,7.792440553561043,1.4239021255173643,1.554209802343494,1.9429995433449372,-2.3746043427254664,0.3076923076923296,0.700000000000145,11.25
gbpusd_rsi2_m5_usd500000_smaller_stop_and_time_confirmed_rebound,2017-03-17T11:35:00+00:00,2017-03-17T11:45:00+00:00,15169,signal_exit,2.0837389689003865,6.435265500001194,False,True,600,9.784803067738897,1.6618606274467764,1.1353210834650793,-1.0706130850492848,-1.8135276817746684,0.4594594594594919,0.5999999999994898,11.583333333333334
gbpusd_rsi2_m5_usd500000_smaller_stop_and_time_confirmed_rebound,2017-03-17T13:10:00+00:00,2017-03-17T13:45:00+00:00,15188,signal_exit,0.5935204357506939,1.834684500002145,False,True,2100,6.799935302398823,1.146719254707814,0.11923755598056932,0.6295296285332118,0.1394130878495672,0.649999999999889,0.40000000000040004,13.166666666666666
gbpusd_rsi2_m5_usd500000_smaller_stop_and_time_confirmed_rebound,2017-03-17T15:15:00+00:00,2017-03-17T15:25:00+00:00,15213,signal_exit,1.5634328325005868,4.834362500001815,False,True,600,6.204579786691755,1.0211052177157784,0.3212230102423883,0.7532304024391412,-0.8443219997816541,0.24000000000026644,0.700000000000145,15.25
gbpusd_rsi2_m5_usd500000_smaller_stop_and_time_confirmed_rebound,2017-03-20T08:55:00+00:00,2017-03-20T09:05:00+00:00,15418,signal_exit,1.2021910290011246,3.7311950000034906,False,True,600,6.214513530723029,1.4760469915759298,1.6733597795883732,4.362049719150637,-1.7196044468746607,0.30000000000009514,0.5999999999994898,8.916666666666666
gbpusd_rsi2_m5_usd500000_smaller_stop_and_time_confirmed_rebound,2017-03-20T10:20:00+00:00,2017-03-20T10:40:00+00:00,15435,signal_exit,0.9447873193001515,2.93139100000047,False,True,1200,6.250626508440704,1.3844295886221236,1.15051146922774,2.7612625955591694,-1.2056800421304332,0.483146067415621,0.6000000000017103,10.333333333333334
gbpusd_rsi2_m5_usd500000_smaller_stop_and_time_confirmed_rebound,2017-03-20T12:15:00+00:00,2017-03-20T12:30:00+00:00,15458,signal_exit,2.562429414000691,7.933218000002139,False,True,900,7.646260675764242,1.515752373911039,0.45906471029797224,-3.612528803963911,-1.9163645728863994,0.7634408602151436,0.5000000000010552,12.25
gbpusd_rsi2_m5_usd500000_smaller_stop_and_time_confirmed_rebound,2017-03-20T14:50:00+00:00,2017-03-20T15:15:00+00:00,15489,stop,-4.377770026691912,-13.56606763771897,True,False,1500,5.8495710538473995,1.1326744186292805,-0.2131991138683834,-0.6910145798116056,-0.34250466464885765,0.4074074074073465,0.5999999999994898,14.833333333333334
gbpusd_rsi2_m5_usd500000_smaller_stop_and_time_confirmed_rebound,2017-03-20T15:25:00+00:00,2017-03-20T15:55:00+00:00,15496,stop,-4.305481097403422,-13.329662840258269,True,False,1800,5.981823033935372,1.1421567739619483,-0.24132128280394408,-2.926231352961754,-1.8641699335933937,0.27272727272712594,0.10000000000065512,15.416666666666666
gbpusd_rsi2_m5_usd500000_smaller_stop_and_time_confirmed_rebound,2017-03-21T11:35:00+00:00,2017-03-21T12:05:00+00:00,15732,signal_exit,0.6503778900011085,2.027362500003455,False,True,1800,7.930541927105079,1.3164138433108694,3.199780724513808,12.080912627472255,0.04061430400203407,0.23076923076953734,0.7999999999985796,11.583333333333334
gbpusd_rsi2_m5_usd500000_smaller_stop_and_time_confirmed_rebound,2017-03-21T12:25:00+00:00,2017-03-21T12:45:00+00:00,15742,signal_exit,1.7108599742009216,5.328122000002869,False,True,1200,8.262035165071996,1.3103595751871395,2.7731037273177397,8.577987409853153,-1.9364350274344286,0.2941176470586955,0.5999999999994898,12.416666666666666
gbpusd_rsi2_m5_usd500000_smaller_stop_and_time_confirmed_rebound,2017-03-21T15:10:00+00:00,2017-03-21T15:15:00+00:00,15775,signal_exit,2.2559586285002196,7.027908500000684,False,True,300,8.241351265806992,1.2332308525707385,1.8871926476949952,5.762670902024234,-1.7398139856182548,0.09271523178810478,0.8000000000008001,15.166666666666666
gbpusd_rsi2_m5_usd500000_smaller_stop_and_time_confirmed_rebound,2017-03-22T07:20:00+00:00,2017-03-22T07:25:00+00:00,15962,stop,-3.8220327453503304,-11.936392084167176,True,False,300,5.03138314049488,1.194035337284366,0.9042703124901342,3.8974288030531925,0.19594284415932994,0.3437500000003036,0.5999999999994898,7.333333333333333
gbpusd_rsi2_m5_usd500000_smaller_stop_and_time_confirmed_rebound,2017-03-22T07:35:00+00:00,2017-03-22T07:55:00+00:00,15965,stop,-4.158720131491513,-12.979775691296858,True,False,1200,5.503261209791368,1.2769600951306157,0.8677871806244636,2.602311978246551,-0.4328717812541158,0.9242424242422764,0.700000000000145,7.583333333333333
gbpusd_rsi2_m5_usd500000_smaller_stop_and_time_confirmed_rebound,2017-03-22T08:05:00+00:00,2017-03-22T08:15:00+00:00,15971,signal_exit,1.899462800500756,5.926561000002359,False,True,600,5.973584565738206,1.338930350127172,0.8215770885715767,0.840214586157524,-1.2794932125156424,0.46969696969710223,0.8999999999992347,8.083333333333334
gbpusd_rsi2_m5_usd500000_smaller_stop_and_time_confirmed_rebound,2017-03-22T09:05:00+00:00,2017-03-22T09:40:00+00:00,15983,signal_exit,0.6180546435001859,1.9272050000005796,False,True,2100,6.917350195734105,1.4293853369757594,0.43704987944401286,-0.86252125910003,-1.8367846958281089,0.10769230769232346,0.8000000000008001,9.083333333333334
gbpusd_rsi2_m5_usd500000_smaller_stop_and_time_confirmed_rebound,2017-03-22T13:30:00+00:00,2017-03-22T14:05:00+00:00,16036,signal_exit,-0.022793366599742848,-0.0709189999991999,False,False,2100,6.576147249265073,1.211289718110625,-0.7131462784979773,-4.376812301682261,-1.5780433874430568,0.3157894736844873,0.700000000000145,13.5
gbpusd_rsi2_m5_usd500000_smaller_stop_and_time_confirmed_rebound,2017-03-23T07:30:00+00:00,2017-03-23T07:35:00+00:00,16244,stop,-4.218792749747537,-13.18372734296105,True,False,300,5.654757587995776,1.4668507326489038,1.0844359283790563,3.4956813114355945,-0.28332992545962477,0.38636363636364784,0.6000000000017103,7.5
gbpusd_rsi2_m5_usd500000_smaller_stop_and_time_confirmed_rebound,2017-03-23T08:05:00+00:00,2017-03-23T08:10:00+00:00,16251,signal_exit,2.2191109056007208,6.926064000002249,False,True,300,6.077825249421746,1.4943216131490753,0.8845031269523519,-0.200186159630533,-1.3937991514718762,0.4833333333332223,0.700000000000145,8.083333333333334
gbpusd_rsi2_m5_usd500000_smaller_stop_and_time_confirmed_rebound,2017-03-23T09:15:00+00:00,2017-03-23T09:30:00+00:00,16265,signal_exit,2.1252492352508034,6.626907500002505,False,True,900,6.571692401465804,1.481629773590759,0.22553819238049,-2.8389577426805146,-1.8421706421125201,0.3636363636364554,0.1999999999990898,9.25
gbpusd_rsi2_m5_usd500000_smaller_stop_and_time_confirmed_rebound,2017-03-23T11:55:00+00:00,2017-03-23T12:35:00+00:00,16297,signal_exit,-0.7917189104998016,-2.4748949999993797,False,False,2400,7.543305951333519,1.282100322212838,0.8111892572314368,1.926251961673014,-1.2361233750149894,0.6595744680847445,0.6000000000017103,11.916666666666666
gbpusd_rsi2_m5_usd500000_smaller_stop_and_time_confirmed_rebound,2017-03-23T15:45:00+00:00,2017-03-23T15:55:00+00:00,16343,target,3.002762838790965,9.395378093839064,False,True,600,5.685739797811166,0.9623569627337342,0.9853016912159244,2.3779649288233387,-1.5221169346495067,0.44067796610150356,0.700000000000145,15.75
gbpusd_rsi2_m5_usd500000_smaller_stop_and_time_confirmed_rebound,2017-03-24T09:10:00+00:00,2017-03-24T09:45:00+00:00,16549,signal_exit,0.1682564037000928,0.5256370000002899,False,True,2100,6.470237395987642,1.5816070909585016,-0.39268739935304225,-1.151843049567109,-0.05726263564009281,0.5060240963854487,0.6000000000017103,9.166666666666666
gbpusd_rsi2_m5_usd500000_smaller_stop_and_time_confirmed_rebound,2017-03-24T12:45:00+00:00,2017-03-24T13:15:00+00:00,16592,stop,-3.7697504588546282,-11.769436337354442,True,False,1800,4.997982848077426,1.1261717343808766,-0.22046497440466212,-2.144793968367282,-1.5740127598358487,0.46666666666620615,0.5000000000010552,12.75
gbpusd_rsi2_m5_usd500000_smaller_stop_and_time_confirmed_rebound,2017-03-24T14:05:00+00:00,2017-03-24T14:25:00+00:00,16608,signal_exit,1.835371774501048,5.726589000003269,False,True,1200,5.989672896909842,1.2723783893532985,-0.5412930111198518,-3.6579794549168847,-1.4881832505092563,0.140845070422522,0.700000000000145,14.083333333333334
gbpusd_rsi2_m5_usd500000_smaller_stop_and_time_confirmed_rebound,2017-03-27T13:05:00+00:00,2017-03-27T13:15:00+00:00,16872,signal_exit,1.9411259028004597,6.117636000001449,False,True,600,5.298097588236029,1.0439237041653064,2.582546987010108,10.152247320884214,0.31743382082722105,0.2972972972968594,0.6000000000017103,13.083333333333334
gbpusd_rsi2_m5_usd500000_smaller_stop_and_time_confirmed_rebound,2017-03-27T14:00:00+00:00,2017-03-27T14:25:00+00:00,16883,stop,-4.415399368379462,-13.906769664187282,True,False,1500,6.212903283709715,1.1773282625403116,2.4380537525646293,6.912388303888962,-1.8729875927063733,0.5000000000005843,0.1999999999990898,14.0
gbpusd_rsi2_m5_usd500000_smaller_stop_and_time_confirmed_rebound,2017-03-27T14:40:00+00:00,2017-03-27T15:15:00+00:00,16891,signal_exit,2.7410237370007264,8.619571500002284,False,True,2100,7.414465008082742,1.3364949598647726,1.8599497688302304,2.740842652942295,-1.7979851279345498,0.6666666666667616,0.40000000000040004,14.666666666666666
gbpusd_rsi2_m5_usd500000_smaller_stop_and_time_confirmed_rebound,2017-03-28T09:55:00+00:00,2017-03-28T10:15:00+00:00,17116,signal_exit,0.4837470502007637,1.5202610000024,False,True,1200,7.220819329594432,1.5271314132830311,0.8697725964793693,-0.3338074330251757,-1.9868573487924954,0.5000000000002643,0.5999999999994898,9.916666666666666
gbpusd_rsi2_m5_usd500000_smaller_stop_and_time_confirmed_rebound,2017-03-28T13:30:00+00:00,2017-03-28T13:45:00+00:00,17159,signal_exit,0.9944608356005672,3.12134600000178,False,True,900,6.162464526518467,1.2072619619701934,-0.5123642719299457,-2.82186279738076,-1.46325431128823,0.439393939393868,0.5999999999994898,13.5
gbpusd_rsi2_m5_usd500000_smaller_stop_and_time_confirmed_rebound,2017-03-28T14:20:00+00:00,2017-03-28T14:55:00+00:00,17169,signal_exit,1.3464763222507414,4.222252500002325,False,True,2100,7.021284549664791,1.3099508964918978,-0.5974912192628762,-4.867025990385916,-1.9413605116162596,0.46551724137927736,0.4999999999988347,14.333333333333334
gbpusd_rsi2_m5_usd500000_smaller_stop_and_time_confirmed_rebound,2017-03-28T15:20:00+00:00,2017-03-28T16:00:00+00:00,17181,stop,-6.3553411971453615,-19.891521743803946,True,False,2400,9.008107155652034,1.5343150164130974,-0.9659180945656557,-7.724851297858656,-1.9292239091220007,0.16666666666650218,0.6000000000017103,15.333333333333334
gbpusd_rsi2_m5_usd500000_smaller_stop_and_time_confirmed_rebound,2017-03-29T07:40:00+00:00,2017-03-29T07:55:00+00:00,17370,signal_exit,2.460408979600772,7.6315415000023945,False,True,900,7.5317305656039695,1.3788539873014787,-2.147101470235177,-7.407023340741977,0.4001589236578314,0.46153846153857414,0.700000000000145,7.666666666666667
gbpusd_rsi2_m5_usd500000_smaller_stop_and_time_confirmed_rebound,2017-03-29T09:25:00+00:00,2017-03-29T10:00:00+00:00,17391,signal_exit,-1.887347424499109,-5.870442999997229,False,False,2100,8.693214590047619,1.4071726555284216,-0.6840016220658701,-0.3738684066016575,0.7064542729872432,0.20512820512835112,0.5999999999994898,9.416666666666666
gbpusd_rsi2_m5_usd500000_smaller_stop_and_time_confirmed_rebound,2017-03-29T10:50:00+00:00,2017-03-29T11:00:00+00:00,17408,target,3.70867111769289,11.528352868178084,False,True,600,6.699352411422306,1.077592177258861,-0.17295427038772382,-1.7717983696567134,-1.0263549396659046,0.17241379310387073,0.5999999999994898,10.833333333333334
gbpusd_rsi2_m5_usd500000_smaller_stop_and_time_confirmed_rebound,2017-03-29T12:35:00+00:00,2017-03-29T13:20:00+00:00,17429,stop,-7.462540260353252,-23.19720317175397,True,False,2700,10.71403682716777,1.494108968819636,0.19236919303166677,-1.7744254464248324,-1.5947097136670851,0.5142857142857279,0.4999999999988347,12.583333333333334
gbpusd_rsi2_m5_usd500000_smaller_stop_and_time_confirmed_rebound,2017-03-29T13:30:00+00:00,2017-03-29T13:40:00+00:00,17440,signal_exit,2.1358256129508066,6.630939500002504,False,True,600,9.430164618033247,1.2943890736677623,-0.14112532428991167,-3.625997950223003,-1.1154245290100857,0.831460674157208,0.5999999999994898,13.5
gbpusd_rsi2_m5_usd500000_smaller_stop_and_time_confirmed_rebound,2017-03-29T15:05:00+00:00,2017-03-29T15:40:00+00:00,17459,stop,-6.937860562701154,-21.55284424573207,True,False,2100,9.892028093849182,1.2900629060876798,-0.4342914822316856,-1.8348054224778696,-0.537385165433081,0.8148148148147478,0.5000000000010552,15.083333333333334
gbpusd_rsi2_m5_usd500000_smaller_stop_and_time_confirmed_rebound,2017-03-29T15:50:00+00:00,2017-03-29T16:50:00+00:00,17468,holding_bars,-0.15096274159987105,-0.46839199999959985,False,False,3600,9.2895135157748,1.2018831767761908,-0.3929773812432727,-3.6813630722497233,-1.9419763194210784,0.5955056179776487,0.2999999999997449,15.833333333333334
gbpusd_rsi2_m5_usd500000_smaller_stop_and_time_confirmed_rebound,2017-03-30T07:45:00+00:00,2017-03-30T08:10:00+00:00,17654,stop,-4.012113536626239,-12.459979927410679,True,False,1500,5.245615310242156,1.270583523638399,-0.4259927537031709,-4.772449959728253,-1.8738917804044004,0.1956521739128231,0.700000000000145,7.75
gbpusd_rsi2_m5_usd500000_smaller_stop_and_time_confirmed_rebound,2017-03-30T12:50:00+00:00,2017-03-30T12:55:00+00:00,17715,signal_exit,1.2287721105006177,3.827950500001924,False,True,300,7.003906331195225,1.3128138620257594,1.155138878548471,2.9475794058075624,-1.443753276935935,0.5961538461538215,0.5999999999994898,12.833333333333334
gbpusd_rsi2_m5_usd500000_smaller_stop_and_time_confirmed_rebound,2017-03-31T07:00:00+00:00,2017-03-31T07:00:00+00:00,17927,stop,-4.990922752400428,-15.552891095046517,True,False,0,6.74059896848857,1.2965835495699833,-0.06250796153196612,-3.1861384525339322,-1.463536811895062,0.6836734693879424,0.7999999999985796,7.0
gbpusd_rsi2_m5_usd500000_smaller_stop_and_time_confirmed_rebound,2017-03-31T08:55:00+00:00,2017-03-31T09:05:00+00:00,17950,signal_exit,1.7751069466006293,5.528206000001959,False,True,600,8.066626672371955,1.3923579052214212,-0.613850954953408,-3.8446574941092613,-1.3666511450720817,0.695238095238212,0.7999999999985796,8.916666666666666
gbpusd_rsi2_m5_usd500000_smaller_stop_and_time_confirmed_rebound,2017-03-31T10:05:00+00:00,2017-03-31T10:20:00+00:00,17964,signal_exit,2.4519292635000562,7.628902500000176,False,True,900,7.738097433040106,1.2810103566005766,-0.6344180670061157,-5.08491961646889,-1.7461067800035295,0.36111111111109395,0.8000000000008001,10.083333333333334
gbpusd_rsi2_m5_usd500000_smaller_stop_and_time_confirmed_rebound,2017-04-03T07:10:00+00:00,2017-04-03T07:15:00+00:00,18206,stop,-3.70708367385579,-11.620951955660784,True,False,300,4.821980997165922,1.0821116734620906,0.8598210110167289,1.0404384585535014,-1.3849668211646826,0.391304347826031,0.700000000000145,7.166666666666667
gbpusd_rsi2_m5_usd500000_smaller_stop_and_time_confirmed_rebound,2017-04-03T07:25:00+00:00,2017-04-03T07:45:00+00:00,18209,signal_exit,0.8369685068509398,2.6229035000029453,False,True,1200,5.561440324625688,1.2130102710921415,0.6794253402628501,-0.16095410355580406,-1.5960674611371768,0.4516129032260144,0.4999999999988347,7.416666666666667
gbpusd_rsi2_m5_usd500000_smaller_stop_and_time_confirmed_rebound,2017-04-03T08:40:00+00:00,2017-04-03T09:00:00+00:00,18224,stop,-5.453016834431531,-17.06200511399102,True,False,1200,7.643369324923755,1.5083112462357386,0.005200052715033273,-3.3005951630058368,-2.4533208492180183,0.32876712328774205,0.4999999999988347,8.666666666666666
gbpusd_rsi2_m5_usd500000_smaller_stop_and_time_confirmed_rebound,2017-04-03T09:10:00+00:00,2017-04-03T09:40:00+00:00,18230,signal_exit,0.039839415500674685,0.12461500000211037,False,True,1800,8.808104821846316,1.6308809765986139,-0.29212255207527543,-4.181955516555528,-1.443204198915255,0.757009345794439,0.700000000000145,9.166666666666666
gbpusd_rsi2_m5_usd500000_smaller_stop_and_time_confirmed_rebound,2017-04-03T10:50:00+00:00,2017-04-03T11:35:00+00:00,18250,signal_exit,1.0636406284009885,3.32491600000309,False,True,2700,8.324815578218933,1.4204038696958896,-0.6882867776555719,-4.320813129501907,-1.000489983975302,0.7356321839080783,0.700000000000145,10.833333333333334
gbpusd_rsi2_m5_usd500000_smaller_stop_and_time_confirmed_rebound,2017-04-03T15:10:00+00:00,2017-04-03T15:40:00+00:00,18302,signal_exit,-0.7604397629988799,-2.373407499996504,False,False,1800,9.166340680199914,1.436456318386784,-0.6148478658854492,-5.586197549890897,-2.1495843908725583,0.2650602409636846,0.5999999999994898,15.166666666666666
gbpusd_rsi2_m5_usd500000_smaller_stop_and_time_confirmed_rebound,2017-04-04T10:55:00+00:00,2017-04-04T11:05:00+00:00,18527,stop,-4.5328698085834755,-14.112297037931118,True,False,600,6.170686242984896,1.139514084965358,-0.7231077965126405,-3.4109505371854714,-1.2325222607593012,0.13333333333348135,0.5000000000010552,10.916666666666666
gbpusd_rsi2_m5_usd500000_smaller_stop_and_time_confirmed_rebound,2017-04-04T11:20:00+00:00,2017-04-04T12:05:00+00:00,18532,signal_exit,-0.8583478741995081,-2.6706529999984694,False,False,2700,5.948678949278154,1.0980548097446998,-0.7171188510129817,-4.975048125503984,-1.5844565034396099,0.7799999999995204,0.700000000000145,11.333333333333334
gbpusd_rsi2_m5_usd500000_smaller_stop_and_time_confirmed_rebound,2017-04-04T13:00:00+00:00,2017-04-04T13:15:00+00:00,18552,signal_exit,2.003401893600677,6.229483500002106,False,True,900,5.890264407378606,1.0786303131211186,-1.131423101061339,-5.161938745851142,-1.5819483524223634,0.12500000000013012,0.5999999999994898,13.0
gbpusd_rsi2_m5_usd500000_smaller_stop_and_time_confirmed_rebound,2017-04-04T14:00:00+00:00,2017-04-04T14:20:00+00:00,18564,signal_exit,0.13763757260059598,0.4285105000018554,False,True,1200,6.932109411730316,1.2115045306883139,-0.7310695947013426,-1.9057644099002322,0.48738194723732414,0.061224489795881375,1.4999999999987246,14.0
gbpusd_rsi2_m5_usd500000_smaller_stop_and_time_confirmed_rebound,2017-04-04T15:45:00+00:00,2017-04-04T16:30:00+00:00,18585,signal_exit,-2.1438916291993664,-6.670477999998028,False,False,2700,7.765057976034829,1.2778037126898205,-0.3480033895985327,-3.109295878778679,-1.7814382296343219,0.688888888888867,0.40000000000040004,15.75
gbpusd_rsi2_m5_usd500000_smaller_stop_and_time_confirmed_rebound,2017-04-05T07:50:00+00:00,2017-04-05T08:05:00+00:00,18772,signal_exit,0.2664790073007248,0.8291195000022552,False,True,900,4.806470372520932,1.3831435344501348,-0.4403161329370462,-1.3700877068501573,0.35755127384462926,0.6071428571427439,0.700000000000145,7.833333333333333
gbpusd_rsi2_m5_usd500000_smaller_stop_and_time_confirmed_rebound,2017-04-05T12:25:00+00:00,2017-04-05T13:25:00+00:00,18827,holding_bars,-4.412905565399331,-13.773113499997912,False,False,3600,7.270432205628474,1.4168597876158675,1.26386009636565,4.19528578038384,-0.44037815867645297,0.40816326530608543,0.5999999999994898,12.416666666666666
gbpusd_rsi2_m5_usd500000_smaller_stop_and_time_confirmed_rebound,2017-04-05T13:30:00+00:00,2017-04-05T13:40:00+00:00,18840,signal_exit,0.9704489865003605,3.0269775000011245,False,True,600,6.390833279467171,1.2140831951301538,1.0644424641008947,1.7982330219511566,-1.3990062625596766,0.5238095238091461,0.6000000000017103,13.5
gbpusd_rsi2_m5_usd500000_smaller_stop_and_time_confirmed_rebound,2017-04-05T15:05:00+00:00,2017-04-05T16:00:00+00:00,18859,signal_exit,1.0653338150002785,3.326050000000869,False,True,3300,6.947385374281273,1.2471657618999452,0.801024959448274,3.399217621875683,0.15006660675959968,0.7333333333333728,0.2999999999997449,15.083333333333334
gbpusd_rsi2_m5_usd500000_smaller_stop_and_time_confirmed_rebound,2017-04-06T07:15:00+00:00,2017-04-06T07:20:00+00:00,19048,target,2.491023782400539,7.774730906368722,False,True,300,4.874285303168656,1.195211715828232,0.34369496265726296,-0.6638306209241719,-2.203140842044832,0.1999999999999065,0.700000000000145,7.25
gbpusd_rsi2_m5_usd500000_smaller_stop_and_time_confirmed_rebound,2017-04-06T08:45:00+00:00,2017-04-06T09:05:00+00:00,19066,signal_exit,1.1632547455509092,3.627236500002835,False,True,1200,6.9295885612801005,1.5112207178969514,-0.036203262558611025,-3.399130222385563,-1.6566085606180414,0.41176470588216857,0.5999999999994898,8.75
gbpusd_rsi2_m5_usd500000_smaller_stop_and_time_confirmed_rebound,2017-04-06T10:50:00+00:00,2017-04-06T11:20:00+00:00,19091,signal_exit,1.356690911650746,4.227768500002324,False,True,1800,6.294673115779027,1.2864750352642362,-0.3540724177820198,-4.394249222074574,-2.2477832107908577,0.2499999999998458,0.5000000000010552,10.833333333333334
gbpusd_rsi2_m5_usd500000_smaller_stop_and_time_confirmed_rebound,2017-04-06T15:30:00+00:00,2017-04-06T16:20:00+00:00,19147,stop,-4.409759109339112,-13.771889785568744,True,False,3000,5.899143112793748,1.128150009465378,0.37109119761606374,1.7987112847365456,-0.011453458476422203,0.6666666666666666,0.700000000000145,15.5
gbpusd_rsi2_m5_usd500000_smaller_stop_and_time_confirmed_rebound,2017-04-07T07:00:00+00:00,2017-04-07T07:10:00+00:00,19318,stop,-3.199905825283131,-9.977879093492769,True,False,600,4.152781894113588,1.1761565318448708,-0.020090354470055197,-1.056874092822313,-0.9262870388730592,0.9508196721308253,0.40000000000040004,7.0
gbpusd_rsi2_m5_usd500000_smaller_stop_and_time_confirmed_rebound,2017-04-07T08:40:00+00:00,2017-04-07T09:35:00+00:00,19338,stop,-5.747445094102012,-17.87696763328775,True,False,3300,7.903479438425149,1.77396569523223,-0.5417593153178194,-6.933004733048212,-2.516591679060526,0.21621621621614323,0.8000000000008001,8.666666666666666
gbpusd_rsi2_m5_usd500000_smaller_stop_and_time_confirmed_rebound,2017-04-07T10:15:00+00:00,2017-04-07T11:00:00+00:00,19357,signal_exit,-0.08680329739944961,-0.26974299999828966,False,False,2700,7.641439205124451,1.5390538479107516,-1.4362062985456283,-7.378400688121386,-1.1722744102623075,0.3904761904762126,0.2999999999997449,10.25
gbpusd_rsi2_m5_usd500000_smaller_stop_and_time_confirmed_rebound,2017-04-07T11:35:00+00:00,2017-04-07T11:45:00+00:00,19373,signal_exit,0.5572847560004798,1.73069800000149,False,True,600,6.611837872015675,1.2753509472301183,-1.7650923472340676,-7.336758893106243,-0.7253461166949394,0.44000000000026646,0.700000000000145,11.583333333333334
gbpusd_rsi2_m5_usd500000_smaller_stop_and_time_confirmed_rebound,2017-04-07T13:00:00+00:00,2017-04-07T13:55:00+00:00,19390,signal_exit,-1.6661327331990599,-5.167905499997083,False,False,3300,12.495262103150976,1.9626926091945558,-1.2392428780035964,-7.724601811394282,-1.977410749605552,0.2702702702702541,0.5999999999994898,13.0
gbpusd_rsi2_m5_usd500000_smaller_stop_and_time_confirmed_rebound,2017-04-07T15:50:00+00:00,2017-04-07T16:05:00+00:00,19424,signal_exit,0.9455812875001515,2.93203500000047,False,True,900,7.538951665165803,1.1241485998095007,-1.439100584507164,-5.624350039881946,-0.5493085869913696,0.8823529411769572,0.700000000000145,15.833333333333334
gbpusd_rsi2_m5_usd500000_smaller_stop_and_time_confirmed_rebound,2017-04-10T07:30:00+00:00,2017-04-10T07:35:00+00:00,19599,target,1.6624879216041197,5.1518063886089855,False,True,300,3.4596760329651923,0.9678407068048205,-0.07520800482989398,-0.27371905495733423,-0.13331536861395102,0.4893617021275892,0.5000000000010552,7.5
gbpusd_rsi2_m5_usd500000_smaller_stop_and_time_confirmed_rebound,2017-04-10T09:15:00+00:00,2017-04-10T10:00:00+00:00,19620,signal_exit,0.042644497500680584,0.13223100000211033,False,True,2700,4.180647075201749,1.104974494779905,0.375477090957554,0.8589474282681344,-1.1959329091901725,0.35714285714274385,0.5000000000010552,9.25
gbpusd_rsi2_m5_usd500000_smaller_stop_and_time_confirmed_rebound,2017-04-10T10:30:00+00:00,2017-04-10T10:45:00+00:00,19635,signal_exit,1.106875308750492,3.4321715000015254,False,True,900,4.2826926293665615,1.1122527714292307,0.2495825122688662,0.4576826812610793,-0.4667959005325391,0.22000000000003553,0.7999999999985796,10.5
gbpusd_rsi2_m5_usd500000_smaller_stop_and_time_confirmed_rebound,2017-04-10T12:05:00+00:00,2017-04-10T12:40:00+00:00,19654,signal_exit,1.3003459612510433,4.032080500003235,False,True,2100,4.301709753138888,1.0937539802345895,0.3453493694092233,0.39293527838464914,-1.2179123906993472,0.05714285714290246,0.7999999999985796,12.083333333333334
gbpusd_rsi2_m5_usd500000_smaller_stop_and_time_confirmed_rebound,2017-04-10T14:35:00+00:00,2017-04-10T14:50:00+00:00,19684,signal_exit,2.104299154800596,6.53103400000185,False,True,900,4.885911795089778,1.1860920148815266,0.7864308665650789,3.0295668375649094,-0.12579551505899647,0.2909090909093552,0.2999999999997449,14.583333333333334
gbpusd_rsi2_m5_usd500000_smaller_stop_and_time_confirmed_rebound,2017-04-10T15:50:00+00:00,2017-04-10T16:50:00+00:00,19699,holding_bars,-0.18331351964936735,-0.5694734999980345,False,False,3600,4.704638716787949,1.121318983733578,1.1494108328025243,4.706916893809653,0.3844038538772913,0.7916666666670714,0.5999999999994898,15.833333333333334
gbpusd_rsi2_m5_usd500000_smaller_stop_and_time_confirmed_rebound,2017-04-11T08:05:00+00:00,2017-04-11T08:25:00+00:00,19889,target,2.7853687195143424,8.644843946351155,False,True,1200,5.206847462836425,1.4337649141634143,-0.1807174998708319,-2.4244803179580763,-1.4800354059449883,0.8372093023255214,0.5000000000010552,8.083333333333334
gbpusd_rsi2_m5_usd500000_smaller_stop_and_time_confirmed_rebound,2017-04-11T09:20:00+00:00,2017-04-11T09:45:00+00:00,19904,signal_exit,0.9763016881510775,3.031051500003345,False,True,1500,7.437055691300049,1.697044881895015,-0.07242820524042141,-1.1413364199026907,-0.4742377192540835,0.1276595744679846,0.5999999999994898,9.333333333333334
gbpusd_rsi2_m5_usd500000_smaller_stop_and_time_confirmed_rebound,2017-04-12T08:10:00+00:00,2017-04-12T08:15:00+00:00,20167,target,2.1218429262665834,6.630759144583073,False,True,300,4.30275191860767,1.2521683140893443,0.9891601634829646,3.884665902397258,0.10349818779344017,0.3548387096771998,0.700000000000145,8.166666666666666
gbpusd_rsi2_m5_usd500000_smaller_stop_and_time_confirmed_rebound,2017-04-12T10:10:00+00:00,2017-04-12T11:00:00+00:00,20191,signal_exit,1.928720136750965,6.025367500003014,False,True,3000,6.63113504705915,1.5433310309662738,1.046649811869212,1.850649689123295,-2.2484514728942724,0.042105263157936564,0.2999999999997449,10.166666666666666
gbpusd_rsi2_m5_usd500000_smaller_stop_and_time_confirmed_rebound,2017-04-12T12:35:00+00:00,2017-04-12T13:10:00+00:00,20220,signal_exit,-0.7916539707990912,-2.474691999997159,False,False,2100,4.879649226973919,1.0982147355558762,0.6289615071663831,2.1932106745726023,-1.0945002820909402,0.23076923076942785,0.4999999999988347,12.583333333333334
gbpusd_rsi2_m5_usd500000_smaller_stop_and_time_confirmed_rebound,2017-04-13T07:05:00+00:00,2017-04-13T07:15:00+00:00,20439,signal_exit,0.7396388208003122,2.32152800000098,False,True,600,5.24097519429516,1.1545455502335125,1.1637291543803983,1.7648165693643647,-1.5576905077338117,0.47499999999997916,0.700000000000145,7.083333333333333
gbpusd_rsi2_m5_usd500000_smaller_stop_and_time_confirmed_rebound,2017-04-13T08:40:00+00:00,2017-04-13T09:00:00+00:00,20458,signal_exit,0.6762023624006024,2.12175200000189,False,True,1200,5.798550197443339,1.2218005377851653,0.6418589118593511,0.5583301027582972,-1.8976215495555049,0.22580645161292634,0.40000000000040004,8.666666666666666
gbpusd_rsi2_m5_usd500000_smaller_stop_and_time_confirmed_rebound,2017-04-13T09:45:00+00:00,2017-04-13T10:10:00+00:00,20471,signal_exit,1.2184582226006138,3.822014500001925,False,True,1500,6.027725652178806,1.230721407955347,0.3600852252816884,-0.5125660629777095,-1.2730648166191556,0.7692307692306378,0.5000000000010552,9.75
gbpusd_rsi2_m5_usd500000_smaller_stop_and_time_confirmed_rebound,2017-04-13T10:45:00+00:00,2017-04-13T11:00:00+00:00,20483,signal_exit,0.6127705808008928,1.9221160000028001,False,True,900,5.404690739016679,1.1039881575773187,0.06237072761200159,-0.645687396980116,-0.765669040772296,0.5,0.7999999999985796,10.75
gbpusd_rsi2_m5_usd500000_smaller_stop_and_time_confirmed_rebound,2017-04-13T11:55:00+00:00,2017-04-13T12:05:00+00:00,20497,signal_exit,1.7309773908004165,5.4228615000013045,False,True,600,5.283434664865045,1.0755092917378966,-0.19215539625330577,-2.9826480495104786,-1.936729712558551,0.2835820895524614,0.700000000000145,11.916666666666666
gbpusd_rsi2_m5_usd500000_smaller_stop_and_time_confirmed_rebound,2017-04-13T13:55:00+00:00,2017-04-13T14:20:00+00:00,20521,signal_exit,0.5827509067506854,1.823946500002145,False,True,1500,5.656957714989208,1.1192306669132481,-0.5621967394522157,-5.067087979474478,-2.0107947637351304,0.33333333333355764,0.7999999999985796,13.916666666666666
gbpusd_rsi2_m5_usd500000_smaller_stop_and_time_confirmed_rebound,2017-04-14T15:40:00+00:00,2017-04-14T16:15:00+00:00,20815,signal_exit,-0.9819003762996392,-3.0770929999988694,False,False,2100,3.0676158428689995,0.7845668776325158,0.8164351646121548,3.129996755066048,0.052570129103602585,0.5999999999995559,1.80000000000069,15.666666666666666
gbpusd_rsi2_m5_usd500000_smaller_stop_and_time_confirmed_rebound,2017-04-17T08:35:00+00:00,2017-04-17T08:55:00+00:00,20995,target,1.3100243646821796,4.106659450414356,False,True,1200,3.142103448827838,1.1634826904219697,0.49421952692056714,0.26607774979477544,-1.8148214198865193,0.25999999999984014,0.9000000000014552,8.583333333333334
gbpusd_rsi2_m5_usd500000_smaller_stop_and_time_confirmed_rebound,2017-04-17T10:30:00+00:00,2017-04-17T10:55:00+00:00,21018,signal_exit,-0.15238417409987248,-0.47814299999959986,False,False,1500,3.175385583143693,1.1242273823519002,0.8067502496248283,3.3092958833737316,-0.17256926180506238,0.05882352941214886,0.8000000000008001,10.5
gbpusd_rsi2_m5_usd500000_smaller_stop_and_time_confirmed_rebound,2017-04-17T15:35:00+00:00,2017-04-17T16:35:00+00:00,21079,holding_bars,-1.423194183999733,-4.481089999999159,False,False,3600,4.728822853372702,1.3337657719256788,2.554705438333857,11.241513565059018,0.563688796862038,0.4363636363638052,0.700000000000145,15.583333333333334
gbpusd_rsi2_m5_usd500000_smaller_stop_and_time_confirmed_rebound,2017-04-18T07:40:00+00:00,2017-04-18T07:45:00+00:00,21258,target,2.8143408669126817,8.858485574166451,False,True,300,5.369874232680014,1.3968387317886541,0.9607198277138697,4.727729627185806,0.44764581671485665,0.45999999999975133,0.5999999999994898,7.666666666666667
gbpusd_rsi2_m5_usd500000_smaller_stop_and_time_confirmed_rebound,2017-04-18T08:35:00+00:00,2017-04-18T09:00:00+00:00,21269,stop,-4.381622640243058,-13.80038626848207,True,False,1500,6.059671222734606,1.4471860488109607,1.3832806914169384,5.583444462632008,-0.038428488613372364,0.04347826086937633,0.40000000000040004,8.583333333333334
gbpusd_rsi2_m5_usd500000_smaller_stop_and_time_confirmed_rebound,2017-04-18T09:20:00+00:00,2017-04-18T09:55:00+00:00,21278,target,6.879239603426,21.558256356709496,False,True,2100,11.86812331267072,2.233423348768385,0.681203039139202,-7.1502826524392065,-2.198600288398906,0.4843749999999548,0.9000000000014552,9.333333333333334
gbpusd_rsi2_m5_usd500000_smaller_stop_and_time_confirmed_rebound,2017-04-19T08:00:00+00:00,2017-04-19T08:40:00+00:00,21544,signal_exit,0.6554924630005893,2.10228500000189,False,True,2400,8.381981850279177,1.4336394434228439,1.253706797978656,3.673455150924325,-0.7464657019029658,0.42045454545452826,0.6000000000017103,8.0
gbpusd_rsi2_m5_usd500000_smaller_stop_and_time_confirmed_rebound,2017-04-19T09:25:00+00:00,2017-04-19T09:30:00+00:00,21561,signal_exit,1.2171860072001122,3.9024880000003592,False,True,300,8.00406219000926,1.297196516770759,0.8857410659200948,2.3452122733921383,-0.4797450405279455,0.8571428571434614,0.5999999999994898,9.416666666666666
gbpusd_rsi2_m5_usd500000_smaller_stop_and_time_confirmed_rebound,2017-04-19T12:35:00+00:00,2017-04-19T12:50:00+00:00,21599,stop,-4.708819818610346,-15.131169082938127,True,False,900,6.616199108437562,1.0478632169077888,1.3247654976191472,4.764276295420741,-0.5784680432653388,0.1971830985912806,0.6000000000017103,12.583333333333334
gbpusd_rsi2_m5_usd500000_smaller_stop_and_time_confirmed_rebound,2017-04-19T13:35:00+00:00,2017-04-19T14:10:00+00:00,21611,stop,-4.829268962900798,-15.493323589672114,True,False,2100,6.947940722762211,1.0835107166288696,1.0494007384259791,1.4371737593424807,-1.664094878250204,0.14705882352939256,0.2999999999997449,13.583333333333334
gbpusd_rsi2_m5_usd500000_smaller_stop_and_time_confirmed_rebound,2017-04-19T15:30:00+00:00,2017-04-19T15:40:00+00:00,21634,stop,-5.391632082158673,-17.27533509182529,True,False,600,7.789579681202234,1.1396992930303427,-0.004726846169020362,-1.1645298287786245,-1.2922226710857714,0.2592592592593202,0.40000000000040004,15.5
gbpusd_rsi2_m5_usd500000_smaller_stop_and_time_confirmed_rebound,2017-04-19T15:50:00+00:00,2017-04-19T16:15:00+00:00,21638,signal_exit,1.5018737271005673,4.8044585000018145,False,True,1500,8.932486080664887,1.266095291319299,-0.16373818752961283,-3.8989730880231823,-2.313299187725411,0.5599999999997987,0.700000000000145,15.833333333333334
gbpusd_rsi2_m5_usd500000_smaller_stop_and_time_confirmed_rebound,2017-04-20T10:20:00+00:00,2017-04-20T10:35:00+00:00,21854,stop,-4.16535156065478,-13.359049264447656,True,False,900,5.730892213452643,1.2048167970506156,1.483041464334251,3.3939797273312067,-1.73859969303462,0.3442622950820388,0.5999999999994898,10.333333333333334
gbpusd_rsi2_m5_usd500000_smaller_stop_and_time_confirmed_rebound,2017-04-20T10:50:00+00:00,2017-04-20T11:00:00+00:00,21860,stop,-4.340612024189189,-13.912218026247398,True,False,600,5.9578817889871445,1.2279018551919259,1.1451382350726507,0.872938596838149,-1.5658413401256854,0.8070175438595397,0.700000000000145,10.833333333333334
gbpusd_rsi2_m5_usd500000_smaller_stop_and_time_confirmed_rebound,2017-04-20T11:10:00+00:00,2017-04-20T11:45:00+00:00,21864,signal_exit,-0.1549073582991816,-0.49602099999737936,False,False,2100,6.94722151643222,1.3759506520158518,0.8152052332567273,-1.5795490071552263,-1.6770894841627224,0.7878787878787776,0.1999999999990898,11.166666666666666
gbpusd_rsi2_m5_usd500000_smaller_stop_and_time_confirmed_rebound,2017-04-20T12:50:00+00:00,2017-04-20T12:55:00+00:00,21884,signal_exit,1.8749584768509413,6.003709500003014,False,True,300,5.843374840538675,1.140429702050064,-0.30382123577531184,-1.2115335335776198,0.022833071450396356,0.591836734694007,0.3999999999981796,12.833333333333334
gbpusd_rsi2_m5_usd500000_smaller_stop_and_time_confirmed_rebound,2017-04-20T15:30:00+00:00,2017-04-20T15:35:00+00:00,21916,target,3.8653036760108743,12.404697291434129,False,True,300,7.051617452326675,1.2164174943985346,0.5825748738450992,3.446223805815057,0.5811599868232544,0.5208333333330056,0.40000000000040004,15.5
gbpusd_rsi2_m5_usd500000_smaller_stop_and_time_confirmed_rebound,2017-04-21T08:30:00+00:00,2017-04-21T08:30:00+00:00,22115,stop,-5.5202471355631415,-17.68176532851743,True,False,0,7.192938417104635,1.6893669540903604,0.4520279209978689,-0.6995631445733173,-1.8002004475737927,0.08411214953262883,1.9999999999997797,8.5
gbpusd_rsi2_m5_usd500000_smaller_stop_and_time_confirmed_rebound,2017-04-21T08:45:00+00:00,2017-04-21T08:50:00+00:00,22118,target,4.726424378557685,15.119719701080246,False,True,300,8.407793623315815,1.8486969862553748,0.27686062426918645,-3.8403590844991715,-1.8360997127154173,0.6184210526316443,0.40000000000040004,8.75
gbpusd_rsi2_m5_usd500000_smaller_stop_and_time_confirmed_rebound,2017-04-21T09:20:00+00:00,2017-04-21T09:30:00+00:00,22125,signal_exit,1.125864451800192,3.603919500000614,False,True,600,7.982234793230456,1.6805297651867617,0.038355210144260035,-1.762944040400155,-0.6358904600794977,0.3589743589741473,0.6000000000017103,9.333333333333334
gbpusd_rsi2_m5_usd500000_smaller_stop_and_time_confirmed_rebound,2017-04-21T10:10:00+00:00,2017-04-21T10:45:00+00:00,22135,signal_exit,0.5328739026004659,1.70465100000149,False,True,2100,7.113479972785133,1.4529954934338458,-0.3934614538364721,-3.395362002696695,-1.1816059013972706,0.5660377358490803,0.20000000000131024,10.166666666666666
gbpusd_rsi2_m5_usd500000_smaller_stop_and_time_confirmed_rebound,2017-04-21T11:25:00+00:00,2017-04-21T11:45:00+00:00,22150,target,3.3191640460346092,10.607747031110927,False,True,1200,6.201245309139768,1.2465776122973018,-0.716702070172755,-5.47639446139104,-1.885013813907759,0.6666666666668312,0.4999999999988347,11.416666666666666
gbpusd_rsi2_m5_usd500000_smaller_stop_and_time_confirmed_rebound,2017-04-21T12:10:00+00:00,2017-04-21T12:30:00+00:00,22159,signal_exit,3.8841800532501667,12.405557500000533,False,True,1200,8.109929133568802,1.5107423973983758,-0.9263482858278758,-5.63506082210195,-1.4209348691959571,0.5603448275862168,0.5000000000010552,12.166666666666666
gbpusd_rsi2_m5_usd500000_smaller_stop_and_time_confirmed_rebound,2017-04-21T15:05:00+00:00,2017-04-21T15:35:00+00:00,22194,signal_exit,1.7851780443003282,5.705267000001048,False,True,1800,6.697915959368196,1.1815700956100472,-0.31664481871742195,-3.435283580888799,-2.1957040431842954,0.4571428571427303,0.6000000000017103,15.083333333333334
gbpusd_rsi2_m5_usd500000_smaller_stop_and_time_confirmed_rebound,2017-04-21T15:55:00+00:00,2017-04-21T16:10:00+00:00,22204,signal_exit,2.4735646152006696,7.90528800000214,False,True,900,7.096033068503453,1.2210347996452944,-0.4900705337921603,-3.291058868558153,-0.9456522385590953,0.883928571428605,0.5999999999994898,15.916666666666666
gbpusd_rsi2_m5_usd500000_smaller_stop_and_time_confirmed_rebound,2017-04-24T08:45:00+00:00,2017-04-24T08:55:00+00:00,22401,signal_exit,1.124031948000192,3.602666500000615,False,True,600,6.663486311300142,1.1520369557768004,0.21434682520899448,2.814899421274505,0.6468580230387158,0.6315789473683903,0.40000000000040004,8.75
gbpusd_rsi2_m5_usd500000_smaller_stop_and_time_confirmed_rebound,2017-04-24T09:50:00+00:00,2017-04-24T10:15:00+00:00,22414,stop,-4.449455325421063,-14.274800530706008,True,False,1500,6.238720870585388,1.0727855302589318,0.870394832664383,3.8627202437598367,0.5935261565017417,0.6206896551722422,0.4999999999988347,9.833333333333334
gbpusd_rsi2_m5_usd500000_smaller_stop_and_time_confirmed_rebound,2017-04-24T11:50:00+00:00,2017-04-24T12:05:00+00:00,22438,stop,-4.641538976156985,-14.876727487682643,True,False,900,6.440100897373448,1.0765920830013285,0.5332970248478165,1.249307813758036,-0.6361763995005626,0.2539682539685449,0.700000000000145,11.833333333333334
gbpusd_rsi2_m5_usd500000_smaller_stop_and_time_confirmed_rebound,2017-04-24T13:05:00+00:00,2017-04-24T13:15:00+00:00,22453,signal_exit,2.189617797300214,7.004535500000684,False,True,600,7.181727439041983,1.154128143480792,-0.019631805048289964,-2.742354662413252,-1.2176276459377948,0.5892857142854877,0.5000000000010552,13.083333333333334
gbpusd_rsi2_m5_usd500000_smaller_stop_and_time_confirmed_rebound,2017-04-24T13:50:00+00:00,2017-04-24T14:15:00+00:00,22462,signal_exit,1.3471180443002377,4.30526700000076,False,True,1500,6.984468805914017,1.1129141141292593,-0.45468646062948975,-3.9473909731285803,-1.694848925731344,0.09638554216849098,0.6000000000017103,13.833333333333334
gbpusd_rsi2_m5_usd500000_smaller_stop_and_time_confirmed_rebound,2017-04-25T08:00:00+00:00,2017-04-25T08:10:00+00:00,22669,signal_exit,0.719416778400306,2.3036080000009798,False,True,600,5.891433369249365,1.4271712916596222,0.8207483885750129,3.070066109148938,-0.11136752741887757,0.13333333333369518,0.2999999999997449,8.0
gbpusd_rsi2_m5_usd500000_smaller_stop_and_time_confirmed_rebound,2017-04-25T10:05:00+00:00,2017-04-25T10:30:00+00:00,22694,signal_exit,0.99967892725076,3.203072500002435,False,True,1500,6.3542495810904605,1.3849266914314666,1.0516491979652312,3.1843382946901233,-0.7922263618198135,0.49315068493131103,0.5999999999994898,10.083333333333334
gbpusd_rsi2_m5_usd500000_smaller_stop_and_time_confirmed_rebound,2017-04-25T12:55:00+00:00,2017-04-25T13:40:00+00:00,22728,signal_exit,0.25012736310070327,0.8022045000022554,False,True,2700,4.767997482836218,1.0001975140457295,1.1513983007536517,4.4478639152254615,-0.16198430942612405,0.7419354838707367,0.40000000000040004,12.916666666666666
gbpusd_rsi2_m5_usd500000_smaller_stop_and_time_confirmed_rebound,2017-04-25T14:00:00+00:00,2017-04-25T14:00:00+00:00,22741,stop,-4.258921452460156,-13.654765798205053,True,False,0,5.629018164739172,1.1456310637447615,0.9629869898937573,2.100819547233576,-1.9382542768160191,0.08235294117648595,1.100000000000545,14.0
gbpusd_rsi2_m5_usd500000_smaller_stop_and_time_confirmed_rebound,2017-04-25T14:10:00+00:00,2017-04-25T14:20:00+00:00,22743,signal_exit,1.6868763863004075,5.403191500001305,False,True,600,6.807673825718889,1.332835364377378,0.8464251775851319,0.46890834028421424,-2.260621113279403,0.1874999999998389,0.6000000000017103,14.166666666666666
gbpusd_rsi2_m5_usd500000_smaller_stop_and_time_confirmed_rebound,2017-04-26T12:40:00+00:00,2017-04-26T12:45:00+00:00,23010,signal_exit,1.653832907400895,5.3024460000028695,False,True,300,5.618243649724313,1.2297681307113448,-0.029816539616886153,-1.6856930748950267,-1.7429874914396533,0.06756756756739321,0.700000000000145,12.666666666666666
gbpusd_rsi2_m5_usd500000_smaller_stop_and_time_confirmed_rebound,2017-04-26T13:25:00+00:00,2017-04-26T13:40:00+00:00,23019,signal_exit,0.6560701680005897,2.10278900000189,False,True,900,6.337453003608862,1.3211447525584261,-0.10453422489099991,-2.138481036081923,-1.4544560895056602,0.21917808219172666,0.5000000000010552,13.416666666666666
gbpusd_rsi2_m5_usd500000_smaller_stop_and_time_confirmed_rebound,2017-04-27T07:55:00+00:00,2017-04-27T08:20:00+00:00,23239,signal_exit,-1.3962044732997392,-4.502432999999159,False,False,1500,6.672842579470296,1.4615939584006303,1.7399585361881116,7.666511858980856,0.305864745684425,0.2786885245898059,0.5000000000010552,7.916666666666667
gbpusd_rsi2_m5_usd500000_smaller_stop_and_time_confirmed_rebound,2017-04-27T13:15:00+00:00,2017-04-27T13:30:00+00:00,23303,signal_exit,1.581877128800484,5.097896000001559,False,True,900,7.763085464083143,1.4443113921444626,0.8781228239226805,1.5730850105783571,-1.366319965658431,0.15189873417735394,0.2999999999997449,13.25
gbpusd_rsi2_m5_usd500000_smaller_stop_and_time_confirmed_rebound,2017-04-27T13:50:00+00:00,2017-04-27T14:10:00+00:00,23310,signal_exit,1.707272761499919,5.498462999999739,False,True,1200,8.634774537192818,1.521338810054095,0.5786767071618542,-0.06550641936190132,-1.4364406238608958,0.5704697986577332,0.5000000000010552,13.833333333333334
gbpusd_rsi2_m5_usd500000_smaller_stop_and_time_confirmed_rebound,2017-04-27T15:50:00+00:00,2017-04-27T16:20:00+00:00,23334,signal_exit,0.7744282350007102,2.49735000000229,False,True,1800,7.775951908140808,1.290019437325305,0.6518156110906869,2.189728640040556,-0.6326364251874654,0.08333333333325624,0.40000000000040004,15.833333333333334
gbpusd_rsi2_m5_usd500000_smaller_stop_and_time_confirmed_rebound,2017-04-28T08:35:00+00:00,2017-04-28T08:45:00+00:00,23530,signal_exit,1.9167811117006512,6.195155500002104,False,True,600,9.029156319590166,1.8604666380483148,0.9019040126411159,3.598799387467608,-0.12251563442756469,0.2396313364055644,0.5999999999994898,8.583333333333334
gbpusd_rsi2_m5_usd500000_smaller_stop_and_time_confirmed_rebound,2017-04-28T09:35:00+00:00,2017-04-28T09:55:00+00:00,23542,signal_exit,2.162731093000898,6.994602500002904,False,True,1200,10.106364469805502,1.82134896056312,1.306648759918271,3.8264007094302044,-0.6536456019075647,0.18749999999980918,0.700000000000145,9.583333333333334
gbpusd_rsi2_m5_usd500000_smaller_stop_and_time_confirmed_rebound,2017-04-28T12:55:00+00:00,2017-04-28T13:15:00+00:00,23582,signal_exit,1.206632080400799,3.89613200000258,False,True,1200,9.096028742785656,1.4417161605766455,0.7211823428312405,-1.324460091324834,-2.091280548294752,0.8421052631577564,0.5000000000010552,12.916666666666666
gbpusd_rsi2_m5_usd500000_smaller_stop_and_time_confirmed_rebound,2017-04-28T14:25:00+00:00,2017-04-28T14:30:00+00:00,23600,signal_exit,2.0428318359507753,6.596163500002503,False,True,300,8.031210673968381,1.2263730122668768,0.0022464745543359006,-1.5600459491189833,-1.1119336642713924,0.05479452054799104,0.5999999999994898,14.416666666666666
gbpusd_rsi2_m5_usd500000_smaller_stop_and_time_confirmed_rebound,2017-05-01T11:15:00+00:00,2017-05-01T11:25:00+00:00,23839,stop,-2.7066645276690515,-8.748107717094543,True,False,600,3.5218406229699193,0.9840434489027894,0.42224711736267345,0.1326142953414262,-1.512420589025673,0.16666666666682087,0.40000000000040004,11.25
gbpusd_rsi2_m5_usd500000_smaller_stop_and_time_confirmed_rebound,2017-05-01T11:35:00+00:00,2017-05-01T11:45:00+00:00,23843,signal_exit,0.5559860268006642,1.7958205000021454,False,True,600,3.6901028225908266,1.0243023251252776,0.3395447952028539,-2.3592624186554243,-2.044160041271197,0.18181818181805948,0.8000000000008001,11.583333333333334
gbpusd_rsi2_m5_usd500000_smaller_stop_and_time_confirmed_rebound,2017-05-01T13:15:00+00:00,2017-05-01T13:50:00+00:00,23863,stop,-3.0821708918964648,-9.964988334615146,True,False,2100,4.0802497260496535,1.121682026734708,0.09290392429168086,0.4224388543340194,-0.1606038765616292,0.19047619047634154,0.4999999999988347,13.25
gbpusd_rsi2_m5_usd500000_smaller_stop_and_time_confirmed_rebound,2017-05-01T15:10:00+00:00,2017-05-01T15:40:00+00:00,23886,stop,-3.329695818993682,-10.765262913008993,True,False,1800,4.430383519928949,1.138508866224105,0.11821344907312699,0.3834361073738636,-0.08461715356631028,0.13333333333348135,0.5999999999994898,15.166666666666666
gbpusd_rsi2_m5_usd500000_smaller_stop_and_time_confirmed_rebound,2017-05-02T08:05:00+00:00,2017-05-02T08:15:00+00:00,24085,signal_exit,2.23592631450062,7.198732500001995,False,True,600,6.7755653382395415,1.7176838304684892,-1.4716572582109675,-6.9352365303409,-0.7351501789704565,0.7313432835820549,0.3999999999981796,8.083333333333334
gbpusd_rsi2_m5_usd500000_smaller_stop_and_time_confirmed_rebound,2017-05-02T13:25:00+00:00,2017-05-02T13:35:00+00:00,24149,signal_exit,1.454394248301047,4.69613900000338,False,True,600,5.597101970571792,1.1065759908957535,0.5511350267097644,1.240610428439491,-1.1645853695406618,0.4285714285712473,0.5999999999994898,13.416666666666666
gbpusd_rsi2_m5_usd500000_smaller_stop_and_time_confirmed_rebound,2017-05-03T09:05:00+00:00,2017-05-03T09:15:00+00:00,24379,signal_exit,1.8246427035007304,5.895453000002361,False,True,600,6.801023299745372,1.5069826772647488,-0.0696075127704498,-1.4257530044114473,-1.3851108957137948,0.5652173913043058,0.5999999999994898,9.083333333333334
gbpusd_rsi2_m5_usd500000_smaller_stop_and_time_confirmed_rebound,2017-05-03T12:45:00+00:00,2017-05-03T13:10:00+00:00,24423,signal_exit,2.2579405370008203,7.2954460000026495,False,True,1500,5.6498601169050335,1.1580387151225162,0.0410319848342061,-1.0499173262391355,-2.513944287461734,0.061224489796306784,0.4999999999988347,12.75
gbpusd_rsi2_m5_usd500000_smaller_stop_and_time_confirmed_rebound,2017-05-03T14:55:00+00:00,2017-05-03T15:25:00+00:00,24449,signal_exit,1.2075826815007995,3.8966850000025794,False,True,1800,8.344181873607642,1.5104186644752433,-0.18575904178292937,-3.657850861813139,-2.161492451230666,0.16842105263151252,0.700000000000145,14.916666666666666
gbpusd_rsi2_m5_usd500000_smaller_stop_and_time_confirmed_rebound,2017-05-04T10:55:00+00:00,2017-05-04T11:15:00+00:00,24685,signal_exit,0.030368440400654895,0.09786800000211052,False,True,1200,5.597124686359716,1.1363465460469082,0.6237420924967784,0.7443819576609791,-1.5274487656803846,0.5531914893615815,0.2999999999997449,10.916666666666666
gbpusd_rsi2_m5_usd500000_smaller_stop_and_time_confirmed_rebound,2017-05-04T15:25:00+00:00,2017-05-04T15:35:00+00:00,24739,signal_exit,1.1451961468003935,3.69656600000127,False,True,600,6.189346477339646,1.144621803563147,0.9377649701525727,2.4683669316924624,-1.1197390421542537,0.4999999999996916,0.5000000000010552,15.416666666666666
gbpusd_rsi2_m5_usd500000_smaller_stop_and_time_confirmed_rebound,2017-05-05T11:30:00+00:00,2017-05-05T11:50:00+00:00,24976,signal_exit,-0.1871303662493921,-0.6050124999980345,False,False,1200,4.52831689045878,1.1927142110846907,0.7925321523227478,1.3128640887281466,-1.6367739918112068,0.5151515151512704,0.4999999999988347,11.5
gbpusd_rsi2_m5_usd500000_smaller_stop_and_time_confirmed_rebound,2017-05-05T13:45:00+00:00,2017-05-05T13:50:00+00:00,25003,signal_exit,0.8630494560506285,2.7939445000020346,False,True,300,7.69572215092289,1.585483669392424,0.8355831065400248,2.9190340386254277,-0.40888475773616145,0.40476190476193624,0.2999999999997449,13.75
gbpusd_rsi2_m5_usd500000_smaller_stop_and_time_confirmed_rebound,2017-05-08T08:35:00+00:00,2017-05-08T08:40:00+00:00,25226,signal_exit,0.9833296492500662,3.1915925000002145,False,True,300,5.558930867157442,1.2900389454757886,0.948745122659257,2.799969543642411,-1.0391572319803761,0.29787234042561234,0.6000000000017103,8.583333333333334
gbpusd_rsi2_m5_usd500000_smaller_stop_and_time_confirmed_rebound,2017-05-08T09:20:00+00:00,2017-05-08T10:00:00+00:00,25235,signal_exit,1.323782944800919,4.29242200000298,False,True,2400,6.245267098584022,1.381531407489066,0.69434383430016,-0.1278251511912744,-1.933004104575917,0.4838709677417121,0.10000000000065512,9.333333333333334
gbpusd_rsi2_m5_usd500000_smaller_stop_and_time_confirmed_rebound,2017-05-08T12:10:00+00:00,2017-05-08T12:35:00+00:00,25269,signal_exit,1.850748487200931,5.9933565000030145,False,True,1500,5.146847957083089,1.0977645097721587,-0.20875098885934334,-3.017789494749521,-1.7059447862140744,0.5090909090911734,0.4999999999988347,12.166666666666666
gbpusd_rsi2_m5_usd500000_smaller_stop_and_time_confirmed_rebound,2017-05-08T13:45:00+00:00,2017-05-08T13:45:00+00:00,25288,stop,-4.186382525840265,-13.56132985370996,True,False,0,5.827555891312131,1.1981977825535381,-0.38146285201865177,-1.9175583493249766,-0.5249057582956053,0.516853932584379,0.5999999999994898,13.75
gbpusd_rsi2_m5_usd500000_smaller_stop_and_time_confirmed_rebound,2017-05-09T07:05:00+00:00,2017-05-09T07:20:00+00:00,25489,signal_exit,1.6673699388504033,5.394273500001304,False,True,900,4.721009741475814,1.1832770310246867,-0.09977155747563783,-2.9441814599326728,-1.6388994025506882,0.1285714285713334,0.5000000000010552,7.083333333333333
gbpusd_rsi2_m5_usd500000_smaller_stop_and_time_confirmed_rebound,2017-05-09T08:40:00+00:00,2017-05-09T09:05:00+00:00,25508,stop,-3.736900864678858,-12.097445337257552,True,False,1500,5.045875024255746,1.2029927359985575,-0.12119845893715343,-0.8529807730562363,-0.40679479932900087,0.7499999999997687,0.700000000000145,8.666666666666666
gbpusd_rsi2_m5_usd500000_smaller_stop_and_time_confirmed_rebound,2017-05-09T09:35:00+00:00,2017-05-09T09:50:00+00:00,25519,signal_exit,0.6483266608005848,2.09543200000189,False,True,900,5.569392873964997,1.275628951816527,-0.32361683234826744,-5.765758594341009,-1.5938986810854383,0.7741935483870737,0.8000000000008001,9.583333333333334
gbpusd_rsi2_m5_usd500000_smaller_stop_and_time_confirmed_rebound,2017-05-09T10:55:00+00:00,2017-05-09T11:05:00+00:00,25535,signal_exit,1.3907913656006405,4.49512400000207,False,True,600,5.135745091857628,1.1572840681085408,-0.9477222503038494,-4.32081626293725,-0.4668091002689182,0.717948717948499,0.700000000000145,10.916666666666666
gbpusd_rsi2_m5_usd500000_smaller_stop_and_time_confirmed_rebound,2017-05-10T07:50:00+00:00,2017-05-10T08:05:00+00:00,25782,signal_exit,1.0765540032006722,3.4919040000021804,False,True,900,5.9376316963497615,1.4132759018135064,1.3578651872271095,4.807471541832914,-0.47644835450777284,0.9830508474578886,0.4999999999988347,7.833333333333333
gbpusd_rsi2_m5_usd500000_smaller_stop_and_time_confirmed_rebound,2017-05-10T09:15:00+00:00,2017-05-10T10:00:00+00:00,25799,signal_exit,0.3994500928003366,1.29355600000109,False,True,2700,7.239309975588572,1.5366277014847383,0.9857144121382589,-1.1138904019183369,-1.6955621110388677,0.4886363636362891,0.5000000000010552,9.25
gbpusd_rsi2_m5_usd500000_smaller_stop_and_time_confirmed_rebound,2017-05-10T10:35:00+00:00,2017-05-10T10:45:00+00:00,25815,signal_exit,1.0174270190002686,3.293710000000869,False,True,600,6.128668494868111,1.2616502119774844,-0.05988720979542524,-1.5227442879531654,-0.745355987787812,0.051282051282401646,0.1999999999990898,10.583333333333334
gbpusd_rsi2_m5_usd500000_smaller_stop_and_time_confirmed_rebound,2017-05-10T12:45:00+00:00,2017-05-10T13:35:00+00:00,25841,stop,-3.838899352349696,-12.431668887142798,True,False,3000,5.212852643414486,1.0434653553746955,-0.16604196172721405,-0.7587386253614865,-0.27504136774437915,0.09375000000058546,0.700000000000145,12.75
gbpusd_rsi2_m5_usd500000_smaller_stop_and_time_confirmed_rebound,2017-05-10T13:55:00+00:00,2017-05-10T14:20:00+00:00,25855,signal_exit,1.38972784640064,4.494592000002069,False,True,1500,5.0459391393911375,1.0142204462829143,-0.2189484717420657,-3.7990591776542675,-2.000238871319813,0.09259259259279057,0.5999999999994898,13.916666666666666
gbpusd_rsi2_m5_usd500000_smaller_stop_and_time_confirmed_rebound,2017-05-10T15:55:00+00:00,2017-05-10T16:30:00+00:00,25879,signal_exit,0.40012376800102334,1.2944800000033105,False,True,2100,5.604831819067228,1.0797776608121519,-0.4995360002573403,-2.506023346717908,-0.9431516558290793,0.36000000000001775,0.4999999999988347,15.916666666666666
gbpusd_rsi2_m5_usd500000_smaller_stop_and_time_confirmed_rebound,2017-05-11T08:40:00+00:00,2017-05-11T09:10:00+00:00,26078,stop,-4.594884827172039,-14.846154530442774,True,False,1800,6.3712122576513925,1.6122907697418072,-0.17814591215342565,-5.5764790870933,-2.4889606839839566,0.32786885245898056,0.8000000000008001,8.666666666666666
gbpusd_rsi2_m5_usd500000_smaller_stop_and_time_confirmed_rebound,2017-05-11T11:15:00+00:00,2017-05-11T11:40:00+00:00,26109,stop,-7.440020428208858,-23.984591967146542,True,False,1500,10.99151493659726,2.119548264769889,-0.8924243229646214,-8.080182697339362,-2.197077980126486,0.4780219780218969,0.700000000000145,11.25
gbpusd_rsi2_m5_usd500000_smaller_stop_and_time_confirmed_rebound,2017-05-11T11:50:00+00:00,2017-05-11T12:45:00+00:00,26116,signal_exit,-1.2433480961994108,-4.000476499998104,False,False,3300,12.08157657822293,2.0969438393728406,-1.154918412453449,-10.9810087278624,-1.6885289435382331,0.8541666666668449,0.1999999999990898,11.833333333333334
gbpusd_rsi2_m5_usd500000_smaller_stop_and_time_confirmed_rebound,2017-05-11T15:05:00+00:00,2017-05-11T15:35:00+00:00,26155,signal_exit,1.5830532000004842,5.098400000001559,False,True,1800,7.567433781763028,1.1764108599835004,-1.519205254473487,-5.1399539364169815,0.0773842518961908,0.2222222222221674,0.5999999999994898,15.083333333333334
gbpusd_rsi2_m5_usd500000_smaller_stop_and_time_confirmed_rebound,2017-05-12T07:45:00+00:00,2017-05-12T08:05:00+00:00,26349,signal_exit,1.586024738000485,5.099758000001559,False,True,1200,5.513988236842016,1.3688856997969079,-0.6157520297180978,-7.862144910494254,-2.127410105727716,0.2317073170731146,0.5000000000010552,7.75
gbpusd_rsi2_m5_usd500000_smaller_stop_and_time_confirmed_rebound,2017-05-12T09:05:00+00:00,2017-05-12T09:35:00+00:00,26365,signal_exit,-0.27988600499930943,-0.8999549999977795,False,False,1800,6.15178637743232,1.4230496949600613,-1.351545596003222,-6.668596040054938,-1.1309577625289902,0.6320000000000682,0.700000000000145,9.083333333333334
gbpusd_rsi2_m5_usd500000_smaller_stop_and_time_confirmed_rebound,2017-05-12T11:35:00+00:00,2017-05-12T11:55:00+00:00,26395,signal_exit,0.8089513078509163,2.600293500002945,False,True,1200,4.9398161427470475,1.097889456251425,-1.1125365338378534,-6.063107633218909,-1.493867160071711,0.2972972972974595,0.5999999999994898,11.583333333333334
gbpusd_rsi2_m5_usd500000_smaller_stop_and_time_confirmed_rebound,2017-05-12T13:30:00+00:00,2017-05-12T13:40:00+00:00,26418,signal_exit,1.551969510750281,4.998291500000905,False,True,600,8.557240816844814,1.569222763816765,-0.4871570284513239,0.5138632415733964,0.7725517953835749,0.606060606060443,0.30000000000196536,13.5
gbpusd_rsi2_m5_usd500000_smaller_stop_and_time_confirmed_rebound,2017-05-12T15:40:00+00:00,2017-05-12T16:35:00+00:00,26444,stop,-4.786729620639372,-15.41619845616545,True,False,3300,6.757619744774957,1.1921725968189336,0.3681660053475623,-0.03718635330995644,-1.6245242783610434,0.48275862068973435,0.5999999999994898,15.666666666666666
gbpusd_rsi2_m5_usd500000_smaller_stop_and_time_confirmed_rebound,2017-05-15T09:45:00+00:00,2017-05-15T10:10:00+00:00,26650,signal_exit,0.43128035380053964,1.3948265000017452,False,True,1500,4.886412103329827,1.2824966551738568,1.8399472507754921,7.2215668748565705,0.20548091835458104,0.5945945945943188,0.40000000000040004,9.75
gbpusd_rsi2_m5_usd500000_smaller_stop_and_time_confirmed_rebound,2017-05-15T12:05:00+00:00,2017-05-15T12:20:00+00:00,26678,signal_exit,1.8872194320004487,6.095670000001449,False,True,900,4.462705994381322,1.1352229409815031,1.3708165160179917,1.6971337040703227,-2.4757952209312037,0.09090909090927442,0.40000000000040004,12.083333333333334
gbpusd_rsi2_m5_usd500000_smaller_stop_and_time_confirmed_rebound,2017-05-16T09:15:00+00:00,2017-05-16T09:30:00+00:00,26930,stop,-6.80970386881356,-21.94554904548359,True,False,900,9.922157298247678,2.1687835359814205,0.6535513029545983,-5.982525774189098,-2.100967153533233,0.6483516483513695,0.8000000000008001,9.25
gbpusd_rsi2_m5_usd500000_smaller_stop_and_time_confirmed_rebound,2017-05-16T13:55:00+00:00,2017-05-16T14:40:00+00:00,26986,signal_exit,1.3315860675002353,4.296825000000759,False,True,2700,6.298928968357826,1.1799737460215205,-0.472188155592406,-0.6094059797396844,0.5410624509309669,0.450000000000037,0.5000000000010552,13.916666666666666
gbpusd_rsi2_m5_usd500000_smaller_stop_and_time_confirmed_rebound,2017-05-17T07:30:00+00:00,2017-05-17T07:50:00+00:00,27195,signal_exit,0.2464163676006983,0.7959185000022555,False,True,1200,6.746518212926827,1.523286836732911,0.31382772552908755,-1.4103108446536354,-1.1903109482030936,0.38775510204101055,0.3999999999981796,7.5
gbpusd_rsi2_m5_usd500000_smaller_stop_and_time_confirmed_rebound,2017-05-17T09:45:00+00:00,2017-05-17T09:50:00+00:00,27222,signal_exit,1.7903915775005268,5.794147500001705,False,True,300,6.906290145266046,1.3405292598261933,0.7308346271004771,2.4912692999974477,-0.5277524974812758,0.19999999999985196,0.5999999999994898,9.75
gbpusd_rsi2_m5_usd500000_smaller_stop_and_time_confirmed_rebound,2017-05-17T11:45:00+00:00,2017-05-17T12:00:00+00:00,27246,signal_exit,0.5530626037506617,1.7927475000021451,False,True,900,5.590764303958734,1.0664769956665616,1.4527063860208465,5.173197704403342,-0.4930982257227619,0.2619047619049759,0.700000000000145,11.75
gbpusd_rsi2_m5_usd500000_smaller_stop_and_time_confirmed_rebound,2017-05-17T15:30:00+00:00,2017-05-17T16:05:00+00:00,27291,signal_exit,1.6043964822506842,5.193902500002214,False,True,2100,9.19707355342357,1.4739228111365619,0.7998056899668486,-0.328177822330472,-1.5043100096256286,0.381355932203267,0.5000000000010552,15.5
gbpusd_rsi2_m5_usd500000_smaller_stop_and_time_confirmed_rebound,2017-05-18T08:05:00+00:00,2017-05-18T08:10:00+00:00,27489,signal_exit,1.9728342815010538,6.392852500003414,False,True,300,6.004600261384035,1.2732222360215124,-0.2709568138396093,-0.9736831539371229,-0.03411220905474979,0.08108108108131626,0.3999999999981796,8.083333333333334
gbpusd_rsi2_m5_usd500000_smaller_stop_and_time_confirmed_rebound,2017-05-18T11:50:00+00:00,2017-05-18T12:05:00+00:00,27534,signal_exit,2.268127205500333,7.388036500001084,False,True,900,6.79433188850908,1.0712361401407333,2.1554028536707204,6.12791733418277,-1.516403001856971,0.12903225806463164,0.5999999999994898,11.833333333333334
gbpusd_rsi2_m5_usd500000_smaller_stop_and_time_confirmed_rebound,2017-05-18T12:50:00+00:00,2017-05-18T13:05:00+00:00,27546,signal_exit,1.2868121088007143,4.188841500002325,False,True,900,6.883948802039007,1.0730812341429574,1.6057865879540474,3.8551899486918435,-1.7403230903839686,0.09302325581401354,0.2999999999997449,12.833333333333334
gbpusd_rsi2_m5_usd500000_smaller_stop_and_time_confirmed_rebound,2017-05-18T13:55:00+00:00,2017-05-18T14:05:00+00:00,27559,signal_exit,0.426435835450536,1.3885895000017452,False,True,600,6.499459674161544,1.0185706991482741,1.2822139476351635,4.002019535287187,-0.5338800219088653,0.40909090909106965,0.4999999999988347,13.916666666666666
gbpusd_rsi2_m5_usd500000_smaller_stop_and_time_confirmed_rebound,2017-05-18T14:35:00+00:00,2017-05-18T14:55:00+00:00,27567,stop,-5.254008452247498,-17.091764646218273,True,False,1200,7.640927505573533,1.1613873464419155,1.001183005197008,1.7489825340900749,-2.2729670152763415,0.14285714285709755,0.4999999999988347,14.583333333333334
gbpusd_rsi2_m5_usd500000_smaller_stop_and_time_confirmed_rebound,2017-05-18T15:40:00+00:00,2017-05-18T15:45:00+00:00,27580,signal_exit,1.1956009452007932,3.88939800000258,False,True,300,7.468237154521566,1.108168496933935,0.5504018782255357,1.4375278729826153,-0.3220251041039134,0.7166666666663645,0.5999999999994898,15.666666666666666
gbpusd_rsi2_m5_usd500000_smaller_stop_and_time_confirmed_rebound,2017-05-19T10:50:00+00:00,2017-05-19T11:00:00+00:00,27806,signal_exit,0.7041018150003013,2.2897620000009797,False,True,600,5.032604166362316,1.025109273796764,1.9483746613363395,5.857165450878778,-1.4371929803230405,0.854838709677558,0.4999999999988347,10.833333333333334
gbpusd_rsi2_m5_usd500000_smaller_stop_and_time_confirmed_rebound,2017-05-19T14:25:00+00:00,2017-05-19T14:30:00+00:00,27849,signal_exit,0.7642641079007034,2.4886490000022907,False,True,300,6.07971492572862,1.140509072569081,1.6334110699030524,5.5705973052726465,-0.8995986864200943,0.4772727272728305,0.3999999999981796,14.416666666666666
gbpusd_rsi2_m5_usd500000_smaller_stop_and_time_confirmed_rebound,2017-05-22T07:10:00+00:00,2017-05-22T07:25:00+00:00,28047,stop,-3.755802038682612,-12.206051474431627,True,False,900,5.348429932263194,1.3083499070290172,-0.44164481911957504,-2.218586981179638,-0.3836797124196318,0.49999999999980177,0.20000000000131024,7.166666666666667
gbpusd_rsi2_m5_usd500000_smaller_stop_and_time_confirmed_rebound,2017-05-22T07:40:00+00:00,2017-05-22T08:00:00+00:00,28053,signal_exit,2.493814785400379,8.09154700000123,False,True,1200,7.566448654062552,1.6706190731937274,-0.5613509256793356,-6.327922232070076,-1.9364236748049892,0.4731182795699515,0.2999999999997449,7.666666666666667
gbpusd_rsi2_m5_usd500000_smaller_stop_and_time_confirmed_rebound,2017-05-22T11:20:00+00:00,2017-05-22T11:25:00+00:00,28097,signal_exit,2.950889308850669,9.590150500002174,False,True,300,7.08303071793307,1.2992306915266831,-0.11066034522716582,-0.8327921235771528,-0.7289953286731072,0.3499999999999815,0.5999999999994898,11.333333333333334
gbpusd_rsi2_m5_usd500000_smaller_stop_and_time_confirmed_rebound,2017-05-22T12:35:00+00:00,2017-05-22T12:55:00+00:00,28112,signal_exit,1.1336681125010726,3.68912500000349,False,True,1200,6.246671455967212,1.1214238172692501,0.30235411585149824,2.090248390005206,0.4891117257510499,0.13043478260861172,0.1999999999990898,12.583333333333334
gbpusd_rsi2_m5_usd500000_smaller_stop_and_time_confirmed_rebound,2017-05-22T15:10:00+00:00,2017-05-22T15:25:00+00:00,28143,stop,-5.5738838737970955,-18.144153235016585,True,False,900,8.166807705779606,1.3147181058731703,0.633669120339465,2.0817140751070733,-0.4700330390724819,0.8860759493674444,0.4999999999988347,15.166666666666666
gbpusd_rsi2_m5_usd500000_smaller_stop_and_time_confirmed_rebound,2017-05-23T07:05:00+00:00,2017-05-23T07:05:00+00:00,28329,target,3.6614267788430057,11.872330670697165,False,True,0,6.890107989126986,1.4675343703018575,-0.5659461124369272,-6.270271590123411,-2.105962409731495,0.09345794392523171,0.5999999999994898,7.083333333333333
gbpusd_rsi2_m5_usd500000_smaller_stop_and_time_confirmed_rebound,2017-05-23T08:10:00+00:00,2017-05-23T08:25:00+00:00,28342,signal_exit,1.322199750300234,4.29146300000076,False,True,900,9.435867119111393,1.6924403251679423,-0.5225066959647051,-2.7257042137776937,-0.45478497363318493,0.1975308641974598,0.40000000000040004,8.166666666666666
gbpusd_rsi2_m5_usd500000_smaller_stop_and_time_confirmed_rebound,2017-05-23T12:05:00+00:00,2017-05-23T12:55:00+00:00,28389,target,2.732383513663273,8.865618149459028,False,True,3000,5.237066622060129,0.9587708705981032,-0.6818857132133502,-2.4822231665952263,0.18413854967103746,0.5576923076920367,0.2999999999997449,12.083333333333334
gbpusd_rsi2_m5_usd500000_smaller_stop_and_time_confirmed_rebound,2017-05-23T14:30:00+00:00,2017-05-23T14:45:00+00:00,28418,signal_exit,-0.2798426085,-0.9082849999999999,False,False,900,5.172710485566754,0.9534627105161874,-0.1176431688483725,-1.9986184966974154,-1.604928937330841,0.02941176470607443,0.5000000000010552,14.5
gbpusd_rsi2_m5_usd500000_smaller_stop_and_time_confirmed_rebound,2017-05-24T09:50:00+00:00,2017-05-24T10:05:00+00:00,28647,stop,-3.8610809870827065,-12.54004867516306,True,False,900,5.415787890158719,1.2510482875756288,0.6629736993578964,1.8331580435465284,-0.8433316018334238,0.35714285714274385,0.40000000000040004,9.833333333333334
gbpusd_rsi2_m5_usd500000_smaller_stop_and_time_confirmed_rebound,2017-05-24T10:15:00+00:00,2017-05-24T10:35:00+00:00,28652,stop,-4.256924411366627,-13.812214183538696,True,False,1200,6.152295422109556,1.368799263000666,0.6769983884920902,-0.792681267740345,-2.3033906887143636,0.31147540983592237,0.20000000000131024,10.25
gbpusd_rsi2_m5_usd500000_smaller_stop_and_time_confirmed_rebound,2017-05-24T11:50:00+00:00,2017-05-24T11:55:00+00:00,28671,signal_exit,0.8920013568008297,2.8923520000026905,False,True,300,5.197006346223106,1.1321579382556362,-0.34471534119790875,-2.196321284768479,-0.48372216308223936,0.30909090909088704,0.4999999999988347,11.833333333333334
gbpusd_rsi2_m5_usd500000_smaller_stop_and_time_confirmed_rebound,2017-05-24T13:15:00+00:00,2017-05-24T13:25:00+00:00,28688,stop,-4.451054185318795,-14.428052464566596,True,False,600,6.310732857934933,1.2917980697528049,-0.3978392674214105,-3.10352107861778,-1.9877445047839166,0.30645161290341066,0.4999999999988347,13.25
gbpusd_rsi2_m5_usd500000_smaller_stop_and_time_confirmed_rebound,2017-05-24T13:35:00+00:00,2017-05-24T13:55:00+00:00,28692,signal_exit,2.50107319200038,8.094088000001229,False,True,1200,7.4567144199156274,1.4556709322134938,-0.5475890834677616,-6.792372906005737,-2.475765921245097,0.6799999999997869,0.2999999999997449,13.583333333333334
gbpusd_rsi2_m5_usd500000_smaller_stop_and_time_confirmed_rebound,2017-05-24T14:40:00+00:00,2017-05-24T14:45:00+00:00,28705,signal_exit,1.2013958472007962,3.8930520000025797,False,True,300,6.776183802501157,1.2747299024096945,-0.7713884740964925,-2.9796353780947014,0.20919780535486526,0.35849056603804413,0.5999999999994898,14.666666666666666
gbpusd_rsi2_m5_usd500000_smaller_stop_and_time_confirmed_rebound,2017-05-25T09:25:00+00:00,2017-05-25T09:35:00+00:00,28928,stop,-5.082710670932258,-16.486249338087116,True,False,600,7.389475300679805,1.5884551485649165,0.4536974850999751,-1.6707735006281477,-1.4468017220014715,0.4883720930226674,0.40000000000040004,9.416666666666666
gbpusd_rsi2_m5_usd500000_smaller_stop_and_time_confirmed_rebound,2017-05-25T09:45:00+00:00,2017-05-25T10:10:00+00:00,28932,stop,-5.138273065455957,-16.65026916868424,True,False,1500,7.57195710284044,1.5796389603255472,0.18480823862589355,-4.22895786415734,-1.5642364790811045,0.7192982456141239,0.20000000000131024,9.75
gbpusd_rsi2_m5_usd500000_smaller_stop_and_time_confirmed_rebound,2017-05-25T11:30:00+00:00,2017-05-25T12:00:00+00:00,28953,signal_exit,0.9541309595005492,3.0928070000017795,False,True,1800,6.640247210466337,1.2792271090451068,-0.807342618624371,-2.8497123819380668,0.1423336989157291,0.9545454545461427,0.40000000000040004,11.5
gbpusd_rsi2_m5_usd500000_smaller_stop_and_time_confirmed_rebound,2017-05-25T14:45:00+00:00,2017-05-25T15:00:00+00:00,28992,signal_exit,2.2538515620001323,7.294018000000428,False,True,900,5.435154304987228,1.0357090841626653,-0.7076780847665329,-5.338476838069844,-2.043084266057435,0.4807692307693211,0.40000000000040004,14.75
gbpusd_rsi2_m5_usd500000_smaller_stop_and_time_confirmed_rebound,2017-05-26T09:35:00+00:00,2017-05-26T09:40:00+00:00,29213,signal_exit,1.553223632350971,4.999110500003125,False,True,300,6.911818709791964,1.2908633554500448,-1.4825087410404287,-7.088767116216214,-1.3365242939154418,0.671232876712358,0.5999999999994898,9.583333333333334
gbpusd_rsi2_m5_usd500000_smaller_stop_and_time_confirmed_rebound,2017-05-26T10:50:00+00:00,2017-05-26T11:00:00+00:00,29228,stop,-4.299190599853116,-13.828210356555536,True,False,600,5.964220926009696,1.1073846488017012,-1.5218154182060408,-7.331644772583593,-1.4339622290108214,0.6511627906973982,0.6000000000017103,10.833333333333334
gbpusd_rsi2_m5_usd500000_smaller_stop_and_time_confirmed_rebound,2017-05-26T12:45:00+00:00,2017-05-26T13:35:00+00:00,29251,stop,-5.503138837968332,-17.643920609068072,True,False,3000,8.123584880005158,1.3989556556783294,-2.014270361479484,-11.863046282268902,-2.248504670450891,0.42222222222197003,0.10000000000065512,12.75
gbpusd_rsi2_m5_usd500000_smaller_stop_and_time_confirmed_rebound,2017-05-26T13:45:00+00:00,2017-05-26T13:55:00+00:00,29263,signal_exit,1.3118204365500326,4.203205500000104,False,True,600,8.633056989728699,1.3964546863401357,-2.3679778560042615,-11.543193771698702,-1.2260671194926511,0.8026315789472684,0.40000000000040004,13.75
gbpusd_rsi2_m5_usd500000_smaller_stop_and_time_confirmed_rebound,2017-05-26T15:05:00+00:00,2017-05-26T15:55:00+00:00,29279,signal_exit,-2.0610389062498733,-6.595324499999594,False,False,3000,8.815710211265678,1.3214619351267107,-2.485197324897922,-11.394358395959374,-1.5361388710643153,0.2592592592593202,0.6000000000017103,15.083333333333334
gbpusd_rsi2_m5_usd500000_smaller_stop_and_time_confirmed_rebound,2017-05-29T10:10:00+00:00,2017-05-29T10:15:00+00:00,29503,signal_exit,0.7788475224007132,2.5011160000022903,False,True,300,3.45337763888889,0.9814592674941277,0.8292858960396767,2.8243206865490333,-1.0217841440867144,0.38888888888930007,0.40000000000040004,10.166666666666666
gbpusd_rsi2_m5_usd500000_smaller_stop_and_time_confirmed_rebound,2017-05-29T13:35:00+00:00,2017-05-29T13:55:00+00:00,29544,stop,-2.5014175477562883,-8.030232898094022,True,False,1200,3.2160232598616934,0.9532282664028541,0.8087652732280755,0.14258805222194615,-2.648852192201893,0.12121212121218237,0.2999999999997449,13.583333333333334
gbpusd_rsi2_m5_usd500000_smaller_stop_and_time_confirmed_rebound,2017-05-29T14:00:00+00:00,2017-05-29T14:10:00+00:00,29549,signal_exit,0.6237037014010767,2.0016165000034554,False,True,600,3.1850676507998257,0.948439087907446,0.5982943882488168,-0.5308733007045356,-1.5338887933641463,0.24999999999962152,0.40000000000040004,14.0
gbpusd_rsi2_m5_usd500000_smaller_stop_and_time_confirmed_rebound,2017-05-30T08:50:00+00:00,2017-05-30T09:15:00+00:00,29770,signal_exit,-0.5286359339988677,-1.699793999996359,False,False,1500,6.792269155275319,1.5110688345658303,1.0749496837405266,6.091880510333272,0.5572972124397815,0.21818181818201637,0.3999999999981796,8.833333333333334
gbpusd_rsi2_m5_usd500000_smaller_stop_and_time_confirmed_rebound,2017-05-30T13:20:00+00:00,2017-05-30T13:40:00+00:00,29824,signal_exit,0.5289493305011543,1.7002550000037104,False,True,1200,6.959215112091504,1.3024886191687213,1.1500518179529777,1.998946254691971,-1.8438934114686776,0.10169491525413522,0.0,13.333333333333334
gbpusd_rsi2_m5_usd500000_smaller_stop_and_time_confirmed_rebound,2017-05-31T08:20:00+00:00,2017-05-31T08:35:00+00:00,30051,stop,-4.886557649493283,-15.646998557455277,True,False,900,7.025725929136011,1.3724189697900564,-0.7895512754576366,-4.428527653935209,-1.1346917237249379,0.6862745098040496,0.2999999999997449,8.333333333333334
gbpusd_rsi2_m5_usd500000_smaller_stop_and_time_confirmed_rebound,2017-05-31T08:45:00+00:00,2017-05-31T09:25:00+00:00,30056,signal_exit,2.4422319043504643,7.805151500001484,False,True,2400,8.75028681763291,1.5968175991956979,-0.7662534162521767,-7.826368702322073,-2.0247830866898733,0.7222222222222451,0.40000000000040004,8.75
gbpusd_rsi2_m5_usd500000_smaller_stop_and_time_confirmed_rebound,2017-05-31T11:10:00+00:00,2017-05-31T12:05:00+00:00,30085,signal_exit,2.0562618072507806,6.6011615000025055,False,True,3300,8.834992877773942,1.3783476969041952,0.08832133731869579,2.5311666455159254,0.5469124702243701,0.44999999999987045,0.20000000000131024,11.166666666666666
gbpusd_rsi2_m5_usd500000_smaller_stop_and_time_confirmed_rebound,2017-06-01T09:30:00+00:00,2017-06-01T09:55:00+00:00,30351,stop,-5.891519200311039,-18.949884851434668,True,False,1500,8.725214308219806,1.5529227197627353,0.1290673995312945,-1.7959384512389442,-1.5498875106048435,0.908256880733958,0.1999999999990898,9.5
gbpusd_rsi2_m5_usd500000_smaller_stop_and_time_confirmed_rebound,2017-06-01T10:00:00+00:00,2017-06-01T10:50:00+00:00,30357,signal_exit,2.1481997394007,6.900738000002249,False,True,3000,8.355779977656274,1.4583631062938445,-0.0782840880320388,-4.325665966932955,-1.5393402842835897,0.059701492537377734,0.3999999999981796,10.0
gbpusd_rsi2_m5_usd500000_smaller_stop_and_time_confirmed_rebound,2017-06-01T12:25:00+00:00,2017-06-01T12:35:00+00:00,30386,signal_exit,3.5465246005502005,11.399950500000644,False,True,600,7.908072499786609,1.2875350186443273,-0.4592230163230157,-1.8994514763075228,-0.7999321031956653,0.48437499999972355,0.5000000000010552,12.416666666666666
gbpusd_rsi2_m5_usd500000_smaller_stop_and_time_confirmed_rebound,2017-06-02T07:05:00+00:00,2017-06-02T07:30:00+00:00,30602,stop,-3.457068672892356,-11.126709600554735,True,False,1500,4.663223763109088,1.2663137939828388,-0.3630183863526081,-3.549886773626715,-1.6086431901846454,0.7391304347825387,0.5000000000010552,7.083333333333333
gbpusd_rsi2_m5_usd500000_smaller_stop_and_time_confirmed_rebound,2017-06-02T08:50:00+00:00,2017-06-02T09:05:00+00:00,30623,stop,-4.207312430294577,-13.532687135074225,True,False,900,5.966464643800445,1.4323148980035296,-0.7452525921238641,-3.899094363905424,-0.9890610137255086,0.03225806451562071,0.2999999999997449,8.833333333333334
gbpusd_rsi2_m5_usd500000_smaller_stop_and_time_confirmed_rebound,2017-06-02T10:40:00+00:00,2017-06-02T11:35:00+00:00,30645,signal_exit,-0.7152729429993996,-2.299912999998069,False,False,3300,5.928899877618641,1.332658833031331,-0.6276429780917384,-3.8838339651845133,-0.9919972915560433,0.5714285714283902,0.3999999999981796,10.666666666666666
gbpusd_rsi2_m5_usd500000_smaller_stop_and_time_confirmed_rebound,2017-06-02T13:45:00+00:00,2017-06-02T14:05:00+00:00,30682,signal_exit,0.901138182000146,2.8994150000004693,False,True,1200,10.729650189854311,1.7578749872512776,-0.09179297613435057,-1.2665322789838465,-0.5684026120326687,0.4471544715448138,0.700000000000145,13.75
gbpusd_rsi2_m5_usd500000_smaller_stop_and_time_confirmed_rebound,2017-06-05T07:40:00+00:00,2017-06-05T07:45:00+00:00,30895,target,2.3901830514185085,7.692896850397517,False,True,300,4.74695781872223,1.1987468678057829,0.08043102893067582,-1.0627203497006188,-1.1734741905729646,0.0847457627116539,0.5000000000010552,7.666666666666667
gbpusd_rsi2_m5_usd500000_smaller_stop_and_time_confirmed_rebound,2017-06-05T10:40:00+00:00,2017-06-05T11:20:00+00:00,30931,signal_exit,0.3087350625004167,0.996562500001345,False,True,2400,6.852849962575018,1.3635263594217035,1.1042379543925898,5.432809726661883,0.5102604810099344,0.38888888888898027,0.5000000000010552,10.666666666666666
gbpusd_rsi2_m5_usd500000_smaller_stop_and_time_confirmed_rebound,2017-06-05T13:00:00+00:00,2017-06-05T13:10:00+00:00,30959,signal_exit,1.5800613200004836,5.09697200000156,False,True,600,5.752933553378099,1.106045171170028,1.1432208170697087,2.4057606012632746,-1.7250177496477264,0.2888888888887683,0.40000000000040004,13.0
gbpusd_rsi2_m5_usd500000_smaller_stop_and_time_confirmed_rebound,2017-06-05T14:15:00+00:00,2017-06-05T14:50:00+00:00,30974,signal_exit,1.2975161290507191,4.1950085000023245,False,True,2100,7.482829814509466,1.3099022694956408,1.2577075245994969,6.237005937777375,0.5366938930004778,0.17741935483884252,0.2999999999997449,14.25
gbpusd_rsi2_m5_usd500000_smaller_stop_and_time_confirmed_rebound,2017-06-06T07:20:00+00:00,2017-06-06T07:35:00+00:00,31170,signal_exit,1.485339317450562,4.7960585000018146,False,True,900,5.87581206518134,1.414488875761762,0.7053120704158143,-1.3289827964748526,-1.906562821371213,0.11111111111124818,0.4999999999988347,7.333333333333333
gbpusd_rsi2_m5_usd500000_smaller_stop_and_time_confirmed_rebound,2017-06-06T09:20:00+00:00,2017-06-06T10:15:00+00:00,31194,signal_exit,-0.8988164739992446,-2.9040919999975587,False,False,3300,6.181501625986152,1.3188972407862796,0.2967857983828895,-0.17316778565359833,-1.3964543353118786,0.9428571428580129,0.3999999999981796,9.333333333333334
gbpusd_rsi2_m5_usd500000_smaller_stop_and_time_confirmed_rebound,2017-06-06T12:45:00+00:00,2017-06-06T13:00:00+00:00,31235,signal_exit,2.3895029664009466,7.69814100000305,False,True,900,7.515006093419053,1.4291382136418853,-0.5454717333940743,-6.494499012421801,-2.5780189973665144,0.45679012345678,0.2999999999997449,12.75
gbpusd_rsi2_m5_usd500000_smaller_stop_and_time_confirmed_rebound,2017-06-07T07:30:00+00:00,2017-06-07T07:35:00+00:00,31454,stop,-3.2955799346386274,-10.634333445106895,True,False,300,4.465798525502716,1.2909112508102016,0.32028077410587974,-0.8752749366562872,-2.2007858896642243,0.27083333333323695,0.40000000000040004,7.5
gbpusd_rsi2_m5_usd500000_smaller_stop_and_time_confirmed_rebound,2017-06-07T07:45:00+00:00,2017-06-07T08:35:00+00:00,31457,target,2.6201683702391954,8.449430410316657,False,True,3000,4.876151370455322,1.3718460593184854,0.18269138283969086,-2.786853712873968,-1.9103325222289211,0.7999999999999192,0.0,7.75
gbpusd_rsi2_m5_usd500000_smaller_stop_and_time_confirmed_rebound,2017-06-07T10:20:00+00:00,2017-06-07T11:10:00+00:00,31488,signal_exit,-0.43466844064963905,-1.4035144999988345,False,False,3000,7.44147021797286,1.6305562861235896,0.24077800793763798,0.6261367972369449,-0.40656178037364527,0.6296296296295306,0.5999999999994898,10.333333333333334
gbpusd_rsi2_m5_usd500000_smaller_stop_and_time_confirmed_rebound,2017-06-08T09:35:00+00:00,2017-06-08T09:50:00+00:00,31765,stop,-3.742455230344919,-12.123275770472686,True,False,900,5.408521183478625,1.3159010139677887,0.6477676283959023,-0.7549433512179151,-1.7399163780405615,0.5999999999999013,0.0,9.583333333333334
gbpusd_rsi2_m5_usd500000_smaller_stop_and_time_confirmed_rebound,2017-06-08T10:00:00+00:00,2017-06-08T10:20:00+00:00,31770,signal_exit,-0.03276811199975285,-0.10607999999919991,False,False,1200,6.1960512282408615,1.4419983188933052,0.32273940324434763,-2.618688128411303,-1.8000630140077096,0.3614457831324431,0.2999999999997449,10.0
gbpusd_rsi2_m5_usd500000_smaller_stop_and_time_confirmed_rebound,2017-06-08T13:00:00+00:00,2017-06-08T13:35:00+00:00,31806,signal_exit,-0.49647391430004484,-1.604634500000145,False,False,2100,8.083021273118074,1.5791348898390032,-0.593361750602439,-5.232463473077207,-1.6449164767537006,0.39837398373997096,0.5000000000010552,13.0
gbpusd_rsi2_m5_usd500000_smaller_stop_and_time_confirmed_rebound,2017-06-08T14:20:00+00:00,2017-06-08T14:30:00+00:00,31822,signal_exit,1.391894107200641,4.4957820000020705,False,True,600,8.348513645809366,1.48229714970496,-1.1408422875451028,-5.451307147001918,-1.1824833495383378,0.8169014084507527,0.10000000000065512,14.333333333333334
gbpusd_rsi2_m5_usd500000_smaller_stop_and_time_confirmed_rebound,2017-06-09T09:15:00+00:00,2017-06-09T09:30:00+00:00,32047,signal_exit,0.28588948010091475,0.9096070000029104,False,True,900,14.805126964434844,1.023181126221672,-1.2611403119077318,-4.334539192261308,0.21015890802445747,0.6249999999999566,0.5999999999994898,9.25
gbpusd_rsi2_m5_usd500000_smaller_stop_and_time_confirmed_rebound,2017-06-09T12:10:00+00:00,2017-06-09T12:50:00+00:00,32082,stop,-7.987742678319685,-25.471118234437768,True,False,2400,11.889844261768369,0.8867816383342133,-0.26084453363827176,-1.9034970127662016,-1.4200238103979996,0.318181818181887,0.40000000000040004,12.166666666666666
gbpusd_rsi2_m5_usd500000_smaller_stop_and_time_confirmed_rebound,2017-06-12T07:00:00+00:00,2017-06-12T07:05:00+00:00,32305,stop,-3.602270396419967,-11.483169896142707,True,False,300,4.895705797774795,0.930665132940443,0.40073319222568704,-0.8769358433620424,-1.6750199551290266,0.06349206349211384,0.40000000000040004,7.0
gbpusd_rsi2_m5_usd500000_smaller_stop_and_time_confirmed_rebound,2017-06-12T07:10:00+00:00,2017-06-12T07:30:00+00:00,32307,signal_exit,1.445990556900855,4.608000500002725,False,True,1200,5.235072856244699,0.9868818400111513,0.3376592975581895,-1.738238139759113,-1.6801010684235598,0.09523809523799454,0.5999999999994898,7.166666666666667
gbpusd_rsi2_m5_usd500000_smaller_stop_and_time_confirmed_rebound,2017-06-12T08:20:00+00:00,2017-06-12T08:35:00+00:00,32321,signal_exit,0.3797011984508341,1.2088545000026556,False,True,900,5.742946528480155,1.0653643655328684,-0.29120178738698727,-3.345209453853844,-1.8042820342573127,0.365079365079214,0.40000000000040004,8.333333333333334
gbpusd_rsi2_m5_usd500000_smaller_stop_and_time_confirmed_rebound,2017-06-12T09:35:00+00:00,2017-06-12T09:50:00+00:00,32336,stop,-4.4027778996183855,-14.003746500058478,True,False,900,6.0570077453012034,1.100440286016354,-0.7222699165336388,-5.085309720626195,-1.8317963766681908,0.46575342465760927,0.5999999999994898,9.583333333333334
gbpusd_rsi2_m5_usd500000_smaller_stop_and_time_confirmed_rebound,2017-06-12T10:40:00+00:00,2017-06-12T11:05:00+00:00,32349,signal_exit,1.3271033614507326,4.211689500002325,False,True,1500,7.120633388174278,1.228784043340071,-1.3290733188225978,-8.922168242836467,-1.5655399308294424,0.14545454545427386,0.40000000000040004,10.666666666666666
gbpusd_rsi2_m5_usd500000_smaller_stop_and_time_confirmed_rebound,2017-06-12T12:25:00+00:00,2017-06-12T12:30:00+00:00,32370,stop,-4.275078037918952,-13.55446429270435,True,False,300,6.0338428308523255,1.041792778642176,-1.9266655036660583,-9.4771119484334,-1.6118767245346066,0.5555555555556241,0.1999999999990898,12.416666666666666
gbpusd_rsi2_m5_usd500000_smaller_stop_and_time_confirmed_rebound,2017-06-12T12:45:00+00:00,2017-06-12T12:50:00+00:00,32374,signal_exit,1.1091806957006882,3.51340100000218,False,True,300,6.5798075044764675,1.1168785064394517,-1.9751343322028556,-10.802184314320296,-1.5713053017980871,0.11111111111115027,0.40000000000040004,12.75
gbpusd_rsi2_m5_usd500000_smaller_stop_and_time_confirmed_rebound,2017-06-12T14:00:00+00:00,2017-06-12T14:40:00+00:00,32389,signal_exit,-1.1637532290994819,-3.686262999998359,False,False,2400,6.2602874492729,1.0663011090420527,-2.1584748671328526,-9.722063385056792,-1.436022412807477,0.30000000000009514,0.0,14.0
gbpusd_rsi2_m5_usd500000_smaller_stop_and_time_confirmed_rebound,2017-06-12T15:45:00+00:00,2017-06-12T16:30:00+00:00,32410,signal_exit,-1.5745634836993665,-4.985951499997993,False,False,2700,7.367034608275288,1.1877695492787457,-1.9335058531252158,-8.199283463605626,-0.8070024446840189,0.30952380952382214,0.2999999999997449,15.75
gbpusd_rsi2_m5_usd500000_smaller_stop_and_time_confirmed_rebound,2017-06-13T12:45:00+00:00,2017-06-13T12:50:00+00:00,32659,stop,-3.998101489926386,-12.72875354959053,True,False,300,5.619117943925105,1.007185214173357,1.8686487122616269,6.510271511229863,-0.7264599917233139,0.450704225352258,0.1999999999990898,12.75
gbpusd_rsi2_m5_usd500000_smaller_stop_and_time_confirmed_rebound,2017-06-13T14:30:00+00:00,2017-06-13T14:50:00+00:00,32680,signal_exit,1.8559942848007411,5.908928000002359,False,True,1200,6.077167832583447,1.0551812773424196,1.2418847644872606,4.973334451487169,0.5612645847683937,0.4444444444443759,0.40000000000040004,14.5
gbpusd_rsi2_m5_usd500000_smaller_stop_and_time_confirmed_rebound,2017-06-14T08:15:00+00:00,2017-06-14T08:20:00+00:00,32884,stop,-4.94162670058686,-15.787944730309457,True,False,300,7.147181516509026,1.5764612965254887,2.0516839668318054,5.238054059691641,-1.9327753460804848,0.2857142857142857,0.1999999999990898,8.25
gbpusd_rsi2_m5_usd500000_smaller_stop_and_time_confirmed_rebound,2017-06-14T08:35:00+00:00,2017-06-14T08:50:00+00:00,32888,stop,-6.05065909557187,-19.31266867402448,True,False,900,8.910098690467814,1.8121937979798468,1.606849486855719,1.891610971714694,-1.6878366497498642,0.2304347826087603,0.1999999999990898,8.583333333333334
gbpusd_rsi2_m5_usd500000_smaller_stop_and_time_confirmed_rebound,2017-06-14T10:25:00+00:00,2017-06-14T11:05:00+00:00,32910,signal_exit,-0.9389930833494394,-2.991376499998214,False,False,2400,8.653051524591529,1.4832434246993365,-0.3094528944485366,-2.18714098722593,-0.5762040247796693,0.7640449438201911,0.40000000000040004,10.416666666666666
gbpusd_rsi2_m5_usd500000_smaller_stop_and_time_confirmed_rebound,2017-06-14T13:50:00+00:00,2017-06-14T14:10:00+00:00,32951,signal_exit,1.2210369013008067,3.904819000002579,False,True,1200,10.662687666564988,1.5412317913208604,0.8143401582867624,5.015573343628343,0.3439053291315636,0.3629629629628838,0.40000000000040004,13.833333333333334
gbpusd_rsi2_m5_usd500000_smaller_stop_and_time_confirmed_rebound,2017-06-15T07:05:00+00:00,2017-06-15T07:10:00+00:00,33155,stop,-3.247994590754651,-10.35052450845969,True,False,300,4.279527787703369,0.9402433441610466,-0.5560673735682674,-2.8568894785611763,-0.6041803796644443,0.6341463414632033,0.4999999999988347,7.083333333333333
gbpusd_rsi2_m5_usd500000_smaller_stop_and_time_confirmed_rebound,2017-06-15T08:15:00+00:00,2017-06-15T08:20:00+00:00,33169,stop,-4.211757485244986,-13.404702371880923,True,False,300,5.8571986878949005,1.2112274209395462,-0.8826252435187307,-5.170023729989935,-1.2362162720813867,0.7837837837838568,0.40000000000040004,8.25
gbpusd_rsi2_m5_usd500000_smaller_stop_and_time_confirmed_rebound,2017-06-15T08:35:00+00:00,2017-06-15T09:15:00+00:00,33173,stop,-4.748474397098522,-15.098487749120896,True,False,2400,6.804551533865265,1.3532659980208341,-1.0006010167177153,-7.089614827100553,-1.714059930536962,0.2627118644068163,0.1999999999990898,8.583333333333334
gbpusd_rsi2_m5_usd500000_smaller_stop_and_time_confirmed_rebound,2017-06-15T10:35:00+00:00,2017-06-15T10:50:00+00:00,33197,signal_exit,0.8848620333999416,2.8108704999998144,False,True,900,6.897896107677381,1.2835385708311047,-1.791731852450423,-7.241983777638724,-0.5260067499160017,0.4358974358973191,0.5000000000010552,10.583333333333334
gbpusd_rsi2_m5_usd500000_smaller_stop_and_time_confirmed_rebound,2017-06-15T12:15:00+00:00,2017-06-15T12:55:00+00:00,33217,signal_exit,-1.4718440107994508,-4.691883999998249,False,False,2400,13.283116581881117,1.8104165629244968,0.09976204955330684,0.2742949124936387,-0.23304769633246403,0.581632653061421,0.3999999999981796,12.25
gbpusd_rsi2_m5_usd500000_smaller_stop_and_time_confirmed_rebound,2017-06-16T07:05:00+00:00,2017-06-16T07:35:00+00:00,33430,signal_exit,1.1916405967506027,3.805942500001925,False,True,1800,5.463106236329935,1.255516925105089,0.5037417647046504,1.3497283880930215,-0.5196589827254902,0.05434782608682798,0.40000000000040004,7.083333333333333
gbpusd_rsi2_m5_usd500000_smaller_stop_and_time_confirmed_rebound,2017-06-16T08:35:00+00:00,2017-06-16T08:45:00+00:00,33448,signal_exit,1.410837993000648,4.506030000002069,False,True,600,6.155894226391411,1.295304160613196,0.4409639630887103,0.5954239924086763,-0.8120989036014931,0.41176470588242975,0.40000000000040004,8.583333333333334
gbpusd_rsi2_m5_usd500000_smaller_stop_and_time_confirmed_rebound,2017-06-16T10:05:00+00:00,2017-06-16T10:30:00+00:00,33466,signal_exit,1.1916931975506027,3.806110500001924,False,True,1500,5.988074349411144,1.1996648796602567,0.23023428442503066,0.22678056866998642,-0.7402483825776521,0.7555555555554678,0.4999999999988347,10.083333333333334
gbpusd_rsi2_m5_usd500000_smaller_stop_and_time_confirmed_rebound,2017-06-16T11:30:00+00:00,2017-06-16T12:05:00+00:00,33483,signal_exit,-1.2504385850494064,-3.993735499998104,False,False,2100,4.87946811574795,0.9932184794759991,0.2167283888526017,0.4651179385401689,-0.4143922901443011,0.4444444444441018,0.1999999999990898,11.5
gbpusd_rsi2_m5_usd500000_smaller_stop_and_time_confirmed_rebound,2017-06-16T13:00:00+00:00,2017-06-16T13:05:00+00:00,33501,stop,-4.013963227031705,-12.828262150948243,True,False,300,5.517127424934272,1.1038102672641423,0.27040346568651186,1.852990702884441,0.6177953788254126,0.47499999999983344,0.5000000000010552,13.0
gbpusd_rsi2_m5_usd500000_smaller_stop_and_time_confirmed_rebound,2017-06-16T13:45:00+00:00,2017-06-16T14:05:00+00:00,33510,signal_exit,1.6926049801504086,5.405956500001305,False,True,1200,6.261392559875324,1.2056749163931657,0.2621379779293234,0.06078076315076861,-1.0177093250415794,0.6,0.4999999999988347,13.75
gbpusd_rsi2_m5_usd500000_smaller_stop_and_time_confirmed_rebound,2017-06-19T09:50:00+00:00,2017-06-19T10:20:00+00:00,33746,stop,-3.9122207972822496,-12.531136442287794,True,False,1800,5.367558335687166,1.2417882074900497,1.3245783965185658,5.669467272264509,0.47632218696789136,0.35416666666664737,0.4999999999988347,9.833333333333334
gbpusd_rsi2_m5_usd500000_smaller_stop_and_time_confirmed_rebound,2017-06-19T12:05:00+00:00,2017-06-19T12:15:00+00:00,33773,signal_exit,0.6576596875005907,2.10451100000189,False,True,600,5.4140101094252255,1.1918120710631506,0.6639976313342485,1.306883950985032,-1.18871645653632,0.41509433962273634,0.4999999999988347,12.083333333333334
gbpusd_rsi2_m5_usd500000_smaller_stop_and_time_confirmed_rebound,2017-06-19T12:35:00+00:00,2017-06-19T12:50:00+00:00,33779,stop,-4.347271122875973,-13.897925584641856,True,False,900,6.101890358485037,1.2969553880671514,0.4846874607921902,-1.1244247299617314,-2.0433542599762182,0.903846153845965,0.3999999999981796,12.583333333333334
gbpusd_rsi2_m5_usd500000_smaller_stop_and_time_confirmed_rebound,2017-06-19T13:00:00+00:00,2017-06-19T13:10:00+00:00,33784,stop,-4.78225541660911,-15.27389146154299,True,False,600,6.890254389675841,1.4045730004573216,0.23406225093126287,-3.0043920824200043,-1.709405715894993,0.23611111111109825,0.20000000000131024,13.0
gbpusd_rsi2_m5_usd500000_smaller_stop_and_time_confirmed_rebound,2017-06-19T13:20:00+00:00,2017-06-19T13:40:00+00:00,33788,signal_exit,1.6625239436002035,5.306492000000649,False,True,1200,7.098004883994395,1.4158638161421728,-0.038127131022769004,-4.456398523199989,-1.5753001639947586,0.8082191780824293,0.10000000000065512,13.333333333333334
gbpusd_rsi2_m5_usd500000_smaller_stop_and_time_confirmed_rebound,2017-06-19T14:50:00+00:00,2017-06-19T15:05:00+00:00,33806,stop,-4.853543523699744,-15.48673747192005,True,False,900,6.897206138175434,1.3161012174850406,-0.8608202867264728,-4.911977594963111,-1.5083930580430895,0.7352941176469627,0.40000000000040004,14.833333333333334
gbpusd_rsi2_m5_usd500000_smaller_stop_and_time_confirmed_rebound,2017-06-19T15:15:00+00:00,2017-06-19T16:00:00+00:00,33811,signal_exit,2.3262374430003407,7.408399500001084,False,True,2700,8.578013362478272,1.5358167405840255,-0.9632165633980249,-8.197480319616004,-2.3528268033307684,0.18965517241349608,0.40000000000040004,15.25
gbpusd_rsi2_m5_usd500000_smaller_stop_and_time_confirmed_rebound,2017-06-20T07:45:00+00:00,2017-06-20T08:15:00+00:00,34005,signal_exit,2.179433370900709,6.912253000002249,False,True,1800,10.555290721630895,2.3818280318405267,-0.370842075571121,-14.30288199560331,-2.2981726159434412,0.3999999999999645,0.40000000000040004,7.75
gbpusd_rsi2_m5_usd500000_smaller_stop_and_time_confirmed_rebound,2017-06-20T10:45:00+00:00,2017-06-20T11:35:00+00:00,34041,signal_exit,-0.058916050199253445,-0.18667949999763447,False,False,3000,6.45220538860695,1.3037770817584793,-1.995256905523916,-11.858249108956242,-1.9304837706328497,0.41818181818226596,0.3999999999981796,10.75
gbpusd_rsi2_m5_usd500000_smaller_stop_and_time_confirmed_rebound,2017-06-20T12:25:00+00:00,2017-06-20T13:10:00+00:00,34061,stop,-4.770326561964585,-15.105530595201344,True,False,2700,6.809935145331792,1.3159953220633787,-2.5274239229154696,-10.590992236598803,-1.3547506272588832,0.4140624999998821,0.1999999999990898,12.416666666666666
gbpusd_rsi2_m5_usd500000_smaller_stop_and_time_confirmed_rebound,2017-06-20T15:05:00+00:00,2017-06-20T15:35:00+00:00,34093,signal_exit,-0.2481304912490893,-0.7834874999971244,False,False,1800,9.387786620538842,1.5038271286252083,-2.5874598406812104,-11.623276971948394,-1.0004082699057042,0.3908045977010908,0.40000000000040004,15.083333333333334
gbpusd_rsi2_m5_usd500000_smaller_stop_and_time_confirmed_rebound,2017-06-21T07:45:00+00:00,2017-06-21T08:20:00+00:00,34287,signal_exit,-0.2163757061995841,-0.6817129999986896,False,False,2100,6.062751079563129,1.5497936148485514,-1.429427739236429,-10.063791013231345,-1.7981846819264569,0.12307692307669708,0.5000000000010552,7.75
gbpusd_rsi2_m5_usd500000_smaller_stop_and_time_confirmed_rebound,2017-06-21T13:30:00+00:00,2017-06-21T14:15:00+00:00,34356,stop,-5.712769677376982,-18.13002119129477,True,False,2700,8.221312841597381,1.2800462146776552,2.1855883966309664,6.208891433924476,-1.6786158869868264,0.31521739130447113,0.40000000000040004,13.5
gbpusd_rsi2_m5_usd500000_smaller_stop_and_time_confirmed_rebound,2017-06-21T14:25:00+00:00,2017-06-21T14:55:00+00:00,34367,signal_exit,-0.3744784937992187,-1.1865604999975246,False,False,1800,7.892304964470761,1.2093558311741122,1.549726420379558,2.5624927437380873,-1.3596210403301414,0.744680851063855,0.2999999999997449,14.416666666666666
gbpusd_rsi2_m5_usd500000_smaller_stop_and_time_confirmed_rebound,2017-06-21T15:35:00+00:00,2017-06-21T15:45:00+00:00,34381,signal_exit,0.446271467950551,1.4135935000017454,False,True,600,5.900360135716971,0.9346135559873233,0.6927291873897922,1.812939016495864,-0.5805152755321177,0.6956521739130644,0.1999999999990898,15.583333333333334
gbpusd_rsi2_m5_usd500000_smaller_stop_and_time_confirmed_rebound,2017-06-22T07:25:00+00:00,2017-06-22T08:00:00+00:00,34563,stop,-3.828648470067652,-12.131332287920316,True,False,2100,5.122479430740822,1.372855980221146,0.5255446886928618,0.15186830564303405,-1.0103629700425891,0.03773584905643777,0.6000000000017103,7.416666666666667
gbpusd_rsi2_m5_usd500000_smaller_stop_and_time_confirmed_rebound,2017-06-22T11:25:00+00:00,2017-06-22T11:30:00+00:00,34611,signal_exit,0.6669694728005965,2.1133380000018898,False,True,300,4.8553042655390435,1.1185151630879278,-0.057506083359291374,-0.31413455676849156,-0.29134695072466343,0.13513513513542708,0.4999999999988347,11.416666666666666
gbpusd_rsi2_m5_usd500000_smaller_stop_and_time_confirmed_rebound,2017-06-22T15:55:00+00:00,2017-06-22T16:10:00+00:00,34665,signal_exit,1.3938150379004468,4.413600500001414,False,True,900,5.047369579457908,1.0740822925118898,-0.06513512010869003,-1.018769805441602,-0.9864063157908216,0.28125000000056377,0.2999999999997449,15.916666666666666
gbpusd_rsi2_m5_usd500000_smaller_stop_and_time_confirmed_rebound,2017-06-23T08:55:00+00:00,2017-06-23T09:35:00+00:00,34861,stop,-4.481194229048313,-14.271319200790805,True,False,2400,6.24036826328637,1.4319418713391534,2.2920909034172263,7.403924900218923,-1.261680727420295,0.20000000000029605,0.4999999999988347,8.916666666666666
gbpusd_rsi2_m5_usd500000_smaller_stop_and_time_confirmed_rebound,2017-06-23T09:45:00+00:00,2017-06-23T09:55:00+00:00,34871,signal_exit,0.38017397985083456,1.2095895000026553,False,True,600,5.5975430431635225,1.261715484256256,1.8404587638081582,4.461268708760543,-1.4466135937330562,0.5454545454545914,0.1999999999990898,9.75
gbpusd_rsi2_m5_usd500000_smaller_stop_and_time_confirmed_rebound,2017-06-23T11:30:00+00:00,2017-06-23T12:00:00+00:00,34892,stop,-3.4358827263059353,-10.945787595750032,True,False,1800,4.577411257269663,1.0447682194136767,1.4801344928972402,6.293080115126735,0.422490828504769,0.5869565217392354,0.5000000000010552,11.5
gbpusd_rsi2_m5_usd500000_smaller_stop_and_time_confirmed_rebound,2017-06-23T12:10:00+00:00,2017-06-23T12:35:00+00:00,34900,signal_exit,0.0971751476003771,0.3092780000012002,False,True,1500,4.53698482475131,1.036791715807144,1.4580557339593025,3.876004954690233,-1.4112335036761603,0.9090909090910926,0.40000000000040004,12.166666666666666
gbpusd_rsi2_m5_usd500000_smaller_stop_and_time_confirmed_rebound,2017-06-23T13:00:00+00:00,2017-06-23T13:35:00+00:00,34910,stop,-3.5625382966269923,-11.338441427838932,True,False,2100,4.824067056266964,1.0888010555796779,1.155402907224433,3.424570608020721,-0.6251619902875122,0.8428571428570477,0.40000000000040004,13.0
gbpusd_rsi2_m5_usd500000_smaller_stop_and_time_confirmed_rebound,2017-06-23T15:50:00+00:00,2017-06-23T16:30:00+00:00,34944,signal_exit,-1.0647977069988677,-3.3910754999963935,False,False,2400,5.379334363873216,1.1051585486118098,0.9284574533669343,3.405516264676215,-0.3395682189869894,0.3142857142860043,0.4999999999988347,15.833333333333334
gbpusd_rsi2_m5_usd500000_smaller_stop_and_time_confirmed_rebound,2017-06-26T08:15:00+00:00,2017-06-26T08:15:00+00:00,35135,stop,-3.3446174454342747,-10.665234201002152,True,False,0,4.586688634603417,1.4048227516181835,0.9113745434445056,2.0733996195767914,-1.2423491313102162,0.29032258064488403,0.20000000000131024,8.25
gbpusd_rsi2_m5_usd500000_smaller_stop_and_time_confirmed_rebound,2017-06-26T08:30:00+00:00,2017-06-26T08:35:00+00:00,35138,target,2.9354074249604225,9.351409445557255,False,True,300,5.471521476028967,1.586984623213292,0.7112926240656979,-1.8425946294182116,-2.124161327632912,0.5106382978724108,0.2999999999997449,8.5
gbpusd_rsi2_m5_usd500000_smaller_stop_and_time_confirmed_rebound,2017-06-26T09:30:00+00:00,2017-06-26T09:35:00+00:00,35150,stop,-4.50241791340953,-14.329783301748979,True,False,300,6.3198428453762805,1.619090679041733,0.08220061741188588,-4.111586734177684,-1.7564428129146463,0.47500000000038856,0.3999999999981796,9.5
gbpusd_rsi2_m5_usd500000_smaller_stop_and_time_confirmed_rebound,2017-06-26T09:55:00+00:00,2017-06-26T10:00:00+00:00,35155,signal_exit,0.4749607305000565,1.5102090000001795,False,True,300,6.058061762934138,1.5150604386955853,-0.42639644783736774,-6.713275052461933,-1.4644703316169232,0.7777777777779605,0.2999999999997449,9.916666666666666
gbpusd_rsi2_m5_usd500000_smaller_stop_and_time_confirmed_rebound,2017-06-26T11:25:00+00:00,2017-06-26T11:45:00+00:00,35173,signal_exit,1.51047439065057,4.808896500001815,False,True,1200,6.445176191797294,1.4506083325499506,-0.5489047232974663,-2.019168790752798,-0.23584998908616384,0.5333333333330538,0.40000000000040004,11.416666666666666
gbpusd_rsi2_m5_usd500000_smaller_stop_and_time_confirmed_rebound,2017-06-26T13:15:00+00:00,2017-06-26T13:25:00+00:00,35195,signal_exit,0.31654319495042227,1.008420500001345,False,True,600,6.061810466663101,1.2797485664792212,-0.05540808262148334,-0.0292104861737513,-0.11262964009213348,0.681818181818113,0.30000000000196536,13.25
gbpusd_rsi2_m5_usd500000_smaller_stop_and_time_confirmed_rebound,2017-06-26T14:15:00+00:00,2017-06-26T14:45:00+00:00,35207,signal_exit,0.7874206612007189,2.5085080000022897,False,True,1800,6.32752788315621,1.2821096413838637,0.12642295050913474,-0.4881405262616817,-1.0414808457374678,0.1794871794869313,0.2999999999997449,14.25
gbpusd_rsi2_m5_usd500000_smaller_stop_and_time_confirmed_rebound,2017-06-26T15:35:00+00:00,2017-06-26T16:20:00+00:00,35223,stop,-3.7483795496974426,-11.937514489482302,True,False,2700,5.173344561801554,1.0562325406409616,0.008584509186036985,-0.9176539857589161,-0.8705769482912947,0.2702702702702541,0.2999999999997449,15.583333333333334
gbpusd_rsi2_m5_usd500000_smaller_stop_and_time_confirmed_rebound,2017-06-27T07:10:00+00:00,2017-06-27T07:45:00+00:00,35397,signal_exit,0.9769263500005592,3.1092500000017793,False,True,2100,3.316470585299885,1.148288637173958,0.4383993380534414,-1.3675048730642407,-1.9346208915549086,0.49999999999972244,0.5000000000010552,7.166666666666667
gbpusd_rsi2_m5_usd500000_smaller_stop_and_time_confirmed_rebound,2017-06-27T10:00:00+00:00,2017-06-27T10:20:00+00:00,35431,signal_exit,-0.15438872959987454,-0.49231099999959993,False,False,1200,7.004503973401128,1.688857942991324,1.0450349590800843,3.8176382115859075,-0.3030792442944946,0.7083333333332947,0.5000000000010552,10.0
gbpusd_rsi2_m5_usd500000_smaller_stop_and_time_confirmed_rebound,2017-06-28T08:25:00+00:00,2017-06-28T08:55:00+00:00,35698,signal_exit,2.5904439600007922,8.302705000002538,False,True,1800,7.099917044241536,1.5585514221784824,0.49321774455659584,1.9315056819982093,0.0037198428265103503,0.24074074074067983,0.2999999999997449,8.416666666666666
gbpusd_rsi2_m5_usd500000_smaller_stop_and_time_confirmed_rebound,2017-06-28T10:10:00+00:00,2017-06-28T10:20:00+00:00,35719,signal_exit,2.1529471396000095,6.90268400000003,False,True,600,6.286196261371177,1.2676611720208617,0.6465004713702204,1.3833329622841504,-1.1616197625991287,0.30769230769158507,0.30000000000196536,10.166666666666666
gbpusd_rsi2_m5_usd500000_smaller_stop_and_time_confirmed_rebound,2017-06-28T11:40:00+00:00,2017-06-28T12:00:00+00:00,35737,signal_exit,1.8085209598505314,5.802120500001704,False,True,1200,4.9823403905456995,1.0129701278367422,0.6719067150757485,2.567791259626243,0.06997828045115469,0.41860465116301887,0.4999999999988347,11.666666666666666
gbpusd_rsi2_m5_usd500000_smaller_stop_and_time_confirmed_rebound,2017-06-28T15:20:00+00:00,2017-06-28T16:00:00+00:00,35781,signal_exit,-0.5270035169988749,-1.705512999996359,False,False,2400,12.478290547759759,1.5899600232582658,3.269424521456542,12.220714577912585,-0.8778553784207347,0.09523809523819594,0.4999999999988347,15.333333333333334
gbpusd_rsi2_m5_usd500000_smaller_stop_and_time_confirmed_rebound,2017-06-29T08:05:00+00:00,2017-06-29T08:10:00+00:00,35979,stop,-4.8943256485611455,-15.89582867346913,True,False,300,7.143792619477607,1.4859014932306909,2.1225884358047282,9.134669478769272,0.466878755632972,0.3879310344828692,0.2999999999997449,8.083333333333334
gbpusd_rsi2_m5_usd500000_smaller_stop_and_time_confirmed_rebound,2017-06-29T08:20:00+00:00,2017-06-29T08:30:00+00:00,35982,signal_exit,3.1707717132007147,10.291372000002319,False,True,600,7.44628731231505,1.5115794259381388,2.0751490458296833,7.1526669170769885,-0.7296080193945282,0.6142857142858049,0.2999999999997449,8.333333333333334
gbpusd_rsi2_m5_usd500000_smaller_stop_and_time_confirmed_rebound,2017-06-29T09:50:00+00:00,2017-06-29T10:50:00+00:00,36000,holding_bars,-2.2220088943490333,-7.207294499996864,False,False,3600,8.940827836529678,1.5996253803206493,1.6741882101382026,3.2292092638457683,-1.9288836461455012,0.13114754098373785,0.1999999999990898,9.833333333333334
gbpusd_rsi2_m5_usd500000_smaller_stop_and_time_confirmed_rebound,2017-06-30T10:35:00+00:00,2017-06-30T10:35:00+00:00,36293,stop,-4.362018627234585,-14.16239814037203,True,False,0,6.227180021487306,1.2364521781316975,-0.7817188718164327,-4.408237906647631,-1.4686345966495717,0.7307692307699534,0.40000000000040004,10.583333333333334
gbpusd_rsi2_m5_usd500000_smaller_stop_and_time_confirmed_rebound,2017-06-30T10:45:00+00:00,2017-06-30T10:55:00+00:00,36295,target,3.825448477972067,12.408201355731647,False,True,600,7.058129712404991,1.3598674723862287,-0.8435349605447718,-6.64270901526763,-2.3028340477780347,0.44999999999987045,0.40000000000040004,10.75
gbpusd_rsi2_m5_usd500000_smaller_stop_and_time_confirmed_rebound,2017-06-30T13:55:00+00:00,2017-06-30T14:05:00+00:00,36333,signal_exit,1.8467188359002449,5.991949500000794,False,True,600,6.733322886862859,1.2103428097561613,-0.9183018551735931,-4.1143521446979925,-0.5837210460493245,0.29850746268655726,0.2999999999997449,13.916666666666666
gbpusd_rsi2_m5_usd500000_smaller_stop_and_time_confirmed_rebound,2017-06-30T14:50:00+00:00,2017-06-30T14:55:00+00:00,36344,target,4.537096487443876,14.711726612982737,False,True,300,8.159736647272878,1.3825426384195336,-0.789094468794959,-5.043764427580652,-1.6555259384780052,0.6545454545452417,0.2999999999997449,14.833333333333334
gbpusd_rsi2_m5_usd500000_smaller_stop_and_time_confirmed_rebound,2017-07-03T08:30:00+00:00,2017-07-03T08:30:00+00:00,36553,stop,-4.4276151676118936,-14.389389559999653,True,False,0,5.990291190191793,1.4880934303086815,0.021389408762503004,-3.6889675134748923,-1.7390231717068407,0.20408163265299648,1.100000000000545,8.5
gbpusd_rsi2_m5_usd500000_smaller_stop_and_time_confirmed_rebound,2017-07-03T08:45:00+00:00,2017-07-03T08:55:00+00:00,36556,stop,-5.074352369407824,-16.47517003054488,True,False,600,7.383662443458891,1.7117373188511749,-0.1637971638479976,-6.040527799543543,-1.7543863943892082,0.36666666666651865,0.40000000000040004,8.75
gbpusd_rsi2_m5_usd500000_smaller_stop_and_time_confirmed_rebound,2017-07-03T09:05:00+00:00,2017-07-03T09:35:00+00:00,36560,signal_exit,2.895579034750951,9.392082500003085,False,True,1800,7.200327547054278,1.6319287390152186,-0.49425880542592815,-8.264703843287807,-1.5833288773357228,0.3518518518515549,0.2999999999997449,9.083333333333334
gbpusd_rsi2_m5_usd500000_smaller_stop_and_time_confirmed_rebound,2017-07-03T10:20:00+00:00,2017-07-03T10:50:00+00:00,36575,stop,-3.9300895620101075,-12.747614537820654,True,False,1800,5.570183475333057,1.2448108575534953,-1.539718727095926,-6.831728858372991,-0.8499221533251224,0.20000000000022206,0.2999999999997449,10.333333333333334
gbpusd_rsi2_m5_usd500000_smaller_stop_and_time_confirmed_rebound,2017-07-03T11:25:00+00:00,2017-07-03T11:40:00+00:00,36588,signal_exit,1.3871088756006391,4.493388000002071,False,True,900,6.192348897974009,1.3055863453986356,-1.6563826573476315,-9.157893483797354,-1.734922454080774,0.4035087719296127,0.1999999999990898,11.416666666666666
gbpusd_rsi2_m5_usd500000_smaller_stop_and_time_confirmed_rebound,2017-07-03T14:30:00+00:00,2017-07-03T14:45:00+00:00,36625,signal_exit,1.4499821602003582,4.694018000001159,False,True,900,7.567780144236716,1.382543396544629,-1.2543595438520017,-7.650150199041701,-2.080165652089508,0.24418604651171796,0.40000000000040004,14.5
gbpusd_rsi2_m5_usd500000_smaller_stop_and_time_confirmed_rebound,2017-07-04T08:40:00+00:00,2017-07-04T09:40:00+00:00,36835,holding_bars,-1.3623404602495373,-4.404592499998504,False,False,3600,7.10810857981074,1.549026096098891,-0.38406196935221204,-5.293379032574839,-1.7099290147967088,0.5147058823527106,0.40000000000040004,8.666666666666666
gbpusd_rsi2_m5_usd500000_smaller_stop_and_time_confirmed_rebound,2017-07-04T12:45:00+00:00,2017-07-04T12:50:00+00:00,36884,signal_exit,0.8648817541006296,2.7953515000020346,False,True,300,4.0927272704533975,0.9137263640405167,-0.6931754825971551,-4.409137871619756,-1.9637314478545551,0.3030303030303234,0.2999999999997449,12.75
gbpusd_rsi2_m5_usd500000_smaller_stop_and_time_confirmed_rebound,2017-07-04T15:25:00+00:00,2017-07-04T16:05:00+00:00,36916,signal_exit,-1.2695472125996161,-4.104581999998758,False,False,2400,4.910840385273568,1.063862852825288,-0.5425922582845523,-2.941618415360694,-1.2629871099454797,0.10344827586193696,0.2999999999997449,15.416666666666666
gbpusd_rsi2_m5_usd500000_smaller_stop_and_time_confirmed_rebound,2017-07-05T07:40:00+00:00,2017-07-05T07:50:00+00:00,37099,signal_exit,2.0428990408507754,6.596380500002503,False,True,600,6.0466616936507895,1.4915013268832096,-0.6517874626124301,-5.917240921544147,-1.6685087730508337,0.7878787878787064,0.1999999999990898,7.666666666666667
gbpusd_rsi2_m5_usd500000_smaller_stop_and_time_confirmed_rebound,2017-07-05T08:30:00+00:00,2017-07-05T09:05:00+00:00,37109,target,2.7475340712395546,8.871598550983386,False,True,2100,5.837659343567259,1.3806550818966294,-0.7835415940668579,-5.457662417662909,-1.0858390753270262,0.18604651162812313,1.4999999999987246,8.5
gbpusd_rsi2_m5_usd500000_smaller_stop_and_time_confirmed_rebound,2017-07-05T10:25:00+00:00,2017-07-05T10:45:00+00:00,37132,signal_exit,1.0518828877504722,3.396457500001525,False,True,1200,6.122474784350549,1.2955714356048718,-0.7743711716585158,-3.840379760906374,-0.8976040170951616,0.13636363636354462,0.20000000000131024,10.416666666666666
gbpusd_rsi2_m5_usd500000_smaller_stop_and_time_confirmed_rebound,2017-07-05T13:40:00+00:00,2017-07-05T13:55:00+00:00,37171,signal_exit,2.135755927300009,6.896209000000028,False,True,900,4.448698713113387,0.9728848622234485,-0.37369121349967266,-2.8546601297925935,-1.632818178309791,0.3809523809521544,0.30000000000196536,13.666666666666666
gbpusd_rsi2_m5_usd500000_smaller_stop_and_time_confirmed_rebound,2017-07-06T08:55:00+00:00,2017-07-06T09:20:00+00:00,37397,target,2.343384694011382,7.581315736044587,False,True,1500,4.443450888803005,1.1921786636394325,0.14616684816346528,0.10842404431149168,-0.09867373345867905,0.599999999999926,0.0,8.916666666666666
gbpusd_rsi2_m5_usd500000_smaller_stop_and_time_confirmed_rebound,2017-07-06T11:05:00+00:00,2017-07-06T11:45:00+00:00,37423,signal_exit,-1.45205026799946,-4.706807999998249,False,False,2400,6.413051354003893,1.4401055825723932,1.1198080314634071,4.189378347239497,-0.3085014296706474,0.426229508196966,0.3999999999981796,11.083333333333334
gbpusd_rsi2_m5_usd500000_smaller_stop_and_time_confirmed_rebound,2017-07-06T13:55:00+00:00,2017-07-06T14:05:00+00:00,37457,signal_exit,2.5028565040010666,8.094620000003449,False,True,600,6.999201090507868,1.3666626609214858,0.18210118728355412,-1.9245892302976852,-2.0346413456681,0.22448979591848295,0.09999999999843467,13.916666666666666
gbpusd_rsi2_m5_usd500000_smaller_stop_and_time_confirmed_rebound,2017-07-07T08:45:00+00:00,2017-07-07T09:45:00+00:00,37676,holding_bars,-0.8676391268990422,-2.804263499996904,False,False,3600,7.943261686111142,1.850817186627972,-0.6038032087577861,-9.652678003277005,-2.394980358579078,0.10810810810822165,0.3999999999981796,8.75
gbpusd_rsi2_m5_usd500000_smaller_stop_and_time_confirmed_rebound,2017-07-07T10:25:00+00:00,2017-07-07T10:30:00+00:00,37696,signal_exit,1.5175304061007653,4.896839000002469,False,True,300,5.896979383026731,1.3215025412274957,-2.1688786278936814,-11.748116209724644,-2.0185483281621233,0.20588235294121487,0.1999999999990898,10.416666666666666
gbpusd_rsi2_m5_usd500000_smaller_stop_and_time_confirmed_rebound,2017-07-07T12:15:00+00:00,2017-07-07T12:30:00+00:00,37718,stop,-4.892365445298783,-15.78691657082537,True,False,900,6.9923132663787495,1.4239287961641411,-2.3457658742467373,-9.035794841583526,-0.26943244691192364,0.7385620915033021,0.4999999999988347,12.25
gbpusd_rsi2_m5_usd500000_smaller_stop_and_time_confirmed_rebound,2017-07-07T13:05:00+00:00,2017-07-07T14:05:00+00:00,37728,holding_bars,1.3031496816007215,4.198291500002324,False,True,3600,12.230263453127913,2.0061245562343624,-1.7358196392794671,-9.554546153795032,-1.9992894394861502,0.42187500000000544,0.3999999999981796,13.083333333333334
gbpusd_rsi2_m5_usd500000_smaller_stop_and_time_confirmed_rebound,2017-07-07T14:25:00+00:00,2017-07-07T15:20:00+00:00,37744,signal_exit,1.8308307680007325,5.89829500000236,False,True,3300,7.915462927099875,1.2915018617736789,-1.860308388077631,-8.342084522029928,-1.1540108695523845,0.2857142857139836,0.40000000000040004,14.416666666666666
gbpusd_rsi2_m5_usd500000_smaller_stop_and_time_confirmed_rebound,2017-07-10T07:00:00+00:00,2017-07-10T07:30:00+00:00,37937,stop,-2.526813649939812,-8.151011773999393,True,False,1800,3.2743567394869495,1.0127666029916367,0.266369633342048,-1.4291028874068639,-2.030145020128221,0.36363636363590485,0.2999999999997449,7.0
gbpusd_rsi2_m5_usd500000_smaller_stop_and_time_confirmed_rebound,2017-07-10T07:45:00+00:00,2017-07-10T07:50:00+00:00,37946,target,1.8286395804219646,5.895034108388022,False,True,300,3.698621505946344,1.118582483927622,0.013941759650927582,-3.6891688705383143,-1.616231129731628,0.3333333333330592,0.20000000000131024,7.75
gbpusd_rsi2_m5_usd500000_smaller_stop_and_time_confirmed_rebound,2017-07-10T08:50:00+00:00,2017-07-10T08:55:00+00:00,37959,stop,-3.7449902366333245,-12.06116018239396,True,False,300,5.2801293957267905,1.4429630289566941,-0.5484759175646143,-5.633645236605817,-2.346386201275453,0.20338983050827045,0.1999999999990898,8.833333333333334
gbpusd_rsi2_m5_usd500000_smaller_stop_and_time_confirmed_rebound,2017-07-10T09:05:00+00:00,2017-07-10T09:40:00+00:00,37962,stop,-4.128972416719241,-13.293536435026533,True,False,2100,5.796517595630965,1.530391388318894,-0.6922973448090932,-6.645149225172691,-1.9157588251331332,0.22972972972974595,0.3999999999981796,9.083333333333334
gbpusd_rsi2_m5_usd500000_smaller_stop_and_time_confirmed_rebound,2017-07-10T12:10:00+00:00,2017-07-10T12:40:00+00:00,37999,signal_exit,1.3652601008004392,4.398389500001414,False,True,1800,4.6877760033018925,1.1468664354797473,-0.6524713775601345,-2.9064407841633444,-0.6184525946688371,0.5624999999999422,0.2999999999997449,12.166666666666666
gbpusd_rsi2_m5_usd500000_smaller_stop_and_time_confirmed_rebound,2017-07-10T14:15:00+00:00,2017-07-10T14:25:00+00:00,38024,signal_exit,0.4971253770002595,1.599502500000835,False,True,600,5.043626801196984,1.1653631685279593,-0.751364552597163,-5.287965728647041,-1.8036666572878934,0.10810810810822165,0.20000000000131024,14.25
gbpusd_rsi2_m5_usd500000_smaller_stop_and_time_confirmed_rebound,2017-07-11T12:45:00+00:00,2017-07-11T12:50:00+00:00,38288,stop,-4.5904368491737175,-14.807860803786184,True,False,300,6.502922254173627,1.573935809252846,1.023272053366591,-0.03493476902735844,-2.0144068899085195,0.5970149253731145,0.4999999999988347,12.75
gbpusd_rsi2_m5_usd500000_smaller_stop_and_time_confirmed_rebound,2017-07-11T13:15:00+00:00,2017-07-11T13:45:00+00:00,38294,signal_exit,2.4870953821501787,7.999663500000575,False,True,1800,8.912251188220026,1.9180843562528018,0.39478303149073624,-7.389105358146065,-2.0713207086452967,0.10439560439556016,0.5000000000010552,13.25
gbpusd_rsi2_m5_usd500000_smaller_stop_and_time_confirmed_rebound,2017-07-11T14:15:00+00:00,2017-07-11T14:35:00+00:00,38306,stop,-5.463179352677249,-17.572143302274842,True,False,1200,7.936326422562474,1.6055124847024465,-0.7771384169731799,-6.100028265999203,-0.8441471050760512,0.530612244898047,0.40000000000040004,14.25
gbpusd_rsi2_m5_usd500000_smaller_stop_and_time_confirmed_rebound,2017-07-11T15:15:00+00:00,2017-07-11T15:25:00+00:00,38318,signal_exit,2.5226591850010744,8.10102500000345,False,True,600,7.548425783194706,1.446586035389517,-1.5664890149847783,-8.711777017466689,-1.4581874868495819,0.6666666666667965,0.2999999999997449,15.25
gbpusd_rsi2_m5_usd500000_smaller_stop_and_time_confirmed_rebound,2017-07-12T08:05:00+00:00,2017-07-12T08:10:00+00:00,38515,signal_exit,0.7182289726003055,2.3027540000009794,False,True,300,5.652884997867838,1.2122843243772794,-1.6350812726158,-7.162344940630304,-1.3425480389455149,0.6511627906979146,0.40000000000040004,8.083333333333334
gbpusd_rsi2_m5_usd500000_smaller_stop_and_time_confirmed_rebound,2017-07-12T10:20:00+00:00,2017-07-12T10:35:00+00:00,38542,signal_exit,0.7775357650007122,2.50011500000229,False,True,900,6.341652430813444,1.190212205849884,0.21749971134598647,0.7575977694907448,-0.4544997423903947,0.3571428571430082,0.2999999999997449,10.333333333333334
gbpusd_rsi2_m5_usd500000_smaller_stop_and_time_confirmed_rebound,2017-07-12T13:55:00+00:00,2017-07-12T14:15:00+00:00,38585,signal_exit,0.8383208922004286,2.6990370000013795,False,True,1200,10.503211460283552,1.5741243654110368,0.9442024733450166,1.5603056895314924,-1.47814990419328,0.7244094488186884,0.30000000000196536,13.916666666666666
gbpusd_rsi2_m5_usd500000_smaller_stop_and_time_confirmed_rebound,2017-07-13T08:00:00+00:00,2017-07-13T08:20:00+00:00,38793,signal_exit,1.5128794406007635,4.89446600000247,False,True,1200,5.932987992374147,1.3291631810170386,1.9617811524549644,8.001745772988059,0.108631994295852,0.13043478260854874,0.1999999999990898,8.0
gbpusd_rsi2_m5_usd500000_smaller_stop_and_time_confirmed_rebound,2017-07-13T08:50:00+00:00,2017-07-13T09:30:00+00:00,38803,signal_exit,-0.15613939219987633,-0.5051419999995999,False,False,2400,6.064854731601541,1.311330441739927,2.0861033505145814,6.284606213866032,-1.3159338263118514,0.9811320754715795,0.40000000000040004,8.833333333333334
gbpusd_rsi2_m5_usd500000_smaller_stop_and_time_confirmed_rebound,2017-07-13T10:10:00+00:00,2017-07-13T10:55:00+00:00,38819,signal_exit,0.6483201634005847,2.09541100000189,False,True,2700,6.082667703651447,1.2591719771946854,1.3934346810094755,3.3217379410204653,-1.884989769097457,0.38709677419353683,0.2999999999997449,10.166666666666666
gbpusd_rsi2_m5_usd500000_smaller_stop_and_time_confirmed_rebound,2017-07-14T07:25:00+00:00,2017-07-14T07:45:00+00:00,39065,signal_exit,2.003764488000571,6.493080000001849,False,True,1200,4.813570528866717,1.3195658440748914,1.2028812227004655,2.530273113712069,-2.082941507276102,0.11904761904784562,0.1999999999990898,7.416666666666667
gbpusd_rsi2_m5_usd500000_smaller_stop_and_time_confirmed_rebound,2017-07-14T08:05:00+00:00,2017-07-14T08:35:00+00:00,39073,signal_exit,-0.18722942124939365,-0.6069024999980345,False,False,1800,5.15059033802483,1.3520634210261038,0.9990083014460018,2.9654278730379526,-0.7356618689945296,0.5714285714288304,0.3999999999981796,8.083333333333334
gbpusd_rsi2_m5_usd500000_smaller_stop_and_time_confirmed_rebound,2017-07-14T12:20:00+00:00,2017-07-14T12:30:00+00:00,39124,target,1.8700743532435191,6.06969929647361,False,True,600,3.789089766378597,0.9843832535287155,1.4389513376128966,5.504327396195171,-0.07688792104809039,0.12765957446792428,0.20000000000131024,12.333333333333334
gbpusd_rsi2_m5_usd500000_smaller_stop_and_time_confirmed_rebound,2017-07-14T15:55:00+00:00,2017-07-14T16:05:00+00:00,39167,signal_exit,1.4626542070505548,4.784606500001814,False,True,600,8.540246310825484,1.3884721261528277,3.9421687135294574,14.130074319739155,-0.657574179829833,0.6153846153848344,0.2999999999997449,15.916666666666666
gbpusd_rsi2_m5_usd500000_smaller_stop_and_time_confirmed_rebound,2017-07-17T07:35:00+00:00,2017-07-17T07:40:00+00:00,39351,stop,-3.3935887579620667,-11.10831017336192,True,False,300,4.69638996033039,1.214488947237475,0.5896653354725379,1.263335398714363,-0.5536162658751055,0.6065573770491505,0.40000000000040004,7.583333333333333
gbpusd_rsi2_m5_usd500000_smaller_stop_and_time_confirmed_rebound,2017-07-17T08:00:00+00:00,2017-07-17T08:25:00+00:00,39356,signal_exit,0.8818423962008223,2.88466600000269,False,True,1500,4.806430203079408,1.223156276471761,0.34974205674863595,-1.179220602068237,-1.3865821964226899,0.6923076923074734,0.2999999999997449,8.0
gbpusd_rsi2_m5_usd500000_smaller_stop_and_time_confirmed_rebound,2017-07-17T10:15:00+00:00,2017-07-17T10:35:00+00:00,39383,signal_exit,0.7296417040505002,2.385229500001635,False,True,1200,4.878237973714834,1.1703247874016227,-0.25893364220519993,-2.6892096400165286,-2.2521603726138477,0.03333333333355538,0.2999999999997449,10.25
gbpusd_rsi2_m5_usd500000_smaller_stop_and_time_confirmed_rebound,2017-07-17T11:20:00+00:00,2017-07-17T11:45:00+00:00,39396,signal_exit,0.3015359190004116,0.985411500001345,False,True,1500,5.1016089915250555,1.17461650519269,-0.4475587971100995,-2.698979833672362,-0.7460060818870033,0.5526315789474145,0.2999999999997449,11.333333333333334
gbpusd_rsi2_m5_usd500000_smaller_stop_and_time_confirmed_rebound,2017-07-17T15:00:00+00:00,2017-07-17T15:45:00+00:00,39440,stop,-4.197712717780452,-13.72249989467294,True,False,2700,5.954178093570414,1.2922841136691916,-0.19066207743545627,-1.83159563552692,-1.1435213649779976,0.6761904761904681,0.5000000000010552,15.0
gbpusd_rsi2_m5_usd500000_smaller_stop_and_time_confirmed_rebound,2017-07-18T08:55:00+00:00,2017-07-18T09:40:00+00:00,39648,signal_exit,3.125575775400511,10.187665500001664,False,True,2700,11.497137682303482,2.1380235442303577,0.19813537300256115,-9.473142163163681,-1.699644774163662,0.25423728813552626,0.5999999999994898,8.916666666666666
gbpusd_rsi2_m5_usd500000_smaller_stop_and_time_confirmed_rebound,2017-07-18T10:25:00+00:00,2017-07-18T11:10:00+00:00,39666,stop,-6.50687557174553,-21.20885127687591,True,False,2700,9.74881134683555,1.6272007069222532,-1.6602928738513998,-7.257269432970333,-0.734891389373757,0.05102040816337397,0.40000000000040004,10.416666666666666
gbpusd_rsi2_m5_usd500000_smaller_stop_and_time_confirmed_rebound,2017-07-18T11:20:00+00:00,2017-07-18T11:35:00+00:00,39677,signal_exit,1.7783665152005237,5.788953500001705,False,True,900,8.194868070245509,1.3501493279601982,-1.6415403252070662,-8.979175418460933,-1.763548393698435,0.2857142857142291,0.40000000000040004,11.333333333333334
gbpusd_rsi2_m5_usd500000_smaller_stop_and_time_confirmed_rebound,2017-07-19T08:05:00+00:00,2017-07-19T08:20:00+00:00,39920,signal_exit,1.6849314320006015,5.488376000001959,False,True,900,5.761661762672748,1.4579100322312226,-0.20508302136963033,-4.438852081625028,-1.7075853124110993,0.10000000000011103,0.3999999999981796,8.083333333333334
gbpusd_rsi2_m5_usd500000_smaller_stop_and_time_confirmed_rebound,2017-07-19T10:00:00+00:00,2017-07-19T10:15:00+00:00,39943,signal_exit,1.3773644379006351,4.4879910000020695,False,True,900,4.771567017418415,1.1649404091797608,-0.4739129038892262,-2.338275131327147,-0.7671027682390898,0.3809523809521544,0.20000000000131024,10.0
gbpusd_rsi2_m5_usd500000_smaller_stop_and_time_confirmed_rebound,2017-07-19T11:25:00+00:00,2017-07-19T11:30:00+00:00,39960,stop,-3.995842204701842,-13.03275343999296,True,False,300,5.660318331138595,1.278457907062835,0.05600313305201746,-0.018406968756451116,-0.13113826988486363,0.17647058823514045,0.40000000000040004,11.416666666666666
gbpusd_rsi2_m5_usd500000_smaller_stop_and_time_confirmed_rebound,2017-07-19T11:40:00+00:00,2017-07-19T12:05:00+00:00,39963,signal_exit,0.9779886610007471,3.187707500002435,False,True,1500,5.991260704632402,1.325781840718,0.0008918628076760823,-1.2284990287993545,-0.9344748427839807,0.872727272727258,0.5000000000010552,11.666666666666666
gbpusd_rsi2_m5_usd500000_smaller_stop_and_time_confirmed_rebound,2017-07-19T14:05:00+00:00,2017-07-19T14:30:00+00:00,39992,signal_exit,0.7943264059502224,2.588225500000725,False,True,1500,6.5263700030820395,1.3324871419966693,-0.16616620394202444,-2.359901868206615,-1.6220997300047224,0.7232142857142592,0.40000000000040004,14.083333333333334
gbpusd_rsi2_m5_usd500000_smaller_stop_and_time_confirmed_rebound,2017-07-20T07:40:00+00:00,2017-07-20T08:05:00+00:00,40200,stop,-4.452414197034725,-14.469984390753085,True,False,1500,6.380488512475,1.7234549574072364,-0.46635059448815347,-8.813643884389425,-2.30750081616342,0.2619047619043087,0.40000000000040004,7.666666666666667
gbpusd_rsi2_m5_usd500000_smaller_stop_and_time_confirmed_rebound,2017-07-20T09:20:00+00:00,2017-07-20T09:30:00+00:00,40220,stop,-6.089011407450816,-19.775938315851953,True,False,600,9.033911844841084,1.8561674684556388,-1.4403110090576172,-7.563408244558039,-1.175416904756253,0.5476190476191105,0.40000000000040004,9.333333333333334
gbpusd_rsi2_m5_usd500000_smaller_stop_and_time_confirmed_rebound,2017-07-20T11:05:00+00:00,2017-07-20T12:00:00+00:00,40241,signal_exit,0.7083343952009883,2.2938290000032002,False,True,3300,8.665427634328333,1.531270859958158,-2.2420539199300786,-11.320070738479671,-1.621161768439603,0.1238938053097519,0.4999999999988347,11.083333333333334
gbpusd_rsi2_m5_usd500000_smaller_stop_and_time_confirmed_rebound,2017-07-20T15:50:00+00:00,2017-07-20T16:50:00+00:00,40298,holding_bars,-2.096948545998911,-6.808274499996463,False,False,3600,8.941569993055467,1.2991050144891365,-0.36460746904047914,-1.8288640053185812,-0.5584111780054045,0.3333333333334455,0.3999999999981796,15.833333333333334
gbpusd_rsi2_m5_usd500000_smaller_stop_and_time_confirmed_rebound,2017-07-21T11:00:00+00:00,2017-07-21T11:05:00+00:00,40518,signal_exit,2.179339043800412,7.08958700000134,False,True,300,6.1835121795716,1.2400233442051587,1.21162464408045,3.4445803395842596,-1.0862230372598782,0.5492957746477419,0.20000000000131024,11.0
gbpusd_rsi2_m5_usd500000_smaller_stop_and_time_confirmed_rebound,2017-07-21T12:15:00+00:00,2017-07-21T12:35:00+00:00,40533,signal_exit,2.3962546002004568,7.7901645000014845,False,True,1200,5.28213060806063,1.0553486995279637,0.9784645066267759,1.1564579773240196,-1.5537852311595224,0.2800000000002132,0.40000000000040004,12.25
gbpusd_rsi2_m5_usd500000_smaller_stop_and_time_confirmed_rebound,2017-07-21T13:50:00+00:00,2017-07-21T14:10:00+00:00,40552,target,3.4320781923555956,11.143111014141544,False,True,1200,6.4259439151070215,1.2201359756263823,0.26506969222004345,-2.2840681281450608,-2.16567420679578,0.27272727272741953,0.40000000000040004,13.833333333333334
gbpusd_rsi2_m5_usd500000_smaller_stop_and_time_confirmed_rebound,2017-07-21T15:15:00+00:00,2017-07-21T15:20:00+00:00,40569,stop,-5.796441948921179,-18.819616717276553,True,False,300,8.60587431423976,1.4590597515589985,-0.15923787091660035,-1.5416061168442996,-0.615909068587486,0.7410714285715189,0.2999999999997449,15.25
gbpusd_rsi2_m5_usd500000_smaller_stop_and_time_confirmed_rebound,2017-07-24T08:20:00+00:00,2017-07-24T08:25:00+00:00,40768,signal_exit,2.332141339150736,7.589135500002395,False,True,300,5.479709499783105,1.3282142488328428,0.20298103084372912,1.1770797285027377,0.15891034388761072,0.7307692307699534,0.3999999999981796,8.333333333333334
gbpusd_rsi2_m5_usd500000_smaller_stop_and_time_confirmed_rebound,2017-07-24T10:10:00+00:00,2017-07-24T10:40:00+00:00,40790,signal_exit,-0.8623647752997315,-2.812670499999124,False,False,1800,7.117143830566434,1.4338153669599938,1.2072911312564196,6.03219037691461,0.453440324262513,0.6612903225806105,0.40000000000040004,10.166666666666666
gbpusd_rsi2_m5_usd500000_smaller_stop_and_time_confirmed_rebound,2017-07-24T13:45:00+00:00,2017-07-24T13:55:00+00:00,40833,signal_exit,0.6408753318005801,2.08822200000189,False,True,600,5.100196465129146,1.0378568731383462,0.7197987556226101,1.3630728996691943,-1.4191480969476291,0.34782608695650774,0.2999999999997449,13.75
gbpusd_rsi2_m5_usd500000_smaller_stop_and_time_confirmed_rebound,2017-07-24T15:50:00+00:00,2017-07-24T16:00:00+00:00,40858,signal_exit,1.4387917005010373,4.68814500000338,False,True,600,7.265353457334519,1.3102543030825364,0.5197727860255966,0.6204906601838475,-0.9692151531620146,0.5074626865672136,0.3999999999981796,15.833333333333334
gbpusd_rsi2_m5_usd500000_smaller_stop_and_time_confirmed_rebound,2017-07-25T07:15:00+00:00,2017-07-25T07:15:00+00:00,41041,target,1.812592066248646,5.906132506512368,False,True,0,3.7590220690279974,1.106841212740287,0.4068655815492872,-0.9559907030234549,-1.792291754760152,0.22727272727270434,0.2999999999997449,7.25
gbpusd_rsi2_m5_usd500000_smaller_stop_and_time_confirmed_rebound,2017-07-25T07:45:00+00:00,2017-07-25T08:00:00+00:00,41047,target,2.421983626202176,7.889197479485915,False,True,900,4.750505257426452,1.3217709102721658,0.3081812281160586,-1.5271058754194624,-1.4364319989515792,0.7346938775514829,0.2999999999997449,7.75
gbpusd_rsi2_m5_usd500000_smaller_stop_and_time_confirmed_rebound,2017-07-25T10:05:00+00:00,2017-07-25T10:30:00+00:00,41075,signal_exit,0.7028548564003009,2.2886840000009796,False,True,1500,6.2300011521288585,1.464968946598291,0.04020805035122766,-2.3463025128263006,-1.7752078391688626,0.3593749999998157,0.40000000000040004,10.083333333333334
gbpusd_rsi2_m5_usd500000_smaller_stop_and_time_confirmed_rebound,2017-07-25T13:10:00+00:00,2017-07-25T13:25:00+00:00,41112,stop,-4.15747713363354,-13.599859776360942,True,False,900,5.842540877112794,1.224946970465755,1.697533608894036,8.295115033500936,0.3923613911497925,0.11111111111124818,0.5999999999994898,13.166666666666666
gbpusd_rsi2_m5_usd500000_smaller_stop_and_time_confirmed_rebound,2017-07-25T13:35:00+00:00,2017-07-25T13:55:00+00:00,41117,signal_exit,0.6993626940009793,2.2854990000032003,False,True,1200,6.82607419878233,1.369886006836365,1.8062390977775686,5.293816803810032,-1.6816742126387114,0.7926829268292749,0.3999999999981796,13.583333333333334
gbpusd_rsi2_m5_usd500000_smaller_stop_and_time_confirmed_rebound,2017-07-25T14:35:00+00:00,2017-07-25T14:40:00+00:00,41129,signal_exit,1.0066163562002663,3.286374000000869,False,True,300,6.420620317574278,1.2510154333334214,1.3538436636620044,2.164620007993512,-1.4745330446431675,0.46938775510229974,0.2999999999997449,14.583333333333334
gbpusd_rsi2_m5_usd500000_smaller_stop_and_time_confirmed_rebound,2017-07-25T15:25:00+00:00,2017-07-25T16:00:00+00:00,41139,signal_exit,2.11154254920069,6.886962000002249,False,True,2100,6.3842419332573135,1.2072098990835836,0.680065021125243,0.009439145065931492,-1.5865028089052324,0.37037037037033993,0.40000000000040004,15.416666666666666
gbpusd_rsi2_m5_usd500000_smaller_stop_and_time_confirmed_rebound,2017-07-26T08:40:00+00:00,2017-07-26T09:05:00+00:00,41341,signal_exit,1.5013320540007586,4.88874000000247,False,True,1500,8.488937894783371,1.9718261166916684,-0.3581974651191635,-2.7294877622334863,-0.8948098146005677,0.7142857142858379,0.2999999999997449,8.666666666666666
gbpusd_rsi2_m5_usd500000_smaller_stop_and_time_confirmed_rebound,2017-07-26T12:05:00+00:00,2017-07-26T12:30:00+00:00,41382,signal_exit,-0.4942118338493643,-1.6134894999979243,False,False,1500,5.6928803671159125,1.1774918111707446,1.0581326592268658,4.03947071571428,-0.6717291488905532,0.08695652173871068,0.40000000000040004,12.083333333333334
gbpusd_rsi2_m5_usd500000_smaller_stop_and_time_confirmed_rebound,2017-07-26T13:30:00+00:00,2017-07-26T13:55:00+00:00,41399,stop,-3.608779782788645,-11.778001902051713,True,False,1500,5.032605592222803,1.0349991353661245,0.908876982397208,2.4623504526343263,-0.7583621915039193,0.3999999999998224,0.40000000000040004,13.5
gbpusd_rsi2_m5_usd500000_smaller_stop_and_time_confirmed_rebound,2017-07-27T07:30:00+00:00,2017-07-27T07:35:00+00:00,41613,target,3.4688252444732552,11.391872724050097,False,True,300,6.555670310483576,1.3031732048428397,1.4309874229986848,3.4247575818700935,-1.9079785996589653,0.33333333333350346,0.3999999999981796,7.5
gbpusd_rsi2_m5_usd500000_smaller_stop_and_time_confirmed_rebound,2017-07-27T11:35:00+00:00,2017-07-27T11:45:00+00:00,41662,signal_exit,1.0590142095006634,3.48016500000218,False,True,600,5.371967848953748,1.0166779979476708,1.0794507386908012,2.8102999929871157,-1.704273215985411,0.4716981132071598,0.2999999999997449,11.583333333333334
gbpusd_rsi2_m5_usd500000_smaller_stop_and_time_confirmed_rebound,2017-07-27T13:10:00+00:00,2017-07-27T13:40:00+00:00,41681,stop,-4.2400004408894425,-13.942783429429273,True,False,1800,6.211611121105739,1.1231596112933424,0.8412549760577052,2.88188889085364,-0.568581386540695,0.11764705882364467,0.1999999999990898,13.166666666666666
gbpusd_rsi2_m5_usd500000_smaller_stop_and_time_confirmed_rebound,2017-07-27T14:00:00+00:00,2017-07-27T14:05:00+00:00,41691,stop,-4.804533996692886,-15.778436770748392,True,False,300,7.030015935932829,1.2279112089808704,0.5820303891747435,-0.06990373830419559,-1.512896115345962,0.4999999999998612,0.40000000000040004,14.0
gbpusd_rsi2_m5_usd500000_smaller_stop_and_time_confirmed_rebound,2017-07-27T14:40:00+00:00,2017-07-27T14:45:00+00:00,41699,stop,-5.01594244705584,-16.44032267143835,True,False,300,7.361922503008362,1.2457004634904603,0.052559636593644744,-4.422936347861868,-1.6611652579649558,0.09090909090918266,0.3999999999981796,14.666666666666666
gbpusd_rsi2_m5_usd500000_smaller_stop_and_time_confirmed_rebound,2017-07-27T15:00:00+00:00,2017-07-27T15:30:00+00:00,41703,stop,-5.314580803297037,-17.40203275473817,True,False,1800,7.843249391098151,1.2972848367226588,-0.3591567168299083,-6.214528256480987,-1.4556953889362714,0.44642857142851833,0.40000000000040004,15.0
gbpusd_rsi2_m5_usd500000_smaller_stop_and_time_confirmed_rebound,2017-07-27T15:40:00+00:00,2017-07-27T16:15:00+00:00,41711,stop,-5.3239352726007,-17.415555356888124,True,False,2100,7.950434443649608,1.2790723686365733,-0.9858462122741208,-7.4671019781794,-1.4530296222205863,0.2794117647057479,0.20000000000131024,15.666666666666666
gbpusd_rsi2_m5_usd500000_smaller_stop_and_time_confirmed_rebound,2017-07-28T07:30:00+00:00,2017-07-28T08:05:00+00:00,41894,signal_exit,0.5150280750004554,1.6847500000014897,False,True,2100,4.825656926301891,1.2048943558288878,-0.16343441483825832,-2.428603629986227,-1.7091738530553993,0.1219512195124461,0.0,7.5
gbpusd_rsi2_m5_usd500000_smaller_stop_and_time_confirmed_rebound,2017-07-28T10:10:00+00:00,2017-07-28T10:35:00+00:00,41926,stop,-3.497100831367057,-11.447138564212953,True,False,1500,4.865775084234759,1.140258498201909,0.17146777716227976,0.2892068920520123,-0.4900819377447368,0.2982456140347255,0.40000000000040004,10.166666666666666
gbpusd_rsi2_m5_usd500000_smaller_stop_and_time_confirmed_rebound,2017-07-28T11:50:00+00:00,2017-07-28T12:15:00+00:00,41946,signal_exit,2.2862703500005317,7.483700000001741,False,True,1500,5.076991461996475,1.1483329289929796,0.061000149225366056,0.40993478138373496,0.17279323783622255,0.17142857142839016,0.2999999999997449,11.833333333333334
gbpusd_rsi2_m5_usd500000_smaller_stop_and_time_confirmed_rebound,2017-07-28T13:10:00+00:00,2017-07-28T13:20:00+00:00,41962,signal_exit,1.5842574456006768,5.184088500002215,False,True,600,8.762778165275702,1.6580080109434916,0.2797180357694271,-0.69178982681753,-1.447329830597963,0.14035087719268857,0.40000000000040004,13.166666666666666
gbpusd_rsi2_m5_usd500000_smaller_stop_and_time_confirmed_rebound,2017-07-31T07:05:00+00:00,2017-07-31T07:35:00+00:00,42169,signal_exit,0.9393698256005425,3.0819220000017795,False,True,1800,4.605758781049711,1.2075842723395982,-0.027473330154554824,-2.8420555505750897,-1.5051877630150594,0.5333333333332544,0.2999999999997449,7.083333333333333
gbpusd_rsi2_m5_usd500000_smaller_stop_and_time_confirmed_rebound,2017-07-31T09:45:00+00:00,2017-07-31T09:55:00+00:00,42201,signal_exit,2.587086555000497,8.482251000001629,False,True,600,6.553950410023378,1.4515019127762916,-0.49083209114862086,-3.4141907850825333,-1.0518017228027892,0.5163934426227822,0.5000000000010552,9.75
gbpusd_rsi2_m5_usd500000_smaller_stop_and_time_confirmed_rebound,2017-07-31T12:05:00+00:00,2017-07-31T12:25:00+00:00,42229,signal_exit,-0.5235687522995671,-1.7183089999985792,False,False,1200,5.422915591411591,1.1333351332518005,-0.009642962104681027,-0.36697744427360574,-0.5473199548093739,0.07692307692298933,0.2999999999997449,12.083333333333334
gbpusd_rsi2_m5_usd500000_smaller_stop_and_time_confirmed_rebound,2017-07-31T13:10:00+00:00,2017-07-31T13:15:00+00:00,42242,signal_exit,1.4269772832003536,4.68168400000116,False,True,300,4.3813500133749494,0.9423982083467763,0.0002793048544727992,-0.969939220064701,-0.9911659107809312,0.2045454545452825,0.2999999999997449,13.166666666666666
gbpusd_rsi2_m5_usd500000_smaller_stop_and_time_confirmed_rebound,2017-08-01T09:25:00+00:00,2017-08-01T09:35:00+00:00,42479,signal_exit,0.1734653687002856,0.574008500000945,False,True,600,6.285433611194339,1.2938960403055932,1.0168255283435839,5.507541746294077,0.6725111948563663,0.14285714285687096,0.20000000000131024,9.416666666666666
gbpusd_rsi2_m5_usd500000_smaller_stop_and_time_confirmed_rebound,2017-08-01T10:30:00+00:00,2017-08-01T10:50:00+00:00,42492,signal_exit,1.0809685656008574,3.5746315000028352,False,True,1200,5.443968824360443,1.12101197617158,1.2959163424601823,2.716834737130466,-1.9733600104426552,0.4864864864860972,0.40000000000040004,10.5
gbpusd_rsi2_m5_usd500000_smaller_stop_and_time_confirmed_rebound,2017-08-01T11:30:00+00:00,2017-08-01T11:55:00+00:00,42504,stop,-3.7941747247566746,-12.538581377252724,True,False,1500,5.457143938665609,1.1084085891639432,0.781986987655496,0.9818558485282978,-1.2578389670749257,0.7758620689655898,0.2999999999997449,11.5
gbpusd_rsi2_m5_usd500000_smaller_stop_and_time_confirmed_rebound,2017-08-01T14:55:00+00:00,2017-08-01T15:00:00+00:00,42545,signal_exit,2.804560718400735,9.27434100000243,False,True,300,7.894055438542669,1.3986721024859694,0.8360127706258987,1.4700662109308587,-1.3612189068300138,0.5499999999997595,0.1999999999990898,14.916666666666666
gbpusd_rsi2_m5_usd500000_smaller_stop_and_time_confirmed_rebound,2017-08-01T15:35:00+00:00,2017-08-01T16:15:00+00:00,42553,signal_exit,-0.24954268624913012,-0.8249344999971243,False,False,2400,7.791599882006797,1.3352237215423473,0.6866007303817712,0.40754473219725607,-1.2419109786978941,0.5344827586207227,0.1999999999990898,15.583333333333334
gbpusd_rsi2_m5_usd500000_smaller_stop_and_time_confirmed_rebound,2017-08-02T10:05:00+00:00,2017-08-02T10:15:00+00:00,42764,signal_exit,1.4119069461003502,4.673641000001159,False,True,600,5.450575081549517,1.2049372944846126,1.2837577652170662,3.388254430291906,-1.9755622669457726,0.14814814814788924,0.40000000000040004,10.083333333333334
gbpusd_rsi2_m5_usd500000_smaller_stop_and_time_confirmed_rebound,2017-08-02T11:15:00+00:00,2017-08-02T11:20:00+00:00,42778,signal_exit,1.0800230607008567,3.5738685000028347,False,True,300,4.638483634883192,1.035800915822756,1.0088184663680904,2.3087105263196155,-1.4801121486748983,0.2826086956521529,0.40000000000040004,11.25
gbpusd_rsi2_m5_usd500000_smaller_stop_and_time_confirmed_rebound,2017-08-02T13:00:00+00:00,2017-08-02T13:40:00+00:00,42799,signal_exit,0.7785262296002192,2.574491500000725,False,True,2400,6.049852162572949,1.2605102679702795,0.378390854285643,0.11134439799881038,-1.2241094909021564,0.6739130434784707,0.2999999999997449,13.0
gbpusd_rsi2_m5_usd500000_smaller_stop_and_time_confirmed_rebound,2017-08-02T15:00:00+00:00,2017-08-02T15:05:00+00:00,42823,signal_exit,1.3525319174006258,4.47413800000207,False,True,300,6.53697116244487,1.266871492083206,0.27061236533306016,0.6275390199417513,-0.6360120578053645,0.25714285714290247,0.2999999999997449,15.0
gbpusd_rsi2_m5_usd500000_smaller_stop_and_time_confirmed_rebound,2017-08-03T08:05:00+00:00,2017-08-03T08:30:00+00:00,43022,target,2.5609921834693057,8.474494319885194,False,True,1500,5.050384673405022,1.3699424549242276,0.40238771245979416,0.8897368053098226,-0.4458504354980236,0.2857142857142857,0.2999999999997449,8.083333333333334
gbpusd_rsi2_m5_usd500000_smaller_stop_and_time_confirmed_rebound,2017-08-03T09:30:00+00:00,2017-08-03T09:50:00+00:00,43039,stop,-4.854442104290464,-16.090295340704223,True,False,1200,7.18168052917121,1.6073255212088602,0.8434385243366136,4.836285304585368,0.5672230705926247,0.01923076923047361,0.40000000000040004,9.5
gbpusd_rsi2_m5_usd500000_smaller_stop_and_time_confirmed_rebound,2017-08-03T09:55:00+00:00,2017-08-03T10:15:00+00:00,43044,signal_exit,0.11275819300056036,0.3733715000018555,False,True,1200,6.8941376894997894,1.5105948645076273,0.856243365402328,1.866505962912901,-0.8979746149983114,0.30909090909101183,0.2999999999997449,9.916666666666666
gbpusd_rsi2_m5_usd500000_smaller_stop_and_time_confirmed_rebound,2017-08-03T11:20:00+00:00,2017-08-03T11:25:00+00:00,43061,stop,-6.946057673032056,-22.88651622086344,True,False,300,10.68270300503689,1.9413182907410167,-0.020235563686516914,-10.439059100651765,-1.9923309553608195,0.18556701030909428,0.20000000000131024,11.333333333333334
gbpusd_rsi2_m5_usd500000_smaller_stop_and_time_confirmed_rebound,2017-08-03T11:30:00+00:00,2017-08-03T11:35:00+00:00,43063,target,6.424232666306268,21.146256307788896,False,True,300,11.43406534617975,1.997142929415603,-0.3432633130035848,-11.759525826511135,-1.708819290809129,0.4393939393939623,0.3999999999981796,11.5
gbpusd_rsi2_m5_usd500000_smaller_stop_and_time_confirmed_rebound,2017-08-03T12:15:00+00:00,2017-08-03T13:10:00+00:00,43072,signal_exit,-2.562726096999411,-8.418942499998064,False,False,3300,13.025015224025733,1.977950530180364,-1.4742439270721048,-13.268507153731647,-1.1117615854805418,0.21551724137937306,0.1999999999990898,12.25
gbpusd_rsi2_m5_usd500000_smaller_stop_and_time_confirmed_rebound,2017-08-04T08:20:00+00:00,2017-08-04T08:45:00+00:00,43309,signal_exit,-0.27981284799932493,-0.9204369999977793,False,False,1500,5.119879563999219,1.3750645171168392,0.11240794353603674,0.2270733283142369,-0.27334994804627794,0.07142857142825988,0.2999999999997449,8.333333333333334
gbpusd_rsi2_m5_usd500000_smaller_stop_and_time_confirmed_rebound,2017-08-04T09:15:00+00:00,2017-08-04T09:30:00+00:00,43320,signal_exit,1.544165872001149,5.0794930000037795,False,True,900,4.347135737501038,1.1681827247666396,0.2610434102941348,-0.3122770263368346,-0.9108710560548385,0.1785714285709754,0.2999999999997449,9.25
gbpusd_rsi2_m5_usd500000_smaller_stop_and_time_confirmed_rebound,2017-08-04T10:40:00+00:00,2017-08-04T11:35:00+00:00,43337,signal_exit,-0.8576065506497338,-2.8201464999991246,False,False,3300,4.686226133874604,1.195629194984574,0.08493473432009432,-0.6671014609871521,-0.9983506625082857,0.24137931034477478,0.1999999999990898,10.666666666666666
gbpusd_rsi2_m5_usd500000_smaller_stop_and_time_confirmed_rebound,2017-08-04T12:45:00+00:00,2017-08-04T12:50:00+00:00,43362,stop,-5.785053408125066,-18.973609078796542,True,False,300,8.678232027519703,1.8432498576708245,-0.5028106476550903,-7.4572168025368795,-1.8761427278251268,0.8869565217389676,0.30000000000196536,12.75
gbpusd_rsi2_m5_usd500000_smaller_stop_and_time_confirmed_rebound,2017-08-04T13:05:00+00:00,2017-08-04T13:45:00+00:00,43366,stop,-6.320717977545589,-20.703301596939365,True,False,2400,9.44381208189289,1.889441762948828,-0.8730781722358959,-10.641389565763092,-1.5538055029580264,0.754716981131949,0.5000000000010552,13.083333333333334
gbpusd_rsi2_m5_usd500000_smaller_stop_and_time_confirmed_rebound,2017-08-04T14:20:00+00:00,2017-08-04T15:20:00+00:00,43381,holding_bars,-2.393149620149563,-7.813090499998573,False,False,3600,9.057666925693962,1.643519976510213,-2.6398741369466032,-15.501989413837263,-1.423942289969578,0.2500000000001461,0.2999999999997449,14.333333333333334
gbpusd_rsi2_m5_usd500000_smaller_stop_and_time_confirmed_rebound,2017-08-07T07:00:00+00:00,2017-08-07T07:05:00+00:00,43569,stop,-2.456511028226751,-8.017333643037698,True,False,300,3.202177647738002,0.9490539880737037,-0.7016650059258366,-4.8513619052334205,-2.3143563952368584,0.33333333333300436,0.2999999999997449,7.0
gbpusd_rsi2_m5_usd500000_smaller_stop_and_time_confirmed_rebound,2017-08-07T11:40:00+00:00,2017-08-07T12:05:00+00:00,43625,signal_exit,0.3634045810508133,1.1864335000026551,False,True,1500,4.37290231366406,1.062914943680199,-0.3563292949850624,-1.7718795223736181,-1.037231045160386,0.21739130434736437,0.2999999999997449,11.666666666666666
gbpusd_rsi2_m5_usd500000_smaller_stop_and_time_confirmed_rebound,2017-08-07T12:30:00+00:00,2017-08-07T12:40:00+00:00,43635,stop,-3.574454635806897,-11.65456353376882,True,False,600,5.021262261063506,1.1903346986274186,-0.46541274803353977,-5.087808687508858,-2.089292793831367,0.6493506493506306,0.30000000000196536,12.5
gbpusd_rsi2_m5_usd500000_smaller_stop_and_time_confirmed_rebound,2017-08-07T13:00:00+00:00,2017-08-07T13:45:00+00:00,43641,signal_exit,-0.2797688123993185,-0.9115959999977794,False,False,2700,5.533332050349568,1.2715229837077648,-0.7597671044512992,-7.253671511636247,-1.6061335675559576,0.2391304347822939,0.40000000000040004,13.0
gbpusd_rsi2_m5_usd500000_smaller_stop_and_time_confirmed_rebound,2017-08-07T15:15:00+00:00,2017-08-07T16:05:00+00:00,43668,signal_exit,0.6411894550005803,2.08856500000189,False,True,3000,4.7817889698799805,1.0710726049589068,-1.3964939624760686,-6.321279450138127,-1.88601260295003,0.21212121212129367,0.3999999999981796,15.25
gbpusd_rsi2_m5_usd500000_smaller_stop_and_time_confirmed_rebound,2017-08-08T07:05:00+00:00,2017-08-08T07:20:00+00:00,43852,target,1.7385177053061052,5.670312150378686,False,True,900,3.6915277786600473,1.261502115222045,0.1470095851155934,-1.895519740052996,-1.6246544739794166,0.019607843137382956,0.3999999999981796,7.083333333333333
gbpusd_rsi2_m5_usd500000_smaller_stop_and_time_confirmed_rebound,2017-08-08T08:45:00+00:00,2017-08-08T09:30:00+00:00,43872,stop,-3.29407396841871,-10.747386520126296,True,False,2700,4.56738486853323,1.3921010252572075,0.026816192585487033,0.21376506707965176,-0.10766730248700243,0.7213114754098301,0.30000000000196536,8.75
gbpusd_rsi2_m5_usd500000_smaller_stop_and_time_confirmed_rebound,2017-08-08T09:35:00+00:00,2017-08-08T10:10:00+00:00,43882,signal_exit,-0.40239716999944186,-1.3124499999981796,False,False,2100,4.125124489139651,1.2401468690910609,0.03677251981115277,-1.9278686903515192,-1.8700109906813132,0.5185185185186404,0.5000000000010552,9.583333333333334
gbpusd_rsi2_m5_usd500000_smaller_stop_and_time_confirmed_rebound,2017-08-08T11:00:00+00:00,2017-08-08T11:05:00+00:00,43899,stop,-3.0741677791930333,-10.02337065273242,True,False,300,4.255689775510192,1.2231033518297398,-0.39063349492278004,-2.0580823100398993,-0.4602764936443418,0.6600000000001066,0.1999999999990898,11.0
gbpusd_rsi2_m5_usd500000_smaller_stop_and_time_confirmed_rebound,2017-08-08T11:50:00+00:00,2017-08-08T12:10:00+00:00,43909,signal_exit,0.7329850753505017,2.388351500001635,False,True,1200,4.833164538132949,1.3143828220661473,-0.6122654902077708,-4.625679073000433,-1.642957360225102,0.6666666666665022,0.2999999999997449,11.833333333333334
gbpusd_rsi2_m5_usd500000_smaller_stop_and_time_confirmed_rebound,2017-08-08T12:35:00+00:00,2017-08-08T12:45:00+00:00,43918,stop,-3.3644999184648072,-10.959283122035202,True,False,600,4.674120905249822,1.2506070493608001,-0.8187570155082771,-4.721823417528214,-1.3225322954799683,0.33333333333364173,0.2999999999997449,12.583333333333334
gbpusd_rsi2_m5_usd500000_smaller_stop_and_time_confirmed_rebound,2017-08-08T13:20:00+00:00,2017-08-08T13:55:00+00:00,43927,stop,-3.5687952088241817,-11.61717190372455,True,False,2100,5.003440822291786,1.2886078878973537,-1.1588115407221433,-6.644404811439694,-1.2809306162965663,0.42647058823514045,0.2999999999997449,13.333333333333334
gbpusd_rsi2_m5_usd500000_smaller_stop_and_time_confirmed_rebound,2017-08-08T14:00:00+00:00,2017-08-08T14:00:00+00:00,43935,stop,-3.451611124734624,-11.228403138368977,True,False,0,4.809238642537572,1.2243540165280162,-1.3823539657064823,-7.393301085882554,-1.386804911793781,0.012345679012423519,0.2999999999997449,14.0
gbpusd_rsi2_m5_usd500000_smaller_stop_and_time_confirmed_rebound,2017-08-08T14:35:00+00:00,2017-08-08T15:05:00+00:00,43942,signal_exit,0.8920618032008295,2.8925480000026895,False,True,1800,7.59013508950721,1.7006569361278565,-1.8490571735179597,-15.16790360117488,-2.1005222921452797,0.15172413793111475,0.3999999999981796,14.583333333333334
gbpusd_rsi2_m5_usd500000_smaller_stop_and_time_confirmed_rebound,2017-08-09T07:35:00+00:00,2017-08-09T07:50:00+00:00,44140,signal_exit,1.2258914545509942,3.9892335000032353,False,True,900,6.372063625790302,1.5796636219378832,0.7721039047777528,3.29551743830824,-0.16463292465389603,0.7333333333333728,0.2999999999997449,7.583333333333333
gbpusd_rsi2_m5_usd500000_smaller_stop_and_time_confirmed_rebound,2017-08-09T11:05:00+00:00,2017-08-09T11:20:00+00:00,44182,stop,-3.9346855890238785,-12.80405333232632,True,False,900,5.596951309459504,1.1793110932102675,0.5684234251318033,1.6955208548419198,-0.8487050008160225,0.8382352941175703,0.2999999999997449,11.083333333333334
gbpusd_rsi2_m5_usd500000_smaller_stop_and_time_confirmed_rebound,2017-08-09T13:25:00+00:00,2017-08-09T13:40:00+00:00,44210,signal_exit,2.184118860000413,7.09129500000134,False,True,900,6.584629871344498,1.2800966606816995,-0.46588576875441134,-3.9459142056946783,-1.9966050204208778,0.13043478260861172,0.5000000000010552,13.416666666666666
gbpusd_rsi2_m5_usd500000_smaller_stop_and_time_confirmed_rebound,2017-08-10T07:40:00+00:00,2017-08-10T07:45:00+00:00,44425,stop,-3.28430509148479,-10.65640847334455,True,False,300,4.524529845217676,1.2461942117205038,-1.460504356603434,-7.679771962710893,-1.5338372512806489,0.5555555555556652,0.2999999999997449,7.666666666666667
gbpusd_rsi2_m5_usd500000_smaller_stop_and_time_confirmed_rebound,2017-08-10T11:40:00+00:00,2017-08-10T12:30:00+00:00,44473,target,2.5942119997985005,8.433719115079649,False,True,3000,5.071872573078944,1.111185601768387,0.3290437165121014,0.8036462455927621,-0.6504368982156253,0.23333333333340736,0.40000000000040004,11.666666666666666
gbpusd_rsi2_m5_usd500000_smaller_stop_and_time_confirmed_rebound,2017-08-10T13:45:00+00:00,2017-08-10T14:10:00+00:00,44498,stop,-4.969451756107882,-16.17133666159415,True,False,1500,7.18074990704407,1.3755996614920154,0.3430546947187398,2.1790255275667016,0.63587991044501,0.7936507936508216,0.5000000000010552,13.75
gbpusd_rsi2_m5_usd500000_smaller_stop_and_time_confirmed_rebound,2017-08-10T14:20:00+00:00,2017-08-10T15:20:00+00:00,44505,holding_bars,-2.4028192997495608,-7.808967499998572,False,False,3600,7.585122426201823,1.3992051651504354,0.33627436906088404,-0.9531417809575207,-2.0122202784565033,0.450000000000037,0.2999999999997449,14.333333333333334
gbpusd_rsi2_m5_usd500000_smaller_stop_and_time_confirmed_rebound,2017-08-11T09:15:00+00:00,2017-08-11T09:50:00+00:00,44730,stop,-2.828475732081525,-9.177403413632462,True,False,2100,3.784917428927553,1.0492051064441525,-0.5347299139420729,-3.6685393847846295,-1.231418957074746,0.3170731707321432,0.2999999999997449,9.25
gbpusd_rsi2_m5_usd500000_smaller_stop_and_time_confirmed_rebound,2017-08-11T10:00:00+00:00,2017-08-11T10:15:00+00:00,44739,stop,-2.630945541210096,-8.530951819747393,True,False,900,3.5619428278730507,0.9939748415346265,-0.8767638507425849,-5.303477213119343,-1.704499406839135,0.2499999999997687,0.10000000000065512,10.0
gbpusd_rsi2_m5_usd500000_smaller_stop_and_time_confirmed_rebound,2017-08-11T10:25:00+00:00,2017-08-11T10:40:00+00:00,44744,signal_exit,0.8616036342506278,2.792880500002035,False,True,900,3.9642008136296822,1.0885702820163894,-1.0497931398860543,-6.319475162043633,-1.582370490469165,0.9245283018863182,0.2999999999997449,10.416666666666666
gbpusd_rsi2_m5_usd500000_smaller_stop_and_time_confirmed_rebound,2017-08-11T13:00:00+00:00,2017-08-11T13:25:00+00:00,44775,signal_exit,2.1248581691000092,6.8921770000000295,False,True,1500,10.083026991271797,2.020134767506748,-0.015273822135597985,-2.794690225507249,-1.733526038171636,0.23157894736853424,0.40000000000040004,13.0
gbpusd_rsi2_m5_usd500000_smaller_stop_and_time_confirmed_rebound,2017-08-14T07:45:00+00:00,2017-08-14T08:25:00+00:00,44994,stop,-3.339572549435574,-10.860398534749834,True,False,2400,4.575397906303829,1.1772307720945905,0.144261442845141,-1.5909210056232646,-1.8619740564814753,0.43749999999995665,0.3999999999981796,7.75
gbpusd_rsi2_m5_usd500000_smaller_stop_and_time_confirmed_rebound,2017-08-14T08:45:00+00:00,2017-08-14T09:35:00+00:00,45006,signal_exit,-1.8808422505995501,-6.108613999998538,False,False,3000,5.556528959285024,1.3359495654102786,-0.29385118838900987,-5.1024575587249075,-1.70258535537747,0.2424242424241099,0.40000000000040004,8.75
gbpusd_rsi2_m5_usd500000_smaller_stop_and_time_confirmed_rebound,2017-08-14T11:00:00+00:00,2017-08-14T11:20:00+00:00,45033,signal_exit,0.8601759172506271,2.7918725000020355,False,True,1200,4.359898628539027,1.0352541351972084,-1.3879758724614393,-6.1263068213833565,-1.2015427273458938,0.7173913043475008,0.10000000000065512,11.0
gbpusd_rsi2_m5_usd500000_smaller_stop_and_time_confirmed_rebound,2017-08-15T07:25:00+00:00,2017-08-15T07:45:00+00:00,45271,stop,-3.5722208626532104,-11.571820092818951,True,False,1200,4.88295869996515,1.40250536969133,-0.6644005068163152,-6.120007928310582,-1.956772597426621,0.17241379310387073,0.4999999999988347,7.416666666666667
gbpusd_rsi2_m5_usd500000_smaller_stop_and_time_confirmed_rebound,2017-08-15T10:10:00+00:00,2017-08-15T10:20:00+00:00,45304,stop,-5.065805486550503,-16.336038331346348,True,False,600,7.367132265303162,1.5451582959288124,-2.1733298449448,-13.622073743576415,-1.8938723903910892,0.5624999999998612,0.2999999999997449,10.166666666666666
gbpusd_rsi2_m5_usd500000_smaller_stop_and_time_confirmed_rebound,2017-08-15T10:30:00+00:00,2017-08-15T11:30:00+00:00,45308,holding_bars,0.46519461760074504,1.4986940000024003,False,True,3600,8.235965863945433,1.6439721567952403,-2.5127953454313716,-15.504037292732008,-1.7145633935438813,0.5981308411214002,0.4999999999988347,10.5
gbpusd_rsi2_m5_usd500000_smaller_stop_and_time_confirmed_rebound,2017-08-15T12:00:00+00:00,2017-08-15T12:05:00+00:00,45326,signal_exit,2.018559582400574,6.498904000001848,False,True,300,5.634034324821839,1.1212756660939385,-3.384291898883355,-14.011042047475947,-1.7537317544764892,0.09523809523764208,0.30000000000196536,12.0
gbpusd_rsi2_m5_usd500000_smaller_stop_and_time_confirmed_rebound,2017-08-15T12:45:00+00:00,2017-08-15T13:25:00+00:00,45335,signal_exit,-0.40411086239943417,-1.3002279999981794,False,False,2400,7.560031186216998,1.3914446146157637,-2.9728222389028507,-13.490438000386039,-1.8017333312696302,0.3085106382980231,0.40000000000040004,12.75
gbpusd_rsi2_m5_usd500000_smaller_stop_and_time_confirmed_rebound,2017-08-15T14:10:00+00:00,2017-08-15T14:50:00+00:00,45352,signal_exit,-0.21762215999959275,-0.7001999999986896,False,False,2400,7.2193068208422835,1.275009587696502,-2.824471895456927,-11.029916474901073,-0.04242530689525582,0.2653061224493033,0.2999999999997449,14.166666666666666
gbpusd_rsi2_m5_usd500000_smaller_stop_and_time_confirmed_rebound,2017-08-16T08:10:00+00:00,2017-08-16T08:15:00+00:00,45562,signal_exit,2.612454269500303,8.400174500000974,False,True,300,6.513508614519952,1.6621884516196028,-0.8301580073112703,-5.773465113929433,-1.2922734438104626,0.7818181818183874,0.1999999999990898,8.166666666666666
gbpusd_rsi2_m5_usd500000_smaller_stop_and_time_confirmed_rebound,2017-08-16T10:35:00+00:00,2017-08-16T11:10:00+00:00,45591,signal_exit,-0.031454073599751636,-0.10133399999919986,False,False,2100,6.361955284200473,1.3300285935313267,0.6907756065394417,0.07874556540433657,-1.604163317742483,0.8800000000000355,0.10000000000065512,10.583333333333334
gbpusd_rsi2_m5_usd500000_smaller_stop_and_time_confirmed_rebound,2017-08-16T13:20:00+00:00,2017-08-16T13:40:00+00:00,45624,signal_exit,0.8083681364502254,2.600090500000725,False,True,1200,5.8506048790827645,1.1787980255453154,-0.38245728906674226,-3.9041593823370135,-1.910063034490546,0.17948717948669773,0.20000000000131024,13.333333333333334
gbpusd_rsi2_m5_usd500000_smaller_stop_and_time_confirmed_rebound,2017-08-16T15:50:00+00:00,2017-08-16T16:00:00+00:00,45654,signal_exit,0.5285418142004633,1.7000380000014903,False,True,600,5.273256140170308,1.0599136149705946,-0.5376880796383906,-2.9496940360820383,-1.0090493866493155,0.49999999999970784,0.2999999999997449,15.833333333333334
gbpusd_rsi2_m5_usd500000_smaller_stop_and_time_confirmed_rebound,2017-08-17T07:00:00+00:00,2017-08-17T07:30:00+00:00,45833,stop,-2.753985846026633,-8.880960483800814,True,False,1800,3.539497874327178,1.0550272741664233,0.6287590623049719,-0.4125467233635839,-1.5167900558975742,0.5593220338983306,0.4999999999988347,7.0
gbpusd_rsi2_m5_usd500000_smaller_stop_and_time_confirmed_rebound,2017-08-17T09:30:00+00:00,2017-08-17T09:40:00+00:00,45863,signal_exit,1.2091360248008003,3.8979240000025794,False,True,600,7.3525274889587084,1.6346367797842654,-0.000648346270667306,-1.2986179588395965,-1.134131108584787,0.7457627118642856,0.3999999999981796,9.5
gbpusd_rsi2_m5_usd500000_smaller_stop_and_time_confirmed_rebound,2017-08-17T10:30:00+00:00,2017-08-17T11:00:00+00:00,45875,signal_exit,-0.03121043639975138,-0.1004519999991998,False,False,1800,6.545417842390179,1.4011598312608335,-0.3393041099506566,-5.457229208601459,-1.8105716256973152,0.17142857142839016,0.5000000000010552,10.5
gbpusd_rsi2_m5_usd500000_smaller_stop_and_time_confirmed_rebound,2017-08-18T10:00:00+00:00,2017-08-18T10:30:00+00:00,46152,signal_exit,1.8294817398007321,5.89774900000236,False,True,1800,6.3446596632696215,1.4894082212978625,0.5990678034327482,0.014770540704365221,-1.4647241393937287,0.0952380952379316,0.40000000000040004,10.0
gbpusd_rsi2_m5_usd500000_smaller_stop_and_time_confirmed_rebound,2017-08-18T11:25:00+00:00,2017-08-18T11:30:00+00:00,46169,stop,-3.3341835167824425,-10.75196232435486,True,False,300,4.575105040854545,1.0793917390322578,0.2576792339015212,0.17945676858298532,-0.6773786418989567,0.2758620689651212,0.2999999999997449,11.416666666666666
gbpusd_rsi2_m5_usd500000_smaller_stop_and_time_confirmed_rebound,2017-08-18T14:45:00+00:00,2017-08-18T15:15:00+00:00,46209,signal_exit,0.12415805025057647,0.39960750000185535,False,True,1800,7.101091750250153,1.429027235203306,-0.2869017073602572,-4.383166432222655,-1.4468684288539984,0.11594202898528805,0.40000000000040004,14.75
gbpusd_rsi2_m5_usd500000_smaller_stop_and_time_confirmed_rebound,2017-08-18T15:30:00+00:00,2017-08-18T15:45:00+00:00,46218,signal_exit,2.2105425452004166,7.101004000001337,False,True,900,7.951410669509849,1.5077147418626942,-0.728075234708407,-8.029129517118347,-1.9415310613606558,0.07476635514026837,0.1999999999990898,15.5
gbpusd_rsi2_m5_usd500000_smaller_stop_and_time_confirmed_rebound,2017-08-21T11:50:00+00:00,2017-08-21T12:20:00+00:00,46451,signal_exit,0.18553573830029318,0.5981165000009451,False,True,1800,4.554115416532694,1.1521698611046747,0.7664727035544133,1.861305338291624,-1.091701878053385,0.37209302325605415,0.2999999999997449,11.833333333333334
gbpusd_rsi2_m5_usd500000_smaller_stop_and_time_confirmed_rebound,2017-08-21T15:40:00+00:00,2017-08-21T15:45:00+00:00,46497,signal_exit,1.2382348181003144,3.996884500001015,False,True,300,6.214226189223197,1.3248735389363138,1.0367673373152844,3.330726991684469,-1.1432381165677339,0.23333333333340736,0.2999999999997449,15.666666666666666
gbpusd_rsi2_m5_usd500000_smaller_stop_and_time_confirmed_rebound,2017-08-22T07:00:00+00:00,2017-08-22T07:15:00+00:00,46677,stop,-2.9192930153804086,-9.404938838210079,True,False,900,3.9519967389921984,1.2759573430765607,-0.8280676759292785,-5.0138615148698555,-1.2736850792971297,0.2545454545454839,0.1999999999990898,7.0
gbpusd_rsi2_m5_usd500000_smaller_stop_and_time_confirmed_rebound,2017-08-22T07:20:00+00:00,2017-08-22T07:30:00+00:00,46681,stop,-3.314542156760255,-10.674853967021754,True,False,600,4.487148033693229,1.3942448901756734,-0.8844127836752178,-6.1766061210155,-1.5649216920992732,0.4418604651159188,0.40000000000040004,7.333333333333333
gbpusd_rsi2_m5_usd500000_smaller_stop_and_time_confirmed_rebound,2017-08-22T07:40:00+00:00,2017-08-22T08:00:00+00:00,46685,stop,-3.8383706817609053,-12.34997001853573,True,False,1200,5.275151889585361,1.5549085669193536,-1.0061247276433904,-9.063598775793485,-1.8184237678709587,0.43283582089574,0.4999999999988347,7.666666666666667
gbpusd_rsi2_m5_usd500000_smaller_stop_and_time_confirmed_rebound,2017-08-22T08:10:00+00:00,2017-08-22T08:35:00+00:00,46691,signal_exit,0.7464760395005086,2.400244500001635,False,True,1500,5.295275846614734,1.5131935005670798,-1.4269508665138997,-9.929776160439232,-1.4232374355260913,0.8928571428572136,0.40000000000040004,8.166666666666666
gbpusd_rsi2_m5_usd500000_smaller_stop_and_time_confirmed_rebound,2017-08-22T09:00:00+00:00,2017-08-22T09:15:00+00:00,46701,stop,-4.061263976731224,-13.058726613283678,True,False,900,5.62975259798261,1.498375271086742,-1.9069345506500706,-8.374376006305479,-0.5106500243823123,0.47058823529392557,0.5000000000010552,9.0
gbpusd_rsi2_m5_usd500000_smaller_stop_and_time_confirmed_rebound,2017-08-22T09:25:00+00:00,2017-08-22T09:40:00+00:00,46706,stop,-3.92795540394009,-12.621964665617256,True,False,900,5.4617209930436985,1.4283142058401883,-2.1260143963294493,-10.366398135769531,-1.6672853108283257,0.18518518518516996,0.40000000000040004,9.416666666666666
gbpusd_rsi2_m5_usd500000_smaller_stop_and_time_confirmed_rebound,2017-08-22T09:50:00+00:00,2017-08-22T10:15:00+00:00,46711,stop,-4.19561026339285,-13.477707238653549,True,False,1500,5.939778761584139,1.4931140844089112,-2.183480286609668,-10.638301563715183,-1.3956187536631153,0.803571428571372,0.2999999999997449,9.833333333333334
gbpusd_rsi2_m5_usd500000_smaller_stop_and_time_confirmed_rebound,2017-08-22T11:15:00+00:00,2017-08-22T11:25:00+00:00,46728,signal_exit,1.6221215715006907,5.202442500002214,False,True,600,6.441985570478131,1.4776000952210038,-2.539922280264106,-11.945003607969442,-1.421660756995452,0.4999999999998819,0.40000000000040004,11.25
gbpusd_rsi2_m5_usd500000_smaller_stop_and_time_confirmed_rebound,2017-08-22T14:05:00+00:00,2017-08-22T14:20:00+00:00,46762,stop,-4.505258639379033,-14.458468033950682,True,False,900,6.480568336868194,1.341846865548282,-1.6812620077790468,-6.8026910132030105,-0.3684004934605291,0.12643678160926874,0.1999999999990898,14.083333333333334
gbpusd_rsi2_m5_usd500000_smaller_stop_and_time_confirmed_rebound,2017-08-22T14:30:00+00:00,2017-08-22T14:40:00+00:00,46767,signal_exit,0.811522327700226,2.6027015000007245,False,True,600,6.397969892568556,1.3062773373510375,-1.6976610964663936,-8.170642019036924,-1.5824933744971181,0.4375000000001084,0.2999999999997449,14.5
gbpusd_rsi2_m5_usd500000_smaller_stop_and_time_confirmed_rebound,2017-08-23T07:25:00+00:00,2017-08-23T07:30:00+00:00,46959,target,2.5474935048088048,8.170280644030804,False,True,300,4.733869507447313,1.3212314684624245,-0.3520909146725195,-2.8115927418810336,-1.349885883753723,0.8292682926833496,0.0,7.416666666666667
gbpusd_rsi2_m5_usd500000_smaller_stop_and_time_confirmed_rebound,2017-08-23T12:25:00+00:00,2017-08-23T12:35:00+00:00,47019,signal_exit,1.3743256398504415,4.403478500001414,False,True,600,5.294356430047765,1.1552411010420034,-0.5496332180293533,-2.6591195992209693,-0.9677299032877769,0.13725490196080992,0.1999999999990898,12.416666666666666
gbpusd_rsi2_m5_usd500000_smaller_stop_and_time_confirmed_rebound,2017-08-23T13:45:00+00:00,2017-08-23T14:05:00+00:00,47035,signal_exit,1.4383759786008512,4.604276500002724,False,True,1200,5.534096005858259,1.174682782518027,-0.6360086780054247,-4.605903690482396,-1.6558762937910512,0.35416666666664737,0.4999999999988347,13.75
gbpusd_rsi2_m5_usd500000_smaller_stop_and_time_confirmed_rebound,2017-08-23T15:45:00+00:00,2017-08-23T16:15:00+00:00,47059,signal_exit,0.4704283014007503,1.5048890000024002,False,True,1800,5.816930969183316,1.1634358084379355,-0.8701526170460941,-4.829902637963861,-1.8329976807834683,0.4516129032258527,0.09999999999843467,15.75
gbpusd_rsi2_m5_usd500000_smaller_stop_and_time_confirmed_rebound,2017-08-24T08:40:00+00:00,2017-08-24T08:55:00+00:00,47255,signal_exit,1.8451706250000437,5.904546000000139,False,True,900,6.070745520442158,1.5879028333822434,0.1963442320017625,-1.8593808283788629,-1.828233441414138,0.6808510638300386,0.10000000000065512,8.666666666666666
gbpusd_rsi2_m5_usd500000_smaller_stop_and_time_confirmed_rebound,2017-08-24T11:15:00+00:00,2017-08-24T11:45:00+00:00,47286,signal_exit,-0.03036931999975051,-0.09739999999919983,False,False,1800,5.143770228787889,1.1766742974961437,1.2076000467829544,4.040817098514561,-0.7560926740797302,0.7600000000002842,0.2999999999997449,11.25
gbpusd_rsi2_m5_usd500000_smaller_stop_and_time_confirmed_rebound,2017-08-24T13:45:00+00:00,2017-08-24T14:00:00+00:00,47316,signal_exit,0.6247321131503852,2.0029885000012353,False,True,900,4.957953500193208,1.1132068950302259,1.0602333906509758,1.2305658273428113,-1.8386892673095003,0.3333333333333333,0.10000000000065512,13.75
gbpusd_rsi2_m5_usd500000_smaller_stop_and_time_confirmed_rebound,2017-08-24T14:20:00+00:00,2017-08-24T14:45:00+00:00,47323,stop,-3.616930956799492,-11.596444234688978,True,False,1500,5.049922864646331,1.120636771247849,0.7532839389274916,1.2917015655904773,-0.8854342281457199,0.7450980392157631,0.1999999999990898,14.333333333333334
gbpusd_rsi2_m5_usd500000_smaller_stop_and_time_confirmed_rebound,2017-08-25T12:10:00+00:00,2017-08-25T12:25:00+00:00,47580,stop,-2.9143346634286553,-9.355809513414624,True,False,900,3.879030772785763,1.1287851852420037,1.5613752055424968,4.495155608985168,-1.5989626262777183,0.06060606060579554,0.2999999999997449,12.166666666666666
gbpusd_rsi2_m5_usd500000_smaller_stop_and_time_confirmed_rebound,2017-08-28T07:40:00+00:00,2017-08-28T08:00:00+00:00,47809,signal_exit,1.5807859165004838,5.09766500000156,False,True,1200,4.591191060290736,1.2287020724753022,1.055042327991824,2.113390516283728,-1.1762964148788557,0.12727272727274194,0.1999999999990898,7.666666666666667
gbpusd_rsi2_m5_usd500000_smaller_stop_and_time_confirmed_rebound,2017-08-28T10:20:00+00:00,2017-08-28T10:40:00+00:00,47841,signal_exit,-0.031893668399063935,-0.10291599999697945,False,False,1200,3.365238547963092,0.9306829995735433,1.2792037947256203,3.5782080960020743,-1.330735764314001,0.6363636363634528,0.2999999999997449,10.333333333333334
gbpusd_rsi2_m5_usd500000_smaller_stop_and_time_confirmed_rebound,2017-08-28T13:25:00+00:00,2017-08-28T13:35:00+00:00,47878,signal_exit,1.4843649402505616,4.796009500001815,False,True,600,3.7157971028941748,1.027488101855971,1.5888389309695192,4.970706281049402,-1.276091146106286,0.5454545454545914,0.2999999999997449,13.416666666666666
gbpusd_rsi2_m5_usd500000_smaller_stop_and_time_confirmed_rebound,2017-08-28T14:30:00+00:00,2017-08-28T14:45:00+00:00,47891,signal_exit,0.4627343084007426,1.4955860000024,False,True,900,4.006473572908759,1.0741316558939538,1.5001882885377051,5.988073622743029,0.3576818844499796,0.30434782608708244,0.3999999999981796,14.5
gbpusd_rsi2_m5_usd500000_smaller_stop_and_time_confirmed_rebound,2017-08-28T15:30:00+00:00,2017-08-28T15:55:00+00:00,47903,signal_exit,0.7099857780009898,2.2954600000032,False,True,1500,4.804524412016222,1.2256177032535047,1.5543766399180794,5.282498180584322,-0.5199110847263205,0.06818181818176083,0.40000000000040004,15.5
gbpusd_rsi2_m5_usd500000_smaller_stop_and_time_confirmed_rebound,2017-08-29T08:40:00+00:00,2017-08-29T09:15:00+00:00,48107,signal_exit,-0.46477766499984263,-1.5075499999994895,False,False,2100,5.802350009172179,1.5454774139381218,1.6369313886666939,7.447924338566908,0.6346740378009389,0.6829268292678567,0.20000000000131024,8.666666666666666
gbpusd_rsi2_m5_usd500000_smaller_stop_and_time_confirmed_rebound,2017-08-29T10:20:00+00:00,2017-08-29T10:45:00+00:00,48127,stop,-3.7193789133645905,-12.064154762778431,True,False,1500,5.22855013064433,1.3087388040060295,1.5658187455047643,5.23670289652624,-0.6576139871901003,0.7073170731708374,0.2999999999997449,10.333333333333334
gbpusd_rsi2_m5_usd500000_smaller_stop_and_time_confirmed_rebound,2017-08-29T11:00:00+00:00,2017-08-29T11:30:00+00:00,48135,signal_exit,1.8495325343002451,5.993300500000794,False,True,1800,5.1344971214877075,1.2610062189238402,1.250140114354195,1.4974449025703032,-1.736480165593452,0.5208333333334683,0.10000000000065512,11.0
gbpusd_rsi2_m5_usd500000_smaller_stop_and_time_confirmed_rebound,2017-08-29T11:50:00+00:00,2017-08-29T12:00:00+00:00,48145,signal_exit,0.8620125343006281,2.7933005000020352,False,True,600,4.767001532966211,1.1581898678464577,0.7834356915930141,1.6501170204680566,-0.7938923378023136,0.3695652173913883,0.10000000000065512,11.833333333333334
gbpusd_rsi2_m5_usd500000_smaller_stop_and_time_confirmed_rebound,2017-08-29T13:20:00+00:00,2017-08-29T13:45:00+00:00,48163,stop,-3.4396348535707193,-11.14593277242618,True,False,1500,4.769885082192209,1.1220177733366934,0.6130156060679212,0.8907836355854016,-1.1362657557905416,0.1219512195124461,0.2999999999997449,13.333333333333334
gbpusd_rsi2_m5_usd500000_smaller_stop_and_time_confirmed_rebound,2017-08-30T07:25:00+00:00,2017-08-30T07:40:00+00:00,48371,signal_exit,1.5473768729502801,4.996373500000905,False,True,900,5.701376920841157,1.6162149124160998,-0.853434530302864,-6.168264913287261,-1.088386167545418,0.6730769230771079,0.2999999999997449,7.416666666666667
gbpusd_rsi2_m5_usd500000_smaller_stop_and_time_confirmed_rebound,2017-08-30T12:45:00+00:00,2017-08-30T12:50:00+00:00,48435,signal_exit,2.6030949550003024,8.397080500000975,False,True,300,8.468739766653316,1.694624077241723,-0.3295720527504801,-5.886630254367181,-1.6418368005477788,0.8461538461537016,0.30000000000196536,12.75
gbpusd_rsi2_m5_usd500000_smaller_stop_and_time_confirmed_rebound,2017-08-31T07:30:00+00:00,2017-08-31T07:35:00+00:00,48658,stop,-3.509369233737544,-11.335171943596718,True,False,300,4.865918528947752,1.3439968662941182,-0.14545024394267841,-2.682441446009386,-1.5521635441249886,0.2053571428570986,0.2999999999997449,7.5
gbpusd_rsi2_m5_usd500000_smaller_stop_and_time_confirmed_rebound,2017-08-31T07:50:00+00:00,2017-08-31T08:20:00+00:00,48662,stop,-3.786621676492708,-12.22279430759428,True,False,1800,5.360032254927061,1.4266717106857103,-0.37386749685534804,-4.549782761581943,-1.591177349661134,0.4,0.1999999999990898,7.833333333333333
gbpusd_rsi2_m5_usd500000_smaller_stop_and_time_confirmed_rebound,2017-08-31T08:25:00+00:00,2017-08-31T08:40:00+00:00,48669,signal_exit,1.115181755000879,3.5973605000028352,False,True,900,5.496152078094903,1.41256973305354,-0.678864115946304,-6.362309330313635,-1.6266831272811717,0.27906976744152423,0.0,8.416666666666666
gbpusd_rsi2_m5_usd500000_smaller_stop_and_time_confirmed_rebound,2017-08-31T09:20:00+00:00,2017-08-31T09:35:00+00:00,48680,signal_exit,1.0850538533999874,3.497916999999959,False,True,900,5.3045639312512165,1.3229306124645124,-1.218276891259359,-7.543222079264837,-1.853086842363248,0.27118644067792147,0.20000000000131024,9.333333333333334
gbpusd_rsi2_m5_usd500000_smaller_stop_and_time_confirmed_rebound,2017-08-31T09:55:00+00:00,2017-08-31T10:00:00+00:00,48687,signal_exit,0.8682685825506316,2.798158500002035,False,True,300,5.894991621924595,1.4051051178600875,-1.40595609745183,-7.425219274583209,-1.3092374597094711,0.5142857142854877,0.10000000000065512,9.916666666666666
gbpusd_rsi2_m5_usd500000_smaller_stop_and_time_confirmed_rebound,2017-08-31T11:25:00+00:00,2017-08-31T12:20:00+00:00,48705,signal_exit,-1.4293071513499425,-4.600280499999815,False,False,3300,6.532453968749103,1.4023619589047787,-1.7695826858440822,-9.343566030770827,-1.8196936397407137,0.29545454545446515,0.30000000000196536,11.416666666666666
gbpusd_rsi2_m5_usd500000_smaller_stop_and_time_confirmed_rebound,2017-08-31T13:15:00+00:00,2017-08-31T13:25:00+00:00,48727,signal_exit,0.7135211360009933,2.2987150000032,False,True,600,5.987744400831771,1.233612008370702,-1.8215838995757077,-5.104146374033032,0.9315664100410103,0.9302325581396189,0.3999999999981796,13.25
gbpusd_rsi2_m5_usd500000_smaller_stop_and_time_confirmed_rebound,2017-09-01T07:55:00+00:00,2017-09-01T07:55:00+00:00,48948,target,1.9391029986313972,6.263252579558776,False,True,0,4.033612216205659,1.1854820643456971,-0.5673553456009266,-3.5488173148101287,-1.2948415950952146,0.0980392156864794,0.4999999999988347,7.916666666666667
gbpusd_rsi2_m5_usd500000_smaller_stop_and_time_confirmed_rebound,2017-09-01T09:20:00+00:00,2017-09-01T10:00:00+00:00,48965,signal_exit,2.658511907550707,8.595253500002284,False,True,2400,6.102314450289245,1.5332399609032747,-0.22645143823183847,-0.42272669257007095,0.17766782346299695,0.6619718309858846,0.20000000000131024,9.333333333333334
gbpusd_rsi2_m5_usd500000_smaller_stop_and_time_confirmed_rebound,2017-09-01T13:50:00+00:00,2017-09-01T14:00:00+00:00,49019,stop,-7.634568682018011,-24.771475282342667,True,False,600,11.632247269826692,1.8666969786558056,1.4977460722988656,5.6324583086170685,-0.22055690485112908,0.07594936708853643,0.1999999999990898,13.833333333333334
gbpusd_rsi2_m5_usd500000_smaller_stop_and_time_confirmed_rebound,2017-09-01T14:10:00+00:00,2017-09-01T14:50:00+00:00,49023,signal_exit,3.176416405400716,10.29298900000232,False,True,2400,11.371837626861781,1.773612322883876,1.4859633723472225,2.6855124309827247,-1.9700421311805343,0.2727272727269975,0.10000000000065512,14.166666666666666
gbpusd_rsi2_m5_usd500000_smaller_stop_and_time_confirmed_rebound,2017-09-04T07:35:00+00:00,2017-09-04T07:50:00+00:00,49232,signal_exit,0.09070717320037047,0.2938360000012001,False,True,900,3.836961295134102,1.1998446959702018,-0.05081053429352086,-2.944957967372684,-1.8562343324038522,0.4333333333332593,0.2999999999997449,7.583333333333333
gbpusd_rsi2_m5_usd500000_smaller_stop_and_time_confirmed_rebound,2017-09-04T10:25:00+00:00,2017-09-04T10:45:00+00:00,49266,signal_exit,0.18340357680029185,0.5939235000009451,False,True,1200,5.238875987319846,1.333218974381568,-0.4535966104336839,-2.0571211332083177,-0.2915543708740478,0.14285714285725615,0.2999999999997449,10.416666666666666
gbpusd_rsi2_m5_usd500000_smaller_stop_and_time_confirmed_rebound,2017-09-04T13:30:00+00:00,2017-09-04T13:45:00+00:00,49303,signal_exit,1.2631417696005154,4.09313600000167,False,True,900,4.055926061904115,1.0165141136501652,0.32445960722091244,0.20105084327426945,-1.7001802976352198,0.5135135135133027,0.10000000000065512,13.5
gbpusd_rsi2_m5_usd500000_smaller_stop_and_time_confirmed_rebound,2017-09-04T14:20:00+00:00,2017-09-04T14:35:00+00:00,49313,signal_exit,0.6462656109005835,2.0935070000018903,False,True,900,4.009013609423987,1.0046568868352939,0.23145053050110953,-0.998997351130349,-2.0034702941871045,0.20000000000029605,0.40000000000040004,14.333333333333334
gbpusd_rsi2_m5_usd500000_smaller_stop_and_time_confirmed_rebound,2017-09-05T07:55:00+00:00,2017-09-05T08:15:00+00:00,49511,signal_exit,1.8550050701002456,5.995491500000794,False,True,1200,6.210323947901212,1.6599332768917876,-0.36396217100000905,-3.7628548540595848,-1.2505192321140233,0.5694444444446072,0.4999999999988347,7.916666666666667
gbpusd_rsi2_m5_usd500000_smaller_stop_and_time_confirmed_rebound,2017-09-05T15:50:00+00:00,2017-09-05T16:10:00+00:00,49606,signal_exit,1.9926662576005678,6.488656000001849,False,True,1200,6.734315509635822,1.2235734069264337,2.578784594946075,10.34051307129551,0.12717681181470908,0.9062500000001085,0.2999999999997449,15.833333333333334
gbpusd_rsi2_m5_usd500000_smaller_stop_and_time_confirmed_rebound,2017-09-06T09:30:00+00:00,2017-09-06T09:40:00+00:00,49814,target,2.5688493696186483,8.378504140961018,False,True,600,4.895580165785509,1.2649231547461177,0.9062445777659869,2.1704060844519004,-1.439607745337716,0.6341463414632033,0.10000000000065512,9.5
gbpusd_rsi2_m5_usd500000_smaller_stop_and_time_confirmed_rebound,2017-09-06T09:55:00+00:00,2017-09-06T10:15:00+00:00,49819,signal_exit,1.284367743350713,4.187700500002324,False,True,1200,5.183511421013283,1.3048701011392292,0.8860058364304438,1.1879145545626373,-1.6209214262607425,0.48648648648669734,0.40000000000040004,9.916666666666666
gbpusd_rsi2_m5_usd500000_smaller_stop_and_time_confirmed_rebound,2017-09-06T13:15:00+00:00,2017-09-06T13:25:00+00:00,49859,signal_exit,1.037262436950467,3.386426500001525,False,True,600,4.514924455024594,1.0560694320234159,1.0037604495911707,3.920936421816529,0.2940361289440911,0.46153846153905276,0.1999999999990898,13.25
gbpusd_rsi2_m5_usd500000_smaller_stop_and_time_confirmed_rebound,2017-09-07T13:55:00+00:00,2017-09-07T14:10:00+00:00,50151,signal_exit,1.7065209768007992,5.584165500002615,False,True,900,9.64733728338045,1.6734513753151026,1.358252247781302,2.7655623454785627,-1.9048374886872526,0.6170212765955738,0.2999999999997449,13.916666666666666
gbpusd_rsi2_m5_usd500000_smaller_stop_and_time_confirmed_rebound,2017-09-07T15:55:00+00:00,2017-09-07T16:05:00+00:00,50175,stop,-5.066199173508839,-16.59960410717182,True,False,600,7.491744514644231,1.2323082080869647,1.1859227086859236,3.920350632024685,-0.6042238494659653,0.2881355932203007,0.30000000000196536,15.916666666666666
gbpusd_rsi2_m5_usd500000_smaller_stop_and_time_confirmed_rebound,2017-09-08T07:30:00+00:00,2017-09-08T07:40:00+00:00,50362,signal_exit,1.211731624600309,3.9807215000010148,False,True,600,6.383930152215021,1.2846750627776622,1.4089026247777687,4.0318469228442275,-1.2360929654425499,0.25000000000009254,0.40000000000040004,7.5
gbpusd_rsi2_m5_usd500000_smaller_stop_and_time_confirmed_rebound,2017-09-08T13:05:00+00:00,2017-09-08T13:35:00+00:00,50429,signal_exit,0.2045340873004844,0.6756990000016002,False,True,1800,6.595499171717858,1.151355391293744,3.110920241476022,10.428650886542162,-1.4397900145687041,0.450704225352258,0.2999999999997449,13.083333333333334
gbpusd_rsi2_m5_usd500000_smaller_stop_and_time_confirmed_rebound,2017-09-08T14:10:00+00:00,2017-09-08T14:55:00+00:00,50442,stop,-4.578588263637712,-15.115841081669567,True,False,2700,6.846326412260096,1.1668254465401438,2.534703562444558,7.642945116894506,-1.172536643570056,0.44285714285723804,0.10000000000065512,14.166666666666666
gbpusd_rsi2_m5_usd500000_smaller_stop_and_time_confirmed_rebound,2017-09-11T11:35:00+00:00,2017-09-11T12:35:00+00:00,50696,holding_bars,-2.154562199999525,-7.124874999998428,False,False,3600,5.378050509705822,1.2215509479814615,1.1691981773048692,6.159100417259802,0.6573024744749998,0.2500000000001262,0.1999999999990898,11.583333333333334
gbpusd_rsi2_m5_usd500000_smaller_stop_and_time_confirmed_rebound,2017-09-11T12:55:00+00:00,2017-09-11T13:50:00+00:00,50712,signal_exit,-0.552276465799096,-1.8238984999970143,False,False,3300,5.88721711539524,1.2611694207202029,1.1782974062905176,1.5868487581257793,-1.9035146214626797,0.31250000000008676,0.1999999999990898,12.916666666666666
gbpusd_rsi2_m5_usd500000_smaller_stop_and_time_confirmed_rebound,2017-09-11T14:35:00+00:00,2017-09-11T15:15:00+00:00,50732,stop,-4.068468479287635,-13.427288710520246,True,False,2400,5.852251684069781,1.2041193091627256,0.18168106793112426,-0.7032920188234563,-1.307616519226511,0.3199999999999112,0.40000000000040004,14.583333333333334
gbpusd_rsi2_m5_usd500000_smaller_stop_and_time_confirmed_rebound,2017-09-11T15:35:00+00:00,2017-09-11T15:50:00+00:00,50744,stop,-3.6069472133188722,-11.892341619910557,True,False,900,5.135146790094187,1.0609310085137993,-0.14039450792231514,-2.7870025771285833,-1.2713624011251772,0.01818181818153191,0.2999999999997449,15.583333333333334
gbpusd_rsi2_m5_usd500000_smaller_stop_and_time_confirmed_rebound,2017-09-11T15:55:00+00:00,2017-09-11T16:05:00+00:00,50748,signal_exit,0.20566333080048552,0.6778620000016001,False,True,600,4.997525184086891,1.0351727647671818,-0.31163808585657876,-3.6911402322035194,-1.5827832214361692,0.15254237288120284,0.2999999999997449,15.916666666666666
gbpusd_rsi2_m5_usd500000_smaller_stop_and_time_confirmed_rebound,2017-09-12T07:55:00+00:00,2017-09-12T08:05:00+00:00,50932,signal_exit,0.3257873648006056,1.075916000002,False,True,600,4.25571123701893,1.2443609615325808,1.1210125159881212,5.716969458760837,0.7044319889728353,0.2580645161292633,0.0,7.916666666666667
gbpusd_rsi2_m5_usd500000_smaller_stop_and_time_confirmed_rebound,2017-09-12T09:25:00+00:00,2017-09-12T09:35:00+00:00,50950,signal_exit,1.9821783852000856,6.572209500000284,False,True,600,10.237075058491147,2.0362720382363566,2.185826041851774,11.870359367596004,0.5168566376703791,0.057692307692250214,0.40000000000040004,9.416666666666666
gbpusd_rsi2_m5_usd500000_smaller_stop_and_time_confirmed_rebound,2017-09-12T11:15:00+00:00,2017-09-12T12:00:00+00:00,50972,signal_exit,-0.4302997517496491,-1.4290924999988346,False,False,2700,8.09340095172742,1.4714555254186528,3.066295733576365,12.129166335389487,0.23711962495580713,0.7936507936508216,0.2999999999997449,11.25
gbpusd_rsi2_m5_usd500000_smaller_stop_and_time_confirmed_rebound,2017-09-12T12:45:00+00:00,2017-09-12T13:15:00+00:00,50990,stop,-4.331045925887249,-14.374530122426979,True,False,1800,6.373253375082443,1.1592650905142818,2.7133448370586364,8.595022604096199,-1.2300826053625291,0.48214285714293503,0.2999999999997449,12.75
gbpusd_rsi2_m5_usd500000_smaller_stop_and_time_confirmed_rebound,2017-09-13T08:55:00+00:00,2017-09-13T09:55:00+00:00,51232,holding_bars,-3.1090326119991536,-10.329011999997187,False,False,3600,7.0926316754695655,1.528249432780677,1.056955384484468,-3.3824916864830397,-1.7589427021860402,0.23333333333340736,0.2999999999997449,8.916666666666666
gbpusd_rsi2_m5_usd500000_smaller_stop_and_time_confirmed_rebound,2017-09-13T10:20:00+00:00,2017-09-13T11:00:00+00:00,51249,signal_exit,1.3477688730006239,4.47169500000207,False,True,2400,6.098036533067091,1.2590805389212207,-0.8521559680077381,-6.118474262648073,-1.7626428070306828,0.318181818181887,0.40000000000040004,10.333333333333334
gbpusd_rsi2_m5_usd500000_smaller_stop_and_time_confirmed_rebound,2017-09-13T13:10:00+00:00,2017-09-13T13:35:00+00:00,51283,stop,-4.0255715999045805,-13.36067573814995,True,False,1500,5.816262938278523,1.188477060095728,-0.43583316366293917,-3.718422283313044,-1.8765329536489213,0.34482758620684373,0.40000000000040004,13.166666666666666
gbpusd_rsi2_m5_usd500000_smaller_stop_and_time_confirmed_rebound,2017-09-13T14:05:00+00:00,2017-09-13T14:10:00+00:00,51294,stop,-4.350337276243048,-14.419414240116167,True,False,300,6.546252738904852,1.2857676795742454,-0.7792324238983174,-6.301608521939359,-1.3349185097761855,0.5256410256410512,0.0,14.083333333333334
gbpusd_rsi2_m5_usd500000_smaller_stop_and_time_confirmed_rebound,2017-09-13T14:20:00+00:00,2017-09-13T14:55:00+00:00,51297,signal_exit,0.5655021736008454,1.8731440000028001,False,True,2100,6.928431948751375,1.3337239316486293,-0.9554858776396546,-7.727997182023494,-1.5236124702985847,0.4086021505377397,0.40000000000040004,14.333333333333334
gbpusd_rsi2_m5_usd500000_smaller_stop_and_time_confirmed_rebound,2017-09-13T15:45:00+00:00,2017-09-13T16:00:00+00:00,51314,signal_exit,1.5049170812502737,4.974932500000905,False,True,900,8.40970970953577,1.4575574907718964,-1.7792668920179766,-10.27958716358988,-1.8186360297616349,0.38181818181830296,0.1999999999990898,15.75
gbpusd_rsi2_m5_usd500000_smaller_stop_and_time_confirmed_rebound,2017-09-14T08:25:00+00:00,2017-09-14T08:35:00+00:00,51511,signal_exit,1.0818889573001862,3.575310500000615,False,True,600,5.111561651582317,1.3330860586603113,-0.16399208228877898,-2.3799276674925456,-1.2307644837716283,0.357142857143197,0.2999999999997449,8.416666666666666
gbpusd_rsi2_m5_usd500000_smaller_stop_and_time_confirmed_rebound,2017-09-14T09:25:00+00:00,2017-09-14T09:30:00+00:00,51523,signal_exit,0.5380256706506497,1.7762485000021446,False,True,300,4.77915864529423,1.2229441454731398,-0.4672476112678098,-5.127971307521509,-1.4170424040078948,0.4736842105263363,0.2999999999997449,9.416666666666666
gbpusd_rsi2_m5_usd500000_smaller_stop_and_time_confirmed_rebound,2017-09-14T15:00:00+00:00,2017-09-14T15:05:00+00:00,51590,target,5.275667459179045,17.6207997968572,False,True,300,9.67797812766179,1.208885914237693,3.2245262500414733,10.777656665230719,-1.307375978525621,0.37704918032815526,0.3999999999981796,15.0
gbpusd_rsi2_m5_usd500000_smaller_stop_and_time_confirmed_rebound,2017-09-15T07:20:00+00:00,2017-09-15T07:35:00+00:00,51783,signal_exit,2.5482540973506804,8.559805500002286,False,True,900,7.275368496963085,1.455403918813939,2.0721638506723594,9.060920255129657,0.43936421919603735,0.02985074626851327,0.40000000000040004,7.333333333333333
gbpusd_rsi2_m5_usd500000_smaller_stop_and_time_confirmed_rebound,2017-09-15T15:35:00+00:00,2017-09-15T16:30:00+00:00,51882,stop,-5.214851653346019,-17.725532472284225,True,False,3300,8.087584801611676,0.9393712960272949,2.9522679178747278,10.307372361975764,-0.9758788086323713,0.28125000000011924,0.1999999999990898,15.583333333333334
gbpusd_rsi2_m5_usd500000_smaller_stop_and_time_confirmed_rebound,2017-09-18T07:15:00+00:00,2017-09-18T07:15:00+00:00,52063,stop,-4.884618838533847,-16.59741365454926,True,False,0,7.373750658548637,1.3871908075562027,0.9000351410320396,1.060460606250805,-1.4449048168440788,0.27777777777796053,0.4999999999988347,7.25
gbpusd_rsi2_m5_usd500000_smaller_stop_and_time_confirmed_rebound,2017-09-18T07:30:00+00:00,2017-09-18T07:30:00+00:00,52066,stop,-6.09143849497487,-20.67698063467369,True,False,0,9.264078060069584,1.6315481256115747,0.6936995669610185,-1.3852282921055983,-1.7071301476753502,0.5793650793650822,0.8000000000008001,7.5
gbpusd_rsi2_m5_usd500000_smaller_stop_and_time_confirmed_rebound,2017-09-18T08:35:00+00:00,2017-09-18T08:50:00+00:00,52079,signal_exit,2.197364778000513,7.451220000001739,False,True,900,8.92199904616248,1.4619233296148098,-0.2118822121293379,-3.2354046782937558,-0.7573418422243595,0.525773195876225,0.40000000000040004,8.583333333333334
gbpusd_rsi2_m5_usd500000_smaller_stop_and_time_confirmed_rebound,2017-09-18T09:30:00+00:00,2017-09-18T10:05:00+00:00,52090,signal_exit,2.2571512000008997,7.6513600000030495,False,True,2100,9.037959005201248,1.4105613796593826,-0.5886316730520328,-3.214103567301136,-1.0181103011691093,0.766233766233946,0.4999999999988347,9.5
gbpusd_rsi2_m5_usd500000_smaller_stop_and_time_confirmed_rebound,2017-09-18T10:30:00+00:00,2017-09-18T11:30:00+00:00,52102,holding_bars,-1.813648494999569,-6.1479609999985385,False,False,3600,8.378152598781988,1.2605777210471385,-0.5759711572667664,-3.162038278724385,-0.8425112798293845,0.1428571428575054,0.40000000000040004,10.5
gbpusd_rsi2_m5_usd500000_smaller_stop_and_time_confirmed_rebound,2017-09-18T12:15:00+00:00,2017-09-18T12:35:00+00:00,52123,signal_exit,0.1039890708005477,0.35226650000185533,False,True,1200,7.022788370727444,1.0466357744700712,-0.7854347546579402,-3.4207145080556414,-0.7761160149906421,0.08695652173904649,0.5000000000010552,12.25
gbpusd_rsi2_m5_usd500000_smaller_stop_and_time_confirmed_rebound,2017-09-18T14:20:00+00:00,2017-09-18T14:45:00+00:00,52148,stop,-4.193675912743629,-14.230322065638374,True,False,1500,6.3407164578955655,0.9575625864571655,-0.17388057709697277,0.3837608449340898,0.5402510312577499,0.05479452054799104,0.20000000000131024,14.333333333333334
gbpusd_rsi2_m5_usd500000_smaller_stop_and_time_confirmed_rebound,2017-09-18T15:10:00+00:00,2017-09-18T15:50:00+00:00,52158,stop,-7.229956584643321,-24.442043896698177,True,False,2400,11.348551647657759,1.536671811621093,-0.13762739293152096,-6.4349368494225345,-2.6676882180524646,0.2372881355931374,0.40000000000040004,15.166666666666666
gbpusd_rsi2_m5_usd500000_smaller_stop_and_time_confirmed_rebound,2017-09-19T08:15:00+00:00,2017-09-19T08:20:00+00:00,52359,stop,-5.0236601530950145,-16.994790775016963,True,False,300,7.724441242953845,1.349640800695428,0.33914488788603514,-0.6855899179087621,-1.5938826412594027,0.7564102564103695,0.1999999999990898,8.25
gbpusd_rsi2_m5_usd500000_smaller_stop_and_time_confirmed_rebound,2017-09-19T10:15:00+00:00,2017-09-19T10:25:00+00:00,52383,signal_exit,1.7639777801002354,5.955360500000795,False,True,600,8.199459843852805,1.258073062579699,-1.061718910400649,-4.112655779665204,-0.010766018522002686,0.6166666666667037,0.40000000000040004,10.25
gbpusd_rsi2_m5_usd500000_smaller_stop_and_time_confirmed_rebound,2017-09-19T11:10:00+00:00,2017-09-19T12:00:00+00:00,52394,stop,-5.161522138481121,-17.43757479216595,True,False,3000,7.946537524897812,1.1944693147905507,-0.6789253036088302,-2.2949750548041026,0.09748178724657557,0.2686567164180341,0.1999999999990898,11.166666666666666
gbpusd_rsi2_m5_usd500000_smaller_stop_and_time_confirmed_rebound,2017-09-19T15:50:00+00:00,2017-09-19T16:00:00+00:00,52450,signal_exit,0.6073571548005589,2.0539640000018897,False,True,600,7.276073265123362,0.9748878654032139,-0.11917974897922706,-0.1723810395858749,0.19745313010157445,0.35714285714274385,0.2999999999997449,15.833333333333334
gbpusd_rsi2_m5_usd500000_smaller_stop_and_time_confirmed_rebound,2017-09-20T10:10:00+00:00,2017-09-20T11:10:00+00:00,52667,holding_bars,-2.699501320099471,-9.147750999998207,False,False,3600,12.42154565694545,1.656894492294494,1.1036126500126187,2.341775191727288,-1.1862862210737637,0.43373493975914573,0.1999999999990898,10.166666666666666
gbpusd_rsi2_m5_usd500000_smaller_stop_and_time_confirmed_rebound,2017-09-20T13:10:00+00:00,2017-09-20T13:20:00+00:00,52703,signal_exit,0.8423456124001387,2.8525080000004697,False,True,600,5.863381646191456,0.8385991837426797,0.33733094648030604,0.6454058914294266,-0.9560954532333491,0.28767123287642066,0.20000000000131024,13.166666666666666
gbpusd_rsi2_m5_usd500000_smaller_stop_and_time_confirmed_rebound,2017-09-21T07:30:00+00:00,2017-09-21T07:35:00+00:00,52923,signal_exit,0.8165522808506029,2.7558295000020347,False,True,300,7.64651831174761,1.2327325980640076,-0.33595596306400033,-2.651870180253516,-1.2992798867363173,0.12499999999981076,0.30000000000196536,7.5
gbpusd_rsi2_m5_usd500000_smaller_stop_and_time_confirmed_rebound,2017-09-21T08:50:00+00:00,2017-09-21T09:15:00+00:00,52939,signal_exit,0.37169669880098033,1.2553080000033108,False,True,1500,8.220486402961983,1.2498711215211702,-0.14639027050405806,-1.1975484352519827,-0.4938859105092589,0.4489795918367393,0.09999999999843467,8.833333333333334
gbpusd_rsi2_m5_usd500000_smaller_stop_and_time_confirmed_rebound,2017-09-21T10:05:00+00:00,2017-09-21T10:40:00+00:00,52954,signal_exit,-0.8718901379992773,-2.944579999997559,False,False,2100,6.725791477593322,1.0277268106646884,-0.08670575260940452,-1.0647939567090015,-0.6682540441138628,0.22222222222249635,0.1999999999990898,10.083333333333334
gbpusd_rsi2_m5_usd500000_smaller_stop_and_time_confirmed_rebound,2017-09-21T11:05:00+00:00,2017-09-21T11:45:00+00:00,52966,signal_exit,-0.8727607959999346,-2.9435439999997794,False,False,2400,6.267372982744915,0.968023262925371,-0.268231903585371,-3.1121372607034523,-1.718418216379803,0.6909090909091129,0.10000000000065512,11.083333333333334
gbpusd_rsi2_m5_usd500000_smaller_stop_and_time_confirmed_rebound,2017-09-21T14:25:00+00:00,2017-09-21T14:35:00+00:00,53006,signal_exit,1.821072904750623,6.154352500002105,False,True,600,6.921391318396836,1.0236069273669062,0.23134640811149837,0.9578171343708028,0.024411638021086587,0.47169811320757876,0.09999999999843467,14.416666666666666
gbpusd_rsi2_m5_usd500000_smaller_stop_and_time_confirmed_rebound,2017-09-22T08:10:00+00:00,2017-09-22T08:25:00+00:00,53213,stop,-4.11297949595933,-13.980215825830488,True,False,900,6.264902934518392,1.3908163451156639,0.7674325190971721,3.306685024676684,0.5308917930259969,0.3728813559319546,0.10000000000065512,8.166666666666666
gbpusd_rsi2_m5_usd500000_smaller_stop_and_time_confirmed_rebound,2017-09-22T08:50:00+00:00,2017-09-22T09:05:00+00:00,53221,signal_exit,0.36832482840097536,1.2502540000033107,False,True,900,6.34992231441901,1.3631544196184315,0.5221974550980996,-0.5721644471641589,-1.8307082351144137,0.2075471698110362,0.2999999999997449,8.833333333333334
gbpusd_rsi2_m5_usd500000_smaller_stop_and_time_confirmed_rebound,2017-09-22T10:20:00+00:00,2017-09-22T10:30:00+00:00,53239,signal_exit,2.16863364750032,7.351300500001083,False,True,600,7.156302827934221,1.4160786941018189,-0.28332578229674393,-3.8106069154406708,-1.8425710423120851,0.33057851239685954,0.40000000000040004,10.333333333333334
gbpusd_rsi2_m5_usd500000_smaller_stop_and_time_confirmed_rebound,2017-09-22T14:05:00+00:00,2017-09-22T14:20:00+00:00,53284,signal_exit,7.265446487750811,24.553722500002742,False,True,900,15.925405278756376,2.1190284112840034,-0.3685654922439132,-7.795646481559614,-1.7870869091666675,0.14646464646458981,0.40000000000040004,14.083333333333334
gbpusd_rsi2_m5_usd500000_smaller_stop_and_time_confirmed_rebound,2017-09-25T07:05:00+00:00,2017-09-25T07:10:00+00:00,53485,signal_exit,1.2842237050504175,4.351825500001414,False,True,300,6.788344238208644,1.1528513408049497,0.7113119015678891,1.600721296034549,-0.7590439831274316,0.07594936708853643,0.40000000000040004,7.083333333333333
gbpusd_rsi2_m5_usd500000_smaller_stop_and_time_confirmed_rebound,2017-09-25T08:10:00+00:00,2017-09-25T08:15:00+00:00,53498,signal_exit,1.7007320874011604,5.753491500003926,False,True,300,8.169621194037544,1.300260292673915,0.45706826482362456,-2.450975892854568,-1.5811879105861442,0.7843137254900936,0.1999999999990898,8.166666666666666
gbpusd_rsi2_m5_usd500000_smaller_stop_and_time_confirmed_rebound,2017-09-25T10:15:00+00:00,2017-09-25T10:20:00+00:00,53523,stop,-4.723347672239858,-15.973444951774967,True,False,300,7.113911462789911,1.1039456458732466,-0.18711522863995905,-2.50047649468439,-2.0524343510685017,0.3478260869569415,0.40000000000040004,10.25
gbpusd_rsi2_m5_usd500000_smaller_stop_and_time_confirmed_rebound,2017-09-25T10:30:00+00:00,2017-09-25T10:50:00+00:00,53526,stop,-5.24509678266698,-17.719921563064123,True,False,1200,7.987705351220581,1.2103386698335494,-0.3044881485891785,-4.594442927160605,-2.346424075254479,0.2068965517239267,0.40000000000040004,10.5
gbpusd_rsi2_m5_usd500000_smaller_stop_and_time_confirmed_rebound,2017-09-25T11:05:00+00:00,2017-09-25T11:20:00+00:00,53533,signal_exit,1.9728366216009368,6.655994000003161,False,True,900,8.383259317725262,1.2405599085921915,-0.6825747922004987,-6.92401076325866,-1.7115378000367643,0.29333333333346756,0.1999999999990898,11.083333333333334
gbpusd_rsi2_m5_usd500000_smaller_stop_and_time_confirmed_rebound,2017-09-25T13:40:00+00:00,2017-09-25T13:50:00+00:00,53564,signal_exit,2.38241638680102,8.054146000003449,False,True,600,7.840767912347659,1.1368134280970417,-0.5945778774375537,-2.06064996884328,-0.20252634251204632,0.45205479452039377,0.1999999999990898,13.666666666666666
gbpusd_rsi2_m5_usd500000_smaller_stop_and_time_confirmed_rebound,2017-09-25T15:05:00+00:00,2017-09-25T15:10:00+00:00,53581,target,4.886712820261759,16.498017624111274,False,True,300,8.971478063786932,1.2554917211507313,-0.3675836249093994,-4.13150502801738,-2.0612543438758233,0.4503816793893324,0.10000000000065512,15.083333333333334
gbpusd_rsi2_m5_usd500000_smaller_stop_and_time_confirmed_rebound,2017-09-25T15:45:00+00:00,2017-09-25T15:55:00+00:00,53589,stop,-6.193611668574623,-20.88203529526171,True,False,600,9.669801090670939,1.2995832053396394,-0.5805825575462873,-5.9380330965072154,-1.759141341126651,0.16666666666660498,0.1999999999990898,15.75
gbpusd_rsi2_m5_usd500000_smaller_stop_and_time_confirmed_rebound,2017-09-26T08:10:00+00:00,2017-09-26T08:30:00+00:00,53779,signal_exit,2.567515230600872,8.656491000002939,False,True,1200,7.855556948978785,1.5097028919490127,0.3019562352830109,-2.141478483052302,-1.8094034286816423,0.3296703296703055,0.1999999999990898,8.166666666666666
gbpusd_rsi2_m5_usd500000_smaller_stop_and_time_confirmed_rebound,2017-09-26T10:30:00+00:00,2017-09-26T10:55:00+00:00,53807,stop,-4.8672947916941,-16.377169554825368,True,False,1500,7.3181749135348335,1.2937655670477843,-0.46190851852559456,-6.0867049864521805,-2.0102670948668897,0.2087912087913643,0.40000000000040004,10.5
gbpusd_rsi2_m5_usd500000_smaller_stop_and_time_confirmed_rebound,2017-09-26T11:10:00+00:00,2017-09-26T11:25:00+00:00,53815,signal_exit,2.5482853558506804,8.559910500002285,False,True,900,7.604536773595772,1.3058043850717718,-1.0374321860085138,-9.185225497568705,-1.5644235611648958,0.7812499999999458,0.1999999999990898,11.166666666666666
gbpusd_rsi2_m5_usd500000_smaller_stop_and_time_confirmed_rebound,2017-09-26T12:00:00+00:00,2017-09-26T12:15:00+00:00,53825,signal_exit,2.3110118307004424,7.7602815000014855,False,True,900,7.4880320850431685,1.2573627000736163,-1.7116477516101825,-8.998522518381682,-1.3670101083822523,0.27659574468096165,0.2999999999997449,12.0
gbpusd_rsi2_m5_usd500000_smaller_stop_and_time_confirmed_rebound,2017-09-26T14:30:00+00:00,2017-09-26T15:15:00+00:00,53855,signal_exit,0.7026578864504868,2.360288500001635,False,True,2700,9.09778377511773,1.3651438279032668,-1.1352923512229085,-6.0286146282158795,-1.790044926615811,0.9594594594594918,0.10000000000065512,14.5
gbpusd_rsi2_m5_usd500000_smaller_stop_and_time_confirmed_rebound,2017-09-26T15:40:00+00:00,2017-09-26T16:00:00+00:00,53869,signal_exit,0.9118152990005303,3.06081000000178,False,True,1200,8.106460880469058,1.1961220466708584,-1.2320694875858609,-6.325712172329499,-1.4277000095601116,0.6562500000001626,0.1999999999990898,15.666666666666666
gbpusd_rsi2_m5_usd500000_smaller_stop_and_time_confirmed_rebound,2017-09-27T07:00:00+00:00,2017-09-27T07:30:00+00:00,54052,signal_exit,0.9751478436002599,3.2635470000008695,False,True,1800,6.629051013601448,1.5111245435771576,-1.8445790873583794,-14.535274151688348,-1.9718424219445614,0.516853932584379,0.40000000000040004,7.0
gbpusd_rsi2_m5_usd500000_smaller_stop_and_time_confirmed_rebound,2017-09-27T08:35:00+00:00,2017-09-27T08:35:00+00:00,54071,target,3.7179673116953182,12.44716207464117,False,True,0,7.142006757555398,1.446252995310938,-2.586373977860172,-10.69353510309216,-0.6437863812657783,0.1473684210526611,0.4999999999988347,8.583333333333334
gbpusd_rsi2_m5_usd500000_smaller_stop_and_time_confirmed_rebound,2017-09-27T11:20:00+00:00,2017-09-27T11:35:00+00:00,54104,signal_exit,1.716762057000508,5.760946500001704,False,True,900,6.93790853150742,1.235884743396038,-0.5216681983972167,-2.1040417877020645,-0.27418524534208527,0.7586206896558061,0.40000000000040004,11.333333333333334
gbpusd_rsi2_m5_usd500000_smaller_stop_and_time_confirmed_rebound,2017-09-27T12:55:00+00:00,2017-09-27T13:05:00+00:00,54123,signal_exit,1.6312207456005852,5.462896000001959,False,True,600,7.508574288594562,1.2542026517064977,-0.5588442072000673,-6.057433527171638,-1.8320517427169238,0.8800000000000888,0.1999999999990898,12.916666666666666
gbpusd_rsi2_m5_usd500000_smaller_stop_and_time_confirmed_rebound,2017-09-27T14:05:00+00:00,2017-09-27T14:10:00+00:00,54137,target,4.365993777266776,14.626444814964072,False,True,300,8.082120281692116,1.2857334536532552,-0.9626904166694636,-4.346166114944445,-0.3819101643665108,0.6202531645567557,0.20000000000131024,14.083333333333334
gbpusd_rsi2_m5_usd500000_smaller_stop_and_time_confirmed_rebound,2017-09-27T14:50:00+00:00,2017-09-27T14:55:00+00:00,54146,stop,-5.633416711022721,-18.878742329164613,True,False,300,8.670930147137863,1.3165624302700276,-0.8414387575262785,-3.353601071114081,-0.444009282544594,0.5263157894738687,0.20000000000131024,14.833333333333334
gbpusd_rsi2_m5_usd500000_smaller_stop_and_time_confirmed_rebound,2017-09-28T08:50:00+00:00,2017-09-28T09:05:00+00:00,54359,signal_exit,1.6949165376009785,5.66482800000327,False,True,900,10.60831834284719,1.7344576134030265,-0.5674611938655668,-5.415471410229435,-1.4199892589544096,0.5858585858585836,0.2999999999997449,8.833333333333334
gbpusd_rsi2_m5_usd500000_smaller_stop_and_time_confirmed_rebound,2017-09-28T12:45:00+00:00,2017-09-28T13:00:00+00:00,54406,stop,-5.112179260195493,-17.178021707646145,True,False,900,7.719339530707868,1.1344325852217851,1.1333973408713465,4.888536075152784,0.5145849275562269,0.2380952380952255,0.40000000000040004,12.75
gbpusd_rsi2_m5_usd500000_smaller_stop_and_time_confirmed_rebound,2017-09-28T13:10:00+00:00,2017-09-28T13:20:00+00:00,54411,signal_exit,1.1501081901007684,3.8607190000025793,False,True,600,7.578205383870945,1.1091940138123562,1.0578780048865684,3.0677793742602635,-0.7386672280230769,0.3720930232559881,0.1999999999990898,13.166666666666666
gbpusd_rsi2_m5_usd500000_smaller_stop_and_time_confirmed_rebound,2017-09-29T07:10:00+00:00,2017-09-29T07:20:00+00:00,54618,stop,-3.7603119871127926,-12.614263626678271,True,False,600,5.538098146775597,1.3598085520297984,-0.37287620589733156,-3.309069744722601,-1.555932900048894,0.08750000000000346,0.1999999999990898,7.166666666666667
gbpusd_rsi2_m5_usd500000_smaller_stop_and_time_confirmed_rebound,2017-09-29T07:30:00+00:00,2017-09-29T07:45:00+00:00,54622,signal_exit,0.8828501280503354,2.9615905000011247,False,True,900,7.110035432373447,1.624547926064449,-0.45095368396703084,-3.6139055106808025,-1.2973670382214344,0.3626373626375557,0.2999999999997449,7.5
gbpusd_rsi2_m5_usd500000_smaller_stop_and_time_confirmed_rebound,2017-09-29T08:40:00+00:00,2017-09-29T09:00:00+00:00,54636,stop,-6.5468284992306485,-21.932423783017246,True,False,1200,10.19799932148509,1.9332482853389064,-0.46513212285674405,-5.707290072165632,-2.1415089941246377,0.16521739130427396,0.20000000000131024,8.666666666666666
gbpusd_rsi2_m5_usd500000_smaller_stop_and_time_confirmed_rebound,2017-09-29T09:05:00+00:00,2017-09-29T09:35:00+00:00,54641,stop,-6.441637720121089,-21.558359170418637,True,False,1800,9.911387483772092,1.8106317149978666,-0.7451853228487048,-7.4412151228999734,-1.7597747453738384,0.15126050420173556,0.40000000000040004,9.083333333333334
gbpusd_rsi2_m5_usd500000_smaller_stop_and_time_confirmed_rebound,2017-09-29T13:30:00+00:00,2017-09-29T13:45:00+00:00,54694,stop,-5.200481125247681,-17.416212743629202,True,False,900,7.889958270355095,1.230217980653985,-0.504763139070244,-3.0207761865006506,-1.3442968693953443,0.19047619047634154,0.2999999999997449,13.5
gbpusd_rsi2_m5_usd500000_smaller_stop_and_time_confirmed_rebound,2017-09-29T15:35:00+00:00,2017-09-29T16:20:00+00:00,54719,stop,-6.366980278494238,-21.365705632530997,True,False,2700,9.76393380394852,1.3070728907830862,-0.3990818746477762,1.0310201410283302,0.766583980925877,0.19047619047591355,0.5000000000010552,15.583333333333334
gbpusd_rsi2_m5_usd500000_smaller_stop_and_time_confirmed_rebound,2017-10-02T07:20:00+00:00,2017-10-02T07:30:00+00:00,54896,stop,-3.9229641155643296,-13.098377681350014,True,False,600,5.832400224683952,1.243830835476819,-1.2860706077823567,-7.798757025687887,-2.3999614365666737,0.05194805194810812,0.10000000000065512,7.333333333333333
gbpusd_rsi2_m5_usd500000_smaller_stop_and_time_confirmed_rebound,2017-10-02T07:50:00+00:00,2017-10-02T08:20:00+00:00,54902,stop,-4.110306813562429,-13.710162820421711,True,False,1800,5.988839019576845,1.2515275953700884,-1.5446622571285893,-10.322999122297079,-1.7135066258073892,0.15384615384597866,0.40000000000040004,7.833333333333333
gbpusd_rsi2_m5_usd500000_smaller_stop_and_time_confirmed_rebound,2017-10-02T08:40:00+00:00,2017-10-02T08:45:00+00:00,54912,stop,-4.464983085150315,-14.878317511330607,True,False,300,6.6233708236448265,1.327020143354501,-2.0639628925317655,-11.303358735033518,-1.2119081950966202,0.6119402985075418,0.2999999999997449,8.666666666666666
gbpusd_rsi2_m5_usd500000_smaller_stop_and_time_confirmed_rebound,2017-10-02T09:25:00+00:00,2017-10-02T10:10:00+00:00,54921,signal_exit,-2.3202936734993758,-7.7317349999979195,False,False,2700,6.615730586711763,1.283032061445904,-2.4615520562420063,-10.23936569543595,-0.614262572780983,0.4333333333332593,0.40000000000040004,9.416666666666666
gbpusd_rsi2_m5_usd500000_smaller_stop_and_time_confirmed_rebound,2017-10-02T11:30:00+00:00,2017-10-02T11:55:00+00:00,54946,stop,-4.209928092513938,-14.009744068266018,True,False,1500,6.239705923842088,1.1810233960260854,-2.477663506757837,-10.570105892331327,-1.4659912147897711,0.5166666666665864,0.1999999999990898,11.5
gbpusd_rsi2_m5_usd500000_smaller_stop_and_time_confirmed_rebound,2017-10-02T12:30:00+00:00,2017-10-02T12:55:00+00:00,54958,signal_exit,1.737571771150513,5.770746500001703,False,True,1500,7.4210295560396435,1.3305414098685302,-2.472381244372574,-13.211208550523317,-1.6479623975632016,0.5384615384615713,0.40000000000040004,12.5
gbpusd_rsi2_m5_usd500000_smaller_stop_and_time_confirmed_rebound,2017-10-02T15:20:00+00:00,2017-10-02T16:20:00+00:00,54992,holding_bars,-0.7917139889993416,-2.628532499997814,False,False,3600,9.184379922178499,1.3746467776099234,-1.9208559272362171,-8.968197103503268,-1.5068066079456288,0.26666666666649397,0.40000000000040004,15.333333333333334
gbpusd_rsi2_m5_usd500000_smaller_stop_and_time_confirmed_rebound,2017-10-03T07:50:00+00:00,2017-10-03T08:00:00+00:00,55184,signal_exit,1.1353928481505795,3.7708165000019247,False,True,600,6.4976427810420345,1.342036102553677,-0.3004696831322063,-0.09794407290843139,0.2228200450417709,0.533333333333358,0.40000000000040004,7.833333333333333
gbpusd_rsi2_m5_usd500000_smaller_stop_and_time_confirmed_rebound,2017-10-03T08:40:00+00:00,2017-10-03T09:40:00+00:00,55194,holding_bars,-0.09886154849948431,-0.32789899999828953,False,False,3600,8.07907684078126,1.5406067998275617,0.07805834493795843,-3.171701959838206,-2.4582314747285414,0.13924050632920998,0.10000000000065512,8.666666666666666
gbpusd_rsi2_m5_usd500000_smaller_stop_and_time_confirmed_rebound,2017-10-03T10:00:00+00:00,2017-10-03T10:20:00+00:00,55210,signal_exit,2.013148159400284,6.672682000000941,False,True,1200,6.973016185046094,1.275267397842838,-0.5743253829588251,-4.611230235613379,-1.1060404759534386,0.4310344827587461,0.10000000000065512,10.0
gbpusd_rsi2_m5_usd500000_smaller_stop_and_time_confirmed_rebound,2017-10-03T11:55:00+00:00,2017-10-03T12:10:00+00:00,55233,stop,-3.8023627379452725,-12.6073035077761,True,False,900,5.540127158338377,1.016725926091639,-0.5822940212177508,-3.0453674399980035,-1.5361090155301182,0.27659574468079073,0.20000000000131024,11.916666666666666
gbpusd_rsi2_m5_usd500000_smaller_stop_and_time_confirmed_rebound,2017-10-03T12:20:00+00:00,2017-10-03T12:30:00+00:00,55238,stop,-3.998087340601474,-13.247472964219597,True,False,600,5.910580102414242,1.0727818666820363,-0.5978599553665498,-4.639202194869162,-1.8676650874924206,0.2987012987012613,0.10000000000065512,12.333333333333334
gbpusd_rsi2_m5_usd500000_smaller_stop_and_time_confirmed_rebound,2017-10-04T10:00:00+00:00,2017-10-04T10:10:00+00:00,55497,signal_exit,1.8580581405506338,6.170900500002105,False,True,600,7.166350009242474,1.3825974284747395,0.4126269832129775,1.778585371404551,-0.10547333000668584,0.7313432835822973,0.2999999999997449,10.0
gbpusd_rsi2_m5_usd500000_smaller_stop_and_time_confirmed_rebound,2017-10-04T12:05:00+00:00,2017-10-04T12:25:00+00:00,55522,stop,-4.070651822614143,-13.523760208020407,True,False,1200,5.947468515408854,1.1328937209497159,0.7921289450784361,2.0615695394344056,-1.4052222632901838,0.41176470588216857,0.2999999999997449,12.083333333333334
gbpusd_rsi2_m5_usd500000_smaller_stop_and_time_confirmed_rebound,2017-10-04T12:45:00+00:00,2017-10-04T13:00:00+00:00,55530,signal_exit,2.251099375700524,7.471289000001739,False,True,900,6.670587623465135,1.2300964318189298,0.5274825397376459,-0.3008714718972562,-1.6951972169011313,0.6724137931034879,0.40000000000040004,12.75
gbpusd_rsi2_m5_usd500000_smaller_stop_and_time_confirmed_rebound,2017-10-05T09:10:00+00:00,2017-10-05T09:35:00+00:00,55771,signal_exit,-0.5826375398999666,-1.9235309999998895,False,False,1500,7.694757551948504,1.5359077515584902,-2.1106190455353913,-8.21281708369458,-0.2841471728974907,0.6470588235297191,0.40000000000040004,9.166666666666666
gbpusd_rsi2_m5_usd500000_smaller_stop_and_time_confirmed_rebound,2017-10-05T10:55:00+00:00,2017-10-05T11:25:00+00:00,55792,stop,-4.371370342594138,-14.417448359479344,True,False,1800,6.347632346872357,1.2094843823736172,-1.8814363743689568,-8.680620084977752,-1.732186764608445,0.2352941176470281,0.40000000000040004,10.916666666666666
gbpusd_rsi2_m5_usd500000_smaller_stop_and_time_confirmed_rebound,2017-10-05T11:35:00+00:00,2017-10-05T12:30:00+00:00,55800,stop,-4.200722510621381,-13.845492783854253,True,False,3300,6.162012062350489,1.1622524908279699,-1.9484833305251132,-9.7920647905013,-1.556131804644821,0.2666666666669627,0.1999999999990898,11.583333333333334
gbpusd_rsi2_m5_usd500000_smaller_stop_and_time_confirmed_rebound,2017-10-05T12:55:00+00:00,2017-10-05T13:55:00+00:00,55816,holding_bars,-3.1676202639993445,-10.419803499997844,False,False,3600,8.59109343309227,1.465248338625794,-2.172563227434987,-11.720409887639963,-2.093135570379471,0.2763157894737073,0.2999999999997449,12.916666666666666
gbpusd_rsi2_m5_usd500000_smaller_stop_and_time_confirmed_rebound,2017-10-06T08:15:00+00:00,2017-10-06T08:25:00+00:00,56044,signal_exit,1.8002949160007222,5.885240000002361,False,True,600,6.0490441997931335,1.337491996817724,-2.1161989509840247,-9.793315135686127,-1.3912313670349212,0.2777777777777264,0.5000000000010552,8.25
gbpusd_rsi2_m5_usd500000_smaller_stop_and_time_confirmed_rebound,2017-10-06T09:25:00+00:00,2017-10-06T09:45:00+00:00,56058,signal_exit,0.11759136560056699,0.3847885000018553,False,True,1200,4.916776940398107,1.088072969854098,-1.8553545512239429,-6.727356719985711,0.3220735956046673,0.47826086956509145,0.40000000000040004,9.416666666666666
gbpusd_rsi2_m5_usd500000_smaller_stop_and_time_confirmed_rebound,2017-10-06T10:10:00+00:00,2017-10-06T10:30:00+00:00,56067,signal_exit,0.8524451610006227,2.785768500002035,False,True,1200,5.395525459056774,1.16553705729725,-1.790172833321118,-9.126820717659207,-1.98829305868412,0.5873015873014362,0.2999999999997449,10.166666666666666
gbpusd_rsi2_m5_usd500000_smaller_stop_and_time_confirmed_rebound,2017-10-06T11:10:00+00:00,2017-10-06T11:20:00+00:00,56079,target,2.7774040951868084,9.082420193547444,False,True,600,5.3486950510993,1.1380860839919487,-1.7498131201855318,-6.558660924726539,0.07116011451027637,0.8000000000004441,0.2999999999997449,11.166666666666666
gbpusd_rsi2_m5_usd500000_smaller_stop_and_time_confirmed_rebound,2017-10-06T12:25:00+00:00,2017-10-06T12:25:00+00:00,56094,stop,-4.666555316314369,-15.270141741866391,True,False,0,6.927700590455233,1.3243050811065256,-0.9930088604429793,-3.6913919817455114,-0.16591953944079998,0.7176470588235141,0.09999999999843467,12.416666666666666
gbpusd_rsi2_m5_usd500000_smaller_stop_and_time_confirmed_rebound,2017-10-06T12:40:00+00:00,2017-10-06T12:45:00+00:00,56097,stop,-6.36935884993756,-20.80809817032852,True,False,300,9.597433745346137,1.6832479503583972,-0.9405990408140366,-6.515277534199115,-1.5861045367754447,0.3227848101266063,0.2999999999997449,12.666666666666666
gbpusd_rsi2_m5_usd500000_smaller_stop_and_time_confirmed_rebound,2017-10-09T08:15:00+00:00,2017-10-09T08:30:00+00:00,56331,signal_exit,1.73191383360032,5.682132000001049,False,True,900,5.577093677440548,1.208951852125086,1.3650494473246022,3.9756260132978607,-1.2934176932247077,0.3488372093024217,0.0,8.25
gbpusd_rsi2_m5_usd500000_smaller_stop_and_time_confirmed_rebound,2017-10-09T09:05:00+00:00,2017-10-09T09:15:00+00:00,56341,signal_exit,1.914095234700164,6.281901000000539,False,True,600,5.746622816711788,1.218048164230407,1.2575298359672507,3.950637292800856,-0.7712974147615521,0.46511627906979147,0.40000000000040004,9.083333333333334
gbpusd_rsi2_m5_usd500000_smaller_stop_and_time_confirmed_rebound,2017-10-09T12:15:00+00:00,2017-10-09T12:50:00+00:00,56379,stop,-3.567916240318646,-11.759776665519597,True,False,2100,5.069166503588123,1.0163359696996077,2.807561313672579,11.195554932571136,0.16804169568356014,0.0909090909087239,0.2999999999997449,12.25
gbpusd_rsi2_m5_usd500000_smaller_stop_and_time_confirmed_rebound,2017-10-09T13:00:00+00:00,2017-10-09T13:10:00+00:00,56388,signal_exit,0.843909867550618,2.7787615000020347,False,True,600,4.044842512783561,0.841326279468169,2.918954595564533,8.570449139814722,-1.7293553825818127,0.5,0.40000000000040004,13.0
gbpusd_rsi2_m5_usd500000_smaller_stop_and_time_confirmed_rebound,2017-10-09T13:55:00+00:00,2017-10-09T14:10:00+00:00,56399,stop,-3.1988849835914395,-10.526110508691804,True,False,900,4.452962858047009,0.928400543964147,2.2275912347281475,6.02536024229505,-1.5441161445663822,0.40350877192976986,0.2999999999997449,13.916666666666666
gbpusd_rsi2_m5_usd500000_smaller_stop_and_time_confirmed_rebound,2017-10-09T14:40:00+00:00,2017-10-09T15:15:00+00:00,56408,stop,-3.602111178481487,-11.841259626829347,True,False,2100,5.161015448957222,1.0525355490391561,1.5220989187890155,2.9076329138904455,-1.3873464943073566,0.18918918918923786,0.1999999999990898,14.666666666666666
gbpusd_rsi2_m5_usd500000_smaller_stop_and_time_confirmed_rebound,2017-10-10T10:20:00+00:00,2017-10-10T11:20:00+00:00,56642,holding_bars,-3.8234947354496773,-12.622960499998936,False,False,3600,7.125508724576765,1.4607655749907817,1.4681933039975612,6.008285483903971,0.326622738426313,0.2711864406778194,0.20000000000131024,10.333333333333334
gbpusd_rsi2_m5_usd500000_smaller_stop_and_time_confirmed_rebound,2017-10-10T12:35:00+00:00,2017-10-10T12:55:00+00:00,56669,stop,-3.8074512407288355,-12.565845678973053,True,False,1200,5.47150459214784,1.0904014465236402,1.1361983165870102,4.156120357593042,0.025625852699788742,0.07692307692289298,0.2999999999997449,12.583333333333334
gbpusd_rsi2_m5_usd500000_smaller_stop_and_time_confirmed_rebound,2017-10-10T13:00:00+00:00,2017-10-10T13:15:00+00:00,56674,signal_exit,0.9633335588007383,3.177221500002435,False,True,900,5.4877905309773976,1.0867679445310785,1.0066877693010117,2.245128779863154,-1.7989699184828103,0.3823529411763553,0.40000000000040004,13.0
gbpusd_rsi2_m5_usd500000_smaller_stop_and_time_confirmed_rebound,2017-10-11T09:15:00+00:00,2017-10-11T09:25:00+00:00,56915,stop,-4.408581523095783,-14.559384158176298,True,False,600,6.418147714258904,1.468389865270799,0.11972187678153605,-1.09001022716371,-1.301658683887856,0.822580645161221,0.40000000000040004,9.25
gbpusd_rsi2_m5_usd500000_smaller_stop_and_time_confirmed_rebound,2017-10-11T09:40:00+00:00,2017-10-11T09:55:00+00:00,56920,signal_exit,2.35722491585045,7.777053500001484,False,True,900,6.559330969369763,1.4585760679555257,-0.005746985760416901,-3.7975609394361594,-1.757520721846217,0.213114754098301,0.20000000000131024,9.666666666666666
gbpusd_rsi2_m5_usd500000_smaller_stop_and_time_confirmed_rebound,2017-10-11T11:15:00+00:00,2017-10-11T11:35:00+00:00,56939,signal_exit,0.26569312500020903,0.8768750000006899,False,True,1200,5.646208693492037,1.21266662303764,-0.398562835065591,-2.1710737890033545,-0.8947488554980927,0.4666666666668147,0.40000000000040004,11.25
gbpusd_rsi2_m5_usd500000_smaller_stop_and_time_confirmed_rebound,2017-10-11T14:20:00+00:00,2017-10-11T14:45:00+00:00,56976,stop,-4.024030908534738,-13.289401943641803,True,False,1500,5.883053878706373,1.1972412424222398,0.3753652276246358,-0.2471743816687547,-1.8312603398007004,0.5999999999998731,0.20000000000131024,14.333333333333334
gbpusd_rsi2_m5_usd500000_smaller_stop_and_time_confirmed_rebound,2017-10-12T07:15:00+00:00,2017-10-12T07:50:00+00:00,57173,signal_exit,1.108060830800383,3.6727240000012693,False,True,2100,4.974939475375194,1.134084807551555,1.11366532322885,2.0551934921690482,-1.252344919183037,0.7343750000003307,0.1999999999990898,7.25
gbpusd_rsi2_m5_usd500000_smaller_stop_and_time_confirmed_rebound,2017-10-12T09:05:00+00:00,2017-10-12T09:30:00+00:00,57195,signal_exit,0.4146567819505269,1.3734905000017452,False,True,1500,5.75948643583941,1.214379498012379,0.3717386797239746,-0.57193940677783,-1.6277203954307335,0.6,0.5000000000010552,9.083333333333334
gbpusd_rsi2_m5_usd500000_smaller_stop_and_time_confirmed_rebound,2017-10-12T10:05:00+00:00,2017-10-12T10:35:00+00:00,57207,stop,-4.06220266125053,-13.437653527127125,True,False,1800,5.806356236033078,1.1970176375004533,-0.033582962167954256,-3.4967903223426076,-2.015120428854112,0.21052631578965822,0.4999999999988347,10.083333333333334
gbpusd_rsi2_m5_usd500000_smaller_stop_and_time_confirmed_rebound,2017-10-12T10:45:00+00:00,2017-10-12T11:00:00+00:00,57215,stop,-5.903980818966306,-19.48508521110992,True,False,900,8.931360953188877,1.6500929714026702,-0.5496579491295736,-8.939245788141193,-2.3958793136631464,0.22115384615381536,0.2999999999997449,10.75
gbpusd_rsi2_m5_usd500000_smaller_stop_and_time_confirmed_rebound,2017-10-12T12:00:00+00:00,2017-10-12T12:00:00+00:00,57230,stop,-5.729718646051268,-18.841560822266583,True,False,0,8.661208053415798,1.4490510576682836,-2.308682189295572,-13.908438179550222,-0.9793365735818957,0.520547945205617,0.20000000000131024,12.0
gbpusd_rsi2_m5_usd500000_smaller_stop_and_time_confirmed_rebound,2017-10-13T09:05:00+00:00,2017-10-13T09:30:00+00:00,57474,stop,-4.502636693546995,-14.993795183306675,True,False,1500,6.781412691098329,1.1772021369246655,1.909393010805379,6.399819965831912,-1.2837677568117982,0.2539682539681029,0.10000000000065512,9.083333333333334
gbpusd_rsi2_m5_usd500000_smaller_stop_and_time_confirmed_rebound,2017-10-13T10:00:00+00:00,2017-10-13T10:35:00+00:00,57485,signal_exit,-1.1227802207988375,-3.728927999996139,False,False,2100,10.515680803529168,1.6288253779109232,1.217259321682613,0.0015954585188165539,-1.7760083194536416,0.8976377952754528,0.1999999999990898,10.0
gbpusd_rsi2_m5_usd500000_smaller_stop_and_time_confirmed_rebound,2017-10-13T12:10:00+00:00,2017-10-13T12:30:00+00:00,57511,target,3.801341701067423,12.629042196237284,False,True,1200,7.129400877149034,1.074184921425586,0.3587310367857801,0.20308272541489328,-1.3710796632712272,0.5490196078428043,0.30000000000196536,12.166666666666666
gbpusd_rsi2_m5_usd500000_smaller_stop_and_time_confirmed_rebound,2017-10-13T15:10:00+00:00,2017-10-13T15:40:00+00:00,57547,signal_exit,0.7717223430002177,2.568982500000725,False,True,1800,9.88725657744242,1.2521077858910266,0.8990596338431353,1.8170742365546824,-1.11187642492912,0.4545454545454087,0.40000000000040004,15.166666666666666
gbpusd_rsi2_m5_usd500000_smaller_stop_and_time_confirmed_rebound,2017-10-16T07:50:00+00:00,2017-10-16T08:50:00+00:00,57740,holding_bars,-1.0607018859997805,-3.530964999999269,False,False,3600,6.296760507114851,1.3467725349057424,0.10372524955969337,2.464054782301624,0.7755139338257511,0.6904761904767066,0.2999999999997449,7.833333333333333
gbpusd_rsi2_m5_usd500000_smaller_stop_and_time_confirmed_rebound,2017-10-16T09:50:00+00:00,2017-10-16T10:20:00+00:00,57764,stop,-3.5344897647632716,-11.765944623046842,True,False,1800,5.017700431038938,1.0756771865631805,0.49826754626409714,1.542715287780788,-0.37244806540654435,0.387096774193895,0.40000000000040004,9.833333333333334
gbpusd_rsi2_m5_usd500000_smaller_stop_and_time_confirmed_rebound,2017-10-16T10:30:00+00:00,2017-10-16T10:40:00+00:00,57772,signal_exit,2.1250571310010704,7.06938500000356,False,True,600,4.624027971564875,0.9998017661838284,0.37447479340913714,-0.21592815682308852,-1.6577371397879965,0.07894736842097574,0.0,10.5
gbpusd_rsi2_m5_usd500000_smaller_stop_and_time_confirmed_rebound,2017-10-16T11:50:00+00:00,2017-10-16T12:10:00+00:00,57788,signal_exit,0.4715255182502509,1.5691365000008348,False,True,1200,4.397409492013302,0.9571675037734886,0.34780248161626937,0.8267871994250309,-0.4440938070172645,0.12500000000008674,0.10000000000065512,11.833333333333334
gbpusd_rsi2_m5_usd500000_smaller_stop_and_time_confirmed_rebound,2017-10-16T12:40:00+00:00,2017-10-16T13:05:00+00:00,57798,signal_exit,0.5034112224004489,1.6713520000014903,False,True,1500,7.919699057821876,1.5513962525639904,0.1947925517948538,-5.401801470724905,-2.5230605242282746,0.6041666666668176,0.09999999999843467,12.666666666666666
gbpusd_rsi2_m5_usd500000_smaller_stop_and_time_confirmed_rebound,2017-10-16T15:30:00+00:00,2017-10-16T15:45:00+00:00,57832,signal_exit,1.5256644033011375,5.07033700000378,False,True,900,6.730631612091321,1.1841930573461006,-0.40158861518624345,-1.8825235306720078,-0.6776839267541002,0.8536585365849564,0.5999999999994898,15.5
gbpusd_rsi2_m5_usd500000_smaller_stop_and_time_confirmed_rebound,2017-10-17T08:45:00+00:00,2017-10-17T08:50:00+00:00,58033,signal_exit,1.0747357005008535,3.570550500002836,False,True,300,7.920787031611411,1.6188428281699008,0.3441652337433123,3.005019502661946,0.7285528268057235,0.4736842105261518,0.40000000000040004,8.75
gbpusd_rsi2_m5_usd500000_smaller_stop_and_time_confirmed_rebound,2017-10-17T09:10:00+00:00,2017-10-17T09:45:00+00:00,58038,signal_exit,-1.7259066599994393,-5.728199999998139,False,False,2100,8.857579020884366,1.704066504081322,0.44551546238113643,0.22777580013115847,-1.1313308344340218,0.28431372549009365,0.2999999999997449,9.166666666666666
gbpusd_rsi2_m5_usd500000_smaller_stop_and_time_confirmed_rebound,2017-10-17T11:15:00+00:00,2017-10-17T11:50:00+00:00,58063,stop,-6.251937155722137,-20.660730851692456,True,False,2100,9.468567325703594,1.5506299260111052,-0.7512123559374356,-8.614407448400994,-1.7516699469594377,0.28205128205113605,0.40000000000040004,11.25
gbpusd_rsi2_m5_usd500000_smaller_stop_and_time_confirmed_rebound,2017-10-17T12:00:00+00:00,2017-10-17T13:00:00+00:00,58072,holding_bars,-1.9158283979992816,-6.322865999997629,False,False,3600,9.049772649884908,1.4344234377736926,-1.4740106623043445,-10.251036782438078,-1.190613185717126,0.4190476190475284,0.1999999999990898,12.0
gbpusd_rsi2_m5_usd500000_smaller_stop_and_time_confirmed_rebound,2017-10-17T13:55:00+00:00,2017-10-17T14:15:00+00:00,58095,stop,-4.836554182708691,-15.951695853260855,True,False,1200,7.164961450281902,1.117638803607199,-2.2931374825812534,-9.596754009741357,-1.622603208802231,0.9361702127660078,0.2999999999997449,13.916666666666666
gbpusd_rsi2_m5_usd500000_smaller_stop_and_time_confirmed_rebound,2017-10-17T14:45:00+00:00,2017-10-17T14:50:00+00:00,58105,signal_exit,1.6930138982501197,5.578299500000394,False,True,300,8.50475087527837,1.2670703659729614,-2.2162031677828664,-9.990400939441752,-1.4804887344843667,0.2941176470587851,0.5000000000010552,14.75
gbpusd_rsi2_m5_usd500000_smaller_stop_and_time_confirmed_rebound,2017-10-18T07:10:00+00:00,2017-10-18T07:20:00+00:00,58297,signal_exit,1.0855371355008603,3.5779075000028353,False,True,600,4.590901165216109,1.2272418144022932,-1.0719412406907372,-5.931348804751238,-1.5814970327056812,0.600000000000111,0.1999999999990898,7.166666666666667
gbpusd_rsi2_m5_usd500000_smaller_stop_and_time_confirmed_rebound,2017-10-18T08:55:00+00:00,2017-10-18T09:10:00+00:00,58318,stop,-5.622248448382646,-18.53081228867055,True,False,900,8.35482731329229,1.7891426106166088,-0.7355618425469674,-4.722882437611388,-1.7494840070951045,0.7999999999999192,0.4999999999988347,8.916666666666666
gbpusd_rsi2_m5_usd500000_smaller_stop_and_time_confirmed_rebound,2017-10-18T09:20:00+00:00,2017-10-18T09:25:00+00:00,58323,target,5.327315720096516,17.53560144863896,False,True,300,9.528447219972351,1.888477866119292,-0.8055442501496999,-7.159993923714993,-1.6513281870832883,0.8365384615382686,0.20000000000131024,9.333333333333334
gbpusd_rsi2_m5_usd500000_smaller_stop_and_time_confirmed_rebound,2017-10-18T11:25:00+00:00,2017-10-18T11:40:00+00:00,58348,signal_exit,1.2064802368509813,3.9778445000032354,False,True,900,7.012471251940065,1.2823672741616354,-0.4861948870474826,-2.6047766275577793,-0.8379588932118525,0.1666666666665296,0.40000000000040004,11.416666666666666
gbpusd_rsi2_m5_usd500000_smaller_stop_and_time_confirmed_rebound,2017-10-18T12:25:00+00:00,2017-10-18T12:40:00+00:00,58360,signal_exit,1.9061544216001638,6.278506000000539,False,True,900,7.476512077849282,1.3087675075014435,-0.44395232906337956,-3.9808224761506716,-1.5501181639808084,0.5473684210527079,0.10000000000065512,12.416666666666666
gbpusd_rsi2_m5_usd500000_smaller_stop_and_time_confirmed_rebound,2017-10-19T07:15:00+00:00,2017-10-19T07:30:00+00:00,58584,stop,-4.205608076722918,-13.893650732484033,True,False,900,6.135083844178062,1.387626812323827,0.2203756665954484,-0.9554420670737148,-1.1829698406349134,0.8152173913045472,0.2999999999997449,7.25
gbpusd_rsi2_m5_usd500000_smaller_stop_and_time_confirmed_rebound,2017-10-19T08:15:00+00:00,2017-10-19T08:25:00+00:00,58596,target,4.656611098187875,15.348091951838745,False,True,600,8.485175707068118,1.6775437330013054,-0.39393852000156077,-6.7811119859734585,-1.9940238836043929,0.18181818181823425,0.2999999999997449,8.25
gbpusd_rsi2_m5_usd500000_smaller_stop_and_time_confirmed_rebound,2017-10-19T08:45:00+00:00,2017-10-19T09:15:00+00:00,58602,signal_exit,3.3354476939007482,10.979090500002464,False,True,1800,11.613478675108071,2.0099989259181155,-0.7924219617532712,-8.453400084555486,-1.674335723540468,0.6033057851239881,0.1999999999990898,8.75
gbpusd_rsi2_m5_usd500000_smaller_stop_and_time_confirmed_rebound,2017-10-19T12:50:00+00:00,2017-10-19T13:25:00+00:00,58651,signal_exit,-1.0075959629993811,-3.3221099999979593,False,False,2100,7.124416072613913,1.1230028733831934,-0.4602363707860738,-1.969195893850002,-1.0591200458318486,0.6226415094336856,0.2999999999997449,12.833333333333334
gbpusd_rsi2_m5_usd500000_smaller_stop_and_time_confirmed_rebound,2017-10-19T15:45:00+00:00,2017-10-19T15:55:00+00:00,58686,stop,-3.9254640039514266,-12.96388376470088,True,False,600,5.670292592592172,0.9106700093295055,0.34718121801451485,1.379783251366416,-0.017421188100840913,0.5294117647054214,0.2999999999997449,15.75
gbpusd_rsi2_m5_usd500000_smaller_stop_and_time_confirmed_rebound,2017-10-20T13:00:00+00:00,2017-10-20T13:35:00+00:00,58939,stop,-4.615994591113712,-15.224256566997731,True,False,2100,6.701134573210837,1.0573081318004534,1.4098609654397167,4.515449625986648,-1.2747800765502642,0.5918367346939145,0.4999999999988347,13.0
gbpusd_rsi2_m5_usd500000_smaller_stop_and_time_confirmed_rebound,2017-10-20T15:10:00+00:00,2017-10-20T15:20:00+00:00,58965,signal_exit,1.5685220715006711,5.176640500002215,False,True,600,7.098339956609915,1.0908178478179231,0.9618625057879803,4.855883898010854,0.640888933586638,0.23809523809516256,0.09999999999843467,15.166666666666666
gbpusd_rsi2_m5_usd500000_smaller_stop_and_time_confirmed_rebound,2017-10-20T15:45:00+00:00,2017-10-20T16:05:00+00:00,58972,signal_exit,0.9633505380007384,3.1772775000024356,False,True,1200,6.899407775488627,1.0607351508895833,1.0699929752319148,3.2578391292644517,-0.8119562093517022,0.24705882352945788,0.2999999999997449,15.75
gbpusd_rsi2_m5_usd500000_smaller_stop_and_time_confirmed_rebound,2017-10-23T07:15:00+00:00,2017-10-23T07:40:00+00:00,59156,signal_exit,0.47731772020025276,1.5763465000008345,False,True,1500,5.348853872925343,1.282336593940208,1.0209153193678144,1.2483985637155763,-1.4165549291442998,0.7325581395347066,0.20000000000131024,7.25
gbpusd_rsi2_m5_usd500000_smaller_stop_and_time_confirmed_rebound,2017-10-23T08:30:00+00:00,2017-10-23T08:45:00+00:00,59171,signal_exit,1.4490798979505504,4.777711500001814,False,True,900,5.805620973842564,1.324709648318548,0.1636886518675541,-3.60700904238414,-1.6936487791506916,0.9019607843135206,0.40000000000040004,8.5
gbpusd_rsi2_m5_usd500000_smaller_stop_and_time_confirmed_rebound,2017-10-23T09:45:00+00:00,2017-10-23T10:00:00+00:00,59186,stop,-3.593291943371232,-11.851226726158417,True,False,900,5.114606124294277,1.1505452990801097,-0.43115125316194836,-2.2417803822787534,-0.13198170032005951,0.23529411764728933,0.2999999999997449,9.75
gbpusd_rsi2_m5_usd500000_smaller_stop_and_time_confirmed_rebound,2017-10-23T10:05:00+00:00,2017-10-23T10:15:00+00:00,59190,target,2.6215627803740564,8.643464491836651,False,True,600,5.182891647125349,1.1573441948236474,-0.5833969834324632,-3.438215717614772,-1.5687155919010483,0.3611111111109826,0.40000000000040004,10.083333333333334
gbpusd_rsi2_m5_usd500000_smaller_stop_and_time_confirmed_rebound,2017-10-23T11:25:00+00:00,2017-10-23T12:10:00+00:00,59206,signal_exit,2.39186554200065,7.87834500000214,False,True,2700,6.432645734162937,1.3248058533279874,-0.6994429493496359,-4.51979553556885,-1.8799998502358555,0.3076923076923296,0.2999999999997449,11.416666666666666
gbpusd_rsi2_m5_usd500000_smaller_stop_and_time_confirmed_rebound,2017-10-23T13:15:00+00:00,2017-10-23T13:20:00+00:00,59228,signal_exit,0.9034950117003412,2.977900500001124,False,True,300,5.399412712938583,1.0858642550922977,-0.5743851186509831,-2.183508257636458,-0.26566038596680086,0.3913043478258351,0.40000000000040004,13.25
gbpusd_rsi2_m5_usd500000_smaller_stop_and_time_confirmed_rebound,2017-10-23T15:15:00+00:00,2017-10-23T15:50:00+00:00,59252,signal_exit,1.4176223418003515,4.67707800000116,False,True,2100,7.178114893990901,1.3116298744811956,0.3502252436197717,-0.3058958066368312,-1.4397177774269698,0.25,0.1999999999990898,15.25
gbpusd_rsi2_m5_usd500000_smaller_stop_and_time_confirmed_rebound,2017-10-24T07:25:00+00:00,2017-10-24T08:10:00+00:00,59440,signal_exit,0.8713057834008149,2.87654600000269,False,True,2700,5.4638003113137605,1.4931085980319871,0.1693440533058183,-4.193067749376958,-2.0531004575973517,0.5892857142861179,0.1999999999990898,7.416666666666667
gbpusd_rsi2_m5_usd500000_smaller_stop_and_time_confirmed_rebound,2017-10-24T09:25:00+00:00,2017-10-24T09:45:00+00:00,59464,signal_exit,2.1163356517502074,6.9776975000006844,False,True,1200,6.36465345349196,1.5256955778386256,-0.7663122097444581,-7.418449608156205,-2.1974875846639077,0.6101694915251877,0.5000000000010552,9.416666666666666
gbpusd_rsi2_m5_usd500000_smaller_stop_and_time_confirmed_rebound,2017-10-24T10:10:00+00:00,2017-10-24T10:25:00+00:00,59473,signal_exit,0.7511880056006943,2.47753300000229,False,True,900,5.800600952117495,1.3614518319311095,-0.8870382545629908,-5.571600922334649,-0.7748203545328681,0.8846153846154503,0.0,10.166666666666666
gbpusd_rsi2_m5_usd500000_smaller_stop_and_time_confirmed_rebound,2017-10-24T11:55:00+00:00,2017-10-24T12:15:00+00:00,59494,signal_exit,1.0556628359999878,3.47829599999996,False,True,1200,5.873872979290438,1.319920798972771,-1.1220124998169816,-6.982574544218636,-1.7992861466555765,0.3947368421051709,0.20000000000131024,11.916666666666666
gbpusd_rsi2_m5_usd500000_smaller_stop_and_time_confirmed_rebound,2017-10-24T13:20:00+00:00,2017-10-24T13:20:00+00:00,59511,stop,-4.1431089231848475,-13.651100241136234,True,False,0,5.964973394637388,1.262671667489938,-1.2602488413978445,-5.5637791007087944,-0.5882624848685596,0.5925925925927906,0.40000000000040004,13.333333333333334
gbpusd_rsi2_m5_usd500000_smaller_stop_and_time_confirmed_rebound,2017-10-24T14:35:00+00:00,2017-10-24T14:50:00+00:00,59526,stop,-5.02675808649154,-16.52995095853844,True,False,900,7.355369667208874,1.4140617113219656,-1.486319951355762,-9.041726341845823,-1.8885184548589897,0.3584905660378939,0.4999999999988347,14.583333333333334
gbpusd_rsi2_m5_usd500000_smaller_stop_and_time_confirmed_rebound,2017-10-24T14:55:00+00:00,2017-10-24T15:00:00+00:00,59530,stop,-5.067125099386809,-16.65721597431561,True,False,300,7.569231910275801,1.4234679532165104,-1.6941327585720212,-9.622270136830261,-1.6115651405004412,0.21848739495791733,0.1999999999990898,14.916666666666666
gbpusd_rsi2_m5_usd500000_smaller_stop_and_time_confirmed_rebound,2017-10-24T15:10:00+00:00,2017-10-24T15:35:00+00:00,59533,signal_exit,1.030019368501141,3.381547500003746,False,True,1500,7.927005286762402,1.4545648099806527,-1.8756271425215936,-11.69325354909609,-1.8150028401567861,0.09433962264172287,0.3999999999981796,15.166666666666666
gbpusd_rsi2_m5_usd500000_smaller_stop_and_time_confirmed_rebound,2017-10-25T07:10:00+00:00,2017-10-25T07:25:00+00:00,59717,signal_exit,1.7312283109009963,5.681747000003269,False,True,900,4.651667481515868,1.2871754636048758,-0.6372427694063941,-6.673519213523174,-1.9130541213765564,0.42222222222197003,0.2999999999997449,7.166666666666667
gbpusd_rsi2_m5_usd500000_smaller_stop_and_time_confirmed_rebound,2017-10-25T13:40:00+00:00,2017-10-25T13:55:00+00:00,59795,signal_exit,0.9271210830005371,3.07299000000178,False,True,900,8.86088326717332,1.3264147699534903,2.8927286050676115,8.92032970357043,-1.4019046688983794,0.2972972972970702,0.2999999999997449,13.666666666666666
gbpusd_rsi2_m5_usd500000_smaller_stop_and_time_confirmed_rebound,2017-10-26T08:50:00+00:00,2017-10-26T09:10:00+00:00,60015,stop,-4.737845563690232,-15.683037284641616,True,False,1200,7.078936905113065,1.4289117438215597,-0.6612909597573363,-5.042871478207253,-1.6002404428793426,0.5250000000001666,0.20000000000131024,8.833333333333334
gbpusd_rsi2_m5_usd500000_smaller_stop_and_time_confirmed_rebound,2017-10-26T09:25:00+00:00,2017-10-26T09:30:00+00:00,60022,target,4.631717641544107,15.291243451779819,False,True,300,8.50759749180145,1.5978053677127022,-1.0829854185848922,-10.345112139743,-2.1524633880681625,0.2213740458014646,0.40000000000040004,9.416666666666666
gbpusd_rsi2_m5_usd500000_smaller_stop_and_time_confirmed_rebound,2017-10-26T11:15:00+00:00,2017-10-26T11:20:00+00:00,60044,signal_exit,0.29452517770040654,0.9746035000013452,False,True,300,6.179766002500752,1.1213152889507527,-1.1450794375551294,-3.9944756352061073,-0.36904927845764407,0.38461538461516565,0.2999999999997449,11.25
gbpusd_rsi2_m5_usd500000_smaller_stop_and_time_confirmed_rebound,2017-10-26T12:10:00+00:00,2017-10-26T12:45:00+00:00,60055,signal_exit,0.2044538082004842,0.6756570000016001,False,True,2100,8.58628285946683,1.438815977543614,-0.8330520537344615,-5.722354732810225,-2.0419559848238102,0.2197802197804477,0.09999999999843467,12.166666666666666
gbpusd_rsi2_m5_usd500000_smaller_stop_and_time_confirmed_rebound,2017-10-26T13:45:00+00:00,2017-10-26T14:05:00+00:00,60074,signal_exit,-0.18880412699940488,-0.6235274999980346,False,False,1200,10.092460513264506,1.4613882259191453,-1.0983870803208855,-5.702820961310768,-1.1528875434165822,0.5166666666667777,0.40000000000040004,13.75
gbpusd_rsi2_m5_usd500000_smaller_stop_and_time_confirmed_rebound,2017-10-27T07:10:00+00:00,2017-10-27T07:15:00+00:00,60281,signal_exit,1.5496658362004756,5.08253800000156,False,True,300,5.149608379462414,1.1738594182931084,-1.8220772858774539,-10.173961153405179,-1.515262110533079,0.057142857143219664,0.0,7.166666666666667
gbpusd_rsi2_m5_usd500000_smaller_stop_and_time_confirmed_rebound,2017-10-27T08:20:00+00:00,2017-10-27T08:40:00+00:00,60295,signal_exit,0.972781806750744,3.184228500002435,False,True,1200,6.549507730140835,1.362826452799382,-2.374860234738037,-12.593912291343296,-1.482233369539595,0.6470588235296039,0.10000000000065512,8.333333333333334
gbpusd_rsi2_m5_usd500000_smaller_stop_and_time_confirmed_rebound,2017-10-27T12:45:00+00:00,2017-10-27T12:50:00+00:00,60348,signal_exit,1.5826188721506762,5.183815500002215,False,True,300,7.391440041822367,1.2958158707131195,-1.2903354667204148,-6.235361967039218,-1.7487755020175533,0.28358208955213,0.40000000000040004,12.75
gbpusd_rsi2_m5_usd500000_smaller_stop_and_time_confirmed_rebound,2017-10-27T14:00:00+00:00,2017-10-27T14:00:00+00:00,60363,target,3.918255770577211,12.829914114529178,False,True,0,7.373155117692986,1.238164644795605,-1.230913221428648,-5.399940361245726,-0.9623469988702008,0.3150684931506641,0.5999999999994898,14.0
gbpusd_rsi2_m5_usd500000_smaller_stop_and_time_confirmed_rebound,2017-10-27T15:55:00+00:00,2017-10-27T16:05:00+00:00,60386,signal_exit,0.7565965056000213,2.48227200000007,False,True,600,8.573432164043739,1.246429876681191,-0.14955561766303496,-0.9959621367396717,-0.6156068959806736,0.6599999999999556,0.20000000000131024,15.916666666666666
gbpusd_rsi2_m5_usd500000_smaller_stop_and_time_confirmed_rebound,2017-10-30T07:20:00+00:00,2017-10-30T07:45:00+00:00,60560,signal_exit,0.9371096982005414,3.080571000001779,False,True,1500,3.2241519072379767,0.8758997240614707,0.7438114519263915,-0.13958884553942516,-2.009056216082631,0.681818181818113,0.5000000000010552,7.333333333333333
gbpusd_rsi2_m5_usd500000_smaller_stop_and_time_confirmed_rebound,2017-10-30T09:35:00+00:00,2017-10-30T09:45:00+00:00,60587,signal_exit,0.5096751792004525,1.6787720000014903,False,True,600,5.821252295501329,1.3270484540106418,1.1680522295430806,4.794261868703402,-0.3286228434323944,0.37500000000018924,0.1999999999990898,9.583333333333334
gbpusd_rsi2_m5_usd500000_smaller_stop_and_time_confirmed_rebound,2017-10-30T13:30:00+00:00,2017-10-30T14:10:00+00:00,60634,stop,-4.382174727566554,-14.467397581929855,True,False,2400,6.522191317661183,1.2835747606617658,1.929292761758426,7.721552967341853,0.3756254577040442,0.6027397260274764,0.10000000000065512,13.5
gbpusd_rsi2_m5_usd500000_smaller_stop_and_time_confirmed_rebound,2017-10-30T14:35:00+00:00,2017-10-30T14:55:00+00:00,60647,signal_exit,1.6619875784005946,5.4778760000019595,False,True,1200,6.148501389189689,1.1823647110488855,1.5906112544956086,2.4834342694771183,-1.8290631557164394,0.5333333333333005,0.20000000000131024,14.583333333333334
gbpusd_rsi2_m5_usd500000_smaller_stop_and_time_confirmed_rebound,2017-10-31T08:10:00+00:00,2017-10-31T09:10:00+00:00,60856,holding_bars,-0.03765822499975793,-0.12448999999919977,False,False,3600,6.308694723266792,1.590393122918222,0.9301652496798897,1.682494346939736,-1.7298974435553522,0.16901408450721403,0.2999999999997449,8.166666666666666
gbpusd_rsi2_m5_usd500000_smaller_stop_and_time_confirmed_rebound,2017-10-31T10:00:00+00:00,2017-10-31T10:10:00+00:00,60878,signal_exit,1.5963841534001966,5.27555900000065,False,True,600,5.651279527572021,1.3014813101510763,0.42215463943105697,0.31406430162388504,-1.1698876441915718,0.5925925925923794,0.5000000000010552,10.0
gbpusd_rsi2_m5_usd500000_smaller_stop_and_time_confirmed_rebound,2017-10-31T15:15:00+00:00,2017-10-31T15:25:00+00:00,60941,signal_exit,0.655592138950768,2.172993500002545,False,True,600,6.490036374248593,1.1216440312447205,1.44074806643389,4.541179080151385,-1.5973298392787494,0.14666666666673378,0.2999999999997449,15.25
gbpusd_rsi2_m5_usd500000_smaller_stop_and_time_confirmed_rebound,2017-11-01T12:45:00+00:00,2017-11-01T13:35:00+00:00,61198,stop,-4.74729603150677,-15.792734635751064,True,False,3000,7.081337414685839,1.2810670577212013,0.800588640957197,1.7682435150743296,-1.241972451100999,0.23809523809516256,0.2999999999997449,12.75
gbpusd_rsi2_m5_usd500000_smaller_stop_and_time_confirmed_rebound,2017-11-01T14:35:00+00:00,2017-11-01T15:05:00+00:00,61220,signal_exit,1.6171781405503927,5.370900500001303,False,True,1800,10.325488241791176,1.6151901384946328,0.11234533220323766,-2.355249270360587,-1.876121768736853,0.739583333333437,0.2999999999997449,14.583333333333334
gbpusd_rsi2_m5_usd500000_smaller_stop_and_time_confirmed_rebound,2017-11-02T07:50:00+00:00,2017-11-02T08:05:00+00:00,61423,signal_exit,0.985740612500931,3.2716250000030898,False,True,900,5.745745099968068,1.2809989590394952,0.25090771170383735,-2.8674840873533727,-1.9718186881238975,0.9565217391301549,0.10000000000065512,7.833333333333333
gbpusd_rsi2_m5_usd500000_smaller_stop_and_time_confirmed_rebound,2017-11-02T08:45:00+00:00,2017-11-02T09:05:00+00:00,61434,signal_exit,0.6847859238009646,2.2720170000032,False,True,1200,6.471703660840854,1.3603458068671588,-0.2315905618987667,-3.5802714742615214,-1.2837959906210779,0.6346153846151793,0.40000000000040004,8.75
gbpusd_rsi2_m5_usd500000_smaller_stop_and_time_confirmed_rebound,2017-11-02T09:20:00+00:00,2017-11-02T09:30:00+00:00,61441,signal_exit,1.9528187189005584,6.47271700000185,False,True,600,7.406808684409338,1.4730417957840918,-0.6398145262771395,-5.48792987392982,-1.7502256548933721,0.6179775280899045,0.40000000000040004,9.333333333333334
gbpusd_rsi2_m5_usd500000_smaller_stop_and_time_confirmed_rebound,2017-11-02T10:40:00+00:00,2017-11-02T11:05:00+00:00,61457,signal_exit,-0.6723895588492188,-2.225718499997414,False,False,1500,7.62231119478161,1.4014183669131641,-1.1759279179313806,-7.521254136374086,-1.8278210226148563,0.36363636363629026,0.40000000000040004,10.666666666666666
gbpusd_rsi2_m5_usd500000_smaller_stop_and_time_confirmed_rebound,2017-11-02T11:45:00+00:00,2017-11-02T11:50:00+00:00,61470,target,4.251373723412469,14.044842165221237,False,True,300,7.884714547618827,1.3740880159127107,-1.6377581194410613,-10.337428570199684,-2.005290975215783,0.38000000000031087,0.40000000000040004,11.75
gbpusd_rsi2_m5_usd500000_smaller_stop_and_time_confirmed_rebound,2017-11-02T12:10:00+00:00,2017-11-02T12:40:00+00:00,61475,stop,-13.593720590294478,-44.70148171750896,True,False,1800,21.64157906402277,2.7111369810318426,-1.484528631620961,-14.452530963582745,-2.562326078013314,0.47384615384611894,0.10000000000065512,12.166666666666666
gbpusd_rsi2_m5_usd500000_smaller_stop_and_time_confirmed_rebound,2017-11-02T12:50:00+00:00,2017-11-02T13:10:00+00:00,61483,signal_exit,5.265677925200472,17.28151600000155,False,True,1200,20.776852273712834,2.334553822913539,-2.163625596104474,-15.053632785722066,-1.2038929925583937,0.49308755760364137,0.5000000000010552,12.833333333333334
gbpusd_rsi2_m5_usd500000_smaller_stop_and_time_confirmed_rebound,2017-11-02T13:50:00+00:00,2017-11-02T14:10:00+00:00,61495,signal_exit,3.409433113950474,11.182135500001555,False,True,1200,14.76951028311155,1.6208782048301642,-3.10587913661187,-13.710429239548633,-1.2761359223189448,0.11702127659554616,0.20000000000131024,13.833333333333334
gbpusd_rsi2_m5_usd500000_smaller_stop_and_time_confirmed_rebound,2017-11-02T15:00:00+00:00,2017-11-02T15:20:00+00:00,61509,signal_exit,0.20799917760048775,0.6824120000016003,False,True,1200,12.35679428812923,1.3108344945461163,-2.8852083119222622,-11.49977520336351,-0.887261696783519,0.32000000000001183,0.1999999999990898,15.0
gbpusd_rsi2_m5_usd500000_smaller_stop_and_time_confirmed_rebound,2017-11-03T07:15:00+00:00,2017-11-03T07:25:00+00:00,61703,stop,-2.6725478275627945,-8.733816429943772,True,False,600,3.560057066970354,0.9224582258766045,-1.178854353145501,-7.865747193371943,-2.3019424843531713,0.22388059701508367,0.2999999999997449,7.25
gbpusd_rsi2_m5_usd500000_smaller_stop_and_time_confirmed_rebound,2017-11-03T09:20:00+00:00,2017-11-03T09:25:00+00:00,61728,signal_exit,1.1288020132003886,3.6864860000012687,False,True,300,5.70477192642396,1.2746312206589083,-1.7075115799443306,-7.02716708153493,-0.46325371924559616,0.5333333333331853,0.40000000000040004,9.333333333333334
gbpusd_rsi2_m5_usd500000_smaller_stop_and_time_confirmed_rebound,2017-11-03T13:40:00+00:00,2017-11-03T13:55:00+00:00,61780,signal_exit,0.9410298744005433,3.08332200000178,False,True,900,9.559433654651555,1.545070876331712,0.7007663660395617,2.050281156691393,-0.6039055043116907,0.1025641025636646,0.20000000000131024,13.666666666666666
gbpusd_rsi2_m5_usd500000_smaller_stop_and_time_confirmed_rebound,2017-11-03T15:05:00+00:00,2017-11-03T15:25:00+00:00,61797,signal_exit,1.4632825097005548,4.785096500001814,False,True,1200,8.614573395867513,1.3258268420150143,0.2680471882810347,-2.1290298377913723,-1.5503551554485677,0.2716049382717471,0.2999999999997449,15.083333333333334
gbpusd_rsi2_m5_usd500000_smaller_stop_and_time_confirmed_rebound,2017-11-06T09:40:00+00:00,2017-11-06T09:50:00+00:00,62006,signal_exit,2.373681562500453,7.782562500001484,False,True,600,6.992886054005458,1.5432218931063004,0.921258491960848,5.105876534931702,0.5313684741676133,0.6615384615383144,0.20000000000131024,9.666666666666666
gbpusd_rsi2_m5_usd500000_smaller_stop_and_time_confirmed_rebound,2017-11-06T11:30:00+00:00,2017-11-06T12:00:00+00:00,62028,signal_exit,-0.035892028799756115,-0.11775599999919985,False,False,1800,5.907676031754724,1.2436963773218588,1.4772562709303323,5.251180740088385,-0.2865551769668247,0.10000000000066614,0.2999999999997449,11.5
gbpusd_rsi2_m5_usd500000_smaller_stop_and_time_confirmed_rebound,2017-11-06T13:50:00+00:00,2017-11-06T14:10:00+00:00,62056,stop,-3.2678829187581786,-10.721400652093761,True,False,1200,4.502105899754245,0.9662178388394532,0.9730929369902821,3.5891418756290996,0.15163982824355288,0.2692307692306707,0.40000000000040004,13.833333333333334
gbpusd_rsi2_m5_usd500000_smaller_stop_and_time_confirmed_rebound,2017-11-06T15:10:00+00:00,2017-11-06T15:35:00+00:00,62072,signal_exit,1.0923297091508646,3.582583500002835,False,True,1500,4.850732826578378,1.022153338673966,0.78768202014997,2.268265130700097,-0.44369738833672795,0.05405405405441088,0.3999999999981796,15.166666666666666
gbpusd_rsi2_m5_usd500000_smaller_stop_and_time_confirmed_rebound,2017-11-07T07:10:00+00:00,2017-11-07T07:35:00+00:00,62258,stop,-2.8728310698335613,-9.4563234688399,True,False,1500,3.8679771136201153,1.1756152682812837,0.8475030038569609,-0.8012859996515607,-1.8022337632653862,0.25862068965532425,0.40000000000040004,7.166666666666667
gbpusd_rsi2_m5_usd500000_smaller_stop_and_time_confirmed_rebound,2017-11-07T07:45:00+00:00,2017-11-07T07:55:00+00:00,62265,signal_exit,1.9387396228503633,6.379531500001195,False,True,600,4.554347384843642,1.3186134981795212,0.35908439190040925,-2.5263921306296364,-1.2893338702220711,0.5581395348835648,0.40000000000040004,7.75
gbpusd_rsi2_m5_usd500000_smaller_stop_and_time_confirmed_rebound,2017-11-07T08:50:00+00:00,2017-11-07T09:15:00+00:00,62278,signal_exit,1.3922371600001533,4.579727500000504,False,True,1500,6.136658029662598,1.5709055098750537,-0.205140975856583,-2.648658990845404,-1.5302062468149036,0.20000000000008075,0.40000000000040004,8.833333333333334
gbpusd_rsi2_m5_usd500000_smaller_stop_and_time_confirmed_rebound,2017-11-07T10:10:00+00:00,2017-11-07T10:55:00+00:00,62294,signal_exit,0.753573232500696,2.47967500000229,False,True,2700,6.254927806678969,1.467731905386059,-0.30072240780994625,-1.689190254658598,-0.16765282246234398,0.3243243243244703,0.1999999999990898,10.166666666666666
gbpusd_rsi2_m5_usd500000_smaller_stop_and_time_confirmed_rebound,2017-11-07T11:20:00+00:00,2017-11-07T11:45:00+00:00,62308,stop,-3.4881138678040537,-11.474058775671228,True,False,1500,4.877142587826946,1.1478448656373068,-0.3282882338698733,-1.7621198130078277,-0.938485344862269,0.0638297872339923,0.40000000000040004,11.333333333333334
gbpusd_rsi2_m5_usd500000_smaller_stop_and_time_confirmed_rebound,2017-11-07T12:15:00+00:00,2017-11-07T12:40:00+00:00,62319,signal_exit,0.2070488628004868,0.6806340000016001,False,True,1500,5.546359830027737,1.2503616515496516,-0.5007852812257615,-4.009596465219531,-1.4901598960100004,0.32692307692303585,0.2999999999997449,12.25
gbpusd_rsi2_m5_usd500000_smaller_stop_and_time_confirmed_rebound,2017-11-07T13:35:00+00:00,2017-11-07T13:40:00+00:00,62335,signal_exit,1.150902763800586,3.780889500001925,False,True,300,5.918486990280356,1.265910503751046,-0.8466412546881038,-4.323861706334931,-1.28776068697502,0.23809523809516256,0.1999999999990898,13.583333333333334
gbpusd_rsi2_m5_usd500000_smaller_stop_and_time_confirmed_rebound,2017-11-07T15:20:00+00:00,2017-11-07T15:35:00+00:00,62356,target,3.3530621409468266,11.004470433038486,False,True,900,6.311437366826082,1.2678237849801146,-0.9091052604127178,-6.049091736946951,-1.823561081733059,0.4791666666669943,0.2999999999997449,15.333333333333334
gbpusd_rsi2_m5_usd500000_smaller_stop_and_time_confirmed_rebound,2017-11-08T07:55:00+00:00,2017-11-08T08:20:00+00:00,62555,stop,-3.5409115144292644,-11.65156799746385,True,False,1500,4.915875804385193,1.4240249304571908,-0.49366501110448474,-4.570626301759881,-1.746227743255326,0.7246376811592571,0.5000000000010552,7.916666666666667
gbpusd_rsi2_m5_usd500000_smaller_stop_and_time_confirmed_rebound,2017-11-08T10:30:00+00:00,2017-11-08T10:35:00+00:00,62586,stop,-4.4574584691286745,-14.648236835782695,True,False,300,6.564815686441884,1.545122104493639,-1.1941822253327683,-5.831562793453849,-1.3495691979820477,0.9514563106795133,0.1999999999990898,10.5
gbpusd_rsi2_m5_usd500000_smaller_stop_and_time_confirmed_rebound,2017-11-08T12:25:00+00:00,2017-11-08T12:35:00+00:00,62609,signal_exit,1.6112253300008752,5.282706000002869,False,True,600,7.381800488001473,1.5339219827053792,-1.501386564613471,-9.725052817849868,-2.0027614369168134,0.20312500000029815,0.4999999999988347,12.416666666666666
gbpusd_rsi2_m5_usd500000_smaller_stop_and_time_confirmed_rebound,2017-11-08T13:40:00+00:00,2017-11-08T13:50:00+00:00,62624,signal_exit,0.39111199950100933,1.2827550000033103,False,True,600,6.31166094556494,1.2728591163693015,-1.8202865356485092,-7.9829107123512895,-0.7626118441684174,0.6734693877548431,0.40000000000040004,13.666666666666666
gbpusd_rsi2_m5_usd500000_smaller_stop_and_time_confirmed_rebound,2017-11-08T14:40:00+00:00,2017-11-08T14:50:00+00:00,62636,signal_exit,0.4222272614012103,1.3834445000039655,False,True,600,5.749157611348566,1.1458011754990738,-1.9473235304738874,-8.811057960880344,-1.1707256935626853,0.612244897959267,0.2999999999997449,14.666666666666666
gbpusd_rsi2_m5_usd500000_smaller_stop_and_time_confirmed_rebound,2017-11-09T08:35:00+00:00,2017-11-09T08:55:00+00:00,62845,stop,-3.1179773824819477,-10.253131806912027,True,False,1200,4.366937746278453,1.1706331814842101,1.1635294650835244,2.9129108573960383,-1.4223055478997244,0.0810810810810162,0.1999999999990898,8.583333333333334
gbpusd_rsi2_m5_usd500000_smaller_stop_and_time_confirmed_rebound,2017-11-09T09:25:00+00:00,2017-11-09T09:55:00+00:00,62855,stop,-4.173639212719016,-13.693042036479712,True,False,1800,6.03802059896143,1.4793576786498877,0.45946641261358684,-4.664174895178584,-1.6620806067512581,0.775862068965207,0.2999999999997449,9.416666666666666
gbpusd_rsi2_m5_usd500000_smaller_stop_and_time_confirmed_rebound,2017-11-09T10:10:00+00:00,2017-11-09T10:45:00+00:00,62864,signal_exit,-0.3101809828495224,-1.0166534999984345,False,False,2100,6.203732370937205,1.4543094083318402,-0.46805550185195754,-6.689170243069617,-1.3456750558413892,0.7413793103446757,0.40000000000040004,10.166666666666666
gbpusd_rsi2_m5_usd500000_smaller_stop_and_time_confirmed_rebound,2017-11-09T13:00:00+00:00,2017-11-09T13:45:00+00:00,62898,stop,-4.9064182826547125,-16.11303212694487,True,False,2700,7.097553977863054,1.424651289105157,-0.11961735132398364,0.09240047340061545,-0.024745036694766735,0.77678571428584,0.5999999999994898,13.0
gbpusd_rsi2_m5_usd500000_smaller_stop_and_time_confirmed_rebound,2017-11-09T14:10:00+00:00,2017-11-09T14:45:00+00:00,62912,signal_exit,1.062248815000665,3.4827830000021804,False,True,2100,6.431318422126309,1.2588540842509701,-0.12429164404668806,-3.5485275167527197,-1.601695420475853,0.6323529411763553,0.40000000000040004,14.166666666666666
gbpusd_rsi2_m5_usd500000_smaller_stop_and_time_confirmed_rebound,2017-11-10T07:25:00+00:00,2017-11-10T07:50:00+00:00,63117,signal_exit,0.17701300575028783,0.5813235000009452,False,True,1500,5.462143799772727,1.440215563585722,0.29204280266049926,-4.517531970796326,-1.9799708575856927,0.2129629629628811,0.2999999999997449,7.416666666666667
gbpusd_rsi2_m5_usd500000_smaller_stop_and_time_confirmed_rebound,2017-11-13T07:25:00+00:00,2017-11-13T07:50:00+00:00,63402,stop,-3.6256498135294346,-11.887376437801425,True,False,1500,5.035446709535798,1.2459683704062603,-1.6573954640491466,-11.469132210876973,-1.795477570700526,0.30188679245263256,0.5000000000010552,7.416666666666667
gbpusd_rsi2_m5_usd500000_smaller_stop_and_time_confirmed_rebound,2017-11-13T08:00:00+00:00,2017-11-13T08:10:00+00:00,63409,signal_exit,2.2221009639008087,7.28318900000265,False,True,600,6.047652847740685,1.4109870291931843,-2.0211069745972603,-11.172698908384644,-1.2380536571678606,0.6623376623377297,0.3999999999981796,8.0
gbpusd_rsi2_m5_usd500000_smaller_stop_and_time_confirmed_rebound,2017-11-13T09:10:00+00:00,2017-11-13T09:45:00+00:00,63423,signal_exit,-0.7380907735996102,-2.415218499998724,False,False,2100,7.476540518697346,1.5493258458833048,-2.418882310349536,-12.187192206159287,-1.7155744229013674,0.48192771084338637,0.40000000000040004,9.166666666666666
gbpusd_rsi2_m5_usd500000_smaller_stop_and_time_confirmed_rebound,2017-11-13T13:50:00+00:00,2017-11-13T14:05:00+00:00,63479,signal_exit,1.7969845944007206,5.884036000002359,False,True,900,6.983690135949111,1.223607272850282,-0.9465291699493721,-5.615630948089035,-2.1731075801991926,0.2400000000000829,0.2999999999997449,13.833333333333334
gbpusd_rsi2_m5_usd500000_smaller_stop_and_time_confirmed_rebound,2017-11-13T14:55:00+00:00,2017-11-13T15:05:00+00:00,63492,signal_exit,1.0635821583999876,3.4837279999999593,False,True,600,5.685209799166347,1.016242112422393,-0.9168988741196541,-4.210214721518396,-0.6733084104367439,0.11111111111063139,0.30000000000196536,14.916666666666666
gbpusd_rsi2_m5_usd500000_smaller_stop_and_time_confirmed_rebound,2017-11-14T08:00:00+00:00,2017-11-14T08:05:00+00:00,63695,signal_exit,1.2457403856005096,4.08305600000167,False,True,300,5.542489880705864,1.5460577168443534,-0.6366309928368126,-4.686360900920325,-1.210204865096197,0.7413793103450587,0.1999999999990898,8.0
gbpusd_rsi2_m5_usd500000_smaller_stop_and_time_confirmed_rebound,2017-11-14T09:40:00+00:00,2017-11-14T10:05:00+00:00,63715,signal_exit,2.1923188966006086,7.183220500001993,False,True,1500,9.57648713026753,2.0471857447856157,-0.27782182258455346,-4.364712071187251,-2.291675696171403,0.1948051948051611,0.5000000000010552,9.666666666666666
gbpusd_rsi2_m5_usd500000_smaller_stop_and_time_confirmed_rebound,2017-11-14T11:05:00+00:00,2017-11-14T11:15:00+00:00,63732,signal_exit,1.6130794164008762,5.28358800000287,False,True,600,6.7611309467708125,1.3790493194863431,-0.6690616429371158,-4.4149843064745316,-1.0137198298534391,0.32352941176485955,0.2999999999997449,11.083333333333334
gbpusd_rsi2_m5_usd500000_smaller_stop_and_time_confirmed_rebound,2017-11-14T12:15:00+00:00,2017-11-14T12:50:00+00:00,63746,signal_exit,1.031317694650465,3.3824785000015245,False,True,2100,5.957209453946062,1.1930588334361327,-0.4894294382024374,-0.8091370278308513,0.605246929834738,0.620689655172097,0.20000000000131024,12.25
gbpusd_rsi2_m5_usd500000_smaller_stop_and_time_confirmed_rebound,2017-11-14T14:40:00+00:00,2017-11-14T15:00:00+00:00,63775,signal_exit,0.8182552200010982,2.6828040000036006,False,True,1200,6.58134938340368,1.2074981619261733,-0.18611492837033872,-1.330249483186273,-0.8309099085459263,0.08823529411789677,0.3999999999981796,14.666666666666666
gbpusd_rsi2_m5_usd500000_smaller_stop_and_time_confirmed_rebound,2017-11-15T10:45:00+00:00,2017-11-15T11:00:00+00:00,64009,signal_exit,1.420419924000352,4.67859000000116,False,True,900,12.173048601363247,1.8413040985085094,0.8981811687896613,0.8118443108319747,-0.7342328760038342,0.09090909090907257,0.40000000000040004,10.75
gbpusd_rsi2_m5_usd500000_smaller_stop_and_time_confirmed_rebound,2017-11-16T07:30:00+00:00,2017-11-16T07:55:00+00:00,64257,signal_exit,0.5709346818008507,1.8793110000028002,False,True,1500,5.903695180711894,1.4580156416389838,0.10793466365296345,-4.603602105116212,-1.7974366224488372,0.6391752577320815,0.2999999999997449,7.5
gbpusd_rsi2_m5_usd500000_smaller_stop_and_time_confirmed_rebound,2017-11-16T12:15:00+00:00,2017-11-16T12:50:00+00:00,64314,signal_exit,0.05349804655083765,0.17661950000276544,False,True,2100,7.217993459363846,1.262402271449346,0.8501654948447961,2.966904007439335,-0.7792443877395179,0.6792452830188126,0.10000000000065512,12.25
gbpusd_rsi2_m5_usd500000_smaller_stop_and_time_confirmed_rebound,2017-11-16T14:30:00+00:00,2017-11-16T14:55:00+00:00,64341,signal_exit,0.5983932086003739,1.976199500001235,False,True,1500,6.60448519275347,1.123566163567684,0.7867309976719892,2.8441236449990055,-0.3546224365951991,0.4468085106382074,0.2999999999997449,14.5
gbpusd_rsi2_m5_usd500000_smaller_stop_and_time_confirmed_rebound,2017-11-16T15:45:00+00:00,2017-11-16T15:50:00+00:00,64356,signal_exit,1.2656005485007045,4.176899500002325,False,True,300,7.202022814356689,1.185983426595867,0.5998693551747072,0.6075225382336689,-1.5298561937535229,0.5492957746480547,0.2999999999997449,15.75
gbpusd_rsi2_m5_usd500000_smaller_stop_and_time_confirmed_rebound,2017-11-17T08:15:00+00:00,2017-11-17T08:40:00+00:00,64553,signal_exit,0.9580788952507353,3.1734975000024357,False,True,1500,7.094629179062657,1.5437451390558197,1.402067405056244,3.8150845582265545,-1.0796250690153397,0.14074074074067983,0.40000000000040004,8.25
gbpusd_rsi2_m5_usd500000_smaller_stop_and_time_confirmed_rebound,2017-11-17T11:20:00+00:00,2017-11-17T11:25:00+00:00,64590,stop,-6.229618360953938,-20.586974094361988,True,False,300,9.58172265747428,1.6656909097947263,0.7447734790068461,-3.444683465579585,-1.7619481603535676,0.8076923076921873,0.10000000000065512,11.333333333333334
gbpusd_rsi2_m5_usd500000_smaller_stop_and_time_confirmed_rebound,2017-11-17T12:55:00+00:00,2017-11-17T13:20:00+00:00,64609,signal_exit,0.8103987800010902,2.6763500000036005,False,True,1500,6.921166885173453,1.194493917691476,-0.8888318918035877,-4.4498492361717075,-1.3097604837274435,0.19402985074656048,0.3999999999981796,12.916666666666666
gbpusd_rsi2_m5_usd500000_smaller_stop_and_time_confirmed_rebound,2017-11-17T13:55:00+00:00,2017-11-17T14:15:00+00:00,64621,signal_exit,1.8116215771502406,5.976976500000793,False,True,1200,8.084767786055984,1.3264106686761075,-0.8994936884314909,-5.427258964889913,-1.7009665137918848,0.898876404494225,0.20000000000131024,13.916666666666666
gbpusd_rsi2_m5_usd500000_smaller_stop_and_time_confirmed_rebound,2017-11-20T11:15:00+00:00,2017-11-20T11:30:00+00:00,64875,signal_exit,0.5042334240004492,1.67241600000149,False,True,900,7.72179159836384,1.3812700033704342,1.7239333762199778,4.389483404257432,-1.3733390380868185,0.5087719298248142,0.1999999999990898,11.25
gbpusd_rsi2_m5_usd500000_smaller_stop_and_time_confirmed_rebound,2017-11-20T12:10:00+00:00,2017-11-20T12:35:00+00:00,64886,signal_exit,-1.1844221063992306,-3.927128999997449,False,False,1500,7.4535817115737375,1.2997889483793152,1.2282455156028542,3.1551083024311963,-1.2866604055444508,0.3269230769231057,0.1999999999990898,12.166666666666666
gbpusd_rsi2_m5_usd500000_smaller_stop_and_time_confirmed_rebound,2017-11-21T08:45:00+00:00,2017-11-21T09:15:00+00:00,65131,stop,-4.320180914497587,-14.324207276185632,True,False,1800,6.398637090392278,1.67740567356495,0.7787040319813695,0.9740544448414222,-1.399929830439479,0.2461538461540774,0.1999999999990898,8.75
gbpusd_rsi2_m5_usd500000_smaller_stop_and_time_confirmed_rebound,2017-11-21T11:05:00+00:00,2017-11-21T11:25:00+00:00,65159,signal_exit,1.1094924320003834,3.6738160000012696,False,True,1200,8.709310074985284,1.7697189456571347,-0.3695458416338539,-2.930027106698793,-1.3611906512626697,0.7477477477477333,0.4999999999988347,11.083333333333334
gbpusd_rsi2_m5_usd500000_smaller_stop_and_time_confirmed_rebound,2017-11-21T15:45:00+00:00,2017-11-21T15:55:00+00:00,65215,stop,-4.376813126872873,-14.511979863636846,True,False,600,6.442565171600549,1.13953204071,0.3296897643903762,0.5987642531175471,-0.9249996712088471,0.7413793103446757,0.2999999999997449,15.75
gbpusd_rsi2_m5_usd500000_smaller_stop_and_time_confirmed_rebound,2017-11-22T08:40:00+00:00,2017-11-22T09:10:00+00:00,65415,signal_exit,0.8362335020006137,2.772657500002035,False,True,1800,5.4142114829137435,1.4538957671519364,0.291738291928809,-0.6840866012480822,-1.3258012513210045,0.4583333333330635,0.20000000000131024,8.666666666666666
gbpusd_rsi2_m5_usd500000_smaller_stop_and_time_confirmed_rebound,2017-11-22T11:30:00+00:00,2017-11-22T11:40:00+00:00,65449,signal_exit,1.863034789499965,6.173077499999884,False,True,600,5.581160103901572,1.3297436853596052,-0.11479986010071704,-2.318422865135947,-1.758301741746458,0.42857142857116964,0.30000000000196536,11.5
gbpusd_rsi2_m5_usd500000_smaller_stop_and_time_confirmed_rebound,2017-11-22T12:30:00+00:00,2017-11-22T12:35:00+00:00,65461,signal_exit,0.9576369021007349,3.1730845000024352,False,True,300,5.563404235639449,1.278037462474046,-0.20003780186853337,-1.830632444903589,-0.9342363212375722,0.1346153846154503,0.2999999999997449,12.5
gbpusd_rsi2_m5_usd500000_smaller_stop_and_time_confirmed_rebound,2017-11-22T13:05:00+00:00,2017-11-22T13:30:00+00:00,65468,signal_exit,2.0161661577009546,6.673837000003159,False,True,1500,8.02320169015449,1.6565430322770256,-0.31912443096464926,-4.072804077362164,-1.854398753622138,0.6185567010309136,0.2999999999997449,13.083333333333334
gbpusd_rsi2_m5_usd500000_smaller_stop_and_time_confirmed_rebound,2017-11-23T07:30:00+00:00,2017-11-23T08:15:00+00:00,65680,stop,-2.885821737094881,-9.616200390186208,True,False,2700,3.9922726746372517,1.0871185436245703,0.9231793529078341,1.3970576393469458,-1.730202894876549,0.7187500000001301,0.2999999999997449,7.5
gbpusd_rsi2_m5_usd500000_smaller_stop_and_time_confirmed_rebound,2017-11-23T09:20:00+00:00,2017-11-23T09:25:00+00:00,65702,stop,-3.8806442821660854,-12.918256598422387,True,False,300,5.543852084035732,1.356101316301957,0.11881395880272361,-2.3421056801104205,-2.1810798577002717,0.2790697674420406,0.4999999999988347,9.333333333333334
gbpusd_rsi2_m5_usd500000_smaller_stop_and_time_confirmed_rebound,2017-11-23T14:00:00+00:00,2017-11-23T14:50:00+00:00,65758,signal_exit,0.23048385235001048,0.7680235000000349,False,True,3000,5.101488362781,1.0868452946774394,0.1538538113886027,0.8824863845384058,0.2616726830509572,0.4736842105261518,0.40000000000040004,14.0
gbpusd_rsi2_m5_usd500000_smaller_stop_and_time_confirmed_rebound,2017-11-23T15:10:00+00:00,2017-11-23T15:20:00+00:00,65772,signal_exit,0.9815251446002613,3.2684820000008696,False,True,600,5.087669709440454,1.0752162839842252,0.16248145277875803,-0.746500089294776,-1.6039232873937743,0.33962264150947347,0.10000000000065512,15.166666666666666
gbpusd_rsi2_m5_usd500000_smaller_stop_and_time_confirmed_rebound,2017-11-24T09:40:00+00:00,2017-11-24T09:50:00+00:00,65980,signal_exit,0.8302600500006105,2.7675335000020347,False,True,600,6.057196093820762,1.530675865388603,0.9941218095101098,3.9478794842009317,-0.4045623262045636,0.17543859649161078,0.1999999999990898,9.666666666666666
gbpusd_rsi2_m5_usd500000_smaller_stop_and_time_confirmed_rebound,2017-11-27T11:15:00+00:00,2017-11-27T11:55:00+00:00,66281,signal_exit,0.9478209093000642,3.1657345000002146,False,True,2400,5.246224651355071,1.2627307772334369,1.2697502808590562,3.6357589306389735,-1.2325647568607938,0.15584415584432437,0.2999999999997449,11.25
gbpusd_rsi2_m5_usd500000_smaller_stop_and_time_confirmed_rebound,2017-11-27T12:35:00+00:00,2017-11-27T12:45:00+00:00,66297,signal_exit,0.2891388135004027,0.965727500001345,False,True,600,4.5076868970136035,1.072525578784022,1.0099870998566625,3.266559719322613,-0.35761515004727173,0.6486486486487297,0.2999999999997449,12.583333333333334
gbpusd_rsi2_m5_usd500000_smaller_stop_and_time_confirmed_rebound,2017-11-27T15:00:00+00:00,2017-11-27T15:00:00+00:00,66326,stop,-4.274122474202029,-14.294723993986718,True,False,0,5.929967795867228,1.217480383255897,1.6834914355548296,3.8211398196986117,-1.9969360745753615,0.21276595744669793,1.100000000000545,15.0
gbpusd_rsi2_m5_usd500000_smaller_stop_and_time_confirmed_rebound,2017-11-27T15:15:00+00:00,2017-11-27T15:35:00+00:00,66329,stop,-4.162249734497063,-13.906614548937732,True,False,1200,6.186238792828029,1.250227460446039,1.5053256668143722,1.9770123017015333,-1.6980821320996438,0.8113207547173922,0.1999999999990898,15.25
gbpusd_rsi2_m5_usd500000_smaller_stop_and_time_confirmed_rebound,2017-11-28T07:25:00+00:00,2017-11-28T07:35:00+00:00,66519,signal_exit,2.3302789500004453,7.767596500001484,False,True,600,6.419621180719722,1.6632038195016083,0.13511366279234607,-3.4914127810395414,-2.0424486177014725,0.3124999999998612,0.40000000000040004,7.416666666666667
gbpusd_rsi2_m5_usd500000_smaller_stop_and_time_confirmed_rebound,2017-11-28T08:40:00+00:00,2017-11-28T08:50:00+00:00,66534,stop,-5.183295118842779,-17.277650396142597,True,False,600,7.722956751559376,1.723034774865976,-0.19267958185352943,-2.2495642655645103,-1.0522588689179009,0.3015873015874526,0.4999999999988347,8.666666666666666
gbpusd_rsi2_m5_usd500000_smaller_stop_and_time_confirmed_rebound,2017-11-28T09:00:00+00:00,2017-11-28T09:10:00+00:00,66538,signal_exit,0.5908742037003707,1.9682685000012345,False,True,600,8.345199078021865,1.7684130528941084,-0.38002558980268536,-3.929091668060382,-1.4259648943296044,0.5700000000000222,0.10000000000065512,9.0
gbpusd_rsi2_m5_usd500000_smaller_stop_and_time_confirmed_rebound,2017-11-28T13:05:00+00:00,2017-11-28T13:35:00+00:00,66587,signal_exit,1.0442033403006559,3.4702670000021794,False,True,1800,6.959109302728414,1.2599495658480635,-1.0856223160568834,-6.61598916255509,-1.6535662069866592,0.8732394366198241,0.2999999999997449,13.083333333333334
gbpusd_rsi2_m5_usd500000_smaller_stop_and_time_confirmed_rebound,2017-11-28T14:50:00+00:00,2017-11-28T15:00:00+00:00,66608,stop,-4.173671978362855,-13.866019861670615,True,False,600,6.168660333948106,1.1183904597104655,-1.4378343968785783,-6.489433192089283,-1.610184626471853,0.8904109589042888,0.1999999999990898,14.833333333333334
gbpusd_rsi2_m5_usd500000_smaller_stop_and_time_confirmed_rebound,2017-11-28T15:10:00+00:00,2017-11-28T15:45:00+00:00,66612,signal_exit,1.5275059812004699,5.07140100000156,False,True,2100,6.57230601306462,1.1737635880086181,-1.451471996360245,-8.045116519455277,-1.8997433470475775,0.2616822429907318,0.2999999999997449,15.166666666666666
gbpusd_rsi2_m5_usd500000_smaller_stop_and_time_confirmed_rebound,2017-11-29T09:20:00+00:00,2017-11-29T10:15:00+00:00,66826,signal_exit,0.8828876886503354,2.961716500001125,False,True,3300,8.953421756927302,1.315442761222625,1.9273271379818786,5.76425277459189,-1.4936175397749067,0.18309859154924732,0.10000000000065512,9.333333333333334
gbpusd_rsi2_m5_usd500000_smaller_stop_and_time_confirmed_rebound,2017-11-29T12:20:00+00:00,2017-11-29T12:30:00+00:00,66862,signal_exit,1.9567623075000846,6.561912500000283,False,True,600,6.992615259030226,0.9903937286702517,1.1123940010309885,3.1777934850401617,-1.6432508914604553,0.11111111111115027,0.10000000000065512,12.333333333333334
gbpusd_rsi2_m5_usd500000_smaller_stop_and_time_confirmed_rebound,2017-11-29T12:55:00+00:00,2017-11-29T12:55:00+00:00,66869,stop,-4.429823017955215,-14.855207974363564,True,False,0,6.558861547337829,0.9410215147748136,1.0033124176950063,3.2222073754214033,-0.9109130196977889,0.15555555555556652,0.3999999999981796,12.916666666666666
gbpusd_rsi2_m5_usd500000_smaller_stop_and_time_confirmed_rebound,2017-11-29T13:05:00+00:00,2017-11-29T13:15:00+00:00,66871,signal_exit,2.347018039500639,7.862707000002141,False,True,600,7.891569395408663,1.1016964999041121,0.8989239460116357,1.1475009156637466,-2.370776846769088,0.1862068965517252,0.40000000000040004,13.083333333333334
gbpusd_rsi2_m5_usd500000_smaller_stop_and_time_confirmed_rebound,2017-11-30T07:10:00+00:00,2017-11-30T07:20:00+00:00,67086,signal_exit,1.3234896455006144,4.45769500000207,False,True,600,5.451197345175108,1.0478819537169368,1.5941812200195482,4.026631988839769,-1.974503676887237,0.20869565217393152,0.5000000000010552,7.166666666666667
gbpusd_rsi2_m5_usd500000_smaller_stop_and_time_confirmed_rebound,2017-11-30T09:55:00+00:00,2017-11-30T10:55:00+00:00,67119,holding_bars,-1.1997301539994374,-4.042217499998104,False,False,3600,8.26303338537431,1.3015694720593374,0.8217511209727284,2.6786219631361097,-0.28102380543248606,0.3285714285713969,0.2999999999997449,9.916666666666666
gbpusd_rsi2_m5_usd500000_smaller_stop_and_time_confirmed_rebound,2017-12-01T07:50:00+00:00,2017-12-01T07:55:00+00:00,67376,target,2.2592471875711295,7.64292012033535,False,True,300,4.6946913743656005,0.9296191291033273,0.4644585099540813,-0.08851597903611653,-1.503956005496543,0.5312499999998482,0.40000000000040004,7.833333333333333
gbpusd_rsi2_m5_usd500000_smaller_stop_and_time_confirmed_rebound,2017-12-01T08:55:00+00:00,2017-12-01T09:15:00+00:00,67389,stop,-5.52706870976854,-18.691473485859113,True,False,1200,8.42319030459203,1.4473677714874464,0.15554300882129485,-1.246089326843115,-1.4874776807169503,0.43939393939420446,0.4999999999988347,8.916666666666666
gbpusd_rsi2_m5_usd500000_smaller_stop_and_time_confirmed_rebound,2017-12-01T09:25:00+00:00,2017-12-01T09:30:00+00:00,67395,target,5.2015441851583875,17.560918923559715,False,True,300,9.652912313709315,1.5657471889452903,-0.07307888980317251,-4.398298324718074,-2.235109076263249,0.13178294573645813,0.3999999999981796,9.416666666666666
gbpusd_rsi2_m5_usd500000_smaller_stop_and_time_confirmed_rebound,2017-12-01T10:20:00+00:00,2017-12-01T10:30:00+00:00,67406,signal_exit,2.120307540550591,7.155948500001994,False,True,600,9.732082825320571,1.4787028412950523,-0.559523857798891,-4.729223633590651,-1.3178354829417056,0.3289473684211218,0.1999999999990898,10.333333333333334
gbpusd_rsi2_m5_usd500000_smaller_stop_and_time_confirmed_rebound,2017-12-01T12:30:00+00:00,2017-12-01T13:10:00+00:00,67432,stop,-4.187321784769747,-14.146357380978875,True,False,2400,6.350906222207312,0.9813476034099012,-0.42673873929218487,-1.5525833821110167,-0.26505227334339004,0.089743589743608,0.10000000000065512,12.5
gbpusd_rsi2_m5_usd500000_smaller_stop_and_time_confirmed_rebound,2017-12-01T13:20:00+00:00,2017-12-01T13:30:00+00:00,67442,stop,-4.060459390911937,-13.713135396527989,True,False,600,5.984609659602423,0.9381724455631831,-0.38303311988279576,-2.8417421929892956,-1.63953851114691,0.553571428571372,0.40000000000040004,13.333333333333334
gbpusd_rsi2_m5_usd500000_smaller_stop_and_time_confirmed_rebound,2017-12-01T14:15:00+00:00,2017-12-01T15:00:00+00:00,67453,stop,-4.902393925351636,-16.534212227155603,True,False,2700,7.445792466315201,1.11743851476777,-0.7590326415277387,-4.755491411904887,-1.1011184372996632,0.8148148148148301,0.2999999999997449,14.25
gbpusd_rsi2_m5_usd500000_smaller_stop_and_time_confirmed_rebound,2017-12-01T15:10:00+00:00,2017-12-01T15:20:00+00:00,67464,signal_exit,2.4202396081505593,8.157194500001884,False,True,600,6.992012764946414,1.0538313369979422,-1.1514977510183326,-5.664761194949341,-1.4514570446132828,0.30666666666659165,0.2999999999997449,15.166666666666666
gbpusd_rsi2_m5_usd500000_smaller_stop_and_time_confirmed_rebound,2017-12-04T07:30:00+00:00,2017-12-04T07:45:00+00:00,67656,signal_exit,1.9515150637507455,6.559714500002506,False,True,900,6.035861785516633,1.0991129085689768,-1.1894736401865305,-8.531999202197358,-1.705795317272952,0.850000000000111,0.2999999999997449,7.5
gbpusd_rsi2_m5_usd500000_smaller_stop_and_time_confirmed_rebound,2017-12-04T10:00:00+00:00,2017-12-04T10:45:00+00:00,67686,signal_exit,-1.6184162137495224,-5.440054499998394,False,False,2700,7.450264860198723,1.2217625448431944,-1.1239977538943575,-5.719151231475239,-1.2635960437994354,0.5802469135805007,0.1999999999990898,10.0
gbpusd_rsi2_m5_usd500000_smaller_stop_and_time_confirmed_rebound,2017-12-04T14:05:00+00:00,2017-12-04T15:00:00+00:00,67735,signal_exit,-0.9004072069994722,-3.0460324999982142,False,False,3300,11.080081912475112,1.3429622782049067,1.4441904967567014,4.576939063237249,-0.7944662493325321,0.5972222222220809,0.5000000000010552,14.083333333333334
gbpusd_rsi2_m5_usd500000_smaller_stop_and_time_confirmed_rebound,2017-12-04T15:40:00+00:00,2017-12-04T15:50:00+00:00,67754,signal_exit,5.286830264100307,17.854881000001036,False,True,600,11.25998643359199,1.3123430748080789,0.8592760082768413,1.0496968063555765,-1.6023869692899153,0.893617021276522,0.5000000000010552,15.666666666666666
gbpusd_rsi2_m5_usd500000_smaller_stop_and_time_confirmed_rebound,2017-12-05T07:00:00+00:00,2017-12-05T07:05:00+00:00,67929,signal_exit,0.6121710245999018,2.0591019999996694,False,True,300,4.754530439326756,0.9983955467644391,-0.5247448861558061,-6.431464197459475,-1.6621878996507937,0.2727272727270158,0.30000000000196536,7.0
gbpusd_rsi2_m5_usd500000_smaller_stop_and_time_confirmed_rebound,2017-12-05T07:40:00+00:00,2017-12-05T07:50:00+00:00,67937,stop,-4.05155855512148,-13.618684218895732,True,False,600,5.989496491826658,1.2028034349604955,-0.968131004386497,-7.5153005799837045,-1.256544702733495,0.07377049180321603,0.2999999999997449,7.666666666666667
gbpusd_rsi2_m5_usd500000_smaller_stop_and_time_confirmed_rebound,2017-12-05T08:35:00+00:00,2017-12-05T08:55:00+00:00,67948,signal_exit,1.4808749020009324,4.962717500003125,False,True,1200,9.253129533853505,1.6355754799601425,-1.8098206324415096,-13.275249686967747,-2.072109459508684,0.5849056603770897,0.40000000000040004,8.583333333333334
gbpusd_rsi2_m5_usd500000_smaller_stop_and_time_confirmed_rebound,2017-12-05T14:15:00+00:00,2017-12-05T14:40:00+00:00,68016,signal_exit,1.2683035157002263,4.26034100000076,False,True,1500,8.913647073107017,1.2274905352039047,-0.5719715574220468,-2.6118546622712095,-0.6521928660938816,0.3300000000001266,0.1999999999990898,14.25
gbpusd_rsi2_m5_usd500000_smaller_stop_and_time_confirmed_rebound,2017-12-06T07:05:00+00:00,2017-12-06T07:25:00+00:00,68213,signal_exit,0.5241295780506386,1.760596500002145,False,True,1200,3.8013170718108524,0.8992736865218316,-0.5061198659712214,-2.835142053524394,-1.2033659316712466,0.8533333333332662,0.10000000000065512,7.083333333333333
gbpusd_rsi2_m5_usd500000_smaller_stop_and_time_confirmed_rebound,2017-12-06T07:40:00+00:00,2017-12-06T08:40:00+00:00,68220,holding_bars,0.10787776945055308,0.3618845000018553,False,True,3600,6.887518534654957,1.467982832692929,-0.5757602043702783,-6.121150349939769,-2.2765945825474168,0.634146341463375,0.40000000000040004,7.666666666666667
gbpusd_rsi2_m5_usd500000_smaller_stop_and_time_confirmed_rebound,2017-12-06T09:20:00+00:00,2017-12-06T10:15:00+00:00,68240,stop,-5.032005734227796,-16.863289994060978,True,False,3300,7.563249210753033,1.437840053663513,-1.1277023955322585,-6.440409151607965,-2.0702244252783455,0.6046511627906256,0.40000000000040004,9.333333333333334
gbpusd_rsi2_m5_usd500000_smaller_stop_and_time_confirmed_rebound,2017-12-06T10:25:00+00:00,2017-12-06T10:40:00+00:00,68253,signal_exit,2.1703771260001283,7.263645000000429,False,True,900,8.124699681483769,1.4479977232851278,-1.3784315605821067,-8.39778429981566,-1.680083433721056,0.7281553398057917,0.20000000000131024,10.416666666666666
gbpusd_rsi2_m5_usd500000_smaller_stop_and_time_confirmed_rebound,2017-12-06T11:20:00+00:00,2017-12-06T11:20:00+00:00,68264,target,5.114631403423235,17.105790646900452,False,True,0,9.420958056981569,1.5418940597088457,-1.541818766231388,-8.33994703044543,-1.870698251209415,0.19444444444449013,0.40000000000040004,11.333333333333334
gbpusd_rsi2_m5_usd500000_smaller_stop_and_time_confirmed_rebound,2017-12-06T12:05:00+00:00,2017-12-06T12:15:00+00:00,68273,signal_exit,0.8262344744499447,2.7642504999998145,False,True,600,10.064823480253601,1.5365255230966288,-1.5613920330420892,-6.88994853563569,-1.1213044390000595,0.5942028985508785,0.20000000000131024,12.083333333333334
gbpusd_rsi2_m5_usd500000_smaller_stop_and_time_confirmed_rebound,2017-12-06T12:50:00+00:00,2017-12-06T13:05:00+00:00,68282,signal_exit,1.51366576690113,5.06412100000378,False,True,900,8.357605152751935,1.2758212962482183,-1.514998327042582,-6.2658638294750615,-0.5660932382646688,0.6904761904762597,0.3999999999981796,12.833333333333334
gbpusd_rsi2_m5_usd500000_smaller_stop_and_time_confirmed_rebound,2017-12-06T14:55:00+00:00,2017-12-06T15:10:00+00:00,68307,target,4.1101946390664965,13.755671482819599,False,True,900,7.746158356951447,1.1551047379410175,-0.8636855265938046,-4.210237148389163,-1.4364210151929173,0.6197183098591593,0.40000000000040004,14.916666666666666
gbpusd_rsi2_m5_usd500000_smaller_stop_and_time_confirmed_rebound,2017-12-07T07:45:00+00:00,2017-12-07T07:55:00+00:00,68507,signal_exit,0.4672704618002495,1.563823500000835,False,True,600,3.7318067332090936,1.0115807052238737,-0.7474067176757964,-2.631763929600413,-0.055662449552853224,0.4,0.2999999999997449,7.75
gbpusd_rsi2_m5_usd500000_smaller_stop_and_time_confirmed_rebound,2017-12-07T11:15:00+00:00,2017-12-07T11:15:00+00:00,68549,target,3.934667502720797,13.185883052013395,False,True,0,7.36188419195303,1.5530135702976497,0.4847676265104391,1.5943798757360228,-0.20404484737290926,0.1276595744679846,0.20000000000131024,11.25
gbpusd_rsi2_m5_usd500000_smaller_stop_and_time_confirmed_rebound,2017-12-07T11:40:00+00:00,2017-12-07T11:55:00+00:00,68554,stop,-5.876179058232212,-19.665927236386253,True,False,900,9.015243401712944,1.739620852021127,0.40030560837098533,-2.0976857576624512,-1.774576561163754,0.36363636363587426,0.2999999999997449,11.666666666666666
gbpusd_rsi2_m5_usd500000_smaller_stop_and_time_confirmed_rebound,2017-12-07T12:05:00+00:00,2017-12-07T12:35:00+00:00,68559,signal_exit,3.1356210900004218,10.466025000001407,False,True,1800,11.59842117189298,2.0124885005184368,0.12607831030707625,-7.887399163263641,-2.2000168676430927,0.17567567567573514,0.2999999999997449,12.083333333333334
gbpusd_rsi2_m5_usd500000_smaller_stop_and_time_confirmed_rebound,2017-12-08T07:05:00+00:00,2017-12-08T07:30:00+00:00,68777,target,7.153407271266657,24.10989980204468,False,True,1500,12.726666834360628,1.7976547871296444,1.4483981744412342,0.6376156153189116,-1.943271833775954,0.5586206896551755,0.0,7.083333333333333
gbpusd_rsi2_m5_usd500000_smaller_stop_and_time_confirmed_rebound,2017-12-08T09:20:00+00:00,2017-12-08T10:00:00+00:00,68804,signal_exit,-1.2577563569991683,-4.243442499997194,False,False,2400,10.722620175461913,1.3606628046207652,0.8948863039752174,1.4031049282487058,-1.7970933466308374,0.136363636363774,0.2999999999997449,9.333333333333334
gbpusd_rsi2_m5_usd500000_smaller_stop_and_time_confirmed_rebound,2017-12-08T12:25:00+00:00,2017-12-08T12:35:00+00:00,68841,signal_exit,2.5167640225004853,8.459711000001631,False,True,600,9.912934476762809,1.2366873844943076,-0.24009348849663287,-4.895242440833882,-1.96523783435061,0.3116279069767062,0.20000000000131024,12.416666666666666
gbpusd_rsi2_m5_usd500000_smaller_stop_and_time_confirmed_rebound,2017-12-08T14:55:00+00:00,2017-12-08T15:00:00+00:00,68871,signal_exit,1.3884824079003455,4.66090100000116,False,True,300,9.462987665674396,1.1211479493707732,-1.2440058953180966,-4.973445143186284,-0.283907827353353,0.5205479452053128,0.40000000000040004,14.916666666666666
gbpusd_rsi2_m5_usd500000_smaller_stop_and_time_confirmed_rebound,2017-12-11T08:00:00+00:00,2017-12-11T08:10:00+00:00,69073,stop,-4.604945180425601,-15.432121918316357,True,False,600,6.8477451302387475,1.4256932678358691,0.10900905350666476,-3.8543797114672254,-1.9025194208101983,0.7999999999999192,0.40000000000040004,8.0
gbpusd_rsi2_m5_usd500000_smaller_stop_and_time_confirmed_rebound,2017-12-11T08:30:00+00:00,2017-12-11T09:00:00+00:00,69079,signal_exit,-0.27969293519933647,-0.9360539999977794,False,False,1800,7.713308060993977,1.5217013987336379,-0.19853072751270567,-6.393067996002264,-1.4400112783081112,0.41176470588242975,0.4999999999988347,8.5
gbpusd_rsi2_m5_usd500000_smaller_stop_and_time_confirmed_rebound,2017-12-11T10:05:00+00:00,2017-12-11T10:10:00+00:00,69098,stop,-4.225767966508136,-14.142463073989745,True,False,300,6.30340065601912,1.2057942365874361,-1.3064971034033186,-4.930005120745162,-0.027919239716269483,0.1500000000001249,0.1999999999990898,10.083333333333334
gbpusd_rsi2_m5_usd500000_smaller_stop_and_time_confirmed_rebound,2017-12-11T10:20:00+00:00,2017-12-11T10:30:00+00:00,69101,signal_exit,2.5606962485006832,8.564201500002284,False,True,600,7.8428102191231694,1.4262170170551662,-1.2963904629091842,-6.193734168203749,-1.562821677243823,0.8787878787879876,0.1999999999990898,10.333333333333334
gbpusd_rsi2_m5_usd500000_smaller_stop_and_time_confirmed_rebound,2017-12-11T12:20:00+00:00,2017-12-11T12:45:00+00:00,69125,signal_exit,-0.5486950640491076,-1.8357144999970145,False,False,1500,7.410403641044216,1.2733822730235946,-0.6739651989210608,-4.5257447320091755,-1.617784100105636,0.535211267605396,0.40000000000040004,12.333333333333334
gbpusd_rsi2_m5_usd500000_smaller_stop_and_time_confirmed_rebound,2017-12-11T13:25:00+00:00,2017-12-11T13:35:00+00:00,69138,signal_exit,1.0354592437006516,3.4642330000021797,False,True,600,6.677668204504991,1.1341287297568932,-0.8645302470044464,-4.195630396415935,-0.45752038483278185,0.45454545454534445,0.20000000000131024,13.416666666666666
gbpusd_rsi2_m5_usd500000_smaller_stop_and_time_confirmed_rebound,2017-12-11T15:00:00+00:00,2017-12-11T15:15:00+00:00,69157,signal_exit,2.5317609627004876,8.46459700000163,False,True,900,6.754253634515717,1.130554500782229,-0.9258117182620004,-4.732107542790696,-1.6729676571294037,0.29166666666679514,0.40000000000040004,15.0
gbpusd_rsi2_m5_usd500000_smaller_stop_and_time_confirmed_rebound,2017-12-12T08:55:00+00:00,2017-12-12T09:00:00+00:00,69366,stop,-3.660167381999353,-12.233179752671635,True,False,300,5.249348603537446,1.3496645166216503,-0.01676497260542874,1.1657783865374853,0.6321299042316831,0.4347826086954843,0.40000000000040004,8.916666666666666
gbpusd_rsi2_m5_usd500000_smaller_stop_and_time_confirmed_rebound,2017-12-12T10:20:00+00:00,2017-12-12T10:25:00+00:00,69383,stop,-5.977397842974286,-19.944604080661616,True,False,300,9.106028751337483,1.8296645375203213,0.07499251787640303,-3.8404206625310167,-1.6814080515241472,0.23809523809516256,0.40000000000040004,10.333333333333334
gbpusd_rsi2_m5_usd500000_smaller_stop_and_time_confirmed_rebound,2017-12-12T10:35:00+00:00,2017-12-12T10:55:00+00:00,69386,signal_exit,2.8991683883001826,9.667117000000609,False,True,1200,9.664739492233421,1.8630799996993657,-0.15568587608731813,-5.444485180464181,-1.5620749224335422,0.7217391304348867,0.40000000000040004,10.583333333333334
gbpusd_rsi2_m5_usd500000_smaller_stop_and_time_confirmed_rebound,2017-12-12T13:30:00+00:00,2017-12-12T13:35:00+00:00,69421,signal_exit,0.7372174926000208,2.4647860000000694,False,True,300,5.756657778676932,1.0820447474119792,0.335168923920702,1.50941061467242,-0.14710770595151304,0.3913043478263178,0.700000000000145,13.5
gbpusd_rsi2_m5_usd500000_smaller_stop_and_time_confirmed_rebound,2017-12-12T14:20:00+00:00,2017-12-12T14:35:00+00:00,69431,signal_exit,0.9486281238007295,3.1663155000024346,False,True,900,7.28658696855738,1.2881388485056835,0.32740048197188787,-2.4090609732342076,-2.018814264338797,0.19277108433730106,0.10000000000065512,14.333333333333334
gbpusd_rsi2_m5_usd500000_smaller_stop_and_time_confirmed_rebound,2017-12-12T15:45:00+00:00,2017-12-12T16:05:00+00:00,69448,stop,-4.653750992639802,-15.528031340139478,True,False,1200,6.847682588961275,1.1764293063465447,-0.47889335618548606,-2.890354665400456,-0.9989746194591276,0.6973684210526431,0.5000000000010552,15.75
gbpusd_rsi2_m5_usd500000_smaller_stop_and_time_confirmed_rebound,2017-12-13T10:50:00+00:00,2017-12-13T11:20:00+00:00,69670,signal_exit,1.1569441500001076,3.8655000000003596,False,True,1800,6.987023353580554,1.4906300910737293,1.0033675534447701,3.5611830710753463,-0.3029333624209248,0.46666666666664197,0.0,10.833333333333334
gbpusd_rsi2_m5_usd500000_smaller_stop_and_time_confirmed_rebound,2017-12-13T13:25:00+00:00,2017-12-13T13:30:00+00:00,69701,target,4.429183647207767,14.778724214907461,False,True,300,8.2062710769402,1.489860201217907,0.7228868675001742,-0.7142061272255964,-2.2732119546834197,0.14414414414429552,0.2999999999997449,13.416666666666666
gbpusd_rsi2_m5_usd500000_smaller_stop_and_time_confirmed_rebound,2017-12-13T14:25:00+00:00,2017-12-13T14:30:00+00:00,69713,signal_exit,0.8878989933010015,2.9655945000033452,False,True,300,8.50827273226479,1.4239650202022087,0.45671331332022724,1.4990135275402174,-0.12827014585223542,0.05797101449280492,0.1999999999990898,14.416666666666666
gbpusd_rsi2_m5_usd500000_smaller_stop_and_time_confirmed_rebound,2017-12-14T07:15:00+00:00,2017-12-14T07:30:00+00:00,69907,signal_exit,0.5833339440003675,1.9601275000012348,False,True,900,4.200578477751749,0.9089555584634865,1.4805988283957916,4.200043853225932,-1.4533459631979604,0.5820895522386873,0.6000000000017103,7.25
gbpusd_rsi2_m5_usd500000_smaller_stop_and_time_confirmed_rebound,2017-12-14T09:15:00+00:00,2017-12-14T09:20:00+00:00,69931,signal_exit,1.5343929205006588,5.159357500002216,False,True,300,5.806366956224799,1.175170298994447,1.1269099334546517,4.7647141295320585,0.42597093655671825,0.6507936507935501,0.2999999999997449,9.25
gbpusd_rsi2_m5_usd500000_smaller_stop_and_time_confirmed_rebound,2017-12-14T10:25:00+00:00,2017-12-14T10:25:00+00:00,69945,stop,-4.947375066303388,-16.646618661855275,True,False,0,7.403019686618233,1.3565032249578075,1.3625690205071712,5.227736485840854,-0.012470466744313935,0.6290322580646317,0.4999999999988347,10.416666666666666
gbpusd_rsi2_m5_usd500000_smaller_stop_and_time_confirmed_rebound,2017-12-14T12:10:00+00:00,2017-12-14T12:45:00+00:00,69966,signal_exit,2.1606024864001276,7.260089000000429,False,True,2100,10.13192959166058,1.5683911557214858,0.8186177294741995,0.44923694396882907,-1.90161993704161,0.24503311258278535,0.20000000000131024,12.166666666666666
gbpusd_rsi2_m5_usd500000_smaller_stop_and_time_confirmed_rebound,2017-12-14T13:45:00+00:00,2017-12-14T14:00:00+00:00,69985,stop,-5.538233056869086,-18.60965408894182,True,False,900,8.485222777268955,1.264925973790838,0.3458534232349723,0.624032157238588,-0.6210687199881554,0.08080808080815784,0.2999999999997449,13.75
gbpusd_rsi2_m5_usd500000_smaller_stop_and_time_confirmed_rebound,2017-12-14T15:40:00+00:00,2017-12-14T15:50:00+00:00,70008,signal_exit,1.9567435209007467,6.561849500002504,False,True,600,8.357716296799016,1.1717138741899398,-0.3654010175568893,-2.925248906091915,-1.6991903612733406,0.3698630136986718,0.2999999999997449,15.666666666666666
gbpusd_rsi2_m5_usd500000_smaller_stop_and_time_confirmed_rebound,2017-12-15T08:25:00+00:00,2017-12-15T08:40:00+00:00,70204,signal_exit,1.0292473625006484,3.4596550000021793,False,True,900,5.147194334457324,1.2396137499275672,0.2657951315951515,-0.6346150974563591,-1.3595918650227499,0.6557377049179611,0.2999999999997449,8.416666666666666
gbpusd_rsi2_m5_usd500000_smaller_stop_and_time_confirmed_rebound,2017-12-15T09:30:00+00:00,2017-12-15T09:55:00+00:00,70217,signal_exit,0.5235671262506383,1.7598895000021455,False,True,1500,6.2085288676812,1.3801436411330013,0.013764701356815356,-1.1043281024721878,-1.061617305442695,0.6956521739134003,0.1999999999990898,9.5
gbpusd_rsi2_m5_usd500000_smaller_stop_and_time_confirmed_rebound,2017-12-15T12:20:00+00:00,2017-12-15T12:35:00+00:00,70251,stop,-4.865391960118878,-16.29947055316207,True,False,900,7.33151512961107,1.3815402900061475,-1.0350606700321756,-7.951191810755819,-1.958561036909504,0.29999999999977794,0.2999999999997449,12.333333333333334
gbpusd_rsi2_m5_usd500000_smaller_stop_and_time_confirmed_rebound,2017-12-15T12:45:00+00:00,2017-12-15T13:30:00+00:00,70256,stop,-5.084160727336312,-17.020959917429902,True,False,2700,7.642608450011091,1.4015996630093885,-1.299984356093895,-9.084581673451277,-1.562758880313127,0.8181818181821393,0.40000000000040004,12.75
gbpusd_rsi2_m5_usd500000_smaller_stop_and_time_confirmed_rebound,2017-12-15T14:05:00+00:00,2017-12-15T15:00:00+00:00,70272,signal_exit,-0.8490706294490722,-2.833068499996904,False,False,3300,9.524791417785258,1.5521892101592247,-2.2264880595804772,-13.753544364465197,-1.6628200194265363,0.5294117647057479,0.0,14.083333333333334
gbpusd_rsi2_m5_usd500000_smaller_stop_and_time_confirmed_rebound,2017-12-18T10:50:00+00:00,2017-12-18T10:50:00+00:00,70519,target,2.6173521415066956,8.739072258786964,False,True,0,5.186570409356241,1.2578286213514394,0.3575848627357166,-1.3212475618537027,-1.8867189641058142,0.19298245614046022,0.2999999999997449,10.833333333333334
gbpusd_rsi2_m5_usd500000_smaller_stop_and_time_confirmed_rebound,2017-12-18T15:25:00+00:00,2017-12-18T15:35:00+00:00,70574,signal_exit,1.7175593418505082,5.761688500001704,False,True,600,6.8407665295407885,1.3161765785593296,2.167080169047996,7.655927790388945,-0.8991247794652208,0.7199999999999112,0.40000000000040004,15.416666666666666
gbpusd_rsi2_m5_usd500000_smaller_stop_and_time_confirmed_rebound,2017-12-19T09:05:00+00:00,2017-12-19T09:40:00+00:00,70780,stop,-3.7677547277284793,-12.618066737201874,True,False,2100,5.390874799218797,1.350267672543267,0.676666578744222,0.2983333558315486,-1.8955510444612302,0.1851851851850938,0.5000000000010552,9.083333333333334
gbpusd_rsi2_m5_usd500000_smaller_stop_and_time_confirmed_rebound,2017-12-19T10:20:00+00:00,2017-12-19T10:30:00+00:00,70795,signal_exit,1.2152642710004993,4.064429000001669,False,True,600,6.2370635561332906,1.4320050230637809,-0.08696305839194035,-3.8255442063767684,-1.6354584519931563,0.6486486486481297,0.5000000000010552,10.333333333333334
gbpusd_rsi2_m5_usd500000_smaller_stop_and_time_confirmed_rebound,2017-12-19T12:05:00+00:00,2017-12-19T13:00:00+00:00,70816,signal_exit,-1.6839954161992483,-5.6358614999974845,False,False,3300,6.61089883885195,1.3930909556344617,-0.26388912701248374,-1.392992148137308,-0.7023281901887063,0.3552631578947868,0.1999999999990898,12.083333333333334
gbpusd_rsi2_m5_usd500000_smaller_stop_and_time_confirmed_rebound,2017-12-19T13:30:00+00:00,2017-12-19T13:40:00+00:00,70833,signal_exit,0.5281255496006418,1.765125500002145,False,True,600,5.689769306710521,1.181486244642716,-0.4603779576521452,-4.65545643585457,-1.9005603215619926,0.21951219512175307,0.40000000000040004,13.5
gbpusd_rsi2_m5_usd500000_smaller_stop_and_time_confirmed_rebound,2017-12-19T15:30:00+00:00,2017-12-19T15:35:00+00:00,70857,signal_exit,2.8318576880004547,9.464765000001519,False,True,300,6.487369123858061,1.2377315272636702,-0.7791057678488322,-3.2503273566988184,-0.4227513836823169,0.6315789473685748,0.40000000000040004,15.5
gbpusd_rsi2_m5_usd500000_smaller_stop_and_time_confirmed_rebound,2017-12-20T08:00:00+00:00,2017-12-20T08:10:00+00:00,71047,target,2.023792399001701,6.779874033506536,False,True,600,4.208578567002172,1.3122101944255689,0.24441082005470785,0.05335156876239947,-0.4995293586996926,0.5205479452054587,0.2999999999997449,8.0
gbpusd_rsi2_m5_usd500000_smaller_stop_and_time_confirmed_rebound,2017-12-20T10:05:00+00:00,2017-12-20T10:10:00+00:00,71072,target,2.815593350045261,9.438797687044119,False,True,300,5.538331935138645,1.418035751291514,0.4588537377707798,1.3729818318964304,-0.5685394786033154,0.13888888888851197,0.2999999999997449,10.083333333333334
gbpusd_rsi2_m5_usd500000_smaller_stop_and_time_confirmed_rebound,2017-12-20T11:40:00+00:00,2017-12-20T12:10:00+00:00,71091,signal_exit,-0.5480404586991097,-1.8378284999970143,False,False,1800,6.493164801785137,1.444357281756599,0.660328188409965,1.8254194762700173,-0.6621094942661302,0.9736842105261466,0.0,11.666666666666666
gbpusd_rsi2_m5_usd500000_smaller_stop_and_time_confirmed_rebound,2017-12-21T07:20:00+00:00,2017-12-21T07:25:00+00:00,71325,stop,-2.430596452403293,-8.129085125094626,True,False,300,3.1970054577392673,0.9569381105027461,-0.8858384768751305,-4.023598231960569,-1.0775368917123977,0.6874999999999133,0.40000000000040004,7.333333333333333
gbpusd_rsi2_m5_usd500000_smaller_stop_and_time_confirmed_rebound,2017-12-21T12:45:00+00:00,2017-12-21T12:55:00+00:00,71390,signal_exit,1.1868228200503037,3.9653285000010143,False,True,600,5.919732816794197,1.3121214693498553,-0.34448459340482923,-5.0261490772438036,-1.7781431695062224,0.4444444444443348,0.20000000000131024,12.75
gbpusd_rsi2_m5_usd500000_smaller_stop_and_time_confirmed_rebound,2017-12-21T14:15:00+00:00,2017-12-21T14:15:00+00:00,71408,stop,-3.948059878117877,-13.186572739204665,True,False,0,5.8264572956094565,1.2298991788838478,-0.8724891532172637,-5.385646008027521,-1.8982565832915645,0.10000000000005552,0.1999999999990898,14.25
gbpusd_rsi2_m5_usd500000_smaller_stop_and_time_confirmed_rebound,2017-12-21T15:55:00+00:00,2017-12-21T16:00:00+00:00,71428,signal_exit,0.16915047600094715,0.5653425000031655,False,True,300,5.625709204818959,1.131034728864759,-0.8129431706366245,-3.052167774515311,-0.17844243350998917,0.15873015873051677,0.3999999999981796,15.916666666666666
gbpusd_rsi2_m5_usd500000_smaller_stop_and_time_confirmed_rebound,2017-12-22T08:45:00+00:00,2017-12-22T08:50:00+00:00,71621,signal_exit,1.51366576690113,5.06412100000378,False,True,300,4.242007044343947,1.321720488699901,0.056672932262225854,-3.1381408442519194,-2.0015932425071394,0.23255813953489574,0.2999999999997449,8.75
gbpusd_rsi2_m5_usd500000_smaller_stop_and_time_confirmed_rebound,2017-12-22T11:30:00+00:00,2017-12-22T11:55:00+00:00,71654,signal_exit,0.9752294160009234,3.2638200000030904,False,True,1500,7.186405072856482,1.6222133334033724,0.31876898697166073,-1.3952004665393216,-1.6636647059356966,0.4477611940298359,0.2999999999997449,11.5
gbpusd_rsi2_m5_usd500000_smaller_stop_and_time_confirmed_rebound,2017-12-22T12:40:00+00:00,2017-12-22T12:50:00+00:00,71668,signal_exit,1.4526892164000746,4.86337200000025,False,True,600,7.1100159482367635,1.4937047463651378,0.023944895313017876,-0.12149219932555,-0.01987696892170493,0.27272727272718933,0.40000000000040004,12.666666666666666
gbpusd_rsi2_m5_usd500000_smaller_stop_and_time_confirmed_rebound,2017-12-27T12:10:00+00:00,2017-12-27T12:40:00+00:00,72159,target,2.5644019504739837,8.608264352044255,False,True,1800,5.1236667543569565,1.4530604223341566,1.9068137548395179,6.507666258489753,-0.44994167979114047,0.14285714285678033,0.2999999999997449,12.166666666666666
gbpusd_rsi2_m5_usd500000_smaller_stop_and_time_confirmed_rebound,2017-12-27T13:50:00+00:00,2017-12-27T14:15:00+00:00,72179,stop,-3.513201996021345,-11.80511423394269,True,False,1500,5.082935269706573,1.3140446234996517,1.8376081311815156,7.649866478515434,0.4318033212062351,0.3333333333334632,0.2999999999997449,13.833333333333334
gbpusd_rsi2_m5_usd500000_smaller_stop_and_time_confirmed_rebound,2017-12-27T14:25:00+00:00,2017-12-27T14:55:00+00:00,72186,signal_exit,0.34587515655079104,1.1610445000026552,False,True,1800,5.018306267298063,1.2727214544035796,1.7222508359092679,4.435233591403197,-1.7836588533707234,0.20408163265308896,0.2999999999997449,14.416666666666666
gbpusd_rsi2_m5_usd500000_smaller_stop_and_time_confirmed_rebound,2017-12-28T11:00:00+00:00,2017-12-28T11:10:00+00:00,72423,signal_exit,0.1067558218505516,0.3590845000018553,False,True,600,4.234127947248072,1.2172292677472343,1.7596934727042348,4.283178539119251,-1.8016829838512647,0.12500000000027756,0.1999999999990898,11.0
gbpusd_rsi2_m5_usd500000_smaller_stop_and_time_confirmed_rebound,2017-12-28T12:00:00+00:00,2017-12-28T12:35:00+00:00,72435,signal_exit,-0.22020150279894996,-0.7404219999964692,False,False,2100,4.045070779691956,1.1485837863137225,1.1033401177997997,1.974259331228031,-1.1715673145057086,0.4285714285715041,0.3999999999981796,12.0
gbpusd_rsi2_m5_usd500000_smaller_stop_and_time_confirmed_rebound,2017-12-28T13:45:00+00:00,2017-12-28T14:15:00+00:00,72456,signal_exit,0.31488975450059464,1.059165000002,False,True,1800,4.016879530525259,1.112735462934815,0.583770780675493,2.836367098154964,0.48722577240002213,0.04166666666601133,0.20000000000131024,13.75
gbpusd_rsi2_m5_usd500000_smaller_stop_and_time_confirmed_rebound,2017-12-29T09:25:00+00:00,2017-12-29T09:30:00+00:00,72684,signal_exit,0.6079667924005593,2.05463600000189,False,True,300,5.286564592664855,1.4780995663329382,2.2313576127831287,13.00004104514913,0.9681356924678299,0.7073170731704543,0.2999999999997449,9.416666666666666
gbpusd_rsi2_m5_usd500000_smaller_stop_and_time_confirmed_rebound,2017-12-29T14:30:00+00:00,2017-12-29T14:35:00+00:00,72745,signal_exit,0.4592803710002469,1.553722500000835,False,True,300,4.283145829327131,1.031444026341892,2.4150813701489087,8.352406515415652,-0.7610638992169155,0.6190476190483744,0.4999999999988347,14.5
