variant,entry_time,exit_time,entry_index,reason,net_pnl,net_pips,stopped,won,holding_seconds,atr_pips,atr_fast_slow_ratio,ema_slope_atr,distance_from_ema_atr,zscore20,completed_bar_body_fraction,current_quote_spread_pips,current_quote_hour_utc
nzdusd_rsi2_m5_usd500000_smaller_stop_and_time_confirmed_rebound_atr_not_compressed,2017-01-05T08:35:00+00:00,2017-01-05T09:05:00+00:00,669,signal_exit,-0.5091310739002292,-0.8886910000004,False,False,1800,5.972149102884321,1.1628942495477184,1.3149953117188589,0.5028420814600453,-1.786960665988391,0.3076923076923296,0.6000000000006,8.583333333333334
nzdusd_rsi2_m5_usd500000_smaller_stop_and_time_confirmed_rebound_atr_not_compressed,2017-01-06T14:00:00+00:00,2017-01-06T14:45:00+00:00,1017,signal_exit,3.322881117150111,5.810248500000195,False,True,2700,9.333683333671246,1.8132867726750659,0.0428356675863211,-4.3521759720829785,-1.988272765058208,0.7903225806452234,0.5999999999994898,14.0
nzdusd_rsi2_m5_usd500000_smaller_stop_and_time_confirmed_rebound_atr_not_compressed,2017-01-06T15:35:00+00:00,2017-01-06T16:15:00+00:00,1036,stop,-9.82261684611019,-17.175409767634534,True,False,2400,7.7932103961807675,1.392964795470306,-0.7696764562271909,-3.297015468591859,-0.43503142008860185,0.6290322580645652,0.700000000000145,15.583333333333334
nzdusd_rsi2_m5_usd500000_smaller_stop_and_time_confirmed_rebound_atr_not_compressed,2017-01-09T09:55:00+00:00,2017-01-09T10:45:00+00:00,1250,signal_exit,-1.8299905391499567,-3.1875814999999244,False,False,3000,4.557510905492759,1.1633631413108947,0.04597282397559441,-0.8176155899733618,-1.3659291970959542,0.22727272727270434,0.49999999999994493,9.916666666666666
nzdusd_rsi2_m5_usd500000_smaller_stop_and_time_confirmed_rebound_atr_not_compressed,2017-01-09T12:15:00+00:00,2017-01-09T12:30:00+00:00,1278,signal_exit,0.4650354043497906,0.8114384999996347,False,True,900,4.498573073488818,1.1349952990930041,0.22272879964935824,2.0672107416989363,0.4945835483792409,0.6521739130433838,0.40000000000040004,12.25
nzdusd_rsi2_m5_usd500000_smaller_stop_and_time_confirmed_rebound_atr_not_compressed,2017-01-10T15:15:00+00:00,2017-01-10T15:35:00+00:00,1596,stop,-7.815271855555258,-13.670232386837952,True,False,1200,6.1904763600914965,1.278310536246037,-0.7961879029273028,-0.8792567997669389,0.6603511407802192,0.3928571428571358,0.3999999999992898,15.25
nzdusd_rsi2_m5_usd500000_smaller_stop_and_time_confirmed_rebound_atr_not_compressed,2017-01-10T15:45:00+00:00,2017-01-10T15:50:00+00:00,1602,signal_exit,3.7839226085999336,6.610626499999884,False,True,300,5.802415940262125,1.194716712514592,-0.5477722069804892,-2.592802304999964,-0.7078685104535108,0.4528301886792532,0.5999999999994898,15.75
nzdusd_rsi2_m5_usd500000_smaller_stop_and_time_confirmed_rebound_atr_not_compressed,2017-01-11T09:10:00+00:00,2017-01-11T10:05:00+00:00,1803,stop,-5.945849975351444,-10.425828468089504,True,False,3300,4.467633101202897,1.0424992741578394,0.7045376134571224,3.9597821224069842,0.6134903843982111,0.18749999999978317,0.6000000000006,9.166666666666666
nzdusd_rsi2_m5_usd500000_smaller_stop_and_time_confirmed_rebound_atr_not_compressed,2017-01-11T10:35:00+00:00,2017-01-11T10:40:00+00:00,1820,stop,-5.746223440602657,-10.054634191780677,True,False,300,4.382540484807094,1.0286248027836973,0.7017351125565852,0.23704011147807788,-1.5881159381992698,0.6031746031744829,0.40000000000040004,10.583333333333334
nzdusd_rsi2_m5_usd500000_smaller_stop_and_time_confirmed_rebound_atr_not_compressed,2017-01-11T13:10:00+00:00,2017-01-11T13:25:00+00:00,1851,signal_exit,0.6925673830493848,1.2105704999989246,False,True,900,4.257281061273034,1.0085495203869739,-0.04216670842841522,-1.4816139883245796,-1.1041002543903922,0.6176470588233182,0.6000000000006,13.166666666666666
nzdusd_rsi2_m5_usd500000_smaller_stop_and_time_confirmed_rebound_atr_not_compressed,2017-01-11T14:30:00+00:00,2017-01-11T14:45:00+00:00,1867,stop,-6.006889574387471,-10.508904083952887,True,False,900,4.509753383344273,1.0517898584744234,-0.13579625239459822,-0.1403177584437551,0.4599948053084557,0.06060606060577515,0.6000000000006,14.5
nzdusd_rsi2_m5_usd500000_smaller_stop_and_time_confirmed_rebound_atr_not_compressed,2017-01-11T15:25:00+00:00,2017-01-11T15:35:00+00:00,1878,signal_exit,2.475612778299569,4.3121629999992495,False,True,600,5.595149925352172,1.2382521239866686,-0.3979281539721265,-6.284320158628876,-1.9182496021937798,0.22499999999977102,0.40000000000040004,15.416666666666666
nzdusd_rsi2_m5_usd500000_smaller_stop_and_time_confirmed_rebound_atr_not_compressed,2017-01-12T09:10:00+00:00,2017-01-12T09:30:00+00:00,2088,signal_exit,4.442346421799729,7.901718999999518,False,True,1200,6.340617268773248,1.1572921469609971,2.146154865792352,8.757125325801502,0.2347529623925986,0.24615384615377783,0.700000000000145,9.166666666666666
nzdusd_rsi2_m5_usd500000_smaller_stop_and_time_confirmed_rebound_atr_not_compressed,2017-01-12T10:20:00+00:00,2017-01-12T10:30:00+00:00,2102,signal_exit,0.5631587153499071,1.0018834999998347,False,True,600,6.4562530820310515,1.1488871894568282,2.249207188643994,7.491745918634567,-0.7971167857784068,0.3333333333333921,0.700000000000145,10.333333333333334
nzdusd_rsi2_m5_usd500000_smaller_stop_and_time_confirmed_rebound_atr_not_compressed,2017-01-12T15:45:00+00:00,2017-01-12T16:10:00+00:00,2167,signal_exit,2.7509301773992925,4.90099799999874,False,True,1500,5.85904568044636,1.048439814123485,1.3846547823308233,5.413416207408999,0.04290123413802216,0.2622950819672937,0.49999999999994493,15.75
nzdusd_rsi2_m5_usd500000_smaller_stop_and_time_confirmed_rebound_atr_not_compressed,2017-01-13T08:05:00+00:00,2017-01-13T08:05:00+00:00,2361,target,4.934153518151369,8.784321734291204,False,True,0,5.041516320217189,1.1497996270025084,0.331314276737607,1.5573742646556752,0.23687965701695657,0.15492957746471164,0.40000000000040004,8.083333333333334
nzdusd_rsi2_m5_usd500000_smaller_stop_and_time_confirmed_rebound_atr_not_compressed,2017-01-13T08:55:00+00:00,2017-01-13T09:00:00+00:00,2371,signal_exit,1.4640480726995582,2.6022894999992148,False,True,300,5.087506020878641,1.131115928304762,0.2917930308320549,-1.0638465824343564,-1.4312224611511954,0.5789473684206836,0.6000000000006,8.916666666666666
nzdusd_rsi2_m5_usd500000_smaller_stop_and_time_confirmed_rebound_atr_not_compressed,2017-01-13T13:40:00+00:00,2017-01-13T14:05:00+00:00,2428,stop,-8.909402720901683,-15.855851078308744,True,False,1500,7.1290853071400555,1.4897866108527213,0.40302217841678156,-0.08740130694967159,-1.225545947856142,0.8291139240506404,0.700000000000145,13.666666666666666
nzdusd_rsi2_m5_usd500000_smaller_stop_and_time_confirmed_rebound_atr_not_compressed,2017-01-13T14:15:00+00:00,2017-01-13T14:40:00+00:00,2435,stop,-10.314978333662138,-18.311695958924442,True,False,1500,8.457663247675715,1.6345313680467828,0.1626386546336139,-3.337414599163465,-1.9109434030381598,0.48543689320384165,0.49999999999994493,14.25
nzdusd_rsi2_m5_usd500000_smaller_stop_and_time_confirmed_rebound_atr_not_compressed,2017-01-13T14:55:00+00:00,2017-01-13T15:10:00+00:00,2443,signal_exit,2.543966511999689,4.50418999999945,False,True,900,8.224938577740584,1.5205233205296917,-0.38782431749550517,-6.382083154311617,-1.3698952477612918,0.1807228915662457,0.700000000000145,14.916666666666666
nzdusd_rsi2_m5_usd500000_smaller_stop_and_time_confirmed_rebound_atr_not_compressed,2017-01-16T07:35:00+00:00,2017-01-16T08:05:00+00:00,2639,stop,-6.404119819754415,-11.364897639315732,True,False,1800,4.934230017707963,1.074521280890397,-0.462396706325765,-2.4549284074300965,-0.9701489196646466,0.040816326530427285,0.6000000000006,7.583333333333333
nzdusd_rsi2_m5_usd500000_smaller_stop_and_time_confirmed_rebound_atr_not_compressed,2017-01-16T08:20:00+00:00,2017-01-16T09:15:00+00:00,2648,signal_exit,-0.05413384800040094,-0.09588000000071013,False,False,3300,5.024582666818969,1.0859526394037557,-0.5205234938886387,-5.046202173373587,-1.7510577129256424,0.4615384615386367,0.5999999999994898,8.333333333333334
nzdusd_rsi2_m5_usd500000_smaller_stop_and_time_confirmed_rebound_atr_not_compressed,2017-01-17T08:40:00+00:00,2017-01-17T08:50:00+00:00,2932,signal_exit,2.120199058699612,3.7982784999993044,False,True,600,6.775343560443467,1.4837761018218298,2.181101522618441,9.348252753960042,0.39321830006538006,0.12000000000013322,0.3999999999992898,8.666666666666666
nzdusd_rsi2_m5_usd500000_smaller_stop_and_time_confirmed_rebound_atr_not_compressed,2017-01-17T10:15:00+00:00,2017-01-17T10:45:00+00:00,2951,signal_exit,1.895380135699389,3.3979564999989043,False,True,1800,5.749919207226259,1.2199310091006903,2.3198787377880303,8.238345382883947,-0.3271208942941709,0.5348837209303287,0.49999999999994493,10.25
nzdusd_rsi2_m5_usd500000_smaller_stop_and_time_confirmed_rebound_atr_not_compressed,2017-01-17T12:30:00+00:00,2017-01-17T13:20:00+00:00,2978,signal_exit,1.557764856749674,2.7972074999994145,False,True,3000,7.345844883675121,1.4054433823946404,2.160282337376958,7.1509745800195565,-1.0836990492816192,0.6704545454545282,0.49999999999994493,12.5
nzdusd_rsi2_m5_usd500000_smaller_stop_and_time_confirmed_rebound_atr_not_compressed,2017-01-17T15:40:00+00:00,2017-01-17T15:50:00+00:00,3016,signal_exit,0.5538806932499082,0.9963674999998348,False,True,600,6.898060949896236,1.1610929997865664,1.6510403427390434,6.006529542201053,-0.634198744660463,0.3333333333332212,0.40000000000040004,15.666666666666666
nzdusd_rsi2_m5_usd500000_smaller_stop_and_time_confirmed_rebound_atr_not_compressed,2017-01-19T10:05:00+00:00,2017-01-19T10:30:00+00:00,3519,signal_exit,0.2211261599995739,0.39713749999923476,False,True,1500,6.15974416888755,1.3773908054551531,1.1173335524237278,6.299473715122601,0.548389845971411,0.3137254901961681,0.5999999999994898,10.083333333333334
nzdusd_rsi2_m5_usd500000_smaller_stop_and_time_confirmed_rebound_atr_not_compressed,2017-01-19T10:50:00+00:00,2017-01-19T11:30:00+00:00,3528,stop,-7.190257811253033,-12.906583757409859,True,False,2400,5.702222956507917,1.258260125668953,1.4573616141809462,4.899159408565294,-0.768907866913205,0.5217391304348036,0.6000000000006,10.833333333333334
nzdusd_rsi2_m5_usd500000_smaller_stop_and_time_confirmed_rebound_atr_not_compressed,2017-01-19T11:40:00+00:00,2017-01-19T11:45:00+00:00,3538,signal_exit,1.1144718494998465,1.9979774999997248,False,True,300,4.859030139380373,1.0816962608210647,1.1639453864556446,2.586158904158481,-1.388000519014689,0.40000000000005553,0.5999999999994898,11.666666666666666
nzdusd_rsi2_m5_usd500000_smaller_stop_and_time_confirmed_rebound_atr_not_compressed,2017-01-19T13:40:00+00:00,2017-01-19T13:45:00+00:00,3562,target,5.613362609127616,10.068811854937428,False,True,300,5.885666925810928,1.2718482583293211,0.8820620253137719,2.2549839335570336,-1.1518737632403944,0.5958904109589682,0.7999999999996898,13.666666666666666
nzdusd_rsi2_m5_usd500000_smaller_stop_and_time_confirmed_rebound_atr_not_compressed,2017-01-19T14:20:00+00:00,2017-01-19T14:50:00+00:00,3570,stop,-8.977154972681175,-16.088091348890995,True,False,1800,7.5434734460163435,1.4985121021678045,0.700284289307181,0.7108046964876265,-1.551243420065165,0.592105263157989,0.0999999999995449,14.333333333333334
nzdusd_rsi2_m5_usd500000_smaller_stop_and_time_confirmed_rebound_atr_not_compressed,2017-01-20T07:50:00+00:00,2017-01-20T08:05:00+00:00,3778,signal_exit,0.10918014975008061,0.196402500000145,False,True,900,5.028373544263029,1.0515565803356834,0.4123598143456926,0.21847983880336694,-1.6857469548872281,0.645161290322442,0.5999999999994898,7.833333333333333
nzdusd_rsi2_m5_usd500000_smaller_stop_and_time_confirmed_rebound_atr_not_compressed,2017-01-20T08:35:00+00:00,2017-01-20T08:50:00+00:00,3787,stop,-6.726074805604184,-12.073370679598247,True,False,900,5.33561583635322,1.095776678293832,0.14863257351125192,-2.676632693046621,-1.8424148640541105,0.15624999999998915,0.49999999999994493,8.583333333333334
nzdusd_rsi2_m5_usd500000_smaller_stop_and_time_confirmed_rebound_atr_not_compressed,2017-01-20T10:00:00+00:00,2017-01-20T10:35:00+00:00,3804,signal_exit,-0.00025424730065184975,-0.0004545000011652659,False,False,2100,5.303339391458685,1.0734194770091798,-1.1030543113569828,-7.7211189700800755,-1.3881559793955438,0.21052631578965822,0.49999999999994493,10.0
nzdusd_rsi2_m5_usd500000_smaller_stop_and_time_confirmed_rebound_atr_not_compressed,2017-01-20T10:55:00+00:00,2017-01-20T11:25:00+00:00,3815,stop,-6.437660074220304,-11.501983337895844,True,False,1800,5.001081206789989,1.0159987118498948,-1.7097113848813135,-7.587717109241961,-0.9575641278201584,0.7500000000000694,0.5999999999994898,10.916666666666666
nzdusd_rsi2_m5_usd500000_smaller_stop_and_time_confirmed_rebound_atr_not_compressed,2017-01-20T14:50:00+00:00,2017-01-20T14:55:00+00:00,3862,stop,-6.483202772572922,-11.589565199451059,True,False,300,5.29474416577135,1.0717351391381247,-1.0953663943093574,-3.8788747033382434,-0.03679726681234765,0.8730158730159262,0.0999999999995449,14.833333333333334
nzdusd_rsi2_m5_usd500000_smaller_stop_and_time_confirmed_rebound_atr_not_compressed,2017-01-23T08:35:00+00:00,2017-01-23T09:20:00+00:00,4067,signal_exit,-1.392116271600495,-2.5033560000008896,False,False,2700,5.153926336019149,1.0826069397223304,0.9251946720087847,0.7612534748179597,-1.6285627107065639,0.3333333333333333,0.6000000000006,8.583333333333334
nzdusd_rsi2_m5_usd500000_smaller_stop_and_time_confirmed_rebound_atr_not_compressed,2017-01-24T11:10:00+00:00,2017-01-24T11:20:00+00:00,4386,signal_exit,1.271756546199706,2.2947609999994696,False,True,600,4.443359961387082,1.0556531674287473,-0.03680125547704485,-2.4395276929940373,-1.5786194982774384,0.7936507936506818,0.49999999999994493,11.166666666666666
nzdusd_rsi2_m5_usd500000_smaller_stop_and_time_confirmed_rebound_atr_not_compressed,2017-01-25T14:30:00+00:00,2017-01-25T14:50:00+00:00,4706,signal_exit,0.2724359463999392,0.4931859999998899,False,True,1200,5.272373205631607,1.1436411078179147,0.5566070100904199,-1.9598297626750556,-1.6407702862475568,0.30434782608708244,0.3999999999992898,14.5
nzdusd_rsi2_m5_usd500000_smaller_stop_and_time_confirmed_rebound_atr_not_compressed,2017-01-26T09:50:00+00:00,2017-01-26T09:50:00+00:00,4938,stop,-6.209764786145797,-11.278177962487826,True,False,0,4.93507595890245,1.1525117588803468,-0.2258210762051195,-3.3109950063444202,-2.345264626956728,0.40540540540538106,0.49999999999994493,9.833333333333334
nzdusd_rsi2_m5_usd500000_smaller_stop_and_time_confirmed_rebound_atr_not_compressed,2017-01-26T10:00:00+00:00,2017-01-26T11:00:00+00:00,4940,holding_bars,-0.8308018228999393,-1.5080809999998896,False,False,3600,5.457284882931185,1.247255314427781,-0.2957696144681696,-4.107356588480398,-1.9226542103282236,0.6323529411765186,0.5999999999994898,10.0
nzdusd_rsi2_m5_usd500000_smaller_stop_and_time_confirmed_rebound_atr_not_compressed,2017-01-26T12:30:00+00:00,2017-01-26T12:45:00+00:00,4970,signal_exit,2.3724648701995847,4.293276999999248,False,True,900,4.608025475989693,1.0661011258316375,-1.176337345461504,-7.864238668534567,-1.854747302112469,0.4150943396227008,0.40000000000040004,12.5
nzdusd_rsi2_m5_usd500000_smaller_stop_and_time_confirmed_rebound_atr_not_compressed,2017-01-26T13:05:00+00:00,2017-01-26T13:20:00+00:00,4977,signal_exit,0.8258031464998783,1.49358499999978,False,True,900,4.780033653150985,1.0949901834270503,-1.3824179991883254,-7.964052277586837,-1.2982007925307764,0.1960784313725234,0.40000000000040004,13.083333333333334
nzdusd_rsi2_m5_usd500000_smaller_stop_and_time_confirmed_rebound_atr_not_compressed,2017-01-27T09:05:00+00:00,2017-01-27T09:10:00+00:00,5215,signal_exit,0.4380128371497984,0.793070499999635,False,True,300,3.9897390245513127,1.0712455737537914,-0.17654019047432984,-1.588418765939995,-0.8432362852557402,0.030303030303224007,0.5999999999994898,9.083333333333334
nzdusd_rsi2_m5_usd500000_smaller_stop_and_time_confirmed_rebound_atr_not_compressed,2017-01-27T10:40:00+00:00,2017-01-27T11:20:00+00:00,5234,signal_exit,-0.610897000000331,-1.1075000000006,False,False,2400,4.570503586334024,1.1623057372861652,0.24369389993738094,0.5207145278407534,-0.5936495983366106,0.13636363636402632,0.49999999999994493,10.666666666666666
nzdusd_rsi2_m5_usd500000_smaller_stop_and_time_confirmed_rebound_atr_not_compressed,2017-01-30T08:00:00+00:00,2017-01-30T08:00:00+00:00,5485,stop,-4.524489137240554,-8.202482119725442,True,False,0,3.397632727007889,1.0609345941118364,-0.5320141337921379,-4.221829618991858,-1.8389823237705667,0.5625000000002385,0.49999999999994493,8.0
nzdusd_rsi2_m5_usd500000_smaller_stop_and_time_confirmed_rebound_atr_not_compressed,2017-01-30T11:20:00+00:00,2017-01-30T11:50:00+00:00,5525,stop,-4.5954587677047405,-8.33718934634387,True,False,1800,3.464813691651243,1.0275409438529317,-0.27515382243203773,-1.628895656594398,-0.9702760757905698,0.2941176470587851,0.49999999999994493,11.333333333333334
nzdusd_rsi2_m5_usd500000_smaller_stop_and_time_confirmed_rebound_atr_not_compressed,2017-01-30T12:00:00+00:00,2017-01-30T12:10:00+00:00,5533,stop,-4.671111471659898,-8.463691740641234,True,False,600,3.528361112959318,1.0428326590105095,-0.35719130757780093,-3.8726280035499414,-1.7669160348579844,0.05714285714292058,0.49999999999994493,12.0
nzdusd_rsi2_m5_usd500000_smaller_stop_and_time_confirmed_rebound_atr_not_compressed,2017-01-30T12:20:00+00:00,2017-01-30T12:40:00+00:00,5537,signal_exit,0.16174045549982877,0.2929549999996898,False,True,1200,4.067066372012478,1.170532756311143,-0.47890587501385157,-4.566008803737007,-1.4025225101365495,0.5200000000001332,0.5999999999994898,12.333333333333334
nzdusd_rsi2_m5_usd500000_smaller_stop_and_time_confirmed_rebound_atr_not_compressed,2017-01-30T14:35:00+00:00,2017-01-30T15:15:00+00:00,5564,signal_exit,0.7667638296501293,1.391838500000235,False,True,2400,5.047445970331311,1.2960571169891957,-0.23483822374618685,0.25225154165495756,0.48379176976472726,0.7142857142859409,0.5999999999994898,14.583333333333334
nzdusd_rsi2_m5_usd500000_smaller_stop_and_time_confirmed_rebound_atr_not_compressed,2017-01-31T08:50:00+00:00,2017-01-31T09:10:00+00:00,5777,signal_exit,0.874375632549629,1.5906414999993252,False,True,1200,4.299714419302206,1.1957647001457625,0.0793503789041053,-2.3773527299329635,-1.8555697808884013,0.04761904761909797,0.49999999999994493,8.833333333333334
nzdusd_rsi2_m5_usd500000_smaller_stop_and_time_confirmed_rebound_atr_not_compressed,2017-02-01T13:35:00+00:00,2017-02-01T13:50:00+00:00,6122,stop,-6.610112039001984,-12.009651233651859,True,False,900,5.200727392284363,1.2384861360214883,-0.08888496789153401,-4.633723458041607,-1.8812804652220123,0.36231884057968683,0.700000000000145,13.583333333333334
nzdusd_rsi2_m5_usd500000_smaller_stop_and_time_confirmed_rebound_atr_not_compressed,2017-02-01T14:00:00+00:00,2017-02-01T14:10:00+00:00,6127,signal_exit,0.987318441499738,1.7918664999995244,False,True,600,5.567348381000832,1.2913020706954297,-0.407662223039693,-6.008246289317281,-1.3798961847413438,0.4181818181817778,0.6000000000006,14.0
nzdusd_rsi2_m5_usd500000_smaller_stop_and_time_confirmed_rebound_atr_not_compressed,2017-02-01T15:10:00+00:00,2017-02-01T15:40:00+00:00,6141,signal_exit,1.8145366200002588,3.2919750000004693,False,True,1800,5.837772151882464,1.3011928460894673,-1.0777151280917496,-5.586236849690654,-1.2983809847898335,0.24137931034486718,0.1999999999990898,15.166666666666666
nzdusd_rsi2_m5_usd500000_smaller_stop_and_time_confirmed_rebound_atr_not_compressed,2017-02-02T14:25:00+00:00,2017-02-02T14:35:00+00:00,6420,signal_exit,2.6710772254999178,4.887606999999849,False,True,600,6.02297738118341,1.206959141237279,1.0915801575141415,3.229848776893805,-0.9197596345861937,0.05882352941171348,0.49999999999994493,14.416666666666666
nzdusd_rsi2_m5_usd500000_smaller_stop_and_time_confirmed_rebound_atr_not_compressed,2017-02-02T15:35:00+00:00,2017-02-02T15:55:00+00:00,6434,stop,-6.742378213731577,-12.332866679589495,True,False,1200,5.460608211082076,1.0822427848435259,0.9585362658051174,2.3082748453610598,-1.3151135288909912,0.28947368421063396,0.49999999999994493,15.583333333333334
nzdusd_rsi2_m5_usd500000_smaller_stop_and_time_confirmed_rebound_atr_not_compressed,2017-02-06T10:15:00+00:00,2017-02-06T10:55:00+00:00,6943,signal_exit,-0.9364097948000492,-1.7115880000000896,False,False,2400,4.05571241762317,1.128861682737735,0.2547184967081998,-1.1708182121123012,-1.4315808934781369,0.8723404255320154,0.5999999999994898,10.25
nzdusd_rsi2_m5_usd500000_smaller_stop_and_time_confirmed_rebound_atr_not_compressed,2017-02-06T13:45:00+00:00,2017-02-06T14:25:00+00:00,6985,signal_exit,1.255265957400318,2.2893780000005797,False,True,2400,4.782623038905992,1.3009453925340706,-0.3343489975254042,-4.987679644059106,-2.054417868594958,0.106060606060629,0.3999999999992898,13.75
nzdusd_rsi2_m5_usd500000_smaller_stop_and_time_confirmed_rebound_atr_not_compressed,2017-02-06T14:55:00+00:00,2017-02-06T15:10:00+00:00,6999,stop,-5.882432905405299,-10.732408147063124,True,False,900,4.661033459702691,1.2295159829263553,-0.8079974781490122,-3.675488676866233,-0.40830732419098215,0.6122448979593548,0.49999999999994493,14.916666666666666
nzdusd_rsi2_m5_usd500000_smaller_stop_and_time_confirmed_rebound_atr_not_compressed,2017-02-06T15:20:00+00:00,2017-02-06T15:30:00+00:00,7004,signal_exit,1.7498290978998983,3.1896264999998145,False,True,600,4.674734292916354,1.217377580660124,-0.9417310388848281,-5.058547624779814,-1.5878092162446702,0.4146341463414502,0.40000000000040004,15.333333333333334
nzdusd_rsi2_m5_usd500000_smaller_stop_and_time_confirmed_rebound_atr_not_compressed,2017-02-07T07:40:00+00:00,2017-02-07T08:00:00+00:00,7199,stop,-5.639510471332295,-10.330665820355918,True,False,1200,4.509098228615476,1.070787861012208,1.0211637056536684,-2.0755564441676015,-2.153768859963345,0.7142857142857709,0.40000000000040004,7.666666666666667
nzdusd_rsi2_m5_usd500000_smaller_stop_and_time_confirmed_rebound_atr_not_compressed,2017-02-07T08:25:00+00:00,2017-02-07T08:45:00+00:00,7208,signal_exit,2.3475227103995895,4.28849599999925,False,True,1200,5.790883122475778,1.2990509461137,0.0016788764783027084,-6.270263432870471,-1.525297365302287,0.4827586206896068,0.20000000000020002,8.416666666666666
nzdusd_rsi2_m5_usd500000_smaller_stop_and_time_confirmed_rebound_atr_not_compressed,2017-02-07T09:40:00+00:00,2017-02-07T09:50:00+00:00,7223,signal_exit,-0.005885223750030172,-0.010737500000055047,False,False,600,5.189100725477335,1.1487605489572656,-1.2412574282227542,-7.357164296529447,-1.4782236788096794,0.45238095238076986,0.6000000000006,9.666666666666666
nzdusd_rsi2_m5_usd500000_smaller_stop_and_time_confirmed_rebound_atr_not_compressed,2017-02-07T11:25:00+00:00,2017-02-07T12:05:00+00:00,7244,signal_exit,0.7071678323997694,1.2895109999995793,False,True,2400,4.68086512852605,1.0358324638128658,-1.6341300743850624,-6.858287247444967,-1.2611802881135674,0.7959183673469573,0.49999999999994493,11.416666666666666
nzdusd_rsi2_m5_usd500000_smaller_stop_and_time_confirmed_rebound_atr_not_compressed,2017-02-07T15:15:00+00:00,2017-02-07T15:35:00+00:00,7290,target,4.923858301779596,8.972045010531334,False,True,1200,5.14121594782447,1.1386655613342667,-1.106626660695916,-5.752081814898214,-1.639002892552905,0.7192982456137891,0.40000000000040004,15.25
nzdusd_rsi2_m5_usd500000_smaller_stop_and_time_confirmed_rebound_atr_not_compressed,2017-02-08T09:45:00+00:00,2017-02-08T10:10:00+00:00,7509,signal_exit,1.0347366809994902,1.8888949999990692,False,True,1500,3.9085332382684057,1.018249296156911,-0.14168660015989412,-0.6426295630668472,-0.49538081902769193,0.05714285714290246,0.40000000000040004,9.75
nzdusd_rsi2_m5_usd500000_smaller_stop_and_time_confirmed_rebound_atr_not_compressed,2017-02-08T15:15:00+00:00,2017-02-08T15:55:00+00:00,7575,signal_exit,2.561274041599808,4.687543999999649,False,True,2400,5.233392003295758,1.28577068408153,0.7081778527647327,3.0119881985442594,0.06807336924374917,0.2727272727273339,0.49999999999994493,15.25
nzdusd_rsi2_m5_usd500000_smaller_stop_and_time_confirmed_rebound_atr_not_compressed,2017-02-09T09:15:00+00:00,2017-02-09T09:20:00+00:00,7791,signal_exit,1.4953835087993117,2.6953559999987595,False,True,300,4.773167105384607,1.0742797818295318,-1.8256684866146586,-6.007957575819572,0.3029565840546666,0.5789473684212679,0.49999999999994493,9.25
nzdusd_rsi2_m5_usd500000_smaller_stop_and_time_confirmed_rebound_atr_not_compressed,2017-02-09T15:15:00+00:00,2017-02-09T15:50:00+00:00,7863,signal_exit,0.609976753199655,1.0966859999993797,False,True,2100,7.3601631263052045,1.5543779797833464,-0.5913851488794899,-7.363881104429199,-1.6850979832255735,0.3924731182795567,0.5999999999994898,15.25
nzdusd_rsi2_m5_usd500000_smaller_stop_and_time_confirmed_rebound_atr_not_compressed,2017-02-10T10:00:00+00:00,2017-02-10T10:10:00+00:00,8086,signal_exit,1.2784795869997048,2.2969449999994693,False,True,600,3.681022716259121,1.0187016057074487,-0.4638087254698649,-2.6420763512806418,-1.0999325487043474,0.7307692307695264,0.5999999999994898,10.0
nzdusd_rsi2_m5_usd500000_smaller_stop_and_time_confirmed_rebound_atr_not_compressed,2017-02-10T14:05:00+00:00,2017-02-10T14:40:00+00:00,8135,signal_exit,1.6694757694997853,2.9972634999996144,False,True,2100,3.65802149190189,1.0624895067676907,-0.5734038404585795,-2.9668497685340203,-1.4219853852805244,0.1515151515151617,0.49999999999994493,14.083333333333334
nzdusd_rsi2_m5_usd500000_smaller_stop_and_time_confirmed_rebound_atr_not_compressed,2017-02-10T15:55:00+00:00,2017-02-10T16:05:00+00:00,8157,signal_exit,1.3873896273998163,2.4962029999996695,False,True,600,4.403456601383264,1.196221471932174,-0.047814038643277795,1.3718951056584294,0.4916351117054957,0.75,0.5999999999994898,15.916666666666666
nzdusd_rsi2_m5_usd500000_smaller_stop_and_time_confirmed_rebound_atr_not_compressed,2017-02-13T08:35:00+00:00,2017-02-13T08:50:00+00:00,8343,stop,-4.659468744611903,-8.398465653590309,True,False,900,3.5970769744889464,1.0592330535832373,0.8159601379676895,2.3538591093079333,-0.6330625682143122,0.2592592592593202,0.2999999999997449,8.583333333333334
nzdusd_rsi2_m5_usd500000_smaller_stop_and_time_confirmed_rebound_atr_not_compressed,2017-02-13T09:05:00+00:00,2017-02-13T09:10:00+00:00,8349,stop,-4.636640452721213,-8.348290336192317,True,False,300,3.4722579471239077,1.0251589069135887,0.5960305757881489,-0.004935389664629259,-1.6913201207506512,0.2962962962961897,0.49999999999994493,9.083333333333334
nzdusd_rsi2_m5_usd500000_smaller_stop_and_time_confirmed_rebound_atr_not_compressed,2017-02-13T09:30:00+00:00,2017-02-13T09:35:00+00:00,8354,signal_exit,0.05355132999971646,0.09634999999948984,False,True,300,3.4818579497409265,1.0246563928032322,0.36120628060857796,-1.595379947638971,-1.33045313303197,0.5,0.20000000000020002,9.5
nzdusd_rsi2_m5_usd500000_smaller_stop_and_time_confirmed_rebound_atr_not_compressed,2017-02-13T13:30:00+00:00,2017-02-13T13:40:00+00:00,8402,stop,-4.599560168362359,-8.250332140560285,True,False,600,3.4242641695259874,1.0657585193916117,-1.0214253059068346,-7.214089096609781,-2.2860144513606233,0.07500000000020123,0.49999999999994493,13.5
nzdusd_rsi2_m5_usd500000_smaller_stop_and_time_confirmed_rebound_atr_not_compressed,2017-02-13T13:55:00+00:00,2017-02-13T14:00:00+00:00,8407,signal_exit,1.1147770903498464,1.9981664999997246,False,True,300,3.451436001918342,1.0690226994992795,-1.2855786252019028,-8.314406987777621,-1.6155040603613655,0.03571428571412994,0.7999999999996898,13.916666666666666
nzdusd_rsi2_m5_usd500000_smaller_stop_and_time_confirmed_rebound_atr_not_compressed,2017-02-13T15:25:00+00:00,2017-02-13T15:35:00+00:00,8425,stop,-4.611229233133613,-8.26385167228246,True,False,600,3.4312166787245566,1.0481243510673526,-1.6521142643960385,-7.179463149485156,-1.438745630193944,0.033333333333185305,0.49999999999994493,15.416666666666666
nzdusd_rsi2_m5_usd500000_smaller_stop_and_time_confirmed_rebound_atr_not_compressed,2017-02-13T15:50:00+00:00,2017-02-13T15:55:00+00:00,8430,target,3.1689433460502716,5.673009928482405,False,True,300,3.537157014736617,1.0714761106078288,-1.6979138203948638,-9.271914586702927,-1.7995612877821627,0.6071428571427439,0.49999999999994493,15.833333333333334
nzdusd_rsi2_m5_usd500000_smaller_stop_and_time_confirmed_rebound_atr_not_compressed,2017-02-14T07:25:00+00:00,2017-02-14T07:50:00+00:00,8610,signal_exit,-0.613949914600334,-1.1028380000006,False,False,1500,3.3621263459291675,1.1589180509606187,0.5952835485335981,0.3948833952203222,-1.4011460515754832,0.8571428571428248,0.6000000000006,7.416666666666667
nzdusd_rsi2_m5_usd500000_smaller_stop_and_time_confirmed_rebound_atr_not_compressed,2017-02-14T09:30:00+00:00,2017-02-14T09:40:00+00:00,8635,signal_exit,0.44429588504979656,0.7975154999996348,False,True,600,3.5572778301013668,1.14748880993678,-0.04102302026285637,-1.4930971615505713,-1.2206876654416239,0.2500000000002313,0.49999999999994493,9.5
nzdusd_rsi2_m5_usd500000_smaller_stop_and_time_confirmed_rebound_atr_not_compressed,2017-02-14T10:25:00+00:00,2017-02-14T10:45:00+00:00,8646,signal_exit,1.1674511163995933,2.0970919999992694,False,True,1200,3.4481232122975127,1.1008993371373639,0.041762616042286704,0.23117313787303928,0.28637402636792003,0.4615384615384287,0.49999999999994493,10.416666666666666
nzdusd_rsi2_m5_usd500000_smaller_stop_and_time_confirmed_rebound_atr_not_compressed,2017-02-14T13:40:00+00:00,2017-02-14T14:20:00+00:00,8685,signal_exit,-0.613886385200334,-1.1029220000006,False,False,2400,3.8872488567476395,1.2413297934601373,0.5084647953497171,0.1476917831328286,-1.5315285941074206,0.6938775510204359,0.6000000000006,13.666666666666666
nzdusd_rsi2_m5_usd500000_smaller_stop_and_time_confirmed_rebound_atr_not_compressed,2017-02-14T14:40:00+00:00,2017-02-14T15:00:00+00:00,8697,stop,-5.440420193690646,-9.772624741675312,True,False,1200,4.135080098640618,1.2666511535118363,0.11638220894823527,-0.4894419521653387,-0.6172779570050976,0.5333333333333005,0.6000000000006,14.666666666666666
nzdusd_rsi2_m5_usd500000_smaller_stop_and_time_confirmed_rebound_atr_not_compressed,2017-02-15T07:20:00+00:00,2017-02-15T07:45:00+00:00,8892,signal_exit,-0.11273928215014214,-0.20229550000025506,False,False,1500,3.129351701319774,1.0442994033812767,0.5654851168904067,1.3947639855542302,-1.0053288190163725,0.42105263157902423,0.5999999999994898,7.333333333333333
nzdusd_rsi2_m5_usd500000_smaller_stop_and_time_confirmed_rebound_atr_not_compressed,2017-02-15T10:25:00+00:00,2017-02-15T11:20:00+00:00,8929,signal_exit,-0.057007331600395755,-0.10229200000071013,False,False,3300,3.3946206504216963,1.0621908719491404,0.515861647513216,0.6801783379931495,-1.2229547447050193,0.14285714285725615,0.40000000000040004,10.416666666666666
nzdusd_rsi2_m5_usd500000_smaller_stop_and_time_confirmed_rebound_atr_not_compressed,2017-02-15T13:50:00+00:00,2017-02-15T14:10:00+00:00,8970,signal_exit,1.508484513599927,2.699023999999869,False,True,1200,4.501291988803321,1.374971721100336,0.12150262159452031,-5.7878491342746665,-1.8506866554465693,0.6346153846155284,0.700000000000145,13.833333333333334
nzdusd_rsi2_m5_usd500000_smaller_stop_and_time_confirmed_rebound_atr_not_compressed,2017-02-15T15:50:00+00:00,2017-02-15T16:10:00+00:00,8994,target,6.888946426708904,12.367946906120114,False,True,1200,6.93546019416727,1.6892172540302823,0.027751881669445432,1.1540420989741897,0.16042188501337112,0.04687499999995392,0.6000000000006,15.833333333333334
nzdusd_rsi2_m5_usd500000_smaller_stop_and_time_confirmed_rebound_atr_not_compressed,2017-02-16T09:55:00+00:00,2017-02-16T10:05:00+00:00,9209,stop,-4.9698000752781075,-8.982107491917779,True,False,600,3.73826058507907,1.037677069748623,0.8803508389585086,2.362749246656628,-0.8692869136035942,0.22033898305079325,0.6000000000006,9.916666666666666
nzdusd_rsi2_m5_usd500000_smaller_stop_and_time_confirmed_rebound_atr_not_compressed,2017-02-16T10:15:00+00:00,2017-02-16T10:30:00+00:00,9213,signal_exit,2.4335841074993323,4.3943374999987945,False,True,900,4.087754075657111,1.11539346649405,0.783904434965335,0.7426047521677851,-1.7529918662421358,0.7142857142854877,0.6000000000006,10.25
nzdusd_rsi2_m5_usd500000_smaller_stop_and_time_confirmed_rebound_atr_not_compressed,2017-02-16T13:00:00+00:00,2017-02-16T13:15:00+00:00,9246,signal_exit,1.4924846577993127,2.694501999998759,False,True,900,3.7529755376509835,1.0315906520967968,0.24786521247335178,-0.05619689446814555,-1.0040671685038007,0.42424242424258735,0.49999999999994493,13.0
nzdusd_rsi2_m5_usd500000_smaller_stop_and_time_confirmed_rebound_atr_not_compressed,2017-02-17T10:05:00+00:00,2017-02-17T11:05:00+00:00,9497,holding_bars,-2.060009496500545,-3.7030550000009796,False,False,3600,4.371249969154315,1.2480698929100658,-1.0327917870568657,-5.33952732177421,-1.5240253691620764,0.4038461538461785,0.40000000000040004,10.083333333333334
nzdusd_rsi2_m5_usd500000_smaller_stop_and_time_confirmed_rebound_atr_not_compressed,2017-02-17T11:10:00+00:00,2017-02-17T11:25:00+00:00,9510,signal_exit,0.2207959337995742,0.39682949999923467,False,True,900,3.448050606334457,1.0015765612804166,-0.998299886590857,-4.992582609947806,-1.0216691685697261,0.7916666666667053,0.49999999999994493,11.166666666666666
nzdusd_rsi2_m5_usd500000_smaller_stop_and_time_confirmed_rebound_atr_not_compressed,2017-02-17T15:35:00+00:00,2017-02-17T16:00:00+00:00,9563,signal_exit,0.8330148329998774,1.4968819999997798,False,True,1500,4.040841397277216,1.1358030907795298,-0.5392632891619902,-3.751900516047763,-1.7105895198349301,0.38709677419353683,0.6000000000006,15.583333333333334
nzdusd_rsi2_m5_usd500000_smaller_stop_and_time_confirmed_rebound_atr_not_compressed,2017-02-21T10:20:00+00:00,2017-02-21T10:30:00+00:00,10063,signal_exit,0.6730656098993971,1.2006164999989244,False,True,600,3.002825562952669,1.1808119749294623,-2.403871521185741,-10.905047493343845,-1.5609745651177194,0.21739130434774215,0.30000000000085514,10.333333333333334
nzdusd_rsi2_m5_usd500000_smaller_stop_and_time_confirmed_rebound_atr_not_compressed,2017-02-21T14:45:00+00:00,2017-02-21T14:45:00+00:00,10116,target,2.811662834874079,5.018138202523788,False,True,0,3.2589676651302812,1.2146848521060527,-1.3388752642026955,-5.638382313194205,-0.4427417100786314,0.717948717948864,0.5999999999994898,14.75
nzdusd_rsi2_m5_usd500000_smaller_stop_and_time_confirmed_rebound_atr_not_compressed,2017-02-22T10:10:00+00:00,2017-02-22T11:10:00+00:00,10346,holding_bars,-3.1245933975006777,-5.601637500001215,False,False,3600,3.434156881494268,1.2599217108247587,0.6209165961091248,1.818882442674508,-1.081087254026648,0.10344827586197655,0.5000000000010552,10.166666666666666
nzdusd_rsi2_m5_usd500000_smaller_stop_and_time_confirmed_rebound_atr_not_compressed,2017-02-22T12:00:00+00:00,2017-02-22T13:00:00+00:00,10368,holding_bars,-2.456448407850008,-4.401448500000014,False,False,3600,3.0923810218689822,1.1036978199025862,0.294314568586785,0.3320064224414147,-0.9030193530217406,0.07407407407415022,0.49999999999994493,12.0
nzdusd_rsi2_m5_usd500000_smaller_stop_and_time_confirmed_rebound_atr_not_compressed,2017-02-22T14:15:00+00:00,2017-02-22T14:20:00+00:00,10395,signal_exit,2.0669442023998656,3.6988979999997595,False,True,300,3.628088794375654,1.225306609239982,-0.20950494159870045,-2.524640357928054,-1.6934198005511787,0.6000000000000888,0.5999999999994898,14.25
nzdusd_rsi2_m5_usd500000_smaller_stop_and_time_confirmed_rebound_atr_not_compressed,2017-02-22T15:30:00+00:00,2017-02-22T15:35:00+00:00,10410,stop,-4.981752966032987,-8.916686891055999,True,False,300,3.7579677243983047,1.2155365942283194,-0.2533969724867265,-1.8446888588079196,-0.7773044795090273,0.3636363636364554,0.49999999999994493,15.5
nzdusd_rsi2_m5_usd500000_smaller_stop_and_time_confirmed_rebound_atr_not_compressed,2017-02-23T08:30:00+00:00,2017-02-23T09:25:00+00:00,10607,signal_exit,0.10905529145008058,0.196248500000145,False,True,3300,5.032707400644539,1.3513480517998375,1.0805836696875644,1.3542212010918968,-1.8961322742515978,0.7466666666666449,0.5999999999994898,8.5
nzdusd_rsi2_m5_usd500000_smaller_stop_and_time_confirmed_rebound_atr_not_compressed,2017-02-23T15:00:00+00:00,2017-02-23T15:50:00+00:00,10685,signal_exit,0.6596576749500194,1.193518500000035,False,True,3000,5.058218110718144,1.2539096996932637,1.940503030839533,7.565367112070012,0.03594264983693149,0.04878048780492428,0.49999999999994493,15.0
nzdusd_rsi2_m5_usd500000_smaller_stop_and_time_confirmed_rebound_atr_not_compressed,2017-02-24T09:10:00+00:00,2017-02-24T09:30:00+00:00,10898,signal_exit,0.6048647639996569,1.0937879999993796,False,True,1200,3.0448388448571064,1.0545278145849302,0.7135205788567688,1.9920086219711357,-0.9998006156303559,0.6562499999998157,0.6000000000006,9.166666666666666
nzdusd_rsi2_m5_usd500000_smaller_stop_and_time_confirmed_rebound_atr_not_compressed,2017-02-24T10:10:00+00:00,2017-02-24T10:20:00+00:00,10910,signal_exit,0.10737588785008023,0.19406450000014497,False,True,600,3.06385635719225,1.0545246075132342,0.5713870441390793,0.6159607330795654,-1.455820801377881,0.1515151515151617,0.49999999999994493,10.166666666666666
nzdusd_rsi2_m5_usd500000_smaller_stop_and_time_confirmed_rebound_atr_not_compressed,2017-02-24T11:25:00+00:00,2017-02-24T12:00:00+00:00,10925,stop,-4.581186267941904,-8.263322994123204,True,False,2100,3.4293247734285885,1.1489146569925361,0.08203983705876389,-3.965891098143929,-2.124107868445708,0.5454545454545914,0.49999999999994493,11.416666666666666
nzdusd_rsi2_m5_usd500000_smaller_stop_and_time_confirmed_rebound_atr_not_compressed,2017-02-24T14:15:00+00:00,2017-02-24T14:35:00+00:00,10959,signal_exit,0.2753821547999389,0.49591599999988994,False,True,1200,4.650486922929263,1.3530628110125098,-0.923406195261162,-5.875220913663083,-1.9319986170206187,0.3709677419356138,0.5999999999994898,14.25
nzdusd_rsi2_m5_usd500000_smaller_stop_and_time_confirmed_rebound_atr_not_compressed,2017-02-27T09:45:00+00:00,2017-02-27T09:50:00+00:00,11186,stop,-4.644702448594662,-8.37185012363854,True,False,300,3.4337862443372877,1.1448441674869965,0.35719945217651367,1.5245128175997837,0.094285269472198,0.7,0.6000000000006,9.75
nzdusd_rsi2_m5_usd500000_smaller_stop_and_time_confirmed_rebound_atr_not_compressed,2017-02-27T10:10:00+00:00,2017-02-27T10:35:00+00:00,11191,signal_exit,-1.6683768903004637,-3.0039195000008347,False,False,1500,3.408161956362545,1.1277730372067463,0.27484364267346223,-0.9960122590274477,-1.5382229576426159,0.3823529411766819,0.49999999999994493,10.166666666666666
nzdusd_rsi2_m5_usd500000_smaller_stop_and_time_confirmed_rebound_atr_not_compressed,2017-02-27T15:05:00+00:00,2017-02-27T15:25:00+00:00,11250,signal_exit,0.6630309685500193,1.1952965000000346,False,True,1200,4.114503657785277,1.3352955764640098,0.3229455563646337,2.3247671854297254,0.4701619800880799,0.4782608695651964,0.700000000000145,15.083333333333334
nzdusd_rsi2_m5_usd500000_smaller_stop_and_time_confirmed_rebound_atr_not_compressed,2017-02-28T07:25:00+00:00,2017-02-28T07:55:00+00:00,11441,signal_exit,-0.6136723316003337,-1.1031320000006,False,False,1800,3.1014964289966316,1.1334509430001851,0.000718745810208104,-2.3644054081036354,-1.9324841252211338,0.36734693877565816,0.9999999999998899,7.416666666666667
nzdusd_rsi2_m5_usd500000_smaller_stop_and_time_confirmed_rebound_atr_not_compressed,2017-02-28T15:55:00+00:00,2017-02-28T16:35:00+00:00,11543,signal_exit,1.8232898850002603,3.29411000000047,False,True,2400,5.5734596980433135,1.628526202324618,1.3667393082897386,7.251403829106339,0.5503024643940749,0.4920634920633522,0.700000000000145,15.916666666666666
nzdusd_rsi2_m5_usd500000_smaller_stop_and_time_confirmed_rebound_atr_not_compressed,2017-03-01T07:15:00+00:00,2017-03-01T07:15:00+00:00,11726,stop,-7.121276079312221,-12.666801990950232,True,False,0,5.534669458906093,1.2128503911755792,-1.9537720845115125,-12.879509428159832,-2.3761659029550914,0.3163265306122842,0.700000000000145,7.25
nzdusd_rsi2_m5_usd500000_smaller_stop_and_time_confirmed_rebound_atr_not_compressed,2017-03-02T08:35:00+00:00,2017-03-02T09:35:00+00:00,12026,holding_bars,-5.339516425800691,-9.497539000001229,False,False,3600,4.4180108229660195,1.0876726169901112,-0.5003763324020861,-5.792428793835519,-2.1870946750838693,0.29090909090895145,0.5000000000010552,8.583333333333334
nzdusd_rsi2_m5_usd500000_smaller_stop_and_time_confirmed_rebound_atr_not_compressed,2017-03-02T09:50:00+00:00,2017-03-02T10:25:00+00:00,12041,signal_exit,1.5222468095993011,2.702852999998759,False,True,2100,5.073935690614602,1.2074818352773378,-1.0460792575020128,-7.606235304935466,-1.6336208608036282,0.09411764705891573,0.700000000000145,9.833333333333334
nzdusd_rsi2_m5_usd500000_smaller_stop_and_time_confirmed_rebound_atr_not_compressed,2017-03-02T12:35:00+00:00,2017-03-02T12:45:00+00:00,12074,signal_exit,2.53898872999969,4.5033499999994495,False,True,600,4.149973281423465,1.0113035024236334,-1.462443412509716,-7.5841428821367725,-1.740494997354944,0.3333333333333333,0.40000000000040004,12.583333333333334
nzdusd_rsi2_m5_usd500000_smaller_stop_and_time_confirmed_rebound_atr_not_compressed,2017-03-02T14:20:00+00:00,2017-03-02T14:40:00+00:00,12095,stop,-5.98658948108839,-10.603240313652833,True,False,1200,4.653923544150323,1.1156565372281282,-1.7096065215005547,-8.472468552860514,-1.5788899692880325,0.6034482758619766,0.40000000000040004,14.333333333333334
nzdusd_rsi2_m5_usd500000_smaller_stop_and_time_confirmed_rebound_atr_not_compressed,2017-03-02T14:55:00+00:00,2017-03-02T15:10:00+00:00,12102,signal_exit,2.4339096077995754,4.304756999999249,False,True,900,4.63464544947493,1.102771522219521,-1.9084787762984914,-10.070834513820955,-1.6192632151468556,0.6451612903226731,0.6000000000006,14.916666666666666
nzdusd_rsi2_m5_usd500000_smaller_stop_and_time_confirmed_rebound_atr_not_compressed,2017-03-03T07:55:00+00:00,2017-03-03T08:25:00+00:00,12302,signal_exit,0.2320801949495647,0.4079454999992348,False,True,1800,3.963200971847198,1.0478723821137437,-1.400583719038853,-7.262666161702705,-1.7084193798003287,0.6363636363636058,0.2999999999997449,7.916666666666667
nzdusd_rsi2_m5_usd500000_smaller_stop_and_time_confirmed_rebound_atr_not_compressed,2017-03-03T09:55:00+00:00,2017-03-03T10:25:00+00:00,12326,signal_exit,-1.0194639643504237,-1.7919915000007447,False,False,1800,4.027584531188789,1.0518548398119285,-1.4241524050723757,-5.749575970682625,-0.7260755812467181,0.5370370370370751,0.49999999999994493,9.916666666666666
nzdusd_rsi2_m5_usd500000_smaller_stop_and_time_confirmed_rebound_atr_not_compressed,2017-03-03T14:40:00+00:00,2017-03-03T15:40:00+00:00,12383,holding_bars,-3.5276622843004017,-6.191053500000705,False,False,3600,4.646385304617455,1.184934064752348,-0.4647767274461051,-5.983316609864898,-1.9723131797561335,0.3777777777777339,0.0999999999995449,14.666666666666666
nzdusd_rsi2_m5_usd500000_smaller_stop_and_time_confirmed_rebound_atr_not_compressed,2017-03-06T10:15:00+00:00,2017-03-06T10:25:00+00:00,12613,stop,-5.710713645517523,-10.045230686926162,True,False,600,4.426620525181068,1.1206441402199554,0.5806264427359705,1.98852999602235,-0.2906135484931556,0.5714285714283827,0.30000000000085514,10.25
nzdusd_rsi2_m5_usd500000_smaller_stop_and_time_confirmed_rebound_atr_not_compressed,2017-03-06T10:40:00+00:00,2017-03-06T11:10:00+00:00,12618,signal_exit,0.517245237600165,0.9084040000002898,False,True,1800,4.329958712619931,1.0935465348715845,0.46837768519512674,-0.8067513116842061,-1.909511428987159,0.08888888888896565,0.2999999999997449,10.666666666666666
nzdusd_rsi2_m5_usd500000_smaller_stop_and_time_confirmed_rebound_atr_not_compressed,2017-03-06T14:45:00+00:00,2017-03-06T15:00:00+00:00,12667,target,3.7375509575590695,6.549064232624968,False,True,900,3.96989681270085,1.084340195855183,-0.13128330882601208,-4.647769205174793,-2.136631895162559,0.1454545454545051,0.49999999999994493,14.75
nzdusd_rsi2_m5_usd500000_smaller_stop_and_time_confirmed_rebound_atr_not_compressed,2017-03-07T08:10:00+00:00,2017-03-07T08:25:00+00:00,12874,stop,-5.520695663555463,-9.654941699117634,True,False,900,4.18287625022733,1.1698480885099196,-0.17072133558548974,-2.9591754667053434,-1.593445200998011,0.22222222222203947,0.40000000000040004,8.166666666666666
nzdusd_rsi2_m5_usd500000_smaller_stop_and_time_confirmed_rebound_atr_not_compressed,2017-03-07T08:35:00+00:00,2017-03-07T09:05:00+00:00,12879,signal_exit,0.69329206125002,1.2109905000000347,False,True,1800,4.3263208253547125,1.1938622109082497,-0.40152120213094694,-4.925989329656373,-1.800600442903732,0.1454545454545051,0.40000000000040004,8.583333333333334
nzdusd_rsi2_m5_usd500000_smaller_stop_and_time_confirmed_rebound_atr_not_compressed,2017-03-07T09:30:00+00:00,2017-03-07T09:30:00+00:00,12890,stop,-6.075091160554091,-10.609659728526182,True,False,0,4.610608985577471,1.2273172025097494,-0.8109310226233039,-4.834444705027992,-0.9342489648851304,0.5517241379310939,0.49999999999994493,9.5
nzdusd_rsi2_m5_usd500000_smaller_stop_and_time_confirmed_rebound_atr_not_compressed,2017-03-07T14:55:00+00:00,2017-03-07T15:35:00+00:00,12955,signal_exit,-0.05066433239977072,-0.08840399999959994,False,False,2400,4.530219991344743,1.1406772107015197,-0.654635281945563,-4.151505897175625,-1.5928734487478757,0.4,0.49999999999994493,14.916666666666666
nzdusd_rsi2_m5_usd500000_smaller_stop_and_time_confirmed_rebound_atr_not_compressed,2017-03-08T07:40:00+00:00,2017-03-08T07:40:00+00:00,13152,stop,-4.207045414167076,-7.3344585323693785,True,False,0,3.1733640839269985,1.0290503909252697,-0.015651771713219208,0.7001307311598869,0.4285776656652872,0.5094339622642142,0.10000000000065512,7.666666666666667
nzdusd_rsi2_m5_usd500000_smaller_stop_and_time_confirmed_rebound_atr_not_compressed,2017-03-08T08:15:00+00:00,2017-03-08T08:25:00+00:00,13159,stop,-6.000476041372859,-10.421111568900413,True,False,600,4.517654652363081,1.356203631428567,-0.272274318682336,-6.923606349226386,-1.9396372918733782,0.1521739130435045,0.49999999999994493,8.25
nzdusd_rsi2_m5_usd500000_smaller_stop_and_time_confirmed_rebound_atr_not_compressed,2017-03-08T09:15:00+00:00,2017-03-08T09:50:00+00:00,13171,signal_exit,-3.3304495166001753,-5.786048500000304,False,False,2100,5.108058606703163,1.4210023483573828,-0.8459993946697318,-5.440519557226907,-0.8473201300773627,0.7551020408163034,0.20000000000020002,9.25
nzdusd_rsi2_m5_usd500000_smaller_stop_and_time_confirmed_rebound_atr_not_compressed,2017-03-08T13:30:00+00:00,2017-03-08T13:40:00+00:00,13222,signal_exit,2.951184207999388,5.114703999998939,False,True,600,4.6432532375014235,1.2594002153323727,-1.240022571764643,-7.119384978654244,-1.7635257936242257,0.542372881355929,0.40000000000040004,13.5
nzdusd_rsi2_m5_usd500000_smaller_stop_and_time_confirmed_rebound_atr_not_compressed,2017-03-08T14:15:00+00:00,2017-03-08T14:30:00+00:00,13231,signal_exit,1.9133764415996302,3.3149279999993593,False,True,900,4.948085557244574,1.2917262758550723,-1.3761097425569424,-6.873558869487546,-1.2851293524661511,0.44642857142851833,0.2999999999997449,14.25
nzdusd_rsi2_m5_usd500000_smaller_stop_and_time_confirmed_rebound_atr_not_compressed,2017-03-08T15:10:00+00:00,2017-03-08T15:35:00+00:00,13242,stop,-5.681093821312317,-9.84421039908563,True,False,1500,4.329760991176932,1.129884001290458,-1.4887062941098692,-5.923825708637012,-0.584115237584023,0.4347826086955892,0.30000000000085514,15.166666666666666
nzdusd_rsi2_m5_usd500000_smaller_stop_and_time_confirmed_rebound_atr_not_compressed,2017-03-09T08:55:00+00:00,2017-03-09T09:10:00+00:00,13452,signal_exit,0.8218745830494925,1.4172694999991247,False,True,900,3.5757987985564927,1.1886134566323225,-1.1286540594245327,-4.801782542970732,-0.708205562288838,0.5111111111109357,0.49999999999994493,8.916666666666666
nzdusd_rsi2_m5_usd500000_smaller_stop_and_time_confirmed_rebound_atr_not_compressed,2017-03-09T15:15:00+00:00,2017-03-09T16:05:00+00:00,13528,stop,-5.859535355461515,-10.113109001486908,True,False,3000,4.365202032814346,1.1571706828450676,0.0894960290799458,-1.7294681048980194,-1.9053067901087997,0.25000000000034694,0.49999999999994493,15.25
nzdusd_rsi2_m5_usd500000_smaller_stop_and_time_confirmed_rebound_atr_not_compressed,2017-03-10T10:45:00+00:00,2017-03-10T11:20:00+00:00,13752,signal_exit,1.165547413099199,2.0158204999986147,False,True,2100,3.320147326507542,1.109479638129008,0.7938219631094194,2.3180580461136366,-0.8784282060897424,0.23529411764728933,0.49999999999994493,10.75
nzdusd_rsi2_m5_usd500000_smaller_stop_and_time_confirmed_rebound_atr_not_compressed,2017-03-10T11:50:00+00:00,2017-03-10T12:10:00+00:00,13765,signal_exit,0.2982899107999364,0.5158939999998899,False,True,1200,3.2308603625630523,1.077347070487212,0.7575057378355782,1.860390308215132,-1.082852598469753,0.34782608695637485,0.49999999999994493,11.833333333333334
nzdusd_rsi2_m5_usd500000_smaller_stop_and_time_confirmed_rebound_atr_not_compressed,2017-03-10T14:55:00+00:00,2017-03-10T15:00:00+00:00,13802,signal_exit,2.031645013500387,3.5155650000006697,False,True,300,6.6530883535831595,1.6191002184160341,0.7631383594051551,1.2621957581252015,-0.8033941876828715,0.2812499999997723,0.49999999999994493,14.916666666666666
nzdusd_rsi2_m5_usd500000_smaller_stop_and_time_confirmed_rebound_atr_not_compressed,2017-03-13T07:55:00+00:00,2017-03-13T08:20:00+00:00,14013,signal_exit,1.6804972404000402,2.9144940000000696,False,True,1500,3.6082867145066335,1.088001476254254,0.9024963157800139,1.0568369725378148,-1.5879578266970777,0.3333333333330592,0.49999999999994493,7.916666666666667
nzdusd_rsi2_m5_usd500000_smaller_stop_and_time_confirmed_rebound_atr_not_compressed,2017-03-13T10:30:00+00:00,2017-03-13T10:55:00+00:00,14044,signal_exit,0.12364973774944357,0.2144834999990348,False,True,1500,3.5157815700738153,1.0516202740969722,0.5928134515999135,0.8190097983351751,-1.7583566460688496,0.5,0.40000000000040004,10.5
nzdusd_rsi2_m5_usd500000_smaller_stop_and_time_confirmed_rebound_atr_not_compressed,2017-03-13T11:55:00+00:00,2017-03-13T12:55:00+00:00,14061,holding_bars,-3.047465347800207,-5.285233000000359,False,False,3600,3.4000227218214585,1.0175230652421208,0.3074002510283071,0.2354946354218425,-0.9162306730157984,0.6774193548390216,0.3999999999992898,11.916666666666666
nzdusd_rsi2_m5_usd500000_smaller_stop_and_time_confirmed_rebound_atr_not_compressed,2017-03-14T08:15:00+00:00,2017-03-14T08:20:00+00:00,14302,target,3.148680500716859,5.430632115758639,False,True,300,3.4067830452860695,1.1954354528828364,-1.0838767107704634,-8.714737451165357,-1.8097002367627821,0.20689655172433594,0.49999999999994493,8.25
nzdusd_rsi2_m5_usd500000_smaller_stop_and_time_confirmed_rebound_atr_not_compressed,2017-03-14T13:25:00+00:00,2017-03-14T13:40:00+00:00,14364,signal_exit,2.6713940719500604,4.616198500000104,False,True,900,3.381775120383403,1.1120673749912604,-0.41972330402706587,-2.2345864161177564,-0.720544952005929,0.866666666666198,0.20000000000020002,13.416666666666666
nzdusd_rsi2_m5_usd500000_smaller_stop_and_time_confirmed_rebound_atr_not_compressed,2017-03-15T09:50:00+00:00,2017-03-15T10:50:00+00:00,14602,holding_bars,-1.432273592599873,-2.4857229999997794,False,False,3600,3.145330258041871,1.1448114208309559,0.857945415959987,2.6442165228275694,-0.8933674712106796,0.32258064516133655,0.49999999999994493,9.833333333333334
nzdusd_rsi2_m5_usd500000_smaller_stop_and_time_confirmed_rebound_atr_not_compressed,2017-03-15T14:10:00+00:00,2017-03-15T14:25:00+00:00,14654,signal_exit,3.0573073439995047,5.313359999999139,False,True,900,3.793997234165451,1.271981716583362,0.9678193118769133,3.961867037936097,0.17919515566033037,0.16666666666643537,0.40000000000040004,14.166666666666666
nzdusd_rsi2_m5_usd500000_smaller_stop_and_time_confirmed_rebound_atr_not_compressed,2017-03-16T08:15:00+00:00,2017-03-16T09:00:00+00:00,14868,stop,-7.163029682057877,-12.555704964168058,True,False,2700,5.582759128653325,1.174742405443641,0.6276948657112543,2.303435695944504,-0.20919031247275344,0.14285714285702958,0.49999999999994493,8.25
nzdusd_rsi2_m5_usd500000_smaller_stop_and_time_confirmed_rebound_atr_not_compressed,2017-03-16T09:55:00+00:00,2017-03-16T10:45:00+00:00,14888,stop,-6.2964570125200785,-11.029001598388648,True,False,3000,4.919562733890084,1.0432059032378005,0.3550094245782845,1.0159194995715388,-0.14190042127962219,0.5227272727274218,0.2999999999997449,9.916666666666666
nzdusd_rsi2_m5_usd500000_smaller_stop_and_time_confirmed_rebound_atr_not_compressed,2017-03-16T12:35:00+00:00,2017-03-16T12:55:00+00:00,14920,signal_exit,4.931506241549807,8.610976499999664,False,True,1200,5.6318237204289945,1.1801797543892327,-0.36348603827532855,-3.35060855655658,-1.9428405891863403,0.0666666666666091,0.6000000000006,12.583333333333334
nzdusd_rsi2_m5_usd500000_smaller_stop_and_time_confirmed_rebound_atr_not_compressed,2017-03-17T07:35:00+00:00,2017-03-17T07:45:00+00:00,15145,signal_exit,1.2666117327999569,2.2112634999999243,False,True,600,3.2682813262635215,1.0694293067015324,0.307133557526374,-2.4318188874250795,-1.9401008102927215,0.18181818181836532,0.2999999999997449,7.583333333333333
nzdusd_rsi2_m5_usd500000_smaller_stop_and_time_confirmed_rebound_atr_not_compressed,2017-03-17T12:30:00+00:00,2017-03-17T12:50:00+00:00,15204,signal_exit,2.3999532684998313,4.208967499999704,False,True,1200,4.132611867116674,1.189452855753588,1.61070627310344,4.724867442226286,-1.2744440560864663,0.2592592592593202,0.2999999999997449,12.5
nzdusd_rsi2_m5_usd500000_smaller_stop_and_time_confirmed_rebound_atr_not_compressed,2017-03-20T07:55:00+00:00,2017-03-20T08:10:00+00:00,15428,stop,-6.450815369849851,-11.38111391998915,True,False,900,5.043825993903804,1.5023997663914346,1.5666763174903824,6.832315085221948,0.43136504775488327,0.8000000000000556,0.40000000000040004,7.916666666666667
nzdusd_rsi2_m5_usd500000_smaller_stop_and_time_confirmed_rebound_atr_not_compressed,2017-03-20T09:20:00+00:00,2017-03-20T10:10:00+00:00,15445,signal_exit,-0.5071992255002273,-0.8924850000004,False,False,3000,4.256491688231586,1.22688284185467,1.0595966151773955,0.6365212354887516,-1.3857543750729566,0.5999999999999445,0.2999999999997449,9.333333333333334
nzdusd_rsi2_m5_usd500000_smaller_stop_and_time_confirmed_rebound_atr_not_compressed,2017-03-21T15:15:00+00:00,2017-03-21T15:30:00+00:00,15797,stop,-7.478054559665479,-13.214445237083368,True,False,900,5.810135223274337,1.5659643617098535,1.3888129984152726,3.1804486255357753,-0.8292260774487924,0.2,0.700000000000145,15.25
nzdusd_rsi2_m5_usd500000_smaller_stop_and_time_confirmed_rebound_atr_not_compressed,2017-03-22T08:45:00+00:00,2017-03-22T08:55:00+00:00,16003,stop,-5.753638697974823,-10.122517061883924,True,False,600,4.365230063994077,1.2464073915777438,-0.047547943662757705,-1.7380381409002181,-1.6925266972121873,0.3030303030303234,0.49999999999994493,8.75
nzdusd_rsi2_m5_usd500000_smaller_stop_and_time_confirmed_rebound_atr_not_compressed,2017-03-22T09:15:00+00:00,2017-03-22T09:55:00+00:00,16009,signal_exit,0.4600260169997922,0.8081974999996349,False,True,2400,4.315223535680974,1.2131085382417843,-0.2939365722823133,-4.024466374529298,-1.6159382888488685,0.4761904761905769,0.3999999999992898,9.25
nzdusd_rsi2_m5_usd500000_smaller_stop_and_time_confirmed_rebound_atr_not_compressed,2017-03-23T09:25:00+00:00,2017-03-23T09:55:00+00:00,16296,stop,-4.552838794707104,-8.015561258287155,True,False,1800,3.3615507834207454,1.0223990113911026,0.03275033579815285,-1.847410594841871,-1.5521259074672018,0.3939393939393532,0.40000000000040004,9.416666666666666
nzdusd_rsi2_m5_usd500000_smaller_stop_and_time_confirmed_rebound_atr_not_compressed,2017-03-23T15:45:00+00:00,2017-03-23T16:00:00+00:00,16372,signal_exit,1.4240776719998123,2.5071789999996694,False,True,900,3.972840453589597,1.1092388131140447,0.16308695697049655,-1.477932381950515,-1.457761608052128,0.4285714285715041,0.40000000000040004,15.75
nzdusd_rsi2_m5_usd500000_smaller_stop_and_time_confirmed_rebound_atr_not_compressed,2017-03-24T07:05:00+00:00,2017-03-24T07:10:00+00:00,16550,signal_exit,0.8057439964994998,1.4101224999991246,False,True,300,3.0709405560465375,1.0827983413948055,-1.8073218793026966,-8.973941827889213,-1.8437785315548307,0.15384615384612757,0.20000000000020002,7.083333333333333
nzdusd_rsi2_m5_usd500000_smaller_stop_and_time_confirmed_rebound_atr_not_compressed,2017-03-24T08:20:00+00:00,2017-03-24T08:35:00+00:00,16565,signal_exit,2.7457592497501735,4.8095275000003035,False,True,900,3.5646806801612936,1.1890813921383896,-1.4253364264276533,-5.551317418977289,-0.17679881366936054,0.20588235294121487,0.3999999999992898,8.333333333333334
nzdusd_rsi2_m5_usd500000_smaller_stop_and_time_confirmed_rebound_atr_not_compressed,2017-03-24T14:10:00+00:00,2017-03-24T14:20:00+00:00,16635,signal_exit,2.5144940467499457,4.409072499999905,False,True,600,3.2251531505652538,1.0474409462152388,-0.2552132574552584,-2.055383890536186,-1.4005377132679315,0.13043478260861172,0.40000000000040004,14.166666666666666
nzdusd_rsi2_m5_usd500000_smaller_stop_and_time_confirmed_rebound_atr_not_compressed,2017-03-27T12:55:00+00:00,2017-03-27T13:10:00+00:00,16901,signal_exit,-0.10998140615077315,-0.19421050000136528,False,False,900,3.0690641616525425,1.0168310524227178,1.1296283799401938,3.815596045894785,-0.7208655583408319,0.5277777777778034,0.40000000000040004,12.916666666666666
nzdusd_rsi2_m5_usd500000_smaller_stop_and_time_confirmed_rebound_atr_not_compressed,2017-03-27T13:40:00+00:00,2017-03-27T13:40:00+00:00,16910,stop,-4.34403548780738,-7.668200331522295,True,False,0,3.2871817171207813,1.077540830525573,1.1251889025726993,2.9631089853777874,-1.3364917578781788,0.11666666666668209,0.20000000000020002,13.666666666666666
nzdusd_rsi2_m5_usd500000_smaller_stop_and_time_confirmed_rebound_atr_not_compressed,2017-03-27T13:50:00+00:00,2017-03-27T14:10:00+00:00,16912,stop,-5.077094074236187,-8.952731571567954,True,False,1200,3.8297638275173593,1.219567866137142,0.9721004636925463,0.14372872257497935,-2.4167795435947603,0.7777777777779605,0.40000000000040004,13.833333333333334
nzdusd_rsi2_m5_usd500000_smaller_stop_and_time_confirmed_rebound_atr_not_compressed,2017-03-27T14:20:00+00:00,2017-03-27T14:55:00+00:00,16918,signal_exit,0.060667925999710465,0.10688499999948989,False,True,2100,4.3301848627240105,1.330506950036392,0.5291077860165282,-1.6054315165156072,-1.4778619921017646,0.7361111111110983,0.49999999999994493,14.333333333333334
nzdusd_rsi2_m5_usd500000_smaller_stop_and_time_confirmed_rebound_atr_not_compressed,2017-03-28T08:55:00+00:00,2017-03-28T09:00:00+00:00,17134,signal_exit,0.6314226751996467,1.1085369999993797,False,True,300,3.451927530351721,1.2176192130828232,-1.652720025787612,-6.026270554719712,-0.0771063583096743,0.03448275862053124,0.49999999999994493,8.916666666666666
nzdusd_rsi2_m5_usd500000_smaller_stop_and_time_confirmed_rebound_atr_not_compressed,2017-03-28T14:15:00+00:00,2017-03-28T14:25:00+00:00,17198,signal_exit,2.279651713199718,4.007826499999504,False,True,600,3.722944850801834,1.2247975843245802,-0.05616638392655228,-0.9602876597750089,-0.7868779087018735,0.7857142857141158,0.20000000000020002,14.25
nzdusd_rsi2_m5_usd500000_smaller_stop_and_time_confirmed_rebound_atr_not_compressed,2017-03-29T12:05:00+00:00,2017-03-29T12:30:00+00:00,17452,signal_exit,-1.134410852249906,-1.9912424999998348,False,False,1500,3.227904111023976,1.080783828305361,0.5814092220745625,0.6584166791333671,-1.1849611270033726,0.35416666666664737,0.49999999999994493,12.083333333333334
nzdusd_rsi2_m5_usd500000_smaller_stop_and_time_confirmed_rebound_atr_not_compressed,2017-03-29T13:30:00+00:00,2017-03-29T13:35:00+00:00,17469,signal_exit,0.9725465759999886,1.7083199999999799,False,True,300,3.1888559546176776,1.0542034460717256,0.3440813558758635,1.9081135964326057,0.7821746295599634,0.8484848484848893,0.3999999999992898,13.5
nzdusd_rsi2_m5_usd500000_smaller_stop_and_time_confirmed_rebound_atr_not_compressed,2017-03-29T14:20:00+00:00,2017-03-29T14:25:00+00:00,17479,signal_exit,1.5418027398999257,2.7082429999998694,False,True,300,3.304147208259686,1.0789454931267537,0.5122666733097022,1.8356051143954162,-0.37188177701937725,0.0714285714286564,0.2999999999997449,14.333333333333334
nzdusd_rsi2_m5_usd500000_smaller_stop_and_time_confirmed_rebound_atr_not_compressed,2017-03-29T15:05:00+00:00,2017-03-29T15:15:00+00:00,17488,signal_exit,1.0294427026497295,1.8082604999995247,False,True,600,3.430164450625584,1.1037609386626102,0.5988110407836776,1.6189814927873607,-1.0723814861363863,0.5624999999998915,0.40000000000040004,15.083333333333334
nzdusd_rsi2_m5_usd500000_smaller_stop_and_time_confirmed_rebound_atr_not_compressed,2017-03-29T15:55:00+00:00,2017-03-29T16:05:00+00:00,17498,signal_exit,1.2005053085995843,2.1083689999992696,False,True,600,3.3288335978343353,1.0686760433764235,0.5426957538784407,0.8616100700282661,-1.266259139367443,0.5714285714282316,0.40000000000040004,15.916666666666666
nzdusd_rsi2_m5_usd500000_smaller_stop_and_time_confirmed_rebound_atr_not_compressed,2017-03-30T15:30:00+00:00,2017-03-30T16:00:00+00:00,17776,stop,-4.922007076599052,-8.65179658393224,True,False,1800,3.630061094104245,1.1911875142498178,0.6256092145301886,1.817563712613364,-0.732032260863029,0.433333333333099,0.49999999999994493,15.5
nzdusd_rsi2_m5_usd500000_smaller_stop_and_time_confirmed_rebound_atr_not_compressed,2017-03-31T07:50:00+00:00,2017-03-31T08:25:00+00:00,17968,signal_exit,-1.0238621551497908,-1.7890304999996345,False,False,2100,3.3093860794108383,1.1643331163050907,-0.7565527270296635,-3.7263732207362747,-1.203794796001466,0.75,0.49999999999994493,7.833333333333333
nzdusd_rsi2_m5_usd500000_smaller_stop_and_time_confirmed_rebound_atr_not_compressed,2017-03-31T10:10:00+00:00,2017-03-31T11:00:00+00:00,17996,signal_exit,-0.050852606000406614,-0.08881000000071011,False,False,3000,3.021403327769505,1.0606269278761375,-0.8443879366332334,-4.07848795068744,-1.5428005016561062,0.6666666666664769,0.40000000000040004,10.166666666666666
nzdusd_rsi2_m5_usd500000_smaller_stop_and_time_confirmed_rebound_atr_not_compressed,2017-03-31T14:15:00+00:00,2017-03-31T14:40:00+00:00,18045,stop,-4.903211053935373,-8.567553824804076,True,False,1500,3.5894082916918832,1.2021309263915512,-0.5157412300316829,-1.552092253022577,0.1856630801514759,0.681818181818113,0.49999999999994493,14.25
nzdusd_rsi2_m5_usd500000_smaller_stop_and_time_confirmed_rebound_atr_not_compressed,2017-04-03T15:10:00+00:00,2017-04-03T15:20:00+00:00,18336,signal_exit,0.29141498829993706,0.5100909999998898,False,True,600,3.0476370125194396,1.1504034107219911,0.0050132548598151375,-0.7283244222342932,-0.7599186976557653,0.23076923076900085,0.49999999999994493,15.166666666666666
nzdusd_rsi2_m5_usd500000_smaller_stop_and_time_confirmed_rebound_atr_not_compressed,2017-04-04T13:05:00+00:00,2017-04-04T13:25:00+00:00,18588,signal_exit,0.1787343011998222,0.31176399999968984,False,True,1200,3.4236016254314054,1.1924671012173318,-0.9381360519735935,-5.006161181343069,-1.600367672055468,0.6341463414632033,0.30000000000085514,13.083333333333334
nzdusd_rsi2_m5_usd500000_smaller_stop_and_time_confirmed_rebound_atr_not_compressed,2017-04-04T14:10:00+00:00,2017-04-04T14:20:00+00:00,18601,signal_exit,1.2109135741995813,2.1118129999992696,False,True,600,3.2994302768300754,1.139158804957288,-1.0304584590964994,-4.994473432601493,-1.0471726536616734,0.46341463414637446,0.49999999999994493,14.166666666666666
nzdusd_rsi2_m5_usd500000_smaller_stop_and_time_confirmed_rebound_atr_not_compressed,2017-04-05T12:25:00+00:00,2017-04-05T13:15:00+00:00,18856,stop,-5.296307941389971,-9.233451780665918,True,False,3000,3.9729184424779245,1.524211643961049,-0.2336080314894952,-2.125985730430928,-1.4951584819984733,0.47619047619040905,0.40000000000040004,12.416666666666666
nzdusd_rsi2_m5_usd500000_smaller_stop_and_time_confirmed_rebound_atr_not_compressed,2017-04-05T13:30:00+00:00,2017-04-05T14:05:00+00:00,18869,signal_exit,1.5590904118992872,2.71287699999876,False,True,2100,3.90510889899757,1.4044882210807454,-0.5058028881506951,-6.2454830637934355,-1.905035596156421,0.25,0.5000000000010552,13.5
nzdusd_rsi2_m5_usd500000_smaller_stop_and_time_confirmed_rebound_atr_not_compressed,2017-04-05T15:20:00+00:00,2017-04-05T16:20:00+00:00,18891,holding_bars,-3.670476431649882,-6.386769499999794,False,False,3600,3.2108274562836145,1.1239985401471553,-1.2737088390957685,-5.1048552195187655,-0.8055657476209691,0.07692307692274845,0.49999999999994493,15.333333333333334
nzdusd_rsi2_m5_usd500000_smaller_stop_and_time_confirmed_rebound_atr_not_compressed,2017-04-06T07:15:00+00:00,2017-04-06T08:10:00+00:00,19074,signal_exit,0.35096909624967587,0.6119774999994348,False,True,3300,3.165336842399029,1.099402904324335,0.47684605324296314,0.05431711384692438,-2.2223311414970492,0.11999999999991118,0.30000000000085514,7.25
nzdusd_rsi2_m5_usd500000_smaller_stop_and_time_confirmed_rebound_atr_not_compressed,2017-04-06T14:25:00+00:00,2017-04-06T14:50:00+00:00,19160,signal_exit,0.4079389884000515,0.7116870000000899,False,True,1500,3.319387775321202,1.0880280843981498,0.3374642178003961,0.5528535915900492,-0.7331591474824295,0.7812499999999458,0.2999999999997449,14.416666666666666
nzdusd_rsi2_m5_usd500000_smaller_stop_and_time_confirmed_rebound_atr_not_compressed,2017-04-07T13:10:00+00:00,2017-04-07T13:15:00+00:00,19424,stop,-7.747084210380036,-13.491961355590448,True,False,300,6.052492765041715,1.8862536089410864,-0.09006162443173574,-2.1167171612959046,-0.9356048619246894,0.051724137930988276,0.49999999999994493,13.166666666666666
nzdusd_rsi2_m5_usd500000_smaller_stop_and_time_confirmed_rebound_atr_not_compressed,2017-04-07T13:35:00+00:00,2017-04-07T13:45:00+00:00,19429,signal_exit,1.7329128862497782,3.0132374999996143,False,True,600,6.0451019222098825,1.8009620827927528,-0.2113956286647801,-5.110768869907978,-1.44200781761457,0.6744186046513009,0.40000000000040004,13.583333333333334
nzdusd_rsi2_m5_usd500000_smaller_stop_and_time_confirmed_rebound_atr_not_compressed,2017-04-07T15:00:00+00:00,2017-04-07T15:20:00+00:00,19446,signal_exit,0.46682608079979027,0.8127194999996349,False,True,1200,4.01531728562159,1.1979679730646526,-0.6999623485623166,-2.14396889900149,0.3939014906428955,0.24999999999970263,0.30000000000085514,15.0
nzdusd_rsi2_m5_usd500000_smaller_stop_and_time_confirmed_rebound_atr_not_compressed,2017-04-13T13:50:00+00:00,2017-04-13T14:40:00+00:00,20555,signal_exit,0.5764711276492719,1.0097584999987246,False,True,3000,3.3129987144548148,1.015449868360941,1.1693777878426668,3.2861640729550947,-1.2003579629819268,0.24999999999991326,0.40000000000040004,13.833333333333334
nzdusd_rsi2_m5_usd500000_smaller_stop_and_time_confirmed_rebound_atr_not_compressed,2017-04-19T07:25:00+00:00,2017-04-19T07:40:00+00:00,21584,signal_exit,0.7448225908997607,1.3083129999995795,False,True,900,3.2542229161999074,1.2522145862804228,-0.4258249248952103,-5.2617634238621935,-1.515323607640531,0.45238095238091464,0.6000000000006,7.416666666666667
nzdusd_rsi2_m5_usd500000_smaller_stop_and_time_confirmed_rebound_atr_not_compressed,2017-04-19T08:50:00+00:00,2017-04-19T09:05:00+00:00,21601,signal_exit,0.6322403298996464,1.1089989999993797,False,True,900,3.0812619986047403,1.1642155772861407,-1.2941888215314976,-7.744490582688953,-1.7542335532077453,0.5555555555559325,0.2999999999997449,8.833333333333334
nzdusd_rsi2_m5_usd500000_smaller_stop_and_time_confirmed_rebound_atr_not_compressed,2017-04-19T15:55:00+00:00,2017-04-19T16:40:00+00:00,21686,signal_exit,1.8898661079996344,3.3097479999993595,False,True,2700,3.092754450786688,1.1363718450467923,-1.4426723735327684,-7.625083587769398,-1.8373914252318444,0.1521739130435045,0.40000000000040004,15.916666666666666
nzdusd_rsi2_m5_usd500000_smaller_stop_and_time_confirmed_rebound_atr_not_compressed,2017-04-20T07:35:00+00:00,2017-04-20T07:40:00+00:00,21870,stop,-4.467219000047762,-7.8689783337110475,True,False,300,3.2881132508191397,1.1725798206181701,1.3357311337511957,4.705764166750799,-0.2364634376005187,0.16071428571414764,0.40000000000040004,7.583333333333333
nzdusd_rsi2_m5_usd500000_smaller_stop_and_time_confirmed_rebound_atr_not_compressed,2017-04-20T08:20:00+00:00,2017-04-20T09:00:00+00:00,21879,stop,-4.547684019802232,-7.992414797543466,True,False,2400,3.3003936625499937,1.1581421210685414,0.9425278393121183,-1.0968039311077429,-1.7085678378801235,0.22857142857136514,0.49999999999994493,8.333333333333334
nzdusd_rsi2_m5_usd500000_smaller_stop_and_time_confirmed_rebound_atr_not_compressed,2017-04-20T09:15:00+00:00,2017-04-20T09:25:00+00:00,21890,stop,-5.091416647853885,-8.937013599883947,True,False,600,3.723010605312955,1.259079114083034,0.019470451508091915,-3.750911002159527,-1.4607432757402188,0.30000000000009514,0.5999999999994898,9.25
nzdusd_rsi2_m5_usd500000_smaller_stop_and_time_confirmed_rebound_atr_not_compressed,2017-04-20T09:35:00+00:00,2017-04-20T10:00:00+00:00,21894,signal_exit,0.6319387440996466,1.1088589999993799,False,True,1500,3.9879348682408913,1.3163045794638144,-0.3547176062046489,-4.3997138578097665,-1.3342837859888719,0.641025641025568,0.49999999999994493,9.583333333333334
nzdusd_rsi2_m5_usd500000_smaller_stop_and_time_confirmed_rebound_atr_not_compressed,2017-04-20T10:45:00+00:00,2017-04-20T11:00:00+00:00,21908,signal_exit,0.6889466959500198,1.2088905000000347,False,True,900,3.3066601737476544,1.098661623716631,-0.9194888207923103,-3.944809542171281,-0.4447513754140746,0.742857142857016,0.20000000000020002,10.75
nzdusd_rsi2_m5_usd500000_smaller_stop_and_time_confirmed_rebound_atr_not_compressed,2017-04-24T10:15:00+00:00,2017-04-24T11:00:00+00:00,22464,stop,-4.200307670822533,-7.38970385436758,True,False,2700,3.0987756343308637,1.1484323553553875,0.6316791923599007,1.4700453251841277,-0.6835547246397052,0.3200000000003553,0.2999999999997449,10.25
nzdusd_rsi2_m5_usd500000_smaller_stop_and_time_confirmed_rebound_atr_not_compressed,2017-04-25T07:20:00+00:00,2017-04-25T07:20:00+00:00,22711,stop,-5.244337588643414,-9.141254294306107,True,False,0,3.926874087746419,1.7080409467854891,-2.2634918103780777,-15.229877391273288,-2.457131260875627,0.24285714285713605,0.3999999999992898,7.333333333333333
nzdusd_rsi2_m5_usd500000_smaller_stop_and_time_confirmed_rebound_atr_not_compressed,2017-04-25T07:30:00+00:00,2017-04-25T07:50:00+00:00,22713,stop,-5.828563980178224,-10.150755799683427,True,False,1200,4.381845514434468,1.8232021420719093,-2.3435156921693823,-16.673846285560433,-2.04554852734287,0.7560975609753786,0.49999999999994493,7.5
nzdusd_rsi2_m5_usd500000_smaller_stop_and_time_confirmed_rebound_atr_not_compressed,2017-04-25T08:00:00+00:00,2017-04-25T08:40:00+00:00,22719,signal_exit,-1.1996857977002817,-2.08677300000049,False,False,2400,4.4586273265288,1.7555373608007783,-2.7531075409083665,-17.99958182573763,-1.4795506730563732,0.23333333333332099,0.49999999999994493,8.0
nzdusd_rsi2_m5_usd500000_smaller_stop_and_time_confirmed_rebound_atr_not_compressed,2017-04-25T15:35:00+00:00,2017-04-25T16:00:00+00:00,22810,signal_exit,-1.8328284963999566,-3.1864194999999245,False,False,1500,3.1127104772923095,1.1218479971777024,-1.7871712441975502,-8.992048224057342,-1.5721889181052204,0.6153846153845497,0.2999999999997449,15.583333333333334
nzdusd_rsi2_m5_usd500000_smaller_stop_and_time_confirmed_rebound_atr_not_compressed,2017-04-26T09:45:00+00:00,2017-04-26T10:45:00+00:00,23021,holding_bars,-2.1325704840005675,-3.6831960000009802,False,False,3600,3.358043159907485,1.0583266740044035,-2.161892585054687,-8.827056439173885,-1.032927353938397,0.6538461538460717,0.49999999999994493,9.75
nzdusd_rsi2_m5_usd500000_smaller_stop_and_time_confirmed_rebound_atr_not_compressed,2017-04-26T11:50:00+00:00,2017-04-26T12:05:00+00:00,23046,stop,-4.796996009022437,-8.274962927414935,True,False,900,3.546219331384011,1.1192437827116584,-1.9687974221833366,-9.030181059866077,-1.4209456236535238,0.5151515151514438,0.2999999999997449,11.833333333333334
nzdusd_rsi2_m5_usd500000_smaller_stop_and_time_confirmed_rebound_atr_not_compressed,2017-04-26T12:25:00+00:00,2017-04-26T12:55:00+00:00,23053,signal_exit,2.6811077435000605,4.617822500000104,False,True,1800,3.9968723523418257,1.2231749992143661,-2.049762636474943,-11.523658764433643,-1.8165178497099415,0.25714285714290247,0.2999999999997449,12.416666666666666
nzdusd_rsi2_m5_usd500000_smaller_stop_and_time_confirmed_rebound_atr_not_compressed,2017-04-26T13:40:00+00:00,2017-04-26T14:40:00+00:00,23068,holding_bars,-0.9184903304996718,-1.5819674999994344,False,False,3600,4.289747729373695,1.2435947999409782,-2.238157238496917,-9.50460797172553,-0.7952690863000486,0.686274509803832,0.2999999999997449,13.666666666666666
nzdusd_rsi2_m5_usd500000_smaller_stop_and_time_confirmed_rebound_atr_not_compressed,2017-04-26T15:10:00+00:00,2017-04-26T15:40:00+00:00,23086,stop,-5.199216922423228,-8.948738248576985,True,False,1800,3.8336613024340362,1.1044106010867527,-2.0880071436914966,-9.121684276193433,-1.8331571493061694,0.5517241379311797,0.3999999999992898,15.166666666666666
nzdusd_rsi2_m5_usd500000_smaller_stop_and_time_confirmed_rebound_atr_not_compressed,2017-04-27T13:05:00+00:00,2017-04-27T13:25:00+00:00,23346,stop,-5.607700921568367,-9.635224951148396,True,False,1200,4.077361183215787,1.331348601289014,-1.684584709846345,-8.813759451735052,-1.4888167074462393,0.34375000000006506,0.5999999999994898,13.083333333333334
nzdusd_rsi2_m5_usd500000_smaller_stop_and_time_confirmed_rebound_atr_not_compressed,2017-04-27T13:50:00+00:00,2017-04-27T14:25:00+00:00,23355,signal_exit,-0.04651098160041428,-0.07972400000071012,False,False,2100,4.730632819939994,1.4499200887773152,-2.040506166790343,-12.169024223593139,-1.7899681724335077,0.46969696969702324,0.49999999999994493,13.833333333333334
nzdusd_rsi2_m5_usd500000_smaller_stop_and_time_confirmed_rebound_atr_not_compressed,2017-04-27T15:40:00+00:00,2017-04-27T16:10:00+00:00,23377,signal_exit,1.060783861649723,1.8198384999995245,False,True,1800,3.948170083687411,1.1697746460171663,-2.2627765916744127,-8.118059703582299,0.013848197203622516,0.18749999999978317,0.30000000000085514,15.666666666666666
nzdusd_rsi2_m5_usd500000_smaller_stop_and_time_confirmed_rebound_atr_not_compressed,2017-04-28T12:55:00+00:00,2017-04-28T13:40:00+00:00,23628,signal_exit,1.352211419999691,2.3197999999994696,False,True,2700,3.7363059817834836,1.3525727240646592,-0.5216512707969898,-5.370278232213331,-1.7128165034140712,0.636363636363774,0.49999999999994493,12.916666666666666
nzdusd_rsi2_m5_usd500000_smaller_stop_and_time_confirmed_rebound_atr_not_compressed,2017-04-28T14:15:00+00:00,2017-04-28T14:55:00+00:00,23644,target,4.249174996509833,7.287214879968844,False,True,2400,4.183692869235224,1.382934023178742,-1.009306075138401,-5.045814826346092,-1.1712220093550867,0.2499999999997687,0.20000000000020002,14.25
nzdusd_rsi2_m5_usd500000_smaller_stop_and_time_confirmed_rebound_atr_not_compressed,2017-04-28T15:35:00+00:00,2017-04-28T16:15:00+00:00,23660,signal_exit,-0.9205745537503175,-1.580385500000545,False,False,2400,3.6817830102430857,1.1829118293401544,-0.8396410859773324,-2.015832458322279,0.7660811310521223,0.27777777777781204,0.2999999999997449,15.583333333333334
nzdusd_rsi2_m5_usd500000_smaller_stop_and_time_confirmed_rebound_atr_not_compressed,2017-05-02T07:05:00+00:00,2017-05-02T07:25:00+00:00,24113,target,2.9202331644320685,5.04793978294221,False,True,1200,3.1159587000263045,1.196086396652221,0.2329025398127133,-0.18948827524753728,-1.0486389290873044,0.3142857142856962,0.30000000000085514,7.083333333333333
nzdusd_rsi2_m5_usd500000_smaller_stop_and_time_confirmed_rebound_atr_not_compressed,2017-05-03T11:00:00+00:00,2017-05-03T11:20:00+00:00,24442,signal_exit,0.35605034474967323,0.6158974999994348,False,True,1200,3.005698970391404,1.0437103968504313,-1.2340308628762198,-7.358234745094733,-1.1478150262117481,0.7560975609756494,0.5999999999994898,11.0
nzdusd_rsi2_m5_usd500000_smaller_stop_and_time_confirmed_rebound_atr_not_compressed,2017-05-03T12:50:00+00:00,2017-05-03T13:50:00+00:00,24464,holding_bars,-2.1290489026999246,-3.6841129999998694,False,False,3600,3.5689530623265333,1.1885017965955764,-1.1596682550725905,-5.250677152334827,-1.1027379053084627,0.43749999999976147,0.49999999999994493,12.833333333333334
nzdusd_rsi2_m5_usd500000_smaller_stop_and_time_confirmed_rebound_atr_not_compressed,2017-05-03T14:30:00+00:00,2017-05-03T15:00:00+00:00,24484,signal_exit,1.1678318807498407,2.0166324999997247,False,True,1800,4.5431744167202375,1.3763308734235038,-1.3020669738509756,-7.754130566293772,-2.168145758433991,0.06896551724144531,0.49999999999994493,14.5
nzdusd_rsi2_m5_usd500000_smaller_stop_and_time_confirmed_rebound_atr_not_compressed,2017-05-04T11:35:00+00:00,2017-05-04T12:15:00+00:00,24734,stop,-4.3109146121903335,-7.404525269993702,True,False,2400,3.0620353062320183,1.0231412506130584,-0.7321049028990053,-5.0967715971361836,-1.141081089422489,0.6521739130435412,0.40000000000040004,11.583333333333334
nzdusd_rsi2_m5_usd500000_smaller_stop_and_time_confirmed_rebound_atr_not_compressed,2017-05-04T14:25:00+00:00,2017-05-04T14:25:00+00:00,24768,target,4.699475326892438,8.041538889275218,False,True,0,4.660364057379767,1.3385398245666598,-1.9260896469282045,-9.33151268666335,-1.6682306732957513,0.27586206896539844,0.40000000000040004,14.416666666666666
nzdusd_rsi2_m5_usd500000_smaller_stop_and_time_confirmed_rebound_atr_not_compressed,2017-05-04T15:30:00+00:00,2017-05-04T15:40:00+00:00,24781,signal_exit,2.055664910299743,3.5205769999995598,False,True,600,4.583900268417784,1.2560362652855224,-1.696537322715127,-6.556267107088983,-0.3467882740714825,0.33333333333347037,0.49999999999994493,15.5
nzdusd_rsi2_m5_usd500000_smaller_stop_and_time_confirmed_rebound_atr_not_compressed,2017-05-05T07:05:00+00:00,2017-05-05T07:45:00+00:00,24966,signal_exit,1.1728332583498402,2.018298499999725,False,True,2400,4.117524102524534,1.238977527268028,0.15240106556386385,3.003608957470228,1.053450731222781,0.5576923076921558,0.49999999999994493,7.083333333333333
nzdusd_rsi2_m5_usd500000_smaller_stop_and_time_confirmed_rebound_atr_not_compressed,2017-05-05T08:45:00+00:00,2017-05-05T08:55:00+00:00,24986,signal_exit,1.1121198399994603,1.9174479999990692,False,True,600,4.04754818957925,1.1705778802326694,1.09168801221708,5.44378657415251,0.6375216508000118,0.33333333333310905,0.5000000000010552,8.75
nzdusd_rsi2_m5_usd500000_smaller_stop_and_time_confirmed_rebound_atr_not_compressed,2017-05-05T09:25:00+00:00,2017-05-05T09:35:00+00:00,24994,signal_exit,1.1118590871001042,1.9173290000001795,False,True,600,3.7336657285577584,1.0830720955231177,1.3325357167480525,5.469166278364162,0.02741744739422785,0.8484848484848383,0.49999999999994493,9.416666666666666
nzdusd_rsi2_m5_usd500000_smaller_stop_and_time_confirmed_rebound_atr_not_compressed,2017-05-08T12:30:00+00:00,2017-05-08T12:40:00+00:00,25313,stop,-4.580806149882837,-7.930758569741752,True,False,600,3.2732570988691236,1.0158645665184614,0.7893617048230763,0.023774234982432776,-1.5707254956871648,0.06976744186041708,0.49999999999994493,12.5
nzdusd_rsi2_m5_usd500000_smaller_stop_and_time_confirmed_rebound_atr_not_compressed,2017-05-08T12:50:00+00:00,2017-05-08T13:00:00+00:00,25317,signal_exit,1.1653579711498407,2.0158414999997243,False,True,600,3.371475322803033,1.0406648519686676,0.49035554130351383,-1.9282071772450358,-1.7136579708072868,0.586206896551711,0.7999999999996898,12.833333333333334
nzdusd_rsi2_m5_usd500000_smaller_stop_and_time_confirmed_rebound_atr_not_compressed,2017-05-08T14:55:00+00:00,2017-05-08T15:05:00+00:00,25342,signal_exit,1.7437676500991353,3.0158554999985046,False,True,600,3.4748842921303424,1.0394504065938495,0.008246518018872943,-1.9524999241013106,-1.8321771142846914,0.5454545454548207,0.40000000000040004,14.916666666666666
nzdusd_rsi2_m5_usd500000_smaller_stop_and_time_confirmed_rebound_atr_not_compressed,2017-05-08T15:25:00+00:00,2017-05-08T16:00:00+00:00,25348,stop,-4.80120789866127,-8.302278918660331,True,False,2100,3.509296784717386,1.0457489781054237,-0.12754935298774553,-2.1207715868698127,-1.428768640167831,0.22500000000004858,0.40000000000040004,15.416666666666666
nzdusd_rsi2_m5_usd500000_smaller_stop_and_time_confirmed_rebound_atr_not_compressed,2017-05-09T08:30:00+00:00,2017-05-09T08:50:00+00:00,25548,signal_exit,1.6340650299996604,2.817353499999414,False,True,1200,3.0848189527949517,1.0116568298937658,-1.4688470876131838,-4.5439738618254495,0.4163112572402288,0.28571428571394586,0.49999999999994493,8.5
nzdusd_rsi2_m5_usd500000_smaller_stop_and_time_confirmed_rebound_atr_not_compressed,2017-05-09T09:40:00+00:00,2017-05-09T09:50:00+00:00,25562,signal_exit,2.7391657113997967,4.71781899999965,False,True,600,3.320022791072486,1.0773500663698365,-1.0230303146382316,-6.369873713252179,-1.8984845869935,0.32000000000013323,0.5999999999994898,9.666666666666666
nzdusd_rsi2_m5_usd500000_smaller_stop_and_time_confirmed_rebound_atr_not_compressed,2017-05-09T12:05:00+00:00,2017-05-09T12:15:00+00:00,25591,stop,-5.255497259563129,-9.073717644273358,True,False,600,3.845432162262039,1.1995866540193572,-0.3592756956981075,-0.4147261757409464,0.28347124817042785,0.025000000000166535,0.49999999999994493,12.083333333333334
nzdusd_rsi2_m5_usd500000_smaller_stop_and_time_confirmed_rebound_atr_not_compressed,2017-05-09T12:30:00+00:00,2017-05-09T13:15:00+00:00,25596,signal_exit,-0.10583141365014795,-0.18243650000025505,False,False,2700,4.292769463286775,1.2969972067508708,-0.31002655312270455,-3.346899148234966,-1.2216493030241824,0.8113207547170127,0.2999999999997449,12.5
nzdusd_rsi2_m5_usd500000_smaller_stop_and_time_confirmed_rebound_atr_not_compressed,2017-05-10T11:45:00+00:00,2017-05-10T11:50:00+00:00,25874,stop,-5.117071374407049,-8.883804469456681,True,False,300,3.74912120397014,1.1663840165847137,2.0821736642557043,8.766320643971076,0.4428143890805129,0.26829268292694813,0.49999999999994493,11.75
nzdusd_rsi2_m5_usd500000_smaller_stop_and_time_confirmed_rebound_atr_not_compressed,2017-05-10T12:00:00+00:00,2017-05-10T12:15:00+00:00,25877,signal_exit,2.024849772799746,3.5141439999995594,False,True,900,4.07282043918458,1.2417074801451997,2.053068996204377,7.756190445478926,0.0054941829866559854,0.5483870967741473,0.49999999999994493,12.0
nzdusd_rsi2_m5_usd500000_smaller_stop_and_time_confirmed_rebound_atr_not_compressed,2017-05-10T12:40:00+00:00,2017-05-10T12:50:00+00:00,25885,signal_exit,1.5069358369995474,2.6143924999992145,False,True,600,3.6510749250736065,1.1138282105218142,2.0214597885738477,6.244740797244435,-1.1257873906600524,0.09523809523764208,0.40000000000040004,12.666666666666666
nzdusd_rsi2_m5_usd500000_smaller_stop_and_time_confirmed_rebound_atr_not_compressed,2017-05-10T13:50:00+00:00,2017-05-10T13:55:00+00:00,25899,signal_exit,1.5632904959999248,2.714045999999869,False,True,300,3.9066338299371526,1.1586928592853638,1.7620653050862385,6.518958696988407,-0.11435527271932205,0.5957446808512247,0.2999999999997449,13.833333333333334
nzdusd_rsi2_m5_usd500000_smaller_stop_and_time_confirmed_rebound_atr_not_compressed,2017-05-11T12:40:00+00:00,2017-05-11T12:55:00+00:00,26172,signal_exit,1.5911224760999239,2.7212629999998694,False,True,900,4.582544653278492,1.1709800733725304,-0.8847620060415149,-4.967989414026204,-1.8490614065709867,0.04444444444448831,0.5999999999994898,12.666666666666666
nzdusd_rsi2_m5_usd500000_smaller_stop_and_time_confirmed_rebound_atr_not_compressed,2017-05-12T09:05:00+00:00,2017-05-12T09:10:00+00:00,26412,signal_exit,0.9465130360002539,1.6207415000004348,False,True,300,3.638779529199672,1.1837205188171824,0.04825263661440137,0.321309593046885,-0.3154739353689846,0.10526315789453694,0.49999999999994493,9.083333333333334
nzdusd_rsi2_m5_usd500000_smaller_stop_and_time_confirmed_rebound_atr_not_compressed,2017-05-12T09:55:00+00:00,2017-05-12T10:05:00+00:00,26422,signal_exit,0.42079804520005254,0.7206680000000899,False,True,600,3.4411983384189844,1.108716285335006,0.3211769530905371,0.661969095663671,-0.6327369501382906,0.692307692307561,0.3999999999992898,9.916666666666666
nzdusd_rsi2_m5_usd500000_smaller_stop_and_time_confirmed_rebound_atr_not_compressed,2017-05-12T11:25:00+00:00,2017-05-12T11:35:00+00:00,26440,signal_exit,0.5965746822499034,1.0210074999998346,False,True,600,3.115421018912287,1.013879625142875,0.08582474762031649,-0.9661873364210213,-1.329959145901439,0.7241379310342188,0.40000000000040004,11.416666666666666
nzdusd_rsi2_m5_usd500000_smaller_stop_and_time_confirmed_rebound_atr_not_compressed,2017-05-12T13:40:00+00:00,2017-05-12T14:40:00+00:00,26467,holding_bars,-3.0222239542504754,-5.179475500000814,False,False,3600,5.621317833768377,1.5377261835394291,0.5348657125073492,1.3713398401436894,-0.41061087712262245,0.5918367346939145,0.49999999999994493,13.666666666666666
nzdusd_rsi2_m5_usd500000_smaller_stop_and_time_confirmed_rebound_atr_not_compressed,2017-05-15T10:15:00+00:00,2017-05-15T10:20:00+00:00,26700,signal_exit,0.8198131881994933,1.4164014999991246,False,True,300,3.4904222265637452,1.131039766546396,2.1783219163058143,10.172882049162107,0.5735542744644224,0.6666666666668722,0.40000000000040004,10.25
nzdusd_rsi2_m5_usd500000_smaller_stop_and_time_confirmed_rebound_atr_not_compressed,2017-05-15T11:35:00+00:00,2017-05-15T11:45:00+00:00,26716,signal_exit,-0.10624250220014761,-0.18355650000025503,False,False,600,3.2903742052235745,1.0558807080262878,2.475328158026337,8.546943087664932,-0.919387311718061,0.03571428571412994,0.30000000000085514,11.583333333333334
nzdusd_rsi2_m5_usd500000_smaller_stop_and_time_confirmed_rebound_atr_not_compressed,2017-05-15T13:25:00+00:00,2017-05-15T13:35:00+00:00,26738,stop,-4.820611019522265,-8.327191258459605,True,False,600,3.47200539941857,1.093104077734507,1.9582641148668918,6.123938934801584,-1.1359446083327864,0.3809523809523558,0.49999999999994493,13.416666666666666
nzdusd_rsi2_m5_usd500000_smaller_stop_and_time_confirmed_rebound_atr_not_compressed,2017-05-15T14:00:00+00:00,2017-05-15T14:15:00+00:00,26745,signal_exit,0.7054442010000203,1.2171225000000347,False,True,900,3.7164345882052086,1.147183356289123,1.6371327565143456,2.856724847102916,-1.6527066538946513,0.3255813953489573,0.700000000000145,14.0
nzdusd_rsi2_m5_usd500000_smaller_stop_and_time_confirmed_rebound_atr_not_compressed,2017-05-16T07:45:00+00:00,2017-05-16T08:15:00+00:00,26954,signal_exit,0.9393565139002525,1.617906500000435,False,True,1800,3.2787426923629863,1.2101169697344494,0.4161768550733312,-1.4679992840239404,-2.245555893153281,0.14999999999988897,0.2999999999997449,7.75
nzdusd_rsi2_m5_usd500000_smaller_stop_and_time_confirmed_rebound_atr_not_compressed,2017-05-16T09:15:00+00:00,2017-05-16T09:20:00+00:00,26972,signal_exit,2.3390530529997116,4.018991499999505,False,True,300,3.429495825328288,1.2258652575483684,-0.605989241329834,-6.849119909968452,-1.5786815159675547,0.8750000000000346,0.49999999999994493,9.25
nzdusd_rsi2_m5_usd500000_smaller_stop_and_time_confirmed_rebound_atr_not_compressed,2017-05-16T10:35:00+00:00,2017-05-16T11:10:00+00:00,26988,signal_exit,0.3604371931503172,0.619201500000545,False,True,2100,3.3021053998278664,1.1497291557728246,-1.304234343262908,-6.244627205682888,-0.9938016369979539,0.8039215686274765,0.3999999999992898,10.583333333333334
nzdusd_rsi2_m5_usd500000_smaller_stop_and_time_confirmed_rebound_atr_not_compressed,2017-05-16T14:25:00+00:00,2017-05-16T14:40:00+00:00,27034,signal_exit,1.3468846579996918,2.3182179999994696,False,True,900,3.7795792648927584,1.2067336041577346,0.10175575360959872,-0.7336160464784118,-1.433450354771588,0.38235294117648017,0.40000000000040004,14.416666666666666
nzdusd_rsi2_m5_usd500000_smaller_stop_and_time_confirmed_rebound_atr_not_compressed,2017-05-17T07:05:00+00:00,2017-05-17T07:10:00+00:00,27226,stop,-6.165456972243246,-10.665035412979147,True,False,300,4.590667379847409,1.443839336453982,1.6095917171914178,6.4090386959697145,-0.16843468079575283,0.75,0.6000000000006,7.083333333333333
nzdusd_rsi2_m5_usd500000_smaller_stop_and_time_confirmed_rebound_atr_not_compressed,2017-05-17T07:35:00+00:00,2017-05-17T08:25:00+00:00,27232,signal_exit,-3.120295828650588,-5.3826045000010145,False,False,3000,5.061565470309697,1.5099361878651882,1.4745062284504384,0.5568311533142645,-1.8563574435534052,0.8709677419353683,0.40000000000040004,7.583333333333333
nzdusd_rsi2_m5_usd500000_smaller_stop_and_time_confirmed_rebound_atr_not_compressed,2017-05-17T13:20:00+00:00,2017-05-17T13:25:00+00:00,27301,signal_exit,1.2301959647995757,2.1181059999992695,False,True,300,3.7690030571278803,1.1110174716048622,-0.25740562150661694,-2.7045109870662185,-1.505660500092112,0.6060606060609832,0.49999999999994493,13.333333333333334
nzdusd_rsi2_m5_usd500000_smaller_stop_and_time_confirmed_rebound_atr_not_compressed,2017-05-18T08:00:00+00:00,2017-05-18T08:15:00+00:00,27521,signal_exit,0.9320416038496102,1.6150434999993246,False,True,900,3.706753894615668,1.082364494402485,0.11602448485947366,-0.39543626829637324,-0.9115369085263733,0.08695652173923538,0.49999999999994493,8.0
nzdusd_rsi2_m5_usd500000_smaller_stop_and_time_confirmed_rebound_atr_not_compressed,2017-05-18T09:55:00+00:00,2017-05-18T10:25:00+00:00,27544,signal_exit,1.8564792872998928,3.2152394999998144,False,True,1800,4.942753954446108,1.3292160928346397,0.11734622285129968,-1.4264200158787679,-1.444080485990829,0.8518518518519052,0.3999999999992898,9.916666666666666
nzdusd_rsi2_m5_usd500000_smaller_stop_and_time_confirmed_rebound_atr_not_compressed,2017-05-18T15:05:00+00:00,2017-05-18T15:10:00+00:00,27606,signal_exit,1.0497541579497254,1.8158694999995248,False,True,300,4.889924810022912,1.1793473580410565,-0.46282499586391324,-2.829773014528805,-0.9326646746531873,0.19047619047612754,0.49999999999994493,15.083333333333334
nzdusd_rsi2_m5_usd500000_smaller_stop_and_time_confirmed_rebound_atr_not_compressed,2017-05-22T08:20:00+00:00,2017-05-22T08:30:00+00:00,28089,stop,-4.6259477814308765,-8.043727667242004,True,False,600,3.3286865876511875,1.2408250267021543,1.7750335460152744,7.924561795616782,0.3072943563884214,0.05882352941182233,0.49999999999994493,8.333333333333334
nzdusd_rsi2_m5_usd500000_smaller_stop_and_time_confirmed_rebound_atr_not_compressed,2017-05-22T08:40:00+00:00,2017-05-22T08:50:00+00:00,28093,signal_exit,0.8715073253998732,1.5138219999997797,False,True,600,3.4590774060263882,1.2664441616918725,1.8186819822299185,4.912046000946104,-1.8515538329744954,0.10714285714274385,0.40000000000040004,8.666666666666666
nzdusd_rsi2_m5_usd500000_smaller_stop_and_time_confirmed_rebound_atr_not_compressed,2017-05-22T13:10:00+00:00,2017-05-22T13:35:00+00:00,28147,signal_exit,1.0389076224997273,1.8118374999995246,False,True,1500,3.7095233787549295,1.2478772461207648,2.6346734884337253,9.448766201389748,-0.3857607666039139,0.4242424242424446,0.2999999999997449,13.166666666666666
nzdusd_rsi2_m5_usd500000_smaller_stop_and_time_confirmed_rebound_atr_not_compressed,2017-05-23T10:25:00+00:00,2017-05-23T10:30:00+00:00,28399,signal_exit,1.709849877749781,3.0076514999996147,False,True,300,3.5832613343914526,1.0786215610849277,1.7718151705321645,6.411646673575195,-0.20205411037168627,0.7368421052629273,0.40000000000040004,10.416666666666666
nzdusd_rsi2_m5_usd500000_smaller_stop_and_time_confirmed_rebound_atr_not_compressed,2017-05-23T14:20:00+00:00,2017-05-23T14:35:00+00:00,28446,stop,-4.637605501321154,-8.160488300758672,True,False,900,3.4341533457458504,1.0644927946569966,1.6975576546101945,3.973739298292687,-2.007978030158603,0.322580645161221,0.40000000000040004,14.333333333333334
nzdusd_rsi2_m5_usd500000_smaller_stop_and_time_confirmed_rebound_atr_not_compressed,2017-05-23T14:45:00+00:00,2017-05-23T15:20:00+00:00,28451,signal_exit,-0.6780127284000824,-1.1920055000001448,False,False,2100,3.5685635044215425,1.0951578640006807,1.4036548418701453,2.0192602127097237,-1.7068856143892042,0.7352941176472894,0.1999999999990898,14.75
nzdusd_rsi2_m5_usd500000_smaller_stop_and_time_confirmed_rebound_atr_not_compressed,2017-05-23T15:50:00+00:00,2017-05-23T16:25:00+00:00,28464,stop,-5.655209931130157,-9.92664548206101,True,False,2100,4.367892867280719,1.279302946046795,0.47891906334820195,-1.685720004691446,-1.7144031615988546,0.8026315789472684,0.2999999999997449,15.833333333333334
nzdusd_rsi2_m5_usd500000_smaller_stop_and_time_confirmed_rebound_atr_not_compressed,2017-05-24T14:35:00+00:00,2017-05-24T14:45:00+00:00,28735,stop,-4.743613123337839,-8.333824882884468,True,False,600,3.5212446850059984,1.2049985368216294,0.9640083712606954,0.8397598771916345,-1.8494007176349267,0.179487179487216,0.40000000000040004,14.583333333333334
nzdusd_rsi2_m5_usd500000_smaller_stop_and_time_confirmed_rebound_atr_not_compressed,2017-05-24T15:50:00+00:00,2017-05-24T16:10:00+00:00,28750,signal_exit,0.40412144999941835,0.7089849999989796,False,True,1200,3.5225701522619945,1.1521781156015833,0.067985838069288,-1.9890080023866443,-0.9424427483901195,0.6249999999997398,0.40000000000040004,15.833333333333334
nzdusd_rsi2_m5_usd500000_smaller_stop_and_time_confirmed_rebound_atr_not_compressed,2017-05-25T07:20:00+00:00,2017-05-25T08:10:00+00:00,28930,signal_exit,-0.22299838875025874,-0.3922575000004551,False,False,3000,3.59274562189331,1.114239579368373,0.515776801554715,-2.129547638169593,-1.650797607813476,0.5199999999999112,0.40000000000040004,7.333333333333333
nzdusd_rsi2_m5_usd500000_smaller_stop_and_time_confirmed_rebound_atr_not_compressed,2017-05-25T14:15:00+00:00,2017-05-25T14:30:00+00:00,29013,stop,-5.2084799101366865,-9.174704791503764,True,False,900,3.9910273317080467,1.1344719430540797,0.3134484486960587,1.9358707184983803,0.30610222228124223,0.40384615384596495,0.30000000000085514,14.25
nzdusd_rsi2_m5_usd500000_smaller_stop_and_time_confirmed_rebound_atr_not_compressed,2017-05-25T15:30:00+00:00,2017-05-25T16:05:00+00:00,29028,signal_exit,3.126856998199625,5.506968999999339,False,True,2100,4.58777865076606,1.2277283945969946,0.5085899820260754,1.0154503145418978,-0.844394232151174,0.03448275862091408,0.49999999999994493,15.5
nzdusd_rsi2_m5_usd500000_smaller_stop_and_time_confirmed_rebound_atr_not_compressed,2017-05-26T12:05:00+00:00,2017-05-26T12:25:00+00:00,29268,target,3.4943474952053455,6.170488248640907,False,True,1200,3.6824502600795594,1.1006218766594766,1.6257744160919336,6.84487101009326,0.43254025237584953,0.4062499999999024,0.2999999999997449,12.083333333333334
nzdusd_rsi2_m5_usd500000_smaller_stop_and_time_confirmed_rebound_atr_not_compressed,2017-05-26T13:55:00+00:00,2017-05-26T14:00:00+00:00,29290,signal_exit,2.045604814800122,3.606496500000215,False,True,300,5.149803949709897,1.3447710535795827,1.302939065826109,1.713401742908671,-1.5295346215660583,0.16981132075477232,0.3999999999992898,13.916666666666666
nzdusd_rsi2_m5_usd500000_smaller_stop_and_time_confirmed_rebound_atr_not_compressed,2017-05-30T07:10:00+00:00,2017-05-30T07:25:00+00:00,29763,signal_exit,1.9294114757500083,3.405845500000014,False,True,900,3.246213539731794,1.1461082690171671,-0.022354911120215443,1.208464928823289,0.4524508305963076,0.47222222222234217,0.49999999999994493,7.166666666666667
nzdusd_rsi2_m5_usd500000_smaller_stop_and_time_confirmed_rebound_atr_not_compressed,2017-05-30T09:55:00+00:00,2017-05-30T10:15:00+00:00,29796,signal_exit,1.1356146004992154,2.005677499998614,False,True,1200,3.3804178969231686,1.1037092709079346,0.47805071470287713,1.5605566562575,-0.10339606324779255,0.968750000000141,0.40000000000040004,9.916666666666666
nzdusd_rsi2_m5_usd500000_smaller_stop_and_time_confirmed_rebound_atr_not_compressed,2017-05-30T12:35:00+00:00,2017-05-30T13:05:00+00:00,29828,signal_exit,2.1521586212002344,3.8050895000004146,False,True,1800,4.107518730000214,1.290481327964891,0.9431047813027827,2.752994278282083,-1.1714003595789875,0.2647058823530372,0.3999999999992898,12.583333333333334
nzdusd_rsi2_m5_usd500000_smaller_stop_and_time_confirmed_rebound_atr_not_compressed,2017-05-31T11:55:00+00:00,2017-05-31T12:40:00+00:00,30103,target,2.798772853262884,4.97294394680683,False,True,2700,3.1351832048162405,1.0355238451315159,1.362462250688132,2.5815872949326004,-1.9100344992931466,0.5714285714282316,0.40000000000040004,11.916666666666666
nzdusd_rsi2_m5_usd500000_smaller_stop_and_time_confirmed_rebound_atr_not_compressed,2017-05-31T14:25:00+00:00,2017-05-31T15:00:00+00:00,30133,signal_exit,1.7483406263995265,3.1031959999991594,False,True,2100,4.417139563997706,1.3366305220573242,0.437136137915378,-0.6371511006602222,-1.4914541830126056,0.11940298507458977,0.40000000000040004,14.416666666666666
nzdusd_rsi2_m5_usd500000_smaller_stop_and_time_confirmed_rebound_atr_not_compressed,2017-06-01T15:55:00+00:00,2017-06-01T16:55:00+00:00,30434,holding_bars,-2.146914803699669,-3.7944764999994143,False,False,3600,3.992352321901135,1.1656289389661496,-0.5186270429358506,-2.422994837194454,-0.5294444249074786,0.37037037037033993,0.0999999999995449,15.916666666666666
nzdusd_rsi2_m5_usd500000_smaller_stop_and_time_confirmed_rebound_atr_not_compressed,2017-06-02T13:10:00+00:00,2017-06-02T13:25:00+00:00,30683,signal_exit,4.720012981099699,8.401589499999464,False,True,900,6.928159770209976,2.1816001247629364,1.7450748747743674,11.057879660202712,0.8817517199951524,0.9294117647060652,0.49999999999994493,13.166666666666666
nzdusd_rsi2_m5_usd500000_smaller_stop_and_time_confirmed_rebound_atr_not_compressed,2017-06-02T14:45:00+00:00,2017-06-02T15:15:00+00:00,30702,signal_exit,1.400999333499815,2.5004449999996696,False,True,1800,5.410906474440867,1.5479601835855525,3.0817375965784097,13.030719268031554,0.5664174978038349,0.9117647058824297,0.49999999999994493,14.75
nzdusd_rsi2_m5_usd500000_smaller_stop_and_time_confirmed_rebound_atr_not_compressed,2017-06-06T07:35:00+00:00,2017-06-06T07:50:00+00:00,31177,signal_exit,1.3380151963500695,2.3983065000001247,False,True,900,3.8876620115451863,1.3100575724943764,1.8285006771836267,6.087888715534313,-0.8964913229474682,0.23529411764728933,0.3999999999992898,7.583333333333333
nzdusd_rsi2_m5_usd500000_smaller_stop_and_time_confirmed_rebound_atr_not_compressed,2017-06-06T11:45:00+00:00,2017-06-06T12:25:00+00:00,31227,signal_exit,-0.22413052215025356,-0.40231650000045516,False,False,2400,3.0147018806502848,1.049147019252533,1.8093668981026036,6.135263418582506,-0.6219491676719111,0.5,0.30000000000085514,11.75
nzdusd_rsi2_m5_usd500000_smaller_stop_and_time_confirmed_rebound_atr_not_compressed,2017-06-06T12:45:00+00:00,2017-06-06T12:50:00+00:00,31239,target,2.7454877814872174,4.924641760515188,False,True,300,3.0634253501450446,1.0590298050950329,1.5564601794346025,4.023656580323544,-1.4521509271858684,0.9090909090908174,0.2999999999997449,12.75
nzdusd_rsi2_m5_usd500000_smaller_stop_and_time_confirmed_rebound_atr_not_compressed,2017-06-07T07:55:00+00:00,2017-06-07T08:10:00+00:00,31465,signal_exit,-0.05740620300039492,-0.10323000000071016,False,False,900,3.2227337179513627,1.1565967180208774,0.7906097255406366,2.817328220962697,-0.27435571657870716,0.793103448275664,0.5000000000010552,7.916666666666667
nzdusd_rsi2_m5_usd500000_smaller_stop_and_time_confirmed_rebound_atr_not_compressed,2017-06-07T10:40:00+00:00,2017-06-07T10:45:00+00:00,31498,stop,-4.3710150682563045,-7.864366801468702,True,False,300,3.280553720114033,1.16642002500508,1.302354634689253,2.7217479993556037,-1.5072552036377806,0.274999999999889,0.40000000000040004,10.666666666666666
nzdusd_rsi2_m5_usd500000_smaller_stop_and_time_confirmed_rebound_atr_not_compressed,2017-06-07T13:20:00+00:00,2017-06-07T13:45:00+00:00,31530,signal_exit,1.1096160718998471,1.9964304999997249,False,True,1500,3.1486530088056637,1.1138430401951018,0.6776344414648994,1.5674477625434382,-0.8358046727831282,0.6290322580644526,0.5999999999994898,13.333333333333334
nzdusd_rsi2_m5_usd500000_smaller_stop_and_time_confirmed_rebound_atr_not_compressed,2017-06-08T14:00:00+00:00,2017-06-08T14:10:00+00:00,31821,signal_exit,1.328733094950069,2.3954085000001246,False,True,600,4.059599695220117,1.3437337618220142,0.767536921758893,0.5644609845458898,-1.3637445354535855,0.11627906976744787,0.5999999999994898,14.0
nzdusd_rsi2_m5_usd500000_smaller_stop_and_time_confirmed_rebound_atr_not_compressed,2017-06-08T15:15:00+00:00,2017-06-08T15:40:00+00:00,31836,signal_exit,0.8283052505998779,1.4948659999997798,False,True,1500,4.140118715611928,1.2782165059312227,0.6314036282457165,2.738924780140064,0.6399075168875683,0.17647058823579354,0.49999999999994493,15.25
nzdusd_rsi2_m5_usd500000_smaller_stop_and_time_confirmed_rebound_atr_not_compressed,2017-06-12T07:00:00+00:00,2017-06-12T07:00:00+00:00,32292,stop,-5.043316337738633,-9.064191836338304,True,False,0,3.8807742452673333,1.5530611235038494,-1.0043638566653073,-7.491895980274584,-2.500351391567416,0.06474820143887362,0.40000000000040004,7.0
nzdusd_rsi2_m5_usd500000_smaller_stop_and_time_confirmed_rebound_atr_not_compressed,2017-06-12T07:15:00+00:00,2017-06-12T07:30:00+00:00,32295,signal_exit,1.4467888405001808,2.5974665000003245,False,True,900,4.038287542584716,1.5711497092982414,-1.1688176230266858,-9.860709057256567,-2.0114882437139303,0.2777777777782575,0.3999999999992898,7.25
nzdusd_rsi2_m5_usd500000_smaller_stop_and_time_confirmed_rebound_atr_not_compressed,2017-06-12T08:15:00+00:00,2017-06-12T08:25:00+00:00,32307,signal_exit,1.3336582506000694,2.396941500000125,False,True,600,3.5593080982881133,1.348992471027372,-1.4279762178128779,-5.919453958363292,-0.010710973203031417,0.5151515151514438,0.2999999999997449,8.25
nzdusd_rsi2_m5_usd500000_smaller_stop_and_time_confirmed_rebound_atr_not_compressed,2017-06-12T09:00:00+00:00,2017-06-12T09:15:00+00:00,32316,signal_exit,0.16491849599982758,0.29661599999968985,False,True,900,3.1938596465168123,1.2019104320538299,-1.4005841759274829,-3.499345773326631,0.8736298467603357,0.6875000000000216,0.6000000000006,9.0
nzdusd_rsi2_m5_usd500000_smaller_stop_and_time_confirmed_rebound_atr_not_compressed,2017-06-14T11:05:00+00:00,2017-06-14T11:25:00+00:00,32909,stop,-4.139853897034395,-7.507896077320265,True,False,1200,3.0502855486540272,1.1451922588073502,2.1274807794497046,7.228453933281146,-1.0376642930139262,0.4545454545453322,0.49999999999994493,11.083333333333334
nzdusd_rsi2_m5_usd500000_smaller_stop_and_time_confirmed_rebound_atr_not_compressed,2017-06-14T15:20:00+00:00,2017-06-14T15:45:00+00:00,32960,signal_exit,3.114535874999748,5.688649999999539,False,True,1500,5.426880821289805,1.3930922065369087,3.586997357868353,12.45174987896131,-0.6372949088423275,0.3030303030302215,0.40000000000040004,15.333333333333334
nzdusd_rsi2_m5_usd500000_smaller_stop_and_time_confirmed_rebound_atr_not_compressed,2017-06-15T10:25:00+00:00,2017-06-15T10:30:00+00:00,33185,signal_exit,1.4932097357999277,2.6948379999998693,False,True,300,4.442760410429963,1.08207347615882,-0.8516383111761648,-5.545085887884486,-1.550868958433837,0.4545454545454087,0.40000000000040004,10.416666666666666
nzdusd_rsi2_m5_usd500000_smaller_stop_and_time_confirmed_rebound_atr_not_compressed,2017-06-15T11:30:00+00:00,2017-06-15T11:40:00+00:00,33198,signal_exit,3.104934903949997,5.595485499999995,False,True,600,5.518264126591534,1.282326085868949,-1.1676348636582545,-7.097348492544636,-1.6706712288904688,0.6406249999998862,0.40000000000040004,11.5
nzdusd_rsi2_m5_usd500000_smaller_stop_and_time_confirmed_rebound_atr_not_compressed,2017-06-15T12:55:00+00:00,2017-06-15T13:20:00+00:00,33215,signal_exit,2.3888562239995825,4.296503999999249,False,True,1500,5.050779832290564,1.1479661932417335,-1.6739905525081955,-8.847434667583851,-1.4728523605497341,0.42857142857142855,0.40000000000040004,12.916666666666666
nzdusd_rsi2_m5_usd500000_smaller_stop_and_time_confirmed_rebound_atr_not_compressed,2017-06-16T10:00:00+00:00,2017-06-16T10:35:00+00:00,33462,signal_exit,-0.22463318380025135,-0.406649500000455,False,False,2100,3.5760143562296838,1.1443134193315914,1.5893939665655168,6.2423316985869,0.043233322406652536,0.6904761904762597,0.3999999999992898,10.0
nzdusd_rsi2_m5_usd500000_smaller_stop_and_time_confirmed_rebound_atr_not_compressed,2017-06-16T13:35:00+00:00,2017-06-16T13:40:00+00:00,33505,signal_exit,2.0392845395998673,3.6930179999997597,False,True,300,3.3254984083823764,1.0765758308894218,1.1394576009712623,5.020853652720397,0.5311215319583038,0.3142857142856962,0.2999999999997449,13.583333333333334
nzdusd_rsi2_m5_usd500000_smaller_stop_and_time_confirmed_rebound_atr_not_compressed,2017-06-16T15:20:00+00:00,2017-06-16T15:35:00+00:00,33526,signal_exit,0.49207432259954764,0.8924089999991797,False,True,900,3.955854636467886,1.1933336772407508,1.6650509553355874,6.16375057636101,-0.4245791132011257,0.02380952380941052,0.40000000000040004,15.333333333333334
nzdusd_rsi2_m5_usd500000_smaller_stop_and_time_confirmed_rebound_atr_not_compressed,2017-06-19T11:40:00+00:00,2017-06-19T12:05:00+00:00,33754,target,2.7788556220229306,5.043295139787533,False,True,1500,3.2256942191918387,1.0531414459118231,0.416724037674353,-3.078730910422514,-2.1439672054039374,0.8620689655174922,0.49999999999994493,11.666666666666666
nzdusd_rsi2_m5_usd500000_smaller_stop_and_time_confirmed_rebound_atr_not_compressed,2017-06-19T12:40:00+00:00,2017-06-19T13:05:00+00:00,33766,signal_exit,2.3691505122995853,4.292716999999248,False,True,1500,4.677951387127146,1.4088829988082103,-0.29026778955030225,-5.821471162971756,-1.8189622809939963,0.41269841269853297,0.20000000000020002,12.666666666666666
nzdusd_rsi2_m5_usd500000_smaller_stop_and_time_confirmed_rebound_atr_not_compressed,2017-06-20T07:10:00+00:00,2017-06-20T07:30:00+00:00,33982,target,2.8516559638401673,5.1744800650338725,False,True,1200,3.3412539764065943,1.1572035404748293,1.5092604927677409,4.516343590656672,-0.8836343476507478,0.4347826086954843,0.6000000000006,7.166666666666667
nzdusd_rsi2_m5_usd500000_smaller_stop_and_time_confirmed_rebound_atr_not_compressed,2017-06-20T08:15:00+00:00,2017-06-20T08:25:00+00:00,33995,signal_exit,0.9320627518993772,1.6918909999988692,False,True,600,3.5920506581756775,1.19713998853408,1.4242409477150393,4.711601609203727,-0.10625483146636829,0.8571428571428571,0.40000000000040004,8.25
nzdusd_rsi2_m5_usd500000_smaller_stop_and_time_confirmed_rebound_atr_not_compressed,2017-06-20T08:50:00+00:00,2017-06-20T09:05:00+00:00,34002,signal_exit,1.8693502129493962,3.3920344999989043,False,True,900,3.2984980386326814,1.102993063853312,1.1905914219246043,3.427580485530596,-0.8391023297281165,0.2962962962961897,0.40000000000040004,8.833333333333334
nzdusd_rsi2_m5_usd500000_smaller_stop_and_time_confirmed_rebound_atr_not_compressed,2017-06-20T14:05:00+00:00,2017-06-20T14:10:00+00:00,34064,target,3.04688162339752,5.511725078504919,False,True,300,3.409108858062699,1.1298853756928204,-0.7131504446273277,-4.0064887182684386,-1.5872820257513123,0.4761904761903251,0.40000000000040004,14.083333333333334
nzdusd_rsi2_m5_usd500000_smaller_stop_and_time_confirmed_rebound_atr_not_compressed,2017-06-20T15:15:00+00:00,2017-06-20T15:35:00+00:00,34078,signal_exit,1.2123731505493447,2.1935464999988143,False,True,1200,4.299691575466393,1.3228021065095408,-0.42859516922940705,-3.246626770926373,-1.0119624476888163,0.9024390243904222,0.49999999999994493,15.25
nzdusd_rsi2_m5_usd500000_smaller_stop_and_time_confirmed_rebound_atr_not_compressed,2017-06-21T08:20:00+00:00,2017-06-21T08:25:00+00:00,34278,signal_exit,0.9371119487999888,1.6939839999999797,False,True,300,3.061754873519995,1.069787450490549,-0.3737764190841368,-1.9513786064881793,-0.7957669727132805,0.4736842105267156,0.2999999999997449,8.333333333333334
nzdusd_rsi2_m5_usd500000_smaller_stop_and_time_confirmed_rebound_atr_not_compressed,2017-06-21T09:55:00+00:00,2017-06-21T10:35:00+00:00,34297,signal_exit,0.4378348995497984,0.7930354999996347,False,True,2400,3.1095860954199184,1.0660353391156412,0.3907165574949997,2.417063714755785,0.25225521206439744,0.11111111111124818,0.2999999999997449,9.916666666666666
nzdusd_rsi2_m5_usd500000_smaller_stop_and_time_confirmed_rebound_atr_not_compressed,2017-06-21T13:55:00+00:00,2017-06-21T14:30:00+00:00,34345,signal_exit,-1.3309054326007441,-2.405830500001345,False,False,2100,3.163470219416062,1.0678280254405943,-0.1820863733428068,-2.727769717235777,-1.7041622953393596,0.17391304347847075,0.6000000000006,13.916666666666666
nzdusd_rsi2_m5_usd500000_smaller_stop_and_time_confirmed_rebound_atr_not_compressed,2017-06-21T15:55:00+00:00,2017-06-21T16:15:00+00:00,34369,stop,-4.6360076085319895,-8.368244780743662,True,False,1200,3.4816754990140004,1.1258070693558773,-0.6555173186906106,-5.288047832401681,-1.800478046858714,0.5,0.49999999999994493,15.916666666666666
nzdusd_rsi2_m5_usd500000_smaller_stop_and_time_confirmed_rebound_atr_not_compressed,2017-06-22T13:35:00+00:00,2017-06-22T13:45:00+00:00,34626,signal_exit,0.6557837120000192,1.1914675000000348,False,True,600,3.507396207186082,1.1446035671188786,0.6913823639038563,3.7870233013677126,0.36315292038939345,0.7575757575755537,0.2999999999997449,13.583333333333334
nzdusd_rsi2_m5_usd500000_smaller_stop_and_time_confirmed_rebound_atr_not_compressed,2017-06-23T14:30:00+00:00,2017-06-23T14:45:00+00:00,34913,signal_exit,1.2029426913999586,2.1903544999999243,False,True,900,3.1807428427328728,1.2503910348570713,0.8392019683715578,1.3594743225969734,-1.0284270919452125,0.22727272727270434,0.49999999999994493,14.5
nzdusd_rsi2_m5_usd500000_smaller_stop_and_time_confirmed_rebound_atr_not_compressed,2017-06-26T08:15:00+00:00,2017-06-26T08:25:00+00:00,35115,stop,-4.745908100312633,-8.636775432780041,True,False,600,3.763880452205342,1.4337664768167124,0.11448891953447532,-2.4488406891335397,-1.8379742224203717,0.4166666666665896,0.20000000000020002,8.25
nzdusd_rsi2_m5_usd500000_smaller_stop_and_time_confirmed_rebound_atr_not_compressed,2017-06-26T08:35:00+00:00,2017-06-26T09:35:00+00:00,35119,holding_bars,-4.074013610550437,-7.408644500000794,False,False,3600,3.876983277682144,1.441354424089727,-0.08791884380325418,-4.5388734210781125,-1.837942396763618,0.4193548387095157,0.5000000000010552,8.583333333333334
nzdusd_rsi2_m5_usd500000_smaller_stop_and_time_confirmed_rebound_atr_not_compressed,2017-06-26T14:45:00+00:00,2017-06-26T15:00:00+00:00,35193,signal_exit,0.8147036650998796,1.4885869999997798,False,True,900,3.660950105520824,1.206728830583861,1.936773594994626,6.706016399371256,-1.0063287489943138,0.4565217391302721,0.49999999999994493,14.75
nzdusd_rsi2_m5_usd500000_smaller_stop_and_time_confirmed_rebound_atr_not_compressed,2017-06-26T15:40:00+00:00,2017-06-26T16:00:00+00:00,35204,signal_exit,0.5415246517999096,0.9889054999998348,False,True,1200,3.255447657881632,1.0723463128984774,1.6640974347916024,4.733156966257857,-1.601505968539156,0.6315789473683903,0.20000000000020002,15.666666666666666
nzdusd_rsi2_m5_usd500000_smaller_stop_and_time_confirmed_rebound_atr_not_compressed,2017-06-27T09:55:00+00:00,2017-06-27T10:05:00+00:00,35418,stop,-5.668883215391616,-10.361694782291384,True,False,600,4.525250274905099,1.4078290488959961,1.7166148749641847,2.355149487817064,-1.721029512891047,0.39999999999966696,0.40000000000040004,9.916666666666666
nzdusd_rsi2_m5_usd500000_smaller_stop_and_time_confirmed_rebound_atr_not_compressed,2017-06-27T10:35:00+00:00,2017-06-27T10:45:00+00:00,35426,signal_exit,0.15813551999922237,0.28883199999857967,False,True,600,4.076814858663598,1.2522292056958981,0.9526608215838692,0.510055532601982,-1.1426274944256511,0.7368421052632194,0.40000000000040004,10.583333333333334
nzdusd_rsi2_m5_usd500000_smaller_stop_and_time_confirmed_rebound_atr_not_compressed,2017-06-27T13:35:00+00:00,2017-06-27T14:20:00+00:00,35462,stop,-4.9529974109992025,-9.031723944199857,True,False,2700,3.8608716026056005,1.164842770735959,-0.1018457848590307,-3.1914304965294287,-1.3642700624979582,0.8399999999998223,0.40000000000040004,13.583333333333334
nzdusd_rsi2_m5_usd500000_smaller_stop_and_time_confirmed_rebound_atr_not_compressed,2017-06-27T14:35:00+00:00,2017-06-27T15:00:00+00:00,35474,signal_exit,0.26943824159932966,0.49051199999877965,False,True,1500,4.623331855746906,1.3136824429203529,-0.7578592761175171,-5.8977505138737865,-1.7933781978908525,0.7741935483870737,0.6000000000006,14.583333333333334
nzdusd_rsi2_m5_usd500000_smaller_stop_and_time_confirmed_rebound_atr_not_compressed,2017-06-28T07:25:00+00:00,2017-06-28T07:45:00+00:00,35673,signal_exit,2.4720748159996973,4.49141499999945,False,True,1200,4.63918637020009,1.3592049432740396,-0.05895197199719536,-4.950712413252417,-1.414820942194545,0.5454545454545914,0.49999999999994493,7.416666666666667
nzdusd_rsi2_m5_usd500000_smaller_stop_and_time_confirmed_rebound_atr_not_compressed,2017-06-28T09:40:00+00:00,2017-06-28T10:05:00+00:00,35700,signal_exit,1.042242751900099,1.8918910000001794,False,True,1500,4.320272818644237,1.1954148785744256,-0.6482019391599483,-5.371149975801318,-1.9368799369724143,0.5128205128204544,0.2999999999997449,9.666666666666666
nzdusd_rsi2_m5_usd500000_smaller_stop_and_time_confirmed_rebound_atr_not_compressed,2017-06-29T09:25:00+00:00,2017-06-29T09:55:00+00:00,35976,signal_exit,-1.5931137024000983,-2.911392000000179,False,False,1800,3.2719755188532313,1.0469285334657428,0.06513249474384972,-0.6420228667764317,-0.9445438958652728,0.4883720930230517,0.20000000000020002,9.416666666666666
nzdusd_rsi2_m5_usd500000_smaller_stop_and_time_confirmed_rebound_atr_not_compressed,2017-06-29T11:30:00+00:00,2017-06-29T11:45:00+00:00,36001,signal_exit,1.256752548799709,2.29000099999947,False,True,900,4.286544037533443,1.2852551973956607,-0.8984625504429544,-6.47045943185157,-1.4816675385515097,0.3846153846153682,0.2999999999997449,11.5
nzdusd_rsi2_m5_usd500000_smaller_stop_and_time_confirmed_rebound_atr_not_compressed,2017-06-29T13:05:00+00:00,2017-06-29T13:10:00+00:00,36020,signal_exit,1.5873692360000382,2.8903300000000693,False,True,300,5.197162716440848,1.3990809071268038,-1.131297696871599,-6.308253580067033,-1.4865175069134053,0.6499999999999861,0.3999999999992898,13.083333333333334
nzdusd_rsi2_m5_usd500000_smaller_stop_and_time_confirmed_rebound_atr_not_compressed,2017-06-30T07:35:00+00:00,2017-06-30T07:45:00+00:00,36239,signal_exit,3.2188963421998578,5.88786599999974,False,True,600,4.371629014048324,1.1802312509189052,0.5712803925079315,-0.20361099123963478,-1.509131283950057,0.45283018867934804,0.20000000000020002,7.583333333333333
nzdusd_rsi2_m5_usd500000_smaller_stop_and_time_confirmed_rebound_atr_not_compressed,2017-06-30T12:45:00+00:00,2017-06-30T12:50:00+00:00,36301,stop,-5.565817199656516,-10.203147937042193,True,False,300,4.39525305237798,1.217407968562107,0.987356035830943,1.80799766696146,-1.9858531486355733,0.5076923076922736,0.49999999999994493,12.75
nzdusd_rsi2_m5_usd500000_smaller_stop_and_time_confirmed_rebound_atr_not_compressed,2017-06-30T13:50:00+00:00,2017-06-30T14:00:00+00:00,36314,signal_exit,0.8666824529996312,1.5873304999993245,False,True,600,4.207532020657094,1.1362541442109038,0.45750288928373495,0.2913469130083509,-0.5900232039197134,0.354838709677558,0.2999999999997449,13.833333333333334
nzdusd_rsi2_m5_usd500000_smaller_stop_and_time_confirmed_rebound_atr_not_compressed,2017-06-30T14:55:00+00:00,2017-06-30T15:10:00+00:00,36327,signal_exit,3.0518687402999967,5.587456499999994,False,True,900,4.707215935448293,1.2237889034905944,0.2439913717106144,-0.9811353156716931,-1.512376755967963,0.11594202898562851,0.5999999999994898,14.916666666666666
nzdusd_rsi2_m5_usd500000_smaller_stop_and_time_confirmed_rebound_atr_not_compressed,2017-06-30T15:45:00+00:00,2017-06-30T15:55:00+00:00,36337,signal_exit,0.7032756497997704,1.2875789999995795,False,True,600,4.287564265615347,1.1065330864916683,0.1806334103304677,-0.8026838272985605,-0.958427630686336,0.6296296296294012,0.40000000000040004,15.75
nzdusd_rsi2_m5_usd500000_smaller_stop_and_time_confirmed_rebound_atr_not_compressed,2017-07-03T07:45:00+00:00,2017-07-03T08:00:00+00:00,36512,signal_exit,1.5271509869996795,2.788807499999415,False,True,900,3.525455733406126,1.024894352263403,-0.9853181916639717,-6.143069781637762,-1.9618925469605546,0.08823529411757022,0.40000000000040004,7.75
nzdusd_rsi2_m5_usd500000_smaller_stop_and_time_confirmed_rebound_atr_not_compressed,2017-07-03T14:10:00+00:00,2017-07-03T15:10:00+00:00,36589,holding_bars,-1.1035001877505188,-2.0096525000009446,False,False,3600,4.001829410480539,1.2351393266292323,-1.2143770935794689,-8.238180811749938,-2.264777640457914,0.23255813953483567,0.5000000000010552,14.166666666666666
nzdusd_rsi2_m5_usd500000_smaller_stop_and_time_confirmed_rebound_atr_not_compressed,2017-07-04T07:50:00+00:00,2017-07-04T08:30:00+00:00,36790,signal_exit,-0.5544001877499698,-1.009652499999945,False,False,2400,3.95914043896211,1.1199442097906596,-0.40426465949394,-1.2879066992089891,-0.23266605016070047,0.09374999999989159,0.3999999999992898,7.833333333333333
nzdusd_rsi2_m5_usd500000_smaller_stop_and_time_confirmed_rebound_atr_not_compressed,2017-07-04T08:50:00+00:00,2017-07-04T09:30:00+00:00,36802,signal_exit,-0.3897900712001099,-0.7090960000001998,False,False,2400,3.9215098425243773,1.0967628156683744,-0.282825471013762,-3.257640335026509,-1.6866193891252583,0.5357142857143282,0.2999999999997449,8.833333333333334
nzdusd_rsi2_m5_usd500000_smaller_stop_and_time_confirmed_rebound_atr_not_compressed,2017-07-05T07:45:00+00:00,2017-07-05T07:55:00+00:00,37070,signal_exit,1.259259906100319,2.29081300000058,False,True,600,3.5532522316815225,1.1819454496272617,-0.1665250285309919,-4.51362819483155,-2.1171715228916037,0.2727272727272957,0.2999999999997449,7.75
nzdusd_rsi2_m5_usd500000_smaller_stop_and_time_confirmed_rebound_atr_not_compressed,2017-07-05T09:40:00+00:00,2017-07-05T10:15:00+00:00,37093,signal_exit,-1.1603003960996587,-2.10848699999938,False,False,2100,4.4189035878710365,1.3318575435192785,-0.9867441773066411,-5.555317152504283,-1.9321602003116753,0.2962962962961897,0.49999999999994493,9.666666666666666
nzdusd_rsi2_m5_usd500000_smaller_stop_and_time_confirmed_rebound_atr_not_compressed,2017-07-05T12:35:00+00:00,2017-07-05T12:40:00+00:00,37128,signal_exit,1.425060724999568,2.591019499999214,False,True,300,3.487285263949056,1.0499407987233758,-0.5964500066528254,-2.9252554280316403,-0.8709689353449758,0.22727272727270434,0.40000000000040004,12.583333333333334
nzdusd_rsi2_m5_usd500000_smaller_stop_and_time_confirmed_rebound_atr_not_compressed,2017-07-06T07:30:00+00:00,2017-07-06T07:55:00+00:00,37347,target,3.0657924937035728,5.579240206921879,False,True,1500,3.4943901571164666,1.1221473986598862,0.33768883689006046,-0.6748550445925259,-1.9678678689173181,0.3620689655171094,0.49999999999994493,7.5
nzdusd_rsi2_m5_usd500000_smaller_stop_and_time_confirmed_rebound_atr_not_compressed,2017-07-06T09:30:00+00:00,2017-07-06T09:55:00+00:00,37371,stop,-5.2865704148528705,-9.620692292725877,True,False,1500,4.05587710206138,1.2100901071777184,0.16389607787080443,-1.1190824777775406,-1.6869635286682654,0.7058823529412149,0.5999999999994898,9.5
nzdusd_rsi2_m5_usd500000_smaller_stop_and_time_confirmed_rebound_atr_not_compressed,2017-07-06T10:15:00+00:00,2017-07-06T10:45:00+00:00,37380,signal_exit,0.43550989634979903,0.7914044999996348,False,True,1800,4.016658799027548,1.1789330093205515,-0.09141192197668851,-3.7837545401063286,-1.551525970865251,0.466666666666568,0.40000000000040004,10.25
nzdusd_rsi2_m5_usd500000_smaller_stop_and_time_confirmed_rebound_atr_not_compressed,2017-07-06T12:00:00+00:00,2017-07-06T12:15:00+00:00,37401,target,3.680358500614108,6.6709416360596485,False,True,900,3.8392344412352064,1.1364907624995555,-0.9574061655827021,-8.276118644481388,-2.2851744695876595,0.645161290322442,0.0999999999995449,12.0
nzdusd_rsi2_m5_usd500000_smaller_stop_and_time_confirmed_rebound_atr_not_compressed,2017-07-07T07:10:00+00:00,2017-07-07T07:35:00+00:00,37627,signal_exit,0.7086569247997692,1.2903439999995796,False,True,1500,3.091656336135127,1.0230945521924337,-0.0766281377250967,0.5097853254828842,0.7053518260810099,0.48148148148177083,0.2999999999997449,7.166666666666667
nzdusd_rsi2_m5_usd500000_smaller_stop_and_time_confirmed_rebound_atr_not_compressed,2017-07-07T08:15:00+00:00,2017-07-07T08:35:00+00:00,37640,signal_exit,0.21441344659957975,0.3904104999992348,False,True,1200,3.181404585183318,1.040746635094239,0.08617459425015667,0.2588693094019954,-0.4008504543730219,0.6800000000000889,0.40000000000040004,8.25
nzdusd_rsi2_m5_usd500000_smaller_stop_and_time_confirmed_rebound_atr_not_compressed,2017-07-07T14:15:00+00:00,2017-07-07T14:35:00+00:00,37712,signal_exit,0.9853129902497386,1.791152499999525,False,True,1200,5.405499332363002,1.3914415873341182,0.04213308173790961,-2.840464320524508,-1.2550767953141753,0.46511627906967135,0.40000000000040004,14.25
nzdusd_rsi2_m5_usd500000_smaller_stop_and_time_confirmed_rebound_atr_not_compressed,2017-07-07T15:20:00+00:00,2017-07-07T15:35:00+00:00,37725,signal_exit,1.7561875232498976,3.191327499999814,False,True,900,4.660171084542784,1.1868581756639869,-0.48784357320355975,-3.3376207022753515,-1.266336041560849,0.7666666666665927,0.49999999999994493,15.333333333333334
nzdusd_rsi2_m5_usd500000_smaller_stop_and_time_confirmed_rebound_atr_not_compressed,2017-07-10T08:40:00+00:00,2017-07-10T09:05:00+00:00,37918,stop,-3.918973227555095,-7.134486123348069,True,False,1500,3.012618503322076,1.1033429701788096,0.07206339854297122,0.9201522299884778,0.6212020674271936,0.5757575757577491,0.1999999999990898,8.666666666666666
nzdusd_rsi2_m5_usd500000_smaller_stop_and_time_confirmed_rebound_atr_not_compressed,2017-07-11T09:55:00+00:00,2017-07-11T10:55:00+00:00,38214,holding_bars,-2.38423748160026,-4.305232000000469,False,False,3600,3.260180085530956,1.0524490282476342,-1.484317431883085,-8.327897334553215,-1.7146711344320684,0.8181818181819405,0.2999999999997449,9.916666666666666
nzdusd_rsi2_m5_usd500000_smaller_stop_and_time_confirmed_rebound_atr_not_compressed,2017-07-11T14:35:00+00:00,2017-07-11T15:10:00+00:00,38269,signal_exit,-0.3907916802001109,-0.7046370000001999,False,False,2100,3.374993940829379,1.1149007829328264,-1.3105077307844433,-8.315702364792571,-1.586508435666496,0.9459459459458892,0.40000000000040004,14.583333333333334
nzdusd_rsi2_m5_usd500000_smaller_stop_and_time_confirmed_rebound_atr_not_compressed,2017-07-12T08:25:00+00:00,2017-07-12T09:10:00+00:00,38476,signal_exit,0.05185538519971791,0.09378799999948981,False,True,2700,3.682571678353481,1.1658652919203945,0.38068064689196024,-0.23495514377676321,-1.7620483406791982,0.41176470588242975,0.40000000000040004,8.416666666666666
nzdusd_rsi2_m5_usd500000_smaller_stop_and_time_confirmed_rebound_atr_not_compressed,2017-07-12T13:55:00+00:00,2017-07-12T14:10:00+00:00,38542,signal_exit,2.365809929600198,4.2921080000003595,False,True,900,5.9862780697781615,1.5331087051499905,1.1293852756970824,3.919067590422592,-0.3268071807161549,0.9782608695653119,0.5999999999994898,13.916666666666666
nzdusd_rsi2_m5_usd500000_smaller_stop_and_time_confirmed_rebound_atr_not_compressed,2017-07-12T15:55:00+00:00,2017-07-12T16:20:00+00:00,38566,signal_exit,1.0968206541498486,1.991684499999725,False,True,1500,4.269941245746094,1.0597813658501714,1.1654481745727805,4.49407355193615,0.05466790905569069,0.14999999999988897,0.2999999999997449,15.916666666666666
nzdusd_rsi2_m5_usd500000_smaller_stop_and_time_confirmed_rebound_atr_not_compressed,2017-07-13T08:50:00+00:00,2017-07-13T09:25:00+00:00,38761,signal_exit,0.5407506309499096,0.9883944999998348,False,True,2100,4.094553242038238,1.119392877209803,2.0309770460185472,8.535651650840546,0.4342278569273652,0.5312500000000325,0.40000000000040004,8.833333333333334
nzdusd_rsi2_m5_usd500000_smaller_stop_and_time_confirmed_rebound_atr_not_compressed,2017-07-13T13:40:00+00:00,2017-07-13T14:15:00+00:00,38819,stop,-5.644064910113897,-10.333330117381722,True,False,2100,4.560668432085148,1.0644943004321616,1.6869375424676725,4.5921954634362745,-2.002881589726156,0.26086956521722343,0.30000000000085514,13.666666666666666
nzdusd_rsi2_m5_usd500000_smaller_stop_and_time_confirmed_rebound_atr_not_compressed,2017-07-17T07:50:00+00:00,2017-07-17T08:15:00+00:00,39310,signal_exit,-1.0442200860007644,-1.9124910000014,False,False,1500,3.8830635090858325,1.1093129417830672,-0.4397549762391943,-3.2773680903341478,-1.593168988955691,0.7222222222222736,0.40000000000040004,7.833333333333333
nzdusd_rsi2_m5_usd500000_smaller_stop_and_time_confirmed_rebound_atr_not_compressed,2017-07-17T14:35:00+00:00,2017-07-17T14:45:00+00:00,39391,stop,-4.870609545240554,-8.94510476628201,True,False,600,3.765729933688021,1.118020189078139,0.5696241614400195,2.3262165533948913,0.19364199223708706,0.02564102564090885,0.5000000000010552,14.583333333333334
nzdusd_rsi2_m5_usd500000_smaller_stop_and_time_confirmed_rebound_atr_not_compressed,2017-07-17T15:05:00+00:00,2017-07-17T15:30:00+00:00,39397,stop,-5.073240566766828,-9.301871226195138,True,False,1500,4.094542922099743,1.1873999537244553,0.396137279649646,-1.1322021878674078,-1.432164044782273,0.4545454545454087,0.20000000000020002,15.083333333333334
nzdusd_rsi2_m5_usd500000_smaller_stop_and_time_confirmed_rebound_atr_not_compressed,2017-07-17T15:45:00+00:00,2017-07-17T16:00:00+00:00,39405,signal_exit,0.48478800299955194,0.8875649999991796,False,True,900,4.00497192541188,1.1501873837839507,0.06222329249549768,-3.8876843120407423,-1.4064672817592505,0.322580645161221,0.5000000000010552,15.75
nzdusd_rsi2_m5_usd500000_smaller_stop_and_time_confirmed_rebound_atr_not_compressed,2017-07-18T08:25:00+00:00,2017-07-18T09:05:00+00:00,39601,signal_exit,2.16984148339973,3.9857484999995036,False,True,2400,4.6913927056806655,1.0099359219390556,1.3195088882269186,3.289861987381698,-1.5437293734825406,0.6904761904762597,0.40000000000040004,8.416666666666666
nzdusd_rsi2_m5_usd500000_smaller_stop_and_time_confirmed_rebound_atr_not_compressed,2017-07-18T14:35:00+00:00,2017-07-18T15:30:00+00:00,39675,signal_exit,1.5669853360000379,2.8847300000000695,False,True,3300,5.0727343621779974,1.0919721280541321,0.9492319972872366,3.577310630930557,0.08568451569651678,0.7441860465117179,0.5999999999994898,14.583333333333334
nzdusd_rsi2_m5_usd500000_smaller_stop_and_time_confirmed_rebound_atr_not_compressed,2017-07-19T08:15:00+00:00,2017-07-19T08:40:00+00:00,39879,signal_exit,0.8606079366502362,1.5846215000004347,False,True,1500,4.843208597570964,1.334009899529277,1.0285094479691066,1.8676953112507935,-1.6294399626873388,0.7272727272727043,0.3999999999992898,8.25
nzdusd_rsi2_m5_usd500000_smaller_stop_and_time_confirmed_rebound_atr_not_compressed,2017-07-19T14:35:00+00:00,2017-07-19T15:00:00+00:00,39955,signal_exit,-0.6600036327500787,-1.2152525000001448,False,False,1500,4.773199706115418,1.2415379996657285,0.5387226771090003,-0.27479219791590603,-1.8833256585581966,0.11594202898560985,0.2999999999997449,14.583333333333334
nzdusd_rsi2_m5_usd500000_smaller_stop_and_time_confirmed_rebound_atr_not_compressed,2017-07-19T15:50:00+00:00,2017-07-19T16:40:00+00:00,39970,signal_exit,-1.0952172846005137,-2.014748500000945,False,False,3000,4.1192687361463465,1.0698830526830096,0.040791388392584296,-1.994269506688521,-1.6456580297129628,0.3333333333333333,0.40000000000040004,15.833333333333334
nzdusd_rsi2_m5_usd500000_smaller_stop_and_time_confirmed_rebound_atr_not_compressed,2017-07-20T07:05:00+00:00,2017-07-20T07:30:00+00:00,40143,stop,-4.514276152437518,-8.29220454158251,True,False,1500,3.4892088931027008,1.146006397787387,-0.9639110546799667,-3.0961806052794896,0.6030339591724337,0.5666666666667407,0.3999999999992898,7.083333333333333
nzdusd_rsi2_m5_usd500000_smaller_stop_and_time_confirmed_rebound_atr_not_compressed,2017-07-20T08:25:00+00:00,2017-07-20T08:50:00+00:00,40159,target,2.967869788885035,5.4456326401560275,False,True,1500,3.3796841090217273,1.08798594847813,-0.9035735431600586,-4.84177349545157,-1.6811350655189892,0.2666666666669627,0.3999999999992898,8.416666666666666
nzdusd_rsi2_m5_usd500000_smaller_stop_and_time_confirmed_rebound_atr_not_compressed,2017-07-20T09:30:00+00:00,2017-07-20T10:10:00+00:00,40172,signal_exit,-0.7155107288004356,-1.3138280000008,False,False,2400,4.117319356183249,1.2484494887967388,-0.786405096092434,-2.816061669293795,0.045236486257911275,0.6410256410258527,0.49999999999994493,9.5
nzdusd_rsi2_m5_usd500000_smaller_stop_and_time_confirmed_rebound_atr_not_compressed,2017-07-21T07:20:00+00:00,2017-07-21T07:50:00+00:00,40426,signal_exit,3.3791087223994776,6.279703999999029,False,True,1800,5.070750922144579,1.2161712453926934,1.5676219183240288,5.930662975216884,-0.002394092155669751,0.304347826087009,0.20000000000020002,7.333333333333333
nzdusd_rsi2_m5_usd500000_smaller_stop_and_time_confirmed_rebound_atr_not_compressed,2017-07-24T08:10:00+00:00,2017-07-24T08:20:00+00:00,40715,signal_exit,2.409580067399704,4.47960599999945,False,True,600,4.659895686276112,1.3588523758338547,-0.3699299388756453,-1.6605511719363801,-0.3843608829922947,0.1515151515151617,0.20000000000020002,8.166666666666666
nzdusd_rsi2_m5_usd500000_smaller_stop_and_time_confirmed_rebound_atr_not_compressed,2017-07-24T09:35:00+00:00,2017-07-24T10:35:00+00:00,40732,holding_bars,0.9559021018497447,1.7790844999995248,False,True,3600,4.266142225953491,1.2014450602829148,0.10787447081581368,0.6753637092095294,0.11059977186396944,0.02325581395338029,0.2999999999997449,9.583333333333334
nzdusd_rsi2_m5_usd500000_smaller_stop_and_time_confirmed_rebound_atr_not_compressed,2017-07-24T14:40:00+00:00,2017-07-24T15:05:00+00:00,40793,stop,-4.752656561717887,-8.843797100331015,True,False,1500,3.761675708814763,1.0526832940661355,0.14489680074375663,0.08368884188581835,-0.9005684962678872,0.7692307692305721,0.40000000000040004,14.666666666666666
nzdusd_rsi2_m5_usd500000_smaller_stop_and_time_confirmed_rebound_atr_not_compressed,2017-07-24T15:10:00+00:00,2017-07-24T16:10:00+00:00,40799,holding_bars,-2.00108320829993,-3.72017699999987,False,False,3600,3.738246469156739,1.0433711540893433,0.06921264565690485,-1.6646562060099679,-1.8236487560042969,0.2,0.49999999999994493,15.166666666666666
nzdusd_rsi2_m5_usd500000_smaller_stop_and_time_confirmed_rebound_atr_not_compressed,2017-07-25T08:45:00+00:00,2017-07-25T09:40:00+00:00,41002,signal_exit,-1.8940980094004196,-3.5199740000007798,False,False,3300,4.106559257520053,1.1776993759454197,-0.16215532954026834,-1.6251478501861654,-0.7374490801705124,0.8888888888891356,0.2999999999997449,8.75
nzdusd_rsi2_m5_usd500000_smaller_stop_and_time_confirmed_rebound_atr_not_compressed,2017-07-25T12:55:00+00:00,2017-07-25T13:05:00+00:00,41052,signal_exit,2.4085561735997034,4.4793679999994485,False,True,600,4.527888561686887,1.258796449607597,0.014815377526501477,0.3744092084834964,0.10936794374326765,0.4722222222221965,0.49999999999994493,12.916666666666666
nzdusd_rsi2_m5_usd500000_smaller_stop_and_time_confirmed_rebound_atr_not_compressed,2017-07-25T14:15:00+00:00,2017-07-25T14:45:00+00:00,41068,stop,-7.289519147922866,-13.556851679231663,True,False,1800,6.118411484017259,1.514087692758393,0.3437737019658921,0.24710159851502286,-0.7591080904428764,0.9438202247191039,0.40000000000040004,14.25
nzdusd_rsi2_m5_usd500000_smaller_stop_and_time_confirmed_rebound_atr_not_compressed,2017-07-25T15:30:00+00:00,2017-07-25T15:50:00+00:00,41083,signal_exit,-0.4953764916002155,-0.9194070000004,False,False,1200,4.978992242016363,1.2083243250427675,-0.17847839190564743,-3.186913655350089,-1.2160950231476984,0.7368421052634346,0.3999999999992898,15.5
nzdusd_rsi2_m5_usd500000_smaller_stop_and_time_confirmed_rebound_atr_not_compressed,2017-07-27T13:20:00+00:00,2017-07-27T14:00:00+00:00,41624,signal_exit,2.753585503499784,5.173967499999594,False,True,2400,4.25864291298237,1.1114335908316084,0.10090924301501653,-2.066065929355786,-1.4965931585191923,0.3333333333332746,0.40000000000040004,13.333333333333334
nzdusd_rsi2_m5_usd500000_smaller_stop_and_time_confirmed_rebound_atr_not_compressed,2017-07-27T14:40:00+00:00,2017-07-27T14:45:00+00:00,41640,stop,-5.546150518531994,-10.411395754706202,True,False,300,4.593178388596033,1.1599613513607538,-0.4197504174458661,-3.2580346936552993,-1.587098344765325,0.47058823529392557,0.30000000000085514,14.666666666666666
nzdusd_rsi2_m5_usd500000_smaller_stop_and_time_confirmed_rebound_atr_not_compressed,2017-07-27T14:55:00+00:00,2017-07-27T15:05:00+00:00,41643,signal_exit,1.3197035915998239,2.4750629999996696,False,True,600,4.85824085996554,1.2074963369127696,-0.5744202224267148,-5.037444511478603,-1.8729799757278343,0.14814814814830043,0.3999999999992898,14.916666666666666
nzdusd_rsi2_m5_usd500000_smaller_stop_and_time_confirmed_rebound_atr_not_compressed,2017-07-28T10:50:00+00:00,2017-07-28T11:15:00+00:00,41879,signal_exit,1.2194882595003105,2.2772890000005797,False,True,1500,4.097606276755953,1.0962752180056323,-1.1120160231672347,-5.3670703192831155,-1.3138480673631043,0.8809523809523873,0.2999999999997449,10.833333333333334
nzdusd_rsi2_m5_usd500000_smaller_stop_and_time_confirmed_rebound_atr_not_compressed,2017-07-28T15:35:00+00:00,2017-07-28T15:40:00+00:00,41936,signal_exit,0.5729041109996694,1.0748669999993796,False,True,300,5.9902773228272945,1.2510055333139807,0.5804917420268244,3.1579737525072407,0.44639833985454724,0.2571428571425852,0.30000000000085514,15.583333333333334
nzdusd_rsi2_m5_usd500000_smaller_stop_and_time_confirmed_rebound_atr_not_compressed,2017-07-31T13:50:00+00:00,2017-07-31T14:15:00+00:00,42189,signal_exit,2.1266966433997347,3.9766204999995036,False,True,1500,3.6117385615798394,1.1101521785389281,-1.2339116811019757,-6.272186842811552,-1.0183985569439709,0.7187500000000542,0.49999999999994493,13.833333333333334
nzdusd_rsi2_m5_usd500000_smaller_stop_and_time_confirmed_rebound_atr_not_compressed,2017-08-01T07:10:00+00:00,2017-08-01T07:45:00+00:00,42394,signal_exit,2.4409062782494635,4.575269499998994,False,True,2100,4.06229085818952,1.2375676595583698,-0.33666562449534887,-3.813732479655345,-1.94830139157131,0.5714285714284744,0.40000000000040004,7.166666666666667
nzdusd_rsi2_m5_usd500000_smaller_stop_and_time_confirmed_rebound_atr_not_compressed,2017-08-01T08:30:00+00:00,2017-08-01T08:45:00+00:00,42410,signal_exit,1.479013438499688,2.774884499999415,False,True,900,4.152739259525461,1.2185438490456062,-0.42638191102223444,-1.5738335733885436,0.15660534664647743,0.2564102564102272,0.49999999999994493,8.5
nzdusd_rsi2_m5_usd500000_smaller_stop_and_time_confirmed_rebound_atr_not_compressed,2017-08-01T09:15:00+00:00,2017-08-01T09:55:00+00:00,42419,stop,-4.941784942156598,-9.262952094014242,True,False,2400,3.9693669748515177,1.1502909979991487,-0.4267590797553113,-3.294086479711032,-1.5326408756843568,0.04761904761934972,0.3999999999992898,9.25
nzdusd_rsi2_m5_usd500000_smaller_stop_and_time_confirmed_rebound_atr_not_compressed,2017-08-01T10:10:00+00:00,2017-08-01T11:05:00+00:00,42430,signal_exit,-1.1884898802500186,-2.2235545000000347,False,False,3300,4.089199142884897,1.1701333130621805,-0.6818611191156773,-6.558057018183489,-2.1554707304918668,0.40476190476193624,0.49999999999994493,10.166666666666666
nzdusd_rsi2_m5_usd500000_smaller_stop_and_time_confirmed_rebound_atr_not_compressed,2017-08-01T11:30:00+00:00,2017-08-01T11:45:00+00:00,42446,signal_exit,0.09452402820007755,0.176746500000145,False,True,900,3.639690276790486,1.0416828774609346,-1.4288611674403486,-6.99744656895161,-1.038172249943235,0.5277777777778034,0.2999999999997449,11.5
nzdusd_rsi2_m5_usd500000_smaller_stop_and_time_confirmed_rebound_atr_not_compressed,2017-08-01T12:15:00+00:00,2017-08-01T13:10:00+00:00,42455,stop,-4.769171346584075,-8.912673045382311,True,False,3300,3.7450088480008654,1.0695254398253413,-1.6570525364408144,-7.533441425528028,-1.382098437861399,0.8484848484848638,0.49999999999994493,12.25
nzdusd_rsi2_m5_usd500000_smaller_stop_and_time_confirmed_rebound_atr_not_compressed,2017-08-01T13:20:00+00:00,2017-08-01T13:30:00+00:00,42468,target,3.683923197626602,6.879408398929228,False,True,600,4.051108738271353,1.1222557995372133,-1.7283636415587633,-7.873972914381636,-1.3017718138125585,0.6785714285712445,0.30000000000085514,13.333333333333334
nzdusd_rsi2_m5_usd500000_smaller_stop_and_time_confirmed_rebound_atr_not_compressed,2017-08-01T15:35:00+00:00,2017-08-01T16:15:00+00:00,42495,signal_exit,0.041027181999727186,0.07671499999948987,False,True,2400,5.804697065603892,1.3712981939238036,-0.5172005329480628,-3.638812589954496,-1.5141065602712094,0.4833333333333179,0.40000000000040004,15.583333333333334
nzdusd_rsi2_m5_usd500000_smaller_stop_and_time_confirmed_rebound_atr_not_compressed,2017-08-02T08:15:00+00:00,2017-08-02T08:30:00+00:00,42689,signal_exit,2.3592233860999485,4.380288499999904,False,True,900,3.4604972633874747,1.0279740328897662,-1.1191977674149864,-7.071417801785157,-1.6423171126782625,0.25,0.2999999999997449,8.25
nzdusd_rsi2_m5_usd500000_smaller_stop_and_time_confirmed_rebound_atr_not_compressed,2017-08-02T09:20:00+00:00,2017-08-02T10:10:00+00:00,42702,signal_exit,-0.5491033342499703,-1.0196904999999448,False,False,3000,4.360871021330283,1.2189843859627247,-1.2493545706259612,-5.387315773598317,-0.4945187646742518,0.4583333333332948,0.49999999999994493,9.333333333333334
nzdusd_rsi2_m5_usd500000_smaller_stop_and_time_confirmed_rebound_atr_not_compressed,2017-08-02T13:00:00+00:00,2017-08-02T13:05:00+00:00,42746,signal_exit,1.283466368250067,2.3807575000001244,False,True,300,5.0464082693357515,1.3566668905005441,-1.0042023310451944,-5.396927615287954,-1.4877784782401071,0.42592592592584977,0.49999999999994493,13.0
nzdusd_rsi2_m5_usd500000_smaller_stop_and_time_confirmed_rebound_atr_not_compressed,2017-08-03T13:20:00+00:00,2017-08-03T13:50:00+00:00,43033,signal_exit,0.47498559360015635,0.8809080000002899,False,True,1800,3.894031057691267,1.1901719363926615,0.5540361680737821,0.7146684199985053,-1.4912074616256332,0.08823529411789677,0.3999999999992898,13.333333333333334
nzdusd_rsi2_m5_usd500000_smaller_stop_and_time_confirmed_rebound_atr_not_compressed,2017-08-04T12:40:00+00:00,2017-08-04T12:55:00+00:00,43307,stop,-7.04050612409427,-13.088875486325097,True,False,900,5.784537701982438,1.816673533524103,0.7908523704235549,-2.3930375999236464,-2.736683160230119,0.13793103448280813,0.5999999999994898,12.666666666666666
nzdusd_rsi2_m5_usd500000_smaller_stop_and_time_confirmed_rebound_atr_not_compressed,2017-08-04T13:05:00+00:00,2017-08-04T13:30:00+00:00,43312,signal_exit,1.8744701903997627,3.480263999999559,False,True,1500,7.3128805277975335,2.048264591663107,0.3963613936201717,-4.420340874834179,-1.7764844698215836,0.7906976744186467,0.10000000000065512,13.083333333333334
nzdusd_rsi2_m5_usd500000_smaller_stop_and_time_confirmed_rebound_atr_not_compressed,2017-08-04T14:15:00+00:00,2017-08-04T14:45:00+00:00,43326,signal_exit,2.4210440509997024,4.481754999999449,False,True,1800,7.544347731367599,1.849797078203722,-0.8336038284149918,-8.544129545466262,-1.6692868996318913,0.23636363636367305,0.3999999999992898,14.25
nzdusd_rsi2_m5_usd500000_smaller_stop_and_time_confirmed_rebound_atr_not_compressed,2017-08-04T15:40:00+00:00,2017-08-04T15:50:00+00:00,43343,signal_exit,0.907225702799989,1.6812929999999797,False,True,600,5.856531621047954,1.357258955332778,-1.5030165744845276,-5.184037471218934,0.5850653071951453,0.7500000000002776,0.3999999999992898,15.666666666666666
nzdusd_rsi2_m5_usd500000_smaller_stop_and_time_confirmed_rebound_atr_not_compressed,2017-08-07T07:25:00+00:00,2017-08-07T07:50:00+00:00,43523,signal_exit,0.31633369299969366,0.5836414999994348,False,True,1500,3.3324219372332653,1.0773506363192067,-1.4452862115286564,-10.511804379962411,-1.6263593461415942,0.3124999999998699,0.20000000000020002,7.416666666666667
nzdusd_rsi2_m5_usd500000_smaller_stop_and_time_confirmed_rebound_atr_not_compressed,2017-08-07T09:45:00+00:00,2017-08-07T10:05:00+00:00,43551,signal_exit,0.8610237415496331,1.5848034999993248,False,True,1200,3.778969321052011,1.1621707253368174,-2.5976860332977014,-12.294455341730066,-1.5123566284608625,0.39473684210546306,0.2999999999997449,9.75
nzdusd_rsi2_m5_usd500000_smaller_stop_and_time_confirmed_rebound_atr_not_compressed,2017-08-07T11:40:00+00:00,2017-08-07T12:10:00+00:00,43574,stop,-4.808072044399216,-8.853014259619252,True,False,1800,3.7189970447058087,1.13484541370017,-2.4566151288938443,-9.102099425564889,-0.1691062186432539,0.6862745098040496,0.49999999999994493,11.666666666666666
nzdusd_rsi2_m5_usd500000_smaller_stop_and_time_confirmed_rebound_atr_not_compressed,2017-08-07T12:50:00+00:00,2017-08-07T13:15:00+00:00,43588,signal_exit,-0.4428332336998614,-0.8149304999997448,False,False,1500,3.5465665352043105,1.0735597967327093,-2.211330734102804,-9.311527338572322,-1.107821587653617,0.3529411764702809,0.40000000000040004,12.833333333333334
nzdusd_rsi2_m5_usd500000_smaller_stop_and_time_confirmed_rebound_atr_not_compressed,2017-08-08T14:30:00+00:00,2017-08-08T14:45:00+00:00,43886,stop,-5.50134685147835,-10.086811242167858,True,False,900,4.337012666526448,1.4777184211654184,-0.9637955628998162,-9.687966079127387,-1.9716267026452112,0.12499999999982653,0.5000000000010552,14.5
nzdusd_rsi2_m5_usd500000_smaller_stop_and_time_confirmed_rebound_atr_not_compressed,2017-08-08T14:55:00+00:00,2017-08-08T15:05:00+00:00,43891,signal_exit,3.0512488314493904,5.587344499998883,False,True,600,4.622204557611035,1.5111252330632066,-1.451755007235987,-11.889080555941863,-1.6879272109791146,0.08823529411757022,0.40000000000040004,14.916666666666666
nzdusd_rsi2_m5_usd500000_smaller_stop_and_time_confirmed_rebound_atr_not_compressed,2017-08-09T13:20:00+00:00,2017-08-09T13:30:00+00:00,44155,signal_exit,3.6512270339996884,6.687228999999429,False,True,600,4.620759434102344,1.3618978594716111,0.23473220430083525,-1.1602552509031954,-1.8844194613607548,0.5689655172414453,0.3999999999992898,13.333333333333334
nzdusd_rsi2_m5_usd500000_smaller_stop_and_time_confirmed_rebound_atr_not_compressed,2017-08-09T14:05:00+00:00,2017-08-09T14:20:00+00:00,44164,signal_exit,1.5219092070002864,2.7873795000005246,False,True,900,5.089138032989021,1.416103340411081,0.07974499088673058,-1.1609442255119413,-1.3004067625787954,0.44186046511614696,0.49999999999994493,14.083333333333334
nzdusd_rsi2_m5_usd500000_smaller_stop_and_time_confirmed_rebound_atr_not_compressed,2017-08-10T07:30:00+00:00,2017-08-10T07:50:00+00:00,44372,signal_exit,1.2628820819997078,2.2919819999994693,False,True,1200,6.072414901853704,1.3072620455617527,-2.6194159863957833,-12.703466028008261,-2.0702668992475832,0.24528301886789292,0.49999999999994493,7.5
nzdusd_rsi2_m5_usd500000_smaller_stop_and_time_confirmed_rebound_atr_not_compressed,2017-08-10T15:05:00+00:00,2017-08-10T15:55:00+00:00,44463,signal_exit,-3.7946139216004666,-6.90934800000085,False,False,3000,5.0764844632464925,1.1516123866818113,-0.5604208465881747,-2.3828299962235953,-0.2586130019418964,0.5606060606060377,0.40000000000040004,15.083333333333334
nzdusd_rsi2_m5_usd500000_smaller_stop_and_time_confirmed_rebound_atr_not_compressed,2017-08-11T08:00:00+00:00,2017-08-11T08:40:00+00:00,44661,signal_exit,-0.6090487695003292,-1.1099850000005997,False,False,2400,3.4998872340910157,1.0029540664979701,0.66909216487265,2.4774722668445617,-0.1645519358681728,0.39130434782612894,0.2999999999997449,8.0
nzdusd_rsi2_m5_usd500000_smaller_stop_and_time_confirmed_rebound_atr_not_compressed,2017-08-11T09:15:00+00:00,2017-08-11T09:35:00+00:00,44676,signal_exit,0.3241290626502993,0.590291500000545,False,True,1200,3.61173488026698,1.033541401807572,0.5583351474160673,0.7906891556963056,-1.5797379758285754,0.23076923076942785,0.3999999999992898,9.25
nzdusd_rsi2_m5_usd500000_smaller_stop_and_time_confirmed_rebound_atr_not_compressed,2017-08-11T13:45:00+00:00,2017-08-11T14:00:00+00:00,44730,signal_exit,2.901346697000137,5.28960200000025,False,True,900,6.2784417500583585,1.5979927796357871,0.7642958763737173,1.5912233420143598,-0.7883399811537766,0.4558823529412149,0.5999999999994898,13.75
nzdusd_rsi2_m5_usd500000_smaller_stop_and_time_confirmed_rebound_atr_not_compressed,2017-08-14T07:55:00+00:00,2017-08-14T08:10:00+00:00,44939,signal_exit,-0.005974032900638304,-0.010905500001165212,False,False,900,3.6382735518865696,1.1588771882645323,-0.14580336864347673,-3.4019520437957964,-1.4443451413680581,0.5675675675677135,0.49999999999994493,7.916666666666667
nzdusd_rsi2_m5_usd500000_smaller_stop_and_time_confirmed_rebound_atr_not_compressed,2017-08-14T08:45:00+00:00,2017-08-14T08:55:00+00:00,44949,signal_exit,0.4874642450995504,0.8893709999991796,False,True,600,3.6474154094432922,1.1441449410851494,-0.511004308559614,-4.330959668759206,-0.913149654883158,0.7916666666667053,0.49999999999994493,8.75
nzdusd_rsi2_m5_usd500000_smaller_stop_and_time_confirmed_rebound_atr_not_compressed,2017-08-14T15:30:00+00:00,2017-08-14T16:05:00+00:00,45030,signal_exit,-0.3346230762503589,-0.6107375000006551,False,False,2100,3.4256614019635623,1.1525413396326563,-0.5921900711832627,-1.1464995146933963,0.40739788960051343,0.4358974358974432,0.3999999999992898,15.5
nzdusd_rsi2_m5_usd500000_smaller_stop_and_time_confirmed_rebound_atr_not_compressed,2017-08-15T07:20:00+00:00,2017-08-15T07:30:00+00:00,45214,target,2.890977325627792,5.264937762935334,False,True,600,3.337411940885594,1.226214990092048,-0.42019437406315097,-5.984391616940446,-2.170127630936411,0.5652173913043058,0.49999999999994493,7.333333333333333
nzdusd_rsi2_m5_usd500000_smaller_stop_and_time_confirmed_rebound_atr_not_compressed,2017-08-15T08:05:00+00:00,2017-08-15T08:15:00+00:00,45222,signal_exit,1.6412249969497887,2.990025499999615,False,True,600,3.0813537828623208,1.1300884472776889,-0.7353843217661591,-4.77512698462009,-1.0364024789903483,0.7499999999997687,0.49999999999994493,8.083333333333334
nzdusd_rsi2_m5_usd500000_smaller_stop_and_time_confirmed_rebound_atr_not_compressed,2017-08-15T12:50:00+00:00,2017-08-15T12:55:00+00:00,45279,stop,-5.60036547589335,-10.162158366709034,True,False,300,4.427326639787171,1.49373404642844,-1.2093321499649354,-11.699138928251239,-1.9437013087323798,0.11111111111122533,0.3999999999992898,12.833333333333334
nzdusd_rsi2_m5_usd500000_smaller_stop_and_time_confirmed_rebound_atr_not_compressed,2017-08-15T13:05:00+00:00,2017-08-15T13:30:00+00:00,45282,signal_exit,-0.5555918542505819,-1.007419500001055,False,False,1500,4.809634339508856,1.5657799182123084,-1.4556168604967061,-12.741425586902668,-1.508628753780619,0.4400000000000444,0.30000000000085514,13.083333333333334
nzdusd_rsi2_m5_usd500000_smaller_stop_and_time_confirmed_rebound_atr_not_compressed,2017-08-15T14:55:00+00:00,2017-08-15T15:20:00+00:00,45304,signal_exit,0.21720495405019055,0.393273500000345,False,True,1500,3.8299758585636194,1.1866622756244685,-2.9590001313490104,-12.703437166592714,-0.9698899417978947,0.433333333333099,0.2999999999997449,14.916666666666666
nzdusd_rsi2_m5_usd500000_smaller_stop_and_time_confirmed_rebound_atr_not_compressed,2017-08-16T09:35:00+00:00,2017-08-16T10:10:00+00:00,45522,stop,-4.079560869128176,-7.395868145627586,True,False,2100,3.044388626415201,1.1093227272137178,0.40739835594474705,1.8007100391139943,-0.02711406950732794,0.2580645161289052,0.40000000000040004,9.583333333333334
nzdusd_rsi2_m5_usd500000_smaller_stop_and_time_confirmed_rebound_atr_not_compressed,2017-08-16T15:50:00+00:00,2017-08-16T16:35:00+00:00,45597,signal_exit,-1.710845747200209,-3.1083680000003797,False,False,2700,3.6915450978625914,1.1894852243481289,1.3696506366772574,4.314106687508529,-1.1260733699766932,0.5806451612901262,0.5000000000010552,15.833333333333334
nzdusd_rsi2_m5_usd500000_smaller_stop_and_time_confirmed_rebound_atr_not_compressed,2017-08-17T08:20:00+00:00,2017-08-17T09:20:00+00:00,45791,holding_bars,-3.996602003400076,-7.311749000000138,False,False,3600,3.251569362452358,1.0263574532418702,0.9563129292954038,2.4093699539155735,-0.913601206047347,0.27777777777764073,0.49999999999994493,8.333333333333334
nzdusd_rsi2_m5_usd500000_smaller_stop_and_time_confirmed_rebound_atr_not_compressed,2017-08-17T13:00:00+00:00,2017-08-17T13:10:00+00:00,45847,signal_exit,1.3092928340000682,2.3892205000001243,False,True,600,3.974538886069527,1.1942759920524597,-0.4341398503727946,-2.672295624647233,-0.9432648349244054,0.34782608695629086,0.3999999999992898,13.0
nzdusd_rsi2_m5_usd500000_smaller_stop_and_time_confirmed_rebound_atr_not_compressed,2017-08-18T14:30:00+00:00,2017-08-18T14:55:00+00:00,46146,signal_exit,-1.5358076789497406,-2.812319499999525,False,False,1500,5.016468725472192,1.4601647609085808,1.0145789149830802,2.5688221190913785,-1.1129179968781662,0.6666666666670368,0.3999999999992898,14.5
nzdusd_rsi2_m5_usd500000_smaller_stop_and_time_confirmed_rebound_atr_not_compressed,2017-08-21T14:35:00+00:00,2017-08-21T14:50:00+00:00,46422,signal_exit,0.81053575519988,1.4866759999997798,False,True,900,3.092144434150846,1.276931138784077,1.3419996154802385,5.868889125701599,0.49787491207787044,0.16666666666666666,0.3999999999992898,14.583333333333334
nzdusd_rsi2_m5_usd500000_smaller_stop_and_time_confirmed_rebound_atr_not_compressed,2017-08-21T15:30:00+00:00,2017-08-21T15:55:00+00:00,46433,stop,-3.9358358779872678,-7.217744137148849,True,False,1500,3.0024184032183387,1.213481370354337,1.4054562264130488,4.532877178318761,-1.3177739745322326,0.05555555555593248,0.2999999999997449,15.5
nzdusd_rsi2_m5_usd500000_smaller_stop_and_time_confirmed_rebound_atr_not_compressed,2017-08-22T07:45:00+00:00,2017-08-22T08:00:00+00:00,46620,stop,-4.066630415971544,-7.4330660134738515,True,False,900,3.0608881378219466,1.3385100842177013,-0.6257685601628299,-6.705454586321001,-1.6251230916079367,0.5,0.3999999999992898,7.75
nzdusd_rsi2_m5_usd500000_smaller_stop_and_time_confirmed_rebound_atr_not_compressed,2017-08-22T08:10:00+00:00,2017-08-22T08:15:00+00:00,46625,stop,-4.28507738990433,-7.826625369688275,True,False,300,3.3078742104412027,1.3979851141675383,-0.9371606252202439,-8.4745639501593,-1.7154042305298947,0.8400000000002664,0.2999999999997449,8.166666666666666
nzdusd_rsi2_m5_usd500000_smaller_stop_and_time_confirmed_rebound_atr_not_compressed,2017-08-22T08:25:00+00:00,2017-08-22T08:40:00+00:00,46628,signal_exit,1.6377363824497886,2.989115499999614,False,True,900,3.4635567202403186,1.431370602324885,-1.2349772719282741,-10.122116410024109,-1.6297358251949488,0.968750000000141,0.1999999999990898,8.416666666666666
nzdusd_rsi2_m5_usd500000_smaller_stop_and_time_confirmed_rebound_atr_not_compressed,2017-08-22T09:20:00+00:00,2017-08-22T09:35:00+00:00,46639,stop,-3.963422919402859,-7.228566331210758,True,False,900,3.1091947374208035,1.26129347494227,-2.008719503720538,-10.865831259311266,-1.394867444113437,0.19999999999985196,0.10000000000065512,9.333333333333334
nzdusd_rsi2_m5_usd500000_smaller_stop_and_time_confirmed_rebound_atr_not_compressed,2017-08-22T11:20:00+00:00,2017-08-22T12:00:00+00:00,46663,signal_exit,1.697927292800148,3.0905120000002695,False,True,2400,3.3790028918697392,1.2637105073493171,-2.8129775062003257,-12.96382694189742,-1.8919449382395435,0.13725490196080992,0.49999999999994493,11.333333333333334
nzdusd_rsi2_m5_usd500000_smaller_stop_and_time_confirmed_rebound_atr_not_compressed,2017-08-22T14:10:00+00:00,2017-08-22T14:35:00+00:00,46697,signal_exit,0.8163165716998793,1.4893569999997798,False,True,1500,3.8410667629682704,1.311450818476539,-1.422920841865119,-3.4384811051337847,0.771416096243662,0.7333333333333498,0.3999999999992898,14.166666666666666
nzdusd_rsi2_m5_usd500000_smaller_stop_and_time_confirmed_rebound_atr_not_compressed,2017-08-23T07:25:00+00:00,2017-08-23T07:30:00+00:00,46896,target,3.251573706012111,5.872446642608111,False,True,300,3.6390349375270277,1.1466395252901882,-2.633040267071904,-12.33125996307143,-1.1093650870541145,0.40740740740720943,0.49999999999994493,7.416666666666667
nzdusd_rsi2_m5_usd500000_smaller_stop_and_time_confirmed_rebound_atr_not_compressed,2017-08-23T09:00:00+00:00,2017-08-23T09:20:00+00:00,46915,signal_exit,1.6047173462000386,2.895034000000069,False,True,1200,3.6327735028408576,1.1121125231664875,-2.6558916928795986,-12.291464119482555,-1.664922633607066,0.6122448979591282,0.40000000000040004,9.0
nzdusd_rsi2_m5_usd500000_smaller_stop_and_time_confirmed_rebound_atr_not_compressed,2017-08-23T11:50:00+00:00,2017-08-23T12:45:00+00:00,46949,stop,-5.0534429943412125,-9.13492949085541,True,False,3300,3.8647127603739753,1.167924779866101,-1.6041679082254248,-5.402351081258515,0.1761152518674204,0.5151515151516171,0.49999999999994493,11.833333333333334
nzdusd_rsi2_m5_usd500000_smaller_stop_and_time_confirmed_rebound_atr_not_compressed,2017-08-23T13:05:00+00:00,2017-08-23T13:40:00+00:00,46964,signal_exit,0.38519560159943456,0.6950479999989797,False,True,2100,3.8014539536796694,1.128582832964188,-1.2856845910461188,-8.183994624227445,-1.796204125127537,0.6896551724140704,0.49999999999994493,13.083333333333334
nzdusd_rsi2_m5_usd500000_smaller_stop_and_time_confirmed_rebound_atr_not_compressed,2017-08-24T08:15:00+00:00,2017-08-24T08:45:00+00:00,47193,signal_exit,1.886148119500008,3.396017500000014,False,True,1800,3.4354993422389524,1.0929634622390405,-1.8655178912939663,-7.024804709681081,-0.18485926015444043,0.5172413793102656,0.3999999999992898,8.25
nzdusd_rsi2_m5_usd500000_smaller_stop_and_time_confirmed_rebound_atr_not_compressed,2017-08-25T15:50:00+00:00,2017-08-25T16:05:00+00:00,47565,signal_exit,1.1021331147998477,1.9937284999997242,False,True,900,6.8022846445521585,1.6981383022817262,1.359382714313726,2.447988710199454,-1.625521702872532,0.6231884057970292,0.49999999999994493,15.833333333333334
nzdusd_rsi2_m5_usd500000_smaller_stop_and_time_confirmed_rebound_atr_not_compressed,2017-08-29T14:10:00+00:00,2017-08-29T14:25:00+00:00,48109,signal_exit,2.1378594229999774,3.8905539999999585,False,True,900,4.246567415755446,1.0482973706466967,1.6147647537130128,3.2139177402319126,-1.7300410012135525,0.8235294117648595,0.3999999999992898,14.166666666666666
nzdusd_rsi2_m5_usd500000_smaller_stop_and_time_confirmed_rebound_atr_not_compressed,2017-08-29T14:45:00+00:00,2017-08-29T14:55:00+00:00,48116,target,4.103807614246952,7.46689886143914,False,True,600,4.288168516618048,1.0540836436201335,1.2365857625870798,2.5391057396137473,-1.4215945181460667,0.15686274509819287,0.20000000000020002,14.75
nzdusd_rsi2_m5_usd500000_smaller_stop_and_time_confirmed_rebound_atr_not_compressed,2017-08-30T08:25:00+00:00,2017-08-30T09:25:00+00:00,48320,holding_bars,-4.248362424800297,-7.707479000000539,False,False,3600,4.4489029032988165,1.1105663614798382,-0.38477255761719514,-1.4848090423914466,-0.30021703830964075,0.9032258064517054,0.2999999999997449,8.416666666666666
nzdusd_rsi2_m5_usd500000_smaller_stop_and_time_confirmed_rebound_atr_not_compressed,2017-08-30T13:30:00+00:00,2017-08-30T13:40:00+00:00,48381,signal_exit,1.8241502537996452,3.294473999999359,False,True,600,4.926772737570882,1.2417745997930614,-1.3613261554842917,-7.55901605108659,-1.6904183404423963,0.061224489795867504,0.49999999999994493,13.5
nzdusd_rsi2_m5_usd500000_smaller_stop_and_time_confirmed_rebound_atr_not_compressed,2017-08-30T14:25:00+00:00,2017-08-30T14:50:00+00:00,48392,signal_exit,-0.2244008719502522,-0.40483650000045496,False,False,1500,4.454902756250659,1.1183999357705248,-1.6676743085570236,-8.67253429689044,-1.7972287700028933,0.1750000000000555,0.3999999999992898,14.416666666666666
nzdusd_rsi2_m5_usd500000_smaller_stop_and_time_confirmed_rebound_atr_not_compressed,2017-08-31T07:45:00+00:00,2017-08-31T08:15:00+00:00,48596,signal_exit,0.11089005830008092,0.19865650000014495,False,True,1800,3.89129130045461,1.0525689186377052,-2.081520392267831,-7.4118872418480555,0.4760052108827547,0.20689655172433594,0.3999999999992898,7.75
nzdusd_rsi2_m5_usd500000_smaller_stop_and_time_confirmed_rebound_atr_not_compressed,2017-08-31T11:15:00+00:00,2017-08-31T12:15:00+00:00,48638,holding_bars,-3.023275512950568,-5.399670500001015,False,False,3600,4.190455634130229,1.1254016329424308,-2.0076182785192107,-9.689538488923983,-2.2018115632310002,0.44444444444458153,0.2999999999997449,11.25
nzdusd_rsi2_m5_usd500000_smaller_stop_and_time_confirmed_rebound_atr_not_compressed,2017-09-01T13:55:00+00:00,2017-09-01T14:00:00+00:00,48949,stop,-10.260253756431357,-18.407344378240683,True,False,300,8.502944542178948,1.870003359661444,0.5149731549984846,0.8627152496002465,-0.6871226156394086,0.3246753246752685,0.49999999999994493,13.916666666666666
nzdusd_rsi2_m5_usd500000_smaller_stop_and_time_confirmed_rebound_atr_not_compressed,2017-09-01T14:10:00+00:00,2017-09-01T14:40:00+00:00,48952,signal_exit,2.6237317439998042,4.6986599999996495,False,True,1800,9.063071851008353,1.9045693469658183,0.4467575901180031,-1.871674688249571,-1.7532380319326892,0.6515151515150521,0.40000000000040004,14.166666666666666
nzdusd_rsi2_m5_usd500000_smaller_stop_and_time_confirmed_rebound_atr_not_compressed,2017-09-04T07:00:00+00:00,2017-09-04T07:50:00+00:00,49151,signal_exit,-0.3356434170003655,-0.6015115000006549,False,False,3000,4.208521361155621,1.2548052984169955,0.28593738739196106,-1.2689261881318823,-1.8911074174408666,0.11904761904758128,0.49999999999994493,7.0
nzdusd_rsi2_m5_usd500000_smaller_stop_and_time_confirmed_rebound_atr_not_compressed,2017-09-05T15:55:00+00:00,2017-09-05T16:20:00+00:00,49533,signal_exit,1.1529954381002094,2.0921710000003797,False,True,1500,4.595573815538292,1.1877697103337677,3.662282933115848,13.96004795554283,-0.1301807031874359,0.6206896551722422,0.2999999999997449,15.916666666666666
nzdusd_rsi2_m5_usd500000_smaller_stop_and_time_confirmed_rebound_atr_not_compressed,2017-09-06T10:55:00+00:00,2017-09-06T11:20:00+00:00,49757,signal_exit,0.4406253000997976,0.7950654999996348,False,True,1500,3.763078865227641,1.1131823986627702,-0.4361462382630187,-4.640730306696626,-1.70935800582486,0.6296296296296601,0.3999999999992898,10.916666666666666
nzdusd_rsi2_m5_usd500000_smaller_stop_and_time_confirmed_rebound_atr_not_compressed,2017-09-06T15:15:00+00:00,2017-09-06T15:30:00+00:00,49809,target,7.394317383606508,13.335107995683513,False,True,900,7.37010420148915,1.75903501810733,-0.6014879655330808,-3.230578821352372,-0.790729144701455,0.30158730158726804,0.49999999999994493,15.25
nzdusd_rsi2_m5_usd500000_smaller_stop_and_time_confirmed_rebound_atr_not_compressed,2017-09-07T07:45:00+00:00,2017-09-07T07:45:00+00:00,50003,target,3.621676037974112,6.502111378768603,False,True,0,3.852390773061227,1.1562480527088321,-1.592457671636471,-7.706304549727345,-0.8231551526823087,0.7058823529412149,0.2999999999997449,7.75
nzdusd_rsi2_m5_usd500000_smaller_stop_and_time_confirmed_rebound_atr_not_compressed,2017-09-07T13:45:00+00:00,2017-09-07T14:00:00+00:00,50075,signal_exit,1.7166533799995338,3.0952999999991593,False,True,900,5.929806048608155,1.5065409989794094,0.4760855962198177,1.0622218468219597,-0.46906856596679575,0.70422535211261,0.40000000000040004,13.75
nzdusd_rsi2_m5_usd500000_smaller_stop_and_time_confirmed_rebound_atr_not_compressed,2017-09-08T07:30:00+00:00,2017-09-08T08:10:00+00:00,50282,stop,-8.223567825836493,-15.017472289694107,True,False,2400,6.80347951662991,1.3148200255029472,2.4210442307881026,6.107527425544736,-1.4009277382502385,0.744186046511784,0.49999999999994493,7.5
nzdusd_rsi2_m5_usd500000_smaller_stop_and_time_confirmed_rebound_atr_not_compressed,2017-09-08T14:40:00+00:00,2017-09-08T15:10:00+00:00,50368,signal_exit,1.8662706358493972,3.3913694999989046,False,True,1800,5.28128300388324,1.0722012385133664,-0.24406771915869582,-3.89576228554963,-1.4799825200542944,0.6792452830188798,0.20000000000020002,14.666666666666666
nzdusd_rsi2_m5_usd500000_smaller_stop_and_time_confirmed_rebound_atr_not_compressed,2017-09-11T11:35:00+00:00,2017-09-11T12:05:00+00:00,50612,signal_exit,0.9292285055999889,1.6907359999999798,False,True,1800,4.135733688551852,1.0627808290582421,1.3601282308077192,2.4077632019141895,-1.9507135079592095,0.18867924528298724,0.5999999999994898,11.583333333333334
nzdusd_rsi2_m5_usd500000_smaller_stop_and_time_confirmed_rebound_atr_not_compressed,2017-09-11T12:55:00+00:00,2017-09-11T13:40:00+00:00,50628,signal_exit,0.6557952704000192,1.1914885000000348,False,True,2700,4.641905311277014,1.1590758644179422,0.5420466807483681,-0.49131228401707705,-1.7148989491517308,0.5681818181817608,0.49999999999994493,12.916666666666666
nzdusd_rsi2_m5_usd500000_smaller_stop_and_time_confirmed_rebound_atr_not_compressed,2017-09-11T15:05:00+00:00,2017-09-11T15:40:00+00:00,50654,stop,-5.324330182676351,-9.666539910450892,True,False,2100,4.2794002342332815,1.0579877076763151,0.05450195937415268,-1.8491921007691607,-1.8043652609700833,0.23529411764707162,0.20000000000020002,15.083333333333334
nzdusd_rsi2_m5_usd500000_smaller_stop_and_time_confirmed_rebound_atr_not_compressed,2017-09-11T15:55:00+00:00,2017-09-11T16:35:00+00:00,50664,signal_exit,-0.279855366,-0.507444,False,False,2400,4.210971383314325,1.037560648166808,-0.19570364288055073,-3.7853738016396545,-1.3752709944795924,0.1923076923076841,0.40000000000040004,15.916666666666666
nzdusd_rsi2_m5_usd500000_smaller_stop_and_time_confirmed_rebound_atr_not_compressed,2017-09-12T09:25:00+00:00,2017-09-12T10:05:00+00:00,50869,signal_exit,-0.006063848600638078,-0.011073500001165226,False,False,2400,6.024121155894968,1.3011285494373552,2.5864940738393902,8.163564362609883,-1.1683780654001135,0.5370370370370751,0.20000000000020002,9.416666666666666
nzdusd_rsi2_m5_usd500000_smaller_stop_and_time_confirmed_rebound_atr_not_compressed,2017-09-12T11:10:00+00:00,2017-09-12T11:35:00+00:00,50890,stop,-6.583677838901646,-12.024982354158256,True,False,1500,5.407133176740249,1.1531797906686192,1.9046956074337023,6.559599800406573,-0.47894396859051,0.35087719298237413,0.2999999999997449,11.166666666666666
nzdusd_rsi2_m5_usd500000_smaller_stop_and_time_confirmed_rebound_atr_not_compressed,2017-09-12T12:45:00+00:00,2017-09-12T12:55:00+00:00,50909,stop,-6.240999300696198,-11.386607007291003,True,False,600,5.0382143411470866,1.0748429983216883,1.2732419483939277,3.914926061377422,-0.4657305588414003,0.6206896551724336,0.40000000000040004,12.75
nzdusd_rsi2_m5_usd500000_smaller_stop_and_time_confirmed_rebound_atr_not_compressed,2017-09-12T13:05:00+00:00,2017-09-12T13:15:00+00:00,50913,signal_exit,2.463586730699698,4.48986099999945,False,True,600,5.018740623633444,1.067414353614569,1.0759077986314547,2.0008800461851033,-1.370289809503975,0.48148148148135966,0.40000000000040004,13.083333333333334
nzdusd_rsi2_m5_usd500000_smaller_stop_and_time_confirmed_rebound_atr_not_compressed,2017-09-12T13:50:00+00:00,2017-09-12T14:05:00+00:00,50922,signal_exit,1.6968886719001481,3.09030900000027,False,True,900,4.735485610179059,1.0114348189474927,0.7834531650632081,0.6916146824632331,-1.3445906143891408,0.1914893617022131,0.0999999999995449,13.833333333333334
nzdusd_rsi2_m5_usd500000_smaller_stop_and_time_confirmed_rebound_atr_not_compressed,2017-09-13T07:05:00+00:00,2017-09-13T07:55:00+00:00,51125,signal_exit,-0.49894610040021914,-0.9108180000003999,False,False,3000,4.2980080267087715,1.1069761739021138,0.4372327667057752,2.9993210662716905,0.6608895650936913,0.7692307692309499,0.40000000000040004,7.083333333333333
nzdusd_rsi2_m5_usd500000_smaller_stop_and_time_confirmed_rebound_atr_not_compressed,2017-09-13T13:15:00+00:00,2017-09-13T13:35:00+00:00,51199,stop,-5.099201249070493,-9.269589618379372,True,False,1200,4.030592629931924,1.1190724920957835,-0.44858273749351674,-5.181729917823389,-2.1085405078002144,0.12499999999988436,0.2999999999997449,13.25
nzdusd_rsi2_m5_usd500000_smaller_stop_and_time_confirmed_rebound_atr_not_compressed,2017-09-13T14:15:00+00:00,2017-09-13T14:30:00+00:00,51211,stop,-6.559315810219205,-11.91303271016928,True,False,900,5.352594945907906,1.3684059669268827,-0.9482651642982444,-5.858834287738182,-1.1492893268353008,0.6533333333332958,0.2999999999997449,14.25
nzdusd_rsi2_m5_usd500000_smaller_stop_and_time_confirmed_rebound_atr_not_compressed,2017-09-13T14:40:00+00:00,2017-09-13T14:50:00+00:00,51216,signal_exit,2.809038444800027,5.092528000000049,False,True,600,5.441731375414638,1.3614044655058093,-1.222717465510174,-8.781227694222517,-2.146080171927927,0.4482758620688203,0.20000000000020002,14.666666666666666
nzdusd_rsi2_m5_usd500000_smaller_stop_and_time_confirmed_rebound_atr_not_compressed,2017-09-13T15:45:00+00:00,2017-09-13T16:45:00+00:00,51229,holding_bars,1.8211121633996457,3.2937459999993592,False,True,3600,6.464657876267421,1.477656360446372,-1.6994191398734713,-10.721393869682068,-1.524266400528124,0.8252427184466385,0.20000000000020002,15.75
nzdusd_rsi2_m5_usd500000_smaller_stop_and_time_confirmed_rebound_atr_not_compressed,2017-09-14T11:45:00+00:00,2017-09-14T12:25:00+00:00,51463,stop,-4.769176230402458,-8.611730282416861,True,False,2400,3.703373509280884,1.0095104192057691,-1.0151492702781997,-6.9980078181009135,-1.8882520351609509,0.35999999999957366,0.30000000000085514,11.75
nzdusd_rsi2_m5_usd500000_smaller_stop_and_time_confirmed_rebound_atr_not_compressed,2017-09-14T12:40:00+00:00,2017-09-14T12:40:00+00:00,51474,target,6.774072189420538,12.19235455259276,False,True,0,6.798206963540097,1.6368963857819603,-1.3742628951349891,-11.096052356864522,-2.180756551849546,0.11640211640211175,0.49999999999994493,12.666666666666666
nzdusd_rsi2_m5_usd500000_smaller_stop_and_time_confirmed_rebound_atr_not_compressed,2017-09-14T13:20:00+00:00,2017-09-14T13:40:00+00:00,51482,signal_exit,2.6642227177495528,4.796080499999195,False,True,1200,9.606788613748861,1.9498685336533124,-1.4850665510971255,-8.397468443107615,-1.4210236506833305,0.4181818181816934,0.20000000000020002,13.333333333333334
nzdusd_rsi2_m5_usd500000_smaller_stop_and_time_confirmed_rebound_atr_not_compressed,2017-09-14T14:55:00+00:00,2017-09-14T15:35:00+00:00,51501,signal_exit,2.1053130949502297,3.795408500000414,False,True,2400,6.6255329149581685,1.3011648803311422,-1.4269567296673136,-5.127986687299155,0.098484398451893,0.47692307692309793,0.49999999999994493,14.916666666666666
nzdusd_rsi2_m5_usd500000_smaller_stop_and_time_confirmed_rebound_atr_not_compressed,2017-09-15T07:10:00+00:00,2017-09-15T07:35:00+00:00,51688,signal_exit,-1.6043595025007118,-2.9069750000012897,False,False,1500,4.6817933313998,1.2328114600875208,1.0831206002473308,3.7855290580262526,-0.47544274521480323,0.12698412698407383,0.30000000000085514,7.166666666666667
nzdusd_rsi2_m5_usd500000_smaller_stop_and_time_confirmed_rebound_atr_not_compressed,2017-09-15T09:50:00+00:00,2017-09-15T10:05:00+00:00,51720,signal_exit,3.352024780399967,6.091267999999939,False,True,900,5.42007198574418,1.3233036705163013,1.4130858117542908,6.845220355523366,0.4253132048393228,0.5522388059701641,0.49999999999994493,9.833333333333334
nzdusd_rsi2_m5_usd500000_smaller_stop_and_time_confirmed_rebound_atr_not_compressed,2017-09-15T14:20:00+00:00,2017-09-15T14:40:00+00:00,51774,signal_exit,3.0701804029999966,5.590277499999994,False,True,1200,6.0915353540552735,1.2744407729357572,1.7028362716094314,5.025367287088443,-1.127538184292,0.04999999999976408,0.40000000000040004,14.333333333333334
nzdusd_rsi2_m5_usd500000_smaller_stop_and_time_confirmed_rebound_atr_not_compressed,2017-09-15T15:00:00+00:00,2017-09-15T15:20:00+00:00,51782,signal_exit,2.080808545500228,3.790179500000415,False,True,1200,5.933115201364246,1.2227093509491778,1.5517912310860673,4.976047877631472,-0.7452342500060639,0.48484848484846954,0.49999999999994493,15.0
nzdusd_rsi2_m5_usd500000_smaller_stop_and_time_confirmed_rebound_atr_not_compressed,2017-09-18T08:00:00+00:00,2017-09-18T08:10:00+00:00,51982,signal_exit,2.8984717359995282,5.28918199999914,False,True,600,4.067010166164243,1.0861550939704463,0.4553648353263693,-1.0263847831666766,-1.6025326762060907,0.4482758620688203,0.20000000000020002,8.0
nzdusd_rsi2_m5_usd500000_smaller_stop_and_time_confirmed_rebound_atr_not_compressed,2017-09-18T09:25:00+00:00,2017-09-18T09:35:00+00:00,51999,signal_exit,2.12773904639937,3.8884119999988487,False,True,600,3.7847028026026437,1.0067488077802416,0.3389877290609278,1.7113344769285483,0.21025628262635354,0.02941176470607443,0.2999999999997449,9.416666666666666
nzdusd_rsi2_m5_usd500000_smaller_stop_and_time_confirmed_rebound_atr_not_compressed,2017-09-18T11:55:00+00:00,2017-09-18T12:25:00+00:00,52029,signal_exit,0.48832434419954984,0.8899659999991795,False,True,1800,3.7253187354676025,1.0104712794926753,-0.11891767617413274,-3.8784280458139855,-1.79142073179633,0.6451612903228001,0.2999999999997449,11.916666666666666
nzdusd_rsi2_m5_usd500000_smaller_stop_and_time_confirmed_rebound_atr_not_compressed,2017-09-19T13:15:00+00:00,2017-09-19T13:25:00+00:00,52326,signal_exit,2.3456541520001966,4.288216000000359,False,True,600,4.97407550645891,1.2884696364810446,1.321444369643005,5.561880890000072,0.372058665882945,0.6818181818183653,0.3999999999992898,13.25
nzdusd_rsi2_m5_usd500000_smaller_stop_and_time_confirmed_rebound_atr_not_compressed,2017-09-19T15:35:00+00:00,2017-09-19T15:55:00+00:00,52354,signal_exit,3.109606091899748,5.687956999999539,False,True,1200,4.417947781059379,1.09543111105307,1.1149618373230716,4.726354178433188,0.6725215570539963,0.7647058823530373,0.40000000000040004,15.583333333333334
nzdusd_rsi2_m5_usd500000_smaller_stop_and_time_confirmed_rebound_atr_not_compressed,2017-09-20T07:05:00+00:00,2017-09-20T07:35:00+00:00,52531,stop,-8.101291796814767,-14.914012880734106,True,False,1800,6.849689929513698,1.6008511143359223,1.4944132353154616,9.279631580067102,0.45627458671273113,0.4516129032254945,0.30000000000085514,7.083333333333333
nzdusd_rsi2_m5_usd500000_smaller_stop_and_time_confirmed_rebound_atr_not_compressed,2017-09-20T12:50:00+00:00,2017-09-20T13:10:00+00:00,52600,signal_exit,-0.6051829388003254,-1.1159560000006,False,False,1200,4.474091250495415,1.0062230990096726,1.9547957150336661,6.364525164190408,-1.354930410462022,0.3333333333333333,0.49999999999994493,12.833333333333334
nzdusd_rsi2_m5_usd500000_smaller_stop_and_time_confirmed_rebound_atr_not_compressed,2017-09-21T07:15:00+00:00,2017-09-21T07:25:00+00:00,52815,signal_exit,2.6760278509999176,4.888614999999849,False,True,600,6.456821062304239,1.2382224824604067,-1.1992009982763168,-6.887056010726982,-1.931951661799417,0.714285714285752,0.49999999999994493,7.25
nzdusd_rsi2_m5_usd500000_smaller_stop_and_time_confirmed_rebound_atr_not_compressed,2017-09-21T08:55:00+00:00,2017-09-21T09:35:00+00:00,52835,signal_exit,2.1211844672999782,3.88708899999996,False,True,2400,5.051963253032311,1.0020378848440161,-0.9096102743849132,-2.098393337372443,0.5704090743959477,0.5399999999999845,0.700000000000145,8.916666666666666
nzdusd_rsi2_m5_usd500000_smaller_stop_and_time_confirmed_rebound_atr_not_compressed,2017-09-22T09:10:00+00:00,2017-09-22T09:15:00+00:00,53119,signal_exit,0.8135120146998795,1.4880409999997797,False,True,300,3.7771154334688726,1.0647556740529032,0.8890608798215771,2.7942436125896917,-1.4430299529728867,0.3124999999999783,0.3999999999992898,9.166666666666666
nzdusd_rsi2_m5_usd500000_smaller_stop_and_time_confirmed_rebound_atr_not_compressed,2017-09-22T10:50:00+00:00,2017-09-22T11:00:00+00:00,53139,signal_exit,1.2483543057997104,2.2872009999994694,False,True,600,3.943639881176619,1.0684894689304707,1.1792310839738116,4.756111760266848,-0.04184055653924514,0.6578947368421437,0.40000000000040004,10.833333333333334
nzdusd_rsi2_m5_usd500000_smaller_stop_and_time_confirmed_rebound_atr_not_compressed,2017-09-22T11:30:00+00:00,2017-09-22T11:50:00+00:00,53147,signal_exit,1.685718761999541,3.087396999999159,False,True,1200,4.152262010226332,1.1104340892839606,1.2825382152081504,3.444687285090333,-1.6843865708513959,0.26923076923078565,0.49999999999994493,11.5
nzdusd_rsi2_m5_usd500000_smaller_stop_and_time_confirmed_rebound_atr_not_compressed,2017-09-22T15:15:00+00:00,2017-09-22T15:25:00+00:00,53192,signal_exit,2.3910721558493426,4.386483499998794,False,True,600,4.0138572500784955,1.047326623069255,1.251844614450892,4.618576536168984,-0.18941447197810338,0.10526315789463433,0.30000000000085514,15.25
nzdusd_rsi2_m5_usd500000_smaller_stop_and_time_confirmed_rebound_atr_not_compressed,2017-09-25T09:50:00+00:00,2017-09-25T10:40:00+00:00,53406,signal_exit,0.4891313258995494,0.8904629999991795,False,True,3000,4.8285188131698495,1.1846211422552773,-0.15688463188195098,-2.6888771084700815,-1.761024440896355,0.21153846153853545,0.20000000000020002,9.833333333333334
nzdusd_rsi2_m5_usd500000_smaller_stop_and_time_confirmed_rebound_atr_not_compressed,2017-09-25T13:05:00+00:00,2017-09-25T13:10:00+00:00,53445,signal_exit,0.7097544135997689,1.2909319999995796,False,True,300,4.270549273993071,1.0332359776328734,-0.5597408903111338,-3.4225907594653493,-1.4194497180114856,0.16949152542371607,0.5000000000010552,13.083333333333334
nzdusd_rsi2_m5_usd500000_smaller_stop_and_time_confirmed_rebound_atr_not_compressed,2017-09-25T13:40:00+00:00,2017-09-25T13:50:00+00:00,53452,signal_exit,1.8104495127996476,3.2911279999993592,False,True,600,4.237792043403662,1.0235264676350093,-0.6843528157776207,-4.018818608616416,-1.380072490379028,0.257142857142984,0.20000000000020002,13.666666666666666
nzdusd_rsi2_m5_usd500000_smaller_stop_and_time_confirmed_rebound_atr_not_compressed,2017-09-25T15:55:00+00:00,2017-09-25T16:15:00+00:00,53479,stop,-6.411883247283501,-11.66008955679851,True,False,1200,5.22577943067879,1.1754772260307742,-0.4749961762656428,-2.6186800140712827,-1.0188638462018549,0.26666666666649397,0.30000000000085514,15.916666666666666
nzdusd_rsi2_m5_usd500000_smaller_stop_and_time_confirmed_rebound_atr_not_compressed,2017-09-26T07:15:00+00:00,2017-09-26T07:30:00+00:00,53661,signal_exit,0.38361086639943587,0.6938159999989797,False,True,900,4.118847849522029,1.0985711804742007,-1.2285579224011345,-6.541151928030322,-1.5520374408319113,0.08695652173921438,0.49999999999994493,7.25
nzdusd_rsi2_m5_usd500000_smaller_stop_and_time_confirmed_rebound_atr_not_compressed,2017-09-26T08:00:00+00:00,2017-09-26T09:00:00+00:00,53670,holding_bars,-2.605314089700481,-4.705281000000869,False,False,3600,4.917228659107185,1.2617940031199426,-1.40577186849319,-8.268191054349867,-1.7150436965926759,0.40206185567009367,0.49999999999994493,8.0
nzdusd_rsi2_m5_usd500000_smaller_stop_and_time_confirmed_rebound_atr_not_compressed,2017-09-26T11:40:00+00:00,2017-09-26T12:00:00+00:00,53714,stop,-5.309743639795195,-9.574005841679037,True,False,1200,4.084874641452064,1.0419712663292482,-1.923179649357385,-7.969608880359929,-0.926547009437534,0.322580645161221,0.49999999999994493,11.666666666666666
nzdusd_rsi2_m5_usd500000_smaller_stop_and_time_confirmed_rebound_atr_not_compressed,2017-09-26T12:10:00+00:00,2017-09-26T12:35:00+00:00,53720,signal_exit,-0.0022845140500305505,-0.004115500000055036,False,False,1500,4.392066334928459,1.1058506299181294,-1.9768731570553564,-9.05316425249331,-1.744639740253564,0.7894736842104956,0.49999999999994493,12.166666666666666
nzdusd_rsi2_m5_usd500000_smaller_stop_and_time_confirmed_rebound_atr_not_compressed,2017-09-26T14:30:00+00:00,2017-09-26T14:50:00+00:00,53748,stop,-5.387392585276441,-9.694786009135218,True,False,1200,4.295767356425403,1.0798149047484042,-1.8698403640324956,-8.615163744172651,-1.501626290251416,0.5892857142858028,0.1999999999990898,14.5
nzdusd_rsi2_m5_usd500000_smaller_stop_and_time_confirmed_rebound_atr_not_compressed,2017-09-27T07:20:00+00:00,2017-09-27T07:20:00+00:00,53944,target,3.1943854125278066,5.737042766752526,False,True,0,3.5199270808245346,1.0653593533846304,-1.0333641269779779,-7.748267354664669,-1.4403876516562983,0.5384615384611443,0.40000000000040004,7.333333333333333
nzdusd_rsi2_m5_usd500000_smaller_stop_and_time_confirmed_rebound_atr_not_compressed,2017-09-27T11:20:00+00:00,2017-09-27T11:35:00+00:00,53992,signal_exit,0.9408812262999889,1.69558699999998,False,True,900,3.628005061116148,1.026135985264677,-0.05425063882423377,0.6616799361807706,0.2688134194724153,0.6521739130432264,0.40000000000040004,11.333333333333334
nzdusd_rsi2_m5_usd500000_smaller_stop_and_time_confirmed_rebound_atr_not_compressed,2017-09-27T12:40:00+00:00,2017-09-27T12:50:00+00:00,54008,stop,-5.229787359784757,-9.409477077698375,True,False,600,4.0531743999530505,1.1215138366029467,0.09193654948519075,-2.8607215351326856,-2.0175036564681728,0.3333333333334455,0.40000000000040004,12.666666666666666
nzdusd_rsi2_m5_usd500000_smaller_stop_and_time_confirmed_rebound_atr_not_compressed,2017-09-27T12:55:00+00:00,2017-09-27T13:05:00+00:00,54011,signal_exit,0.609878762699655,1.0967069999993795,False,True,600,4.380293060020745,1.1910676202612756,-0.09770357386033546,-3.4547320728496302,-1.4879313328121255,0.5468750000000406,0.2999999999997449,12.916666666666666
nzdusd_rsi2_m5_usd500000_smaller_stop_and_time_confirmed_rebound_atr_not_compressed,2017-09-28T07:15:00+00:00,2017-09-28T07:25:00+00:00,54229,target,5.984174057965465,10.735870215223294,False,True,600,6.0691412775565725,1.4102874597615567,-1.138399884875084,-7.42293834797589,-1.7314434504116751,0.4772727272725782,0.49999999999994493,7.25
nzdusd_rsi2_m5_usd500000_smaller_stop_and_time_confirmed_rebound_atr_not_compressed,2017-09-28T10:10:00+00:00,2017-09-28T10:35:00+00:00,54264,signal_exit,3.168473392799744,5.696643999999539,False,True,1500,4.668042064366605,1.0261006309097684,-0.35852944714164237,-2.8834402538195594,-1.7684962723824176,0.33333333333347037,0.49999999999994493,10.166666666666666
nzdusd_rsi2_m5_usd500000_smaller_stop_and_time_confirmed_rebound_atr_not_compressed,2017-09-29T13:40:00+00:00,2017-09-29T13:45:00+00:00,54589,stop,-6.094387137885928,-11.028568834393642,True,False,300,4.7112820620691895,1.3267404290856937,0.6877198973894725,3.642642566700235,0.34207476578241275,0.5769230769232658,0.6999999999990347,13.666666666666666
nzdusd_rsi2_m5_usd500000_smaller_stop_and_time_confirmed_rebound_atr_not_compressed,2017-09-29T14:05:00+00:00,2017-09-29T14:40:00+00:00,54594,signal_exit,1.490685920899928,2.6941729999998696,False,True,2100,7.187108144433624,1.7903640985767837,0.6181849803794927,0.9464882538058286,-0.9643441565077674,0.6929133858267689,0.20000000000020002,14.083333333333334
nzdusd_rsi2_m5_usd500000_smaller_stop_and_time_confirmed_rebound_atr_not_compressed,2017-10-02T09:35:00+00:00,2017-10-02T09:40:00+00:00,54822,signal_exit,0.27655472519993873,0.4970429999998898,False,True,300,3.7302050977525476,1.0754644065661536,-1.6532198342583801,-4.607913788331382,0.7945188265728376,0.08823529411757022,0.49999999999994493,9.583333333333334
nzdusd_rsi2_m5_usd500000_smaller_stop_and_time_confirmed_rebound_atr_not_compressed,2017-10-02T15:10:00+00:00,2017-10-02T16:10:00+00:00,54889,holding_bars,-3.3860363502000275,-6.104266000000049,False,False,3600,5.0313087147852755,1.31231062735477,0.5635025997939682,1.806230838318256,-0.42092705686030196,0.07692307692301123,0.2999999999997449,15.166666666666666
nzdusd_rsi2_m5_usd500000_smaller_stop_and_time_confirmed_rebound_atr_not_compressed,2017-10-03T08:30:00+00:00,2017-10-03T09:30:00+00:00,55094,holding_bars,-3.8483550215998545,-6.9016409999997395,False,False,3600,4.555072672604546,1.2245181075393126,-0.5773355581374909,-3.239136295211831,-1.4750510719218906,0.09999999999955592,0.49999999999994493,8.5
nzdusd_rsi2_m5_usd500000_smaller_stop_and_time_confirmed_rebound_atr_not_compressed,2017-10-03T12:50:00+00:00,2017-10-03T13:05:00+00:00,55146,signal_exit,-0.1682631590005077,-0.30165500000091017,False,False,900,3.6259223096232995,1.0183623862282927,-0.18413258675738065,-3.255434063397576,-1.697617036412515,0.6896551724140704,0.49999999999994493,12.833333333333334
nzdusd_rsi2_m5_usd500000_smaller_stop_and_time_confirmed_rebound_atr_not_compressed,2017-10-03T14:40:00+00:00,2017-10-03T14:40:00+00:00,55168,stop,-5.766056288928394,-10.335286411414938,True,False,0,4.467022801505408,1.203371622175518,-0.5688419154251256,-2.864634034004636,-0.8083497273895002,0.37313432835813476,0.49999999999994493,14.666666666666666
nzdusd_rsi2_m5_usd500000_smaller_stop_and_time_confirmed_rebound_atr_not_compressed,2017-10-03T14:55:00+00:00,2017-10-03T15:55:00+00:00,55171,holding_bars,-2.0108182232001814,-3.601035500000325,False,False,3600,5.14243771680288,1.3377623951255229,-0.5884754462985256,-4.293556898675567,-1.5879723850568053,0.5636363636364847,0.5999999999994898,14.916666666666666
nzdusd_rsi2_m5_usd500000_smaller_stop_and_time_confirmed_rebound_atr_not_compressed,2017-10-04T07:00:00+00:00,2017-10-04T07:45:00+00:00,55361,signal_exit,0.6119716895996542,1.0979039999993796,False,True,2700,3.820469803883154,1.1434770554015448,0.4458821577731578,-0.8775241605000457,-1.9909904510527503,0.2,0.49999999999994493,7.0
nzdusd_rsi2_m5_usd500000_smaller_stop_and_time_confirmed_rebound_atr_not_compressed,2017-10-04T08:35:00+00:00,2017-10-04T09:15:00+00:00,55380,signal_exit,-0.9487897375000501,-1.70186500000009,False,False,2400,3.476962379798922,1.041270607766254,-0.13208530011218444,-1.3142995188291164,-0.6981695569930156,0.6129032258066827,0.49999999999994493,8.583333333333334
nzdusd_rsi2_m5_usd500000_smaller_stop_and_time_confirmed_rebound_atr_not_compressed,2017-10-04T12:30:00+00:00,2017-10-04T13:00:00+00:00,55427,stop,-4.971587208178707,-8.927253022407445,True,False,1800,3.8125299497513874,1.1382785515222011,0.46082531255880166,0.9079515780782742,-0.7440150119110019,0.681818181818113,0.40000000000040004,12.5
nzdusd_rsi2_m5_usd500000_smaller_stop_and_time_confirmed_rebound_atr_not_compressed,2017-10-05T08:10:00+00:00,2017-10-05T08:15:00+00:00,55656,signal_exit,1.6193439737994189,2.8989329999989595,False,True,300,3.5326775886568993,1.1904923812440424,-0.37231343504551595,-1.4474353827425614,-0.32009211691039363,0.636363636363774,0.0,8.166666666666666
nzdusd_rsi2_m5_usd500000_smaller_stop_and_time_confirmed_rebound_atr_not_compressed,2017-10-05T10:45:00+00:00,2017-10-05T11:45:00+00:00,55687,holding_bars,-3.4089828696000275,-6.100542000000049,False,False,3600,3.1571002650010827,1.026852909308269,-0.20766133879470008,-2.309069017261506,-1.4919238558786458,0.09090909090918266,0.3999999999992898,10.75
nzdusd_rsi2_m5_usd500000_smaller_stop_and_time_confirmed_rebound_atr_not_compressed,2017-10-05T12:40:00+00:00,2017-10-05T12:45:00+00:00,55710,stop,-4.594276245982755,-8.214332640770166,True,False,300,3.4071283198758704,1.0984423838814896,-0.6756751033071428,-3.473770842897557,-1.057805399665211,0.9512195121950757,0.49999999999994493,12.666666666666666
nzdusd_rsi2_m5_usd500000_smaller_stop_and_time_confirmed_rebound_atr_not_compressed,2017-10-05T13:35:00+00:00,2017-10-05T14:00:00+00:00,55721,signal_exit,0.28076922219993833,0.50083699999989,False,True,1500,4.093262139696661,1.258141795407078,-1.0245151871238627,-8.008480861987552,-1.7383322569016586,0.16949152542371607,0.49999999999994493,13.583333333333334
nzdusd_rsi2_m5_usd500000_smaller_stop_and_time_confirmed_rebound_atr_not_compressed,2017-10-05T14:45:00+00:00,2017-10-05T15:05:00+00:00,55735,stop,-5.661066895262363,-10.101832432659462,True,False,1200,4.4014257662315135,1.2748567423384511,-1.4688725364514594,-5.843473107291794,0.002692699874879814,0.5000000000003084,0.3999999999992898,14.75
nzdusd_rsi2_m5_usd500000_smaller_stop_and_time_confirmed_rebound_atr_not_compressed,2017-10-05T15:20:00+00:00,2017-10-05T16:05:00+00:00,55742,signal_exit,-2.300081006000151,-4.0985050000002685,False,False,2700,4.811950263190434,1.3431679758094262,-1.567737605088343,-7.913426766631553,-1.7842662830405758,0.6140350877192743,0.49999999999994493,15.333333333333334
nzdusd_rsi2_m5_usd500000_smaller_stop_and_time_confirmed_rebound_atr_not_compressed,2017-10-06T09:05:00+00:00,2017-10-06T09:30:00+00:00,55948,stop,-4.541277077171949,-8.06191563495819,True,False,1500,3.432712712423817,1.0900181626083942,-0.8360839898505221,-4.429738907402932,-1.2451452337797628,0.33333333333355764,0.2999999999997449,9.083333333333334
nzdusd_rsi2_m5_usd500000_smaller_stop_and_time_confirmed_rebound_atr_not_compressed,2017-10-06T09:40:00+00:00,2017-10-06T10:05:00+00:00,55955,signal_exit,0.8477584337998758,1.5036509999997798,False,True,1500,3.1243533085820387,1.0023013075919047,-0.930898251846948,-6.31249164201027,-1.445812902917418,0.25,0.49999999999994493,9.666666666666666
nzdusd_rsi2_m5_usd500000_smaller_stop_and_time_confirmed_rebound_atr_not_compressed,2017-10-06T12:40:00+00:00,2017-10-06T12:40:00+00:00,55991,stop,-7.10366492560768,-12.581765720169463,True,False,0,5.5932768747750705,1.575684704915795,-1.0638403519966582,-6.4432179857163385,-2.009183951015387,0.3263888888889462,0.49999999999994493,12.666666666666666
nzdusd_rsi2_m5_usd500000_smaller_stop_and_time_confirmed_rebound_atr_not_compressed,2017-10-10T11:50:00+00:00,2017-10-10T11:55:00+00:00,56550,signal_exit,1.1346578660992162,2.0054044999986145,False,True,300,3.289375422804072,1.0293638463914783,-0.020835959350420347,-2.0188384212309924,-1.523175068925528,0.19047619047581285,0.30000000000085514,11.833333333333334
nzdusd_rsi2_m5_usd500000_smaller_stop_and_time_confirmed_rebound_atr_not_compressed,2017-10-10T12:40:00+00:00,2017-10-10T12:55:00+00:00,56560,stop,-4.931081713999207,-8.715238094731719,True,False,900,3.810480914197483,1.1532258595862062,-0.19592732104351743,-1.5972459155612104,-0.9629531073401719,0.1304347826085802,0.20000000000020002,12.666666666666666
nzdusd_rsi2_m5_usd500000_smaller_stop_and_time_confirmed_rebound_atr_not_compressed,2017-10-10T13:45:00+00:00,2017-10-10T13:50:00+00:00,56573,signal_exit,1.1353823311498439,2.005621499999724,False,True,300,3.479047311215419,1.0495008267237382,-0.3826927701061964,-2.5483038731234746,-1.1512175614275837,0.3888888888890602,0.40000000000040004,13.75
nzdusd_rsi2_m5_usd500000_smaller_stop_and_time_confirmed_rebound_atr_not_compressed,2017-10-10T15:45:00+00:00,2017-10-10T16:00:00+00:00,56597,signal_exit,0.6808101585500197,1.2047605000000348,False,True,900,3.6875309028893684,1.0619416234216903,0.3938980927513547,0.830741166404411,-1.0993312333940999,0.35714285714274385,0.40000000000040004,15.75
nzdusd_rsi2_m5_usd500000_smaller_stop_and_time_confirmed_rebound_atr_not_compressed,2017-10-11T07:10:00+00:00,2017-10-11T07:25:00+00:00,56778,signal_exit,1.7004182600997817,3.005334499999614,False,True,900,3.8623319302180485,1.2359265348946218,-0.07755297212086126,-3.6840097086541435,-1.8603643846707998,0.22499999999977102,0.30000000000085514,7.166666666666667
nzdusd_rsi2_m5_usd500000_smaller_stop_and_time_confirmed_rebound_atr_not_compressed,2017-10-11T08:40:00+00:00,2017-10-11T09:40:00+00:00,56796,holding_bars,-0.9018229252503082,-1.5947355000005448,False,False,3600,3.5579175339846807,1.1148476534553229,-0.46715737176830063,-2.3129768677802174,-0.496239379302085,0.5714285714284959,0.3999999999992898,8.666666666666666
nzdusd_rsi2_m5_usd500000_smaller_stop_and_time_confirmed_rebound_atr_not_compressed,2017-10-11T13:55:00+00:00,2017-10-11T14:25:00+00:00,56859,stop,-5.158992069601185,-9.14228614141624,True,False,1800,3.9233718887238673,1.2176751014876606,0.5563123153223867,2.624329190317283,0.17550344098376847,0.24999999999991326,0.40000000000040004,13.916666666666666
nzdusd_rsi2_m5_usd500000_smaller_stop_and_time_confirmed_rebound_atr_not_compressed,2017-10-11T14:40:00+00:00,2017-10-11T15:05:00+00:00,56868,signal_exit,1.1896759152002148,2.1048760000003797,False,True,1500,3.7618168260771276,1.1581265256379027,0.4996746788584017,-0.9389552708333909,-1.597977694805165,0.6999999999999444,0.20000000000020002,14.666666666666666
nzdusd_rsi2_m5_usd500000_smaller_stop_and_time_confirmed_rebound_atr_not_compressed,2017-10-11T15:35:00+00:00,2017-10-11T15:55:00+00:00,56879,signal_exit,0.6808497155493923,1.2048304999989246,False,True,1200,3.5791325540242784,1.0901138882109183,0.08739648823438363,-0.5607558533834419,-0.39965892567853106,0.39130434782612894,0.2999999999997449,15.583333333333334
nzdusd_rsi2_m5_usd500000_smaller_stop_and_time_confirmed_rebound_atr_not_compressed,2017-10-12T08:20:00+00:00,2017-10-12T08:30:00+00:00,57074,signal_exit,2.866188992799404,5.10179599999894,False,True,600,3.8365776415242694,1.058874406112512,1.3087360598164175,4.532954167811347,-0.43008266445748133,0.20512820512812482,0.40000000000040004,8.333333333333334
nzdusd_rsi2_m5_usd500000_smaller_stop_and_time_confirmed_rebound_atr_not_compressed,2017-10-12T14:05:00+00:00,2017-10-12T14:20:00+00:00,57143,signal_exit,0.3383804809996823,0.6021004999994347,False,True,900,3.5557757478693426,1.0186594262749233,0.41819663893029413,1.7780651672504488,0.2507177725502766,0.44117647058817766,0.49999999999994493,14.083333333333334
nzdusd_rsi2_m5_usd500000_smaller_stop_and_time_confirmed_rebound_atr_not_compressed,2017-10-13T09:10:00+00:00,2017-10-13T09:30:00+00:00,57365,signal_exit,-4.2801750651938475e-05,-7.650000116521621e-05,False,False,1200,3.2833406885117986,1.0296224278378556,1.0216843061100005,2.888784243186385,-1.081262895079973,0.0869565217391934,0.40000000000040004,9.166666666666666
nzdusd_rsi2_m5_usd500000_smaller_stop_and_time_confirmed_rebound_atr_not_compressed,2017-10-13T12:15:00+00:00,2017-10-13T12:25:00+00:00,57402,stop,-4.339435448166167,-7.751760357567286,True,False,600,3.2261105926539977,1.0107317931850766,0.5986757350065768,0.6077701650533671,-1.6573375126111067,0.8461538461537148,0.40000000000040004,12.25
nzdusd_rsi2_m5_usd500000_smaller_stop_and_time_confirmed_rebound_atr_not_compressed,2017-10-13T15:35:00+00:00,2017-10-13T16:20:00+00:00,57442,signal_exit,1.6112068343994213,2.896811999998959,False,True,2700,5.01700342754088,1.1605955874709728,2.278961848337936,7.93886378985923,-0.7817291959947034,0.8148148148148301,0.40000000000040004,15.583333333333334
nzdusd_rsi2_m5_usd500000_smaller_stop_and_time_confirmed_rebound_atr_not_compressed,2017-10-16T14:05:00+00:00,2017-10-16T14:50:00+00:00,57704,stop,-4.699400089782198,-8.447600377102638,True,False,2700,3.622436223819275,1.1371373504631992,0.6814836910988945,1.2687440581195981,-1.4738860251145274,0.5600000000001777,0.2999999999997449,14.083333333333334
nzdusd_rsi2_m5_usd500000_smaller_stop_and_time_confirmed_rebound_atr_not_compressed,2017-10-16T15:00:00+00:00,2017-10-16T15:05:00+00:00,57715,signal_exit,0.44376855269979676,0.7972844999996348,False,True,300,3.4001781513833857,1.0673095796658252,0.35625107566663317,-0.29183945435649317,-1.1296182619984259,0.04347826086960719,0.40000000000040004,15.0
nzdusd_rsi2_m5_usd500000_smaller_stop_and_time_confirmed_rebound_atr_not_compressed,2017-10-17T13:10:00+00:00,2017-10-17T13:20:00+00:00,57979,signal_exit,0.6686015864500194,1.1984255000000348,False,True,600,3.7740534597178432,1.1075970597446338,0.08925980926950675,-3.3766670849071634,-1.7095425054823514,0.0294117647057575,0.6000000000006,13.166666666666666
nzdusd_rsi2_m5_usd500000_smaller_stop_and_time_confirmed_rebound_atr_not_compressed,2017-10-17T13:50:00+00:00,2017-10-17T13:55:00+00:00,57987,stop,-4.836340284705323,-8.665723498844871,True,False,300,3.6823206306444973,1.0758994593390676,-0.29711191218486427,-3.661959221571116,-1.0258079648603027,0.16216216216233248,0.3999999999992898,13.833333333333334
nzdusd_rsi2_m5_usd500000_smaller_stop_and_time_confirmed_rebound_atr_not_compressed,2017-10-17T14:05:00+00:00,2017-10-17T14:35:00+00:00,57990,stop,-5.1697551988665795,-9.258157591093445,True,False,1800,3.978702050118828,1.1444563884765964,-0.49696095409499214,-4.7230960029421825,-1.3335652969036624,0.5192307692306789,0.3999999999992898,14.083333333333334
nzdusd_rsi2_m5_usd500000_smaller_stop_and_time_confirmed_rebound_atr_not_compressed,2017-10-17T14:45:00+00:00,2017-10-17T14:50:00+00:00,57998,signal_exit,1.6766285444997846,2.999335499999615,False,True,300,4.144665169876166,1.1728810047498057,-0.9753365223607481,-6.3110782187605885,-1.725386525611578,0.1538461538461046,0.40000000000040004,14.75
nzdusd_rsi2_m5_usd500000_smaller_stop_and_time_confirmed_rebound_atr_not_compressed,2017-10-18T08:05:00+00:00,2017-10-18T08:10:00+00:00,58196,signal_exit,1.0092965537497336,1.8007074999995247,False,True,300,4.484337858716024,1.5300686884754542,-1.6035429456117154,-10.150978585904506,-1.412897433303501,0.4523809523810342,0.2999999999997449,8.083333333333334
nzdusd_rsi2_m5_usd500000_smaller_stop_and_time_confirmed_rebound_atr_not_compressed,2017-10-18T08:50:00+00:00,2017-10-18T09:30:00+00:00,58205,signal_exit,-1.401365735200499,-2.498869000000889,False,False,2400,4.601772479892117,1.4941171924383145,-1.964353727657498,-10.076847238396082,-0.9983108752658133,0.6666666666668517,0.2999999999997449,8.833333333333334
nzdusd_rsi2_m5_usd500000_smaller_stop_and_time_confirmed_rebound_atr_not_compressed,2017-10-18T10:00:00+00:00,2017-10-18T10:10:00+00:00,58219,signal_exit,2.9744803149001395,5.301159000000248,False,True,600,3.85813178322697,1.2301569781677704,-2.321574516258324,-9.90610360581733,-1.0620983987697403,0.7619047619052403,0.3999999999992898,10.0
nzdusd_rsi2_m5_usd500000_smaller_stop_and_time_confirmed_rebound_atr_not_compressed,2017-10-18T12:05:00+00:00,2017-10-18T12:25:00+00:00,58244,signal_exit,1.5707977155996717,2.8009944999994145,False,True,1200,3.456852533883131,1.090116915463658,-1.4070207700715303,-7.034021992271629,-2.143291137140201,0.24999999999991326,0.0,12.083333333333334
nzdusd_rsi2_m5_usd500000_smaller_stop_and_time_confirmed_rebound_atr_not_compressed,2017-10-18T14:10:00+00:00,2017-10-18T14:20:00+00:00,58269,signal_exit,1.3461865924500698,2.4009035000001244,False,True,600,4.7798778960519535,1.3560529660047782,-0.9282030644891949,-5.048120571597977,-1.746633823553776,0.469696969696855,0.49999999999994493,14.166666666666666
nzdusd_rsi2_m5_usd500000_smaller_stop_and_time_confirmed_rebound_atr_not_compressed,2017-10-18T15:25:00+00:00,2017-10-18T15:45:00+00:00,58284,signal_exit,0.5609240182499075,1.0007564999998348,False,True,1200,3.991721479249794,1.1288913079228486,-0.7713928121985916,-3.755217082127414,-0.564204098089407,0.14893617021277097,0.40000000000040004,15.416666666666666
nzdusd_rsi2_m5_usd500000_smaller_stop_and_time_confirmed_rebound_atr_not_compressed,2017-10-19T07:00:00+00:00,2017-10-19T07:30:00+00:00,58466,signal_exit,0.5142303263995348,0.9066119999991799,False,True,1800,11.940981240624792,1.8377265334656956,-2.2254681185015333,-12.554756844487207,-1.1566942125412574,0.5975609756097132,0.49999999999994493,7.0
nzdusd_rsi2_m5_usd500000_smaller_stop_and_time_confirmed_rebound_atr_not_compressed,2017-10-19T08:15:00+00:00,2017-10-19T09:15:00+00:00,58481,holding_bars,-8.338005099999869,-14.692519999999769,False,False,3600,8.861701220259054,1.3515938729356403,-2.834345778861797,-11.410082980127848,-0.8033366877862986,0.6857142857143401,0.5999999999994898,8.25
nzdusd_rsi2_m5_usd500000_smaller_stop_and_time_confirmed_rebound_atr_not_compressed,2017-10-20T15:05:00+00:00,2017-10-20T15:15:00+00:00,58847,signal_exit,1.3265240562003329,2.3122260000005803,False,True,600,4.552462903864839,1.1562276006502241,-1.5379159187482612,-6.676516522463464,-0.5523369349440735,0.8888888888888888,0.2999999999997449,15.083333333333334
nzdusd_rsi2_m5_usd500000_smaller_stop_and_time_confirmed_rebound_atr_not_compressed,2017-10-20T15:45:00+00:00,2017-10-20T16:10:00+00:00,58855,signal_exit,3.222706974299359,5.6125164999988835,False,True,1500,4.4501631747400685,1.124801403902533,-1.6782440738956432,-7.564519574097179,-1.1792001465267903,0.8947368421051709,0.40000000000040004,15.75
nzdusd_rsi2_m5_usd500000_smaller_stop_and_time_confirmed_rebound_atr_not_compressed,2017-10-23T07:00:00+00:00,2017-10-23T07:05:00+00:00,59032,stop,-4.896053816330447,-8.550565519263792,True,False,300,3.581099348108673,1.1113116104649354,0.974431060808922,4.032634340081876,0.012673594326488168,0.18749999999978317,0.49999999999994493,7.0
nzdusd_rsi2_m5_usd500000_smaller_stop_and_time_confirmed_rebound_atr_not_compressed,2017-10-23T07:15:00+00:00,2017-10-23T07:30:00+00:00,59035,signal_exit,1.5537164309999254,2.7115469999998694,False,True,900,3.7294734940943783,1.1454681863497247,0.9858147521372359,2.565474945554887,-0.9391288546452423,0.8461538461536928,0.49999999999994493,7.25
nzdusd_rsi2_m5_usd500000_smaller_stop_and_time_confirmed_rebound_atr_not_compressed,2017-10-23T08:45:00+00:00,2017-10-23T09:00:00+00:00,59053,signal_exit,0.6965009897500201,1.2127825000000347,False,True,900,3.7278019549291592,1.1251706443150278,0.36285301321491786,-2.7142521349909314,-1.7461844609847104,0.636363636363667,0.3999999999992898,8.75
nzdusd_rsi2_m5_usd500000_smaller_stop_and_time_confirmed_rebound_atr_not_compressed,2017-10-23T10:05:00+00:00,2017-10-23T10:35:00+00:00,59069,signal_exit,0.9262089294496121,1.6127614999993243,False,True,1800,3.450057017651394,1.0496720274848335,-0.43028059841127336,-2.332522827971126,-0.5017006402790932,0.9787234042554146,0.30000000000085514,10.083333333333334
nzdusd_rsi2_m5_usd500000_smaller_stop_and_time_confirmed_rebound_atr_not_compressed,2017-10-23T15:05:00+00:00,2017-10-23T15:35:00+00:00,59129,signal_exit,0.007118942549331264,0.012404499998834752,False,True,1800,3.1857288435258218,1.0056412815480988,0.011371784586935678,-0.624661359378603,-0.7018630727982048,0.5348837209300704,0.40000000000040004,15.083333333333334
nzdusd_rsi2_m5_usd500000_smaller_stop_and_time_confirmed_rebound_atr_not_compressed,2017-10-24T07:10:00+00:00,2017-10-24T08:10:00+00:00,59318,holding_bars,1.3937175641494313,2.4150364999990144,False,True,3600,4.345389759564067,1.0904062428910837,-1.812602660259937,-7.965856148021128,-1.8935728413416644,0.06818181818201316,0.49999999999994493,7.166666666666667
nzdusd_rsi2_m5_usd500000_smaller_stop_and_time_confirmed_rebound_atr_not_compressed,2017-10-24T14:40:00+00:00,2017-10-24T15:15:00+00:00,59408,signal_exit,0.2416564416995566,0.4170804999992347,False,True,2100,4.067641713697192,1.0916956155927273,-1.8578056527851488,-9.920262930861318,-2.0405157504404667,0.5,0.2999999999997449,14.666666666666666
nzdusd_rsi2_m5_usd500000_smaller_stop_and_time_confirmed_rebound_atr_not_compressed,2017-10-25T11:25:00+00:00,2017-10-25T11:40:00+00:00,59650,signal_exit,1.6387581680996595,2.8186414999994143,False,True,900,3.53415543511766,1.0314393254008631,-1.1185926298460824,-6.285812636332943,-1.5396049598175259,0.9433962264151458,0.49999999999994493,11.416666666666666
nzdusd_rsi2_m5_usd500000_smaller_stop_and_time_confirmed_rebound_atr_not_compressed,2017-10-25T15:15:00+00:00,2017-10-25T15:35:00+00:00,59696,signal_exit,2.9216405208496474,5.019138499999395,False,True,1200,5.547067361261553,1.359012648715962,-0.8262104184286715,-5.525100686535297,-1.4462382062913264,0.8863636363636478,0.20000000000020002,15.25
nzdusd_rsi2_m5_usd500000_smaller_stop_and_time_confirmed_rebound_atr_not_compressed,2017-10-26T07:10:00+00:00,2017-10-26T08:10:00+00:00,59883,holding_bars,-0.39607468020011627,-0.6812430000002,False,False,3600,3.852439298899309,1.2001581165166084,0.23004705375053314,-3.5538531404766296,-1.7619865153000125,0.24999999999987385,0.49999999999994493,7.166666666666667
nzdusd_rsi2_m5_usd500000_smaller_stop_and_time_confirmed_rebound_atr_not_compressed,2017-10-26T10:40:00+00:00,2017-10-26T11:00:00+00:00,59925,stop,-4.961939881105896,-8.537405163637123,True,False,1200,3.6281520671407477,1.032635272827946,-0.4969911487624025,-1.6225712965814585,0.29579939756883217,0.6176470588233182,0.40000000000040004,10.666666666666666
nzdusd_rsi2_m5_usd500000_smaller_stop_and_time_confirmed_rebound_atr_not_compressed,2017-10-26T11:10:00+00:00,2017-10-26T11:45:00+00:00,59931,signal_exit,-0.8033041411502007,-1.380959500000345,False,False,2100,3.567903938708007,1.0173299326129863,-0.4945593380362552,-3.086006392292148,-1.4523395410819002,0.1333333333331113,0.40000000000040004,11.166666666666666
nzdusd_rsi2_m5_usd500000_smaller_stop_and_time_confirmed_rebound_atr_not_compressed,2017-10-26T12:10:00+00:00,2017-10-26T12:50:00+00:00,59943,signal_exit,0.3023993375992895,0.5194079999987796,False,True,2400,4.567670419808421,1.2441682183467522,-0.6393213579778955,-4.173002957723123,-1.3012950051496577,0.3809523809523369,0.30000000000085514,12.166666666666666
nzdusd_rsi2_m5_usd500000_smaller_stop_and_time_confirmed_rebound_atr_not_compressed,2017-10-26T13:45:00+00:00,2017-10-26T14:45:00+00:00,59962,holding_bars,-6.401070945499973,-10.979538499999952,False,False,3600,5.140607167242164,1.2933626667267146,-0.9294565972179565,-5.458277180569651,-1.56347930292107,0.5624999999999422,0.3999999999992898,13.75
nzdusd_rsi2_m5_usd500000_smaller_stop_and_time_confirmed_rebound_atr_not_compressed,2017-10-26T15:00:00+00:00,2017-10-26T15:35:00+00:00,59977,signal_exit,2.697997826950061,4.620650500000104,False,True,2100,4.608521353803141,1.144158270278198,-1.3080748264559745,-6.970956380508543,-1.4381192762614325,0.9268292682927292,0.0,15.0
nzdusd_rsi2_m5_usd500000_smaller_stop_and_time_confirmed_rebound_atr_not_compressed,2017-10-27T12:45:00+00:00,2017-10-27T12:50:00+00:00,60236,target,5.364166092410372,9.16638088245108,False,True,300,5.222426726161356,1.3249092253887222,-0.1340276741778129,-3.1699589220489814,-1.9432594430581207,0.730158730158733,0.40000000000040004,12.75
nzdusd_rsi2_m5_usd500000_smaller_stop_and_time_confirmed_rebound_atr_not_compressed,2017-10-30T08:30:00+00:00,2017-10-30T08:35:00+00:00,60467,target,3.3174371536192315,5.682489129186761,False,True,300,3.480990399257552,1.0582742823007663,-0.701416333332715,-1.4417077658703232,0.6260019991170084,0.4583333333335261,0.40000000000040004,8.5
nzdusd_rsi2_m5_usd500000_smaller_stop_and_time_confirmed_rebound_atr_not_compressed,2017-10-31T07:25:00+00:00,2017-10-31T08:00:00+00:00,60739,signal_exit,3.864306174949932,6.6203634999998835,False,True,2100,4.33238261562573,1.3723898001084534,-0.17949189165966004,-3.4252205290360003,-1.9791538888605287,0.6153846153848453,0.3999999999992898,7.416666666666667
nzdusd_rsi2_m5_usd500000_smaller_stop_and_time_confirmed_rebound_atr_not_compressed,2017-10-31T11:10:00+00:00,2017-10-31T11:25:00+00:00,60784,signal_exit,1.0642622357997222,1.8211194999995246,False,True,900,3.4721485449344414,1.0433615899349167,-0.9287389525066062,-4.106364702713497,-0.7326902282769202,0.6774193548384209,0.10000000000065512,11.166666666666666
nzdusd_rsi2_m5_usd500000_smaller_stop_and_time_confirmed_rebound_atr_not_compressed,2017-10-31T14:10:00+00:00,2017-10-31T14:25:00+00:00,60820,signal_exit,2.2927870334993274,3.921304999998849,False,True,900,3.98662245960702,1.148052500638842,-0.6692611676218445,-4.02577046622099,-1.275783747146595,0.563380281690088,0.30000000000085514,14.166666666666666
nzdusd_rsi2_m5_usd500000_smaller_stop_and_time_confirmed_rebound_atr_not_compressed,2017-10-31T14:55:00+00:00,2017-10-31T15:00:00+00:00,60829,signal_exit,2.1762600999998596,3.7213749999997594,False,True,300,3.56564007362586,1.035196568297152,-0.7986940068024567,-4.00028402430188,-1.1456770730857708,0.2692307692309006,0.2999999999997449,14.916666666666666
nzdusd_rsi2_m5_usd500000_smaller_stop_and_time_confirmed_rebound_atr_not_compressed,2017-11-01T07:10:00+00:00,2017-11-01T07:15:00+00:00,61020,target,4.233159629632377,7.313682843179643,False,True,300,4.348701876155746,1.1428813409275067,1.618111113010956,6.000800821641909,0.10360306533278171,0.9361702127660078,0.49999999999994493,7.166666666666667
nzdusd_rsi2_m5_usd500000_smaller_stop_and_time_confirmed_rebound_atr_not_compressed,2017-11-01T08:20:00+00:00,2017-11-01T08:25:00+00:00,61034,target,4.647919285267617,8.042774329931852,False,True,300,4.663631392064599,1.1713384805121574,1.8131039883257962,7.277901855913231,0.31654980426677237,0.4878048780487012,0.3999999999992898,8.333333333333334
nzdusd_rsi2_m5_usd500000_smaller_stop_and_time_confirmed_rebound_atr_not_compressed,2017-11-01T10:05:00+00:00,2017-11-01T10:35:00+00:00,61055,signal_exit,0.9917584099993465,1.7158449999988694,False,True,1800,4.2485928628629335,1.0521103308409745,1.7473472695331804,5.250366739088569,-1.2993593171832505,0.26666666666659267,0.40000000000040004,10.083333333333334
nzdusd_rsi2_m5_usd500000_smaller_stop_and_time_confirmed_rebound_atr_not_compressed,2017-11-02T07:50:00+00:00,2017-11-02T08:15:00+00:00,61311,stop,-5.047211561476743,-8.733710956007515,True,False,1500,3.574897849428435,1.0178129950639492,0.8156287723679798,1.732197463458996,-1.3909267553044902,0.4565217391302721,0.700000000000145,7.833333333333333
nzdusd_rsi2_m5_usd500000_smaller_stop_and_time_confirmed_rebound_atr_not_compressed,2017-11-02T08:30:00+00:00,2017-11-02T09:05:00+00:00,61319,signal_exit,-0.684666250800726,-1.183724500001255,False,False,2100,4.032937022888082,1.1181863026145547,0.5381191022147633,-0.14453040737700507,-1.5460545252763098,0.12499999999994217,0.6000000000006,8.5
nzdusd_rsi2_m5_usd500000_smaller_stop_and_time_confirmed_rebound_atr_not_compressed,2017-11-02T14:45:00+00:00,2017-11-02T15:45:00+00:00,61394,holding_bars,-0.5686116775999682,-0.9844384999999449,False,False,3600,5.995665536797562,1.493788822022001,0.3665158510246669,2.5291086629727566,0.3958515053625176,0.2,0.49999999999994493,14.75
nzdusd_rsi2_m5_usd500000_smaller_stop_and_time_confirmed_rebound_atr_not_compressed,2017-11-03T08:05:00+00:00,2017-11-03T08:20:00+00:00,61595,stop,-4.97222324789881,-8.61438539137008,True,False,900,3.7149319683040805,1.173011514663593,1.1320704446300855,1.0647068522226883,-1.9166207416030567,0.14814814814809485,0.2999999999997449,8.083333333333334
nzdusd_rsi2_m5_usd500000_smaller_stop_and_time_confirmed_rebound_atr_not_compressed,2017-11-03T08:25:00+00:00,2017-11-03T08:50:00+00:00,61599,signal_exit,1.452649852499809,2.5154109999996694,False,True,1500,3.938392126893416,1.2209382283493802,0.8459779965299994,-0.45746383018847175,-1.8799220558158454,0.43749999999995665,0.49999999999994493,8.416666666666666
nzdusd_rsi2_m5_usd500000_smaller_stop_and_time_confirmed_rebound_atr_not_compressed,2017-11-03T11:00:00+00:00,2017-11-03T11:25:00+00:00,61630,signal_exit,-0.915595061000315,-1.584074500000545,False,False,1500,3.3293118535403305,1.0421153182544238,-0.04916454374014845,-2.094119488165051,-1.9492145625016626,0.7692307692309006,0.49999999999994493,11.0
nzdusd_rsi2_m5_usd500000_smaller_stop_and_time_confirmed_rebound_atr_not_compressed,2017-11-03T15:05:00+00:00,2017-11-03T15:20:00+00:00,61679,signal_exit,1.7466423764997767,3.016653499999614,False,True,900,5.390078633969685,1.3071383762216402,0.05503541393242366,-4.872486776945119,-1.7663492591765513,0.2830188679244809,0.6000000000006,15.083333333333334
nzdusd_rsi2_m5_usd500000_smaller_stop_and_time_confirmed_rebound_atr_not_compressed,2017-11-07T08:50:00+00:00,2017-11-07T09:05:00+00:00,62149,signal_exit,1.6268718806996616,2.815631499999414,False,True,900,3.3445087204584127,1.0370180727442846,-0.3334255479975727,-2.9185225171439737,-2.1092691988473766,0.24137931034448434,0.40000000000040004,8.833333333333334
nzdusd_rsi2_m5_usd500000_smaller_stop_and_time_confirmed_rebound_atr_not_compressed,2017-11-07T10:10:00+00:00,2017-11-07T10:30:00+00:00,62165,signal_exit,-0.16427766049988443,-0.2843649999997999,False,False,1200,3.3014975048435025,1.0191232673260264,-0.43848394011805814,-2.1569408730541,-0.6517054797876921,0.6000000000001903,0.3999999999992898,10.166666666666666
nzdusd_rsi2_m5_usd500000_smaller_stop_and_time_confirmed_rebound_atr_not_compressed,2017-11-07T15:00:00+00:00,2017-11-07T15:05:00+00:00,62223,stop,-4.391250993845384,-7.588130281398625,True,False,300,3.1524374760112663,1.0392394516978558,-0.9352302603239927,-4.818133305639861,-0.9772355716263296,0.4242424242424446,0.3999999999992898,15.0
nzdusd_rsi2_m5_usd500000_smaller_stop_and_time_confirmed_rebound_atr_not_compressed,2017-11-07T15:25:00+00:00,2017-11-07T15:50:00+00:00,62228,signal_exit,1.8074151784001562,3.117308000000269,False,True,1500,3.492544713104455,1.1284293637856224,-1.1665857938544086,-8.678940521326732,-2.33582183721746,0.2,0.3999999999992898,15.416666666666666
nzdusd_rsi2_m5_usd500000_smaller_stop_and_time_confirmed_rebound_atr_not_compressed,2017-11-09T09:25:00+00:00,2017-11-09T10:00:00+00:00,62727,stop,-4.893345770731022,-8.524992631935579,True,False,2100,3.5688934772394747,1.0202369369132729,1.226214601315138,3.3297532601126023,-1.4979749163291214,0.1499999999998057,0.49999999999994493,9.416666666666666
nzdusd_rsi2_m5_usd500000_smaller_stop_and_time_confirmed_rebound_atr_not_compressed,2017-11-09T12:15:00+00:00,2017-11-09T12:30:00+00:00,62761,signal_exit,0.35102128474967587,0.6120684999994348,False,True,900,3.5179241378544845,1.0238121415827832,0.8169281091006788,4.012441933090194,0.2798922788956839,0.4333333333336294,0.5999999999994898,12.25
nzdusd_rsi2_m5_usd500000_smaller_stop_and_time_confirmed_rebound_atr_not_compressed,2017-11-09T12:50:00+00:00,2017-11-09T13:20:00+00:00,62768,stop,-4.740940013431503,-8.258038692617145,True,False,1800,3.4854573373148883,1.0165445327414233,0.9559964902828758,1.787099414055618,-1.3927907272878175,0.181818181818113,0.40000000000040004,12.833333333333334
nzdusd_rsi2_m5_usd500000_smaller_stop_and_time_confirmed_rebound_atr_not_compressed,2017-11-09T13:35:00+00:00,2017-11-09T13:45:00+00:00,62777,stop,-5.113053328056576,-8.890720445238351,True,False,600,3.8022608017475097,1.093897891039578,0.6461789957432141,-1.9585590764992686,-1.9396971165763095,0.304347826087009,0.3999999999992898,13.583333333333334
nzdusd_rsi2_m5_usd500000_smaller_stop_and_time_confirmed_rebound_atr_not_compressed,2017-11-09T14:10:00+00:00,2017-11-09T14:40:00+00:00,62784,signal_exit,1.5066622954501872,2.6143715000003245,False,True,1800,4.051720903394791,1.1437980845194728,-0.02787600281486394,-5.497927561324283,-1.6604288300262127,0.24999999999991326,0.20000000000020002,14.166666666666666
nzdusd_rsi2_m5_usd500000_smaller_stop_and_time_confirmed_rebound_atr_not_compressed,2017-11-13T09:25:00+00:00,2017-11-13T10:10:00+00:00,63283,stop,-4.213628423485531,-7.28749294964637,True,False,2700,3.001910541691872,1.146097703433547,-0.7070119865876976,-5.846752578857758,-1.755182620741564,0.5454545454545914,0.40000000000040004,9.416666666666666
nzdusd_rsi2_m5_usd500000_smaller_stop_and_time_confirmed_rebound_atr_not_compressed,2017-11-14T08:10:00+00:00,2017-11-14T08:35:00+00:00,63551,signal_exit,0.7702816887997549,1.3203319999995797,False,True,1500,4.1139429905720135,1.3926792522191367,-2.3880319850015956,-10.793954923143065,-1.5254533264672536,0.09615384615384205,0.6000000000006,8.166666666666666
nzdusd_rsi2_m5_usd500000_smaller_stop_and_time_confirmed_rebound_atr_not_compressed,2017-11-14T11:05:00+00:00,2017-11-14T11:10:00+00:00,63586,signal_exit,0.5352467343995224,0.9193519999991797,False,True,300,3.4119834429561897,1.0727305642148697,-1.0428433750637343,-3.4951660479498488,-0.043697730875779654,0.26086956521722343,0.40000000000040004,11.083333333333334
nzdusd_rsi2_m5_usd500000_smaller_stop_and_time_confirmed_rebound_atr_not_compressed,2017-11-14T15:05:00+00:00,2017-11-14T15:30:00+00:00,63634,signal_exit,1.4649212847998079,2.5187779999996693,False,True,1500,3.6808410002127805,1.0901154015644343,-0.035799814615208765,-0.7574825692476785,-1.0380956868378268,0.26829268292675,0.49999999999994493,15.083333333333334
nzdusd_rsi2_m5_usd500000_smaller_stop_and_time_confirmed_rebound_atr_not_compressed,2017-11-15T11:45:00+00:00,2017-11-15T11:55:00+00:00,63879,signal_exit,0.18304358159982057,0.3163559999996899,False,True,600,3.6227232329425654,1.1351364844056486,1.7985685356442442,7.998570772394647,0.46162503895488105,0.4146341463414502,0.40000000000040004,11.75
nzdusd_rsi2_m5_usd500000_smaller_stop_and_time_confirmed_rebound_atr_not_compressed,2017-11-15T12:25:00+00:00,2017-11-15T12:40:00+00:00,63887,signal_exit,0.7041423234000201,1.2165555000000348,False,True,900,3.4707223087657857,1.0869614433533221,1.9481603926109232,6.401224223299194,-1.2411536519021529,0.5757575757577491,0.2999999999997449,12.416666666666666
nzdusd_rsi2_m5_usd500000_smaller_stop_and_time_confirmed_rebound_atr_not_compressed,2017-11-15T13:05:00+00:00,2017-11-15T13:15:00+00:00,63895,signal_exit,1.051850482499725,1.816667499999525,False,True,600,3.1558426663250665,1.0016259253541473,1.822379549741078,5.325917437720004,-1.5138536774703388,0.43181818181798687,0.49999999999994493,13.083333333333334
nzdusd_rsi2_m5_usd500000_smaller_stop_and_time_confirmed_rebound_atr_not_compressed,2017-11-15T14:35:00+00:00,2017-11-15T15:05:00+00:00,63913,stop,-6.95246353337809,-11.987006092031189,True,False,1800,5.252494883336267,1.4323254256578541,1.0928564998594086,0.5201048489817278,-1.725973025127613,0.18181818181806714,0.6000000000006,14.583333333333334
nzdusd_rsi2_m5_usd500000_smaller_stop_and_time_confirmed_rebound_atr_not_compressed,2017-11-15T15:20:00+00:00,2017-11-15T16:20:00+00:00,63922,holding_bars,-3.707004346050525,-6.381484500000904,False,False,3600,5.3410377503758,1.3943878647385657,0.5474264590102755,-2.1457374916580103,-1.3901676773033664,0.10000000000011103,0.49999999999994493,15.333333333333334
nzdusd_rsi2_m5_usd500000_smaller_stop_and_time_confirmed_rebound_atr_not_compressed,2017-11-16T07:25:00+00:00,2017-11-16T07:50:00+00:00,64107,signal_exit,1.9961486498000087,3.420405500000015,False,True,1500,3.306682173454991,1.1004475300771215,-0.6949507525880357,-6.259721603234956,-1.9621389595753023,0.5945945945944405,0.49999999999994493,7.416666666666667
nzdusd_rsi2_m5_usd500000_smaller_stop_and_time_confirmed_rebound_atr_not_compressed,2017-11-16T09:25:00+00:00,2017-11-16T10:25:00+00:00,64131,holding_bars,-3.021200308449828,-5.179496499999704,False,False,3600,3.533199662513665,1.1076850334476032,-0.8516732356824498,-4.167439051320312,-1.3138751039875045,0.42105263157956246,0.5999999999994898,9.416666666666666
nzdusd_rsi2_m5_usd500000_smaller_stop_and_time_confirmed_rebound_atr_not_compressed,2017-11-17T07:35:00+00:00,2017-11-17T07:45:00+00:00,64392,stop,-5.4442661168858475,-9.304847234465642,True,False,600,3.963482589123441,1.2277189408562925,-1.2748847497141622,-6.8744777528151815,-1.502542858654733,0.7323943661971457,0.49999999999994493,7.583333333333333
nzdusd_rsi2_m5_usd500000_smaller_stop_and_time_confirmed_rebound_atr_not_compressed,2017-11-17T08:15:00+00:00,2017-11-17T09:15:00+00:00,64400,holding_bars,-6.571148430000091,-11.175422500000154,False,False,3600,6.794612564328773,1.8157169164673204,-1.4673368447952895,-14.312626163773755,-2.652643803535289,0.24418604651168646,0.2999999999997449,8.25
nzdusd_rsi2_m5_usd500000_smaller_stop_and_time_confirmed_rebound_atr_not_compressed,2017-11-17T10:40:00+00:00,2017-11-17T11:20:00+00:00,64429,signal_exit,0.4269884820000529,0.7249380000000898,False,True,2400,4.851012493414289,1.2148101435825978,-3.0317015424778178,-12.55800521056551,-1.2790226083126441,0.26229508196711165,0.49999999999994493,10.666666666666666
nzdusd_rsi2_m5_usd500000_smaller_stop_and_time_confirmed_rebound_atr_not_compressed,2017-11-20T07:05:00+00:00,2017-11-20T07:35:00+00:00,64669,signal_exit,-2.09507916000019,-3.577662500000325,False,False,1800,4.029246740516728,1.2178443489118573,1.0736903149999533,3.1628428055057487,-0.7335192688092212,0.421052631579015,0.3999999999992898,7.083333333333333
nzdusd_rsi2_m5_usd500000_smaller_stop_and_time_confirmed_rebound_atr_not_compressed,2017-11-21T08:05:00+00:00,2017-11-21T08:25:00+00:00,64961,stop,-4.775394797122381,-8.12833156957001,True,False,1200,3.3261667006194715,1.1655740256547205,-0.28665358401372354,-1.6766567266557995,-0.5884724845800462,0.2702702702702541,0.5999999999994898,8.083333333333334
nzdusd_rsi2_m5_usd500000_smaller_stop_and_time_confirmed_rebound_atr_not_compressed,2017-11-21T09:05:00+00:00,2017-11-21T09:15:00+00:00,64973,signal_exit,2.2489623255495905,3.8241154999993032,False,True,600,4.010685619060285,1.3161579055597483,-0.4506793437785017,-3.6254439060074377,-1.2217416070817848,0.5,0.2999999999997449,9.083333333333334
nzdusd_rsi2_m5_usd500000_smaller_stop_and_time_confirmed_rebound_atr_not_compressed,2017-11-21T11:35:00+00:00,2017-11-21T12:35:00+00:00,65003,holding_bars,-3.619312001550413,-6.177354500000705,False,False,3600,4.422732589685808,1.2589910606261883,0.7835312660791564,3.429470251952481,0.3023565789836926,0.5090909090910706,0.49999999999994493,11.583333333333334
nzdusd_rsi2_m5_usd500000_smaller_stop_and_time_confirmed_rebound_atr_not_compressed,2017-11-22T09:30:00+00:00,2017-11-22T09:35:00+00:00,65261,stop,-4.458774474259091,-7.625747347800735,True,False,300,3.1737632556144995,1.0625748774969812,0.5321656626621106,0.9143424682598715,-1.5564917499158673,0.684210526316097,0.3999999999992898,9.5
nzdusd_rsi2_m5_usd500000_smaller_stop_and_time_confirmed_rebound_atr_not_compressed,2017-11-22T09:55:00+00:00,2017-11-22T10:00:00+00:00,65266,signal_exit,1.3595421244996893,2.3220189999994694,False,True,300,3.3298534101618453,1.1008300881771418,0.35164240103981875,-1.8096162415050774,-1.8494551155109347,0.4545454545454087,0.40000000000040004,9.916666666666666
nzdusd_rsi2_m5_usd500000_smaller_stop_and_time_confirmed_rebound_atr_not_compressed,2017-11-22T10:25:00+00:00,2017-11-22T10:35:00+00:00,65272,signal_exit,0.8915777250992208,1.5222429999986697,False,True,600,3.4768470339806137,1.1329408075065106,0.05575146333585311,-2.664482685049552,-1.3743787195278707,0.619047619047745,0.700000000000145,10.416666666666666
nzdusd_rsi2_m5_usd500000_smaller_stop_and_time_confirmed_rebound_atr_not_compressed,2017-11-24T09:05:00+00:00,2017-11-24T09:10:00+00:00,65800,signal_exit,0.4761214422497877,0.8187814999996349,False,True,300,3.102764261953776,1.2256118778406278,-0.9309052957181884,-3.076909776525284,0.4633248877678657,0.2142857142854877,0.30000000000085514,9.083333333333334
nzdusd_rsi2_m5_usd500000_smaller_stop_and_time_confirmed_rebound_atr_not_compressed,2017-11-28T07:55:00+00:00,2017-11-28T08:05:00+00:00,66338,signal_exit,1.8561496811498932,3.215225499999815,False,True,600,3.7718038271162455,1.2901952110543276,1.4156298950464152,1.0088859169630358,-1.3804384125778781,0.18750000000019515,0.5999999999994898,7.916666666666667
nzdusd_rsi2_m5_usd500000_smaller_stop_and_time_confirmed_rebound_atr_not_compressed,2017-11-28T08:55:00+00:00,2017-11-28T09:35:00+00:00,66350,signal_exit,-2.703956892000502,-4.68461000000087,False,False,2400,3.927873085452293,1.276712339443478,0.6362715780846018,1.2233917489850585,-0.7174638885501622,0.2916666666667052,0.49999999999994493,8.916666666666666
nzdusd_rsi2_m5_usd500000_smaller_stop_and_time_confirmed_rebound_atr_not_compressed,2017-11-28T14:50:00+00:00,2017-11-28T14:55:00+00:00,66421,stop,-4.812812896473621,-8.349779487289418,True,False,300,3.482319874840037,1.1546800658735639,0.937579144860189,2.7657105078284263,-0.8539480185398647,0.4186046511626526,0.49999999999994493,14.833333333333334
nzdusd_rsi2_m5_usd500000_smaller_stop_and_time_confirmed_rebound_atr_not_compressed,2017-11-28T15:10:00+00:00,2017-11-28T15:30:00+00:00,66425,signal_exit,0.7591501787997574,1.3152289999995799,False,True,1200,3.894190908613745,1.25603744866435,0.8378419073357457,-0.6089031845758244,-2.0932722071104637,0.08163265306108114,0.6000000000006,15.166666666666666
nzdusd_rsi2_m5_usd500000_smaller_stop_and_time_confirmed_rebound_atr_not_compressed,2017-11-29T10:10:00+00:00,2017-11-29T11:10:00+00:00,66648,holding_bars,-3.4003520419999127,-5.883979999999848,False,False,3600,3.986545491524642,1.14680120534166,0.791345200482386,2.4081673166749837,-0.7392915287378404,0.08888888888871893,0.40000000000040004,10.166666666666666
nzdusd_rsi2_m5_usd500000_smaller_stop_and_time_confirmed_rebound_atr_not_compressed,2017-11-29T13:15:00+00:00,2017-11-29T13:20:00+00:00,66685,stop,-4.913437861200422,-8.483145478591888,True,False,300,3.550188245883979,1.0324622792602987,0.03416765069912489,-2.52138319579056,-1.899897990008743,0.24137931034448434,0.5000000000010552,13.25
nzdusd_rsi2_m5_usd500000_smaller_stop_and_time_confirmed_rebound_atr_not_compressed,2017-11-29T13:40:00+00:00,2017-11-29T13:50:00+00:00,66690,signal_exit,0.4741868299997882,0.8175634999996347,False,True,600,4.377201360257273,1.223724282788567,-0.3067419700465353,-4.795331452100533,-1.725005354476368,0.050632911392310784,0.40000000000040004,13.666666666666666
nzdusd_rsi2_m5_usd500000_smaller_stop_and_time_confirmed_rebound_atr_not_compressed,2017-11-29T15:10:00+00:00,2017-11-29T15:20:00+00:00,66708,signal_exit,3.2048997023996164,5.51807799999934,False,True,600,4.522661173364704,1.2100245442288453,-1.1893880063339166,-6.263689299741059,-1.573697661456235,0.7954545454544651,0.49999999999994493,15.166666666666666
nzdusd_rsi2_m5_usd500000_smaller_stop_and_time_confirmed_rebound_atr_not_compressed,2017-11-30T08:50:00+00:00,2017-11-30T09:25:00+00:00,66917,signal_exit,0.4800630012497866,0.8213224999996349,False,True,2100,3.6735789251275732,1.0810480277212393,-1.50617921442912,-7.2050039701112905,-1.417447654376318,0.37254901960788156,0.40000000000040004,8.833333333333334
nzdusd_rsi2_m5_usd500000_smaller_stop_and_time_confirmed_rebound_atr_not_compressed,2017-12-01T13:55:00+00:00,2017-12-01T14:05:00+00:00,67265,signal_exit,1.4132002815000728,2.4206925000001247,False,True,600,3.9987038446398344,1.209625871258903,0.7444517939956325,1.0200854005209399,-2.091057641210368,0.3454545454543546,0.49999999999994493,13.916666666666666
nzdusd_rsi2_m5_usd500000_smaller_stop_and_time_confirmed_rebound_atr_not_compressed,2017-12-04T09:25:00+00:00,2017-12-04T09:50:00+00:00,67495,signal_exit,0.47756858069978725,0.8197194999996348,False,True,1500,3.663237016002507,1.0516322426349578,-0.32216235133472704,0.1747408065237536,0.4717422945153451,0.8333333333336417,0.49999999999994493,9.416666666666666
nzdusd_rsi2_m5_usd500000_smaller_stop_and_time_confirmed_rebound_atr_not_compressed,2017-12-04T14:40:00+00:00,2017-12-04T15:05:00+00:00,67558,signal_exit,0.5951412816499037,1.0203004999998349,False,True,1500,3.3669880216321046,1.057885140598849,-0.009338773412442939,-2.8418694481071127,-1.9353484258042564,0.25,0.3999999999992898,14.666666666666666
nzdusd_rsi2_m5_usd500000_smaller_stop_and_time_confirmed_rebound_atr_not_compressed,2017-12-06T08:20:00+00:00,2017-12-06T08:45:00+00:00,68050,signal_exit,0.8787980999992293,1.5169999999986696,False,True,1500,3.952957444657444,1.2107450608281196,1.1688414839742347,2.201026632341066,-1.4479758744405824,0.5178571428571606,0.20000000000020002,8.333333333333334
nzdusd_rsi2_m5_usd500000_smaller_stop_and_time_confirmed_rebound_atr_not_compressed,2017-12-06T09:05:00+00:00,2017-12-06T09:20:00+00:00,68059,signal_exit,1.8639358836998927,3.217010499999815,False,True,900,3.675518816634812,1.121107115122386,0.8665605069215473,1.675778836447855,-0.8299395187914637,0.8333333333333334,0.2999999999997449,9.083333333333334
nzdusd_rsi2_m5_usd500000_smaller_stop_and_time_confirmed_rebound_atr_not_compressed,2017-12-06T09:50:00+00:00,2017-12-06T10:15:00+00:00,68068,signal_exit,1.8063339519995132,3.1170559999991596,False,True,1500,3.550057988380994,1.082547581582393,0.5562652899039389,1.2329105764174901,-0.823851640465023,0.8285714285715554,0.49999999999994493,9.833333333333334
nzdusd_rsi2_m5_usd500000_smaller_stop_and_time_confirmed_rebound_atr_not_compressed,2017-12-06T14:15:00+00:00,2017-12-06T14:50:00+00:00,68121,stop,-4.935384911851506,-8.512219578909118,True,False,2100,3.614967313310739,1.1191832184685788,-0.020756028230320973,-0.15216544600598345,-0.19977481473417305,0.5555555555559325,0.3999999999992898,14.25
nzdusd_rsi2_m5_usd500000_smaller_stop_and_time_confirmed_rebound_atr_not_compressed,2017-12-06T15:00:00+00:00,2017-12-06T15:05:00+00:00,68130,stop,-5.173922474851868,-8.912872480364975,True,False,300,3.765598286122169,1.145556003200496,0.008833037220717956,-2.6583199334968706,-1.8092634757876473,0.14634146341450205,0.49999999999994493,15.0
nzdusd_rsi2_m5_usd500000_smaller_stop_and_time_confirmed_rebound_atr_not_compressed,2017-12-06T15:15:00+00:00,2017-12-06T16:00:00+00:00,68133,signal_exit,1.346665035099692,2.31823899999947,False,True,2700,3.9541616015344005,1.186177144146394,-0.1179861306038002,-3.7900201960884172,-1.5993652538323004,0.7187500000002277,0.3999999999992898,15.25
nzdusd_rsi2_m5_usd500000_smaller_stop_and_time_confirmed_rebound_atr_not_compressed,2017-12-07T07:50:00+00:00,2017-12-07T08:10:00+00:00,68328,signal_exit,0.3047191384999357,0.52133299999989,False,True,1200,3.015363460216013,1.0224430873389816,-1.872284859418773,-10.560867873476697,-2.0044331963371143,0.1219512195121753,0.2999999999997449,7.833333333333333
nzdusd_rsi2_m5_usd500000_smaller_stop_and_time_confirmed_rebound_atr_not_compressed,2017-12-07T14:30:00+00:00,2017-12-07T14:35:00+00:00,68407,signal_exit,1.7071206443993918,2.921150999998959,False,True,300,3.3859261047799794,1.1462115673753053,-1.3210663653435901,-4.313995134305538,0.19212975925958775,0.043478260869838053,0.49999999999994493,14.5
nzdusd_rsi2_m5_usd500000_smaller_stop_and_time_confirmed_rebound_atr_not_compressed,2017-12-08T08:15:00+00:00,2017-12-08T09:00:00+00:00,68611,signal_exit,-1.0391013418504351,-1.778978500000745,False,False,2700,3.050681479709482,1.1104331359862039,0.3893802009533571,1.951536730133777,0.2680648728846119,0.7142857142854877,0.0,8.25
nzdusd_rsi2_m5_usd500000_smaller_stop_and_time_confirmed_rebound_atr_not_compressed,2017-12-11T07:50:00+00:00,2017-12-11T08:45:00+00:00,68886,stop,-6.600548583505745,-11.433481003820795,True,False,3300,5.074609613246447,1.2863925992529777,2.9018570181150762,13.132879737524071,0.8440509663400579,0.6451612903226731,0.40000000000040004,7.833333333333333
nzdusd_rsi2_m5_usd500000_smaller_stop_and_time_confirmed_rebound_atr_not_compressed,2017-12-12T09:05:00+00:00,2017-12-12T09:10:00+00:00,69183,signal_exit,1.1016201184001035,1.9138640000001799,False,True,300,3.2036559960897213,1.1608362841424769,2.0420888789989613,7.031054495867597,-1.0799424127908244,0.2432432432430486,0.49999999999994493,9.083333333333334
nzdusd_rsi2_m5_usd500000_smaller_stop_and_time_confirmed_rebound_atr_not_compressed,2017-12-12T10:35:00+00:00,2017-12-12T10:50:00+00:00,69201,target,2.8205394509490724,4.900172777882335,False,True,900,3.0932171515416336,1.1003457269121486,1.8501565246288285,5.653774861076823,-1.3164829097581543,0.13333333333348135,0.40000000000040004,10.583333333333334
nzdusd_rsi2_m5_usd500000_smaller_stop_and_time_confirmed_rebound_atr_not_compressed,2017-12-12T15:10:00+00:00,2017-12-12T15:50:00+00:00,69256,signal_exit,-0.8560688691005763,-1.485457000001,False,False,2400,3.1516452949920413,1.0893739130513276,0.5908593626868728,0.32997543359775955,-1.5666870389938734,0.21052631578965822,0.49999999999994493,15.166666666666666
nzdusd_rsi2_m5_usd500000_smaller_stop_and_time_confirmed_rebound_atr_not_compressed,2017-12-14T09:10:00+00:00,2017-12-14T10:05:00+00:00,69753,signal_exit,0.005935988899334194,0.010388499998834781,False,True,3300,3.7059449019973867,1.1075171285542968,0.1734506264520082,-1.6724353167347523,-1.6558015023359793,0.36170212765960463,0.40000000000040004,9.166666666666666
nzdusd_rsi2_m5_usd500000_smaller_stop_and_time_confirmed_rebound_atr_not_compressed,2017-12-14T13:40:00+00:00,2017-12-14T14:40:00+00:00,69807,holding_bars,-3.424583676300289,-5.989128500000505,False,False,3600,4.117892733782145,1.1978697913291354,-0.0366262908398005,-2.366994356529988,-1.4970823209776956,0.30434782608687255,0.40000000000040004,13.666666666666666
nzdusd_rsi2_m5_usd500000_smaller_stop_and_time_confirmed_rebound_atr_not_compressed,2017-12-14T15:30:00+00:00,2017-12-14T16:00:00+00:00,69829,signal_exit,2.1818882412496015,3.8111584999993036,False,True,1800,4.124614744410706,1.1440969488233383,-0.6653408335225915,-4.167347003619867,-2.044664276555989,0.2857142857142291,0.49999999999994493,15.5
nzdusd_rsi2_m5_usd500000_smaller_stop_and_time_confirmed_rebound_atr_not_compressed,2017-12-15T09:05:00+00:00,2017-12-15T09:35:00+00:00,70038,stop,-4.088708994186483,-7.1883069518046465,True,False,1800,3.0983221671775856,1.0074484525616996,1.7742972980610936,6.830869788174501,0.06974136977444642,0.27272727272704334,0.10000000000065512,9.083333333333334
nzdusd_rsi2_m5_usd500000_smaller_stop_and_time_confirmed_rebound_atr_not_compressed,2017-12-15T10:10:00+00:00,2017-12-15T10:25:00+00:00,70051,signal_exit,1.5994957067496667,2.8085964999994144,False,True,900,3.0913613032942946,1.0089420852233888,1.5668756562414357,3.2396263027898153,-1.5102923087287192,0.7441860465117179,0.40000000000040004,10.166666666666666
nzdusd_rsi2_m5_usd500000_smaller_stop_and_time_confirmed_rebound_atr_not_compressed,2017-12-15T15:30:00+00:00,2017-12-15T16:20:00+00:00,70115,stop,-4.596948076381144,-8.06340655390483,True,False,3000,3.436482303832912,1.1197314872270714,0.2673574862821071,-1.5025445716974475,-1.9061889571938089,0.3478260869569415,0.2999999999997449,15.5
nzdusd_rsi2_m5_usd500000_smaller_stop_and_time_confirmed_rebound_atr_not_compressed,2017-12-19T14:35:00+00:00,2017-12-19T14:40:00+00:00,70671,stop,-4.803000403006396,-8.398322089537324,True,False,300,3.504722960072313,1.348361359417537,-0.3577392991034438,-7.259813191513491,-1.8696285582187178,0.5483870967741473,0.49999999999994493,14.583333333333334
nzdusd_rsi2_m5_usd500000_smaller_stop_and_time_confirmed_rebound_atr_not_compressed,2017-12-21T14:10:00+00:00,2017-12-21T14:40:00+00:00,71239,signal_exit,0.5186097188995322,0.9093629999991797,False,True,1800,3.496970309015949,1.2422931055150424,0.5611950871458083,3.1902306076875715,0.5016926815501634,0.3478260869567736,0.5999999999994898,14.166666666666666
nzdusd_rsi2_m5_usd500000_smaller_stop_and_time_confirmed_rebound_atr_not_compressed,2017-12-22T15:45:00+00:00,2017-12-22T16:00:00+00:00,71539,signal_exit,2.1720129674996036,3.8092124999993047,False,True,900,3.064614267044471,1.279974257977207,-0.3680073995563844,-2.0148817830137076,-1.198688939321115,0.6296296296296601,0.40000000000040004,15.75
