variant,entry_time,exit_time,entry_index,reason,net_pnl,net_pips,stopped,won,holding_seconds,atr_pips,atr_fast_slow_ratio,ema_slope_atr,distance_from_ema_atr,zscore20,completed_bar_body_fraction,current_quote_spread_pips,current_quote_hour_utc
nzdusd_rsi2_m15_usd100000_smaller_stop_and_time_confirmed_rebound,2017-01-11T15:45:00+00:00,2017-01-11T16:15:00+00:00,617,target,1.6636215455854617,14.50411112105895,False,True,1800,8.673895142047018,1.1089969775005095,-0.09416317271244287,-2.781118335510937,-1.8009316690605504,0.6336633663367458,0.700000000000145,15.75
nzdusd_rsi2_m15_usd100000_smaller_stop_and_time_confirmed_rebound,2017-01-16T08:30:00+00:00,2017-01-16T09:45:00+00:00,869,signal_exit,0.18351999999988264,1.6269503546088886,False,True,4500,8.10135607540731,0.9361812802001346,-0.06927310703240204,-1.3466779268655995,-1.6448240251359105,0.7272727272727928,0.6000000000006,8.5
nzdusd_rsi2_m15_usd100000_smaller_stop_and_time_confirmed_rebound,2017-01-18T12:00:00+00:00,2017-01-18T13:15:00+00:00,1069,stop,-1.534922289292655,-13.81568217185108,True,False,4500,5.5077510769247,0.759176129728949,1.1959991609891254,4.049194622841353,-0.6736837922329764,0.34782608695661615,0.5999999999994898,12.0
nzdusd_rsi2_m15_usd100000_smaller_stop_and_time_confirmed_rebound,2017-01-18T13:45:00+00:00,2017-01-18T14:30:00+00:00,1076,signal_exit,0.4344099999999549,3.9030548068279862,False,True,2700,6.106580876793167,0.8463745851292788,1.0409375154390794,2.5563953013189686,-1.6716087589086137,0.023999999999980103,0.6000000000006,13.75
nzdusd_rsi2_m15_usd100000_smaller_stop_and_time_confirmed_rebound,2017-01-19T11:30:00+00:00,2017-01-19T12:00:00+00:00,1160,signal_exit,0.4801499999999994,4.306278026905824,False,True,1800,8.998443768027848,1.1417894024320783,0.05550656659677984,1.4261341376600092,0.42489859985559014,0.019230769230892408,0.5999999999994898,11.5
nzdusd_rsi2_m15_usd100000_smaller_stop_and_time_confirmed_rebound,2017-01-19T14:30:00+00:00,2017-01-19T14:45:00+00:00,1172,stop,-2.65514799374531,-23.812986490989324,True,False,900,10.659632258947244,1.2923372426033226,0.46795275365539235,1.075251448679628,-1.1121909014647025,0.6122448979592037,0.2999999999997449,14.5
nzdusd_rsi2_m15_usd100000_smaller_stop_and_time_confirmed_rebound,2017-01-20T09:30:00+00:00,2017-01-20T11:00:00+00:00,1246,stop,-2.427931096876418,-21.736178127810366,True,False,5400,9.572833916188145,1.094567444453344,0.5438884310351854,-1.9024032322889504,-2.020404899450833,0.27083333333338394,0.3999999999992898,9.5
nzdusd_rsi2_m15_usd100000_smaller_stop_and_time_confirmed_rebound,2017-01-23T08:45:00+00:00,2017-01-23T11:45:00+00:00,1336,holding_bars,-1.089600000000149,-9.798561151080476,False,False,10800,8.368262364816145,0.9716653091109408,0.782442629588355,1.850977205557779,-1.1966037675175818,0.5079365079366478,0.49999999999994493,8.75
nzdusd_rsi2_m15_usd100000_smaller_stop_and_time_confirmed_rebound,2017-01-24T07:30:00+00:00,2017-01-24T08:45:00+00:00,1427,signal_exit,-0.022879999999945777,-0.20668473351351196,False,False,4500,7.073758052906965,0.8876192104832629,1.0481307011429324,2.2080045534498436,-1.2804362550597086,0.424242424242516,0.5999999999994898,7.5
nzdusd_rsi2_m15_usd100000_smaller_stop_and_time_confirmed_rebound,2017-01-24T11:15:00+00:00,2017-01-24T11:45:00+00:00,1442,signal_exit,1.140679999999926,10.294945848374782,False,True,1800,7.8090641931637625,0.9775403598239532,0.5816026655508836,1.1229846239078842,-1.2573588060726033,0.24000000000001775,0.20000000000020002,11.25
nzdusd_rsi2_m15_usd100000_smaller_stop_and_time_confirmed_rebound,2017-01-26T07:30:00+00:00,2017-01-26T08:30:00+00:00,1613,signal_exit,0.5033599999998494,4.580163785257956,False,True,3600,6.479607999008423,0.8124770312699254,0.991387840555584,2.2188294797086687,-2.157700882759088,0.2476190476190587,0.6000000000006,7.5
nzdusd_rsi2_m15_usd100000_smaller_stop_and_time_confirmed_rebound,2017-01-26T10:15:00+00:00,2017-01-26T12:00:00+00:00,1624,stop,-2.035570850125767,-18.488381926664548,True,False,6300,7.885925749889934,0.9786701142633755,0.6309070582493271,0.3502747337708233,-1.829271034784216,0.22471910112355625,0.49999999999994493,10.25
nzdusd_rsi2_m15_usd100000_smaller_stop_and_time_confirmed_rebound,2017-01-26T12:45:00+00:00,2017-01-26T13:45:00+00:00,1634,signal_exit,-0.277280000000016,-2.5115942028986957,False,False,3600,7.245542381481132,0.9180374256339544,0.17903413260371773,-1.909154636601799,-1.5375101612925544,0.7567567567568013,0.40000000000040004,12.75
nzdusd_rsi2_m15_usd100000_smaller_stop_and_time_confirmed_rebound,2017-01-30T12:30:00+00:00,2017-01-30T13:30:00+00:00,1822,signal_exit,0.8377599999999348,7.588405797100858,False,True,3600,6.181367660659501,0.9518368677452135,-0.1881449165696575,-2.460197674002693,-1.8694823092763837,0.11428571428566443,0.49999999999994493,12.5
nzdusd_rsi2_m15_usd100000_smaller_stop_and_time_confirmed_rebound,2017-01-31T07:15:00+00:00,2017-01-31T08:00:00+00:00,1893,signal_exit,0.26073999999997366,2.376845943481984,False,True,2700,5.317458377371686,0.8408965029366229,0.8634874797746684,2.7259759831595267,-1.242622106552434,0.34920634920651145,0.6999999999990347,7.25
nzdusd_rsi2_m15_usd100000_smaller_stop_and_time_confirmed_rebound,2017-02-01T14:15:00+00:00,2017-02-01T14:45:00+00:00,2017,signal_exit,0.4605999999999273,4.183469573114689,False,True,1800,8.004468833030126,1.0729023479306496,-0.2158626211388301,-3.2708094298030534,-1.7932555728394113,0.527272727272808,0.700000000000145,14.25
nzdusd_rsi2_m15_usd100000_smaller_stop_and_time_confirmed_rebound,2017-02-02T07:15:00+00:00,2017-02-02T08:30:00+00:00,2085,signal_exit,0.22783000000000161,2.076845943482239,False,True,4500,7.438018903522666,0.9400315541562854,0.47432122440535884,1.0807738658971415,-1.6881758140178937,0.1494252873564201,0.6999999999990347,7.25
nzdusd_rsi2_m15_usd100000_smaller_stop_and_time_confirmed_rebound,2017-02-03T12:00:00+00:00,2017-02-03T12:45:00+00:00,2199,signal_exit,0.1963600000000297,1.7834695731156196,False,True,2700,4.924118257651002,0.7441664687699497,-0.6446050489829193,-2.914852706723242,-1.451962096469355,0.06521739130453147,0.3999999999992898,12.0
nzdusd_rsi2_m15_usd100000_smaller_stop_and_time_confirmed_rebound,2017-02-06T10:45:00+00:00,2017-02-06T11:15:00+00:00,2288,signal_exit,0.4673399999999994,4.271846435100543,False,True,1800,6.074242785568214,0.9015943803793945,0.4978334220522958,0.8468968193439793,-1.2689394436174473,0.5454545454545914,0.2999999999997449,10.75
nzdusd_rsi2_m15_usd100000_smaller_stop_and_time_confirmed_rebound,2017-02-06T14:00:00+00:00,2017-02-06T16:30:00+00:00,2301,signal_exit,0.46855999999987774,4.275182481750709,False,True,9000,7.14982214811991,1.0494228169084845,0.3124592374651156,-1.1890088719169745,-1.9361646903144387,0.23728813559327774,0.49999999999994493,14.0
nzdusd_rsi2_m15_usd100000_smaller_stop_and_time_confirmed_rebound,2017-02-07T08:45:00+00:00,2017-02-07T09:30:00+00:00,2375,stop,-2.3815753986691295,-21.769427775769007,True,False,2700,9.520637105434858,1.263809840480208,1.1347703573291918,-0.7996313099936534,-1.8272975722105296,0.4461538461538383,0.49999999999994493,8.75
nzdusd_rsi2_m15_usd100000_smaller_stop_and_time_confirmed_rebound,2017-02-07T09:45:00+00:00,2017-02-07T12:15:00+00:00,2379,signal_exit,-0.2767200000000159,-2.5248175182483203,False,False,9000,9.714114336951457,1.270957184299626,0.7562128655320928,-2.551178709064597,-1.5874767268839567,0.22499999999994102,0.5999999999994898,9.75
nzdusd_rsi2_m15_usd100000_smaller_stop_and_time_confirmed_rebound,2017-02-09T07:15:00+00:00,2017-02-09T08:15:00+00:00,2560,signal_exit,0.33328000000004,2.99981998199856,False,True,3600,7.078793874199831,0.9022452732012768,-2.4794190337122495,-10.226724927001982,-0.8058286243966115,0.7432432432433487,0.5999999999994898,7.25
nzdusd_rsi2_m15_usd100000_smaller_stop_and_time_confirmed_rebound,2017-02-09T11:45:00+00:00,2017-02-09T12:45:00+00:00,2578,signal_exit,0.565209999999965,5.096573489629982,False,True,3600,7.971274006111884,1.0031596539975922,-1.9908399604042817,-7.233000398953053,0.04752192907036239,0.4077669902912485,0.5999999999994898,11.75
nzdusd_rsi2_m15_usd100000_smaller_stop_and_time_confirmed_rebound,2017-02-09T15:45:00+00:00,2017-02-09T16:15:00+00:00,2594,signal_exit,0.6006399999999366,5.401438848920293,False,True,1800,10.657957944239495,1.2763643555621857,-1.5233983356782135,-8.405747196923139,-1.7603776773344717,0.2857142857142983,0.49999999999994493,15.75
nzdusd_rsi2_m15_usd100000_smaller_stop_and_time_confirmed_rebound,2017-02-10T08:15:00+00:00,2017-02-10T09:00:00+00:00,2658,signal_exit,0.24519999999995098,2.2030548068279514,False,True,2700,6.064180189895843,0.8275120876337032,-1.255128710541296,-5.395825573358283,-1.182741975586139,0.6049382716048605,0.6000000000006,8.25
nzdusd_rsi2_m15_usd100000_smaller_stop_and_time_confirmed_rebound,2017-02-13T09:30:00+00:00,2017-02-13T12:15:00+00:00,2753,stop,-1.6654483603081103,-14.990534296202611,True,False,9900,6.295177139100373,0.9300822475272811,-0.10536764839690864,-2.0390400902794164,-1.8419778300249185,0.13157894736842873,0.20000000000020002,9.5
nzdusd_rsi2_m15_usd100000_smaller_stop_and_time_confirmed_rebound,2017-02-13T14:00:00+00:00,2017-02-13T15:30:00+00:00,2771,stop,-1.5885841636994886,-14.247391602685996,True,False,5400,5.92683481479574,0.9089986772538254,-0.6464470409732266,-5.181305023137046,-1.8440681969253108,0.39285714285709566,0.20000000000020002,14.0
nzdusd_rsi2_m15_usd100000_smaller_stop_and_time_confirmed_rebound,2017-02-14T08:15:00+00:00,2017-02-14T08:45:00+00:00,2840,signal_exit,0.8137399999999626,7.304667863554421,False,True,1800,6.076592077874828,1.02032517476169,-0.39126297561202233,-2.340820438911978,-1.0440693690115819,0.2500000000001262,0.5999999999994898,8.25
nzdusd_rsi2_m15_usd100000_smaller_stop_and_time_confirmed_rebound,2017-02-14T13:45:00+00:00,2017-02-14T15:00:00+00:00,2862,stop,-1.7011240587066085,-15.284133501407084,True,False,4500,6.243594154117867,1.047285897151302,-0.22458336688997985,-0.7203738438464566,0.008248599651647126,0.09923664122135205,0.5999999999994898,13.75
nzdusd_rsi2_m15_usd100000_smaller_stop_and_time_confirmed_rebound,2017-02-15T11:00:00+00:00,2017-02-15T11:30:00+00:00,2944,signal_exit,0.034149999999924685,0.3062780269051541,False,True,1800,5.718406200238446,0.947780200799548,-0.09930593916875137,-1.0206046940314777,-1.1108597001490401,0.1333333333331113,0.6000000000006,11.0
nzdusd_rsi2_m15_usd100000_smaller_stop_and_time_confirmed_rebound,2017-02-15T14:00:00+00:00,2017-02-15T14:30:00+00:00,2956,target,1.2545826249358807,11.23171553210278,False,True,1800,6.961112913768902,1.1311962477918207,-0.11556399485009337,-3.323670551523985,-2.244512928229307,0.6530612244898953,0.49999999999994493,14.0
nzdusd_rsi2_m15_usd100000_smaller_stop_and_time_confirmed_rebound,2017-02-16T07:15:00+00:00,2017-02-16T08:00:00+00:00,3023,signal_exit,0.20995999999997947,1.894945848375266,False,True,2700,5.74275753436263,0.8643603529014763,1.149384793903502,3.2975693794144587,-1.5136532903698698,0.2553191489362054,0.3999999999992898,7.25
nzdusd_rsi2_m15_usd100000_smaller_stop_and_time_confirmed_rebound,2017-02-16T10:30:00+00:00,2017-02-16T12:30:00+00:00,3036,signal_exit,-0.12258000000010677,-1.1083182640154319,False,False,7200,6.521732661948109,0.9767862468832565,1.0093789338762758,3.92571379657462,0.22375610474644972,0.8194444444443545,0.6000000000006,10.5
nzdusd_rsi2_m15_usd100000_smaller_stop_and_time_confirmed_rebound,2017-02-16T14:15:00+00:00,2017-02-16T15:00:00+00:00,3051,signal_exit,1.0975300000000048,9.896573489630342,False,True,2700,6.981957928984465,1.0415433860104117,0.809969153218908,1.274057991149906,-1.6521810290881833,0.6363636363636058,0.49999999999994493,14.25
nzdusd_rsi2_m15_usd100000_smaller_stop_and_time_confirmed_rebound,2017-02-21T08:00:00+00:00,2017-02-21T08:30:00+00:00,3302,stop,-1.265115439091597,-11.315880492769203,True,False,1800,4.263485863557452,0.9533525532440937,-1.4990575711784293,-6.545042416670291,-1.2857142857334583,0.15999999999992007,0.6000000000006,8.0
nzdusd_rsi2_m15_usd100000_smaller_stop_and_time_confirmed_rebound,2017-02-21T09:00:00+00:00,2017-02-21T10:00:00+00:00,3306,stop,-1.2956345174872164,-11.568165334707288,True,False,3600,4.441225524496569,0.9881699781646922,-1.5860865517229579,-8.807744561240268,-2.1971400379223307,0.5000000000002313,0.49999999999994493,9.0
nzdusd_rsi2_m15_usd100000_smaller_stop_and_time_confirmed_rebound,2017-02-21T14:00:00+00:00,2017-02-21T14:15:00+00:00,3326,signal_exit,0.5286499999999198,4.715878679749507,False,True,900,4.8383022109084814,1.0498347972722974,-1.9197906428623401,-7.838000851031178,-0.8481765265372853,0.03636363636367673,0.40000000000040004,14.0
nzdusd_rsi2_m15_usd100000_smaller_stop_and_time_confirmed_rebound,2017-02-22T07:00:00+00:00,2017-02-22T07:45:00+00:00,3391,signal_exit,-0.08830000000001231,-0.7905102954343088,False,False,2700,4.054439666034088,0.8971882797445307,-0.12521557471927303,-2.0129083620832655,-1.3940720610218194,0.5111111111113085,0.7999999999996898,7.0
nzdusd_rsi2_m15_usd100000_smaller_stop_and_time_confirmed_rebound,2017-02-22T12:30:00+00:00,2017-02-22T14:00:00+00:00,3413,stop,-1.5101951993357483,-13.532215047811365,True,False,5400,5.370050176235659,1.1240018994433765,-0.07357379260550988,-0.743426256148184,-1.0001265835586082,0.3333333333333333,0.5999999999994898,12.5
nzdusd_rsi2_m15_usd100000_smaller_stop_and_time_confirmed_rebound,2017-02-24T11:45:00+00:00,2017-02-24T13:30:00+00:00,3597,signal_exit,-0.03380000000014133,-0.3050541516258243,False,False,6300,5.223662386543427,0.959437402892408,0.9179005605080447,0.8323592558149132,-2.1896058340942495,0.20370370370356283,0.6000000000006,11.75
nzdusd_rsi2_m15_usd100000_smaller_stop_and_time_confirmed_rebound,2017-02-24T14:45:00+00:00,2017-02-24T15:30:00+00:00,3609,signal_exit,0.5547999999998923,4.998198198197227,False,True,2700,6.723420684016728,1.1780808844414203,0.33686454978270486,-1.302861684009484,-1.332695754392422,0.24390243902448602,0.5999999999994898,14.75
nzdusd_rsi2_m15_usd100000_smaller_stop_and_time_confirmed_rebound,2017-02-28T08:00:00+00:00,2017-02-28T09:15:00+00:00,3767,signal_exit,0.611759999999886,5.501438848919838,False,True,4500,5.0021519723409025,0.9453197948753246,-0.482409016666375,-2.153153337060056,-0.6489714597205277,0.4027777777777649,0.49999999999994493,8.0
nzdusd_rsi2_m15_usd100000_smaller_stop_and_time_confirmed_rebound,2017-03-01T07:45:00+00:00,2017-03-01T08:45:00+00:00,3861,signal_exit,1.2162399999999187,10.820640569394294,False,True,3600,9.973549500742026,1.393031928667192,-1.584074283808159,-10.113034303910132,-1.8514644006640322,0.5040650406504784,0.3999999999992898,7.75
nzdusd_rsi2_m15_usd100000_smaller_stop_and_time_confirmed_rebound,2017-03-01T11:45:00+00:00,2017-03-01T13:15:00+00:00,3877,signal_exit,-0.5478200000000364,-4.882531194296225,False,False,5400,9.251044591797367,1.2480425595857898,-1.7812237927361327,-7.375602415152714,-0.3713190897810613,0.7043478260869465,0.6000000000006,11.75
nzdusd_rsi2_m15_usd100000_smaller_stop_and_time_confirmed_rebound,2017-03-02T08:45:00+00:00,2017-03-02T09:30:00+00:00,3957,stop,-2.0478006182930257,-18.218866710792042,True,False,2700,7.769753640093256,1.003137093348513,-0.7827953039064797,-4.858275951237794,-2.0225535283498486,0.7215189873417597,0.49999999999994493,8.75
nzdusd_rsi2_m15_usd100000_smaller_stop_and_time_confirmed_rebound,2017-03-02T10:00:00+00:00,2017-03-02T10:45:00+00:00,3962,signal_exit,0.7345799999998721,6.523801065718224,False,True,2700,8.164565988671258,1.0460071413085208,-0.92654600935809,-6.625318485448288,-2.062371141747606,0.058823529411757024,0.5000000000010552,10.0
nzdusd_rsi2_m15_usd100000_smaller_stop_and_time_confirmed_rebound,2017-03-03T08:15:00+00:00,2017-03-03T09:15:00+00:00,4049,signal_exit,0.5504199999999931,4.8409850483728505,False,True,3600,6.85155521193492,0.9515701108026177,-2.2372457595323056,-9.347369652713017,-1.5425418853294492,0.1956521739131353,0.3999999999992898,8.25
nzdusd_rsi2_m15_usd100000_smaller_stop_and_time_confirmed_rebound,2017-03-03T11:15:00+00:00,2017-03-03T12:45:00+00:00,4061,signal_exit,0.02759999999984858,0.24253075571044444,False,True,5400,6.030552566247519,0.8593673504784458,-2.2220972909146433,-9.426058280608583,-1.41675787648788,0.10526315789453694,0.5000000000010552,11.25
nzdusd_rsi2_m15_usd100000_smaller_stop_and_time_confirmed_rebound,2017-03-03T15:00:00+00:00,2017-03-03T17:45:00+00:00,4076,signal_exit,-0.359460000000033,-3.155926251097743,False,False,9900,7.4573172960020395,1.0423813393371035,-1.988787694081321,-8.613506997376728,-0.9952832116884579,0.11864406779642837,1.60000000000049,15.0
nzdusd_rsi2_m15_usd100000_smaller_stop_and_time_confirmed_rebound,2017-03-06T11:15:00+00:00,2017-03-06T12:45:00+00:00,4153,signal_exit,-0.14305000000000628,-1.255926251097509,False,False,5400,6.804594506556226,0.9510229183914756,-0.993969865072693,-4.023807809245618,-0.581144939877903,0.2063492063491784,0.3999999999992898,11.25
nzdusd_rsi2_m15_usd100000_smaller_stop_and_time_confirmed_rebound,2017-03-06T15:00:00+00:00,2017-03-06T16:45:00+00:00,4168,stop,-1.8936531921371125,-16.61099291348344,True,False,6300,6.828303474285803,0.9763289803988535,-0.8658682707828683,-5.018138454066436,-1.8759118871218854,0.35398230088492794,0.7999999999996898,15.0
nzdusd_rsi2_m15_usd100000_smaller_stop_and_time_confirmed_rebound,2017-03-07T09:15:00+00:00,2017-03-07T10:45:00+00:00,4239,signal_exit,0.17784999999993298,1.5532751091697203,False,True,5400,7.739000169501193,1.1507132707650805,-0.8616434817379583,-5.353660612980791,-1.5184216081999344,0.6071428571428642,0.2999999999997449,9.25
nzdusd_rsi2_m15_usd100000_smaller_stop_and_time_confirmed_rebound,2017-03-07T13:30:00+00:00,2017-03-07T14:00:00+00:00,4256,signal_exit,0.6015000000000389,5.253275109170645,False,True,1800,7.02906796728911,1.038169945414342,-1.1831934656954048,-5.036067547295003,-0.8211786021336984,0.3538461538460593,0.49999999999994493,13.5
nzdusd_rsi2_m15_usd100000_smaller_stop_and_time_confirmed_rebound,2017-03-07T15:15:00+00:00,2017-03-07T16:00:00+00:00,4263,signal_exit,0.37299999999993694,3.2547993019191703,False,True,2700,7.256455493022957,1.0602994579304015,-1.1598737709084073,-5.313958179703294,-1.780649232367717,0.27142857142859184,0.3999999999992898,15.25
nzdusd_rsi2_m15_usd100000_smaller_stop_and_time_confirmed_rebound,2017-03-08T12:45:00+00:00,2017-03-08T13:15:00+00:00,4346,stop,-1.7393833401251415,-15.098813716364075,True,False,1800,6.331351302626163,0.9753358391322133,-1.4260021392964737,-6.499725030690229,-1.128621363779758,0.1521739130435045,0.2999999999997449,12.75
nzdusd_rsi2_m15_usd100000_smaller_stop_and_time_confirmed_rebound,2017-03-08T13:45:00+00:00,2017-03-08T15:30:00+00:00,4350,stop,-2.002794402910911,-17.37028970434441,True,False,6300,7.417842163533509,1.115587776997428,-1.5355444975431327,-6.875166438549135,-1.3999372225530393,0.5094339622641608,0.40000000000040004,13.75
nzdusd_rsi2_m15_usd100000_smaller_stop_and_time_confirmed_rebound,2017-03-08T15:45:00+00:00,2017-03-08T17:45:00+00:00,4358,stop,-1.9538004130533893,-16.93067948919748,True,False,7200,7.098788618082472,1.0668125393233536,-1.634223191760915,-7.7477295716302,-1.4149957852203874,0.3255813953489153,0.5999999999994898,15.75
nzdusd_rsi2_m15_usd100000_smaller_stop_and_time_confirmed_rebound,2017-03-09T15:45:00+00:00,2017-03-09T16:45:00+00:00,4451,signal_exit,0.28677999999997217,2.474374460741779,False,True,3600,7.257241707163869,1.1707543277335282,-1.2764468842736694,-5.398753878256515,-0.8516218826468787,0.42682926829267137,0.0999999999995449,15.75
nzdusd_rsi2_m15_usd100000_smaller_stop_and_time_confirmed_rebound,2017-03-13T08:00:00+00:00,2017-03-13T08:45:00+00:00,4605,signal_exit,0.053659999999869645,0.4653946227221999,False,True,2700,5.676970041312518,0.928683155991807,0.598159614109419,1.7743537871299762,-1.1162811801699295,0.22727272727270434,0.49999999999994493,8.0
nzdusd_rsi2_m15_usd100000_smaller_stop_and_time_confirmed_rebound,2017-03-16T09:15:00+00:00,2017-03-16T09:30:00+00:00,4889,signal_exit,0.6679199999999805,5.848686514885993,False,True,900,8.441822153219643,1.1320625456963462,1.1870364839604701,4.427479777025921,-0.0038178297733805788,0.24418604651165493,0.49999999999994493,9.25
nzdusd_rsi2_m15_usd100000_smaller_stop_and_time_confirmed_rebound,2017-03-16T12:45:00+00:00,2017-03-16T15:45:00+00:00,4903,holding_bars,-1.161800000000072,-10.146724890830324,False,False,10800,9.218146293291596,1.1966507003810671,0.9676119452509101,1.142476671689334,-1.8473415776967474,0.03333333333330455,0.49999999999994493,12.75
nzdusd_rsi2_m15_usd100000_smaller_stop_and_time_confirmed_rebound,2017-03-17T07:45:00+00:00,2017-03-17T09:00:00+00:00,4976,signal_exit,0.75034999999987,6.55327510916917,False,True,4500,5.396906564057583,0.8389508441284211,0.5021328865781043,0.8189156910093307,-1.3866186477613236,0.8085106382980232,0.20000000000020002,7.75
nzdusd_rsi2_m15_usd100000_smaller_stop_and_time_confirmed_rebound,2017-03-20T09:30:00+00:00,2017-03-20T10:15:00+00:00,5074,signal_exit,0.14079999999996246,1.2394366197179794,False,True,2700,6.809149761258598,1.0936951613812613,1.5626164000431395,4.145268422133221,-1.6566239150825899,0.5416666666667053,0.2999999999997449,9.5
nzdusd_rsi2_m15_usd100000_smaller_stop_and_time_confirmed_rebound,2017-03-21T12:45:00+00:00,2017-03-21T13:30:00+00:00,5179,signal_exit,0.16255999999998524,1.4347749338039297,False,True,2700,5.920730086203332,1.0268149675934943,0.7528054798160686,3.387697149964798,0.27094507826000785,0.8852459016393204,0.40000000000040004,12.75
nzdusd_rsi2_m15_usd100000_smaller_stop_and_time_confirmed_rebound,2017-03-21T15:45:00+00:00,2017-03-21T18:00:00+00:00,5191,stop,-2.2321291093126274,-19.71845502926349,True,False,8100,8.725835288483221,1.3846350892163923,1.0333605241363741,3.6176487708868064,-0.17685313031601865,0.22471910112355625,0.0999999999995449,15.75
nzdusd_rsi2_m15_usd100000_smaller_stop_and_time_confirmed_rebound,2017-03-22T09:45:00+00:00,2017-03-22T11:30:00+00:00,5259,signal_exit,0.16415999999998518,1.4425307557116447,False,True,6300,6.889744519209803,1.0961541339444323,-0.12191003435694726,-2.233199387839169,-1.710914975324225,0.6615384615384852,0.3999999999992898,9.75
nzdusd_rsi2_m15_usd100000_smaller_stop_and_time_confirmed_rebound,2017-03-23T08:30:00+00:00,2017-03-23T09:30:00+00:00,5348,stop,-1.602685549286595,-14.120577526754142,True,False,3600,5.929231494654151,0.9505028913712797,0.12765597676731294,0.6043706381036674,-0.07894511467628693,0.4659090909089934,0.10000000000065512,8.5
nzdusd_rsi2_m15_usd100000_smaller_stop_and_time_confirmed_rebound,2017-03-23T10:15:00+00:00,2017-03-23T11:00:00+00:00,5355,signal_exit,0.29983999999999544,2.6394366197182695,False,True,2700,5.949258084991018,0.9575162560840966,0.11900559844991852,-0.8890064798800391,-1.4599610695899252,0.8225806451613683,0.49999999999994493,10.25
nzdusd_rsi2_m15_usd100000_smaller_stop_and_time_confirmed_rebound,2017-03-23T15:45:00+00:00,2017-03-23T18:45:00+00:00,5377,holding_bars,-0.7907200000000862,-6.96056338028245,False,False,10800,6.229049765402337,1.0035558051030813,0.016282756137982825,-0.5940892948279266,-1.1434486291749708,0.2500000000000771,0.40000000000040004,15.75
nzdusd_rsi2_m15_usd100000_smaller_stop_and_time_confirmed_rebound,2017-03-27T14:30:00+00:00,2017-03-27T15:00:00+00:00,5554,target,1.0571537312434947,9.305930732777242,False,True,1800,6.033247056529532,1.0890793052684393,0.7593033213380559,0.10385108880653944,-2.1591796462437434,0.2222222222222736,0.5999999999994898,14.5
nzdusd_rsi2_m15_usd100000_smaller_stop_and_time_confirmed_rebound,2017-03-28T07:00:00+00:00,2017-03-28T08:15:00+00:00,5616,target,0.9189739356819994,8.061174874403502,False,True,4500,5.357780419658021,1.0660423144625264,-0.23357658776721327,-5.261564703174529,-2.2285231127545715,0.09574468085109525,0.49999999999994493,7.0
nzdusd_rsi2_m15_usd100000_smaller_stop_and_time_confirmed_rebound,2017-03-29T12:30:00+00:00,2017-03-29T12:45:00+00:00,5730,signal_exit,0.22142999999985244,1.9440737489012505,False,True,900,5.67386117319132,1.0644106159055267,-0.2716578429332304,-1.2133841053166594,-0.9580037610677723,0.41379310344828907,0.40000000000040004,12.5
nzdusd_rsi2_m15_usd100000_smaller_stop_and_time_confirmed_rebound,2017-03-30T07:45:00+00:00,2017-03-30T08:15:00+00:00,5804,target,0.7654263859275925,6.714266543224495,False,True,1800,4.634326254068483,0.9649869567077303,-0.20680615723211146,-3.044857375433023,-2.1018668854435547,0.05747126436780729,0.3999999999992898,7.75
nzdusd_rsi2_m15_usd100000_smaller_stop_and_time_confirmed_rebound,2017-03-30T11:00:00+00:00,2017-03-30T11:30:00+00:00,5817,signal_exit,0.13059999999988764,1.1456140350867337,False,True,1800,4.925285593375034,1.014964916266328,-0.4216453772960312,-2.175061098236989,-0.6264678279385549,0.3396226415094063,0.30000000000085514,11.0
nzdusd_rsi2_m15_usd100000_smaller_stop_and_time_confirmed_rebound,2017-03-31T08:00:00+00:00,2017-03-31T11:00:00+00:00,5898,holding_bars,-0.57752000000006,-5.048251748252273,False,False,10800,5.433393345562571,1.0637555342469232,-1.2260500750127086,-4.78544021156684,-0.5517272095128258,0.6585365853658008,0.49999999999994493,8.0
nzdusd_rsi2_m15_usd100000_smaller_stop_and_time_confirmed_rebound,2017-03-31T12:45:00+00:00,2017-03-31T13:30:00+00:00,5917,signal_exit,0.4984499999999994,4.3532751091703,False,True,2700,4.994310742270859,0.9932802507627488,-1.14088199819666,-4.721488679442208,-0.8844240831503996,0.3900000000000011,0.2999999999997449,12.75
nzdusd_rsi2_m15_usd100000_smaller_stop_and_time_confirmed_rebound,2017-04-03T07:30:00+00:00,2017-04-03T08:00:00+00:00,5988,signal_exit,0.3262400000000183,2.8517482517484116,False,True,1800,4.282379509914726,0.8618620078266578,-0.12254349360148742,-3.2178453082281724,-1.4791288721116147,0.42857142857135305,0.2999999999997449,7.5
nzdusd_rsi2_m15_usd100000_smaller_stop_and_time_confirmed_rebound,2017-04-04T07:00:00+00:00,2017-04-04T09:15:00+00:00,6078,signal_exit,-0.07405000000006473,-0.6467248908302596,False,False,8100,5.88874965242421,1.2127961739476119,-0.4792905401706876,-4.099326257414013,-1.4126128672111653,0.7230769230768337,0.2999999999997449,7.0
nzdusd_rsi2_m15_usd100000_smaller_stop_and_time_confirmed_rebound,2017-04-05T10:00:00+00:00,2017-04-05T10:45:00+00:00,6180,signal_exit,-0.005009999999996018,-0.043679163033967024,False,False,2700,4.215948331482165,0.974867695834518,-0.6500890617367983,-3.7649199981675525,-1.2511883177144347,0.3437499999997181,0.49999999999994493,10.0
nzdusd_rsi2_m15_usd100000_smaller_stop_and_time_confirmed_rebound,2017-04-05T14:00:00+00:00,2017-04-05T16:45:00+00:00,6196,stop,-1.5763343807276962,-13.719185210858974,True,False,9900,5.389270586282433,1.1917413436943713,-0.7707317289138157,-5.9595209271040535,-2.083914838744093,0.10810810810822165,0.7999999999996898,14.0
nzdusd_rsi2_m15_usd100000_smaller_stop_and_time_confirmed_rebound,2017-04-06T07:45:00+00:00,2017-04-06T08:30:00+00:00,6262,signal_exit,0.06380999999994547,0.5563208369655227,False,True,2700,5.220884412106267,1.0712278546098244,-0.2423731250302358,-1.2067480593272153,-0.6082427444801409,0.4558823529412149,0.49999999999994493,7.75
nzdusd_rsi2_m15_usd100000_smaller_stop_and_time_confirmed_rebound,2017-04-07T10:30:00+00:00,2017-04-07T11:30:00+00:00,6363,stop,-1.3272466743621174,-11.571461851456995,True,False,3600,4.463891344211157,1.003501542822014,-0.10349546625377262,-1.151475336471704,-0.9948730326268643,0.38636363636364784,0.49999999999994493,10.5
nzdusd_rsi2_m15_usd100000_smaller_stop_and_time_confirmed_rebound,2017-04-07T13:45:00+00:00,2017-04-07T14:30:00+00:00,6376,signal_exit,0.6157899999998592,5.359355961704605,False,True,2700,7.770333751969255,1.5441612740496518,-0.2753062279872901,-3.1526248407471456,-1.4642823697159593,0.7422680412372338,0.20000000000020002,13.75
nzdusd_rsi2_m15_usd100000_smaller_stop_and_time_confirmed_rebound,2017-04-11T14:45:00+00:00,2017-04-11T15:00:00+00:00,6563,signal_exit,0.560319999999993,4.8638888888888285,False,True,900,4.141506637255421,0.9921240576518352,-0.553174850356889,-3.381039782871884,-1.7610931437509012,0.533333333333358,0.49999999999994493,14.75
nzdusd_rsi2_m15_usd100000_smaller_stop_and_time_confirmed_rebound,2017-04-12T07:30:00+00:00,2017-04-12T09:30:00+00:00,6626,stop,-1.3782081254531393,-11.963612200114056,True,False,7200,4.663750544501063,1.0879600779730523,-0.47002573884204735,-2.3218436090063235,-0.5189476966890619,0.44615384615391446,0.49999999999994493,7.5
nzdusd_rsi2_m15_usd100000_smaller_stop_and_time_confirmed_rebound,2017-04-14T12:15:00+00:00,2017-04-14T13:00:00+00:00,6828,signal_exit,0.33720999999996626,2.9502187226593724,False,True,2700,7.478838297233063,1.319644797194562,0.4422912708887695,1.9337809456458106,0.43109639960342655,0.06849315068492318,1.9999999999997797,12.25
nzdusd_rsi2_m15_usd100000_smaller_stop_and_time_confirmed_rebound,2017-04-17T07:00:00+00:00,2017-04-17T09:00:00+00:00,6891,signal_exit,-0.4052000000000786,-3.55438596491297,False,False,7200,4.025567395149479,0.7856182992741509,1.3032686618547829,2.8756115501449333,-1.8034744513089245,0.4042553191490116,0.2999999999997449,7.0
nzdusd_rsi2_m15_usd100000_smaller_stop_and_time_confirmed_rebound,2017-04-18T09:00:00+00:00,2017-04-18T09:30:00+00:00,6988,signal_exit,0.2445999999998751,2.1456140350866235,False,True,1800,4.4280430733647815,0.9727909381041232,0.2304721044682925,0.37721811920247006,-0.6307692304401634,0.7500000000000867,0.49999999999994493,9.0
nzdusd_rsi2_m15_usd100000_smaller_stop_and_time_confirmed_rebound,2017-04-18T14:30:00+00:00,2017-04-18T15:45:00+00:00,7010,signal_exit,0.4258999999999311,3.7425307557111696,False,True,4500,5.436353777852591,1.1370030604935384,0.8137188948996404,2.8312355758468764,-0.5926514205407952,0.258823529411757,0.49999999999994493,14.5
nzdusd_rsi2_m15_usd100000_smaller_stop_and_time_confirmed_rebound,2017-04-19T07:45:00+00:00,2017-04-19T08:15:00+00:00,7075,stop,-1.3881186931786669,-12.19787955341535,True,False,1800,4.970205154563681,1.0745848929902913,0.7810592470518076,0.3529502755750067,-1.5252307330222379,0.5949367088608947,0.0999999999995449,7.75
nzdusd_rsi2_m15_usd100000_smaller_stop_and_time_confirmed_rebound,2017-04-19T09:00:00+00:00,2017-04-19T10:45:00+00:00,7080,signal_exit,0.16479999999998515,1.445614035087589,False,True,6300,5.146393954999113,1.1017660167264294,0.45896615012842873,-2.2847971230742625,-1.6064959944189678,0.5116279069770804,0.3999999999992898,9.0
nzdusd_rsi2_m15_usd100000_smaller_stop_and_time_confirmed_rebound,2017-04-19T14:30:00+00:00,2017-04-19T16:00:00+00:00,7102,stop,-1.4308780538467394,-12.540561383407006,True,False,5400,5.0438565023956965,1.0728420349827494,-0.41313090787884343,-3.2475020066497255,-2.1381219985885083,0.2812500000000217,0.2999999999997449,14.5
nzdusd_rsi2_m15_usd100000_smaller_stop_and_time_confirmed_rebound,2017-04-20T08:45:00+00:00,2017-04-20T09:00:00+00:00,7172,stop,-1.599341389016855,-14.05396651157166,True,False,900,5.698248633641773,1.1396263548022791,0.7016813950089077,0.4213880924793768,-1.8917213407898512,0.061224489795867504,0.49999999999994493,8.75
nzdusd_rsi2_m15_usd100000_smaller_stop_and_time_confirmed_rebound,2017-04-20T09:45:00+00:00,2017-04-20T11:15:00+00:00,7176,signal_exit,0.35859999999998915,3.145614035087624,False,True,5400,6.394074844477353,1.2432119129085506,0.518156860197662,-1.7111968061877911,-1.7732422414020323,0.5348837209300704,0.49999999999994493,9.75
nzdusd_rsi2_m15_usd100000_smaller_stop_and_time_confirmed_rebound,2017-04-20T13:30:00+00:00,2017-04-20T15:00:00+00:00,7191,signal_exit,0.2559999999999498,2.245614035087279,False,True,5400,5.476018295355773,1.0760718362443948,-0.15365363819930905,-1.5211152507437096,-0.7508759315697346,0.8571428571428382,0.40000000000040004,13.5
nzdusd_rsi2_m15_usd100000_smaller_stop_and_time_confirmed_rebound,2017-04-21T10:45:00+00:00,2017-04-21T12:30:00+00:00,7271,signal_exit,0.13117999999988744,1.148686514885179,False,True,6300,4.105402800464504,0.88219453491834,-0.26556333008919236,-2.287183188310896,-1.564576012990685,0.5142857142856508,0.40000000000040004,10.75
nzdusd_rsi2_m15_usd100000_smaller_stop_and_time_confirmed_rebound,2017-04-24T11:45:00+00:00,2017-04-24T12:45:00+00:00,7366,signal_exit,0.35761999999998917,3.1425307557116797,False,True,3600,4.631276766002207,0.9761727272662918,0.5385473754458913,0.876284711408667,-0.9095746167903898,0.5869565217390937,0.20000000000020002,11.75
nzdusd_rsi2_m15_usd100000_smaller_stop_and_time_confirmed_rebound,2017-04-25T13:15:00+00:00,2017-04-25T14:15:00+00:00,7464,signal_exit,0.006819999999951698,0.05935596170541078,False,True,3600,5.219828692611425,1.1559992799978869,-2.615877310294136,-9.932979274414363,-0.3384444721451533,0.060606060606121774,0.3999999999992898,13.25
nzdusd_rsi2_m15_usd100000_smaller_stop_and_time_confirmed_rebound,2017-04-26T07:15:00+00:00,2017-04-26T08:30:00+00:00,7532,signal_exit,-0.1884200000000527,-1.6271157167534778,False,False,4500,6.564737063377155,1.301615368065675,-2.3619052666519713,-13.269496520925598,-2.173754075321402,0.6901408450704203,0.49999999999994493,7.25
nzdusd_rsi2_m15_usd100000_smaller_stop_and_time_confirmed_rebound,2017-04-26T12:00:00+00:00,2017-04-26T12:30:00+00:00,7551,stop,-1.726471689669098,-14.896218202494373,True,False,1800,6.135296331618129,1.175650499774697,-2.8326431650718162,-12.27568082053359,-1.799143386489225,0.11904761904761275,0.49999999999994493,12.0
nzdusd_rsi2_m15_usd100000_smaller_stop_and_time_confirmed_rebound,2017-04-27T08:30:00+00:00,2017-04-27T08:45:00+00:00,7631,stop,-1.545400065885728,-13.345423712311987,True,False,900,5.4091539977795104,0.989278259318564,-0.7618750610259148,-4.2332083162142595,-1.5174692827919138,0.7671232876712308,0.3999999999992898,8.5
nzdusd_rsi2_m15_usd100000_smaller_stop_and_time_confirmed_rebound,2017-04-27T09:30:00+00:00,2017-04-27T11:45:00+00:00,7635,stop,-1.6044983074941577,-13.831881961156531,True,False,8100,5.60387201506094,1.018838735442745,-0.8912233120119134,-6.15582102754114,-1.697775163447736,0.5500000000000462,0.49999999999994493,9.5
nzdusd_rsi2_m15_usd100000_smaller_stop_and_time_confirmed_rebound,2017-04-27T14:00:00+00:00,2017-04-27T15:15:00+00:00,7653,signal_exit,0.8727199999999078,7.484734133789947,False,True,4500,6.928335532907589,1.2200285265740693,-1.7874385899905085,-10.833137218142523,-1.8715492677041325,0.8088235294118223,0.49999999999994493,14.0
nzdusd_rsi2_m15_usd100000_smaller_stop_and_time_confirmed_rebound,2017-04-28T07:45:00+00:00,2017-04-28T08:00:00+00:00,7721,stop,-1.2132419092700708,-10.432002659243944,True,False,900,3.9561561017630473,0.7659493367615514,-1.0748919103051755,-4.799254283093815,-1.5481009963749486,0.5178571428571606,0.3999999999992898,7.75
nzdusd_rsi2_m15_usd100000_smaller_stop_and_time_confirmed_rebound,2017-04-28T08:30:00+00:00,2017-04-28T09:15:00+00:00,7724,signal_exit,0.41691999999990625,3.58178694157995,False,True,2700,4.23876638322642,0.8198102777311637,-1.1018746722535084,-5.5107659405973894,-1.6653374377263344,0.8148148148148301,0.40000000000040004,8.5
nzdusd_rsi2_m15_usd100000_smaller_stop_and_time_confirmed_rebound,2017-04-28T13:00:00+00:00,2017-04-28T15:00:00+00:00,7742,signal_exit,0.39414999999988287,3.383261802574102,False,True,7200,5.961008116513387,1.116880347814502,-1.1580618730550722,-5.544086869922506,-1.3950845557776115,0.40206185567009367,0.40000000000040004,13.0
nzdusd_rsi2_m15_usd100000_smaller_stop_and_time_confirmed_rebound,2017-05-02T10:45:00+00:00,2017-05-02T13:30:00+00:00,7912,signal_exit,-0.15375999999995377,-1.3301038062279738,False,False,9900,4.895395848822377,0.998740676574813,0.925454116967725,3.4042974007439497,0.050609740280341965,0.5600000000001777,0.3999999999992898,10.75
nzdusd_rsi2_m15_usd100000_smaller_stop_and_time_confirmed_rebound,2017-05-03T13:00:00+00:00,2017-05-03T13:45:00+00:00,8014,stop,-1.6363338317464997,-14.167392482653677,True,False,2700,5.8178953755253024,1.0933415452677053,0.23241131219691671,-0.33730734994014977,-0.561973509184274,0.6833333333331328,0.40000000000040004,13.0
nzdusd_rsi2_m15_usd100000_smaller_stop_and_time_confirmed_rebound,2017-05-03T14:15:00+00:00,2017-05-03T14:15:00+00:00,8019,stop,-1.76327428538279,-15.240054324829645,True,False,0,6.355722927323747,1.1717938159569823,-0.00862447941235077,-1.6599166964787198,-1.3822742838518518,0.023255813953468357,0.40000000000040004,14.25
nzdusd_rsi2_m15_usd100000_smaller_stop_and_time_confirmed_rebound,2017-05-04T11:45:00+00:00,2017-05-04T12:30:00+00:00,8103,stop,-1.5334447434753846,-13.162615823823044,True,False,2700,5.32293881319909,0.9941776652922356,-1.406432866162706,-6.372933667610988,-1.1206605909159415,0.11290322580648339,0.3999999999992898,11.75
nzdusd_rsi2_m15_usd100000_smaller_stop_and_time_confirmed_rebound,2017-05-04T13:15:00+00:00,2017-05-04T14:15:00+00:00,8109,stop,-1.750948677270094,-15.00384470668461,True,False,3600,6.195024324207851,1.129568955776755,-1.4093710564703845,-8.037279786428549,-1.7640020203163904,0.08108108108115407,0.49999999999994493,13.25
nzdusd_rsi2_m15_usd100000_smaller_stop_and_time_confirmed_rebound,2017-05-05T11:15:00+00:00,2017-05-05T12:30:00+00:00,8195,stop,-1.5929165572832948,-13.732039286924955,True,False,4500,5.60395067794456,0.9983719840008614,0.17634701309318743,1.3240562538888605,0.04003702912917128,0.03571428571452645,0.40000000000040004,11.25
nzdusd_rsi2_m15_usd100000_smaller_stop_and_time_confirmed_rebound,2017-05-08T13:00:00+00:00,2017-05-08T16:00:00+00:00,8293,holding_bars,-1.3550000000001294,-11.731601731602852,False,False,10800,6.441321589535754,1.0747376849054786,1.209534988115816,2.2470077419991945,-1.7127765290711878,0.7500000000000385,0.6000000000006,13.0
nzdusd_rsi2_m15_usd100000_smaller_stop_and_time_confirmed_rebound,2017-05-11T10:00:00+00:00,2017-05-11T10:45:00+00:00,8563,signal_exit,0.45407999999987614,3.8876712328756518,False,True,2700,6.842177633614221,0.9766349790207026,-1.5395187820506449,-6.097169869426563,-0.5421743865118905,0.6800000000000889,0.49999999999994493,10.0
nzdusd_rsi2_m15_usd100000_smaller_stop_and_time_confirmed_rebound,2017-05-12T14:45:00+00:00,2017-05-12T15:30:00+00:00,8675,signal_exit,0.9786699999999479,8.386203941730486,False,True,2700,8.088722312185682,1.2485975228606117,-0.3900980535859922,-1.8531805196840174,-0.35029637413526055,0.33333333333322607,0.40000000000040004,14.75
nzdusd_rsi2_m15_usd100000_smaller_stop_and_time_confirmed_rebound,2017-05-15T14:15:00+00:00,2017-05-15T15:00:00+00:00,8760,stop,-1.7660393370844485,-15.237612917035793,True,False,2700,6.405993688888855,1.069805915042386,1.4830884359238072,4.541189108500571,-1.825509662607202,0.5833333333335453,0.2999999999997449,14.25
nzdusd_rsi2_m15_usd100000_smaller_stop_and_time_confirmed_rebound,2017-05-15T15:30:00+00:00,2017-05-15T17:30:00+00:00,8765,stop,-1.691343986540419,-14.58055160810706,True,False,7200,6.078206838535722,1.0196366403455097,1.3689882924195094,2.6006121613353126,-1.6803656848453337,0.3611111111109826,0.30000000000085514,15.5
nzdusd_rsi2_m15_usd100000_smaller_stop_and_time_confirmed_rebound,2017-05-16T09:30:00+00:00,2017-05-16T11:30:00+00:00,8833,signal_exit,-0.30467000000004013,-2.619690455718316,False,False,7200,5.818460371508222,1.08425721524588,0.32819156513400405,-1.4305045783265395,-1.6857529651190328,0.4430379746835194,0.2999999999997449,9.5
nzdusd_rsi2_m15_usd100000_smaller_stop_and_time_confirmed_rebound,2017-05-17T08:30:00+00:00,2017-05-17T10:15:00+00:00,8920,signal_exit,-0.014400000000071966,-0.12413793103510315,False,False,6300,7.277708176766914,1.2715250582994169,0.7076390082217167,0.8150180718237476,-1.1707364376997562,0.32142857142849357,0.49999999999994493,8.5
nzdusd_rsi2_m15_usd100000_smaller_stop_and_time_confirmed_rebound,2017-05-17T13:30:00+00:00,2017-05-17T14:00:00+00:00,8940,signal_exit,0.7055799999998745,6.077347114555336,False,True,1800,6.33395413516729,1.0985443683113192,0.09281765467289556,-0.5659495252157016,-1.3697248256405088,0.33734939759043236,0.49999999999994493,13.5
nzdusd_rsi2_m15_usd100000_smaller_stop_and_time_confirmed_rebound,2017-05-18T10:15:00+00:00,2017-05-18T11:15:00+00:00,9020,target,1.3267519822659295,11.496984248404935,False,True,3600,7.015043250719441,1.1360549125589274,0.7840138095778587,1.9619256245033654,-1.2751655406193765,0.685714285714254,0.40000000000040004,10.25
nzdusd_rsi2_m15_usd100000_smaller_stop_and_time_confirmed_rebound,2017-05-22T09:00:00+00:00,2017-05-22T09:45:00+00:00,9200,signal_exit,0.5481499999999176,4.762380538661318,False,True,2700,5.147457815879183,0.978992534757749,1.2226181725531207,5.531068696140338,0.6412733251707128,0.7435897435897728,0.40000000000040004,9.0
nzdusd_rsi2_m15_usd100000_smaller_stop_and_time_confirmed_rebound,2017-05-23T15:15:00+00:00,2017-05-23T15:30:00+00:00,9319,stop,-1.6819804353143875,-14.793143670311235,True,False,900,6.067064359341632,1.090178815779258,2.609546780708897,7.891370841506456,-1.8903186930222997,0.3999999999999596,0.49999999999994493,15.25
nzdusd_rsi2_m15_usd100000_smaller_stop_and_time_confirmed_rebound,2017-05-24T13:45:00+00:00,2017-05-24T14:30:00+00:00,9407,stop,-1.4617754073300189,-12.856423987071405,True,False,2700,5.198704517721822,0.976618999956248,1.3209243677820897,5.4424379280579975,0.20712636782565308,0.9333333333334444,0.2999999999997449,13.75
nzdusd_rsi2_m15_usd100000_smaller_stop_and_time_confirmed_rebound,2017-05-25T07:30:00+00:00,2017-05-25T10:30:00+00:00,9474,holding_bars,-0.9504200000001193,-8.359014951628136,False,False,10800,6.0140731100799165,1.0409003057717465,1.0743960136235438,2.1432040505036434,-1.719476596284154,0.37037037037033993,0.49999999999994493,7.5
nzdusd_rsi2_m15_usd100000_smaller_stop_and_time_confirmed_rebound,2017-05-26T14:00:00+00:00,2017-05-26T16:00:00+00:00,9591,signal_exit,-0.09802999999996093,-0.865225066195595,False,False,7200,8.136283487262176,1.2739741786556655,1.006262857042315,3.4115107347582194,-0.5066172492754145,0.6060606060607131,0.8999999999992347,14.0
nzdusd_rsi2_m15_usd100000_smaller_stop_and_time_confirmed_rebound,2017-05-29T07:45:00+00:00,2017-05-29T08:45:00+00:00,9657,signal_exit,0.16223999999998526,1.43321554770305,False,True,3600,4.441069393766699,0.7914238175079825,0.8406141096852774,3.0763686768956253,-0.9221695460620634,0.030303030303224007,0.2999999999997449,7.75
nzdusd_rsi2_m15_usd100000_smaller_stop_and_time_confirmed_rebound,2017-05-31T12:15:00+00:00,2017-05-31T14:15:00+00:00,9854,stop,-1.6480091894095024,-14.648970572528908,True,False,7200,6.035596397375792,1.099977482498821,1.2130318102758648,5.081926715026688,0.3257825910274085,0.8965517241380234,0.3999999999992898,12.25
nzdusd_rsi2_m15_usd100000_smaller_stop_and_time_confirmed_rebound,2017-06-05T11:00:00+00:00,2017-06-05T12:15:00+00:00,10121,signal_exit,0.0017799999999528748,0.01587867974980263,False,True,4500,5.099388000382184,0.9729372255370812,1.086510484798638,4.511636518746238,0.17030562608708807,0.6470588235295014,0.49999999999994493,11.0
nzdusd_rsi2_m15_usd100000_smaller_stop_and_time_confirmed_rebound,2017-06-07T11:00:00+00:00,2017-06-07T13:00:00+00:00,10304,signal_exit,0.16662999999993497,1.4998199819976143,False,True,7200,6.031680104204517,1.1138585480827916,1.2865803732684777,5.1785861121941,-0.01926708600076123,0.6265060240963453,0.30000000000085514,11.0
nzdusd_rsi2_m15_usd100000_smaller_stop_and_time_confirmed_rebound,2017-06-08T09:30:00+00:00,2017-06-08T09:45:00+00:00,10389,signal_exit,0.1216099999998907,1.0965734896293118,False,True,900,4.843395161391093,0.9514342775952898,1.0549789969882446,4.260818781164984,0.3318350190953287,0.6249999999998266,0.40000000000040004,9.5
nzdusd_rsi2_m15_usd100000_smaller_stop_and_time_confirmed_rebound,2017-06-09T12:30:00+00:00,2017-06-09T13:15:00+00:00,10494,stop,-1.1763348621668812,-10.597611370872803,True,False,2700,3.9979047845352853,0.8012074164172631,0.3745335444787735,0.12746127418235648,-1.693830202019911,0.04999999999977796,0.40000000000040004,12.5
nzdusd_rsi2_m15_usd100000_smaller_stop_and_time_confirmed_rebound,2017-06-09T13:30:00+00:00,2017-06-09T15:00:00+00:00,10498,signal_exit,0.23329000000000163,2.0998199819982144,False,True,5400,4.192772765282972,0.8420619355953936,0.2821441008357629,-1.1695096988093514,-2.1285684226045203,0.08333333333342971,0.2999999999997449,13.5
nzdusd_rsi2_m15_usd100000_smaller_stop_and_time_confirmed_rebound,2017-06-12T07:30:00+00:00,2017-06-12T08:30:00+00:00,10560,target,1.0244048248815547,9.203996629663564,False,True,3600,5.900470911417468,1.219795761339113,-0.21030738483684203,-4.2384842090179555,-1.6971775887534901,0.9285714285714852,0.3999999999992898,7.5
nzdusd_rsi2_m15_usd100000_smaller_stop_and_time_confirmed_rebound,2017-06-12T13:30:00+00:00,2017-06-12T14:45:00+00:00,10584,signal_exit,0.11107999999994106,0.9998199819976693,False,True,4500,4.8681985199700115,1.0071082622210474,-0.303066007606142,-0.9594205508902046,-0.14835320534780935,0.7045454545455349,0.2999999999997449,13.5
nzdusd_rsi2_m15_usd100000_smaller_stop_and_time_confirmed_rebound,2017-06-13T07:30:00+00:00,2017-06-13T08:30:00+00:00,10653,signal_exit,0.3096800000000177,2.794945848375611,False,True,3600,4.7174015485467695,0.9436113812960297,0.8597315194182373,1.7466253133548804,-2.151921288142914,0.15384615384607173,0.3999999999992898,7.5
nzdusd_rsi2_m15_usd100000_smaller_stop_and_time_confirmed_rebound,2017-06-13T11:45:00+00:00,2017-06-13T12:30:00+00:00,10670,signal_exit,0.032469999999925225,0.29331526648532275,False,True,2700,3.84545975515597,0.8038845315060046,0.7375508666060039,2.9493419467634836,0.5506916190348686,0.7187500000002277,0.49999999999994493,11.75
nzdusd_rsi2_m15_usd100000_smaller_stop_and_time_confirmed_rebound,2017-06-13T13:15:00+00:00,2017-06-13T13:45:00+00:00,10676,signal_exit,0.4204800000000055,3.7949458483755008,False,True,1800,4.558608731710003,0.9414049805091845,0.6544356189231992,0.9810673515607673,-2.226788465797262,0.2222222222221674,0.2999999999997449,13.25
nzdusd_rsi2_m15_usd100000_smaller_stop_and_time_confirmed_rebound,2017-06-14T11:45:00+00:00,2017-06-14T12:30:00+00:00,10762,target,0.9328372584089532,8.457273421658686,False,True,2700,5.535255024519479,1.1578083460895685,1.3573847916163648,5.191428978208379,-0.09583714235482178,0.2115384615385806,0.40000000000040004,11.75
nzdusd_rsi2_m15_usd100000_smaller_stop_and_time_confirmed_rebound,2017-06-15T10:30:00+00:00,2017-06-15T11:00:00+00:00,10850,stop,-2.0562569709780463,-18.5750403882389,True,False,1800,7.884177827362767,1.1205848130907456,-0.46922908853332673,-2.612425919163383,-1.2745023217892137,0.4200000000000866,0.5999999999994898,10.5
nzdusd_rsi2_m15_usd100000_smaller_stop_and_time_confirmed_rebound,2017-06-15T11:45:00+00:00,2017-06-15T12:30:00+00:00,10855,stop,-2.141059730024329,-19.306219387054362,True,False,2700,8.351396438342269,1.1688392286282292,-0.5261298874030274,-3.8000891524111666,-1.6135339489406098,0.5465116279070893,0.3999999999992898,11.75
nzdusd_rsi2_m15_usd100000_smaller_stop_and_time_confirmed_rebound,2017-06-15T13:00:00+00:00,2017-06-15T15:00:00+00:00,10860,signal_exit,1.2344800000000147,11.101438848920996,False,True,7200,8.726190608417324,1.1994353856905404,-0.6779506084948913,-6.029280792115286,-1.884179826906465,0.2916666666665414,0.40000000000040004,13.0
nzdusd_rsi2_m15_usd100000_smaller_stop_and_time_confirmed_rebound,2017-06-16T12:15:00+00:00,2017-06-16T12:45:00+00:00,10947,signal_exit,0.7834499999999408,7.090045248868242,False,True,1800,5.440958315762631,0.9025982086800025,0.3664839590306892,1.4827766481582423,-0.34530982832066504,0.3333333333333333,0.40000000000040004,12.25
nzdusd_rsi2_m15_usd100000_smaller_stop_and_time_confirmed_rebound,2017-06-19T07:00:00+00:00,2017-06-19T07:45:00+00:00,11011,stop,-1.5580785814562126,-14.164350740511024,True,False,2700,5.723084461164608,0.9887272381280061,1.6364740976339642,4.111480195799164,-1.6114057119735226,0.7241379310345487,0.49999999999994493,7.0
nzdusd_rsi2_m15_usd100000_smaller_stop_and_time_confirmed_rebound,2017-06-19T08:15:00+00:00,2017-06-19T08:45:00+00:00,11016,signal_exit,0.4936299999998992,4.483469573114434,False,True,1800,6.168729359119718,1.053777297898851,1.4150901865042849,2.6895720783792867,-1.4035226620419319,0.3835616438356914,0.2999999999997449,8.25
nzdusd_rsi2_m15_usd100000_smaller_stop_and_time_confirmed_rebound,2017-06-19T12:00:00+00:00,2017-06-19T12:15:00+00:00,11031,signal_exit,0.6477699999999311,5.8834695731147235,False,True,900,6.097307244790235,1.033122749836751,0.8730762209885014,1.8852909679046213,-1.197813078331777,0.12499999999988436,0.40000000000040004,12.0
nzdusd_rsi2_m15_usd100000_smaller_stop_and_time_confirmed_rebound,2017-06-20T11:30:00+00:00,2017-06-20T13:45:00+00:00,11118,stop,-1.5597308583795737,-14.140805606342463,True,False,8100,5.763784489480945,1.0426894396143944,0.6014657865215564,0.08662642371156351,-2.2487356511126886,0.21874999999970726,0.40000000000040004,11.5
nzdusd_rsi2_m15_usd100000_smaller_stop_and_time_confirmed_rebound,2017-06-21T14:30:00+00:00,2017-06-21T15:15:00+00:00,11222,signal_exit,0.5299599999999933,4.791681735985473,False,True,2700,5.506567693562482,1.0263652906203071,-0.10245083620924807,-2.2565499260592317,-1.7798876556898784,0.4772727272725782,0.40000000000040004,14.5
nzdusd_rsi2_m15_usd100000_smaller_stop_and_time_confirmed_rebound,2017-06-22T11:00:00+00:00,2017-06-22T12:15:00+00:00,11301,signal_exit,-0.37632000000005394,-3.4148820326683658,False,False,4500,5.11764313811974,0.9159645374696024,0.8105497964590993,2.4155085634379234,-0.8814272084860364,0.17777777777772844,0.40000000000040004,11.0
nzdusd_rsi2_m15_usd100000_smaller_stop_and_time_confirmed_rebound,2017-06-26T08:45:00+00:00,2017-06-26T10:15:00+00:00,11468,signal_exit,-0.45277000000006973,-4.119836214741308,False,False,5400,5.764907048472984,1.201406109041021,0.5495244005829438,0.027821135558576997,-1.9519701823911424,0.7692307692307857,0.0999999999995449,8.75
nzdusd_rsi2_m15_usd100000_smaller_stop_and_time_confirmed_rebound,2017-06-27T10:15:00+00:00,2017-06-27T12:15:00+00:00,11566,signal_exit,0.029739999999926103,0.27184643509987294,False,True,7200,7.5932285324861155,1.4773359004696058,1.2320247721943207,3.3293269544615813,-0.8350825237673447,0.11363636363633783,0.49999999999994493,10.25
nzdusd_rsi2_m15_usd100000_smaller_stop_and_time_confirmed_rebound,2017-06-27T13:15:00+00:00,2017-06-27T14:00:00+00:00,11578,stop,-1.7771104093940604,-16.22931880725169,True,False,2700,6.801417394493723,1.2976092181798446,1.0063033941858488,1.5003107894341514,-1.0473517238446794,0.968750000000141,0.3999999999992898,13.25
nzdusd_rsi2_m15_usd100000_smaller_stop_and_time_confirmed_rebound,2017-06-27T14:45:00+00:00,2017-06-27T16:15:00+00:00,11584,signal_exit,0.11841999999989178,1.078506375226701,False,True,5400,7.457914656693208,1.3684927633825017,0.503098093574347,-2.161860134863339,-1.9751124231696495,0.2380952380954227,0.49999999999994493,14.75
nzdusd_rsi2_m15_usd100000_smaller_stop_and_time_confirmed_rebound,2017-06-28T07:30:00+00:00,2017-06-28T08:45:00+00:00,11648,signal_exit,0.5479999999998932,4.981818181817212,False,True,4500,6.937704348195816,1.2056005586279253,-0.14114416968955387,-2.8414716225763916,-2.077844497193591,0.21568627450990635,0.20000000000020002,7.5
nzdusd_rsi2_m15_usd100000_smaller_stop_and_time_confirmed_rebound,2017-06-28T10:00:00+00:00,2017-06-28T10:45:00+00:00,11658,signal_exit,0.25141000000002367,2.2834695731155645,False,True,2700,6.76117973060101,1.15413017684496,-0.3469611767408587,-3.9936519317437016,-1.4948134165272609,0.27586206896578125,0.3999999999992898,10.0
nzdusd_rsi2_m15_usd100000_smaller_stop_and_time_confirmed_rebound,2017-06-29T10:45:00+00:00,2017-06-29T12:45:00+00:00,11752,stop,-1.6695116106884411,-15.232770170514973,True,False,7200,6.35397632613309,1.0530610205720252,0.5569573584477799,-0.8344844591757115,-2.082983631379113,0.3506493506493188,0.2999999999997449,10.75
nzdusd_rsi2_m15_usd100000_smaller_stop_and_time_confirmed_rebound,2017-06-30T07:15:00+00:00,2017-06-30T08:15:00+00:00,11831,signal_exit,0.5098000000000431,4.668498168498563,False,True,3600,6.740178767034129,1.0229871715125431,0.9627722331221813,2.4317844913500632,-1.7406236392672978,0.38666666666666866,0.3999999999992898,7.25
nzdusd_rsi2_m15_usd100000_smaller_stop_and_time_confirmed_rebound,2017-06-30T13:15:00+00:00,2017-06-30T14:15:00+00:00,11855,signal_exit,0.7382599999998483,6.766819431712632,False,True,3600,7.67216255471097,1.1365430195721327,0.8263595702844928,2.4359999124543936,-1.0918991790104804,0.7124999999999289,0.30000000000085514,13.25
nzdusd_rsi2_m15_usd100000_smaller_stop_and_time_confirmed_rebound,2017-07-03T10:45:00+00:00,2017-07-03T11:30:00+00:00,11933,signal_exit,0.12879999999996378,1.1751824817514942,False,True,2700,5.00154306996815,0.810182859184327,-0.39706057246010057,-3.290495619657398,-1.437480080576271,0.10000000000011103,0.2999999999997449,10.75
nzdusd_rsi2_m15_usd100000_smaller_stop_and_time_confirmed_rebound,2017-07-05T08:00:00+00:00,2017-07-05T09:30:00+00:00,12101,stop,-1.5833207384589318,-14.420043155363677,True,False,5400,5.849274765295369,1.0470798083991824,-0.3028886395515282,-2.667888043516781,-1.978771283665672,0.44871794871803994,0.49999999999994493,8.0
nzdusd_rsi2_m15_usd100000_smaller_stop_and_time_confirmed_rebound,2017-07-05T13:30:00+00:00,2017-07-05T13:45:00+00:00,12123,stop,-1.6859206516116276,-15.326551378287524,True,False,900,6.404184780052069,1.0979872593626885,-0.7974419457511488,-3.5813166752524146,-0.8233425882693426,0.04477611940294303,0.30000000000085514,13.5
nzdusd_rsi2_m15_usd100000_smaller_stop_and_time_confirmed_rebound,2017-07-05T14:15:00+00:00,2017-07-05T15:15:00+00:00,12126,signal_exit,0.5486799999998931,4.9834695731143785,False,True,3600,7.297556108518237,1.2198696972221748,-0.8183328375039118,-4.727190226330144,-1.7706907077504566,0.3111111111111842,0.700000000000145,14.25
nzdusd_rsi2_m15_usd100000_smaller_stop_and_time_confirmed_rebound,2017-07-06T10:45:00+00:00,2017-07-06T11:45:00+00:00,12204,stop,-1.6428965412024765,-14.935423101840696,True,False,3600,6.158620641829377,1.0464614027484027,-0.16316465897611612,-2.4146313303267086,-1.5383743207236769,0.6470588235295014,0.3999999999992898,10.75
nzdusd_rsi2_m15_usd100000_smaller_stop_and_time_confirmed_rebound,2017-07-06T15:15:00+00:00,2017-07-06T15:45:00+00:00,12222,signal_exit,0.3064600000000176,2.7834695731155095,False,True,1800,6.859057818925512,1.1216601556728842,-0.7086751242405668,-3.458193192635782,-0.6687316617691029,0.16363636363641135,0.2999999999997449,15.25
nzdusd_rsi2_m15_usd100000_smaller_stop_and_time_confirmed_rebound,2017-07-07T14:30:00+00:00,2017-07-07T16:00:00+00:00,12313,signal_exit,0.10799999999994164,0.9818181818176512,False,True,5400,8.070809614465139,1.337919363563754,0.0014336173890477698,-1.57090831098238,-1.817317297251917,0.09589041095892285,0.49999999999994493,14.5
nzdusd_rsi2_m15_usd100000_smaller_stop_and_time_confirmed_rebound,2017-07-10T10:15:00+00:00,2017-07-10T11:15:00+00:00,12383,signal_exit,-0.18900000000005007,-1.7181818181822734,False,False,3600,4.747631064778403,0.9021121825167278,-0.05549625994712718,-1.466469672678084,-1.4771484347835746,0.3714285714288252,0.3999999999992898,10.25
nzdusd_rsi2_m15_usd100000_smaller_stop_and_time_confirmed_rebound,2017-07-11T10:15:00+00:00,2017-07-11T11:15:00+00:00,12473,signal_exit,-0.11144000000003434,-1.006684733514312,False,False,3600,5.618301900362364,1.0771326587405308,-1.6367696145909978,-8.377755170092094,-2.2315797180120467,0.12903225806427351,0.49999999999994493,10.25
nzdusd_rsi2_m15_usd100000_smaller_stop_and_time_confirmed_rebound,2017-07-11T15:00:00+00:00,2017-07-11T15:30:00+00:00,12491,signal_exit,0.17705999999988462,1.596573489629257,False,True,1800,5.697319948777574,1.0910505602186025,-1.8055242567489405,-9.305907675233303,-1.9327957812425953,0.08510638297881387,0.40000000000040004,15.0
nzdusd_rsi2_m15_usd100000_smaller_stop_and_time_confirmed_rebound,2017-07-12T12:30:00+00:00,2017-07-12T12:30:00+00:00,12572,target,0.8402007248952894,7.603626469640628,False,True,0,5.306790610385799,0.9934292310562229,-0.2834954153133815,-1.0820128202871269,0.06931136693866208,0.20312500000008946,0.7999999999996898,12.5
nzdusd_rsi2_m15_usd100000_smaller_stop_and_time_confirmed_rebound,2017-07-14T11:15:00+00:00,2017-07-14T11:45:00+00:00,12748,signal_exit,0.28135999999987416,2.571846435099398,False,True,1800,4.801799404511604,0.8814223062389713,1.0092439298867504,1.0658423610581684,-1.7185781888636211,0.8148148148148301,0.10000000000065512,11.25
nzdusd_rsi2_m15_usd100000_smaller_stop_and_time_confirmed_rebound,2017-07-14T15:00:00+00:00,2017-07-14T17:45:00+00:00,12763,signal_exit,0.15937000000005716,1.4634527089077791,False,True,9900,9.91741539794383,1.5377003350405942,0.9202075416177099,5.162022227525944,0.5400367050988986,0.6915887850467561,0.49999999999994493,15.0
nzdusd_rsi2_m15_usd100000_smaller_stop_and_time_confirmed_rebound,2017-07-17T08:15:00+00:00,2017-07-17T10:00:00+00:00,12825,signal_exit,0.32415999999991807,2.968498168497418,False,True,6300,6.247930038135358,0.9988770204880723,0.3961968036873868,0.48599183270597096,-1.751600033384308,0.6136363636363522,0.10000000000065512,8.25
nzdusd_rsi2_m15_usd100000_smaller_stop_and_time_confirmed_rebound,2017-07-17T15:30:00+00:00,2017-07-17T18:45:00+00:00,12854,holding_bars,-0.8655099999999993,-7.93318056828597,False,False,11700,6.193251435304448,1.0141367072376106,0.5826373486117011,0.7211705169338162,-1.8061994978316234,0.1860465116278169,0.40000000000040004,15.5
nzdusd_rsi2_m15_usd100000_smaller_stop_and_time_confirmed_rebound,2017-07-19T08:45:00+00:00,2017-07-19T09:15:00+00:00,13011,signal_exit,-0.0805400000000614,-0.7416206261515782,False,False,1800,7.300151171085481,1.0868160569996508,0.7193375080274871,2.8831039683371986,-0.08010838719549584,0.12903225806465476,0.3999999999992898,8.75
nzdusd_rsi2_m15_usd100000_smaller_stop_and_time_confirmed_rebound,2017-07-19T15:00:00+00:00,2017-07-19T17:45:00+00:00,13036,signal_exit,-0.8841800000000211,-8.141620626151207,False,False,9900,7.152984866144557,1.0727851222312217,0.8108304976278348,1.9142789321057974,-1.6672623351645508,0.49397590361448523,0.3999999999992898,15.0
nzdusd_rsi2_m15_usd100000_smaller_stop_and_time_confirmed_rebound,2017-07-24T15:30:00+00:00,2017-07-24T18:15:00+00:00,13308,signal_exit,-0.5547500000000564,-5.160465116279594,False,False,9900,6.568751800123724,1.0470919067218454,0.705662647358054,1.8214961849421314,-1.4636380146107002,0.38095238095238726,0.2999999999997449,15.5
nzdusd_rsi2_m15_usd100000_smaller_stop_and_time_confirmed_rebound,2017-07-27T09:15:00+00:00,2017-07-27T10:45:00+00:00,13560,signal_exit,-0.5183000000000827,-4.885014137606811,False,False,5400,6.18734779127029,0.9144490577080152,2.733867951347642,8.712733381597468,-1.2490754361274543,0.20967741935475784,0.40000000000040004,9.25
nzdusd_rsi2_m15_usd100000_smaller_stop_and_time_confirmed_rebound,2017-07-27T12:30:00+00:00,2017-07-27T13:00:00+00:00,13573,stop,-1.6773111946964059,-15.79389072218838,True,False,1800,6.155325775406577,0.9234149790170572,2.0788601996306895,6.531689803575462,-1.149457291078251,0.5584415584416577,1.2000000000000899,12.5
nzdusd_rsi2_m15_usd100000_smaller_stop_and_time_confirmed_rebound,2017-07-27T13:30:00+00:00,2017-07-27T14:00:00+00:00,13577,signal_exit,0.5128799999999452,4.820300751879183,False,True,1800,6.608130973328419,0.9837243188378848,1.8503817717320594,4.413957842759541,-2.0352987117551793,0.15873015873016433,0.49999999999994493,13.5
nzdusd_rsi2_m15_usd100000_smaller_stop_and_time_confirmed_rebound,2017-07-27T15:00:00+00:00,2017-07-27T16:00:00+00:00,13583,stop,-1.8543665040737014,-17.395558199565677,True,False,3600,7.409692795842936,1.082122235157616,1.4750945066977184,2.343101328378394,-1.8232308472055825,0.35185185185190515,0.2999999999997449,15.0
nzdusd_rsi2_m15_usd100000_smaller_stop_and_time_confirmed_rebound,2017-07-28T09:30:00+00:00,2017-07-28T10:30:00+00:00,13654,signal_exit,0.12099999999996464,1.1308411214949965,False,True,3600,6.875234947087437,1.0303156774156301,-0.19373646829259222,-1.967119321946545,-1.5534666614018717,0.7910447761193783,0.3999999999992898,9.5
nzdusd_rsi2_m15_usd100000_smaller_stop_and_time_confirmed_rebound,2017-07-31T07:45:00+00:00,2017-07-31T09:15:00+00:00,13735,stop,-1.6017772172021274,-15.026052694203822,True,False,5400,6.12494004316192,0.9145072910990222,0.44955220310210803,0.2733331601275078,-1.5094101244342626,0.6268656716418034,0.49999999999994493,7.75
nzdusd_rsi2_m15_usd100000_smaller_stop_and_time_confirmed_rebound,2017-07-31T09:45:00+00:00,2017-07-31T11:30:00+00:00,13743,signal_exit,0.09876000000006185,0.9255857544523135,False,True,6300,5.746741716446583,0.8745444503228856,0.15857420278190165,-1.0145118020968358,-1.2217591519900708,0.6142857142857437,0.1999999999990898,9.75
nzdusd_rsi2_m15_usd100000_smaller_stop_and_time_confirmed_rebound,2017-08-01T10:45:00+00:00,2017-08-01T12:45:00+00:00,13841,stop,-1.6753648347704404,-15.67226225229598,True,False,7200,6.700677431105865,1.0784013687374292,-0.09958521886690463,-3.356137785063264,-1.9288453411635529,0.30000000000004756,0.0,10.75
nzdusd_rsi2_m15_usd100000_smaller_stop_and_time_confirmed_rebound,2017-08-01T13:30:00+00:00,2017-08-01T14:00:00+00:00,13852,signal_exit,0.8271999999999582,7.730841121494936,False,True,1800,7.0885973321127445,1.1220588404941305,-0.5748249039790326,-4.65402577203101,-1.235285142279574,0.6296296296296601,0.2999999999997449,13.5
nzdusd_rsi2_m15_usd100000_smaller_stop_and_time_confirmed_rebound,2017-08-02T08:00:00+00:00,2017-08-02T10:15:00+00:00,13923,signal_exit,-0.5658400000000074,-5.258736059479623,False,False,8100,6.026269785060345,0.9342258758076968,-1.7372180059916609,-6.587771583668387,-0.2864281370650123,0.7297297297297459,0.1999999999990898,8.0
nzdusd_rsi2_m15_usd100000_smaller_stop_and_time_confirmed_rebound,2017-08-04T13:15:00+00:00,2017-08-04T14:00:00+00:00,14127,stop,-2.183616839389438,-20.274993866197196,True,False,2700,8.708991826319789,1.4204135069463064,0.35915373510189114,-2.6221429064550037,-2.6097128618817353,0.4019607843137383,0.6000000000006,13.25
nzdusd_rsi2_m15_usd100000_smaller_stop_and_time_confirmed_rebound,2017-08-07T07:30:00+00:00,2017-08-07T08:30:00+00:00,14193,stop,-1.5750356684825009,-14.543265636957534,True,False,3600,5.948271784314202,0.9789796183089475,-0.9923655093614994,-7.331697192313616,-2.3656157551068606,0.4358974358975673,0.40000000000040004,7.5
nzdusd_rsi2_m15_usd100000_smaller_stop_and_time_confirmed_rebound,2017-08-07T09:00:00+00:00,2017-08-07T12:00:00+00:00,14199,holding_bars,-0.720800000000039,-6.64331797235059,False,False,10800,5.969288649788466,0.9838861971369571,-1.3045004585912623,-8.66453174709559,-1.5579988984104454,0.4558823529410516,0.20000000000020002,9.0
nzdusd_rsi2_m15_usd100000_smaller_stop_and_time_confirmed_rebound,2017-08-07T12:30:00+00:00,2017-08-07T14:00:00+00:00,14213,signal_exit,0.158380000000057,1.4583793738495119,False,True,5400,6.24753973892593,1.0271934407861285,-1.979740734590317,-8.591511130165799,-0.9242224795519464,0.2878787878788261,0.3999999999992898,12.5
nzdusd_rsi2_m15_usd100000_smaller_stop_and_time_confirmed_rebound,2017-08-08T15:00:00+00:00,2017-08-08T16:15:00+00:00,14312,signal_exit,0.6182499999999099,5.666819431713198,False,True,4500,6.32687648689049,1.2057323965935478,-1.1544133854389718,-9.873253048251977,-2.0753947758480673,0.23437499999998374,0.49999999999994493,15.0
nzdusd_rsi2_m15_usd100000_smaller_stop_and_time_confirmed_rebound,2017-08-10T07:45:00+00:00,2017-08-10T08:15:00+00:00,14470,signal_exit,1.0331200000000107,9.383469573115446,False,True,1800,9.482948290432619,1.398105369028933,-1.5512148019135763,-10.905462003842375,-1.477083885537524,0.3538461538460593,0.40000000000040004,7.75
nzdusd_rsi2_m15_usd100000_smaller_stop_and_time_confirmed_rebound,2017-08-10T14:30:00+00:00,2017-08-10T16:15:00+00:00,14497,signal_exit,-0.11216000000003407,-1.0214936247726236,False,False,6300,7.686337191412504,1.1242060349643457,-1.808886901421042,-5.760252903436932,0.8926140171536716,0.523076923076902,0.2999999999997449,14.5
nzdusd_rsi2_m15_usd100000_smaller_stop_and_time_confirmed_rebound,2017-08-11T10:30:00+00:00,2017-08-11T10:45:00+00:00,14573,signal_exit,0.1293999999999637,1.1785063752273561,False,True,900,5.200145194874265,0.8338756010107968,-0.6226772401995838,-2.7548021825798483,-1.0949058278053867,0.3939393939392206,0.0,10.5
nzdusd_rsi2_m15_usd100000_smaller_stop_and_time_confirmed_rebound,2017-08-15T07:30:00+00:00,2017-08-15T08:45:00+00:00,14743,signal_exit,0.38140999999991165,3.4768459434814187,False,True,4500,5.732198337754106,1.0654015572424531,0.011988957337538924,-2.1870234397146255,-1.6182944457175632,0.9493670886076822,0.49999999999994493,7.5
nzdusd_rsi2_m15_usd100000_smaller_stop_and_time_confirmed_rebound,2017-08-15T10:30:00+00:00,2017-08-15T12:15:00+00:00,14754,signal_exit,0.2831199999998737,2.5785063752265365,False,True,6300,4.946417640957501,0.9380100988929955,-0.3566680362885398,-3.364048511882791,-1.3918490793702556,0.6578947368419515,0.30000000000085514,10.5
nzdusd_rsi2_m15_usd100000_smaller_stop_and_time_confirmed_rebound,2017-08-15T13:30:00+00:00,2017-08-15T16:30:00+00:00,14766,holding_bars,-1.456280000000033,-13.214882032668177,False,False,10800,7.0213365857742485,1.260750764813254,-0.83762958115957,-8.101787082866988,-1.8906843133130133,0.711864406779645,0.49999999999994493,13.5
nzdusd_rsi2_m15_usd100000_smaller_stop_and_time_confirmed_rebound,2017-08-17T07:30:00+00:00,2017-08-17T09:45:00+00:00,14926,stop,-1.5455184571707057,-14.140150568807918,True,False,8100,5.705162201146542,1.0393833363589111,1.8725614097994652,5.489701900991313,-1.5923592151045787,0.27272727272721153,0.49999999999994493,7.5
nzdusd_rsi2_m15_usd100000_smaller_stop_and_time_confirmed_rebound,2017-08-22T07:15:00+00:00,2017-08-22T07:30:00+00:00,15194,stop,-1.193663642650728,-10.930985738559782,True,False,900,4.049741953528294,0.9446866217617562,0.43270784748348373,-0.3096684351565059,-2.1466043442913363,0.03225806451615791,0.6000000000006,7.25
nzdusd_rsi2_m15_usd100000_smaller_stop_and_time_confirmed_rebound,2017-08-22T08:45:00+00:00,2017-08-22T09:30:00+00:00,15200,stop,-1.330791604550935,-12.153347986766528,True,False,2700,4.713431984250868,1.0738136775741178,0.0850093843241964,-3.987981707623881,-1.8013956351406597,0.36170212765960463,0.49999999999994493,8.75
nzdusd_rsi2_m15_usd100000_smaller_stop_and_time_confirmed_rebound,2017-08-22T10:00:00+00:00,2017-08-22T12:15:00+00:00,15205,signal_exit,-0.43037000000004766,-3.92315405651821,False,False,8100,5.5036781581492455,1.2149982506977464,-0.27747873537745044,-6.823809128034315,-1.7035204606429597,0.3287671232876921,0.40000000000040004,10.0
nzdusd_rsi2_m15_usd100000_smaller_stop_and_time_confirmed_rebound,2017-08-23T13:15:00+00:00,2017-08-23T14:15:00+00:00,15310,signal_exit,0.5755999999999146,5.19494584837468,False,True,3600,6.634920986103293,1.209795476041412,-2.5650053300971045,-10.93107373932612,-1.2684927981176093,0.3846153846156255,0.0999999999995449,13.25
nzdusd_rsi2_m15_usd100000_smaller_stop_and_time_confirmed_rebound,2017-08-28T10:15:00+00:00,2017-08-28T11:30:00+00:00,15577,target,0.7993916974999824,7.2408668251809996,False,True,4500,4.876230514039666,0.8897270603556602,0.29391487216654577,0.6426876445255031,-0.6969071063584974,0.3076923076923296,0.2999999999997449,10.25
nzdusd_rsi2_m15_usd100000_smaller_stop_and_time_confirmed_rebound,2017-08-28T14:00:00+00:00,2017-08-28T14:30:00+00:00,15591,signal_exit,0.02079999999997567,0.1884057971012289,False,True,1800,4.653772830323439,0.8703087059920431,0.35220392159935243,1.2693027440648263,-0.304729971966266,0.38235294117648017,0.40000000000040004,14.0
nzdusd_rsi2_m15_usd100000_smaller_stop_and_time_confirmed_rebound,2017-08-29T14:30:00+00:00,2017-08-29T16:00:00+00:00,15687,stop,-1.9603672936469443,-17.853982637950313,True,False,5400,7.666244506588838,1.1834915048001933,1.461758913409218,4.910025564096392,-0.6117134523391264,0.6333333333333642,0.2999999999997449,14.5
nzdusd_rsi2_m15_usd100000_smaller_stop_and_time_confirmed_rebound,2017-08-30T10:15:00+00:00,2017-08-30T10:45:00+00:00,15762,signal_exit,-0.03455000000014069,-0.3132366273811486,False,False,1800,6.174047238491073,0.9318998767825487,-0.004736363661324022,-1.3532553315897107,-1.337353317313021,0.14492753623187474,0.40000000000040004,10.25
nzdusd_rsi2_m15_usd100000_smaller_stop_and_time_confirmed_rebound,2017-08-30T13:45:00+00:00,2017-08-30T14:15:00+00:00,15776,stop,-1.895703051073133,-17.124688808248717,True,False,1800,7.309002037367099,1.0879140864023162,-0.4498347114794095,-4.377096585886912,-1.7784451095516631,0.19000000000002332,0.2999999999997449,13.75
nzdusd_rsi2_m15_usd100000_smaller_stop_and_time_confirmed_rebound,2017-08-30T14:45:00+00:00,2017-08-30T17:45:00+00:00,15780,holding_bars,-1.2757300000000296,-11.503426510369968,False,False,10800,7.14321395223982,1.0633890182810082,-0.6820212854354865,-6.157745918610889,-1.8115929013853407,0.2083333333332948,0.40000000000040004,14.75
nzdusd_rsi2_m15_usd100000_smaller_stop_and_time_confirmed_rebound,2017-08-31T12:15:00+00:00,2017-08-31T12:45:00+00:00,15863,signal_exit,0.47199999999992603,4.214285714285054,False,True,1800,6.8027876654431605,1.0301669312965447,-2.2762418896788725,-10.765579798104284,-1.6063166241652331,0.08163265306108114,0.10000000000065512,12.25
nzdusd_rsi2_m15_usd100000_smaller_stop_and_time_confirmed_rebound,2017-09-01T07:15:00+00:00,2017-09-01T08:30:00+00:00,15935,signal_exit,0.23524000000000164,2.1078853046595127,False,True,4500,6.0727226093626046,0.9673473815107431,-0.7385740398111867,-4.942427425544837,-1.3501516084562195,0.28888888888880393,0.40000000000040004,7.25
nzdusd_rsi2_m15_usd100000_smaller_stop_and_time_confirmed_rebound,2017-09-04T07:45:00+00:00,2017-09-04T08:00:00+00:00,16031,signal_exit,0.3691599999998878,3.307885304658493,False,True,900,5.44157307519703,0.8692821386385121,-0.20673413627841375,-2.243748892889383,-1.9643613937635482,0.10204081632674794,0.49999999999994493,7.75
nzdusd_rsi2_m15_usd100000_smaller_stop_and_time_confirmed_rebound,2017-09-04T14:15:00+00:00,2017-09-04T14:30:00+00:00,16057,signal_exit,0.04529999999987394,0.406278026904699,False,True,900,4.130250327293946,0.7069749120275619,-0.05532140357266428,-1.1664818466706774,-1.4973092801353831,0.2083333333332948,0.30000000000085514,14.25
nzdusd_rsi2_m15_usd100000_smaller_stop_and_time_confirmed_rebound,2017-09-05T11:45:00+00:00,2017-09-05T12:15:00+00:00,16135,signal_exit,0.38935999999991044,3.5014388489200576,False,True,1800,5.159349485889599,0.9923300918885933,0.3957143313604039,2.411231990562485,0.514952831737954,0.19999999999993168,0.30000000000085514,11.75
nzdusd_rsi2_m15_usd100000_smaller_stop_and_time_confirmed_rebound,2017-09-06T07:15:00+00:00,2017-09-06T08:15:00+00:00,16210,signal_exit,0.7069200000000475,6.391681735985963,False,True,3600,5.657501005131183,0.9438081420385861,1.0432914632975392,2.9780079978312077,-1.0691392513366467,0.3823529411763553,0.49999999999994493,7.25
nzdusd_rsi2_m15_usd100000_smaller_stop_and_time_confirmed_rebound,2017-09-06T11:15:00+00:00,2017-09-06T12:00:00+00:00,16226,signal_exit,0.2431999999999512,2.194945848375011,False,True,2700,5.980820635493432,0.9954132231561736,0.6946033388318237,0.45896042453830327,-1.8045241331943027,0.14999999999986122,0.40000000000040004,11.25
nzdusd_rsi2_m15_usd100000_smaller_stop_and_time_confirmed_rebound,2017-09-06T13:15:00+00:00,2017-09-06T14:00:00+00:00,16234,target,0.9522418852349627,8.594240841470782,False,True,2700,5.549647496547569,0.9367776693722762,0.4469728917812543,-0.016336043013116242,-1.1575494982167445,0.3877551020408718,0.2999999999997449,13.25
nzdusd_rsi2_m15_usd100000_smaller_stop_and_time_confirmed_rebound,2017-09-06T14:15:00+00:00,2017-09-06T14:30:00+00:00,16238,signal_exit,0.5319399999998702,4.796573489629127,False,True,900,6.876673317078706,1.1270138687852753,0.303610314864705,-0.4152059843370712,-1.1496890116815521,0.088607594936681,0.30000000000085514,14.25
nzdusd_rsi2_m15_usd100000_smaller_stop_and_time_confirmed_rebound,2017-09-07T07:00:00+00:00,2017-09-07T08:00:00+00:00,16302,signal_exit,0.7460500000000194,6.7030548068285665,False,True,3600,6.506149233663147,1.057838400819003,-0.12983308567280802,-4.5444661883287765,-1.8678575079673319,0.20000000000016654,0.0999999999995449,7.0
nzdusd_rsi2_m15_usd100000_smaller_stop_and_time_confirmed_rebound,2017-09-08T08:15:00+00:00,2017-09-08T10:15:00+00:00,16399,signal_exit,0.8302399999999353,7.575182481751234,False,True,7200,11.165119071571501,1.4118588937671768,2.497521228573008,7.273991017008695,-1.5090714903520106,0.04385964912280104,0.40000000000040004,8.25
nzdusd_rsi2_m15_usd100000_smaller_stop_and_time_confirmed_rebound,2017-09-08T14:15:00+00:00,2017-09-08T15:30:00+00:00,16423,signal_exit,-0.27693000000013795,-2.5198362147419284,False,False,4500,8.437434554431576,1.0749320508649958,1.6872540298743004,2.9276242184441545,-2.06054079133128,0.12499999999998265,0.40000000000040004,14.25
nzdusd_rsi2_m15_usd100000_smaller_stop_and_time_confirmed_rebound,2017-09-11T11:45:00+00:00,2017-09-11T12:45:00+00:00,16505,stop,-1.8641290770796688,-16.977496148266564,True,False,3600,7.178001261747002,1.0029718655516617,0.6146822964319554,2.8368525843915866,0.1314773511031866,0.4305555555554142,0.40000000000040004,11.75
nzdusd_rsi2_m15_usd100000_smaller_stop_and_time_confirmed_rebound,2017-09-11T13:00:00+00:00,2017-09-11T13:45:00+00:00,16510,signal_exit,0.12999999999996364,1.1818181818178513,False,True,2700,7.084385268187725,0.9924558863271771,0.6889164062842924,1.3656815691151192,-1.4853095250704509,0.05084745762707718,0.2999999999997449,13.0
nzdusd_rsi2_m15_usd100000_smaller_stop_and_time_confirmed_rebound,2017-09-11T15:15:00+00:00,2017-09-11T15:45:00+00:00,16519,stop,-2.0005278705384053,-18.17009873331885,True,False,1800,7.726784153217105,1.067057978074475,0.5874279436304332,0.5222402384075161,-1.188115553655578,0.3482142857142839,0.49999999999994493,15.25
nzdusd_rsi2_m15_usd100000_smaller_stop_and_time_confirmed_rebound,2017-09-13T10:00:00+00:00,2017-09-13T10:45:00+00:00,16684,signal_exit,0.30461999999989575,2.776845943481274,False,True,2700,7.121733164919775,0.9660035113449656,0.5672539602081614,0.9918391060659058,-1.1186839102256214,0.7432432432430871,0.40000000000040004,10.0
nzdusd_rsi2_m15_usd100000_smaller_stop_and_time_confirmed_rebound,2017-09-13T12:45:00+00:00,2017-09-13T13:00:00+00:00,16695,stop,-1.5920592102752615,-14.499628508882163,True,False,900,6.039067442054997,0.8507955666061567,0.41408275068907147,0.10605030074882753,-1.2451355860941011,0.16483516483527477,0.1999999999990898,12.75
nzdusd_rsi2_m15_usd100000_smaller_stop_and_time_confirmed_rebound,2017-09-13T13:30:00+00:00,2017-09-13T14:15:00+00:00,16698,stop,-1.7613674967963107,-16.027001790685265,True,False,2700,6.65358278797188,0.9292522350565473,0.2884191989229638,-1.2609308731614357,-2.0237605933394067,0.11827956989253345,0.49999999999994493,13.5
nzdusd_rsi2_m15_usd100000_smaller_stop_and_time_confirmed_rebound,2017-09-14T10:00:00+00:00,2017-09-14T11:15:00+00:00,16775,stop,-1.6701840128696654,-15.114787446784304,True,False,4500,6.2024163478264525,0.8955029952484509,-0.7125205065551075,-3.651787155433102,-1.128461531831072,0.15686274509797518,0.49999999999994493,10.0
nzdusd_rsi2_m15_usd100000_smaller_stop_and_time_confirmed_rebound,2017-09-18T07:00:00+00:00,2017-09-18T07:45:00+00:00,16949,stop,-1.7708830199050123,-16.202040438289224,True,False,2700,6.586107135887216,0.9135147393461128,1.592827900583837,4.942493588582996,-1.3147983690433973,0.3921568627452645,0.7999999999996898,7.0
nzdusd_rsi2_m15_usd100000_smaller_stop_and_time_confirmed_rebound,2017-09-18T10:45:00+00:00,2017-09-18T11:15:00+00:00,16964,signal_exit,0.2051499999999797,1.8735159817349745,False,True,1800,6.615020507370775,0.921291494413122,1.1173865618784355,3.2166808277443697,-1.0022120780515071,0.30232558139523474,0.5999999999994898,10.75
nzdusd_rsi2_m15_usd100000_smaller_stop_and_time_confirmed_rebound,2017-09-18T12:15:00+00:00,2017-09-18T14:15:00+00:00,16970,stop,-1.8009657578400913,-16.41719013527886,True,False,7200,6.797018039379945,0.9465497749455778,0.8802274160667101,1.002084502817882,-1.8806859465259058,0.38888888888875184,0.6000000000006,12.25
nzdusd_rsi2_m15_usd100000_smaller_stop_and_time_confirmed_rebound,2017-09-18T15:15:00+00:00,2017-09-18T16:15:00+00:00,16982,stop,-1.7973992864608324,-16.339993513280294,True,False,3600,6.910905847548469,0.9677015142264609,0.33534891057461297,-1.7732169948567107,-1.6272097919013186,0.15384615384602246,0.30000000000085514,15.25
nzdusd_rsi2_m15_usd100000_smaller_stop_and_time_confirmed_rebound,2017-09-19T14:30:00+00:00,2017-09-19T15:00:00+00:00,17072,signal_exit,0.7727699999999414,7.070173833485282,False,True,1800,7.330690302287922,1.0916792743025834,0.8620036490720676,4.038762887365426,0.673292188787982,0.5277777777776492,0.10000000000065512,14.5
nzdusd_rsi2_m15_usd100000_smaller_stop_and_time_confirmed_rebound,2017-09-21T07:30:00+00:00,2017-09-21T08:00:00+00:00,17226,signal_exit,0.7071899999998759,6.470173833484682,False,True,1800,10.024745571441253,1.1498742632473802,-0.18809592430900327,-2.1706537217851465,-1.237632794095754,0.851063829787312,0.49999999999994493,7.5
nzdusd_rsi2_m15_usd100000_smaller_stop_and_time_confirmed_rebound,2017-09-21T10:30:00+00:00,2017-09-21T12:15:00+00:00,17238,signal_exit,1.1127999999998552,10.171846435099226,False,True,6300,9.345882986669732,1.0743103086352839,-0.3185789723976761,-2.6105569600118486,-1.439497705455959,0.5833333333333461,0.40000000000040004,10.5
nzdusd_rsi2_m15_usd100000_smaller_stop_and_time_confirmed_rebound,2017-09-26T07:30:00+00:00,2017-09-26T07:45:00+00:00,17501,stop,-1.7313564403737247,-15.668384075780315,True,False,900,6.479214662324562,0.9309521067487166,-1.3734016509983737,-6.442471950153493,-1.6845034918499062,0.3620689655171094,0.49999999999994493,7.5
nzdusd_rsi2_m15_usd100000_smaller_stop_and_time_confirmed_rebound,2017-09-26T08:30:00+00:00,2017-09-26T10:15:00+00:00,17505,stop,-1.8990887571196027,-17.170784422419555,True,False,6300,7.281233079202669,1.0293797653919228,-1.4160133216617192,-7.503243818666306,-1.641619154634051,0.3114754098361044,0.3999999999992898,8.5
nzdusd_rsi2_m15_usd100000_smaller_stop_and_time_confirmed_rebound,2017-09-26T10:30:00+00:00,2017-09-26T11:45:00+00:00,17513,stop,-1.8622548491961801,-16.82253702977579,True,False,4500,7.107926148130394,1.0091033482035328,-1.6066557694575503,-7.8918412815536225,-1.2034268402343993,0.37272727272719475,0.40000000000040004,10.5
nzdusd_rsi2_m15_usd100000_smaller_stop_and_time_confirmed_rebound,2017-09-26T12:45:00+00:00,2017-09-26T13:30:00+00:00,17522,signal_exit,0.432699999999955,3.8981981981977927,False,True,2700,6.71784499696615,0.9617929650661762,-1.9258840638100632,-9.146163458828049,-1.6826907613125375,0.04347826086960719,0.49999999999994493,12.75
nzdusd_rsi2_m15_usd100000_smaller_stop_and_time_confirmed_rebound,2017-09-26T15:15:00+00:00,2017-09-26T16:30:00+00:00,17532,stop,-1.96475802735905,-17.68459070530198,True,False,4500,7.542205343650247,1.0667861021266867,-2.0949509427151365,-9.733940212870692,-1.4107501912514997,0.8360655737705097,0.3999999999992898,15.25
nzdusd_rsi2_m15_usd100000_smaller_stop_and_time_confirmed_rebound,2017-09-27T13:00:00+00:00,2017-09-27T13:30:00+00:00,17616,signal_exit,0.911000000000001,8.199819981998209,False,True,1800,6.993591371090941,1.0308201360640705,-1.1604379605807518,-5.402133182786576,-1.1922547647205437,0.140845070422522,0.2999999999997449,13.0
nzdusd_rsi2_m15_usd100000_smaller_stop_and_time_confirmed_rebound,2017-09-29T09:15:00+00:00,2017-09-29T09:45:00+00:00,17788,signal_exit,0.2538700000000238,2.2933152664862133,False,True,1800,5.868022104192647,0.8829469327557368,-0.044381159999380006,-0.2775645322094275,-0.2459908466916986,0.3684210526316097,0.3999999999992898,9.25
nzdusd_rsi2_m15_usd100000_smaller_stop_and_time_confirmed_rebound,2017-09-29T14:15:00+00:00,2017-09-29T17:15:00+00:00,17808,holding_bars,-0.8525399999999772,-7.7083182640142605,False,False,10800,9.267473935886084,1.3136745994700634,0.20254442148158322,0.6364828697561117,-0.23394851058833854,0.511811023622081,0.5999999999994898,14.25
nzdusd_rsi2_m15_usd100000_smaller_stop_and_time_confirmed_rebound,2017-10-02T08:00:00+00:00,2017-10-02T08:45:00+00:00,17875,target,1.2011929736917342,10.782701738704974,False,True,2700,6.78901693757532,1.0311321128591546,-0.8366849873923089,-5.98183908533247,-2.295607855125724,0.16304347826096663,0.5999999999994898,8.0
nzdusd_rsi2_m15_usd100000_smaller_stop_and_time_confirmed_rebound,2017-10-03T09:30:00+00:00,2017-10-03T10:00:00+00:00,17975,signal_exit,0.3686500000000117,3.3062780269059346,False,True,1800,7.051649504146116,1.1263478082565093,-1.212301782781375,-4.895758976793623,-0.5599264941374649,0.14705882352939256,0.2999999999997449,9.5
nzdusd_rsi2_m15_usd100000_smaller_stop_and_time_confirmed_rebound,2017-10-03T13:00:00+00:00,2017-10-03T14:00:00+00:00,17989,signal_exit,0.33519999999991634,3.0062780269050795,False,True,3600,6.171495795312167,0.9992970878483926,-0.8701318703154508,-4.206308096470761,-1.0650726840377545,0.5172413793106485,0.2999999999997449,13.0
nzdusd_rsi2_m15_usd100000_smaller_stop_and_time_confirmed_rebound,2017-10-03T15:15:00+00:00,2017-10-03T17:15:00+00:00,17998,signal_exit,-0.14420000000000616,-1.292114695340557,False,False,7200,7.472441465130334,1.1684172376542896,-0.852393179173666,-4.864036988248643,-1.5321784237866094,0.5730337078652148,0.3999999999992898,15.25
nzdusd_rsi2_m15_usd100000_smaller_stop_and_time_confirmed_rebound,2017-10-04T07:15:00+00:00,2017-10-04T08:15:00+00:00,18060,signal_exit,0.3347200000000401,3.004667863555117,False,True,3600,6.640023557114096,1.0743487547817054,0.1304765595456301,-1.4387498115175008,-1.6398472579606584,0.07843137254887875,0.49999999999994493,7.25
nzdusd_rsi2_m15_usd100000_smaller_stop_and_time_confirmed_rebound,2017-10-04T13:45:00+00:00,2017-10-04T14:00:00+00:00,18086,stop,-1.7384039445458388,-15.591066767227254,True,False,900,6.498672397066308,1.0483243434752787,-0.20341234554272272,-1.7830626824925406,-1.137577084432674,0.07999999999984901,0.40000000000040004,13.75
nzdusd_rsi2_m15_usd100000_smaller_stop_and_time_confirmed_rebound,2017-10-05T12:00:00+00:00,2017-10-05T12:15:00+00:00,18170,signal_exit,0.26955999999997315,2.411091234346808,False,True,900,5.294535611835492,0.9242019365523243,-0.5658723720260945,-3.355081479813931,-1.7861206521293396,0.09523809523819594,0.3999999999992898,12.0
nzdusd_rsi2_m15_usd100000_smaller_stop_and_time_confirmed_rebound,2017-10-05T13:45:00+00:00,2017-10-05T15:15:00+00:00,18177,stop,-1.695415918848533,-15.137642132576186,True,False,5400,6.275963923430311,1.0716810198989783,-0.6873499042804068,-6.04878248933027,-2.216543448307171,0.23287671232876922,0.40000000000040004,13.75
nzdusd_rsi2_m15_usd100000_smaller_stop_and_time_confirmed_rebound,2017-10-05T15:30:00+00:00,2017-10-05T16:30:00+00:00,18184,signal_exit,0.11416000000006504,1.0174688057046795,False,True,3600,7.0323223231508285,1.1694291595136883,-0.9606120578336467,-6.6666637987039925,-1.5979101174502108,0.6268656716418034,0.3999999999992898,15.5
nzdusd_rsi2_m15_usd100000_smaller_stop_and_time_confirmed_rebound,2017-10-06T13:15:00+00:00,2017-10-06T14:30:00+00:00,18267,signal_exit,0.2859000000000469,2.5300884955756358,False,True,4500,8.162822489721538,1.3422826443497426,-1.7191797813517828,-9.188834903785574,-1.7188148326892856,0.4682539682539375,0.5999999999994898,13.25
nzdusd_rsi2_m15_usd100000_smaller_stop_and_time_confirmed_rebound,2017-10-09T13:15:00+00:00,2017-10-09T14:00:00+00:00,18362,stop,-1.301088138616644,-11.524252777826785,True,False,2700,4.576386796353184,0.8124460371965608,-0.906352171354552,-3.6530735204370095,-0.7880284863136642,0.30434782608708244,0.20000000000020002,13.25
nzdusd_rsi2_m15_usd100000_smaller_stop_and_time_confirmed_rebound,2017-10-10T13:15:00+00:00,2017-10-10T14:00:00+00:00,18454,signal_exit,0.308949999999944,2.731653404066702,False,True,2700,6.765951977671254,1.2020500985042046,-0.5621675247082785,-2.7866167832616293,-1.1662901114621935,0.5657894736841317,0.40000000000040004,13.25
nzdusd_rsi2_m15_usd100000_smaller_stop_and_time_confirmed_rebound,2017-10-11T07:30:00+00:00,2017-10-11T08:00:00+00:00,18524,signal_exit,0.2859000000000469,2.5300884955756358,False,True,1800,5.928945284271242,1.0681503676491735,-0.0415818530414322,-1.7109371974263934,-1.6747856463694126,0.6666666666666666,0.2999999999997449,7.5
nzdusd_rsi2_m15_usd100000_smaller_stop_and_time_confirmed_rebound,2017-10-11T11:30:00+00:00,2017-10-11T12:00:00+00:00,18540,signal_exit,0.5803899999999643,5.131653404066881,False,True,1800,4.903365379922372,0.9066599715881094,-0.34986816208087046,-1.9877997968918761,-0.9626225087524786,0.6428571428568597,0.20000000000020002,11.5
nzdusd_rsi2_m15_usd100000_smaller_stop_and_time_confirmed_rebound,2017-10-13T09:30:00+00:00,2017-10-13T10:00:00+00:00,18715,signal_exit,0.2248399999999284,2.0110912343464076,False,True,1800,5.989556127751984,1.0185109358067728,1.2214836502358783,5.082393003986156,0.6508579729073048,0.6603773584905938,0.40000000000040004,9.5
nzdusd_rsi2_m15_usd100000_smaller_stop_and_time_confirmed_rebound,2017-10-13T11:45:00+00:00,2017-10-13T12:15:00+00:00,18724,stop,-1.4726873619061134,-13.172516653900834,True,False,1800,5.441803944123714,0.9412136821012776,1.2694328448292047,4.75296800971509,-0.3229304340510705,0.2999999999999075,0.0999999999995449,11.75
nzdusd_rsi2_m15_usd100000_smaller_stop_and_time_confirmed_rebound,2017-10-17T10:30:00+00:00,2017-10-17T12:45:00+00:00,18906,stop,-1.5603378815301547,-14.01920827969591,True,False,8100,5.711131543261869,0.9723051480997538,0.2310552159672173,1.357143392255915,0.21543252604616767,0.29166666666624264,0.40000000000040004,10.5
nzdusd_rsi2_m15_usd100000_smaller_stop_and_time_confirmed_rebound,2017-10-17T13:15:00+00:00,2017-10-17T14:30:00+00:00,18917,stop,-1.685589640301313,-15.117395877141822,True,False,4500,6.161836952023056,1.0393491162234316,0.40996207197733675,-0.7111390796847932,-2.44999107606763,0.13333333333323466,0.6000000000006,13.25
nzdusd_rsi2_m15_usd100000_smaller_stop_and_time_confirmed_rebound,2017-10-18T08:15:00+00:00,2017-10-18T08:30:00+00:00,18986,stop,-1.6510034705962306,-14.741102416037773,True,False,900,6.17769406516132,1.137469582267796,-0.603469357006542,-5.2006841225343265,-1.6216052878926692,0.8987341772150974,0.20000000000020002,8.25
nzdusd_rsi2_m15_usd100000_smaller_stop_and_time_confirmed_rebound,2017-10-18T12:30:00+00:00,2017-10-18T12:45:00+00:00,19003,signal_exit,0.8873699999999052,7.915878679749377,False,True,900,6.412198368570543,1.1389742950089188,-1.2912638346579521,-5.607854868462435,-0.4653019393428391,0.17105263157904924,0.5999999999994898,12.5
nzdusd_rsi2_m15_usd100000_smaller_stop_and_time_confirmed_rebound,2017-10-19T07:30:00+00:00,2017-10-19T10:00:00+00:00,19075,signal_exit,-1.752210000000106,-15.465225066196874,False,False,9000,16.51707628023496,1.9865547785087083,-1.3356513780322716,-11.34040085988623,-1.4209384734564743,0.6263736263736049,0.5000000000010552,7.5
nzdusd_rsi2_m15_usd100000_smaller_stop_and_time_confirmed_rebound,2017-10-20T08:45:00+00:00,2017-10-20T11:15:00+00:00,19173,signal_exit,0.15463999999991015,1.3517482517474664,False,True,9000,6.923160095534138,0.9016465094573887,-2.524076621653704,-10.007868937620074,-1.45390702470711,0.3561643835616918,0.49999999999994493,8.75
nzdusd_rsi2_m15_usd100000_smaller_stop_and_time_confirmed_rebound,2017-10-20T14:30:00+00:00,2017-10-20T14:45:00+00:00,19196,signal_exit,0.3735000000000642,3.256320836966558,False,True,900,6.825397555808125,0.9183262718940424,-2.21984246521546,-10.40270836671136,-1.4696292294942384,0.12962962962945448,0.49999999999994493,14.5
nzdusd_rsi2_m15_usd100000_smaller_stop_and_time_confirmed_rebound,2017-10-23T09:00:00+00:00,2017-10-23T10:45:00+00:00,19265,signal_exit,0.1788399999999328,1.55783972125377,False,True,6300,6.348885701509854,0.9304790602859114,-1.2666024920362227,-6.166236653535872,-1.4192418765589419,0.8333333333333334,0.0,9.0
nzdusd_rsi2_m15_usd100000_smaller_stop_and_time_confirmed_rebound,2017-10-23T15:15:00+00:00,2017-10-23T15:45:00+00:00,19290,signal_exit,0.27027000000002466,2.356320836966213,False,True,1800,5.381820879967164,0.8330166109993132,-1.227821024708145,-4.695743136623201,-0.7795330853681991,0.4680851063830039,0.0999999999995449,15.25
nzdusd_rsi2_m15_usd100000_smaller_stop_and_time_confirmed_rebound,2017-10-24T07:45:00+00:00,2017-10-24T08:30:00+00:00,19353,signal_exit,0.3654599999998609,3.1668977469658652,False,True,2700,7.549777406121213,1.1295729188691603,-1.471464989479804,-8.147398701770914,-1.5807794469523895,0.14000000000001334,0.40000000000040004,7.75
nzdusd_rsi2_m15_usd100000_smaller_stop_and_time_confirmed_rebound,2017-10-24T10:00:00+00:00,2017-10-24T11:45:00+00:00,19362,stop,-1.7473799381215511,-15.155073184055082,True,False,6300,6.360233903388923,0.9697639506809682,-1.6957687401566681,-6.610313576955841,-0.04732714249844185,0.2941176470587851,0.2999999999997449,10.0
nzdusd_rsi2_m15_usd100000_smaller_stop_and_time_confirmed_rebound,2017-10-24T12:15:00+00:00,2017-10-24T14:15:00+00:00,19371,stop,-1.778178383802702,-15.395483842447637,True,False,7200,6.43194105542267,0.9828667904436681,-1.7664304384378267,-8.354822605816482,-1.7362188653283894,0.1746031746030795,0.40000000000040004,12.25
nzdusd_rsi2_m15_usd100000_smaller_stop_and_time_confirmed_rebound,2017-10-25T08:15:00+00:00,2017-10-25T10:15:00+00:00,19446,signal_exit,-0.8606300000000816,-7.425625539258685,False,False,7200,6.495887090175495,1.0084170362624825,-1.5482271643393593,-6.282345563035402,-0.589968852057121,0.45333333333332543,0.49999999999994493,8.25
nzdusd_rsi2_m15_usd100000_smaller_stop_and_time_confirmed_rebound,2017-10-25T11:30:00+00:00,2017-10-25T11:45:00+00:00,19459,target,1.1701548485067625,10.070179419163187,False,True,900,6.245674907516085,0.9783110264808798,-1.5657995192162697,-8.060514012358238,-1.6096601085852924,0.051948051948100635,0.2999999999997449,11.5
nzdusd_rsi2_m15_usd100000_smaller_stop_and_time_confirmed_rebound,2017-10-25T13:00:00+00:00,2017-10-25T13:00:00+00:00,19465,target,1.319000370420825,11.341361740505803,False,True,0,6.780526098111858,1.0490166387018867,-1.6633459586290178,-7.838893351082566,-1.605615213440078,0.4931506849315381,0.0999999999995449,13.0
nzdusd_rsi2_m15_usd100000_smaller_stop_and_time_confirmed_rebound,2017-10-26T07:45:00+00:00,2017-10-26T08:45:00+00:00,19536,signal_exit,0.17183999999998487,1.4788296041306785,False,True,3600,6.232955633496249,1.0067859123915515,-0.6129560688516328,-4.608046275340439,-1.8166577902666483,0.5285714285713765,0.49999999999994493,7.75
nzdusd_rsi2_m15_usd100000_smaller_stop_and_time_confirmed_rebound,2017-10-26T11:30:00+00:00,2017-10-26T13:00:00+00:00,19551,signal_exit,0.10238000000004416,0.8803095442824088,False,True,5400,6.554965381780132,1.0412650607637328,-0.9128924632425708,-5.038153091738858,-1.586531280903288,0.266666666666716,0.3999999999992898,11.5
nzdusd_rsi2_m15_usd100000_smaller_stop_and_time_confirmed_rebound,2017-10-26T14:15:00+00:00,2017-10-26T15:00:00+00:00,19562,stop,-1.932371498858606,-16.572654364138987,True,False,2700,7.078694248965061,1.0994588711574576,-1.0977212881494207,-6.229498295058192,-1.7166375430871728,0.051724137930988276,0.2999999999997449,14.25
nzdusd_rsi2_m15_usd100000_smaller_stop_and_time_confirmed_rebound,2017-10-27T07:30:00+00:00,2017-10-27T08:30:00+00:00,19629,signal_exit,-0.01295999999994274,-0.11086398631259829,False,False,3600,7.216111156997056,1.111523774357946,-1.2382042450994197,-4.777473886362992,-0.7682168431532485,0.5365853658536255,0.49999999999994493,7.5
nzdusd_rsi2_m15_usd100000_smaller_stop_and_time_confirmed_rebound,2017-10-30T11:45:00+00:00,2017-10-30T13:30:00+00:00,19738,signal_exit,0.02154000000002737,0.18473413379097228,False,True,6300,6.016140642147247,0.9418925100435288,-0.29547904654638457,-0.7777307935354021,0.08239039069176289,0.4509803921567603,0.49999999999994493,11.75
nzdusd_rsi2_m15_usd100000_smaller_stop_and_time_confirmed_rebound,2017-10-31T10:00:00+00:00,2017-10-31T10:15:00+00:00,19824,signal_exit,0.12703999999993804,1.0876712328761817,False,True,900,5.93978485628312,1.0200268985272583,-0.402152299860386,-2.9555807201171604,-1.3284797568242035,0.9655172413790859,0.49999999999994493,10.0
nzdusd_rsi2_m15_usd100000_smaller_stop_and_time_confirmed_rebound,2017-11-01T13:00:00+00:00,2017-11-01T14:15:00+00:00,19929,signal_exit,0.8555999999999611,7.375862068965182,False,True,4500,6.769597712231955,1.0162570005732137,1.3741482746688691,2.0047033150568763,-1.6887745145578326,0.19718309859143698,0.40000000000040004,13.0
nzdusd_rsi2_m15_usd100000_smaller_stop_and_time_confirmed_rebound,2017-11-02T07:00:00+00:00,2017-11-02T07:15:00+00:00,19997,signal_exit,0.13465999999988626,1.1668977469660855,False,True,900,6.103005364495399,0.935186132533484,1.3966492082715176,4.425515514763582,-1.0564221532652256,0.5869565217392354,0.49999999999994493,7.0
nzdusd_rsi2_m15_usd100000_smaller_stop_and_time_confirmed_rebound,2017-11-02T12:00:00+00:00,2017-11-02T12:15:00+00:00,20017,signal_exit,0.41373999999990674,3.572884283246172,False,True,900,5.5381489264456665,0.8723287865185188,0.7198292969975585,0.32920193270225506,-1.7119046452755646,0.5609756097562231,0.49999999999994493,12.0
nzdusd_rsi2_m15_usd100000_smaller_stop_and_time_confirmed_rebound,2017-11-03T08:15:00+00:00,2017-11-03T10:45:00+00:00,20093,stop,-1.6681973234756877,-14.468320238297377,True,False,9000,6.0168574305101545,0.9864523743210649,0.9198516138704226,2.8546535925608736,-0.7551844860877988,0.2545454545454839,0.2999999999997449,8.25
nzdusd_rsi2_m15_usd100000_smaller_stop_and_time_confirmed_rebound,2017-11-03T11:30:00+00:00,2017-11-03T12:00:00+00:00,20106,signal_exit,0.32019999999994275,2.7698961937711313,False,True,1800,5.8867551362444255,0.9710665864190094,0.7465671929605487,0.5727004140046292,-1.5256577947852275,0.05454545454540316,0.20000000000020002,11.5
nzdusd_rsi2_m15_usd100000_smaller_stop_and_time_confirmed_rebound,2017-11-03T15:15:00+00:00,2017-11-03T18:15:00+00:00,20121,holding_bars,0.008259999999951362,0.07139152981807573,False,True,10800,8.73967067822981,1.3133502171737894,0.41317718691240957,-1.4100019477127594,-1.7587963783624245,0.23809523809520453,0.49999999999994493,15.25
nzdusd_rsi2_m15_usd100000_smaller_stop_and_time_confirmed_rebound,2017-11-06T07:00:00+00:00,2017-11-06T07:45:00+00:00,20174,signal_exit,0.36888999999986005,3.1773471145552112,False,True,2700,5.701869871207334,0.9348996586010044,-0.6634735230857111,-4.348495539819475,-1.8300651911525938,0.8749999999997572,0.5000000000010552,7.0
nzdusd_rsi2_m15_usd100000_smaller_stop_and_time_confirmed_rebound,2017-11-07T07:30:00+00:00,2017-11-07T10:30:00+00:00,20268,holding_bars,-0.8808599999999762,-7.633102253032722,False,False,10800,5.537519924413818,0.9464558269378426,0.8164899923046393,1.5419203166335633,-1.5382429126388355,0.18644067796620056,0.0999999999995449,7.5
nzdusd_rsi2_m15_usd100000_smaller_stop_and_time_confirmed_rebound,2017-11-07T12:30:00+00:00,2017-11-07T14:00:00+00:00,20288,stop,-1.4100594447218884,-12.20830688070899,True,False,5400,4.988352574553875,0.8737509226951835,0.20520959225794647,0.07811128059260257,-1.284329485088999,0.09999999999992598,0.0999999999995449,12.5
nzdusd_rsi2_m15_usd100000_smaller_stop_and_time_confirmed_rebound,2017-11-07T14:30:00+00:00,2017-11-07T15:00:00+00:00,20296,stop,-1.4967048253827744,-12.947273575975556,True,False,1800,5.158584884873337,0.9083823501383941,0.034795400982101446,-1.2040685794388255,-1.5302975911610188,0.6315789473683903,0.49999999999994493,14.5
nzdusd_rsi2_m15_usd100000_smaller_stop_and_time_confirmed_rebound,2017-11-07T15:45:00+00:00,2017-11-07T17:00:00+00:00,20301,signal_exit,0.10133999999991533,0.8743744607412884,False,True,4500,5.683884240307844,0.9896254274647238,-0.12853710135937607,-3.598185992102165,-1.9892721304362895,0.16666666666658958,0.49999999999994493,15.75
nzdusd_rsi2_m15_usd100000_smaller_stop_and_time_confirmed_rebound,2017-11-09T09:45:00+00:00,2017-11-09T11:00:00+00:00,20465,signal_exit,-0.41812000000015437,-3.642160278746989,False,False,4500,5.980139170888415,1.0010370493471192,1.2139177710249107,4.641005638998027,0.03891065797340872,0.058823529411931176,0.49999999999994493,9.75
nzdusd_rsi2_m15_usd100000_smaller_stop_and_time_confirmed_rebound,2017-11-09T13:45:00+00:00,2017-11-09T13:45:00+00:00,20481,stop,-1.753297582338302,-15.259334920263724,True,False,0,6.409345440984637,1.0621226444519694,1.1320004284565015,1.9832958175779043,-1.6100051551296026,0.40816326530608543,0.2999999999997449,13.75
nzdusd_rsi2_m15_usd100000_smaller_stop_and_time_confirmed_rebound,2017-11-09T14:30:00+00:00,2017-11-09T15:00:00+00:00,20484,signal_exit,0.6287199999999343,5.462380538661463,False,True,1800,6.606498518164462,1.086080843300335,0.9337297542646156,-0.07999843728603552,-1.746279090133294,0.6923076923076704,0.49999999999994493,14.5
nzdusd_rsi2_m15_usd100000_smaller_stop_and_time_confirmed_rebound,2017-11-10T11:45:00+00:00,2017-11-10T12:15:00+00:00,20565,signal_exit,0.041709999999922254,0.36238053866135755,False,True,1800,5.757213747713161,0.944905259400754,-0.014319619833344135,-0.4362644285591994,-0.45669428844590565,0.5849056603771767,0.40000000000040004,11.75
nzdusd_rsi2_m15_usd100000_smaller_stop_and_time_confirmed_rebound,2017-11-13T08:45:00+00:00,2017-11-13T09:15:00+00:00,20642,stop,-1.3934302972288972,-12.074785937858728,True,False,1800,4.720841842412979,0.8943176247684548,-0.3984866725287839,-2.489872336357961,-1.2116504902065481,0.3673469387754316,0.49999999999994493,8.75
nzdusd_rsi2_m15_usd100000_smaller_stop_and_time_confirmed_rebound,2017-11-13T15:15:00+00:00,2017-11-13T16:30:00+00:00,20668,stop,-1.326195150823172,-11.462360854132859,True,False,4500,4.466876191975328,0.8737991303042028,-1.0561475001664065,-4.638380408535372,-1.4886947852079215,0.41304347826066495,0.40000000000040004,15.25
nzdusd_rsi2_m15_usd100000_smaller_stop_and_time_confirmed_rebound,2017-11-15T15:30:00+00:00,2017-11-15T18:00:00+00:00,20856,signal_exit,-1.2913400000000603,-11.122652885444102,False,False,9000,8.176708699908152,1.3923608687117375,0.5096619048969033,-1.3157943031979824,-1.9575620781087335,0.37500000000007433,0.40000000000040004,15.5
nzdusd_rsi2_m15_usd100000_smaller_stop_and_time_confirmed_rebound,2017-11-16T10:45:00+00:00,2017-11-16T11:30:00+00:00,20928,stop,-1.6309249145264453,-13.987349181187353,True,False,2700,5.786041657489051,1.0328987352201482,-0.987599813203501,-4.847065165872707,-1.192334010648615,0.11111111111101973,0.2999999999997449,10.75
nzdusd_rsi2_m15_usd100000_smaller_stop_and_time_confirmed_rebound,2017-11-16T12:00:00+00:00,2017-11-16T13:30:00+00:00,20933,signal_exit,0.5124799999999994,4.387671232876707,False,True,5400,5.336689818851642,0.9643681895397598,-1.0921095744933838,-6.230429675651692,-1.9920923302408768,0.4571428571430475,0.0999999999995449,12.0
nzdusd_rsi2_m15_usd100000_smaller_stop_and_time_confirmed_rebound,2017-11-17T08:00:00+00:00,2017-11-17T08:00:00+00:00,21011,stop,-1.8430146302338368,-15.7522617968704,True,False,0,6.521430043734402,1.1453292472892795,-0.6688851412577823,-6.193808963996007,-1.4778858974163698,0.17567567567578515,0.5999999999994898,8.0
nzdusd_rsi2_m15_usd100000_smaller_stop_and_time_confirmed_rebound,2017-11-17T11:15:00+00:00,2017-11-17T12:15:00+00:00,21024,signal_exit,0.12955999999993756,1.1007646559043123,False,True,3600,7.97620934033781,1.2809148603109415,-1.9115376024024564,-11.169825352510042,-1.0022346524615293,0.1607142857143459,0.2999999999997449,11.25
nzdusd_rsi2_m15_usd100000_smaller_stop_and_time_confirmed_rebound,2017-11-20T14:15:00+00:00,2017-11-20T16:15:00+00:00,21128,signal_exit,-0.047770000000172785,-0.4079419299758564,False,False,7200,5.895587216899575,0.9833261253119399,-0.028086960820604308,-1.3848424130598544,-1.744114133394233,0.4189189189189838,0.40000000000040004,14.25
nzdusd_rsi2_m15_usd100000_smaller_stop_and_time_confirmed_rebound,2017-11-21T08:45:00+00:00,2017-11-21T09:30:00+00:00,21197,signal_exit,0.9750000000000011,8.29787234042554,False,True,2700,5.979747023296832,1.0630235050269974,-0.7846381473138503,-3.1293264792390088,-0.7830792747449153,0.5225225225225711,0.20000000000020002,8.75
nzdusd_rsi2_m15_usd100000_smaller_stop_and_time_confirmed_rebound,2017-11-21T12:15:00+00:00,2017-11-21T13:00:00+00:00,21211,signal_exit,-0.059360000000119595,-0.5064846416392457,False,False,2700,6.803407932626312,1.1505712544394655,-0.34124775548944075,-0.05383315095405507,0.6651384946555084,0.7714285714286349,0.30000000000085514,12.25
nzdusd_rsi2_m15_usd100000_smaller_stop_and_time_confirmed_rebound,2017-11-22T10:00:00+00:00,2017-11-22T11:30:00+00:00,21294,signal_exit,-0.5158999999999911,-4.409401709401633,False,False,5400,5.561402495612728,1.0124976597491921,0.31732314435056913,0.6297601564184424,-0.7836196626826363,0.4838709677419182,0.2999999999997449,10.0
nzdusd_rsi2_m15_usd100000_smaller_stop_and_time_confirmed_rebound,2017-11-24T10:00:00+00:00,2017-11-24T10:15:00+00:00,21467,signal_exit,0.2535699999998726,2.180309544280934,False,True,900,4.687430088729687,0.9732950307261126,0.2669168259647925,-0.10618060623091957,-1.3664640953699891,0.028571428571618894,0.49999999999994493,10.0
nzdusd_rsi2_m15_usd100000_smaller_stop_and_time_confirmed_rebound,2017-11-28T07:30:00+00:00,2017-11-28T08:30:00+00:00,21636,signal_exit,0.1804899999999325,1.565394622722745,False,True,3600,5.603559206817626,1.0942919642363291,1.7373288966196465,5.908619117870728,-0.4878019070218353,0.2187500000000542,0.49999999999994493,7.5
nzdusd_rsi2_m15_usd100000_smaller_stop_and_time_confirmed_rebound,2017-11-28T09:45:00+00:00,2017-11-28T10:45:00+00:00,21645,signal_exit,0.19235999999987993,1.6668977469660307,False,True,3600,6.07394785890273,1.1518646192989666,1.5517084438009936,4.069800732562913,-1.141593585008922,0.5818181818182222,0.40000000000040004,9.75
nzdusd_rsi2_m15_usd100000_smaller_stop_and_time_confirmed_rebound,2017-11-28T12:30:00+00:00,2017-11-28T13:30:00+00:00,21656,signal_exit,0.42261999999985467,3.6653946227220695,False,True,3600,5.272058253166242,1.012595004080484,1.2300831965410763,4.632833567265256,0.5151655068117066,0.5294117647058567,0.40000000000040004,12.5
nzdusd_rsi2_m15_usd100000_smaller_stop_and_time_confirmed_rebound,2017-11-28T15:30:00+00:00,2017-11-28T16:45:00+00:00,21668,signal_exit,0.5263899999998944,4.5653946227224145,False,True,4500,6.205151723517897,1.160188600460153,1.1473689779635534,3.6720786638024023,-0.7833660030836738,0.7303370786516826,0.2999999999997449,15.5
nzdusd_rsi2_m15_usd100000_smaller_stop_and_time_confirmed_rebound,2017-11-29T13:45:00+00:00,2017-11-29T15:00:00+00:00,21753,stop,-1.956038586734335,-16.87695070521428,True,False,4500,7.1256625829782205,1.162170247580868,0.2084310606139385,-2.5357928831120113,-2.255002808225283,0.0999999999999889,0.49999999999994493,13.75
nzdusd_rsi2_m15_usd100000_smaller_stop_and_time_confirmed_rebound,2017-11-30T08:00:00+00:00,2017-11-30T11:00:00+00:00,21824,holding_bars,-1.2395200000000672,-10.612328767123863,False,False,10800,5.504457781929061,0.9060558050302269,-1.8123373093399173,-7.218650105477014,-1.3930449483892426,0.16949152542371607,0.6000000000006,8.0
nzdusd_rsi2_m15_usd100000_smaller_stop_and_time_confirmed_rebound,2017-12-04T15:00:00+00:00,2017-12-04T18:00:00+00:00,22040,holding_bars,-1.319360000000084,-11.315265866209984,False,False,10800,5.6595254797867165,0.8925074161813256,0.02890169542814866,-1.3656678240421352,-2.0563721584261763,0.30508474576259387,0.49999999999994493,15.0
nzdusd_rsi2_m15_usd100000_smaller_stop_and_time_confirmed_rebound,2017-12-05T07:45:00+00:00,2017-12-05T08:45:00+00:00,22104,stop,-1.724201923883455,-14.863809688650473,True,False,3600,6.169835878807733,0.9794897169903284,1.2173317917318474,3.2434431473563303,-1.6768020225982223,0.25,0.40000000000040004,7.75
nzdusd_rsi2_m15_usd100000_smaller_stop_and_time_confirmed_rebound,2017-12-05T13:15:00+00:00,2017-12-05T14:00:00+00:00,22126,stop,-1.6451222349400532,-14.19432471906862,True,False,2700,5.784349589905173,0.9343926267352597,0.7613092338273408,2.960245205178332,0.06603417344356809,0.4999999999998793,0.49999999999994493,13.25
nzdusd_rsi2_m15_usd100000_smaller_stop_and_time_confirmed_rebound,2017-12-06T08:30:00+00:00,2017-12-06T09:30:00+00:00,22200,signal_exit,0.40215999999995944,3.4728842832466276,False,True,3600,6.296675509910814,1.0632546948628354,0.962977133335016,2.928560643600906,-0.9099788799480245,0.281690140845044,0.49999999999994493,8.5
nzdusd_rsi2_m15_usd100000_smaller_stop_and_time_confirmed_rebound,2017-12-06T15:45:00+00:00,2017-12-06T18:45:00+00:00,22229,holding_bars,-0.9198200000000754,-7.922652885444231,False,False,10800,6.318358796000288,1.0578672964220408,0.40702277924759456,-0.4299955363945149,-1.6528038903323088,0.32258064516127877,0.40000000000040004,15.75
nzdusd_rsi2_m15_usd100000_smaller_stop_and_time_confirmed_rebound,2017-12-07T08:00:00+00:00,2017-12-07T09:30:00+00:00,22290,signal_exit,0.32559999999994216,2.787671232876217,False,True,5400,4.97387757204221,0.8984291125009438,-1.0645304841657504,-6.97808230179726,-2.152252882663748,0.19512195121942633,0.49999999999994493,8.0
nzdusd_rsi2_m15_usd100000_smaller_stop_and_time_confirmed_rebound,2017-12-07T11:45:00+00:00,2017-12-07T13:45:00+00:00,22304,target,0.7976004741520764,6.822929633465152,False,True,7200,4.716896809889023,0.8720276602858237,-1.4632469975474598,-7.080448604675444,-1.3893224336353964,0.5945945945946189,0.49999999999994493,11.75
nzdusd_rsi2_m15_usd100000_smaller_stop_and_time_confirmed_rebound,2017-12-08T10:30:00+00:00,2017-12-08T11:00:00+00:00,22391,signal_exit,0.010419999999950857,0.0891360136864915,False,True,1800,4.796715979419929,0.950335441296917,-0.6272062201353601,-2.9826432317229266,-1.0157485800664867,0.4210526315791473,0.2999999999997449,10.5
nzdusd_rsi2_m15_usd100000_smaller_stop_and_time_confirmed_rebound,2017-12-08T15:45:00+00:00,2017-12-08T17:30:00+00:00,22412,signal_exit,-0.24664000000004666,-2.1152658662096626,False,False,6300,6.922430689872893,1.282952499188597,-0.16408327201689965,-0.19161581955592197,0.070914225363275,0.14473684210533813,0.49999999999994493,15.75
nzdusd_rsi2_m15_usd100000_smaller_stop_and_time_confirmed_rebound,2017-12-11T11:30:00+00:00,2017-12-11T12:00:00+00:00,22487,signal_exit,0.6207599999999867,5.369896193771511,False,True,1800,7.394332115651238,1.2137192176011558,2.2319403415281567,7.298030440788951,-1.3074785735996413,0.4025974025973333,0.40000000000040004,11.5
nzdusd_rsi2_m15_usd100000_smaller_stop_and_time_confirmed_rebound,2017-12-12T12:30:00+00:00,2017-12-12T13:30:00+00:00,22582,signal_exit,-0.3495000000000857,-3.0391304347833534,False,False,3600,5.223722717442008,0.973241017237695,2.0715124451219546,7.792989997303143,-0.23916022743607657,0.46511627906967135,0.40000000000040004,12.5
nzdusd_rsi2_m15_usd100000_smaller_stop_and_time_confirmed_rebound,2017-12-12T14:45:00+00:00,2017-12-12T16:00:00+00:00,22591,stop,-1.5634042990101173,-13.583008679497109,True,False,4500,5.4726946090796,1.0135569690484705,1.8675531894899593,6.016900760598883,-0.9680165881655435,0.8363636363637574,0.49999999999994493,14.75
nzdusd_rsi2_m15_usd100000_smaller_stop_and_time_confirmed_rebound,2017-12-13T10:15:00+00:00,2017-12-13T11:30:00+00:00,22665,signal_exit,0.17982999999993263,1.5623805386614475,False,True,4500,5.163080653148715,1.0118232114921177,1.0774770821002986,2.5835761783508513,-1.6521408255469818,0.5555555555556652,0.49999999999994493,10.25
nzdusd_rsi2_m15_usd100000_smaller_stop_and_time_confirmed_rebound,2017-12-14T10:00:00+00:00,2017-12-14T10:15:00+00:00,22759,signal_exit,0.13118000000001423,1.1486865148862893,False,True,900,5.859911953702783,1.005042723902785,1.4214899836115595,4.08277219637026,-1.447610699736806,0.2999999999999334,0.49999999999994493,10.0
nzdusd_rsi2_m15_usd100000_smaller_stop_and_time_confirmed_rebound,2017-12-14T14:30:00+00:00,2017-12-14T15:00:00+00:00,22777,signal_exit,0.20004999999995596,1.750218722659282,False,True,1800,6.333863646633825,1.0663346897300248,0.9450053649588445,2.270257215621104,-1.49495996073574,0.22448979591825638,0.20000000000020002,14.5
nzdusd_rsi2_m15_usd100000_smaller_stop_and_time_confirmed_rebound,2017-12-15T10:15:00+00:00,2017-12-15T10:45:00+00:00,22854,signal_exit,0.3007199999998691,2.6425307557106246,False,True,1800,5.79978437348016,0.9920681795692049,1.4727834928816783,4.954802950780331,-0.8485572113919874,0.16666666666666666,0.40000000000040004,10.25
nzdusd_rsi2_m15_usd100000_smaller_stop_and_time_confirmed_rebound,2017-12-15T12:30:00+00:00,2017-12-15T13:15:00+00:00,22863,signal_exit,0.2551999999999499,2.2425307557113348,False,True,2700,5.453741546564068,0.9420799341238177,1.4492538230535752,4.943108963462322,-0.7685165010164038,0.288888888889015,0.1999999999990898,12.5
nzdusd_rsi2_m15_usd100000_smaller_stop_and_time_confirmed_rebound,2017-12-15T14:15:00+00:00,2017-12-15T15:15:00+00:00,22870,stop,-1.4966854343532112,-13.151893096249658,True,False,3600,5.347211925980378,0.9301093423054303,1.378648126321955,4.464326967721345,-0.8793342248072546,0.318181818181887,0.2999999999997449,14.25
nzdusd_rsi2_m15_usd100000_smaller_stop_and_time_confirmed_rebound,2017-12-15T15:45:00+00:00,2017-12-15T16:30:00+00:00,22876,stop,-1.551941280139189,-13.625472169790948,True,False,2700,5.434772959347024,0.9464142006073437,1.1632577920906952,2.535776648402492,-1.934951427363346,0.2702702702702541,0.5999999999994898,15.75
nzdusd_rsi2_m15_usd100000_smaller_stop_and_time_confirmed_rebound,2017-12-18T11:00:00+00:00,2017-12-18T13:30:00+00:00,22949,signal_exit,-0.10880000000003537,-0.954385964912591,False,False,9000,4.950578713219439,0.9632202000128416,0.7786794198730086,0.7500707960863725,-1.561693085493149,0.6721311475410194,0.20000000000020002,11.0
nzdusd_rsi2_m15_usd100000_smaller_stop_and_time_confirmed_rebound,2017-12-21T08:30:00+00:00,2017-12-21T09:30:00+00:00,23222,signal_exit,0.5651399999999411,4.948686514885649,False,True,3600,4.669446863742493,0.9152322216793327,0.6069995073386277,0.28351444321273295,-1.7138908741949324,0.8292682926829004,0.49999999999994493,8.5
nzdusd_rsi2_m15_usd100000_smaller_stop_and_time_confirmed_rebound,2017-12-21T11:45:00+00:00,2017-12-21T12:15:00+00:00,23235,signal_exit,0.5308799999999703,4.648686514885904,False,True,1800,4.470614032085872,0.8936167773072549,0.32936193238073336,0.434236630565766,-0.7555669257966574,1.0,0.2999999999997449,11.75
nzdusd_rsi2_m15_usd100000_smaller_stop_and_time_confirmed_rebound,2017-12-22T08:00:00+00:00,2017-12-22T08:30:00+00:00,23311,signal_exit,-0.02930000000001881,-0.25746924428839024,False,False,1800,3.2995067560395914,0.7469404387671124,0.8531138353624711,2.550333812099442,-1.517939791595024,0.5,0.40000000000040004,8.0
nzdusd_rsi2_m15_usd100000_smaller_stop_and_time_confirmed_rebound,2017-12-22T10:00:00+00:00,2017-12-22T10:45:00+00:00,23319,signal_exit,-0.13166000000005812,-1.1559262510979642,False,False,2700,3.4461934595404142,0.7902793218090368,0.753563129983926,2.1700281431521193,-1.5500239155335378,0.09523809523817077,0.49999999999994493,10.0
nzdusd_rsi2_m15_usd100000_smaller_stop_and_time_confirmed_rebound,2017-12-26T11:15:00+00:00,2017-12-26T12:00:00+00:00,23388,stop,-1.0005557295184342,-8.79222960912508,True,False,2700,3.0173801824186475,0.7831467424600755,1.017884293426312,0.7492664027286199,-2.088505268038168,0.5833333333334104,0.5999999999994898,11.25
nzdusd_rsi2_m15_usd100000_smaller_stop_and_time_confirmed_rebound,2017-12-26T12:15:00+00:00,2017-12-26T13:45:00+00:00,23392,signal_exit,0.3125499999999436,2.744073748902051,False,True,5400,3.2002237450556983,0.8319199142820997,0.8540864647731164,0.22140483327138913,-1.4190788738966003,0.7857142857144557,0.5999999999994898,12.25
nzdusd_rsi2_m15_usd100000_smaller_stop_and_time_confirmed_rebound,2017-12-27T15:00:00+00:00,2017-12-27T17:00:00+00:00,23495,signal_exit,0.410739999999983,3.631653404067047,False,True,7200,4.701677449724386,1.1813273003094864,2.230831970127011,6.430422768154945,-1.7536135932537926,0.5740740740741502,0.2999999999997449,15.0
nzdusd_rsi2_m15_usd100000_smaller_stop_and_time_confirmed_rebound,2017-12-28T09:30:00+00:00,2017-12-28T12:00:00+00:00,23565,stop,-1.1502303740239297,-10.206125767736733,True,False,9000,3.7657514375504944,0.972677539040044,2.2165844792299305,7.672770519240744,-0.8157396319351201,0.13793103448289062,0.49999999999994493,9.5
nzdusd_rsi2_m15_usd100000_smaller_stop_and_time_confirmed_rebound,2017-12-29T13:00:00+00:00,2017-12-29T14:30:00+00:00,23669,signal_exit,0.047059999999997715,0.4190560997328381,False,True,5400,3.8625178549535275,1.0009097937839597,2.1502778075196827,8.02369837913835,-0.44249284254215243,0.34375000000006506,0.3999999999992898,13.0
nzdusd_rsi2_m15_usd100000_smaller_stop_and_time_confirmed_rebound,2017-12-29T15:45:00+00:00,2017-12-29T16:00:00+00:00,23680,stop,-1.154072594961519,-10.267549777237711,True,False,900,3.7940951733161348,0.9909893020462329,2.098807827199572,5.377282985118567,-2.148558285833685,0.2857142857142857,0.49999999999994493,15.75
