variant,entry_time,exit_time,entry_index,reason,net_pnl,net_pips,stopped,won,holding_seconds,atr_pips,atr_fast_slow_ratio,ema_slope_atr,distance_from_ema_atr,zscore20,completed_bar_body_fraction,current_quote_spread_pips,current_quote_hour_utc
nzdusd_rsi2_m15_usd100000_smaller_stop_and_time,2017-01-11T12:30:00+00:00,2017-01-11T14:00:00+00:00,604,signal_exit,0.6007999999999118,5.251748251747481,False,True,5400,7.601085661949982,0.9943128826208738,0.24712596495140887,-0.5571871349261039,-1.4626689752750273,-0.32653061224489105,0.5999999999994898,12.5
nzdusd_rsi2_m15_usd100000_smaller_stop_and_time,2017-01-11T15:00:00+00:00,2017-01-11T15:15:00+00:00,614,stop,-2.1774382720888283,-19.016928140513784,True,False,900,8.185101624841666,1.0589004043799897,0.06091034331740753,-1.7342932684399615,-2.6153250271790562,-0.7883211678831998,0.49999999999994493,15.0
nzdusd_rsi2_m15_usd100000_smaller_stop_and_time,2017-01-11T15:30:00+00:00,2017-01-11T16:15:00+00:00,616,target,1.663019118815062,14.486229257970923,False,True,2700,8.56419476835836,1.0983394992358344,-0.050418686331957445,-3.6384963715944036,-2.769872974558536,-0.4086021505376909,0.49999999999994493,15.5
nzdusd_rsi2_m15_usd100000_smaller_stop_and_time,2017-01-13T14:00:00+00:00,2017-01-13T14:00:00+00:00,798,stop,-2.623652199006088,-23.321352880054114,True,False,0,10.271787551137889,1.1625410182039837,0.9448474777419285,2.24361917814938,-2.238828042584103,-0.9121621621621825,0.6000000000006,14.0
nzdusd_rsi2_m15_usd100000_smaller_stop_and_time,2017-01-13T14:15:00+00:00,2017-01-13T14:45:00+00:00,799,stop,-2.838591802479411,-25.20951867210844,True,False,1800,11.26665986891374,1.2524522745337061,0.894136798833701,1.0261619962441055,-3.226130457539557,-0.43388429752066326,0.49999999999994493,14.25
nzdusd_rsi2_m15_usd100000_smaller_stop_and_time,2017-01-13T15:00:00+00:00,2017-01-13T15:30:00+00:00,802,target,2.2755671651189386,20.155599336748793,False,True,1800,11.813539260934137,1.2907764379904088,0.7632826654058601,-1.2910854523634097,-2.5339513474552544,-0.21153846153847386,1.2999999999996348,15.0
nzdusd_rsi2_m15_usd100000_smaller_stop_and_time,2017-01-16T08:00:00+00:00,2017-01-16T09:00:00+00:00,867,stop,-2.0335633682945358,-18.044040535000317,True,False,3600,7.534708821182424,0.8774057598494854,-0.02229905847322844,-0.6923261128543418,-1.0563243181921032,-0.6222222222221728,0.7999999999996898,8.0
nzdusd_rsi2_m15_usd100000_smaller_stop_and_time,2017-01-16T15:45:00+00:00,2017-01-16T17:15:00+00:00,898,signal_exit,-0.1774799999999775,-1.5761989342804394,False,False,5400,5.904495852256436,0.7400783941777497,-0.051230483851828976,0.04211021821398072,0.20177331934040726,-0.7205882352940889,0.5999999999994898,15.75
nzdusd_rsi2_m15_usd100000_smaller_stop_and_time,2017-01-17T13:00:00+00:00,2017-01-17T14:00:00+00:00,979,signal_exit,1.2704799999999863,11.404667863554634,False,True,3600,10.656384019343575,1.2985451350563793,1.8406802600350367,6.845536811408405,-0.29888500290516345,-0.49193548387100383,0.40000000000040004,13.0
nzdusd_rsi2_m15_usd100000_smaller_stop_and_time,2017-01-18T11:30:00+00:00,2017-01-18T13:00:00+00:00,1067,stop,-1.5321076846235258,-13.790348196431374,True,False,5400,5.545084089214483,0.7599799697791814,1.2017238148160991,4.283493828950442,-0.4708961733117873,-0.7346938775510897,0.49999999999994493,11.5
nzdusd_rsi2_m15_usd100000_smaller_stop_and_time,2017-01-18T13:15:00+00:00,2017-01-18T14:30:00+00:00,1074,signal_exit,0.46780000000005006,4.203054806828842,False,True,4500,5.377454744683279,0.7528141622453082,1.0930185896092954,2.619849683204969,-2.2011970849191145,-0.40740740740741505,0.3999999999992898,13.25
nzdusd_rsi2_m15_usd100000_smaller_stop_and_time,2017-01-19T11:15:00+00:00,2017-01-19T12:00:00+00:00,1159,signal_exit,0.5024500000000217,4.506278026906024,False,True,2700,9.290631750183778,1.174658053172538,0.011644006345731794,1.422683914279798,0.48933379034627356,-0.647887323943695,0.49999999999994493,11.25
nzdusd_rsi2_m15_usd100000_smaller_stop_and_time,2017-01-19T14:15:00+00:00,2017-01-19T16:00:00+00:00,1171,target,2.009419914058268,18.00555478546835,False,True,6300,10.348834740404747,1.2650731316969568,0.4639253847628942,-0.0051132251850818985,-2.6823017305548476,-0.8156424581005365,0.49999999999994493,14.25
nzdusd_rsi2_m15_usd100000_smaller_stop_and_time,2017-01-20T08:30:00+00:00,2017-01-20T09:00:00+00:00,1242,stop,-2.313240469345246,-20.76517476970598,True,False,1800,9.234921316630578,1.0649975493860238,0.7924427510372489,0.14449657110838252,-2.372754827942529,-0.8079999999999815,0.0999999999995449,8.5
nzdusd_rsi2_m15_usd100000_smaller_stop_and_time,2017-01-20T09:15:00+00:00,2017-01-20T11:15:00+00:00,1245,stop,-2.4498042581746646,-21.931998730301384,True,False,7200,9.570744217433417,1.0954547910286643,0.619400490757393,-2.221093076700727,-2.5662745950054826,-0.6521739130435167,0.5999999999994898,9.25
nzdusd_rsi2_m15_usd100000_smaller_stop_and_time,2017-01-20T11:30:00+00:00,2017-01-20T12:15:00+00:00,1254,signal_exit,0.6631699999999299,5.915878679749597,False,True,2700,8.957595061584074,1.029097193817998,-0.06413362818973757,-4.475466906282131,-1.4685622501816347,-0.6818181818182392,0.6000000000006,11.5
nzdusd_rsi2_m15_usd100000_smaller_stop_and_time,2017-01-23T08:15:00+00:00,2017-01-23T09:45:00+00:00,1334,stop,-2.1285769106661507,-19.159108106806034,True,False,5400,8.229464044402123,0.9572467488528467,0.8177188065124595,2.469581191837812,-0.7490204411995279,-0.3235294117646963,0.49999999999994493,8.25
nzdusd_rsi2_m15_usd100000_smaller_stop_and_time,2017-01-23T10:00:00+00:00,2017-01-23T12:00:00+00:00,1341,signal_exit,0.6904000000000255,6.2030548068286215,False,True,7200,7.857824563834498,0.922740630424341,0.6512129723550646,0.45901850336399114,-1.7165377816041076,-0.764705882352874,0.2999999999997449,10.0
nzdusd_rsi2_m15_usd100000_smaller_stop_and_time,2017-01-24T07:00:00+00:00,2017-01-24T08:45:00+00:00,1425,signal_exit,0.2538700000000238,2.2933152664862133,False,True,6300,7.110985670827025,0.8896429302871578,1.098700685256992,1.9421451702960628,-1.8111757213993798,-0.4912280701754796,0.49999999999994493,7.0
nzdusd_rsi2_m15_usd100000_smaller_stop_and_time,2017-01-24T11:00:00+00:00,2017-01-24T11:15:00+00:00,1441,target,1.4155815963745653,12.776007187496075,False,True,900,7.640530669560974,0.9589851339240232,0.6144901262754107,0.8360543811415669,-1.8303308736191053,-0.9249999999999965,0.30000000000085514,11.0
nzdusd_rsi2_m15_usd100000_smaller_stop_and_time,2017-01-25T07:00:00+00:00,2017-01-25T07:30:00+00:00,1515,target,1.092580314239785,9.87866468571234,False,True,1800,6.243491474863849,0.8206946970066673,0.4452600714754079,0.2594282700012825,-1.983771630126613,-0.19512195121947917,0.40000000000040004,7.0
nzdusd_rsi2_m15_usd100000_smaller_stop_and_time,2017-01-25T13:30:00+00:00,2017-01-25T14:15:00+00:00,1541,stop,-2.3418982558019144,-21.251345333955665,True,False,2700,9.168231650643536,1.1483624677120887,0.6327561520552837,2.7536664099306756,0.1387167280700548,-0.6640625000000406,0.700000000000145,13.5
nzdusd_rsi2_m15_usd100000_smaller_stop_and_time,2017-01-25T14:30:00+00:00,2017-01-25T15:15:00+00:00,1545,signal_exit,1.3345600000000024,12.088405797101471,False,True,2700,9.145157334809173,1.1395819164730117,0.6479720486653815,0.6739621245419084,-1.6647554911476308,-0.5625000000000072,0.3999999999992898,14.5
nzdusd_rsi2_m15_usd100000_smaller_stop_and_time,2017-01-26T07:15:00+00:00,2017-01-26T08:30:00+00:00,1612,signal_exit,0.811999999999913,7.381818181817391,False,True,4500,6.170347075855143,0.7762858731027026,1.0318846443450609,1.921519262392408,-2.9232663230907234,-0.5675675675675568,0.40000000000040004,7.25
nzdusd_rsi2_m15_usd100000_smaller_stop_and_time,2017-01-26T09:45:00+00:00,2017-01-26T12:00:00+00:00,1622,stop,-1.9456927610926034,-17.672050509469603,True,False,8100,7.577760041292443,0.9448609520933796,0.7100262987025999,0.4438119302589214,-2.4788309466289395,-0.855263157894735,0.2999999999997449,9.75
nzdusd_rsi2_m15_usd100000_smaller_stop_and_time,2017-01-26T12:15:00+00:00,2017-01-26T13:45:00+00:00,1632,signal_exit,0.12045000000001377,1.0900452488689027,False,True,5400,7.320865720534362,0.9247567147427783,0.2937990738764801,-2.4036456328849627,-2.509947101063215,-0.8607594936708799,0.3999999999992898,12.25
nzdusd_rsi2_m15_usd100000_smaller_stop_and_time,2017-01-26T15:45:00+00:00,2017-01-26T17:15:00+00:00,1646,signal_exit,-0.32155000000006023,-2.9099547511317665,False,False,5400,9.198649089825986,1.1227617247207347,-0.32152148954809673,-2.625018409837204,-1.1398938598909576,-0.38461538461534084,0.5999999999994898,15.75
nzdusd_rsi2_m15_usd100000_smaller_stop_and_time,2017-01-30T07:45:00+00:00,2017-01-30T09:45:00+00:00,1803,signal_exit,0.15295999999998564,1.3867633726199966,False,True,7200,5.133852496098909,0.7879018668200062,0.25537420282098966,-1.0828806602467698,-1.9687417832855014,-0.7127659574467142,0.2999999999997449,7.75
nzdusd_rsi2_m15_usd100000_smaller_stop_and_time,2017-01-30T11:45:00+00:00,2017-01-30T12:00:00+00:00,1819,stop,-1.5213882626780524,-13.79318461176838,True,False,900,5.58997399219369,0.8696231575614103,-0.12709468171512847,-1.045312965407475,-0.6918473029648481,-0.3111111111112098,0.40000000000040004,11.75
nzdusd_rsi2_m15_usd100000_smaller_stop_and_time,2017-01-30T12:15:00+00:00,2017-01-30T13:30:00+00:00,1821,signal_exit,0.9150399999999507,8.288405797101001,False,True,4500,6.118395942248667,0.9429133058838604,-0.16432586620917164,-2.6102513819276862,-2.3219317909615333,-0.5263157894737098,0.5999999999994898,12.25
nzdusd_rsi2_m15_usd100000_smaller_stop_and_time,2017-01-31T07:00:00+00:00,2017-01-31T08:00:00+00:00,1892,signal_exit,0.5240199999998716,4.776845943481054,False,True,3600,5.241878252554108,0.828911845675805,0.8590995106963548,2.405373030413266,-2.0493519605232224,-0.7500000000001927,0.5000000000010552,7.0
nzdusd_rsi2_m15_usd100000_smaller_stop_and_time,2017-01-31T08:45:00+00:00,2017-01-31T10:00:00+00:00,1899,signal_exit,0.6242499999999093,5.6801637852585,False,True,4500,6.347393392238685,0.9870244717524409,0.7628349848503688,0.561595192765554,-2.9315977484934983,-0.7317073170731873,0.49999999999994493,8.75
nzdusd_rsi2_m15_usd100000_smaller_stop_and_time,2017-02-01T13:30:00+00:00,2017-02-01T14:45:00+00:00,2014,signal_exit,0.22938999999987938,2.0834695731142543,False,True,4500,8.098435356319946,1.0864306002096749,-0.16412477015763152,-3.0675023169300877,-2.6164317682691087,-0.7587548638132111,0.49999999999994493,13.5
nzdusd_rsi2_m15_usd100000_smaller_stop_and_time,2017-02-02T07:00:00+00:00,2017-02-02T08:30:00+00:00,2084,signal_exit,0.4033499999999336,3.6768459434816188,False,True,5400,7.340943434562927,0.9287359199184847,0.4876011642434441,0.9283118526284461,-2.310011488408969,-0.7702702702704041,0.40000000000040004,7.0
nzdusd_rsi2_m15_usd100000_smaller_stop_and_time,2017-02-02T15:45:00+00:00,2017-02-02T17:30:00+00:00,2119,stop,-2.2535864064627837,-20.59951011391941,True,False,6300,9.035678274510092,1.1037359306663892,0.8683621011698719,2.371838319765848,-1.3117841926804081,-0.49333333333328994,0.2999999999997449,15.75
nzdusd_rsi2_m15_usd100000_smaller_stop_and_time,2017-02-03T11:45:00+00:00,2017-02-03T12:45:00+00:00,2198,signal_exit,0.2183799999999295,1.9834695731147094,False,True,3600,4.949050431316451,0.7455422466341147,-0.6343152620152405,-2.9799243932591817,-1.768486532971095,-0.22807017543874342,0.5000000000010552,11.75
nzdusd_rsi2_m15_usd100000_smaller_stop_and_time,2017-02-06T07:00:00+00:00,2017-02-06T09:00:00+00:00,2273,signal_exit,0.32464000000003934,2.9701738334861787,False,True,7200,4.9373872333126165,0.7323220792725966,0.7721990185009102,1.8641222379669846,-1.9386862092488795,-0.6666666666666666,0.3999999999992898,7.0
nzdusd_rsi2_m15_usd100000_smaller_stop_and_time,2017-02-06T10:30:00+00:00,2017-02-06T11:15:00+00:00,2287,signal_exit,0.6095599999999595,5.571846435100178,False,True,2700,6.3722614613811555,0.9391712291833129,0.5151466154816599,0.6725258840821957,-1.6591964683350482,-0.5111111111113085,0.20000000000020002,10.5
nzdusd_rsi2_m15_usd100000_smaller_stop_and_time,2017-02-06T13:45:00+00:00,2017-02-06T16:30:00+00:00,2300,signal_exit,0.6329599999999813,5.775182481751655,False,True,9900,7.245962313359918,1.0620356269469078,0.3387238594886572,-1.404463865686933,-2.4605775403094987,-0.5259740259740161,0.3999999999992898,13.75
nzdusd_rsi2_m15_usd100000_smaller_stop_and_time,2017-02-07T07:15:00+00:00,2017-02-07T07:30:00+00:00,2369,stop,-2.050386018274158,-18.845459726784537,True,False,900,8.053612216333155,1.1146055999770579,1.4244513373034393,4.302841734251249,-2.0865350128740667,-0.4489795918367393,0.49999999999994493,7.25
nzdusd_rsi2_m15_usd100000_smaller_stop_and_time,2017-02-07T07:45:00+00:00,2017-02-07T08:00:00+00:00,2371,stop,-2.207173333505538,-20.230736329106673,True,False,900,8.698777880409782,1.185266154328349,1.4222113575700142,1.3080475817424235,-2.9401211759279255,-0.7007299270072229,0.6000000000006,7.75
nzdusd_rsi2_m15_usd100000_smaller_stop_and_time,2017-02-07T08:15:00+00:00,2017-02-07T11:15:00+00:00,2373,holding_bars,-2.08168000000006,-19.0281535649,False,False,10800,9.564762560149271,1.27612677538372,1.2996324630995308,-1.0773212898031892,-2.759957790142132,-0.7405405405405237,0.2999999999997449,8.25
nzdusd_rsi2_m15_usd100000_smaller_stop_and_time,2017-02-07T11:30:00+00:00,2017-02-07T12:15:00+00:00,2386,signal_exit,0.7543899999999193,6.876845943481488,False,True,2700,8.498984605541114,1.1204718125453301,0.12410573963580297,-3.5878231579323367,-1.207772915202576,-0.6315789473684825,0.40000000000040004,11.5
nzdusd_rsi2_m15_usd100000_smaller_stop_and_time,2017-02-08T07:15:00+00:00,2017-02-08T08:00:00+00:00,2464,target,1.084213208180583,9.883438543122908,False,True,2700,6.403296299820858,0.8945048066677294,-0.2823010050586074,-3.2960136300490976,-1.837978885260704,-0.4242424242424922,0.700000000000145,7.25
nzdusd_rsi2_m15_usd100000_smaller_stop_and_time,2017-02-08T10:00:00+00:00,2017-02-08T12:15:00+00:00,2475,signal_exit,0.5343199999999435,4.875182481751309,False,True,8100,6.91363809622906,0.959031783563391,-0.4014663121160116,-1.2945040660096947,0.3649292274554612,-0.4680851063828933,0.5999999999994898,10.0
nzdusd_rsi2_m15_usd100000_smaller_stop_and_time,2017-02-09T07:00:00+00:00,2017-02-09T08:00:00+00:00,2559,target,1.2687486620544286,11.409610270273639,False,True,3600,7.05408571067677,0.8985586511916601,-2.4607219528936772,-11.023929412921841,-1.5342052342653152,-0.9310344827585547,0.49999999999994493,7.0
nzdusd_rsi2_m15_usd100000_smaller_stop_and_time,2017-02-09T11:30:00+00:00,2017-02-09T12:45:00+00:00,2577,signal_exit,1.032099999999938,9.29819819819764,False,True,4500,7.792141237351277,0.9836836154698146,-2.024623719618986,-7.858755233247824,-0.3502425818779218,-0.7629629629629661,0.5999999999994898,11.5
nzdusd_rsi2_m15_usd100000_smaller_stop_and_time,2017-02-09T14:45:00+00:00,2017-02-09T14:45:00+00:00,2590,stop,-1.8545376515077616,-16.73770443599063,True,False,0,7.0663251421834445,0.907911585472688,-1.5709249534693064,-5.663891946533891,0.06711762110191778,-0.5849056603771767,0.3999999999992898,14.75
nzdusd_rsi2_m15_usd100000_smaller_stop_and_time,2017-02-09T15:00:00+00:00,2017-02-09T16:15:00+00:00,2591,signal_exit,0.5895199999999872,5.301438848920748,False,True,4500,8.833016203456106,1.0995596213322685,-1.5322498429160072,-9.006985167424393,-3.2599173753844726,-0.9119496855345749,0.5999999999994898,15.0
nzdusd_rsi2_m15_usd100000_smaller_stop_and_time,2017-02-10T08:00:00+00:00,2017-02-10T08:45:00+00:00,2657,target,0.9925970110608319,8.918212138911336,False,True,2700,5.907578666041609,0.8070370874687356,-1.256244149843602,-6.125494967928306,-2.4633822882869287,-0.6764705882353581,0.700000000000145,8.0
nzdusd_rsi2_m15_usd100000_smaller_stop_and_time,2017-02-10T14:15:00+00:00,2017-02-10T14:45:00+00:00,2682,signal_exit,0.6911999999999019,6.204667863553876,False,True,1800,5.724216988721343,0.8198303924190834,-1.2786777701721792,-5.687858909125348,-2.105061065023827,-0.5,0.40000000000040004,14.25
nzdusd_rsi2_m15_usd100000_smaller_stop_and_time,2017-02-13T08:45:00+00:00,2017-02-13T11:00:00+00:00,2750,stop,-1.7146236538332194,-15.447059944443417,True,False,8100,6.372629071320649,0.938244064906386,-0.09157537204238149,-0.9094702796931116,-1.0068017842221468,-0.7656250000000162,0.49999999999994493,8.75
nzdusd_rsi2_m15_usd100000_smaller_stop_and_time,2017-02-13T12:00:00+00:00,2017-02-13T13:15:00+00:00,2763,stop,-1.4751544654550817,-13.253858629425709,True,False,4500,5.228456718127382,0.8011914466089185,-0.2714911825975175,-3.1132367865694963,-1.3919067240362195,-0.6470588235293926,0.5999999999994898,12.0
nzdusd_rsi2_m15_usd100000_smaller_stop_and_time,2017-02-13T13:30:00+00:00,2017-02-13T15:30:00+00:00,2769,stop,-1.5167683200301734,-13.603303318656264,True,False,7200,5.454790672780943,0.843106684509877,-0.5311637630831739,-5.131273803833931,-2.4090835416743785,-0.48120300751875805,0.49999999999994493,13.5
nzdusd_rsi2_m15_usd100000_smaller_stop_and_time,2017-02-13T15:45:00+00:00,2017-02-13T16:00:00+00:00,2778,target,1.0573707983282188,9.466166502490767,False,True,900,6.1783383989626,0.9477045783940053,-0.9554217030103348,-7.013999537572626,-1.9986081674839538,-0.749999999999923,0.700000000000145,15.75
nzdusd_rsi2_m15_usd100000_smaller_stop_and_time,2017-02-14T07:45:00+00:00,2017-02-14T08:45:00+00:00,2838,signal_exit,0.378759999999961,3.4030548068280413,False,True,3600,5.80598844534602,0.9816066557371232,-0.4036394378044783,-1.7301641655655458,-0.4145344272810046,-0.11864406779661654,0.49999999999994493,7.75
nzdusd_rsi2_m15_usd100000_smaller_stop_and_time,2017-02-14T13:15:00+00:00,2017-02-14T13:15:00+00:00,2860,stop,-1.4390502166608243,-12.941099070690866,True,False,0,5.171268959805441,0.8894852588843711,-0.24747606323022858,-0.5322648920396065,0.31555968326953326,-0.4603174603174659,0.40000000000040004,13.25
nzdusd_rsi2_m15_usd100000_smaller_stop_and_time,2017-02-14T14:00:00+00:00,2017-02-14T15:00:00+00:00,2863,stop,-1.7320161505705478,-15.54772127980743,True,False,3600,6.426194571680871,1.0725955566375343,-0.21543867437155065,-1.73423091845455,-1.323448482627055,-0.7045454545454086,0.49999999999994493,14.0
nzdusd_rsi2_m15_usd100000_smaller_stop_and_time,2017-02-14T15:15:00+00:00,2017-02-14T15:30:00+00:00,2868,stop,-2.141040589883975,-19.21939488226189,True,False,900,8.112031372908403,1.2964190724401115,-0.20403203584917937,-2.63276753283973,-2.7291839784925513,-0.3234323432343196,0.7999999999996898,15.25
nzdusd_rsi2_m15_usd100000_smaller_stop_and_time,2017-02-14T15:45:00+00:00,2017-02-14T18:30:00+00:00,2870,signal_exit,1.3679999999999515,12.21428571428528,False,True,9900,9.608843377660808,1.4742629257131987,-0.2743662714116369,-7.413005511149874,-3.543870623055298,-0.9194915254237198,0.49999999999994493,15.75
nzdusd_rsi2_m15_usd100000_smaller_stop_and_time,2017-02-15T10:45:00+00:00,2017-02-15T11:30:00+00:00,2943,signal_exit,0.08989999999991855,0.8062780269050991,False,True,2700,5.927514369487582,0.97726616970953,-0.11236898406341961,-1.0913828481515595,-1.264304308062558,-0.7727272727272957,0.49999999999994493,10.75
nzdusd_rsi2_m15_usd100000_smaller_stop_and_time,2017-02-15T13:30:00+00:00,2017-02-15T13:30:00+00:00,2954,stop,-1.5461973231289954,-13.879688717495469,True,False,0,4.992178290524889,0.8505682692543153,-0.050364604584480804,-0.4822753431841728,-0.545337552449292,-0.46341463414637446,1.7000000000000348,13.5
nzdusd_rsi2_m15_usd100000_smaller_stop_and_time,2017-02-15T13:45:00+00:00,2017-02-15T14:30:00+00:00,2955,target,1.1958759896354618,10.69656520246388,False,True,2700,6.742736984058832,1.1025865861859299,-0.0885335219408592,-4.424685508291322,-3.6791495129535945,-0.8305084745762903,0.6000000000006,13.75
nzdusd_rsi2_m15_usd100000_smaller_stop_and_time,2017-02-16T07:00:00+00:00,2017-02-16T08:00:00+00:00,3022,signal_exit,0.3207599999999673,2.894945848375156,False,True,3600,5.822969652390547,0.87374230998859,1.1706426772567036,3.1404229193804873,-1.8992235807686568,-0.018518518518434758,0.5999999999994898,7.0
nzdusd_rsi2_m15_usd100000_smaller_stop_and_time,2017-02-16T10:15:00+00:00,2017-02-16T12:30:00+00:00,3035,signal_exit,0.5306199999998704,4.793315266484827,False,True,8100,6.4695582513286904,0.9697719169281506,1.019762622701775,3.084045647653495,-0.7892767478420454,-0.6568627450980841,0.6000000000006,10.25
nzdusd_rsi2_m15_usd100000_smaller_stop_and_time,2017-02-16T14:00:00+00:00,2017-02-16T14:45:00+00:00,3050,target,1.23312505854478,11.119252105904236,False,True,2700,7.011339308137121,1.0457564786493443,0.8479569766564625,0.6602144191841909,-2.434957090894656,-0.8068181818181761,0.700000000000145,14.0
nzdusd_rsi2_m15_usd100000_smaller_stop_and_time,2017-02-17T07:30:00+00:00,2017-02-17T08:45:00+00:00,3118,signal_exit,0.36712000000001166,3.301438848920968,False,True,4500,5.569024373844465,0.8762044443092442,-0.17688970164052886,-2.9926773921446466,-2.4498822143538357,-0.7968750000000487,0.7999999999996898,7.5
nzdusd_rsi2_m15_usd100000_smaller_stop_and_time,2017-02-17T15:30:00+00:00,2017-02-17T18:15:00+00:00,3150,signal_exit,-0.05531000000004066,-0.4969451931719736,False,False,9900,6.494370079643569,1.0179773208937255,-0.5267487611734467,-3.011434302095586,-2.6262601720570475,-0.5982142857143335,0.49999999999994493,15.5
nzdusd_rsi2_m15_usd100000_smaller_stop_and_time,2017-02-21T07:30:00+00:00,2017-02-21T08:30:00+00:00,3300,stop,-1.229344887940416,-10.995929230236278,True,False,3600,4.053510232291387,0.9112505215363133,-1.4914282293245729,-6.69232061109217,-1.597259290893873,-0.9047619047619719,0.700000000000145,7.5
nzdusd_rsi2_m15_usd100000_smaller_stop_and_time,2017-02-21T08:45:00+00:00,2017-02-21T11:45:00+00:00,3305,holding_bars,-0.2896000000000896,-2.585714285715086,False,False,10800,4.598242872534838,1.0181121190983258,-1.5501469566232318,-9.118534923757371,-2.9123397776089086,-0.8888888888889231,0.49999999999994493,8.75
nzdusd_rsi2_m15_usd100000_smaller_stop_and_time,2017-02-21T13:45:00+00:00,2017-02-21T14:15:00+00:00,3325,signal_exit,0.5391999999999932,4.814285714285654,False,True,1800,4.787402380978412,1.0409095539910045,-1.9087333590239917,-7.9764109160775565,-0.9842930198302489,-0.7931034482760468,0.49999999999994493,13.75
nzdusd_rsi2_m15_usd100000_smaller_stop_and_time,2017-02-22T12:15:00+00:00,2017-02-22T15:15:00+00:00,3412,holding_bars,-0.5571200000001093,-4.992114695341481,False,False,10800,5.436977112869208,1.1373146846737776,-0.0833078028049856,-1.0642110181403008,-1.200133035036616,-0.46874999999988615,0.49999999999994493,12.25
nzdusd_rsi2_m15_usd100000_smaller_stop_and_time,2017-02-24T11:15:00+00:00,2017-02-24T12:15:00+00:00,3595,stop,-1.4433698380601512,-13.026803592600642,True,False,3600,5.110874720488125,0.9405591256723336,0.9639083741755203,1.2720731382094346,-2.9811019692462057,-0.8316831683168208,0.5999999999994898,11.25
nzdusd_rsi2_m15_usd100000_smaller_stop_and_time,2017-02-24T14:15:00+00:00,2017-02-24T15:30:00+00:00,3607,signal_exit,0.6546999999999306,5.898198198197572,False,True,4500,6.695209787380271,1.1781619156957663,0.4679510050999658,-1.4967847874464586,-1.7156247540924208,-0.6413043478261198,0.5999999999994898,14.25
nzdusd_rsi2_m15_usd100000_smaller_stop_and_time,2017-02-27T07:45:00+00:00,2017-02-27T08:15:00+00:00,3673,signal_exit,0.4659999999999267,4.198198198197538,False,True,1800,4.611617120718084,0.859677925427548,-0.20859315501165288,-0.6721538497610412,-0.012705307682609973,-0.3030303030303234,0.6000000000006,7.75
nzdusd_rsi2_m15_usd100000_smaller_stop_and_time,2017-02-27T10:00:00+00:00,2017-02-27T12:00:00+00:00,3682,signal_exit,-0.7888300000000338,-7.100180018002105,False,False,7200,5.57570334387805,1.0212362556010717,-0.005146325932802761,-0.9526866894844052,-1.5415692709605628,-0.7410714285714197,0.49999999999994493,10.0
nzdusd_rsi2_m15_usd100000_smaller_stop_and_time,2017-02-28T07:30:00+00:00,2017-02-28T09:15:00+00:00,3765,signal_exit,0.6562399999999304,5.901438848920238,False,True,6300,4.912554950170434,0.9291954787263196,-0.4840340636120542,-2.2797336693043717,-0.5469286599025106,-0.40229885057465103,0.49999999999994493,7.5
nzdusd_rsi2_m15_usd100000_smaller_stop_and_time,2017-03-01T07:15:00+00:00,2017-03-01T08:45:00+00:00,3859,signal_exit,1.4522799999998428,12.920640569393619,False,True,5400,9.532637290801452,1.3538108026731948,-1.536796833053691,-10.840310635101785,-2.5049230555519064,-0.7443181818181761,0.700000000000145,7.25
nzdusd_rsi2_m15_usd100000_smaller_stop_and_time,2017-03-01T11:30:00+00:00,2017-03-01T13:15:00+00:00,3876,signal_exit,0.3507599999999893,3.1206405693949226,False,True,6300,9.078048021935638,1.2318544185280103,-1.782627060972602,-8.592362154375708,-1.298600157278253,-0.48717948717954557,0.700000000000145,11.5
nzdusd_rsi2_m15_usd100000_smaller_stop_and_time,2017-03-02T07:00:00+00:00,2017-03-02T07:30:00+00:00,3950,signal_exit,0.889309999999905,7.919056099732012,False,True,1800,6.780410369204097,0.8862689994376,-0.7364073046292187,-4.428063443999115,-2.5352400414724228,-0.7011494252873255,0.9999999999998899,7.0
nzdusd_rsi2_m15_usd100000_smaller_stop_and_time,2017-03-02T08:30:00+00:00,2017-03-02T10:45:00+00:00,3956,signal_exit,-0.4810000000000938,-4.279359430605816,False,False,8100,7.759734689331232,1.0020540293035276,-0.7557870094317349,-5.644203711978566,-3.2567010044502775,-0.9494949494949546,0.700000000000145,8.5
nzdusd_rsi2_m15_usd100000_smaller_stop_and_time,2017-03-02T12:15:00+00:00,2017-03-02T14:00:00+00:00,3971,stop,-1.867791387552424,-16.573126775088056,True,False,6300,6.999251941226192,0.9184916053120802,-1.2133060096246957,-6.736353882919365,-1.2377284421880335,-0.7662337662338018,0.40000000000040004,12.25
nzdusd_rsi2_m15_usd100000_smaller_stop_and_time,2017-03-02T14:15:00+00:00,2017-03-02T17:00:00+00:00,3979,stop,-1.9880655430773135,-17.60908364107452,True,False,9900,7.518802227977173,0.9827451214476005,-1.5115685340512697,-8.428158009465545,-2.6179437977020132,-0.7230769230769809,0.40000000000040004,14.25
nzdusd_rsi2_m15_usd100000_smaller_stop_and_time,2017-03-03T07:45:00+00:00,2017-03-03T09:15:00+00:00,4047,signal_exit,0.43672000000000566,3.8409850483729606,False,True,5400,6.553282967687869,0.9141817761337722,-2.2409408339606336,-9.441521244706092,-1.8416444447714344,-0.791666666666551,0.3999999999992898,7.75
nzdusd_rsi2_m15_usd100000_smaller_stop_and_time,2017-03-03T11:00:00+00:00,2017-03-03T12:45:00+00:00,4060,signal_exit,0.0731199999998941,0.6425307557108444,False,True,6300,6.202133532881907,0.8795730077545396,-2.2168312344047227,-9.531790865109185,-1.6574838600844095,-0.644736842105265,0.49999999999994493,11.0
nzdusd_rsi2_m15_usd100000_smaller_stop_and_time,2017-03-03T14:30:00+00:00,2017-03-03T17:30:00+00:00,4074,holding_bars,-1.3390000000000013,-11.755926251097465,False,False,10800,7.736888698321776,1.0768309844716526,-1.9862376967386999,-8.792635021495876,-1.190004965291091,-0.9452054794520767,0.49999999999994493,14.5
nzdusd_rsi2_m15_usd100000_smaller_stop_and_time,2017-03-06T10:30:00+00:00,2017-03-06T12:45:00+00:00,4150,signal_exit,-0.3138000000001138,-2.7574692442892252,False,False,8100,7.204190862990628,0.9980405173982342,-1.0563449312432351,-3.9173073010846933,-0.20104701499822242,-0.8629032258063614,0.49999999999994493,10.5
nzdusd_rsi2_m15_usd100000_smaller_stop_and_time,2017-03-06T14:45:00+00:00,2017-03-06T17:45:00+00:00,4167,holding_bars,-1.5806100000000507,-13.852848378615695,False,False,10800,6.4843268184616605,0.9331944055567015,-0.853806754259539,-5.677297745028979,-2.708448221973287,-0.7834394904458499,0.49999999999994493,14.75
nzdusd_rsi2_m15_usd100000_smaller_stop_and_time,2017-03-07T07:30:00+00:00,2017-03-07T07:45:00+00:00,4232,signal_exit,0.9990999999998679,8.748686514885007,False,True,900,6.7653989515595985,1.03765980569062,-0.8535573819327978,-4.065781554074982,-1.4995698166946854,-0.37662337662336914,0.6000000000006,7.5
nzdusd_rsi2_m15_usd100000_smaller_stop_and_time,2017-03-07T09:00:00+00:00,2017-03-07T10:45:00+00:00,4238,signal_exit,0.5442499999999181,4.75327510916959,False,True,6300,7.903538644078204,1.1731121800395996,-0.8504244641646636,-5.902615840146126,-2.0735297638526604,-0.1880341880341856,0.49999999999994493,9.0
nzdusd_rsi2_m15_usd100000_smaller_stop_and_time,2017-03-07T13:15:00+00:00,2017-03-07T14:00:00+00:00,4255,signal_exit,0.8534000000000366,7.453275109170625,False,True,2700,7.069765503234396,1.0437416775144814,-1.1714355079690564,-5.424101424369793,-1.4780101462940975,-0.6166666666665895,0.5999999999994898,13.25
nzdusd_rsi2_m15_usd100000_smaller_stop_and_time,2017-03-07T14:45:00+00:00,2017-03-07T16:00:00+00:00,4261,signal_exit,0.1437999999998349,1.25479930191828,False,True,4500,7.389735364689297,1.078304748492834,-1.159427916790999,-5.110287017257822,-1.5368997170074585,-0.9230769230769887,0.30000000000085514,14.75
nzdusd_rsi2_m15_usd100000_smaller_stop_and_time,2017-03-08T08:00:00+00:00,2017-03-08T08:15:00+00:00,4327,stop,-1.7725374230950552,-15.41336889647874,True,False,900,6.387119230848012,1.0053875951967235,-1.1575254942292361,-5.941501143499413,-2.1677295391965075,-0.6842105263157587,0.49999999999994493,8.0
nzdusd_rsi2_m15_usd100000_smaller_stop_and_time,2017-03-08T08:30:00+00:00,2017-03-08T11:30:00+00:00,4329,holding_bars,-0.46473000000007303,-4.037619461338601,False,False,10800,7.447567091904692,1.1434212067743506,-1.1579884353262937,-6.9749920948024,-2.287829057587745,-0.021897810218959764,0.700000000000145,8.5
nzdusd_rsi2_m15_usd100000_smaller_stop_and_time,2017-03-08T12:30:00+00:00,2017-03-08T13:15:00+00:00,4345,stop,-1.7815882124425118,-15.465175455230137,True,False,2700,6.464532172058932,0.99280710765886,-1.3877726652175706,-6.652478971866985,-1.28771824055393,-0.43333333333336416,0.40000000000040004,12.5
nzdusd_rsi2_m15_usd100000_smaller_stop_and_time,2017-03-08T13:30:00+00:00,2017-03-08T16:30:00+00:00,4349,holding_bars,-1.8963800000000952,-16.433102253033752,False,False,10800,7.173060791497663,1.0855639608812415,-1.5257555757149592,-7.805199268026452,-2.4963483988189776,-0.2617801047120175,0.40000000000040004,13.5
nzdusd_rsi2_m15_usd100000_smaller_stop_and_time,2017-03-09T15:30:00+00:00,2017-03-09T16:45:00+00:00,4450,signal_exit,0.6576599999999571,5.674374460741649,False,True,4500,7.1847218384842195,1.1630075553848538,-1.2980643464364592,-6.038160187782401,-1.558789916572253,-0.7272727272725805,0.3999999999992898,15.5
nzdusd_rsi2_m15_usd100000_smaller_stop_and_time,2017-03-13T07:45:00+00:00,2017-03-13T08:45:00+00:00,4604,signal_exit,0.15742999999990945,1.365394622722545,False,True,3600,5.775198506028868,0.9419736751272227,0.5751826617255775,1.6238090536676326,-1.201706649673961,-0.7349397590361462,0.5999999999994898,7.75
nzdusd_rsi2_m15_usd100000_smaller_stop_and_time,2017-03-13T10:30:00+00:00,2017-03-13T11:30:00+00:00,4615,signal_exit,0.2727299999998968,2.365394622722435,False,True,3600,5.53679383296423,0.9169973793791172,0.6352736543045675,1.534992429001997,-1.2585737602806475,-0.37254901960788156,0.40000000000040004,10.5
nzdusd_rsi2_m15_usd100000_smaller_stop_and_time,2017-03-13T12:45:00+00:00,2017-03-13T15:30:00+00:00,4624,signal_exit,0.20389999999995553,1.7668977469666858,False,True,9900,5.54874733486292,0.925223176783973,0.4916971783275086,0.5692057873469913,-1.815334533361125,-0.3859649122806505,0.2999999999997449,12.75
nzdusd_rsi2_m15_usd100000_smaller_stop_and_time,2017-03-14T07:15:00+00:00,2017-03-14T07:45:00+00:00,4695,stop,-1.3284426289112115,-11.481785902430522,True,False,1800,4.526588716124689,0.8515517445700553,-0.2152019260142193,-2.2961423497268627,-2.4906363092975194,-0.7777777777777386,0.2999999999997449,7.25
nzdusd_rsi2_m15_usd100000_smaller_stop_and_time,2017-03-14T08:00:00+00:00,2017-03-14T08:30:00+00:00,4698,target,0.8248735017491549,7.123259946020335,False,True,1800,4.925187831386955,0.919873931846908,-0.2922785067457085,-4.206894106664852,-2.587029561171768,-0.6307692307692255,0.6000000000006,8.0
nzdusd_rsi2_m15_usd100000_smaller_stop_and_time,2017-03-16T09:00:00+00:00,2017-03-16T09:30:00+00:00,4888,signal_exit,0.9077400000000301,7.948686514886427,False,True,1800,8.429654626544169,1.1322576618330853,1.2037389164991767,4.197135252621495,-0.19994859541419022,-0.6521739130435972,0.49999999999994493,9.0
nzdusd_rsi2_m15_usd100000_smaller_stop_and_time,2017-03-16T11:00:00+00:00,2017-03-16T14:00:00+00:00,4896,holding_bars,-1.3554399999999491,-11.848251748251302,False,False,10800,8.498141448673257,1.1282387457406409,1.14931843011295,2.386443827809372,-1.9426484261564188,-0.5984848484848218,0.3999999999992898,11.0
nzdusd_rsi2_m15_usd100000_smaller_stop_and_time,2017-03-16T14:15:00+00:00,2017-03-16T16:15:00+00:00,4909,signal_exit,0.739719999999922,6.4547993019190395,False,True,7200,8.781156859038248,1.136759782219507,0.6941111229666614,0.14776626429765954,-1.842391556607483,-0.5277777777778577,0.40000000000040004,14.25
nzdusd_rsi2_m15_usd100000_smaller_stop_and_time,2017-03-17T07:30:00+00:00,2017-03-17T08:30:00+00:00,4975,target,0.9451178803359791,8.254304631755275,False,True,3600,5.450514761292805,0.84488847632891,0.5155601008509945,0.23576624678074454,-2.231775436889959,-0.8073394495412508,0.49999999999994493,7.5
nzdusd_rsi2_m15_usd100000_smaller_stop_and_time,2017-03-17T15:00:00+00:00,2017-03-17T16:15:00+00:00,5005,signal_exit,0.5074199999999475,4.44715162138429,False,True,4500,6.43814296702846,0.992066121558082,1.063628280813909,3.1293965698525246,-2.0000722658143624,-0.7586206896551329,0.3999999999992898,15.0
nzdusd_rsi2_m15_usd100000_smaller_stop_and_time,2017-03-20T09:00:00+00:00,2017-03-20T10:15:00+00:00,5072,signal_exit,-0.12047999999998354,-1.0605633802815453,False,False,4500,7.014753569270281,1.124122063141253,1.5940792364968102,4.5515996776922085,-1.59375266339868,-0.7931034482758554,0.49999999999994493,9.0
nzdusd_rsi2_m15_usd100000_smaller_stop_and_time,2017-03-20T12:00:00+00:00,2017-03-20T13:45:00+00:00,5084,signal_exit,0.47023999999985056,4.139436619716994,False,True,6300,5.560458699660978,0.9202923267073726,1.3536680642130299,3.8492011515519473,-0.8465375148416919,-0.5283018867926426,0.30000000000085514,12.0
nzdusd_rsi2_m15_usd100000_smaller_stop_and_time,2017-03-21T12:15:00+00:00,2017-03-21T13:30:00+00:00,5177,signal_exit,0.20788000000003057,1.8347749338043298,False,True,4500,5.892089330744693,1.023101668797212,0.7171885676509491,3.3814947223726732,0.34388573996393673,-0.44444444444460107,0.40000000000040004,12.25
nzdusd_rsi2_m15_usd100000_smaller_stop_and_time,2017-03-21T15:30:00+00:00,2017-03-21T18:00:00+00:00,5190,stop,-2.2762084514757213,-20.090101072159943,True,False,9000,8.712438002981886,1.388535009694246,1.0412476602102478,3.351185726111774,-0.34446671784703187,-0.6132075471697728,0.49999999999994493,15.5
nzdusd_rsi2_m15_usd100000_smaller_stop_and_time,2017-03-22T09:00:00+00:00,2017-03-22T11:30:00+00:00,5256,signal_exit,0.03897999999992313,0.34253075571109953,False,True,9000,7.173763750892777,1.1378354365063168,-0.09040955311405068,-2.1249997410370582,-2.864017608665565,-0.7672413793103613,0.40000000000040004,9.0
nzdusd_rsi2_m15_usd100000_smaller_stop_and_time,2017-03-23T08:00:00+00:00,2017-03-23T09:30:00+00:00,5346,stop,-1.5265119388174782,-13.44944439486765,True,False,5400,5.393664928711345,0.8737160395031978,0.12175075822715789,0.5677750131005834,-0.0033913333369346007,-0.2100000000000433,0.49999999999994493,8.0
nzdusd_rsi2_m15_usd100000_smaller_stop_and_time,2017-03-23T10:00:00+00:00,2017-03-23T11:00:00+00:00,5354,signal_exit,0.9028899999999037,7.940985048372064,False,True,3600,5.929970245374977,0.9543905591217177,0.12683078818221094,-1.7187332972052354,-2.557506657791431,-0.8000000000001212,0.30000000000085514,10.0
nzdusd_rsi2_m15_usd100000_smaller_stop_and_time,2017-03-23T15:30:00+00:00,2017-03-23T18:30:00+00:00,5376,holding_bars,-0.9838400000000902,-8.660563380282484,False,False,10800,6.431284362740958,1.0315768739426197,0.011860246374612592,-0.7417786140152189,-1.372429856150276,-0.8600000000000821,0.30000000000085514,15.5
nzdusd_rsi2_m15_usd100000_smaller_stop_and_time,2017-03-24T07:00:00+00:00,2017-03-24T07:15:00+00:00,5433,target,0.8296845782321944,7.25883270544352,False,True,900,4.954306991392111,0.8838942095961441,-1.070208394471725,-6.632083290766124,-2.443862530079264,-0.7428571428570567,0.49999999999994493,7.0
nzdusd_rsi2_m15_usd100000_smaller_stop_and_time,2017-03-27T13:45:00+00:00,2017-03-27T15:15:00+00:00,5551,signal_exit,0.12886000000001413,1.1363315696650276,False,True,5400,5.6403868562207675,1.030231203517323,0.8483866285910234,1.4887941898196673,-1.98505470607349,-0.9220779220779877,0.49999999999994493,13.75
nzdusd_rsi2_m15_usd100000_smaller_stop_and_time,2017-03-29T12:00:00+00:00,2017-03-29T12:45:00+00:00,5728,signal_exit,0.32393999999989176,2.8440737489015957,False,True,2700,5.530631893168639,1.042779363641151,-0.3415416465108828,-1.456094896139725,-0.9218362720309012,-0.8536585365854781,0.6000000000006,12.0
nzdusd_rsi2_m15_usd100000_smaller_stop_and_time,2017-03-30T07:30:00+00:00,2017-03-30T08:15:00+00:00,5803,target,0.6941207233067261,6.088778274620404,False,True,2700,4.321582119766029,0.9076191201039107,-0.1754348403512037,-3.2069684087200154,-2.6416850567639334,-0.7222222222222308,0.3999999999992898,7.5
nzdusd_rsi2_m15_usd100000_smaller_stop_and_time,2017-03-30T10:45:00+00:00,2017-03-30T11:30:00+00:00,5816,signal_exit,0.32439999999989166,2.845614035086769,False,True,2700,4.896461408250099,1.0100051078816494,-0.4047365400833018,-2.570345276116907,-1.2836352249891176,-0.4363636363637171,0.40000000000040004,10.75
nzdusd_rsi2_m15_usd100000_smaller_stop_and_time,2017-03-30T15:45:00+00:00,2017-03-30T16:45:00+00:00,5836,stop,-1.705632483975414,-14.987983163228593,True,False,3600,6.215256959469956,1.2085275024829831,-0.14936629691445552,-0.04870658747535391,0.2801274512507522,-0.6190476190476023,0.40000000000040004,15.75
nzdusd_rsi2_m15_usd100000_smaller_stop_and_time,2017-03-31T07:45:00+00:00,2017-03-31T10:45:00+00:00,5897,holding_bars,-0.5205999999999392,-4.5467248908291635,False,False,10800,5.535962064451983,1.0815902819300942,-1.225595075142144,-5.351030849871122,-1.4917529170779016,-0.8265306122447974,0.2999999999997449,7.75
nzdusd_rsi2_m15_usd100000_smaller_stop_and_time,2017-03-31T14:30:00+00:00,2017-03-31T15:00:00+00:00,5924,signal_exit,0.567149999999941,4.95327510916979,False,True,1800,5.605013117813285,1.0915832684248599,-1.0663184924946962,-4.275943130947402,-0.5533623131156475,-0.4477611940297617,0.5999999999994898,14.5
nzdusd_rsi2_m15_usd100000_smaller_stop_and_time,2017-04-03T07:00:00+00:00,2017-04-03T08:00:00+00:00,5986,signal_exit,0.10887999999999137,0.9517482517481762,False,True,3600,4.241694579546101,0.852147312321149,-0.03270949707780828,-2.959178029575667,-1.7523287119271023,-0.300000000000037,0.5999999999994898,7.0
nzdusd_rsi2_m15_usd100000_smaller_stop_and_time,2017-04-03T10:45:00+00:00,2017-04-03T11:30:00+00:00,6001,signal_exit,0.39435999999995996,3.4502187226593173,False,True,2700,4.2684858641493015,0.8695691771798846,-0.49436718390588447,-1.9818594107368652,0.16880913300887093,-0.7021276595743877,0.2999999999997449,10.75
nzdusd_rsi2_m15_usd100000_smaller_stop_and_time,2017-04-05T09:00:00+00:00,2017-04-05T10:45:00+00:00,6176,signal_exit,-0.5437999999999621,-4.745200698079948,False,False,6300,4.2310903365503805,0.9771286379545315,-0.6319179955811096,-2.75735201755811,-0.4885348925176756,-0.907407407407415,0.1999999999990898,9.0
nzdusd_rsi2_m15_usd100000_smaller_stop_and_time,2017-04-05T12:30:00+00:00,2017-04-05T13:15:00+00:00,6190,stop,-1.4624565814971955,-12.750275339992985,True,False,2700,5.053298088479324,1.1437755947410824,-0.5658131254732066,-3.2367327532147145,-0.975755830187609,-0.331578947368429,0.49999999999994493,12.5
nzdusd_rsi2_m15_usd100000_smaller_stop_and_time,2017-04-05T13:30:00+00:00,2017-04-05T16:30:00+00:00,6194,holding_bars,-0.9468500000000453,-8.240644038294564,False,False,10800,5.64376943734532,1.2438124165744622,-0.6734505626047262,-5.817878559455737,-2.854450055993874,-0.7029702970297552,0.5000000000010552,13.5
nzdusd_rsi2_m15_usd100000_smaller_stop_and_time,2017-04-06T07:15:00+00:00,2017-04-06T08:30:00+00:00,6260,signal_exit,-0.0394200000000941,-0.34367916303482215,False,False,4500,5.037830442442775,1.04034832771151,-0.22156212490044985,-1.0183578762825047,-0.24329358651927058,-0.6590909090909435,0.30000000000085514,7.25
nzdusd_rsi2_m15_usd100000_smaller_stop_and_time,2017-04-06T13:45:00+00:00,2017-04-06T16:45:00+00:00,6286,holding_bars,-0.18854000000005217,-1.6452006980807343,False,False,10800,5.584826389282295,1.120097842428035,-0.020029266955905813,-0.597973985167296,-0.732518544669785,-0.8863636363636478,0.49999999999994493,13.75
nzdusd_rsi2_m15_usd100000_smaller_stop_and_time,2017-04-07T10:15:00+00:00,2017-04-07T12:00:00+00:00,6362,signal_exit,-0.11963999999998337,-1.0421602787454998,False,False,6300,4.4688060629966335,1.0044915471646279,-0.09684279779019704,-1.5450384539636124,-1.6645620644689472,-0.4848484848485562,0.49999999999994493,10.25
nzdusd_rsi2_m15_usd100000_smaller_stop_and_time,2017-04-07T13:30:00+00:00,2017-04-07T14:00:00+00:00,6375,target,1.4610365139491766,12.704665338688491,False,True,1800,7.621897886736185,1.5295992104200644,-0.2495527059857996,-4.66064025814468,-2.7248215806419545,-0.8392857142857533,0.40000000000040004,13.5
nzdusd_rsi2_m15_usd100000_smaller_stop_and_time,2017-04-07T15:45:00+00:00,2017-04-07T16:15:00+00:00,6384,signal_exit,0.47790999999984884,4.159355961704516,False,True,1800,6.565535080444824,1.3005044629185323,-0.42568309984674535,-2.921160449758743,-0.9279739534230292,-0.694444444444316,0.49999999999994493,15.75
nzdusd_rsi2_m15_usd100000_smaller_stop_and_time,2017-04-11T07:15:00+00:00,2017-04-11T07:45:00+00:00,6533,signal_exit,0.26039999999994934,2.2623805386615925,False,True,1800,4.07635397430878,0.9623577705411014,-0.2778849785104977,-1.5285557028975307,-0.5082271209629042,-0.12499999999988436,0.49999999999994493,7.25
nzdusd_rsi2_m15_usd100000_smaller_stop_and_time,2017-04-11T14:15:00+00:00,2017-04-11T14:45:00+00:00,6561,target,0.6278521498687468,5.4501054676106495,False,True,1800,3.9931082893612446,0.9612741037585273,-0.49975419965978385,-3.734966786267558,-3.1746191144866254,-0.6129032258064632,0.40000000000040004,14.25
nzdusd_rsi2_m15_usd100000_smaller_stop_and_time,2017-04-12T07:00:00+00:00,2017-04-12T09:45:00+00:00,6624,stop,-1.3177059916497287,-11.438420066403895,True,False,9900,4.401154477646263,1.0370146371433853,-0.4232782409846776,-2.5879079764779918,-0.7696228969536784,-0.9487179487180399,0.49999999999994493,7.0
nzdusd_rsi2_m15_usd100000_smaller_stop_and_time,2017-04-12T10:00:00+00:00,2017-04-12T10:30:00+00:00,6636,stop,-1.3121533636488552,-11.380341401984866,True,False,1800,4.4228680123534865,1.0344241750438021,-0.526191275212345,-4.441219711920288,-1.913287871900656,-0.5833333333334104,0.40000000000040004,10.0
nzdusd_rsi2_m15_usd100000_smaller_stop_and_time,2017-04-12T10:45:00+00:00,2017-04-12T12:15:00+00:00,6639,signal_exit,-0.3732500000001091,-3.2316017316026757,False,False,5400,4.652165095896731,1.07775875878431,-0.6526744854274877,-6.052050705949538,-1.9485187935913837,0.019230769230896512,0.49999999999994493,10.75
nzdusd_rsi2_m15_usd100000_smaller_stop_and_time,2017-04-18T08:45:00+00:00,2017-04-18T09:30:00+00:00,6987,signal_exit,0.5074199999999475,4.44715162138429,False,True,2700,4.522507925162082,0.990447384781486,0.2393263639768802,-0.14578780318575804,-1.4259816742010363,-0.5813953488372393,0.5999999999994898,8.75
nzdusd_rsi2_m15_usd100000_smaller_stop_and_time,2017-04-18T14:15:00+00:00,2017-04-18T15:45:00+00:00,7009,signal_exit,0.6762599999999288,5.942530755711148,False,True,5400,5.200688683841238,1.0966927061109768,0.7956196015714241,2.419371624740074,-0.7758799959031335,-0.5591397849462071,0.49999999999994493,14.25
nzdusd_rsi2_m15_usd100000_smaller_stop_and_time,2017-04-19T07:00:00+00:00,2017-04-19T08:15:00+00:00,7072,stop,-1.3420913036333864,-11.79342094581183,True,False,4500,4.567975850761463,1.0006486685261484,0.9673960923260567,0.4027376063840545,-2.6314199791098596,-0.46875000000014094,0.49999999999994493,7.0
nzdusd_rsi2_m15_usd100000_smaller_stop_and_time,2017-04-19T08:30:00+00:00,2017-04-19T10:45:00+00:00,7078,signal_exit,-0.04040000000009353,-0.3543859649131011,False,False,8100,5.06623204248416,1.0896482841533406,0.5968622316154704,-1.9378954939155122,-1.9760161870418207,-0.5846153846154214,0.30000000000085514,8.5
nzdusd_rsi2_m15_usd100000_smaller_stop_and_time,2017-04-19T14:00:00+00:00,2017-04-19T15:45:00+00:00,7100,stop,-1.4154098188109465,-12.415875603604793,True,False,6300,4.930744819346393,1.05416756294126,-0.37812626823438433,-2.8617019782830657,-2.4261622570826122,-0.7945205479450784,0.3999999999992898,14.0
nzdusd_rsi2_m15_usd100000_smaller_stop_and_time,2017-04-20T07:45:00+00:00,2017-04-20T08:15:00+00:00,7168,stop,-1.607216625211703,-14.148033672638231,True,False,1800,5.743735146177869,1.1543914385643632,0.8027051835486322,2.602153695166617,-0.5385679723849708,-0.45871559633031167,0.49999999999994493,7.75
nzdusd_rsi2_m15_usd100000_smaller_stop_and_time,2017-04-20T08:30:00+00:00,2017-04-20T09:00:00+00:00,7171,stop,-1.601936880479789,-14.076773993671257,True,False,1800,5.759652374691147,1.1516641519061612,0.7308905432364029,0.36554734449538917,-2.2368698020046054,0.0,0.40000000000040004,8.5
nzdusd_rsi2_m15_usd100000_smaller_stop_and_time,2017-04-20T09:15:00+00:00,2017-04-20T11:15:00+00:00,7174,signal_exit,0.005019999999952118,0.04407374890212571,False,True,7200,6.220938872884916,1.2218136972505889,0.6180948332266778,-1.1787974931727738,-2.1908317397609407,-0.25210084033612506,0.5999999999994898,9.25
nzdusd_rsi2_m15_usd100000_smaller_stop_and_time,2017-04-20T13:00:00+00:00,2017-04-20T15:00:00+00:00,7189,signal_exit,0.3015999999999954,2.645614035087679,False,True,7200,4.978104058519167,0.9927197392300158,-0.03087692388146743,-1.6490879573508819,-1.2475123278020557,-0.9482758620690117,0.2999999999997449,13.0
nzdusd_rsi2_m15_usd100000_smaller_stop_and_time,2017-04-21T10:15:00+00:00,2017-04-21T12:30:00+00:00,7269,signal_exit,0.09665999999991665,0.8471516213840197,False,True,8100,4.132893188704431,0.8852596148666539,-0.2755013376069671,-2.265535504681397,-2.0227764324204083,-0.7317073170730518,0.3999999999992898,10.25
nzdusd_rsi2_m15_usd100000_smaller_stop_and_time,2017-04-21T14:15:00+00:00,2017-04-21T15:30:00+00:00,7285,signal_exit,-0.14295000000013297,-1.252848378616415,False,False,4500,4.309234152487508,0.935390388456739,-0.30403770491056364,-1.2011730012668294,0.1324389435238043,-0.2033898305084969,0.40000000000040004,14.25
nzdusd_rsi2_m15_usd100000_smaller_stop_and_time,2017-04-24T07:00:00+00:00,2017-04-24T09:00:00+00:00,7347,signal_exit,-0.09767000000008702,-0.8590149516278542,False,False,7200,4.302488487051772,0.9122185055976435,0.6610492799094712,1.8412795789980851,-1.1197343852693071,-0.09090909090893035,0.7999999999996898,7.0
nzdusd_rsi2_m15_usd100000_smaller_stop_and_time,2017-04-24T10:45:00+00:00,2017-04-24T12:45:00+00:00,7362,signal_exit,-0.08630000000001253,-0.7590149516271991,False,False,7200,5.041795743942349,1.0500291442883773,0.6278534429395207,1.6893072496698254,-0.548530047045009,-0.5135135135134526,0.2999999999997449,10.75
nzdusd_rsi2_m15_usd100000_smaller_stop_and_time,2017-04-24T15:45:00+00:00,2017-04-24T16:00:00+00:00,7382,stop,-1.2604204392983234,-11.066026683918555,True,False,900,4.2050502164102435,0.902765219363538,0.24097974869025435,-0.5200134269975443,-1.988848958598113,-0.7368421052632194,0.49999999999994493,15.75
nzdusd_rsi2_m15_usd100000_smaller_stop_and_time,2017-04-25T07:15:00+00:00,2017-04-25T07:45:00+00:00,7440,stop,-1.468735465950151,-12.80501713993157,True,False,1800,5.180668988448742,1.2114579290046108,-1.4773690303597315,-11.028789643245476,-3.704271723671267,-0.9238095238095001,0.2999999999997449,7.25
nzdusd_rsi2_m15_usd100000_smaller_stop_and_time,2017-04-25T08:00:00+00:00,2017-04-25T09:15:00+00:00,7443,signal_exit,-0.14255000000000634,-1.240644038294224,False,False,4500,6.037911722894346,1.3597340391954629,-1.7126259732023594,-13.041655428561786,-2.4348290544089592,-0.42028985507243344,0.49999999999994493,8.0
nzdusd_rsi2_m15_usd100000_smaller_stop_and_time,2017-04-25T13:00:00+00:00,2017-04-25T14:15:00+00:00,7463,signal_exit,0.04128999999992239,0.35935596170515566,False,True,4500,5.113661668966154,1.1380174458895191,-2.633821981389993,-10.17081893571431,-0.31397304822514766,-0.7777777777778052,0.49999999999994493,13.0
nzdusd_rsi2_m15_usd100000_smaller_stop_and_time,2017-04-25T15:15:00+00:00,2017-04-25T17:00:00+00:00,7472,signal_exit,-0.6830000000001,-5.939130434783478,False,False,6300,5.382581696161113,1.1730333075434405,-2.313955959689223,-10.28141660359371,-2.2836641684543815,-0.7840909090910065,0.40000000000040004,15.25
nzdusd_rsi2_m15_usd100000_smaller_stop_and_time,2017-04-26T07:00:00+00:00,2017-04-26T08:30:00+00:00,7531,signal_exit,0.3558399999999131,3.0728842832462275,False,True,5400,6.523562991329252,1.2990271071439268,-2.313673358887663,-14.436361386992402,-3.105636391644,-0.932960893854742,0.700000000000145,7.0
nzdusd_rsi2_m15_usd100000_smaller_stop_and_time,2017-04-26T10:45:00+00:00,2017-04-26T11:15:00+00:00,7546,signal_exit,0.2863599999999722,2.4728842832467377,False,True,1800,5.791124029422079,1.1278539107304677,-2.7854186081030097,-11.898097934095953,-0.7875504699954508,-0.26086956521746474,0.40000000000040004,10.75
nzdusd_rsi2_m15_usd100000_smaller_stop_and_time,2017-04-26T11:45:00+00:00,2017-04-26T12:30:00+00:00,7550,stop,-1.749389511951311,-15.093956099666185,True,False,2700,6.284165280204158,1.2017077902000102,-2.8039309621633084,-12.469244864929685,-2.0909420889733843,-0.47183098591546435,0.3999999999992898,11.75
nzdusd_rsi2_m15_usd100000_smaller_stop_and_time,2017-04-26T12:45:00+00:00,2017-04-26T13:15:00+00:00,7554,signal_exit,0.8913399999999314,7.677347114555826,False,True,1800,6.620461385045469,1.243935506856242,-2.8688943141322887,-13.651813142263139,-2.4171371550603955,-0.4883720930232438,0.0999999999995449,12.75
nzdusd_rsi2_m15_usd100000_smaller_stop_and_time,2017-04-26T15:00:00+00:00,2017-04-26T18:00:00+00:00,7563,holding_bars,0.9377799999999777,8.077347114556225,False,True,10800,6.6290421738288385,1.2152882599268802,-2.8115302653346457,-12.67499506382375,-1.4602819835493532,-0.5223880597014752,0.1999999999990898,15.0
nzdusd_rsi2_m15_usd100000_smaller_stop_and_time,2017-04-27T07:45:00+00:00,2017-04-27T08:00:00+00:00,7628,stop,-1.4370808907948547,-12.420751000819832,True,False,900,4.946071265319461,0.9141852582281891,-0.7751645826711492,-3.5524559238239632,-1.694140175619038,-0.49999999999973566,0.3999999999992898,7.75
nzdusd_rsi2_m15_usd100000_smaller_stop_and_time,2017-04-27T08:15:00+00:00,2017-04-27T09:00:00+00:00,7630,stop,-1.5244366579688347,-13.153034149860522,True,False,2700,5.2637043053010055,0.9660846964196133,-0.7681979777762424,-5.318695827527349,-2.845806837746864,-0.6027397260273848,0.49999999999994493,8.25
nzdusd_rsi2_m15_usd100000_smaller_stop_and_time,2017-04-27T09:15:00+00:00,2017-04-27T12:00:00+00:00,7634,stop,-1.5986336266584498,-13.769454148651592,True,False,9900,5.573400631604055,1.014268793838046,-0.8520253430741551,-6.824187549535972,-2.3468282120570243,-0.48571428571434916,0.49999999999994493,9.25
nzdusd_rsi2_m15_usd100000_smaller_stop_and_time,2017-04-27T12:15:00+00:00,2017-04-27T13:00:00+00:00,7646,stop,-1.3630332974731512,-11.719976762451857,True,False,2700,4.650143153367064,0.874365040970803,-1.41553339571113,-8.818729995212085,-1.6948895645885538,-0.7291666666667004,0.2999999999997449,12.25
nzdusd_rsi2_m15_usd100000_smaller_stop_and_time,2017-04-27T13:45:00+00:00,2017-04-27T14:45:00+00:00,7652,target,1.3376876297945546,11.462618935685986,False,True,3600,6.938207496977392,1.2243112775728315,-1.7261646651264242,-11.935326266015307,-2.686034005743851,-0.9520547945205385,0.2999999999997449,13.75
nzdusd_rsi2_m15_usd100000_smaller_stop_and_time,2017-04-28T07:15:00+00:00,2017-04-28T08:00:00+00:00,7719,stop,-1.1691528060174168,-10.05290460892018,True,False,2700,3.81660707660096,0.7378403862410174,-1.0647583525522892,-4.855947684867197,-2.008993974950671,-0.9117647058821032,0.2999999999997449,7.25
nzdusd_rsi2_m15_usd100000_smaller_stop_and_time,2017-04-28T08:15:00+00:00,2017-04-28T09:00:00+00:00,7723,target,0.6619696878526734,5.682143243370587,False,True,2700,4.1494407203976955,0.8029092722501765,-1.0965502744379465,-6.42014533099011,-2.9258668783164326,-0.8840579710145324,0.49999999999994493,8.25
nzdusd_rsi2_m15_usd100000_smaller_stop_and_time,2017-04-28T12:45:00+00:00,2017-04-28T15:00:00+00:00,7741,signal_exit,0.8727199999999078,7.484734133789947,False,True,8100,5.673393356245166,1.072217568730757,-1.1542108811889253,-6.385471492090291,-2.4461938773898826,-0.7629629629629032,0.20000000000020002,12.75
nzdusd_rsi2_m15_usd100000_smaller_stop_and_time,2017-05-02T10:30:00+00:00,2017-05-02T13:30:00+00:00,7911,holding_bars,0.008079999999951404,0.06989619377120591,False,True,10800,5.079657067962582,1.031015546873155,0.9440342057411205,3.1367111101582643,-0.35861799109071735,-0.8624999999999358,0.40000000000040004,10.5
nzdusd_rsi2_m15_usd100000_smaller_stop_and_time,2017-05-03T09:30:00+00:00,2017-05-03T09:45:00+00:00,8000,stop,-1.4895699244299414,-12.919080003728892,True,False,900,5.192237313226494,0.9985684128304261,1.0130889182172007,1.7075599483580333,-1.5992763753958386,-0.9749999999998334,0.3999999999992898,9.5
nzdusd_rsi2_m15_usd100000_smaller_stop_and_time,2017-05-03T10:00:00+00:00,2017-05-03T11:45:00+00:00,8002,signal_exit,-0.15380000000008204,-1.3316017316024418,False,False,6300,5.645857683343202,1.0717195977140994,0.8871251986900435,-0.4202132566875935,-2.445494093532377,-0.45679012345678,0.40000000000040004,10.0
nzdusd_rsi2_m15_usd100000_smaller_stop_and_time,2017-05-03T12:45:00+00:00,2017-05-03T14:00:00+00:00,8013,stop,-1.6458987501153786,-14.237878461205694,True,False,4500,5.803887327488753,1.0921756003854195,0.2761030059621336,-1.1126935285751196,-1.1096384256977188,-0.6354166666666184,0.49999999999994493,12.75
nzdusd_rsi2_m15_usd100000_smaller_stop_and_time,2017-05-03T14:30:00+00:00,2017-05-03T16:00:00+00:00,8020,signal_exit,0.5874400000000162,5.072884283247117,False,True,5400,6.916028432514891,1.2539615220003912,-0.06721089893268115,-3.1599316849110313,-2.8476117678364954,-0.6056338028168915,0.49999999999994493,14.5
nzdusd_rsi2_m15_usd100000_smaller_stop_and_time,2017-05-04T10:45:00+00:00,2017-05-04T12:15:00+00:00,8099,stop,-1.5569427403932612,-13.387297853768366,True,False,5400,5.383803699025153,1.0030474719329643,-1.3850415223213735,-5.352682207199694,-0.0678092713060539,-0.7195121951219859,0.49999999999994493,10.75
nzdusd_rsi2_m15_usd100000_smaller_stop_and_time,2017-05-04T12:30:00+00:00,2017-05-04T12:45:00+00:00,8106,stop,-1.5809958311698709,-13.559140919124108,True,False,900,5.271937526457061,0.9867805862608339,-1.4179526746989741,-7.654215428253904,-1.9499653034221236,-0.6708860759494418,0.900000000000345,12.5
nzdusd_rsi2_m15_usd100000_smaller_stop_and_time,2017-05-04T13:00:00+00:00,2017-05-04T16:00:00+00:00,8108,holding_bars,-0.05995999999998952,-0.5137960582689761,False,False,10800,6.102333887608398,1.1167742012989783,-1.3995442403644514,-8.257818174422576,-2.064915563137522,-0.29496402877699335,0.40000000000040004,13.0
nzdusd_rsi2_m15_usd100000_smaller_stop_and_time,2017-05-05T11:00:00+00:00,2017-05-05T12:30:00+00:00,8194,stop,-1.6545562924589419,-14.263416314301223,True,False,5400,5.819639191632643,1.031357123846271,0.1413843754515754,1.312623196404519,0.13857974179877083,-0.29166666666677266,0.5000000000010552,11.0
nzdusd_rsi2_m15_usd100000_smaller_stop_and_time,2017-05-08T09:30:00+00:00,2017-05-08T10:15:00+00:00,8279,signal_exit,0.41108999999990714,3.5653946227225246,False,True,2700,6.0044500632080755,1.0153694028144937,1.2531442369955885,5.482173491456836,0.4935964341557522,-0.8205128205127841,0.40000000000040004,9.5
nzdusd_rsi2_m15_usd100000_smaller_stop_and_time,2017-05-08T11:30:00+00:00,2017-05-08T12:30:00+00:00,8287,stop,-1.6422832438768404,-14.231223950405896,True,False,3600,5.799060848686213,0.9846734638136745,1.3640811070601166,4.251461847893021,-1.1059924270338934,-0.5925925925926535,0.49999999999994493,11.5
nzdusd_rsi2_m15_usd100000_smaller_stop_and_time,2017-05-08T12:45:00+00:00,2017-05-08T13:00:00+00:00,8292,target,1.1485807477698873,9.935819617386569,False,True,900,6.382961711807779,1.0672620472130676,1.2429386204326212,1.3715045563915644,-2.611517559695268,-0.8723404255319124,0.700000000000145,12.75
nzdusd_rsi2_m15_usd100000_smaller_stop_and_time,2017-05-08T15:30:00+00:00,2017-05-08T16:30:00+00:00,8303,stop,-1.7895480478430752,-15.467139566491573,True,False,3600,6.419265548155108,1.0616296295097483,0.8373391442024195,0.7038824757394906,-1.716779470564376,-0.6976744186047652,0.49999999999994493,15.5
nzdusd_rsi2_m15_usd100000_smaller_stop_and_time,2017-05-09T12:45:00+00:00,2017-05-09T13:30:00+00:00,8384,signal_exit,1.169979999999952,10.077347114556003,False,True,2700,7.149313873702463,1.2123192888065133,-0.4782326670173708,-3.2241496740174775,-1.530386467328589,-0.7837837837837391,0.40000000000040004,12.75
nzdusd_rsi2_m15_usd100000_smaller_stop_and_time,2017-05-11T09:30:00+00:00,2017-05-11T10:45:00+00:00,8561,signal_exit,0.32559999999994216,2.787671232876217,False,True,4500,6.714004829517151,0.9602060085383723,-1.5773360679826947,-6.053864648621353,-0.33318160284258225,-0.782608695652153,0.2999999999997449,9.5
nzdusd_rsi2_m15_usd100000_smaller_stop_and_time,2017-05-12T07:15:00+00:00,2017-05-12T07:30:00+00:00,8645,target,0.7449342526196574,6.372405924890139,False,True,900,4.391634955601646,0.7384674954517559,-1.0387058461621816,-4.629935714873378,-1.9204823677752827,-0.35555555555561585,0.2999999999997449,7.25
nzdusd_rsi2_m15_usd100000_smaller_stop_and_time,2017-05-12T14:30:00+00:00,2017-05-12T15:30:00+00:00,8674,signal_exit,1.2483200000000219,10.687671232876898,False,True,3600,8.18016249004606,1.2635784058019064,-0.39211541355736146,-2.228366893324384,-0.6566138517297363,-0.7009345794392378,0.3999999999992898,14.5
nzdusd_rsi2_m15_usd100000_smaller_stop_and_time,2017-05-15T08:00:00+00:00,2017-05-15T08:30:00+00:00,8735,signal_exit,0.5778699999999402,4.977347114555902,False,True,1800,5.575193878933753,0.9600056451979475,0.714342262918749,3.3261185915793035,0.4992915901435639,-0.7499999999997918,0.40000000000040004,8.0
nzdusd_rsi2_m15_usd100000_smaller_stop_and_time,2017-05-15T13:45:00+00:00,2017-05-15T14:45:00+00:00,8758,stop,-1.808077959265959,-15.613799302814845,True,False,3600,6.493341793030983,1.0840339103825907,1.46855547404092,4.943891730983758,-1.0960196213436615,-0.3580246913580501,0.49999999999994493,13.75
nzdusd_rsi2_m15_usd100000_smaller_stop_and_time,2017-05-15T15:00:00+00:00,2017-05-15T18:00:00+00:00,8763,holding_bars,-1.6268000000000749,-14.024137931035128,False,False,10800,6.420287221023624,1.0693792402607722,1.4565172994588096,2.5988334560725828,-2.3528629388590794,-0.3529411764702809,0.3999999999992898,15.0
nzdusd_rsi2_m15_usd100000_smaller_stop_and_time,2017-05-16T07:45:00+00:00,2017-05-16T08:45:00+00:00,8826,stop,-1.5171493730260952,-13.06760872546163,True,False,3600,5.322477920009158,1.0058256924922586,0.5847337519389102,1.0543752524545658,-0.8637812641364545,-0.681818181818113,0.2999999999997449,7.75
nzdusd_rsi2_m15_usd100000_smaller_stop_and_time,2017-05-16T09:00:00+00:00,2017-05-16T11:30:00+00:00,8831,signal_exit,-0.43260000000010346,-3.7196904557188604,False,False,9000,5.3935990107433245,1.0176492710584137,0.4142558189341161,-1.3144735309389628,-2.088467325973951,-0.6037735849056011,0.49999999999994493,9.0
nzdusd_rsi2_m15_usd100000_smaller_stop_and_time,2017-05-17T07:30:00+00:00,2017-05-17T10:15:00+00:00,8916,signal_exit,-0.36226000000003356,-3.1256255392582704,False,False,9900,7.589556994456801,1.3333526747427904,0.6950030928891505,1.365410078390115,-0.9522799368655311,-0.8108108108107763,0.5999999999994898,7.5
nzdusd_rsi2_m15_usd100000_smaller_stop_and_time,2017-05-17T13:00:00+00:00,2017-05-17T14:00:00+00:00,8938,signal_exit,0.31083999999986645,2.6773471145552663,False,True,3600,5.781390594631866,1.0179390992193338,0.15966812345870202,-0.010070548344881938,-0.8046755352967824,-0.46153846153852723,0.6000000000006,13.0
nzdusd_rsi2_m15_usd100000_smaller_stop_and_time,2017-05-18T10:00:00+00:00,2017-05-18T10:30:00+00:00,9019,target,1.3167922979096907,11.400799116101217,False,True,1800,7.016200423851765,1.1378427020140156,0.8111004541033939,1.2060011716768915,-2.463704554273561,-0.5855855855855504,0.49999999999994493,10.0
nzdusd_rsi2_m15_usd100000_smaller_stop_and_time,2017-05-18T14:15:00+00:00,2017-05-18T16:45:00+00:00,9036,signal_exit,-0.06128000000011796,-0.5301038062293941,False,False,9000,7.6367022101698865,1.1988206994726103,0.5708712803089253,0.4372520875358511,-2.165334192658369,-0.15492957746486802,0.40000000000040004,14.25
nzdusd_rsi2_m15_usd100000_smaller_stop_and_time,2017-05-19T07:00:00+00:00,2017-05-19T08:00:00+00:00,9100,target,0.7491495340603163,6.4526230323885985,False,True,3600,4.337637958915896,0.7865747339054228,-0.8511724936375782,-3.742003211360302,-0.8249355021255701,-0.9078947368420841,0.0999999999995449,7.0
nzdusd_rsi2_m15_usd100000_smaller_stop_and_time,2017-05-22T08:45:00+00:00,2017-05-22T09:30:00+00:00,9199,target,0.9264643883857905,8.049212757478632,False,True,2700,5.24341610940835,0.9945391067753572,1.2025824517989774,5.021456708105837,0.31544874754821534,-0.627118644067669,0.2999999999997449,8.75
nzdusd_rsi2_m15_usd100000_smaller_stop_and_time,2017-05-23T14:15:00+00:00,2017-05-23T15:30:00+00:00,9315,stop,-1.6146606244232151,-14.2135618347114,True,False,4500,5.826499227214265,1.0569447168487498,2.7403099118356167,9.370058064445743,-1.2729735873340857,-0.5620437956204806,0.40000000000040004,14.25
nzdusd_rsi2_m15_usd100000_smaller_stop_and_time,2017-05-23T15:45:00+00:00,2017-05-23T17:15:00+00:00,9321,signal_exit,0.2217999999998523,1.9456140350864237,False,True,5400,6.852723860860921,1.2043704051635375,2.447886872474737,4.5952036473552305,-2.9800844896976955,-0.8114285714285446,0.40000000000040004,15.75
nzdusd_rsi2_m15_usd100000_smaller_stop_and_time,2017-05-24T13:15:00+00:00,2017-05-24T14:30:00+00:00,9405,stop,-1.4003034309863396,-12.315773359598412,True,False,4500,4.878379203985113,0.9234937321747062,1.2908013708125394,5.451932781646702,0.23337569619535758,-0.7031249999999513,0.40000000000040004,13.25
nzdusd_rsi2_m15_usd100000_smaller_stop_and_time,2017-05-24T15:00:00+00:00,2017-05-24T16:45:00+00:00,9412,signal_exit,0.8145999999999389,7.145614035087183,False,True,6300,6.180950267185065,1.12954577124789,1.2758062726688366,1.3138292849463606,-2.8785304174667994,-0.9310344827585547,0.49999999999994493,15.0
nzdusd_rsi2_m15_usd100000_smaller_stop_and_time,2017-05-25T07:00:00+00:00,2017-05-25T09:00:00+00:00,9472,stop,-1.5677148667431942,-13.800306925556287,True,False,7200,5.719871772637078,0.9978716843697034,1.148210786869358,2.776129711183321,-1.6833367795460357,-0.8309859154930987,0.20000000000020002,7.0
nzdusd_rsi2_m15_usd100000_smaller_stop_and_time,2017-05-25T09:15:00+00:00,2017-05-25T11:45:00+00:00,9481,signal_exit,0.3690000000000637,3.242530755712335,False,True,9000,6.623372498717956,1.1233068157324595,0.8304259526142359,0.5798633140792119,-1.6052207822245421,-0.5692307692308034,0.3999999999992898,9.25
nzdusd_rsi2_m15_usd100000_smaller_stop_and_time,2017-05-26T13:45:00+00:00,2017-05-26T16:00:00+00:00,9590,signal_exit,0.42369999999993135,3.7363315696642974,False,True,8100,8.254459140128501,1.292932941341024,1.0025658260529708,2.820472104400738,-0.988031161966252,-0.7058823529412149,0.30000000000085514,13.75
nzdusd_rsi2_m15_usd100000_smaller_stop_and_time,2017-05-29T07:30:00+00:00,2017-05-29T08:45:00+00:00,9656,signal_exit,0.16223999999998526,1.43321554770305,False,True,4500,4.528843962517943,0.8035814053055929,0.8100879050063666,3.0761282543155,-0.5993601805247967,-0.540540540540346,0.40000000000040004,7.5
nzdusd_rsi2_m15_usd100000_smaller_stop_and_time,2017-05-29T13:45:00+00:00,2017-05-29T15:15:00+00:00,9680,stop,-1.1416944549816015,-10.112439813831722,True,False,5400,3.7204803143559366,0.7176055672450685,1.2122828621131032,5.429826804699799,0.4829303112122999,-0.9523809523811664,0.49999999999994493,13.75
nzdusd_rsi2_m15_usd100000_smaller_stop_and_time,2017-05-29T15:30:00+00:00,2017-05-29T16:00:00+00:00,9685,stop,-1.2660977156150133,-11.204404562964719,True,False,1800,4.217246529270081,0.8132941409621991,1.2710320586164823,3.600636403754435,-1.247971195644769,-0.3437500000000108,0.5999999999994898,15.5
nzdusd_rsi2_m15_usd100000_smaller_stop_and_time,2017-05-31T12:00:00+00:00,2017-05-31T15:00:00+00:00,9853,holding_bars,-0.526250000000014,-4.6777777777779015,False,False,10800,6.05371919717391,1.1039431685444923,1.192420000994361,4.187824414070197,-0.4220343608576581,-0.827160493827257,0.49999999999994493,12.0
nzdusd_rsi2_m15_usd100000_smaller_stop_and_time,2017-06-01T12:00:00+00:00,2017-06-01T12:15:00+00:00,9945,stop,-1.3065255680395755,-11.551950203709774,True,False,900,4.4918018038880625,0.8578936290844807,-0.30235390319394523,-2.2400192881243437,-2.523083688624111,-0.9444444444444902,0.40000000000040004,12.0
nzdusd_rsi2_m15_usd100000_smaller_stop_and_time,2017-06-01T13:15:00+00:00,2017-06-01T14:15:00+00:00,9950,signal_exit,0.7169199999999745,6.333215547702955,False,True,3600,5.9510941630923,1.0931054026543248,-0.35258667956107664,-3.0954075445414544,-1.9529973261057225,-0.23456790123460344,0.3999999999992898,13.25
nzdusd_rsi2_m15_usd100000_smaller_stop_and_time,2017-06-05T10:45:00+00:00,2017-06-05T12:15:00+00:00,10120,signal_exit,0.38291999999996074,3.4158786797498726,False,True,5400,5.099340923488498,0.9726523582607649,1.071239594141032,3.926242779978276,-0.29490743505478273,-0.7261904761904211,0.40000000000040004,10.75
nzdusd_rsi2_m15_usd100000_smaller_stop_and_time,2017-06-06T12:15:00+00:00,2017-06-06T12:45:00+00:00,10217,target,0.9252640371018169,8.305781302529773,False,True,1800,5.400556719487633,1.0485004945558172,1.9684351785491718,7.2427503744948805,-0.14286227568356946,-0.358974358974432,0.2999999999997449,12.25
nzdusd_rsi2_m15_usd100000_smaller_stop_and_time,2017-06-07T10:45:00+00:00,2017-06-07T13:00:00+00:00,10303,signal_exit,0.7118399999999243,6.401438848920183,False,True,8100,5.857193958374096,1.0877363842815322,1.2655913415834545,4.29444092603738,-0.6240056488626602,-0.9692307692307404,0.6000000000006,10.75
nzdusd_rsi2_m15_usd100000_smaller_stop_and_time,2017-06-08T07:00:00+00:00,2017-06-08T07:15:00+00:00,10379,signal_exit,0.4992999999998984,4.498198198197283,False,True,900,4.985232716042864,0.9730699202875803,1.024799239728323,3.8843302311522345,-0.05062097091359056,-0.5581395348837089,0.49999999999994493,7.0
nzdusd_rsi2_m15_usd100000_smaller_stop_and_time,2017-06-08T09:15:00+00:00,2017-06-08T09:45:00+00:00,10388,signal_exit,0.40994999999993287,3.696573489629692,False,True,1800,4.908271712267279,0.9620090954979228,1.058850518364454,3.8039636374663344,-0.244099035601022,-0.6065573770491505,0.2999999999997449,9.25
nzdusd_rsi2_m15_usd100000_smaller_stop_and_time,2017-06-08T14:15:00+00:00,2017-06-08T14:30:00+00:00,10408,target,1.254250373252992,11.309741868827698,False,True,900,6.90658418959913,1.2755323664323859,1.0148434159725717,2.6282261943119125,-1.3520797833569371,-0.2654867256637942,0.30000000000085514,14.25
nzdusd_rsi2_m15_usd100000_smaller_stop_and_time,2017-06-09T12:00:00+00:00,2017-06-09T13:15:00+00:00,10492,stop,-1.2130416152942025,-10.92830284048831,True,False,4500,4.16325051934275,0.8273430604481775,0.4109658282099702,0.2678530445622759,-2.092036832908859,-0.5897435897434656,0.40000000000040004,12.0
nzdusd_rsi2_m15_usd100000_smaller_stop_and_time,2017-06-12T07:00:00+00:00,2017-06-12T07:00:00+00:00,10558,stop,-1.5316263148939377,-13.773617939693684,True,False,0,5.587528394306702,1.1712059382035265,-0.10622133492380133,-3.658972656866201,-1.9363969629152118,-0.3824701195218949,0.40000000000040004,7.0
nzdusd_rsi2_m15_usd100000_smaller_stop_and_time,2017-06-12T07:15:00+00:00,2017-06-12T07:45:00+00:00,10559,target,1.0546483743764428,9.467220595838803,False,True,1800,6.031276366141908,1.2451103406783708,-0.16150182519136594,-5.080278347185903,-2.4041238269779086,-0.6271186440677871,0.3999999999992898,7.25
nzdusd_rsi2_m15_usd100000_smaller_stop_and_time,2017-06-12T13:15:00+00:00,2017-06-12T14:45:00+00:00,10583,signal_exit,0.44438000000002775,3.9998199819984497,False,True,5400,4.9042137907369385,1.0136013296167985,-0.33573440486685713,-1.6088553236591376,-0.921507067752162,-0.6896551724136875,0.3999999999992898,13.25
nzdusd_rsi2_m15_usd100000_smaller_stop_and_time,2017-06-13T07:15:00+00:00,2017-06-13T08:30:00+00:00,10652,signal_exit,0.40939999999993293,3.6949458483748456,False,True,4500,4.680278590742615,0.9365815328009965,0.8584821285589135,1.6048352696667123,-2.675890758272478,-0.7397260273972311,0.2999999999997449,7.25
nzdusd_rsi2_m15_usd100000_smaller_stop_and_time,2017-06-13T11:15:00+00:00,2017-06-13T12:30:00+00:00,10668,signal_exit,0.04353999999999775,0.3933152664859778,False,True,4500,3.8870420829027412,0.8083369307914718,0.7682289646738185,3.0300058963339316,0.4340783606782385,-0.22727272727270434,0.1999999999990898,11.25
nzdusd_rsi2_m15_usd100000_smaller_stop_and_time,2017-06-13T13:00:00+00:00,2017-06-13T13:45:00+00:00,10675,signal_exit,0.5423599999999429,4.8949458483749355,False,True,2700,4.563117095687648,0.9416352504180774,0.6607287004492709,0.7838325339225153,-2.66453730599615,-0.7656249999998834,0.20000000000020002,13.0
nzdusd_rsi2_m15_usd100000_smaller_stop_and_time,2017-06-14T11:30:00+00:00,2017-06-14T12:30:00+00:00,10761,target,0.9495562782864898,8.608851117737894,False,True,3600,5.561043872559465,1.164277199712432,1.3346291388679346,5.018148983766246,-0.19982512441656425,-0.6617647058824297,0.30000000000085514,11.5
nzdusd_rsi2_m15_usd100000_smaller_stop_and_time,2017-06-15T09:45:00+00:00,2017-06-15T11:00:00+00:00,10847,stop,-1.9413290343032075,-17.536847645015424,True,False,4500,7.465081455750436,1.072919305731343,-0.48298708861810374,-2.153120340915905,-0.902342517822161,-0.6460176991150086,0.40000000000040004,9.75
nzdusd_rsi2_m15_usd100000_smaller_stop_and_time,2017-06-15T11:30:00+00:00,2017-06-15T12:30:00+00:00,10854,stop,-2.1368181707955616,-19.267972685262052,True,False,3600,8.332273087445541,1.1686678224360343,-0.5069039398595611,-4.505738580105587,-2.4496491579603923,-0.3539823008849914,0.40000000000040004,11.5
nzdusd_rsi2_m15_usd100000_smaller_stop_and_time,2017-06-15T12:45:00+00:00,2017-06-15T15:00:00+00:00,10859,signal_exit,1.390160000000047,12.501438848921286,False,True,8100,9.028205270603328,1.2365195943410079,-0.6349689196139323,-6.259890973531842,-2.291678133369393,-0.8424657534246158,0.3999999999992898,12.75
nzdusd_rsi2_m15_usd100000_smaller_stop_and_time,2017-06-16T12:00:00+00:00,2017-06-16T12:30:00+00:00,10946,target,0.9461980791513988,8.562878544356549,False,True,1800,5.536416647744304,0.9155112084631739,0.3407365575804648,1.26140680800163,-0.4162386000538236,-0.8051948051948389,0.30000000000085514,12.0
nzdusd_rsi2_m15_usd100000_smaller_stop_and_time,2017-06-19T08:00:00+00:00,2017-06-19T08:30:00+00:00,11015,target,1.0290922206380724,9.346886654296751,False,True,1800,6.0817085405904585,1.0416204217243,1.4714238753999478,2.2441264652823323,-1.8878311200320026,-0.3076923076923296,0.5999999999994898,8.0
nzdusd_rsi2_m15_usd100000_smaller_stop_and_time,2017-06-19T11:30:00+00:00,2017-06-19T12:15:00+00:00,11029,signal_exit,0.6257499999999091,5.6834695731145235,False,True,2700,6.219953964372092,1.0518117350302927,0.941854520540096,1.9354490358177963,-1.3970018412426506,-0.8363636363635721,0.49999999999994493,11.5
nzdusd_rsi2_m15_usd100000_smaller_stop_and_time,2017-06-20T11:15:00+00:00,2017-06-20T13:45:00+00:00,11117,stop,-1.5922063090240794,-14.435233989338888,True,False,9000,5.960998680979489,1.073607198891725,0.6144231745156643,-0.03896277707878502,-2.9030075167409324,-0.9042553191488935,0.2999999999997449,11.25
nzdusd_rsi2_m15_usd100000_smaller_stop_and_time,2017-06-21T13:30:00+00:00,2017-06-21T15:15:00+00:00,11218,signal_exit,-0.012149999999996164,-0.109954751131187,False,False,6300,5.483155509817542,1.0235417611337647,-0.08650656721465283,-1.4483215740571953,-1.808225074898045,-0.3033707865168259,0.49999999999994493,13.5
nzdusd_rsi2_m15_usd100000_smaller_stop_and_time,2017-06-22T10:30:00+00:00,2017-06-22T11:15:00+00:00,11299,stop,-1.4231628622884376,-12.926093208795981,True,False,2700,5.154781390955454,0.9202091096718243,0.8087742211070912,3.0634062729868003,-0.08030476705201466,-0.8749999999998843,0.40000000000040004,10.5
nzdusd_rsi2_m15_usd100000_smaller_stop_and_time,2017-06-22T11:30:00+00:00,2017-06-22T12:15:00+00:00,11303,signal_exit,0.4948900000000215,4.486763372620321,False,True,2700,5.10960046092982,0.9163464472435583,0.7745362628640852,0.9778458944699898,-2.276976287519828,-0.622641509433816,0.3999999999992898,11.5
nzdusd_rsi2_m15_usd100000_smaller_stop_and_time,2017-06-23T10:00:00+00:00,2017-06-23T11:15:00+00:00,11384,signal_exit,-0.03530000000001815,-0.3214936247724786,False,False,4500,4.195248352464895,0.8475433369074674,1.2275615206392985,4.648953643879523,-0.3075098902193338,-0.6666666666666666,0.40000000000040004,10.0
nzdusd_rsi2_m15_usd100000_smaller_stop_and_time,2017-06-26T08:15:00+00:00,2017-06-26T08:45:00+00:00,11466,stop,-1.4818915241057096,-13.483999309424108,True,False,1800,5.5320815473414315,1.1656897163795128,0.6253580104081609,0.7577281644455354,-2.271517876401737,-0.5217391304348288,0.20000000000020002,8.25
nzdusd_rsi2_m15_usd100000_smaller_stop_and_time,2017-06-26T15:45:00+00:00,2017-06-26T17:30:00+00:00,11496,signal_exit,-0.3095000000001095,-2.82648401826584,False,False,6300,5.576006777180717,1.1184514077669898,0.824777105802147,4.833819526550356,0.4308575771377034,-0.2799999999998046,0.2999999999997449,15.75
nzdusd_rsi2_m15_usd100000_smaller_stop_and_time,2017-06-27T10:00:00+00:00,2017-06-27T12:15:00+00:00,11565,signal_exit,0.13913999999991405,1.2718464350997627,False,True,8100,7.500399958061892,1.4702966252530547,1.2343011195218025,3.19215644552974,-0.9360378566806757,-0.7640449438201911,0.49999999999994493,10.0
nzdusd_rsi2_m15_usd100000_smaller_stop_and_time,2017-06-27T13:00:00+00:00,2017-06-27T14:15:00+00:00,11577,stop,-1.785319207709544,-16.28940882946664,True,False,4500,6.832295655608644,1.306540096150247,1.047231548150858,0.3332970009700836,-1.6693663321847376,-0.7288135593221295,0.40000000000040004,13.0
nzdusd_rsi2_m15_usd100000_smaller_stop_and_time,2017-06-27T14:30:00+00:00,2017-06-27T16:15:00+00:00,11583,signal_exit,0.32751999999991754,2.9801637852585765,False,True,6300,7.546985014900447,1.3871148533606927,0.5963632319120215,-2.4628752576126356,-2.44841649498569,-0.8275862068965781,0.10000000000065512,14.5
nzdusd_rsi2_m15_usd100000_smaller_stop_and_time,2017-06-28T07:00:00+00:00,2017-06-28T08:45:00+00:00,11646,signal_exit,-0.14505000000012808,-1.3198362147418385,False,False,6300,6.8466866996827465,1.1978560513681347,-0.13330911997559916,-1.8532550983845621,-1.9374669336803876,-0.29670329670329937,0.40000000000040004,7.0
nzdusd_rsi2_m15_usd100000_smaller_stop_and_time,2017-06-28T09:30:00+00:00,2017-06-28T10:45:00+00:00,11656,signal_exit,0.2183799999999295,1.9834695731147094,False,True,4500,7.231900752649739,1.2255685479002343,-0.2798550139124568,-3.9954337887347484,-1.9312361439088017,-0.9279999999999708,0.40000000000040004,9.5
nzdusd_rsi2_m15_usd100000_smaller_stop_and_time,2017-06-29T10:15:00+00:00,2017-06-29T11:15:00+00:00,11750,stop,-1.5646413007275033,-14.288961650479482,True,False,3600,5.931238816106943,0.9934852621632361,0.678435544005555,0.40803474938916573,-2.0487711525765206,-0.7974683544303353,0.20000000000020002,10.25
nzdusd_rsi2_m15_usd100000_smaller_stop_and_time,2017-06-29T11:30:00+00:00,2017-06-29T14:15:00+00:00,11755,signal_exit,1.0944599999999547,9.97684594348181,False,True,9900,6.744163989983378,1.1056889544062847,0.3991968708445923,-1.9064434033118904,-2.0796951254682496,-0.49242424242419275,0.2999999999997449,11.5
nzdusd_rsi2_m15_usd100000_smaller_stop_and_time,2017-06-30T07:00:00+00:00,2017-06-30T08:00:00+00:00,11830,target,1.1828500460063838,10.831960128263587,False,True,3600,6.681730979882887,1.0155948734168074,0.9889893663837406,2.0190179744713492,-2.3938606477672923,-0.9082568807338561,0.2999999999997449,7.0
nzdusd_rsi2_m15_usd100000_smaller_stop_and_time,2017-06-30T12:45:00+00:00,2017-06-30T14:15:00+00:00,11853,signal_exit,0.34549999999993997,3.1668194317134737,False,True,5400,7.150555388895526,1.0736921294129926,0.8405545678369074,3.0209658353740565,-0.5610970824738428,-0.3120000000000078,0.49999999999994493,12.75
nzdusd_rsi2_m15_usd100000_smaller_stop_and_time,2017-06-30T15:45:00+00:00,2017-06-30T17:00:00+00:00,11865,signal_exit,0.31323999999996777,2.868498168497873,False,True,4500,7.524935758802595,1.1033079332401605,0.739387624664443,1.3848641398057695,-1.4274586311396624,-0.5090909090909678,0.40000000000040004,15.75
nzdusd_rsi2_m15_usd100000_smaller_stop_and_time,2017-07-03T09:00:00+00:00,2017-07-03T11:30:00+00:00,11926,signal_exit,-0.1452500000001276,-1.3264840182660054,False,False,9000,6.1355882468467895,0.9613618998626505,-0.15688177281592872,-2.9957409158358854,-1.8766839323899607,-0.49206349206361516,0.40000000000040004,9.0
nzdusd_rsi2_m15_usd100000_smaller_stop_and_time,2017-07-03T13:45:00+00:00,2017-07-03T14:00:00+00:00,11945,stop,-1.4738496112456332,-13.44753294932147,True,False,900,5.311357715536585,0.8720906259864589,-0.6465063305497053,-3.303280749828381,-1.4831379772471913,-0.30232558139523474,0.5999999999994898,13.75
nzdusd_rsi2_m15_usd100000_smaller_stop_and_time,2017-07-03T14:15:00+00:00,2017-07-03T15:00:00+00:00,11947,stop,-1.560861470363767,-14.228454606780009,True,False,2700,5.8526502751309115,0.951161739692388,-0.6758155102322004,-3.9408140282419195,-2.1015190944959166,-0.15503875968991715,0.2999999999997449,14.25
nzdusd_rsi2_m15_usd100000_smaller_stop_and_time,2017-07-03T15:15:00+00:00,2017-07-03T15:30:00+00:00,11951,target,1.0849542816237752,9.872195465184486,False,True,900,6.246015839962905,1.00731446994056,-0.7710890029672068,-5.820772828807995,-2.439284048631712,-0.5913043478261071,0.40000000000040004,15.25
nzdusd_rsi2_m15_usd100000_smaller_stop_and_time,2017-07-04T08:15:00+00:00,2017-07-04T11:00:00+00:00,12012,signal_exit,-0.0023600000000461585,-0.021493624772733682,False,False,9900,6.729038672169051,1.1024953398128912,-0.9343115752106688,-3.7402453323435534,-0.4920280661352171,-0.7272727272727885,0.5999999999994898,8.25
nzdusd_rsi2_m15_usd100000_smaller_stop_and_time,2017-07-04T13:00:00+00:00,2017-07-04T13:30:00+00:00,12031,target,0.8538779403397128,7.769589993991926,False,True,1800,5.094713104366361,0.8692878318102863,-0.7806477018151281,-3.3791521654321155,-0.4627206985527283,-0.6122448979591282,0.20000000000020002,13.0
nzdusd_rsi2_m15_usd100000_smaller_stop_and_time,2017-07-05T07:45:00+00:00,2017-07-05T09:30:00+00:00,12100,stop,-1.5296183313666778,-13.918274170761398,True,False,6300,5.699218978010395,1.0244918204076643,-0.28734127968228385,-3.3351487835508786,-3.167196291654388,-0.7522935779816663,0.2999999999997449,7.75
nzdusd_rsi2_m15_usd100000_smaller_stop_and_time,2017-07-05T13:15:00+00:00,2017-07-05T13:45:00+00:00,12122,stop,-1.7029145478893337,-15.481041344448489,True,False,1800,6.381429763132951,1.0958012149761147,-0.780832187859399,-3.6744960487295826,-0.985050065218745,-0.48214285714283944,0.49999999999994493,13.25
nzdusd_rsi2_m15_usd100000_smaller_stop_and_time,2017-07-06T07:30:00+00:00,2017-07-06T08:15:00+00:00,12191,target,0.8945032519516241,8.146659853839926,False,True,2700,5.434076739306305,0.9447432377997911,-0.2305176088319389,-1.0643488613806051,-0.6296534632548854,-0.6300000000000189,0.49999999999994493,7.5
nzdusd_rsi2_m15_usd100000_smaller_stop_and_time,2017-07-06T09:30:00+00:00,2017-07-06T10:00:00+00:00,12199,stop,-1.6840419168098242,-15.323402336759091,True,False,1800,6.251783061009134,1.0636767105634126,-0.09881179893936655,-1.2095816858586952,-1.3961056457131797,-0.33802816901411536,0.5999999999994898,9.5
nzdusd_rsi2_m15_usd100000_smaller_stop_and_time,2017-07-06T10:15:00+00:00,2017-07-06T11:45:00+00:00,12202,stop,-1.7071817874302009,-15.519834431183645,True,False,5400,6.450826306500279,1.0899158932860031,-0.12919568787937277,-2.8098988517161954,-2.4983298597155557,-0.4054054054055311,0.40000000000040004,10.25
nzdusd_rsi2_m15_usd100000_smaller_stop_and_time,2017-07-06T12:00:00+00:00,2017-07-06T12:15:00+00:00,12209,target,1.2054281742597723,10.928632586217336,False,True,900,6.620934606798431,1.1115830476713708,-0.2885404085211261,-5.585508846184304,-2.6719216831026964,-0.8439306358381555,0.0999999999995449,12.0
nzdusd_rsi2_m15_usd100000_smaller_stop_and_time,2017-07-06T14:30:00+00:00,2017-07-06T15:45:00+00:00,12219,signal_exit,0.11929000000001372,1.0834695731154742,False,True,4500,7.012223329600145,1.147425526992315,-0.6019165195604496,-3.3206392680614316,-0.6562073786509968,-0.422535211267566,0.49999999999994493,14.5
nzdusd_rsi2_m15_usd100000_smaller_stop_and_time,2017-07-07T14:15:00+00:00,2017-07-07T16:00:00+00:00,12312,signal_exit,0.19599999999990755,1.7818181818173413,False,True,6300,8.130102661731682,1.3507363601645566,0.01981848693307547,-1.7065119861328404,-2.2035587809452375,-0.5393258426966349,0.40000000000040004,14.25
nzdusd_rsi2_m15_usd100000_smaller_stop_and_time,2017-07-10T09:15:00+00:00,2017-07-10T11:15:00+00:00,12379,signal_exit,-0.5956400000001516,-5.419836214742053,False,False,7200,4.875988060100331,0.9205011952421684,-0.0067180435358330974,-0.8202621860711403,-1.5445286135880871,-0.38181818181830296,0.40000000000040004,9.25
nzdusd_rsi2_m15_usd100000_smaller_stop_and_time,2017-07-11T09:30:00+00:00,2017-07-11T09:45:00+00:00,12470,stop,-1.5029274445645873,-13.588855737473663,True,False,900,5.590268736729244,1.0759150796984491,-1.5671251826098813,-6.869914616164525,-1.5311195280359933,-0.530612244898047,0.20000000000020002,9.5
nzdusd_rsi2_m15_usd100000_smaller_stop_and_time,2017-07-11T10:00:00+00:00,2017-07-11T11:15:00+00:00,12472,signal_exit,-0.05609000000004044,-0.506684733514367,False,False,4500,5.812017431159444,1.1095335470110768,-1.604939468567511,-8.502334150203007,-2.764644141350055,-0.7118644067795111,0.3999999999992898,10.0
nzdusd_rsi2_m15_usd100000_smaller_stop_and_time,2017-07-11T14:15:00+00:00,2017-07-11T15:30:00+00:00,12488,signal_exit,-0.6099600000001024,-5.5050541516254725,False,False,4500,5.375806071663999,1.0415154839499121,-1.7198098255726906,-8.30630147438559,-1.8838462857252767,-0.85858585858582,0.2999999999997449,14.25
nzdusd_rsi2_m15_usd100000_smaller_stop_and_time,2017-07-12T12:15:00+00:00,2017-07-12T12:30:00+00:00,12571,target,0.8768661652716605,7.935440409698285,False,True,900,5.222697580415411,0.9797298107855821,-0.28750849961685476,-1.3390387709133753,-0.3259445155044622,-0.6315789473683903,0.30000000000085514,12.25
nzdusd_rsi2_m15_usd100000_smaller_stop_and_time,2017-07-12T14:30:00+00:00,2017-07-12T15:00:00+00:00,12580,signal_exit,1.6199499999999218,14.686763372619417,False,True,1800,8.904333896555341,1.4686026991261223,0.059048899425869356,0.7703488280138798,0.12154049827648128,-0.564356435643487,0.6000000000006,14.5
nzdusd_rsi2_m15_usd100000_smaller_stop_and_time,2017-07-13T13:30:00+00:00,2017-07-13T16:30:00+00:00,12665,holding_bars,-1.367370000000138,-12.533180568287241,False,False,10800,8.344803393813828,1.2611321628227823,2.179633031945535,7.70537131803116,-0.4171233891311467,-0.3529411764704986,0.20000000000020002,13.5
nzdusd_rsi2_m15_usd100000_smaller_stop_and_time,2017-07-14T08:30:00+00:00,2017-07-14T10:15:00+00:00,12737,stop,-1.313478150949789,-12.02818819551089,True,False,6300,4.89834318200421,0.8804279345321052,1.2376040289123202,3.7966282832586677,-1.0733854896982606,-0.5384615384616479,0.0,8.5
nzdusd_rsi2_m15_usd100000_smaller_stop_and_time,2017-07-14T10:30:00+00:00,2017-07-14T10:45:00+00:00,12745,stop,-1.2636166144393985,-11.560993727716363,True,False,900,4.4155837806008265,0.814769566430783,1.126605840907776,2.133949138301625,-1.9789208014877995,-0.6417910447761244,0.49999999999994493,10.5
nzdusd_rsi2_m15_usd100000_smaller_stop_and_time,2017-07-14T11:00:00+00:00,2017-07-14T11:45:00+00:00,12747,signal_exit,0.6978999999999255,6.373515981734479,False,True,2700,4.755783974089431,0.8728950797080562,1.0465939724873754,0.26886184795879514,-2.460181640165234,-0.7692307692308349,0.700000000000145,11.0
nzdusd_rsi2_m15_usd100000_smaller_stop_and_time,2017-07-14T14:30:00+00:00,2017-07-14T17:45:00+00:00,12761,holding_bars,0.061360000000019566,0.5634527089074339,False,True,11700,9.677002473355056,1.5254347993604207,0.9035940149316298,5.484234952335781,0.6666708559190655,-0.518072289156678,0.49999999999994493,14.5
nzdusd_rsi2_m15_usd100000_smaller_stop_and_time,2017-07-17T07:45:00+00:00,2017-07-17T10:00:00+00:00,12823,signal_exit,0.49887999999997157,4.568498168497908,False,True,8100,6.46623838742327,1.0290519453887468,0.43981826078039205,0.1709396101690953,-2.8151824321742973,-0.6814159292035372,0.49999999999994493,7.75
nzdusd_rsi2_m15_usd100000_smaller_stop_and_time,2017-07-17T13:45:00+00:00,2017-07-17T14:00:00+00:00,12847,signal_exit,0.726499999999898,6.665137614677963,False,True,900,5.328623827850264,0.8897072975539398,0.4660006919787153,2.3180381571749757,0.3296355079248552,-0.3392857142857532,0.40000000000040004,13.75
nzdusd_rsi2_m15_usd100000_smaller_stop_and_time,2017-07-17T15:00:00+00:00,2017-07-17T18:15:00+00:00,12852,holding_bars,-0.9200599999999933,-8.433180568285914,False,False,11700,6.395723558104529,1.04309687207373,0.5740550293245321,0.9924299149817474,-1.9086704680574487,-0.8247422680412383,0.2999999999997449,15.0
nzdusd_rsi2_m15_usd100000_smaller_stop_and_time,2017-07-18T08:15:00+00:00,2017-07-18T09:30:00+00:00,12917,signal_exit,0.5507199999999657,5.0617647058820365,False,True,4500,9.259073123609975,1.247750835101269,0.7417305488074994,2.79483375904998,-0.07357055427156348,-0.9285714285714124,0.40000000000040004,8.25
nzdusd_rsi2_m15_usd100000_smaller_stop_and_time,2017-07-19T08:15:00+00:00,2017-07-19T09:15:00+00:00,13009,signal_exit,-0.004520000000045654,-0.041620626151433276,False,False,3600,7.491299583034139,1.1131113617968609,0.6779936917407835,2.8304391917539307,0.005503582048174351,-0.4285714285713937,0.3999999999992898,8.25
nzdusd_rsi2_m15_usd100000_smaller_stop_and_time,2017-07-19T11:45:00+00:00,2017-07-19T12:15:00+00:00,13023,signal_exit,0.6137500000000309,5.656682027650054,False,True,1800,5.992728928634968,0.9180419031957733,0.9334622674076074,3.1636732029783423,-0.22504565327876136,-0.48780487804897205,0.20000000000020002,11.75
nzdusd_rsi2_m15_usd100000_smaller_stop_and_time,2017-07-19T14:30:00+00:00,2017-07-19T17:45:00+00:00,13034,holding_bars,-0.7538600000000113,-6.941620626151116,False,False,11700,6.977426235291881,1.051738387228289,0.8411019751421647,1.836011085404373,-2.6910099399644882,-0.8137254901960592,0.0,14.5
nzdusd_rsi2_m15_usd100000_smaller_stop_and_time,2017-07-20T10:15:00+00:00,2017-07-20T10:30:00+00:00,13105,signal_exit,0.5302999999999438,4.865137614678384,False,True,900,5.996972811698921,1.0055114244816479,-0.3690650977412957,-2.366494068615528,-1.6629646021105677,-0.11940298507456998,0.40000000000040004,10.25
nzdusd_rsi2_m15_usd100000_smaller_stop_and_time,2017-07-24T15:15:00+00:00,2017-07-24T18:15:00+00:00,13307,holding_bars,-0.20000000000011947,-1.8587360594806643,False,False,10800,6.427886553979432,1.0283067350127086,0.7265618508104839,1.334468641140582,-2.697426532443914,-0.6533333333332958,0.20000000000020002,15.25
nzdusd_rsi2_m15_usd100000_smaller_stop_and_time,2017-07-25T07:15:00+00:00,2017-07-25T10:15:00+00:00,13366,holding_bars,-1.0062500000000305,-9.360465116279354,False,False,10800,6.588260401487157,1.0986921957444304,0.38550413873568906,1.1334268740942166,-0.6064378915035182,-0.5203252032519841,0.3999999999992898,7.25
nzdusd_rsi2_m15_usd100000_smaller_stop_and_time,2017-07-25T14:30:00+00:00,2017-07-25T15:15:00+00:00,13395,stop,-1.941801326761175,-18.063268155917903,True,False,2700,7.751401519819356,1.2252419316982197,0.16462086160188819,0.7594063332177867,0.040099820424084325,-0.29508196721304614,0.2999999999997449,14.5
nzdusd_rsi2_m15_usd100000_smaller_stop_and_time,2017-07-25T15:30:00+00:00,2017-07-25T16:15:00+00:00,13399,signal_exit,0.2954200000000172,2.7429897864439856,False,True,2700,7.605835558297575,1.1949798555874893,0.13906720591708832,-1.3220705583668397,-1.8479307237945142,-0.4230769230769477,0.3999999999992898,15.5
nzdusd_rsi2_m15_usd100000_smaller_stop_and_time,2017-07-27T08:45:00+00:00,2017-07-27T10:45:00+00:00,13558,signal_exit,-0.4970800000000615,-4.685014137606611,False,False,7200,6.339172586325184,0.9323357053867666,2.809678821095053,8.799511877069914,-1.5613408051365787,-0.18181818181818182,0.49999999999994493,8.75
nzdusd_rsi2_m15_usd100000_smaller_stop_and_time,2017-07-27T12:00:00+00:00,2017-07-27T14:00:00+00:00,13571,signal_exit,-0.28504000000008506,-2.6814675446856544,False,False,7200,6.131620425915345,0.9186680283667852,2.172399881539151,5.9743282594314016,-2.41676853280951,-0.9756097560974927,0.0,12.0
nzdusd_rsi2_m15_usd100000_smaller_stop_and_time,2017-07-27T14:45:00+00:00,2017-07-27T17:45:00+00:00,13582,holding_bars,-1.841639999999985,-17.276172607879783,False,False,10800,7.564284549369327,1.102246525592622,1.5336221263694632,2.0845332291117433,-2.3118777574427822,-0.7500000000000278,0.40000000000040004,14.75
nzdusd_rsi2_m15_usd100000_smaller_stop_and_time,2017-07-28T09:15:00+00:00,2017-07-28T10:30:00+00:00,13653,signal_exit,0.7094999999998999,6.630841121494391,False,True,4500,6.888714558401809,1.032379786099424,-0.1746053363994583,-2.781260664957851,-2.5180349915861946,-0.835616438356154,0.20000000000020002,9.25
nzdusd_rsi2_m15_usd100000_smaller_stop_and_time,2017-07-31T07:15:00+00:00,2017-07-31T09:15:00+00:00,13733,stop,-1.62072979036458,-15.203844187284991,True,False,7200,6.163835789702666,0.9178695295113338,0.5200838529522124,0.0037865403873147286,-2.303060057252591,-0.7634408602150525,0.5999999999994898,7.25
nzdusd_rsi2_m15_usd100000_smaller_stop_and_time,2017-07-31T09:30:00+00:00,2017-07-31T11:30:00+00:00,13742,signal_exit,0.5262400000000149,4.927340823970177,False,True,7200,5.650337233096294,0.8604646795810426,0.18277649412577837,-1.6802402139662802,-1.8962033185502358,-0.6406249999999485,0.49999999999994493,9.5
nzdusd_rsi2_m15_usd100000_smaller_stop_and_time,2017-07-31T12:30:00+00:00,2017-07-31T13:00:00+00:00,13754,stop,-1.3642827264453325,-12.774182831885136,True,False,1800,5.100761827927711,0.8032206637189626,-0.17487471847901614,-1.7012766068648248,-1.3279496638262578,-0.1666666666666281,0.2999999999997449,12.5
nzdusd_rsi2_m15_usd100000_smaller_stop_and_time,2017-07-31T13:15:00+00:00,2017-07-31T14:30:00+00:00,13757,signal_exit,0.39863999999988664,3.7290926099147486,False,True,4500,5.056258650130186,0.8020009027843186,-0.27528781459132395,-2.766096160242225,-2.1595689490830963,-0.02325581395338029,0.40000000000040004,13.25
nzdusd_rsi2_m15_usd100000_smaller_stop_and_time,2017-08-01T10:00:00+00:00,2017-08-01T11:15:00+00:00,13838,stop,-1.6914334523603896,-15.83739187603361,True,False,4500,6.582366350002002,1.064735934025448,0.058116617778885805,-2.3449410166151647,-2.429104616683684,-0.6782608695651636,0.3999999999992898,10.0
nzdusd_rsi2_m15_usd100000_smaller_stop_and_time,2017-08-01T12:15:00+00:00,2017-08-01T14:00:00+00:00,13847,signal_exit,0.3777999999999839,3.5308411214951767,False,True,6300,6.566271843385694,1.0574705027975029,-0.371959300277389,-4.315614855292865,-1.4926513491486877,-0.2692307692308144,0.49999999999994493,12.25
nzdusd_rsi2_m15_usd100000_smaller_stop_and_time,2017-08-01T15:30:00+00:00,2017-08-01T17:15:00+00:00,13860,signal_exit,0.569679999999939,5.3290926099152385,False,True,6300,9.213996868128898,1.3620784277783313,-0.6917155533612851,-3.3456291346380183,-0.5719666352688043,-0.6964285714286369,0.700000000000145,15.5
nzdusd_rsi2_m15_usd100000_smaller_stop_and_time,2017-08-02T07:45:00+00:00,2017-08-02T10:15:00+00:00,13922,signal_exit,-0.2860800000000861,-2.658736059480354,False,False,9000,6.2052136146803845,0.9576682710485416,-1.7587801904680738,-7.040946235347762,-0.8748356510663778,-0.7304347826086638,0.2999999999997449,7.75
nzdusd_rsi2_m15_usd100000_smaller_stop_and_time,2017-08-02T11:15:00+00:00,2017-08-02T12:00:00+00:00,13936,signal_exit,0.564669999999868,5.2429897864426,False,True,2700,6.261642179260297,0.9630532771760648,-1.5603102998568015,-6.843160670508849,-1.1337209900892184,-0.6949152542373487,0.40000000000040004,11.25
nzdusd_rsi2_m15_usd100000_smaller_stop_and_time,2017-08-04T12:45:00+00:00,2017-08-04T12:45:00+00:00,14125,stop,-1.7890273555120546,-16.6576103865182,True,False,0,6.947706496796895,1.1903323234548024,0.43920270073799594,0.9006417695135889,-1.8465182425426112,-0.1574344023323551,0.49999999999994493,12.75
nzdusd_rsi2_m15_usd100000_smaller_stop_and_time,2017-08-04T13:00:00+00:00,2017-08-04T14:00:00+00:00,14126,stop,-2.158911980880894,-20.045607993323063,True,False,3600,8.594298889882833,1.4115674587381468,0.3879297031755122,-3.3405294764523106,-3.9757835354234654,-0.8600000000000081,0.6000000000006,13.0
nzdusd_rsi2_m15_usd100000_smaller_stop_and_time,2017-08-04T14:15:00+00:00,2017-08-04T15:15:00+00:00,14131,signal_exit,1.1283999999999494,10.448148148147679,False,True,3600,9.972303611815876,1.5509096305607102,0.1592200225917161,-5.390610894160184,-2.396623981848996,-0.43165467625894455,0.3999999999992898,14.25
nzdusd_rsi2_m15_usd100000_smaller_stop_and_time,2017-08-07T07:00:00+00:00,2017-08-07T08:15:00+00:00,14191,stop,-1.5588527737788256,-14.407142086680457,True,False,4500,5.8293566255953255,0.9617828721770335,-0.9042733592926452,-6.742188383314859,-3.320277702224363,-0.9323671497584406,0.49999999999994493,7.0
nzdusd_rsi2_m15_usd100000_smaller_stop_and_time,2017-08-07T08:30:00+00:00,2017-08-07T09:30:00+00:00,14197,stop,-1.5329102292173653,-14.141238276912963,True,False,3600,5.79810991336412,0.9589553777441223,-1.200675088332688,-8.378920700781666,-1.8460315719458988,-0.7272727272726203,0.2999999999997449,8.5
nzdusd_rsi2_m15_usd100000_smaller_stop_and_time,2017-08-07T09:45:00+00:00,2017-08-07T12:45:00+00:00,14202,holding_bars,-0.6995600000000173,-6.441620626151171,False,False,10800,5.94279415582554,0.9809723417849644,-1.46701335023498,-9.642084766898432,-1.563208304435346,-0.7066666666665324,0.2999999999997449,9.75
nzdusd_rsi2_m15_usd100000_smaller_stop_and_time,2017-08-07T15:30:00+00:00,2017-08-07T17:15:00+00:00,14225,signal_exit,-0.44977999999994833,-4.141620626150536,False,False,6300,5.528876771311331,0.9259340093391767,-2.1055343103763784,-8.311151465585407,-0.973829002593066,-0.48571428571419506,0.49999999999994493,15.5
nzdusd_rsi2_m15_usd100000_smaller_stop_and_time,2017-08-08T13:00:00+00:00,2017-08-08T13:45:00+00:00,14304,stop,-1.3236420118598233,-12.188232153405371,True,False,2700,4.873305763626807,0.9709518277417952,-1.0076425884588498,-4.804728690467989,-1.6961959049630957,-0.8333333333333641,0.20000000000020002,13.0
nzdusd_rsi2_m15_usd100000_smaller_stop_and_time,2017-08-08T14:00:00+00:00,2017-08-08T14:00:00+00:00,14308,stop,-1.341460272748547,-12.340940871651766,True,False,0,5.000507234354087,0.9941086881016996,-1.01481787045472,-6.033723923029369,-1.9707543234754974,-0.07246376811592571,0.0999999999995449,14.0
nzdusd_rsi2_m15_usd100000_smaller_stop_and_time,2017-08-08T14:15:00+00:00,2017-08-08T14:30:00+00:00,14309,stop,-1.5037911559536963,-13.808917869179947,True,False,900,5.5861852890430725,1.092066228584339,-1.0280760022929163,-7.829145871550279,-2.728423800803908,-0.7651515151515725,0.40000000000040004,14.25
nzdusd_rsi2_m15_usd100000_smaller_stop_and_time,2017-08-08T14:45:00+00:00,2017-08-08T16:15:00+00:00,14311,signal_exit,0.7928099999999634,7.266819431713687,False,True,5400,6.321251601266702,1.2074524277393694,-1.103638543122135,-10.282116615064707,-2.6152348477518803,-0.5913043478260106,0.3999999999992898,14.75
nzdusd_rsi2_m15_usd100000_smaller_stop_and_time,2017-08-10T07:30:00+00:00,2017-08-10T08:15:00+00:00,14469,signal_exit,1.2753400000000084,11.583469573115424,False,True,2700,9.712405851235097,1.4313071376458177,-1.4480744858011259,-11.349182474615095,-1.739734916200322,-0.7541899441340747,0.49999999999994493,7.5
nzdusd_rsi2_m15_usd100000_smaller_stop_and_time,2017-08-10T10:15:00+00:00,2017-08-10T11:30:00+00:00,14480,signal_exit,0.2839999999999956,2.581818181818142,False,True,4500,7.6919248564404255,1.1424424009458214,-2.0600806336971744,-9.170254183851378,-0.862902183943315,-0.8307692307691572,0.2999999999997449,10.25
nzdusd_rsi2_m15_usd100000_smaller_stop_and_time,2017-08-10T14:15:00+00:00,2017-08-10T16:15:00+00:00,14496,signal_exit,0.22822000000000162,2.0785063752277013,False,True,7200,7.777593898444204,1.136963149066449,-1.8396354063252423,-6.312153727626121,0.4693845316301873,-0.4521739130434539,0.5999999999994898,14.25
nzdusd_rsi2_m15_usd100000_smaller_stop_and_time,2017-08-11T10:00:00+00:00,2017-08-11T10:45:00+00:00,14571,signal_exit,0.1842999999999577,1.6785063752273015,False,True,2700,5.596026379854185,0.886725929016874,-0.6679551850950796,-2.9218367623172985,-1.0682794759735794,-0.571428571428628,0.40000000000040004,10.0
nzdusd_rsi2_m15_usd100000_smaller_stop_and_time,2017-08-14T07:45:00+00:00,2017-08-14T10:45:00+00:00,14653,holding_bars,-0.3423500000000816,-3.126484018265585,False,False,10800,5.477658658205059,0.912579243890079,0.3179433435206057,-1.0347843881292025,-2.75421939228041,-0.8823529411764642,0.40000000000040004,7.75
nzdusd_rsi2_m15_usd100000_smaller_stop_and_time,2017-08-14T13:00:00+00:00,2017-08-14T14:30:00+00:00,14674,signal_exit,0.2931999999999457,2.6751824817513294,False,True,5400,4.583220277503097,0.8055508654222545,-0.3033918823840355,-2.483864181069945,-3.051619550904433,-0.8571428571429138,0.20000000000020002,13.0
nzdusd_rsi2_m15_usd100000_smaller_stop_and_time,2017-08-15T07:15:00+00:00,2017-08-15T08:30:00+00:00,14742,target,0.9123715822763071,8.309395102698607,False,True,4500,5.5654443637352236,1.0395327346441603,0.03976457871704869,-3.620822747504936,-3.001197099094274,-0.8749999999999479,0.5999999999994898,7.25
nzdusd_rsi2_m15_usd100000_smaller_stop_and_time,2017-08-15T09:45:00+00:00,2017-08-15T12:15:00+00:00,14751,signal_exit,-0.057390000000040076,-0.5231540565181411,False,False,9000,5.074451527895895,0.9574227149781778,-0.21022721364701652,-2.8848858614780424,-1.404016278559671,-0.879999999999698,0.3999999999992898,9.75
nzdusd_rsi2_m15_usd100000_smaller_stop_and_time,2017-08-15T12:45:00+00:00,2017-08-15T14:00:00+00:00,14763,stop,-1.71649821557516,-15.59035618142743,True,False,4500,6.4869128772711235,1.1907013798222879,-0.6502641331852566,-7.647081916702273,-3.6869528203244633,-0.9146757679180978,0.40000000000040004,12.75
nzdusd_rsi2_m15_usd100000_smaller_stop_and_time,2017-08-16T10:15:00+00:00,2017-08-16T11:30:00+00:00,14844,signal_exit,0.05391999999994751,0.4884057971009738,False,True,4500,4.81257515014875,0.9616275891727125,-1.2292380309102302,-4.5873592977194795,-0.1778239754324084,-1.0,0.30000000000085514,10.25
nzdusd_rsi2_m15_usd100000_smaller_stop_and_time,2017-08-17T07:15:00+00:00,2017-08-17T09:45:00+00:00,14925,stop,-1.519541415414486,-13.902483215137106,True,False,9000,5.636328524311665,1.0290354821693481,1.9066123670906472,5.228084442812649,-2.0166725552169456,-0.8452380952380182,0.3999999999992898,7.25
nzdusd_rsi2_m15_usd100000_smaller_stop_and_time,2017-08-17T10:00:00+00:00,2017-08-17T10:45:00+00:00,14936,stop,-1.4772790662255113,-13.503464956357506,True,False,2700,5.387655695728993,0.9860641624684553,1.5392960602453845,2.853134283158489,-1.8646832009910972,-0.6122448979591282,0.49999999999994493,10.0
nzdusd_rsi2_m15_usd100000_smaller_stop_and_time,2017-08-17T11:00:00+00:00,2017-08-17T11:45:00+00:00,14940,signal_exit,0.13944999999991398,1.2735159817343742,False,True,2700,5.21251130585477,0.9596640733345307,1.2633042694074008,1.1088329766749614,-1.9381478042483429,-0.3593749999999404,0.49999999999994493,11.0
nzdusd_rsi2_m15_usd100000_smaller_stop_and_time,2017-08-17T13:00:00+00:00,2017-08-17T13:30:00+00:00,14948,signal_exit,0.7088499999999972,6.473515981735134,False,True,1800,5.963553491106463,1.0754094901291407,0.7930590847613007,1.2669524345790057,-1.0979440168164474,-0.5454545454545454,0.3999999999992898,13.0
nzdusd_rsi2_m15_usd100000_smaller_stop_and_time,2017-08-18T12:00:00+00:00,2017-08-18T13:15:00+00:00,15034,signal_exit,0.618250000000031,5.666819431714308,False,True,4500,4.965919249496876,0.9386648349354053,1.077114438478766,4.808280203285739,0.10026693387810029,-0.5660377358490803,0.2999999999997449,12.0
nzdusd_rsi2_m15_usd100000_smaller_stop_and_time,2017-08-18T14:45:00+00:00,2017-08-18T15:15:00+00:00,15045,signal_exit,0.7827999999998918,7.168498168497177,False,True,1800,6.715881025431298,1.2036363544587192,1.195928585847685,2.9661411117383247,-2.196858791435228,-0.6499999999999537,0.49999999999994493,14.75
nzdusd_rsi2_m15_usd100000_smaller_stop_and_time,2017-08-21T15:45:00+00:00,2017-08-21T17:15:00+00:00,15138,signal_exit,-0.4291100000000474,-3.9331805682864105,False,False,5400,4.685785431812346,0.9837475543853614,0.7383822712658495,3.3264853234724496,0.14883942459691651,-0.5781250000001681,0.49999999999994493,15.75
nzdusd_rsi2_m15_usd100000_smaller_stop_and_time,2017-08-22T07:00:00+00:00,2017-08-22T07:30:00+00:00,15193,stop,-1.1247793074698742,-10.300176808332182,True,False,1800,3.884337488415036,0.9103792521319449,0.4789273878009068,-0.36113132191278113,-2.6570746416816213,-0.9767441860466137,0.2999999999997449,7.0
nzdusd_rsi2_m15_usd100000_smaller_stop_and_time,2017-08-22T07:45:00+00:00,2017-08-22T08:00:00+00:00,15196,stop,-1.2493986575814984,-11.430911780251586,True,False,900,4.400542806868823,1.0149599831520697,0.3280470366247517,-2.137024227903192,-2.543610059279209,-0.4807692307691076,0.3999999999992898,7.75
nzdusd_rsi2_m15_usd100000_smaller_stop_and_time,2017-08-22T08:15:00+00:00,2017-08-22T09:30:00+00:00,15198,stop,-1.3177846419644024,-12.034562940314176,True,False,4500,4.654039461024662,1.063917083356984,0.2174697473141228,-4.109256048308881,-2.609579445913746,-1.0,0.49999999999994493,8.25
nzdusd_rsi2_m15_usd100000_smaller_stop_and_time,2017-08-22T09:45:00+00:00,2017-08-22T12:15:00+00:00,15204,signal_exit,-0.15612000000007792,-1.423154056518486,False,False,9000,5.36549955492995,1.1921682906859776,-0.18673083474172808,-7.47030646496162,-2.1164477475940235,-0.8870967741935267,0.30000000000085514,9.75
nzdusd_rsi2_m15_usd100000_smaller_stop_and_time,2017-08-23T08:45:00+00:00,2017-08-23T09:30:00+00:00,15292,signal_exit,0.3872400000000338,3.494945848375756,False,True,2700,6.586431660307023,1.2464847377025208,-2.611321972794042,-13.056823312100255,-1.8671724039547606,-0.8414634146340638,0.3999999999992898,8.75
nzdusd_rsi2_m15_usd100000_smaller_stop_and_time,2017-08-23T13:00:00+00:00,2017-08-23T14:15:00+00:00,15309,signal_exit,0.697479999999852,6.294945848374115,False,True,4500,6.845299523495853,1.2443714089993774,-2.562833091169139,-11.28013863000401,-1.6678287789970223,-0.9646017699115662,0.5000000000010552,13.0
nzdusd_rsi2_m15_usd100000_smaller_stop_and_time,2017-08-24T11:15:00+00:00,2017-08-24T11:45:00+00:00,15397,signal_exit,0.44263999999990467,3.9949458483745905,False,True,1800,5.649879568279981,1.0201585238600017,-1.5749589344575374,-5.167223648752586,0.7575858307771383,-0.35416666666664737,0.0999999999995449,11.25
nzdusd_rsi2_m15_usd100000_smaller_stop_and_time,2017-08-25T10:15:00+00:00,2017-08-25T12:45:00+00:00,15485,stop,-1.2795544016288216,-11.558757015617177,True,False,9000,4.476036141051403,0.9304879049372812,-0.4371283633273043,-0.6867115237021505,0.453477499295704,-0.7749999999999202,0.40000000000040004,10.25
nzdusd_rsi2_m15_usd100000_smaller_stop_and_time,2017-08-25T13:00:00+00:00,2017-08-25T13:15:00+00:00,15496,target,0.6773257531445014,6.113048313578532,False,True,900,4.309051232602331,0.9093745308538228,-0.18619554816673528,-2.072152230905961,-1.6920084966818205,0.0,0.30000000000085514,13.0
nzdusd_rsi2_m15_usd100000_smaller_stop_and_time,2017-08-25T15:45:00+00:00,2017-08-25T16:45:00+00:00,15507,signal_exit,1.3705199999999742,12.3916817359853,False,True,3600,9.937699391900289,1.7142626954656737,0.101594226277901,0.3628143703426381,-0.018611676183729255,-0.9426229508196602,0.1999999999990898,15.75
nzdusd_rsi2_m15_usd100000_smaller_stop_and_time,2017-08-28T10:00:00+00:00,2017-08-28T11:30:00+00:00,15576,target,0.7718125973076113,6.991056135032711,False,True,5400,4.951325168965792,0.900694685529327,0.30328325101713555,0.42889033428852485,-1.0249515962034588,-0.7027027027025851,0.700000000000145,10.0
nzdusd_rsi2_m15_usd100000_smaller_stop_and_time,2017-08-28T13:15:00+00:00,2017-08-28T14:30:00+00:00,15588,signal_exit,-0.02352000000006843,-0.21323662738049348,False,False,4500,4.573624326994951,0.8536796125442391,0.34606718974213024,1.3765229483804466,-0.06510705846910855,-0.6363636363634987,0.40000000000040004,13.25
nzdusd_rsi2_m15_usd100000_smaller_stop_and_time,2017-08-29T14:00:00+00:00,2017-08-29T16:15:00+00:00,15685,stop,-2.046698163046163,-18.640238279108953,True,False,8100,7.609372327168066,1.1809287879578534,1.4512133001261063,4.843566451934615,-0.8156053998818914,-0.7099999999999878,1.2000000000000899,14.0
nzdusd_rsi2_m15_usd100000_smaller_stop_and_time,2017-08-30T09:30:00+00:00,2017-08-30T10:45:00+00:00,15759,signal_exit,-0.11176000000015668,-1.0132366273812936,False,False,4500,6.523480028411228,0.9756411392081697,0.12235122364856472,-1.2634415285332472,-1.6333804721237108,-0.6326530612244251,0.30000000000085514,9.5
nzdusd_rsi2_m15_usd100000_smaller_stop_and_time,2017-08-30T11:15:00+00:00,2017-08-30T12:15:00+00:00,15766,stop,-1.4915809295559859,-13.510696825688276,True,False,3600,5.5495513113947785,0.8530606909459862,-0.12026703853534765,-1.923060074397108,-1.7276922378969206,-0.9583333333332947,0.20000000000020002,11.25
nzdusd_rsi2_m15_usd100000_smaller_stop_and_time,2017-08-30T12:30:00+00:00,2017-08-30T12:30:00+00:00,15771,stop,-1.6196223836584167,-14.65721614170513,True,False,0,5.923630695286305,0.9094829471867851,-0.2616118609619455,-3.2809612770780996,-1.991946895815088,-0.225352112676129,0.6000000000006,12.5
nzdusd_rsi2_m15_usd100000_smaller_stop_and_time,2017-08-30T12:45:00+00:00,2017-08-30T13:15:00+00:00,15772,stop,-1.7550064991113783,-15.882411756664055,True,False,1800,6.7362285027658615,1.0167051609491633,-0.2805973719350129,-3.1932267271368935,-1.7692267442845921,0.0,0.20000000000020002,12.75
nzdusd_rsi2_m15_usd100000_smaller_stop_and_time,2017-08-30T13:30:00+00:00,2017-08-30T14:30:00+00:00,15775,stop,-1.8720132857710399,-16.91068912168961,True,False,3600,7.102002194087644,1.0625663897894677,-0.4046769388985707,-4.728205309936198,-2.2352297536873698,-0.4545454545454087,0.49999999999994493,13.5
nzdusd_rsi2_m15_usd100000_smaller_stop_and_time,2017-08-31T11:15:00+00:00,2017-08-31T12:45:00+00:00,15859,signal_exit,-0.020960000000069423,-0.1873100983026758,False,False,5400,7.303952626156886,1.0976035533470647,-2.1800843144474347,-10.483428871476208,-2.301305340826095,-0.7441860465115738,0.2999999999997449,11.25
nzdusd_rsi2_m15_usd100000_smaller_stop_and_time,2017-09-01T07:00:00+00:00,2017-09-01T08:30:00+00:00,15934,signal_exit,0.4925399999999486,4.40948970456534,False,True,5400,5.847547425467411,0.935749757856751,-0.710336432715826,-5.431055113261663,-1.7399838945794806,-0.472727272727192,0.700000000000145,7.0
nzdusd_rsi2_m15_usd100000_smaller_stop_and_time,2017-09-04T07:00:00+00:00,2017-09-04T08:00:00+00:00,16028,signal_exit,-0.021600000000069175,-0.1937219730947908,False,False,3600,5.3699028303781144,0.8557826655446331,-0.1786808506006271,-1.7492615542820271,-2.418740353479901,-0.2929292929292918,0.49999999999994493,7.0
nzdusd_rsi2_m15_usd100000_smaller_stop_and_time,2017-09-04T10:45:00+00:00,2017-09-04T12:00:00+00:00,16043,signal_exit,0.7365999999999464,6.606278026905349,False,True,4500,5.4932335297909765,0.8841905851842805,-0.13444311151422067,-1.0520609530037037,-0.49067897691142975,-0.7499999999998739,0.2999999999997449,10.75
nzdusd_rsi2_m15_usd100000_smaller_stop_and_time,2017-09-04T13:00:00+00:00,2017-09-04T14:30:00+00:00,16052,signal_exit,-0.47850000000009296,-4.295332136446077,False,False,5400,4.703869590933505,0.7835309597489888,-0.09775221240685379,-0.41467917952604005,-0.743846818967675,-0.8888888888889163,0.40000000000040004,13.0
nzdusd_rsi2_m15_usd100000_smaller_stop_and_time,2017-09-05T11:30:00+00:00,2017-09-05T12:15:00+00:00,16134,signal_exit,0.5227999999999204,4.701438848920147,False,True,2700,5.056222523265692,0.9750628977146962,0.36450367035437886,2.1911989118009036,0.4022241779568079,-0.7222222222221194,0.40000000000040004,11.5
nzdusd_rsi2_m15_usd100000_smaller_stop_and_time,2017-09-06T07:00:00+00:00,2017-09-06T08:00:00+00:00,16209,target,0.9324591625145918,8.43091467011385,False,True,3600,5.569616467064341,0.9304632793905661,1.0891855985717902,2.577841871220121,-1.9019886323424346,-0.618421052631554,0.49999999999994493,7.0
nzdusd_rsi2_m15_usd100000_smaller_stop_and_time,2017-09-06T09:30:00+00:00,2017-09-06T10:30:00+00:00,16219,stop,-1.5419558172174122,-13.941734332887993,True,False,3600,5.716708034436379,0.957034147755511,0.8491756624365299,2.4103923351175083,-1.0839576878591135,-0.6666666666669134,0.30000000000085514,9.5
nzdusd_rsi2_m15_usd100000_smaller_stop_and_time,2017-09-06T10:45:00+00:00,2017-09-06T12:00:00+00:00,16224,signal_exit,0.3761599999999612,3.3949458483751007,False,True,4500,6.154679553589906,1.0202082955715435,0.7591855123375061,0.3322307893808595,-2.622747387522472,-0.7160493827161002,0.0,10.75
nzdusd_rsi2_m15_usd100000_smaller_stop_and_time,2017-09-06T13:00:00+00:00,2017-09-06T14:00:00+00:00,16233,target,0.9522358764068605,8.59418661017022,False,True,3600,5.599620380897389,0.9434960777551209,0.47655394381758853,-0.3366066939630884,-1.4831968780065214,-0.4333333333332593,0.3999999999992898,13.0
nzdusd_rsi2_m15_usd100000_smaller_stop_and_time,2017-09-08T07:30:00+00:00,2017-09-08T10:15:00+00:00,16396,signal_exit,0.17195999999988618,1.571846435099508,False,True,9900,11.40486423868546,1.4558072855528255,2.4650022363927913,8.325130402941552,-1.129228986077366,-0.6142857142856645,0.49999999999994493,7.5
nzdusd_rsi2_m15_usd100000_smaller_stop_and_time,2017-09-08T12:45:00+00:00,2017-09-08T13:45:00+00:00,16417,stop,-2.096289564032193,-19.14419693180085,True,False,3600,8.408856456768085,1.0760373988546836,1.9524867211991002,5.974519718904744,-1.3685694263004955,-0.8079470198675428,0.0999999999995449,12.75
nzdusd_rsi2_m15_usd100000_smaller_stop_and_time,2017-09-08T14:00:00+00:00,2017-09-08T15:30:00+00:00,16422,signal_exit,-0.15604000000007806,-1.4198362147413834,False,False,5400,8.471083366310909,1.079437112060396,1.7318340556173193,2.830219318880734,-2.5434299663579543,-0.7935483870967178,0.2999999999997449,14.0
nzdusd_rsi2_m15_usd100000_smaller_stop_and_time,2017-09-11T11:15:00+00:00,2017-09-11T12:30:00+00:00,16503,stop,-1.8390585293383284,-16.76443508968394,True,False,4500,7.120640516582225,0.9961099548194902,0.5711659533419334,3.4387297913687456,0.564936595346447,-0.626506024096479,0.30000000000085514,11.25
nzdusd_rsi2_m15_usd100000_smaller_stop_and_time,2017-09-11T12:45:00+00:00,2017-09-11T13:45:00+00:00,16509,signal_exit,0.17400000000000768,1.5818181818182515,False,True,3600,7.175491827279103,1.0033869245222862,0.6744750047291823,1.3349422880283226,-1.4783921963175575,-0.05357142857138255,0.1999999999990898,12.75
nzdusd_rsi2_m15_usd100000_smaller_stop_and_time,2017-09-11T15:00:00+00:00,2017-09-11T16:00:00+00:00,16518,stop,-1.9086669375029213,-17.335757833813997,True,False,3600,7.459613703464567,1.036124787407292,0.6287334593568102,-0.011159829907560466,-1.7273762140527147,-0.7596899224806836,0.20000000000020002,15.0
nzdusd_rsi2_m15_usd100000_smaller_stop_and_time,2017-09-12T11:30:00+00:00,2017-09-12T14:30:00+00:00,16597,holding_bars,-1.141700000000091,-10.42648401826567,False,False,10800,9.808442727696052,1.2692287924911476,1.1172688720348232,4.353032594084073,-0.5825263094325237,-0.8437500000001265,0.30000000000085514,11.5
nzdusd_rsi2_m15_usd100000_smaller_stop_and_time,2017-09-13T09:00:00+00:00,2017-09-13T10:45:00+00:00,16680,signal_exit,-0.16712000000014965,-1.5248175182495405,False,False,6300,7.036276785250963,0.9541839997404568,0.6370529852260558,1.6083659344453438,-1.0392575485922049,-0.8196721311475424,0.40000000000040004,9.0
nzdusd_rsi2_m15_usd100000_smaller_stop_and_time,2017-09-13T12:15:00+00:00,2017-09-13T13:00:00+00:00,16693,stop,-1.5172532175753246,-13.8309317919355,True,False,2700,5.703888867708706,0.805995116144903,0.48737914739295657,0.6009601367917048,-1.068977310516017,-0.22727272727270434,0.20000000000020002,12.25
nzdusd_rsi2_m15_usd100000_smaller_stop_and_time,2017-09-13T13:15:00+00:00,2017-09-13T14:15:00+00:00,16697,stop,-1.6946426888575146,-15.41986068114208,True,False,3600,6.450012233200497,0.9036639713116016,0.33349358527070255,-1.431735701010174,-2.385319176084085,-0.8125000000000362,0.2999999999997449,13.25
nzdusd_rsi2_m15_usd100000_smaller_stop_and_time,2017-09-13T14:30:00+00:00,2017-09-13T15:15:00+00:00,16702,stop,-1.9738714842045757,-17.92798804908788,True,False,2700,7.65572881110125,1.048584198676753,0.06892227936354325,-3.1917213173316332,-2.3531133726284934,-0.7319587628866805,0.40000000000040004,14.5
nzdusd_rsi2_m15_usd100000_smaller_stop_and_time,2017-09-14T07:00:00+00:00,2017-09-14T08:00:00+00:00,16763,signal_exit,0.6832000000000253,6.188405797101678,False,True,3600,7.190048407548057,1.013410687600694,-0.5111270787429235,-3.8389719905738064,-2.301693800871071,-0.7435897435897728,0.700000000000145,7.0
nzdusd_rsi2_m15_usd100000_smaller_stop_and_time,2017-09-14T09:45:00+00:00,2017-09-14T11:30:00+00:00,16774,stop,-1.676537647261541,-15.186029413600913,True,False,6300,6.287217605351557,0.9052341830166236,-0.6943923551754351,-3.7934638903928266,-1.391184828048201,-0.4339622641508288,0.3999999999992898,9.75
nzdusd_rsi2_m15_usd100000_smaller_stop_and_time,2017-09-14T11:45:00+00:00,2017-09-14T12:30:00+00:00,16782,stop,-1.730888303845989,-15.635847369882466,True,False,2700,6.564581318183605,0.9488367721160514,-0.8523127009177641,-5.669009336518212,-2.621344239994996,-0.5000000000000867,0.30000000000085514,11.75
nzdusd_rsi2_m15_usd100000_smaller_stop_and_time,2017-09-14T12:45:00+00:00,2017-09-14T12:45:00+00:00,16786,target,1.5642332449748177,14.104898511946056,False,True,0,8.404162511158003,1.1716208459292592,-0.9607313868908964,-7.293831112093994,-2.378705006823607,-0.2380952380952453,0.49999999999994493,12.75
nzdusd_rsi2_m15_usd100000_smaller_stop_and_time,2017-09-18T07:45:00+00:00,2017-09-18T08:30:00+00:00,16952,signal_exit,0.5007999999999715,4.573515981734899,False,True,2700,6.835305166743539,0.945431842628721,1.5557692733657544,3.3999379627967086,-2.087331569764242,-0.7205882352940889,0.3999999999992898,7.75
nzdusd_rsi2_m15_usd100000_smaller_stop_and_time,2017-09-18T10:15:00+00:00,2017-09-18T11:15:00+00:00,16962,signal_exit,0.007859999999904221,0.07184643509967295,False,True,3600,6.9464143162406,0.9599996200177219,1.1769457708049849,3.517181006126038,-0.8924028332067916,-0.7884615384614646,0.49999999999994493,10.25
nzdusd_rsi2_m15_usd100000_smaller_stop_and_time,2017-09-18T11:45:00+00:00,2017-09-18T14:30:00+00:00,16968,stop,-1.8936193996251314,-17.261799449636566,True,False,9900,7.269322696559127,1.0024778510310401,0.9701486036941029,0.8311687390095155,-2.982601674265306,-0.8541666666667133,0.49999999999994493,11.75
nzdusd_rsi2_m15_usd100000_smaller_stop_and_time,2017-09-18T14:45:00+00:00,2017-09-18T16:00:00+00:00,16980,stop,-1.717384157615798,-15.626789423255667,True,False,4500,6.653476604257404,0.935548792485573,0.4682192102810061,-1.283975423663427,-1.7199628803639633,-0.3846153846153189,0.0999999999995449,14.75
nzdusd_rsi2_m15_usd100000_smaller_stop_and_time,2017-09-19T14:15:00+00:00,2017-09-19T15:00:00+00:00,17071,signal_exit,1.1456199999999488,10.471846435100082,False,True,2700,7.3407434024638745,1.094008014087106,0.8326858124450262,3.5161340539313644,0.110829831446008,-0.5909090909090565,0.49999999999994493,14.25
nzdusd_rsi2_m15_usd100000_smaller_stop_and_time,2017-09-20T13:00:00+00:00,2017-09-20T13:30:00+00:00,17156,target,1.4557606557891694,13.429526344918536,False,True,1800,8.037272397551241,1.085928315804267,1.8955326213676613,7.41302722679321,0.18850487252687334,-0.4583333333332948,0.3999999999992898,13.0
nzdusd_rsi2_m15_usd100000_smaller_stop_and_time,2017-09-21T07:15:00+00:00,2017-09-21T08:00:00+00:00,17225,signal_exit,1.5832199999999006,14.471846435099641,False,True,2700,10.072802923090626,1.1563386299047897,-0.15818401281728833,-3.112660683347738,-2.1742052851497915,-0.6734693877550713,0.49999999999994493,7.25
nzdusd_rsi2_m15_usd100000_smaller_stop_and_time,2017-09-21T10:00:00+00:00,2017-09-21T12:15:00+00:00,17236,signal_exit,-0.0034400000000459063,-0.03150183150225189,False,False,8100,8.9887163632383,1.040918558839665,-0.27212305130643544,-1.4951695303782384,-0.4018524129357283,-0.7894736842104911,0.2999999999997449,10.0
nzdusd_rsi2_m15_usd100000_smaller_stop_and_time,2017-09-25T10:00:00+00:00,2017-09-25T13:00:00+00:00,17417,holding_bars,-0.4967300000001137,-4.519836214741708,False,False,10800,8.311309929800213,1.1365848544756272,-0.98054598644779,-4.3579992408516075,-0.8054726039556942,-0.5567010309278043,0.6000000000006,10.0
nzdusd_rsi2_m15_usd100000_smaller_stop_and_time,2017-09-26T07:00:00+00:00,2017-09-26T07:45:00+00:00,17499,stop,-1.7289879426820658,-15.646949707530005,True,False,2700,6.418497478198861,0.922044352641868,-1.3608366518785016,-6.7179962850493755,-2.6568072955014377,-0.6749999999999619,0.6000000000006,7.0
nzdusd_rsi2_m15_usd100000_smaller_stop_and_time,2017-09-26T08:00:00+00:00,2017-09-26T10:15:00+00:00,17503,stop,-1.902548499381436,-17.202065998023834,True,False,8100,7.24687386700427,1.0259618878508745,-1.3747194356979722,-7.93726920869941,-2.4724042587185195,-0.4013605442176809,0.49999999999994493,8.0
nzdusd_rsi2_m15_usd100000_smaller_stop_and_time,2017-09-26T12:00:00+00:00,2017-09-26T13:30:00+00:00,17519,signal_exit,0.0661599999998968,0.596573489629367,False,True,5400,6.872947961618186,0.9804168356285944,-1.8114393252904173,-8.8919905305671,-1.8041316717707978,-0.3717948717948864,0.30000000000085514,12.0
nzdusd_rsi2_m15_usd100000_smaller_stop_and_time,2017-09-26T14:30:00+00:00,2017-09-26T14:45:00+00:00,17529,stop,-1.731861786427168,-15.602358436280792,True,False,900,6.600278317240011,0.9514954244919259,-2.0554269053635448,-9.646547493486489,-1.8373283324197482,-0.44999999999988205,0.1999999999990898,14.5
nzdusd_rsi2_m15_usd100000_smaller_stop_and_time,2017-09-26T15:00:00+00:00,2017-09-26T16:30:00+00:00,17531,target,1.2989691333039608,11.670881700844213,False,True,5400,7.183913447007959,1.0239291156481725,-2.084733805995027,-11.361254625070393,-2.7961333599494176,-0.8015267175572279,0.49999999999994493,15.0
nzdusd_rsi2_m15_usd100000_smaller_stop_and_time,2017-09-27T07:00:00+00:00,2017-09-27T07:30:00+00:00,17592,target,0.9595161820385442,8.628742644231512,False,True,1800,5.7136518976558905,0.8609398127104614,-1.2146217649185573,-7.838994637286379,-2.720353116585006,-0.867924528301958,0.6000000000006,7.0
nzdusd_rsi2_m15_usd100000_smaller_stop_and_time,2017-09-27T12:30:00+00:00,2017-09-27T13:30:00+00:00,17614,signal_exit,0.1995999999999067,1.7981981981973578,False,True,3600,6.722745022093615,0.9969845666125129,-1.198418144265475,-4.790272379147557,-0.6341907858793822,-0.7653061224490235,1.60000000000049,12.5
nzdusd_rsi2_m15_usd100000_smaller_stop_and_time,2017-09-28T07:15:00+00:00,2017-09-28T07:30:00+00:00,17688,target,1.8087315693615484,16.236369563389125,False,True,900,9.465850849917096,1.2888117971275392,-0.7074214665404168,-6.1087842507741685,-2.0880533859629886,-0.577777777777796,0.49999999999994493,7.25
nzdusd_rsi2_m15_usd100000_smaller_stop_and_time,2017-09-29T09:00:00+00:00,2017-09-29T09:45:00+00:00,17787,signal_exit,0.4758799999999994,4.294945848375446,False,True,2700,5.880946881438182,0.883567875714867,-0.04732709582309288,-0.5954438576365494,-0.8229064433204706,-0.5675675675675635,0.49999999999994493,9.0
nzdusd_rsi2_m15_usd100000_smaller_stop_and_time,2017-09-29T12:00:00+00:00,2017-09-29T12:30:00+00:00,17799,stop,-1.4444718533092684,-13.060324170969876,True,False,1800,5.226002953477027,0.8109284768205282,0.08460932901952224,0.6029293681997324,0.6112822928985223,-0.18518518518516996,0.40000000000040004,12.0
nzdusd_rsi2_m15_usd100000_smaller_stop_and_time,2017-09-29T14:00:00+00:00,2017-09-29T14:45:00+00:00,17807,target,1.693730170128568,15.300182205316784,False,True,2700,9.003433469415787,1.2870884503723314,0.20114572553649546,-0.28086836352059796,-0.9533477350541469,-0.7781954887218119,0.49999999999994493,14.0
nzdusd_rsi2_m15_usd100000_smaller_stop_and_time,2017-10-02T07:45:00+00:00,2017-10-02T08:45:00+00:00,17874,target,1.1710124332064449,10.511781267562341,False,True,3600,6.603556702004165,1.007176277015406,-0.8167595222259009,-6.296113857499369,-3.062383321337312,-0.8152173913044488,0.49999999999994493,7.75
nzdusd_rsi2_m15_usd100000_smaller_stop_and_time,2017-10-02T15:45:00+00:00,2017-10-02T18:00:00+00:00,17906,signal_exit,-0.4883400000000421,-4.403426510370082,False,False,8100,6.9810207973863605,1.052994118169467,-0.36323347006207024,-0.8240613547227277,0.21296174034979246,-0.43181818181823917,0.40000000000040004,15.75
nzdusd_rsi2_m15_usd100000_smaller_stop_and_time,2017-10-03T09:00:00+00:00,2017-10-03T10:00:00+00:00,17973,signal_exit,0.29059999999999553,2.6062780269057897,False,True,3600,7.565818359838063,1.1986975008043024,-1.1783156192068134,-4.891671351467374,-0.4980758730628077,-0.9076923076923917,0.6000000000006,9.0
nzdusd_rsi2_m15_usd100000_smaller_stop_and_time,2017-10-03T12:30:00+00:00,2017-10-03T14:00:00+00:00,17987,signal_exit,-0.12202000000010754,-1.0953321364462076,False,False,5400,6.286468496338328,1.015687066647258,-0.8637277841921375,-3.6219054244144853,-0.5019387248615773,-1.0,0.30000000000085514,12.5
nzdusd_rsi2_m15_usd100000_smaller_stop_and_time,2017-10-03T14:45:00+00:00,2017-10-03T17:15:00+00:00,17996,signal_exit,-0.3004400000000385,-2.692114695340847,False,False,9000,7.1674469063050115,1.1319725478686096,-0.8525434846994562,-4.83066545523936,-2.03277454535372,-0.6090225563909869,0.5999999999994898,14.75
nzdusd_rsi2_m15_usd100000_smaller_stop_and_time,2017-10-04T07:00:00+00:00,2017-10-04T08:15:00+00:00,18059,signal_exit,0.379279999999961,3.404667863554407,False,True,4500,6.758486907661327,1.091507333443134,0.15199727774013622,-1.5151409188018932,-1.6892742269192182,-0.6301369863012324,0.49999999999994493,7.0
nzdusd_rsi2_m15_usd100000_smaller_stop_and_time,2017-10-04T13:30:00+00:00,2017-10-04T14:00:00+00:00,18085,stop,-1.7627091493021547,-15.823241914741065,True,False,1800,6.613954889148288,1.064753008408412,-0.19581690142404726,-1.861717666085087,-1.1917718760755482,-0.6931818181818239,0.3999999999992898,13.5
nzdusd_rsi2_m15_usd100000_smaller_stop_and_time,2017-10-04T14:15:00+00:00,2017-10-04T17:00:00+00:00,18088,signal_exit,-0.21116000000007312,-1.8921146953411567,False,False,9900,7.194773648490855,1.140538162029278,-0.23150496032808715,-3.02079681828384,-2.250384008694314,-0.6126760563380645,0.30000000000085514,14.25
nzdusd_rsi2_m15_usd100000_smaller_stop_and_time,2017-10-05T11:30:00+00:00,2017-10-05T12:15:00+00:00,18168,signal_exit,0.15743999999998545,1.4094897045656711,False,True,2700,5.554017632661275,0.9621182093496484,-0.5471881611414366,-3.2242768388252405,-2.178682643138577,-0.5454545454545914,0.3999999999992898,11.5
nzdusd_rsi2_m15_usd100000_smaller_stop_and_time,2017-10-05T13:00:00+00:00,2017-10-05T13:15:00+00:00,18174,stop,-1.5380933378779118,-13.757543272611017,True,False,900,5.584317253478649,0.9703946200458965,-0.5818053436399049,-4.246877838881997,-2.0824508995103135,-0.3906249999999729,0.40000000000040004,13.0
nzdusd_rsi2_m15_usd100000_smaller_stop_and_time,2017-10-05T13:30:00+00:00,2017-10-05T15:45:00+00:00,18176,stop,-1.6678804279125297,-14.878505155330327,True,False,8100,6.197191917540329,1.0609834198845725,-0.6490908449928529,-6.416517788844731,-2.86404439937872,-0.7111111111110435,0.2999999999997449,13.5
nzdusd_rsi2_m15_usd100000_smaller_stop_and_time,2017-10-06T09:00:00+00:00,2017-10-06T11:15:00+00:00,18250,signal_exit,-0.5941000000000816,-5.276198934281363,False,False,8100,6.260348081691938,1.0958767426786988,-1.797177900157924,-7.1712828771048125,-0.7788473815419605,-0.568181818181887,0.40000000000040004,9.0
nzdusd_rsi2_m15_usd100000_smaller_stop_and_time,2017-10-06T12:45:00+00:00,2017-10-06T14:30:00+00:00,18265,signal_exit,0.6814000000000033,6.03008849557525,False,True,6300,7.453924307605984,1.2541639574781522,-1.6967506777548798,-10.190936579634096,-2.8611109205624716,-0.5874439461883181,0.5999999999994898,12.75
nzdusd_rsi2_m15_usd100000_smaller_stop_and_time,2017-10-09T13:00:00+00:00,2017-10-09T14:00:00+00:00,18361,stop,-1.3232579954332753,-11.720619977265503,True,False,3600,4.574570396072732,0.8105590909527428,-0.9226016081392071,-3.9307430276284125,-1.0695691815723685,-0.4838709677420048,0.40000000000040004,13.0
nzdusd_rsi2_m15_usd100000_smaller_stop_and_time,2017-10-09T14:15:00+00:00,2017-10-09T15:00:00+00:00,18366,signal_exit,-0.09830000000008648,-0.8699115044255441,False,False,2700,4.478024346382781,0.8033739169542196,-0.9084782559573087,-5.040208929744685,-1.9924161141765124,-0.13999999999982238,0.2999999999997449,14.25
nzdusd_rsi2_m15_usd100000_smaller_stop_and_time,2017-10-10T07:30:00+00:00,2017-10-10T08:00:00+00:00,18431,target,0.9854022612564012,8.712663671586217,False,True,1800,5.690505133759802,1.079290417853452,-0.5990506830881625,-4.08402436432336,-2.4085646350906504,-0.6557377049181432,0.49999999999994493,7.5
nzdusd_rsi2_m15_usd100000_smaller_stop_and_time,2017-10-10T11:30:00+00:00,2017-10-10T14:00:00+00:00,18447,signal_exit,0.10509999999999148,0.9300884955751457,False,True,9000,6.278983979208009,1.143263407234162,-0.585815430527176,-2.6646211294168034,-0.8934395735061313,-0.8108108108107621,0.0999999999995449,11.5
nzdusd_rsi2_m15_usd100000_smaller_stop_and_time,2017-10-11T07:00:00+00:00,2017-10-11T08:00:00+00:00,18522,signal_exit,0.4328000000000056,3.8300884955752705,False,True,3600,5.937119974657769,1.070861309794885,0.04706355758456052,-2.0260480475165883,-3.0821031590749377,-0.6710526315789762,0.49999999999994493,7.0
nzdusd_rsi2_m15_usd100000_smaller_stop_and_time,2017-10-11T11:15:00+00:00,2017-10-11T12:00:00+00:00,18539,signal_exit,0.7613500000000197,6.731653404067371,False,True,2700,5.065162716839432,0.9318467263390319,-0.32534428087978184,-2.3287858576397045,-1.5403325969974107,-0.6400000000000444,0.3999999999992898,11.25
nzdusd_rsi2_m15_usd100000_smaller_stop_and_time,2017-10-11T14:30:00+00:00,2017-10-11T16:00:00+00:00,18552,signal_exit,0.26329999999989884,2.330088495574326,False,True,5400,6.0698385549527645,1.0912233805695388,-0.17592669260709384,-0.9439875367329952,-0.3257583256086307,-0.5217391304348036,0.10000000000065512,14.5
nzdusd_rsi2_m15_usd100000_smaller_stop_and_time,2017-10-13T09:15:00+00:00,2017-10-13T10:00:00+00:00,18714,signal_exit,0.6280599999999585,5.612689901697574,False,True,2700,6.042598906809891,1.0264637993909005,1.2198451426350092,4.533592589276273,-0.007354617102764506,-0.8039215686276516,0.2999999999997449,9.25
nzdusd_rsi2_m15_usd100000_smaller_stop_and_time,2017-10-13T11:30:00+00:00,2017-10-13T12:15:00+00:00,18723,stop,-1.5078063897450253,-13.486640337612032,True,False,2700,5.398865785979349,0.9341583995004255,1.272962497578888,4.491193866674918,-0.634709507263399,-0.5384615384614465,0.49999999999994493,11.5
nzdusd_rsi2_m15_usd100000_smaller_stop_and_time,2017-10-17T10:15:00+00:00,2017-10-17T12:45:00+00:00,18905,stop,-1.6170346416477632,-14.52861313250461,True,False,9000,5.965833969666614,1.0093838204874195,0.2123784211155653,1.2438663844093243,0.18218938878555474,-0.4807692307691076,0.3999999999992898,10.25
nzdusd_rsi2_m15_usd100000_smaller_stop_and_time,2017-10-17T13:00:00+00:00,2017-10-17T14:30:00+00:00,18916,stop,-1.669496535708881,-14.97306310052808,True,False,5400,6.289670563717175,1.0582273493315204,0.42182754119923627,-0.8174179998519491,-3.2441193506874724,-0.7049180327868628,0.1999999999990898,13.0
nzdusd_rsi2_m15_usd100000_smaller_stop_and_time,2017-10-17T14:45:00+00:00,2017-10-17T15:30:00+00:00,18923,target,1.1534063708646471,10.325929909262731,False,True,2700,6.458220102348653,1.078603728014835,0.18090229093025456,-2.95134516643694,-2.0075604151277564,-0.6464646464647019,0.40000000000040004,14.75
nzdusd_rsi2_m15_usd100000_smaller_stop_and_time,2017-10-18T07:45:00+00:00,2017-10-18T09:15:00+00:00,18984,stop,-1.5859211848334853,-14.160010578870404,True,False,5400,5.887148146577585,1.0949311472817131,-0.5062561671313983,-5.967812966189424,-2.827668437460276,-0.802955665024606,0.20000000000020002,7.75
nzdusd_rsi2_m15_usd100000_smaller_stop_and_time,2017-10-18T12:00:00+00:00,2017-10-18T12:45:00+00:00,19001,signal_exit,1.1003599999999314,9.815878679749611,False,True,2700,6.407046628638066,1.1413908573847922,-1.236447277928136,-5.989622721819748,-0.8014776493878536,-0.8695652173912991,0.0999999999995449,12.0
nzdusd_rsi2_m15_usd100000_smaller_stop_and_time,2017-10-19T07:00:00+00:00,2017-10-19T10:00:00+00:00,19073,holding_bars,-1.491620000000034,-13.16522506619624,False,False,10800,17.740514502520984,2.136620914881212,-1.1036465836804723,-11.86923146281352,-1.917150192244599,-0.22368421052630907,0.49999999999994493,7.0
nzdusd_rsi2_m15_usd100000_smaller_stop_and_time,2017-10-19T11:15:00+00:00,2017-10-19T12:30:00+00:00,19090,signal_exit,0.14109999999996242,1.2409850483725806,False,True,4500,11.32107439848192,1.3451031911599678,-2.6563723040674927,-12.304613039033853,-1.585311494980684,-0.7228915662651166,0.40000000000040004,11.25
nzdusd_rsi2_m15_usd100000_smaller_stop_and_time,2017-10-20T08:30:00+00:00,2017-10-20T11:15:00+00:00,19172,signal_exit,0.45207999999995363,3.9517482517478464,False,True,9900,6.894172410575219,0.8974057888966678,-2.5581959081146963,-10.441648874736284,-2.2314841561820034,-0.5312500000000325,0.49999999999994493,8.5
nzdusd_rsi2_m15_usd100000_smaller_stop_and_time,2017-10-20T13:00:00+00:00,2017-10-20T13:30:00+00:00,19190,stop,-1.8260138761305955,-15.975624463084824,True,False,1800,6.6629215928721415,0.8944523394524264,-2.2304063096781825,-8.297958827029408,-0.007018111216004957,-0.6455696202532126,0.49999999999994493,13.0
nzdusd_rsi2_m15_usd100000_smaller_stop_and_time,2017-10-20T13:45:00+00:00,2017-10-20T14:45:00+00:00,19193,signal_exit,0.0177400000000269,0.1547993019199555,False,True,3600,6.911056391960618,0.9261336146819275,-2.2145498413547577,-10.274784218277013,-1.816398356418206,-0.6086956521739061,0.5999999999994898,13.75
nzdusd_rsi2_m15_usd100000_smaller_stop_and_time,2017-10-23T08:30:00+00:00,2017-10-23T10:45:00+00:00,19263,signal_exit,0.189980000000008,1.656320836966068,False,True,8100,6.506991701159333,0.9495684159476987,-1.28090741862051,-6.3405065535562075,-1.7766010853567633,-0.8979591836734786,0.3999999999992898,8.5
nzdusd_rsi2_m15_usd100000_smaller_stop_and_time,2017-10-23T15:00:00+00:00,2017-10-23T15:45:00+00:00,19289,signal_exit,0.4882000000000516,4.256320836966448,False,True,2700,5.434268639964661,0.8387286688934257,-1.2395607812036311,-5.0689192937384595,-1.2764498962793505,-0.6585365853658008,0.3999999999992898,15.0
nzdusd_rsi2_m15_usd100000_smaller_stop_and_time,2017-10-24T07:15:00+00:00,2017-10-24T08:30:00+00:00,19351,signal_exit,0.09977999999991577,0.8653946227225998,False,True,4500,7.88790752425889,1.1755616949086527,-1.3141044696080082,-7.967660546903655,-1.6206445662833497,-0.5714285714285229,0.5999999999994898,7.25
nzdusd_rsi2_m15_usd100000_smaller_stop_and_time,2017-10-24T09:45:00+00:00,2017-10-24T11:45:00+00:00,19361,stop,-1.822949933361691,-15.810493784576677,True,False,7200,6.587944203649603,0.999417190689131,-1.6819124536160526,-6.794776536258246,-0.3193301093051026,-0.8448275862070055,0.49999999999994493,9.75
nzdusd_rsi2_m15_usd100000_smaller_stop_and_time,2017-10-24T12:00:00+00:00,2017-10-24T14:15:00+00:00,19370,stop,-1.7689728748644313,-15.315782466358712,True,False,8100,6.442090367378245,0.9840313980910523,-1.7563106762364975,-8.603504424075494,-2.1586864249381037,-0.6301369863014803,0.2999999999997449,12.0
nzdusd_rsi2_m15_usd100000_smaller_stop_and_time,2017-10-24T14:30:00+00:00,2017-10-24T17:00:00+00:00,19380,signal_exit,-0.7206500000000711,-6.228608470182118,False,False,9000,7.059902550579473,1.0661772932721625,-1.8100219879394785,-9.565372854179344,-2.0953278048527824,-0.7142857142857016,0.10000000000065512,14.5
nzdusd_rsi2_m15_usd100000_smaller_stop_and_time,2017-10-25T07:45:00+00:00,2017-10-25T10:15:00+00:00,19444,signal_exit,-0.8258600000001112,-7.12562553925894,False,False,9000,6.573928222925406,1.0189133801553056,-1.5618415308941542,-6.404388688510944,-0.634988409997618,-0.9245283018867213,0.20000000000020002,7.75
nzdusd_rsi2_m15_usd100000_smaller_stop_and_time,2017-10-25T11:15:00+00:00,2017-10-25T11:45:00+00:00,19458,target,1.120915990699401,9.646437097240971,False,True,1800,6.1338037465557465,0.9628768097602973,-1.5507394247914148,-8.22201811667063,-1.7953328841608585,-0.8352941176471587,0.5000000000010552,11.25
nzdusd_rsi2_m15_usd100000_smaller_stop_and_time,2017-10-25T12:45:00+00:00,2017-10-25T13:00:00+00:00,19464,target,1.263185783530011,10.861442678675933,False,True,900,6.740566567197379,1.0442567089575898,-1.6384469565872062,-8.486190672061491,-2.4717789276804796,-0.7821782178218845,0.49999999999994493,12.75
nzdusd_rsi2_m15_usd100000_smaller_stop_and_time,2017-10-26T07:30:00+00:00,2017-10-26T08:45:00+00:00,19535,signal_exit,0.6024699999999633,5.180309544281714,False,True,4500,6.173952220688242,0.9986290448055797,-0.6063141015042194,-5.259240106184361,-2.631274364881395,-0.3593749999999404,0.49999999999994493,7.5
nzdusd_rsi2_m15_usd100000_smaller_stop_and_time,2017-10-26T11:15:00+00:00,2017-10-26T13:00:00+00:00,19550,signal_exit,0.24194000000005464,2.080309544282499,False,True,6300,6.713039641917102,1.0631839268465195,-0.8678952145203632,-5.263609220292094,-2.009427369364333,-0.9325842696628582,0.3999999999992898,11.25
nzdusd_rsi2_m15_usd100000_smaller_stop_and_time,2017-10-26T13:45:00+00:00,2017-10-26T15:00:00+00:00,19560,stop,-1.9901349642705908,-17.082703555970735,True,False,4500,7.2829826792731325,1.1288202385430963,-1.0550853876214827,-6.203008620303683,-2.2061670724648983,-0.46666666666659756,0.3999999999992898,13.75
nzdusd_rsi2_m15_usd100000_smaller_stop_and_time,2017-10-26T15:15:00+00:00,2017-10-26T15:45:00+00:00,19566,signal_exit,1.0964800000000645,9.387671232877263,False,True,1800,6.963116577589783,1.0802200325973843,-1.2305927151388687,-8.03702469836497,-2.074175374074707,-0.6111111111111539,0.49999999999994493,15.25
nzdusd_rsi2_m15_usd100000_smaller_stop_and_time,2017-10-27T07:15:00+00:00,2017-10-27T08:30:00+00:00,19628,signal_exit,0.24422000000005492,2.0891360136873818,False,True,4500,7.455812015227581,1.1440086735592885,-1.2590785704976417,-5.144409834467467,-1.0854636912864073,-0.5942028985507829,0.49999999999994493,7.25
nzdusd_rsi2_m15_usd100000_smaller_stop_and_time,2017-10-30T07:00:00+00:00,2017-10-30T08:00:00+00:00,19719,signal_exit,0.769439999999997,6.587671232876686,False,True,3600,5.065897139640513,0.7998759255442446,-0.5641661004960518,-3.5086158357409762,-1.6630427101765468,-0.10714285714318285,0.40000000000040004,7.0
nzdusd_rsi2_m15_usd100000_smaller_stop_and_time,2017-10-30T11:30:00+00:00,2017-10-30T13:30:00+00:00,19737,signal_exit,0.3013800000000484,2.584734133791152,False,True,7200,6.08661299923549,0.9509084067937884,-0.31241923045738845,-1.1432120120803164,-0.09681789471401346,-0.7073170731707251,0.3999999999992898,11.5
nzdusd_rsi2_m15_usd100000_smaller_stop_and_time,2017-10-30T14:30:00+00:00,2017-10-30T14:45:00+00:00,19749,target,1.0739824035207397,9.210826788342535,False,True,900,5.863046327276233,0.9278145744502208,-0.12216708980363818,-1.5617871901594078,-1.4194864709879598,-0.9166666666665896,0.40000000000040004,14.5
nzdusd_rsi2_m15_usd100000_smaller_stop_and_time,2017-10-31T09:30:00+00:00,2017-10-31T10:15:00+00:00,19822,signal_exit,0.3022399999999188,2.587671232876017,False,True,2700,6.425430957582857,1.0918265333055581,-0.38161024891633066,-3.209272050667875,-1.9061374146057715,-0.6296296296295306,0.2999999999997449,9.5
nzdusd_rsi2_m15_usd100000_smaller_stop_and_time,2017-11-01T11:15:00+00:00,2017-11-01T11:45:00+00:00,19922,stop,-1.8934233021894165,-16.379094309597026,True,False,1800,6.924495251684593,1.037665617212732,1.576481060957613,5.3245037351427795,-0.7930778457275653,-0.17500000000000693,0.3999999999992898,11.25
nzdusd_rsi2_m15_usd100000_smaller_stop_and_time,2017-11-01T12:00:00+00:00,2017-11-01T14:15:00+00:00,19925,signal_exit,0.12423999999993857,1.072884283246447,False,True,8100,6.8127609577080905,1.0223769590310754,1.5319995640293689,3.0387206271745755,-2.343645642232126,-0.9600000000000355,0.40000000000040004,12.0
nzdusd_rsi2_m15_usd100000_smaller_stop_and_time,2017-11-02T09:00:00+00:00,2017-11-02T09:30:00+00:00,20005,signal_exit,0.7132399999999508,6.1698961937712005,False,True,1800,6.216699893624149,0.9532506859908694,1.1378357495196851,2.167969954263585,-2.0461800060806836,-0.5744680851064031,0.49999999999994493,9.0
nzdusd_rsi2_m15_usd100000_smaller_stop_and_time,2017-11-02T10:45:00+00:00,2017-11-02T11:30:00+00:00,20012,stop,-1.6309172068996185,-14.096086490057203,True,False,2700,5.783739009937319,0.9000754609787822,0.9561754357903659,1.9041889129992617,-1.6471834674307395,-0.8333333333333334,0.40000000000040004,10.75
nzdusd_rsi2_m15_usd100000_smaller_stop_and_time,2017-11-02T11:45:00+00:00,2017-11-02T12:15:00+00:00,20016,signal_exit,0.6808399999999802,5.874374460741849,False,True,1800,5.64877576694147,0.886448883389303,0.76805043265432,-0.029658136171438098,-2.255020169068606,-0.44155844155842283,0.49999999999994493,11.75
nzdusd_rsi2_m15_usd100000_smaller_stop_and_time,2017-11-03T07:30:00+00:00,2017-11-03T08:15:00+00:00,20090,stop,-1.6640579536911249,-14.444947514679903,True,False,2700,5.95441820178419,0.9770718208232294,0.8923693533564309,4.248720208538033,0.5079493076230865,-0.3166666666666821,0.40000000000040004,7.5
nzdusd_rsi2_m15_usd100000_smaller_stop_and_time,2017-11-03T11:00:00+00:00,2017-11-03T12:00:00+00:00,20104,signal_exit,0.07719999999989252,0.6683982683973377,False,True,3600,5.948544418366234,0.9793372442158966,0.8168574325104917,0.8789716312778577,-1.5283888808456734,-0.6000000000000684,0.49999999999994493,11.0
nzdusd_rsi2_m15_usd100000_smaller_stop_and_time,2017-11-03T14:15:00+00:00,2017-11-03T14:45:00+00:00,20117,stop,-2.232781983876152,-19.364978177590213,True,False,1800,8.365186400156697,1.2830565209234246,0.5226661907910883,2.0406187053965064,0.07763400848991411,-0.6813186813186558,0.49999999999994493,14.25
nzdusd_rsi2_m15_usd100000_smaller_stop_and_time,2017-11-03T15:00:00+00:00,2017-11-03T18:00:00+00:00,20120,holding_bars,0.14709999999996176,1.2713915298181655,False,True,10800,8.927337653478242,1.340799951164827,0.4438131174502407,-1.648660201798911,-2.1809631355116568,-0.7770270270269971,0.6000000000006,15.0
nzdusd_rsi2_m15_usd100000_smaller_stop_and_time,2017-11-07T07:00:00+00:00,2017-11-07T10:00:00+00:00,20266,holding_bars,-0.7188500000000708,-6.234605377277283,False,False,10800,5.6026858294977515,0.9550146504454242,0.8975529333566796,1.498765538616662,-2.109610668552286,-0.5731707317072511,0.49999999999994493,7.0
nzdusd_rsi2_m15_usd100000_smaller_stop_and_time,2017-11-07T12:15:00+00:00,2017-11-07T14:00:00+00:00,20287,stop,-1.4684909404698343,-12.714207276795102,True,False,6300,5.1413027725965055,0.8960655552062019,0.22726143707965843,0.026217896201966285,-1.510223865918308,-0.363636363636226,0.2999999999997449,12.25
nzdusd_rsi2_m15_usd100000_smaller_stop_and_time,2017-11-07T14:15:00+00:00,2017-11-07T15:15:00+00:00,20295,stop,-1.4755159657968808,-12.763978942879591,True,False,3600,5.116937568325078,0.9010839095026136,0.055853514135972004,-1.8501712184738233,-2.51737120555786,-0.7777777777775722,0.40000000000040004,14.25
nzdusd_rsi2_m15_usd100000_smaller_stop_and_time,2017-11-07T15:30:00+00:00,2017-11-07T17:00:00+00:00,20300,signal_exit,0.19371999999987952,1.672884283245937,False,True,5400,5.751875335716111,0.9997347273776415,-0.08226556017246944,-3.7671233915295566,-2.460205284694791,-0.5294117647057479,0.49999999999994493,15.5
nzdusd_rsi2_m15_usd100000_smaller_stop_and_time,2017-11-09T09:30:00+00:00,2017-11-09T11:00:00+00:00,20464,signal_exit,-0.37205000000010835,-3.2436791630349466,False,False,5400,6.04784218403367,1.010813526439603,1.222217013055266,4.630300527450676,0.04508242984858326,-0.61702127659581,0.40000000000040004,9.5
nzdusd_rsi2_m15_usd100000_smaller_stop_and_time,2017-11-09T13:30:00+00:00,2017-11-09T14:00:00+00:00,20480,stop,-1.8259381655951799,-15.891541911185202,True,False,1800,6.525448936445001,1.0792269870117392,1.1753601338189912,1.6684972398846987,-2.105612585509987,-0.8145161290322097,0.700000000000145,13.5
nzdusd_rsi2_m15_usd100000_smaller_stop_and_time,2017-11-09T14:15:00+00:00,2017-11-09T15:00:00+00:00,20483,signal_exit,0.952000000000001,8.263888888888896,False,True,2700,6.814690711869419,1.1160908133953271,0.9904262839185047,-0.5226967448786165,-2.2625412491462513,-0.436363636363629,0.3999999999992898,14.25
nzdusd_rsi2_m15_usd100000_smaller_stop_and_time,2017-11-10T11:30:00+00:00,2017-11-10T12:15:00+00:00,20564,signal_exit,0.3875199999998842,3.363888888887883,False,True,2700,5.792384035998765,0.9493771003402265,-0.005383899816057049,-0.9481390680752683,-1.2652348279471382,-0.6170212765956643,0.49999999999994493,11.5
nzdusd_rsi2_m15_usd100000_smaller_stop_and_time,2017-11-13T07:45:00+00:00,2017-11-13T08:00:00+00:00,20638,stop,-1.302495121890146,-11.29657521153639,True,False,900,4.330984917129447,0.8242819829269006,-0.4126653098984681,-1.3456015748103176,0.05778820234388227,-0.5925925925926535,0.49999999999994493,7.75
nzdusd_rsi2_m15_usd100000_smaller_stop_and_time,2017-11-13T08:15:00+00:00,2017-11-13T09:15:00+00:00,20640,stop,-1.331787208620543,-11.540617059103491,True,False,3600,4.553757403035133,0.8644554529827322,-0.39994738241867994,-2.757694283127326,-1.4624251503777315,-0.694444444444316,0.2999999999997449,8.25
nzdusd_rsi2_m15_usd100000_smaller_stop_and_time,2017-11-13T09:30:00+00:00,2017-11-13T12:30:00+00:00,20645,holding_bars,-0.8930000000000519,-7.731601731602181,False,False,10800,4.849631752106805,0.9185486870381139,-0.4158373875126377,-3.7148939037803332,-1.9996725415556744,-0.1454545454545051,0.2999999999997449,9.5
nzdusd_rsi2_m15_usd100000_smaller_stop_and_time,2017-11-13T13:00:00+00:00,2017-11-13T16:00:00+00:00,20659,holding_bars,-0.9282800000001508,-8.030103806229677,False,False,10800,4.507915471526344,0.8706975399825883,-0.8368832573528644,-4.569829055285061,-1.1297322879208507,-0.5925925925927906,0.40000000000040004,13.0
nzdusd_rsi2_m15_usd100000_smaller_stop_and_time,2017-11-14T07:00:00+00:00,2017-11-14T07:45:00+00:00,20728,signal_exit,0.6038499999999632,5.183261802574791,False,True,2700,5.431515609723641,1.1152678692384812,-2.178264210857555,-11.56674960101763,-1.8218307839765038,-0.32258064516127877,0.20000000000020002,7.0
nzdusd_rsi2_m15_usd100000_smaller_stop_and_time,2017-11-14T08:30:00+00:00,2017-11-14T08:30:00+00:00,20734,target,1.236822282541967,10.60739521905632,False,True,0,6.611330542632953,1.2952258701518953,-2.311923891719365,-11.557482322491854,-2.0106714541933943,-0.5113636363635847,0.49999999999994493,8.5
nzdusd_rsi2_m15_usd100000_smaller_stop_and_time,2017-11-14T15:15:00+00:00,2017-11-14T16:15:00+00:00,20761,target,1.1873062844206417,10.208996426660718,False,True,3600,6.364343441189191,1.1804198998211752,-1.363530293326337,-5.536943474870932,-1.1356798950403972,-0.5270270270269763,0.3999999999992898,15.25
nzdusd_rsi2_m15_usd100000_smaller_stop_and_time,2017-11-15T13:00:00+00:00,2017-11-15T13:30:00+00:00,20846,target,1.064726107232442,9.202472836926898,False,True,1800,5.765540653554105,1.0778781978377323,0.29006264183276076,2.184067340129085,0.2872129228434394,-0.7941176470587851,0.1999999999990898,13.0
nzdusd_rsi2_m15_usd100000_smaller_stop_and_time,2017-11-15T15:15:00+00:00,2017-11-15T18:00:00+00:00,20855,signal_exit,-1.059139999999957,-9.12265288544321,False,False,9900,8.374917061439545,1.4254161720612877,0.5314673029934835,-1.6857907375409205,-2.519635842320558,-0.8307692307693135,0.49999999999994493,15.25
nzdusd_rsi2_m15_usd100000_smaller_stop_and_time,2017-11-16T10:30:00+00:00,2017-11-16T13:00:00+00:00,20927,stop,-1.6728299079515978,-14.346740205416792,True,False,9000,5.8157371696036035,1.037806401779867,-0.9831585231480179,-5.000992811612499,-1.4337760173913705,-0.466666666666568,0.5999999999994898,10.5
nzdusd_rsi2_m15_usd100000_smaller_stop_and_time,2017-11-17T07:30:00+00:00,2017-11-17T08:00:00+00:00,21009,stop,-1.811069630330484,-15.479227609662257,True,False,1800,6.334912950129851,1.1209234017769647,-0.5114572657822024,-6.669481353507111,-1.7221303171528688,-0.6619718309858846,0.700000000000145,7.5
nzdusd_rsi2_m15_usd100000_smaller_stop_and_time,2017-11-17T08:15:00+00:00,2017-11-17T09:45:00+00:00,21012,signal_exit,-0.10600000000003645,-0.9021276595747783,False,False,5400,8.877042183467667,1.4682307007632651,-0.756798804083461,-10.769412723898482,-3.1287516104749713,-0.7721518987341748,0.2999999999997449,8.25
nzdusd_rsi2_m15_usd100000_smaller_stop_and_time,2017-11-17T10:30:00+00:00,2017-11-17T12:15:00+00:00,21021,signal_exit,-0.14115000000013717,-1.1992353440963224,False,False,6300,8.547118083699031,1.368884272970618,-1.667705108966947,-11.160809943385988,-1.2494830372925851,-0.6915887850467881,0.6000000000006,10.5
nzdusd_rsi2_m15_usd100000_smaller_stop_and_time,2017-11-20T13:45:00+00:00,2017-11-20T16:15:00+00:00,21126,signal_exit,-0.15316000000008317,-1.307941929975091,False,False,9000,5.662929553327341,0.9490594270240964,0.017415520809601022,-1.2739957612586807,-2.5294532239471215,-0.5142857142855692,0.3999999999992898,13.75
nzdusd_rsi2_m15_usd100000_smaller_stop_and_time,2017-11-21T08:30:00+00:00,2017-11-21T09:15:00+00:00,21196,target,1.0421821312804362,8.8696351598335,False,True,2700,5.585881409704322,1.0032841863361084,-0.8016297994285276,-4.235235820297733,-2.943304276322205,-0.5726495726496214,0.20000000000020002,8.5
nzdusd_rsi2_m15_usd100000_smaller_stop_and_time,2017-11-21T12:00:00+00:00,2017-11-21T13:00:00+00:00,21210,signal_exit,0.2687999999999484,2.293515358361334,False,True,3600,7.057516235136058,1.1884400886669824,-0.3623271756230642,-0.5088041493209647,0.45672244477701623,-0.6153846153848453,0.20000000000020002,12.0
nzdusd_rsi2_m15_usd100000_smaller_stop_and_time,2017-11-22T09:45:00+00:00,2017-11-22T11:30:00+00:00,21293,signal_exit,-0.18830000000005326,-1.6094017094021644,False,False,6300,5.512279610659896,1.0049164729212725,0.31764934059680106,0.09003752173359668,-1.4295820013371927,-0.9069767441859624,0.49999999999994493,9.75
nzdusd_rsi2_m15_usd100000_smaller_stop_and_time,2017-11-23T13:45:00+00:00,2017-11-23T14:15:00+00:00,21399,signal_exit,0.461199999999953,3.9758620689651116,False,True,1800,4.912859802020268,0.9115444497169162,1.710546610826406,5.288703738075431,-1.3541779565967875,-0.625,0.2999999999997449,13.75
nzdusd_rsi2_m15_usd100000_smaller_stop_and_time,2017-11-24T09:45:00+00:00,2017-11-24T10:15:00+00:00,21466,signal_exit,0.2768299999998959,2.380309544281134,False,True,1800,4.778770864785846,0.9894149748982907,0.29608517931392875,-0.12764452265148088,-1.5334453521482707,-0.5535714285714817,0.40000000000040004,9.75
nzdusd_rsi2_m15_usd100000_smaller_stop_and_time,2017-11-24T11:15:00+00:00,2017-11-24T11:45:00+00:00,21472,signal_exit,0.5326899999998935,4.580309544281113,False,True,1800,4.4994233800178565,0.9419505225162985,0.17691859056772047,-0.704437117670844,-1.9026333756666445,-0.7230769230768337,0.40000000000040004,11.25
nzdusd_rsi2_m15_usd100000_smaller_stop_and_time,2017-11-27T07:00:00+00:00,2017-11-27T07:15:00+00:00,21540,target,0.6262985299458099,5.380571563108333,False,True,900,3.9493923107635363,0.8620902117943349,-0.5376573696809945,-2.0770876649044334,-0.041441935438950625,-0.6935483870965894,0.3999999999992898,7.0
nzdusd_rsi2_m15_usd100000_smaller_stop_and_time,2017-11-28T07:15:00+00:00,2017-11-28T08:30:00+00:00,21635,signal_exit,0.33037999999989043,2.8653946227223797,False,True,4500,5.542294530419002,1.0851816244927603,1.736589348849728,5.70961779284651,-0.6696849662499436,-0.8811188811189506,0.6000000000006,7.25
nzdusd_rsi2_m15_usd100000_smaller_stop_and_time,2017-11-28T09:30:00+00:00,2017-11-28T10:45:00+00:00,21644,signal_exit,0.561639999999993,4.866897746967011,False,True,4500,6.118097694202986,1.1607628573951443,1.570873775824841,3.5054420981401306,-1.6630412117984041,-0.4878048780487012,0.3999999999992898,9.5
nzdusd_rsi2_m15_usd100000_smaller_stop_and_time,2017-11-28T12:15:00+00:00,2017-11-28T13:30:00+00:00,21655,signal_exit,0.733929999999846,6.365394622721994,False,True,4500,5.285293503409792,1.0149185803082428,1.272092161092208,4.159914872236648,-0.22681994779278036,-0.5833333333334104,0.40000000000040004,12.25
nzdusd_rsi2_m15_usd100000_smaller_stop_and_time,2017-11-28T15:15:00+00:00,2017-11-28T15:30:00+00:00,21667,target,1.0919850960792021,9.462609151466223,False,True,900,5.997855702249998,1.1293240502006885,1.1532439600067854,2.511220466672812,-1.9221666959123214,-0.8068181818181761,0.40000000000040004,15.25
nzdusd_rsi2_m15_usd100000_smaller_stop_and_time,2017-11-29T10:45:00+00:00,2017-11-29T11:30:00+00:00,21741,signal_exit,0.4814499999999763,4.168398268398063,False,True,2700,6.5023151154208145,1.0861184143061378,0.1225310430142692,1.2449124549999353,0.3385664109253471,-0.5789473684209757,0.49999999999994493,10.75
nzdusd_rsi2_m15_usd100000_smaller_stop_and_time,2017-11-29T13:15:00+00:00,2017-11-29T13:15:00+00:00,21751,stop,-1.7862262784228409,-15.43842937271254,True,False,0,6.404910451264762,1.0650571268992224,0.26864653452348924,-1.1593490137774543,-2.3963284557933626,-0.7641509433963459,0.5000000000010552,13.25
nzdusd_rsi2_m15_usd100000_smaller_stop_and_time,2017-11-29T13:30:00+00:00,2017-11-29T15:30:00+00:00,21752,signal_exit,-0.5361100000001431,-4.625625539259215,False,False,7200,6.904559704745776,1.1336384758576656,0.23189990120438556,-2.7425902326088427,-2.9085206527300453,-0.7388059701492624,0.40000000000040004,13.5
nzdusd_rsi2_m15_usd100000_smaller_stop_and_time,2017-11-30T07:45:00+00:00,2017-11-30T10:45:00+00:00,21823,holding_bars,-1.1336000000000268,-9.713796058269295,False,False,10800,5.474031457462081,0.9007740885708784,-1.8283424667876826,-7.453540906761094,-1.959102081980168,-0.70422535211261,0.49999999999994493,7.75
nzdusd_rsi2_m15_usd100000_smaller_stop_and_time,2017-12-04T07:30:00+00:00,2017-12-04T07:45:00+00:00,22010,signal_exit,0.5468799999999696,4.686203941730673,False,True,900,5.69338991524684,0.8670184704454492,-0.2082463139217284,-2.8161403357195973,-1.6104206679864375,-0.3461538461538352,0.20000000000020002,7.5
nzdusd_rsi2_m15_usd100000_smaller_stop_and_time,2017-12-04T13:00:00+00:00,2017-12-04T14:30:00+00:00,22032,stop,-1.443688154248231,-12.402819194572432,True,False,5400,5.142303068076149,0.8102408735445712,-0.03199408025028678,0.04160629485995016,-0.30227363714601324,-0.4666666666668147,0.0,13.0
nzdusd_rsi2_m15_usd100000_smaller_stop_and_time,2017-12-04T14:45:00+00:00,2017-12-04T17:45:00+00:00,22039,holding_bars,-0.9579000000000459,-8.215265866209656,False,False,10800,5.64102743977024,0.8889392925996167,0.05197702219160081,-1.6620360769499385,-2.7667840768338476,-0.6290322580645652,0.49999999999994493,14.75
nzdusd_rsi2_m15_usd100000_smaller_stop_and_time,2017-12-05T07:30:00+00:00,2017-12-05T09:00:00+00:00,22103,stop,-1.8102174564897888,-15.605322900774041,True,False,5400,6.490592484869883,1.0230615074044305,1.232835429891502,3.1738618890182804,-2.0392171112113116,-0.7407407407407827,0.49999999999994493,7.5
nzdusd_rsi2_m15_usd100000_smaller_stop_and_time,2017-12-05T12:45:00+00:00,2017-12-05T14:00:00+00:00,22124,stop,-1.6533208760252074,-14.26506364128738,True,False,4500,5.819719051014274,0.9381954006489791,0.7949629534534923,2.8650932421804134,0.030027442416573093,-0.5873015873016433,0.49999999999994493,12.75
nzdusd_rsi2_m15_usd100000_smaller_stop_and_time,2017-12-05T14:15:00+00:00,2017-12-05T15:15:00+00:00,22130,signal_exit,0.0670299999999448,0.5773471145559415,False,True,3600,6.015785314381508,0.9698980623861716,0.7335814288613588,1.0136114678161916,-2.2922602718835488,-0.6379310344826992,0.2999999999997449,14.25
nzdusd_rsi2_m15_usd100000_smaller_stop_and_time,2017-12-06T08:15:00+00:00,2017-12-06T09:30:00+00:00,22199,signal_exit,0.6453400000000098,5.5728842832470615,False,True,4500,6.234881318365501,1.0550290868202645,0.9639819893640514,2.6257716697823152,-1.2192293421989973,-0.813084112149556,0.3999999999992898,8.25
nzdusd_rsi2_m15_usd100000_smaller_stop_and_time,2017-12-06T12:15:00+00:00,2017-12-06T13:30:00+00:00,22215,signal_exit,0.5301700000000226,4.574374460742214,False,True,4500,5.669840220278024,0.9656467167310469,0.7980218641982768,1.522724067197337,-1.4302609900922352,-0.700000000000222,0.40000000000040004,12.25
nzdusd_rsi2_m15_usd100000_smaller_stop_and_time,2017-12-06T14:45:00+00:00,2017-12-06T15:30:00+00:00,22225,stop,-1.7162441404488682,-14.80797360180214,True,False,2700,6.1411740312716,1.034684618791003,0.5395301032238425,0.8312096036424536,-1.4521020946586387,-0.6515151515152203,0.40000000000040004,14.75
nzdusd_rsi2_m15_usd100000_smaller_stop_and_time,2017-12-07T07:15:00+00:00,2017-12-07T07:30:00+00:00,22287,stop,-1.3157797439472456,-11.28456041121137,True,False,900,4.434647272500545,0.8090150429064836,-0.8943145094683361,-5.010529210627406,-1.2183506744131596,-0.21052631578965822,0.30000000000085514,7.25
nzdusd_rsi2_m15_usd100000_smaller_stop_and_time,2017-12-07T07:45:00+00:00,2017-12-07T09:30:00+00:00,22289,signal_exit,0.4073599999999591,3.487671232876362,False,True,6300,5.041098923737748,0.908091523750584,-1.003504848350604,-7.173129545705772,-2.615345964918521,-0.6941176470587851,0.5999999999994898,7.75
nzdusd_rsi2_m15_usd100000_smaller_stop_and_time,2017-12-07T11:15:00+00:00,2017-12-07T13:45:00+00:00,22302,target,0.8320030211767471,7.123313537472149,False,True,9000,4.817821152297381,0.8861398167002692,-1.3963908051851677,-6.841216392716783,-1.3562326274468008,-0.18421052631585866,0.3999999999992898,11.25
nzdusd_rsi2_m15_usd100000_smaller_stop_and_time,2017-12-08T09:45:00+00:00,2017-12-08T11:00:00+00:00,22388,signal_exit,-0.14160000000000644,-1.212328767123343,False,False,4500,5.018838710754975,0.9871856594717148,-0.6382133085186062,-2.7968693968943015,-0.6607111028492406,-0.981132075471785,0.2999999999997449,9.75
nzdusd_rsi2_m15_usd100000_smaller_stop_and_time,2017-12-08T15:30:00+00:00,2017-12-08T17:30:00+00:00,22411,signal_exit,-0.10672000000003617,-0.9152658662095727,False,False,7200,6.870309973709283,1.2787920137364652,-0.18945754347875926,-0.3991238848795824,0.014439099341650451,-0.603448275862092,0.40000000000040004,15.5
nzdusd_rsi2_m15_usd100000_smaller_stop_and_time,2017-12-11T11:00:00+00:00,2017-12-11T12:00:00+00:00,22485,signal_exit,0.030999999999974548,0.26839826839804803,False,True,3600,6.922420678506823,1.1536650913625215,2.2850139385365336,8.404273140256837,-0.3431828234965743,-0.3829787234044262,0.40000000000040004,11.0
nzdusd_rsi2_m15_usd100000_smaller_stop_and_time,2017-12-11T13:30:00+00:00,2017-12-11T15:00:00+00:00,22495,signal_exit,0.6091999999999109,5.2698961937708555,False,True,5400,6.561401787230583,1.0848233084644152,2.14754535921159,6.423977605707501,-1.7306729434192836,-0.9534883720931043,0.40000000000040004,13.5
nzdusd_rsi2_m15_usd100000_smaller_stop_and_time,2017-12-12T10:45:00+00:00,2017-12-12T10:45:00+00:00,22575,target,0.9346488605511821,8.120320248055448,False,True,0,5.378969854697078,0.9986617177827253,1.9703047130731282,7.248509168993203,-0.25848135932183663,-0.8857142857141951,0.49999999999994493,10.75
nzdusd_rsi2_m15_usd100000_smaller_stop_and_time,2017-12-12T13:15:00+00:00,2017-12-12T13:30:00+00:00,22585,signal_exit,0.490599999999924,4.262380538661373,False,True,900,5.090167204890661,0.9526061466886341,2.0562050051827083,6.28416189149001,-1.7426055224613475,-0.125,0.2999999999997449,13.25
nzdusd_rsi2_m15_usd100000_smaller_stop_and_time,2017-12-12T14:30:00+00:00,2017-12-12T16:45:00+00:00,22590,stop,-1.5641049023882632,-13.577299499898118,True,False,8100,5.470594194393462,1.0133665227069306,1.896000725160085,5.226464475274577,-2.0476794878692193,-0.787878787878742,0.49999999999994493,14.5
nzdusd_rsi2_m15_usd100000_smaller_stop_and_time,2017-12-13T07:30:00+00:00,2017-12-13T08:00:00+00:00,22654,target,0.8407779752677704,7.304760862448049,False,True,1800,4.921190161893001,0.9697380390465409,1.3310812011406135,3.5937773512540274,-1.7711595629077594,-0.6428571428569918,0.3999999999992898,7.5
nzdusd_rsi2_m15_usd100000_smaller_stop_and_time,2017-12-13T09:45:00+00:00,2017-12-13T11:30:00+00:00,22663,signal_exit,0.21436000000003105,1.8623805386623027,False,True,6300,5.245939692409167,1.0261311563719158,1.1785040450256143,2.567223556983383,-2.578073269008853,-0.6250000000000521,0.49999999999994493,9.75
nzdusd_rsi2_m15_usd100000_smaller_stop_and_time,2017-12-14T09:15:00+00:00,2017-12-14T10:15:00+00:00,22756,signal_exit,-0.028700000000018877,-0.25131348511400065,False,False,3600,6.1568495225127435,1.0492869154720783,1.4979589840921188,4.450226074789421,-1.8431927191977344,-0.14754098360643206,0.2999999999997449,9.25
nzdusd_rsi2_m15_usd100000_smaller_stop_and_time,2017-12-14T13:45:00+00:00,2017-12-14T15:00:00+00:00,22774,signal_exit,0.040029999999922794,0.35021872265899207,False,True,4500,6.5216303351675835,1.0959285441837756,1.0612804810960292,2.5336942214192155,-2.036771323745077,-0.6176470588235358,0.40000000000040004,13.75
nzdusd_rsi2_m15_usd100000_smaller_stop_and_time,2017-12-15T10:00:00+00:00,2017-12-15T10:45:00+00:00,22853,signal_exit,0.4145199999999829,3.6425307557116247,False,True,2700,5.784383171440224,0.9897079191238292,1.4615157135333843,4.834886661533015,-1.0310086699965966,-0.5869565217390937,0.3999999999992898,10.0
nzdusd_rsi2_m15_usd100000_smaller_stop_and_time,2017-12-15T12:15:00+00:00,2017-12-15T13:15:00+00:00,22862,signal_exit,0.3689999999999374,3.2425307557112246,False,True,3600,5.527106280915102,0.9525203643229457,1.4569321372918316,4.7570762425170665,-1.1856040251648916,-0.6301369863013845,0.49999999999994493,12.25
nzdusd_rsi2_m15_usd100000_smaller_stop_and_time,2017-12-15T14:00:00+00:00,2017-12-15T15:15:00+00:00,22869,stop,-1.5132689293033896,-13.297618007938397,True,False,4500,5.420074381825025,0.940460295463737,1.396222690398734,4.2551642507670655,-1.4016039360197214,-0.4561403508772921,0.2999999999997449,14.0
nzdusd_rsi2_m15_usd100000_smaller_stop_and_time,2017-12-15T15:30:00+00:00,2017-12-15T16:30:00+00:00,22875,stop,-1.5481698401499484,-13.592360317383216,True,False,3600,5.568217033142962,0.9660353841164792,1.1880025029622057,2.37821727158065,-2.4909218004239073,-0.599999999999889,0.2999999999997449,15.5
nzdusd_rsi2_m15_usd100000_smaller_stop_and_time,2017-12-18T10:00:00+00:00,2017-12-18T10:30:00+00:00,22945,stop,-1.3910841505814049,-12.21320588745746,True,False,1800,4.778639818179909,0.9321726144300311,0.8723955073634857,1.7299344860273997,-1.8398217954785379,-0.7538461538462222,0.49999999999994493,10.0
nzdusd_rsi2_m15_usd100000_smaller_stop_and_time,2017-12-18T10:45:00+00:00,2017-12-18T13:30:00+00:00,22948,signal_exit,0.32440000000001823,2.845614035087879,False,True,9900,4.862161691159397,0.9478815801946244,0.7996152939056259,-0.040195354078608726,-2.2654046627052966,-0.7692307692309663,0.49999999999994493,10.75
nzdusd_rsi2_m15_usd100000_smaller_stop_and_time,2017-12-19T13:15:00+00:00,2017-12-19T13:15:00+00:00,23052,stop,-1.184681156632348,-10.401063710556173,True,False,0,3.922568729729393,0.8735532476644864,0.43347001938938473,1.3298286608669638,-0.7831193671529849,-0.16279069767422047,0.3999999999992898,13.25
nzdusd_rsi2_m15_usd100000_smaller_stop_and_time,2017-12-19T13:30:00+00:00,2017-12-19T14:00:00+00:00,23053,stop,-1.284520979636985,-11.267727891552498,True,False,1800,4.306670963320141,0.9485097076078269,0.42748952327636786,0.38625678466828867,-2.16262179829564,-0.4516129032259066,0.49999999999994493,13.5
nzdusd_rsi2_m15_usd100000_smaller_stop_and_time,2017-12-19T14:15:00+00:00,2017-12-19T14:15:00+00:00,23056,stop,-1.2951318088496921,-11.350848456176093,True,False,0,4.3990000387807235,0.967538975741762,0.3609711085777148,-1.5037124392393229,-2.6464371519093026,-0.49999999999989325,0.3999999999992898,14.25
nzdusd_rsi2_m15_usd100000_smaller_stop_and_time,2017-12-19T14:30:00+00:00,2017-12-19T17:30:00+00:00,23057,holding_bars,-0.748640000000041,-6.549781277340691,False,False,10800,5.099071464582085,1.0972485983421962,0.294832727827313,-3.99176928751115,-3.2568747859913345,-0.8380281690141154,0.2999999999997449,14.5
nzdusd_rsi2_m15_usd100000_smaller_stop_and_time,2017-12-20T14:00:00+00:00,2017-12-20T14:45:00+00:00,23148,target,0.7419483991856528,6.474244320991734,False,True,2700,4.409722509536319,0.9257007116374174,-0.6657592491959542,-3.680308281425636,-2.3993572257488505,-0.8805970149252643,0.20000000000020002,14.0
nzdusd_rsi2_m15_usd100000_smaller_stop_and_time,2017-12-21T07:45:00+00:00,2017-12-21T08:00:00+00:00,23219,stop,-1.3174334104213634,-11.546305086953229,True,False,900,4.546728354169095,0.8915377295726747,0.7003154317043626,0.8353204455160418,-2.509023097067536,-0.7166666666666297,0.2999999999997449,7.75
nzdusd_rsi2_m15_usd100000_smaller_stop_and_time,2017-12-21T08:15:00+00:00,2017-12-21T09:15:00+00:00,23221,target,0.7737264070386847,6.775187452177623,False,True,3600,4.713250468645745,0.9219121655702482,0.6399466009437946,-0.37926717887775585,-2.6491797847356393,-0.5277777777778848,0.49999999999994493,8.25
nzdusd_rsi2_m15_usd100000_smaller_stop_and_time,2017-12-21T11:00:00+00:00,2017-12-21T11:15:00+00:00,23232,stop,-1.2753200414668018,-11.177213334503083,True,False,900,4.312182477944245,0.8623319946952746,0.39952381392550995,1.2408300586692627,-0.13545703794036437,-0.37037037037033993,0.3999999999992898,11.0
nzdusd_rsi2_m15_usd100000_smaller_stop_and_time,2017-12-21T11:30:00+00:00,2017-12-21T11:45:00+00:00,23234,target,0.7204273406922237,6.308470583994953,False,True,900,4.429892034554059,0.885471712042172,0.3435181844679758,-0.5608298907758108,-1.9847328759451288,-0.9710144927534367,0.3999999999992898,11.5
nzdusd_rsi2_m15_usd100000_smaller_stop_and_time,2017-12-22T07:30:00+00:00,2017-12-22T08:30:00+00:00,23309,signal_exit,-0.17723999999997725,-1.557469244288025,False,False,3600,3.3432149359985788,0.7518971430343998,0.8753339077206248,2.852049269637352,-1.0469319301421054,-0.4146341463414502,0.49999999999994493,7.5
nzdusd_rsi2_m15_usd100000_smaller_stop_and_time,2017-12-22T09:45:00+00:00,2017-12-22T10:45:00+00:00,23318,signal_exit,-0.0975800000000871,-0.8574692442889903,False,False,3600,3.549746802581951,0.8096079708422601,0.7609022936499694,2.1343262390218736,-1.8690214366347004,-0.5925925925927906,0.40000000000040004,9.75
nzdusd_rsi2_m15_usd100000_smaller_stop_and_time,2017-12-22T12:15:00+00:00,2017-12-22T13:15:00+00:00,23328,stop,-1.0296920254971897,-9.04031629058112,True,False,3600,3.2421950197416187,0.7656749450878908,0.6540677244422166,1.5161773924843867,-1.6331337578837397,-0.4,0.40000000000040004,12.25
nzdusd_rsi2_m15_usd100000_smaller_stop_and_time,2017-12-22T14:00:00+00:00,2017-12-22T14:45:00+00:00,23335,target,0.6363021168435503,5.5815975161714935,False,True,2700,3.9679917405418346,0.9268513443956222,0.48247916591081774,-0.11674837894643743,-2.237700880564541,-0.4545454545454087,0.1999999999990898,14.0
nzdusd_rsi2_m15_usd100000_smaller_stop_and_time,2017-12-26T10:45:00+00:00,2017-12-26T11:45:00+00:00,23386,stop,-1.0307487750628666,-9.057546353803748,True,False,3600,3.200038554757684,0.821723699970527,1.071772464998816,1.0112539732187114,-2.698124524071043,0.9347826086957098,0.49999999999994493,10.75
nzdusd_rsi2_m15_usd100000_smaller_stop_and_time,2017-12-26T12:00:00+00:00,2017-12-26T12:15:00+00:00,23391,target,0.42037181290229475,3.6907095074828336,False,True,900,3.12331787929077,0.8127132080253946,0.9113622395785193,-0.6348410032812294,-2.0532008471254746,-0.9047619047620684,0.40000000000040004,12.0
nzdusd_rsi2_m15_usd100000_smaller_stop_and_time,2017-12-27T14:30:00+00:00,2017-12-27T17:00:00+00:00,23493,signal_exit,0.44466999999995416,3.931653404066792,False,True,9000,4.359341894354959,1.1125411946259167,2.3116565936083298,6.527957520917834,-2.792553561707075,-0.7875000000000018,0.49999999999994493,14.5
nzdusd_rsi2_m15_usd100000_smaller_stop_and_time,2017-12-28T09:00:00+00:00,2017-12-28T09:30:00+00:00,23563,stop,-1.1571496795996725,-10.276640138540609,True,False,1800,3.750220602129564,0.9687890291490879,2.215715716101838,8.861042014060736,0.17257473266875323,-0.38636363636364784,0.6000000000006,9.0
nzdusd_rsi2_m15_usd100000_smaller_stop_and_time,2017-12-28T09:45:00+00:00,2017-12-28T12:15:00+00:00,23566,stop,-1.187811775879357,-10.539589848086573,True,False,9000,3.8824834777254478,0.9987217156905663,2.2026901342521352,6.572067171163028,-1.8310789372507845,-0.7222222222222451,0.5999999999994898,9.75
nzdusd_rsi2_m15_usd100000_smaller_stop_and_time,2017-12-28T12:30:00+00:00,2017-12-28T13:15:00+00:00,23577,signal_exit,0.07072000000002027,0.6269503546101087,False,True,2700,3.705436044167042,0.9655365416984057,1.9290400203242173,4.3627303375887925,-1.6470719620156955,-0.3442622950820388,0.49999999999994493,12.5
nzdusd_rsi2_m15_usd100000_smaller_stop_and_time,2017-12-28T15:45:00+00:00,2017-12-28T15:45:00+00:00,23590,target,0.5686982836199859,5.0416514505317895,False,True,0,3.8073505479612373,0.9925060108426091,1.4446241134987714,4.7983340090273385,-0.46032131375195545,-0.41379310344828907,0.40000000000040004,15.75
nzdusd_rsi2_m15_usd100000_smaller_stop_and_time,2017-12-29T12:30:00+00:00,2017-12-29T14:30:00+00:00,23667,signal_exit,-0.1551200000000797,-1.3825311942966105,False,False,7200,3.9606715950939955,1.0229268303858876,2.126438988138468,8.672215709678703,0.23206537794530996,-0.8723404255320154,0.20000000000020002,12.5
nzdusd_rsi2_m15_usd100000_smaller_stop_and_time,2017-12-29T15:15:00+00:00,2017-12-29T16:00:00+00:00,23678,stop,-1.1093544383531253,-9.878490101096395,True,False,2700,3.6487731004140618,0.9578763499584537,2.198260828926016,6.561238185847273,-2.143594853948668,-0.5747126436782005,0.40000000000040004,15.25
