variant,entry_time,exit_time,entry_index,reason,net_pnl,net_pips,stopped,won,holding_seconds,atr_pips,atr_fast_slow_ratio,ema_slope_atr,distance_from_ema_atr,zscore20,completed_bar_body_fraction,current_quote_spread_pips,current_quote_hour_utc
nzdusd_rsi2_m5_usd500000_stop_pattern_tree_depth2,2017-01-05T07:10:00+00:00,2017-01-05T08:20:00+00:00,652,stop,-15.065915037172113,-26.422158956808335,True,False,4200,6.1580093945306675,1.2263327169801501,1.905142104874085,7.754596654860012,0.3597556177503593,-0.9508196721311893,0.900000000000345,7.166666666666667
nzdusd_rsi2_m5_usd500000_stop_pattern_tree_depth2,2017-01-06T13:55:00+00:00,2017-01-06T14:10:00+00:00,1016,target,9.45308458691348,16.506171794855035,False,True,900,9.09781282087671,1.7940721429231385,0.10555435744198714,-6.394638101056407,-3.3201228602945467,-0.9415204678362022,0.8000000000008001,13.916666666666666
nzdusd_rsi2_m5_usd500000_stop_pattern_tree_depth2,2017-01-06T15:30:00+00:00,2017-01-06T16:50:00+00:00,1035,holding_bars,-13.211236839000227,-23.088495000000396,False,False,4800,7.915765042040861,1.4164835098278874,-0.7417899841088035,-4.03183224033769,-1.0580911051905635,-0.7156862745097975,0.49999999999994493,15.5
nzdusd_rsi2_m5_usd500000_stop_pattern_tree_depth2,2017-01-10T09:25:00+00:00,2017-01-10T09:45:00+00:00,1526,target,5.06945095557373,8.867327191837905,False,True,1200,5.22870135046634,1.1479901423413987,-0.3659066213722,-4.21348165665615,-2.5701933171203653,-0.9767441860466137,0.700000000000145,9.416666666666666
nzdusd_rsi2_m5_usd500000_stop_pattern_tree_depth2,2017-01-11T15:05:00+00:00,2017-01-11T15:35:00+00:00,1874,signal_exit,-3.719044838000258,-6.48821500000045,False,False,1800,5.330719496247539,1.2010654525374407,-0.21914952576759475,-4.200768019138711,-2.5266563793327883,-0.5,0.3999999999992898,15.083333333333334
nzdusd_rsi2_m5_usd500000_stop_pattern_tree_depth2,2017-01-12T09:05:00+00:00,2017-01-12T09:30:00+00:00,2087,signal_exit,5.39908005054975,9.601778499999554,False,True,1500,6.328357058678937,1.157324991544041,2.1403722393010356,8.569917482687298,0.15301691845111287,-0.6976744186045971,0.5999999999994898,9.083333333333334
nzdusd_rsi2_m5_usd500000_stop_pattern_tree_depth2,2017-01-12T10:10:00+00:00,2017-01-12T10:30:00+00:00,2100,signal_exit,1.9129263252500084,3.4019675000000147,False,True,1200,6.511985822947254,1.1609098246435596,2.301829949348466,7.278839129618253,-1.332761245177503,-0.555555555555647,0.40000000000040004,10.166666666666666
nzdusd_rsi2_m5_usd500000_stop_pattern_tree_depth2,2017-01-12T11:25:00+00:00,2017-01-12T11:50:00+00:00,2115,signal_exit,1.5761933437496707,2.8021214999994144,False,True,1500,5.229762682508745,0.953491710542938,1.9322273365806817,6.047143803918563,-1.232094488988858,-0.6981132075470947,0.2999999999997449,11.416666666666666
nzdusd_rsi2_m5_usd500000_stop_pattern_tree_depth2,2017-01-12T15:40:00+00:00,2017-01-12T16:10:00+00:00,2166,signal_exit,3.818117610299424,6.801064499998973,False,True,1800,5.840510732788387,1.0461313187564172,1.3723775727550627,5.186510889322267,-0.13815916081911883,-0.3289473684210238,0.20000000000020002,15.666666666666666
nzdusd_rsi2_m5_usd500000_stop_pattern_tree_depth2,2017-01-13T14:10:00+00:00,2017-01-13T15:10:00+00:00,2434,signal_exit,-5.691296147699779,-10.096320999999609,False,False,3600,8.31594503595848,1.6240773974036344,0.214288602613356,-4.3829603627551785,-2.7763527725402932,-0.9261363636363207,0.6999999999990347,14.166666666666666
nzdusd_rsi2_m5_usd500000_stop_pattern_tree_depth2,2017-01-17T08:35:00+00:00,2017-01-17T08:50:00+00:00,2931,signal_exit,2.3993088271995804,4.298295999999248,False,True,900,6.911908449708391,1.5151982401748654,2.167552713559143,9.320125558491657,0.4051063544001495,-0.48717948717954557,0.49999999999994493,8.583333333333334
nzdusd_rsi2_m5_usd500000_stop_pattern_tree_depth2,2017-01-17T09:10:00+00:00,2017-01-17T09:20:00+00:00,2938,signal_exit,4.745428942399446,8.498260999999006,False,True,600,6.096904400967203,1.329568842348851,2.2962657565519837,8.236986410425546,-0.539587284264037,-0.8163265306123975,0.6000000000006,9.166666666666666
nzdusd_rsi2_m5_usd500000_stop_pattern_tree_depth2,2017-01-17T10:05:00+00:00,2017-01-17T10:45:00+00:00,2949,signal_exit,2.2304716472497237,3.9979774999995046,False,True,2400,5.943101565777139,1.2599861620332995,2.3981933394708426,8.224057075151762,-0.4264815458156515,-0.6888888888888286,0.6999999999990347,10.083333333333334
nzdusd_rsi2_m5_usd500000_stop_pattern_tree_depth2,2017-01-17T12:20:00+00:00,2017-01-17T13:20:00+00:00,2976,signal_exit,0.555210057599908,0.9971444999998348,False,True,3600,7.059678089942746,1.3724853338649627,2.215440921018891,7.732115794326929,-0.7074162520365296,-0.5365853658536982,0.5999999999994898,12.333333333333334
nzdusd_rsi2_m5_usd500000_stop_pattern_tree_depth2,2017-01-17T14:40:00+00:00,2017-01-17T14:50:00+00:00,3004,signal_exit,5.282819505000005,9.496350000000009,False,True,600,7.920784861298205,1.352546869588135,1.511231083348511,6.228105030142831,0.3644513827626627,-0.5839999999999673,0.5999999999994898,14.666666666666666
nzdusd_rsi2_m5_usd500000_stop_pattern_tree_depth2,2017-01-17T15:30:00+00:00,2017-01-17T15:50:00+00:00,3014,signal_exit,0.053553182399716404,0.09633599999948983,False,True,1200,7.24212985905129,1.2140387413793692,1.6215870309050782,6.218385814979199,-0.22678999516337217,-0.2941176470587851,0.6000000000006,15.5
nzdusd_rsi2_m5_usd500000_stop_pattern_tree_depth2,2017-01-19T09:55:00+00:00,2017-01-19T10:30:00+00:00,3517,signal_exit,0.3881720063994319,0.6971479999989797,False,True,2100,6.4213601011950185,1.436102570217769,0.9563763707015599,6.379353487603221,0.6787025635647781,-0.3018867924526958,0.49999999999994493,9.916666666666666
nzdusd_rsi2_m5_usd500000_stop_pattern_tree_depth2,2017-01-26T09:55:00+00:00,2017-01-26T11:10:00+00:00,4939,signal_exit,2.6974543139999168,4.892009999999849,False,True,4500,5.35399910469511,1.230828859209981,-0.2653761306418166,-5.161502757425134,-2.9528838572571963,-0.7870370370370751,0.40000000000040004,9.916666666666666
nzdusd_rsi2_m5_usd500000_stop_pattern_tree_depth2,2017-01-26T15:30:00+00:00,2017-01-26T16:50:00+00:00,5006,holding_bars,-7.6279882087502955,-13.806313500000535,False,False,4800,5.745851737723521,1.18705302856947,-1.0694277054847776,-4.512362727505692,-0.6002275854530977,-0.4666666666668147,0.49999999999994493,15.5
nzdusd_rsi2_m5_usd500000_stop_pattern_tree_depth2,2017-01-30T08:10:00+00:00,2017-01-30T08:35:00+00:00,5487,target,3.4201949164210528,6.193761167006615,False,True,1500,3.850509851348691,1.1754332037592887,-0.5787399764112635,-6.057599705378223,-2.2696234277433653,-0.4799999999999822,0.6000000000006,8.166666666666666
nzdusd_rsi2_m5_usd500000_stop_pattern_tree_depth2,2017-01-30T12:15:00+00:00,2017-01-30T12:40:00+00:00,5536,signal_exit,1.5981186104000387,2.8930460000000697,False,True,1500,3.9953022467827113,1.1552172771982492,-0.43656339337731404,-5.385085117859536,-1.9634129619813236,-0.27941176470591117,0.5999999999994898,12.25
nzdusd_rsi2_m5_usd500000_stop_pattern_tree_depth2,2017-02-01T13:20:00+00:00,2017-02-01T14:10:00+00:00,6119,signal_exit,-3.637278495999997,-6.608427499999994,False,False,3000,4.735637671564975,1.1533661185770527,0.054189229037965914,-4.66938868246577,-3.702953939953106,-0.8341968911916675,0.3999999999992898,13.333333333333334
nzdusd_rsi2_m5_usd500000_stop_pattern_tree_depth2,2017-02-01T15:05:00+00:00,2017-02-01T15:40:00+00:00,6140,signal_exit,2.697465893399917,4.892030999999849,False,True,2100,5.617600778950317,1.264620314647,-1.03855422978691,-6.17146366163566,-1.9077714714271052,-0.8823529411764369,0.700000000000145,15.083333333333334
nzdusd_rsi2_m5_usd500000_stop_pattern_tree_depth2,2017-02-01T15:55:00+00:00,2017-02-01T16:45:00+00:00,6150,signal_exit,1.0440768024000993,1.8924720000001798,False,True,3000,5.972449634667668,1.2935795634751035,-1.1002167341953848,-6.451109006047074,-2.0167024652267806,-0.9504950495049538,0.5999999999994898,15.916666666666666
nzdusd_rsi2_m5_usd500000_stop_pattern_tree_depth2,2017-02-03T14:30:00+00:00,2017-02-03T14:45:00+00:00,6708,signal_exit,5.526520289399725,10.088572999999498,False,True,900,8.34549131668508,1.8384268054386144,0.45942033507553726,4.621892875238703,0.5841880882845651,-0.7750000000001666,0.6000000000006,14.5
nzdusd_rsi2_m5_usd500000_stop_pattern_tree_depth2,2017-02-06T13:40:00+00:00,2017-02-06T14:25:00+00:00,6984,signal_exit,1.6396872712497887,2.9894024999996147,False,True,2700,4.642824811129535,1.2735800380312245,-0.2785300849043857,-5.272355504114561,-2.5790678842804073,-0.922077922077982,0.40000000000040004,13.666666666666666
nzdusd_rsi2_m5_usd500000_stop_pattern_tree_depth2,2017-02-06T14:50:00+00:00,2017-02-06T15:30:00+00:00,6998,signal_exit,-0.27995984519999995,-0.5105029999999998,False,False,2400,4.642651418141367,1.2284500613444598,-0.7790153882198194,-4.517698886584913,-1.2798860601356343,-0.7205882352940889,0.700000000000145,14.833333333333334
nzdusd_rsi2_m5_usd500000_stop_pattern_tree_depth2,2017-02-07T08:05:00+00:00,2017-02-07T08:45:00+00:00,7204,signal_exit,-2.412818068650615,-4.411808500001125,False,False,2400,5.204476945241021,1.2018272555541138,0.49829315492948284,-4.749961888636645,-1.9565491343488612,-0.7767857142857408,0.40000000000040004,8.083333333333334
nzdusd_rsi2_m5_usd500000_stop_pattern_tree_depth2,2017-02-07T09:20:00+00:00,2017-02-07T09:50:00+00:00,7219,signal_exit,-1.1567244280002684,-2.11081100000049,False,False,1800,5.461979393926641,1.208072939411666,-0.9634493256825605,-7.193886338021261,-1.7385790916954442,-0.9111111111111467,0.6000000000006,9.333333333333334
nzdusd_rsi2_m5_usd500000_stop_pattern_tree_depth2,2017-02-07T15:10:00+00:00,2017-02-07T15:25:00+00:00,7289,target,4.770549594167652,8.686361242111529,False,True,900,5.098232559195528,1.1322734347757843,-1.0976311393583467,-6.736559731848941,-2.8116766550625156,-0.6071428571427722,0.5999999999994898,15.166666666666666
nzdusd_rsi2_m5_usd500000_stop_pattern_tree_depth2,2017-02-09T15:00:00+00:00,2017-02-09T15:10:00+00:00,7860,target,5.625095026395584,10.10980414521133,False,True,600,5.806685306591386,1.3034140175485711,-0.39036306925192593,-8.30132753385709,-4.166354082242735,-0.9420289855072284,0.5999999999994898,15.0
nzdusd_rsi2_m5_usd500000_stop_pattern_tree_depth2,2017-02-14T15:05:00+00:00,2017-02-14T15:10:00+00:00,8702,target,5.346337397299034,9.574386456481077,False,True,300,5.688078060972799,1.608534528659682,-0.06433624203339898,-6.0164271955903095,-3.9739320017720976,-0.849593495934968,0.900000000000345,15.083333333333334
nzdusd_rsi2_m5_usd500000_stop_pattern_tree_depth2,2017-02-14T15:35:00+00:00,2017-02-14T16:15:00+00:00,8708,signal_exit,-2.0137811830501815,-3.600538500000324,False,False,2400,7.3387821344377935,1.855633211241141,-0.39821507979545995,-7.802529434895564,-2.341023813182157,-0.8333333333333334,0.700000000000145,15.583333333333334
nzdusd_rsi2_m5_usd500000_stop_pattern_tree_depth2,2017-02-15T13:35:00+00:00,2017-02-15T14:10:00+00:00,8967,signal_exit,1.7323622420001505,3.0990380000002693,False,True,2100,4.113721082055727,1.2917386034976106,0.35663696323695726,-6.269618996112013,-4.041865969831238,-0.947368421052629,0.700000000000145,13.583333333333334
nzdusd_rsi2_m5_usd500000_stop_pattern_tree_depth2,2017-02-17T10:00:00+00:00,2017-02-17T10:10:00+00:00,9496,target,4.06969578700687,7.311706408564264,False,True,600,4.307499966781512,1.236175131510857,-1.0456369486313022,-6.023510527408838,-2.143894360876128,-0.943661971831085,0.40000000000040004,10.0
nzdusd_rsi2_m5_usd500000_stop_pattern_tree_depth2,2017-02-17T15:25:00+00:00,2017-02-17T16:00:00+00:00,9561,signal_exit,1.4457056423501808,2.596920500000325,False,True,2100,4.037307182640997,1.1384468327825397,-0.5100444365471855,-4.1253450996473475,-2.710385430314799,-0.9024390243901514,0.49999999999994493,15.416666666666666
nzdusd_rsi2_m5_usd500000_stop_pattern_tree_depth2,2017-02-21T10:10:00+00:00,2017-02-21T10:30:00+00:00,10061,signal_exit,0.7854696587995091,1.4006234999991247,False,True,1200,3.0458805345485294,1.1997857968649113,-2.3312967073454502,-11.303865186344876,-1.8630528076169797,-0.2972972972970702,0.49999999999994493,10.166666666666666
nzdusd_rsi2_m5_usd500000_stop_pattern_tree_depth2,2017-02-21T14:40:00+00:00,2017-02-21T14:45:00+00:00,10115,target,2.757993515591069,4.919717295025096,False,True,300,3.209657485524917,1.2020455142185378,-1.3287081844037414,-6.770998065565983,-1.4861684813529383,-0.6499999999999537,0.6000000000006,14.666666666666666
nzdusd_rsi2_m5_usd500000_stop_pattern_tree_depth2,2017-02-23T14:55:00+00:00,2017-02-23T15:50:00+00:00,10684,signal_exit,0.604604443499657,1.0935149999993796,False,True,3300,5.131927196157984,1.2724011307315044,1.9326839624213983,7.593130397387326,0.09688633577844127,-0.68085106382984,0.8000000000008001,14.916666666666666
nzdusd_rsi2_m5_usd500000_stop_pattern_tree_depth2,2017-02-24T11:20:00+00:00,2017-02-24T12:25:00+00:00,10924,signal_exit,-1.0009545584997974,-1.8048224999996347,False,False,3900,3.5238882175384814,1.1773372732381011,0.1363605454330359,-4.395614877595048,-2.79080232790149,-0.5538461538461618,0.5999999999994898,11.333333333333334
nzdusd_rsi2_m5_usd500000_stop_pattern_tree_depth2,2017-02-24T14:05:00+00:00,2017-02-24T14:35:00+00:00,10957,signal_exit,-2.0010671080001803,-3.6042275000003245,False,False,1800,4.364470040793778,1.2938395785387578,-0.9045054490766371,-4.8985781991166055,-1.766982740732994,-0.5294117647057479,0.5999999999994898,14.083333333333334
nzdusd_rsi2_m5_usd500000_stop_pattern_tree_depth2,2017-02-28T15:50:00+00:00,2017-02-28T15:55:00+00:00,11542,target,5.166540164630234,9.329252734976949,False,True,300,5.517571982508168,1.6265926793436778,1.3276202474523644,6.47579913375888,0.3374789917668732,-0.5813953488371912,0.7999999999996898,15.833333333333334
nzdusd_rsi2_m5_usd500000_stop_pattern_tree_depth2,2017-03-01T07:10:00+00:00,2017-03-01T07:45:00+00:00,11725,signal_exit,2.1953630923999774,3.902173999999959,False,True,2100,5.206567109591191,1.154901557410299,-1.9348934034639245,-13.855643855357501,-3.324565561889901,-0.6999999999999914,0.700000000000145,7.166666666666667
nzdusd_rsi2_m5_usd500000_stop_pattern_tree_depth2,2017-03-02T09:40:00+00:00,2017-03-02T10:25:00+00:00,12039,signal_exit,1.635181037999414,2.9028599999989595,False,True,2700,4.703499380831155,1.1373933776510174,-0.9081024508763569,-7.935452814732279,-1.9085127398174782,-0.5128205128204544,0.700000000000145,9.666666666666666
nzdusd_rsi2_m5_usd500000_stop_pattern_tree_depth2,2017-03-03T14:25:00+00:00,2017-03-03T15:45:00+00:00,12380,holding_bars,-9.103834280750293,-15.991277500000514,False,False,4800,4.4449618916114195,1.1485311069634403,-0.42317945046236416,-4.156098241056772,-2.0963187828285212,-0.8909090909089918,0.0999999999995449,14.416666666666666
nzdusd_rsi2_m5_usd500000_stop_pattern_tree_depth2,2017-03-07T08:30:00+00:00,2017-03-07T09:05:00+00:00,12878,signal_exit,1.094438290500103,1.91101500000018,False,True,2100,4.2360378119205055,1.1753539110130924,-0.35033385821484886,-5.224733746426703,-2.2244690543760117,-0.9122807017543894,0.49999999999994493,8.5
nzdusd_rsi2_m5_usd500000_stop_pattern_tree_depth2,2017-03-07T09:25:00+00:00,2017-03-07T10:15:00+00:00,12889,signal_exit,0.4076993282994153,0.7113929999989798,False,True,3000,4.519117369083497,1.2098899395006675,-0.7837059802615853,-5.767877617284208,-1.46955822538697,-0.4772727272728305,0.40000000000040004,9.416666666666666
nzdusd_rsi2_m5_usd500000_stop_pattern_tree_depth2,2017-03-07T14:50:00+00:00,2017-03-07T15:35:00+00:00,12954,signal_exit,1.1536924582498422,2.0116694999997247,False,True,2700,4.494083067602073,1.1346712378816435,-0.6462743971307456,-4.709653608398193,-2.162778195388829,-0.8545454545453224,0.40000000000040004,14.833333333333334
nzdusd_rsi2_m5_usd500000_stop_pattern_tree_depth2,2017-03-08T07:55:00+00:00,2017-03-08T08:25:00+00:00,13155,stop,-10.128099921473169,-17.604901653873057,True,False,1800,4.054694202765152,1.2565113250713262,-0.10078146444721442,-4.849812123678223,-2.4043177015878814,-0.4444444444444616,0.49999999999994493,7.916666666666667
nzdusd_rsi2_m5_usd500000_stop_pattern_tree_depth2,2017-03-08T09:10:00+00:00,2017-03-08T09:50:00+00:00,13170,signal_exit,-1.3745339849501352,-2.3859295000002345,False,False,2400,5.124063114911105,1.4309241029584652,-0.7704956715627869,-6.549529574748902,-1.4142863978803668,-0.8790322580645313,0.49999999999994493,9.166666666666666
nzdusd_rsi2_m5_usd500000_stop_pattern_tree_depth2,2017-03-08T13:20:00+00:00,2017-03-08T13:40:00+00:00,13220,signal_exit,3.125373209399881,5.414714499999794,False,True,1200,4.442471210356713,1.220445930027285,-1.1967677113013468,-7.447916783374954,-2.7178008759219456,-0.27748691099472694,0.3999999999992898,13.333333333333334
nzdusd_rsi2_m5_usd500000_stop_pattern_tree_depth2,2017-03-08T14:00:00+00:00,2017-03-08T14:30:00+00:00,13228,signal_exit,-0.395367324000756,-0.6852120000013102,False,False,1800,4.763881096531238,1.2632947327000792,-1.3090662946962792,-6.196809476223472,-1.0920250966888052,-0.5217391304346881,0.49999999999994493,14.0
nzdusd_rsi2_m5_usd500000_stop_pattern_tree_depth2,2017-03-09T08:50:00+00:00,2017-03-09T09:10:00+00:00,13451,signal_exit,2.157178204999216,3.717349999998649,False,True,1200,3.5047063984454065,1.1710941431855788,-1.118440481832678,-5.64403043948217,-1.6083006959871156,-0.6222222222221728,0.49999999999994493,8.833333333333334
nzdusd_rsi2_m5_usd500000_stop_pattern_tree_depth2,2017-03-10T14:25:00+00:00,2017-03-10T15:00:00+00:00,13796,signal_exit,-6.452597366550089,-11.184949500000153,False,False,2100,7.358774807431836,1.8314526475414437,0.6600861253004778,5.124885305738563,0.6609521331799902,-0.9545454545454086,0.2999999999997449,14.416666666666666
nzdusd_rsi2_m5_usd500000_stop_pattern_tree_depth2,2017-03-14T08:05:00+00:00,2017-03-14T08:30:00+00:00,14300,target,3.0723982111275134,5.299979663839078,False,True,1500,3.341594537728269,1.1812913184143403,-0.9530354752578063,-7.54507224355389,-1.8281507968477697,-0.2093023255813533,0.49999999999994493,8.083333333333334
nzdusd_rsi2_m5_usd500000_stop_pattern_tree_depth2,2017-03-16T12:40:00+00:00,2017-03-16T12:50:00+00:00,14921,target,5.559384290790201,9.698856055112005,False,True,600,5.543836311826921,1.162685652780227,-0.40210689231670405,-4.025937716001413,-2.205242809305182,-0.7727272727272957,0.49999999999994493,12.666666666666666
nzdusd_rsi2_m5_usd500000_stop_pattern_tree_depth2,2017-03-17T12:20:00+00:00,2017-03-17T12:50:00+00:00,15202,signal_exit,0.9744033759993554,1.7088799999988695,False,True,1800,4.084567609200394,1.1829470686936032,1.673616328146613,5.6012985289706,-0.7226066404333521,-0.6060606060606468,0.20000000000020002,12.333333333333334
nzdusd_rsi2_m5_usd500000_stop_pattern_tree_depth2,2017-03-20T07:50:00+00:00,2017-03-20T09:10:00+00:00,15427,holding_bars,-8.674250857600208,-15.293108000000368,False,False,4800,5.124120301127207,1.5293995228420554,1.5808181557025072,5.959812779405905,0.0537135869023672,-0.8253968253967443,0.49999999999994493,7.833333333333333
nzdusd_rsi2_m5_usd500000_stop_pattern_tree_depth2,2017-03-21T15:05:00+00:00,2017-03-21T15:15:00+00:00,15795,stop,-12.68815521008751,-22.452937904950467,True,False,600,5.239565111016418,1.4606381192269648,1.4097297960099775,6.670603689152162,0.25769299866718987,-0.7906976744185447,0.5999999999994898,15.083333333333334
nzdusd_rsi2_m5_usd500000_stop_pattern_tree_depth2,2017-03-22T09:10:00+00:00,2017-03-22T09:55:00+00:00,16008,signal_exit,1.0296075854997295,1.808232499999525,False,True,2700,4.485625346118024,1.2555982421146226,-0.25679348842439503,-4.327376535575615,-2.005892702890473,-0.32142857142823156,0.3999999999992898,9.166666666666666
nzdusd_rsi2_m5_usd500000_stop_pattern_tree_depth2,2017-03-24T08:10:00+00:00,2017-03-24T08:35:00+00:00,16563,signal_exit,2.4036282114998313,4.209506499999705,False,True,1500,3.560221380542135,1.1926549907147763,-1.4637516614898145,-5.455458581989176,-0.03819074261223028,-0.8048780487803029,0.2999999999997449,8.166666666666666
nzdusd_rsi2_m5_usd500000_stop_pattern_tree_depth2,2017-03-24T09:05:00+00:00,2017-03-24T09:30:00+00:00,16574,target,3.2665622357862905,5.72077449349613,False,True,1500,3.505684945721471,1.1555549882004403,-1.0646243959336583,-4.720634897953224,-1.0420642984933395,-0.6976744186045071,0.40000000000040004,9.083333333333334
nzdusd_rsi2_m5_usd500000_stop_pattern_tree_depth2,2017-03-28T08:45:00+00:00,2017-03-28T09:00:00+00:00,17132,signal_exit,0.7456083711997605,1.3085439999995798,False,True,900,3.5324129937806235,1.2470776744630814,-1.7299577032193454,-6.188940333408442,-0.09383293845247266,-0.4999999999996035,0.3999999999992898,8.75
nzdusd_rsi2_m5_usd500000_stop_pattern_tree_depth2,2017-03-30T07:40:00+00:00,2017-03-30T07:55:00+00:00,17682,target,2.8213602216815805,4.942817487178662,False,True,900,3.2167558300431884,1.3048192932744622,-0.7743263081800716,-7.4305021313961355,-2.5718076833730215,-0.5609756097560282,0.5999999999994898,7.666666666666667
nzdusd_rsi2_m5_usd500000_stop_pattern_tree_depth2,2017-03-30T08:55:00+00:00,2017-03-30T09:20:00+00:00,17697,signal_exit,0.5755909251999058,1.0091004999998348,False,True,1500,3.1858443885945498,1.2261984972264683,-0.9674221336461396,-4.5217311371167614,-0.7258554803449407,-0.8387096774190314,0.3999999999992898,8.916666666666666
nzdusd_rsi2_m5_usd500000_stop_pattern_tree_depth2,2017-03-31T07:45:00+00:00,2017-03-31T08:25:00+00:00,17967,signal_exit,0.8081263750501345,1.4110815000002346,False,True,2400,3.2562619316732437,1.1505756428866987,-0.7596340829173635,-4.840058413682804,-2.633573105527304,-0.7317073170730518,0.2999999999997449,7.75
nzdusd_rsi2_m5_usd500000_stop_pattern_tree_depth2,2017-04-04T12:55:00+00:00,2017-04-04T13:25:00+00:00,18586,signal_exit,0.35085267575031254,0.611774500000545,False,True,1800,3.384768749021031,1.1857707578289172,-0.9418625684979939,-5.251130945028591,-2.56660923667974,-0.8333333333334362,0.2999999999997449,12.916666666666666
nzdusd_rsi2_m5_usd500000_stop_pattern_tree_depth2,2017-04-05T13:20:00+00:00,2017-04-05T14:05:00+00:00,18867,signal_exit,-0.3948892532001149,-0.6872420000002,False,False,2700,3.9710138710267775,1.436516794884583,-0.40026268137268645,-5.180660219079246,-2.015933996952602,-0.6851851851852346,0.49999999999994493,13.333333333333334
nzdusd_rsi2_m5_usd500000_stop_pattern_tree_depth2,2017-04-05T14:40:00+00:00,2017-04-05T16:00:00+00:00,18883,holding_bars,-2.0049427750004485,-3.4868570000007795,False,False,4800,3.602308865461543,1.2568310303139671,-1.130589848338649,-5.549475132993638,-0.8697316315355718,-0.11764705882331812,0.49999999999994493,14.666666666666666
nzdusd_rsi2_m5_usd500000_stop_pattern_tree_depth2,2017-04-07T13:20:00+00:00,2017-04-07T13:45:00+00:00,19426,signal_exit,1.1581953982498416,2.0132024999997244,False,True,1500,6.2896493739390955,1.9047796327269586,-0.12425017714982263,-5.000460029363233,-1.9884203197682806,-0.5463917525773361,0.20000000000020002,13.333333333333334
nzdusd_rsi2_m5_usd500000_stop_pattern_tree_depth2,2017-04-11T14:25:00+00:00,2017-04-11T14:45:00+00:00,19998,signal_exit,2.0852076460501237,3.6145045000002143,False,True,1200,3.023052210077684,1.2675140400074378,-0.6603605628279645,-6.360562832478836,-2.2119253923439945,-0.16216216216233248,0.2999999999997449,14.416666666666666
nzdusd_rsi2_m5_usd500000_stop_pattern_tree_depth2,2017-04-12T11:15:00+00:00,2017-04-12T11:50:00+00:00,20237,signal_exit,0.5872624176999045,1.015673499999835,False,True,2100,3.045099331683931,1.1859031622681806,-1.6069710251713802,-9.518535669321196,-1.7850972654188675,-0.4864864864863973,0.2999999999997449,11.25
nzdusd_rsi2_m5_usd500000_stop_pattern_tree_depth2,2017-04-19T07:20:00+00:00,2017-04-19T07:40:00+00:00,21583,signal_exit,1.8847857951002676,3.3083830000004695,False,True,1200,3.1814708328306023,1.2322116379367065,-0.3523365353174008,-6.085226681553843,-2.0253709895185015,-0.8055555555556541,0.49999999999994493,7.333333333333333
nzdusd_rsi2_m5_usd500000_stop_pattern_tree_depth2,2017-04-19T08:45:00+00:00,2017-04-19T09:05:00+00:00,21600,signal_exit,1.7166718677497803,3.009065499999615,False,True,1200,3.041359075420554,1.153512571732587,-1.2591869432212648,-8.610648403095283,-2.49099162991685,-0.8833333333333179,0.40000000000040004,8.75
nzdusd_rsi2_m5_usd500000_stop_pattern_tree_depth2,2017-04-19T15:10:00+00:00,2017-04-19T16:30:00+00:00,21677,holding_bars,-3.7040826939996228,-6.490419999999339,False,False,4800,3.068397541337423,1.1396282316332949,-1.2033783436022358,-5.620039735661771,-0.6474223438107765,-0.2580645161293557,0.49999999999994493,15.166666666666666
nzdusd_rsi2_m5_usd500000_stop_pattern_tree_depth2,2017-04-20T09:05:00+00:00,2017-04-20T10:00:00+00:00,21888,signal_exit,-0.45098827500048744,-0.7912075000008552,False,False,3300,3.407160228647009,1.1749690298857824,0.22499513485755196,-4.150770309350776,-1.8362036001752493,-0.6166666666667037,0.2999999999997449,9.083333333333334
nzdusd_rsi2_m5_usd500000_stop_pattern_tree_depth2,2017-04-25T07:10:00+00:00,2017-04-25T07:20:00+00:00,22709,stop,-7.952995156270417,-13.86989040158775,True,False,600,3.1205166934810693,1.4470918698985247,-2.270899799512843,-13.419878848800701,-3.332353198808398,-0.8354430379747209,0.49999999999994493,7.166666666666667
nzdusd_rsi2_m5_usd500000_stop_pattern_tree_depth2,2017-04-25T07:25:00+00:00,2017-04-25T08:40:00+00:00,22712,signal_exit,-4.072869015599966,-7.08694799999994,False,False,4500,4.403525938621718,1.8459398711113273,-2.2782001477965235,-18.267012960280454,-2.822532446189888,-0.8490566037735473,0.3999999999992898,7.416666666666667
nzdusd_rsi2_m5_usd500000_stop_pattern_tree_depth2,2017-04-25T12:55:00+00:00,2017-04-25T13:35:00+00:00,22778,signal_exit,-0.2799745753006383,-0.48699700000111024,False,False,2400,3.025623887888188,1.1441738506468904,-1.8779083863817627,-9.457243942102668,-3.4131160028270453,-0.8275862068965781,0.40000000000040004,12.916666666666666
nzdusd_rsi2_m5_usd500000_stop_pattern_tree_depth2,2017-04-25T15:15:00+00:00,2017-04-25T16:00:00+00:00,22806,signal_exit,-2.754138002700239,-4.786475500000415,False,False,2700,3.1157937640722535,1.129005164557136,-1.7782306440620548,-8.86963676996366,-2.4861597635020414,-0.9268292682929999,0.40000000000040004,15.25
nzdusd_rsi2_m5_usd500000_stop_pattern_tree_depth2,2017-04-26T07:25:00+00:00,2017-04-26T08:15:00+00:00,22993,signal_exit,2.270619973599977,3.91688799999996,False,True,3000,4.006019179534185,1.2955481453105013,-2.2704076662499926,-13.404005328168429,-1.5149596941163945,-0.9795918367347863,0.49999999999994493,7.416666666666667
nzdusd_rsi2_m5_usd500000_stop_pattern_tree_depth2,2017-04-26T12:20:00+00:00,2017-04-26T12:55:00+00:00,23052,signal_exit,3.0310452891497643,5.217843499999594,False,True,2100,4.0350933025219105,1.2357969727693892,-2.0192802472515514,-11.923830175895041,-2.256001309645818,-0.8023255813953384,0.6000000000006,12.333333333333334
nzdusd_rsi2_m5_usd500000_stop_pattern_tree_depth2,2017-04-26T13:30:00+00:00,2017-04-26T14:50:00+00:00,23066,holding_bars,-1.6736012087001044,-2.88204100000018,False,False,4800,4.067991449451126,1.1957958048337187,-2.243519366712984,-9.37220073158857,-0.6867962331109476,-0.7450980392155454,0.3999999999992898,13.5
nzdusd_rsi2_m5_usd500000_stop_pattern_tree_depth2,2017-04-27T13:00:00+00:00,2017-04-27T13:40:00+00:00,23345,stop,-10.459629829920962,-17.959529240935716,True,False,2400,4.144850505001542,1.3540248957767183,-1.6484751030161986,-9.265890778092077,-1.8977320045965849,-0.7466666666666449,0.49999999999994493,13.0
nzdusd_rsi2_m5_usd500000_stop_pattern_tree_depth2,2017-04-27T13:45:00+00:00,2017-04-27T14:25:00+00:00,23354,signal_exit,1.8803865968498918,3.2203914999998147,False,True,2400,4.586835344550767,1.4211483704207297,-1.9947005749370343,-13.385587450708956,-2.4892338925474067,-0.7037037037038103,0.2999999999997449,13.75
nzdusd_rsi2_m5_usd500000_stop_pattern_tree_depth2,2017-04-27T15:30:00+00:00,2017-04-27T16:10:00+00:00,23375,signal_exit,-0.45488720749985123,-0.7802524999997448,False,False,2400,3.9677002154007415,1.17904648266994,-2.32706705107948,-7.565501033752176,0.5711083199189714,-0.7142857142854877,0.3999999999992898,15.5
nzdusd_rsi2_m5_usd500000_stop_pattern_tree_depth2,2017-04-28T12:40:00+00:00,2017-04-28T13:40:00+00:00,23625,signal_exit,0.7112429306500203,1.2197615000000348,False,True,3600,3.7213580400610056,1.3634955081724496,-0.42284075481699884,-5.286001089529403,-3.1726017410457246,-0.7894736842104341,0.6999999999990347,12.666666666666666
nzdusd_rsi2_m5_usd500000_stop_pattern_tree_depth2,2017-04-28T14:10:00+00:00,2017-04-28T14:55:00+00:00,23643,target,4.129466342170523,7.0770631399666195,False,True,2700,4.228592320714836,1.4005767314077702,-0.9579126330958055,-5.404833851229559,-1.4470570743108084,-0.5749999999997849,0.49999999999994493,14.166666666666666
nzdusd_rsi2_m5_usd500000_stop_pattern_tree_depth2,2017-05-03T12:40:00+00:00,2017-05-03T14:00:00+00:00,24462,holding_bars,-4.095985567799965,-7.084028999999939,False,False,4800,3.604821303053213,1.2033834288006682,-1.1796221295293277,-5.207638983475967,-0.8469906225791568,-0.5384615384616479,0.49999999999994493,12.666666666666666
nzdusd_rsi2_m5_usd500000_stop_pattern_tree_depth2,2017-05-03T14:05:00+00:00,2017-05-03T15:00:00+00:00,24479,signal_exit,-2.5951047860003875,-4.483595000000669,False,False,3300,4.409147863003546,1.3688936053997147,-1.142236015082548,-6.303979960458623,-1.855008572382539,-0.14728682170544302,0.6000000000006,14.083333333333334
nzdusd_rsi2_m5_usd500000_stop_pattern_tree_depth2,2017-05-04T13:25:00+00:00,2017-05-04T14:00:00+00:00,24756,signal_exit,1.3557342455996901,2.3206679999994697,False,True,2100,4.572665593201478,1.3765751766069596,-1.6429364483400668,-9.34271524077678,-1.538076820699364,-0.44117647058850423,0.40000000000040004,13.416666666666666
nzdusd_rsi2_m5_usd500000_stop_pattern_tree_depth2,2017-05-04T14:20:00+00:00,2017-05-04T14:25:00+00:00,24767,target,4.977210599948383,8.512417649988683,False,True,300,4.795776677178201,1.375014630520598,-1.896791805926462,-9.638121307072847,-2.0364401743827254,-0.8444444444444335,0.20000000000020002,14.333333333333334
nzdusd_rsi2_m5_usd500000_stop_pattern_tree_depth2,2017-05-04T15:25:00+00:00,2017-05-04T15:40:00+00:00,24780,signal_exit,2.640941530399678,4.520611999999449,False,True,900,4.728815673680696,1.2922056888229967,-1.712478102143376,-6.8500087906845515,-0.6547787516885238,-0.8139534883721831,0.40000000000040004,15.416666666666666
nzdusd_rsi2_m5_usd500000_stop_pattern_tree_depth2,2017-05-05T08:40:00+00:00,2017-05-05T08:55:00+00:00,24985,signal_exit,1.8093911959995121,3.117489999999159,False,True,900,4.105051896469921,1.1866385233235923,1.072497433115093,5.177884307193687,0.5431025023359879,-0.43749999999995665,0.40000000000040004,8.666666666666666
nzdusd_rsi2_m5_usd500000_stop_pattern_tree_depth2,2017-05-05T09:20:00+00:00,2017-05-05T09:35:00+00:00,24993,signal_exit,2.7960366621995325,4.817430499999194,False,True,900,3.7670246307545536,1.0922576883549653,1.3083139729509567,4.709782763531625,-0.6187738697821086,-0.8510638297869928,0.40000000000040004,9.333333333333334
nzdusd_rsi2_m5_usd500000_stop_pattern_tree_depth2,2017-05-08T09:05:00+00:00,2017-05-08T10:05:00+00:00,25272,signal_exit,-1.8941345640003342,-3.28557600000058,False,False,3600,3.296708538346235,0.9941497409326392,1.652449114750388,6.8063545774234475,0.2689342300335353,-0.47368421052643883,0.49999999999994493,9.083333333333334
nzdusd_rsi2_m5_usd500000_stop_pattern_tree_depth2,2017-05-09T12:25:00+00:00,2017-05-09T13:15:00+00:00,25595,signal_exit,2.2169404224495963,3.8177034999993045,False,True,3000,4.2152901912318885,1.2817007050759726,-0.316053870174358,-4.70952781339054,-1.7893688780213255,-0.8437500000000109,0.6000000000006,12.416666666666666
nzdusd_rsi2_m5_usd500000_stop_pattern_tree_depth2,2017-05-10T09:20:00+00:00,2017-05-10T10:00:00+00:00,25845,signal_exit,3.359378937250112,5.815092500000194,False,True,2400,3.831869056155224,1.2250796910607589,1.3009101114048351,6.15160910796388,0.34040307767811206,-0.37500000000004335,0.49999999999994493,9.333333333333334
nzdusd_rsi2_m5_usd500000_stop_pattern_tree_depth2,2017-05-10T11:40:00+00:00,2017-05-10T12:15:00+00:00,25873,signal_exit,1.4491324275998094,2.5141089999996695,False,True,2100,3.722130527352442,1.1613554701607558,2.0681385913316324,8.536966145346568,0.3156102942929558,-0.9402985074626321,0.6000000000006,11.666666666666666
nzdusd_rsi2_m5_usd500000_stop_pattern_tree_depth2,2017-05-10T12:35:00+00:00,2017-05-10T12:50:00+00:00,25884,signal_exit,1.5653921731992846,2.7143959999987595,False,True,900,3.7703883808484657,1.1458924347039556,2.0258346107867915,6.222948781416701,-1.152267967942515,-0.874999999999653,0.49999999999994493,12.583333333333334
nzdusd_rsi2_m5_usd500000_stop_pattern_tree_depth2,2017-05-10T13:45:00+00:00,2017-05-10T13:55:00+00:00,25898,signal_exit,3.1212519982498814,5.414140499999794,False,True,600,3.845605663009264,1.145342319124087,1.7803021223133417,5.777969938905785,-1.023489676646302,-0.8863636363636478,0.40000000000040004,13.75
nzdusd_rsi2_m5_usd500000_stop_pattern_tree_depth2,2017-05-11T12:45:00+00:00,2017-05-11T12:55:00+00:00,26173,signal_exit,2.2358435076495935,3.8213014999993047,False,True,600,4.648077178044272,1.1827308396637937,-0.9077212961222362,-5.14979650012402,-1.8542829422438636,-0.18181818181818182,0.49999999999994493,12.75
nzdusd_rsi2_m5_usd500000_stop_pattern_tree_depth2,2017-05-11T13:20:00+00:00,2017-05-11T13:50:00+00:00,26180,signal_exit,1.709625517599391,2.9214379999989593,False,True,1800,4.807291642860236,1.1974389009623958,-0.945947142005498,-5.1249970974626065,-1.836107978748255,-0.7399999999998801,0.49999999999994493,13.333333333333334
nzdusd_rsi2_m5_usd500000_stop_pattern_tree_depth2,2017-05-15T08:00:00+00:00,2017-05-15T08:10:00+00:00,26673,signal_exit,2.160558854999215,3.718049999998649,False,True,600,3.1742247739419986,1.097969827000504,1.6204418119130501,4.824608518408172,-1.8574092225323784,-0.6206896551722422,0.40000000000040004,8.0
nzdusd_rsi2_m5_usd500000_stop_pattern_tree_depth2,2017-05-15T10:10:00+00:00,2017-05-15T10:20:00+00:00,26699,signal_exit,1.4572704039998088,2.5164399999996694,False,True,600,3.6204547055302196,1.1680518484629987,2.1270529009605164,9.843095272206925,0.523546604961832,-0.636363636363774,0.49999999999994493,10.166666666666666
nzdusd_rsi2_m5_usd500000_stop_pattern_tree_depth2,2017-05-15T11:20:00+00:00,2017-05-15T11:45:00+00:00,26713,signal_exit,-0.8588571977999362,-1.4836019999998897,False,False,1500,3.4734122981945976,1.10803890477765,2.538599463682845,9.140624983638238,-0.4180841617468596,-0.2564102564103002,0.40000000000040004,11.333333333333334
nzdusd_rsi2_m5_usd500000_stop_pattern_tree_depth2,2017-05-15T13:15:00+00:00,2017-05-15T13:55:00+00:00,26736,stop,-8.898263193604551,-15.370984960450079,True,False,2400,3.521970759089102,1.108967561002278,2.016810202379708,7.033046136364905,-0.4858442730597192,-0.9069767441857043,0.3999999999992898,13.25
nzdusd_rsi2_m5_usd500000_stop_pattern_tree_depth2,2017-05-16T08:40:00+00:00,2017-05-16T09:20:00+00:00,26965,signal_exit,-1.9087112688003374,-3.28126400000058,False,False,2400,3.1654311718829633,1.1604887981551104,-0.039106173808674136,-4.711607818923489,-2.3378727693700228,-0.830508474576284,0.2999999999997449,8.666666666666666
nzdusd_rsi2_m5_usd500000_stop_pattern_tree_depth2,2017-05-17T07:00:00+00:00,2017-05-17T07:35:00+00:00,27225,stop,-10.921475569007793,-18.865910466415258,True,False,2100,4.4207187167587385,1.4072556891773609,1.5891841338688484,4.928493451849557,-0.718099432707248,-0.8048780487804382,0.2999999999997449,7.0
nzdusd_rsi2_m5_usd500000_stop_pattern_tree_depth2,2017-05-18T14:30:00+00:00,2017-05-18T14:40:00+00:00,27599,target,5.1543503084085245,8.906774336285682,False,True,600,5.145436508420592,1.2519225258771343,-0.3274268518934335,-3.994575853387972,-2.135531772930992,-0.6935483870965894,0.49999999999994493,14.5
nzdusd_rsi2_m5_usd500000_stop_pattern_tree_depth2,2017-05-22T08:15:00+00:00,2017-05-22T08:50:00+00:00,28088,signal_exit,-3.21442980810006,-5.586426500000104,False,False,2100,3.323200940547427,1.2422769491949512,1.7381979847493003,7.952035786811556,0.36115331318755933,-0.6176470588233182,0.49999999999994493,8.25
nzdusd_rsi2_m5_usd500000_stop_pattern_tree_depth2,2017-05-22T13:05:00+00:00,2017-05-22T13:35:00+00:00,28146,signal_exit,1.7852872770995174,3.1118829999991586,False,True,1800,3.741025177120653,1.2599347842087707,2.6358083266620627,9.083299530575335,-0.6965594766125003,-0.6774193548389003,0.40000000000040004,13.083333333333334
nzdusd_rsi2_m5_usd500000_stop_pattern_tree_depth2,2017-05-22T15:55:00+00:00,2017-05-22T16:00:00+00:00,28180,signal_exit,3.328551396799475,5.811018499999083,False,True,300,4.1322812008891,1.2339142459247598,2.560760191435008,7.94059331063719,-1.5662604333237722,-0.6333333333334814,0.2999999999997449,15.916666666666666
nzdusd_rsi2_m5_usd500000_stop_pattern_tree_depth2,2017-05-23T10:20:00+00:00,2017-05-23T10:30:00+00:00,28398,signal_exit,3.4759262159999658,6.1077599999999395,False,True,600,3.566589129344605,1.075231228160618,1.7862768243438456,5.641782176556607,-1.0583184922032671,-0.6666666666667788,0.0999999999995449,10.333333333333334
nzdusd_rsi2_m5_usd500000_stop_pattern_tree_depth2,2017-05-25T09:20:00+00:00,2017-05-25T09:45:00+00:00,28954,signal_exit,1.9979324289997493,3.5082219999995594,False,True,1500,4.107007611312829,1.1999898791752095,-0.48999141005584773,-4.116680615545656,-1.9345429505705394,-0.8666666666672588,0.5000000000010552,9.333333333333334
nzdusd_rsi2_m5_usd500000_stop_pattern_tree_depth2,2017-05-26T09:00:00+00:00,2017-05-26T09:05:00+00:00,29231,target,3.2619698182069494,5.744927471304948,False,True,300,3.519119904849789,1.0848352811945687,1.3144824844550191,4.663696833674518,-0.3728662958007244,-0.31578947368419513,0.40000000000040004,9.0
nzdusd_rsi2_m5_usd500000_stop_pattern_tree_depth2,2017-05-26T10:00:00+00:00,2017-05-26T10:10:00+00:00,29243,signal_exit,2.444863632399574,4.306611999999249,False,True,600,3.072862047846561,0.9577322110207921,1.3797145013764511,4.552077264748748,-1.1523546503538677,-0.5909090909089303,0.49999999999994493,10.0
nzdusd_rsi2_m5_usd500000_stop_pattern_tree_depth2,2017-05-26T10:50:00+00:00,2017-05-26T10:55:00+00:00,29253,target,2.873813293604526,5.063988182563042,False,True,300,3.0787643480342286,0.9626282021183629,1.384945220564099,4.632753248596397,-0.8130504848994293,-0.5227272727271695,0.20000000000020002,10.833333333333334
nzdusd_rsi2_m5_usd500000_stop_pattern_tree_depth2,2017-05-26T11:55:00+00:00,2017-05-26T12:25:00+00:00,29266,target,3.7230338578872955,6.570832788364446,False,True,1800,3.8826050353585155,1.1535740526454883,1.5749799599683936,6.72994107829429,0.41363003982699054,-0.7435897435897728,0.2999999999997449,11.916666666666666
nzdusd_rsi2_m5_usd500000_stop_pattern_tree_depth2,2017-05-26T13:10:00+00:00,2017-05-26T14:00:00+00:00,29281,signal_exit,-3.793412728800368,-6.69386400000065,False,False,3000,5.435662859016895,1.4576323681671604,1.6775491761083208,4.824426510251078,-1.1326211599496312,-0.5,0.40000000000040004,13.166666666666666
nzdusd_rsi2_m5_usd500000_stop_pattern_tree_depth2,2017-05-31T11:20:00+00:00,2017-05-31T12:40:00+00:00,30096,holding_bars,-2.923641281249834,-5.197584499999705,False,False,4800,3.487248838114101,1.137210470047104,1.4055743899921016,5.1917168056229075,-0.27763387263140726,-0.6153846153846592,0.49999999999994493,11.333333333333334
nzdusd_rsi2_m5_usd500000_stop_pattern_tree_depth2,2017-06-01T12:25:00+00:00,2017-06-01T12:30:00+00:00,30392,target,3.5696746895793403,6.301279240210662,False,True,300,3.7978795458899173,1.2957982874644758,-0.5493277217065401,-6.018584648589717,-2.783255715371798,-0.6027397260273848,0.40000000000040004,12.416666666666666
nzdusd_rsi2_m5_usd500000_stop_pattern_tree_depth2,2017-06-02T13:05:00+00:00,2017-06-02T13:20:00+00:00,30682,target,6.81795649647866,12.116503459176576,False,True,900,6.807248983303122,2.1820351105977824,1.6915107001883125,8.837353526491501,0.425193430004115,-0.7092198581560177,0.6000000000006,13.083333333333334
nzdusd_rsi2_m5_usd500000_stop_pattern_tree_depth2,2017-06-02T14:40:00+00:00,2017-06-02T15:15:00+00:00,30701,signal_exit,3.1974424212997414,5.700556999999539,False,True,2100,5.565591587859389,1.5917549268343352,3.1000299520981103,12.271299306811308,0.28083389826812943,-0.8285714285715554,0.40000000000040004,14.666666666666666
nzdusd_rsi2_m5_usd500000_stop_pattern_tree_depth2,2017-06-02T15:50:00+00:00,2017-06-02T16:05:00+00:00,30715,signal_exit,1.1204591010998457,2.0001054999997248,False,True,900,4.719317162749906,1.3113736442838968,3.2307322199635786,12.419132657662866,0.35076155151120814,-0.5762711864407098,0.2999999999997449,15.833333333333334
nzdusd_rsi2_m5_usd500000_stop_pattern_tree_depth2,2017-06-06T07:30:00+00:00,2017-06-06T07:50:00+00:00,31176,signal_exit,1.6739662432497846,2.998327499999614,False,True,1200,3.925174473971733,1.3247305386841974,1.8551420255361675,5.888523672483242,-1.0936177745630853,-0.6666666666668429,0.6000000000006,7.5
nzdusd_rsi2_m5_usd500000_stop_pattern_tree_depth2,2017-06-06T11:40:00+00:00,2017-06-06T12:25:00+00:00,31226,signal_exit,0.5004839175001616,0.8977290000002899,False,True,2700,3.0466020253157473,1.0591874736156153,1.8215295264582376,5.7387618504081255,-0.8779526960329306,-0.8979591836734786,0.2999999999997449,11.666666666666666
nzdusd_rsi2_m5_usd500000_stop_pattern_tree_depth2,2017-06-06T14:20:00+00:00,2017-06-06T14:25:00+00:00,31258,target,3.6470137616539615,6.547601008355406,False,True,300,3.825286889219206,1.2286420259170667,1.6789842408349247,5.558590624044093,-0.7612955686393221,-0.34146341463419916,0.20000000000020002,14.333333333333334
nzdusd_rsi2_m5_usd500000_stop_pattern_tree_depth2,2017-06-12T07:05:00+00:00,2017-06-12T07:30:00+00:00,32293,signal_exit,1.3918361298998159,2.4974629999996694,False,True,1500,4.203576084891061,1.6418542943377048,-1.0392853432060418,-10.06216247145611,-3.0501631938263074,-0.8690476190476788,0.40000000000040004,7.083333333333333
nzdusd_rsi2_m5_usd500000_stop_pattern_tree_depth2,2017-06-12T08:10:00+00:00,2017-06-12T08:25:00+00:00,32306,signal_exit,2.2255282079997243,3.996997499999505,False,True,900,3.5792548750794664,1.3601419199166016,-1.4033695859475444,-6.64077859785172,-0.3810983940481676,-1.0,0.40000000000040004,8.166666666666666
nzdusd_rsi2_m5_usd500000_stop_pattern_tree_depth2,2017-06-12T08:55:00+00:00,2017-06-12T09:15:00+00:00,32315,signal_exit,1.5007135499999273,2.6966999999998693,False,True,1200,3.1933873116335003,1.2043216093186628,-1.439312463107432,-4.371815203831945,0.3718672384667189,-0.6,0.40000000000040004,8.916666666666666
nzdusd_rsi2_m5_usd500000_stop_pattern_tree_depth2,2017-06-14T11:00:00+00:00,2017-06-14T11:55:00+00:00,32908,signal_exit,-0.6110837366003311,-1.1074370000006,False,False,3300,3.031076744704297,1.1408500209849224,2.1448240596191552,6.754935175370786,-1.7805357436348683,-0.9743589743590911,0.40000000000040004,11.0
nzdusd_rsi2_m5_usd500000_stop_pattern_tree_depth2,2017-06-14T15:10:00+00:00,2017-06-14T15:45:00+00:00,32958,signal_exit,2.294094850749838,4.188597499999704,False,True,2100,5.758986041259132,1.473973553861078,3.6212451881975385,13.047078743213618,-0.31539086330818983,-0.9130434782607786,0.3999999999992898,15.166666666666666
nzdusd_rsi2_m5_usd500000_stop_pattern_tree_depth2,2017-06-15T11:15:00+00:00,2017-06-15T11:40:00+00:00,33195,signal_exit,0.8297652757998777,1.4953419999997795,False,True,1500,4.929502395706461,1.1771371890857263,-1.0343206917971688,-6.5783380978553785,-2.712149594320593,-0.7446808510637066,0.49999999999994493,11.25
nzdusd_rsi2_m5_usd500000_stop_pattern_tree_depth2,2017-06-15T12:35:00+00:00,2017-06-15T13:20:00+00:00,33211,signal_exit,1.0545991619994826,1.8964199999990694,False,True,2700,5.5558824283910155,1.2532603198874641,-1.454578016597715,-8.607191388517798,-1.9055433012998007,-0.674603174603227,0.40000000000040004,12.583333333333334
nzdusd_rsi2_m5_usd500000_stop_pattern_tree_depth2,2017-06-16T09:55:00+00:00,2017-06-16T10:35:00+00:00,33461,signal_exit,1.3786296107998175,2.4934519999996696,False,True,2400,3.528015460555062,1.1330566238412554,1.5863482292765674,5.396618456676389,-1.269507098591022,-0.9189189189189838,0.3999999999992898,9.916666666666666
nzdusd_rsi2_m5_usd500000_stop_pattern_tree_depth2,2017-06-16T13:25:00+00:00,2017-06-16T13:35:00+00:00,33503,target,2.7161307501361813,4.916073755902591,False,True,600,3.061524781319133,1.00364755656302,1.1645487624591322,4.950307368616626,0.46601081061104427,-0.8928571428576102,0.30000000000085514,13.416666666666666
nzdusd_rsi2_m5_usd500000_stop_pattern_tree_depth2,2017-06-16T15:15:00+00:00,2017-06-16T15:35:00+00:00,33525,signal_exit,0.4923420452995475,0.8924089999991798,False,True,1200,3.9370742238884255,1.191015497838208,1.6615941541292696,6.212992231941064,-0.3520738649650794,-0.3000000000000555,0.49999999999994493,15.25
nzdusd_rsi2_m5_usd500000_stop_pattern_tree_depth2,2017-06-16T15:55:00+00:00,2017-06-16T16:05:00+00:00,33533,signal_exit,1.540887980899677,2.7924754999994144,False,True,600,3.3158757032299673,1.0197127516314046,1.7363618965623946,5.275555874686446,-1.6375056877955976,-0.3846153846154503,0.40000000000040004,15.916666666666666
nzdusd_rsi2_m5_usd500000_stop_pattern_tree_depth2,2017-06-19T12:30:00+00:00,2017-06-19T13:05:00+00:00,33764,signal_exit,2.2595851909994753,4.09270999999905,False,True,2100,4.457269064360618,1.366200424717026,-0.11006727796242059,-6.113598112077759,-2.6730499381672095,-0.9448818897637679,0.6000000000006,12.5
nzdusd_rsi2_m5_usd500000_stop_pattern_tree_depth2,2017-06-20T07:00:00+00:00,2017-06-20T07:30:00+00:00,33980,target,2.94275116181507,5.337839945247723,False,True,1800,3.322992777370931,1.1560168828554578,1.5029636396144979,5.250845605415097,-0.3700670686743459,-0.3999999999997039,0.3999999999992898,7.0
nzdusd_rsi2_m5_usd500000_stop_pattern_tree_depth2,2017-06-20T14:00:00+00:00,2017-06-20T14:10:00+00:00,34063,target,3.1046531169956872,5.6131858922359195,False,True,600,3.509809539452103,1.1595502424156434,-0.6808323237515926,-4.364220991001869,-2.215646836953789,-0.40816326530621955,0.49999999999994493,14.0
nzdusd_rsi2_m5_usd500000_stop_pattern_tree_depth2,2017-06-20T15:10:00+00:00,2017-06-20T15:35:00+00:00,34077,signal_exit,3.316302867349604,5.993679499999284,False,True,1500,4.315052465886869,1.3311903029769112,-0.43099646454245466,-4.42975016492494,-1.8433193367416538,-0.9661016949154073,0.40000000000040004,15.166666666666666
nzdusd_rsi2_m5_usd500000_stop_pattern_tree_depth2,2017-06-21T14:05:00+00:00,2017-06-21T14:30:00+00:00,34347,signal_exit,2.212893998999726,3.9943934999995045,False,True,1500,3.4980942198026135,1.160081062395892,-0.23922741073252124,-4.634286646825153,-2.5526877624895223,-0.9375000000001388,0.2999999999997449,14.083333333333334
nzdusd_rsi2_m5_usd500000_stop_pattern_tree_depth2,2017-06-21T15:45:00+00:00,2017-06-21T16:55:00+00:00,34367,signal_exit,-4.10386901150044,-7.405032500000794,False,False,4200,3.5361443657204026,1.144195010468565,-0.6005851471189086,-4.8510627695371396,-1.9673400032458854,-0.7083333333334586,0.2999999999997449,15.75
nzdusd_rsi2_m5_usd500000_stop_pattern_tree_depth2,2017-06-26T08:30:00+00:00,2017-06-26T09:40:00+00:00,35118,signal_exit,-2.8663132162504485,-5.208637500000815,False,False,4200,3.936751222119207,1.465927583510204,-0.02831816886937372,-5.075941924291324,-2.38654832953332,-0.8085106382980232,0.6000000000006,8.5
nzdusd_rsi2_m5_usd500000_stop_pattern_tree_depth2,2017-06-26T14:40:00+00:00,2017-06-26T15:00:00+00:00,35192,signal_exit,2.020650139199868,3.6886639999997586,False,True,1200,3.588715498253183,1.189382211884942,1.9452768271004952,6.114435626695897,-2.266111487424492,-0.5,0.3999999999992898,14.666666666666666
nzdusd_rsi2_m5_usd500000_stop_pattern_tree_depth2,2017-06-26T15:30:00+00:00,2017-06-26T16:00:00+00:00,35202,signal_exit,-0.006097853050030161,-0.011129500000055047,False,False,1800,3.325844620975092,1.0940799280915472,1.742285870845882,5.081562920644529,-1.8133447848092472,-0.6190476190478457,0.40000000000040004,15.5
nzdusd_rsi2_m5_usd500000_stop_pattern_tree_depth2,2017-06-27T08:45:00+00:00,2017-06-27T09:15:00+00:00,35404,signal_exit,-0.9354466990000491,-1.7126450000000897,False,False,1800,5.0698591503543655,1.6655027695269506,1.805070537771995,8.64553672917298,0.48077417109293774,-0.302325581395571,0.40000000000040004,8.75
nzdusd_rsi2_m5_usd500000_stop_pattern_tree_depth2,2017-06-27T14:25:00+00:00,2017-06-27T15:00:00+00:00,35472,signal_exit,-1.268886548400379,-2.3095860000006896,False,False,2100,4.405165939209342,1.2713008657449971,-0.6197671201255713,-5.223474385209116,-1.9651202623315323,-0.4,0.2999999999997449,14.416666666666666
nzdusd_rsi2_m5_usd500000_stop_pattern_tree_depth2,2017-06-28T07:05:00+00:00,2017-06-28T07:45:00+00:00,35669,signal_exit,0.3805507410000495,0.6912820000000899,False,True,2400,4.79671522697412,1.4208559044905869,0.16730236940584034,-3.9840851375215687,-1.9015474854090664,-0.8870967741936957,0.20000000000020002,7.083333333333333
nzdusd_rsi2_m5_usd500000_stop_pattern_tree_depth2,2017-06-28T09:30:00+00:00,2017-06-28T10:05:00+00:00,35698,signal_exit,0.7119495569997685,1.29186999999958,False,True,2100,4.402801612155459,1.219582353133403,-0.620621478150801,-5.352713069999599,-2.5239326322764675,-0.9693877551020662,0.40000000000040004,9.5
nzdusd_rsi2_m5_usd500000_stop_pattern_tree_depth2,2017-06-29T11:25:00+00:00,2017-06-29T11:45:00+00:00,36000,signal_exit,2.2466721551994775,4.090063999999049,False,True,1200,4.216278194266812,1.2716717233477066,-0.8473900329849459,-7.177402842778424,-1.948110809515865,-0.4489795918367393,0.49999999999994493,11.416666666666666
nzdusd_rsi2_m5_usd500000_stop_pattern_tree_depth2,2017-06-29T12:50:00+00:00,2017-06-29T13:10:00+00:00,36017,signal_exit,0.04956443759971979,0.09023199999948989,False,True,1200,5.39345220478542,1.4608976013532546,-1.054852028286724,-5.790097244505032,-1.5095468511020207,-0.8048780487805737,0.40000000000040004,12.833333333333334
nzdusd_rsi2_m5_usd500000_stop_pattern_tree_depth2,2017-07-03T14:05:00+00:00,2017-07-03T15:25:00+00:00,36588,holding_bars,0.9837690257497389,1.7902984999995248,False,True,4800,3.978893211286703,1.232304110879335,-1.1919123507275557,-8.659442277930866,-2.83912155205773,-0.6744186046512428,0.30000000000085514,14.083333333333334
nzdusd_rsi2_m5_usd500000_stop_pattern_tree_depth2,2017-07-05T07:35:00+00:00,2017-07-05T07:55:00+00:00,37068,signal_exit,0.48983112360015946,0.89076400000029,False,True,1200,3.387203771654286,1.1394874914423052,-0.09816915954825746,-4.2573909918848,-2.997410425300123,-0.9722222222221966,0.49999999999994493,7.583333333333333
nzdusd_rsi2_m5_usd500000_stop_pattern_tree_depth2,2017-07-05T08:10:00+00:00,2017-07-05T08:40:00+00:00,37075,signal_exit,2.5264149182500573,4.590977500000104,False,True,1800,3.8875269249006297,1.259693437170142,-0.31658655897298205,-5.355203786943338,-1.6395112325495478,-0.6451612903228001,0.40000000000040004,8.166666666666666
nzdusd_rsi2_m5_usd500000_stop_pattern_tree_depth2,2017-07-05T09:35:00+00:00,2017-07-05T10:15:00+00:00,37092,signal_exit,-0.11479801140014048,-0.20842050000025503,False,False,2400,4.343434633091897,1.3178165580132772,-0.9825536593001488,-6.133909446767091,-2.716014487373833,-0.9718309859154644,0.20000000000020002,9.583333333333334
nzdusd_rsi2_m5_usd500000_stop_pattern_tree_depth2,2017-07-06T10:10:00+00:00,2017-07-06T10:45:00+00:00,37379,signal_exit,1.6477080101997876,2.9914814999996144,False,True,2100,3.9794787066450894,1.1719778186756744,-0.04291794755630329,-4.453192723420996,-2.0799635027106764,-0.6071428571428642,0.2999999999997449,10.166666666666666
nzdusd_rsi2_m5_usd500000_stop_pattern_tree_depth2,2017-07-06T11:50:00+00:00,2017-07-06T12:15:00+00:00,37399,target,3.412924124973846,6.183953841228203,False,True,1500,3.795798523562639,1.1290535074013608,-0.8466059518838507,-8.043847646989034,-3.960368902426336,-0.8343949044586411,0.49999999999994493,11.833333333333334
nzdusd_rsi2_m5_usd500000_stop_pattern_tree_depth2,2017-07-11T07:00:00+00:00,2017-07-11T07:20:00+00:00,38179,signal_exit,0.10725194865008025,0.19384050000014502,False,True,1200,3.6248103675363668,1.1937493702677873,-1.854556429345914,-7.199581238098929,-0.48200014775627903,-0.4193548387095157,0.3999999999992898,7.0
nzdusd_rsi2_m5_usd500000_stop_pattern_tree_depth2,2017-07-12T13:20:00+00:00,2017-07-12T14:10:00+00:00,38535,signal_exit,-1.16157191600027,-2.10811600000049,False,False,3000,6.618580011280108,1.730998009622324,0.9584487497240637,6.157714813055849,0.6288121087788175,-0.5555555555555098,0.0,13.333333333333334
nzdusd_rsi2_m5_usd500000_stop_pattern_tree_depth2,2017-07-12T15:35:00+00:00,2017-07-12T16:20:00+00:00,38562,signal_exit,0.32593199694968866,0.5916354999994349,False,True,2700,4.958238958600248,1.207847423801018,1.1138705404153193,4.984144256391783,0.45858661257881367,-0.41860465116301887,0.10000000000065512,15.583333333333334
nzdusd_rsi2_m5_usd500000_stop_pattern_tree_depth2,2017-07-13T07:05:00+00:00,2017-07-13T07:15:00+00:00,38740,target,3.503673792900304,6.38773708824121,False,True,600,3.899237267424973,1.133212959584528,1.8176553100301673,6.6046001252701645,-0.229365273200755,-0.3684210526316097,0.49999999999994493,7.083333333333333
nzdusd_rsi2_m5_usd500000_stop_pattern_tree_depth2,2017-07-13T08:45:00+00:00,2017-07-13T09:25:00+00:00,38760,signal_exit,1.4719285649999287,2.68845399999987,False,True,2400,4.163365029887342,1.1367073999792467,2.0215242534073314,8.145948638217597,0.21462722355357694,-0.6808510638296414,0.40000000000040004,8.75
nzdusd_rsi2_m5_usd500000_stop_pattern_tree_depth2,2017-07-13T10:55:00+00:00,2017-07-13T11:15:00+00:00,38786,target,3.5049065639840027,6.427483154197694,False,True,1200,3.8206055482930346,1.0127147594447945,2.8627937181120484,12.677857085779493,0.4407728715426756,-0.874999999999653,0.2999999999997449,10.916666666666666
nzdusd_rsi2_m5_usd500000_stop_pattern_tree_depth2,2017-07-13T11:50:00+00:00,2017-07-13T13:10:00+00:00,38797,holding_bars,-3.1170520831998085,-5.713071999999649,False,False,4800,6.123097693879229,1.4450657764468084,2.902263665469642,9.224689554905158,-1.3378053625140698,-0.5434782608694865,0.3999999999992898,11.833333333333334
nzdusd_rsi2_m5_usd500000_stop_pattern_tree_depth2,2017-07-17T15:40:00+00:00,2017-07-17T16:00:00+00:00,39404,signal_exit,1.1410859861996008,2.0876069999992697,False,True,1200,4.074585150443538,1.1688297662034015,0.10688606916354888,-4.20908549973694,-1.6804470067256183,-0.5499999999999029,0.30000000000085514,15.666666666666666
nzdusd_rsi2_m5_usd500000_stop_pattern_tree_depth2,2017-07-18T07:15:00+00:00,2017-07-18T07:45:00+00:00,39587,signal_exit,0.7541105045501281,1.3854685000002351,False,True,1800,5.494758824679424,1.1669889043326929,1.3827875591959429,5.04319601909591,-0.2082110845634023,-0.6527777777776879,0.2999999999997449,7.25
nzdusd_rsi2_m5_usd500000_stop_pattern_tree_depth2,2017-07-20T07:25:00+00:00,2017-07-20T08:45:00+00:00,40147,holding_bars,-2.078435162500286,-3.8136425000005247,False,False,4800,3.5379996666989935,1.1522361303881525,-0.9495492876722894,-4.367685840469611,-0.6814207623619474,-0.7142857142854877,0.49999999999994493,7.416666666666667
nzdusd_rsi2_m5_usd500000_stop_pattern_tree_depth2,2017-07-21T07:15:00+00:00,2017-07-21T07:50:00+00:00,40425,signal_exit,4.135546990499633,7.679752999999319,False,True,2100,5.1069625315403036,1.226189136663727,1.5684496832217736,5.660644168349277,-0.25356678357146106,-0.5522388059700726,0.20000000000020002,7.25
nzdusd_rsi2_m5_usd500000_stop_pattern_tree_depth2,2017-07-21T10:50:00+00:00,2017-07-21T11:15:00+00:00,40468,signal_exit,0.849092555149637,1.5791194999993248,False,True,1500,3.5916126445110663,0.8892408389577081,1.6959433620180664,5.836915269118176,-0.8444175379807769,-0.8644067796610648,0.6000000000006,10.833333333333334
nzdusd_rsi2_m5_usd500000_stop_pattern_tree_depth2,2017-07-21T11:25:00+00:00,2017-07-21T12:15:00+00:00,40475,signal_exit,0.5805958124996663,1.0793749999993796,False,True,3000,3.6179294190003493,0.9033475678625011,1.6323542402291569,4.677395252397973,-1.9305215754525618,-0.9838709677420077,0.40000000000040004,11.416666666666666
nzdusd_rsi2_m5_usd500000_stop_pattern_tree_depth2,2017-07-27T07:05:00+00:00,2017-07-27T07:30:00+00:00,41549,signal_exit,2.162516616000085,4.072536000000159,False,True,1500,3.5672259379124416,0.8985967218686215,2.0306567634689863,5.4253772153987,-1.7349564439340595,-0.8837209302328103,0.49999999999994493,7.083333333333333
nzdusd_rsi2_m5_usd500000_stop_pattern_tree_depth2,2017-07-27T08:20:00+00:00,2017-07-27T09:40:00+00:00,41564,holding_bars,-3.041123553000403,-5.7271630000007585,False,False,4800,3.909178871811423,0.9832308542209144,1.5200078622762847,4.736927333768268,-1.5639608166970742,-0.725000000000111,0.20000000000020002,8.333333333333334
nzdusd_rsi2_m5_usd500000_stop_pattern_tree_depth2,2017-07-27T14:45:00+00:00,2017-07-27T15:05:00+00:00,41641,signal_exit,1.7475885575996581,3.275090999999359,False,True,1200,4.9793799322677454,1.23782418323078,-0.47115945165403134,-5.340989528593468,-2.9132417564530018,-0.8799999999999911,0.40000000000040004,14.75
nzdusd_rsi2_m5_usd500000_stop_pattern_tree_depth2,2017-07-27T15:45:00+00:00,2017-07-27T16:45:00+00:00,41653,signal_exit,-2.7878489612004347,-5.224604500000814,False,False,3600,4.597232374771958,1.1327477356723379,-0.7949215776768992,-4.76226482901753,-1.1722687483849326,-0.39705882352939253,0.20000000000020002,15.75
nzdusd_rsi2_m5_usd500000_stop_pattern_tree_depth2,2017-08-01T07:05:00+00:00,2017-08-01T07:20:00+00:00,42393,target,3.669168754891633,6.871102537250249,False,True,900,3.997851693434875,1.2242869048775342,-0.2919627005297921,-4.729607990167479,-2.9245305275389515,-0.9056603773585064,0.20000000000020002,7.083333333333333
nzdusd_rsi2_m5_usd500000_stop_pattern_tree_depth2,2017-08-01T10:05:00+00:00,2017-08-01T11:05:00+00:00,42429,signal_exit,-0.17303373119989301,-0.3234879999998,False,False,3600,4.080676000029907,1.1701805900673101,-0.6161123337449793,-7.1255650135834925,-2.901132622427405,-0.812500000000026,0.2999999999997449,10.083333333333334
nzdusd_rsi2_m5_usd500000_stop_pattern_tree_depth2,2017-08-01T13:15:00+00:00,2017-08-01T13:30:00+00:00,42467,target,3.7369970542753426,6.972009429618176,False,True,900,4.147347871984573,1.1462097386674432,-1.7116233491331543,-8.45947849643464,-1.956166108410825,-0.3199999999999112,0.3999999999992898,13.25
nzdusd_rsi2_m5_usd500000_stop_pattern_tree_depth2,2017-08-01T15:30:00+00:00,2017-08-01T16:15:00+00:00,42494,signal_exit,1.4328942517999301,2.676805999999869,False,True,2700,5.789673762958003,1.3737856049372268,-0.5294736019716194,-4.379722650102094,-1.926173836558034,-0.7800000000000888,0.700000000000145,15.5
nzdusd_rsi2_m5_usd500000_stop_pattern_tree_depth2,2017-08-02T09:15:00+00:00,2017-08-02T10:10:00+00:00,42701,signal_exit,0.851835869499636,1.5804004999993246,False,True,3300,4.327091869124892,1.2139088377013405,-1.2329149733270472,-6.078285412592331,-1.1106570783431573,-0.8125000000001518,0.10000000000065512,9.25
nzdusd_rsi2_m5_usd500000_stop_pattern_tree_depth2,2017-08-02T12:55:00+00:00,2017-08-02T13:05:00+00:00,42745,signal_exit,2.4718182962000563,4.580834500000104,False,True,600,5.019208905438513,1.3558015127292815,-0.9947076447787235,-6.098494152753673,-2.2443192442526994,-0.2258064516128339,0.5999999999994898,12.916666666666666
nzdusd_rsi2_m5_usd500000_stop_pattern_tree_depth2,2017-08-04T13:00:00+00:00,2017-08-04T13:30:00+00:00,43311,signal_exit,5.275593339299868,9.780484499999755,False,True,1800,7.2138713376281345,2.0509470096164897,0.4772332853197929,-6.46525282190153,-2.699280086626606,-0.734177215189893,0.6000000000006,13.0
nzdusd_rsi2_m5_usd500000_stop_pattern_tree_depth2,2017-08-04T13:55:00+00:00,2017-08-04T14:45:00+00:00,43322,signal_exit,-1.3599846000004805,-2.5184900000008894,False,False,3000,7.265990772319552,1.8624691137079277,-0.3975023789774937,-7.4909850970255105,-1.7617020279576339,-0.7209302325582386,0.40000000000040004,13.916666666666666
nzdusd_rsi2_m5_usd500000_stop_pattern_tree_depth2,2017-08-04T15:35:00+00:00,2017-08-04T15:50:00+00:00,43342,signal_exit,2.5288911995998102,4.681397999999649,False,True,900,5.999341745743984,1.3892879101174644,-1.481813393297808,-5.926838344322928,0.009995303305593088,-0.8253968253969205,0.40000000000040004,15.583333333333334
nzdusd_rsi2_m5_usd500000_stop_pattern_tree_depth2,2017-08-07T07:05:00+00:00,2017-08-07T07:50:00+00:00,43519,signal_exit,-2.9352384701499483,-5.416568499999904,False,False,2700,3.5341101901457916,1.1381633128663555,-1.2334151743451482,-9.087864156420087,-2.3594247927305143,-0.06976744186041708,0.5999999999994898,7.083333333333333
nzdusd_rsi2_m5_usd500000_stop_pattern_tree_depth2,2017-08-07T09:40:00+00:00,2017-08-07T10:05:00+00:00,43550,signal_exit,1.6228643042497906,2.9848524999996147,False,True,1500,3.777351576517514,1.163739011163883,-2.574273808967227,-12.902225622301502,-1.9699577784761362,-0.4642857142860683,0.40000000000040004,9.666666666666666
nzdusd_rsi2_m5_usd500000_stop_pattern_tree_depth2,2017-08-07T12:20:00+00:00,2017-08-07T13:15:00+00:00,43582,signal_exit,-0.008105469750029959,-0.01490250000005508,False,False,3300,3.7731627464885698,1.1393219157142414,-2.237041219145004,-10.08579238657359,-1.9835510162965435,-0.35849056603783463,0.40000000000040004,12.333333333333334
nzdusd_rsi2_m5_usd500000_stop_pattern_tree_depth2,2017-08-08T14:05:00+00:00,2017-08-08T14:40:00+00:00,43881,stop,-8.688868413634939,-15.942877823183375,True,False,2100,3.632409715135855,1.3083098138645552,-0.44875238955646324,-7.308043406417601,-1.9931622922699272,-0.8207547169811202,0.49999999999994493,14.083333333333334
nzdusd_rsi2_m5_usd500000_stop_pattern_tree_depth2,2017-08-08T14:45:00+00:00,2017-08-08T15:05:00+00:00,43889,signal_exit,1.5223940382996801,2.7872464999994144,False,True,1200,4.7020833922589516,1.5488919051783923,-1.256409159779431,-11.299854177162445,-1.9375325725461345,-0.586206896551711,0.3999999999992898,14.75
nzdusd_rsi2_m5_usd500000_stop_pattern_tree_depth2,2017-08-10T07:20:00+00:00,2017-08-10T07:50:00+00:00,44370,signal_exit,1.373833535699818,2.49198899999967,False,True,1800,6.165049235285965,1.3323872449352816,-2.6099595306623167,-13.05675451211893,-3.19249652561092,-0.9383561643835387,0.49999999999994493,7.333333333333333
nzdusd_rsi2_m5_usd500000_stop_pattern_tree_depth2,2017-08-14T07:50:00+00:00,2017-08-14T08:10:00+00:00,44938,signal_exit,1.20032273344935,2.1891714999988143,False,True,1200,3.633525363570166,1.1595439691508245,-0.11835983479434217,-4.112772119299418,-1.9932243992426346,-0.3695652173912991,0.40000000000040004,7.833333333333333
nzdusd_rsi2_m5_usd500000_stop_pattern_tree_depth2,2017-08-14T08:40:00+00:00,2017-08-14T08:55:00+00:00,44948,signal_exit,1.4754234923999285,2.6894339999998693,False,True,900,3.7433704409389166,1.1711977449605349,-0.46763401077931377,-4.957593537206464,-1.2141501693920251,-0.31372549019595036,0.5999999999994898,8.666666666666666
nzdusd_rsi2_m5_usd500000_stop_pattern_tree_depth2,2017-08-15T07:10:00+00:00,2017-08-15T07:35:00+00:00,45212,signal_exit,2.411910776099947,4.390081499999904,False,True,1500,3.472383079370319,1.2735993091372466,-0.2790180863443611,-5.769418694238306,-3.280244536028889,-0.7557251908396261,0.49999999999994493,7.166666666666667
nzdusd_rsi2_m5_usd500000_stop_pattern_tree_depth2,2017-08-15T08:00:00+00:00,2017-08-15T08:05:00+00:00,45221,target,2.6687749781515873,4.857617361033103,False,True,300,3.1337656123132547,1.147863021496219,-0.7035541769563483,-5.476363453087897,-1.5204722733301823,-0.9545454545451564,0.49999999999994493,8.0
nzdusd_rsi2_m5_usd500000_stop_pattern_tree_depth2,2017-08-15T12:35:00+00:00,2017-08-15T13:30:00+00:00,45276,signal_exit,-3.8640069063002174,-7.007629500000394,False,False,3300,4.4135568045407325,1.5136128149099788,-0.9810013427799934,-12.19092721272534,-4.184555164915754,-0.9923664122136906,0.3999999999992898,12.583333333333334
nzdusd_rsi2_m5_usd500000_stop_pattern_tree_depth2,2017-08-15T14:00:00+00:00,2017-08-15T15:20:00+00:00,45293,holding_bars,-2.9304845372001984,-5.306926000000359,False,False,4800,4.621899040896347,1.4427287899579833,-2.258496692233453,-12.631084800779869,-0.9213046065973198,-0.8987341772152236,0.8000000000008001,14.0
nzdusd_rsi2_m5_usd500000_stop_pattern_tree_depth2,2017-08-21T14:30:00+00:00,2017-08-21T14:50:00+00:00,46421,signal_exit,1.1932824628499588,2.186700499999924,False,True,1200,3.0992324675470906,1.2830845501937438,1.312302948416868,5.735815881241875,0.3904428877693154,-0.4999999999997865,0.1999999999990898,14.5
nzdusd_rsi2_m5_usd500000_stop_pattern_tree_depth2,2017-08-22T07:35:00+00:00,2017-08-22T08:15:00+00:00,46618,stop,-7.446288523545716,-13.603011551965137,True,False,2400,3.072982692385271,1.3527013065705344,-0.5128083148146414,-6.847966358348102,-2.233233464262181,-0.5333333333333005,0.40000000000040004,7.583333333333333
nzdusd_rsi2_m5_usd500000_stop_pattern_tree_depth2,2017-08-22T08:20:00+00:00,2017-08-22T08:35:00+00:00,46627,target,3.047949919658009,5.556882260087527,False,True,900,3.483830314104969,1.4446524696140652,-1.1378626775851286,-11.544154633672306,-2.260786937574705,-0.8909090909089918,0.49999999999994493,8.333333333333334
nzdusd_rsi2_m5_usd500000_stop_pattern_tree_depth2,2017-08-22T09:10:00+00:00,2017-08-22T10:10:00+00:00,46637,signal_exit,-3.5172682351504965,-6.410184500000905,False,False,3600,3.320131174760288,1.339198347255757,-1.837164880164308,-11.144475764141905,-1.7952175699120292,-0.8367346938776111,0.10000000000065512,9.166666666666666
nzdusd_rsi2_m5_usd500000_stop_pattern_tree_depth2,2017-08-22T11:05:00+00:00,2017-08-22T12:00:00+00:00,46660,signal_exit,0.5443449995999092,0.9904384999998347,False,True,3300,3.0392735253939915,1.1653178553495118,-2.7934403404412147,-12.814427578844665,-1.7678885252245318,-0.9565217391303928,0.2999999999997449,11.083333333333334
nzdusd_rsi2_m5_usd500000_stop_pattern_tree_depth2,2017-08-22T14:05:00+00:00,2017-08-22T14:35:00+00:00,46696,signal_exit,2.627983560749558,4.789472499999194,False,True,1800,3.790379590888859,1.301493808706356,-1.4836884316942203,-4.625874335441104,0.30761427085927734,-0.592592592592585,0.40000000000040004,14.083333333333334
nzdusd_rsi2_m5_usd500000_stop_pattern_tree_depth2,2017-08-23T07:20:00+00:00,2017-08-23T07:30:00+00:00,46895,target,3.334613363951202,6.016985499731509,False,True,600,3.7112683942598816,1.1675656357679585,-2.5873525248094347,-12.7817159700902,-1.362420645165281,-0.6216216216215811,0.49999999999994493,7.333333333333333
nzdusd_rsi2_m5_usd500000_stop_pattern_tree_depth2,2017-08-23T11:45:00+00:00,2017-08-23T13:05:00+00:00,46948,holding_bars,-6.9254168645998835,-12.50526699999979,False,False,4800,3.90815220347971,1.1810183041169604,-1.641807150841128,-5.970218109722116,-0.031153114727055196,-0.7916666666668273,0.49999999999994493,11.75
nzdusd_rsi2_m5_usd500000_stop_pattern_tree_depth2,2017-08-25T15:25:00+00:00,2017-08-25T16:05:00+00:00,47560,signal_exit,-3.15343455660042,-5.70654100000076,False,False,2400,7.34257240689061,1.8704348479227375,1.3249453294487965,4.64393823052259,-0.29622853175457475,-0.5625000000002385,0.40000000000040004,15.416666666666666
nzdusd_rsi2_m5_usd500000_stop_pattern_tree_depth2,2017-08-29T13:05:00+00:00,2017-08-29T13:40:00+00:00,48096,signal_exit,-0.5545374885005793,-1.010086500001055,False,False,2100,4.096764743476503,1.0097145082344068,2.1027599343289927,6.782689064153666,-1.3425431747659629,-0.3823529411763553,0.2999999999997449,13.083333333333334
nzdusd_rsi2_m5_usd500000_stop_pattern_tree_depth2,2017-08-30T13:25:00+00:00,2017-08-30T13:40:00+00:00,48380,signal_exit,1.991703861449504,3.594484499999105,False,True,900,4.928832178922496,1.2453746870850722,-1.3261061249435513,-7.7297229976859425,-1.993504036981125,-0.8166666666665896,0.49999999999994493,13.416666666666666
nzdusd_rsi2_m5_usd500000_stop_pattern_tree_depth2,2017-08-30T14:00:00+00:00,2017-08-30T14:50:00+00:00,48387,signal_exit,-2.7188381742005925,-4.904994000001068,False,False,3000,4.600735860836848,1.1577007025729,-1.5278393662770797,-7.990268292684943,-1.849168676030282,-0.400000000000074,0.49999999999994493,14.0
nzdusd_rsi2_m5_usd500000_stop_pattern_tree_depth2,2017-08-30T15:30:00+00:00,2017-08-30T15:40:00+00:00,48405,signal_exit,3.719456905999683,6.695691999999428,False,True,600,5.2580462784934765,1.2571165972555092,-1.9446035139761497,-9.720463424380196,-1.7775051712244305,-0.10389610389605708,0.20000000000020002,15.5
nzdusd_rsi2_m5_usd500000_stop_pattern_tree_depth2,2017-08-31T14:35:00+00:00,2017-08-31T14:55:00+00:00,48678,target,4.89886433527464,8.755789696648149,False,True,1200,4.978285838328533,1.1965820331598416,-1.0848592581904914,-4.068008351112489,-0.2532535695598287,-0.43548387096776214,0.2999999999997449,14.583333333333334
nzdusd_rsi2_m5_usd500000_stop_pattern_tree_depth2,2017-09-01T07:05:00+00:00,2017-09-01T07:10:00+00:00,48867,target,3.364025938333561,6.013632353116841,False,True,300,3.657246680192307,1.128975609568055,-0.8652171592051746,-6.274794899890762,-2.4464175671590214,-0.5714285714285431,0.3999999999992898,7.083333333333333
nzdusd_rsi2_m5_usd500000_stop_pattern_tree_depth2,2017-09-05T15:50:00+00:00,2017-09-05T16:20:00+00:00,49532,signal_exit,2.092173566850229,3.7922305000004144,False,True,1800,4.7260025705796895,1.2182682974135772,3.622780457099945,13.59926838118992,-0.3335906063572321,-0.7454545454546666,0.3999999999992898,15.833333333333334
nzdusd_rsi2_m5_usd500000_stop_pattern_tree_depth2,2017-09-06T10:45:00+00:00,2017-09-06T11:20:00+00:00,49755,signal_exit,1.051214188799484,1.8951039999990695,False,True,2100,3.87138140582609,1.1431978178956563,-0.3189218672017856,-4.9378710278363105,-2.5596803780756248,-0.7169811320756693,0.0,10.75
nzdusd_rsi2_m5_usd500000_stop_pattern_tree_depth2,2017-09-06T15:10:00+00:00,2017-09-06T15:30:00+00:00,49808,target,6.901579773050474,12.4307993030448,False,True,1200,6.967804524680679,1.6989139811628948,-0.6169710380883578,-4.260009359202299,-1.5222608989188893,-0.7040816326530427,0.5999999999994898,15.166666666666666
nzdusd_rsi2_m5_usd500000_stop_pattern_tree_depth2,2017-09-07T07:35:00+00:00,2017-09-07T07:45:00+00:00,50001,target,3.688420592923907,6.61600106354064,False,True,600,3.9092816066271943,1.1745741248727595,-1.4284815532816877,-8.358345583922281,-0.831079592133107,-0.9444444444444902,0.30000000000085514,7.583333333333333
nzdusd_rsi2_m5_usd500000_stop_pattern_tree_depth2,2017-09-07T15:55:00+00:00,2017-09-07T16:35:00+00:00,50101,signal_exit,-4.868929457849985,-8.806166499999971,False,False,2400,5.250766884006169,1.226414141473016,1.257497249690761,5.994021755323415,0.5708816635242563,-0.5,0.3999999999992898,15.916666666666666
nzdusd_rsi2_m5_usd500000_stop_pattern_tree_depth2,2017-09-08T07:15:00+00:00,2017-09-08T08:30:00+00:00,50279,signal_exit,-4.329889517200406,-7.911364000000741,False,False,4500,6.906667179623276,1.3458702817509447,2.7089790392364534,8.015224997099596,-1.047549062350019,-0.5434782608695521,0.49999999999994493,7.25
nzdusd_rsi2_m5_usd500000_stop_pattern_tree_depth2,2017-09-08T11:15:00+00:00,2017-09-08T11:45:00+00:00,50327,signal_exit,-1.0462274368001585,-1.9116160000002895,False,False,1800,4.670007606197508,0.9296535094664186,1.3801770474565447,5.642388717680195,0.30703452342970494,-0.8390804597700885,0.700000000000145,11.25
nzdusd_rsi2_m5_usd500000_stop_pattern_tree_depth2,2017-09-11T11:10:00+00:00,2017-09-11T12:05:00+00:00,50607,signal_exit,-3.3565796278000266,-6.1095370000000475,False,False,3300,3.8954325433328845,1.0113066212096522,1.559313086677639,4.696569796093945,-1.3725173012804681,-0.6382978723403954,0.2999999999997449,11.166666666666666
nzdusd_rsi2_m5_usd500000_stop_pattern_tree_depth2,2017-09-12T08:20:00+00:00,2017-09-12T08:35:00+00:00,50856,signal_exit,2.7880905115000267,5.088685000000048,False,True,900,6.226163621459015,1.4063600028729166,2.193172572335542,10.007791676453655,0.31125307514360323,-1.0,0.49999999999994493,8.333333333333334
nzdusd_rsi2_m5_usd500000_stop_pattern_tree_depth2,2017-09-12T09:15:00+00:00,2017-09-12T10:05:00+00:00,50867,signal_exit,1.4741213121993197,2.689020999998759,False,True,3000,6.308448204469941,1.3599059461332421,2.581041187691426,7.659394200230381,-2.092017745788557,-0.9624999999998942,0.49999999999994493,9.25
nzdusd_rsi2_m5_usd500000_stop_pattern_tree_depth2,2017-09-12T11:05:00+00:00,2017-09-12T12:05:00+00:00,50889,signal_exit,-3.239112919999917,-5.9107899999998486,False,False,3600,5.384604959566368,1.1509878111370528,1.9365934607203568,6.213088267611778,-0.8111913391230864,-0.9152542372881419,0.2999999999997449,11.083333333333334
nzdusd_rsi2_m5_usd500000_stop_pattern_tree_depth2,2017-09-13T13:05:00+00:00,2017-09-13T13:55:00+00:00,51197,signal_exit,-0.059896179200390864,-0.10882300000071014,False,False,3000,4.229563050098557,1.1687951358160953,-0.34329684200911326,-4.958417192382085,-2.966141831674792,-0.807228915662591,0.5999999999994898,13.083333333333334
nzdusd_rsi2_m5_usd500000_stop_pattern_tree_depth2,2017-09-13T14:10:00+00:00,2017-09-13T14:50:00+00:00,51210,signal_exit,-2.2094949026503996,-4.007790500000724,False,False,2400,5.187409941746954,1.3391074500102764,-0.9118735610677811,-7.240334308304275,-1.8874381673898406,-0.9749999999999722,0.49999999999994493,14.166666666666666
nzdusd_rsi2_m5_usd500000_stop_pattern_tree_depth2,2017-09-13T15:20:00+00:00,2017-09-13T16:40:00+00:00,51224,holding_bars,-5.912248575200115,-10.706716000000208,False,False,4800,5.820908440626958,1.3888998747641095,-1.4588200018047568,-8.55580397470711,-1.5332212862170171,-0.7222222222221879,0.3999999999992898,15.333333333333334
nzdusd_rsi2_m5_usd500000_stop_pattern_tree_depth2,2017-09-14T07:00:00+00:00,2017-09-14T07:25:00+00:00,51406,signal_exit,1.323326064750069,2.393427500000125,False,True,1500,5.503789446071807,1.3938663370133475,-0.5044753288269918,-4.124773196350006,-1.1249246552828984,-0.1428571428569918,0.700000000000145,7.0
nzdusd_rsi2_m5_usd500000_stop_pattern_tree_depth2,2017-09-14T12:35:00+00:00,2017-09-14T12:40:00+00:00,51473,target,5.634724486432639,10.130752402791511,False,True,300,5.8672998068892905,1.4676037935826394,-1.3406609981480055,-12.193032484304435,-2.8314405442913486,-0.6753731343283461,0.700000000000145,12.583333333333334
nzdusd_rsi2_m5_usd500000_stop_pattern_tree_depth2,2017-09-14T13:15:00+00:00,2017-09-14T13:40:00+00:00,51481,signal_exit,3.611853839999571,6.496139999999229,False,True,1500,9.922695430191041,2.016456488779921,-1.4428060373760176,-8.959661659265471,-1.8591821418101226,-0.45360824742266387,0.7999999999996898,13.25
nzdusd_rsi2_m5_usd500000_stop_pattern_tree_depth2,2017-09-14T14:45:00+00:00,2017-09-14T15:35:00+00:00,51499,signal_exit,1.7182476584001496,3.0953840000002693,False,True,3000,6.737896161726577,1.3277075613637852,-1.427190165497867,-5.11748023342684,0.2836449443897272,-0.7962962962963953,0.49999999999994493,14.75
nzdusd_rsi2_m5_usd500000_stop_pattern_tree_depth2,2017-09-15T09:45:00+00:00,2017-09-15T10:00:00+00:00,51719,target,5.033189646353113,9.13464545617625,False,True,900,5.321615984647617,1.308019809279449,1.3860163499803495,6.051164241250819,0.19569191630242902,-0.7843137254900936,0.5999999999994898,9.75
nzdusd_rsi2_m5_usd500000_stop_pattern_tree_depth2,2017-09-15T14:15:00+00:00,2017-09-15T14:40:00+00:00,51773,signal_exit,3.1823403612001067,5.790284500000194,False,True,1500,6.252422688982551,1.305858321551085,1.740721029625352,5.025400556138285,-1.260006810135442,-0.7704918032786408,0.3999999999992898,14.25
nzdusd_rsi2_m5_usd500000_stop_pattern_tree_depth2,2017-09-19T13:10:00+00:00,2017-09-19T13:25:00+00:00,52325,signal_exit,3.881560746399907,7.08831399999983,False,True,900,5.018235160801906,1.3018238484947016,1.3202662388866948,4.847800190758917,-0.10815464188139835,-0.769230769230824,0.6000000000006,13.166666666666666
nzdusd_rsi2_m5_usd500000_stop_pattern_tree_depth2,2017-09-20T07:00:00+00:00,2017-09-20T08:20:00+00:00,52530,holding_bars,-5.390639244700282,-9.914731000000518,False,False,4800,7.138127616399341,1.6634384365713628,1.3849198101152222,9.01954200487904,0.4718350641724671,-0.7380952380952696,0.5999999999994898,7.0
nzdusd_rsi2_m5_usd500000_stop_pattern_tree_depth2,2017-09-20T10:40:00+00:00,2017-09-20T11:00:00+00:00,52574,signal_exit,2.5998796394995622,4.784467499999194,False,True,1200,4.2364172775079485,0.9646470641934886,1.8448860085664667,6.519024143744658,-0.7520640199216849,-0.8888888888889802,0.49999999999994493,10.666666666666666
nzdusd_rsi2_m5_usd500000_stop_pattern_tree_depth2,2017-09-20T12:40:00+00:00,2017-09-20T13:10:00+00:00,52598,signal_exit,-0.9855326173504043,-1.815980500000745,False,False,1800,4.630307012408805,1.0368944856944673,1.962899244605129,6.642853177895108,-1.2398559685688364,-0.7833333333333703,0.40000000000040004,12.666666666666666
nzdusd_rsi2_m5_usd500000_stop_pattern_tree_depth2,2017-09-20T15:10:00+00:00,2017-09-20T15:35:00+00:00,52628,signal_exit,1.9420794950001166,3.5831725000002153,False,True,1500,4.426042871006034,1.0041351540237349,1.8814512170241875,6.593002805841149,-0.9159677536243364,-0.6865671641790674,0.49999999999994493,15.166666666666666
nzdusd_rsi2_m5_usd500000_stop_pattern_tree_depth2,2017-09-21T07:05:00+00:00,2017-09-21T07:25:00+00:00,52813,signal_exit,0.26743239749993974,0.48846099999988996,False,True,1200,6.548147504210722,1.259448329562519,-1.1539407910387434,-6.206473856339031,-2.134336763813801,-0.6395348837208807,0.49999999999994493,7.083333333333333
nzdusd_rsi2_m5_usd500000_stop_pattern_tree_depth2,2017-09-22T15:00:00+00:00,2017-09-22T15:25:00+00:00,53189,signal_exit,0.4833326532995528,0.8863609999991798,False,True,1500,3.849077967326067,1.011123950308337,1.2224540372679706,5.689050305642866,0.595774736067657,-0.694915254237218,0.40000000000040004,15.0
nzdusd_rsi2_m5_usd500000_stop_pattern_tree_depth2,2017-09-25T10:00:00+00:00,2017-09-25T10:05:00+00:00,53408,target,4.432247298592475,8.057166512620386,False,True,300,4.783263670539303,1.1715041823924466,-0.22205050781633828,-4.207231981899147,-2.365490404074912,-0.9154929577465494,0.6000000000006,10.0
nzdusd_rsi2_m5_usd500000_stop_pattern_tree_depth2,2017-09-26T07:55:00+00:00,2017-09-26T09:10:00+00:00,53669,signal_exit,3.1016637035999968,5.594631499999994,False,True,4500,4.54932317134618,1.1859766655187336,-1.393778427515111,-9.50097860205594,-2.5639446018172003,-0.8737864077669285,0.49999999999994493,7.916666666666667
nzdusd_rsi2_m5_usd500000_stop_pattern_tree_depth2,2017-09-26T15:00:00+00:00,2017-09-26T15:00:00+00:00,53754,target,4.324015298231155,7.760257175576371,False,True,0,4.581569692727437,1.1334741998698346,-1.9523503328271707,-11.423813884856063,-2.122414345164849,-0.1833333333332254,0.49999999999994493,15.0
nzdusd_rsi2_m5_usd500000_stop_pattern_tree_depth2,2017-09-27T08:40:00+00:00,2017-09-27T08:50:00+00:00,53960,signal_exit,2.5575123521994403,4.596535499998994,False,True,600,3.9084447517830196,1.1289908205574912,-1.0864464764588169,-4.029794098566339,-0.09837354514658925,-0.15384615384592393,0.49999999999994493,8.666666666666666
nzdusd_rsi2_m5_usd500000_stop_pattern_tree_depth2,2017-09-27T12:50:00+00:00,2017-09-27T13:00:00+00:00,54010,target,3.9792242242083478,7.146595230259245,False,True,600,4.224930987714583,1.1578444572743471,-0.038040169185158554,-4.476033708802923,-2.1971963081917605,-0.45283018867934804,0.40000000000040004,12.833333333333334
nzdusd_rsi2_m5_usd500000_stop_pattern_tree_depth2,2017-09-28T07:00:00+00:00,2017-09-28T07:30:00+00:00,54226,signal_exit,3.732351789199682,6.697203999999429,False,True,1800,5.9438887872623685,1.4056775931452654,-1.0420067527281411,-5.933895236742522,-1.4233512810614672,-0.6470588235294579,0.20000000000020002,7.0
nzdusd_rsi2_m5_usd500000_stop_pattern_tree_depth2,2017-10-02T07:30:00+00:00,2017-10-02T08:15:00+00:00,54797,signal_exit,-2.676373897550231,-4.802393500000415,False,False,2700,3.821066692593237,1.1560474765619053,-1.2413531146303527,-8.287039050144353,-3.076594229084538,-0.9594594594594918,0.49999999999994493,7.5
nzdusd_rsi2_m5_usd500000_stop_pattern_tree_depth2,2017-10-03T14:50:00+00:00,2017-10-03T16:10:00+00:00,55170,holding_bars,0.11129975745008108,0.199069500000145,False,True,4800,5.114932925787764,1.3366684000041107,-0.5802883694068711,-5.166575368335492,-2.283013029087789,-0.507042253521173,0.2999999999997449,14.833333333333334
nzdusd_rsi2_m5_usd500000_stop_pattern_tree_depth2,2017-10-04T15:20:00+00:00,2017-10-04T16:40:00+00:00,55461,holding_bars,0.1671191989998267,0.29896099999968995,False,True,4800,4.952773809522473,1.2931624304755298,-0.6109853024794782,-4.089287111686332,-1.5953148642703505,-0.9111111111112591,0.49999999999994493,15.333333333333334
nzdusd_rsi2_m5_usd500000_stop_pattern_tree_depth2,2017-10-05T13:20:00+00:00,2017-10-05T14:00:00+00:00,55718,signal_exit,-1.738081271200213,-3.09928900000038,False,False,2400,3.7008244475774,1.165769159171755,-0.884651786701952,-7.329048318567333,-2.4905538090859762,-0.7462686567162695,0.49999999999994493,13.333333333333334
nzdusd_rsi2_m5_usd500000_stop_pattern_tree_depth2,2017-10-05T14:40:00+00:00,2017-10-05T16:00:00+00:00,55734,holding_bars,-8.750853589500062,-15.598669500000112,False,False,4800,4.46307390209554,1.2932945632453463,-1.4481897792304141,-6.426455172800273,-0.5327107849998336,-0.8139534883721831,0.49999999999994493,14.666666666666666
nzdusd_rsi2_m5_usd500000_stop_pattern_tree_depth2,2017-10-06T12:35:00+00:00,2017-10-06T12:35:00+00:00,55990,target,4.769745304866736,8.436054660181703,False,True,0,4.915836634373155,1.4308813880052342,-1.0836337210749902,-8.09238622295593,-3.5530194246792757,-0.37288135593221294,0.49999999999994493,12.583333333333334
nzdusd_rsi2_m5_usd500000_stop_pattern_tree_depth2,2017-10-06T13:35:00+00:00,2017-10-06T14:20:00+00:00,56002,target,6.916245591576545,12.210885578348421,False,True,2700,6.7528981406097195,1.6706726482493217,-1.3837469882398854,-8.899834651258848,-1.3766914940737867,-0.8023255813954674,0.40000000000040004,13.583333333333334
nzdusd_rsi2_m5_usd500000_stop_pattern_tree_depth2,2017-10-11T07:05:00+00:00,2017-10-11T07:25:00+00:00,56777,signal_exit,2.098344801699864,3.705358999999759,False,True,1200,3.851742078696308,1.2361810521202976,-0.03469665845026237,-4.020880498817562,-2.3407535352566904,-0.7254901960783802,0.49999999999994493,7.083333333333333
nzdusd_rsi2_m5_usd500000_stop_pattern_tree_depth2,2017-10-12T08:10:00+00:00,2017-10-12T08:30:00+00:00,57072,signal_exit,2.5875800505494344,4.601778499998995,False,True,1200,3.972598921531121,1.092152365071189,1.3188669894790215,4.714303366823011,-0.21196866570001524,-0.3947368421051709,0.49999999999994493,8.166666666666666
nzdusd_rsi2_m5_usd500000_stop_pattern_tree_depth2,2017-10-12T09:10:00+00:00,2017-10-12T09:50:00+00:00,57084,signal_exit,-0.28006145999999993,-0.4983299999999999,False,False,2400,3.5173784344080428,0.9797612450002194,1.4611694792139711,5.236303097642093,-0.2638640750073133,-0.6904761904762597,0.3999999999992898,9.166666666666666
nzdusd_rsi2_m5_usd500000_stop_pattern_tree_depth2,2017-10-13T15:30:00+00:00,2017-10-13T16:20:00+00:00,57441,signal_exit,2.8384574840994095,5.0968889999989395,False,True,3000,5.195234460428646,1.197095756003877,2.276595140331579,7.480161382023293,-1.6264825124845612,-0.8717948717948864,0.40000000000040004,15.5
nzdusd_rsi2_m5_usd500000_stop_pattern_tree_depth2,2017-10-17T14:40:00+00:00,2017-10-17T14:50:00+00:00,57997,signal_exit,2.01419989740012,3.5993565000002143,False,True,600,4.063485567558976,1.1556442950396943,-0.9268853162987319,-6.633821201586892,-2.1506444546462116,-0.22807017543854866,0.5999999999994898,14.666666666666666
nzdusd_rsi2_m5_usd500000_stop_pattern_tree_depth2,2017-10-18T08:00:00+00:00,2017-10-18T08:10:00+00:00,58195,signal_exit,2.020392327549497,3.6007704999991033,False,True,600,4.506210001694197,1.5445723658109571,-1.5423319025241233,-10.951204223165066,-1.808214999089444,-0.2702702702702541,0.40000000000040004,8.0
nzdusd_rsi2_m5_usd500000_stop_pattern_tree_depth2,2017-10-18T08:40:00+00:00,2017-10-18T09:30:00+00:00,58203,signal_exit,-1.066013267200786,-1.8988480000014,False,False,3000,4.393771633484384,1.4547785978050805,-1.8878818280739844,-10.761793042243081,-1.4128445447185314,-0.8135593220336463,0.49999999999994493,8.666666666666666
nzdusd_rsi2_m5_usd500000_stop_pattern_tree_depth2,2017-10-18T09:50:00+00:00,2017-10-18T10:05:00+00:00,58217,target,3.9029402086089537,6.948442600336396,False,True,900,4.123632127292825,1.306551751671196,-2.3043513140757463,-10.396360528214592,-1.4216501472058032,-0.6216216216216743,0.40000000000040004,9.833333333333334
nzdusd_rsi2_m5_usd500000_stop_pattern_tree_depth2,2017-10-18T14:00:00+00:00,2017-10-18T14:20:00+00:00,58267,signal_exit,1.9650787445997528,3.5009419999995592,False,True,1200,4.673704542166785,1.341080779769621,-0.9598732879462769,-5.533517694741593,-2.419033854371907,-0.9217391304347515,0.49999999999994493,14.0
nzdusd_rsi2_m5_usd500000_stop_pattern_tree_depth2,2017-10-18T15:15:00+00:00,2017-10-18T15:45:00+00:00,58282,signal_exit,1.066532146800101,1.9007880000001798,False,True,1800,4.117026094277763,1.1617012727364646,-0.7544189678871357,-4.050154783137732,-0.8877721516612334,-0.5277777777778034,0.2999999999997449,15.25
nzdusd_rsi2_m5_usd500000_stop_pattern_tree_depth2,2017-10-19T08:05:00+00:00,2017-10-19T09:25:00+00:00,58479,holding_bars,-6.5289443556999425,-11.492596999999899,False,False,4800,8.67688425544837,1.3382921432612354,-2.8444113200639927,-11.813534446949538,-1.0957914410537717,-0.7291666666666651,0.2999999999997449,8.083333333333334
nzdusd_rsi2_m5_usd500000_stop_pattern_tree_depth2,2017-10-20T15:00:00+00:00,2017-10-20T15:15:00+00:00,58846,signal_exit,3.5696234925003414,6.212362500000594,False,True,900,4.556498511854481,1.1589959706214827,-1.5119982113420447,-7.771220914218902,-1.637066467980329,-0.5342465753424616,0.3999999999992898,15.0
nzdusd_rsi2_m5_usd500000_stop_pattern_tree_depth2,2017-10-25T12:40:00+00:00,2017-10-25T13:05:00+00:00,59665,signal_exit,2.1654974186992133,3.7188689999986484,False,True,1500,4.0803813683070915,1.1575674511696392,-1.1277289279948601,-6.499277840833053,-1.6475917424436333,-0.5205479452053857,0.49999999999994493,12.666666666666666
nzdusd_rsi2_m5_usd500000_stop_pattern_tree_depth2,2017-10-25T14:05:00+00:00,2017-10-25T14:15:00+00:00,59682,target,4.955635607887024,8.507528940578581,False,True,600,4.894333271953879,1.3008063897042828,-0.9091634379026667,-6.079004291393775,-1.703834214333674,-0.7716535433070756,0.3999999999992898,14.083333333333334
nzdusd_rsi2_m5_usd500000_stop_pattern_tree_depth2,2017-10-25T15:00:00+00:00,2017-10-25T15:35:00+00:00,59693,signal_exit,0.47689875044978736,0.8189914999996348,False,True,2100,5.723192006964804,1.4107786646216078,-0.7342449965894523,-4.7789819462546355,-1.5439712755640398,-0.6268656716418652,0.49999999999994493,15.0
nzdusd_rsi2_m5_usd500000_stop_pattern_tree_depth2,2017-10-26T12:05:00+00:00,2017-10-26T12:50:00+00:00,59942,signal_exit,1.9352719979996267,3.3195059999993597,False,True,2700,4.272875836716712,1.1798673980164536,-0.6091094596651075,-5.1564903347388285,-2.2022936817825913,-0.6324786324786933,0.700000000000145,12.083333333333334
nzdusd_rsi2_m5_usd500000_stop_pattern_tree_depth2,2017-10-26T13:30:00+00:00,2017-10-26T14:50:00+00:00,59959,holding_bars,-8.387658302850662,-14.379664500001134,False,False,4800,5.074522561179944,1.2921251958370459,-0.8488382981837529,-4.812428103684771,-1.7583944333701242,-0.5806451612906923,0.40000000000040004,13.5
nzdusd_rsi2_m5_usd500000_stop_pattern_tree_depth2,2017-10-26T14:55:00+00:00,2017-10-26T15:30:00+00:00,59976,target,4.687783950715243,8.016046427351647,False,True,2100,4.647638381018836,1.1540874070280238,-1.2598279054881838,-7.985948158777735,-2.314760426996666,-0.9555555555555062,0.3999999999992898,14.916666666666666
nzdusd_rsi2_m5_usd500000_stop_pattern_tree_depth2,2017-10-27T07:35:00+00:00,2017-10-27T07:50:00+00:00,60174,target,4.462106297522316,7.615815493296322,False,True,900,4.4970538935343685,1.1992579419891025,-0.2453400978107833,-3.9662388891709246,-2.332976337860903,-0.8924731182795802,0.49999999999994493,7.583333333333333
nzdusd_rsi2_m5_usd500000_stop_pattern_tree_depth2,2017-10-27T12:40:00+00:00,2017-10-27T12:45:00+00:00,60235,target,5.216831955593978,8.900924681102163,False,True,300,5.1395364743276,1.3121438342232052,-0.10133683096358753,-4.396507871896047,-3.2431043998421845,-0.67883211678832,0.49999999999994493,12.666666666666666
nzdusd_rsi2_m5_usd500000_stop_pattern_tree_depth2,2017-10-31T07:20:00+00:00,2017-10-31T07:55:00+00:00,60738,target,4.297158977844773,7.351854538656583,False,True,2100,4.265642816827736,1.3605174327530398,-0.15945981989415814,-4.504009878991538,-3.1646968931390553,-0.9438202247192287,0.30000000000085514,7.333333333333333
nzdusd_rsi2_m5_usd500000_stop_pattern_tree_depth2,2017-10-31T12:45:00+00:00,2017-10-31T12:45:00+00:00,60803,target,3.662454297209542,6.259535630165001,False,True,0,3.819205237265997,1.1347639046522362,-0.7289467790022934,-4.326576123037467,-2.0604350825435094,-0.9066666666666509,0.49999999999994493,12.75
nzdusd_rsi2_m5_usd500000_stop_pattern_tree_depth2,2017-11-01T07:05:00+00:00,2017-11-01T07:15:00+00:00,61019,target,4.150619171344864,7.1599433695788575,False,True,600,4.3216789435523655,1.1385984512333986,1.6500806299237474,4.916920956124629,-0.73572430288745,-0.8571428571427212,0.5999999999994898,7.083333333333333
nzdusd_rsi2_m5_usd500000_stop_pattern_tree_depth2,2017-11-01T08:15:00+00:00,2017-11-01T08:25:00+00:00,61033,target,4.645938315328916,8.029620316849146,False,True,600,4.70698765299263,1.182598675219816,1.8127098457088968,6.8508648245457175,0.045609608768179065,-0.7799999999996936,0.49999999999994493,8.25
nzdusd_rsi2_m5_usd500000_stop_pattern_tree_depth2,2017-11-01T09:10:00+00:00,2017-11-01T10:30:00+00:00,61044,holding_bars,-3.981078499800491,-6.884106000000848,False,False,4800,4.365480645115792,1.0892727582762252,1.983527006914165,6.857761178283775,-0.8213598873589398,-0.8000000000004441,0.5000000000010552,9.166666666666666
nzdusd_rsi2_m5_usd500000_stop_pattern_tree_depth2,2017-11-03T14:55:00+00:00,2017-11-03T15:20:00+00:00,61677,signal_exit,-0.45386967434985215,-0.7834794999997448,False,False,1500,5.135239125787308,1.2642666873669408,0.2228356828606875,-4.06540994819322,-1.9751985272002095,-0.3461538461536491,0.3999999999992898,14.916666666666666
nzdusd_rsi2_m5_usd500000_stop_pattern_tree_depth2,2017-11-07T15:20:00+00:00,2017-11-07T15:50:00+00:00,62227,signal_exit,2.1575377515998606,3.7173289999997596,False,True,1800,3.49197122949705,1.1298000831055166,-1.1002691606695298,-9.00473539671759,-3.0623859607474895,-0.9649122807017168,0.49999999999994493,15.333333333333334
nzdusd_rsi2_m5_usd500000_stop_pattern_tree_depth2,2017-11-09T08:15:00+00:00,2017-11-09T08:35:00+00:00,62713,signal_exit,1.6150553616496637,2.812215499999414,False,True,1200,3.7914270154913448,1.0853897962628423,1.0651693949240746,4.730315394037349,0.36294952183190093,-0.24390243902441666,0.49999999999994493,8.25
nzdusd_rsi2_m5_usd500000_stop_pattern_tree_depth2,2017-11-09T13:50:00+00:00,2017-11-09T14:40:00+00:00,62780,signal_exit,-1.3177636999997575,-2.2857999999995795,False,False,3000,4.115111873702324,1.1660652398938678,0.3519121820375346,-4.396379246899192,-2.226102454424347,-0.8971962616821936,0.3999999999992898,13.833333333333334
nzdusd_rsi2_m5_usd500000_stop_pattern_tree_depth2,2017-11-13T09:20:00+00:00,2017-11-13T10:25:00+00:00,63282,signal_exit,-0.6274147145003474,-1.0838050000006,False,False,3900,3.0635959679758633,1.1676811484824432,-0.6355378228345135,-6.352957274771816,-2.2153712708413447,-0.8888888888891356,0.40000000000040004,9.333333333333334
nzdusd_rsi2_m5_usd500000_stop_pattern_tree_depth2,2017-11-14T07:55:00+00:00,2017-11-14T08:35:00+00:00,63548,signal_exit,-1.855746161799956,-3.1798254999999243,False,False,2400,3.882002533513838,1.3439636511765236,-2.391401661695673,-9.76883233771194,-0.5225138480569345,-0.5272727272727016,0.49999999999994493,7.916666666666667
nzdusd_rsi2_m5_usd500000_stop_pattern_tree_depth2,2017-11-15T11:40:00+00:00,2017-11-15T11:55:00+00:00,63878,signal_exit,1.2260415267002198,2.1164190000003793,False,True,900,3.586009635476593,1.127010020616057,1.7826225076571174,7.568965821944938,0.2823125085147513,-0.725000000000111,0.2999999999997449,11.666666666666666
nzdusd_rsi2_m5_usd500000_stop_pattern_tree_depth2,2017-11-15T12:20:00+00:00,2017-11-15T12:40:00+00:00,63886,signal_exit,1.6904700540000406,2.91661500000007,False,True,1200,3.4838547940555062,1.0914590983833714,1.948912286282741,5.872586315380447,-1.6400811348388524,-0.8214285714285927,0.49999999999994493,12.333333333333334
nzdusd_rsi2_m5_usd500000_stop_pattern_tree_depth2,2017-11-15T12:55:00+00:00,2017-11-15T13:15:00+00:00,63893,signal_exit,1.1109025115994609,1.9166709999990696,False,True,1200,3.0955335065072367,0.984826225992137,1.9317678535844016,5.4721987569758666,-1.9077591450446356,-0.9428571428567804,0.2999999999997449,12.916666666666666
nzdusd_rsi2_m5_usd500000_stop_pattern_tree_depth2,2017-11-16T09:20:00+00:00,2017-11-16T10:40:00+00:00,64130,holding_bars,-2.4992034720002745,-4.27945800000047,False,False,4800,3.658830405784014,1.1422097979277126,-0.8653719265708918,-4.441226375868845,-1.4778335718427404,-0.7608695652175225,0.40000000000040004,9.333333333333334
nzdusd_rsi2_m5_usd500000_stop_pattern_tree_depth2,2017-11-17T07:30:00+00:00,2017-11-17T07:35:00+00:00,64391,target,3.4382741722947268,5.866360983270306,False,True,300,3.722212019056022,1.167724891004795,-1.2634883966510013,-8.663677802704274,-2.9229693616664467,-0.9459459459458892,0.700000000000145,7.5
nzdusd_rsi2_m5_usd500000_stop_pattern_tree_depth2,2017-11-17T08:10:00+00:00,2017-11-17T09:30:00+00:00,64399,holding_bars,-1.1632441727999028,-1.975618499999835,False,False,4800,6.655736607738701,1.803246488261499,-1.3833529387763002,-15.225710682364795,-3.6565323665495595,-0.9591836734694109,0.5999999999994898,8.166666666666666
nzdusd_rsi2_m5_usd500000_stop_pattern_tree_depth2,2017-11-17T10:20:00+00:00,2017-11-17T11:20:00+00:00,64425,signal_exit,-3.1665747970499436,-5.375275499999904,False,False,3600,4.645856095619972,1.1813181052428594,-3.0992514278523386,-11.6896308707798,-0.07225437322215986,-0.48717948717954557,0.3999999999992898,10.333333333333334
nzdusd_rsi2_m5_usd500000_stop_pattern_tree_depth2,2017-11-17T14:55:00+00:00,2017-11-17T16:00:00+00:00,64480,signal_exit,1.7816796364497727,3.024409499999614,False,True,3900,4.380773976092819,1.128763295373193,-1.6756805463634983,-6.584012717173477,-0.3021433097309677,-0.6440677966102716,0.40000000000040004,14.916666666666666
nzdusd_rsi2_m5_usd500000_stop_pattern_tree_depth2,2017-11-21T09:00:00+00:00,2017-11-21T09:10:00+00:00,64972,target,3.959834420288344,6.724120258597969,False,True,600,3.9499691282187417,1.3041289146266324,-0.4360814741619777,-4.476574910912042,-1.8342490667469986,-0.5405405405405082,0.2999999999997449,9.0
nzdusd_rsi2_m5_usd500000_stop_pattern_tree_depth2,2017-11-21T15:40:00+00:00,2017-11-21T16:20:00+00:00,65052,signal_exit,1.0083938329993378,1.7216899999988695,False,True,2400,3.6461306575402115,1.0489311671374437,1.0999001186338622,4.624904908531585,0.04632590657635628,-0.7407407407406799,0.40000000000040004,15.666666666666666
nzdusd_rsi2_m5_usd500000_stop_pattern_tree_depth2,2017-11-23T11:55:00+00:00,2017-11-23T13:15:00+00:00,65566,holding_bars,-5.036724051000249,-8.682510000000429,False,False,4800,3.1436589884697135,1.0290052046500398,1.777450857191291,6.115782523564311,-0.5789336905278045,-0.9183673469389189,0.10000000000065512,11.916666666666666
nzdusd_rsi2_m5_usd500000_stop_pattern_tree_depth2,2017-11-28T07:10:00+00:00,2017-11-28T07:45:00+00:00,66329,stop,-7.858249353484125,-13.61678973052179,True,False,2100,3.057981336977247,1.1110552639883162,2.000043083712163,4.831327560229906,-2.100750750172829,-0.7499999999999505,0.49999999999994493,7.166666666666667
nzdusd_rsi2_m5_usd500000_stop_pattern_tree_depth2,2017-11-29T13:30:00+00:00,2017-11-29T13:50:00+00:00,66688,signal_exit,0.8230495606994918,1.4175844999991245,False,True,1200,3.9990027610084242,1.1390823206728329,-0.16494654463649108,-5.156542559031521,-2.4730840757115287,-0.2962962962961897,0.40000000000040004,13.5
nzdusd_rsi2_m5_usd500000_stop_pattern_tree_depth2,2017-11-29T14:35:00+00:00,2017-11-29T14:50:00+00:00,66701,signal_exit,2.2771137023999763,3.917951999999959,False,True,900,4.229154368526633,1.1593924076519788,-0.8488466620015208,-6.063088145966469,-1.369810398534076,-0.5945945945946189,0.2999999999997449,14.583333333333334
nzdusd_rsi2_m5_usd500000_stop_pattern_tree_depth2,2017-11-29T15:05:00+00:00,2017-11-29T15:15:00+00:00,66707,target,4.5270477037176935,7.7824440497123835,False,True,600,4.532096648238915,1.214815015547003,-1.1540182534820331,-7.27662889744629,-2.756421594682175,-0.7361111111110983,0.3999999999992898,15.083333333333334
nzdusd_rsi2_m5_usd500000_stop_pattern_tree_depth2,2017-12-06T15:10:00+00:00,2017-12-06T16:00:00+00:00,68132,signal_exit,2.628304417199679,4.518315999999448,False,True,3000,4.012174032421672,1.2030725388662875,-0.08325957426300724,-4.516165069822849,-2.1569534742859977,-0.6136363636363522,0.49999999999994493,15.166666666666666
nzdusd_rsi2_m5_usd500000_stop_pattern_tree_depth2,2017-12-07T14:25:00+00:00,2017-12-07T14:35:00+00:00,68406,signal_exit,1.7676774979497742,3.0211544999996143,False,True,600,3.4694588820706977,1.1717584796783438,-1.350588587097845,-4.380994141227113,0.22121098166633305,-0.954545454545661,0.49999999999994493,14.416666666666666
nzdusd_rsi2_m5_usd500000_stop_pattern_tree_depth2,2017-12-11T07:45:00+00:00,2017-12-11T09:05:00+00:00,68885,holding_bars,-0.5113202004002313,-0.8844840000004001,False,False,4800,5.226502660419311,1.321916803252842,2.880961106948415,12.729180763464356,0.7313632280458064,-0.7868852459016991,0.2999999999997449,7.75
nzdusd_rsi2_m5_usd500000_stop_pattern_tree_depth2,2017-12-11T10:20:00+00:00,2017-12-11T11:10:00+00:00,68916,stop,-8.143900919379837,-14.087356719217846,True,False,3000,3.150828458800327,0.8471054740916926,2.764683700357994,9.84075210672246,-0.44163825092192743,-1.0,0.6000000000006,10.333333333333334
nzdusd_rsi2_m5_usd500000_stop_pattern_tree_depth2,2017-12-11T11:15:00+00:00,2017-12-11T11:35:00+00:00,68927,target,3.2665851423741734,5.6407963087103665,False,True,1200,3.512313335322219,0.9479771084344043,2.3925754112287736,5.529888660640366,-2.3555569912072687,-0.5131578947367806,0.49999999999994493,11.25
nzdusd_rsi2_m5_usd500000_stop_pattern_tree_depth2,2017-12-11T13:20:00+00:00,2017-12-11T14:05:00+00:00,68952,signal_exit,-2.073684752700188,-3.583969500000325,False,False,2700,3.1193660976031836,0.8698749182793627,1.758555767228479,5.767306390104781,-1.8754929324065075,-0.8484848484851747,0.40000000000040004,13.333333333333334
nzdusd_rsi2_m5_usd500000_stop_pattern_tree_depth2,2017-12-11T15:30:00+00:00,2017-12-11T16:05:00+00:00,68978,signal_exit,1.9755931619993665,3.4156174999989046,False,True,2100,3.5038163903008073,0.9891103488257832,1.2172078987437964,5.203439546302911,0.4161441113547108,-0.7999999999999365,0.40000000000040004,15.5
nzdusd_rsi2_m5_usd500000_stop_pattern_tree_depth2,2017-12-12T09:00:00+00:00,2017-12-12T09:10:00+00:00,69182,signal_exit,1.67927999370004,2.9138990000000695,False,True,600,3.1654756880966373,1.1511298866618742,2.041893993087916,6.799991597970643,-1.543501679974933,-0.9374999999999349,0.3999999999992898,9.0
nzdusd_rsi2_m5_usd500000_stop_pattern_tree_depth2,2017-12-12T10:20:00+00:00,2017-12-12T10:55:00+00:00,69198,signal_exit,2.0234609316997463,3.5135629999995595,False,True,2100,3.303499255270962,1.1682731185007658,1.9591215312000603,6.890657905436694,-0.2588145645171762,-0.3191489361701977,0.49999999999994493,10.333333333333334
nzdusd_rsi2_m5_usd500000_stop_pattern_tree_depth2,2017-12-14T15:25:00+00:00,2017-12-14T16:00:00+00:00,69828,signal_exit,2.757776114199538,4.811193499999194,False,True,2100,4.226508186288493,1.1696108813145525,-0.6304018778665683,-4.420743689640315,-2.7219142984232243,-0.9333333333332593,0.2999999999997449,15.416666666666666
nzdusd_rsi2_m5_usd500000_stop_pattern_tree_depth2,2017-12-15T09:00:00+00:00,2017-12-15T10:05:00+00:00,70037,stop,-7.778624389791605,-13.661089550037943,True,False,3900,3.1674238723450934,1.0268407859158606,1.7528907225223826,6.684397605467082,-0.05914159947279133,-0.9142857142857778,0.0999999999995449,9.0
nzdusd_rsi2_m5_usd500000_stop_pattern_tree_depth2,2017-12-19T14:20:00+00:00,2017-12-19T15:10:00+00:00,70668,signal_exit,-2.969798332049831,-5.189233499999705,False,False,3000,3.204897497696145,1.2670451629734785,-0.0653352151449686,-6.306938164880442,-2.6619144090480633,-0.8933333333333787,0.49999999999994493,14.333333333333334
nzdusd_rsi2_m5_usd500000_stop_pattern_tree_depth2,2017-12-19T15:25:00+00:00,2017-12-19T15:40:00+00:00,70681,target,3.5191138428906004,6.141559935236649,False,True,900,3.7652765022958876,1.3706873534594342,-1.1908642095056778,-8.152965113772131,-1.1057131153244026,-0.8928571428572136,0.49999999999994493,15.416666666666666
